mfcc0,mfcc1,mfcc2,mfcc3,mfcc4,onset,rms,lane0,lane1,lane2,lane3
-3.520041,-0.026719,-0.032371,-2.019058,3.007300,2.397712,-2.753613,1,0,0,1
-2.097667,-0.071395,0.955520,-1.539615,1.024532,-1.209928,-2.052727,0,0,0,0
-2.597203,0.025543,-0.253343,-2.541982,0.057090,-0.096759,-1.557922,0,0,0,0
-1.717565,-0.759388,-0.897264,-3.105515,-0.333785,1.272216,-1.271598,0,0,0,0
-2.392186,-0.477989,-1.535424,-3.251070,-0.523652,-0.187366,-1.124247,0,0,1,0
-1.959542,-1.515918,-0.261547,-3.213961,-0.838732,0.789352,-1.310520,0,0,0,0
-2.536607,-0.820535,-1.332312,-3.444128,-0.730977,-0.337394,-1.450848,0,1,0,0
-1.460229,-0.005431,0.656191,-1.545455,0.158438,-1.142623,-1.293084,0,0,0,0
-2.291886,0.183899,-0.315503,-2.864117,-0.119154,-0.534018,-1.668090,0,0,0,0
-2.204248,-1.595422,1.080097,-3.273596,-0.236805,0.822553,-2.418963,0,0,0,0
-3.085383,-0.122643,-0.483096,-3.233256,0.306650,-0.122125,-2.323071,0,1,0,0
-2.134111,-1.524250,0.174718,-3.360210,-0.439847,-0.190859,-1.836690,0,0,0,0
-2.988360,-0.433073,-0.654088,-3.105880,0.352477,0.075542,-2.302219,0,0,1,0
-1.644911,0.262670,1.020294,-1.055540,0.929219,-1.262162,-1.703404,0,0,0,0
-2.332348,0.538886,0.042887,-2.550060,0.507345,0.144596,-1.922009,0,0,0,0
-2.197376,-1.079660,0.507033,-2.718554,-0.699549,0.769041,-2.342616,0,0,0,0
-2.930385,0.009204,-0.398148,-3.644173,0.292670,-0.769626,-1.831444,0,0,0,1
-2.872661,-1.108162,1.338444,-3.497538,0.018746,-1.069634,-2.582389,0,0,0,0
-3.322490,-0.083384,0.119385,-3.451477,0.297468,0.140794,-2.540221,1,0,0,0
-1.835558,0.000383,1.450011,-1.665924,0.664413,-1.267545,-1.999757,0,0,0,0
-2.600217,0.347878,0.517558,-2.350987,0.412583,-0.526165,-2.258877,0,0,0,0
-2.556503,-0.672401,0.379296,-2.525290,-0.667384,-0.615844,-2.340169,0,0,0,0
-3.006596,-0.886481,0.376831,-2.858980,-0.157503,-0.004653,-2.614490,0,0,1,0
-2.385617,-1.535724,1.563001,-2.654859,-0.163245,0.263426,-2.328418,0,0,0,0
-3.257217,-0.560515,0.087106,-3.195530,0.353237,-0.081460,-2.518004,1,0,0,0
-1.714238,-0.691023,1.983885,-0.788505,1.078350,-1.307283,-1.871283,0,0,0,0
-2.733108,0.515576,1.048283,-1.894014,0.554790,-0.222118,-2.346597,0,1,0,0
-1.627605,-0.293318,1.247552,-1.629166,0.329403,1.133315,-2.117632,0,0,0,0
-3.082153,0.329473,0.569911,-3.104077,0.164391,-0.492723,-2.566975,0,0,0,1
-1.721118,0.155615,0.926304,-1.582007,0.176737,-1.451486,-1.982638,0,0,0,0
-2.486702,-0.114075,0.804737,-2.549320,-0.398980,-0.048395,-2.395197,0,0,1,0
-2.023218,-0.217143,1.534132,-1.967707,0.933118,1.318546,-2.169497,0,0,0,0
-3.063846,-0.603088,0.888679,-2.927511,0.048539,0.076989,-2.616360,0,1,0,0
-2.214830,-0.174038,1.280330,-0.729015,1.245709,-1.231021,-2.166126,0,0,0,0
-2.646396,-0.806941,1.464547,-2.066420,0.770492,0.188224,-2.469197,0,0,0,0
-2.857188,-0.802759,0.906520,-2.683516,-0.101139,-0.556849,-2.591822,0,0,0,0
-2.506076,-3.145679,1.490918,-2.026136,-0.546253,-0.714277,-2.634349,0,0,0,1
-3.222809,-1.097002,0.576969,-2.209034,0.341585,-1.367841,-2.687915,0,0,0,0
-3.136123,-2.013157,0.813635,-2.618072,0.192578,0.683227,-2.736930,1,0,0,0
-2.251198,-0.541550,1.538842,-1.491757,0.794335,-1.379383,-2.197519,0,0,0,0
-2.695637,-0.944519,1.217018,-2.077522,0.094793,-0.079587,-2.493201,0,0,0,0
-3.363858,-1.214085,1.668013,-2.454918,0.604828,-0.580938,-2.692795,0,0,0,0
-3.573345,-1.391337,1.490470,-2.625767,0.288088,-0.358890,-2.785875,1,0,0,0
-3.037630,-1.832659,2.120724,-2.392982,-0.096074,-0.770854,-2.687505,0,0,0,0
-3.304432,-2.302055,1.520420,-2.696955,-0.245676,0.447189,-2.735598,0,0,0,1
-1.857232,-0.175779,0.929845,-0.738237,0.978209,-1.273859,-1.911478,0,0,0,0
-3.002190,-0.796506,0.944458,-1.599667,1.335469,-0.572335,-2.432252,0,0,0,0
-2.690409,-2.138406,1.404688,-1.741590,0.668120,0.991824,-2.592136,0,0,0,0
-3.726142,-1.109977,1.255811,-2.518945,1.231346,-0.658753,-2.757687,0,0,1,0
-3.556029,-2.370815,2.755596,-2.260452,0.363086,-1.289243,-2.747897,0,0,0,0
-4.210446,-1.377118,1.638238,-2.627062,1.197073,-0.486021,-2.822399,0,1,0,0
-2.046472,-0.793521,1.586795,-0.899035,1.211774,-1.335554,-2.129518,0,0,0,0
-2.992441,-0.858091,1.522488,-1.931101,0.808007,-0.307383,-2.499030,0,0,0,0
-3.045177,-1.696239,0.869367,-2.004371,0.064856,-0.810894,-2.712524,0,0,0,0
-3.588277,-2.385843,1.286497,-2.012330,0.733971,-0.352418,-2.806007,0,1,0,0
-3.198643,-2.657146,1.866162,-2.429130,-0.393042,-1.107711,-2.720664,0,0,0,0
-3.850291,-1.557987,1.429254,-2.672222,0.635029,-1.090435,-2.804753,0,0,1,0
-1.894412,-0.380731,2.328020,-0.755473,1.895232,-1.330243,-1.956838,0,0,0,0
-2.849111,-0.566038,1.685325,-1.372022,1.243996,-0.137543,-2.229156,1,0,0,0
-2.562544,-1.663701,1.433827,-1.956683,0.287518,0.107163,-2.601767,0,0,0,0
-3.434952,-0.428146,0.824228,-2.151400,1.609669,-0.408775,-2.707157,0,1,0,0
-1.502361,0.243940,1.030317,-0.832498,1.223766,-1.074133,-1.926094,0,0,0,0
-2.450346,-0.059841,1.124437,-1.428934,1.529717,-0.111565,-2.276362,0,0,1,0
-2.268161,-1.215223,1.067648,-1.877540,0.859830,0.408489,-2.487118,0,0,0,0
-2.845229,-0.211692,0.138713,-3.304580,0.359122,-0.482520,-2.359925,1,0,0,1
-1.374496,1.233132,1.075517,-0.864363,2.367476,-0.911951,-1.330327,0,0,0,0
-1.975799,2.389596,1.568819,-1.585840,2.935877,0.146928,-1.398587,0,0,0,0
-1.421732,0.917652,1.770650,-1.885694,1.761902,0.567490,-1.316151,0,0,0,0
-2.040395,2.663561,1.161227,-2.067747,2.940140,-0.626909,-1.287012,0,1,0,0
-1.460596,1.778422,1.263263,-1.764496,1.912926,-0.734065,-1.359784,0,0,0,0
-1.770761,2.031372,1.478126,-2.044644,2.107173,-0.428028,-1.180480,0,0,1,0
-1.071135,1.556710,1.892950,-1.004142,2.489107,-1.184867,-1.122562,0,0,0,0
-1.350452,1.472935,1.202376,-0.456581,1.759697,-0.436328,-1.361544,0,1,0,0
-1.413123,1.438282,1.525033,-1.415237,2.324960,0.219329,-1.606250,0,0,0,0
-1.762600,1.600231,1.740008,-0.577201,1.757155,-0.429811,-1.562244,0,0,0,0
-1.312328,1.023082,1.758130,-0.902096,2.164403,-0.584177,-1.403516,0,0,0,0
-1.045192,-0.022758,2.113522,-1.085447,2.140827,-0.008997,-1.325441,0,0,0,1
-1.364176,1.598338,1.263016,-0.001510,2.115774,-1.354677,-1.193192,0,0,0,0
-1.546617,0.811041,1.189176,-0.089481,2.213026,0.218276,-2.092115,0,0,0,0
-1.305323,0.571615,1.012616,-0.567320,1.478339,0.475123,-1.963331,0,0,0,0
-1.577702,0.968769,0.420504,0.047239,2.602488,-0.253817,-1.814594,0,0,0,1
-1.462941,0.868359,0.631101,-0.174082,2.126574,-0.419698,-1.733019,0,0,0,0
-1.616747,0.891984,0.567560,0.588634,2.267422,0.194424,-1.640157,0,0,1,0
-1.189388,0.855388,1.193053,0.306454,2.255741,-1.126380,-1.410235,0,0,0,0
-1.327294,0.860997,0.448389,0.327032,1.479335,-0.476171,-1.568013,0,1,0,0
-1.251649,0.472170,0.306231,0.611045,2.018806,-0.440350,-1.643971,0,0,0,0
-1.266166,0.106945,0.151076,0.554866,2.287843,0.027010,-1.549423,0,0,0,0
-1.247410,-0.638647,0.944652,0.715786,2.361176,-0.087093,-1.521274,0,0,0,0
-1.238247,-0.157254,0.232459,0.547970,1.803085,-0.029086,-1.408486,0,0,0,1
-1.083654,0.294981,1.043854,0.547372,1.743219,-1.484649,-1.384607,0,0,0,0
-1.032714,0.397705,0.268249,1.089222,1.153220,0.701503,-1.537059,0,0,1,0
-0.960426,0.217272,0.203131,0.578064,1.245128,0.237328,-1.526976,0,0,0,0
-0.871502,-0.376217,0.348155,0.534739,0.722578,-0.358951,-1.681335,0,1,0,0
-0.704109,0.855857,0.976294,0.370869,0.458081,-1.112546,-1.255863,0,0,0,0
-0.911493,0.430853,0.846427,0.992941,0.086088,0.605081,-1.509947,0,0,1,0
-0.766393,-0.183384,1.109824,1.135189,1.134138,0.649144,-1.609992,0,0,0,0
-0.910558,-0.455567,0.812980,0.996684,0.583547,0.576462,-1.841726,0,0,0,1
-0.925844,-0.078519,1.380949,1.628868,1.094680,-1.171477,-1.698132,0,0,0,0
-0.860448,-0.278894,0.911887,1.567386,0.577353,-0.341553,-1.146402,0,0,0,0
-1.032148,-0.886318,1.322459,1.517248,1.585411,0.076557,-0.977270,0,0,0,0
-1.029343,-0.475977,0.665695,1.233533,1.031484,-0.496218,-1.414014,0,0,1,0
-0.899929,-0.980526,0.655358,0.690988,0.668562,-0.977494,-1.720441,0,0,0,0
-0.902048,-0.718758,0.700325,1.499660,1.011501,0.014939,-1.682940,0,1,0,0
-0.880222,-0.517468,1.516801,1.206180,1.527464,-1.250808,-1.346563,0,0,0,0
-0.970472,-0.358654,0.765428,1.177275,0.602796,0.637468,-1.461888,0,0,0,0
-0.810129,-0.640875,1.191044,0.829656,0.785439,-0.039106,-1.540197,0,0,0,0
-0.892961,-0.375888,0.332835,0.719554,0.530493,0.536224,-1.632297,1,0,0,0
-0.767325,-0.880983,0.686647,0.660569,1.751115,-0.390564,-1.281179,0,0,0,0
-0.919764,-0.707007,0.257728,1.454364,1.901056,0.230432,-1.280570,0,1,0,0
-0.733807,-0.265675,0.245870,0.888606,2.053815,-1.429291,-1.378060,0,0,0,0
-0.653830,-0.563343,-0.602645,1.348367,2.311036,0.489977,-1.663711,0,0,0,0
-0.550520,-0.784643,-1.016861,1.141828,2.524836,-0.448345,-1.707067,0,0,0,0
-0.402941,-0.576947,-1.625191,0.645030,2.319346,-0.398726,-1.618477,0,0,1,0
-0.286071,-0.836373,-2.303001,0.851515,2.579536,0.009750,-1.492832,0,0,0,0
-0.065762,-0.742007,-2.261219,1.368685,2.408278,-0.110438,-1.191399,1,0,0,0
-2.049258,0.880125,2.984429,1.000360,3.426753,-1.358154,-1.557426,0,0,0,0
-2.995664,1.035946,2.652211,0.194446,4.283408,-0.875707,-2.128121,0,0,0,0
-4.006078,-1.105017,0.374722,-2.296251,2.709606,0.024147,-2.722343,0,0,0,0
-4.394325,-1.187712,1.128986,-2.397133,2.134270,-0.408923,-2.826984,0,0,0,0
-5.477644,-3.681355,1.073169,-1.845483,2.093159,-1.392558,-2.875521,0,0,0,0
-5.575267,-3.814677,1.292563,-1.743453,1.938421,-1.508533,-2.887079,0,0,0,0
-5.621601,-3.859833,1.435271,-1.710350,1.749589,-1.625508,-2.892289,0,0,0,0
-5.632812,-3.894570,1.426264,-1.662833,1.871336,-1.603561,-2.890540,0,0,0,0
-3.762683,-2.808728,-0.964239,-1.715892,1.144759,3.270948,-2.833494,0,0,0,0
-2.532303,-3.289110,-1.616544,-1.071902,-0.448949,1.519311,-2.722843,0,0,0,0
-2.326885,-3.000056,-1.924515,-0.978992,0.013451,-0.031009,-2.708368,0,0,0,0
-3.103360,-2.144571,-0.984414,-1.943716,0.110319,-0.626676,-2.797598,0,0,0,0
-5.583336,-3.760364,1.444584,-1.771514,1.700790,-1.623510,-2.889766,0,0,0,0
-2.162743,-2.651661,2.684921,-1.203285,2.481666,13.499953,-2.376838,1,0,0,0
-1.001112,-1.193652,0.454170,0.937632,1.529308,-0.650449,-1.826824,0,0,0,0
-0.624275,-3.902471,0.095004,0.947928,0.803192,-0.310825,-1.884434,0,1,0,0
-1.575156,-0.526036,-0.120448,-0.475162,0.709672,0.301910,-1.909818,0,0,0,0
-1.553833,-1.247203,-0.733604,-1.229146,1.050018,0.349946,-1.202574,0,0,0,1
-0.742943,-2.015375,-1.305522,-1.235656,-0.666334,-0.634612,-0.757606,0,0,0,0
-0.990603,-1.622264,-0.454667,-0.938408,-1.164199,0.133395,-1.712650,0,0,1,0
-1.984771,0.035338,0.952724,-0.181167,1.226629,-1.332253,-1.963940,0,0,0,0
-0.384129,-4.523747,0.257605,1.488253,-1.172027,1.397666,-1.489625,1,1,0,0
0.453166,-1.360144,-2.601150,-0.136830,-0.879460,0.603657,-0.250394,0,0,0,0
-0.828331,-2.243280,-0.589976,-1.112852,-1.702399,-0.411490,-1.085262,0,0,0,0
-3.009045,-1.140473,0.015642,-0.672909,2.028762,-1.255580,-2.734795,0,0,0,0
0.552245,-2.143477,-0.333261,-0.873245,-1.035100,7.786340,-1.195335,0,0,1,0
-0.381383,-0.733948,-0.266058,-1.293267,-0.432349,-0.921163,-0.477274,0,0,0,0
-0.681686,-0.640364,-0.160285,-1.184567,-1.168034,-0.133545,-1.136631,0,1,0,0
-0.689779,-2.330516,-1.090771,-1.260001,-0.545469,-0.143551,-1.057799,0,0,0,0
-1.985132,-0.673291,-0.940713,-2.011215,0.240039,-0.034289,-2.104340,0,0,1,0
-0.725592,-2.052148,-0.955773,-1.661444,-0.320190,-0.222883,-0.823978,0,0,0,0
-0.839631,-2.643283,-1.427591,-0.175703,-0.703099,0.616392,-1.077907,0,0,0,1
-0.630938,-4.331577,2.311606,0.103856,-1.566124,-0.260005,-1.476629,0,0,0,0
-1.732903,-3.143203,1.191557,-0.994240,-0.424601,-0.670987,-2.321091,1,0,0,0
-1.866525,0.798035,1.056624,-1.065661,-0.026257,-0.632901,-1.793306,0,0,0,0
-3.037196,-1.456700,-0.496901,-1.471908,0.951287,-0.038034,-2.685968,0,0,0,1
-0.259622,-0.668912,-1.053251,-0.744089,-1.526644,0.589092,-0.701270,0,0,0,0
-0.721226,-0.962404,-1.313943,-0.933939,-1.119818,1.665138,-0.950296,0,1,0,0
0.409490,-0.765438,-2.109716,-0.074810,-0.514423,-1.064736,-0.667746,0,0,0,0
-1.301416,-0.153057,0.130329,-0.878287,0.469685,-0.356432,-1.410376,0,0,1,0
-0.453973,-0.878344,-1.502635,-0.418792,0.250690,1.322386,-1.898599,0,0,0,0
-1.124104,-1.076057,-1.974389,-1.610788,-0.339946,0.179426,-2.365552,1,0,0,0
-1.303199,-0.447040,0.237106,-0.522380,0.529659,-1.453537,-1.987472,0,0,0,0
-0.725160,-2.286483,-0.647743,-0.129482,0.471927,0.196688,-2.182371,0,1,0,0
-2.076672,-0.143942,0.006301,-0.353615,1.874013,-0.646900,-2.491655,0,0,0,0
-0.353567,-0.943762,-0.058897,-1.541222,-0.694250,0.181325,-1.677905,0,0,1,0
0.151177,0.377624,-1.129766,-1.642570,-0.983935,-0.484666,-1.101303,0,0,0,0
-1.516255,0.747268,0.668274,-1.056127,1.135028,-0.468739,-1.895279,0,1,0,0
-0.703704,-1.037377,0.456752,-1.328590,-0.771977,-0.790394,-1.439868,0,0,0,0
-1.649889,-0.970034,0.283029,-0.676522,0.066895,-0.318400,-1.862579,1,0,0,0
-0.400883,-1.579608,-0.444419,0.101569,-1.156465,3.634880,-0.810973,0,0,0,0
-1.026468,-2.460790,-0.570598,-0.391081,0.211176,-0.738006,-1.212299,0,0,0,1
-2.339040,0.083027,1.415727,-0.412743,1.220354,-1.065670,-2.133799,0,0,0,0
-0.553007,-4.217889,1.782763,-0.147795,-1.587888,4.087258,-1.644508,0,1,1,0
-0.064606,-1.625236,-2.245880,-0.590613,-0.573980,0.202998,-0.336877,0,0,0,0
-1.238821,-1.974486,-0.895503,-1.774982,-2.201604,0.253908,-1.545809,0,0,0,0
-1.940502,-1.305190,-1.308965,-0.561665,1.676530,-0.941801,-1.458285,0,0,0,0
-1.710276,-1.276002,-1.137514,-0.912655,0.478185,0.414902,-1.210268,1,0,0,0
-0.380971,-1.254546,-0.670915,-0.088152,-0.043863,-1.036748,-0.751270,0,0,0,0
-2.819994,-0.015390,0.405012,-1.250388,1.223071,-1.362873,-2.386052,0,0,0,1
-0.079843,-1.463961,-1.271772,-0.005793,-2.389532,0.493883,-0.917526,0,0,0,0
-0.789231,-2.623585,-1.600277,-0.565017,-0.948442,-0.524841,-1.140292,1,0,0,0
-0.829409,-2.047967,-1.038648,-0.667424,-2.022491,1.274861,-0.620082,0,0,0,0
-1.112160,-2.333429,-1.004972,-1.841350,-2.423024,-0.319260,-0.882793,0,1,0,0
-1.113085,-0.254082,0.637624,-0.928669,-1.211880,-1.108686,-1.646229,0,0,0,0
-2.928239,-0.146640,0.015581,-1.355088,1.327001,-0.923287,-2.443514,0,0,1,0
-0.372754,-1.474913,-0.264908,-0.967957,-2.614698,4.535271,-0.583370,0,0,0,0
-3.109697,-0.781987,0.182125,-1.690892,0.524272,-1.089152,-2.654054,0,1,0,0
0.155175,-1.928211,0.099682,0.476363,0.571107,2.071532,-1.074971,0,0,0,0
-0.169553,-1.646756,-2.102200,-0.779519,-1.142593,0.189547,-1.039123,0,0,0,1
0.058094,-0.767261,-0.754521,0.147212,-0.478139,0.855154,-0.896782,0,0,0,0
-0.846656,-1.549619,-0.195979,-0.037251,-0.096717,-0.797152,-1.093596,0,0,0,0
-0.999544,-1.010527,0.115667,-2.108256,-1.654649,1.205306,-1.516895,0,0,0,0
-0.987972,-1.971211,-2.737939,-1.827094,-1.227163,0.537048,-2.276532,1,0,0,0
-1.262023,-0.053599,0.224133,-0.290870,0.083108,-1.119332,-1.885447,0,0,0,0
-2.406702,-0.132734,0.316309,-0.274741,1.366715,-0.251031,-2.359410,0,0,1,0
-3.172057,0.040973,1.219571,-0.807331,2.142249,0.741230,-2.579725,0,0,0,0
-2.564793,0.047873,0.317389,-1.111848,1.322161,0.266736,-2.580898,0,1,0,0
-0.643909,-0.390905,0.880618,-0.843733,-1.857007,-1.003179,-0.537299,0,0,0,0
-0.556609,-1.870445,-0.120499,-0.287739,-1.079594,0.946695,-1.070970,1,0,0,0
-0.722996,-1.870614,-0.926249,-0.744491,-1.606669,-0.537687,-0.541463,0,0,0,0
-0.001970,-0.388948,-1.716091,-1.085332,-1.165794,0.981040,-1.588875,0,0,1,0
-0.131266,-2.180107,-1.044172,-0.073773,-0.447973,0.992306,-0.658133,0,0,0,0
-0.831446,-3.354630,-0.681663,-0.181402,-0.573284,-0.125416,-0.453385,0,1,0,0
-1.291142,-0.471269,1.148311,0.222955,0.108864,-1.008670,-1.557589,0,0,0,0
-2.361912,0.286830,-0.850206,-1.293685,1.048027,-0.033963,-2.403218,1,0,0,1
-0.043715,-1.401099,-1.310396,-1.218193,0.012450,1.552432,0.583020,0,0,0,0
-0.921748,-1.802167,-1.005250,-2.049754,-2.183929,-0.213456,-0.299789,0,0,0,0
-2.334952,-0.898987,0.078832,-1.220145,0.088720,-1.288590,-2.372635,0,0,0,0
-2.488291,-0.580484,-0.314875,-0.349165,1.696954,0.341101,-2.467290,0,0,1,0
-0.306294,-1.022034,1.269074,-1.393817,-1.414487,-0.302496,-0.507420,0,0,0,0
-1.397075,-2.798942,0.809717,0.011747,-1.130360,0.986056,-2.095838,1,0,0,0
-0.093629,-1.304176,-2.022622,0.317914,0.724444,2.499784,-0.350284,0,0,0,0
0.123143,0.096985,-1.811964,-1.872813,-2.485721,0.699280,-0.977891,0,1,0,0
-0.382036,-1.682276,-1.469213,-1.485239,-1.805526,1.188343,0.144601,0,0,0,0
-0.891119,-2.754167,-0.695991,-0.396428,-1.347696,0.109784,-1.160316,0,0,0,1
-0.796787,-2.634225,1.322610,0.479763,-0.169099,-1.153723,-1.805795,0,0,0,0
-2.057943,-0.949679,0.692096,-1.120758,-0.219017,-0.189787,-2.398711,1,0,0,0
-0.424009,-0.352821,0.564907,-2.924695,-0.902995,-0.052792,-0.143185,0,0,0,0
-0.888551,-2.327869,-0.589300,-1.620868,-0.404195,-0.017057,-0.338277,0,0,1,0
-1.312391,-2.290585,-0.412285,-0.876380,-0.085168,-0.984140,-0.697156,0,0,0,0
-3.425785,-1.013910,0.129743,-1.831278,0.821911,-0.031806,-2.779580,0,1,0,1
-0.222626,-0.991569,-1.466752,-0.856989,0.365277,-0.506039,-1.524025,0,0,0,0
-1.814538,-0.153312,-0.756909,-1.830436,0.881486,-0.616748,-2.255730,0,0,1,0
-2.024059,-0.118259,-0.148232,-1.209325,2.287780,0.016113,-2.209675,0,0,0,0
-3.014944,0.078437,-0.581245,-2.081901,1.469625,0.263576,-2.668576,1,0,0,0
-1.006360,-0.746661,0.152637,-1.327649,-0.389173,-1.376984,-1.938824,0,0,0,0
-1.192938,-2.468929,-0.752553,-0.902162,-0.628429,-0.376348,-2.205227,0,1,0,0
-1.693546,-0.273087,-0.350064,-0.653087,1.032046,-0.215571,-2.247264,0,0,0,0
-2.223995,-0.033163,1.068989,-0.681748,0.796240,-0.606964,-2.502997,0,0,0,1
-0.192763,-2.168249,-0.895628,0.064995,0.056363,-0.540300,-0.440914,0,0,0,0
-2.539767,-0.707000,0.840368,-1.387941,2.290074,-1.455755,-2.457148,0,0,1,0
-0.534875,-1.874104,-1.235998,-1.251167,-1.016163,-0.452155,-0.160452,0,0,0,0
-2.382709,-1.527627,-0.106034,-0.739234,0.532831,-0.708611,-2.586058,0,1,0,0
-0.348520,-1.872668,-1.190534,-0.064189,-1.489334,1.748982,-0.552151,0,0,0,0
-2.541885,-1.682710,-0.167215,-0.835070,0.392215,-1.093408,-2.365274,0,0,1,0
-0.579995,-2.263893,0.067178,-1.201813,-0.366773,-0.783751,-0.535406,0,0,0,0
-0.848580,-4.928754,2.396967,-0.424109,-0.979724,1.196763,-1.496691,1,0,0,1
0.264059,-1.538293,-2.039022,-1.364025,0.164593,1.745579,-0.310808,0,0,0,0
-2.272077,-0.881291,-0.162087,-0.510631,0.967735,-0.224591,-1.716697,0,1,0,0
-0.732847,-2.360803,-0.628685,-1.018030,-2.086859,-0.355739,-0.822289,0,0,0,0
-3.031799,-1.125135,0.084783,-1.427126,1.357052,-1.115103,-2.784201,0,0,0,1
-0.356338,-1.231043,-0.743975,0.010521,-1.523274,-0.277771,0.050323,0,0,0,0
-1.020801,-1.949841,-0.482970,-1.355680,-1.728189,-0.009197,-0.324239,0,0,1,0
-2.731246,-0.653844,0.501310,-1.519486,1.193682,-1.187679,-2.616646,0,0,0,0
-3.636862,-0.993222,-0.034014,-2.640280,1.402413,-0.475235,-2.790363,1,0,0,0
-0.399105,-1.691782,-0.313545,-1.486388,-2.521390,-0.322972,-0.035060,0,0,0,0
-0.682527,-2.114299,-1.476066,-1.220018,-1.778385,0.871660,-0.628378,0,0,1,0
-0.581939,-0.753852,-0.264521,-0.533302,-1.665135,-1.010264,-0.658749,0,0,0,0
-0.899124,-1.718733,-0.614130,-0.808615,-1.773882,-0.073667,-0.949954,0,1,0,0
0.354965,-1.344743,-0.916743,-2.138537,-2.000132,0.110125,-0.393910,0,0,0,0
-0.388365,-1.793164,-1.526986,-2.157542,-1.243441,0.537760,-1.446480,0,0,0,0
-1.156121,-2.070852,-1.218084,-3.005470,-1.586991,0.434525,-2.304105,0,0,0,0
-1.404857,-2.295272,-2.258237,-2.695867,-0.797557,-0.096051,-2.333088,0,1,0,0
0.368138,-1.605344,-1.794314,-2.377876,-0.854985,1.160174,-0.907544,0,0,0,0
-0.678487,-2.221700,-0.906122,-2.821952,-1.835362,0.098678,-1.305660,0,0,0,0
-0.788040,-1.997384,-0.857640,-2.997430,-1.353836,-0.433028,-1.497678,0,0,0,0
-0.769045,-2.557906,-0.658146,-2.807654,-1.210061,-0.089759,-1.245661,0,0,1,0
-0.018751,-1.116465,-1.639747,-1.271258,-1.042149,0.879221,-1.289652,0,0,0,0
-0.686949,-1.684260,-1.293201,-2.677391,-1.368477,0.563495,-1.936752,0,0,1,0
-0.767916,-0.524930,-2.461643,-0.777986,0.576599,0.475024,-2.108128,0,0,0,0
-2.355756,-1.396330,-1.262963,-2.282007,-0.769283,-1.267750,-2.622466,1,0,0,1
-0.567608,-0.486999,1.004990,1.486524,1.442604,-1.375161,1.878876,0,0,0,0
-0.511987,-0.025844,0.214824,1.130612,0.939930,0.097595,0.429427,0,0,0,0
-1.409603,1.569517,0.518716,0.978237,2.793192,-0.844828,0.193674,0,0,0,0
-0.813562,1.750656,0.587459,1.172863,2.617028,2.447385,0.951244,0,1,0,0
0.280544,-0.106431,-0.443685,0.532256,0.451523,-1.289745,0.487072,0,0,0,0
-0.326537,0.294322,0.078252,1.220511,-0.254473,0.112838,0.699082,1,0,0,0
0.003876,-0.203355,0.514824,1.487436,-0.397904,-0.734239,0.469118,0,0,0,0
-1.133826,1.336475,0.777050,-0.398285,0.981637,-1.211852,-0.385136,0,0,1,1
0.617787,-0.040296,-1.458031,-0.645232,-1.309318,0.179697,0.395333,0,0,0,0
-1.179912,1.358144,0.386715,-0.692445,0.072012,0.244665,-1.494497,0,0,0,0
-1.914146,0.468919,-0.597688,-0.524706,0.955956,-1.023426,-2.464610,0,0,0,0
-1.994401,-0.369311,-1.136494,-1.145007,-0.318289,0.423446,-2.464627,0,1,1,0
0.075590,0.540218,1.128552,0.209888,0.512592,-0.990496,1.740964,0,0,0,0
-0.588505,1.170598,1.334144,0.290287,0.165755,-0.477701,0.216171,0,0,0,0
-1.599374,1.195134,0.547513,0.668783,3.287954,-0.713407,0.084778,0,0,0,0
-2.443519,2.050877,2.192971,0.262613,3.677982,-1.003179,0.502735,1,0,0,1
0.004034,0.511030,0.925266,-0.155190,0.295263,-0.850235,0.742682,0,0,0,0
-0.212053,0.297213,0.759189,-0.090428,0.482729,-0.358159,0.688344,0,1,0,0
0.011557,0.102563,0.628933,0.177460,0.294080,-0.754263,0.343984,0,0,0,0
-0.127951,0.023633,0.244639,-0.217454,0.661831,0.066479,0.126858,0,0,0,0
-0.057837,-0.126766,-0.060082,-0.741670,-0.400056,-0.332479,-0.249430,0,0,0,0
-0.240255,-0.370564,-0.495948,-0.194854,0.058965,-0.595682,-0.668454,0,0,0,0
-0.410233,-0.368908,-0.817262,-0.214912,0.821608,-1.018020,-0.794073,0,0,0,0
-1.096762,-0.461287,-0.087434,0.106752,-0.099741,0.019081,-1.272973,0,0,1,1
0.323944,-1.707494,-0.880350,-0.456763,-0.373058,-0.964954,-1.037453,0,0,0,0
-0.336687,-1.588895,-0.682626,-0.712642,-0.580809,0.233863,-1.177609,0,0,0,0
-0.213940,-1.816892,-1.244091,-0.570319,-0.411654,-0.211527,-1.435271,0,0,0,0
-0.074980,-2.899263,0.196073,-1.064386,-0.970093,3.081370,-1.270587,1,1,0,0
0.467392,0.060138,0.364335,0.469090,1.002695,-0.462006,1.265574,0,0,0,0
0.063609,-0.484669,0.141203,-0.548648,1.370816,0.643000,0.761470,0,0,0,0
-0.452745,0.324386,-0.153251,-0.706580,-0.046004,-0.296987,-1.039800,0,0,0,0
-1.082493,-0.181276,-0.267852,-2.016932,-1.903972,0.468385,-1.843067,0,0,1,1
0.050047,-1.162579,1.624433,1.527167,0.719007,-0.831730,1.880682,0,0,0,0
-0.068458,-0.647880,-0.339717,1.907603,0.352183,1.046469,0.327539,0,0,0,0
-0.005732,0.096232,0.266906,-0.199283,0.293076,-0.829573,0.184344,0,0,0,0
-0.545304,0.753042,1.562008,0.933943,1.504690,0.023405,0.701223,0,1,0,0
0.209861,-0.850820,0.982866,1.666293,1.749467,-0.743395,0.711317,0,0,0,0
-0.367782,0.634455,0.658809,1.253020,0.331155,0.052099,0.636198,0,0,1,0
0.295254,-0.215724,0.959357,0.166453,0.106407,-0.555887,0.410314,0,0,0,0
-0.069736,0.237564,1.292837,-0.510770,-0.006166,-0.692782,0.220234,1,0,0,1
0.474117,-0.187462,-1.243447,-0.675058,-0.267765,-0.901669,-0.436555,0,0,0,0
-1.684573,0.856878,1.119494,-0.784132,1.200536,-0.385260,-1.860830,0,0,0,0
-2.361011,1.848851,0.295814,-1.895042,2.153563,-1.114456,-2.339972,0,0,0,0
-1.685427,0.298666,-0.044353,-0.353729,0.078719,-0.333349,-2.345420,1,1,0,0
-0.504784,0.321519,1.440604,2.188220,1.233290,-1.196658,1.779398,0,0,0,0
-1.055540,0.617653,2.453997,1.381505,1.383425,-1.005647,0.098671,0,0,0,0
-1.281573,0.860945,0.325919,0.298787,2.311751,-1.077631,0.169934,0,0,0,0
-0.434993,-2.479272,2.456844,1.712744,-1.017071,-0.317540,0.455091,0,0,1,1
0.641423,-0.291166,0.140647,-0.133559,-0.629565,-0.054750,0.726168,0,0,0,0
-0.243891,-0.230594,-0.290055,0.239255,2.140004,0.386932,0.454357,1,1,0,0
-0.081868,0.881773,0.221942,0.085647,1.205953,-1.288959,1.190218,0,0,0,0
-0.059478,0.291340,0.317817,0.492935,1.290621,-0.071293,1.730194,0,0,0,0
0.195202,0.604923,-0.304262,-0.508640,0.346629,-0.830521,0.612976,0,0,0,0
-0.026786,-0.015110,-0.443439,-0.056109,1.142773,-0.053753,0.808888,0,0,0,0
0.094065,-0.193580,0.341335,0.983025,1.934744,0.013214,0.745716,0,0,0,0
-1.211397,2.342159,1.381635,-0.619573,2.200812,-0.731582,0.696496,1,0,0,1
0.570336,-0.457278,0.093998,0.989016,1.120517,-0.385202,0.668277,0,0,0,0
0.013450,-0.640889,0.383711,1.969068,1.365083,1.113592,1.001937,0,0,0,0
0.248978,-0.899373,-0.353975,2.390252,1.197287,-0.564324,0.714568,0,0,0,0
-0.083441,-0.291423,0.243811,1.493994,1.740224,0.200020,0.818308,0,1,0,1
0.154081,0.275991,1.611580,0.474150,0.817448,-0.841657,1.372662,0,0,0,0
0.354566,-0.590839,0.983941,0.226810,0.666889,2.690227,1.492008,0,0,1,0
-0.050533,-0.058689,-0.662521,0.890770,-0.878650,-1.048348,1.095793,0,0,0,0
0.457109,-1.603148,-1.033711,-0.191733,1.057762,2.163068,-0.154649,1,1,0,0
0.017925,0.460916,1.585253,-0.239122,0.028630,-0.677321,1.191450,0,0,0,0
-0.252371,0.082953,0.687574,-0.207481,0.486602,0.932146,0.827712,0,0,0,0
-0.070705,0.517573,1.237499,-0.895416,0.361003,0.086593,0.444583,0,0,0,0
-0.012771,1.171523,1.055771,-0.798823,-0.382426,-0.052672,0.759557,0,0,1,0
0.223249,-0.041687,0.655722,0.508490,-1.527675,-0.756863,0.253754,0,0,0,0
-0.086598,-0.202363,0.188062,0.104145,-0.459595,0.018953,0.461425,1,0,0,0
0.074709,1.085432,0.894997,-0.156737,-0.903358,-0.736207,0.251600,0,0,0,0
-0.447691,1.517705,0.097095,-0.269864,0.270157,-0.346618,-0.164418,0,1,0,1
0.490405,0.201738,-1.307718,-0.917687,-1.532786,-0.787234,-0.003364,0,0,0,0
-0.116471,0.057670,-0.134082,-1.245934,0.105890,-0.111723,-0.523175,0,0,0,0
-0.184275,-0.195538,-0.566768,-1.514434,0.429925,0.037284,-0.952778,0,0,0,0
-1.240116,0.263584,-1.333038,-1.228139,0.196662,-0.829438,-2.222871,0,0,1,1
-0.609239,0.340990,1.126600,1.067809,2.406619,-0.902390,1.305821,0,0,0,0
-0.077190,-1.130596,1.205084,1.581197,-0.574784,-0.931293,1.108685,1,0,0,0
-0.052023,0.325647,0.624309,0.688254,0.839091,-0.240775,0.486253,0,0,0,0
-1.109157,0.467493,0.334866,1.052466,2.377170,-0.977402,0.482763,0,1,0,0
-0.058806,0.318074,0.764518,0.514115,-0.256122,-0.929912,0.918256,0,0,0,0
-0.118257,0.507877,0.331948,-0.231988,1.342504,-0.289613,0.995515,0,0,1,0
0.128505,0.339632,-0.648219,0.129677,0.727944,-0.907605,0.427332,0,0,0,0
-0.910310,0.644630,-0.284718,0.546986,1.707645,-0.701383,-0.431555,0,0,0,1
0.186781,0.819432,-0.839539,-1.167686,-1.000083,-1.033444,-0.173366,0,0,0,0
-0.389952,0.474657,-0.305573,-0.425260,0.875195,-0.011681,-1.169133,0,1,0,0
-0.026758,-0.455887,-0.646397,-0.166740,-1.012664,-0.001280,-0.707813,0,0,0,0
-0.805207,0.031188,-0.348446,0.129183,0.553374,0.098647,-1.312650,1,0,1,0
0.617480,0.229301,-1.422630,-0.501903,-1.610373,-0.643930,0.335058,0,0,0,0
0.040605,-0.284821,-1.330967,-1.179795,-0.875248,-0.496401,-0.275293,0,0,0,1
0.235090,-0.692828,-1.176844,-0.576264,-1.587343,-0.791262,-0.585252,0,0,0,0
-0.441458,-1.550051,-1.456303,-1.147128,-0.417535,0.152227,-1.977681,1,1,0,0
-0.167886,-0.250531,0.684729,0.048244,0.549763,-1.047727,1.133452,0,0,0,0
-0.443768,-0.561229,0.049903,0.580427,1.126380,1.129985,0.605952,0,0,0,1
-0.381588,-1.525413,-0.119834,0.488213,-0.379982,-0.758798,-1.612512,0,0,0,0
-0.324340,-0.558636,-0.051301,0.091715,0.259923,0.595730,-1.563504,0,1,1,0
0.035007,1.236752,0.449829,-0.398193,-0.872032,-1.101472,1.505122,0,0,0,0
-0.828692,-0.014791,0.735995,0.874695,1.836919,-0.881138,0.298894,1,0,0,0
0.231196,0.289898,0.052311,-0.164764,0.255645,-0.419787,0.184373,0,0,0,0
-0.561499,0.214769,0.338693,1.211585,1.766641,0.269797,0.476410,0,0,0,1
0.108793,-0.361450,1.242831,1.285248,0.026563,-0.494710,0.930749,0,0,0,0
-0.075312,0.040206,0.205431,1.273944,0.289877,-0.092939,0.687945,0,1,0,0
0.233812,-0.438690,-0.819711,1.105363,1.479245,-0.860312,0.118912,0,0,0,0
0.047985,0.335810,-1.310045,0.669089,1.230371,0.257454,-0.358009,0,0,1,1
0.439083,0.259434,-1.095014,-0.121586,-1.402847,-0.736672,-0.371530,0,0,0,0
-0.280976,0.025378,0.014686,0.091613,0.454657,0.596750,-1.090725,0,1,0,0
-0.168237,-1.137034,-1.030567,-0.269113,-0.218878,-0.836930,-0.866779,0,0,0,0
-0.722636,-0.767658,-0.813466,-0.405922,-0.958256,-0.122076,-1.770627,1,0,1,0
-0.294200,1.108661,0.399548,0.430376,0.830713,-0.828069,1.305814,0,0,0,0
-0.362587,0.715335,1.035206,0.858568,0.363340,0.415891,1.265240,0,0,0,1
-0.453389,-0.117169,0.018326,1.601777,1.125860,-0.678603,0.479567,0,0,0,0
-0.567325,-0.422466,0.529490,1.521309,1.642037,0.238978,0.513957,0,1,0,0
0.321148,0.395813,0.145514,0.286680,0.213322,-0.167734,0.698820,0,0,0,0
-0.033673,0.165863,0.535194,0.528894,0.884257,-0.840215,0.575615,0,0,1,1
-0.258591,0.673297,0.574024,0.585226,1.003039,-1.149986,0.584726,0,0,0,0
-0.054492,0.739780,0.883187,0.925306,0.579643,-0.337160,1.891129,0,0,0,0
-0.088588,0.323799,0.758885,0.800941,1.130118,-1.054642,1.581217,0,0,0,0
-0.096737,0.483314,1.170953,0.846964,0.866212,-0.053163,1.078645,1,0,0,0
0.030913,0.203861,0.029333,0.436742,0.623871,-1.210821,1.247205,0,0,0,0
0.104712,0.088003,0.149626,1.528986,0.892556,0.491144,0.942291,0,0,1,1
-0.207750,-0.087438,-1.959216,0.283821,1.995713,0.653509,0.787308,0,0,0,0
-0.609491,-0.773429,-0.266291,1.459736,1.619895,-0.533521,-0.587181,1,1,0,0
0.079198,-0.251975,-1.680155,0.102926,1.956164,0.200799,0.728695,0,0,0,0
-0.321038,-1.299628,-0.426924,1.290311,2.790731,-0.248525,1.066160,0,0,1,0
0.273299,-0.381731,-0.809606,0.708854,1.509332,-0.573291,1.481324,0,0,0,0
-0.306683,-0.887447,-0.744873,0.956734,2.513585,-0.722748,1.456687,0,1,0,0
0.132489,-0.806812,-1.321288,0.664055,2.204413,-0.509979,1.849321,0,0,0,0
0.617657,-0.294437,-1.151929,-0.205091,0.839675,0.791365,0.998628,1,0,0,1
0.917429,0.263847,0.830266,-1.533809,-0.331874,0.400561,0.738387,0,0,0,0
0.534889,-0.276807,2.438721,-0.712335,-0.704900,-0.011539,-0.256844,0,0,1,0
0.722397,-0.563916,1.629382,-0.864096,-0.415528,-0.990313,0.347938,0,0,0,0
0.590819,-1.985069,2.521888,-0.209870,-0.917582,0.261960,-0.156286,0,1,0,0
0.738245,-0.881304,1.889985,-0.347366,-0.597776,-1.143319,0.180440,0,0,0,0
0.454020,-0.898875,1.370765,-0.209811,-0.861940,-0.018727,0.125583,1,0,0,0
0.788231,0.411793,1.469203,-0.580492,-0.799571,-0.285714,0.761948,0,0,0,0
0.579788,-1.617481,3.222807,0.281394,-1.184557,0.609464,0.047568,0,0,1,0
0.685904,0.125017,1.205854,-0.154953,-0.057924,0.025749,0.566175,0,0,0,0
0.460248,-0.070373,1.334447,0.418852,0.129852,-0.281676,0.246321,0,1,0,0
0.426174,-0.291834,1.074965,0.035401,-0.337491,-0.688672,0.164822,0,0,0,0
0.259163,-0.709584,1.198968,0.587263,-0.324835,-0.535152,0.427335,0,0,0,1
0.712113,0.335832,0.761830,-0.548765,-0.431084,-0.155682,0.815134,0,0,0,0
0.337752,-0.137758,1.315360,0.558540,0.254707,-0.483237,0.089329,0,0,0,0
0.584495,-0.571393,0.751537,0.916392,0.864732,0.591496,0.165055,0,0,0,0
-0.290379,0.123148,1.155879,0.935209,0.870819,-0.560709,-0.446964,1,0,0,0
0.604316,-0.072424,-0.297638,0.050655,0.105907,-0.605229,0.247043,0,0,0,0
0.121483,-0.314088,0.537563,0.428254,0.399729,-0.401688,-0.231292,0,1,0,0
0.130691,-0.693413,0.482754,-0.368965,0.867289,-0.813796,-0.199199,0,0,0,0
-0.697498,-0.046581,0.333505,0.372898,0.831659,-0.711048,-1.649892,0,0,1,0
0.327858,-0.525696,0.819495,-0.614757,-0.271385,-0.023340,-0.405372,0,0,0,0
-0.937212,0.245275,-0.043099,-0.220313,0.743006,-0.466202,-2.009862,0,0,0,1
-0.037691,-0.750506,0.453120,-0.884336,-1.053268,-0.405061,-0.842837,0,0,0,0
-1.029685,-0.312595,-0.504918,-1.121672,-0.558138,-0.384657,-1.003441,1,0,0,0
0.442256,0.743220,0.626027,0.002728,-0.103993,-0.242573,0.946842,0,0,0,0
0.175752,0.597030,0.826824,-0.675644,-0.749028,-0.571025,0.060539,0,0,1,0
-0.461211,1.755780,0.813957,-1.091526,0.381341,-1.060847,-0.209528,0,0,0,0
-0.624457,1.128727,2.104243,-0.521377,1.455169,0.350186,-0.114458,0,1,0,0
0.288899,0.888474,0.608676,0.576635,-0.232157,-0.533885,0.348548,0,0,0,0
-0.096364,1.393380,1.605687,-0.436186,-0.499939,-0.353496,0.358635,0,0,0,0
-0.301357,1.521290,2.146937,-0.225430,-0.087127,-0.370019,0.338682,0,0,0,0
-0.959132,1.465971,2.190507,-0.429976,0.910944,-0.183253,0.250708,1,0,0,1
0.634161,0.524099,0.537690,-0.096398,-0.380603,-0.375185,0.458184,0,0,0,0
-0.201927,1.795947,1.129767,0.339537,-0.925361,-0.620714,0.253121,0,0,1,0
-0.011120,1.297357,0.680634,0.707765,-0.788137,-0.622066,0.593703,0,0,0,0
-0.247308,1.041185,1.381229,0.731518,-0.197616,-0.649035,0.185362,0,1,0,0
-0.096901,1.091227,0.951623,0.267283,-0.085357,-1.175194,0.496675,0,0,0,0
-0.362818,0.545930,1.102884,0.043780,0.370759,-0.087721,-0.075379,0,0,0,1
-0.559661,0.866604,1.491889,-0.061130,0.477813,-1.096715,-0.602976,0,0,0,0
-0.631919,0.797440,1.639830,0.211842,-0.341856,-0.346779,-0.570769,0,0,1,0
-0.086509,0.443929,0.181436,-0.241485,-0.108760,0.505336,-0.479417,0,0,0,0
-0.742057,0.354291,1.664216,-0.586863,-0.252388,-0.172520,-1.268595,0,1,0,0
-1.012804,1.431602,0.689746,-0.712436,0.381436,-0.865475,-1.752420,0,0,0,0
-1.220463,1.475822,0.259841,-0.911622,-0.076770,0.254159,-2.100461,1,0,0,1
0.015357,1.035200,-0.763915,-1.156769,-1.585099,-0.276949,-0.339320,0,0,0,0
-0.687239,1.335095,0.317416,-1.390943,-1.178356,-0.479925,-1.070884,0,0,0,0
-0.751985,0.510964,0.077667,-1.241401,-0.688101,-0.417690,-1.390087,0,0,0,0
-0.922846,0.135917,0.190523,-1.282030,-1.410484,0.263659,-1.444282,0,0,1,0
-0.272635,0.489463,-0.590538,-1.260740,-1.112894,-1.085968,-1.157112,0,0,0,0
-0.926886,0.585884,0.106292,-1.324407,-0.641451,-0.232220,-1.285617,0,1,0,0
-1.172403,0.195258,-0.487057,-1.409571,-1.868938,-1.073843,-1.211816,0,0,0,0
-1.024398,-0.654681,0.405199,-2.205860,-1.272109,2.010411,-2.229385,1,0,0,0
-0.606213,1.046398,-0.015113,-1.817233,-1.726552,-0.899580,-1.344525,0,0,0,0
-1.695795,2.437731,-0.123735,-1.969803,-0.606526,-0.912404,-1.781325,0,0,1,0
-1.198452,0.974612,-0.785331,-0.827579,-0.658960,-1.114179,-2.067575,0,0,0,0
-2.195692,1.978345,0.620850,-1.871922,0.152541,-0.503715,-2.186569,0,1,0,0
-0.885356,2.519221,0.689186,0.328914,1.475772,-0.746761,0.167467,0,0,0,0
-1.524521,3.207205,1.526579,0.292308,2.039810,-0.802438,-0.135490,0,0,0,1
-1.208795,2.451268,0.820298,0.122039,1.595171,-1.292832,-0.173822,0,0,0,0
-1.975218,3.268139,2.034160,-0.556386,2.442978,-0.695808,-0.138514,0,0,1,0
-0.379088,1.745664,0.677747,0.461074,-0.045371,-0.690667,0.026343,0,0,0,0
-0.706641,1.662221,1.184067,0.445271,0.641599,-0.768925,-0.184754,0,0,0,0
-1.241951,2.756002,1.302835,-0.255065,1.903575,-0.920812,-0.188501,0,0,0,0
0.106758,0.002947,0.679893,0.925047,0.217476,6.207156,-0.131301,1,0,0,1
0.473386,0.676518,0.846399,-0.780775,0.121866,-0.408214,0.632751,0,0,0,0
0.439270,0.530827,0.604828,-0.897678,0.892539,0.920580,0.695273,0,1,0,0
0.207822,0.070686,0.787610,-0.380567,1.845016,-0.776217,0.322374,0,0,0,0
-1.287129,1.528508,1.866912,-0.504449,1.541881,-1.116611,-0.440088,0,0,1,0
0.029086,0.433109,0.000758,-0.385120,0.554126,-0.955630,0.441374,0,0,0,0
-1.023363,1.469807,1.045551,-0.269659,2.201348,-0.293755,0.189761,0,0,0,1
0.429333,1.153377,0.339561,-0.323629,-0.408892,0.039359,0.841683,0,0,0,0
-1.287286,3.046308,0.886930,-0.691016,1.148247,-0.804365,-0.270611,0,1,0,0
0.350842,0.506864,0.655086,0.326761,0.032593,-0.622450,0.272503,0,0,0,0
0.171498,0.650870,0.066693,0.095650,0.675481,1.079873,0.618576,0,0,1,0
0.192639,0.294421,0.146401,0.205043,-0.557058,-0.794015,0.090583,0,0,0,0
-1.382429,1.885530,0.343398,-0.300221,1.421683,-0.519870,-1.134730,1,0,0,0
0.517594,0.689904,0.481156,0.082260,-0.259161,-0.796924,0.558415,0,0,0,0
-0.116614,1.081708,0.935299,0.671270,0.273860,-0.100671,0.155298,0,0,0,0
0.265609,0.189575,0.260305,0.849617,-0.032116,0.864826,0.302441,0,0,0,0
-1.247237,1.395876,1.155171,-0.087580,1.762783,-0.987728,-0.704599,0,0,0,1
-0.046122,0.252357,0.116909,-0.203624,0.117138,-0.897008,0.392066,0,0,0,0
-0.312928,0.710989,0.801016,0.021651,0.009627,1.037285,-0.176845,0,0,1,0
-0.471945,0.260840,0.790823,-0.491614,-0.470631,-1.119560,-0.959967,0,0,0,0
-0.824533,0.183086,1.673358,-0.452275,0.701717,-0.751542,-0.586320,0,1,0,0
0.295340,-0.377864,-0.236342,-0.513204,-0.502822,-0.317768,-0.360648,0,0,0,0
-1.529598,2.009208,0.757466,-1.018858,0.927608,-0.358907,-1.789567,0,0,0,1
-0.439926,-0.112326,-0.733807,-0.416143,-0.671460,-0.963567,-0.163448,0,0,0,0
-1.718934,0.438888,0.138686,-0.678829,-0.662274,-0.955562,-0.786622,1,0,0,0
0.012014,1.301676,0.953272,0.347329,-0.670469,0.034792,0.801158,0,0,0,0
-0.523225,2.010549,1.356316,-0.489433,-0.165772,0.000512,0.266943,0,1,0,0
-0.899036,2.272071,0.567872,0.074110,0.742946,-1.166866,-0.147836,0,0,0,0
-1.704121,3.120717,0.835506,-1.081976,2.879928,-0.299787,-0.749561,0,0,1,0
0.259721,1.473942,0.206993,0.317538,0.186697,0.905659,0.802896,0,0,0,0
-0.356912,0.672456,1.812872,0.173402,-0.047028,-0.131598,-0.253784,0,0,0,0
-1.563239,2.637323,1.594453,-0.338033,1.607054,-0.887483,-0.445444,0,0,0,0
-1.824533,2.357415,1.834191,-0.356896,1.899333,-0.679580,-0.380977,1,0,0,0
0.250593,1.329951,0.947174,0.269612,-0.723062,-0.917525,0.697628,0,0,0,0
-0.217947,1.473296,1.524638,0.097595,-0.737908,-0.625948,0.676139,0,1,0,0
-0.190385,1.274986,1.127614,0.252299,-0.209165,-0.564287,0.165912,0,0,0,0
-0.383311,1.386773,1.818407,0.266959,-0.583823,-0.508473,0.158806,0,0,0,1
-0.130076,1.294856,0.600468,-0.021056,-0.322665,-0.977792,0.270360,0,0,0,0
-0.399378,0.913143,1.414649,0.213909,-0.377315,-0.394975,-0.293395,0,0,1,0
-0.139565,1.886885,1.474104,-0.067287,-0.656748,-0.685580,0.430788,0,0,0,0
-0.467760,1.598874,1.792485,0.189417,0.159890,-0.214427,0.332614,0,1,0,0
-0.735798,2.467838,0.057423,0.027857,1.624382,-1.185462,-0.254904,0,0,0,0
-1.157830,2.395479,0.809963,0.772671,1.598507,-0.270829,-0.203283,0,0,0,1
-0.759164,1.082159,0.488995,0.961214,0.915907,-1.002895,-0.699557,0,0,0,0
-0.493656,0.371204,0.285003,0.606061,-0.287420,-0.245322,-0.931530,1,0,0,0
0.244994,0.885300,0.663949,-0.106325,-1.131045,-0.908526,0.763217,0,0,0,0
-0.099395,1.383105,0.881873,0.220728,-0.857707,-0.406241,0.306140,0,0,0,0
-0.065066,1.182229,1.126931,0.525077,-0.235117,0.236810,0.046993,0,0,0,0
-0.126420,0.788696,1.245988,0.293867,0.148988,-0.234534,0.158299,0,0,1,1
0.474866,0.789249,-0.360967,0.375072,-0.598081,-0.787507,0.320783,0,0,0,0
0.348900,0.999054,0.273044,0.151509,-0.428000,1.088934,0.315972,1,1,0,0
0.539449,0.885005,-0.221940,0.756998,-1.071000,-0.048062,0.482175,0,0,0,0
0.192139,0.505544,1.086976,0.298536,-0.730887,-0.451364,0.102196,0,0,0,1
0.282750,0.961458,0.712919,-0.726481,-0.875032,-0.548945,0.669784,0,0,0,0
-0.020020,0.302561,1.736284,-0.014008,-1.050588,-0.611662,0.486620,0,1,1,0
0.275427,0.727174,-0.357247,0.927239,-0.881336,-0.694161,-0.294553,0,0,0,0
0.967746,0.331521,0.458450,-1.889318,-1.035090,0.072683,0.732651,1,0,0,1
0.372579,0.220480,0.737354,-0.144071,-0.936491,-0.441501,0.874456,0,0,0,0
0.159203,0.682106,1.072050,-0.730179,-0.597569,0.107435,0.702232,0,1,0,0
0.547172,0.244660,0.466988,-1.036744,0.126389,-0.240576,0.848287,0,0,0,0
0.317662,-0.301017,1.341382,-0.521808,-0.045268,5.633666,0.614545,0,0,1,0
0.705045,0.704339,0.694428,-0.842884,-0.385770,-0.967668,0.906381,0,0,0,0
0.366474,0.615049,1.035170,-0.868376,0.051447,-0.217601,0.525285,0,1,0,0
0.455876,0.465398,1.095761,-0.886002,0.574853,0.827355,0.131667,0,0,0,0
-0.532376,0.617526,1.972837,0.251427,0.103262,-0.379960,-0.262525,1,0,0,1
1.171138,-0.195741,0.226148,-0.360508,-0.019150,0.099483,0.929829,0,0,0,0
0.603758,-0.010633,1.409816,-1.375140,-1.118686,-0.019782,0.602290,0,0,1,0
0.450658,-0.323401,2.419383,-0.868400,-1.077556,-0.510919,0.203636,0,0,0,0
0.406494,-0.492243,2.305034,-0.244835,-0.719654,0.053611,0.306659,0,1,0,0
0.897679,-0.370833,-0.190960,-0.457742,0.316251,-0.182720,-0.149749,0,0,0,0
0.201582,-0.779000,1.344674,-0.196475,-0.232046,0.131061,-0.797260,0,0,1,1
0.812125,0.141873,0.858787,0.193942,-1.200982,-0.388394,0.384482,0,0,0,0
0.480002,-0.583568,1.708491,0.212061,-0.753489,-0.500253,0.231165,1,1,0,0
1.068918,-0.224019,-0.495533,-0.330909,-0.812913,-0.203951,0.815726,0,0,0,0
0.628974,-0.192134,0.505050,0.503598,-0.282247,0.548535,0.926763,0,0,0,0
0.047377,-0.010394,1.547928,0.470891,0.156605,-1.269449,-0.826867,0,0,0,0
0.490564,-0.791286,0.441494,0.235923,-0.226201,-0.360905,0.542349,1,0,1,0
0.907196,0.395394,-0.478493,-0.333070,-0.681904,-0.054923,0.684220,0,0,0,0
0.537901,0.266932,0.031907,-0.367718,-1.053702,-0.047454,0.253268,0,0,0,0
0.294197,-0.259964,0.803396,-0.332024,-0.455130,-0.592952,0.744769,0,0,0,0
-0.006026,0.535197,0.806116,0.146761,0.700844,0.507424,-0.477384,0,0,1,1
1.070587,-0.380764,-0.511454,0.041957,-0.095713,2.992134,0.656016,0,0,0,0
0.166540,0.593709,-0.756168,-0.433296,-1.150759,-0.533693,0.927183,1,1,0,0
0.332692,-0.181527,-0.690532,0.294958,-1.537389,-0.610679,0.628334,0,0,0,0
0.342543,-0.721872,-0.004381,-0.228275,-0.667238,0.373856,0.012909,0,0,0,1
0.603883,-0.182984,-1.391755,-1.027760,-0.833309,0.455138,-0.395804,0,0,0,0
-0.230988,0.856098,-0.160685,-1.411286,-0.563354,0.422296,-1.435516,0,0,1,0
-0.075647,0.213956,-0.185370,-0.875405,-0.466559,-0.315749,-1.471078,0,0,0,0
0.302531,0.149104,-0.975478,-1.533240,-1.204071,-0.251972,-0.807576,1,1,0,0
0.985343,0.169945,-0.626668,-0.127248,-0.471736,-0.224137,0.888253,0,0,0,0
0.498957,0.417202,-0.404881,0.067742,-0.846740,0.485129,0.335036,0,0,0,0
0.309951,1.067581,0.350569,-1.309205,-0.013712,0.062419,0.299177,0,0,0,0
0.403779,0.385241,0.358726,-0.860955,0.699439,2.412149,0.683808,1,0,1,0
0.863779,0.520103,-0.751312,0.140225,-0.517112,-0.422662,0.091629,0,0,0,0
0.516170,-0.345986,1.544414,-0.321159,-0.375470,0.164161,-0.079544,0,1,0,0
0.537917,-0.638137,0.023863,1.127106,0.477099,-0.771562,0.063009,0,0,0,0
-0.005729,0.490483,0.530241,0.791431,0.165291,0.067066,-0.575175,0,0,1,1
1.126506,-0.231949,-0.501556,-0.245255,-0.473513,0.750865,0.906366,0,0,0,0
0.255009,0.950319,-0.597873,-0.323153,-1.130853,-0.349625,0.544100,1,0,0,0
0.008522,0.770246,0.727777,-1.123945,-0.012445,-0.733756,0.498203,0,0,0,0
0.182101,0.757795,0.839631,-1.535525,0.221045,1.304542,0.973257,0,1,0,0
0.607972,0.146606,-1.034234,-0.182192,-0.330007,0.217687,0.907444,0,0,0,0
-0.518007,0.554918,0.748900,-0.300156,1.013171,-0.906034,-1.045998,0,0,1,1
0.566647,0.482511,0.249135,0.309229,-0.801382,-0.116402,0.316492,0,0,0,0
0.222748,0.828863,0.493714,-0.254076,-0.479133,-0.503353,0.174787,1,1,0,0
1.001828,0.256214,-0.614024,-0.013721,-0.178992,0.467181,0.866264,0,0,0,0
0.343665,0.679604,-0.048427,-0.442576,-0.014753,-0.227876,0.552922,0,0,1,0
0.295281,0.304305,0.977737,-0.902986,0.633412,-0.849724,0.057126,0,0,0,0
0.569788,-0.442610,0.205861,-0.069647,1.428602,4.270456,0.681687,1,0,0,1
0.768879,0.476045,-0.741400,0.306015,-0.444014,-0.668915,0.284382,0,0,0,0
0.832059,-0.979783,1.082846,-0.296516,-1.297610,0.412801,0.498201,0,1,0,0
0.226843,0.742292,1.154210,-0.664693,-0.130294,-0.015862,0.758254,0,0,0,0
-0.209050,0.934854,1.128200,-0.103883,0.432688,0.348108,0.558681,0,0,1,1
0.873976,0.121284,-1.169513,-0.477192,-0.644783,0.674049,0.565003,0,0,0,0
0.181761,1.052584,-0.952256,-0.463111,-1.681228,-0.482480,0.225622,1,1,0,0
0.469149,0.227609,-0.568326,0.080471,-1.637337,-0.627156,0.911914,0,0,0,0
-0.017084,0.261343,-0.365446,0.295948,-0.955251,-0.611805,0.244144,0,0,1,1
0.757804,0.310600,-0.703588,-0.014250,-0.650542,-0.282114,0.328510,0,0,0,0
0.110563,0.790871,-0.248697,-0.190686,0.272026,-0.382181,0.495557,1,0,0,0
-0.223669,0.810630,1.390197,-0.906402,0.660736,-0.822590,0.069904,0,0,0,0
-0.711095,1.142701,1.980757,-0.372139,1.046045,-0.070260,-0.388346,0,1,1,0
1.089957,0.177414,-0.197484,-0.366157,-0.645084,0.053030,0.623638,0,0,0,0
0.493188,1.173585,-0.637017,-0.911566,-1.753572,-0.026597,0.553927,0,0,0,1
0.128875,1.128429,0.544324,-0.399264,-0.734265,-0.943303,0.611866,0,0,0,0
0.054170,0.583818,1.673142,-0.166699,-0.164232,-0.202678,0.514470,1,1,0,0
1.001644,0.074580,-0.657470,-0.291859,-1.087214,-0.585479,0.512334,0,0,0,0
0.775291,0.093989,0.093605,-0.320366,-0.798782,-0.008051,0.328443,0,0,1,1
0.897078,0.084120,-0.829938,0.418762,-0.587276,-0.331444,0.141409,0,0,0,0
-0.042573,0.760329,1.117411,0.835480,-0.219866,0.281715,-0.159003,1,1,0,0
1.076416,-0.125075,-0.008574,0.051916,-0.543213,-0.040299,0.358384,0,0,0,0
0.585872,0.643440,0.640446,-1.077213,-1.573811,0.072545,0.430936,0,0,0,1
1.147397,-0.420023,-0.686809,-0.448568,-1.095415,-0.240759,0.274197,0,0,0,0
0.487886,-1.256557,2.368159,0.297361,-2.074924,-0.095601,-0.319487,0,0,1,0
1.119364,-0.313363,-0.344735,0.040566,-0.028125,0.680887,0.875073,0,0,0,0
0.393950,0.011259,0.795625,-0.766904,-1.256644,-0.341989,0.389773,1,0,0,0
0.957690,0.140762,-0.518210,-0.491470,0.177771,-0.012145,0.810801,0,0,0,0
0.100532,1.441566,-0.103496,0.005365,0.082040,0.282344,0.140080,0,1,0,0
1.042217,0.016221,-0.812949,0.768158,-0.287249,0.144972,0.220329,0,0,0,0
0.689133,0.411294,0.196680,-0.083732,0.629762,-0.303626,0.299179,0,0,0,1
1.089004,-0.572795,-0.654363,0.043326,0.865046,-0.079407,0.380850,0,0,0,0
0.632086,-0.437230,0.298675,-0.670600,0.896081,-0.570325,-0.152000,0,0,1,0
0.981290,-0.070535,-0.821719,0.021347,0.532321,-0.494214,0.731534,0,0,0,0
0.639012,-0.092122,-0.171493,-0.439469,1.028383,-0.157625,0.522321,1,0,0,0
0.961260,-1.576955,-0.152782,0.218162,0.837710,-0.426873,-0.331009,0,0,0,0
0.643514,-1.566687,0.423254,0.429795,1.374222,0.040784,-0.493273,0,0,0,1
1.014125,-0.332115,-0.387512,-0.205191,0.847225,-0.244018,0.406679,0,0,0,0
1.028123,-0.036695,-0.438594,0.168310,0.582137,0.042171,0.303126,0,1,0,0
0.696583,-0.206380,-0.244908,0.419162,1.066235,-0.494828,0.064537,0,0,0,0
0.581462,-0.300019,-0.291321,0.670723,1.424917,-0.307241,0.258820,1,0,0,0
0.924652,-0.623462,-0.958180,0.396177,0.521216,0.012555,0.408817,0,0,0,0
0.830318,-0.499525,-1.330834,-0.097282,0.409831,-0.207478,0.152391,0,0,0,1
0.679827,-0.948056,-1.159597,0.448647,0.523674,-0.339916,-0.738792,0,0,0,0
0.754580,-1.185441,-1.336316,0.188404,0.259724,0.307684,-0.611899,0,0,1,0
1.098750,-0.864622,-0.744002,-0.485844,-1.309032,0.127899,0.051896,0,0,0,0
0.970186,-0.465337,-1.018316,-0.511463,-1.231789,0.158278,0.493236,1,0,0,0
0.676122,-1.198810,-0.405329,0.033784,-0.818009,-0.479792,-0.456423,0,0,0,0
0.457610,-1.447150,-0.886162,0.699422,-0.432859,-0.834829,-1.342996,0,1,0,0
0.683204,-1.272940,-0.792906,-0.564992,-1.781474,-0.713030,0.639707,0,0,0,0
0.597843,-1.526260,-1.053618,-1.078941,-1.972706,-0.329265,0.345964,0,0,1,0
0.111468,-2.341977,-0.459419,-0.758383,-1.771304,-0.552412,-1.166822,0,0,0,0
0.048581,-3.872598,0.670109,-0.766054,-2.216479,0.561763,-1.316345,1,0,0,1
0.454815,0.160662,1.091853,-0.281494,-1.390600,-0.472608,0.874285,0,0,0,0
0.188496,0.028592,0.706065,-0.703637,-0.655628,-0.109360,0.443738,0,0,0,0
0.319924,0.256861,0.423694,-1.320611,-0.876958,0.407606,0.718569,0,0,0,0
0.072779,0.065518,0.305546,-0.916527,-1.043925,-0.547178,0.538824,0,0,0,0
-0.009133,0.225461,0.520256,-0.812461,-0.389973,-0.738336,0.673843,0,0,0,0
0.103342,0.534038,0.593227,-1.471889,-0.277003,0.046576,0.790512,0,0,0,0
-0.084917,0.442072,0.708288,-1.080172,0.229698,0.036482,0.495514,0,0,0,0
-0.032607,0.469942,0.793814,-1.448922,0.610573,0.244079,1.080240,0,0,0,0
-0.112506,0.326953,0.616981,-1.276188,0.110320,-0.114598,0.798558,0,0,0,0
-0.108591,0.682080,0.509424,-1.669108,0.519997,-0.057790,0.869302,0,0,0,0
-0.027187,0.293606,0.716847,-1.500163,0.200254,-0.178364,0.820211,0,0,0,0
-0.178874,0.358036,1.084371,-1.303775,0.987625,-0.297170,0.530225,0,0,0,0
-0.211226,0.376267,0.639504,-1.045394,0.335158,-0.221987,0.453745,0,0,0,0
-0.292023,0.408664,1.248630,-0.999924,0.677957,-0.813895,0.047640,0,0,0,0
-0.521894,0.903325,1.547945,-1.122525,0.724425,-0.579088,0.254641,0,0,0,0
0.290268,-0.283750,-0.153785,-0.647440,-0.299177,2.901760,0.142010,1,1,0,0
0.553110,0.596613,-1.220985,-0.228697,-0.016007,-0.637576,0.632192,0,0,0,0
0.729541,0.363346,-1.530522,0.023816,-0.212708,1.123494,0.572421,0,0,1,0
0.619546,-0.165962,-0.237152,0.568842,0.785586,-0.843506,0.388910,0,0,0,0
0.462104,-0.370428,-0.098336,0.477752,0.418453,-0.283283,-0.153544,1,0,0,1
0.514124,0.391635,-0.641078,0.337120,-0.711155,-0.886912,0.653848,0,0,0,0
0.687561,-0.295282,-0.756903,0.402565,-0.070693,0.122579,0.362387,0,1,0,0
0.534060,-0.554873,0.209320,0.830709,0.307140,-0.860738,0.028426,0,0,0,0
0.796309,-1.916294,0.601906,0.785363,-0.091788,0.852085,-0.005226,0,0,1,1
1.102250,0.347380,-0.828191,0.065097,-0.626297,0.390582,0.743486,0,0,0,0
0.773702,0.608742,-1.926706,0.240187,-0.730637,0.482732,0.907773,0,1,0,0
0.739013,0.634977,-1.222942,0.709952,-0.704024,0.464501,0.192663,0,0,0,0
0.812159,0.432777,-1.094557,1.051664,-1.464121,-0.247579,0.033955,1,0,0,1
0.919142,0.753583,-0.559451,1.060203,-1.158258,-0.868349,0.492590,0,0,0,0
0.848682,-0.073073,-0.248260,-0.002217,-1.062813,0.029478,0.511952,0,0,1,0
0.841190,-0.955498,0.230164,0.278718,0.337067,-0.353441,0.733589,0,0,0,0
0.605518,-1.813549,0.540754,1.195838,0.070693,-0.137614,1.037567,1,1,0,0
1.090121,0.556765,-0.967175,-0.106910,-0.370915,-0.360714,1.105257,0,0,0,0
0.871574,0.461192,-0.508981,0.091817,0.135458,0.282927,0.592670,0,0,0,0
0.802722,0.663696,-0.679539,0.403436,0.195631,-0.188264,0.436268,0,0,0,0
0.608183,0.169214,-1.480090,-0.043368,-0.478403,0.158050,-0.157625,0,0,1,1
0.922781,0.065449,-1.256680,0.748027,-0.402500,-0.689787,0.612644,0,0,0,0
0.652990,0.680685,-0.293741,0.414166,-0.565552,-0.507369,0.394794,0,1,0,0
0.582239,-0.921539,0.328428,1.127115,-1.112496,-0.366937,0.553482,0,0,0,0
0.802317,-1.982348,-0.701795,0.756054,-1.692996,0.482864,-0.322871,0,0,0,1
0.726023,0.538352,0.170525,0.170469,0.510812,0.124310,1.606706,0,0,0,0
0.497663,0.901731,-0.744641,0.206763,0.521668,0.287118,0.867395,0,0,0,0
0.443216,0.515568,-0.526318,-0.301248,0.459049,-0.169034,0.516090,0,0,0,0
0.208052,0.985743,-0.618315,-0.439046,-0.067244,-0.528388,0.285509,1,1,0,0
0.548902,-1.082298,-0.800203,1.589295,-1.302198,0.195631,-0.374166,0,0,0,0
0.525999,-0.644777,-1.553954,0.364355,-0.430449,0.011091,-1.111161,0,0,1,0
0.573770,0.780266,-1.387172,0.686100,0.272285,-0.321523,-0.360420,0,0,0,0
0.095283,0.755451,-0.392451,-0.610313,-0.297349,-0.871733,-0.163916,0,0,0,1
0.602074,0.249948,-1.944933,-0.278399,-0.657725,-0.228081,0.883878,0,0,0,0
0.523646,-0.288780,-2.035872,-0.786138,-0.531991,1.310542,0.647847,1,0,0,0
0.457403,-0.039349,-1.181095,0.666550,1.204776,-0.767194,1.049608,0,0,0,0
0.111629,-0.132116,0.426552,0.361564,1.144536,0.597981,-0.134468,0,1,1,0
0.864057,-0.128494,-1.325857,0.862396,-0.470738,-0.347324,0.680472,0,0,0,0
0.589085,0.009334,-0.827752,0.758842,-1.245918,-0.460310,0.722901,0,0,0,1
0.430020,0.017775,0.905896,-0.251535,0.726578,-0.588435,0.592108,0,0,0,0
0.329977,-0.354494,1.569419,-0.974764,0.850333,-0.460688,-0.757655,1,0,0,0
0.637397,-0.371048,-0.869513,0.243970,1.436337,-0.691805,0.723719,0,0,0,0
0.341948,-0.223265,-1.370896,-0.219069,0.639837,-0.224369,0.166561,0,1,0,0
0.604816,0.589841,-0.870609,1.090777,0.063333,-0.129160,-0.156857,0,0,0,0
0.597855,0.348332,-0.655173,1.031158,-1.077419,-0.105823,0.593847,0,0,1,1
1.092813,-0.358923,-0.677820,1.009437,0.302858,0.373173,0.668755,0,0,0,0
0.811262,-0.012424,-0.672928,0.074267,-0.502106,0.224226,0.356931,1,0,0,0
0.507966,0.536367,0.024289,-0.130902,0.843073,-0.677271,-0.244034,0,0,0,0
0.806487,-1.249336,1.071710,0.786591,-1.255972,0.808788,0.077652,0,1,1,0
0.891675,0.286025,-0.133191,0.300228,0.535415,0.185435,1.742902,0,0,0,0
0.695541,0.095894,-0.398994,-0.584548,0.752479,0.872837,0.386219,0,0,0,0
0.641863,0.466952,-0.439008,-0.653180,0.292640,-0.287252,0.470989,0,0,0,0
0.508721,0.170147,-1.447300,0.005967,0.010405,-0.551112,0.405787,1,0,0,1
0.887306,0.531468,-1.094267,1.004796,-0.509955,-0.377086,0.867257,0,0,0,0
0.593380,0.830650,-0.265327,0.892760,-0.832430,-0.669846,0.013945,0,0,1,0
0.594437,-1.133911,0.150096,1.777544,-1.049172,-0.713480,0.783114,0,0,0,0
0.537794,-2.606817,-0.815046,1.393054,-1.438124,0.267727,-0.164322,1,0,0,0
0.559393,-0.591064,-0.160128,-0.210247,0.895553,0.136097,1.440400,0,0,0,0
0.350838,-0.092436,-1.805774,-0.166623,-0.003009,-0.460929,0.632982,0,1,0,0
0.607721,0.588070,-1.068861,0.298236,-0.231471,-0.619013,0.993530,0,0,0,0
0.398830,0.267585,-0.149949,-0.465355,0.089267,-0.178285,0.532144,0,0,1,1
0.687126,-1.067813,-1.393042,1.261637,-0.764234,0.200738,-0.356765,0,0,0,0
0.397731,0.364279,-0.347569,1.075379,-0.970963,-0.628048,-0.392119,0,1,0,0
0.356773,1.764739,-0.049144,0.497874,0.411111,-0.145867,0.482274,0,0,0,0
-0.124707,1.929886,0.714619,0.175460,0.630474,-0.308869,0.376906,1,0,0,0
0.301062,-0.085573,-0.464242,-0.027487,0.367558,-0.063492,1.120192,0,0,0,0
0.356439,-0.422411,-1.786870,-0.253684,-0.387036,0.996399,0.433370,0,0,0,1
0.424977,0.364691,-0.356385,0.371521,0.844538,-0.796499,1.437054,0,0,0,0
0.225361,1.699328,0.084248,-0.012107,0.899377,0.833592,0.275111,0,1,1,0
0.792907,-0.291112,-0.222024,0.851336,-0.958772,-1.004487,1.009674,0,0,0,0
0.426538,0.024851,-0.504463,0.451250,-0.953743,-0.330347,0.491547,1,0,0,0
0.705656,0.316042,-0.079396,0.817886,1.007810,-0.320300,1.222404,0,0,0,0
-0.140775,1.003537,0.724229,0.092367,0.887559,-0.251763,0.475391,0,0,0,1
0.699072,-0.757999,-0.617216,0.674678,0.257105,-0.416238,1.053456,0,0,0,0
0.308689,0.136294,-0.971734,-0.103177,-0.226760,0.117883,0.800982,0,0,1,0
0.815104,0.459822,-0.274342,0.942137,-0.740204,0.387767,0.102724,0,0,0,0
-0.006815,1.842029,0.370307,0.457008,1.260425,-0.939335,0.495025,1,1,0,0
1.044543,-0.198454,-0.740061,1.464891,-0.155363,-0.915272,0.711565,0,0,0,0
1.202193,-0.016786,-1.061997,0.859401,-0.444037,-0.505946,0.348364,0,0,1,0
0.985666,0.238582,-2.064241,0.633897,-0.761425,-0.213431,0.151744,0,0,0,0
1.045156,-0.037125,-0.888988,0.440254,0.284713,-0.472570,0.373108,1,0,0,1
0.728750,0.303269,0.266159,0.687608,0.027345,-0.902052,0.812826,0,0,0,0
0.314497,0.524716,0.023040,-0.206049,1.082561,0.188567,-0.289736,0,0,0,0
0.479769,0.302270,-0.248871,0.832638,-0.072587,0.224992,-0.478740,0,0,0,0
0.553075,0.474104,-0.519005,0.373889,0.302282,1.233358,-0.307952,1,1,0,0
0.894580,-0.198132,-0.371445,1.199909,-0.510099,-0.386211,0.024510,0,0,0,0
0.408747,0.650273,0.253283,1.791628,-1.193662,-0.196565,0.170696,0,0,0,1
0.468774,0.034361,0.236399,1.630240,0.093171,-0.748696,1.093735,0,0,0,0
-0.139962,1.021365,0.054534,0.889367,-0.666604,-0.017777,0.195767,0,0,1,0
0.433887,-0.383551,0.555307,1.199220,0.391390,-0.750819,1.178998,0,0,0,0
0.403416,-0.311727,0.418694,1.064255,-0.140491,-0.249244,0.673225,0,0,0,0
-0.128970,1.046259,0.065894,0.533890,0.481542,-0.844553,-0.682054,0,0,0,0
0.836790,-2.282114,1.964132,0.681979,-0.917668,3.657525,-0.299162,1,1,0,0
0.791576,-0.747073,-0.327374,1.895511,0.024598,-0.969497,0.418757,0,0,0,0
0.209783,-0.238053,-0.003324,1.987184,-1.181789,-0.509494,0.259719,0,0,1,0
0.654671,-0.091610,-0.146764,0.887552,-0.281521,-0.195111,0.395535,0,0,0,0
0.085784,1.184877,0.430993,1.164945,0.426685,-0.555041,0.482996,1,0,0,0
0.027410,-1.385629,0.879606,2.612339,0.935573,-0.359232,0.871708,0,0,0,0
0.007412,-0.742058,0.088859,1.873965,0.973793,0.384962,-0.046112,0,0,0,1
0.011116,1.492982,-0.001463,1.123625,1.067859,-1.212551,0.812312,0,0,0,0
-0.332304,1.720562,0.740539,1.038690,1.399887,-0.273440,0.593570,0,1,1,0
0.963188,-0.302348,-0.534601,0.528617,-0.564360,0.141617,0.569189,0,0,0,0
0.370370,0.584999,-0.593027,1.149181,-0.584832,-0.397399,-0.337199,1,0,0,0
0.465187,0.873846,-0.694847,0.891246,0.834687,-1.141532,1.122345,0,0,0,0
0.333615,0.834710,0.540951,0.667873,0.354472,0.403495,0.511458,0,1,0,0
0.310998,0.196564,-0.368788,1.145061,0.684865,-0.246028,0.938361,0,0,0,0
0.308700,-0.301380,-0.436098,0.904682,-0.146745,0.729248,0.269761,0,0,0,1
0.599969,0.551778,-0.797153,1.153545,-0.722609,-0.496249,0.418075,0,0,0,0
0.739352,-0.042303,-0.342535,0.773998,-1.232700,-0.269661,0.663205,1,0,1,0
1.125359,-0.245080,-0.621615,0.919699,-0.411684,-0.659579,0.058629,0,0,0,0
0.847169,0.316145,-0.905490,1.341096,-0.731639,-0.276172,-0.304358,0,1,0,0
0.221228,1.252039,-0.563544,0.460260,0.765909,-0.310675,-0.505410,0,0,0,0
-0.016797,1.552287,-0.161483,0.465260,1.010377,-0.763688,-0.014642,0,0,1,1
0.577149,0.227483,-0.177371,0.633828,0.634869,-0.798967,1.195333,0,0,0,0
0.589056,0.154251,-0.269643,0.997929,-0.080349,-0.472464,-0.398092,0,0,0,0
-0.127043,1.674820,-0.026816,0.445412,1.202068,-0.937098,0.042937,0,0,0,0
0.208934,0.795422,0.574108,-0.826412,0.950094,0.091056,-0.392523,1,1,0,0
1.107628,-0.522544,-0.252420,1.541760,0.220839,-0.216884,0.250927,0,0,0,0
0.503662,0.529981,-0.203232,1.320125,-0.647101,-0.453739,0.437676,0,0,1,0
0.585580,-0.543963,-0.255458,1.385671,1.021915,-0.448231,1.024905,0,0,0,0
0.211190,-1.337934,1.688576,-0.190788,-0.752582,-0.098876,-0.717170,0,0,0,1
0.444750,0.543335,-0.605044,-0.071333,-0.415948,-0.455208,0.769779,0,0,0,0
0.603541,-0.147373,-1.063543,-0.805260,-0.575300,-0.143846,0.112333,1,0,0,0
0.068627,1.597828,-0.697431,0.714107,0.802236,-0.713625,0.003259,0,0,0,0
-0.196982,1.187901,0.030207,-0.230952,1.449070,-0.712826,-0.107431,0,1,1,0
1.033415,-0.428197,-1.021071,1.598723,-0.062900,-0.403066,0.384601,0,0,0,0
0.533974,0.325511,-0.209446,1.670624,-1.266216,-0.482147,-0.044088,0,0,0,1
0.875536,-0.141862,-0.543829,1.338273,0.446014,0.227549,0.197044,0,0,0,0
0.377966,-0.121211,1.972338,-0.118061,0.031853,0.008347,-0.088199,1,0,0,0
0.765070,0.079808,-0.528729,0.821148,-0.838540,-0.114828,0.833519,0,0,0,0
0.448979,0.339790,-1.158220,-0.133195,-1.124727,0.136627,-0.126953,0,1,0,0
0.304048,0.548228,-0.107398,1.299723,0.276670,-1.337459,1.105579,0,0,0,0
-0.292441,0.777359,1.098473,-0.201793,1.152398,0.580108,0.179333,0,0,1,1
0.882921,0.157982,-0.821396,1.026919,-0.692372,-0.600359,0.948248,0,0,0,0
0.581835,0.511717,-0.935046,0.544200,-1.111203,0.154259,0.660674,0,1,0,0
-0.217532,1.054957,-0.443457,0.304502,1.182955,-1.371217,0.791402,0,0,0,0
-0.085937,0.367857,0.647594,-0.388613,1.053935,-0.558109,-0.407792,1,0,0,0
0.561826,0.482109,-0.729148,0.420006,-0.470197,-0.075946,0.954017,0,0,0,0
0.517475,0.293311,-1.027382,-0.382353,-0.188546,-0.801451,-0.044871,0,0,0,1
0.527935,0.795995,-1.361913,-0.124755,-0.059523,-0.974457,0.501733,0,0,0,0
0.231789,1.443350,-0.301282,-0.427571,1.004181,-0.901385,-0.122398,0,1,1,0
0.959240,-0.267395,-0.731709,0.608853,-0.884993,-0.397258,1.031274,0,0,0,0
0.951894,0.015472,-1.378671,0.930686,-0.938806,0.167670,0.218091,1,0,0,0
0.920480,0.127486,-0.626710,0.965764,0.520936,-0.631460,-0.460238,0,0,0,0
0.937289,-0.087019,-0.026777,1.252293,0.530290,-0.067045,-0.296392,0,0,1,1
0.967855,-0.312273,-0.249166,-0.039794,0.303960,-0.360024,1.295869,0,0,0,0
0.767210,0.271432,-1.155562,0.848654,-0.611616,0.072738,0.229384,0,0,0,0
0.769713,0.073102,-1.054607,0.710618,-0.233843,-0.217682,0.482872,0,0,0,0
0.585143,-0.570469,-1.279280,0.538273,-0.587709,-0.161329,-0.049576,1,1,0,0
0.963567,-0.333006,-0.667286,1.061757,-0.169033,-0.971740,0.733352,0,0,0,0
0.778494,-0.167422,-0.880521,1.065713,-0.357677,-0.021226,0.191235,0,0,1,0
0.102492,0.793246,0.232945,0.507005,0.616790,-0.810290,1.278930,0,0,0,0
0.224392,0.388004,0.280531,0.158925,-0.209630,0.312403,0.499318,1,0,0,0
0.173659,0.010913,-0.191586,-0.278357,-1.060521,-1.065034,0.870898,0,0,0,0
0.460544,0.748931,-0.972755,0.282400,-0.567824,1.678981,0.428172,0,0,0,0
0.314408,0.577459,-0.306259,-0.289562,-0.065652,-0.716537,0.721827,0,0,0,0
0.273851,0.516916,-0.129616,-0.517372,-0.562028,-0.147427,0.885922,0,0,1,1
0.860412,-1.238487,-1.329107,0.449889,-0.995346,0.801792,-0.213147,0,0,0,0
0.406524,-0.443441,-0.938234,0.207583,-1.868416,-0.369501,-0.899297,0,1,0,0
0.234652,1.614120,-0.738144,-0.314569,0.453678,-0.187212,-0.286930,0,0,0,0
1.282696,-1.925499,-0.481696,-0.204618,0.596884,1.606077,-0.132308,1,0,0,0
0.613105,-0.360980,-0.828646,-0.110734,0.872211,-0.430656,1.119008,0,0,0,0
0.489808,-0.307544,-1.161480,0.191185,-0.746350,1.220495,0.453656,0,0,1,0
0.503399,0.131631,-0.166421,-0.040924,0.836450,-0.635603,1.381084,0,0,0,0
0.294564,0.797766,0.502077,-0.149065,0.374727,-0.146819,0.336339,0,1,0,1
1.027942,0.005954,-1.092525,0.920789,-0.384712,-0.202506,0.762528,0,0,0,0
0.776607,0.283719,-0.797733,0.398716,-0.156440,0.454781,0.716904,1,0,0,0
0.474263,0.299630,0.591973,0.114451,0.054865,-0.975520,0.830346,0,0,0,0
0.651955,-1.891190,1.975582,0.450821,-0.854645,0.278363,0.228502,0,0,1,0
0.552687,0.624569,-0.400683,-0.664390,0.640987,-0.866026,1.429551,0,0,0,0
0.648954,0.972986,-0.411882,-0.612833,1.956041,0.661687,0.630214,0,1,0,0
0.804899,0.574566,0.388845,0.537672,-0.878929,-0.444128,0.252558,0,0,0,0
0.836231,-1.244271,1.132297,0.582837,-1.921632,2.003176,0.671792,1,0,0,1
1.193129,0.266187,-1.428650,1.310163,-0.525976,0.890640,0.608192,0,0,0,0
0.996520,0.485837,-1.081122,1.118038,-0.354298,0.223145,0.260624,0,0,1,0
0.378040,1.158381,-0.405974,-0.125845,0.756320,0.744929,-0.511620,0,0,0,0
1.138269,-0.858834,0.152988,0.740715,0.299537,0.983196,0.001731,1,1,0,0
0.946346,0.187576,-0.497117,0.106964,0.568116,0.401494,0.888619,0,0,0,0
0.818794,0.682120,-0.470046,-0.512965,0.329856,-0.495441,0.389113,0,0,0,0
0.854920,0.270886,-0.975196,0.300918,0.169502,0.605996,0.374657,0,0,0,0
0.632267,-0.101270,-1.401183,0.710600,-0.234752,0.223234,-0.288267,0,0,1,1
1.053106,0.140266,-0.600624,0.965683,0.051181,-0.608164,0.714147,0,0,0,0
0.943367,0.642870,-1.104948,0.750691,-0.417189,0.329891,0.567265,1,0,0,0
0.553043,0.437093,-0.649068,-0.526515,0.746373,-0.697302,1.041859,0,0,0,0
0.440988,-1.679893,0.894098,-0.100167,-1.437608,-0.155197,-0.595976,0,0,1,0
0.828482,0.009404,-0.646880,-0.209197,-0.119638,0.228257,1.358960,0,0,0,0
0.401495,0.043252,-1.540165,-1.166412,-0.747871,-0.297703,0.435590,0,1,0,0
0.701244,0.521410,-0.997839,0.173514,-0.717860,-0.176500,0.589575,0,0,0,0
0.522347,0.184107,-0.382090,-0.100809,-0.438245,0.462595,1.011406,1,0,0,1
0.906094,-0.530768,-0.594670,0.340720,-1.131432,-0.084083,0.355456,0,0,0,0
0.331145,0.134499,-0.855926,1.179077,-0.603487,-0.423127,-0.318629,0,1,0,0
0.951994,-0.178104,0.149233,-0.055146,-0.151494,0.017116,0.060957,0,0,0,0
-0.010952,2.370013,0.570841,-0.189907,0.756746,-0.581029,0.058241,0,0,1,0
-0.059316,-0.039736,-0.033122,0.109134,1.001910,-0.820368,0.861296,0,0,0,0
0.353566,-0.705026,-1.315209,0.288683,-0.157997,2.408465,-0.024880,0,0,0,1
0.385064,1.105995,-0.100362,1.025962,0.447919,-1.018545,1.067331,0,0,0,0
-0.127165,0.772306,0.412324,0.294541,1.245065,-0.741447,-0.099511,1,1,0,0
0.790893,-0.415054,-0.589760,2.254041,-0.146615,0.755667,0.733583,0,0,0,0
0.597469,-0.497769,-0.466716,1.328960,-0.452412,1.119224,0.224897,0,0,1,0
0.616209,-0.436673,0.401048,0.809565,0.932660,-0.557403,0.973795,0,0,0,0
0.595913,-0.948837,1.571742,1.220400,-0.649911,1.517179,0.324514,0,0,0,1
0.622905,-0.264834,0.331048,0.763332,-0.228786,-0.702715,1.203247,0,0,0,0
0.215104,-0.222249,-0.416897,-0.050112,0.017406,0.488018,0.183101,1,0,0,0
0.762311,0.522734,-0.297773,0.596545,-1.483193,0.113819,0.411371,0,0,0,0
0.167013,0.768597,0.681675,0.202723,0.539009,-1.216091,0.419304,0,1,1,0
1.266039,-0.380756,-0.578691,1.174073,-0.112526,-0.294606,0.650808,0,0,0,0
1.146451,0.258030,-0.905464,1.433466,-0.165078,-0.212184,0.441506,0,0,0,1
1.144660,-0.150061,-1.050801,0.608423,0.748655,-0.516878,0.285422,0,0,0,0
1.177671,-0.443643,-0.474407,0.610625,0.263805,0.209083,-0.021143,1,1,0,0
0.307372,0.040136,-0.691167,0.733751,1.161781,-0.632089,0.799687,0,0,0,0
0.592079,-0.366085,-0.266264,1.415695,-0.062195,0.327141,0.087662,0,0,0,0
0.444928,-0.560760,-0.089411,1.031551,-0.419004,-0.602124,-0.637400,0,0,0,0
0.634646,-0.975891,0.009156,0.318412,-0.735609,-0.140853,-0.976375,0,0,1,1
1.022953,0.368930,-1.027779,1.391085,-0.897565,-0.031003,0.395669,0,0,0,0
0.918400,-0.088449,0.237075,0.886003,-0.301839,-0.023918,0.326349,1,0,0,0
0.703461,-0.004286,0.565808,0.283738,0.075022,-0.596260,1.816254,0,0,0,0
0.589780,-0.287659,1.004728,-0.023344,-1.131233,0.878977,0.410800,0,1,0,0
0.193776,0.377597,0.250382,0.389965,-0.632069,-0.844549,1.163141,0,0,0,0
0.540850,-0.459678,0.317209,-0.583318,-0.387653,0.265851,0.750674,0,0,0,0
0.434247,-0.626588,0.614464,0.161616,-0.117174,0.012242,-0.060171,0,0,0,0
0.461084,-1.210473,0.455673,-0.475913,-0.318672,-0.225607,-0.615373,0,0,1,1
0.898949,-0.471367,-0.553857,1.288359,-0.429029,-0.723678,0.997597,0,0,0,0
0.854451,-0.984326,-0.148012,-0.151055,0.008827,-0.077001,0.553327,0,1,0,0
1.000310,-0.279843,0.719904,0.073231,0.481101,0.233541,0.867474,0,0,0,0
0.684826,-0.464274,1.364920,0.101804,0.473559,-0.116994,0.562235,0,0,1,0
0.372110,0.055384,0.171230,0.107993,-0.161013,-0.580171,1.269780,0,0,0,0
0.800268,-0.948656,0.034431,-0.944394,-1.156484,0.449208,0.581677,0,0,0,1
0.428465,-1.469958,0.852428,0.194364,1.505965,-1.028497,0.592125,0,0,0,0
0.420135,-1.565082,1.134649,0.755022,0.712766,-0.171162,0.749019,1,1,0,0
1.073717,-0.248861,-0.576899,0.885588,-0.582428,0.123573,0.549378,0,0,0,0
1.005927,-0.873922,0.357850,0.178946,-0.898459,-0.498122,0.389408,0,0,1,0
0.911907,-0.726867,1.322601,0.693071,0.120630,-0.202834,1.123489,0,0,0,0
0.781249,-0.961357,1.195406,0.444390,-0.487133,0.093398,0.109744,0,0,0,1
0.577126,0.301501,0.422820,0.826698,-0.785155,0.331400,1.206765,0,0,0,0
0.725524,-1.020013,1.016121,0.024719,-0.964775,0.067299,0.691907,1,0,0,0
0.874935,-0.794969,0.720921,-0.115671,-0.567779,0.177480,0.630751,0,0,0,0
0.908784,-1.102917,0.859586,-0.256389,-1.205473,-0.258599,0.685513,0,1,1,0
1.029241,-0.179338,-0.515828,0.968246,-1.122133,-0.659904,0.399728,0,0,0,0
1.138122,-0.795069,0.625932,0.658479,-0.770647,0.225564,0.016622,0,0,0,1
0.903178,-1.062029,1.608826,0.388087,-0.132725,-0.514195,0.184465,0,0,0,0
0.594295,-0.952009,1.693986,0.172225,-0.112630,0.223005,0.080124,1,1,0,0
0.294137,0.239343,-0.159990,1.201413,-0.414717,-0.967403,1.195929,0,0,0,0
0.495440,-0.217782,-0.497301,0.919844,-0.589420,-0.186492,-0.159692,0,0,0,0
0.325246,0.195365,-0.263725,1.247728,-0.264574,-0.103424,-0.107244,0,0,0,0
0.585432,-0.643279,0.192802,0.960588,-0.487403,-0.211866,-0.120148,0,0,1,0
0.916411,-0.380516,-0.360812,0.680944,0.510438,1.001938,-0.000577,0,0,0,0
0.422868,0.396277,0.393422,0.765801,-0.262035,0.389555,0.025466,0,0,0,1
0.672889,-0.873141,-0.920153,1.803744,0.216349,-0.529418,-0.173265,0,0,0,0
0.111152,-1.848839,1.298762,1.083287,0.105158,-0.486616,-0.761484,1,0,0,0
0.823849,-0.090948,-0.725828,0.125914,-0.798227,1.925939,0.409145,0,0,0,0
0.633448,0.210763,-1.511499,-0.291305,-0.784435,0.034471,0.309067,0,0,0,0
0.140707,0.468985,-0.577281,-0.041703,-0.245996,-0.244082,-0.571363,0,0,0,0
-0.376808,-0.333700,0.700026,0.058226,0.008261,-0.519576,-1.143210,0,1,0,0
0.770854,0.381309,-1.661773,-0.601995,-1.233132,0.276772,0.201737,0,0,0,0
0.829756,0.475160,-1.123969,0.141740,-0.824755,0.307185,-0.091626,0,0,0,0
-0.537304,0.945485,-0.227577,-0.099611,0.169038,-1.178246,-1.041870,0,0,0,0
0.228650,-2.640302,2.378317,0.668270,-1.662137,1.620328,-0.454634,0,0,1,1
1.118522,0.405183,-0.142289,0.482144,-0.531360,-0.050395,0.601043,0,0,0,0
0.637496,0.521693,-1.144648,0.668856,-0.277853,-0.508288,0.315943,0,1,0,0
0.866422,0.453662,-0.871024,0.507653,-0.474956,-0.934860,0.580753,0,0,0,0
0.701919,0.082724,-1.091733,0.662135,-0.306512,-0.354544,0.231623,1,0,0,1
0.908457,0.227610,-1.498543,0.666956,-0.831644,-0.384121,0.035706,0,0,0,0
0.996313,0.349426,-0.712437,0.548313,-0.511525,0.320816,-0.099234,0,0,1,0
0.651624,-0.852308,0.127372,1.730980,-0.245908,-0.309392,0.628232,0,0,0,0
0.618922,-1.499444,0.438847,2.244483,-0.949452,-0.299716,-0.024618,1,1,0,0
1.010940,0.341949,-1.679057,0.979722,-0.301049,0.169904,0.489571,0,0,0,0
1.030948,0.825270,-1.812632,0.492050,-1.144082,-0.274126,0.472188,0,0,1,0
0.914360,0.572769,-1.197595,0.253574,-0.859686,-0.620869,0.711656,0,0,0,0
0.824552,-0.111123,-1.185477,0.060635,-0.368641,0.022470,0.410038,1,0,0,1
0.882573,0.250245,-1.331608,0.544230,0.027140,-0.448593,0.085299,0,0,0,0
0.788563,0.674523,-0.940048,0.718475,-0.188351,0.395118,-0.027783,0,1,0,0
0.806866,-0.706693,-0.004646,0.608530,0.542118,0.322480,0.670444,0,0,0,0
0.456600,-0.880304,0.529599,0.952500,1.149607,-0.075149,-0.010716,0,0,1,0
0.431130,-1.599467,-1.211867,0.597110,0.415172,5.901365,-0.794560,0,0,0,0
-1.807631,-0.407786,-2.074734,-2.936720,-1.176402,-0.529339,-2.359010,0,0,0,1
0.769147,-1.622412,-0.621552,-0.447200,-0.467036,10.872706,-0.253111,0,0,0,0
-0.444956,-0.567764,-1.188825,-2.574074,-2.203848,0.895716,-0.665084,0,0,0,0
-0.526877,-0.635087,-0.935483,-2.170373,-3.104025,0.032017,-0.972906,0,0,0,0
-0.388410,-1.117602,-0.788915,-1.989959,-3.341400,0.704740,-0.169367,0,0,1,0
-1.125175,0.863963,1.279652,0.425782,1.472697,-1.089890,1.495265,0,0,0,0
-0.156898,-2.178804,3.221450,0.733412,-0.295395,-0.799619,1.383101,1,1,0,0
0.713968,0.200061,-1.084211,1.427064,0.598971,0.448554,1.443503,0,0,0,0
0.321215,-0.352474,-1.571259,0.704543,0.069642,-0.090936,-0.001925,0,0,1,0
0.308003,0.385953,-0.855494,0.745450,-0.180420,-0.288942,0.181813,0,0,0,0
0.186354,0.136917,-0.877464,0.929494,0.176562,0.146140,0.347650,0,0,0,1
0.433219,0.608573,-0.342230,0.262629,0.093901,-0.848301,0.678663,0,0,0,0
0.389170,0.431863,-0.387981,-0.320548,-0.268341,0.158054,0.717295,0,0,0,0
0.127167,0.330841,0.052775,0.315347,-0.245836,-0.390774,0.357457,0,0,0,0
0.101167,-1.157810,-0.334255,0.681392,-0.507389,-0.556609,0.399077,0,1,0,0
0.022497,0.282293,0.228593,0.905637,0.505670,1.326258,0.411611,0,0,0,0
-0.449852,0.291745,0.191689,1.086684,0.625772,-0.121372,0.291952,0,0,1,0
0.120595,-2.055581,2.277114,0.147261,0.654817,-1.256901,0.155925,0,0,0,0
0.053561,-2.227970,1.926538,-0.473415,-0.165414,-0.532697,-0.152397,1,1,0,0
0.050851,1.249793,-1.043785,-0.772997,1.309518,0.177211,1.845988,0,0,0,0
-0.639384,0.614388,-0.034893,-0.678239,1.479241,0.383806,1.580202,0,0,0,1
-0.223298,-0.839761,0.740741,0.205840,1.890472,0.124250,0.404311,0,0,0,0
-0.463566,-2.800560,2.349277,-0.141212,0.421001,-0.531845,0.589052,0,0,1,0
0.415681,-0.374005,-0.233606,0.490625,1.700052,-0.639668,0.200829,0,0,0,0
-1.420437,0.242331,1.523002,1.022595,1.730560,-0.505058,0.030992,0,1,0,0
0.435719,0.150448,0.246324,0.142972,0.095452,3.204492,0.919740,0,0,0,0
-0.117834,0.404312,0.378705,0.170740,-0.846574,-0.018971,0.588434,1,0,0,0
0.208455,1.081391,-0.090641,-0.145327,-1.403555,-1.232996,0.333302,0,0,0,0
-0.259676,0.369419,0.224246,0.289050,-1.415707,-0.839578,-0.026294,0,0,0,1
-0.455122,0.182618,-0.166620,-0.311972,0.515770,-0.508109,-1.275087,0,0,0,0
-1.655388,0.449646,0.166975,-0.232843,0.772600,-0.612390,-1.852165,0,1,1,0
-0.074952,1.501434,0.339177,0.408915,0.169251,0.834323,1.793979,0,0,0,0
-1.487689,0.502960,2.152576,0.937005,1.201513,-0.723349,0.818713,1,0,0,0
-0.015379,-0.791946,1.474127,1.544250,-0.190857,1.564615,0.958644,0,0,0,0
-1.432232,0.701448,2.267369,0.634772,1.260572,-0.791816,0.585840,0,0,0,1
-0.004126,1.559225,-0.539206,-1.019440,-1.566685,0.849111,1.186215,0,0,0,0
-0.529092,1.164453,0.265873,-1.684717,0.523449,0.213987,0.648519,0,0,1,0
0.296102,0.669549,-0.446366,-0.657561,0.030472,-1.274462,0.718404,0,0,0,0
-1.835703,1.407210,1.680850,-0.043990,1.585700,-0.123456,0.309296,0,1,0,0
0.770928,-0.198492,-0.244719,-0.286200,0.596902,0.207734,1.034521,0,0,0,0
-0.411833,-0.027535,0.090114,0.130757,-1.502706,-0.203015,0.729005,0,0,0,0
-1.078060,1.031792,2.143698,-0.077219,-0.823029,-0.556315,0.388423,0,0,0,0
-1.881110,1.487449,1.908719,-0.388842,1.132661,-0.002722,0.071105,1,0,0,0
0.536407,0.094491,0.345734,-0.680061,0.097644,-0.917164,0.532436,0,0,0,0
-0.814894,0.936552,0.512215,-0.777788,-0.144841,-0.481287,0.140838,0,0,0,0
-0.987163,1.591377,1.924934,-0.259534,-0.265348,-0.074572,-0.367644,0,0,0,0
-2.303667,0.921045,2.945139,-1.123228,2.801274,-0.086164,-1.200506,0,0,0,1
0.150604,-0.638534,-0.416739,-0.387406,0.921728,1.323990,0.023897,0,0,0,0
-2.387926,0.301238,1.953014,-0.273500,1.736343,-0.005502,-1.986326,0,1,0,0
-0.088765,-0.882412,0.225278,0.978628,0.324818,-0.721171,-0.769056,0,0,0,0
-0.984880,-1.342322,1.084309,-1.280369,-2.047319,-0.625230,-1.031709,1,0,1,0
0.414513,-0.468771,0.833729,-0.190120,-1.207705,-0.088758,1.387617,0,0,0,0
0.051322,-1.040964,1.899541,-0.003181,-2.531709,0.223670,1.359703,0,0,0,1
-0.302372,-1.644928,2.713436,0.624043,-2.724316,-0.538970,0.801814,0,0,0,0
-2.075401,-0.282456,3.783936,0.103871,0.980799,-0.933136,0.355046,0,1,0,0
0.714956,-0.112810,-0.286876,0.631734,1.454629,-0.436591,0.514959,0,0,0,0
-1.967237,0.966105,2.250444,0.345452,2.455946,-0.681619,0.161870,0,0,1,0
0.450971,-0.163856,0.639869,0.353100,0.221176,7.033805,0.679394,0,0,0,0
-0.212471,0.135651,0.550979,-0.232638,-0.478926,-0.362518,0.790913,1,0,0,0
0.105864,0.666641,0.343918,-0.350157,-1.274320,-0.911739,0.368158,0,0,0,0
-0.351747,0.162908,1.534102,0.236571,-2.024299,-0.377573,0.413165,0,0,0,0
-0.448748,0.158555,1.495839,0.340572,-2.140618,-0.184256,0.002968,0,0,0,0
-1.326942,0.947810,2.423976,-0.512925,-0.803555,-0.071515,-1.250170,0,1,0,1
-0.657643,1.369030,0.421234,0.675408,1.774031,-0.896894,1.145197,0,0,0,0
-1.140282,-0.214283,1.484169,0.913960,1.807033,-0.275190,0.076738,0,0,0,0
-2.274876,0.440554,2.817151,0.389361,2.151159,-1.176384,0.416470,0,0,0,0
-0.993975,-3.431559,3.812375,0.684945,1.472254,-0.247820,0.599658,0,0,0,1
0.420257,-0.203031,-1.681756,0.422644,-0.143047,-0.233056,0.659585,0,0,0,0
-0.130159,1.247023,0.553927,-0.613219,-0.100971,0.259240,0.813934,0,0,1,0
-0.304060,1.052065,1.281339,0.361357,0.197427,-0.813326,0.411201,0,0,0,0
-0.242371,-1.943784,1.476404,1.680096,0.547247,0.970711,0.453057,1,0,0,0
0.420327,-0.628398,-0.854756,-1.213151,0.797744,-0.784269,0.626068,0,0,0,0
-1.037060,0.353059,1.376233,0.559839,0.158089,-0.665607,0.318693,0,1,0,0
-0.510278,-0.313416,0.847615,0.848788,0.514442,0.399782,0.500591,0,0,0,0
-2.167377,1.020199,1.847629,-0.088008,2.621902,-0.887467,0.126242,0,0,1,0
0.178360,0.141656,-0.403294,0.030400,0.678302,-0.799762,-0.105022,0,0,0,0
-0.617320,-2.661139,2.344749,0.919975,-0.214327,-0.761164,-0.793582,0,1,0,0
-0.292981,-1.414390,0.206464,1.789622,1.931324,1.864655,-0.814798,0,0,0,0
-2.182340,-0.386159,0.668312,0.565897,1.787983,-1.195670,-1.672128,1,0,0,0
0.549626,0.105582,-0.774916,-0.809954,-0.330553,2.092601,-0.101007,0,0,0,0
-0.678779,-0.219269,-1.416617,-1.725542,-0.343406,-0.043925,-0.546647,0,0,0,1
-1.610058,-0.579526,1.453914,0.142949,0.080772,-1.253269,-2.015851,0,0,0,0
-2.538166,-0.281969,0.072780,-1.327587,1.101739,-1.032504,-2.443057,0,1,1,0
-0.097686,0.767235,0.117010,0.413804,1.529780,-0.586095,1.777481,0,0,0,0
-0.404317,-0.080590,0.214885,0.148699,0.555279,-0.075661,0.985667,0,0,0,0
-0.581987,-2.527047,2.148533,0.419835,1.651805,0.270655,0.407936,0,0,0,0
-1.185040,-3.416232,3.721391,0.897772,0.602529,-0.360105,0.501890,0,0,0,1
0.680702,0.081056,-0.188402,-0.564305,0.517424,-0.754832,0.886362,0,0,0,0
-0.571953,0.596979,0.535073,-0.578154,-0.273886,-0.905567,0.597729,1,0,0,0
-0.027507,1.247582,-0.290686,-0.515928,-1.530616,1.850761,0.121236,0,0,0,0
-2.152077,0.554841,1.569445,-0.369891,1.903551,-0.554925,-0.954063,0,1,1,0
0.224620,0.275968,0.284557,1.174402,1.267602,0.159773,1.703954,0,0,0,0
-0.240122,0.539786,0.063511,1.054214,0.522136,-0.009898,1.559855,0,0,0,0
0.381639,-0.073608,-0.819385,1.221129,-0.457587,3.334246,1.048783,0,0,0,0
-0.676282,0.425215,0.348233,0.741714,0.844355,0.238607,0.698755,1,0,0,1
0.350222,0.820423,-0.642533,0.162181,0.276243,0.871183,1.827395,0,0,0,0
-0.371785,0.098804,0.209088,0.455779,1.134543,1.056210,0.395038,0,0,1,0
-0.017915,1.358616,-0.603334,-1.160375,-0.151266,2.017744,1.259882,0,0,0,0
-0.723612,1.093642,0.113045,0.527338,1.519133,0.286238,0.723451,1,1,0,0
0.230620,0.055637,-0.005771,0.049025,0.683990,0.247479,0.888730,0,0,0,0
-0.462878,-1.210508,1.734330,0.140892,-0.052717,-0.344998,0.850526,0,0,0,1
0.206584,0.639220,-0.807448,-1.133282,0.343262,1.761710,1.332559,0,0,0,0
-1.006539,0.615285,-0.257132,-0.063857,1.328536,-1.268414,0.739185,0,1,1,0
0.197180,0.157743,0.501909,1.302568,0.369859,1.070506,1.277829,0,0,0,0
0.136947,0.158765,-0.263943,0.327422,0.399790,0.277353,-0.642461,1,0,0,0
-0.358918,0.951726,0.407615,0.508451,0.747014,-0.988801,0.511543,0,0,0,0
-0.460602,0.962354,-0.051913,0.091339,1.168769,0.526357,0.467924,0,0,0,1
0.106490,0.423803,-0.987143,-0.347984,0.159809,-1.010837,0.788469,0,0,0,0
0.079273,0.436493,-0.475808,-0.474088,-0.498116,-0.149897,0.852888,0,0,1,0
-0.380066,0.673689,-0.026669,-0.553049,0.511176,-0.557310,0.172607,0,0,0,0
-0.148569,0.085344,0.454828,0.224864,0.680106,0.407627,0.959295,1,1,0,0
0.597439,0.403292,-0.475036,-0.434130,-0.287490,-0.015112,1.435774,0,0,0,0
-0.058209,0.647344,-0.457423,0.232776,0.033730,-0.045483,0.784819,0,0,0,0
-0.029154,1.380681,0.417841,0.601215,0.041340,0.175327,0.799966,0,0,0,0
0.190112,1.370486,1.028158,-0.195998,-0.990605,0.274581,0.800349,0,0,0,1
0.395232,1.072301,-1.350513,-0.645275,-0.589830,-0.603747,1.074458,0,0,0,0
0.342482,1.021774,-0.697144,-0.152796,-1.647914,2.236789,1.295490,0,0,0,0
-0.291487,0.479725,-0.127699,0.582109,-0.936832,-0.563945,0.685351,0,0,0,0
-0.227532,0.713876,0.668255,-0.401228,-0.684517,-0.011804,1.068211,1,1,0,0
0.077923,1.045467,-0.008356,0.127531,0.432387,-0.657658,0.948061,0,0,0,0
-0.122918,0.680451,-0.038111,-0.044704,-0.002361,0.425546,1.543106,0,0,0,0
0.031362,1.136178,-0.378194,0.153631,0.215852,-0.178099,0.825306,0,0,0,0
-0.106498,1.720958,-0.103899,0.109379,-0.123937,-0.108290,0.943810,0,0,1,0
0.087819,1.285989,-0.902245,-0.007886,0.136943,-0.481161,0.808142,0,0,0,0
0.365057,-0.207621,0.135260,0.507248,1.313467,1.413236,0.699857,0,0,0,0
0.258821,-0.656384,0.145947,1.254533,1.179889,0.549370,1.035570,0,0,0,0
0.386329,-0.382613,0.516674,1.436600,1.380676,0.990900,1.403544,1,0,0,1
0.555817,0.967689,0.955883,-0.137546,-0.285198,-0.214038,1.124174,0,0,0,0
0.325114,-1.436771,0.873629,0.670410,-0.509557,0.771735,-0.572373,0,1,0,0
0.307976,-0.011057,0.710226,0.398446,1.663095,0.309716,0.878377,0,0,0,0
-0.103865,0.735585,-0.035832,0.451528,0.954771,0.171914,0.412421,0,0,1,0
0.390708,0.482250,-1.048343,0.278162,0.898640,-0.289190,0.822555,0,0,0,0
0.236232,-0.521322,0.079898,0.173957,-0.220962,-0.049939,0.403872,0,0,0,1
0.240302,0.546167,-0.209011,-0.415303,-0.081101,-0.930715,0.356871,0,0,0,0
-0.412640,0.748011,0.501556,0.226534,1.523382,-0.380791,0.494511,1,0,0,0
0.624380,-0.515903,-1.165862,0.108481,0.287114,-0.861256,0.442313,0,0,0,0
-1.095296,1.991499,0.482325,-0.277377,1.431983,-0.506503,0.198615,0,0,1,0
-1.208540,2.020050,-0.030341,-0.398369,1.695535,-1.327986,-0.103143,0,0,0,0
-1.179611,1.489582,-0.415820,-0.360992,1.411299,-0.078724,-0.077144,0,1,0,0
0.182834,0.200502,-0.277645,-0.606485,-0.738844,-0.947699,0.316325,0,0,0,0
-0.836484,1.586452,-0.440670,-0.789780,1.593411,-0.785940,-0.658739,0,0,0,1
-0.057160,-0.155772,0.287138,-0.161333,-0.230783,-0.029544,-0.154011,0,0,0,0
-0.968153,1.110860,0.035345,-1.256229,1.378095,-0.189070,-1.187253,1,0,0,0
-0.101678,-0.061205,-0.467766,-0.272060,-1.507768,-0.020676,-0.566662,0,0,0,0
-1.560545,1.524982,0.055215,-1.010940,0.677704,0.164874,-1.853754,0,0,1,0
-1.142889,1.002658,0.145810,-1.326816,0.742333,-1.277356,-1.653471,0,0,0,0
-1.154369,-0.000961,-1.454931,-2.303053,-1.683366,0.521835,-1.897187,0,1,0,1
0.125829,0.520146,0.091442,0.446486,-0.046019,-0.779224,1.513419,0,0,0,0
-0.269696,1.090803,0.569654,-1.044343,-0.816474,0.207810,0.549256,0,0,0,0
-0.044189,1.162169,0.081826,-0.588863,0.153954,-0.339385,0.989193,0,0,0,0
-0.394937,0.705986,0.984297,-0.626939,-0.049610,0.498706,0.886571,0,0,1,0
0.346724,0.217200,-0.084677,-0.237438,1.292965,-1.097176,0.358337,0,0,0,0
-1.213966,1.369204,0.589901,-0.382613,1.016606,-0.699101,0.074913,0,1,0,0
0.044121,-0.356196,-0.145489,0.099692,0.073732,0.219320,0.034402,0,0,0,0
-1.073435,1.445488,-0.483412,-0.559617,1.479391,-0.189888,-0.081425,1,0,0,0
0.222919,0.159294,0.765023,0.643089,0.832688,-0.474052,-0.131968,0,0,0,0
-0.892526,-0.046107,0.797051,-0.741479,1.245027,0.577767,-0.836544,0,0,1,0
0.421330,-0.746503,0.141328,1.187687,-1.281491,-0.804837,-0.641268,0,0,0,0
-1.101185,1.430438,-0.323698,-0.858179,1.382696,-0.915448,-1.185587,0,1,0,1
-0.002636,0.247589,0.947891,0.310184,0.222405,-0.982351,1.233338,0,0,0,0
-0.314759,-2.151761,2.889236,0.028607,-0.515610,0.481948,-0.713161,1,0,0,0
-0.266817,0.595487,0.934821,-0.309973,-0.709500,0.621787,0.923512,0,0,0,0
-0.907950,0.810902,1.120561,-0.367468,0.882833,-0.999044,0.395448,0,0,1,0
0.142485,0.445039,0.314141,0.408094,-0.056115,-0.193153,0.672406,0,0,0,0
-0.763662,0.186481,0.980853,1.557526,-0.495966,-0.039006,0.417152,0,0,0,1
0.026879,0.469852,0.612383,0.229110,0.378711,0.378294,0.910101,0,0,0,0
-1.227919,1.276123,1.719578,0.492925,0.988204,0.011410,0.505817,1,0,0,0
0.644089,-1.041522,-0.687339,0.089148,0.952442,-0.201061,0.553169,0,0,0,0
-1.282772,0.459060,1.673273,0.617888,1.417155,-0.253720,0.434659,0,1,0,0
-1.451163,3.052179,0.033326,-1.894628,1.148537,0.936020,0.045679,0,0,0,0
-0.002106,-0.229609,0.888688,-0.781015,0.476709,0.149754,0.267874,0,0,1,0
0.091841,-0.265751,0.187813,0.486410,1.490051,-1.311482,-0.151057,0,0,0,0
-0.797302,-0.148221,1.915725,0.325692,1.576484,-0.813436,-0.402627,0,0,0,1
0.167842,-0.378150,0.903631,-0.535579,1.030952,0.221955,0.184782,0,0,0,0
-0.585614,0.456517,1.971287,-1.635713,0.263818,-0.005214,-0.738323,1,0,0,0
0.084831,-0.485707,-0.578868,-1.054026,-0.955039,-0.458884,-0.432723,0,0,0,0
-1.527752,0.640695,2.097953,-0.588537,1.209068,-0.734487,-1.762479,0,1,0,0
-1.455112,1.372700,0.878760,-0.794742,0.851279,-1.167577,-1.815448,0,0,0,0
-1.040668,-1.945151,1.749072,-2.219722,-0.378105,-0.632639,-2.004211,0,0,1,1
0.204406,-0.373324,1.160152,0.284505,-0.348108,-0.923266,1.621464,0,0,0,0
-0.760104,-1.838203,2.790842,1.395992,-0.503388,-0.820283,1.090139,0,0,0,0
-0.393861,-1.930483,2.655361,1.081225,-1.073078,-0.965376,0.539630,0,0,0,0
-0.208910,-2.228630,2.879657,-0.336263,0.104176,2.592311,0.578834,1,0,0,0
0.540209,0.544221,-0.366953,-0.294454,-0.410334,-0.669562,0.598287,0,0,0,0
-0.078876,1.031547,0.781424,-1.494098,0.276352,0.852527,0.511253,0,0,0,0
-0.000578,0.495855,-0.631631,-0.500166,0.053099,0.594210,0.709556,0,0,0,0
-0.236660,0.372153,-0.195836,-0.661395,0.003435,0.308130,0.614970,0,1,0,0
0.410610,0.934928,-0.263509,-0.860396,-1.370426,-0.695377,-0.059743,0,0,0,0
-0.208071,1.125161,0.263734,0.101395,-0.888342,0.096576,0.255470,0,0,0,1
-0.009883,0.739652,0.508823,-0.687445,-0.237563,-0.787050,0.208522,0,0,0,0
-0.775443,1.221434,0.120805,0.467056,0.947636,-0.595867,0.400537,0,1,1,0
-0.628528,1.347119,-0.174950,0.727985,1.908972,-1.158163,1.689640,0,0,0,0
-0.244081,-0.763787,-0.263359,0.886689,1.256636,1.127830,1.586843,0,0,0,0
-1.021523,1.816326,-0.519410,0.122429,1.878893,-0.484210,0.330577,0,0,0,0
0.298696,1.102344,-0.438197,-0.651315,-1.106641,1.540402,0.812157,0,0,0,1
0.377990,0.726429,-1.147738,-0.416505,-0.365927,-0.417258,0.612884,0,0,0,0
0.150050,0.618649,0.119213,-0.259447,-0.571527,0.118692,0.921587,0,1,0,0
0.179277,0.704817,-0.081893,-0.032334,-1.052121,-0.916890,0.595832,0,0,0,0
-0.351596,0.981222,0.730594,-0.724685,0.581546,0.287266,0.734808,0,0,1,0
0.529310,-0.386017,-0.983374,-0.764158,0.923696,-0.784153,0.440161,0,0,0,0
0.130462,0.029411,0.010911,-0.244725,1.093354,-0.034369,0.779936,1,0,0,0
-1.248057,1.671768,-0.143511,-0.111800,2.263281,-0.963049,-0.194321,0,0,0,0
-0.124559,-0.929619,1.131317,-0.867067,1.068318,0.599327,-0.031813,0,1,0,0
0.250166,0.386992,-0.242300,0.629205,1.203034,-1.138430,0.126584,0,0,0,0
-1.056581,1.645400,-0.219054,0.157807,1.561538,-0.835881,-0.121696,0,0,0,0
-1.119022,1.753279,-0.409133,0.083751,1.934580,-0.857600,0.241294,0,0,0,0
-1.043380,1.344312,-0.390272,0.134516,1.976646,-0.309649,0.599862,0,0,0,1
0.269785,0.027929,-1.129681,-0.202053,-0.671275,-0.028876,-0.774710,0,0,0,0
-0.409609,0.139206,0.430188,-0.816662,-0.752155,-0.502139,-0.988969,0,0,1,0
-0.289202,0.875551,-0.178761,-0.642665,-1.414141,-1.237929,-0.960890,0,0,0,0
-0.951720,-0.255433,-1.964861,-1.450865,-1.389512,1.338334,-1.772476,1,1,0,0
0.086488,0.892526,-0.323293,-0.000558,1.126662,-0.512326,1.142861,0,0,0,0
-0.344551,-0.970835,-0.237066,0.631109,0.546797,0.403871,-0.192814,0,0,0,1
-0.206049,0.849250,-0.290150,-0.564609,1.667093,-0.917159,0.414304,0,0,0,0
-0.782328,0.702384,-0.051089,1.161965,1.787871,-0.375207,0.372862,0,0,1,0
0.550685,-0.394021,-0.613088,-0.502695,0.518256,-0.974971,0.426557,0,0,0,0
-0.214317,0.996667,0.181460,-0.370312,-0.409351,0.026131,0.111938,0,0,0,0
-0.252941,-0.058101,0.928512,0.229436,0.467057,-0.395835,-0.075320,0,0,0,0
0.033411,0.151307,0.561365,0.317083,0.769954,0.698051,0.912433,1,1,0,0
0.338688,0.553433,0.041502,-0.114262,0.221679,-0.258166,1.327258,0,0,0,0
-0.091205,-0.062347,0.189318,0.523041,1.267916,-0.379978,-0.215391,0,0,0,0
-0.197991,0.032744,-0.410283,0.286092,1.085331,-1.111331,0.616128,0,0,0,0
-0.137171,-1.540388,0.512518,0.027592,1.096873,-0.256996,0.427739,0,0,1,1
0.311554,0.793975,-0.416535,0.456500,1.041658,-0.297641,0.778356,0,0,0,0
0.204262,0.305803,-0.285105,-0.084836,0.088007,0.100193,0.992451,0,0,0,0
-0.055202,1.167195,-0.496907,0.404118,0.087937,-0.785265,0.818692,0,0,0,0
-0.180492,1.184864,-0.204741,0.864673,1.063296,0.552167,1.151252,1,0,0,0
0.243814,0.752907,-0.761242,0.450757,0.555946,-0.938750,0.444165,0,0,0,0
0.630723,-1.401936,-0.156974,0.019399,1.937613,-0.090771,0.901441,0,1,0,0
-0.209956,0.540268,-1.279179,0.471277,0.648461,-1.168402,0.460798,0,0,0,0
0.142661,-2.424701,1.495588,0.238659,0.057158,4.448004,0.934642,0,0,1,1
0.484021,1.101263,-0.890796,0.519903,-0.460223,-0.305212,1.418770,0,0,0,0
-0.120836,0.792052,-0.652814,0.028858,0.854591,-0.110127,1.060867,0,0,0,0
-0.170658,1.520996,-0.139273,0.377030,0.569074,0.100586,0.193710,0,0,0,0
-0.281762,0.857986,0.017643,0.476872,1.232967,0.013981,0.214862,1,0,0,0
0.605163,1.022919,-1.086118,-0.162548,-0.216364,-0.319205,0.564576,0,0,0,0
0.080564,1.129211,-0.427475,-0.095363,0.439936,-0.113148,1.075151,0,0,0,0
-0.342355,0.897119,0.701690,0.855140,0.281009,-1.258101,1.008699,0,0,0,0
-0.201162,-0.422539,1.251161,0.868266,0.201167,0.998552,0.321567,0,0,1,1
0.502975,0.612819,-0.951311,0.599365,-0.534460,0.113642,1.268759,0,0,0,0
0.162109,0.126194,-0.772271,0.366627,-0.430163,-0.342932,0.808262,0,0,0,0
0.157778,0.261763,-0.312697,1.001746,0.141533,-0.731859,0.686943,0,0,0,0
0.092102,-0.471714,-0.148948,0.960678,0.725746,0.265277,0.120867,0,1,0,0
0.633291,0.256518,-0.644864,0.149608,-0.252968,-0.046033,0.810226,0,0,0,0
0.512539,-0.114704,-0.919504,0.095436,0.586952,-0.061975,0.738909,0,0,0,0
0.436082,0.046529,-0.627395,0.783391,1.389260,-0.220038,1.127124,0,0,0,0
0.504185,-0.735450,-0.872912,1.364661,2.167440,0.408605,0.430047,0,0,0,1
0.353107,-0.303047,-1.578406,-1.155557,-1.406328,0.652051,0.278485,0,0,0,0
-0.254939,0.042884,-2.066475,-1.828844,-2.684768,-0.302521,-0.057483,0,0,0,0
-0.387303,-0.628663,-1.235542,-1.133295,-2.451392,-0.010752,0.034899,0,0,0,0
-0.486310,-0.899698,-1.108089,-1.351543,-2.892614,-0.056543,0.110121,0,0,0,0
-0.333475,-0.762828,-1.352078,-1.292545,-2.733972,-0.292766,0.057985,0,0,0,0
-1.070966,0.123643,-0.385063,-0.663042,0.532720,-0.454078,-0.824511,0,0,0,0
-0.449229,-1.478104,-0.086589,-1.138503,-1.166087,4.802671,-1.704983,0,0,0,0
-0.592245,-1.025525,-1.072277,-1.955394,-1.377124,1.510005,-1.549543,1,1,0,0
0.299790,-0.240952,1.215879,0.017864,0.210780,0.732588,-0.454932,0,0,0,0
-0.297372,1.316965,0.399176,-0.321862,0.659755,-0.359600,-0.805992,0,0,0,0
-0.504624,1.966554,0.326949,-0.807828,1.349516,0.608135,-0.941985,0,0,0,0
0.526112,0.763657,-0.279904,0.337499,0.244683,1.236144,0.065477,0,0,1,0
0.782662,-0.450927,-0.556628,0.259361,-0.146564,-0.598082,0.606617,0,0,0,0
0.524608,0.141004,-0.572127,0.353212,0.762103,-0.902102,0.401216,0,0,0,0
0.374048,0.757909,-0.200211,-0.173122,-0.077681,-0.597053,-0.045854,0,0,0,0
0.335144,-0.276243,-1.292545,0.933210,0.502197,1.091788,-0.827658,0,0,0,1
-0.320968,1.020600,-1.896643,1.827801,0.112823,-0.632490,-0.773410,0,0,0,0
-0.006931,-0.347036,0.588062,0.829940,1.379271,1.207343,-0.776313,0,1,0,0
0.068926,0.368845,0.521238,0.412692,0.941999,-0.147784,-0.141001,0,0,0,0
-0.906412,1.262402,0.430629,1.275339,1.972480,-0.319996,-0.867536,0,0,1,0
0.940946,0.085632,-0.235235,0.918145,1.140908,1.487282,0.153946,0,0,0,0
0.433045,-0.531795,0.503554,1.043747,0.966697,0.551939,-0.179892,1,0,0,0
0.701923,-1.339561,0.304594,0.921893,0.568292,0.921132,-0.302232,0,0,0,0
0.251945,-2.349374,2.753444,0.482513,-0.530376,0.213812,-0.715845,0,0,0,1
0.387207,0.580560,-0.158651,-0.147749,0.069132,-0.207974,0.811038,0,0,0,0
0.171475,0.423757,0.031994,-0.678547,0.331236,0.440706,0.439350,0,0,1,0
0.068375,0.595396,0.579440,0.103152,0.704203,-0.666150,0.432561,0,0,0,0
-0.223825,1.039046,1.677961,-0.701975,-0.177330,-0.089396,-0.125818,1,0,0,0
0.577928,-1.245430,1.350789,0.951751,-0.938883,2.038615,-0.630824,0,0,0,0
0.786484,-1.037549,1.472185,0.081335,-0.753849,0.352506,-0.239600,0,0,1,0
0.231798,0.838264,-0.240055,-0.333818,-0.492063,-1.387748,-0.207955,0,0,0,0
-0.013728,0.434456,0.307155,-0.447693,-0.094512,-0.135403,0.226608,0,0,0,1
0.596576,-0.254847,0.197098,0.341766,-1.493049,0.653915,0.276227,0,0,0,0
0.424960,-0.478780,0.868104,0.812841,-0.849474,-0.303524,-0.081776,0,1,0,0
-0.334191,1.881338,1.091363,-0.879970,-0.430084,-0.335718,-0.193312,0,0,0,0
0.637626,-0.666460,-0.731324,0.739833,0.875116,1.149702,-0.633663,1,0,1,0
0.909372,-0.178783,-0.210944,0.503278,-0.346421,0.061729,-0.046571,0,0,0,0
0.545762,0.421571,-0.000366,0.570585,-0.164234,-0.226025,-0.332297,0,0,0,0
0.295527,1.109987,-0.302970,0.362737,-0.386696,-0.202135,0.361826,0,0,0,0
0.199566,0.476330,0.166987,0.023311,0.667221,0.439294,0.024488,0,0,0,1
0.223860,0.697053,0.014743,-0.143787,0.538457,-0.122385,-0.201901,0,0,0,0
-0.023141,0.668448,0.748528,0.165853,0.992570,-0.432512,-0.397657,0,0,0,0
-1.493331,3.108742,0.686122,-0.735251,2.080884,-0.028352,-1.056106,0,0,0,0
0.625819,-2.212366,2.206734,0.808503,0.046900,6.874944,-0.616591,0,0,1,0
0.595881,0.174643,-1.101473,0.739475,-0.532951,-0.095647,-0.083217,0,0,0,0
0.126853,0.949188,0.034010,0.144970,-0.373700,-0.116453,-0.043844,0,0,0,1
-0.061872,0.703902,0.317803,0.274150,-1.041051,-0.300411,0.239018,0,0,0,0
-0.274267,0.247583,0.111659,0.727325,0.221425,-0.329143,-0.812447,1,0,0,0
0.135517,0.591939,-0.846005,1.147205,-0.132890,0.053370,-0.878340,0,0,0,0
0.276613,-0.633891,0.776064,0.244339,0.610284,-0.357016,-0.752597,0,1,0,0
0.105460,-0.023993,0.708493,0.698127,0.948259,-0.491251,-0.527373,0,0,0,0
-0.668970,0.416482,1.949688,-0.632481,1.862515,-0.792446,-0.733006,0,0,1,0
0.379564,-0.162149,0.799477,0.518276,1.472784,-1.121308,-0.226689,0,0,0,0
0.242201,-0.126482,1.037401,0.794052,0.214276,0.407295,0.170159,0,1,0,0
0.095240,0.081230,0.089359,1.643206,-0.092846,0.537242,-0.960903,0,0,0,0
0.374493,-2.572626,2.418283,1.556083,-1.013349,1.786057,-0.629370,0,0,0,1
0.675051,0.141214,-0.139281,-0.092452,-0.524345,0.480689,0.778651,0,0,0,0
0.149436,0.623280,0.490110,-0.372342,0.154741,0.017604,0.189212,0,0,1,0
-0.058252,0.151102,0.987126,0.240095,0.309831,-0.748604,0.257552,0,0,0,0
-0.356335,0.207886,0.832645,-0.538415,-0.519501,-0.280446,-0.430957,1,0,0,0
-0.648564,2.074804,0.750226,-1.864732,-0.523190,-0.365519,-0.771353,0,0,0,0
-0.632183,0.839019,1.469702,0.190023,-0.736469,-0.183313,-0.914284,0,1,0,0
0.816563,-0.386893,-0.488901,0.200239,0.101453,0.227151,0.648964,0,0,0,0
-0.181807,0.667795,0.613878,-0.396854,-0.910759,-0.494476,0.217629,0,0,0,1
-0.079600,0.691881,1.293264,-0.548383,-0.570843,0.525653,-0.212652,0,0,0,0
-0.035934,0.310393,1.469136,-0.233138,-0.979144,0.300202,-0.057108,1,0,0,0
0.238560,-1.562023,2.779744,0.753382,-2.236859,0.937040,-0.558345,0,0,0,0
0.445317,-1.954776,2.339284,1.166997,-1.681740,0.669458,-0.362299,0,0,1,0
0.980704,0.195461,0.213527,0.644270,-0.260680,-0.450304,-0.006714,0,0,0,0
0.474668,0.366964,1.009542,1.261064,-1.568338,0.137280,0.407448,0,0,0,0
0.510544,0.157525,0.745946,0.737944,-1.468904,0.715455,0.308422,0,0,0,0
0.393187,0.097574,0.968301,0.867710,-0.967055,-0.491827,0.264227,0,1,0,0
-0.076578,1.032949,1.390381,0.004401,0.247287,-0.148838,0.441169,0,0,0,0
-0.194812,1.222511,1.712527,-0.110239,-0.199934,0.440131,0.306516,0,0,0,0
-0.199914,0.270417,1.992949,0.562216,1.150275,0.086731,-0.539129,0,0,0,0
0.565692,-0.927265,1.231343,0.815078,0.732353,3.100151,-0.383917,1,0,0,0
0.816055,0.067017,-0.330846,1.153261,0.420166,1.113557,0.397424,0,0,0,0
0.139809,0.844450,-0.014599,0.478761,0.127821,-0.558391,-0.021823,0,0,0,1
0.118870,0.756546,-0.213717,0.629819,0.504161,-0.769012,-0.089569,0,0,0,0
-0.069074,1.329061,-0.192271,1.099603,-0.142230,-0.408719,-0.123079,0,0,1,0
0.451653,0.391684,-0.947338,1.096951,-0.322468,0.791851,-0.653663,0,0,0,0
0.380980,-1.131130,0.746174,0.579993,0.740385,-0.292819,-0.647184,0,1,0,0
-0.924986,1.260072,1.698782,0.221628,1.708520,-0.775431,-0.585681,0,0,0,0
0.445721,-1.081335,1.859332,-0.054314,-0.879749,2.161451,-0.095972,0,0,0,1
0.333390,0.388434,0.378167,-0.281590,-0.130541,-0.661792,0.112998,0,0,0,0
0.079365,0.704292,1.031818,0.057047,-1.034159,0.400399,0.389201,1,0,0,0
0.099720,-0.029017,-0.226778,1.415509,-0.166112,0.699477,-0.741056,0,0,0,0
0.380553,-1.962827,2.239900,1.774616,-1.656287,0.949250,-0.329147,0,0,1,0
0.829699,0.519345,-0.489734,-0.261610,-0.221952,1.473584,0.818968,0,0,0,0
0.052675,0.349022,-0.078913,-0.528892,-0.081775,-0.507114,0.239004,0,1,0,0
0.094764,0.243932,0.151533,0.204282,0.119897,0.422503,0.523412,0,0,0,0
-0.432389,0.190705,0.694990,0.042000,-0.284348,-0.314095,-0.707083,0,0,0,1
0.231510,0.340926,-0.191980,0.933299,-0.952540,0.495886,-0.639620,0,0,0,0
0.636327,-1.363258,1.070689,-0.091827,0.137531,7.061661,-0.317136,0,1,0,0
0.338934,0.798658,-0.644758,-0.135946,-0.276264,0.462481,0.480836,0,0,0,0
-0.201402,1.047849,0.271941,-0.219862,-0.741833,-0.395670,0.199163,0,0,1,0
0.567081,-0.041949,0.251595,0.621056,-1.116463,0.505480,0.171862,0,0,0,0
0.297726,-0.249335,0.524873,0.862948,-1.028853,0.015662,-0.155716,1,0,0,0
-0.358413,2.018131,1.051673,-0.576115,0.247737,0.364737,-0.141615,0,0,0,0
0.151185,-0.376133,2.289697,0.029354,-0.106998,-0.607211,-0.367401,0,0,1,1
0.567626,0.135150,0.137501,0.159748,-0.542463,0.414783,0.500335,0,0,0,0
0.303907,1.053557,0.176141,0.348797,-0.950259,0.472388,-0.112109,0,0,0,0
0.033710,1.007468,0.390886,0.051466,-0.939771,0.247604,0.142975,0,0,0,0
-0.056105,0.629951,0.899362,0.096191,-0.168293,-0.062192,0.094246,0,1,0,0
0.032226,0.799582,1.180722,-0.339059,-0.825485,-0.033092,0.217507,0,0,0,0
-0.127522,1.098918,1.186693,0.032076,-0.639152,0.271883,0.356743,0,0,0,0
0.302398,0.056736,-0.058810,0.828020,1.886729,0.854524,-0.382385,0,0,0,0
0.656186,-1.206437,1.695731,1.072736,0.141714,4.431956,-0.068013,1,0,0,0
0.724422,0.082420,-0.695243,0.450110,-0.064707,0.227591,0.304321,0,0,0,0
0.203202,1.011211,-0.525430,0.050524,-0.249250,0.224802,0.265133,0,1,0,0
0.074157,0.932877,-0.507795,0.115576,-0.580603,0.147202,0.341615,0,0,0,0
-0.114182,0.938022,-0.180539,0.546838,-0.645318,0.235213,-0.705615,0,0,0,1
-0.492470,1.319843,-1.008212,2.056237,-0.082674,-0.612629,-0.927190,0,0,0,0
0.372745,-0.788862,0.713092,-0.133703,0.365222,0.354910,-0.500203,0,0,1,0
-0.857503,1.305326,1.043111,-0.371404,0.922954,-0.413630,-0.554780,0,0,0,0
-0.359576,1.644648,0.743861,-0.324539,1.280873,2.399409,-0.256469,0,1,0,0
0.292927,0.444328,0.029987,-0.223741,0.137940,-0.806314,0.459696,0,0,0,0
0.204107,0.488612,-0.118625,0.252199,-0.541525,-0.174504,0.592007,0,0,1,0
0.566592,0.427734,-0.813121,0.124249,-0.626649,1.393895,-0.379965,0,0,0,0
0.920807,0.315206,-1.685454,-1.038585,-0.318043,0.615301,0.337028,1,0,0,0
0.258456,0.201134,-0.619068,-0.552382,-0.675881,-0.199694,0.413139,0,0,0,0
0.071525,1.248451,0.061034,-0.176431,-0.453591,-0.469215,0.478916,0,1,0,0
-0.460586,1.466946,0.859417,-1.051730,0.123113,-0.988636,-0.436782,0,0,0,0
0.190753,0.096997,0.046169,0.168477,-0.668973,0.265667,-0.261775,0,0,0,1
0.257111,1.001923,0.747764,0.049148,-0.040749,-0.273417,-0.087706,0,0,0,0
0.633712,1.042028,0.202505,-0.703153,-0.053017,-0.171356,0.060310,0,0,1,0
0.432124,0.116863,-0.121858,0.255510,-0.391281,-0.728123,0.336779,0,0,0,0
-0.397573,1.412510,1.904158,-1.088147,0.532343,-0.288505,-0.613252,0,0,0,1
0.042133,0.889777,0.178443,-0.411965,-0.188090,0.604240,0.164918,0,0,0,0
-0.089170,0.781090,-0.262927,-0.592745,0.654322,1.197083,0.250959,1,0,0,0
-0.197465,1.847017,0.672743,-0.317623,0.462342,0.012144,-0.329988,0,0,0,0
0.255003,0.370722,0.182175,0.550381,0.836914,0.027679,0.123862,0,1,0,0
0.476604,-0.244972,-0.427470,0.678752,0.565981,0.012006,-0.155507,0,0,0,0
0.913523,0.148198,-0.300230,-0.511039,-0.750667,0.370847,0.092620,0,0,1,0
0.292611,-0.112262,0.555140,1.075845,-0.749084,-0.425220,-0.266300,0,0,0,0
0.280167,0.667388,0.335931,1.113147,-0.617407,0.455052,-0.129483,1,0,0,1
0.902991,0.361542,-0.945847,-0.093501,-1.012133,-0.113277,0.473832,0,0,0,0
0.144741,1.439552,-0.023166,0.406964,-0.563876,-0.287062,-0.087979,0,0,0,0
-0.343493,1.887102,1.687328,-0.367414,-0.491705,0.139639,-0.366601,0,0,0,0
0.305576,0.753442,0.400497,0.483424,0.700228,1.294617,0.358900,1,0,0,0
0.746670,0.445278,-1.343494,-0.167751,-0.380208,0.168365,0.215230,0,0,0,0
0.202657,1.079115,-0.738565,-0.200124,0.199552,0.099906,0.335231,0,0,1,0
0.501915,0.416755,-0.466904,0.847144,-0.748603,-0.526926,-0.070668,0,0,0,0
0.599779,0.427161,-0.017160,0.952517,-0.211812,0.221405,-0.328908,1,0,0,0
0.970523,-0.096693,-1.220675,0.471596,-0.425716,-0.206386,-0.439205,0,0,0,0
0.240184,0.475236,0.489892,0.899899,-0.284084,-0.415913,-0.777862,0,0,0,1
-0.442285,2.083686,1.519722,-0.029262,0.565439,-0.636767,0.364181,0,0,0,0
-0.526941,1.625470,1.772872,0.161076,1.127501,0.683500,0.372145,1,0,0,0
0.879369,0.023356,-0.455154,-0.384218,-0.171294,-0.035699,0.684285,0,0,0,0
0.423559,-0.426935,0.451920,0.247321,0.362063,0.488716,0.641488,0,1,0,0
0.036303,0.192673,-0.034935,1.460029,0.347442,0.323957,-0.822609,0,0,0,0
-0.276572,0.789476,0.455027,1.185848,1.904892,-0.113696,-0.768233,0,0,0,1
0.927445,0.167157,-0.959827,-0.188768,-0.380816,-0.710404,0.151692,0,0,0,0
0.316265,0.838773,-0.900106,0.441581,0.485406,0.615244,0.191699,1,0,0,0
0.344394,0.555868,-0.272375,1.273906,-0.086066,-0.375597,0.418343,0,0,0,0
0.014715,0.994001,-0.361553,0.794984,0.385910,-0.136812,0.253496,0,0,0,1
0.660738,0.618360,-0.889352,0.149240,-0.102353,0.067508,-0.632826,0,0,0,0
-0.016972,1.189222,1.176173,-0.727641,-0.095051,1.225119,-0.286316,0,1,0,0
-0.030288,1.293289,0.689755,-1.329490,-0.327835,-0.399727,0.845294,0,0,0,0
-0.028371,1.191675,0.551144,-0.917123,-0.579561,0.202269,0.800837,0,0,0,1
0.746822,0.247822,-0.761862,-0.448658,-1.149663,-0.459556,0.520241,0,0,0,0
0.263117,0.373094,0.273442,0.461653,-1.613170,-0.463399,0.231338,1,0,0,0
-0.803910,2.045041,1.092701,-0.971384,0.604630,-0.448049,-0.034749,0,0,0,0
0.717459,-0.842928,1.550061,-0.168541,-0.259693,1.045423,-0.297517,0,0,0,1
1.249057,0.286831,-0.532374,0.238682,-0.991779,-0.036748,0.655966,0,0,0,0
0.372823,0.955403,0.593595,0.100105,-0.679929,-0.425656,0.133200,0,0,1,0
0.411883,0.266497,0.275603,0.418186,-0.921333,0.182505,0.949898,0,0,0,0
0.295095,0.661710,0.724321,-0.036111,-0.454936,0.030532,0.404948,1,1,0,0
0.815213,0.413266,-0.184589,0.028035,-0.727980,0.145371,0.884204,0,0,0,0
-0.088046,0.866986,1.440511,0.938901,-0.566350,-0.278545,-0.466070,0,0,0,0
0.468026,-1.240311,2.251536,1.369210,-1.646655,2.000217,-0.367185,0,0,0,0
0.909598,-0.853798,0.062510,1.239715,0.150714,0.672973,-0.078266,0,1,0,0
0.791671,0.395846,-0.660448,-0.462692,-0.784531,-0.526736,0.890733,0,0,0,0
0.213535,0.504455,1.106917,0.284116,-0.970824,0.403509,0.224314,0,0,1,0
0.347543,0.203175,0.309675,0.813600,-1.278975,-0.299755,0.277564,0,0,0,0
0.218013,0.296068,0.203166,0.144356,-0.813595,0.225772,0.227896,0,1,0,0
0.697400,0.378946,-1.098584,0.156704,-0.866476,-0.490819,-0.656320,0,0,0,0
0.513546,0.406744,0.291175,0.335646,0.037142,1.168440,-0.246378,0,0,0,1
0.491390,-1.843405,2.867392,1.117456,-1.103614,3.185398,0.077385,0,0,0,0
0.768480,-1.410486,1.483609,0.180499,-0.237412,0.825050,-0.366225,0,1,0,0
1.132764,-0.215512,0.037604,-0.552207,-0.302449,-0.143842,0.357464,0,0,0,0
0.578211,-0.271170,1.786247,0.016677,-0.571258,-0.283532,0.137151,1,0,0,0
0.405980,0.610872,0.721920,0.864481,-0.527224,0.524556,0.041357,0,0,0,0
0.436970,0.316718,2.911528,-0.739472,-0.036017,-0.572618,0.311727,0,0,1,0
0.930165,-0.172241,-0.641957,-0.287469,-0.410621,0.048609,0.550532,0,0,0,0
0.609283,0.645428,-1.210872,-0.076917,0.988761,0.703471,0.456009,0,1,0,0
0.352974,0.230644,-0.123055,0.416161,0.225830,0.205212,0.713086,0,0,0,0
-0.065601,1.147928,0.380382,-0.420954,0.425482,0.097669,0.095385,0,0,1,0
0.694070,0.101797,-0.990646,-0.075172,-0.199468,-0.209186,-0.590348,0,0,0,0
0.245482,0.082256,0.976559,-0.537268,-0.358938,0.218990,-0.496859,1,0,0,0
0.653393,0.434541,0.655488,-0.408128,-1.414410,-0.056659,0.658789,0,0,0,0
0.076568,1.188687,1.339088,-1.581153,-0.164942,-0.361912,0.580153,0,0,1,0
0.777198,0.300705,-0.852747,-0.386867,-0.894892,-0.885834,0.599662,0,0,0,0
0.629782,0.516297,0.391241,-1.167295,-0.318304,0.534614,0.202031,0,1,0,0
0.643619,-0.577737,2.048957,-1.172498,-2.490057,0.069301,-0.130285,0,0,0,0
0.659498,-1.136123,1.940377,-1.510166,-1.760654,0.247467,0.120441,0,0,1,0
1.077312,0.034631,-0.496162,-0.266505,-0.920915,-0.089436,0.331493,0,0,0,0
0.461000,0.786082,-0.087825,-0.156295,-0.606478,-0.099779,0.743834,0,0,0,1
0.817584,0.360217,-0.474646,-0.223310,-0.483616,-0.390185,0.662927,0,0,0,0
0.343184,0.880118,0.339320,-0.389145,-1.057767,-0.626792,0.741911,1,0,0,0
0.783702,0.438038,-0.145729,-0.275980,0.213417,0.260127,0.814733,0,0,0,0
0.341981,0.462620,0.866402,-0.032138,-0.895513,-0.029284,0.516085,0,1,0,0
0.955449,0.338564,-0.318511,-0.249728,0.051423,-0.012833,-0.041528,0,0,0,0
0.793320,-0.643936,1.058622,-0.650749,0.587958,2.740529,-0.091949,0,0,1,0
0.840342,-0.211540,0.215304,-0.204269,-0.211606,0.059064,0.768408,0,0,0,0
0.609130,0.145802,0.849190,-0.371753,-1.695415,-0.071219,0.717032,0,0,0,1
0.835775,-0.109649,0.096380,-0.469411,-0.519673,-0.248312,0.689178,0,0,0,0
0.363104,0.566724,1.103340,-1.072400,-0.359477,-0.149971,0.451857,1,0,0,0
0.493563,-0.068259,-0.329727,0.100439,0.001224,-0.105239,-0.551607,0,0,0,0
0.896882,-0.209222,-0.739317,-0.171937,1.233471,0.906184,-0.120115,0,1,0,0
0.445933,0.350935,-0.097324,0.699986,-0.007645,-0.167954,-0.183471,0,0,0,0
0.323378,0.937951,-0.539677,0.311010,0.523471,-0.454324,0.231260,0,0,0,1
0.733748,-1.171991,0.263520,0.270380,0.833405,0.136215,-0.117627,0,0,0,0
0.553442,-0.521138,-0.129388,0.529347,-0.507427,0.124173,-0.269516,0,0,1,0
0.837637,-0.285749,0.262989,-0.105858,0.433242,1.054489,0.234317,0,0,0,0
0.511846,0.268533,-0.520832,1.094627,0.467948,0.188724,0.158026,1,0,0,0
0.807609,-0.482681,-0.779506,0.460850,1.035398,1.480848,0.506280,0,0,0,0
0.641404,-0.465929,-1.834961,0.788810,1.040773,0.281168,0.291899,0,0,1,0
0.549447,-0.010901,-0.692636,0.069193,0.605245,0.875218,-0.233402,0,0,0,0
0.826670,0.378858,-0.818388,-0.096242,-1.065340,0.118410,0.418585,0,1,0,0
0.685358,-0.059895,-0.648203,0.072924,0.216034,-0.414135,0.051507,0,0,0,0
0.606747,-0.260136,-0.557732,0.526830,-0.329999,0.419282,-0.354356,0,0,0,1
0.645068,-0.481494,-0.845552,0.442948,0.012010,0.097071,0.418402,0,0,0,0
0.543001,-0.442605,-0.208611,0.981530,-1.145715,-0.335633,-0.563727,0,0,1,0
0.684200,-0.362879,-0.309036,0.132013,-1.068169,-0.600696,0.507890,0,0,0,0
0.688610,-0.306265,0.146564,0.097887,-1.860060,0.108855,0.470464,1,0,0,0
0.769172,-0.515063,-0.094039,0.810442,-0.297478,1.285738,0.006353,0,0,0,0
0.824855,-0.572153,0.295070,0.381819,-1.545469,0.592607,0.133899,0,0,0,1
0.632771,-0.805260,0.941944,0.144674,-1.647208,-0.134109,-0.569466,0,0,0,0
0.842643,-1.251243,1.058360,0.795497,-1.589735,0.132196,-0.290340,0,1,0,0
0.898879,-0.642443,0.789517,-0.670815,-0.832693,1.701656,0.251683,0,0,0,0
0.572922,-0.977438,1.157926,-0.912726,-1.992229,-0.073548,-0.182148,0,0,0,0
-0.987440,-1.314640,0.009562,-3.431239,-2.872646,0.261109,-0.395343,0,0,0,0
-0.975824,-1.777649,-0.269609,-3.669168,-3.277969,0.220309,-0.681748,0,0,0,0
-0.738467,-1.584203,-1.610714,-3.007895,-2.444011,1.104583,-1.945314,0,0,0,0
-0.989006,-1.046229,-0.662606,-2.577142,-2.973841,0.382325,-2.167890,0,0,0,0
-1.795735,-0.358169,-0.799428,-3.122211,-2.804021,-0.545792,-2.436620,0,0,0,0
-2.739375,1.008488,-0.416622,-4.236888,-1.389091,-0.158891,-2.510351,0,0,0,0
-3.155061,0.740549,-1.190526,-5.157358,-0.497391,0.428797,-2.558648,0,0,0,0
-3.393088,0.631011,-0.346508,-4.918879,-0.871431,-0.644687,-2.651597,0,0,0,0
-3.419263,0.730891,-0.176042,-5.179569,-1.284327,-0.376201,-2.634051,0,0,0,0
-3.636333,0.124540,-0.317475,-4.699461,-0.322049,-0.033469,-2.695443,0,0,0,0
-3.749998,0.138967,0.064139,-5.060311,-1.149535,-0.384230,-2.688301,0,0,0,0
-2.302603,-2.044563,-1.534273,-1.958074,-1.395362,3.475262,-2.679994,0,0,0,0
-1.274002,-2.692480,-2.218287,-1.177069,-0.444740,1.111586,-2.439463,0,0,0,0
-1.156666,-2.205276,-2.140661,-1.109927,0.596228,0.087196,-2.390736,0,0,0,0
-2.751334,-0.370607,-0.607546,-2.425398,0.054305,-0.845074,-2.664112,0,0,0,0
1.218917,-0.442925,-2.523846,-2.673156,-2.290754,5.907000,1.108259,0,0,1,1
0.740826,0.585805,-1.528178,-0.499601,-0.343591,-0.680001,0.858509,0,0,0,0
0.776259,0.516764,-1.862361,0.127033,-1.049690,0.817555,0.660314,0,1,0,0
0.608350,0.265794,-1.222429,0.331112,0.136140,-0.053591,0.312108,0,0,0,0
1.204258,-0.159309,-0.998150,-0.343037,0.280611,1.964019,0.384433,1,0,0,1
0.757325,0.728191,-0.843094,-0.306306,-0.543551,-0.455707,0.815768,0,0,0,0
0.851969,-0.229633,-1.009805,-0.320055,-0.936093,-0.027581,0.367618,0,0,1,0
0.774109,-0.221426,-0.136796,0.045474,-0.268128,0.502753,0.268259,0,0,0,0
1.034090,-1.161978,0.592032,0.086213,-1.049282,1.192324,0.391790,1,1,0,0
1.022294,0.617314,-0.724726,-0.789130,-1.059312,0.264555,0.682963,0,0,0,0
0.516259,1.447498,-1.433306,-0.917269,-0.213516,0.199555,0.647124,0,0,1,0
0.500006,1.371274,-0.538780,-0.371577,-0.487385,-0.185457,0.487563,0,0,0,0
0.328638,1.253291,0.271007,-0.538285,-0.513570,-0.251864,0.062456,1,0,0,1
0.730670,0.646602,0.137557,-0.071902,-1.129685,1.310508,0.729194,0,0,0,0
0.424018,0.816306,-0.108735,-0.453408,-0.112751,-0.671587,0.925307,0,1,0,0
0.269247,0.283054,1.147645,-1.081500,0.090234,-0.903496,1.030449,0,0,0,0
0.856356,-1.115907,-0.131482,0.246630,0.326562,0.072737,0.830529,0,0,0,1
0.763142,-0.064366,-1.513718,-2.230639,-2.442611,0.706381,0.525807,0,0,0,0
0.279985,-0.294871,-2.159763,-2.154119,-1.223549,-0.233953,0.782255,0,0,0,0
0.386709,-0.393167,-2.355656,-1.686224,-1.066111,0.187975,0.504371,0,0,0,0
0.244247,-0.494699,-2.750814,-1.094679,-1.003606,-0.101473,0.963627,1,1,0,0
0.902459,0.126637,-1.308810,0.362251,-0.452914,0.420341,0.841212,0,0,0,0
0.722729,0.712113,-0.852241,0.094980,-0.177378,0.122403,0.703842,0,0,1,0
0.564591,-0.889324,-0.147332,0.362458,-0.499296,0.396707,0.677281,0,0,0,0
0.871095,-1.349505,-1.164910,0.056244,-1.240248,0.459254,1.055844,1,0,0,0
0.752958,0.508326,-0.709378,-0.333126,0.562720,0.389680,1.528000,0,0,0,0
0.668573,0.937441,-1.166118,-0.338504,-0.188993,0.632329,1.192159,0,0,0,0
0.551485,0.499957,-1.178632,-0.161765,0.198897,-0.475639,0.803882,0,0,0,0
0.440156,1.190781,-0.854716,-0.742671,-1.243384,-0.352302,0.077765,0,0,1,1
0.796071,-0.993042,-1.612094,0.985922,-1.001792,0.409598,-0.409868,0,0,0,0
0.597437,-0.635692,-1.834963,0.548574,-0.280507,-0.238958,-0.782796,0,1,0,0
0.430538,0.979230,-1.358698,0.248758,-0.106226,-0.671132,-0.429110,0,0,0,0
0.736136,0.129005,-1.399874,-1.344463,-0.326664,-0.661679,0.750856,1,0,0,0
0.432501,0.198015,-1.601514,-0.697272,-0.728107,-0.146256,0.781608,0,0,0,0
0.524684,-0.098444,-2.106955,-0.656369,-0.262789,1.447536,0.888498,0,0,0,1
0.471318,0.405268,-1.254169,1.245588,1.164194,0.146692,0.964189,0,0,0,0
0.841191,-0.806915,-0.279797,0.328671,0.815850,1.902588,0.675558,0,1,1,0
0.897221,-0.373477,-1.323876,0.500078,-0.212484,0.277979,0.528453,0,0,0,0
0.668661,-0.260097,-1.015220,0.450195,-0.786734,0.158936,0.640086,1,0,0,0
0.456823,-0.423329,0.704346,0.462694,1.318557,0.031732,0.710426,0,0,0,0
1.034471,-1.125825,0.984327,-1.029823,1.210573,0.221879,0.248711,0,0,0,1
0.612208,-0.435683,-1.483798,0.405827,1.152630,0.540483,0.758908,0,0,0,0
0.782253,0.204920,-1.516882,-0.028852,0.379029,0.121923,0.786276,0,0,1,0
0.620147,0.565749,-1.346321,0.132968,0.264396,0.966265,0.611550,0,0,0,0
0.663614,0.403671,-1.089149,0.386946,-0.128605,0.236568,0.750478,1,1,0,0
1.184593,-0.269937,-1.160746,0.563550,-0.282387,1.377035,0.750639,0,0,0,0
0.923983,0.145825,-1.010446,-0.229821,-0.757005,-0.129258,0.540704,0,0,0,1
0.750955,0.602795,-0.738331,-0.300710,0.505533,-0.318040,0.087374,0,0,0,0
0.969388,-1.168848,0.603818,0.382159,-1.413247,0.873055,0.459470,0,1,1,0
0.961259,0.399824,-0.659488,-0.477031,0.549099,-0.029136,1.593210,0,0,0,0
0.792854,0.552696,-0.480272,-0.886427,0.061776,0.237259,0.899664,0,0,0,0
0.678961,0.550436,-0.861898,-0.377461,0.222840,-0.632659,0.507165,0,0,0,0
0.731183,0.023431,-1.256298,-0.681180,0.167802,0.393727,1.007039,1,0,0,1
0.961520,0.402911,-0.848770,0.367728,-0.786927,0.573233,0.635836,0,0,0,0
0.670843,0.651344,-0.375224,-0.047097,-0.311249,-0.115071,0.652644,0,1,0,0
0.859044,-0.889371,0.063158,0.936880,-0.743696,1.385960,1.133932,0,0,0,0
0.902982,-1.614482,-0.416551,0.204215,-1.837936,0.363222,0.376864,0,0,0,1
0.539690,-0.176240,-0.622793,-0.537836,0.310069,0.186550,1.467029,0,0,0,0
0.555882,-0.022406,-2.097781,-0.550511,-0.222260,1.055891,0.822605,0,0,1,0
0.456719,0.557702,-1.046075,0.267362,-0.243241,-0.420707,0.947437,0,0,0,0
0.700049,-0.099017,0.121393,-0.606879,0.057664,0.296683,0.663860,1,1,0,0
0.705606,-0.820801,-0.923289,1.523931,-0.870410,0.255846,-0.512490,0,0,0,0
0.542998,0.298764,-0.760747,1.161569,-0.700714,-0.673652,-0.446170,0,0,1,0
0.232835,1.502745,-0.388367,0.469358,0.574952,-0.062168,0.054976,0,0,0,0
1.249996,-0.148193,-0.829319,0.484573,0.181077,6.313268,1.282499,0,0,0,1
0.164485,0.221303,-0.800012,-0.802429,-0.083555,-0.581062,1.022028,0,0,0,0
0.082210,0.181162,-1.195956,-1.491680,-1.130995,1.345418,1.219238,1,0,0,0
0.417888,0.878656,-0.683794,-0.388470,0.413580,-0.170721,1.168289,0,0,0,0
0.074497,0.987509,1.139848,-0.811265,0.536500,0.531615,0.860764,0,1,1,0
0.695286,-0.064077,-0.509135,0.311650,-1.309678,1.000187,1.302627,0,0,0,0
0.503049,0.196141,-0.136978,-0.633311,-1.051271,-0.557001,0.856806,0,0,0,1
0.285928,1.528637,0.233404,-0.423272,-0.152324,-0.328668,0.978996,0,0,0,0
0.822011,-0.458313,2.318394,-0.197052,-0.915207,2.906156,0.940130,1,0,0,0
0.691312,0.384632,-1.161593,0.032862,-1.440318,-0.505945,0.974208,0,0,0,0
0.157960,0.692127,-1.245630,-0.790202,-1.754447,0.112351,1.173741,0,1,0,0
0.646998,1.219357,-0.298372,0.396452,-1.674775,0.215569,0.679433,0,0,0,0
0.531013,0.840740,0.874625,-0.475912,-0.055466,-0.652640,1.122689,0,0,1,1
1.248796,0.101710,-0.825085,0.801753,-1.201175,1.517572,0.826318,0,0,0,0
1.018567,0.937077,-1.110332,0.139315,-1.035703,-0.266946,0.568295,0,1,0,0
0.866423,0.098507,-1.179677,-0.336955,-0.736789,1.088497,0.611644,0,0,0,0
0.950024,-0.015067,-1.057815,0.190860,0.393014,0.991496,0.219336,1,0,0,1
0.577537,0.497582,-0.226935,0.166288,0.800053,-0.671426,0.925814,0,0,0,0
0.366037,1.135450,0.037757,0.010338,0.770782,0.216911,0.347021,0,0,0,0
0.127385,0.959867,-0.096165,-0.284695,0.822244,-0.203796,-0.649417,0,0,0,0
0.350177,0.794547,-0.520883,1.070625,-0.081302,-0.341066,-0.438465,0,0,1,1
0.814905,-0.190033,-0.697740,1.414296,-0.752207,0.689073,0.083209,0,0,0,0
0.440660,0.933335,0.217222,1.398623,-1.582534,-0.539092,0.254898,1,0,0,0
-0.034782,1.125271,0.715126,1.070814,-0.664829,-0.904811,0.798490,0,0,0,0
-0.221482,1.125410,0.207442,-0.393678,0.083647,-0.099391,0.300636,0,1,0,0
0.297980,-0.001236,0.066899,1.026824,0.875828,-0.330718,0.894861,0,0,0,0
0.396332,0.399513,-0.379561,0.844049,-0.688932,0.625325,0.609371,0,0,0,0
-0.277377,1.300044,-0.326458,0.220376,0.716484,-0.641219,-0.862761,0,0,0,0
0.697892,-1.362956,0.974916,1.067772,-1.365360,1.879165,0.107469,0,0,1,1
0.928562,-0.766524,-0.605139,1.402792,-0.408925,0.979419,0.390808,0,0,0,0
0.342867,-0.085281,-0.120738,1.311744,-1.079095,-0.911576,0.646110,0,1,0,0
0.557078,0.158786,-0.282497,0.994821,-0.242669,-0.231167,0.647144,0,0,0,0
0.170547,0.923506,0.806837,0.711809,1.019513,-0.230995,0.485728,0,0,0,1
0.091610,-0.993175,0.405895,1.832128,1.261480,-0.475623,1.061483,0,0,0,0
0.206846,0.243658,-0.986770,1.103372,1.388022,-0.708754,0.327107,1,0,0,0
-0.166660,1.901655,-0.401601,0.552667,1.172719,-0.544532,0.839165,0,0,0,0
-0.191574,1.945667,0.613779,0.465275,1.141437,-0.665368,0.793993,0,1,1,0
0.936746,0.173378,-1.290547,1.054028,-1.041781,0.407448,0.504380,0,0,0,0
0.568245,0.122813,-0.852840,0.693437,-1.001312,0.066737,0.056931,0,0,0,1
0.539288,1.004714,-0.914127,1.156066,0.625438,0.183967,1.104602,0,0,0,0
0.167481,1.276202,0.253670,0.497145,0.493178,0.608604,0.108562,0,0,1,0
-0.040822,0.933781,-0.440792,0.530803,0.198562,-0.516392,0.989087,0,0,0,0
0.258609,-0.065990,-0.383869,0.809181,-1.117100,-0.141515,0.615061,1,0,0,0
0.546342,0.670519,-0.799745,0.865959,-0.387803,0.191587,0.405599,0,0,0,0
0.795553,0.879553,-1.248105,0.088709,-0.437080,0.499935,0.796546,0,1,0,1
1.127618,-0.046916,-1.632383,0.464854,-0.801021,0.052454,0.440653,0,0,0,0
0.736894,0.895011,-0.657983,0.534111,-0.988794,-0.150515,-0.382753,0,0,1,0
0.614956,1.353363,-0.941718,0.421420,-0.136179,0.266422,0.183002,0,0,0,0
0.471432,1.140812,-0.275779,0.053797,0.744268,-0.623080,0.311501,1,1,0,0
0.426216,0.394551,-0.894633,-0.154555,0.808983,0.717771,1.390631,0,0,0,0
0.414376,0.939131,-0.721652,0.028115,0.731642,0.472769,0.125917,0,0,0,0
0.214075,1.552017,-1.021292,-0.296409,1.452331,-0.304451,0.596508,0,0,0,0
0.928171,-0.428357,-1.054694,0.058757,-1.305729,0.461616,0.568441,0,0,1,1
1.114297,-0.073731,-1.054289,1.310194,0.232924,0.048845,0.076718,0,0,0,0
0.937159,0.671972,-1.181485,1.156130,0.422524,-0.464711,0.392310,0,1,0,0
0.625232,-0.366587,0.031584,0.876731,1.449285,-0.357818,0.962260,0,0,0,0
0.217938,-0.913576,0.572786,-0.240898,-1.120424,0.254811,-0.464243,1,0,0,0
0.382788,0.435901,-1.042188,-0.193379,-0.358636,-0.075011,0.792678,0,0,0,0
0.468987,0.264959,-1.405579,-0.831807,-0.384019,0.472548,0.271748,0,0,0,1
0.069336,1.661841,-0.859633,0.410298,0.516080,-0.151328,-0.105646,0,0,0,0
0.179505,0.117269,0.999826,-0.842230,1.100412,-0.180923,0.187307,0,1,1,0
0.953152,-0.388599,-0.823681,1.975782,-0.256128,0.755998,0.094098,0,0,0,0
0.612041,0.290764,0.045407,1.908437,-0.911549,-0.594228,-0.014120,1,0,0,0
0.769711,-0.471496,-0.241782,1.059352,0.448626,0.139034,-0.220165,0,0,0,0
0.153587,-0.052234,1.493953,0.672674,-0.591163,-0.707862,0.048506,0,0,0,1
0.613298,0.246267,-0.733881,0.279740,-0.729687,-0.292758,0.853883,0,0,0,0
0.428999,0.349999,-1.188049,-0.444579,-0.448806,0.172805,0.456331,0,0,1,0
0.111511,0.650774,-0.299652,1.357645,0.568540,-0.636509,1.847989,0,0,0,0
0.496278,-0.953333,1.372323,0.537412,-0.131973,0.293287,0.523424,1,1,0,0
0.808043,0.371544,-0.855639,1.049269,-1.025318,-0.114367,0.765612,0,0,0,0
0.636452,0.111959,-0.842931,0.063850,0.073538,-0.115320,0.394745,0,0,1,0
-0.290996,1.071954,-0.384368,0.829646,1.170974,-0.651867,0.577129,0,0,0,0
0.905843,-0.889760,1.024502,0.666708,0.098015,-0.539067,0.416528,0,0,0,1
0.412401,0.607142,-0.693941,0.102580,-0.320887,-0.274977,1.013463,0,0,0,0
0.436553,0.195351,-1.072166,-0.474658,0.011466,-0.268450,0.071388,1,0,0,0
0.339234,1.101240,-0.278984,0.122964,0.044375,-1.122096,-0.138762,0,0,0,0
0.300474,0.739476,0.300190,-0.585923,0.838346,-0.785661,0.146153,0,1,1,0
0.965879,-0.323327,-0.726874,0.502238,-0.670187,-0.321989,1.016117,0,0,0,0
0.851054,0.096731,-1.062604,0.704559,-0.682043,0.001706,0.194910,0,0,0,1
0.687706,0.197388,-1.259934,1.247630,0.667684,1.452898,-0.422603,0,0,0,0
0.837537,-0.908354,-0.007543,1.174684,1.068707,1.796764,-0.135972,1,1,0,0
0.815050,-0.131207,0.057487,0.043611,0.140350,0.497076,1.235396,0,0,0,0
0.918014,0.124081,-0.644209,0.461806,0.060311,0.469814,0.659271,0,0,0,0
0.754360,0.392684,-0.795060,0.653346,-0.074714,-0.129175,0.407860,0,0,0,0
0.659623,-0.242605,-1.313626,0.528189,-1.020097,-0.088982,0.190190,0,0,1,1
1.039527,-0.038650,-0.553490,0.886912,-0.541274,-0.115025,0.605468,0,0,0,0
0.732754,0.263626,-0.410542,1.011494,0.386134,0.053471,0.462579,0,1,0,0
-0.096720,0.937985,0.203472,0.561671,0.896109,-0.537383,0.287577,0,0,0,0
0.330739,0.628968,-0.377310,-0.146733,-0.605941,0.906426,0.538816,0,0,0,1
0.155064,0.939074,0.053319,0.364945,-0.311660,-0.187708,1.276754,0,0,0,0
0.628826,0.794569,-0.610853,0.516132,-0.518355,0.828510,1.133453,0,0,0,0
0.390370,0.842214,-0.334494,-0.478223,-0.252174,-0.520144,0.673867,0,0,0,0
0.314291,0.717105,-0.146753,-0.662594,-0.552289,0.039077,0.917596,1,1,0,0
0.893363,-1.334539,-0.973392,0.404669,-0.606454,1.070458,-0.290430,0,0,0,0
0.422910,-0.248380,-0.851857,0.450388,-1.417903,-0.074701,-0.988366,0,0,1,0
0.219691,1.475334,-1.230015,-0.022455,0.183031,-0.358368,-0.591562,0,0,0,0
1.356705,-1.979679,-0.484651,0.195539,1.025861,6.221034,0.215846,0,0,0,1
0.296440,-0.496599,-0.518797,-0.366359,0.852210,0.367708,0.997875,0,0,0,0
0.608242,-0.507174,-0.762252,-0.241567,-0.459828,2.473846,0.966341,0,1,0,0
0.554761,0.559565,-0.234348,0.243573,0.979887,-0.236601,1.362135,0,0,0,0
0.162118,1.136017,0.831561,-0.277383,1.156785,-0.188222,0.846804,1,0,1,0
1.005260,-0.046820,-1.324620,0.600865,-0.852811,0.759261,0.409691,0,0,0,0
0.625494,-0.026861,-1.000321,-0.117401,-0.693747,-0.654996,0.575960,0,0,0,1
0.513279,-0.215147,1.360817,0.336504,0.008723,0.308225,0.910153,0,0,0,0
0.818837,-1.781070,1.547064,0.320755,-0.813367,0.551590,-0.019729,0,1,0,0
0.443524,0.325304,-0.573770,-0.591926,0.877338,0.220277,1.033017,0,0,0,0
0.819459,0.172352,-1.131380,-0.931453,0.585085,1.913563,0.629884,0,0,1,0
0.413618,0.946861,-0.200715,0.321902,-0.349105,0.761290,-0.263981,0,0,0,0
1.160173,-1.130750,0.200595,0.197574,-1.188453,3.237353,0.735649,1,0,0,1
1.188637,-0.362198,-0.886739,0.925420,-0.450027,0.256700,0.467364,0,0,0,0
0.890446,0.068300,-0.581790,0.817695,-0.002068,-0.167138,0.180377,0,1,0,0
0.298089,1.414038,-0.551823,-0.014044,1.059123,-0.013927,-0.173688,0,0,0,0
1.139003,-1.434537,0.151268,1.127900,0.871705,1.273227,0.478869,0,0,1,1
0.845340,0.342880,-0.626087,0.038395,0.759309,0.631497,1.012545,0,0,0,0
0.891206,0.579546,-0.361741,-0.450034,0.781839,-0.107925,0.538574,0,0,0,0
0.859840,0.326074,-0.901075,0.216627,0.196176,0.438962,0.125579,0,0,0,0
0.882013,-0.140948,-1.132527,0.085529,-0.142117,0.212296,0.308359,1,1,0,0
1.058507,0.119199,-0.881717,0.901141,-0.259085,-0.152670,0.543153,0,0,0,0
0.936511,0.872638,-1.055906,0.339453,-0.251213,0.241004,0.661048,0,0,0,1
0.513943,0.442257,-0.266333,-0.412237,1.188582,-0.275398,0.870839,0,0,0,0
0.632039,-2.133218,0.459384,0.141012,-1.712057,2.967221,-0.064234,0,1,0,0
0.559084,0.138590,-0.670454,-0.488137,-0.090021,1.155504,1.322012,0,0,0,0
0.573640,-0.368336,-1.464580,-1.224681,-0.677963,0.193834,0.491348,0,0,1,0
0.586132,0.690894,-1.249768,0.181722,-1.017791,-0.014583,0.754281,0,0,0,0
0.638872,-0.125260,0.017437,-0.284548,-0.241099,0.303315,1.003376,1,0,0,1
0.968566,-0.518252,-0.731223,0.539732,-1.051044,1.514878,0.213122,0,0,0,0
0.382250,0.361138,-0.815476,0.916677,-0.092361,-0.728712,-0.208173,0,0,1,0
0.686380,0.274682,0.267653,0.479375,-0.327546,0.361067,0.186272,0,0,0,0
-0.127005,2.396988,0.536633,-0.075960,0.784031,-0.436263,0.167880,0,1,0,0
-0.151401,-0.118380,-0.223146,0.018690,1.169445,-0.679607,0.833443,0,0,0,0
0.378718,-0.590131,-1.598650,-0.229909,-0.326002,2.994649,0.171317,1,0,0,0
0.136879,1.304081,0.039133,0.871441,0.553611,-0.757055,1.469302,0,0,0,0
-0.153242,0.468809,0.953994,-0.128903,1.793612,-0.350575,0.388032,0,0,1,1
0.688631,-0.521111,-1.007669,2.078261,-0.254844,0.702409,0.786702,0,0,0,0
0.419540,-0.287129,-0.973428,0.905892,-0.026478,-0.628462,0.442573,0,1,0,0
0.312930,1.125560,0.239443,0.680191,0.791454,-0.522246,0.916601,0,0,0,0
0.514498,-1.206427,1.694461,1.780149,-0.479788,1.589287,0.794783,1,0,0,0
0.543134,-0.314935,-0.135802,0.522417,-0.255278,-0.258146,1.118916,0,0,0,0
0.160116,0.209606,-0.351416,0.453795,-0.088955,-0.430754,0.410630,0,0,0,1
0.727743,0.860722,-0.976863,0.944281,-1.806561,0.172998,0.370235,0,0,0,0
0.199090,0.592953,1.103847,0.062003,1.353080,-0.982743,0.416137,0,1,1,0
1.173168,-0.393840,-1.044629,1.382084,-0.570028,1.070591,0.514902,0,0,0,0
0.979164,0.410394,-1.389754,0.758092,0.215728,-0.174888,0.401030,1,0,0,0
0.990723,0.171550,-1.409953,0.262214,0.519825,0.772571,0.246767,0,0,0,0
0.826115,-0.293683,-1.308171,0.802590,1.383384,0.758899,-0.090548,0,0,1,1
0.588600,0.307096,-0.427879,1.227801,0.361343,1.714343,0.896148,0,0,0,0
0.492432,0.134036,-0.899896,1.512792,0.308400,-0.555892,0.275967,0,0,0,0
0.329014,0.316257,-0.521480,1.583244,-0.246436,0.469426,-0.656541,0,0,0,0
1.155654,-0.946268,-0.550980,0.591814,-0.885815,0.879874,-0.242646,1,1,0,0
1.109075,0.159699,-0.982630,0.929254,-1.223752,1.158736,0.513421,0,0,0,0
0.669945,0.470338,-0.134117,0.657345,-1.001994,-0.916470,0.217775,0,0,0,1
0.555662,0.108061,0.659472,0.121445,-0.083826,-0.297696,1.045664,0,0,0,0
0.217804,0.758146,0.011087,0.832059,-1.416554,-0.279921,0.325195,0,0,1,0
0.461327,0.158018,0.340789,-0.086740,-0.509024,-0.597764,0.999716,0,0,0,0
0.412434,0.930776,-0.288175,0.406515,-0.686921,0.241391,0.684182,0,0,0,0
-0.034709,1.154051,-0.624635,0.172233,0.087585,-0.806372,-0.739061,0,0,0,0
0.883864,-1.057701,0.103351,-0.486949,0.459787,-0.047124,-0.069841,1,1,0,0
0.911357,-0.744204,-0.588017,0.544443,-1.088123,0.329200,0.546774,0,0,0,0
0.470178,0.131944,-1.145322,1.104138,-1.108152,0.011441,0.249987,0,0,1,0
0.616625,0.625189,-0.874428,1.232307,-0.404652,-0.416513,0.592871,0,0,0,0
0.325669,0.839036,-0.113429,1.358670,0.947541,0.044055,0.319883,0,1,0,0
0.375814,-0.121065,-0.568896,0.168671,0.351358,-0.549537,1.040203,0,0,0,0
0.375176,0.253004,-1.177374,0.332390,-0.607112,-0.342938,0.511883,1,0,0,0
0.125372,0.360269,0.308145,0.812538,2.422416,0.278619,0.874739,0,0,0,0
1.043600,-1.358952,0.604991,1.148205,1.033311,3.636234,1.205107,0,0,1,1
0.929569,0.022514,-1.288963,0.456845,-1.748630,0.008484,0.568032,0,0,0,0
0.610425,0.190199,-1.278919,1.237684,-1.360957,-0.175592,0.069682,0,1,0,0
0.706528,0.089825,-0.426419,1.353850,-0.134389,0.041021,1.050430,0,0,0,0
0.536509,-0.048123,0.194394,1.613890,-0.104990,0.370754,0.269635,1,0,0,0
0.397796,-0.091362,-0.103178,1.378261,-1.249919,-0.682491,0.939701,0,0,0,0
0.518515,-0.449565,-0.970184,0.866343,-2.259331,-0.415308,0.360177,0,0,0,1
0.777979,0.114076,-0.919539,0.742775,-1.394115,0.369797,0.364840,0,0,0,0
0.800671,-0.058236,-0.377510,0.465309,-1.449003,0.121134,0.733409,0,1,1,0
1.190884,-0.106055,-0.737823,1.212312,-1.712417,1.006225,0.203766,0,0,0,0
0.948934,-0.344491,-0.031708,0.721318,-0.636292,-0.184620,-0.320270,1,0,0,0
0.744527,-0.523781,0.523631,0.773941,-0.417044,-0.277283,-0.372837,0,0,0,0
0.435807,-1.334224,1.498158,0.712094,0.433998,0.237099,-0.060519,0,0,1,1
0.237469,0.600750,0.059777,0.287292,1.080076,0.458762,1.300868,0,0,0,0
0.554662,0.194736,-0.114196,0.659661,0.384035,0.164856,-0.469070,0,0,0,0
0.479451,-0.084350,0.502352,0.167394,0.402197,-0.271772,-0.396513,0,0,0,0
1.045843,-1.337870,0.196001,0.117469,-0.472205,0.364326,-0.023293,0,1,0,1
0.949618,-0.500318,-0.239603,1.148906,0.705682,-0.024187,-0.159405,0,0,0,0
0.777505,-0.366771,0.898728,0.746620,0.193823,-0.053698,0.650243,0,0,1,0
0.377125,-0.726544,0.571270,1.538449,1.230659,-0.368924,0.989678,0,0,0,0
0.349401,-1.681295,1.547723,0.024773,-0.118589,0.821471,-0.746256,1,0,0,0
0.561689,-0.135172,-0.156757,-0.186594,0.082176,0.257227,0.872244,0,0,0,0
0.702257,-0.726206,-0.694852,-1.269227,-1.019081,0.003591,0.588677,0,1,0,0
0.851181,-0.014605,0.431665,-0.205083,-0.012576,-0.270031,-0.268530,0,0,0,0
0.546817,-0.822225,1.423598,-0.178319,-0.005685,-0.464240,0.135183,0,0,1,1
1.124498,-0.068540,-1.142303,0.271954,-0.905095,0.177157,0.588705,0,0,0,0
1.122221,-0.304689,-0.039004,-0.192526,-0.576250,-0.431088,0.143052,1,0,0,0
0.946151,-0.614648,1.007038,-0.036095,-0.310996,-0.367991,-0.478970,0,0,0,0
0.865010,-1.713930,2.290391,0.648567,-0.793925,-0.352605,-0.001651,0,1,0,0
0.801401,-0.570970,-0.574500,0.772333,0.378204,-0.388415,0.711757,0,0,0,0
1.031698,-1.060998,-0.584781,-0.115656,0.222567,0.851937,0.257491,0,0,1,0
0.943930,-0.427646,-0.152382,0.398668,1.130985,-0.285823,0.937003,0,0,0,0
1.014696,-0.378526,-0.491411,0.248268,0.334644,-0.101092,0.530587,1,0,0,1
1.027142,-0.492028,-1.143615,0.844352,0.201922,-0.048681,0.027883,0,0,0,0
1.068364,-0.830422,0.150815,0.198322,0.849390,-0.209794,0.170866,0,1,0,0
0.762409,-1.451762,1.555965,1.321511,0.556925,-0.075809,0.976371,0,0,0,0
1.021531,-1.135306,0.623009,1.543736,-0.330873,-0.637612,0.786621,0,0,1,0
0.798139,0.305863,-0.899376,0.697807,0.668441,-0.399031,1.294495,0,0,0,0
1.163549,-0.452803,-0.445836,-0.575058,-0.143724,0.249300,0.342431,0,0,0,1
1.013958,-0.465967,0.057746,-0.402640,0.660692,-0.499300,0.236701,0,0,0,0
1.003509,-0.515341,0.557805,-0.799112,-0.149530,-0.575273,0.464418,1,1,0,0
1.148944,-0.258307,-0.670292,0.961789,-0.808109,0.450431,0.200411,0,0,0,0
1.213034,-0.699504,-0.117314,-0.012453,-0.514633,-0.384931,0.046380,0,0,0,0
1.183612,-0.818930,0.155071,0.125136,0.138667,0.311299,0.672359,0,0,0,0
0.763113,0.317667,-0.446812,0.869069,0.594875,-0.178203,0.807000,0,0,1,1
0.519130,0.466836,-0.662270,0.654983,0.117708,0.508342,0.334082,0,0,0,0
0.531609,0.329764,-0.345793,-0.252268,0.039397,-1.021066,0.758634,0,0,0,0
0.438340,0.617522,-0.789724,0.122013,0.298796,0.501906,0.809007,0,0,0,0
0.552654,0.813869,-1.028568,-0.011269,-0.073205,-0.048349,0.156820,0,1,0,0
0.621769,0.795252,-0.585764,-0.229708,-1.747591,-0.279207,-0.069753,0,0,0,0
0.672377,0.547910,0.047216,-0.293693,-2.115401,-0.038730,0.210195,0,0,1,0
0.654722,0.502282,-0.017309,0.353408,-1.532657,-0.424644,0.332360,0,0,0,0
0.641341,0.335473,0.217182,0.404477,-1.813617,-0.308777,0.158580,1,0,0,0
0.675524,-0.003889,0.511038,0.941628,-0.590722,1.597756,1.594697,0,0,0,0
0.493740,-0.262350,0.223810,1.323608,-0.996042,-0.399180,1.504851,0,0,0,0
0.500460,0.323200,0.379524,0.678338,-0.451006,0.553566,1.516413,0,0,0,0
0.796168,0.393059,-0.267604,-0.106072,-1.080098,0.484131,0.634151,0,0,1,0
0.748243,0.592744,-1.060663,-0.589518,-1.591972,-0.551221,0.443222,0,0,0,0
0.347185,0.098699,-0.381748,0.241538,-1.171133,0.239701,-0.877205,0,0,0,1
-0.206771,-0.512017,0.742517,0.632885,0.360910,-0.037359,-0.159364,0,0,0,0
0.359281,-2.780425,0.349939,1.448845,-1.767281,1.346536,-0.536721,0,1,0,0
0.825112,0.533969,-1.063280,0.444251,-0.907867,-0.044297,1.051264,0,0,0,0
0.619564,0.227489,-0.931841,0.188049,-0.159533,-0.521372,1.314747,0,0,0,0
0.621378,-0.096769,-1.276477,-0.067299,-0.153362,-0.629877,0.923822,0,0,0,0
0.738255,0.392290,-1.478233,0.080173,-0.581856,-0.595058,0.099012,0,0,1,0
0.781884,0.692382,-1.018427,0.469448,-0.695518,-0.971957,0.653865,0,0,0,0
0.788130,0.945621,-0.617383,0.343423,-1.130529,-0.450061,0.083181,1,0,0,0
0.819168,-0.517187,0.194180,0.591124,-1.399086,-0.383512,-0.610765,0,0,0,0
0.850255,-1.107937,0.248286,1.675558,-1.393799,-0.185347,0.358899,0,0,1,1
0.718588,-0.319566,-2.171347,0.718604,-0.630861,0.343795,0.840010,0,0,0,0
0.534601,0.574754,-1.675470,0.328738,0.135797,-0.683837,1.103270,0,0,0,0
0.504373,0.283047,-1.532786,0.189948,0.297447,-0.176923,1.089906,0,0,0,0
1.199494,0.285353,-0.431686,-0.453718,-0.158528,0.814158,0.817625,1,0,0,0
0.868836,-0.098154,-0.126800,-0.707181,-0.082456,0.547112,1.038940,0,0,0,0
0.697829,0.317969,-0.165688,-0.419087,0.495454,0.286143,1.107644,0,0,0,0
0.093941,0.368234,-0.753329,-0.567441,0.482897,-0.632559,1.023674,0,0,0,0
0.124557,0.325749,-0.493434,-0.839534,0.207089,-0.465332,-0.164987,0,0,1,1
0.609743,0.435779,0.281796,0.309667,0.778318,-0.211075,1.440976,0,0,0,0
0.587202,-0.077481,0.081626,0.361730,1.158955,0.461189,0.586421,0,0,0,0
0.479421,0.536321,0.406014,-0.049258,1.467539,-0.414932,0.173663,0,0,0,0
0.554348,-0.030572,-0.118352,-0.736270,0.427561,0.151730,-0.283278,1,1,0,0
0.924641,-0.427959,-0.703396,0.516231,-1.269873,0.543930,0.332054,0,0,0,0
0.644336,0.485984,-0.139861,0.947931,-1.102101,-0.120848,0.366001,0,0,1,0
0.336226,-0.147300,0.310709,0.361149,0.805931,-0.246527,1.335237,0,0,0,0
0.215648,0.302354,-0.299676,-1.032917,0.144284,-0.159966,0.316123,0,0,0,1
-0.134080,0.376822,0.565239,-0.908832,-0.017477,-0.663986,1.027072,0,0,0,0
-0.019163,-0.170480,0.423812,-1.045827,0.452275,-0.127891,0.325448,1,0,0,0
0.598626,0.717687,0.521660,-0.307390,0.708099,0.410816,0.343267,0,0,0,0
0.613530,0.189856,-0.118914,-0.725203,-0.181051,0.282022,0.983637,0,1,1,0
1.005259,-0.141473,-1.004990,0.249362,-1.572319,-0.280806,0.246896,0,0,0,0
0.413790,0.497490,-0.256023,1.534581,-1.620314,0.098906,-0.229489,0,0,0,1
0.503127,0.984113,-0.504829,1.015303,-1.212143,-0.134934,-0.133993,0,0,0,0
1.296960,-1.029408,0.964381,0.339131,-0.673471,0.534003,0.412541,1,0,0,0
0.536503,-0.350274,-1.298468,-0.356247,-0.158291,0.610718,1.087031,0,0,0,0
0.695385,-0.142577,-1.553152,0.215743,-0.038178,0.127884,0.321059,0,1,0,0
0.386598,0.616769,-1.156973,0.537906,0.885032,-0.892789,1.136255,0,0,0,0
0.949536,-0.823412,-0.005234,0.202960,0.488741,0.449141,0.307487,0,0,1,1
0.998327,-0.441499,-0.546159,0.736087,-0.162604,1.285055,0.554146,0,0,0,0
0.614753,-0.146279,-0.764269,0.105931,-0.077527,-0.168383,0.357962,0,1,0,0
0.549189,-0.000556,1.169488,0.850660,0.270877,0.235258,1.136232,0,0,0,0
0.642681,-0.851723,1.032636,2.074907,-1.388872,-0.104884,0.849897,0,0,1,0
0.706167,0.540339,-1.188433,0.442589,-0.471155,-0.190869,0.953064,0,0,0,0
0.648983,0.993697,-1.281360,0.288869,-0.557935,-0.249303,0.600442,0,0,0,1
0.798927,0.425306,-0.949892,0.407697,-0.136914,-0.206088,0.570995,0,0,0,0
0.494423,0.978139,-0.824129,-0.054772,0.162153,-0.561224,0.654324,1,1,0,0
1.110718,-0.094851,-0.748839,0.863238,-0.852913,-0.217688,0.567121,0,0,0,0
0.885167,0.528262,-0.676636,0.808463,-0.141149,0.438480,0.574322,0,0,0,0
0.839593,0.134121,-0.972933,0.575864,0.417470,0.909666,0.121230,0,0,0,0
0.893639,-0.305749,-0.750532,0.245409,0.239611,1.228118,0.538019,0,0,1,1
0.497657,0.281092,0.148846,0.556719,0.265421,-0.069199,1.079283,0,0,0,0
0.465679,0.566376,-0.139793,0.604897,-0.295957,-0.164978,1.126915,0,0,0,0
0.346638,0.792631,-0.234652,0.535331,-0.188614,-0.160819,1.491273,0,0,0,0
1.050783,-0.986169,0.634805,0.392058,-1.255328,2.733188,-0.150644,1,0,0,0
0.761102,0.340712,-0.231036,-0.100467,-0.016274,0.120805,-0.078824,0,0,0,0
0.382089,0.855487,0.052944,0.403359,-0.890275,-0.197994,-0.378222,0,1,0,0
0.702212,0.617157,-0.571078,-0.020940,-0.759313,-0.678502,0.251756,0,0,0,0
0.136970,0.888126,0.643119,0.844882,-1.483341,-0.527531,-0.389561,0,0,1,0
0.616913,-0.095791,-0.242300,0.904355,-0.211415,0.324586,1.030492,0,0,0,0
0.496650,-0.107679,-0.007575,1.356883,-0.480636,0.655603,0.983737,0,0,0,0
0.448574,0.150502,0.644328,1.246369,0.096276,-0.651010,0.659328,0,0,0,0
0.595116,-1.321405,0.756371,1.674272,-1.387056,0.634319,-0.657633,0,0,0,1
0.718662,0.010726,-0.319673,0.495148,0.043996,-0.646456,-0.153800,0,0,0,0
0.511548,-0.041800,-0.146389,0.712704,-0.837440,-0.312730,-0.320331,0,1,0,0
0.288184,-1.003294,-0.238058,0.712543,0.440028,-0.222519,0.611537,0,0,0,0
-0.060520,-1.175556,-0.329809,1.122834,-0.183230,-0.837156,-0.237367,1,0,0,0
0.614336,-0.370847,0.660898,1.301597,0.305372,-0.356772,1.173644,0,0,0,0
0.707402,-0.248648,-0.074921,0.319051,0.504814,0.012820,1.157830,0,0,0,0
0.647995,-0.303373,-0.480717,0.504043,1.210272,-0.745574,0.848079,0,0,0,0
0.875207,-0.775693,-0.152468,-0.600474,0.377946,0.063386,0.003521,0,0,1,0
0.782809,-0.095848,-0.359057,0.421798,-0.497016,0.430319,0.122430,0,0,0,0
0.999373,0.169086,-0.128047,0.490430,-0.113554,0.036645,0.412708,0,0,0,1
0.640038,0.165141,0.333679,0.595672,-1.306064,-0.298515,-0.528311,0,0,0,0
0.291490,0.405578,0.581217,1.420219,-0.841970,0.132633,0.306436,1,1,0,0
0.677018,-0.901126,-0.661654,1.441294,-0.124248,0.168105,1.014875,0,0,0,0
0.605491,0.309700,-1.349435,0.812690,-0.378160,-0.558853,1.242442,0,0,0,0
0.396273,0.461107,-1.207460,0.742436,1.037563,-0.262074,1.296712,0,0,0,0
1.157408,-0.855402,0.427213,0.387827,0.261915,1.088364,0.934892,0,0,1,1
0.855394,-0.062497,-0.636207,0.788374,0.040182,1.016226,0.889821,0,0,0,0
0.600408,0.551100,-1.066502,0.285659,0.128937,0.473827,0.892838,0,0,0,0
0.436551,-0.052583,-0.678337,0.648082,-0.574378,0.306908,0.933295,0,0,0,0
0.353981,0.138756,-0.540456,1.025924,-0.344358,0.107405,-0.241055,1,0,0,1
0.370403,0.691638,-0.597595,1.135964,0.752060,-0.200637,1.060312,0,0,0,0
0.492775,0.554288,-0.949545,0.751489,0.079989,0.118732,-0.143439,0,0,0,0
0.629725,0.235136,-0.267054,0.784523,0.508035,0.021674,-0.034304,0,0,0,0
0.633039,-1.041148,0.637838,-0.084769,0.173598,-0.118366,-0.433968,1,0,1,0
1.037309,-0.624735,-1.079305,0.972907,-0.732938,0.393422,0.145147,0,0,0,0
0.485907,0.262653,-0.563229,1.482318,-0.995452,-0.633986,0.376820,0,1,0,0
0.388947,-0.525096,0.602324,0.895178,0.958867,0.270432,1.304008,0,0,0,0
0.358602,-1.183565,0.294098,-0.203216,-0.088089,-0.140643,-0.184942,0,0,0,1
0.276938,-0.190879,-1.263140,-0.456565,0.198141,0.083955,1.123101,0,0,0,0
0.344087,-0.188568,-1.873032,-0.422711,-0.518855,0.555975,0.225385,0,0,1,0
0.207784,1.263182,-0.720013,0.690858,0.946682,-0.840904,-0.338414,0,0,0,0
0.279071,0.956206,-0.258757,0.163264,-0.629168,-0.225466,0.149382,1,1,0,0
1.098582,0.007405,-1.660818,-0.031316,-1.461112,-0.416149,0.515688,0,0,0,0
0.640520,0.418022,-0.340008,1.028762,-1.473741,-0.082527,0.124563,0,0,0,1
0.470170,0.980691,-0.546990,1.001606,-0.890576,-0.532769,-0.453228,0,0,0,0
0.618436,-0.769577,2.734535,-0.149628,-0.397648,0.322556,-0.019668,1,0,0,0
0.691767,-0.365090,-0.847898,-0.171208,-0.139766,-0.214540,1.025631,0,0,0,0
0.501324,0.232993,-2.126375,-0.857661,-0.790729,0.279428,0.594522,0,1,0,0
0.605499,0.610942,-0.857553,0.825619,0.200289,-0.057406,1.057539,0,0,0,0
0.556767,0.382861,-0.468325,0.436956,1.016120,0.643618,0.500646,0,0,1,1
1.002578,-0.095923,-1.176893,0.719640,-0.494719,-0.056685,0.312663,0,0,0,0
0.822028,0.155208,0.136087,0.053353,0.167270,0.164652,0.471337,0,1,0,0
0.506295,-0.762719,0.825677,1.417453,0.207566,-0.020999,0.842775,0,0,0,0
0.712511,-1.196223,0.807893,1.620286,-0.072887,-0.058586,0.855137,0,0,0,1
0.863784,0.446646,-1.267340,-0.138512,0.353009,0.615058,1.388829,0,0,0,0
0.810811,0.713259,-1.744454,-0.410131,-0.503538,0.063939,0.268968,1,0,0,0
0.869390,0.527483,-0.699150,-0.416760,0.365074,-0.291758,0.716238,0,0,0,0
1.071230,-0.187441,0.152810,-0.190657,0.070572,0.237436,0.873988,0,1,1,0
1.358404,-0.598078,-0.389831,0.673255,-0.339357,0.831308,0.671880,0,0,0,0
0.968089,0.227570,-1.386860,0.420647,-0.677586,-0.005409,0.787132,0,0,0,0
0.902149,-0.052756,-0.825939,0.488383,0.702341,0.798845,0.733060,0,0,0,0
0.683359,0.000353,-0.546529,1.622681,1.162099,0.061032,0.774031,1,0,0,1
0.849302,-0.217974,-0.809651,0.809681,0.035712,1.018196,0.566057,0,0,0,0
0.583699,0.236769,-1.057348,-0.018357,-0.409892,-0.914336,0.806400,0,0,0,0
0.395697,0.723132,-0.699096,0.207728,-0.174842,0.247097,0.741116,0,0,0,0
0.512003,0.716090,-0.925841,-0.006329,-0.466329,0.498452,0.034445,0,0,1,0
0.459509,0.660623,-0.275713,-0.274625,-0.759995,0.001549,-0.803174,0,0,0,0
0.471674,0.954127,-0.121315,-0.103494,-1.373897,0.018693,-0.299952,0,1,0,0
0.374404,0.754340,-0.328600,0.649921,-1.012224,-0.899445,-0.651486,0,0,0,0
0.207823,0.546755,0.331769,0.711359,-1.322531,-0.475563,-0.498832,0,0,0,1
0.632404,-0.000596,0.559425,0.990154,0.238098,2.063699,1.568919,0,0,0,0
0.458374,-0.666228,-0.068529,1.827926,0.183658,-0.124152,1.500917,0,0,0,0
0.339193,0.459706,0.234733,1.305656,-0.186286,0.190871,1.518488,0,0,0,0
0.636747,0.455730,-0.300749,-0.039810,-1.152777,0.336974,0.327506,1,0,0,0
0.682418,0.300945,-1.184142,-0.663404,-1.232586,-0.261738,0.183589,0,0,0,0
0.359837,-0.102486,-0.354738,0.620415,-0.840692,-0.344784,-1.016517,0,1,0,0
-0.267420,-1.011394,0.110275,0.620631,0.608599,0.490080,-0.502476,0,0,0,0
0.248893,-2.828709,0.203336,1.513480,-1.815625,1.149805,-0.633754,0,0,1,0
0.855760,0.423965,-1.134586,0.434392,-0.747043,0.021238,1.009298,0,0,0,0
0.532062,0.310938,-1.264653,0.495753,-0.380344,0.141380,1.408955,0,0,0,0
0.586459,0.023992,-1.471752,0.319733,-0.150760,-0.661828,0.974380,0,0,0,0
0.698662,0.435780,-1.832778,0.345537,-0.734924,-0.402632,0.257033,0,1,0,0
0.761436,0.575699,-1.139111,0.555124,-0.744190,-0.876554,0.693333,0,0,0,0
0.728088,0.870197,-0.474917,0.308250,-1.098347,-0.537987,-0.080728,0,0,0,1
0.771774,-0.461368,0.084452,0.844520,-1.758222,-0.220959,-0.606799,0,0,0,0
0.748534,-1.092978,0.188343,2.113034,-1.717271,-0.355315,0.336142,1,1,0,0
0.760150,-0.088966,-1.947821,0.826155,-0.601368,0.188370,0.803278,0,0,0,0
0.627595,0.488140,-1.762515,0.316473,-0.159209,-0.451559,0.986239,0,0,0,0
0.612453,0.296804,-1.473335,0.103406,-0.006147,0.209545,1.217006,0,0,0,0
1.029423,0.662723,-1.066421,-0.198390,-0.639330,0.420350,0.624901,0,0,1,0
0.763431,-0.314422,-0.696691,-0.559134,0.037676,0.633602,0.982247,0,0,0,0
0.727614,0.528213,-0.141713,-0.025170,0.769206,0.264928,1.138907,0,0,0,0
0.381394,0.217692,-0.714031,-0.421879,0.446308,-0.480533,1.002672,0,0,0,0
0.370988,-0.119886,-0.958201,0.179693,0.436932,0.073932,-0.183898,1,0,0,1
0.634288,-1.113034,0.817835,0.131655,0.837243,-0.085112,1.135037,0,0,0,0
0.866766,-1.186112,0.896289,-0.300971,0.846474,0.693675,0.659264,0,0,0,0
0.909349,0.226704,0.028819,-0.063923,0.700842,0.913018,0.446025,0,0,0,0
0.474772,0.491020,-0.867484,0.046650,-0.841916,0.526780,-0.581459,1,1,0,0
1.068668,-0.295052,-0.864683,0.836597,-0.922900,0.184171,0.310706,0,0,0,0
0.773910,0.339590,-0.392597,1.240744,-1.022451,-0.283960,0.330740,0,0,1,0
0.499199,-0.001755,0.169609,0.636463,0.358325,-0.315011,1.423831,0,0,0,0
0.078148,0.351465,0.677588,-0.687462,0.176121,-0.251173,-0.301012,0,0,0,1
0.046264,-1.109895,-0.283190,-0.634902,0.281757,-0.411791,1.100051,0,0,0,0
-0.064930,-0.814906,-1.877057,-0.401802,-0.048071,0.384499,-0.169324,0,1,0,0
0.067891,1.771240,-0.467471,0.471397,0.800408,-0.602414,0.190107,0,0,0,0
0.594413,0.135668,-0.059826,-0.459633,-0.263699,0.052927,1.108705,1,0,1,0
0.962313,0.082925,-1.444320,0.511177,-1.917141,-0.423768,0.233130,0,0,0,0
0.487540,0.464728,-0.653912,1.278437,-1.534707,-0.144132,-0.226873,0,0,0,1
0.522147,0.812597,-0.810327,1.062924,-0.870423,0.008363,-0.144816,0,0,0,0
0.902277,-0.507109,1.423792,0.702323,-1.973413,0.484988,0.331952,1,0,0,0
0.513752,0.323422,-1.075346,0.650285,-0.481151,0.281788,0.907672,0,0,0,0
0.603453,0.387793,-1.385476,0.818544,-0.052094,1.073190,0.304910,0,1,0,0
0.473839,0.720699,-1.150928,0.627432,0.486710,-0.028416,0.731078,0,0,0,0
0.841031,0.824123,-0.910842,0.805251,-0.410656,0.061803,0.795765,0,0,1,1
0.911056,-0.016197,-0.830037,0.886413,-0.588403,0.154271,0.450449,0,0,0,0
0.516017,-0.041664,-0.786573,0.808157,-0.148586,-0.281427,0.107272,0,1,0,0
0.584068,0.004907,1.054582,0.716939,-0.431536,-0.035296,1.250559,0,0,0,0
0.835902,-0.977513,1.459200,1.611590,-0.669182,-0.517820,0.863305,0,0,0,1
0.675041,0.561231,-1.703062,0.699382,-0.503467,-0.314771,0.953197,0,0,0,0
0.466177,1.002245,-1.313365,0.249279,-0.469780,-0.151796,0.834399,0,0,1,0
0.793685,0.494628,-1.225032,0.316385,-0.462121,-0.364187,0.645209,0,0,0,0
0.470149,0.705482,-0.816105,-0.047075,-0.036999,-0.724649,0.899457,1,1,0,0
1.030974,0.184183,-0.958274,0.720590,-0.728414,0.070863,0.437862,0,0,0,0
0.800418,0.626354,-0.829867,0.566234,0.000148,-0.015361,0.719399,0,0,0,0
0.782113,0.389858,-1.469986,0.228344,-0.229164,1.314178,0.539637,0,0,0,0
0.726533,-0.572442,-1.357864,-0.026097,-0.101111,1.682311,0.481097,0,0,1,1
0.705878,-0.379217,-0.625639,1.104820,-0.376376,0.283280,0.513850,0,0,0,0
0.745299,-0.073386,-1.069872,1.141653,-0.502739,0.133142,1.238529,0,1,0,0
0.216432,0.017831,-1.033502,0.894150,-0.686722,-0.178966,0.735186,0,0,0,0
1.018172,0.047544,0.304628,-0.182089,-0.572992,3.526471,1.632434,1,0,0,0
0.737292,-0.239556,0.091492,1.256334,-0.800482,0.140740,0.801488,0,0,0,0
0.939169,0.268744,-0.526970,1.059164,0.604821,-0.239186,1.335454,0,0,0,1
0.071494,0.255863,0.233372,1.423630,0.205391,0.092636,0.434147,0,0,0,0
0.665271,-1.866256,1.583791,0.588797,-1.256399,3.353545,1.403296,1,0,0,0
0.432568,-0.062045,0.100739,0.747137,0.680677,-0.320720,1.185343,0,0,0,0
0.062213,0.543814,-0.302575,0.696677,0.173383,-0.237912,1.429310,0,1,0,0
0.251341,-0.228294,0.203340,1.069705,0.257359,-0.666169,1.034875,0,0,0,0
0.562440,-1.227454,1.435676,0.769174,-0.828997,0.281834,0.968468,0,0,1,1
0.637864,-0.963798,-0.085067,1.427132,0.032722,-0.227826,1.112353,0,0,0,0
0.598185,0.223242,-0.319281,0.328599,0.491223,-0.475264,1.242810,1,0,0,0
0.182116,0.964757,-0.734608,0.889007,0.887640,-0.637112,0.513826,0,0,0,0
0.055721,0.857808,0.202411,1.026959,1.776412,-0.475769,0.736568,0,1,0,0
0.301042,-0.762225,-1.072334,1.341200,0.397290,-0.655456,1.069270,0,0,0,0
0.332081,-0.647423,-1.440591,0.900074,0.419168,-0.542332,0.907842,0,0,1,0
0.376649,0.106936,-0.326516,1.643803,0.414374,-0.265107,0.587328,0,0,0,0
0.600505,-1.026009,0.753865,2.079951,0.289937,-0.060915,1.329917,1,0,0,1
0.756627,-0.164955,-0.632395,1.991528,0.006197,-0.315677,0.517888,0,0,0,0
0.850144,0.162463,-0.892177,2.025656,0.355281,1.106530,1.150164,0,1,0,0
0.206259,0.263320,-0.801540,1.165591,0.391438,-0.659684,0.220840,0,0,0,0
0.907924,-1.476897,0.863560,0.870078,-0.031443,-0.539285,0.832595,0,0,1,0
0.750686,-0.251325,-0.011684,1.421940,0.177569,0.097804,0.890385,0,0,0,0
0.284050,-0.318286,-0.271225,2.066354,0.505239,-0.504856,0.612195,0,0,0,1
0.616485,0.613478,-0.570885,1.566591,-0.315344,-0.383168,1.091276,0,0,0,0
0.882721,0.538244,-0.007798,0.652718,-0.453163,-0.308270,1.090307,1,0,0,0
1.088881,-0.303598,-0.568307,0.809020,-0.741960,0.964672,0.228261,0,0,0,0
1.072383,-0.140224,-0.119911,0.750405,-0.406927,0.520739,0.695352,0,0,1,0
1.007653,-0.329497,0.002101,0.633737,-0.077056,0.059338,0.596030,0,0,0,0
0.903620,-0.717359,0.114091,0.794540,0.502320,0.679335,0.481214,0,1,0,1
0.721001,0.347425,-0.951094,0.832509,-0.727451,0.438198,0.144650,0,0,0,0
0.560755,0.063177,-0.679080,0.654044,-0.439994,-0.482926,-0.224619,0,0,0,0
0.398805,-0.159668,-0.346330,0.701086,-1.116145,-0.409336,-0.306783,0,0,0,0
0.782188,-0.459110,-0.152649,0.859449,-0.481277,-0.473693,0.027163,0,0,1,0
0.509575,0.037733,-0.449478,0.813336,-0.618565,0.018818,-0.059048,0,0,0,0
0.557329,-0.012593,-0.385652,0.227083,0.039831,0.916226,0.412850,0,1,0,0
0.124392,-0.036386,-0.605373,1.355955,0.006090,0.116053,-0.774854,0,0,0,0
0.281137,-1.715757,1.247273,0.753688,-0.839573,2.350846,-0.523990,1,0,0,0
0.579726,0.012434,-2.096743,0.580869,-0.227852,-0.344893,0.363361,0,0,0,0
0.269734,-0.512224,-2.108433,0.565837,0.228009,-0.269592,0.276021,0,0,0,0
-0.248091,0.399983,-1.077921,0.436395,0.134487,-0.532007,-1.049835,0,0,0,0
-0.636270,0.411556,-0.060756,0.852759,0.600280,-0.527981,-1.106749,0,0,0,1
0.741059,0.656438,-1.836491,-0.394137,-1.716033,0.142762,0.566212,0,0,0,0
0.549850,0.525860,-1.082310,0.129260,-1.384942,-0.047627,-0.338187,0,0,0,0
-0.730096,1.295055,-0.535533,0.168131,0.885596,-0.795394,-1.110960,0,0,0,0
0.265645,-2.202976,1.040135,0.682016,-1.288310,2.058573,-0.446943,1,1,0,0
0.897078,0.940920,-1.254450,0.852881,-0.431583,0.332899,0.559628,0,0,0,0
0.766435,0.610767,-1.775837,0.287464,0.322296,-0.786415,0.682879,0,0,1,0
0.846726,0.571753,-1.560900,1.030357,-0.210982,-0.601958,0.298933,0,0,0,0
0.568508,0.331171,-2.019276,1.200356,-0.019602,0.139197,0.374834,1,0,0,1
0.759249,0.482916,-2.080835,0.682574,-0.203491,0.055465,-0.037981,0,0,0,0
0.979372,-0.282191,-0.385389,0.758004,-0.059883,0.491715,-0.051849,0,1,0,0
0.727429,-0.244872,-0.270942,0.962161,0.144635,0.241743,0.559011,0,0,0,0
0.901436,-1.013729,0.417057,1.628892,-0.413951,0.010251,0.268616,0,0,1,1
1.010376,0.841758,-1.690573,0.705380,-0.843374,0.059188,0.227895,0,0,0,0
