mfcc0,mfcc1,mfcc2,mfcc3,mfcc4,onset,rms,lane0,lane1,lane2,lane3
0.007654,-1.086322,-2.472942,0.246540,-2.142643,2.901180,-1.606939,1,0,1,1
0.708345,-0.176639,-0.431009,1.098300,-1.299035,1.103578,1.682827,0,0,0,0
0.412511,-0.755674,0.087065,1.496481,-1.151512,0.022736,0.597067,0,1,0,0
0.000387,-0.509388,0.292501,1.455268,-0.958202,-0.458541,-1.170733,0,0,0,0
-0.074973,-0.664624,0.787894,1.371169,-1.026362,0.235013,-0.688813,0,0,1,0
-0.138705,-0.485256,0.938976,1.378080,-1.251042,-0.852750,-0.691433,0,0,0,0
0.199575,-1.343291,-0.591027,-1.057868,0.316423,3.126719,-1.680768,0,0,0,1
0.069692,-0.054155,-0.098402,0.312247,-0.758537,-0.491129,-0.637583,0,0,0,0
-0.731147,-0.445759,0.608702,0.815259,0.185752,0.769666,-1.692129,1,1,0,0
0.089007,0.356948,-0.493091,-0.316768,0.456403,0.704681,-0.386266,0,0,0,0
-0.536625,0.178360,-0.218840,0.496852,0.750393,-0.123690,-0.904933,0,0,1,0
-0.063836,-0.286103,0.197477,0.042395,0.497859,0.575435,-1.474571,0,0,0,0
-0.196004,0.500090,-0.880191,-1.164394,-0.152782,0.545761,-0.660102,0,1,0,0
-0.166269,0.528243,-0.848711,-0.082028,0.772198,0.782077,-0.949000,0,0,0,0
-0.951608,0.366496,-0.013098,0.065019,0.576442,-0.669983,-1.535186,1,0,0,0
-0.530115,0.604872,-0.725108,-0.844126,-0.127412,-0.657033,-0.944454,0,0,0,0
-0.258359,-0.513166,-0.070327,-0.931101,1.082992,-0.720650,-1.695744,0,1,1,1
0.651889,0.157827,-0.759442,1.540081,-1.897772,-0.019898,1.870578,0,0,0,0
0.521606,0.143132,-1.112764,1.219911,-0.934053,0.458094,0.667927,1,0,0,0
0.882091,-0.153412,-2.485676,0.952423,0.486268,2.092108,-0.626063,0,0,0,0
0.140212,0.398175,-1.383854,0.489821,-0.904990,0.472209,-0.522216,0,1,0,0
0.154729,0.706980,-1.053711,0.455162,-1.330690,-0.211673,-0.759035,0,0,0,0
0.286930,0.944752,-1.699231,-0.023342,-1.525718,-0.648443,-1.371065,0,0,1,0
-0.202311,1.104417,-0.723479,0.120192,-0.926286,0.005111,-1.140527,0,0,0,0
-0.456987,1.039283,-1.541919,0.268233,0.837063,-0.806583,-1.235114,0,0,0,1
-0.248810,1.115532,-0.510986,-0.700852,0.158995,-0.332445,-0.203687,0,0,0,0
0.141574,0.205276,0.007086,-0.936061,1.158945,-0.102086,-0.449509,0,1,0,0
-0.376958,1.400550,-1.444619,0.077540,1.393746,0.495463,-0.530703,0,0,0,0
0.212773,0.347710,-0.806985,0.199293,-0.218419,0.182732,-1.305883,1,0,0,0
-0.697955,0.887843,-0.076060,0.141608,0.578008,-0.671517,-1.433986,0,0,0,0
-0.527682,0.183785,0.549093,-0.117638,0.190045,-0.390049,-1.465797,0,0,1,0
-0.046404,0.433940,0.302546,0.324208,0.135938,-0.641797,-1.126793,0,0,0,0
-0.348658,0.522266,0.574043,0.483616,0.167377,-0.161362,-0.742870,1,1,0,0
1.141911,-0.624967,-0.069527,1.686220,-0.973985,-0.638235,-0.434492,0,0,0,0
0.617652,-0.111442,0.116839,1.555109,-1.301785,0.054912,-0.320018,0,0,1,1
1.131253,-0.251555,-0.387625,0.233233,-0.889462,-0.463404,-0.446912,0,0,0,0
0.632037,-0.003281,-0.084741,0.197517,-1.706808,-0.500653,-0.650413,1,0,0,1
0.776367,-0.540231,-0.620367,1.082634,-0.267940,-0.046287,-0.891349,0,0,0,0
0.104149,-0.071265,0.374331,0.807553,-1.090345,-0.157310,-1.276238,1,1,0,0
0.704632,-0.166686,-0.005495,0.443197,-1.164011,-0.530280,-1.022995,0,0,0,0
0.855683,-0.956386,0.479661,-1.046168,-0.486794,0.138139,-1.202757,0,0,1,1
1.113569,0.120463,0.034226,0.151852,-1.101708,-0.201669,-0.469228,1,1,0,0
0.739926,-0.286841,0.193590,0.491228,-0.068732,-0.670909,-0.857216,0,0,1,1
1.009617,-0.562914,-0.066254,0.549072,-0.005041,-0.630955,-0.571770,1,1,0,0
1.491885,-1.280479,-0.418038,1.027677,-0.850403,0.173074,-0.771665,0,0,1,0
1.519410,-0.952398,-0.171847,0.497705,-0.436161,0.107001,-0.659942,0,0,0,1
1.433822,-0.715069,-0.137159,0.267138,-0.443730,0.473610,-0.644194,0,1,0,0
1.876987,-0.482422,-0.220450,-0.450113,-1.215460,2.909298,-0.114723,0,0,1,0
1.836506,-0.434482,-0.322544,-0.250878,-1.501430,2.484795,0.071017,1,0,0,0
-0.178535,0.041736,-0.374348,-1.157837,-2.499851,-0.404874,-1.271028,0,0,0,0
0.312145,-2.323447,-0.149671,-0.554845,-2.465126,2.961925,-1.452007,0,0,0,1
0.294412,0.167052,-1.582118,-0.694454,-2.243539,0.311477,-1.102594,0,0,0,0
-0.062266,0.305016,-1.242801,-0.815772,-1.767606,-0.127186,-1.191595,1,0,0,0
0.114159,-0.085336,-1.556812,-1.377120,-1.500789,0.848371,-1.116328,0,0,0,0
0.118742,-0.442667,-1.242858,-0.798307,-0.222123,0.441361,-1.214626,0,0,1,0
-0.153804,-0.670527,-1.015854,-0.475109,-0.413872,0.846253,-1.682723,0,0,0,0
-1.012673,-0.312900,-1.396789,-0.763759,-1.044501,-0.411436,-2.047343,0,0,0,0
-1.069592,-0.024086,-0.878627,-0.548083,-0.664504,-0.338994,-1.959195,0,0,0,0
-0.364096,-0.221857,-2.655931,-0.387894,-0.088221,0.111313,-1.674655,1,1,0,0
0.660041,-0.419796,-1.010834,0.494345,-1.811832,0.033199,-0.382564,0,0,0,0
0.935193,0.384088,-1.837600,-0.030346,-2.133488,1.718611,-0.441279,1,0,0,1
1.325057,-1.151474,0.521224,0.309858,-1.592848,-0.166590,-0.383406,0,0,0,0
0.318237,-0.804126,-0.516463,0.765507,-0.667476,0.196126,-1.255555,0,1,0,0
0.678116,0.150960,-0.620362,0.677747,-0.073374,0.408204,-0.562042,0,0,1,0
1.037606,0.418276,-1.478151,0.099153,0.437905,1.127205,0.178805,1,1,0,1
1.128802,-0.594878,-0.298032,0.355054,-1.263844,-0.324968,1.535036,0,0,0,0
1.079592,-0.525518,-0.879324,1.081196,0.272912,0.589010,0.539954,1,0,1,0
0.831845,-0.333793,-0.469904,-0.405764,-0.992480,-0.639988,-0.403245,0,0,0,0
0.705479,-0.382564,-0.024715,-0.352466,-1.355684,0.442850,-0.430271,0,1,0,1
1.523639,-1.032673,-0.419056,-0.160555,-0.687426,0.370259,1.632783,0,0,0,0
1.093661,-1.269755,-0.408986,0.111730,-1.195624,1.067775,0.479453,0,0,0,1
0.517249,0.288588,-0.270980,0.730331,0.534987,-1.075414,-0.007498,0,0,1,0
0.569977,-0.019166,0.453262,-0.579496,1.597062,0.702691,-0.156687,1,1,0,0
0.622067,-0.153614,-0.334753,0.607760,0.260478,-0.209115,1.486441,0,0,0,0
0.484654,-0.306441,0.025875,0.845395,0.369276,-0.357764,0.232502,0,0,1,0
0.456410,0.377742,0.695418,-0.079087,-1.451139,-0.982565,-0.289038,0,0,0,0
0.849225,-1.942134,0.510371,0.529357,0.123126,1.283590,-0.629096,0,1,0,1
1.088139,-1.009660,0.114363,0.741951,-0.339838,-0.618607,1.445421,0,0,0,0
0.856468,-2.083429,0.018505,-0.263984,-0.811780,0.729611,-0.135516,1,0,0,0
0.487017,0.036790,1.226589,-0.857001,-0.888140,-0.477517,-0.260010,0,1,0,0
-0.026101,0.136489,0.688964,-0.004610,-0.954507,-0.533921,-0.589015,0,0,1,1
-0.321384,0.596516,0.972680,0.077674,-0.126955,-0.455441,1.684879,0,0,0,0
-0.129261,0.204993,1.754072,-0.263418,-0.854632,0.645399,-0.050397,0,1,0,0
0.340592,0.108213,0.838877,-0.642942,-0.462997,-0.806714,-0.481088,0,0,0,0
0.189274,-0.155861,0.984030,-0.470483,-0.401991,0.093802,-0.322410,1,0,0,1
1.215285,-1.103456,0.006535,0.748376,0.140989,-0.621017,1.441775,0,0,0,0
0.100512,-1.302708,-0.125589,-0.574845,-0.100506,4.072212,-0.105222,0,0,1,0
0.573347,0.148962,1.106841,-1.325983,-0.173853,-0.687718,-0.392836,0,0,0,0
0.646374,-0.059855,0.549404,-1.003809,-0.141042,0.837523,-0.561566,1,1,0,0
0.659629,-0.118482,0.181437,0.116782,0.493263,-0.612274,1.541242,0,0,0,0
0.081043,0.787671,-0.967497,-0.058681,1.338765,-0.516129,0.610436,0,0,1,1
0.685016,0.322070,0.297791,0.059947,-0.296670,-0.486016,0.208646,0,0,0,0
0.064148,0.538881,0.440920,-0.583643,-0.808405,0.033888,-0.084544,0,1,0,1
1.326883,-0.788736,0.128798,0.286458,-0.663260,-0.771671,1.404870,0,0,0,0
-0.130352,1.752268,-1.441917,-0.378290,2.425801,0.649516,0.268949,1,1,0,0
0.501376,0.538379,-0.643527,0.705250,0.651548,-0.858032,-0.026102,0,0,0,0
0.730618,0.097669,-1.069889,-0.013127,1.864519,-0.491366,-0.190491,0,0,1,1
0.727462,0.241385,-0.263859,-1.049077,-0.318935,0.330659,1.664048,0,0,0,0
0.522547,0.089280,0.239013,-0.198949,0.285504,0.320015,0.211997,0,1,0,1
-0.044077,0.283125,0.654876,-0.078726,0.296328,-0.690444,-0.255205,0,0,0,0
-0.503770,0.525386,1.023005,-0.862440,-0.403217,-0.388015,-0.633354,1,0,1,0
1.303881,-0.715365,0.011923,0.432496,-1.011372,-0.407559,1.615153,0,0,0,0
0.854871,-1.080642,0.154576,0.066316,-2.005190,1.578445,0.550530,1,0,0,0
0.515121,0.781297,-0.474575,0.352576,1.292101,-0.001818,0.461360,0,1,0,0
1.375506,-1.602548,0.171297,1.480864,-0.185526,0.608184,-0.337090,0,0,1,1
-0.188212,0.545709,0.468305,0.002869,0.118620,-0.254686,1.592187,0,0,0,0
-0.238366,0.961396,1.131617,0.222107,-0.384338,-0.480845,0.570427,0,1,0,0
0.041483,0.345298,1.035173,-0.287542,-1.415175,-0.803099,-0.229422,0,0,0,0
0.657774,-2.261630,-0.036213,1.857731,0.019443,3.616395,-0.766160,1,0,1,0
0.830807,-1.661569,-0.369385,0.789751,0.219554,-0.280229,1.482211,0,0,0,0
0.339070,-2.582503,-0.894641,1.887260,0.345034,-0.422981,-0.038840,0,0,0,1
0.096840,0.401335,-0.083515,0.567143,0.718397,-0.529617,-0.090377,0,0,1,0
-0.145623,-0.187944,0.194817,1.157023,1.095173,-0.128641,-0.187037,1,1,0,0
-0.789229,0.537630,0.900473,-0.191761,1.076633,-0.084644,1.646807,0,0,0,0
-0.681679,0.874512,0.743571,-0.115085,0.687802,-0.270811,0.125420,0,0,1,0
-0.063986,-0.058757,0.511494,0.365235,0.065979,-0.837632,-0.690724,0,0,0,0
0.123540,-2.585064,-0.335346,2.835306,0.592633,0.127180,-0.379807,1,0,0,1
1.180441,-1.012386,0.044135,0.925962,-0.111734,0.039916,1.668936,0,0,0,0
-0.283325,-1.882712,1.751399,-0.161017,-1.324019,-0.227519,-0.109066,0,1,0,0
0.242533,0.472246,0.601652,-0.138253,-0.820040,-0.335646,-0.253937,0,0,0,0
0.248293,-0.046165,0.166373,0.127060,0.169500,0.625228,-0.292167,0,0,1,1
0.563383,-0.065946,-0.286582,-0.019033,0.104747,-0.368922,1.327492,0,0,0,0
0.155593,0.523773,-0.744351,-0.301000,1.193960,-0.513177,-0.441861,1,1,0,0
0.691928,0.145232,0.023350,0.125348,-0.240639,0.456269,-0.039509,0,0,0,0
0.099192,0.773131,0.546694,-0.246141,-0.708062,0.350470,0.092844,1,0,1,0
1.314241,-0.705533,0.041034,0.056709,-1.188045,-0.287921,1.488645,0,0,0,0
-0.565970,1.284340,-1.175931,0.078133,2.230307,-0.261577,0.470378,0,0,1,1
0.310632,0.480854,-1.146685,0.770341,1.074874,-0.853599,-0.493156,0,0,0,0
-0.127516,1.166792,-2.952268,-0.024289,2.878928,2.059331,-0.353923,1,1,0,1
1.077336,-0.605463,-0.336738,0.340318,-0.965903,-0.179429,1.538307,0,0,0,0
0.866292,-0.503103,-0.529763,0.832844,-0.134051,-0.269968,0.277681,0,1,1,0
0.673935,-0.298225,-0.473786,1.253663,0.173421,-0.561334,-0.355026,0,0,0,0
-0.317580,-0.485401,0.226838,1.448527,-0.493117,0.345799,-0.820340,1,0,0,1
1.353882,-0.838639,-0.511264,0.181748,-0.758389,-0.335182,1.641357,0,0,0,0
0.380898,-0.576034,-0.103216,-0.488053,-0.151882,-0.505782,0.547773,0,1,0,0
0.545617,0.524585,-0.203757,0.412173,0.710328,-0.267438,0.142040,0,0,1,0
-1.003181,0.358121,0.660640,0.626397,0.743510,-1.046005,-0.603223,1,0,0,1
0.124418,0.339368,-0.469666,0.460646,1.599601,-0.572548,1.426163,0,0,0,0
1.059545,-1.113863,0.577778,0.052670,-0.283303,0.544812,0.381709,1,1,0,0
0.292150,0.698462,-0.443329,-0.295253,0.875978,-0.450406,0.514633,0,0,0,0
0.476108,-1.498007,0.926646,1.220435,-0.327827,1.560990,-0.441870,0,1,1,0
1.425078,-0.639899,0.114479,0.025939,-1.362986,-0.266084,1.787608,0,0,0,0
0.275462,-2.041878,0.462071,-0.665587,0.169056,-0.465583,-0.172817,0,0,1,1
0.165603,0.610138,0.569018,-0.847419,0.249725,-0.372503,0.122153,0,0,0,0
0.096510,-0.657511,1.504658,-0.761565,1.149062,0.098402,-0.197324,1,1,0,0
0.396897,0.831529,-0.508440,-1.544732,0.120893,-0.090117,1.820879,0,0,0,0
0.716690,0.691607,-0.410918,-1.645013,0.178220,0.390794,0.295665,0,0,1,0
0.302859,0.346789,-0.193609,-0.700513,2.022862,-0.267815,0.601671,0,0,0,0
0.174194,0.071483,0.005611,-0.961809,1.693053,-0.448392,-0.015558,0,0,1,1
1.729025,-0.218596,-0.474653,-0.579908,-1.640202,1.224324,1.844417,0,0,0,0
-0.264871,0.691421,-0.277016,-1.520707,-0.268945,-0.553452,0.709968,0,1,0,0
-0.501545,1.139217,0.473217,-0.539825,1.279775,-0.469272,0.070087,0,0,0,0
1.504225,-0.385026,-0.794818,-0.844469,0.311900,2.116908,-0.219340,1,1,0,0
0.446050,0.832770,-0.100255,-1.356726,-0.445606,-0.591693,1.851369,0,0,1,0
0.779352,0.604877,-0.190503,-0.614731,0.522254,-0.331617,1.111061,0,0,0,1
0.514780,0.096238,0.057948,-0.118511,1.526592,-0.732738,-0.099651,0,1,0,0
0.798054,-0.255517,-1.333913,0.261175,1.497892,0.682171,-0.273008,1,0,1,0
1.285159,-0.721755,-0.256105,0.470500,0.055897,-1.228556,1.473829,0,0,0,0
-0.818028,1.340133,-0.268871,-0.444724,0.930549,-0.161810,-0.686166,0,1,0,1
0.384897,0.613465,-0.944090,0.189742,-0.035141,-0.770603,0.021398,0,0,0,0
-0.522195,0.726591,-0.268699,-0.587142,0.297492,-0.417008,-0.643156,0,0,1,1
0.787919,0.252585,-0.360642,-0.168559,-0.733138,-0.681649,1.687257,0,0,0,0
0.956720,0.136564,-1.050420,0.352941,1.030821,1.440484,0.678565,1,0,0,0
0.115649,0.473414,0.407857,-0.630455,-0.257188,-0.283410,-0.501639,0,0,0,0
0.043219,0.800580,-0.246951,-0.979304,-0.277649,0.851058,-0.751623,0,1,0,1
1.465233,-0.731443,-0.184178,-0.135491,-0.887471,-0.346850,1.700083,0,0,0,0
0.262367,-0.109044,-0.727386,-0.652296,0.546179,0.138738,0.320264,0,0,0,1
0.190517,0.190939,-0.478792,1.256446,1.531810,-0.729286,-0.090418,0,0,1,0
1.551813,-0.084196,-0.863551,-0.181039,0.316627,0.130003,-0.340418,1,1,0,0
0.468108,0.796504,-1.079548,0.048722,-0.417493,-0.197788,1.652553,0,0,0,0
0.271911,1.332927,-0.885010,-0.415435,-0.505200,0.181828,0.714656,0,0,1,0
0.135159,0.600383,0.199489,0.395019,0.357187,-0.731501,0.017557,0,0,0,0
0.190748,0.193524,0.282849,0.405651,-0.663832,-0.424436,0.169266,0,1,0,1
1.236924,-1.045405,-0.537087,0.232153,-0.049022,-0.205793,1.477447,0,0,0,0
0.264386,-0.272770,-0.632094,0.441137,0.341080,-0.046782,0.316903,0,0,1,0
0.565813,-0.380607,0.112094,0.275764,-0.120113,-0.541161,-0.759435,0,1,0,0
0.896459,-0.025015,-0.125693,0.459994,-1.226031,1.880398,0.177116,1,0,0,1
0.300178,0.040957,-1.344362,-0.724233,-0.772703,-0.812759,-1.029799,0,0,0,0
-0.287494,0.837358,-0.619445,-0.242553,-0.038295,0.125979,-0.604834,0,0,0,0
0.110541,0.976305,-1.365046,-0.300328,-0.406236,-0.000504,0.142460,0,0,1,0
0.478254,0.380352,-1.296085,1.000039,-0.948485,-1.046743,-0.497374,1,1,0,0
1.079294,-0.562599,-0.407376,-0.694654,-0.443141,0.106270,-0.762808,0,0,0,0
0.715566,-0.321284,-0.087585,-0.808854,-1.159731,0.340076,-0.914282,0,0,1,0
1.001511,-0.291436,0.019585,-0.426740,-0.373328,0.765452,-0.393865,0,1,0,0
0.552910,-0.299373,0.398082,-0.738634,-0.252546,-0.463217,-0.270496,1,0,0,1
0.754672,0.000703,-0.682497,-0.875518,-0.130672,0.008223,0.230492,0,0,0,0
-0.136008,-0.075891,-0.997335,0.433436,0.133010,-0.245947,-1.306119,1,0,1,0
0.910988,-0.598815,-0.410948,-0.657725,0.574362,0.013871,-1.015192,0,0,0,0
-0.440380,0.077150,0.206802,0.717326,0.016183,-0.647187,-1.386339,1,1,0,1
1.658712,-1.176269,-0.533308,-0.517222,-0.078736,-0.434329,-0.572625,0,0,0,0
1.302971,-1.446749,-0.459426,-0.447923,-0.614126,0.382390,-0.870053,1,1,0,0
0.800054,-0.091269,-0.452533,0.351617,0.519214,0.213828,-0.012602,0,0,0,0
-0.570211,-0.088670,-1.071522,0.373407,0.371296,-0.929493,-1.806603,0,0,1,1
1.198011,-0.633005,-0.533359,0.453274,-1.089029,-0.036540,1.626158,0,1,0,0
0.992708,-0.476777,0.149431,0.242249,-1.037978,0.298221,0.311337,1,0,0,0
0.565091,-0.545508,0.080625,0.657183,-0.059833,-0.072836,-0.390494,0,0,1,0
0.345597,-0.908249,0.152249,0.291958,-0.306023,0.385028,-0.696451,0,1,0,1
1.320611,-0.870185,-0.144583,0.655980,-0.659341,-0.269183,1.655700,0,0,0,0
0.133397,-0.497291,0.069792,0.150183,-0.453954,-0.502910,0.029752,0,0,0,1
0.462085,-0.121831,1.322408,0.127446,-0.037329,-0.763808,-0.054643,0,0,0,0
-0.760326,0.595097,0.143399,0.496690,-0.380098,0.148635,-0.516583,1,0,1,0
-0.272580,0.223967,0.226361,-0.150835,-0.008153,-0.342405,1.573826,0,0,0,0
-0.735203,1.012700,0.609215,0.206531,0.339630,-0.048901,0.035544,0,0,1,0
-1.471803,0.283435,1.631299,0.074151,0.453139,-1.001683,-1.220346,0,0,0,0
-1.342255,-0.209552,1.264221,0.326244,0.455657,0.431517,-1.049955,0,1,0,1
1.027027,-0.910973,-0.017382,0.576299,-0.328031,-0.759266,1.404045,0,0,0,0
-1.226811,1.231410,-0.291227,0.038209,-0.793394,-0.235328,0.056974,0,1,0,0
0.310771,0.598422,-0.068488,-0.142386,-0.694704,-0.642531,-0.569512,0,0,0,0
0.420432,0.604538,-1.398253,-0.238169,0.013315,0.319966,-0.736549,1,0,0,0
-0.093176,0.470587,0.012900,0.020148,0.336856,0.530995,1.686022,0,0,1,1
-0.048586,0.716462,-0.507832,0.439120,0.044188,0.299281,0.244084,0,0,0,0
-0.709863,0.425945,0.329583,-0.244745,1.087059,-0.820620,-0.928494,0,0,0,1
-0.576446,0.017310,-0.050065,0.587100,0.290214,-0.405242,-0.623445,1,1,0,0
1.036210,-0.973067,-0.160422,0.999553,-0.182207,0.711678,1.740307,0,0,0,0
-1.278548,1.199314,0.269242,0.488519,0.801311,-0.764709,0.659329,0,1,0,0
0.030845,0.451550,0.558060,-0.105325,0.240636,-0.876514,-0.574529,0,0,0,0
-1.358613,1.010151,0.225129,0.476913,0.874203,-0.497245,-0.956106,1,0,0,1
0.121725,-0.204608,0.451250,0.536942,0.328750,-0.906251,1.580868,0,0,0,0
-1.581466,0.254397,-0.156040,0.937067,0.274733,-0.471263,-0.012895,0,1,1,0
-0.062609,-0.658613,0.970016,0.518619,1.210240,-0.510817,-0.548447,0,0,0,0
-1.430387,-0.270106,1.117990,0.385848,0.543716,-0.571761,-0.779427,1,0,0,1
1.268692,-1.102797,0.595426,0.838355,0.425836,-0.045769,1.494385,0,1,0,0
-0.536433,-0.860916,0.287869,0.539336,0.572383,-0.730420,-0.299862,0,0,1,0
0.663088,-1.183365,0.570143,0.286449,0.795176,-0.676490,-0.764952,0,0,0,0
-0.918917,-0.899551,0.164479,1.564876,0.422044,-0.600403,-1.114952,1,1,0,0
0.748490,-0.115901,0.029320,-0.238055,0.304852,0.143679,1.791986,0,0,0,0
-0.077618,-0.034408,0.132721,0.173518,0.715908,0.225363,0.318893,0,0,1,0
0.302217,-0.051873,0.091395,-0.330098,0.348812,-0.267864,-0.584538,0,1,0,0
-0.208250,-0.112597,0.140045,0.247515,0.318693,-0.193171,-0.372690,1,0,0,1
1.183422,-1.147501,-0.041807,0.578453,0.119093,-0.525561,1.416579,0,0,0,0
-0.229951,-0.261044,0.085312,0.121496,0.416175,-0.348221,0.128160,0,0,1,0
0.085946,0.295674,0.691251,0.378567,-0.091767,-0.322093,-0.136987,0,0,0,0
-1.308830,0.987484,0.902687,0.210380,0.420065,-0.221576,-0.341265,1,1,0,0
-0.193258,0.368974,0.168256,-0.349974,0.618216,-0.502560,1.714932,0,0,0,0
-1.133942,1.133005,0.303977,-0.220641,0.970810,-0.218088,0.233677,0,0,1,0
-1.570808,0.283197,1.537922,0.039675,1.144156,-1.029946,-0.902845,0,0,0,0
-1.509375,-0.191088,0.891677,0.201958,0.876115,0.314497,-1.045362,0,1,0,1
1.075971,-1.219556,0.010289,0.656085,-0.058485,-0.886431,1.490315,0,0,0,0
-1.698267,0.912243,-0.782026,-0.099260,0.099513,-0.806553,0.024375,1,0,0,0
-0.342296,0.457517,0.584063,0.584084,0.080363,-0.957524,-0.299596,0,1,0,0
-0.423901,0.160366,0.310675,0.499028,0.097566,-1.139672,-0.347770,0,0,1,1
-0.248378,0.353826,0.390659,-0.554922,-0.338586,-0.356278,1.538968,0,0,0,0
-1.107179,0.777066,0.499883,-0.021391,0.348082,0.151790,0.213998,0,0,0,1
-0.359002,-0.199740,0.620476,0.301012,0.095690,-0.462326,-0.641526,0,0,0,0
-1.549672,-0.009913,0.695603,-0.071317,0.588013,0.397299,-1.020696,1,1,0,0
1.170270,-1.175284,0.016313,0.466241,-0.695930,0.004945,1.664599,0,0,0,0
-1.251026,1.045553,0.918843,-0.116001,0.533942,-1.125963,0.599934,0,0,1,0
-0.095654,0.405232,0.517881,-0.098620,0.083467,-1.047950,-0.310870,0,0,0,0
-1.312364,0.860767,1.121549,0.091384,0.870295,-0.049926,-0.507635,1,1,0,0
0.050570,-0.377333,0.015027,0.067048,-0.471811,-0.694551,1.565402,0,0,0,0
-1.634886,0.189819,-0.051588,0.136356,0.096220,-0.782080,-0.113986,0,0,1,1
0.590145,-0.313841,1.095419,0.124196,1.149015,0.023561,-0.595169,0,0,0,0
-0.916311,-0.977249,1.486444,0.072960,1.689416,-0.719453,-1.105436,1,1,0,0
1.390573,-1.045911,0.620588,0.653754,0.491078,-0.283811,1.420553,0,0,0,0
-1.126189,-0.483635,0.351490,0.143950,1.336504,-1.096357,-0.369606,0,0,1,1
0.735496,-0.916047,0.813689,-0.056031,0.235782,0.283051,-0.623074,0,0,0,0
0.755482,-0.345665,-0.448929,0.759442,-0.715617,-0.477167,-0.759145,1,1,0,0
0.840416,0.201930,-0.136527,-0.226112,-0.204703,-0.257629,1.665117,0,0,0,1
0.708208,0.408163,0.646738,-0.493978,-0.213883,0.469344,0.505054,0,1,0,0
0.351037,0.102578,0.604246,-0.249972,-0.614489,-0.379843,-0.378872,0,0,0,1
0.111599,0.250856,0.754275,-0.536016,-0.665601,0.015958,-0.522330,1,0,1,0
1.376216,-1.046565,-0.221503,0.406385,-0.312894,-0.177277,1.719627,0,0,0,0
-0.207279,-0.202547,0.692754,0.013350,0.155594,-0.506986,0.089176,1,0,0,0
0.020908,0.137577,0.645140,0.611800,-0.115150,-0.928232,-0.408574,0,0,0,0
-1.067448,1.277357,0.897449,0.006302,-0.131331,-0.173838,-0.571217,0,1,0,1
-0.380111,0.374028,0.558985,0.048608,0.060713,-0.305709,1.721853,0,0,0,0
-0.963780,1.416899,0.493666,-0.017152,0.720210,-0.057919,0.068511,0,0,1,0
-1.665636,0.490006,2.179443,0.300786,0.305851,-1.190095,-0.985041,0,0,0,0
-1.470220,-0.123734,1.467236,0.262422,0.233559,-0.143877,-0.998089,0,1,0,1
1.005911,-1.277012,-0.248563,0.842882,-0.118866,-0.540027,1.552196,0,0,0,0
-1.648878,0.443511,-0.355654,0.122638,0.146763,-0.910638,-0.172778,0,1,0,0
-0.239867,0.252464,0.821698,0.262985,0.426134,-0.887134,-0.274618,0,0,0,0
-1.089155,0.274760,0.359614,0.264544,0.815035,-0.812330,-0.865513,0,0,1,0
-0.515034,0.097029,0.183143,-0.692435,0.235722,-1.018615,1.510943,1,0,0,1
0.035365,-0.080684,0.788258,-1.011900,0.118765,0.800842,-0.061932,0,0,0,0
-0.841286,0.254346,1.191295,-0.136054,0.979519,-0.062503,-0.537285,0,1,0,0
-0.191042,-0.662756,0.592805,-0.290715,0.232186,-0.171177,-0.438049,0,0,1,1
1.317840,-0.967855,-0.329480,0.216933,-0.755057,-0.226483,1.512143,0,0,0,0
-0.873431,1.137381,0.256525,-0.663041,0.548592,-0.192274,0.771278,0,1,0,0
0.083291,-0.279861,0.871858,-1.048940,0.596764,-0.404419,-0.204452,0,0,0,0
-1.288693,0.761689,0.541676,-0.332207,0.470568,-0.216422,-0.807844,0,0,1,1
-0.243746,-0.467311,0.030979,-0.670549,-0.126627,-0.416295,1.668805,1,0,0,0
-0.927280,-0.118050,-0.073407,-0.586153,-0.399112,-0.848244,-0.083882,0,1,0,0
-0.797056,0.321840,0.992136,-0.231824,0.275945,-1.092581,-0.968446,0,0,1,0
-1.018424,-0.179554,0.751786,0.035758,0.166490,-0.839591,-0.809832,1,1,0,0
1.326068,-0.933559,0.552878,0.810044,0.640465,0.337491,1.490711,0,0,1,0
-0.455265,-0.875415,0.951014,0.062990,1.106192,-0.486517,-0.267137,0,0,0,1
0.448464,-1.006992,0.717942,0.311759,0.609423,-0.170505,-0.906926,0,0,0,0
-0.992303,-0.750099,0.437217,1.678452,0.301218,-0.777665,-1.040327,1,0,1,0
0.525047,-0.474909,-0.052806,-0.890831,0.130138,-0.730048,1.565414,0,0,0,0
0.275434,0.217004,0.239814,-0.439722,0.340474,0.004338,0.512991,0,1,0,0
0.158403,-0.380457,0.397391,-0.461566,0.136066,-0.311778,-0.334031,0,0,0,0
-0.504517,0.230038,0.430869,-1.086949,-0.058560,0.822273,-0.750271,0,0,1,1
1.267121,-1.180587,-0.274508,-0.001037,-0.515637,-0.772558,1.409144,0,1,0,0
0.198615,-0.652761,-0.359145,-0.181337,0.002511,-0.151443,0.243170,0,0,0,0
-0.198385,0.327069,0.674377,-0.070424,0.240471,-0.361680,-0.670348,0,0,1,0
-0.350638,-0.288094,0.925232,-0.691271,0.777029,-0.496588,-0.064253,1,0,0,1
-0.011810,-0.186651,0.467400,-0.849919,0.524097,-0.165603,1.850296,0,0,0,0
-1.090016,1.370860,0.301584,-0.694903,0.534075,-0.351838,0.146622,0,1,0,0
-0.423751,-0.083896,0.812817,-0.185419,0.208693,-0.566120,-0.626460,0,0,0,0
-0.989123,-0.081638,0.896140,-0.360009,-0.314316,0.364726,-0.846970,0,1,0,1
0.938270,-1.496171,-0.393598,0.504375,-0.573356,-0.287613,1.516245,0,0,0,0
-1.655998,0.176044,-0.616107,-0.322298,0.630296,-0.789349,-0.279703,0,0,1,0
-0.262630,-0.103861,1.186626,-0.097245,0.790996,-0.693972,-0.118984,0,0,0,0
-1.072000,-0.000706,0.470226,0.228240,0.838997,-0.941903,-0.929978,0,0,1,0
-1.541628,-1.379644,-0.538398,-1.431837,-0.729539,-1.053176,-1.511223,0,0,0,0
-2.363136,-0.609826,-1.008078,-1.302323,-0.935953,-0.157173,-2.134472,0,0,0,1
-1.240444,-1.596370,-0.699596,-1.718290,-1.640954,0.442445,-1.747571,0,0,0,0
-2.504862,-0.352779,-1.226367,-1.988773,-0.813131,1.032403,-1.934535,0,0,0,0
-2.752208,0.190943,-1.046781,-1.903426,-0.332390,1.466809,-2.110567,0,0,0,0
-2.460810,0.840157,-1.590729,-1.831593,0.116578,2.033031,-2.103053,0,0,0,1
-2.422449,1.458486,0.517082,-1.120009,1.462564,-0.337571,-1.576058,0,0,0,0
-2.714811,1.281917,0.092273,-1.147532,1.870256,-0.981434,-1.720646,0,0,0,0
-3.215293,0.737127,-0.592509,-1.683746,1.102908,-1.211651,-1.910541,0,0,0,0
-2.355315,0.911667,-1.662967,-1.038176,-0.127024,-0.221577,-1.908582,0,0,0,1
0.493100,0.635245,-0.532251,0.275953,-0.092232,1.820772,-0.355572,0,0,0,0
0.293075,0.108212,0.071964,-1.006705,0.846054,1.101255,-0.635223,1,0,1,1
0.711857,-0.655918,-0.616805,0.848555,-2.722973,-0.125141,-0.859439,0,0,0,0
0.299622,-0.409512,-1.104429,0.741719,-1.119396,-0.201926,-1.178386,0,0,0,0
0.680898,-0.245308,-0.416524,-0.022218,-1.238930,-0.184699,-0.716156,0,0,0,0
0.742214,-1.481463,-0.198198,1.659012,-1.241158,3.346714,-0.673523,1,1,0,1
0.741032,-0.051891,-0.592252,1.544192,-0.799773,-0.077391,1.659075,0,0,0,0
0.608813,0.145520,-0.290464,1.728834,-1.217301,-0.536377,0.443706,0,1,0,0
0.322827,-0.114791,-0.106345,1.983949,-0.820879,-0.219051,-0.412956,0,0,0,0
0.504292,-1.829412,0.136410,2.640036,-0.739469,3.817937,-0.465776,1,0,1,0
1.440971,-0.803909,-0.213236,0.700831,-0.761410,0.284102,1.896792,0,0,0,0
0.030243,0.147014,-0.488720,0.512337,-1.433177,-0.978505,0.435879,0,0,1,0
-0.355365,0.258029,0.627482,1.197137,-0.086655,-0.480544,-0.262097,0,0,0,0
-1.889269,0.351465,0.345244,1.334236,0.186081,-0.779947,-0.951088,0,1,0,1
-0.389504,0.070319,0.380635,0.491484,1.427574,-0.561127,1.769776,0,0,0,0
-0.196550,0.161071,0.800313,0.240999,1.197819,-0.170693,0.424432,0,0,0,1
0.596180,-1.662017,0.016813,2.561553,1.135138,0.741807,-0.534764,0,0,0,0
0.431923,-2.674699,0.004050,2.405523,1.486375,-0.214776,-0.693568,1,0,1,0
0.938564,-1.314109,-0.226847,1.078114,0.913375,-0.551059,1.607522,0,0,0,0
-0.734734,-0.091387,-0.360440,0.288913,1.950085,0.701235,-0.085644,1,0,0,0
-2.458208,0.498147,1.001470,1.542448,1.572889,-1.655393,-1.028987,0,0,0,0
0.282197,-2.394434,0.000943,2.328478,0.672017,0.600195,-0.773361,0,0,1,1
-0.560276,0.553521,0.113672,0.087056,0.117798,-0.876824,1.525188,0,0,0,0
0.572622,-1.315377,0.493994,1.861198,-0.146673,5.863159,-0.301372,0,1,0,0
-0.797056,0.253317,0.127621,0.705517,2.435390,-0.722176,-0.460414,0,0,1,0
-0.520692,0.673063,0.960531,-0.624508,-0.987490,0.328695,-0.301208,1,0,0,1
0.985344,-1.330867,0.034417,1.276834,0.047517,-0.479975,1.701566,0,0,0,0
0.075170,-2.958642,-0.385844,2.001315,0.007073,9.085409,0.220306,0,0,1,0
-0.856906,1.314098,0.683380,-0.345949,-1.079546,-0.624339,-0.343760,0,0,0,0
-1.572072,0.778456,0.745104,0.979176,-0.420872,0.880320,-0.543950,1,1,0,0
0.127783,0.789628,-0.683984,-0.426925,-0.600388,-0.415111,1.830735,0,0,0,0
0.208531,0.081116,-0.316464,-0.642936,0.809325,-0.146960,0.253824,0,0,0,1
-0.807032,0.803287,0.314054,-0.302367,1.113884,-0.891338,-0.784486,0,0,0,0
0.382398,-1.522153,-0.967038,2.358190,-0.921732,8.475240,-0.600954,1,0,1,0
1.077980,-0.881970,0.637207,0.804367,-0.312213,-0.369579,1.507089,0,0,0,0
-0.875742,-0.071379,2.137127,-0.685830,-0.115283,0.180675,0.018751,0,0,0,1
-0.484372,0.005104,-1.166101,-1.689907,-2.022903,-0.321480,-1.139346,0,0,0,0
-0.274113,-1.727135,-0.879294,1.542130,-1.689543,-0.733546,-1.559652,1,1,0,0
-0.029291,0.469002,0.422054,0.848091,0.892032,-0.479129,1.610878,0,0,0,0
-0.130577,0.722646,0.154953,0.612803,0.795488,-0.574517,0.487122,0,1,0,0
-0.155235,0.257096,0.217793,1.160889,0.957022,-0.154503,-0.107746,0,0,0,0
-1.173179,0.264947,0.789543,0.784109,2.082021,0.067687,-0.589736,1,0,1,0
1.309543,-0.665663,-0.167514,0.036093,-1.027122,-0.451462,1.770434,0,0,0,0
-0.610054,0.672475,0.230595,-0.273010,-1.351540,-0.968992,0.469873,0,0,1,0
-0.629935,0.832111,1.368853,0.494432,-1.015779,0.385130,-0.377818,0,0,0,0
-2.450699,1.403816,1.271777,-0.452299,1.146089,-1.049399,-0.972081,1,0,0,1
-0.492351,-0.084922,0.463227,1.010199,0.926502,-0.336046,1.831497,0,0,0,0
-0.284716,0.182355,0.732072,0.484475,0.322757,0.041093,0.064883,1,0,0,0
-0.728483,-0.048764,0.856475,0.911690,1.589858,0.118382,-0.765945,0,0,0,0
0.422739,-2.523359,-0.246312,2.523019,0.694123,-0.432922,-0.608113,0,1,0,1
1.191717,-0.987562,-0.255381,0.873959,-0.077910,-0.592003,1.591193,0,0,0,0
-0.382721,-0.101210,0.061085,0.337170,0.547578,-0.077461,0.004214,0,0,0,1
-2.165724,0.663460,0.990419,1.055535,1.511078,-0.572823,-0.975891,0,0,0,0
-0.257502,-2.515428,1.395955,2.476019,-0.929452,-0.191601,-0.742857,1,1,0,0
-0.315167,0.923479,0.516694,-0.929633,-0.661281,-0.647810,1.639445,0,0,0,0
-0.483014,0.092986,0.626268,1.147745,0.022889,-0.168555,0.103859,0,0,1,0
-0.789709,0.363713,0.617323,0.304228,0.508362,-0.636805,-0.866781,0,1,0,0
-0.280692,-0.431854,0.095777,1.216430,1.599827,-0.242721,-0.452806,1,0,0,1
1.110372,-1.326567,-0.095465,1.236266,0.551705,-0.085398,1.821722,0,0,0,0
-2.955942,1.066669,0.584861,-0.008171,2.367747,-1.265830,0.014406,0,1,0,0
-0.790053,0.563560,1.594836,0.624995,-0.923508,0.468089,-0.339061,0,0,0,0
-0.535877,-0.839679,1.809256,1.479431,-1.391445,0.747766,-0.444210,0,0,1,1
0.091407,0.600112,-0.284684,-0.394699,-0.530197,0.103400,1.874332,0,0,0,0
-0.255263,-0.021303,-0.425827,-0.460826,0.011691,0.514241,0.112320,1,0,0,0
-0.373460,0.813009,-0.859465,0.157540,0.522403,-0.259830,-0.856874,0,0,0,0
-1.023332,-0.753070,0.665793,0.759313,0.273232,0.605299,-0.914210,0,1,0,1
1.424081,-0.732281,-0.208478,0.023313,-1.062975,-0.310514,1.512947,0,0,0,0
-0.310110,-0.001559,-0.081943,0.292137,0.233089,-0.038687,0.137281,1,0,0,0
-1.069889,0.248631,-0.603798,-1.330919,-2.575491,-0.213859,-0.805946,0,0,0,0
-0.629690,0.158816,-0.548695,-2.371073,-4.036751,0.615333,-0.785616,0,0,1,1
0.222350,0.805146,-0.165973,-0.387180,-0.960135,-1.044475,1.774572,0,0,0,0
0.185328,0.579036,0.271045,-0.527372,0.404177,0.417121,0.429132,0,1,0,0
-0.106932,0.305501,-0.043514,0.763375,0.821656,-0.372865,-0.359252,0,0,0,0
0.850742,-0.482183,-0.554982,-0.229657,-0.487224,1.375169,-0.624351,1,0,1,0
1.344756,-0.672196,-0.071283,0.322604,-0.808672,0.193501,1.662851,0,0,0,0
-0.608337,-0.036686,0.445590,0.103658,-0.960593,-0.199204,0.466453,0,0,1,0
-1.341370,0.639956,1.279083,0.353299,0.852884,-1.076130,-0.281423,0,0,0,0
0.578829,-2.407216,-0.231561,2.593937,-0.037097,2.983053,-0.393521,1,1,0,0
-0.151926,0.741259,0.456410,-0.839952,-0.619890,0.302601,1.838186,0,0,0,0
-0.375135,1.073829,1.473085,-0.224963,-0.504890,-0.829916,0.682043,1,0,0,0
-1.800868,0.897143,1.516872,0.213126,0.911217,0.905669,-0.844516,0,0,0,0
0.468540,-2.178401,-0.050165,2.724558,0.409917,-0.188827,-0.669123,0,1,0,1
1.177832,-0.953082,-0.028362,0.460524,-0.881522,-0.240744,1.602962,0,0,0,0
-1.751106,0.628453,1.156746,0.159625,-0.485335,-0.399533,0.018298,0,0,0,1
-0.793761,0.363291,1.712692,-0.052468,-1.458964,1.225349,-0.578275,0,0,0,0
0.565395,-2.479438,-0.376964,2.275294,0.961736,6.345400,-0.607977,0,1,1,0
-0.299799,0.383393,0.218705,0.161822,1.112608,-0.791728,1.624002,0,0,0,0
0.587479,-1.462732,0.014741,2.471792,-0.019096,-0.093219,0.408212,1,0,0,0
-1.557572,0.953999,1.046013,0.857686,1.074492,0.150391,-0.716348,0,0,0,1
-0.214682,0.307538,0.829527,0.227189,-1.028640,0.990434,-0.409109,1,1,0,0
1.170892,-1.015643,0.220340,1.115106,-0.256866,0.175811,1.789087,0,0,0,0
-2.039851,0.827051,0.720744,0.041352,0.916874,-0.431102,0.487378,0,0,1,0
-1.053723,0.195305,0.942072,0.319923,0.213928,-0.438939,-0.559212,0,0,0,0
-1.817653,0.719462,1.977901,-0.151416,0.388795,0.849087,-0.425410,1,0,0,1
0.618115,-0.147315,-0.363451,-0.411554,-0.582944,1.643685,1.843649,0,0,0,0
-0.332482,-0.280254,0.153245,-0.483655,0.869103,0.030370,-0.007125,0,1,0,0
-1.802085,0.568485,0.560113,-0.151181,1.550224,-0.361049,-1.116466,0,0,0,0
-2.105916,0.104313,0.775288,-0.790012,0.973391,0.671497,-1.029576,1,0,0,1
0.865931,-1.814110,-0.186721,0.651325,0.448771,-0.265851,1.548365,0,0,0,0
0.251984,-1.466567,0.402140,2.220577,-0.666419,-0.741004,0.432883,0,0,1,0
-0.541055,0.384086,1.303140,0.315171,-0.007065,-0.418070,-0.571216,0,0,0,0
-2.148151,1.033697,0.686468,0.076161,1.422937,0.009672,-0.570123,1,1,0,0
-0.592393,0.788730,1.054631,-0.901158,-0.573895,-0.501549,1.623002,0,0,0,0
-0.678592,1.108126,0.705928,0.288152,0.313965,0.407279,0.151950,0,0,0,1
0.130895,0.526925,0.428320,-0.990930,-0.216049,0.194493,-0.220929,0,0,0,0
-1.088105,0.176840,0.781814,-0.296522,1.401598,-0.758779,-0.783856,1,0,1,0
1.204506,-1.614695,-0.444750,1.032029,0.315592,-0.489751,1.675429,0,0,0,0
0.454229,-2.560575,-1.476879,1.467722,0.439369,-0.013723,0.276140,1,0,0,0
-0.195568,0.479001,0.495737,0.196688,0.968266,0.683575,-0.581121,0,0,0,0
-0.965654,0.431766,0.370619,1.010318,1.806927,0.494159,-0.493621,0,0,1,1
0.288373,0.449413,-0.321892,-0.873543,-0.017882,-0.200151,1.874058,0,0,0,0
-0.273986,0.160481,0.168214,0.668841,2.075879,-0.119873,0.350439,0,0,1,0
-0.073909,-0.323626,0.083504,1.507982,1.567065,-0.366702,-0.240485,0,0,0,0
-0.198312,-0.672405,0.541117,1.752452,1.719102,0.226241,0.198659,0,1,0,1
1.376735,-0.801053,0.189061,0.772378,-0.662005,-0.157817,1.589481,0,0,0,0
-1.418616,-1.859169,0.647263,1.444360,0.223535,-0.854970,-0.252315,1,0,0,0
0.075808,-0.958433,0.953541,1.870885,1.049893,-0.319072,-0.573256,0,0,0,0
0.036855,-1.347063,0.239138,1.570754,1.223713,0.342347,-0.647178,0,0,0,0
-1.317113,-0.386567,0.224877,-0.076749,-0.675768,0.607787,-1.518126,0,0,0,0
-1.387890,-0.256480,0.407679,-0.429529,-1.464396,0.083403,-1.387509,0,0,0,1
-0.012073,0.027405,-0.858006,-1.602107,-2.179662,-0.121261,-1.124491,0,0,0,0
-0.360846,0.056550,-0.812995,-2.124573,-1.993536,0.245964,-1.402595,0,0,1,0
-0.133958,-0.461086,-0.506985,-1.007477,-0.762871,0.658613,-1.342790,0,0,0,0
-0.640927,-1.073907,-0.347316,-0.948376,-0.072718,-0.135694,-2.055812,0,0,0,1
-1.446363,-0.267565,-0.444645,-1.393220,-0.285839,-0.983329,-2.114499,0,0,0,0
-1.671629,-0.057379,-0.970849,-1.086035,-0.194931,1.922882,-2.270779,0,0,1,0
-1.351339,-0.233589,-0.903706,-0.665736,-0.081052,1.007586,-2.025651,0,0,0,0
-0.456908,-0.985997,-1.597131,-0.837703,-0.011354,3.851811,-1.917326,1,1,0,0
0.628107,-0.491417,-1.661375,0.032372,-1.010833,1.007389,-0.958163,0,0,1,0
1.317470,-0.341368,-0.376203,-0.661421,-1.844958,3.262393,-0.371036,1,0,0,1
0.507710,-0.463148,-1.229532,1.438507,-0.882557,0.191066,-0.932743,0,0,0,0
0.076659,-0.719761,-0.525047,1.558939,0.265211,0.570926,-1.069821,0,0,1,0
0.220232,-0.377069,-0.462334,1.054735,-0.077753,-0.405677,-1.208731,0,1,0,0
0.746693,-0.167192,-0.733097,0.210899,-0.998197,-0.568779,-0.528602,1,0,0,1
0.994784,0.283288,-0.513505,1.176466,-1.991223,-0.133181,1.772059,0,0,0,0
0.808026,0.205950,0.260114,0.933811,-1.660993,-0.237322,0.741620,0,0,0,1
0.583473,0.234051,0.763637,0.653295,-1.866202,-0.315718,-0.212538,0,0,0,0
1.062080,-1.391063,-0.182472,1.655674,-0.847135,0.180324,-0.574920,1,0,1,0
1.276559,-0.933649,-0.039951,0.810938,-0.008919,-0.606646,1.636639,0,0,0,0
0.087529,-0.011117,-0.359653,0.710233,-0.253862,-0.122662,0.361931,0,0,1,0
0.326935,0.300832,0.879556,0.497308,-0.115585,-0.614501,-0.291020,0,0,0,0
-1.351667,0.618442,0.910754,0.865387,0.014147,0.745722,-0.819181,1,1,0,0
-0.460552,0.257369,1.425663,0.521804,0.123221,0.014305,1.924360,0,0,0,0
-0.421944,0.664812,1.666022,0.043614,-0.806014,-0.450925,0.781494,1,0,0,0
-0.801266,0.579158,1.843173,-0.041195,-0.361049,-0.582588,-0.416643,0,0,0,0
0.552468,-2.059487,-0.279276,2.292414,0.287553,1.617999,-0.455500,0,0,1,1
1.429446,-0.874180,-0.095563,0.571652,-0.392809,-0.229348,1.641643,0,0,0,0
-0.054620,0.303434,-0.333878,0.218198,-0.114643,0.190319,0.126802,0,0,0,1
0.281166,-0.510804,1.150287,-0.018510,0.321040,-0.304025,-0.507007,0,0,0,0
0.970571,-1.247770,-0.182437,0.505574,0.245515,3.097545,-0.808816,1,0,1,0
0.120987,0.168109,0.145634,-0.074709,0.788485,-0.241571,1.589787,0,0,0,0
0.304171,-1.517189,0.000387,2.509959,-0.062909,4.248485,0.424626,0,1,0,0
-0.582899,0.189283,0.527664,-0.217604,0.295433,-0.303136,-0.579515,0,0,1,0
0.049876,0.196798,0.562526,-0.666520,-1.222599,1.023649,-0.481335,1,0,0,1
1.423194,-0.708197,-0.323370,0.468737,-1.301882,-0.084830,1.693061,0,0,0,0
-0.590796,-2.412653,0.784251,1.464069,-1.155198,-0.470755,0.131954,1,0,0,0
-0.026785,0.670190,0.872390,-0.258643,-1.338691,-0.193926,-0.553151,0,0,0,0
-0.180610,-1.853772,1.521122,1.945129,-1.579410,3.643439,-0.566956,0,0,1,1
0.348036,0.987914,-0.006288,-0.752164,-0.445713,0.773477,1.883500,0,0,0,0
-0.281928,0.316928,0.227230,-0.596901,-0.059764,0.369508,0.286158,0,1,0,1
-0.113232,0.052472,0.830751,-0.269407,2.759498,-0.753261,-0.674259,0,0,0,0
0.347521,-0.327255,-0.137402,-1.341515,0.900632,0.028821,-0.717214,1,0,0,1
1.331703,-0.894513,0.053859,0.582598,-0.522856,-0.523109,1.641375,0,0,0,0
-1.829239,1.048939,0.362841,0.838149,1.462055,-0.748338,0.118700,0,0,1,0
-0.038886,0.104745,0.509584,0.290438,0.671194,-0.457033,-0.616307,0,0,0,0
0.116477,-2.704714,0.833167,2.884995,0.291192,-0.584497,-0.354404,1,1,0,0
0.046668,0.689933,-0.047338,-0.443845,-0.145097,-0.443434,1.567316,0,0,0,0
0.307416,0.869779,0.061081,-0.282771,-1.048723,-0.313737,0.494167,1,0,0,0
-0.177772,0.214862,1.138760,0.348946,-0.685774,-0.758169,-0.050414,0,0,0,0
-0.912654,0.225696,1.133025,-0.090465,0.504957,1.401700,0.268861,0,1,0,1
1.368895,-0.714716,-0.125782,0.541538,-0.897239,-0.067171,1.853683,0,0,0,0
-0.394416,0.224680,0.383877,0.072118,-1.886235,-0.465166,0.425326,0,1,0,0
-0.467971,0.236538,2.481922,0.185110,-0.989313,-1.104478,-0.007193,0,0,0,0
0.705418,-1.128682,0.229595,-1.180657,-0.315754,4.382880,-0.625781,0,0,1,1
0.329441,0.410892,0.725887,-0.997638,-0.182449,-0.560142,1.863183,0,0,0,0
0.313858,0.527808,0.856802,-0.752842,0.457075,-0.256256,0.454643,0,0,0,1
0.634736,-1.506863,-0.451212,2.834027,0.322279,0.255766,-0.475348,0,0,0,0
0.398743,-2.407937,-0.101814,2.725590,-0.075083,-0.130990,-0.480604,1,1,0,0
1.119131,-1.059253,-0.316852,1.296894,0.521338,-0.592825,1.643518,0,0,0,0
-0.400195,-0.292001,0.004183,0.668657,0.833010,0.498496,0.022721,1,0,0,0
-0.973214,0.040919,1.207939,0.353293,0.935048,-0.941458,-0.940368,0,0,0,0
-2.217305,-0.136242,0.811176,0.710186,1.104241,-0.347553,-1.294888,0,1,0,1
0.432722,0.491678,-0.315065,-0.866280,0.227823,0.331079,1.576132,0,0,0,0
-0.019338,-1.509610,1.903701,0.776947,-0.981309,0.206319,-0.214818,0,0,1,0
-1.332668,0.424041,1.035174,-0.110963,1.087678,-0.895744,-0.628853,0,1,0,0
-0.199274,0.025803,1.080653,-0.565554,-1.016464,0.231199,-0.387188,1,0,0,1
1.417463,-0.646917,-0.097302,0.368004,-1.401121,0.268645,1.743873,0,0,0,0
-1.424461,0.495223,1.514382,0.288019,-0.944805,-1.092415,0.485342,0,0,1,0
-0.543989,0.513815,1.063548,-0.094232,-0.982994,-0.823339,-0.474884,0,0,0,0
-1.242139,0.702659,2.630818,0.310885,-0.366299,0.225629,0.187078,1,1,0,0
-0.220558,0.491725,0.152329,-0.460273,-0.594763,-0.303332,1.807313,0,0,0,0
0.118954,-0.055683,-0.350256,-0.345440,-0.545569,0.304087,0.403807,1,0,1,0
0.783187,-0.398677,0.796451,0.043437,1.148946,-0.224787,-0.292355,0,0,0,0
-1.354153,0.225133,1.572110,-0.493823,0.484745,-0.461385,-1.000072,1,0,0,1
1.185136,-0.915053,-0.020437,0.498603,-1.369843,0.095958,1.648977,0,0,0,0
-0.333306,1.147767,-1.481444,-1.657538,-0.285159,1.174226,0.063701,0,1,0,0
-0.571176,0.928951,0.818011,-0.764442,-0.143393,-0.761083,0.306883,0,0,0,0
0.413644,-1.045618,-0.752100,0.784785,1.233785,1.583462,-0.742452,0,0,1,1
-0.322119,1.147858,-0.424852,-1.387458,0.389658,-0.330863,1.875894,0,0,0,0
-0.999103,1.831088,-0.082789,-0.582837,1.393971,-0.604859,0.550971,0,1,0,0
-1.373082,1.039351,1.264020,-0.093833,1.917967,-1.282597,-0.462245,0,0,0,0
-0.475589,0.201678,0.963986,-0.080989,0.160922,0.819844,-0.156881,1,0,0,1
1.075733,-0.800366,0.113922,0.757914,-0.949423,-0.338836,1.679262,0,0,0,0
-0.593973,-0.679797,-0.483492,-2.053312,1.096681,1.853187,0.019711,0,0,1,0
-0.522886,0.887423,0.156415,-0.618308,0.687119,-0.980059,-0.389071,0,0,0,0
-1.406423,0.752305,0.788818,-0.045748,0.990322,0.742485,-0.796783,1,1,0,0
-0.381036,0.994023,-0.703323,-1.862798,1.236311,0.770976,1.861996,0,0,0,0
-1.291211,1.852350,0.142693,-1.140685,3.102584,-0.458833,0.510814,0,0,0,1
-0.661640,-0.239156,0.904890,-0.224134,1.974852,-0.142928,-0.906150,0,0,0,0
-0.460011,0.566397,-0.173514,-1.694537,0.427341,1.256955,-0.210799,0,1,1,0
1.173639,-1.054396,-0.449042,0.473328,-0.049263,-0.196151,1.737447,0,0,0,0
-2.102239,1.303338,-0.467879,-0.850978,1.896391,-0.981405,-0.080511,1,0,0,0
-0.629934,0.814934,0.279721,-1.704793,1.103984,-0.718796,-0.580319,0,0,0,0
-0.117594,-0.596710,0.430187,-1.671947,2.273103,0.059129,-0.713777,0,0,1,1
-0.613188,0.999996,0.126163,-1.713328,0.671244,-0.529009,1.797364,0,0,0,0
-0.925377,2.220580,-0.718407,-1.392596,2.768157,0.277147,0.524811,0,1,0,0
0.248579,0.030541,-2.198570,0.375863,2.499907,2.748568,-0.309239,0,0,0,0
-0.489888,0.427258,-0.348295,-1.437958,1.292969,1.474411,-0.009371,1,0,0,1
1.102045,-0.789189,-0.427837,0.377846,-0.689333,-0.342801,1.619696,0,0,0,0
-0.758178,1.693376,-2.141278,-1.773757,-0.047550,-0.371981,0.220353,0,0,1,0
-0.711083,1.054193,0.548545,-0.471430,1.420530,-0.640705,-0.406527,0,0,0,0
-1.220607,1.450058,-0.449609,-0.344870,2.736225,-0.981647,-0.593218,1,0,0,1
-0.399746,1.084035,-0.349444,-1.738439,0.467203,-0.273715,1.872817,0,0,0,0
-0.239057,-0.250398,-0.595932,-1.926525,1.212455,0.422538,0.554174,0,0,1,0
-0.286300,0.836168,-0.689019,0.077208,2.552998,0.347219,-0.126914,0,0,0,0
0.127786,0.065442,-0.541610,-0.044182,0.634771,0.048851,-0.637006,1,1,0,0
1.112786,-1.200105,0.084904,0.701599,-0.034336,-0.579940,1.773321,0,0,0,0
-0.097418,-0.392829,0.870329,0.019362,1.066448,0.047857,0.540125,0,0,1,0
-0.397595,0.644541,1.257329,0.579247,0.728165,-0.369433,0.513739,0,0,0,0
-0.629057,0.410540,1.023669,1.190461,1.527996,-0.734289,0.653673,1,0,0,1
0.334082,-0.731067,0.101188,0.218012,-0.092199,-0.502641,-1.211500,0,0,0,0
0.121528,0.329009,0.332144,0.339817,-0.168421,-0.430958,-0.689048,0,1,0,1
0.592304,0.029428,-0.260576,0.317122,-0.544499,-0.819514,-0.238651,0,0,0,0
0.027101,0.145857,0.762952,0.107536,-1.115147,0.163662,-0.271586,0,0,1,1
0.207318,-1.152595,-0.512288,0.691246,0.132648,-0.701686,-1.365781,0,0,0,0
-0.862885,-0.757153,0.274803,0.218765,-1.509591,-0.413550,-1.559498,1,0,0,1
0.746871,-0.611579,1.449656,0.358133,-0.196581,-0.203186,0.022956,0,0,0,0
0.445278,-0.985345,1.176275,-0.615416,-0.554932,-0.874700,-0.456212,1,1,0,0
0.817436,-0.430831,0.299751,-0.177627,-1.311781,-0.388840,-0.912153,0,0,1,1
0.270541,-0.723208,0.456050,0.648572,-0.312912,-0.875835,-1.059243,1,1,0,0
0.272635,-0.808860,0.598403,1.242288,0.681905,-1.130823,0.180166,0,0,1,1
0.596781,-2.021336,-0.135251,1.981026,-0.161534,-0.488546,-0.643875,0,1,0,0
1.283005,-1.302260,-0.265951,0.546527,-0.326187,2.850143,-0.771654,1,0,0,0
0.986544,-1.320752,-0.250170,0.704147,-0.046010,3.139258,-0.767570,0,0,1,0
1.787832,-0.640763,0.232116,-0.176890,-0.654243,1.504839,0.450750,0,1,0,0
1.595586,-0.527077,-0.051591,-0.269389,-1.464351,1.188088,0.347798,0,0,0,1
-0.734349,-0.078785,0.738985,-1.177333,-1.968587,-0.780819,-1.472771,0,0,0,0
0.546926,-2.306810,-0.318346,-0.269336,-2.853843,3.125721,-1.262284,1,0,0,0
0.388639,0.171807,-1.204930,-0.620263,-1.848882,0.278000,-1.039442,0,0,0,0
0.021663,0.198685,-1.228663,-1.001628,-2.024884,-0.080192,-1.080721,0,0,0,1
0.089502,-0.032432,-1.358128,-1.144715,-1.369596,0.520783,-1.127000,0,0,0,0
0.134898,-0.597038,-1.119587,-0.570100,-0.290031,0.481336,-1.222698,0,1,0,0
0.076499,-0.439315,-1.343398,-0.691736,-0.586725,0.271394,-1.648203,0,0,0,0
-0.635246,-0.411223,-1.542063,-1.146958,-0.843675,-0.202413,-1.944397,0,0,0,0
-0.771820,0.091665,-1.626497,-0.671692,-0.383409,0.219553,-1.884813,0,0,0,0
-0.437775,-0.273145,-2.360389,-0.537610,-0.482636,0.528801,-1.804783,0,0,1,1
0.752132,-0.334909,-1.061483,0.287711,-1.678706,-0.213467,-0.440092,0,0,0,0
0.562321,0.249674,-1.249091,-0.329071,-1.806086,1.514087,-0.740394,1,0,0,1
1.355825,-1.165047,0.572983,0.582534,-1.647059,0.283467,-0.220503,0,0,0,0
0.656891,-0.477394,-1.214018,-0.260239,-0.568106,-0.106755,-0.992715,0,0,1,0
0.478310,0.125408,-0.416049,0.684968,0.104602,-0.090753,-0.584382,0,1,0,0
0.906260,0.375457,-1.737643,1.437207,0.700629,1.033355,0.039049,1,0,1,1
1.104407,-0.399034,-0.174064,0.063305,-1.840057,-0.553897,1.576978,0,0,0,0
1.284738,-0.686899,-0.540370,0.815988,-0.269827,0.327633,0.234671,0,1,0,1
0.796920,-0.093476,-0.429286,0.111128,-0.819244,0.244001,-0.133604,0,0,0,0
0.500179,-0.442659,-0.203850,-0.300765,-1.074753,0.508078,-0.170798,1,0,1,0
1.308243,-0.864913,-0.356158,0.017014,-0.786214,-0.316555,1.507845,0,0,0,0
1.050772,-1.294645,-0.580534,0.096922,-1.132185,0.928320,0.539319,1,0,0,0
0.638850,0.181618,-0.406195,0.232899,1.051361,-0.720043,0.225090,0,1,0,0
0.688491,0.029247,0.358220,-0.318134,1.822639,-0.177904,-0.064072,0,0,1,1
0.354604,-0.257284,-0.150733,0.753033,0.343774,-0.500090,1.993754,0,0,0,0
0.330806,-0.103795,0.085912,0.803351,0.643720,0.040159,0.580805,0,1,0,0
0.493959,0.425814,0.868242,-0.352491,-1.483251,-0.798875,-0.093537,0,0,0,0
0.611798,-2.058174,0.925631,0.868974,-0.256180,0.605435,-0.604585,1,0,1,0
1.118863,-1.141893,0.039220,0.747877,-0.311821,-0.552983,1.730486,0,0,0,0
0.819077,-1.847668,-0.140614,-0.205714,-0.824038,0.127467,0.129568,0,0,0,1
0.285405,0.132769,1.016138,-0.960296,-0.601963,-0.833172,-0.158096,0,0,1,0
-0.229413,0.208195,0.815309,0.077664,-0.618870,-0.819181,-0.217629,1,1,0,0
-0.471060,0.604308,0.923372,-0.079049,-0.027687,-0.801086,1.649560,0,0,0,0
-0.275831,-0.028817,1.911651,-0.029292,0.186795,0.889598,0.599243,0,0,1,0
0.103352,0.133467,0.589078,-0.265282,-0.490390,-1.082366,-0.455444,0,0,0,0
0.001708,-0.055757,1.076394,-0.310624,-0.537069,0.109959,-0.423765,1,0,0,1
0.999528,-1.370451,-0.044207,0.955435,0.535939,-0.554921,1.424726,0,0,0,0
0.525313,-1.466354,-0.348285,-0.847935,0.304689,5.946228,-0.174471,0,1,0,0
0.735836,0.244037,1.398793,-1.149971,-0.197553,-0.436661,0.271633,0,0,0,0
0.898931,-0.104047,0.503655,-1.080610,0.328884,1.123853,-0.292314,0,0,1,1
0.621071,-0.241172,0.116138,0.386375,1.112257,-0.193067,1.717442,0,0,0,0
0.059635,0.477212,-1.019792,-0.283384,1.145903,-0.063117,0.696876,0,1,0,1
0.665106,-0.323163,0.778380,-0.258745,0.565861,-0.155840,0.180916,0,0,0,0
0.051285,0.524092,1.216456,-1.503203,-0.422026,0.866802,-0.210398,1,0,1,0
1.351099,-0.777637,-0.010864,0.141083,-0.793858,-0.336758,1.643176,0,0,0,0
-0.321892,1.720034,-1.509383,-0.254426,2.221307,0.461225,0.655692,0,1,1,0
0.500172,0.114648,-0.735043,0.785277,1.097365,-1.246414,-0.139234,0,0,0,0
0.897970,-0.080973,-1.473572,-0.184395,2.399125,-0.539059,-0.264570,1,1,0,0
0.610388,0.326145,0.209141,-0.769538,-0.454918,-0.178318,1.556647,0,0,0,0
0.357977,0.096832,0.023239,0.055046,0.353691,-0.712864,0.082931,1,0,1,0
-0.101246,0.224543,0.665254,-0.331348,0.196883,-0.545080,-0.198193,0,0,0,0
-0.244654,0.600879,1.041860,-0.872363,-0.922287,0.404934,-0.478654,0,1,0,1
1.168252,-1.120974,-0.151098,-0.130840,-1.075906,-0.438764,1.529383,0,0,0,0
0.999964,-1.291697,0.417366,0.030814,-1.782267,2.091371,0.535598,0,0,0,1
0.513509,0.930320,-0.506617,0.011460,1.196613,0.038406,0.234457,0,0,1,0
1.372033,-1.647543,0.189309,1.357245,-0.179286,-0.403706,-0.569350,1,1,0,0
-0.216130,0.703207,0.412189,0.074384,-0.012237,-0.005000,1.899943,0,0,0,0
-0.243681,0.866114,1.132964,-0.091266,-0.517014,-0.125443,0.937745,0,0,1,0
0.074413,0.219135,1.309890,-0.725754,-1.147317,-1.073572,-0.156451,0,0,0,0
0.804024,-2.237150,0.279188,2.196071,0.104505,7.608236,-0.398034,0,1,0,1
0.944856,-1.513944,-0.175576,1.200261,0.128813,-0.188786,1.797112,0,0,1,0
0.504053,-2.480403,-0.717183,1.880039,0.300196,-0.289636,0.239129,1,0,0,0
0.001142,0.129724,-0.092599,0.748729,0.898934,-0.853665,-0.465449,0,1,0,0
-0.201814,-0.136613,0.429406,0.647735,1.018470,-0.721659,-0.484595,0,0,1,1
-0.876000,0.416231,0.995293,-0.083868,1.179630,0.063441,1.497648,0,0,0,0
-0.920130,0.750354,0.693193,0.163609,0.819366,-0.654485,0.368421,0,1,0,0
-0.168749,-0.048152,0.282048,0.216040,0.705964,-0.305978,-0.536164,0,0,0,0
0.097649,-2.424893,-0.474660,2.525751,0.143852,0.541633,-0.419657,1,0,0,1
0.953516,-1.146819,-0.026443,0.754594,-0.013297,-0.275958,1.500014,0,0,0,0
-0.412827,-1.952173,1.858771,0.077691,-1.821609,0.222014,-0.252384,0,0,1,0
0.073887,0.198038,0.661870,-0.746109,-1.191927,-0.847492,-0.558193,0,0,0,0
0.219816,0.141773,0.104177,0.511434,0.339797,0.120257,-0.307017,1,1,0,0
0.568738,0.015107,0.215170,0.098606,-0.041249,-0.439949,1.627635,0,0,0,0
0.037617,0.527213,-0.763980,-0.227609,0.852108,-0.390212,0.263454,1,0,1,0
0.784134,0.048865,0.110158,0.004520,0.017215,-0.409832,-0.065348,0,0,0,0
0.045701,0.754420,0.394331,-0.300298,-0.985171,0.607386,0.049838,0,1,0,1
1.326191,-0.612675,0.018970,0.321349,-1.099772,-0.140395,1.801954,0,0,0,0
-0.500176,1.019816,-1.117043,0.264299,2.185959,0.557705,-0.185766,0,1,1,0
0.094317,0.318718,-0.685896,1.321715,0.771352,-1.162930,-0.336204,0,0,0,0
-0.148141,1.438033,-3.089067,-0.085614,2.969183,3.121585,-0.175591,1,0,1,1
1.073620,-0.703816,-0.287975,0.310485,-1.222756,-0.458232,1.618514,0,0,0,0
0.902697,-0.533994,-0.348746,0.870057,-0.148078,0.100370,0.315607,1,1,0,0
0.495784,-0.324528,-0.602585,1.260808,-0.181044,-0.547325,-0.325177,0,0,0,0
-0.297833,-0.724339,0.279219,1.289982,-0.326203,-0.056866,-0.811912,0,1,0,1
1.151729,-1.059962,-0.672986,0.181264,-0.439336,-0.612855,1.546229,0,0,0,0
0.444675,-1.270069,0.035603,-0.546474,0.390085,-0.186453,0.400992,0,0,1,0
0.443674,0.196828,-0.300423,0.347735,1.217532,-0.436308,0.193679,0,1,0,0
-1.110779,0.779190,1.319275,0.696082,0.663528,-0.891331,-0.371944,1,0,0,1
0.056608,0.314707,-0.249524,0.496706,1.790268,-0.715773,1.584981,0,0,0,0
1.043834,-1.132699,0.737760,0.159339,-0.000744,0.935011,0.605908,0,0,1,1
0.377134,0.684880,-0.279779,-0.188439,0.765376,-0.732807,0.277435,0,0,0,0
0.249430,-1.515910,1.202889,1.567506,-0.422935,2.145028,-0.560616,0,1,1,0
1.483197,-0.249395,-0.137564,0.200497,-1.447711,-0.476149,1.928683,0,0,0,0
0.208193,-2.195538,0.379397,-0.382814,-0.113266,-0.429426,0.119415,1,1,0,0
0.242972,0.581985,-0.011663,-0.713310,-0.167753,-0.952768,0.382879,0,0,0,0
0.169492,-0.848802,1.648260,-0.576503,0.839474,0.095978,-0.026259,0,0,1,1
0.256461,0.863949,-0.443750,-1.469587,0.208514,-0.400390,1.858171,0,0,0,0
0.512592,1.006044,-0.449440,-1.381408,-0.088752,0.101310,1.012884,0,1,0,0
0.237591,0.586659,-0.280758,-0.767294,1.974338,-0.742001,0.626408,0,0,0,0
0.432729,-0.159246,0.012560,-0.764249,1.471443,0.271736,0.271335,1,1,0,0
1.699268,-0.217875,-0.184279,-0.730483,-1.438074,0.116291,1.782710,0,0,0,0
-0.389885,0.695883,-0.036834,-1.303481,-0.380422,-0.004919,0.805742,0,0,1,0
-0.491296,1.267103,0.488408,-0.773753,0.783187,-0.727435,0.206448,0,0,0,0
1.320326,-0.113019,-0.466985,-1.168695,0.193205,2.470350,-0.266543,0,0,1,1
0.367093,0.898991,-0.336688,-1.530313,-0.557064,-0.652953,1.705164,0,1,0,0
0.805051,0.611443,-0.454613,-0.766218,0.504636,0.229236,1.402307,1,0,0,0
0.632915,0.020664,0.317030,-0.452920,1.789034,-0.761928,0.117856,0,0,1,0
0.894237,-0.644449,-0.872280,-0.100389,1.486488,0.012936,-0.439741,0,1,0,1
1.344013,-0.789349,-0.486803,0.305036,0.088496,-0.516409,1.816194,0,0,0,0
-0.555617,1.264739,-0.330831,-0.379882,0.696278,-0.469502,0.046619,1,0,1,0
0.566125,0.795622,-0.876049,0.038826,-0.280093,-0.411442,-0.079918,0,0,0,0
-0.396896,0.741153,-0.247876,-0.629241,0.368043,-0.122795,-0.653049,1,1,0,0
0.719927,0.268405,-0.307439,-0.361232,-0.934732,-0.806685,1.622426,0,0,0,0
0.984397,0.024324,-0.858769,0.432057,1.092018,1.853524,0.544045,0,0,1,1
-0.011342,0.748668,0.330399,-0.844545,-0.322019,-0.573754,-0.442994,0,0,0,0
0.059794,0.492594,-0.682140,-1.317292,-0.200455,1.598035,-0.772756,1,0,1,0
1.385752,-0.616743,-0.374391,0.022420,-0.988663,-0.420599,1.670289,0,0,0,0
0.245123,-0.174864,-0.850452,-0.484920,0.334756,0.053175,0.026644,1,0,0,0
0.352992,0.301421,-0.324292,1.050470,1.446037,-0.459801,-0.133794,0,1,0,0
1.142818,0.299829,-1.092006,0.411729,-0.235366,-0.703810,-0.425983,0,0,1,1
0.324593,0.871961,-1.315143,-0.004032,-1.062969,-0.242875,1.727713,0,0,0,0
0.255165,1.358995,-0.857308,-0.806010,-0.489265,0.083204,0.816767,0,1,0,0
0.105461,0.847067,-0.039457,0.239537,0.089547,-0.849076,0.019773,0,0,0,0
0.019223,0.174021,0.143298,0.431562,-0.332715,-0.166865,0.033476,1,0,1,0
1.455287,-0.913697,-0.571058,0.585575,-0.337005,-0.503874,1.902551,0,0,0,0
0.208744,-0.347170,-0.751384,0.118489,0.491024,-0.306895,0.561938,0,1,0,0
0.518483,-0.050124,0.135345,0.718254,-0.112210,-0.416475,-0.531401,0,0,1,0
0.887018,0.080911,0.079765,0.189865,-0.974315,1.222365,0.269213,1,0,0,1
0.147680,0.059320,-1.023701,-0.742610,-0.541054,-0.177065,-1.030130,0,0,0,0
-0.191313,0.930825,-0.502488,-0.060086,-0.167362,-0.206920,-0.519632,0,0,0,0
-0.103669,1.152882,-1.075162,-0.189818,-0.200656,-0.116430,0.290057,0,1,0,0
0.257632,0.419637,-0.907410,0.777826,-1.263450,-1.034310,-0.344944,0,0,1,1
0.862120,-0.367730,-0.201042,-0.530409,-0.587377,-0.120307,-0.878565,0,0,0,0
0.528377,-0.439561,-0.224660,-0.708325,-1.065426,-0.180688,-1.028330,0,1,0,0
0.881016,-0.024062,-0.143125,-0.947969,-0.149326,-0.117132,-0.330125,0,0,1,0
0.520566,-0.344138,0.126485,-0.858822,-0.223104,-0.090386,-0.111637,1,0,0,1
0.702829,-0.016858,-0.873643,-0.991868,-0.034778,0.096127,0.257396,0,0,0,0
-0.015093,-0.255534,-0.918597,0.029429,0.241548,-0.097876,-1.380043,0,1,0,1
0.778706,-0.469345,-0.175965,-0.112777,0.685556,1.069725,-1.031019,0,0,0,0
-0.426340,0.156443,0.178656,0.284586,-0.250795,-0.910981,-1.411041,1,0,1,1
1.637681,-0.963988,-0.345831,-0.334528,0.238298,0.032654,-0.160289,0,0,0,0
1.501166,-1.381248,-0.444472,-0.413307,-0.349710,0.759049,-0.796774,0,0,1,1
0.853104,-0.255922,-0.613382,0.016249,0.642968,-0.253831,-0.032195,0,0,0,0
0.055033,-0.099923,-0.029582,-0.245381,-0.217749,1.017936,-0.411984,1,1,0,0
0.673878,-0.042471,0.310598,-0.199030,-0.346285,-0.156472,1.773850,0,0,0,0
-0.018106,-0.037723,0.094025,-0.287551,0.317822,-0.172315,0.461645,1,0,1,0
0.263519,-0.254639,-0.509310,-0.686645,-0.864228,-0.416812,-0.887126,0,0,0,0
-0.333247,-0.611082,-0.519362,-1.453231,-1.018844,0.331843,-0.690437,0,0,1,1
1.455362,-0.910706,-0.399475,0.206070,-1.038222,-0.507534,1.456249,0,0,0,0
0.988070,-1.707462,-0.206162,1.158982,-1.530212,-0.296984,0.000253,1,1,0,0
0.929926,-0.327944,0.136719,0.809365,-0.428041,-0.228259,-0.082661,0,0,0,0
0.905118,-1.631041,0.254229,1.567499,0.177877,-0.532734,-0.317266,0,1,0,1
0.381214,0.062641,0.515990,0.203015,-1.437851,-0.443237,1.791519,0,0,0,0
0.198880,0.280191,0.781454,0.552212,-1.040589,0.264190,0.904276,0,0,1,1
-0.000721,0.019898,1.145175,0.648446,-0.931589,-0.869815,0.309629,0,0,0,0
0.320460,-0.392217,0.876716,0.243339,-0.527296,0.632271,-0.648585,1,1,0,0
1.361084,-0.976700,0.120346,0.597401,-0.523041,-0.387019,1.849213,0,0,0,0
0.167906,-0.601817,0.402475,-0.520040,-0.138868,0.531763,0.070804,0,1,0,0
0.808753,0.199939,0.651174,-0.495461,0.156697,-0.383727,0.214470,0,0,1,0
1.010387,0.154691,-0.658917,-0.477312,-0.018116,0.128610,0.002509,1,0,0,1
-0.176261,0.268341,-0.076593,-0.788874,-0.218472,-0.400350,1.546264,0,0,0,0
0.085653,0.138429,-0.071895,-0.252898,0.303892,0.578404,-0.351224,0,0,1,0
0.140751,0.494925,-0.432986,0.079934,1.550930,-0.586287,-0.048671,0,0,0,0
0.269557,0.253754,-1.071274,-0.220915,1.034010,0.153923,-0.254523,0,1,0,1
1.330451,-0.748113,-0.275625,0.306515,-0.868361,-0.573891,1.479295,0,0,0,0
-0.131274,0.774903,-1.110058,-0.458821,0.874137,0.720009,0.180768,0,1,0,0
0.515800,0.908757,-0.907591,-0.359830,0.757650,-0.277181,0.003150,0,0,0,0
0.179606,0.645324,-1.817157,-0.730155,2.713757,-0.176014,-0.064023,1,0,1,0
0.589257,0.122391,-0.952969,-0.665600,0.376033,0.395159,1.834531,0,0,0,0
0.089294,0.381236,-1.912310,-0.250952,0.607109,0.258326,0.471846,0,0,1,0
0.652575,0.011644,-0.467718,0.503630,1.450767,-0.927015,-0.182650,0,0,0,0
0.394845,0.172292,-1.784039,0.336442,1.437235,0.186999,-0.308652,1,0,0,1
1.360051,-0.913424,0.373151,0.486485,-0.013954,-0.273695,1.589311,0,1,0,0
0.149120,0.281341,-0.090452,0.023552,0.301190,-0.840912,0.630164,0,0,1,0
0.872796,-0.404169,0.028915,0.210234,-0.089124,-0.117709,-0.527087,0,0,0,0
0.256477,-0.329398,1.199726,0.323563,0.309735,-0.279592,0.239009,1,1,0,0
0.687146,-0.056025,-0.228969,0.363105,0.616984,0.156023,1.736895,0,0,0,0
0.118019,0.304364,0.729013,0.227663,0.123153,-0.137815,0.703674,1,0,1,0
0.457140,0.421239,0.669372,0.011218,-1.115623,-0.184545,0.101045,0,0,0,0
0.156323,0.171524,0.612334,0.242850,-0.943258,-0.067147,-0.053113,0,1,0,1
1.409483,-0.709273,0.031750,0.226048,-1.000162,-0.385035,1.608185,0,0,0,0
0.629135,-1.563125,-0.063674,1.516947,-0.608164,0.413610,0.112644,0,0,1,1
0.087159,0.208189,0.250752,0.708265,0.872815,-0.305819,-0.217261,0,0,0,0
-0.412667,0.448520,0.627425,0.513727,1.346858,-0.065957,-0.382669,1,0,1,0
0.347533,0.062690,0.050960,0.731388,0.554001,0.024034,1.868480,0,0,0,0
0.376651,0.303804,0.103291,1.022810,1.055576,0.461012,0.623202,1,1,0,0
0.042292,0.248071,0.600751,0.486757,0.588141,-0.948911,-0.124087,0,0,0,0
-0.859145,0.437115,0.748501,0.242922,0.939069,0.380092,-0.825901,0,0,1,1
1.366608,-0.940324,0.100743,0.510843,-0.821584,-0.549782,1.867364,0,0,0,0
-0.822952,0.853284,0.408451,-0.339035,-0.271945,-0.489207,0.823728,0,0,1,0
-0.018575,0.587291,0.861265,0.227180,-0.949867,-0.863345,0.188917,0,1,0,0
-0.325344,0.297336,1.020750,0.118509,-0.828035,-0.921553,0.469772,1,0,0,1
-0.451982,0.814344,1.180784,-1.209484,-0.265257,-0.408257,1.902715,0,0,0,0
-0.430076,0.841052,0.790313,-0.422514,0.251041,0.235496,1.069412,0,1,0,0
-0.290644,0.697563,0.940102,-0.390733,0.193130,-1.178093,-0.062237,0,0,0,0
0.396905,-0.231394,-1.535486,0.427209,1.222273,1.862548,-0.409644,0,0,1,1
1.321013,-0.684920,-0.239059,0.145645,-0.626068,-0.559176,1.587626,0,0,0,0
-0.586268,1.341018,-0.222817,0.065693,0.920293,0.256432,-0.553490,0,1,0,0
-0.157213,1.371754,0.192176,-0.816408,0.306671,-0.122885,0.017660,0,0,0,0
-0.726880,0.736536,0.826061,0.082569,0.324244,1.056830,-0.642840,1,0,0,1
0.277135,0.218771,0.007042,-0.818935,-1.228534,0.376012,1.856540,0,0,0,0
-0.474779,0.544797,-0.880953,-1.685460,-1.644495,-0.020561,0.294977,0,1,0,0
0.740226,0.101235,-0.015278,0.007691,0.752757,-0.534792,0.099269,0,0,0,0
-0.934034,0.174762,1.158102,0.081462,-0.087111,-0.674467,-0.870940,1,0,0,1
1.428215,-0.826571,0.194430,0.707739,0.251560,-0.530799,1.728144,0,0,1,0
-0.490378,1.202350,-1.097595,-0.130584,1.482503,-0.218966,0.616336,0,1,0,0
1.252874,-0.368783,0.079119,-0.603258,-0.020369,-0.118864,-0.359349,0,0,0,0
-0.488220,-0.749732,0.708893,0.827025,0.440900,-0.262827,-0.712177,1,0,1,1
0.966680,-0.958975,-0.143668,1.352255,-0.134505,-0.334847,1.654430,0,0,0,0
0.967948,-1.641747,0.344756,2.240125,-0.063724,0.027755,0.312118,0,0,1,0
0.892368,-0.626653,0.462645,0.865442,-0.341471,-0.010574,-0.188068,0,0,0,0
-0.061158,-0.684084,0.523481,1.272365,-0.758748,-0.448829,-0.984283,0,1,0,1
1.341120,-0.957850,-0.024649,0.208798,-0.628041,-0.269422,1.611194,0,0,0,0
-0.019518,-0.747956,0.546830,0.435985,-0.009641,-0.439549,-0.204394,0,1,0,0
0.560291,0.153693,1.224297,-0.527661,-0.565193,-0.854479,-0.096033,0,0,0,0
-0.444218,0.602995,0.526425,0.218593,0.068295,-0.000216,-0.468181,1,0,1,0
0.729579,0.199357,0.319293,-0.345340,-0.836042,0.362899,1.827858,0,0,0,0
-0.313890,1.132976,0.668796,-0.190178,0.604255,0.757772,0.567471,0,0,1,0
0.044674,-0.086082,0.729603,0.227749,0.530436,-0.775041,-0.038064,0,0,0,0
-0.711930,-0.264503,1.625501,0.047784,1.016701,-0.830064,-0.672166,0,1,0,1
1.274593,-0.773276,0.105884,1.038275,-0.269080,-0.142692,1.850888,0,0,0,0
0.198757,-0.377272,-0.091975,0.767896,0.292444,-0.609671,0.425111,0,1,0,0
0.750029,-0.090594,0.725635,-0.034897,-0.873797,-0.168330,0.053094,0,0,1,0
0.149558,-0.074128,1.166045,-0.518141,-0.351220,-0.808347,0.180129,1,0,0,1
-0.005255,0.331568,0.679928,-0.306630,-1.012431,-0.833532,1.699263,0,0,0,0
0.800757,-1.122351,1.071289,-0.345075,-1.050771,0.829790,0.313234,1,0,1,0
0.631037,-1.138631,0.705533,1.424501,-1.011009,-0.636041,-0.542753,0,0,0,0
0.664085,-1.951094,-0.445713,1.578690,-0.224699,-0.007579,-0.589263,0,1,0,1
1.417266,-0.737193,0.149650,0.346688,-0.751549,-0.499072,1.556321,0,0,0,0
0.165577,0.390423,0.319854,0.036844,0.069512,0.513328,0.727448,1,1,0,0
0.765223,-0.314193,1.075459,-0.427508,-0.296764,-0.405695,-0.089441,0,0,0,0
0.597445,-0.433344,0.776353,0.381540,1.121357,0.830746,-0.094333,0,0,1,1
0.592225,0.018194,-0.161928,0.110719,-0.675922,-0.281854,1.595256,0,0,0,0
0.458391,-0.274724,0.001210,0.332980,-0.705814,-0.506384,0.540565,1,1,0,0
0.909742,-0.364175,0.496862,-0.210120,-0.574729,-0.781331,-0.187851,0,0,0,0
0.763498,-0.690622,0.297629,-0.041584,-0.728980,-0.093299,-0.732379,0,0,1,1
1.387278,-1.101934,0.088834,0.341784,-0.239348,-0.038113,1.557718,1,0,0,0
0.235939,-1.271471,0.091220,0.412603,1.412282,-0.181200,0.044089,0,0,1,0
1.083699,-1.194671,0.371775,0.832251,0.718358,-0.250943,-0.453351,0,0,0,0
0.988574,-1.656543,0.783460,0.879891,-0.804949,0.385969,-0.640974,1,0,0,1
0.835276,-0.277393,0.365862,-0.015403,-0.263857,-0.406212,1.734385,0,1,0,0
0.770678,-0.214697,0.286388,0.390547,-0.428440,-0.068992,0.284233,0,0,1,0
0.889112,-0.076278,-0.247575,0.615487,-0.642228,-0.675971,-0.290756,0,1,0,0
0.580950,-1.836009,0.791713,0.384840,0.230314,-0.295468,-0.550455,1,0,0,1
1.432680,-1.027208,0.255471,0.343238,-0.459574,-0.551316,1.472675,0,0,1,0
0.431856,-0.506282,0.129104,0.714289,-0.519814,-0.717280,-0.014324,0,1,0,0
0.843627,-0.342739,-0.130285,0.430087,-0.484950,-0.350527,-0.369566,0,0,1,0
0.414841,-1.856191,1.044857,0.565535,-0.478218,-0.393873,-0.955037,1,0,0,1
0.734996,-0.162270,0.290406,0.348642,-1.250628,-0.484526,1.613831,0,1,0,0
0.850878,-0.027597,0.290151,0.578697,-0.862522,-0.115331,0.676616,0,0,1,0
0.873605,-0.414033,0.375908,0.498351,-1.391951,-0.345154,0.059004,0,1,0,0
0.546511,-0.634226,0.394883,0.411420,-1.088000,-0.345722,-0.296608,1,0,0,1
1.098453,-1.194131,0.159905,0.825371,0.118367,-0.642848,1.621853,0,0,1,0
0.792906,-1.829042,0.052462,2.131237,-0.706699,0.101579,0.285279,0,1,0,0
1.042180,-0.386603,1.024231,0.684010,0.278589,-0.872873,0.323239,0,0,1,0
0.916850,-0.840709,0.899766,0.616137,0.258624,-0.686906,-0.057951,1,0,0,1
0.518864,-0.499803,0.027345,-0.512481,-0.783705,1.838312,-0.351379,0,0,0,0
1.076542,-0.487811,-0.521403,-0.730657,-0.918338,0.170204,-0.420190,0,1,0,0
0.670052,-0.532384,-0.572434,-0.392460,-0.740073,0.566472,-1.044403,0,0,0,0
-0.564837,-0.181550,-0.692461,1.079596,0.566366,-0.229746,-1.535354,0,0,1,1
0.520937,-0.879295,-0.211032,-0.639846,-0.125865,1.792189,-1.293516,0,0,0,0
-1.124066,0.111487,-0.554843,-0.326311,-0.126105,0.404178,-1.818754,0,1,0,1
0.491626,-0.605592,-0.429898,-1.144790,-0.634294,1.372520,-1.027159,0,0,0,0
-1.421443,-0.103116,-0.943225,-1.018682,-0.155431,-0.918068,-1.860431,1,1,0,0
0.844873,0.268430,-0.834847,0.226123,0.055037,0.295493,0.426732,0,0,0,0
1.002872,-0.135332,-0.897942,0.394369,0.324833,0.608435,-0.549614,1,0,1,0
0.436060,0.261025,-1.181174,0.525686,-0.001138,0.326143,-0.609741,0,0,0,0
0.169720,0.586395,-1.865844,0.964062,0.883319,0.328257,-0.900453,1,1,0,1
0.749114,-1.258359,-1.226728,1.197905,-1.464812,-0.229646,-0.955074,0,0,0,0
0.503278,-1.736653,-1.114105,1.310001,-0.992807,-0.172830,-1.248169,0,0,0,0
0.836692,-1.568203,-0.902974,1.011213,-1.186310,0.287607,-1.186135,0,0,0,0
1.052433,-1.532041,-1.414703,0.186307,-1.115351,0.953721,-1.382502,0,1,1,1
1.030655,-0.460610,-0.672566,0.564568,-1.608192,-0.806070,1.722302,0,0,0,0
0.697344,-0.354932,-0.093476,0.825797,-0.996214,-0.104605,0.281099,0,1,0,0
0.319647,-0.515664,0.090429,1.191197,-0.226434,-0.675058,-0.703822,0,0,0,0
0.134692,-0.105903,0.161759,0.874724,-0.489408,-0.230961,-0.691975,1,0,1,1
1.220278,-1.205381,-0.142505,0.494640,-0.209071,-0.848384,1.491695,0,0,0,0
0.009417,-0.412403,0.025295,-0.189144,-0.342448,-0.355450,-0.149917,0,0,0,1
-0.085738,0.283357,0.397620,0.394995,-0.181206,-0.791261,-0.589814,0,0,0,0
-0.929480,0.887230,0.143613,0.261598,0.356525,0.063643,-0.817487,1,1,1,0
-0.626755,0.814299,0.150579,-0.509733,0.407444,-0.423727,1.477402,0,0,0,0
-0.936946,1.538218,0.694212,-0.402885,0.030223,-0.709595,0.425423,1,0,0,0
-0.840869,0.616129,1.059674,0.127152,0.139900,-1.334100,-0.628084,0,0,0,0
-1.060827,0.476663,0.890403,-0.088672,0.861771,0.811391,-0.657265,0,1,1,1
1.138827,-0.843688,-0.236866,1.007514,-0.827793,-0.431411,1.723060,0,0,0,0
-1.385408,1.359211,-0.762968,0.263453,0.285348,-0.876725,0.120051,0,1,0,0
0.159776,0.581461,0.119079,0.275353,0.129309,-1.111429,-0.583464,0,0,0,0
0.755867,0.605861,-1.392269,0.151838,0.021922,-0.031106,-0.412604,0,0,1,1
-0.348670,1.074056,-0.141443,-0.827046,0.433777,0.720617,1.685555,0,1,0,0
-0.271911,0.760690,-0.045231,-0.158159,0.514158,2.810562,-0.190524,1,0,0,0
-0.288670,0.845203,0.100273,-0.634768,1.148981,0.013383,-0.744575,0,0,0,1
-0.573149,0.610868,-0.081182,0.045574,0.804618,-0.231529,-0.704217,0,1,1,0
1.010306,-1.094552,-0.127445,0.802439,-0.591234,-0.553616,1.472737,1,0,0,0
-0.387775,1.024558,-0.549035,0.111789,0.452589,1.731197,0.010919,0,0,0,1
-0.240780,0.771405,-0.197836,0.380193,0.720715,1.318667,-0.499932,0,0,1,0
-0.990851,0.863607,0.458225,-0.428110,1.172564,-0.579064,-0.815891,1,1,0,0
0.078169,-0.267438,-0.117098,0.154977,0.294972,-1.009306,1.474439,0,0,0,1
-0.184091,0.132020,-0.970778,-0.047286,-0.794138,0.500633,0.132325,0,0,1,0
0.394278,-0.114505,0.244363,0.535634,0.364436,0.105333,-0.762499,0,1,0,0
-0.538637,0.142310,-0.134960,0.209198,0.962864,-1.072135,-0.807305,1,0,0,1
1.249927,-1.268507,0.084106,0.439363,0.063161,-0.700919,1.649145,0,0,1,0
-0.135470,-0.104074,-0.347687,0.149883,-0.044212,-0.253382,0.101949,0,1,0,1
0.586094,-0.779317,0.062798,0.841513,0.615058,-0.787265,-0.636077,0,0,0,0
-0.427104,-0.160449,0.012547,0.836250,-0.485005,-0.353693,-0.823163,1,1,1,0
0.441705,-0.226746,0.136032,-0.049171,0.624470,-0.772494,1.702503,0,0,0,0
0.076957,0.426018,0.402247,-0.227592,0.346507,-0.219255,0.233776,0,0,1,0
-0.081671,0.107354,0.293688,0.300328,0.326638,-1.201808,-0.673050,0,0,0,0
-0.605268,0.497853,0.455217,0.139940,0.737074,0.922510,-0.578718,1,1,0,1
1.146766,-1.188398,0.017519,0.278746,-0.360818,-0.402936,1.492218,0,0,0,0
-0.099995,-0.241357,0.126919,-0.054604,-0.055389,-0.354269,-0.177227,1,0,0,0
-0.452744,0.142424,0.641411,0.511437,0.392386,-0.862541,-1.003990,0,0,0,0
-1.548341,1.520867,0.224771,-0.374880,1.667693,-0.771780,-0.760634,0,1,1,1
-0.853966,0.996519,0.344036,-1.061986,0.882340,-0.670749,1.526553,0,0,0,0
-1.485864,2.111410,0.804291,-1.497012,1.328489,-0.472084,0.043316,0,0,0,1
-0.677584,0.354073,1.099118,0.409599,-0.222650,-1.264041,-0.675467,0,0,0,0
-0.976133,0.388446,0.861447,0.342730,0.602383,0.375555,-0.698164,1,1,1,0
1.039835,-1.112984,-0.496900,0.686747,-0.698610,-0.633941,1.681481,0,0,0,0
-1.544249,1.062666,-1.232225,0.153909,0.581014,-0.809401,0.077784,0,0,1,0
-0.234644,0.538878,0.438227,0.581916,-0.219866,-0.911788,-0.109863,0,0,0,0
-0.551197,0.416693,0.532818,0.182909,-0.791635,-0.889635,-0.773385,1,1,0,0
-0.546237,0.620747,0.005467,-0.468391,0.144809,-0.507501,1.749946,0,0,1,0
-0.722773,0.673388,0.341839,0.064078,0.213897,-0.067064,0.555601,0,0,0,1
-1.432183,0.516896,1.243820,-0.565807,1.055370,-1.068932,-0.843467,1,0,0,0
-0.523882,-0.054148,0.282107,0.458035,-0.011607,-0.162561,-0.811955,0,1,1,0
1.067847,-1.120510,-0.355618,0.636174,-0.446489,-0.570105,1.550731,0,0,0,1
-1.122760,1.046419,0.356658,-0.011435,0.979879,-0.006235,0.435083,1,0,0,0
-0.862553,0.599564,0.749003,-0.060402,0.570302,-0.771020,-0.693366,0,1,0,0
-0.894226,0.321612,0.767295,0.798860,0.570535,-0.094737,-0.825147,0,0,1,1
-0.109194,-0.157579,0.016897,0.495852,0.525377,-0.289062,1.530203,1,0,0,0
-1.395497,-0.007357,-0.698035,0.507673,-0.119355,0.082847,-0.257894,0,0,1,0
0.063592,-0.460025,0.384420,0.891316,0.527150,-0.940316,-0.374279,0,1,0,0
-0.349921,-0.156704,0.640743,0.367446,0.707175,0.117587,-0.760592,1,0,0,1
1.254840,-1.285714,0.265201,0.775171,0.419755,-0.251689,1.632041,0,0,1,0
-1.367591,0.627633,-0.299751,0.194535,0.866506,-1.173534,0.118165,1,0,0,0
0.715799,-0.690069,0.148711,0.960580,0.452794,-0.386964,-0.590796,0,1,0,0
0.797951,-0.065988,-0.357580,0.850716,-0.288081,-0.440444,-0.544085,0,0,1,1
0.751049,0.291005,-0.188001,-0.087463,0.233177,-0.989416,1.763056,0,0,0,0
0.501392,0.463066,0.271714,-0.408505,-0.293411,-0.594471,0.434315,0,1,0,0
0.015688,0.317672,0.581183,0.086586,-0.139377,-1.054826,-0.738938,0,0,0,0
-0.416755,0.850971,0.463199,-0.166931,0.150337,-0.251454,-0.471903,1,0,1,1
1.168402,-1.182445,0.019094,0.451299,-0.468173,-0.703123,1.503285,0,0,0,0
-0.201598,-0.366009,0.336880,-0.148984,-0.131204,-0.429373,-0.123689,0,0,0,1
-0.533407,0.331814,0.645976,0.524983,0.137576,-0.845214,-0.815948,0,0,0,0
-1.507479,1.756862,0.437424,-0.358100,0.987683,-0.879554,-0.647932,1,1,1,0
-0.626238,0.945787,0.333279,-0.972803,0.727402,-0.450130,1.558774,0,0,0,0
-1.490188,1.982048,0.696637,-1.032711,1.131083,-0.127320,-0.087378,1,0,0,0
-0.960078,0.388907,1.409538,0.254845,0.219125,-1.133688,-0.748264,0,0,0,0
-1.407736,0.476331,1.328032,-0.208345,0.434213,0.698397,-0.986590,0,1,1,1
1.273759,-1.216584,0.063969,0.977376,-0.108424,-0.160427,1.681771,0,0,0,0
-1.547791,1.063237,-0.368229,-0.317381,0.495309,-1.162565,0.032615,0,1,0,0
-0.467648,0.429737,0.668727,0.506081,0.352736,-1.284342,-0.593190,0,0,0,0
-0.765803,0.026966,0.818099,1.177727,0.223773,-0.704504,-0.767544,0,0,1,1
-0.762948,0.347010,0.688130,-0.628988,0.006815,-0.870336,1.783750,0,1,0,0
-0.948464,0.806152,0.735765,-0.577426,0.290831,0.190509,0.032643,1,0,0,0
-1.258043,0.517133,1.623598,-0.602161,0.355968,-0.430155,-0.941996,0,0,0,1
-0.726816,-0.221692,0.927760,-0.393382,-0.308203,-0.622257,-0.905595,0,1,1,0
1.100465,-1.149679,0.090345,0.308604,-0.344342,0.017655,1.487914,1,0,0,0
-0.574096,0.722689,0.589576,-0.737308,0.384393,1.286620,-0.450324,0,0,0,1
-0.371969,0.491366,0.719189,0.375618,-0.206433,0.162082,-0.669222,0,0,1,0
-1.229483,0.497795,0.923297,0.151501,0.429111,-0.933295,-0.902471,1,1,0,0
-0.418875,-0.137448,0.023112,0.071220,-0.483151,-0.201694,1.536237,0,0,0,1
-0.678269,-0.685060,-0.297716,0.194854,-0.647721,2.486237,-0.254812,0,0,1,0
-0.370081,0.284552,0.807263,0.502027,-0.578004,-0.771208,-0.766141,0,1,0,0
-0.104176,-0.185785,0.735708,0.481316,-0.168055,-0.692992,-0.703993,1,0,0,1
1.515204,-1.115794,0.023947,0.526811,-0.020686,-0.208974,1.728893,0,0,1,0
0.003048,-0.444865,0.565157,0.417260,0.311079,-0.517528,0.199042,1,0,0,1
0.638037,-0.574217,0.397343,0.591403,-0.171776,-0.727020,-0.660372,0,0,0,0
-0.082191,-0.530709,0.351954,0.341440,0.022873,0.097643,-0.790507,0,1,1,1
0.579118,-0.460696,-0.323428,-0.113184,0.044250,-0.868288,1.687505,0,0,0,0
0.172789,0.121203,0.012233,-0.036436,0.494367,-0.149809,0.342921,0,1,0,0
-0.015146,0.131583,-0.017601,0.138632,0.020369,-0.926097,-0.826883,0,0,0,0
-0.375383,0.462881,0.089291,-0.198486,0.590554,0.489930,-0.744818,1,0,1,1
1.169103,-1.192418,-0.331761,0.343979,-0.393964,-0.513510,1.300577,0,0,0,0
-0.063526,-0.209815,0.219621,-0.417493,-0.155139,-0.425367,-0.157361,0,0,0,1
-0.028881,0.390078,0.421306,0.503958,-0.170508,-0.840434,-0.538319,0,0,0,0
-1.337656,1.392404,-0.085375,0.074330,1.491863,-0.888448,-0.680813,1,1,1,0
-0.574915,1.197327,0.299042,-1.089483,0.658866,-0.717403,1.516120,0,0,0,0
-1.355571,1.915958,0.922807,-1.364236,1.924945,-0.655208,0.033751,1,0,0,0
-0.775745,0.577563,0.550240,0.242935,-0.182335,-0.885891,-0.670263,0,0,0,0
-0.856300,0.377416,0.327264,-0.591688,0.351952,0.950407,-0.550187,0,1,1,1
1.199368,-1.039177,-0.067555,0.805797,-0.381192,-0.365990,1.621588,0,0,0,0
-1.314811,1.421191,-0.247478,-0.421171,1.091782,-0.880579,0.153549,0,1,0,0
-0.281929,0.686995,0.612661,0.939757,0.356890,-1.169076,-0.447419,0,0,0,0
-0.612507,0.665437,0.604786,0.333276,0.474998,-0.792425,-0.697830,0,0,0,1
-1.368658,0.653331,-1.261267,-1.884744,-0.078763,-0.141705,-1.865516,0,0,1,0
-0.961886,-0.158715,-1.284842,-1.628802,-1.793164,3.687839,-1.886938,1,0,0,0
-1.251874,0.574420,-1.329101,-1.850699,-0.888553,0.968097,-1.985990,0,1,0,0
-1.340937,0.411068,-1.429247,-1.268146,-0.973339,-0.610428,-1.599100,0,0,0,1
-0.824753,-0.451173,-0.496882,-1.259938,-1.456372,0.342562,-2.025737,0,0,1,0
-0.983355,-0.093165,-1.568787,-1.203012,-1.141747,3.836703,-1.936352,1,0,0,0
-0.272089,0.558480,-0.789253,-0.001476,0.080295,2.847083,-1.394402,0,1,0,0
-0.657140,0.514030,-0.741535,-1.460245,0.539833,0.893637,-1.827572,0,0,0,1
-0.423407,-0.367475,-1.629177,-1.268569,-0.090085,0.847653,-1.790138,0,0,1,0
0.941831,-1.041920,-1.838074,-0.806607,-1.461611,2.072220,-1.246157,1,0,0,0
0.508074,-0.091599,-0.457633,-0.292708,0.983285,0.249325,-0.695904,0,1,0,0
-0.292866,0.230161,-0.078722,0.194376,1.648751,-0.909590,-0.635262,0,0,1,1
1.045020,-0.730442,-0.789715,0.009942,-1.808687,-0.029739,-0.605899,0,0,0,0
0.667832,-1.997950,-0.821783,1.056684,-0.995531,0.109323,-1.363918,0,1,0,0
0.672490,-0.515489,-0.246444,0.590572,0.011041,-0.047644,-0.653959,0,0,1,0
0.942802,-0.530010,-0.199048,0.446142,-0.965929,-0.500008,-0.715919,1,1,0,1
1.242191,-0.237348,-0.378822,0.893703,-1.056455,-0.357593,1.998927,0,0,0,0
0.997708,-0.367977,-0.447362,0.485402,-0.530918,0.365287,0.706197,0,1,0,0
0.438815,-0.764916,-0.386288,0.098272,-1.517597,-0.246893,-0.533522,0,0,0,0
0.926427,-0.953059,-1.139586,-0.213626,-1.927883,1.353074,-1.171143,1,0,1,0
1.534417,-0.680624,0.084120,0.165138,-1.155265,1.144437,1.598672,0,0,0,0
0.114213,0.046841,0.284945,-0.073247,-1.663129,0.516355,0.277144,0,0,1,0
-0.472595,0.701773,1.544141,0.670050,-0.431729,-0.960333,0.230905,0,0,0,0
-1.031625,-0.036530,1.459417,0.612989,-0.100911,0.376033,-1.114217,0,1,0,1
-0.658906,0.095366,1.813274,1.136628,-0.770535,-0.359907,1.684527,0,0,0,0
-0.802712,0.074655,1.901583,0.564992,-1.708611,-0.070414,0.001586,0,0,0,1
-1.167067,-0.537594,1.993073,-0.241704,-2.134292,-0.845622,-1.257595,0,0,0,0
-2.437715,-0.599731,0.850726,-1.154672,-1.328252,-0.385666,-2.405262,1,0,1,0
1.410336,-1.013091,0.011758,0.532604,-0.769414,-0.080827,1.670522,0,0,0,0
-0.284220,0.092224,0.739681,-0.628619,-0.681787,-0.261744,0.335728,1,0,0,0
-0.811350,0.427995,1.783580,-0.790059,0.104630,-0.648739,-0.166111,0,0,0,0
-1.709586,0.667354,0.860009,-0.345961,1.658163,-0.354421,-0.316472,0,0,1,1
-0.828904,-0.328565,0.649041,0.835848,0.597939,-0.240505,1.848250,0,0,0,0
-2.202101,0.729984,1.406003,-0.543942,1.143835,-0.177609,0.316562,0,1,0,0
0.110682,-3.053794,-1.002588,1.724118,-0.558967,2.522672,-1.368942,0,0,1,0
-0.117837,-0.722976,-0.906859,-1.224626,-2.161185,0.068121,-1.252783,1,0,0,1
1.109787,-1.178312,-0.159979,0.668825,-0.487230,-0.603571,1.574263,0,0,0,0
-1.295131,-0.298404,0.932067,1.757343,1.327262,1.704497,-0.096301,0,0,1,0
0.145146,-0.308311,0.865688,0.383312,0.736748,-1.031240,-0.494135,0,0,0,0
-1.682447,0.491886,0.965813,-0.110680,1.233840,0.359451,-0.486529,1,1,0,0
0.048404,0.207530,0.492975,-0.255093,-1.122301,0.075005,1.602607,0,0,0,0
0.226164,-0.333983,-0.374336,0.235014,0.436628,-0.160011,0.127505,0,0,0,1
-0.474013,-0.243977,0.873278,0.513526,1.404924,-1.022385,-0.706627,0,0,0,0
-1.416426,-0.605835,1.662276,-0.629001,1.819948,-0.369244,-0.862854,1,0,1,0
1.045445,-0.843109,0.237244,0.907252,-0.473082,-0.869821,1.419854,0,0,0,0
-1.123716,0.381615,1.496997,-0.210211,-0.802270,-0.773092,0.233376,0,0,0,1
-0.211443,-0.037195,0.677119,0.697756,1.679545,-0.180608,-0.457658,0,0,0,0
0.272507,-2.475661,0.792441,3.133844,0.201161,0.021963,-0.486633,1,1,0,0
-0.024095,0.260774,0.507256,0.234517,0.283214,0.239356,1.882476,0,0,0,0
-0.389812,-0.148089,-0.006910,0.683955,0.159517,0.805437,0.532720,0,1,0,0
-0.945914,-1.217597,0.176735,-0.098774,0.538605,-1.013932,-0.462205,0,0,0,0
-1.080545,-1.106881,0.291544,0.230163,0.906441,0.776856,-1.063103,1,0,1,0
1.115509,-1.134379,-0.056848,0.750884,-0.017599,-0.041043,1.651273,0,0,0,0
-0.159630,-0.122552,0.160075,-0.057493,-0.953014,-0.307862,0.435332,0,0,1,0
-1.374860,0.813241,2.517644,0.167360,0.825178,-1.174378,0.355126,0,0,0,0
0.342396,-2.483882,0.215137,2.504384,0.863995,2.853671,-0.803453,1,0,0,1
0.063250,0.705830,1.356723,-0.150282,-1.125701,0.836858,1.661247,0,0,0,0
-1.074602,0.076874,1.797963,0.387397,-1.109383,0.451973,-0.103272,1,0,0,0
-1.640117,-0.295304,1.063822,-0.340478,-0.167153,-0.981047,-1.409201,0,0,0,0
-0.815224,-0.297971,0.742351,-0.351540,-0.959062,1.050511,-0.694994,0,1,0,1
1.275431,-0.822298,-0.036654,0.672160,-1.159577,0.322021,1.725890,0,0,0,0
-1.259559,0.220075,1.670233,-0.264180,-1.698574,-0.654312,0.252257,0,0,0,1
-1.073726,0.251033,2.010200,-0.060920,0.443871,-1.145355,-0.471219,0,0,0,0
-1.973198,0.092452,0.699160,0.056382,2.942342,-0.491800,-0.668492,1,1,0,0
-0.109456,-0.152922,0.513144,0.332618,-0.009770,0.833649,1.970441,0,0,0,0
-2.448998,0.788620,1.215420,0.369687,1.464391,-0.406679,0.324670,0,0,1,0
-1.065112,-1.639841,-0.372525,0.963723,1.247502,-0.362617,-1.197335,0,1,0,0
-0.717398,-0.904076,-0.056215,-0.857237,-2.454092,0.096198,-1.160325,1,0,0,1
1.115112,-1.040883,0.228738,1.113971,-0.210809,0.002161,1.669360,0,0,0,0
-0.314888,-2.784047,1.006679,1.336983,-0.699116,5.347680,-0.025853,0,1,0,0
-0.515786,0.590646,1.435673,-0.325263,-0.861315,0.238771,-0.480176,0,0,0,0
-1.600952,0.667596,3.033654,0.337834,0.259149,-0.702742,-0.602679,0,0,1,1
0.016201,0.314708,0.373253,-0.261924,-0.993633,0.268146,1.557022,0,0,0,0
0.301707,-0.393344,-0.306961,-0.272584,0.025674,0.122781,0.101427,1,0,0,0
0.901914,-0.354385,-0.076805,-0.185195,1.147859,1.059515,-0.622141,0,0,0,0
-1.160162,-0.233703,0.933266,0.298649,0.975563,1.914595,-1.093832,0,1,0,1
1.472965,-1.007205,-0.362200,0.743369,0.396010,-0.257161,1.597246,0,0,0,0
-1.409250,1.158723,-1.344973,0.044319,2.522870,-0.030662,0.214267,1,0,0,0
0.470250,-0.187279,1.247319,0.882043,-0.200573,0.517933,0.069591,0,0,0,0
0.823974,-1.454557,-0.002827,1.224543,0.867473,2.298341,-0.644413,0,1,0,1
0.414444,-0.657135,-0.222914,1.357447,1.541056,-0.724121,1.737715,0,0,0,0
-0.067678,-0.470707,-0.036180,0.644026,-0.477327,-0.049226,0.351614,1,1,0,0
0.368896,-1.914732,-1.832669,0.856819,0.552345,0.850331,-1.086733,0,0,0,0
-0.341534,-1.206359,-1.349530,0.526427,0.160048,-0.206579,-0.690254,0,0,1,1
1.367335,-0.657650,0.163724,0.596558,-1.261975,-0.470511,1.951879,0,0,0,0
-1.045223,-0.734381,-0.558585,1.519862,-1.148249,-0.234986,-0.207192,1,0,1,0
0.569106,-0.743963,1.460597,0.268849,-0.299359,-0.409130,0.132226,0,0,0,0
0.176077,0.050556,-0.201865,1.027102,-0.299998,0.248795,-0.010850,1,1,0,0
0.445794,-0.453656,-0.331295,-0.413515,-0.274470,-0.164474,1.607506,0,0,0,0
-0.485390,0.286173,-2.058186,0.747620,-0.539371,-0.606792,0.469829,0,0,1,1
0.296376,-1.357300,-0.676502,-0.048356,0.067201,-0.873975,-1.147890,0,0,0,0
-0.428243,-2.060418,-2.421647,-0.677438,-1.524158,0.042412,-1.709288,0,1,0,1
1.256216,-1.196248,-0.431699,0.544732,-0.214837,0.016718,1.622307,0,0,0,0
-0.848474,0.594812,-0.998353,0.532310,0.316627,-0.095805,0.208913,1,1,0,0
0.547292,-0.521323,0.923184,0.410958,-0.267898,0.491648,0.144186,0,0,0,0
0.808845,-0.891190,0.246190,0.504950,-0.282451,5.509078,-0.289526,0,0,1,1
0.076260,-0.259571,0.787146,-0.196953,-0.694407,0.137733,2.176632,0,0,0,0
-0.717554,0.850720,-1.844406,-0.682506,0.515887,0.691141,0.562014,1,0,0,1
0.073208,-1.531580,-0.743141,0.052278,-0.149578,-0.072709,-1.709317,0,0,0,0
-0.313506,0.184848,-2.474840,-1.092434,1.436115,1.599817,-0.960530,0,1,1,0
1.471392,-0.924790,-0.289413,0.482201,-0.062201,-0.472958,1.766293,0,0,0,0
-1.174459,0.658773,-0.770525,-0.171300,0.474046,0.245382,0.019523,1,0,0,1
0.037346,-0.220476,1.700790,0.228760,0.379788,-0.310697,0.220924,0,0,1,0
-0.010265,0.706308,-0.693821,-1.864841,1.198655,-0.100426,-0.561417,1,1,0,0
0.475579,0.244580,-0.236734,-1.330358,-0.042922,-0.800605,1.718196,0,0,0,0
-0.466668,0.738248,-1.041925,-0.951973,-0.171504,0.469691,0.216935,0,1,1,0
0.738461,-0.026742,-0.152826,-0.259721,1.210936,-0.042854,-0.107526,0,0,0,0
0.490037,-0.525391,-0.211747,0.444475,0.691286,2.578536,-0.412088,0,0,1,1
1.299200,-1.109480,-0.486179,0.392404,0.050963,-0.402266,1.562538,0,1,0,0
0.927557,-1.846382,-0.643982,0.693262,-0.863363,-0.332039,0.361979,1,0,0,0
1.141247,-0.423235,0.986445,0.236128,0.932661,1.229440,-0.087341,0,1,0,0
1.584365,-0.480482,0.465146,-0.110826,-0.204415,3.845729,-0.142456,0,0,1,1
0.502942,0.054878,0.126259,-0.537417,-0.258355,0.343587,1.948497,1,0,0,0
0.670721,-1.769044,0.053875,1.293951,-0.875147,0.262636,0.230859,0,0,0,1
0.261606,-0.755522,-1.067588,-0.827221,-0.738733,0.225690,-0.979772,0,0,1,0
0.397878,-0.816954,-0.929607,-1.874335,-1.844478,-0.748121,-0.716259,1,1,0,0
1.421008,-0.919142,0.049984,0.663125,-0.466894,-0.396805,1.757760,0,0,0,1
1.179176,-0.647635,-1.129672,-0.731793,-0.224877,1.330435,0.109985,1,0,0,0
0.460307,-0.445360,0.954143,0.120082,1.018511,-0.422999,-0.598686,0,1,0,0
1.021006,-2.026680,0.213156,1.806671,0.575336,-0.297110,-0.396235,0,0,1,1
0.798859,-0.437837,0.584055,0.618905,0.655894,1.375216,1.895699,1,0,0,0
0.885071,-1.998091,-0.101898,1.380376,0.037844,2.876435,0.095067,0,1,0,0
0.441261,-1.423804,-0.080729,-0.314767,-0.970557,0.361203,-1.139386,0,0,1,0
0.380048,-1.587014,0.285939,-0.269448,-1.224166,0.659528,-0.939566,1,0,0,1
1.692776,-0.900954,0.461614,0.582335,-0.142772,-0.024880,1.904207,0,1,0,0
0.706523,-0.774773,1.190124,0.081366,-0.212756,2.164403,0.557502,0,0,1,0
1.426703,-0.363478,0.932216,-0.671307,-0.903796,1.716421,-0.021391,0,0,0,1
1.271641,-0.555187,1.023556,-0.930324,-1.288111,1.262117,-0.080014,0,0,0,0
-0.524354,-0.071208,0.230816,-0.749269,-0.960634,0.477964,-1.095311,0,0,0,0
-0.342623,-0.234752,0.214301,-0.673012,-1.770295,2.379647,-1.122274,0,0,0,1
0.101214,0.344825,-0.567106,-1.001069,-1.967674,1.340039,-0.921254,0,0,0,0
-0.393604,-0.124185,-0.357295,-0.425027,-1.092698,-0.356216,-1.217144,0,0,1,0
-0.274636,-0.254539,-0.852012,-0.160451,-0.131694,-0.500805,-1.217660,0,0,0,0
-0.411740,-0.160205,-0.667879,0.240562,-0.088759,-0.145300,-1.135563,0,0,0,0
-0.841510,0.141512,-0.495116,-0.540255,-0.506973,-0.178462,-1.643729,0,0,0,0
-1.368397,-0.139522,-1.018614,-1.323625,-0.789463,-0.073426,-1.933195,1,0,0,0
-1.465490,-0.175815,-0.954692,-1.346082,-0.848018,-0.299142,-1.952258,0,0,0,0
-0.608861,-0.222504,-2.767112,-1.144860,-0.821216,0.250367,-1.699579,0,1,0,0
-0.125041,0.347179,-2.185560,-0.933626,-1.570762,0.972758,-0.600712,0,0,0,0
0.406236,0.552032,-2.259708,-0.835465,-1.711745,0.923124,-0.701139,1,0,1,1
0.975806,-1.095734,-0.547046,1.269504,-2.191291,0.243229,-0.443470,0,0,0,0
1.220729,-1.057956,-1.446559,0.560885,-1.130401,0.622534,-0.612386,0,1,0,0
1.214106,-1.383650,-1.076011,0.823415,-1.330229,-0.594717,-0.563675,0,0,1,0
1.485559,-1.000388,-1.834721,0.363061,-0.798591,-0.188871,-0.764558,1,1,0,1
1.038713,-0.415197,-0.497768,-0.071363,-1.999014,-0.501022,1.738277,0,0,0,0
0.944875,-0.384802,-0.910749,0.920115,-0.419955,0.327133,0.365129,0,0,1,1
1.131623,-0.351362,-0.211959,-0.126620,-0.617117,0.404029,-0.143857,0,0,0,0
0.421549,-0.442727,-0.178028,-0.129334,-0.882129,-0.140850,-0.340686,1,0,1,0
1.368659,-1.196151,-0.547161,0.070626,-0.705088,-0.406566,1.698809,0,0,0,0
0.879485,-1.525715,-0.558941,0.081033,-1.808655,1.231327,0.555791,0,1,0,0
0.786136,0.259701,-0.494103,0.511017,0.896549,-0.780048,0.310021,0,0,1,0
0.545085,-0.116912,-0.119531,-0.388077,2.148514,-0.519604,-0.093274,1,0,0,1
0.452861,-0.110358,-0.046653,0.911976,0.203875,-0.700297,1.674175,0,0,0,0
0.354381,-0.083590,0.281127,1.016734,0.746509,-0.005331,0.347004,0,1,0,0
0.331835,0.243132,0.399333,-0.379076,-1.346815,-0.800486,-0.196844,0,0,0,0
0.822440,-1.966482,0.709938,0.397696,-0.324639,0.450357,-0.632328,1,0,0,1
1.044805,-0.988019,0.031820,0.674517,0.068338,-0.740709,1.501160,0,0,0,0
0.646942,-2.039355,0.028516,0.121652,-1.106896,0.147363,0.322361,1,1,0,0
0.694304,-0.225458,1.054067,-0.960353,-0.536972,-0.674215,-0.400004,0,0,0,0
-0.266522,0.218915,0.706641,-0.466769,-1.015925,-0.822202,-0.611404,0,0,1,1
-0.451188,0.478561,0.932516,0.055956,-0.084916,-0.558535,1.838229,0,0,0,0
-0.332969,0.434289,1.773490,-0.263502,-0.288451,1.300755,0.974288,0,1,0,0
0.339618,0.136640,0.863138,-0.601036,-0.377387,-0.679654,-0.515206,0,0,0,0
-0.038573,0.070593,1.261315,-0.556004,-0.385031,0.609617,-0.356826,1,0,1,0
1.131407,-1.071978,-0.000710,0.897773,-0.046000,-0.947747,1.553168,0,0,0,0
0.060183,-1.558144,-0.010020,-0.821411,-0.028815,3.838541,-0.049446,0,0,0,1
0.662233,0.342133,0.798239,-0.737169,-0.681048,-0.636491,-0.063774,0,0,0,0
0.752709,-0.186384,0.348159,-1.015618,0.092597,0.753382,-0.346457,1,1,0,0
0.533598,0.017869,0.218173,0.198938,0.229957,0.238790,1.630545,0,0,0,0
0.035177,0.775260,-1.210044,-0.202172,0.966891,0.094175,0.137852,0,0,1,1
0.566750,0.311645,0.543088,-0.130933,-0.286755,-0.389013,0.154566,0,0,0,0
0.172247,0.454342,1.267808,-1.338463,-0.440833,0.652360,-0.010132,0,1,0,1
1.166906,-0.819382,0.057408,0.427315,-1.087458,-0.143809,1.521906,0,0,0,0
-0.457465,1.659774,-1.273827,-0.066409,1.893469,0.268806,0.817721,1,1,0,0
0.489861,0.384853,-0.746943,0.981736,0.565354,-0.579566,-0.217964,0,0,0,0
0.586938,0.243264,-1.210794,0.332249,1.479037,-1.049385,-0.390429,1,0,1,0
0.413636,0.564844,-0.148467,-0.859595,-0.625274,0.276383,1.839215,0,0,0,0
-0.399666,0.936692,-0.199155,-0.528722,0.795687,-0.332425,0.319892,0,1,1,0
0.205711,-0.166891,0.447639,-0.283309,-0.320249,-0.727964,-0.278345,0,0,0,0
-0.592365,0.448946,1.121460,-0.859969,-0.469264,-0.676031,-0.652421,0,1,0,1
1.198477,-0.829238,-0.192726,0.499197,-0.731702,-0.419034,1.683690,0,0,0,0
0.693709,-1.090250,0.167776,-0.071522,-2.380734,2.981448,0.548674,0,0,1,0
0.440121,1.058903,-0.456211,0.234540,1.506488,-0.140484,0.413082,0,1,0,0
1.363875,-1.667539,0.183571,1.189734,0.009693,-0.269535,-0.384063,1,0,0,1
-0.171372,0.690403,0.605327,-0.076658,-0.135251,-0.288532,1.749590,0,0,0,0
-0.204611,0.855132,1.109150,0.126487,-0.316759,-0.267017,0.557980,0,0,1,0
-0.061784,0.662813,1.189532,-0.031989,-1.342626,-0.604327,0.057769,0,0,0,0
0.836068,-2.035803,0.052713,2.012497,-0.197643,3.878424,-0.434180,1,0,0,1
1.028465,-1.309693,0.209416,0.836655,0.061615,-0.440738,1.499460,0,0,0,0
0.693552,-2.007907,-0.638991,1.778613,-0.127347,0.250575,0.319941,0,0,1,1
0.058306,0.210673,-0.232461,0.684584,0.833802,-0.258999,-0.262378,0,0,0,0
-0.461366,0.107708,0.376085,0.613192,1.067665,-0.502781,-0.302646,1,1,0,0
-0.880863,0.609623,0.973001,-0.001018,0.879372,0.345425,1.837805,0,0,0,0
-0.939335,0.856670,0.656694,0.150917,0.643154,-0.230797,0.766524,0,0,1,0
-0.058239,-0.165325,0.446217,0.243261,0.339059,-0.559381,-0.591915,0,0,0,0
0.011005,-2.645744,-0.192839,2.772769,0.388149,-0.625682,-0.464830,0,1,0,1
1.086846,-1.014553,0.031725,1.118795,-0.046707,0.010988,1.685198,0,0,0,0
-0.394386,-2.044493,1.447041,0.162236,-1.116331,0.315126,-0.068384,1,0,0,0
-0.040257,0.421239,0.555306,-0.174521,-0.728243,-0.755855,-0.406352,0,0,0,0
0.224727,0.037061,0.217707,0.213872,0.847732,0.457012,-0.228882,0,0,1,1
0.630310,-0.158668,0.074343,0.289270,0.258827,-0.536591,1.422354,0,0,0,0
0.380698,-0.184943,-0.606994,-0.349880,0.850645,-0.239031,-0.727610,1,1,0,0
0.269726,0.539821,0.078416,0.221772,-0.097193,-0.507072,-0.013878,0,0,0,0
-0.028770,0.593894,0.666086,-0.514145,-0.883021,1.469909,0.328670,1,0,1,0
1.245819,-0.593260,0.097972,0.157948,-1.213559,-0.395897,1.561640,0,0,0,0
-0.108475,0.682264,-0.842740,0.678875,1.337253,-0.409480,0.605868,0,0,1,1
0.163471,0.568988,-0.711128,1.005529,1.530012,-0.679513,-0.143472,0,0,0,0
-0.222824,1.426120,-3.062309,-0.069614,2.976918,2.786968,-0.100160,0,1,0,1
0.496910,-0.049857,-0.309537,-0.453795,-0.077545,-0.128687,1.726608,0,0,0,0
0.508942,0.176873,-0.606466,0.427333,0.984591,-0.592160,0.504661,0,1,1,0
0.276705,0.269160,-0.460973,0.527901,1.985137,-0.806441,-0.116548,0,0,0,0
-1.109236,0.350462,0.749926,-0.222251,1.211841,-0.523009,-0.886470,1,0,1,0
1.299520,-0.937165,-0.414672,0.058027,-0.815435,-0.506598,1.757325,0,0,0,0
0.228970,-0.721955,0.215481,-0.905905,0.586443,-0.177382,0.515326,0,1,0,0
0.290480,0.954768,-0.342008,0.258520,1.556393,-0.251236,0.292294,0,0,1,0
-1.617576,1.291171,1.404102,-0.169324,1.725271,-0.937950,-0.293640,1,0,0,1
-0.084848,0.354425,-0.254117,0.439048,1.813553,-1.017779,1.330821,0,0,0,0
0.984282,-1.522566,0.329713,0.120233,0.118759,1.414119,0.363467,0,1,0,0
0.294087,0.698815,-0.326984,-0.351204,0.944270,-0.781474,0.384879,0,0,0,0
0.280052,-1.527821,0.956562,1.034790,-0.450139,0.733102,-0.580579,0,0,1,1
1.301860,-0.593739,0.019336,0.101020,-1.573539,-0.612166,1.694126,0,0,0,0
0.268615,-2.094450,0.618439,-0.806510,0.004977,-0.060515,-0.085741,1,0,1,0
0.343780,0.686164,0.126395,-0.960805,0.074415,-0.549901,0.100300,0,0,0,0
0.168353,-0.706872,1.582804,-1.031256,0.913946,0.439805,-0.256079,1,1,0,0
0.229624,0.719483,-0.568112,-1.597181,0.063764,-0.604876,1.904630,0,0,0,0
0.657201,0.752531,-0.518902,-2.022989,0.136451,0.291710,0.647030,0,0,1,0
0.302401,0.681494,-0.246099,-0.822233,1.802897,-0.368403,0.777623,0,0,0,0
0.112015,0.362528,-0.193914,-0.906322,1.464689,0.730265,0.009264,0,1,0,1
1.708502,-0.150683,-0.401943,-0.479113,-1.615228,0.725503,1.881080,0,0,0,0
-0.395969,0.704480,-0.211179,-1.412270,-0.302603,-0.430177,0.819083,0,0,1,0
-0.451416,1.175488,0.501428,-0.738286,1.319174,-0.316201,0.103623,0,0,0,0
1.474409,-0.213798,-0.540586,-0.812709,0.170838,2.459578,-0.084362,1,1,0,0
0.738737,0.345917,-0.352097,-1.291997,-0.269699,-0.674831,1.736099,0,0,0,0
0.700923,0.692345,-0.450674,-0.633039,0.168014,-0.026066,0.531680,0,0,1,1
0.841394,-0.190559,0.254126,-0.219032,1.469816,-0.199705,-0.019283,0,0,0,0
0.843572,-0.357128,-1.204877,0.437654,1.402876,1.427244,-0.273392,0,1,1,0
1.176349,-0.845975,-0.593042,0.148824,-0.130828,-0.762103,1.507500,0,0,0,0
-0.806535,1.174966,-0.240719,-0.314570,1.096405,-0.026439,-0.019997,1,0,0,1
0.469984,0.715068,-0.578971,0.106627,-0.241765,-0.514463,0.184579,0,0,0,0
-0.444028,0.761962,-0.413329,-0.687419,0.137284,-0.317123,-0.685127,0,0,1,1
0.855675,0.214374,0.063481,-0.417089,-0.292241,-0.750817,1.875365,0,0,0,0
0.917373,0.216633,-0.913671,0.716059,0.696482,1.463062,0.781850,1,0,0,0
0.128143,0.783412,0.110952,-0.832912,0.026140,-0.184556,-0.351410,0,0,0,0
0.232748,0.453893,-0.494964,-0.956994,-0.009868,1.481597,-0.909494,0,1,0,1
1.464595,-0.703066,-0.313767,-0.072588,-0.768430,-0.076950,1.774371,0,0,0,0
0.234201,-0.017192,-0.693660,-0.451979,0.127539,-0.080791,0.342811,0,0,0,1
0.311318,0.234465,-0.165678,0.809233,1.668010,-0.495308,-0.055034,0,0,1,0
1.387761,0.035731,-0.973319,-0.007421,0.090467,-0.402572,-0.278429,1,1,0,0
0.459274,0.601622,-0.859722,-0.094957,-0.982088,-0.636162,1.558972,0,0,0,0
0.462776,0.652561,-0.393222,-0.391042,-0.367847,0.695741,0.609044,0,0,1,0
0.144982,0.621775,0.234424,0.765544,-0.589281,-0.981270,0.194164,0,0,0,0
0.152891,-0.213521,0.523229,0.356423,-0.901988,-0.336084,0.124811,0,1,0,1
1.340154,-1.066335,-0.449465,0.556024,-0.093763,-0.280433,1.603948,0,0,0,0
0.441049,-0.411325,-0.264872,0.057695,-0.287081,-0.319786,0.366348,0,0,1,0
-0.014436,0.806808,-0.042096,0.158794,1.200509,-0.517445,-0.352987,0,1,0,0
0.705068,0.665572,-0.563117,0.403008,-0.992893,0.940392,0.131154,1,0,0,1
0.164515,-0.245853,-1.438762,-0.840148,-0.737103,-0.672013,-0.996961,0,0,0,0
-0.125374,0.859011,-0.384397,-0.113952,-0.343595,-0.220525,-0.701162,0,0,0,0
0.068990,1.021278,-1.226517,-0.289853,-0.383273,0.629014,0.178435,0,0,1,0
0.304251,0.362176,-1.394561,0.905618,-1.295483,-0.752086,-0.564975,1,1,0,0
0.866047,-0.662609,-0.514598,-0.693952,-0.623983,-0.296617,-0.891601,0,0,0,0
0.587569,-0.436853,-0.171164,-0.707422,-1.132099,0.254161,-1.046364,0,0,1,0
1.073540,-0.300166,0.163512,-0.727417,-0.021530,1.059014,-0.288080,0,1,0,0
0.507622,-0.222492,0.186924,-0.817756,-0.611765,-0.008717,-0.060012,1,0,0,1
0.231362,0.387854,-1.336987,-0.751628,0.353585,1.109038,0.276006,0,0,0,0
-0.346050,0.061471,-1.160249,0.464416,0.231605,0.954392,-1.219570,1,0,1,0
0.365306,0.463491,-1.241677,0.288479,-0.178117,0.163504,-0.861032,0,0,0,0
-0.583081,0.031936,0.284805,0.223947,-0.321880,-0.151738,-1.627955,1,1,0,1
1.527753,-0.938954,-0.559278,-0.398310,0.156264,-0.408728,-0.437183,0,0,0,0
1.769761,-1.448264,-0.985143,-0.380525,-0.173604,0.590031,-0.634954,0,0,1,0
0.640847,0.147056,-1.108977,0.956685,-0.038699,-0.492858,-0.108966,0,0,0,0
0.658724,-1.641461,-0.543041,1.374007,-0.526242,-0.464500,-1.259282,1,1,0,1
0.968715,0.437566,-0.488474,-1.100114,-0.643223,-0.109586,1.711524,0,0,0,0
0.096264,0.655145,-0.407401,-0.957431,-1.043274,0.326272,0.563203,0,1,1,0
0.258631,-0.396114,-0.394367,-0.640011,-1.025420,-0.879575,-0.622820,0,0,0,0
0.723320,-2.220828,-0.866448,-1.329329,-2.283985,-0.263720,-1.364897,1,0,1,1
1.542247,-0.974478,-0.172920,0.422069,-1.309897,-0.625814,1.741311,0,0,0,0
0.402693,-0.573997,0.057125,1.009961,-1.298026,-0.188438,0.498960,1,1,0,0
0.888392,-0.449837,0.586444,0.760388,-0.905400,-0.325298,0.224516,0,0,0,0
0.350946,-0.167480,0.949868,0.819807,-1.220989,-0.008622,0.246744,0,1,1,0
0.515725,-0.094041,0.337383,1.131411,-0.540078,-0.128166,1.662709,0,0,0,0
0.380920,-0.154155,0.447129,1.534056,0.463190,-0.443421,0.461941,0,0,1,1
0.313755,-0.445583,0.484443,1.306748,0.870258,-1.063156,-0.270366,0,0,0,0
-0.413711,-0.725007,1.084353,1.322450,0.538965,-0.302922,-0.646100,1,1,0,1
1.289782,-0.652418,0.334531,0.841071,-0.398476,-0.510400,1.685490,0,0,0,0
0.493953,0.107580,0.021355,0.393183,-0.347467,0.388804,0.331328,1,0,1,0
1.429173,-0.735945,0.091175,1.187338,-0.830093,-0.715035,-0.169350,0,0,0,0
1.504466,-1.042190,-0.862039,0.565715,0.024598,0.342035,-0.200163,0,1,0,1
0.616945,0.540229,-0.253747,-0.563702,0.078955,0.403096,1.805208,0,0,0,0
0.095858,0.590619,-0.121102,0.566662,0.050915,-0.438547,0.513378,1,0,1,0
0.201996,-0.242710,0.041906,0.496412,1.279631,-0.507596,-0.683184,0,0,0,0
-0.640282,-0.329341,0.016528,-0.260202,0.791775,-0.065514,-0.970989,0,1,1,1
1.416023,-0.577476,0.331479,0.274858,-0.857017,0.123985,1.944798,0,0,0,0
-0.184255,0.779262,0.800746,-0.235523,-0.321570,-0.263832,0.883526,1,0,0,1
1.057492,-1.246791,0.449752,0.644918,-0.035640,1.545110,-0.636262,0,0,0,0
0.749069,-1.413862,0.383926,1.355118,-0.170021,-0.557699,-0.650890,1,0,1,0
0.813601,0.258600,-0.074564,-0.147700,-0.558191,-0.122950,1.757482,0,0,0,0
0.401482,0.212206,-0.520632,0.029850,-1.227131,0.995925,0.340368,0,1,1,0
0.498881,-0.192784,0.615926,0.246020,0.264536,-0.810545,-0.109784,0,0,0,0
-0.507701,-0.051533,0.510328,-0.429419,0.120540,-0.662507,-0.710482,1,1,0,1
1.355963,-0.957155,0.182857,0.198775,-0.138611,-0.200269,1.622710,0,0,0,0
0.893616,-1.105084,-0.801733,-0.094406,1.194278,0.313624,-0.144909,1,0,1,0
-0.256602,0.193986,-0.555019,0.555764,0.994829,-0.899428,-0.788679,0,0,0,0
0.813856,-1.068944,0.608520,-1.498446,0.044080,1.298311,-0.586227,0,1,1,0
0.361119,0.263569,0.406066,-0.404072,0.007158,-0.798352,1.719511,0,0,0,0
0.060872,0.618987,0.687126,-0.129313,-0.511850,0.120161,0.626811,0,1,0,1
0.326406,-0.348428,0.676492,0.738102,0.150631,-0.892123,-0.621367,0,0,0,0
-0.837975,0.012228,1.167199,-0.221984,0.457994,-0.706998,-0.833307,1,0,1,1
1.229586,-1.011610,0.036289,0.946650,0.156103,-0.597971,1.691920,0,0,0,0
-0.179653,-0.371392,0.055302,1.218935,1.202882,-0.064857,0.279225,0,1,0,0
0.272448,0.047129,1.395623,-0.152016,-0.161547,-0.905612,0.054986,0,0,1,0
-0.368081,0.052070,0.651557,0.939035,1.156335,-0.584144,-0.431838,1,0,0,1
-0.066152,0.329909,0.734220,0.126087,0.496448,-0.653407,1.789443,0,0,0,0
0.262777,0.526538,0.379306,-0.168193,0.615265,0.001806,0.393561,0,1,1,0
-0.020433,0.113333,0.457938,1.146355,0.602903,-0.904984,-0.424992,0,0,0,0
-0.491900,-0.559053,1.224097,0.733440,0.368816,-0.544518,-0.838763,1,1,0,1
1.272747,-0.651197,0.047781,0.586317,-0.778252,-0.028190,1.677547,0,0,0,0
0.147586,-0.049690,0.104729,-0.020623,0.736916,-0.032285,0.285032,1,0,0,1
0.232227,0.452447,0.245359,0.234073,-0.611634,-0.324357,-0.503393,0,0,0,0
-0.837485,-0.309036,1.016914,-0.161591,0.113270,-0.271226,-1.100341,0,1,1,0
-0.139428,1.020245,1.225336,-0.928373,-1.103412,0.455055,1.800034,0,0,0,0
-0.879286,1.179909,1.126074,-0.248858,-0.360179,0.078288,-0.032651,0,1,0,1
-1.186704,0.617129,2.013245,-0.126709,0.443580,-0.460281,-0.103486,0,0,0,0
-1.240492,0.216079,1.282684,0.324573,0.544037,-0.305155,-0.419896,1,0,1,1
1.389505,-0.891025,0.002465,0.267925,-0.969596,0.432371,1.808297,0,0,0,0
0.143285,0.642462,0.207229,0.213561,-0.077576,0.829336,1.070708,1,1,0,0
0.372913,0.413157,0.284689,0.917807,1.357721,-0.097812,0.290655,0,0,0,0
0.490795,-1.818489,0.709278,2.747914,-0.487412,2.993504,-0.292289,0,0,1,1
0.969998,0.095631,-0.163431,-0.079303,-0.320599,-0.138311,1.649577,0,0,0,0
0.471530,-0.285320,-0.109888,0.402304,-0.128473,0.036769,0.230196,1,0,0,1
0.546222,-0.043737,0.762001,-0.516483,-0.076007,-0.091281,-0.484390,0,0,0,0
-0.584302,-0.215045,0.268501,0.561350,0.288757,-0.639303,-0.919290,1,1,1,0
1.144596,-1.188694,0.509258,0.929986,0.348260,-0.292510,1.567946,0,0,0,0
0.704753,-0.962075,-0.504748,0.198707,1.087708,2.484014,-0.063993,0,1,1,0
1.314458,-0.873742,-0.218548,-0.265948,0.516249,0.276104,-0.532096,0,0,0,0
-1.703084,-0.072386,1.412259,-0.332643,1.751839,-0.786819,-1.058294,1,0,0,1
0.600181,0.009042,0.268194,-0.541868,-0.613287,0.490388,1.817449,0,0,0,0
0.555809,0.391464,0.511962,-0.681441,-0.811795,0.183130,0.747017,0,0,1,1
0.292952,0.141987,0.645906,0.325126,-0.289787,-1.124981,0.198572,0,0,0,0
-0.004027,0.323717,0.649188,-0.049692,-0.463746,-1.011214,-0.076181,1,1,1,0
1.425081,-0.525225,0.023518,0.397754,-1.168160,-0.239978,1.661244,0,0,0,0
0.293845,0.197263,0.328769,-0.677366,-1.061450,-0.765645,0.467716,1,1,0,0
0.351979,-0.131470,1.203549,0.669413,1.226907,-0.850161,0.564158,0,0,0,0
0.382476,-1.566196,1.253415,0.976625,-0.557871,3.878995,-0.308886,0,0,1,1
0.631176,0.277521,-0.057105,-0.202280,0.085300,-0.425038,1.895165,0,0,0,0
0.504345,0.652976,-0.088052,0.401324,-0.178555,-0.194912,0.596126,0,1,1,0
0.156141,-0.407311,0.186984,1.410371,0.855956,-0.954333,-0.504497,0,0,0,0
1.110254,-1.760662,-0.324882,1.578047,0.213529,-0.146185,-0.479124,1,1,0,1
1.389513,-0.716239,0.071328,0.627184,-0.312377,-0.077475,1.576544,0,0,0,0
0.005665,0.380572,0.181467,0.084636,-0.773407,1.022776,0.483977,1,0,1,0
0.514993,0.291638,0.376125,0.583074,-1.139966,-0.854733,-0.159474,0,0,0,0
-0.605763,-0.556338,1.259314,-0.050574,0.582388,-0.275066,-1.021532,0,1,0,1
0.463571,0.325490,-0.112233,-0.159870,-0.866410,1.003752,1.916210,0,0,0,0
-0.139530,0.603861,0.538066,-0.118804,-1.131615,-0.832654,0.122519,0,1,1,0
0.202414,-0.175040,0.874598,0.444466,-0.204544,-0.536276,-0.095599,0,0,0,0
0.211857,-0.550963,1.273780,-0.879750,-1.155374,0.199487,-0.609426,1,0,1,1
1.441244,-0.594528,0.021920,0.218749,-1.337625,0.299012,1.581637,0,0,0,0
0.004401,0.670874,0.641548,0.011851,-1.178366,0.503502,1.015762,1,1,0,0
0.612207,-0.047220,0.732017,0.457772,-0.862817,-0.075875,0.333371,0,0,0,0
0.161224,-0.358957,1.311297,0.148086,0.361968,-0.682162,0.401597,0,0,1,1
0.960302,0.108330,-0.097329,0.063590,-0.590213,-0.092140,1.868329,0,0,0,0
0.029522,0.136635,-0.158920,-0.497735,-1.088372,-0.654008,0.445794,1,0,0,1
0.664790,-0.225255,0.651335,0.550510,-0.125161,-1.030206,-0.628414,0,0,0,0
-0.178080,-0.743180,0.459224,-0.425166,0.216895,0.093256,-0.966914,1,1,1,0
1.432016,-1.010770,0.191365,0.299665,-0.287347,-0.735403,1.469541,0,0,0,0
0.608550,-0.823633,0.814811,-1.455416,-0.584567,1.650476,-0.056980,0,1,1,0
0.393987,-0.606263,0.786279,0.562336,1.026146,-0.495079,-0.449097,0,0,0,0
-0.130782,0.364665,0.724873,0.957943,-0.396710,-0.526109,0.162974,0,0,1,1
0.814071,-0.280346,0.084133,0.633453,-0.150491,-0.009599,1.959734,1,0,0,0
0.526497,-0.380762,0.521999,1.112842,0.108592,0.423965,0.724289,0,1,0,0
0.673632,-0.617261,0.609189,1.093319,-0.112910,-1.249951,0.439994,0,0,1,0
0.660474,-1.921310,0.362142,0.929252,-0.452912,0.149287,-0.417782,1,1,0,0
1.531302,-0.740832,0.263037,0.570948,-0.474515,-0.197164,1.888338,0,0,0,1
0.492191,-0.524942,-0.216181,0.530556,-0.623926,-0.455434,0.088270,0,0,1,0
0.885271,-0.196083,1.037061,0.012018,-0.487233,-0.065762,0.012195,0,1,0,0
0.379192,-0.497312,0.677900,1.349646,-0.141477,-0.617894,-0.454524,0,0,1,1
0.726420,-0.108885,0.403774,0.316705,-1.017417,-0.293435,1.717364,1,0,0,0
0.727299,0.100420,1.008751,0.550465,-0.962981,0.046350,0.399318,0,1,0,0
0.821029,-1.149794,0.765476,0.241652,-0.464413,-0.801618,-0.563993,0,0,1,0
0.946973,-1.734437,0.229968,-0.022753,-0.450358,-0.447704,-0.517022,1,1,0,0
1.374991,-0.739332,0.523225,0.774011,-0.698527,-0.243046,1.671178,0,0,0,1
0.518028,-0.511875,0.897010,0.910927,-0.141340,-0.470590,0.276924,0,0,1,0
0.995132,-0.490106,1.104499,0.134152,-0.114348,-1.129482,-0.307930,0,1,0,0
0.574051,-0.754648,1.160314,1.048663,0.410016,-0.522445,-0.261432,1,0,0,1
0.397987,-0.090723,0.229811,0.192074,-0.459401,0.698236,-0.720969,0,0,0,0
1.330956,-0.443721,-0.276524,-0.607565,-0.771114,-0.652885,-0.715980,0,0,1,0
0.688677,-0.438281,0.185004,0.384521,-0.090741,-0.327933,-0.874443,0,0,0,0
0.246990,-0.427425,-0.365077,0.926237,0.284578,-0.374572,-1.051808,1,1,0,0
0.935010,-0.717549,-0.197542,-0.656721,0.219743,0.982265,-0.894918,0,0,0,0
-1.038411,0.293070,-0.472247,-0.307058,0.482674,-0.661651,-1.677435,1,0,1,0
1.069996,-0.356619,0.122629,-0.727634,-0.426401,1.205502,-0.693076,0,0,0,0
-1.100251,0.489585,-0.452238,-0.295910,1.026312,-1.051396,-1.514292,0,0,1,1
0.969195,0.191097,-0.823873,0.019041,0.057817,0.410252,0.334141,0,0,0,0
0.959397,-0.118379,-0.909130,0.359078,0.407021,0.831790,-0.430172,0,1,0,1
0.159763,0.244702,-1.297542,0.715859,0.553275,-0.047067,-0.536717,0,0,0,0
0.206020,0.613787,-2.034632,0.696378,0.967455,-0.018300,-0.680481,1,0,1,1
1.224775,-1.260387,-1.808831,0.274074,-1.417760,0.718107,-0.731667,0,0,0,0
1.370488,-1.343482,-2.266061,0.079306,-0.581994,0.838101,-0.427176,0,0,0,0
1.334761,-1.491505,-1.984324,-0.217332,-0.604257,0.171794,-0.622662,0,0,0,0
1.260927,-0.805372,-0.734938,0.756991,-0.797704,1.176294,-1.132725,0,1,0,0
0.073894,1.333629,-1.079798,-1.652905,-1.161041,0.738065,0.048399,0,0,0,0
-0.551965,0.954558,-0.740415,-1.146729,-1.850001,0.083731,-0.495897,0,0,0,0
-0.303533,1.277737,-0.542675,-1.138136,-0.948989,-0.052677,-0.479240,0,0,0,0
-1.402320,1.466971,-0.930441,-1.026337,0.908183,-0.517547,-0.895781,0,0,0,1
-0.098661,0.570881,-1.978042,0.678351,0.536674,0.234689,-0.862430,0,0,0,0
0.119789,-0.982407,-0.654650,0.417621,-1.559230,4.962800,-1.538412,0,1,0,0
-0.333389,0.798475,-1.754484,-0.246715,-0.805700,0.058017,-1.168092,0,0,0,0
0.620563,-0.816981,-2.776214,1.469473,-1.016926,0.163464,-0.378921,0,0,0,1
-0.646807,0.962382,-1.620168,0.130557,0.894119,0.385634,-0.976365,0,0,0,0
-0.567119,0.377591,-2.034550,0.458722,0.633359,-0.006027,-0.958802,0,0,0,0
-1.005695,0.404599,-1.547523,0.847663,0.510653,-0.430907,-1.534622,0,0,0,0
-2.813149,0.900388,-0.620782,-0.034086,2.035172,-0.534050,-2.112915,0,0,1,0
-0.295325,1.035103,-1.833167,-0.791862,-1.334096,-0.400114,-0.336604,0,0,0,0
-0.409916,1.044778,-1.409882,-0.330190,-1.460942,1.365122,-0.277617,0,0,0,0
-1.455931,1.237349,0.037182,-0.207160,-1.390720,-0.124166,-1.002744,0,0,0,0
-1.202590,0.312053,-0.319011,0.180291,-2.296138,0.028094,-1.943454,1,0,0,0
-0.132914,1.443062,-1.475097,0.119049,-0.401320,0.627530,0.124968,0,0,0,0
-0.485255,0.729841,-1.879692,1.015996,0.884579,-0.474892,-0.200477,0,0,0,0
-0.713842,0.778517,-1.701073,1.141534,0.806281,-0.620304,-1.168235,0,0,0,0
-0.898764,0.492078,-1.630946,2.084773,1.389213,0.792108,-0.725541,0,1,0,0
-0.106406,0.558500,-2.485631,1.341031,1.308465,0.985967,-0.498655,0,0,0,0
-0.944181,1.001494,-1.486649,0.124250,1.126442,-0.430658,-0.975884,0,0,0,0
-1.748301,1.632272,-1.483815,-0.761448,1.645872,0.134983,-1.196386,0,0,0,0
0.099198,-0.976439,-3.110799,3.359807,0.476288,-0.047800,-0.565177,0,0,1,0
-0.377854,1.442755,-1.943664,0.378621,1.021383,0.402405,0.229778,0,0,0,0
-0.725809,0.714401,-2.243637,0.837677,0.427744,0.418548,0.074031,0,0,0,0
-1.038804,1.468463,-1.456232,0.238344,1.076395,-0.377882,-0.719844,0,0,0,0
-1.414858,1.698453,-1.679785,-1.064834,0.305575,-0.114534,-1.765597,0,0,0,0
-1.008757,1.710863,-3.295406,-1.463804,1.315264,1.448425,-1.329125,0,0,0,0
0.002864,1.216651,-4.023857,-0.257384,0.864611,0.062605,-0.637537,0,0,0,0
-2.127182,2.119821,-0.931878,-1.384027,2.226173,-1.073025,-1.638878,0,0,0,0
0.380975,0.785336,-3.479602,-0.512795,-0.966751,-0.062573,-0.620917,0,1,0,0
-0.531414,1.596553,-2.226899,-0.149901,0.224880,-0.313995,-0.689104,0,0,0,0
-0.882780,1.350328,-1.906081,0.848853,0.347430,0.268893,0.152734,0,0,0,0
-0.703949,1.870524,-2.025085,-0.304707,0.270411,0.312132,-0.036422,0,0,0,0
-2.718337,1.733038,-0.581949,-1.394306,2.329869,-1.044734,-2.064274,0,0,1,0
-0.766313,1.508242,-2.546227,0.401817,1.728484,-0.056486,-0.894162,0,0,0,0
-0.297318,-0.098918,-2.970248,1.254576,-1.422427,3.223198,-1.650952,1,0,0,0
-1.481207,2.072786,-1.670975,-0.953056,1.265710,-0.535475,-1.079111,0,0,0,0
-2.233167,1.809755,-0.932656,-0.835045,2.200697,0.138014,-1.305149,0,0,1,0
-1.110118,1.847869,-1.517941,-0.478563,-0.512823,-0.258534,-0.719053,0,0,0,0
-1.121153,1.952711,-1.929188,-0.737730,0.086105,-0.485734,-0.397647,0,0,0,0
-1.904707,1.934680,-1.856896,-1.349542,2.911346,-0.750557,-0.435113,0,0,0,0
-2.013666,2.135433,-1.333424,-1.469738,3.093578,-0.358522,-0.156817,0,1,0,0
-1.189864,2.012631,-2.040876,-1.118719,0.226154,-0.813624,0.145474,0,0,0,0
-1.546571,2.393294,-0.767641,-1.226446,-0.389846,-0.751159,-0.382254,0,0,0,0
-1.720456,2.437654,-1.287351,-2.071610,0.818460,-0.977557,-0.563818,0,0,0,0
-2.003513,2.625853,-0.129717,-1.136238,1.564583,-0.596821,-0.932572,0,0,0,1
-1.229993,2.590658,-1.295596,-1.127978,0.470237,-0.822447,-0.267575,0,0,0,0
-1.433942,2.576947,-1.208917,-1.394316,0.429496,-0.013759,0.082998,0,0,0,0
-0.294024,1.293723,-3.511620,1.527349,1.640056,1.746286,-0.158834,0,0,0,0
-0.441226,1.155789,-3.483555,1.641430,0.978454,-0.496730,-0.914984,0,1,0,0
-0.409518,2.287828,-3.298368,-0.612731,2.718554,-0.870895,0.696939,0,0,0,0
-1.207240,2.036717,-3.103539,-0.720358,3.784249,-0.494062,-0.262420,0,0,0,0
-1.492873,2.479043,-2.076387,-1.811046,2.963051,-0.734282,-1.239364,0,0,0,0
-0.396819,1.689924,-3.819512,0.329063,1.552283,-0.167873,-0.566963,0,0,1,0
-0.898897,2.599086,-2.687965,-1.049565,3.328565,-0.004937,0.050158,0,0,0,0
-1.292716,2.567906,-2.379375,-1.803991,3.343162,-0.309828,-0.033253,0,0,0,0
-1.168372,2.786889,-2.354720,-2.285186,2.879266,-0.129272,-0.166915,0,0,0,0
-2.014041,2.358522,-1.505903,-2.816324,1.793421,-0.875458,-1.952624,0,0,0,0
-1.827768,2.332342,-2.052435,-2.755695,2.640765,-0.110916,-1.868990,0,0,0,0
-1.218371,2.532820,-3.113054,-2.950467,3.050642,0.540201,-1.133926,0,0,0,0
-1.313834,2.472424,-3.115932,-3.329185,2.402500,-0.509141,-1.298030,0,0,0,0
-1.601289,2.878375,-1.416481,-3.179429,0.827274,3.326590,-1.546566,1,0,0,0
-1.359211,2.950415,-2.039073,-3.518890,1.586589,-0.185235,0.388908,0,0,0,0
-1.430311,2.739976,-2.190925,-3.317535,1.444612,-0.364653,0.230377,0,0,0,1
-1.323116,2.915357,-2.165360,-3.360041,1.849633,-0.396351,-0.135568,0,0,0,0
-1.465176,2.139033,-2.716456,-1.856232,2.420342,0.056431,-1.714077,0,1,0,0
-1.307955,3.025944,-1.926530,-3.020022,2.625817,0.529685,0.440377,0,0,0,0
-1.406410,2.822583,-2.023164,-2.673097,2.947315,0.023582,-0.120069,0,0,1,0
-1.634006,3.023542,-1.499944,-3.827636,1.846410,-0.956534,0.117867,0,0,0,0
-1.805201,3.005146,-1.040563,-3.511495,2.163832,0.261899,-1.032509,1,0,0,0
-1.598626,2.969620,-1.476739,-3.198341,2.444402,-0.160160,-0.600198,0,0,0,0
-1.996876,2.743339,-1.154017,-3.693247,1.617525,-0.432086,-0.636321,0,0,0,0
-1.869673,2.588841,-1.378632,-2.697346,2.499848,-0.620562,-0.992329,0,0,0,0
-1.872274,2.445912,-2.020196,-3.739980,1.268379,-0.440802,-1.712469,0,1,0,0
-1.897236,3.076559,-1.071290,-4.748417,0.777507,-0.514486,-0.702545,0,0,0,0
-1.966275,3.247402,-0.309768,-4.294298,0.408704,0.268784,0.604730,0,0,0,0
-2.083546,2.539932,-1.527574,-4.153810,0.951370,-0.497214,-1.608450,0,0,0,0
-2.184649,2.526944,-1.217648,-3.861643,1.154042,-0.533801,-1.767251,0,0,1,0
-2.181210,3.094508,-0.184338,-4.383048,0.459334,0.009156,-1.132112,0,0,0,0
-2.127399,3.254631,0.096270,-4.202745,0.468216,-0.054525,-1.218411,0,0,0,0
-2.446166,2.987016,0.266423,-4.339298,0.075193,-0.900570,-1.015334,0,0,0,0
-2.463412,2.860968,0.227209,-3.603196,1.194857,-0.370464,-1.721693,0,0,0,1
-2.506862,3.269338,1.061548,-4.479163,-0.778898,-0.052854,-0.802291,0,0,0,0
-2.932655,2.894874,1.532236,-3.864923,-0.717979,-0.210049,0.191752,0,0,0,0
-2.805799,3.115971,1.673603,-4.048738,-1.193432,0.015796,0.815263,0,0,0,0
-2.846162,2.809955,1.088628,-4.062584,-1.036709,0.175218,-1.606294,0,1,0,0
-2.819053,3.132255,1.841308,-3.818265,-1.210877,-0.753568,-0.926841,0,0,0,0
-3.135132,2.963366,2.361839,-3.742266,-2.037822,-0.718071,-0.933891,0,0,0,0
-2.781793,3.486578,2.555647,-4.049573,-2.497190,0.287610,-0.718194,0,0,0,0
-3.373621,2.672350,2.379341,-3.590086,-2.147232,-0.916787,-1.844484,0,0,0,0
-3.416677,2.602390,2.324532,-3.630451,-2.271880,-1.029037,-1.916648,0,0,0,0
-3.541517,2.588231,2.851296,-3.053412,-2.498059,1.764210,-1.641811,0,0,0,0
-3.310205,3.104767,3.622182,-2.504970,-2.258658,-0.719333,0.768839,0,0,0,0
-3.774427,2.537022,3.739414,-1.914174,-2.057008,-0.653476,0.020024,0,0,0,1
-3.574909,2.774006,3.651095,-2.244666,-2.239325,-0.635329,-0.028330,0,0,0,0
-3.696138,2.717693,3.971741,-2.002134,-2.830352,-0.834533,0.642168,0,0,0,0
-3.793605,2.619608,4.110329,-1.637200,-2.458213,-0.991549,0.452315,0,0,0,0
-4.144696,2.147807,4.124943,-1.005966,-1.741226,-1.028382,-1.832378,0,0,1,0
-4.224447,2.086865,4.363493,-0.400359,-0.987395,-0.212786,-0.334855,0,0,0,0
-4.357709,1.905163,4.297652,-0.426162,-1.145039,-0.876412,-1.611412,0,0,0,0
-4.229638,2.158204,4.620604,-0.230443,-1.172365,-1.109622,-0.859399,0,0,0,0
-4.710614,1.429368,4.289015,0.133725,-0.515919,-0.980645,-1.878050,0,1,0,0
-4.784163,1.354364,4.430223,0.594531,0.178098,-0.235230,-1.071703,0,0,0,0
-4.948443,1.134275,4.440100,0.906098,0.591926,-0.928945,-1.034833,0,0,0,0
-4.965389,1.126419,4.504874,1.024443,0.653020,-0.784278,-1.271715,0,0,0,0
