mfcc0,mfcc1,mfcc2,mfcc3,mfcc4,onset,rms,lane0,lane1,lane2,lane3
-2.151923,2.903554,-2.221334,-1.532317,2.049073,4.937293,-2.584553,1,0,0,0
-2.156987,1.800865,-3.520403,-1.261113,2.353013,-0.109275,-2.576540,0,0,0,0
-2.086474,2.563735,-2.671029,-1.136972,2.474142,-0.523111,-2.393365,0,0,0,0
-2.190975,2.892586,-2.195905,-1.595852,2.536080,-0.447423,-2.340521,0,0,0,0
-2.289801,2.674110,-2.160910,-1.293217,2.872946,-0.329637,-2.494632,0,0,0,0
-2.297276,3.316660,-1.037144,-1.271095,2.676874,-0.233045,-2.290496,0,0,0,0
-2.310426,2.771843,-2.049087,-1.558553,2.350446,-0.065670,-2.455506,0,0,0,1
-2.084764,2.415105,-2.824201,-1.241755,2.173986,-0.049785,-2.371632,0,0,0,0
-2.153973,2.698929,-2.393813,-1.261208,2.692243,-0.458267,-2.285110,0,0,0,0
-2.157351,2.745907,-2.346109,-1.558556,2.113340,-0.068495,-2.213654,0,0,0,0
-2.142807,2.878561,-2.234329,-1.396672,2.526719,-0.048765,-2.138113,0,0,1,0
-2.034655,2.736210,-2.391856,-1.005018,2.695209,-0.473950,-2.215829,0,0,0,0
-2.103580,2.967136,-2.212561,-1.501142,2.410561,-0.425393,-2.249288,0,0,0,0
-2.024904,3.227474,-1.945513,-1.193212,2.756863,-0.219029,-2.040561,0,1,0,0
-2.014066,2.707993,-2.703076,-1.282111,2.354588,0.222102,-2.132659,0,0,0,0
-2.069818,2.917726,-2.317099,-1.535654,2.546814,-0.095197,-2.112345,0,0,0,0
-2.000691,3.075392,-2.242511,-1.392192,2.574296,-0.140071,-2.121484,0,0,0,0
-2.061828,3.384547,-1.452055,-1.104592,2.640412,-0.289119,-1.964013,0,0,0,0
-2.197326,3.115143,-1.540425,-1.147936,2.686333,-0.349585,-2.054814,0,0,0,0
-2.150709,3.364861,-1.386231,-1.270307,2.900542,-0.067801,-1.889317,0,0,0,0
-2.189931,3.151037,-1.672066,-1.531685,2.352526,-0.139292,-1.955109,0,0,0,0
-2.265176,3.005998,-1.663768,-1.412493,2.464026,-0.196087,-2.258868,0,0,0,0
-2.238152,2.678011,-1.781662,-0.953681,2.337893,-0.308737,-1.945078,0,0,0,0
-2.202651,3.097128,-1.142690,-1.171843,2.261849,-0.026094,-2.013926,0,0,0,0
-2.207355,2.631528,-1.547553,-0.804794,2.439576,-0.206973,-2.099072,0,0,0,0
-2.183866,2.700475,-1.155486,-0.927248,1.857562,-0.131375,-2.092030,0,0,0,0
-1.961829,2.672442,-1.159062,-0.978134,1.563950,0.021570,-2.117927,0,0,0,0
-1.920606,1.978524,-1.018072,-0.299265,1.365430,-0.225689,-2.385672,0,0,0,0
-1.739997,1.959694,-0.590214,-0.239818,0.940202,-0.298605,-2.160633,0,0,0,0
-1.562366,1.457863,-0.799015,-0.449058,0.957443,-0.055760,-2.194298,0,0,0,0
-1.483637,0.968903,-0.852223,-0.159561,0.996868,-0.280252,-2.083387,0,0,0,0
-1.072289,0.815744,-0.740917,-0.080396,0.445347,0.197531,-2.103462,0,0,0,0
0.492054,-2.082111,-0.263150,1.936534,-1.563876,3.888832,-0.656922,0,0,1,1
0.631439,-0.111714,1.058078,0.896067,1.342788,-0.343044,1.773695,0,0,0,0
-0.021647,0.088833,0.380414,0.324409,1.438005,-0.388044,-0.160137,0,0,0,1
0.468293,0.164151,-0.660737,1.842554,0.339972,-0.074163,1.135161,0,0,0,0
0.275173,0.612473,0.169116,0.866042,-0.740964,-0.302765,0.989784,1,1,0,0
0.701039,-1.468002,-0.288597,1.201182,-1.066603,0.317244,-0.703328,0,0,0,0
0.829356,-1.238527,0.094945,-0.763116,-0.445183,-0.054667,-0.427288,1,0,0,0
0.383207,-1.376917,-1.156891,1.706673,-1.316053,0.107377,-0.570480,0,0,0,0
0.515791,-2.040251,-0.045872,0.917107,-1.336553,0.083656,-0.434482,0,0,1,1
0.306805,-0.182866,-1.268315,1.154962,-0.651820,-0.371621,0.083113,0,0,0,0
0.044668,0.252685,-0.657603,1.228633,-0.132385,0.009655,0.056784,0,1,0,0
0.063855,0.387059,-0.126904,0.463691,0.096762,0.051799,0.301150,0,0,0,0
-0.413958,0.226284,-0.146099,-1.126388,1.158544,-0.457598,-0.304685,0,0,0,1
0.138782,1.220929,-1.197138,-0.368310,-0.273481,0.283182,0.778862,0,0,0,0
0.533262,-1.821398,-1.048280,1.893712,0.287825,1.254003,0.400179,1,1,0,0
0.585541,0.758248,-1.037423,1.346796,-0.026287,0.126084,1.180224,0,0,0,0
0.277636,1.146434,-0.981265,0.657621,0.129457,-0.005552,0.417422,0,0,0,0
-2.495869,0.061506,0.903906,1.582066,0.726707,-0.839509,-1.082096,0,0,0,0
0.118279,0.138367,-0.973452,0.325048,-0.673107,2.867970,-0.440386,1,0,1,0
0.400035,1.017947,-0.883619,1.141482,-0.841268,0.034328,0.913849,0,0,0,0
0.182167,0.906142,-0.841193,0.575021,-0.375950,0.378010,0.676374,0,0,0,0
-1.014243,1.580070,-0.378364,0.446461,1.179298,-0.178823,-0.534635,0,0,0,0
-0.363834,-0.167326,-0.167640,0.657536,0.165987,-0.350004,-0.756321,0,0,1,1
0.337323,0.753110,-1.237768,0.561128,-0.882636,-0.321395,1.320526,0,0,0,0
-0.148293,1.551487,-0.480403,0.704831,0.793779,-0.223439,0.735211,1,1,0,0
0.557683,0.314027,-0.579857,0.605012,-0.617329,0.142347,1.161175,0,0,0,0
-0.183968,1.291530,-0.398121,0.072445,-1.023288,-0.531592,0.573027,0,0,0,0
-0.414188,1.010716,1.141299,-0.221215,-1.221083,-0.349261,0.841621,0,0,0,0
-0.423908,-0.733738,-0.093098,-0.291640,-0.700923,0.192576,-1.541246,0,0,1,0
-2.144655,-2.533953,-1.035166,1.396833,0.498139,-0.890463,-2.630221,0,0,0,0
-2.723981,-2.491086,-1.098532,2.331229,2.023664,-0.447204,-2.528624,0,0,0,0
-3.004254,-2.315038,-1.734587,2.153359,2.203398,-0.204710,-2.524674,0,0,0,0
-1.581249,-0.135847,-2.093108,-1.255445,-0.981036,-0.168971,-1.984673,0,1,0,1
1.033633,0.386900,-1.452425,-0.768250,-0.751825,-0.087570,0.966477,0,0,0,0
0.822540,-0.271417,-0.400847,-0.263605,-0.220016,-0.338286,0.205097,0,0,0,0
0.340789,-1.540091,-0.320988,0.120830,-0.721457,-0.191794,-0.564664,0,0,0,0
0.199329,-2.435521,-0.863180,0.391304,-0.901541,-0.206413,-1.295603,0,1,0,1
0.892312,0.749837,-0.815253,-0.372029,-1.101877,0.130184,0.688167,0,0,0,0
0.807138,0.614418,-0.733377,-0.431654,-0.869344,-0.100254,0.502991,0,0,0,0
1.075221,0.024589,0.529863,-1.442928,-0.147874,0.159177,0.596168,0,0,0,0
0.455003,-0.017940,0.344667,-0.137889,-0.323187,-0.151212,0.402465,0,0,1,0
0.195193,0.378737,-1.084478,0.278387,0.891527,-0.176739,0.878956,0,0,0,0
0.312675,0.593454,-0.738607,-0.926848,-0.019300,0.068627,-0.427855,1,0,0,0
0.748800,-0.318323,-0.291598,-1.672417,-0.097023,-0.289832,0.667313,0,0,0,0
0.659518,0.473348,-0.089957,-1.057487,-0.610331,-0.217107,0.076306,0,0,1,1
0.642419,-0.191750,-0.336551,0.833807,-0.960542,-0.070003,0.514342,0,0,0,0
0.691655,-0.372721,-0.048835,0.609470,-0.627399,0.237987,0.417927,0,1,0,0
0.909841,0.177923,-0.433626,-1.725151,-0.120350,-0.211390,-0.179177,0,0,0,0
0.708824,0.471266,-0.484007,-1.451767,-0.445546,0.129593,0.073574,0,0,0,0
-0.188742,0.548093,-0.613164,-1.005126,-1.072921,-0.024531,0.088323,0,0,0,0
0.169986,0.704699,-0.436283,-1.205473,-0.877727,-0.127756,-0.476241,0,0,0,1
0.775254,0.070454,-0.252682,-1.196736,0.291337,-0.110988,-0.156730,0,0,0,0
0.689642,0.890916,0.079716,-0.982942,-0.245196,0.196843,0.380913,1,1,0,0
-0.332349,-0.090434,0.090769,1.736482,-0.229189,-0.349154,0.833746,0,0,0,0
-0.431305,0.255065,1.776987,-0.151294,0.786878,-0.322013,-0.834219,0,0,1,0
0.631152,-0.782378,0.534135,-0.842277,1.176176,0.161399,-0.001159,0,0,0,0
0.183108,0.137831,-0.243335,-0.025341,0.561828,0.211444,0.401918,1,0,0,0
-0.139262,1.239025,-1.081480,-0.130186,0.795240,-0.472692,1.436655,0,0,0,0
-0.420320,0.953611,-0.733202,-0.342900,0.699757,-0.164825,0.053406,0,0,0,1
-0.274420,-1.158698,1.877089,-1.129116,-0.116666,-0.423540,0.345742,0,0,0,0
-0.557710,0.443634,1.645451,0.394603,0.160046,-0.115960,1.286105,0,1,1,0
0.449221,0.552274,-0.656286,0.860400,0.465765,0.216608,1.018941,0,0,0,0
0.343270,0.427752,-0.945910,-0.164705,0.637350,0.036601,0.315521,1,0,0,0
0.896701,-0.119144,0.020233,-1.166745,0.409892,0.069522,-0.201343,0,0,0,0
0.328903,-0.082822,0.168439,-0.699321,0.026616,-0.021760,-0.470429,0,0,0,1
0.341968,1.143517,-1.832241,-1.045112,-1.078472,-0.333364,1.139935,0,0,0,0
0.580405,0.706441,-0.687423,-1.453489,-1.342060,-0.188820,-0.248164,0,0,0,0
0.033462,-2.340592,0.734735,-0.515554,-0.666927,-0.429650,-1.665740,0,0,0,0
0.595827,-1.284897,-1.062380,0.153860,-1.350109,-0.305053,-0.469956,0,1,0,1
0.708525,1.173055,-1.233380,-0.513022,-0.922805,-0.083552,0.937009,0,0,0,0
0.513488,1.292952,-0.910172,-1.085427,-0.820479,-0.058228,0.196722,0,0,0,0
0.856081,0.413127,0.028969,-1.552068,-0.213282,-0.465111,0.323359,0,0,0,0
0.670899,0.223650,0.481392,-0.734584,0.085617,-0.370240,-0.040522,1,0,0,0
0.026487,0.983134,-1.142268,-0.136556,0.460759,0.184164,0.586784,0,0,0,0
0.363599,1.379990,-1.419189,-1.171776,-0.702817,-0.055439,0.277898,0,0,1,0
0.757081,-0.555575,-0.084090,-1.378542,0.229397,-0.203308,0.485322,0,0,0,0
0.587393,-0.045875,-0.550596,-1.181589,-1.058217,-0.245888,0.411402,1,1,0,0
0.271130,-0.256589,-0.471344,1.183513,-0.789644,-0.258301,1.202743,0,0,0,0
0.366720,-0.608010,-0.365304,0.808016,-1.577523,0.241106,-0.248130,0,0,0,1
0.736145,0.511200,-0.591103,-1.415903,-0.453151,-0.349468,-0.045208,0,0,0,0
0.657255,0.518053,-0.435926,-1.142796,-0.416788,-0.294437,0.104371,0,0,0,0
0.196265,0.906091,-0.406646,-0.926858,-0.409386,-0.055245,0.381226,0,0,0,0
0.175881,0.517063,-0.641794,-0.990477,-0.902116,0.223500,-0.497957,0,1,0,0
0.915704,-0.274056,-0.213254,-1.406088,0.185576,0.001537,-0.439097,0,0,0,0
0.896476,0.361232,-0.164309,-1.153663,-0.169838,0.186448,0.409038,1,0,0,1
0.095726,-0.529806,0.017081,0.836613,-0.015276,-0.225704,0.681369,0,0,0,0
-0.041117,0.333495,-0.961547,-0.132966,0.314437,0.137420,-0.790004,0,0,1,0
0.294808,-0.011143,-0.680468,-0.554419,0.997251,0.121114,0.569937,0,0,0,0
0.480669,0.439401,-0.181834,-0.541684,0.550576,0.104507,0.935385,1,0,0,0
0.045924,0.794494,-0.988172,1.085911,-0.613784,0.220173,0.833448,0,1,0,0
-0.965009,1.614934,-0.174890,0.046719,0.031807,-0.632212,-0.741317,0,0,0,1
-0.980333,-0.066916,1.422261,-1.789700,-0.106040,-0.105125,-0.862639,0,0,1,0
-0.802432,1.659291,0.164224,0.005361,0.968557,0.232970,0.782916,1,1,0,0
0.455517,0.339807,-1.263051,1.322522,0.876089,0.150720,0.640355,0,0,0,0
0.076886,-0.084935,-0.524861,0.540443,0.926293,-0.106971,-0.584862,0,0,1,0
0.163138,-0.060370,-0.788001,-0.116062,-0.376345,-0.083693,-0.225135,0,1,0,0
0.208365,0.608971,-0.747844,0.157928,-0.602913,-0.401135,0.241044,1,0,0,1
0.688384,0.532629,-1.413302,-0.693367,-0.990202,-0.278921,1.339319,0,0,0,0
0.568961,0.057956,-0.253925,-0.141698,-0.817346,-0.082777,0.210142,0,0,0,0
0.324862,-1.837528,1.417214,0.462161,-0.573186,-0.321345,0.036193,0,0,0,0
0.616995,-1.331973,0.079339,0.576954,-0.750493,-0.158333,0.545690,1,0,0,1
0.790069,0.567193,-1.149773,-0.338381,-0.786446,-0.047130,0.852586,0,0,0,0
0.385036,0.364727,-0.798643,-0.638007,-0.532304,0.123213,-0.053284,0,0,0,0
0.749595,-0.336842,0.662227,-1.390310,-0.651795,0.106936,0.054830,0,0,0,0
0.244119,-0.219295,0.088015,-0.029071,0.091245,0.082187,-0.325737,0,0,1,0
0.099864,1.074637,-0.547091,-0.030455,0.578251,-0.398041,0.639327,0,0,0,0
0.083407,0.882427,-0.280688,-0.686264,-0.259169,-0.185030,-0.158087,0,1,0,0
0.723693,-0.176200,0.685140,-1.563239,-0.309356,-0.100260,0.930387,0,0,0,0
0.446770,0.293427,-0.220814,-0.986126,-1.053607,-0.316720,0.541480,0,0,1,1
0.565834,-0.124581,-0.271919,0.963101,-0.809154,0.067031,0.909109,0,0,0,0
0.584863,-0.573953,-0.026245,0.585007,-1.122549,-0.198594,-0.093107,1,0,0,0
0.945521,0.285987,0.033643,-1.706513,-0.494556,-0.117560,0.192018,0,0,0,0
0.731109,0.791133,-0.085124,-1.540724,-0.567528,0.097323,0.270605,0,0,0,0
0.015842,1.131904,-0.102438,-0.942822,-0.386839,-0.178158,1.073757,0,0,0,0
0.108789,0.866914,-0.255649,-1.079272,-0.701894,0.347003,-0.066032,0,0,1,0
0.944144,-0.272415,0.035618,-1.619621,-0.158440,0.427199,0.060989,0,0,0,0
0.706632,0.642112,0.212267,-1.349088,-0.685025,0.207906,0.405818,1,1,0,0
-0.063820,0.134882,0.406148,1.020178,-0.742784,-0.443413,0.347990,0,0,0,0
-1.240194,0.221415,-0.131050,0.978480,-0.782423,0.007164,-1.743411,0,0,0,1
0.614842,-0.178310,-0.397844,-0.793127,0.680988,-0.027910,0.728225,0,0,0,0
0.136301,0.085825,0.792621,-0.489020,0.287316,-0.192051,0.645384,0,1,0,0
-0.167575,0.969522,0.301212,-0.156986,0.143535,-0.105406,1.043860,0,0,0,0
-0.482721,0.899987,-0.553624,-0.135892,0.853395,0.266061,1.180821,0,0,1,0
0.389399,-0.127336,-0.543608,-1.840371,0.490304,-0.018383,-1.046997,0,0,0,0
-0.113208,0.479221,0.709109,-0.248671,0.992862,-0.309111,-0.699722,1,0,0,1
0.570159,1.018411,-0.902452,-0.678796,-0.529538,0.469656,0.986755,0,0,0,0
0.431123,0.700021,-0.132102,-0.586513,-0.057952,-0.095218,-0.289829,0,0,0,0
0.285228,0.064887,0.061100,-0.459344,0.756227,0.028832,-0.357593,0,0,0,0
0.077401,-0.123737,-0.263303,-0.845127,0.352446,0.334922,-0.824381,0,1,0,0
0.428662,1.190421,-1.198252,-0.748788,-0.036312,0.329558,1.080449,0,0,0,0
0.415930,0.416127,0.065568,-0.933118,-0.884746,-0.040340,-0.257456,0,0,0,0
-0.179229,-2.960138,0.242667,-1.165882,-0.846725,-0.198167,-1.952947,0,0,0,0
0.150169,-1.979148,-1.016126,-0.017100,-1.727732,0.002962,-1.159481,0,1,1,0
0.777843,0.632931,-1.221963,0.178550,-1.163885,-0.284464,1.269368,0,0,0,0
0.562736,1.026128,-0.722287,-1.017598,-0.766371,0.219831,0.182105,0,0,0,0
0.884497,0.033356,0.805970,-1.852328,-0.856133,-0.042318,0.276180,0,0,0,0
0.521600,0.131696,0.382680,-0.841028,-0.089962,-0.474359,-0.182577,0,0,0,1
0.043196,0.792751,-0.905708,0.102775,0.809317,0.030822,1.191168,0,0,0,0
0.466463,0.993326,-1.493846,-1.378594,-0.368503,0.690705,0.331412,1,0,0,0
0.827585,-0.390974,0.439651,-1.521152,0.058102,-0.034035,0.888421,0,0,0,0
0.374036,0.215784,0.107036,-0.254738,-0.550193,-0.252896,0.813472,0,0,1,1
0.298072,-0.154086,-0.816013,0.832772,-0.758099,0.007332,1.008630,0,0,0,0
0.373417,-0.760818,-0.239326,1.186273,-0.780523,0.014013,0.096076,0,1,0,0
0.737264,0.577992,-1.172026,-1.415700,-0.581833,-0.125998,-0.195330,0,0,0,0
0.503139,0.684046,-0.445518,-1.175496,-1.089895,0.179644,-0.055675,0,0,1,0
0.264917,0.357066,-0.360688,-0.459185,-1.512609,0.186674,1.125901,1,0,0,0
0.448592,0.321800,-0.493585,-0.179323,-1.521090,-0.014425,-0.567048,0,0,0,1
0.891070,0.124549,-1.089523,-0.258353,-0.589578,0.175410,0.415606,0,0,0,0
0.870713,0.596680,-0.852929,-1.093352,-0.288802,0.007168,0.514753,1,1,0,0
0.034479,-0.191541,0.332051,1.219358,-0.102447,-0.196133,0.957389,0,0,0,0
0.318286,-1.521573,-0.031250,-0.612394,1.066938,-0.196175,-0.813273,0,0,1,0
0.888597,0.619554,-1.337756,0.144454,-0.267882,0.084277,1.206661,0,1,0,0
0.185798,0.298309,-0.672417,0.765201,-0.190044,-0.324580,0.925620,1,0,0,0
0.441949,1.043141,-0.459389,0.673973,-0.686521,-0.119493,1.778744,0,0,0,0
0.406596,1.200632,0.628421,0.631129,-1.563775,-0.203869,0.780516,0,0,0,1
-0.641199,0.030212,0.452511,0.178816,0.116362,0.561072,-0.444165,0,0,0,0
-1.410030,0.823120,-0.475323,1.167756,0.264941,-0.170136,-0.889681,0,1,1,0
0.443354,-0.727107,0.375389,-0.175561,0.725264,0.072194,0.866122,0,0,0,0
0.054402,0.052320,0.964428,-0.566684,-0.210681,-0.182517,-0.594703,0,0,0,0
-0.476790,-0.155118,0.712672,0.507756,-0.137115,-0.321482,-0.550810,0,0,0,0
-0.089260,-0.652085,0.643926,1.509484,-0.491379,0.142415,0.979432,1,0,0,0
-0.887788,1.773921,0.793783,-0.195035,-0.418806,-0.123200,1.046241,0,0,0,0
-3.026219,-0.058786,3.030587,0.473066,1.406065,-0.724232,-1.034578,0,0,0,0
-5.612349,-0.571674,3.406430,-0.264479,2.095445,-0.962428,-3.007199,0,0,0,0
-1.144601,-1.720967,-0.032510,0.228916,0.467772,-0.454707,-1.245005,0,0,1,1
-0.153513,-0.187198,-0.909334,0.824173,-2.117160,-0.168448,-0.849084,0,0,0,0
-0.091617,-2.074855,0.052960,0.881707,-0.037465,-0.362838,-1.260522,0,1,0,0
-1.172972,1.102119,1.476113,1.117930,0.714464,-0.430172,-0.251830,0,0,0,0
-1.937301,1.252929,2.307204,0.718227,0.323095,-0.397747,-0.029611,0,0,0,1
-1.549817,-0.666767,-0.245395,-1.524000,-1.726344,-0.466701,-1.571549,0,0,0,0
-2.704478,-0.051031,0.119745,0.219403,1.290485,-0.490856,-2.087438,0,0,0,0
-2.528741,3.310685,0.815368,-0.336862,2.961186,0.534244,2.215312,0,0,0,0
-1.512962,0.234621,0.477072,0.251240,0.394373,-0.780561,-0.717553,1,1,0,0
0.030866,0.250923,-0.724277,0.938720,-1.770091,0.027624,-0.315237,0,0,0,0
0.083950,-0.906112,-0.042921,-1.183584,-0.066737,-0.479990,-0.865120,0,0,1,0
-0.540695,1.868729,-0.033261,-0.376176,-1.385764,-0.458383,-0.232967,0,0,0,0
-1.669008,0.269059,1.545904,0.720310,0.236790,-0.141750,-0.722776,0,1,0,0
-2.228713,2.135514,1.332240,0.308985,1.243514,-0.248407,0.116402,0,0,0,0
-0.912087,-1.116982,-1.061496,-0.689532,0.716438,-0.585163,-1.581643,0,0,1,0
-1.905052,-0.344390,-0.472032,-1.556123,-1.251008,-0.519248,-1.338715,0,0,0,0
-1.654321,-0.108971,0.084652,-1.430289,-1.423216,0.391827,-1.115186,1,0,0,1
-0.692748,-0.735015,-0.828399,1.699615,-1.234634,0.216179,-1.784571,0,0,0,0
-0.942273,0.102218,0.386009,1.161992,-1.402710,-0.271310,-1.125955,0,1,0,0
-0.762113,1.061718,-0.220463,0.267388,-0.629961,-0.327278,0.567126,0,0,0,0
-1.491511,-0.308257,-0.282080,-0.562278,-1.444895,-0.213071,-1.037719,0,0,0,0
-1.770877,-0.973909,-0.531599,-0.864948,-1.957257,-0.424529,-1.378232,0,0,0,0
-1.247614,-0.959066,-0.529033,-0.143561,-0.777810,0.353864,-1.238299,0,0,0,1
-0.710842,0.863336,1.368818,1.710165,0.662983,-0.354435,2.241176,0,0,0,0
-0.079951,0.566245,0.121384,2.482441,-0.252182,0.299326,0.591989,1,1,0,0
0.086973,0.216867,-0.971446,1.111353,-1.373652,0.211746,0.479912,0,0,0,0
-0.415810,0.187762,0.256069,1.261799,-0.621804,-0.320837,0.100157,0,0,0,1
-0.838441,0.556742,1.088382,2.084502,0.052004,0.216730,1.313634,0,0,0,0
-0.226094,0.087232,-0.553956,1.870902,0.775996,0.921369,0.612595,1,0,0,0
-0.860430,1.495691,0.433813,-0.936175,-0.157461,0.387141,1.352726,0,0,0,0
-2.424483,0.377684,1.039045,-2.223639,-1.353606,-0.112690,-2.471417,0,0,0,0
-5.153382,-0.819299,2.537601,0.354307,1.725506,-0.560164,-3.131295,0,0,0,0
-1.375968,0.910801,-0.187007,2.832387,0.445655,0.013093,-0.432742,0,0,1,1
-0.560662,-0.674330,-1.034793,1.536967,-1.509114,-0.337768,-1.847492,0,0,0,0
-0.710008,-2.861366,1.280218,0.953889,-1.412846,1.650838,-2.195605,0,1,0,0
-0.495528,0.068224,1.094293,1.303507,0.223551,0.122513,-0.215462,0,0,0,0
-0.977735,1.188144,0.802087,0.661442,0.346056,0.468317,-0.392893,0,0,1,0
-1.650411,-0.188719,-0.949243,-1.608003,-2.262760,0.162555,-1.161040,0,0,0,0
-1.616502,-1.040944,0.508457,-1.722317,-1.818009,-0.003901,-1.977120,0,0,0,0
-2.590531,3.014932,0.851414,-0.168519,2.647159,-0.530709,0.822603,0,0,0,0
-1.191988,1.662744,-0.704875,1.703185,1.199286,-0.656749,0.743084,1,1,0,0
-0.361995,-0.089086,-0.477452,2.221106,-1.116507,-0.059090,-0.346237,0,0,0,0
-0.341208,-1.858989,2.456764,1.182279,-1.199557,1.902114,-0.661897,0,0,0,1
-0.476941,1.325557,-0.062663,-0.436457,-0.027899,-0.254127,-0.030152,0,0,0,0
-0.818510,0.310312,0.632356,-0.108133,-0.595758,-0.619001,-0.471877,1,0,0,0
-1.163099,1.305270,1.608112,0.118014,-0.492597,0.000223,0.952463,0,0,0,0
-2.311650,1.215283,2.021970,-0.031940,0.959844,-0.852199,-1.497671,0,1,0,0
-1.853639,-1.569957,1.845038,3.608533,2.216156,-0.301232,-1.199900,0,0,0,0
-1.231205,1.113525,-0.738022,2.855180,1.158655,-1.069641,-0.467550,0,0,1,1
-0.568393,-0.779154,-0.791101,1.821755,-1.699620,-0.147800,-1.811941,0,0,0,0
-0.864309,-0.312665,-0.723811,0.905619,-0.959273,-0.234183,-1.701070,1,0,0,0
-0.566319,2.095633,0.325714,-0.344134,-0.438008,-0.298003,1.460661,0,0,0,0
-0.884587,0.964336,-0.031681,-0.332048,-1.069790,-0.321129,-1.006332,0,0,0,0
-0.668385,-1.211440,-1.939776,0.123448,-0.746249,0.713992,-2.239372,0,0,0,0
-4.334856,-0.234896,1.961405,0.537671,1.010672,-0.400728,-2.455124,0,0,0,1
-2.783604,2.822728,1.219691,0.154616,3.099777,-0.189428,1.539846,0,0,0,0
-1.889384,2.432349,0.642848,1.265772,1.482301,-0.212374,0.901773,1,1,0,0
-0.541442,0.227535,0.234856,2.108697,-1.049046,-0.460574,-0.284507,0,0,0,0
-1.448695,0.787389,0.608790,1.591422,-0.894985,-0.421334,-0.550420,0,0,1,0
-2.153594,1.171544,1.537595,1.729722,-0.083936,-0.328986,-0.379021,0,0,0,0
-0.442689,0.448853,-1.086240,1.478968,0.579553,-0.040680,0.168345,0,1,0,0
-0.764921,1.342480,1.148807,0.000260,0.446713,-0.283331,1.068586,0,0,0,0
-3.520138,0.739079,2.642440,0.540257,0.346891,-0.959285,-1.250005,0,0,0,0
-5.104769,-0.894262,2.984366,0.804460,1.160140,-0.338415,-3.034641,0,0,0,0
0.285006,-0.590902,-1.498476,-0.467848,0.558440,10.597283,-0.431310,0,0,1,1
0.075550,0.475967,-1.060677,0.964770,-1.620596,-0.133956,-0.147678,0,0,0,0
-0.811151,0.399295,0.032312,0.632415,-1.620165,-0.134816,-1.793352,1,0,0,0
-0.992420,0.136346,0.646029,2.139505,0.901010,-0.134106,-0.431413,0,0,0,0
-1.061056,1.128278,-0.131435,-1.236369,-0.853029,-0.134075,-0.851120,0,0,0,1
-1.765662,-0.454595,0.206788,-0.773562,-1.383374,0.773953,-1.414357,0,0,0,0
-1.278184,-1.662182,-0.721907,-0.765864,-1.419169,0.556320,-1.745333,0,0,0,0
-2.224016,1.715456,1.878624,1.002087,2.011393,-0.471288,1.752576,0,0,0,0
-1.167459,0.269680,1.392823,0.365749,0.249804,-0.555684,-0.047862,1,1,0,0
-0.115060,0.181901,-0.212198,1.949511,-0.911668,-0.343309,0.014388,0,0,0,0
-0.940493,0.297457,0.949347,1.840715,-0.787817,-0.136976,-0.519765,0,0,1,0
-1.236157,0.737467,0.560206,1.317890,0.915449,-0.297442,-0.173048,0,0,0,0
-1.225668,1.219565,1.374824,0.918726,0.671316,-0.375197,-0.041435,0,1,0,0
-0.831731,1.123149,0.004921,-0.199361,-0.235193,-0.325425,0.643721,0,0,0,0
-0.642719,0.509392,0.177348,-0.628303,-0.743947,0.244793,-1.137813,0,0,1,0
-1.487219,-0.448373,-0.131038,-1.820588,-1.499062,-0.396549,-1.428375,0,0,0,0
-0.853045,-0.176312,0.033868,0.058351,-0.874747,-0.000726,-0.631697,1,0,0,1
-0.509383,-0.562825,-0.279122,2.089641,-1.115481,-0.407195,-1.241201,0,0,0,0
-0.719085,0.130349,0.350574,0.500027,-1.938401,-0.102436,-1.030577,0,1,0,0
-0.649912,1.241557,-0.346702,0.265249,-0.304088,-0.066848,-0.147729,0,0,0,0
-1.215917,0.501975,0.177199,-0.064967,-0.688699,-0.432024,-0.401385,0,0,0,0
-1.784203,-0.802059,0.029048,-0.288459,-1.472379,-0.438450,-1.406583,0,0,0,0
-0.769546,-0.529621,-1.141462,0.055633,-0.524054,0.086066,-0.836563,0,0,1,0
-0.770741,0.173688,0.275702,1.191040,0.811614,0.290568,0.457225,0,0,0,0
-0.523170,0.382986,0.642189,1.781638,0.046873,0.180194,0.501373,1,1,0,0
0.160560,0.255512,-0.921927,1.017074,-1.681840,0.025275,0.180309,0,0,0,0
-0.150971,0.481437,0.061478,0.884796,-0.515694,-0.193172,0.146369,0,0,1,0
-0.792723,0.408165,1.060275,2.466082,0.631262,-0.138739,1.304697,0,0,0,0
-0.461926,-0.479146,0.439627,2.806270,0.542591,0.069857,0.164427,1,0,0,0
-0.703372,1.733854,0.622287,-0.736093,-0.420161,-0.303948,1.298720,0,0,0,0
-2.561206,0.898138,1.155224,-1.508244,0.167542,0.054161,-1.648347,0,0,0,0
-5.511686,-1.410966,2.343251,0.173385,1.711602,-0.296264,-3.313794,0,0,0,0
-2.920065,0.750362,0.994405,1.998978,0.922882,0.329781,-0.590073,0,0,1,1
-0.587167,-0.608790,-0.535902,2.187947,-0.345687,-0.095590,-1.044927,0,0,0,0
0.195811,-1.042480,-0.193790,0.200981,-2.935857,3.115037,-1.407795,0,1,0,0
-0.487139,-1.182641,0.583372,3.130043,-2.206168,0.608866,-0.460596,0,0,0,0
-0.764231,-2.524649,1.152640,3.271982,-1.774746,-0.249909,-0.648798,0,0,0,1
-2.086262,-1.400673,-0.080797,3.365939,1.939459,-0.113516,-1.341065,0,0,0,0
-1.366501,-1.238310,-1.079857,1.314975,0.725481,-0.343556,-1.164741,0,0,0,0
-2.331279,2.283989,0.726022,-0.273031,2.401359,-0.089892,-0.140523,0,0,0,0
-2.394934,2.469073,0.949347,0.859463,1.125040,-0.511529,0.354640,1,1,0,0
-0.131330,0.210103,-0.113393,2.503728,-0.372832,-0.052013,0.173333,0,0,0,0
-0.692488,0.705524,1.378331,1.708685,-0.491634,-0.206620,0.378057,0,0,1,0
-0.491334,1.211393,-0.209209,-0.062756,-0.664106,-0.525354,-0.032494,0,0,0,0
-1.456777,0.808892,0.831569,1.079013,0.495787,-0.915278,-0.489109,0,1,0,0
-1.909142,1.968758,0.299311,0.530007,1.856589,-0.610359,0.436289,0,0,0,0
-1.049355,-0.077322,-0.026555,1.280546,0.454542,-0.654532,-0.756861,1,0,0,0
-1.422844,-0.836980,-1.260135,2.188324,1.576001,0.088223,-1.282957,0,0,0,0
-1.574135,1.265720,-0.553114,0.695670,0.688076,-0.415165,-0.535087,0,0,1,1
-0.651342,-0.588255,-0.594751,1.975064,-1.072432,-0.211780,-1.596357,0,0,0,0
0.012622,-0.659409,0.314291,0.439051,-0.372382,-0.044403,-0.959966,0,1,0,0
-0.630925,1.536125,-0.501601,-0.110951,0.054754,-0.064612,-0.139546,0,0,0,0
-0.866953,1.189685,0.099846,-0.289015,-0.368563,-0.321481,-0.232934,0,0,0,0
-1.037583,0.939307,-0.395260,-1.136355,-1.310938,-0.128154,-1.092207,0,0,0,0
0.498104,-1.204988,-0.853889,2.012994,-2.261869,1.814470,0.025671,0,0,1,1
0.388294,-0.914334,1.009622,-0.210100,-0.100613,-0.365662,0.760156,0,0,0,0
0.257211,-1.981380,-1.329115,1.971596,-1.722577,1.087189,-1.005627,0,0,1,1
0.285279,-1.421182,1.161671,0.143077,1.338850,-0.480857,0.179714,0,0,0,0
-0.603637,-3.282384,-1.043898,2.817646,-1.766368,0.321563,-1.337218,1,1,0,0
0.294236,-1.051475,1.283393,-0.121697,0.598878,-0.296997,0.634111,0,0,0,0
-0.435589,-2.884879,-1.689459,2.977667,-1.773125,1.798270,-1.223315,1,1,0,0
0.093723,0.891218,-1.297970,1.685099,0.660208,0.350762,0.928285,0,0,0,0
-0.521690,0.624114,-1.068068,1.012892,0.349711,-0.605889,-0.569577,0,0,0,0
-1.119277,-0.107771,0.196821,1.928917,0.605887,-0.058701,-1.145329,0,0,0,0
-1.442296,-0.796935,-0.427987,1.510250,0.438280,0.033426,-1.741230,0,0,1,1
0.258845,-0.716280,1.216761,0.181244,-1.250745,-0.483542,-0.486958,0,0,0,0
-0.340031,-0.777061,1.568703,0.424399,0.580894,-0.451695,-0.534460,0,1,0,0
0.346380,0.732083,-0.715969,0.044449,0.397533,0.103677,1.578992,0,0,0,0
-0.572912,0.153416,0.350411,0.387537,1.402001,-0.130972,-1.147045,0,0,0,1
-0.265307,-1.572885,1.295851,0.045311,0.777746,-0.657708,-1.192156,0,0,0,0
-0.119139,-1.083805,0.703620,-0.645654,0.565838,-0.427886,-1.011501,0,0,1,0
0.263739,0.992011,-0.760056,-0.840433,0.496268,0.627572,0.914072,0,0,0,0
0.288439,0.244956,0.216505,-0.171460,0.397339,0.044424,0.568989,1,1,0,0
0.533157,-0.731505,0.794020,1.435829,0.642236,0.062787,0.496976,0,0,0,0
0.044820,-1.979338,2.134502,1.393524,-1.634376,0.312279,-0.273470,0,0,1,0
-0.122183,0.161126,0.838567,0.904684,-0.384707,-0.041596,0.972993,0,0,0,0
0.494713,-0.792050,1.624740,-0.246348,-0.297193,-0.099764,0.584887,1,0,0,0
0.220566,-1.303880,0.433245,0.418778,0.058741,0.101237,1.699427,0,0,0,0
-0.152805,-1.837009,1.028341,0.014644,-0.211881,0.148270,-1.739087,0,0,0,1
-0.680038,-0.088642,-0.453898,-1.304370,-0.021381,-0.049516,-1.094775,0,0,0,0
-0.896708,-0.744808,0.661958,0.327544,1.254011,0.212551,-1.200682,1,1,0,0
-0.327220,-2.197332,0.494949,0.401077,0.042069,-0.574832,-1.600539,0,0,0,0
-0.810940,-1.192553,2.220871,-0.349043,0.059900,-0.130932,-1.220463,0,0,1,0
0.150414,0.797369,-1.211559,-0.276718,0.796787,-0.131275,1.221419,0,0,0,0
-0.208364,0.475865,0.116102,-0.918394,0.641527,-0.010079,-0.329206,0,0,0,0
-0.190665,-1.446317,0.638005,-1.587541,0.280779,-0.192049,-1.195733,0,0,0,0
-0.106062,-1.128005,0.564319,-0.895824,0.647462,0.056603,-0.705782,0,1,0,0
0.236459,0.316233,0.300482,0.740530,1.214368,-0.061532,1.163976,0,0,0,0
0.248091,0.176876,0.831863,1.036821,0.321183,-0.137241,0.816703,0,0,1,1
0.726407,-0.406177,-0.597035,-0.358965,-0.282202,0.051351,0.545420,0,0,0,0
0.272406,0.092671,1.009159,-0.593218,-0.524316,-0.146884,0.211779,0,1,0,0
-0.064362,0.641850,0.110947,1.031070,0.422978,0.185760,1.445690,0,0,0,0
0.175948,-0.212143,0.392035,1.716837,1.282903,-0.255571,0.270548,0,0,0,1
0.316126,0.608570,0.725921,-0.980747,0.707866,0.255573,1.239733,0,0,0,0
-0.454956,0.292598,1.728027,-0.418471,1.410646,-0.378507,-0.531431,0,0,0,0
-1.686579,-1.541875,2.325173,-0.104360,0.857362,-0.965867,-1.811320,0,0,0,0
-0.273637,-0.557018,-0.072948,-0.110590,0.364212,4.034060,-0.417183,1,1,0,0
0.480001,-0.320700,-0.032171,-0.141966,-0.825963,-0.417163,0.025944,0,0,0,0
-0.094609,-0.907214,0.574200,-1.385108,-0.094045,0.396494,-1.562638,0,0,1,0
-0.189384,0.859700,-0.033541,0.663555,1.466307,-0.022623,0.794697,0,0,0,0
-0.935198,0.240550,1.741792,0.237555,1.814092,-0.300832,-0.428964,1,0,0,0
-0.388263,-1.742009,0.946707,-0.480257,0.390821,-0.658104,-1.139182,0,0,0,0
-0.712463,-1.653511,2.048657,0.978260,2.496321,0.476365,-0.415407,0,1,0,0
-0.289119,0.500010,0.577413,0.493220,1.349546,0.145028,1.670392,0,0,0,0
0.253358,-0.567006,0.071229,-0.030186,-0.118099,-0.143027,-0.267748,0,0,1,1
0.670218,-0.634434,0.095258,-0.269598,0.394144,-0.221586,0.581320,0,0,0,0
0.151967,0.278631,1.529331,0.080185,0.669911,0.030370,0.320748,0,1,0,0
-0.473314,0.758100,0.306849,0.179019,1.534114,-0.400797,0.703165,0,0,0,0
-0.163345,0.662371,0.631437,-0.089770,0.363331,-0.100808,-0.226318,1,0,0,0
0.329294,0.499240,-0.009936,-1.052133,0.508016,-0.098919,1.463239,0,0,0,0
-0.421435,-0.185459,1.186243,-0.356560,1.088431,-0.339974,-0.635862,0,0,0,1
-0.083168,0.265474,-0.611280,-0.964570,0.292172,-0.507455,-0.611577,0,0,0,0
-0.969847,0.368988,1.047862,-0.148831,0.861168,-0.395466,-0.851644,1,1,0,0
-0.320525,-2.363934,1.143219,0.845738,0.139933,-0.630621,-0.503360,0,0,0,0
0.090911,-2.865283,0.538235,1.815634,-1.147792,-0.030694,-1.085127,0,0,1,0
0.293594,0.895813,0.445422,0.115105,0.909781,0.556287,1.289703,0,0,0,0
0.107011,0.159594,0.940232,0.485254,0.891427,-0.183694,0.065200,0,0,0,0
0.051153,-0.607664,1.935226,0.041803,0.545442,-0.517821,-0.041441,0,0,0,0
0.002759,-0.153594,1.284879,0.139536,0.781786,-0.131073,-0.019446,1,0,0,1
0.623431,-0.752547,1.421584,-0.093954,-0.442197,-0.091499,-0.165729,0,0,0,0
0.488672,-1.002377,-0.585808,0.300894,0.163725,0.086281,-0.625022,0,1,0,0
-1.271622,1.454346,-0.239310,0.156715,0.628221,-0.388984,0.903118,0,0,0,0
-1.496200,2.419693,-1.000361,0.987447,2.047390,-0.384423,-0.518065,0,0,1,1
0.162459,-1.587616,1.297889,0.645204,1.071690,-0.297143,-0.452511,0,0,0,0
0.725490,-1.123961,-0.703215,0.991360,0.180685,-0.449953,0.278944,1,1,0,0
0.100082,0.940772,-0.549511,1.075178,0.814759,-0.183494,1.073874,0,0,0,0
-0.160647,-0.386723,1.084561,2.215714,-1.129291,-0.315737,-0.689025,0,0,0,0
-1.180321,-3.514048,2.281394,1.514145,-1.123946,-0.194415,-2.244695,0,0,0,0
-0.302072,-2.864436,1.603109,-0.227585,-1.611296,-0.283492,-1.328361,0,0,1,1
0.043845,-0.962349,1.271277,0.559135,-0.775245,-0.332692,0.005958,0,0,0,0
-0.814382,-1.285164,1.644661,0.317836,-0.127303,-0.276663,-2.123610,0,1,0,0
0.317966,0.219640,-0.622519,1.458896,1.351453,0.226402,0.791633,0,0,0,0
0.729468,-0.859574,-2.074720,0.500168,-0.796034,2.364791,-0.143915,0,0,0,1
-0.569597,-1.177980,0.815330,-1.568196,-0.712909,-0.629078,-0.919239,0,0,0,0
-0.475546,-0.961459,0.594636,-2.047927,-0.396592,-0.274407,-0.864644,0,0,0,0
-0.097972,0.622119,-0.167872,-0.592084,0.348434,0.106357,0.797769,0,0,0,0
-0.597581,0.271471,0.480526,-0.048578,0.445437,-0.306355,-0.353130,1,1,0,0
0.719825,-0.344487,0.156135,0.101858,-0.428852,-0.101897,-0.023738,0,0,0,0
0.404856,-1.042072,0.016316,-0.219506,0.479191,-0.352558,-0.465575,0,0,1,0
-0.133793,1.112074,-0.215148,-0.246953,0.964178,-0.403235,0.277803,0,0,0,0
-0.568148,0.500190,0.873232,-0.513378,1.714591,-0.125226,-0.471815,1,0,0,0
0.031033,0.477660,0.420822,-0.998122,0.710913,-0.396382,1.953995,0,0,0,0
-0.701786,-0.529458,0.756027,-1.802586,-0.902317,-0.421448,-1.044871,0,0,0,0
-0.647492,0.015082,0.367563,-0.732257,-0.229069,-0.167833,-1.137361,0,0,0,0
-0.825689,0.270755,1.158226,-0.727079,0.780579,0.051072,-1.164129,0,0,1,1
0.011364,-0.973681,0.874784,1.030158,0.004308,-0.168787,-0.557167,0,0,0,0
0.449039,-0.033209,0.332520,-0.045070,0.058747,0.879470,-0.156847,0,1,0,0
0.189678,1.458503,-0.588561,-0.524394,0.364413,-0.100786,0.972733,0,0,0,0
-0.158685,0.853869,0.309646,-1.158950,-0.058369,-0.011181,0.161302,0,0,0,0
0.159473,-0.559987,1.441020,-1.279339,0.097776,-0.416807,0.073558,0,0,0,0
0.317276,-0.669365,0.174037,-0.660351,0.604957,0.073726,0.326091,0,0,1,0
0.137007,0.615535,0.349574,0.786137,0.892636,-0.099030,1.426161,0,0,0,0
-0.091990,0.235808,1.131576,1.083096,0.679566,-0.228636,0.218076,1,1,0,0
0.733051,-0.251441,-0.666479,-0.347342,-0.643734,-0.034585,0.186867,0,0,0,0
0.403687,0.004667,0.347246,-0.098205,-0.128677,0.037492,-0.113157,0,0,1,0
-0.050612,0.372794,-0.195094,1.332136,1.155535,-0.097771,0.945890,0,0,0,0
-0.042147,-0.015952,0.498171,1.678361,0.917683,-0.101407,0.825124,1,0,0,0
0.246689,0.167972,-0.114037,-1.139004,0.721927,-0.014613,1.132170,0,0,0,0
-0.987136,-0.316833,2.171968,-0.012967,0.970274,-0.403867,-0.207239,0,0,0,0
-1.933969,-2.008155,1.798060,0.056593,1.244826,-0.222702,-1.512190,0,0,0,0
-1.670667,-2.098955,0.916419,-0.664093,0.870479,0.279516,-1.782072,0,0,1,1
0.448953,-1.177197,-0.025009,-0.563768,-0.838355,-0.197469,-0.413488,0,0,0,0
0.367170,-2.045947,-0.156910,1.155984,-0.372126,0.054584,-0.897150,0,1,0,0
0.114847,-0.411760,0.562210,1.415656,0.751240,0.154785,1.247003,0,0,0,0
-0.819777,-0.365255,0.712454,-0.371284,0.369743,-0.466769,-1.124808,0,0,0,1
-0.576121,-1.444651,1.242723,-0.215379,0.788921,-0.513517,-0.979443,0,0,0,0
-0.172266,-0.994830,1.087623,0.354010,0.781298,0.396066,-0.840091,1,0,0,0
0.271704,0.172084,0.834047,0.580101,0.142730,-0.311860,0.836145,0,0,0,0
0.109362,-1.387997,1.097917,0.269533,-0.553145,0.075262,-0.412381,0,1,1,0
0.310087,0.294974,-0.343901,1.845485,0.020791,0.101831,0.568104,0,0,0,0
0.060982,0.099866,-0.873503,0.434125,-0.342723,-0.455739,-0.516253,0,0,0,1
-0.183664,0.378409,0.293654,2.143912,-0.201568,0.222599,0.735622,0,0,0,0
-0.029907,-1.267434,0.101201,2.894026,-1.297943,-0.061848,0.410692,1,1,0,0
0.682391,-0.418645,0.246026,0.320861,-0.462844,-0.065814,0.108434,0,0,0,0
0.482179,-0.293227,0.912978,0.411964,-1.379013,-0.450978,-0.224084,1,1,0,0
0.579236,-0.739332,1.358776,0.639648,-0.622025,-0.275555,0.507239,0,0,0,0
0.075856,-0.671034,0.945639,0.154279,-0.259059,-0.223838,-0.365238,0,0,1,0
-1.258790,-2.815157,2.351617,2.214798,-0.738476,-0.169347,0.071713,0,0,0,0
-0.022230,-1.295937,1.441238,0.543026,-0.355104,-0.183208,-0.357436,0,1,0,1
0.510058,0.258173,-0.589148,1.685291,-0.149514,0.352682,0.425819,0,0,0,0
0.437254,0.476607,0.047830,0.839679,0.068864,-0.390426,0.022381,0,0,0,0
0.042380,0.026700,0.284783,1.379015,0.073443,-0.210928,0.222042,0,0,0,0
-0.027051,0.566854,1.008472,1.132752,-0.004383,-0.037940,0.499516,1,0,0,0
-0.029501,0.367792,0.112671,0.591895,0.419553,-0.299662,0.137394,0,1,0,0
-0.324996,1.176251,0.528723,0.752938,-0.272412,-0.440828,0.035031,0,0,1,0
-0.131568,0.613040,-0.909032,0.792251,0.377166,0.149712,0.117905,0,0,0,0
-1.339479,2.262290,-1.209588,0.448002,1.451598,-0.430747,-0.898568,1,0,0,0
-1.578481,2.500083,-0.872897,0.472618,1.728648,0.241880,-0.920438,0,0,0,0
-1.329575,1.988351,0.977667,0.768791,0.662687,-0.540069,-0.761908,0,0,1,1
-0.432763,-0.413079,1.848977,1.443545,0.947475,-0.266663,1.901045,0,0,0,0
-0.560187,-1.824371,2.101238,1.705947,0.778813,-0.487520,-0.836024,0,0,0,0
-0.490647,-2.873232,1.772497,1.217791,0.019186,0.877434,-1.389550,0,0,0,0
-0.629589,-2.996248,2.536884,1.488287,0.462139,-0.219393,-0.903023,0,1,0,0
0.173810,-0.259628,0.649371,-0.987778,-0.950420,-0.493526,-0.089480,0,0,0,0
0.301504,-0.440630,0.621806,-0.105034,-0.054619,-0.140126,-0.089139,0,0,0,0
-0.918368,-1.017011,1.430494,1.329240,1.365208,-0.674366,-0.017369,0,0,0,0
-0.200452,-2.123896,0.890525,2.307694,0.811131,-0.211804,-0.344407,0,0,1,0
0.136387,-0.065899,1.389041,-0.499162,-0.377872,-0.051864,-0.100442,0,0,0,0
-0.490814,0.175431,1.940868,0.114536,-1.381942,0.326430,-0.355604,0,0,0,0
-1.202832,-0.732528,1.758780,0.854563,0.435464,-0.647296,-1.376451,0,0,0,0
-0.894400,-0.695247,2.365427,0.849492,0.842540,0.695752,-0.585636,1,0,0,0
0.042689,0.074752,0.667520,-1.344866,-0.673976,-0.650414,0.352095,0,0,0,0
-0.397014,0.614363,0.454798,-0.516815,-0.064272,0.291465,0.061349,0,0,0,0
-1.159814,0.013427,2.207442,0.344244,-0.232909,-0.403518,-0.644176,0,0,0,0
-0.232879,-1.531688,2.224821,1.061339,0.234815,0.533994,-0.425926,0,1,0,0
-0.001655,0.264375,0.823108,-1.010736,-0.307920,-0.423535,0.366408,0,0,0,0
-0.504134,0.610209,0.624359,-1.551195,-0.726532,-0.483056,0.241189,0,0,0,0
-1.491650,0.501838,2.041190,-0.285539,1.249279,0.097241,-1.025591,0,0,0,0
-1.036067,-0.210900,2.714840,0.511942,0.949934,0.953400,-0.617056,0,0,0,1
-0.122508,0.185643,2.095721,-0.625264,-0.894027,-0.409974,-0.435453,0,0,0,0
-0.633803,0.769840,2.555448,-0.846504,-1.131136,-0.170828,-0.729479,0,0,0,0
-1.833116,0.636174,2.194468,0.114249,1.853941,-0.951451,-0.329785,0,0,0,0
-0.537124,-0.802181,1.478567,1.366507,1.089139,-0.030522,-0.417154,0,0,1,0
-0.465779,-0.000084,2.516354,-0.818386,-1.508608,-0.395687,-0.442832,0,0,0,0
-0.381294,0.315221,2.022446,-0.389095,-1.228787,-0.188769,-0.423877,0,0,0,0
-1.261225,0.490369,2.181881,0.505480,1.613879,-0.622995,-0.969057,0,0,0,0
-0.197639,-1.821403,0.247107,1.516166,0.881958,-0.518157,-0.936700,0,1,0,0
-0.096470,-0.183386,0.916738,-0.149221,0.618596,-0.416888,0.279971,0,0,0,0
-0.484584,-0.131332,1.459847,0.760494,0.943301,0.331540,-0.078832,0,0,0,0
-1.838234,0.075331,2.181446,0.654323,2.189947,-0.683069,-1.150622,0,0,0,0
-0.732238,-0.330553,2.094468,0.360921,0.687521,0.238422,-0.092028,0,0,1,0
0.081151,0.468037,0.288638,-0.704738,-0.193218,-0.481078,1.607945,0,0,0,0
-0.536801,0.436869,0.678451,-1.067663,0.001756,-0.382271,-0.391843,0,0,0,0
-1.465949,0.946419,1.637481,-1.276264,0.928209,0.006842,-0.806580,0,0,0,0
-1.737110,-0.141170,2.466608,-0.570266,1.125559,-0.721592,-1.385939,1,0,0,0
-0.607647,-0.280037,2.161119,-0.284421,0.640148,-0.520834,-0.424070,0,0,0,0
-1.708930,0.198385,3.099628,-0.087161,1.646360,-0.423691,-0.807274,0,0,1,1
-1.323651,0.577633,1.036957,0.246924,1.297058,-0.538898,-0.742256,0,0,0,0
-0.049383,-0.665492,0.475970,-0.184879,0.332653,-0.333019,-0.582327,0,1,0,0
-0.332494,-0.131540,1.187979,-0.204426,0.701503,-0.044745,-0.330427,0,0,0,0
-0.574980,0.016592,1.102015,-0.244665,1.513344,-0.398226,-0.746341,0,0,0,0
-1.998462,0.438133,2.615083,-0.512948,1.262200,-0.691448,-1.740460,0,0,0,0
-0.777158,-0.559623,1.032889,1.192075,0.114864,0.569189,0.090272,1,0,0,1
-0.143643,-0.200005,2.100835,0.547973,0.229218,-0.296133,0.430954,0,0,0,0
-0.747709,-0.144196,1.597280,1.035285,0.131324,-0.203205,0.835922,0,0,1,0
-1.610814,0.945039,2.304347,-0.122807,1.056719,-0.498555,-0.136229,0,0,0,0
0.126649,-1.598117,0.858257,2.254276,-0.413176,3.200050,0.793144,0,1,0,0
0.156262,-0.196449,0.570667,1.003404,0.276989,-0.045266,0.417782,0,0,0,0
-0.258708,0.046736,1.136394,1.382872,0.820917,-0.068364,0.825021,0,0,0,0
-0.313934,-0.020270,1.599345,1.684205,0.438764,-0.418908,-0.257450,0,0,0,0
-0.152023,-0.812434,1.207005,0.905029,-0.321820,-0.562505,-0.976792,0,0,0,1
0.168578,-0.147005,0.998980,0.512760,0.455400,-0.381790,0.092000,0,0,0,0
-1.064057,-0.157287,2.336219,-0.126457,0.576366,-0.681648,0.123496,1,0,0,0
0.466407,-1.342529,2.075368,-0.818469,0.021798,0.748100,-0.256852,0,1,0,0
-0.428161,-1.330658,3.056898,1.329421,0.858074,-0.368429,0.443384,0,0,1,0
-0.125558,0.212656,2.061642,0.024490,-0.861747,-0.099258,0.053199,0,0,0,0
-0.865644,0.392201,3.201004,-0.044978,-1.409692,-0.302137,-0.551116,0,1,0,0
-0.248625,0.665139,1.120847,0.170955,0.028686,0.109158,0.315744,0,0,0,0
-0.330221,1.281812,1.223154,-0.051580,-0.177724,-0.304447,1.471776,1,0,0,1
0.691837,-0.718689,1.521434,0.037327,-0.038009,-0.070904,0.763416,0,0,0,0
0.154213,-1.092131,0.890006,0.625868,1.008518,-0.138932,0.114926,0,0,0,0
-0.725900,-0.170816,1.956501,1.371195,0.282847,-0.199115,0.701087,0,0,0,0
-0.495270,0.449885,0.896873,1.123749,0.628732,-0.182870,0.425416,1,1,0,0
0.147153,-0.563887,0.429560,0.561729,0.689326,0.010544,1.424550,0,0,0,0
0.728419,-1.786314,0.377042,1.934179,-0.371205,0.430650,-0.009833,0,0,1,0
0.013923,-0.701338,0.592493,2.209915,1.441241,-0.392529,0.210995,0,0,0,0
-0.443451,0.051077,0.380881,1.814204,1.092986,-0.368803,0.123731,0,1,0,0
0.547261,-0.663593,0.254859,1.103550,1.221077,0.106094,0.736993,0,0,0,0
0.230202,-0.138073,0.524568,0.402577,1.248797,-0.794107,-0.252681,1,0,0,0
-0.066115,-0.666322,0.862346,-0.017391,-0.149760,-0.444897,-1.056344,0,0,0,0
0.408590,-0.825596,-0.526336,-0.822886,0.595584,-0.308095,-1.013306,0,0,1,1
0.340660,-0.008495,0.624323,-0.509965,0.462589,-0.433797,1.354409,0,0,0,0
-0.042787,0.355173,0.930743,-0.960895,0.232579,-0.317116,-0.346520,0,1,0,0
0.286186,0.387000,0.058332,-0.815474,0.229963,-0.069434,-0.033313,0,0,0,0
0.043862,0.639518,0.290401,-0.843786,0.060339,-0.022577,-0.725462,0,0,1,0
0.381866,-0.743279,0.355184,0.854947,1.264543,-0.096645,1.011215,0,0,0,0
-0.083221,-0.001881,0.149325,-0.521727,1.272951,-0.449380,-0.930921,0,0,0,1
0.196235,0.050535,0.807415,-0.787074,0.197988,-0.351275,-0.253102,0,0,0,0
0.365201,-1.334166,-0.356347,1.712776,-0.151606,0.181595,-0.804377,1,1,0,0
-0.199084,-0.547338,1.461485,0.532836,1.148808,-0.060294,0.829848,0,0,0,0
0.049824,-0.487969,0.796967,0.708285,0.448695,-0.679620,-0.591396,0,0,1,0
0.172934,0.319051,0.424925,-0.613726,0.520328,-0.522777,-0.200536,0,0,0,0
-0.525781,0.127633,0.063372,-0.247625,2.024023,-0.185192,-0.039320,0,1,0,0
0.442738,-0.158007,-0.019901,-0.850574,0.064329,-0.101861,0.818944,0,0,0,0
-0.027129,-0.653423,0.074209,-0.137876,0.529843,-0.584236,-0.946476,0,0,1,0
0.314750,0.609601,-0.031860,-0.987922,0.817929,-0.177710,0.043717,0,0,0,0
-0.725443,0.663269,0.670040,0.135608,2.227111,-0.466963,-0.506428,1,0,0,1
0.521095,-0.043584,0.324053,-0.902821,-0.221223,-0.207654,0.953537,0,0,0,0
0.184463,0.596780,0.554432,-1.104721,0.069674,-0.376990,0.131177,0,1,0,0
0.080546,0.046613,-0.244307,-0.956922,-0.017678,-0.316416,-0.914114,0,0,0,0
-0.619262,-0.502101,-0.075015,0.118576,0.908960,-0.564325,-1.191379,0,0,1,1
0.121714,-1.269419,1.041605,0.557982,1.727199,-0.287639,0.894767,0,0,0,0
-0.343266,-0.353596,1.174979,0.143581,1.510117,-0.316790,-0.379064,0,0,0,0
-0.292493,-0.779629,0.941498,0.161746,1.791183,0.392807,-0.490381,0,0,0,0
0.192243,-1.390418,1.307531,0.338892,0.444564,-0.173726,-0.279068,1,1,0,0
0.599394,0.298937,0.146054,0.375327,0.434212,0.182958,1.732789,0,0,0,0
-0.053995,0.725210,0.891899,0.104496,0.938990,-0.218596,0.483156,0,0,0,0
-2.642530,0.653373,1.494564,1.160287,1.313204,-0.824446,-1.325857,0,0,0,0
-1.368467,-3.479469,2.956015,0.794470,0.366533,2.980747,-1.351073,1,1,0,0
0.663735,0.201573,0.466555,0.495183,0.106323,0.423767,1.293710,0,0,0,0
0.233156,0.585877,0.348054,0.212286,0.205998,-0.489275,0.482370,0,0,0,0
-2.026177,0.313058,1.906491,1.294144,1.448677,-0.735127,-0.723480,0,0,0,0
-1.497091,-0.626454,1.756830,1.060078,0.363158,-0.156178,-0.733024,0,0,1,1
0.691678,-0.272315,0.271072,0.987491,0.824686,-0.229431,1.281155,0,0,0,0
0.450109,-0.858619,1.004880,0.305603,-0.388969,0.673117,0.095771,0,0,0,1
0.470009,-0.507266,0.657575,0.642025,0.606534,0.021805,1.194335,0,0,0,0
0.017305,0.175200,0.590698,0.217046,1.574686,-0.552865,1.136614,1,1,0,0
0.588100,0.070148,0.227578,-0.418281,-0.185404,0.020006,0.843439,0,0,0,0
0.085649,0.779732,0.429899,0.063250,0.663573,-0.281638,0.411904,1,0,0,0
0.618081,0.261056,0.212171,-0.142875,0.059108,-0.340755,1.579762,0,0,0,0
-0.422726,0.984913,1.115344,0.229194,1.504503,-0.498721,1.389852,0,0,1,1
0.284279,1.314760,-0.858808,-0.844087,0.842928,-0.015637,1.384743,0,0,0,0
0.015270,1.333679,-0.559912,-1.155203,0.369343,-0.392477,0.841317,0,1,0,0
0.461800,0.108545,-0.401351,0.027550,-1.109491,0.043696,0.667437,0,0,1,0
0.487781,-0.083560,0.521827,1.564294,-0.263914,0.328188,0.835475,0,0,0,1
-0.900923,-0.676663,-0.896656,2.048677,-0.494680,-0.652648,-1.613723,0,0,0,0
-1.866470,0.313866,-0.338617,0.809452,-0.969359,-0.413545,-1.928659,1,0,0,0
-2.321298,0.637905,0.286648,1.108052,-0.082731,-0.706669,-1.588664,0,0,0,0
-3.036805,0.247673,1.152010,1.421254,0.448769,-0.352143,-1.823197,0,0,1,0
-0.981879,-0.432189,-0.362636,2.327288,-0.713829,-0.605734,-0.764786,0,1,0,0
-0.998048,-1.226833,-0.800466,1.827330,-0.592804,-0.517339,-1.252456,0,0,0,0
-1.102588,-3.296691,2.242808,0.423405,0.493210,-0.550448,-2.242700,0,0,0,0
-0.689692,-1.551198,2.091586,-0.616607,-0.943376,-0.526695,-1.159128,0,0,0,1
-0.339144,1.381723,0.406962,-0.735351,-0.977581,-0.270147,0.699373,0,0,0,0
-0.511407,1.714479,0.465417,-0.397625,-1.616553,0.117252,0.727468,0,0,0,0
-0.420413,0.979131,1.005315,-0.659487,-1.775977,0.322984,0.173897,0,0,0,0
0.487102,-1.203773,1.810713,0.145923,-0.670783,0.216855,-0.256650,1,1,0,0
1.001912,0.629144,-1.192560,-0.970228,-1.042188,0.625564,1.105097,0,0,0,0
0.830237,-0.014501,-0.292766,-0.864223,-0.791987,-0.041827,0.010957,0,0,0,0
0.454990,-0.801274,-0.110449,-0.897096,-0.038258,-0.367097,-0.898945,0,0,0,0
1.266423,-1.269579,-1.279626,0.098226,-0.558622,2.527020,0.171509,0,0,1,1
1.137143,0.681306,-1.300799,-0.641787,-0.991724,0.037722,1.035816,0,0,0,0
0.790285,0.828828,-1.179945,-0.641181,-0.549375,-0.295271,0.402504,0,0,0,0
0.952351,-0.106357,0.494088,-1.126365,-0.443616,-0.137676,0.522115,0,0,0,0
0.995233,-0.828991,0.128175,-0.099777,-0.959036,-0.128323,0.196112,1,1,0,0
0.475671,1.094927,0.318676,-0.016241,0.361868,-0.214468,1.374391,0,0,0,0
0.691256,0.219379,1.138917,-0.322911,0.369325,0.128599,0.182051,0,0,0,0
0.992803,-1.281830,0.714062,-0.183151,-0.368346,1.085815,0.288196,0,0,0,0
0.809262,-0.126081,0.348408,-0.117059,0.570463,0.121793,0.912807,0,0,1,1
1.193340,0.513527,-0.641989,-0.428554,-1.020261,0.161522,1.115756,0,0,0,0
0.503833,0.040959,-0.297622,-0.267788,0.285896,0.130335,0.041633,0,0,0,1
1.238617,-0.335422,-0.291899,-1.610796,-0.483629,-0.350098,0.631586,0,0,0,0
0.803731,-0.535472,-0.137485,-1.300019,0.025693,-0.425240,0.369398,0,1,0,0
-1.067163,-0.211076,0.162073,-0.120887,0.842100,-0.749315,-0.756397,0,0,0,0
-0.626329,-0.945500,-0.276969,-1.073936,0.471053,0.399257,-1.737561,0,0,1,0
0.945656,-0.620415,0.869138,-0.361156,1.047010,-0.140088,0.597560,0,0,0,0
0.268254,0.187638,0.307252,0.009796,0.829911,-0.623942,-0.421573,0,1,0,1
0.200067,0.062559,0.028922,1.341599,-0.783885,-0.272329,1.001281,0,0,0,0
-0.619552,0.541260,-0.113894,1.491656,0.552612,-0.478647,-0.739811,1,0,0,0
1.048440,-0.971871,0.932245,-0.220105,-0.066837,0.023649,0.089135,0,0,0,0
0.613085,-1.283610,0.559992,1.763466,-1.321380,-0.426589,0.472178,0,0,0,1
0.348391,0.834015,-0.108512,0.813255,0.895147,-0.072035,0.871665,0,0,0,0
0.089231,0.642378,0.914472,0.076942,0.832612,0.036421,0.214996,0,0,0,0
0.229343,-1.659516,1.274579,-0.635096,1.045393,-0.402822,-0.607404,0,0,0,0
1.065875,-1.239917,-0.122930,-0.472578,0.358500,-0.456964,0.332251,0,1,0,1
0.760080,0.397355,-1.048285,-0.544709,-0.694590,-0.285492,1.295453,0,0,0,0
0.517602,1.019971,-0.360214,-0.871927,0.273023,-0.256848,0.990560,0,0,0,0
0.855995,-2.014895,1.472399,0.104477,0.256794,0.749314,-0.502471,0,0,0,0
1.011118,-1.039011,0.336246,0.419284,0.046566,-0.260215,-0.101598,0,0,1,0
0.271694,1.049185,-0.655176,0.655361,1.115843,-0.144213,1.178222,0,0,0,0
-0.187131,0.676474,-0.107952,-0.729612,1.122987,-0.319392,-0.577162,0,0,0,0
-0.683153,-1.937720,1.143054,-0.631511,1.020837,-0.570303,-2.041528,0,0,0,0
-0.068632,-1.012131,0.310083,0.082476,1.002643,0.187235,-0.711515,1,0,0,1
0.696655,0.188527,-1.343071,0.259029,-0.297049,-0.079823,1.101659,0,0,0,0
0.111448,0.797050,-0.278991,0.099390,0.227829,-0.318911,0.236385,0,0,1,0
0.580091,0.203075,0.825698,-0.778626,0.013698,-0.045261,0.255852,0,0,0,0
0.424578,0.350734,0.075223,-0.840579,-0.193707,0.029002,0.312013,0,1,0,0
0.238330,0.774401,0.026551,-0.037975,1.186867,0.192279,0.998897,0,0,0,0
0.278470,0.310077,0.791501,-0.753584,0.450849,-0.014020,0.334214,1,0,0,0
0.789526,-0.006809,0.174730,-1.339938,-0.254090,-0.261074,0.627639,0,0,0,0
0.759918,-0.348532,-0.013484,-0.945269,0.425490,0.299916,0.558249,0,0,1,1
0.541535,0.806481,-0.014589,0.095586,-1.470680,0.086753,0.652028,0,0,0,0
0.061107,0.126872,0.576279,0.442525,1.408401,-0.261996,0.505917,0,1,0,0
1.045930,-0.551322,0.746269,-1.300801,-0.076028,-0.035159,-0.195539,0,0,0,0
0.725638,-0.609793,0.920657,-0.123758,0.280221,-0.365355,-0.167352,0,0,0,1
-0.685080,0.096387,-0.023301,0.013900,1.287157,-0.780572,0.755982,0,0,0,0
-0.356031,-0.170484,-0.180156,0.075526,1.467738,0.054888,-0.882653,0,0,1,0
0.942005,-0.607494,0.130233,-1.646532,0.348099,-0.138403,0.258025,0,0,0,0
0.519553,-0.074253,-0.014768,-0.563860,0.254528,-0.409740,0.053738,1,1,0,0
-0.122618,-0.448341,-0.822702,0.978298,-0.791556,-0.094911,0.575950,0,0,0,0
0.431592,-2.556333,-0.588267,1.522127,-1.177590,1.313930,-0.999022,0,0,0,1
0.926324,-0.867593,-0.020527,-0.827459,0.426071,-0.509035,-0.491878,0,0,0,0
0.629623,0.274080,0.527931,-0.862255,0.514027,-0.442796,-0.235606,1,0,0,0
0.934220,-0.051521,-0.057904,-1.172436,0.837583,-0.205566,1.018590,0,0,0,0
0.715561,-0.141902,0.122541,-1.094663,1.006467,-0.027729,0.105599,0,0,0,0
0.009953,-0.408778,1.068063,-0.610961,1.526421,-0.131218,-0.609317,0,0,0,0
0.550327,-0.978892,0.600975,-0.232680,1.414863,-0.608881,0.876714,1,1,0,0
0.793347,0.008115,-0.220375,0.268590,0.239906,0.104774,0.853276,0,0,0,0
0.637251,0.387228,0.809347,-0.605483,0.775650,-0.058685,0.870484,0,0,1,0
0.886425,-0.526608,1.100863,-1.038052,0.619918,-0.019871,0.262184,0,0,0,0
0.782088,-0.387206,0.739134,-0.446722,0.777302,-0.183536,0.433419,1,0,0,1
0.512304,0.172549,0.231790,0.236350,0.160677,-0.006477,1.112200,0,0,0,0
0.363960,-0.656799,0.139729,0.032813,0.640284,-0.324083,-0.133034,0,1,0,0
0.478988,-0.796937,0.243661,-0.965723,0.188498,-0.394632,-0.640435,0,0,0,0
-0.076249,-0.895389,0.082267,-0.076843,1.057173,0.007738,-0.937891,0,0,1,1
0.593716,0.590357,-0.378382,0.462758,-0.211083,-0.346456,1.332317,0,0,0,0
0.252350,0.181482,0.836296,0.230861,1.483460,-0.690693,0.570433,1,0,0,0
0.538237,-0.729021,1.446501,0.268945,1.552530,-0.319847,0.386549,0,0,0,0
-0.124191,-0.599178,0.313897,0.158127,0.957087,-0.352562,0.252100,0,0,0,1
0.329989,1.020443,-1.144534,-0.080574,0.912676,-0.102544,1.189692,0,0,0,0
0.316556,0.593415,0.189865,-0.626503,1.592799,-0.369567,-0.310134,0,0,1,0
1.035093,-1.023662,1.068456,-0.722380,-0.625283,0.057106,-0.267556,0,0,0,0
0.822078,-1.403074,1.696615,-0.908641,0.385035,0.188899,-0.544273,1,1,0,0
0.360738,0.359697,0.063558,1.038937,-0.692715,-0.171098,1.488017,0,0,0,0
0.615280,-0.733133,0.388941,0.645935,0.535233,0.141822,0.453284,0,0,0,1
0.909429,-0.575940,0.390430,-0.500506,0.837462,-0.177618,0.381038,0,0,0,0
0.773901,-0.311098,0.208397,0.082907,0.755536,0.036877,0.373288,0,0,0,0
0.018750,0.069193,-0.355164,0.847088,0.654229,-0.380150,0.532343,0,0,0,0
0.604305,-1.566116,0.559610,0.908849,-1.448800,-0.061109,-0.338076,0,1,0,0
0.845261,-0.750985,0.694203,-0.559346,1.151768,-0.329018,-0.398316,0,0,0,0
0.570498,-1.141866,1.534226,-0.621915,-0.496439,-0.357401,-0.305597,1,0,1,0
0.360879,0.599332,-1.557463,0.075787,-1.349669,-0.146159,1.028548,0,0,0,0
-0.458712,0.365243,-0.015073,-0.336769,1.044366,-0.659823,-0.704200,0,0,0,1
0.913398,-0.277132,0.932553,-1.582191,0.256564,-0.322992,0.307337,0,0,0,0
0.888270,-0.659301,-0.917795,0.683985,-0.504993,0.352719,0.080120,1,0,0,0
0.187487,1.120442,-0.799741,-1.300440,0.146322,-0.029964,0.837835,0,0,0,0
0.113924,0.642606,0.506802,-0.864631,1.419567,-0.153430,-0.255747,0,0,0,0
0.326464,-1.398822,1.394776,-0.346375,0.985741,-0.021224,-0.212403,0,0,0,0
0.906076,-1.251403,0.116685,-0.495346,0.712290,-0.344089,-0.013624,0,0,1,1
0.453858,0.087283,-1.075967,0.200638,-0.601387,-0.081796,1.546991,0,0,0,0
0.200887,0.058798,0.375719,-0.481094,-0.244283,-0.446282,-0.503511,0,0,0,0
0.621538,-0.987739,0.433324,-1.042030,0.971892,0.032277,-0.675179,0,0,0,0
1.084402,-1.553771,-0.276675,1.136408,-0.435640,0.797812,-0.282541,1,1,0,0
0.295342,0.497329,-0.872749,0.977100,1.940370,-0.049903,0.720339,0,0,0,0
0.231660,0.792593,0.565026,0.156333,0.430786,-0.026345,0.681198,0,1,0,0
0.217390,0.100573,-0.884415,1.217560,0.184351,-0.054274,-0.221345,0,0,0,0
-0.297286,1.122606,0.156487,0.590378,-0.494276,-0.621217,-0.110168,0,0,1,1
0.906489,-0.095631,-0.094847,0.378674,-0.910476,-0.080202,0.818281,0,0,0,0
0.709538,-0.874832,1.049352,-0.582939,-0.085949,-0.006120,-0.278053,0,0,1,0
0.318846,0.060823,0.187139,-0.055064,-0.534496,-0.228861,-0.252516,0,0,0,0
0.433858,-1.243928,-0.089406,1.753320,-1.883266,0.210751,0.164191,1,1,0,0
0.400250,0.507976,-0.934017,0.605104,0.769974,-0.190454,0.738593,0,0,0,0
0.350054,0.338497,0.623771,-0.000150,0.704176,0.193639,0.637788,0,0,0,1
0.604367,-0.433206,0.473856,0.031948,0.681753,-0.089388,0.036227,0,0,0,0
0.253633,-0.234007,0.797108,-0.291124,1.098108,-0.092704,0.063138,1,0,0,0
0.432551,1.000926,-1.076316,-1.103365,-0.289504,-0.372401,0.447697,0,0,0,0
0.885928,-1.534520,-0.877857,1.304791,-0.329310,2.764170,-0.196650,0,0,1,1
1.192123,-1.018857,-0.240652,-0.322857,0.130730,0.077441,0.490047,0,0,0,0
0.827231,-0.563502,-0.080992,-0.388058,0.732037,-0.336099,0.371527,1,0,0,0
-1.129564,0.422347,1.615768,-0.072544,-0.428831,-0.884959,-0.416247,0,0,0,0
-0.745667,-0.357037,-0.220565,-0.316690,1.336880,0.391339,-1.125734,0,1,1,0
1.151509,-0.666298,-0.714287,-0.405429,0.112811,0.065456,0.535054,0,0,0,0
0.854937,-0.405301,-0.461165,-0.675124,0.293617,-0.420779,0.590522,0,0,0,1
-0.541222,-0.996349,1.079658,1.121873,1.096874,-0.164985,-0.130748,0,0,0,0
-0.412891,-0.702274,-0.182244,0.020347,-0.104469,-0.352664,-0.787471,1,1,0,0
0.886723,-0.942161,-0.520597,-0.235363,0.049269,0.328310,0.880191,0,0,0,0
0.714175,-0.321250,1.077494,0.002534,0.448358,0.159793,1.215809,0,0,1,1
0.886707,0.004154,-0.620369,-0.470653,0.028848,-0.075304,0.852837,0,0,0,0
0.703346,0.351132,-0.129143,-0.523594,-0.408336,0.248187,1.074055,0,1,0,0
0.848854,-0.457798,-0.013335,-0.600618,-0.600476,-0.028824,0.609649,0,0,0,0
0.905376,-0.332791,0.664768,-0.526572,-0.858426,-0.262410,0.916902,0,0,0,1
0.589570,0.951682,-0.724258,-0.220484,-0.914212,-0.225109,0.963558,0,0,1,0
0.329268,0.931877,-0.265563,0.904803,-0.903328,-0.092865,0.879171,1,0,0,0
0.349261,0.520137,-0.204808,0.627886,-0.431113,-0.270917,0.055469,0,1,0,0
0.234904,-1.517687,1.133894,0.504362,-0.288662,-0.597823,-0.543150,0,0,1,0
-0.464396,0.781164,-0.998961,-0.273779,-2.059916,-0.515429,0.015685,0,0,0,0
-0.723159,0.096455,-0.235910,-0.631269,-1.530274,-0.193588,-1.214008,0,0,0,0
-3.001807,-0.911315,0.224070,1.454195,-0.260836,-0.587856,-2.959335,0,0,0,0
0.825694,-1.157038,-1.548518,1.425142,-0.153392,12.469237,-0.292940,0,0,1,1
0.968931,0.058366,-1.188513,-0.929564,-0.636729,0.753790,0.773287,0,0,0,0
1.032393,0.372937,-0.350725,-0.925445,-0.896545,-0.294269,0.155086,0,0,0,0
0.943700,-0.186997,0.317648,-1.223735,-1.235565,0.091720,-0.176671,0,0,0,0
1.074224,-0.892800,0.269867,-0.243260,-1.095305,-0.279989,-0.476993,1,1,0,0
0.647697,0.476251,-0.714561,-0.725220,-0.361728,-0.293599,0.464018,0,0,0,0
0.825512,-0.384123,-0.269477,-0.867735,0.358525,0.321382,-0.189865,0,0,0,0
1.047195,-1.219815,0.063851,-0.918809,-1.529561,1.492719,0.147766,0,0,0,0
0.980630,-0.154623,-0.546593,-0.728307,0.075404,-0.049939,0.451764,0,0,1,1
1.257066,0.355954,-0.911250,-0.791101,-1.344752,-0.021627,0.857321,0,0,0,0
0.561579,0.319002,-0.403797,-0.469231,-0.097205,0.328657,0.050629,0,0,0,1
1.177857,-0.160155,-0.546961,-1.301213,-0.911228,0.012212,0.402587,0,0,0,0
0.703128,-0.265562,0.288585,-1.202545,0.203534,-0.184639,0.136536,1,0,0,0
-0.927466,-0.820712,0.644625,0.199305,0.385189,-0.606144,-0.221119,0,0,0,0
0.146141,-0.735026,0.350482,0.268076,0.588228,0.784636,0.077131,0,0,1,0
1.066328,-0.262578,0.346516,-1.685007,-0.147298,0.153345,0.570089,0,0,0,0
0.123374,-0.215050,-0.213206,-0.339637,0.877876,-0.399048,-0.073462,1,1,0,0
0.122017,-0.422438,0.023362,1.914113,-0.173857,-0.296244,1.003433,0,0,0,0
-0.619172,0.687938,-0.098894,0.581255,-0.245251,-0.224481,-0.418545,0,0,0,1
1.040486,-0.731175,0.413201,-1.003782,0.362550,-0.034643,-0.076163,0,0,0,0
0.727883,-1.078004,0.964092,-0.018539,0.021910,-0.239915,-0.272304,0,0,1,0
0.228718,0.695009,-0.950912,-0.244465,0.339658,-0.121267,0.771077,0,0,0,0
-0.549317,-0.513354,0.711189,-0.888574,1.303977,-0.362265,-1.552047,0,1,0,0
0.282483,-1.572045,1.324025,-1.018054,0.068041,-0.369884,-1.536138,0,0,0,0
0.278921,-0.595511,0.273548,-0.235087,0.743815,-0.376324,0.164300,1,0,1,0
0.881173,0.438689,-0.440205,-0.178029,-0.615042,0.001755,1.353614,0,0,0,0
0.541895,0.759163,-0.526483,-0.817397,0.290748,-0.037699,0.304137,0,0,0,0
0.858292,-1.227777,0.820906,-0.342329,0.734334,-0.545248,-0.027210,0,0,0,0
0.797213,-1.371805,0.374699,0.680803,0.690566,-0.331235,0.037911,0,1,0,0
0.383068,0.825164,-1.089805,0.550704,1.050620,0.483285,0.839880,0,0,0,0
-0.213311,0.669709,0.089627,-0.642634,0.742651,-0.083516,-1.094017,0,0,0,0
-0.219944,-1.516232,1.281770,-0.904417,0.455331,-0.349839,-0.911035,0,0,0,0
-0.306213,-0.641487,-0.508715,0.175732,-0.446189,0.019779,0.472724,1,0,0,1
0.656329,0.582041,-0.479769,0.308476,-0.598853,-0.393303,1.213348,0,0,0,0
-0.174899,1.102833,-0.617278,0.423215,0.297854,-0.277987,-0.327304,0,0,1,0
0.630271,-0.053615,0.168353,-0.916866,0.230291,-0.695087,-0.329233,0,0,0,0
0.431610,-0.351852,0.199825,0.058357,0.161218,-0.453381,-0.461224,0,1,0,0
0.422565,0.768344,-1.284467,-0.745121,0.236638,0.129681,1.245214,0,0,0,0
0.545728,0.031241,-0.477966,-1.477206,0.322434,-0.153779,0.257881,0,0,1,0
0.871527,-0.639446,-0.252093,-1.486636,-0.230611,-0.080093,-0.046713,0,0,0,0
0.830934,-0.562012,-0.037478,-1.528885,-0.013291,0.058249,0.219900,1,1,0,0
0.499329,0.244985,-0.375733,0.921877,-0.422852,0.037535,1.201006,0,0,0,0
0.543544,0.179312,-0.004245,-0.507200,-0.268375,-0.087716,-0.093780,0,0,0,1
0.895197,-0.869775,1.264586,-0.489080,0.830960,-0.375310,0.271866,0,0,0,0
0.472908,-0.130123,1.001421,0.010336,0.875556,0.211617,0.073029,0,1,0,0
-1.231947,-0.087392,0.730157,0.410805,1.215069,-0.291701,0.497262,0,0,0,0
0.452200,-0.157654,0.764858,-0.208035,1.576714,1.822227,-0.223856,0,0,1,0
0.972298,-0.854205,-0.226535,-1.930007,0.282083,-0.319195,0.234207,0,0,0,0
0.489445,-0.083227,-0.090314,-1.066558,-0.483182,-0.195380,-0.069414,1,0,0,1
0.100616,0.261379,-0.084491,1.759148,-0.369282,0.004025,1.310101,0,0,0,0
0.444092,-0.751314,0.435736,-0.432365,0.608937,-0.204942,-0.142977,0,1,0,0
1.030258,-1.784552,0.904266,-0.010970,-0.407125,-0.232918,-0.329283,0,0,0,0
0.687246,-1.048580,0.993112,-0.690667,-0.533885,0.051550,-0.679642,0,0,0,1
0.824120,0.044246,-0.589144,-0.511050,-0.474596,0.548670,1.102859,0,0,1,0
0.501833,-0.012857,0.114859,-0.541509,-0.641807,-0.604571,-0.285416,0,1,0,0
-0.144208,-2.044211,1.086471,-0.500593,0.298023,-0.497072,-1.757908,0,0,0,0
-0.202798,-0.099182,0.239959,-0.550524,0.104799,-0.596472,-0.852451,0,0,0,1
0.647166,-0.023395,-0.342560,0.506879,0.322805,0.111801,1.194527,0,0,0,0
0.682646,0.207037,0.370144,-0.589188,0.409565,-0.042848,0.143342,1,0,0,0
0.819265,-0.269393,0.762553,-0.599303,-1.599791,-0.078159,1.195767,0,1,0,0
0.807799,-0.375124,0.455763,-0.446174,-0.712236,-0.087917,0.441707,0,0,1,1
0.581129,0.131957,0.027034,0.504988,-0.482535,0.111209,1.102126,0,0,0,0
0.219042,-0.457604,0.239603,0.366350,-0.202746,-0.399330,-0.475998,1,0,0,0
-0.023727,-1.152087,0.438072,-0.006574,0.299056,-0.371650,-0.584317,0,0,0,0
-0.587364,-1.281100,1.560163,0.595117,0.222240,-0.395653,-0.870534,0,1,1,0
0.736621,0.199015,-0.597446,0.845538,0.528537,0.043487,0.836394,0,0,0,0
0.751727,-1.764446,-0.668473,1.725421,-0.346647,0.811932,-0.633306,0,0,0,1
0.471744,-1.356923,0.089360,0.805942,1.446362,0.168013,-0.253884,0,0,0,0
-0.112443,-0.530125,0.276945,0.019456,1.467908,-0.175042,-0.299925,1,0,0,0
0.391640,0.789887,-0.691003,1.018326,1.276895,-0.524473,1.083273,0,0,0,0
0.338168,0.486399,0.499682,0.051219,1.412991,-0.210809,0.022079,0,0,1,0
0.854814,-0.261682,0.232568,-0.641497,0.607541,-0.379563,0.323452,0,0,0,0
0.687842,-0.421341,0.314335,-0.029483,1.411703,0.148346,-0.134501,1,1,0,0
0.183043,-0.106420,-0.497342,1.136848,0.078977,0.681899,0.717405,0,0,0,0
0.559414,-1.020529,-0.535634,-0.054840,0.435273,3.167764,0.211306,0,0,0,1
1.027418,-0.272616,0.903715,-0.563133,0.322909,-0.042412,0.295037,0,0,0,0
0.763309,-0.347025,0.666108,-0.146827,0.834006,-0.093336,0.207521,0,0,0,0
-0.083217,-0.007426,-0.422999,0.613864,0.638284,-0.170411,0.260508,0,0,0,0
-0.269238,-1.218103,0.713334,-0.803551,0.332807,-0.112670,-0.696744,0,1,0,0
0.923180,-0.465297,1.231232,-0.871364,-0.274906,-0.813604,-0.187992,0,0,0,0
0.238548,0.301380,-0.067004,-0.085107,1.133290,-0.340572,-0.647774,0,0,1,1
0.716975,-1.344901,0.381253,0.999885,-0.353045,-0.167235,0.048200,0,0,0,0
0.294003,-1.907478,0.899678,0.036942,0.537784,-0.289001,-0.719249,1,0,0,0
0.838114,-0.584732,0.937069,-1.041610,0.276689,-0.244594,0.495705,0,0,0,0
0.119104,0.219286,0.339311,-0.028979,0.922753,-0.357119,-0.284448,0,1,0,0
0.501261,0.644337,-0.823133,-0.336258,1.208359,0.130678,0.191124,0,0,0,0
0.499115,-0.040680,-0.286635,-0.813035,0.811401,0.000386,-0.503878,0,0,0,0
0.360441,-1.342105,1.007130,-1.320787,0.822652,-0.097895,-1.632902,0,0,0,0
0.840160,-1.261412,-0.191667,-1.290346,-1.371281,-0.427129,-0.897803,0,0,1,1
0.596192,0.567963,-0.899569,0.817043,-0.397439,-0.342929,0.898827,0,0,0,0
0.542646,0.082645,0.246470,-0.287074,0.672353,-0.306958,-0.734092,0,0,0,0
0.696281,-0.820733,0.305622,-0.910445,1.073114,0.090726,-1.184338,0,0,0,0
0.933326,-1.999680,-0.487696,0.429035,-0.891463,0.535126,-0.891296,1,1,0,0
0.486355,0.716000,-1.004617,0.589602,1.005925,-0.324861,0.810284,0,0,0,0
0.196116,0.418048,0.261721,0.024306,0.501971,-0.217678,-0.028818,0,1,0,0
0.126628,0.089755,-0.190806,1.715779,0.266243,-0.036714,0.199295,0,0,0,0
-0.133648,0.931217,-0.048882,0.655350,0.166063,-0.772986,-0.075589,0,0,1,1
0.844199,-1.244072,0.245940,0.946885,-1.325349,0.160642,0.534767,0,0,0,0
0.828243,-0.981127,1.243532,-0.215629,-0.211877,0.144858,0.123632,1,0,0,0
0.516357,-0.648497,0.403613,1.199680,-1.678717,-0.225683,0.461791,0,1,0,0
0.471493,-1.566504,0.846027,2.030437,-0.622839,0.042943,1.017881,0,0,1,0
0.762376,-0.174906,-0.630362,0.956957,-0.296369,-0.039843,0.582213,0,0,0,0
0.593710,-0.043782,0.517201,0.206602,0.311626,0.243881,0.282330,1,0,1,0
1.105292,-0.700517,-0.073927,0.162571,0.217421,-0.080143,-0.072524,0,0,0,0
0.798458,-0.785521,-0.566073,-0.892915,1.082121,-0.427943,-0.245427,0,1,0,0
0.567040,0.387313,-0.455314,-0.399932,-0.300469,-0.168676,0.729172,0,0,0,0
0.923757,-1.269936,-0.219167,1.049922,0.181748,-0.017513,0.193991,0,0,1,1
1.159101,-0.304602,-0.038219,0.143008,0.350137,0.092314,0.993921,0,0,0,0
0.714980,-0.375388,0.468377,-0.085298,0.395516,-0.131684,0.981069,0,0,0,0
-1.457066,-0.272202,0.580319,0.533956,0.355550,-0.829783,-1.316106,0,0,0,0
-0.840371,-0.434839,0.442742,0.013885,-0.069707,0.207428,-1.059194,0,1,1,0
0.942021,-0.828882,-0.404807,-0.034554,-0.185040,-0.128692,0.341586,0,0,0,0
0.759726,-0.377651,0.267543,-0.655898,0.141357,-0.118775,0.072729,0,0,0,0
-1.514056,-0.279634,0.672660,-0.431352,-0.542867,-0.707785,-2.069094,0,0,0,0
-0.836507,0.214693,-0.416219,-0.231955,1.294266,-0.129846,-0.931022,1,1,0,0
0.902571,-0.436662,-0.363222,-0.618468,-0.557029,0.146480,1.204409,0,0,0,0
0.709097,0.051067,1.269290,0.064623,0.697428,-0.000035,1.454419,0,0,1,1
1.057656,-0.584886,-0.266343,-0.551120,-0.413306,-0.121614,0.964028,0,0,0,0
0.563939,-0.526173,-0.195377,-1.073215,-0.077540,-0.352907,0.060103,0,0,0,0
0.104207,0.613426,-0.469653,-0.650860,-0.931228,-0.182476,0.115782,0,0,0,0
0.037789,-0.511239,-0.093843,0.279796,0.075725,-0.536481,-0.839878,0,0,0,0
-2.503893,-0.229216,0.674567,-0.248828,0.271468,-0.898478,-2.240901,0,0,0,0
-3.380818,-0.544711,1.065204,-0.414341,0.727110,-0.176669,-2.637237,0,0,0,0
-4.043420,-0.053942,1.051096,-0.404759,1.116149,-0.046687,-2.971556,0,0,0,0
-0.404181,0.767559,-1.414424,-0.884807,-0.975518,0.335894,-1.425959,1,0,0,1
0.917166,0.306949,-1.185738,-0.786855,-0.607788,0.168007,0.733162,0,0,0,0
0.575832,-0.249460,-0.175476,-0.528469,-0.484631,0.050401,0.350357,0,0,0,0
-0.096471,-1.460297,0.124089,0.502575,-1.246799,-0.212230,-0.933977,0,0,0,0
0.149678,-1.925569,-1.043898,0.400014,-1.093684,-0.320332,-0.850275,1,0,0,0
0.972930,-0.228222,-0.444836,-1.737242,-0.293263,0.198696,0.252125,0,0,0,0
0.728877,-0.137801,-0.413401,-1.122386,-0.398525,-0.165867,0.084797,0,0,0,0
0.558105,0.264678,-0.392118,-0.566257,-0.247057,-0.031583,0.815029,0,0,0,0
0.312310,0.154790,0.163907,-0.258391,-0.231438,-0.462863,0.464404,0,0,1,1
0.836482,-1.133458,0.102461,0.673114,0.236207,-0.152305,0.464654,0,0,0,0
0.500444,-0.240883,-0.678999,-0.467576,-0.537342,-0.282331,-0.832660,0,1,0,0
0.654057,0.826679,-0.728016,-0.691603,-0.327717,-0.133788,0.624985,0,0,0,0
0.475511,0.532089,-0.319453,-0.740831,-1.074397,0.007490,0.068137,0,0,0,1
0.585100,-0.840208,0.288494,-0.055827,0.109090,-0.250862,-0.427132,0,0,0,0
0.609904,-1.153450,0.066565,-0.305010,-1.102889,-0.125053,-0.049704,1,0,0,0
0.463709,0.796237,-0.804270,-0.956881,0.303134,0.190786,0.999283,0,0,0,0
0.474317,0.803864,-0.377272,-1.352322,-0.751505,0.339698,0.220473,0,0,0,0
0.432596,-0.903696,0.262799,-2.510256,-1.507369,-0.305544,-0.562022,0,0,0,0
0.232944,0.009325,-0.427979,-1.514328,-1.213644,-0.066503,-0.751807,0,0,1,0
0.538455,0.312101,-1.227932,-0.550789,0.585248,-0.161747,0.604883,0,0,0,0
0.431475,0.583273,-0.805431,-1.093790,-0.334415,-0.155804,-0.576152,0,1,0,0
-0.251481,-0.447536,1.786920,-0.648565,0.967284,-0.246038,-0.669657,0,0,0,0
-0.387463,0.085926,1.837911,0.275599,1.447942,-0.483280,-0.637260,0,0,0,1
0.086447,0.323811,-1.068703,-0.277792,0.456914,-0.214188,0.710458,0,0,0,0
0.001177,0.240808,-0.768907,-0.585918,0.422889,-0.020674,0.048319,1,1,0,0
0.959244,-0.881882,-0.454829,-0.417985,0.247421,0.132903,0.026026,0,0,0,0
0.195815,-0.275883,-0.375717,0.092922,-0.071405,-0.123514,-0.717099,0,0,0,0
-0.203797,0.112029,0.786424,-0.932635,-0.768515,-0.244288,-0.878166,0,0,0,0
-0.322123,0.816288,0.627799,0.379419,0.331957,0.209758,0.203979,1,0,0,1
1.028635,-0.248864,0.145986,0.273587,0.209081,-0.025794,0.758563,0,0,0,0
0.416358,0.019639,-0.760796,-0.096452,0.312679,-0.321393,0.172124,0,0,0,0
0.259804,0.646837,-0.987773,-1.178907,0.177334,0.136410,-0.586031,0,0,0,0
0.227908,0.469665,-0.827997,-0.675650,0.537242,0.169631,-0.268677,0,0,1,1
0.738097,-0.189533,-0.609356,-1.558616,-0.381002,0.274912,1.057055,0,0,0,0
0.415403,-0.384117,-0.490284,-1.555084,-1.092147,0.031619,-0.513458,0,0,0,0
-0.088016,-1.630813,-0.495633,-0.104123,-0.757750,-0.396168,-1.749601,0,0,0,0
0.089795,-1.388641,-0.963794,0.741045,-1.371769,-0.048006,-1.635465,0,0,1,0
0.978313,-0.128476,-0.878246,-1.863428,-0.231616,-0.041689,-0.440966,0,0,0,0
0.573461,0.583591,-1.010780,-1.858012,-0.750346,-0.167000,-0.190942,0,0,0,0
0.304599,0.885291,-0.510846,-0.773346,-0.311101,-0.166255,1.218672,0,0,0,0
0.308167,1.133586,-0.222780,-0.957871,-0.387978,0.036787,0.250325,1,1,0,0
0.846270,-0.995616,0.198973,0.162432,0.178271,0.226194,0.953862,0,0,0,0
0.791700,0.301896,-0.641924,-1.006464,-1.132804,0.235176,-0.270712,0,0,0,1
0.548705,0.363375,-0.938006,-0.597708,0.193110,-0.468227,0.585315,0,0,0,0
0.275288,0.359791,-0.332161,0.047513,-0.082634,-0.110929,-0.120500,1,0,0,0
0.400049,-1.082707,0.127118,0.054529,1.068695,-0.570212,-0.216604,0,0,0,0
0.480721,-1.236997,-0.661003,0.576852,-0.760542,0.636484,-0.065999,0,0,1,0
0.654094,1.323826,-0.897977,-0.924622,-0.759964,-0.314429,0.753577,0,0,0,0
0.388346,0.796966,-0.990200,-1.002275,-0.456649,-0.331784,0.343547,0,0,0,0
0.773058,-0.264984,0.804699,-1.676089,-0.088456,0.203188,0.534291,0,0,0,0
0.425396,-0.537209,-0.082363,-1.239735,-0.106572,-0.301810,0.180019,0,1,0,0
0.398243,0.596501,-0.384723,-0.489860,0.131053,-0.074961,0.671952,0,0,0,0
0.505041,0.726233,-0.768120,-0.759084,-0.125444,0.149145,0.162951,0,0,0,1
0.177048,-0.640700,-0.108074,0.109040,1.176428,-0.200829,-0.738323,0,0,0,0
0.221925,0.029528,-0.743783,-0.310897,0.947962,-0.129654,-0.625645,1,0,0,0
0.069230,0.232284,-0.468827,0.215990,1.039660,0.414851,0.956310,0,0,0,0
0.017074,-0.101762,-0.352415,-0.424515,0.776961,0.208738,-0.172508,0,0,1,1
0.796276,-1.049009,-0.292564,-0.087378,0.461438,0.293325,0.056095,0,0,0,0
0.008691,-0.207050,-0.049897,0.205326,0.146474,-0.270083,-0.790570,0,1,0,0
-0.453971,0.281875,1.918438,-0.623571,0.368975,0.410628,0.657127,0,0,0,0
-0.687380,1.143888,1.689322,0.277295,0.155472,-0.080956,-0.011972,1,0,1,0
0.745825,-0.566178,-1.083595,1.556465,-0.926869,0.363292,-0.360808,0,0,0,0
0.194220,-0.119001,-0.268585,1.301026,-0.137066,-0.598852,-0.232887,0,0,0,0
0.019101,1.031842,-0.670925,-0.273432,0.424633,-0.249368,-0.453658,0,0,0,0
-0.665547,1.673708,-0.472380,-0.005958,-0.180692,-0.345079,-0.349165,1,1,0,0
0.590914,0.534012,-1.099948,-0.473266,-0.604367,-0.006286,1.226298,0,0,0,0
0.439804,-0.303545,-0.633493,-0.283947,-0.714102,-0.215354,-0.427126,0,0,0,0
0.131030,-2.307095,0.232091,-0.037600,-0.037329,-0.516152,-1.241004,0,0,0,0
0.135826,-2.133693,-0.327204,0.410809,-1.065904,-0.411216,-1.387287,0,1,0,1
0.742729,0.670835,-1.289504,-0.362240,-0.988441,0.177713,0.964650,0,0,0,0
0.333524,0.296496,-1.044654,-1.076227,-0.931806,-0.238488,-0.076703,0,0,0,0
0.753461,-0.266195,0.629987,-2.027618,-0.852021,-0.106624,-0.144480,0,0,0,0
0.200069,-0.530898,0.511686,-0.607235,-0.527884,-0.122904,-0.215630,0,0,1,0
0.008751,0.519688,-0.542230,0.599773,0.549327,0.083801,1.070441,0,0,0,0
0.087477,1.163539,-0.671004,-0.482681,0.008018,0.313655,0.291169,1,0,0,0
0.850921,-0.238990,-0.521768,-2.059935,-0.773690,-0.083377,-0.045016,0,0,0,0
0.362305,0.213625,-0.185531,-1.213789,-1.017382,0.008225,0.009880,0,0,1,1
0.702780,0.270826,-0.390356,0.739563,-0.983958,-0.229433,0.578151,0,0,0,0
0.707640,-0.286536,-0.139162,0.441928,-0.971313,0.022499,0.020240,0,1,0,0
0.946331,-0.239510,-0.040951,-1.700926,-0.275499,-0.198419,0.140233,0,0,0,0
0.678030,0.601714,-0.294103,-1.332664,-0.711644,-0.168431,0.472601,0,0,0,0
0.010616,1.059994,0.042885,-0.962836,-0.920237,-0.301956,0.830098,0,0,0,0
0.247668,1.090273,-0.599128,-0.995354,-0.707073,0.178629,0.011145,0,0,0,1
0.827124,-0.768226,-0.697537,-2.162343,-0.160219,-0.038625,-0.446735,0,0,0,0
0.616994,0.471201,-0.940377,-1.574406,-0.665001,-0.114420,-0.630355,1,1,0,0
-0.119579,0.327531,0.584168,0.899045,-0.547645,-0.341166,0.582288,0,0,0,0
-0.884704,0.569353,-0.248686,0.822496,0.743269,-0.213468,-0.159403,0,0,1,0
0.621943,-0.410234,-0.260023,-0.924568,1.214929,-0.192067,-0.250211,0,0,0,0
0.202084,0.239906,-0.150137,-0.088210,0.316294,-0.041818,0.341203,1,0,0,0
-0.054959,0.744671,-0.374290,-0.328305,0.101942,0.120677,0.248133,0,0,0,0
-0.246145,1.193064,0.054065,0.082606,0.783351,0.003258,0.519789,0,0,0,1
0.105502,-0.169281,-0.192340,-1.655250,0.468826,-0.017884,0.022263,0,0,0,0
-0.539486,0.446021,1.302218,0.001308,1.310664,-0.207261,0.284410,0,1,1,0
0.502670,0.584429,-1.373793,-0.410216,-0.342269,-0.192938,0.722979,0,0,0,0
0.374787,0.825705,-0.655218,-0.561324,0.434090,0.072942,0.176179,1,0,0,0
0.312008,0.442447,0.145441,-0.222294,0.387903,-0.044471,-0.093451,0,0,0,0
0.043846,0.032932,-0.022528,-0.477387,0.426479,-0.086017,0.204218,0,0,0,1
0.360834,1.127265,-1.594394,-0.899374,-0.789838,0.007445,0.992886,0,0,0,0
0.333139,0.129134,-1.250804,-1.792632,-1.501479,0.075834,-0.629535,0,0,0,0
0.212953,-1.691681,1.151536,-0.410261,-0.084321,-0.658086,-0.848865,0,0,0,0
0.541528,-1.058493,0.086313,0.608231,-0.731951,-0.030679,-0.523116,0,1,0,1
0.733129,0.698177,-1.405797,-0.089158,-1.021103,-0.448788,1.198003,0,0,0,0
0.605197,0.907097,-1.065726,-0.674514,-0.769649,-0.041533,-0.128622,0,0,0,0
0.850901,-0.098084,0.639144,-1.837999,-0.596081,0.381789,0.330515,0,0,0,0
0.439450,0.139187,-0.079119,-0.835130,-0.126960,-0.026417,-0.252422,1,0,0,0
-0.090137,0.768965,-0.839252,0.171635,0.795885,-0.090381,1.092734,0,0,0,0
0.432387,0.891537,-1.742238,-1.153033,-0.320744,-0.426140,-0.029293,0,0,1,0
0.780775,-0.440268,0.250752,-1.426389,0.201577,-0.145713,0.351834,0,0,0,0
0.604975,0.183591,-0.678760,-0.271438,-0.199555,-0.544896,0.531218,1,1,0,0
0.213749,-0.371487,-0.591031,1.140708,-1.030956,-0.519907,0.897735,0,0,0,0
0.210062,-0.844191,-0.643350,1.333337,-0.428971,0.046329,-0.355743,0,0,0,1
0.879280,0.982991,-0.851366,-1.318149,-1.022734,0.143219,0.205639,0,0,0,0
0.719648,0.372219,-0.511401,-1.009242,-0.786758,-0.085150,0.706660,0,1,0,0
0.098691,0.502840,-0.531308,-1.118778,-1.338741,-0.341302,0.604451,0,0,1,0
0.436540,0.078379,-0.654292,-0.430589,-1.354743,0.023352,0.018229,1,0,0,0
1.021512,-0.440013,-0.077797,-0.835431,0.118386,0.169080,0.096478,0,1,0,0
0.855094,0.164455,-0.399530,-0.297024,-0.558160,0.167013,0.870648,0,0,1,1
0.098085,-0.679851,-0.497580,0.624744,0.283793,-0.087494,-0.229453,0,0,0,0
-0.382002,-0.311689,-1.103373,-0.510686,-0.346765,-0.168343,-1.237511,0,0,0,1
0.466716,-0.019727,-1.540640,0.032368,-0.164469,0.341043,-0.511923,0,0,0,0
0.183509,0.775775,-0.776118,0.069968,0.167644,0.055025,0.367942,1,1,0,0
0.059249,0.974518,-1.039908,1.414415,-0.567187,-0.244998,-0.532093,0,0,0,0
-0.558093,1.894822,0.575091,1.213098,-0.392489,-0.822842,0.249488,1,0,0,0
-0.193930,-0.577798,-0.883010,0.453560,-0.517070,0.264828,-1.450375,0,0,0,0
-0.897317,0.898927,-0.919014,1.203518,-0.269772,-0.430912,-0.610913,0,0,1,1
0.340240,0.803238,-0.843153,0.696251,-1.078814,0.199594,-0.438422,0,0,0,0
-0.331354,1.307140,-0.193812,0.708951,-0.513196,-0.062024,-0.057822,0,0,0,1
-0.094887,0.240782,-0.567567,1.694825,-0.964553,0.291648,0.846408,0,0,0,0
-1.127833,1.220560,0.209187,1.459557,-0.126431,-0.403938,-0.222082,0,1,0,0
-1.693778,1.998706,0.898717,1.460911,0.367386,-0.289153,-0.461667,0,0,0,0
-2.567030,1.109943,1.178968,1.761156,1.115471,-0.237326,-1.948312,0,0,0,0
-3.340764,1.153456,1.906049,1.302134,2.123539,-0.153877,-2.584503,0,0,0,0
-1.197535,-0.529818,2.206737,-0.271172,0.293839,1.681121,-0.898920,0,0,1,0
-0.285408,0.111426,-0.386644,-0.493824,-1.045587,-0.160656,-1.444541,0,0,0,0
-0.840465,-0.492327,-0.315546,0.579458,-1.113256,0.386834,-1.717012,0,0,1,0
-0.859534,1.176561,0.356764,0.157164,-0.432547,-0.575022,-1.543966,0,0,0,0
-2.143639,1.731081,1.989478,-0.924581,-0.125366,-0.157799,-1.019101,1,0,0,0
-1.096624,0.970016,0.621793,-1.978197,-2.993873,0.031453,-1.402056,0,0,0,0
-1.720455,0.310925,1.359173,-1.017080,-1.340293,-0.131204,-1.927094,0,0,0,0
-2.940717,2.093959,3.991007,-0.962969,0.697859,-0.659251,-1.534537,0,0,0,0
-0.473092,-1.029219,0.209667,-1.066505,-1.378135,1.039531,-2.048631,0,1,0,0
-1.182612,1.270883,-0.448651,0.375978,0.001476,-0.932773,-2.112037,0,0,0,0
-0.134981,0.294719,-0.728984,-1.581517,-1.205316,-0.515347,-1.694385,0,0,1,0
-1.266085,1.581964,0.763965,-1.268527,-1.829131,-0.275628,-1.170470,0,0,0,0
-1.064346,0.361108,0.377197,-1.035121,-1.989839,0.539922,-1.870464,0,0,0,0
-0.881543,-1.043293,1.752221,3.137954,-1.532054,0.005105,-1.196648,0,0,0,0
-2.031008,-3.742571,2.989213,4.829398,-2.517939,-0.593192,-2.062919,0,0,0,1
-2.994791,-0.931759,2.030858,3.326470,0.180510,0.017569,-2.282065,0,0,0,0
-0.059867,-0.829911,0.713422,0.696012,-0.236618,18.871402,-1.659741,1,0,0,0
-0.575521,-0.449010,-0.246939,0.068194,-1.096536,-0.343325,-1.820947,0,0,0,0
-1.284253,-2.750820,-0.505206,2.819809,-2.490044,-0.332035,-2.138769,1,0,0,0
-0.581142,1.044260,0.725884,-0.118501,-1.945779,-0.496272,-1.343752,0,0,0,0
-3.489624,1.458043,2.505357,-0.401647,1.222449,-0.141994,-2.594472,0,0,0,0
-4.079034,-0.474115,2.764461,0.229486,0.971703,0.040144,-2.946648,0,0,0,0
-2.513138,-4.149884,2.660222,1.664160,-1.618387,-0.033244,-2.707033,0,0,1,0
-1.134314,1.433622,0.752940,-1.490001,-2.564926,-0.797024,-1.413831,0,0,0,0
-0.576447,-0.313736,0.680139,-0.805580,-0.430154,0.470435,-1.694384,0,1,0,0
-0.143340,-1.036671,-0.228178,2.349109,-2.289805,0.088813,-1.431037,0,0,0,0
-1.429718,-3.167663,1.454376,3.664387,-2.457623,-0.195753,-2.178316,0,0,0,1
-1.545814,0.468932,0.258197,2.351258,0.808920,-0.834306,-1.301087,0,0,0,0
-2.740087,0.276217,1.989785,0.993030,1.253054,-0.524369,-1.426126,0,0,0,0
-2.897435,2.722191,3.256361,-1.236400,1.125982,-0.856014,-1.193036,0,0,0,0
-0.338683,1.132815,0.175229,-1.076299,-3.012288,10.426761,-1.191518,1,0,0,0
-2.940962,1.072378,2.727694,-1.750030,-0.995003,-0.220611,-2.492307,0,0,0,0
-1.113913,-1.793957,0.415143,-0.302699,-0.527717,0.002601,-1.956911,0,0,1,0
-1.024178,0.252257,-0.333413,-0.960865,-1.125465,0.085584,-2.132197,0,0,0,0
-0.829111,0.506477,-1.529374,-2.076098,-2.753481,4.455745,-1.208721,0,0,1,0
-0.505189,1.096158,-0.319286,-0.944137,-1.764893,-0.554945,-1.319647,0,0,0,0
-2.238341,1.472884,2.621272,-0.514234,-0.305813,-0.454155,-1.372960,0,1,0,0
-4.144872,0.706881,4.066905,-1.434631,-0.180675,-0.856807,-2.585479,0,0,0,0
-0.497834,-1.953743,0.310290,2.949642,-0.650532,8.281833,-1.507561,0,0,0,1
-0.956933,1.587036,0.689756,-0.862198,-1.831704,-0.050127,-1.202186,0,0,0,0
-1.150097,0.693350,0.657393,-0.119287,0.141174,-0.689477,-1.808848,1,0,0,0
-0.157308,-0.866865,0.106085,1.784901,-2.331730,-0.389837,-1.284973,0,0,0,0
-1.492425,-3.285944,1.503045,3.936363,-1.851883,-0.382390,-2.134852,0,0,1,0
-1.507496,0.006651,0.882443,3.033443,0.251955,-0.793642,-1.104066,0,0,0,0
-2.279270,-0.983259,2.615497,2.495600,1.281194,-0.232407,-1.422066,0,0,0,0
-3.127553,2.433158,4.196956,-0.977585,1.207929,-0.882526,-1.262195,0,0,0,0
-1.656105,-3.548468,0.858378,4.094156,-1.720740,1.952708,-1.901250,0,1,0,0
-1.632081,1.184129,0.362055,-1.874111,-2.925884,0.016056,-1.725280,0,0,0,0
-1.251352,0.792069,0.746488,-1.850102,-2.636679,0.318678,-1.988586,0,0,0,1
-1.094714,0.082802,-0.553037,-0.684124,-0.949232,0.095094,-2.246950,0,0,0,0
0.121645,-0.239576,-0.747052,-0.536204,-2.013208,3.009102,-1.496905,0,0,0,1
-0.426627,0.816152,0.294524,0.024544,-1.182516,-0.640888,-1.370744,0,0,0,0
-1.574348,-1.735762,1.865099,3.152161,0.032110,0.148206,-1.556125,1,0,0,0
-1.442683,0.865669,1.427551,-0.530263,-2.631818,-0.235943,-1.654241,0,0,0,0
-2.528662,1.972632,1.377897,-2.019593,-0.120942,-0.044638,-2.443222,0,0,0,0
-3.492706,3.199488,2.457817,-1.463291,2.560691,-0.908577,-2.215879,0,0,0,0
-1.683913,-1.215104,1.931739,-0.096418,0.904281,-0.262059,-2.528454,0,1,0,0
-1.826177,1.650802,0.434402,0.231518,0.077465,0.671043,-2.021997,0,0,0,0
-3.969294,1.835085,2.510637,-0.607773,2.513291,-0.448595,-2.315692,0,0,0,0
-4.954006,0.439987,2.752596,-0.324305,3.469337,-0.781785,-3.032931,0,0,0,0
-5.397482,-0.558407,1.883871,-1.525992,2.549344,3.108686,-3.221091,0,0,1,0
-3.184752,3.621365,2.049908,-1.934882,2.215668,-0.785675,-2.147113,0,0,0,0
-4.185083,2.455333,3.343564,-1.592033,2.425944,-0.652730,-2.723983,0,0,0,0
-4.693746,1.632874,3.605630,-1.274580,3.018371,-0.643567,-2.780156,0,0,0,0
-0.123605,0.769917,1.706949,-0.223682,-3.969318,8.784080,-1.205733,1,0,0,0
-0.287719,-1.669142,-0.855612,1.194031,-3.556234,-0.247843,-1.963680,0,0,0,0
-1.111325,-2.886267,-0.001304,2.272602,-3.359162,-0.242787,-2.115975,1,0,0,0
-0.262463,0.168556,-0.601824,2.073037,-0.849404,-0.452760,-1.483837,0,0,0,0
-0.443136,0.587517,-0.325140,0.856341,-0.077384,-0.411142,-1.548174,0,0,0,1
-4.744807,1.408908,3.796067,-0.664815,2.937861,-1.053725,-2.794638,0,0,0,0
0.005876,-1.083635,-0.094870,1.385632,-0.421089,13.361682,-1.349609,0,1,0,0
-3.730793,3.508410,3.669079,-1.890903,2.140272,-0.987957,-2.077842,0,0,0,0
0.112701,-1.957163,-1.540590,0.170543,-0.349796,12.354975,-1.734399,0,0,1,0
-0.897392,0.622268,0.680312,0.885052,-0.864620,-0.093822,-0.869438,0,0,0,0
-0.844518,0.297071,0.767332,1.186111,0.098649,-0.048931,-1.413219,0,1,0,0
-3.661049,3.468234,3.625299,-1.606401,1.824182,-1.032315,-2.139497,0,0,0,0
0.184261,0.035450,-0.918655,0.150661,-1.394713,6.116265,-1.352594,0,0,0,1
-3.961555,3.091417,3.510567,-2.233214,1.786984,-0.966883,-2.465071,0,0,0,0
-0.634141,0.308688,0.108011,0.167914,-2.214940,0.084821,-1.702327,1,0,0,0
-1.391010,0.917875,0.336757,-1.602336,-2.414305,0.323767,-1.432538,0,0,0,0
-0.828009,-0.226060,0.788407,-2.197470,-2.558680,-0.298667,-1.684871,0,0,1,0
-0.938990,0.417233,-0.103750,-0.620108,-0.697556,-0.607392,-1.418505,0,0,0,0
-0.863408,-1.352865,-0.671357,1.066382,-1.240754,-0.880609,-1.846936,0,0,1,0
-1.344060,0.937011,0.327147,0.148687,-0.129745,-0.623583,-1.758360,0,0,0,0
-2.551433,1.347631,1.708381,-0.055096,1.170867,-0.454985,-1.028773,0,1,0,0
-1.010364,-0.482493,0.174197,0.344714,-0.800843,-0.041365,-1.679621,0,0,0,0
-2.779071,1.040868,2.585820,-0.356078,0.889434,-0.271622,-1.800884,0,0,0,0
-2.995320,2.090049,4.523887,-0.881682,0.912082,-0.844374,-1.420920,0,0,0,0
-0.757934,-0.102088,-0.365189,-0.138560,-1.326781,-0.248222,-1.826990,0,0,0,1
-0.436559,1.380418,-0.403869,-1.138950,-2.087071,-0.251113,-1.227285,0,0,0,0
-1.393515,1.094306,0.843109,-1.699763,-1.536805,-0.309298,-1.603012,0,0,0,0
-1.267993,1.070214,1.584376,-1.287853,-1.898347,-0.602362,-1.444024,0,0,0,0
-0.583895,-1.288961,0.309012,0.284924,-0.929671,4.843862,-1.647364,1,0,0,0
-3.535763,2.825286,3.242169,-2.195352,0.958171,-0.860032,-2.314512,0,0,0,0
-0.035477,-0.476687,-0.502270,-0.959923,-1.116892,7.153975,-1.961045,0,0,1,0
-2.789751,-4.325923,3.281427,2.779613,-2.242212,0.627273,-2.618373,0,0,0,0
-0.927269,-1.709777,1.398506,1.096706,-1.558847,1.617262,-1.404154,0,1,0,0
-0.544871,-0.196245,-0.438814,-0.238535,-1.635298,-0.683097,-1.517170,0,0,0,0
-2.173919,-0.580574,0.414810,0.056758,-0.342049,-0.378505,-2.014141,0,1,0,0
-0.707793,0.060279,-0.253512,0.985941,0.282563,-0.526303,-1.505101,0,0,0,0
-0.424521,-0.840452,0.822561,1.135051,-0.548442,-0.505874,-1.809519,0,0,0,1
-5.242972,0.298368,3.290331,-1.035195,2.469919,-1.069092,-2.992665,0,0,0,0
-2.320999,-4.278043,1.947749,2.670508,-2.230746,0.010821,-2.513295,1,0,0,0
-3.065180,1.232308,4.387434,-1.527135,0.002397,-0.966383,-2.329336,0,0,0,0
0.239584,0.476026,-0.510988,-1.166492,-0.416685,11.518260,-1.129702,0,0,1,0
-1.291281,1.467258,-0.218841,0.735258,0.429807,-0.650886,-1.419859,0,0,0,0
-2.384701,1.835305,2.385855,-0.827279,-0.073865,-0.474264,-0.835451,0,1,0,0
-1.110222,1.360684,0.856730,-1.701578,-2.293215,-0.510914,-1.443273,0,0,0,0
-4.062582,1.698724,2.588994,-0.249233,3.486487,-0.968529,-2.440451,0,0,0,0
-3.733232,3.440626,3.531059,-1.940578,2.112973,-1.028684,-1.787156,0,0,0,0
-1.223995,-3.322584,0.079701,3.770110,-1.182437,0.689344,-1.992375,1,0,0,0
-1.538764,1.135849,0.444659,-1.728701,-2.928664,0.440152,-1.678074,0,0,0,0
-2.174222,0.780094,2.019612,-1.436217,-1.216954,0.010733,-2.574086,0,0,0,0
-6.691726,-1.961725,3.748723,-1.683343,0.903621,-0.810678,-3.333105,0,0,0,0
-0.928562,-1.426513,-0.867734,-0.655250,-1.470819,1.924653,-2.022977,0,0,0,1
-0.763894,0.562775,0.963401,0.924652,-0.065991,0.236495,-1.421168,0,0,0,0
-1.322756,-1.590570,2.253574,2.929290,0.421367,-0.247924,-1.107038,0,1,0,0
0.073829,0.370952,0.834858,0.245198,-1.322866,0.074533,0.207277,0,0,1,0
0.106364,0.576140,-0.311700,-0.198936,-0.452231,-0.005239,-0.400876,0,0,0,1
-0.632415,0.838375,-0.462219,0.888329,1.326694,-0.314724,-0.026457,0,0,0,0
-0.984409,2.086199,-1.144871,0.093522,1.558140,0.430193,-0.604391,1,0,0,0
-0.878036,1.998964,-0.279401,0.185974,1.547478,-0.526490,0.910530,0,1,0,0
-0.773784,1.350477,0.056595,0.380086,1.134646,-0.213764,-0.365862,0,0,0,1
-0.327655,0.233064,-0.447535,0.685944,0.925955,0.617583,-0.303382,0,0,1,0
-0.852142,0.750402,-0.975238,1.206655,1.460473,0.221454,0.182572,1,1,0,0
0.382049,0.138293,-0.916451,1.000486,0.272368,0.188262,1.646255,0,0,0,0
0.603340,-0.373578,-0.490448,0.632956,-1.003373,0.155812,-0.454715,0,0,1,1
0.337033,-1.147249,-0.310481,1.139364,-1.665521,-0.246587,0.852218,0,0,0,0
0.279357,-1.571569,-0.567575,2.156057,-1.338997,-0.259828,0.485505,0,1,0,0
0.519013,-0.085532,1.045913,-0.426165,-0.298862,-0.283578,1.136693,0,0,0,0
0.235531,0.449627,0.978917,0.254934,-0.224050,-0.042767,-0.123051,0,0,1,0
0.710209,-0.444111,-0.249737,1.080045,0.253767,-0.268701,0.678746,0,0,0,0
0.292273,-0.622757,-0.052341,1.117473,0.723523,-0.283549,-0.193153,1,0,0,0
0.253057,-1.030154,1.661582,1.144542,0.950364,-0.449225,1.197950,0,0,0,0
-0.375608,-0.473294,0.542988,0.253396,0.957385,-0.265519,0.273249,0,0,1,1
0.644425,-0.037024,-1.271303,-0.045691,-0.326456,0.176717,0.380905,0,0,0,0
0.171680,-0.492718,-0.085148,-0.085431,-0.390487,0.027256,-0.042033,0,1,0,0
0.408456,0.041002,0.954564,-0.366344,0.239680,-0.311340,1.301760,0,0,0,0
-0.080627,-0.271381,0.192211,-0.680655,0.907992,-0.213253,-0.613037,1,0,0,1
0.467109,0.021745,0.048286,0.504214,0.051799,-0.123795,0.367655,0,0,0,0
0.663818,-0.884177,-0.580115,1.428370,-0.501641,-0.159295,-0.403674,0,0,1,0
0.508031,-0.576713,0.653761,0.856209,0.986971,0.536034,1.279191,0,0,0,0
0.197155,0.013182,0.574702,1.307088,0.805448,-0.137598,0.938059,1,1,0,0
0.547020,-0.199512,0.355338,0.708928,0.472323,-0.225967,0.837973,0,0,0,0
0.390279,-0.249296,0.252882,0.088258,0.582673,-0.495996,-0.436945,0,0,1,0
0.048544,-0.320399,0.428987,-0.387464,1.480515,-0.385004,0.931114,0,0,0,0
0.118666,0.143994,0.726998,0.036308,0.765153,0.630898,-0.080763,1,0,0,1
0.753806,-0.043458,-0.359107,-0.131208,-0.072844,0.075587,0.502243,0,1,0,0
0.395932,0.119536,-0.236255,-0.732754,-0.020590,-0.362978,-0.015761,0,0,1,0
0.299977,-0.290552,0.993135,-0.953928,0.301766,-0.418923,1.285050,0,0,0,0
0.308686,-0.015905,0.131069,-0.147174,0.046038,-0.257900,0.533064,1,0,0,1
0.807069,-0.535204,-0.214924,0.574162,0.292506,0.141599,0.039149,0,0,0,0
0.649472,0.008789,-0.781225,0.123303,0.636580,0.399167,-0.157395,0,1,0,0
0.615097,-0.098112,-0.133209,-1.473961,0.435730,0.025734,0.771325,0,0,0,0
0.594839,0.321098,0.073826,-0.904684,0.179297,0.450958,0.459191,0,0,0,1
0.702549,-0.454366,-0.254202,0.604330,0.419670,0.190742,-0.204038,0,0,1,0
0.652680,-0.030242,-0.276617,1.111926,0.716466,-0.361278,0.341216,1,1,0,0
0.298555,0.587048,-0.157800,-0.786899,0.225402,-0.194842,1.657306,0,0,0,0
0.419683,0.184858,0.719435,-1.121201,0.162675,-0.073252,0.645229,0,0,0,0
0.289373,-0.645512,-0.040514,-0.210603,-0.003015,0.034502,-0.344149,0,0,0,0
0.373921,-1.530191,1.073313,-0.758244,-0.352428,-0.273060,-0.529410,0,0,0,1
0.372223,0.241246,0.855164,-0.894167,0.384787,0.109976,1.400386,0,0,0,0
-0.055297,0.532137,0.637367,0.491484,0.552958,-0.168936,0.582181,0,1,1,0
0.560431,-0.272295,-0.033510,-0.209095,0.391182,0.145769,0.012019,0,0,0,0
-0.005088,0.067332,0.191213,0.355773,0.569352,-0.160526,-0.385356,1,0,0,0
-0.100552,0.087331,0.608411,0.624393,0.587622,-0.329814,1.481668,0,0,0,0
0.224014,-0.203554,-0.450896,-0.393195,1.188394,-0.194459,0.470626,0,0,1,1
0.278274,-0.252721,0.079445,0.539955,0.163850,0.028351,0.340375,0,0,0,0
0.493256,-1.444722,0.694266,0.365616,0.524861,-0.112599,0.218758,0,1,0,0
0.560688,-0.288939,0.285669,-0.200478,1.118451,-0.247931,0.766074,0,0,0,0
-0.056169,0.057419,-0.937976,-0.480402,0.601058,-0.147587,-0.015872,1,0,0,1
0.604698,-0.150629,-1.262033,-1.052871,-0.653850,-0.343623,-0.045198,0,0,0,0
-0.014332,0.385391,0.530260,-0.137583,0.833376,-0.346209,-0.073043,0,0,1,0
0.318990,-0.651285,0.700663,0.573480,1.640248,-0.330949,1.332050,0,0,0,0
-0.166703,0.180347,0.163024,-0.307229,0.591306,-0.536747,-0.003170,1,1,0,0
0.628891,0.366120,-0.780144,-0.320804,-0.410458,-0.380352,0.433637,0,0,0,0
0.318931,0.276471,0.163498,-1.084436,-0.171374,-0.339484,0.282395,0,0,1,0
-0.397474,0.244832,0.998110,0.129500,0.715380,-0.350886,1.132036,0,0,0,0
0.260577,-0.182229,-0.538447,-0.132495,0.594626,-0.528479,-0.195229,0,1,0,1
0.663006,0.547128,-0.217551,-0.338329,-1.145633,-0.077033,0.287016,0,0,0,0
0.385245,0.415574,-0.327198,-0.950846,0.115686,0.013064,-0.166846,1,0,0,0
0.318855,-0.731023,1.065371,-0.030864,0.682448,0.113569,1.161867,0,0,0,0
-0.228221,0.114231,0.297108,-0.252025,0.018268,-0.247907,-0.707120,0,0,1,1
0.276626,0.102958,-0.345129,0.393554,-0.264684,0.322183,0.905301,0,0,0,0
-0.179914,0.345810,0.313571,0.082697,0.590957,-0.498609,-0.681303,0,1,0,0
-0.019907,-0.523667,1.007370,-0.522581,1.041995,0.038036,0.756222,0,0,0,0
-0.215958,0.061005,0.293615,-0.093588,0.517335,-0.346121,0.229692,0,0,0,1
0.422941,-0.134158,-1.371664,0.250365,-0.806140,0.321492,-0.566733,0,0,1,0
1.051034,-1.122004,-1.369339,1.270790,-0.813636,0.079852,-0.028336,1,1,0,0
0.411533,0.314819,-0.738854,1.383929,0.339952,-0.127074,1.345898,0,0,0,0
0.385191,0.447931,-0.517921,0.635229,0.428439,0.070911,0.198987,0,0,0,0
0.246646,-0.577096,-0.332273,0.420036,-0.697404,-0.413169,-0.066126,0,0,0,0
-0.149631,-0.515557,-0.005131,0.433528,0.775315,-0.275768,0.461140,1,0,0,0
0.388272,-0.093216,1.422978,-0.198160,-0.024386,-0.000925,1.783070,0,0,0,0
0.573446,-1.297234,-0.660622,1.686257,-0.585606,1.108123,0.645373,0,0,1,1
0.752445,-0.389111,-0.054935,1.582216,0.529250,0.206966,1.262580,0,0,0,0
0.149317,0.410677,0.100779,0.675962,0.683418,-0.157359,0.552140,0,1,0,0
0.269112,-0.611950,0.909786,0.759920,1.322346,-0.456384,0.903183,0,0,0,0
-0.214875,0.601082,0.839483,0.662314,0.782761,-0.437809,0.814563,1,0,1,0
0.736303,-0.291939,-0.376694,-0.417007,-0.709332,-0.297990,0.188183,0,0,0,0
0.499428,-0.155640,0.291884,-0.025257,-0.225199,0.231855,0.283816,0,0,0,1
0.551227,-0.340520,0.162102,0.531253,1.419500,0.171915,0.531948,0,0,0,0
0.065955,0.146924,0.033902,-0.279829,0.194326,-0.124979,-0.282075,1,1,0,0
0.597588,-0.311714,-0.042055,0.377640,0.091722,0.305213,0.443804,0,0,0,0
0.197529,0.176185,-0.095962,-0.033513,0.085478,0.159637,-0.665360,0,0,1,0
0.526004,0.328463,0.283791,-1.458004,-0.259035,0.082190,1.098608,0,0,0,0
0.205019,0.645469,-0.110358,-0.293353,0.033330,-0.128962,0.912245,0,1,0,1
0.486643,-0.177920,0.175517,0.704986,-0.301649,-0.307558,0.720473,0,0,0,0
0.316467,0.083601,0.047287,0.098111,0.179914,-0.189507,-0.172777,1,0,0,0
-0.139576,-0.704955,1.137732,-0.150115,1.257873,-0.113382,1.434757,0,0,0,0
1.021963,-0.850975,-1.615158,0.547971,0.274815,1.460223,0.576042,0,0,1,1
0.895414,0.289279,-0.839154,0.132933,-0.373131,0.024821,0.333625,0,1,0,0
0.306829,0.405864,-1.315088,-0.596957,-0.198143,-0.388253,-0.333613,1,0,0,0
0.327678,0.090463,0.768840,-0.878396,0.738899,-0.047883,0.570455,0,0,0,0
-0.550990,0.063226,0.271265,-0.399133,0.212939,0.241718,-0.371510,0,0,1,1
0.620380,-0.123110,0.533314,0.382081,-0.289092,-0.419817,0.744354,0,0,0,0
0.621922,-0.094770,0.048146,0.118621,-0.218868,-0.419602,-0.238939,0,1,0,0
0.532540,-0.312675,0.247820,-0.066168,1.301007,-0.322930,0.737671,0,0,0,0
0.072259,0.406198,-0.241137,-0.186243,0.941329,-0.390580,-0.064377,1,0,1,0
0.710712,-0.091155,-0.622352,0.658413,-0.585313,0.306503,0.763276,0,0,0,0
0.195927,0.545307,0.768430,0.107767,0.541158,-0.128955,0.929068,1,0,0,1
0.853170,0.093127,-0.672523,0.592581,-1.090962,-0.273132,0.393224,0,1,0,0
0.441885,0.480285,-0.761737,0.611946,-1.158726,0.179394,0.057540,0,0,1,0
-0.339739,0.551688,-0.156949,0.828580,1.156685,-0.002272,1.629749,0,0,0,0
0.081808,1.343829,-0.527244,-0.203961,-0.510688,0.293753,1.422411,0,0,0,1
0.649905,-0.005672,-0.971918,0.830227,-1.590990,-0.022416,0.429450,0,0,1,0
0.010862,-0.567574,-1.141525,1.267518,-0.788931,-0.224028,0.385212,0,1,0,0
0.761531,-0.964351,-1.291383,1.184305,-1.441194,-0.075130,-0.133894,0,0,0,0
0.721379,-0.690951,-0.841892,1.727565,-1.902246,-0.019628,-0.015727,0,0,0,1
-0.035714,0.912370,-0.595875,1.572645,0.816184,-0.415984,1.386284,0,0,0,0
-0.450456,0.907817,-0.841112,0.787653,0.709835,-0.243409,1.084166,0,0,0,1
0.213917,1.147052,-1.205192,-0.567379,-0.068277,0.088715,0.238136,0,0,0,0
0.288681,-0.558541,-0.736911,1.130178,0.019297,0.038569,0.148945,1,0,0,0
0.059003,0.868763,-1.015326,0.601549,0.646029,-0.406983,0.190883,0,0,0,0
-0.244027,0.723586,-0.955876,1.166486,0.951016,-0.319610,0.768919,1,0,0,0
0.100438,0.865362,-0.613899,0.085652,0.285030,0.000993,2.065455,0,0,0,0
0.757289,-0.339350,-1.660285,1.512524,-0.248699,-0.115664,1.333832,0,0,1,1
1.017916,-0.684057,-0.274081,-0.064669,-0.560890,-0.383719,0.928889,0,0,0,0
0.609554,-0.702895,0.293043,0.487602,0.025728,-0.212851,0.174483,0,0,1,1
1.042059,-1.009275,-0.036946,0.997189,0.442138,-0.000745,0.213967,0,0,0,0
0.566333,-0.465584,-0.310505,0.224654,1.033305,-0.109332,0.133295,0,1,0,0
0.131054,0.301742,-1.324008,0.256409,0.961666,0.108466,0.916201,0,0,0,0
0.926065,-1.961422,0.311684,1.106333,0.245016,-0.138122,-0.419415,0,0,0,1
0.315255,1.073995,-0.914550,0.830212,0.758000,0.354835,0.773372,0,0,0,0
0.116098,1.713191,-0.700581,0.645225,0.488377,-0.125151,1.646127,1,0,0,0
0.628699,0.750231,-0.684360,1.817108,-0.147276,-0.350233,1.345259,0,1,0,0
0.636646,0.606335,-1.044310,1.426754,-0.241617,0.066461,0.563336,0,0,1,0
0.328382,1.013108,-1.244122,0.423989,0.332761,-0.265379,1.137630,0,0,0,0
0.269359,0.753097,-0.925634,0.259502,0.500570,-0.036877,1.421453,1,0,0,1
0.853940,-0.004913,-0.943796,0.972087,-0.731014,0.333506,0.186864,0,0,0,0
0.829404,-0.102034,-0.852127,0.086385,-0.393323,-0.202987,-0.004735,0,0,0,0
0.627070,-1.614474,0.576965,0.976616,0.261051,0.379971,-0.470336,0,0,0,0
0.936946,-1.912944,0.621668,0.041567,-0.717745,0.411252,-0.924569,0,0,1,1
0.981395,0.420444,-1.291092,-0.996351,-0.707459,0.143737,1.294463,0,0,0,0
0.836639,-0.155652,-0.348596,-0.790729,-0.516717,-0.346665,0.198389,0,0,0,0
0.498283,-1.030116,-0.258147,-1.231850,-0.426538,0.139280,-1.059512,0,0,0,0
1.098706,-1.722651,-2.173622,-0.277816,-0.979189,0.955219,-0.306785,1,1,0,0
0.917303,0.436433,-1.012713,-0.226256,-1.178210,-0.242637,0.977178,0,0,0,0
0.627624,0.579738,-1.111031,-0.511004,-0.584600,-0.318828,0.186414,0,0,0,0
0.939682,-0.464097,0.820393,-1.252032,-0.641251,-0.002779,0.223190,0,0,0,0
0.840247,-1.253641,0.183014,-0.098311,-1.510164,-0.142908,-0.193669,0,0,1,1
0.556809,0.782371,-0.636695,-0.338947,0.399507,-0.087259,1.755500,0,0,0,0
0.794372,-0.002673,0.211364,-0.480247,0.478578,0.092924,0.069280,0,0,0,0
0.944187,-1.507988,0.861147,0.310380,-0.334930,0.442624,0.101506,0,0,0,0
0.496151,-0.502199,0.187411,-0.046026,0.440435,-0.454332,0.501557,1,1,0,0
1.100416,0.205366,-0.722354,-0.306843,-0.904722,0.018912,1.282957,0,0,0,0
0.911234,-0.500220,-0.246615,-0.586260,0.522203,0.179907,0.348857,1,0,0,0
1.359984,-0.194302,-0.216859,-1.297413,-0.748033,-0.393339,0.744687,0,0,0,0
0.764215,-0.082472,0.361975,-1.409681,-0.381989,-0.468425,0.352284,0,0,1,0
-0.868501,0.003282,0.278975,-0.331709,0.324322,-0.762345,0.399265,0,0,0,0
-0.193133,-0.840188,0.360554,-1.171381,0.619087,1.718741,-1.154980,0,1,0,0
1.083215,-0.464323,1.256404,-0.480967,0.866274,-0.181274,0.488838,0,0,0,0
0.056810,0.126128,-0.160573,0.002089,0.916950,-0.579757,-0.419207,1,0,1,0
0.229092,0.366924,0.217351,1.584718,-0.731601,-0.371609,1.552993,0,0,0,0
-0.188784,0.047158,0.604996,0.571672,0.634041,-0.695492,-0.192017,0,0,0,1
1.176576,-1.290027,0.325837,0.036366,-0.347442,-0.239293,-0.086462,0,0,0,0
0.725409,-1.251088,0.550519,1.737617,-1.375622,-0.344525,0.335522,1,0,0,0
0.395614,0.791143,-0.556888,0.054209,0.766106,-0.240622,1.153332,0,0,0,0
0.159779,0.470277,0.947356,-0.808149,1.617501,-0.230815,0.489040,0,0,0,0
0.467192,-1.250159,1.354846,-0.701376,0.854200,-0.329051,-0.610951,0,0,0,0
0.584547,-0.834112,-0.185901,0.131379,0.429170,-0.304651,-0.105466,1,0,1,0
1.000904,0.310801,-0.321993,-0.189878,-0.771689,-0.235611,1.119547,0,0,0,0
0.574779,0.854464,-0.131198,-1.200855,0.086733,-0.341713,1.070893,0,0,0,0
1.016347,-0.963883,1.322890,-0.016784,0.310827,-0.010478,-0.201463,0,0,0,0
0.967810,-1.945392,0.475474,1.128613,-1.000531,-0.238700,0.154157,0,1,0,0
0.326819,1.016189,-0.351568,0.919299,1.282411,0.011434,1.302298,0,0,0,0
-0.300175,0.706840,0.629487,-0.379817,1.411890,-0.311992,-0.421906,0,0,0,0
-0.826808,-1.819396,2.257740,-0.347353,0.448130,-0.574597,-1.919935,0,0,0,0
-0.617841,-1.162915,1.083698,0.352079,0.418888,0.069273,-0.609045,1,0,0,1
0.690885,0.435036,-0.766663,0.100464,-1.257511,0.631519,1.107084,0,0,0,0
0.696398,-0.614015,1.051781,0.275557,-1.183366,0.522024,0.293313,0,1,0,0
0.657962,-0.416371,0.230778,0.015295,-0.035216,-0.127488,0.303789,0,0,0,0
0.129759,0.536887,0.610466,0.384570,0.701526,-0.343699,0.442018,0,0,1,0
0.676094,0.713283,-0.811851,-0.442251,0.148262,-0.032516,1.061115,0,0,0,0
0.910011,-0.220197,0.282646,-1.249406,-0.622878,0.060062,0.070082,0,0,0,1
0.562146,-0.649804,0.511496,-0.021451,1.343418,-0.223296,0.274744,0,0,0,0
0.448523,-0.526011,0.803377,-0.470912,0.875397,0.283458,0.043729,1,1,0,0
0.746014,0.441495,-0.897680,0.388533,-0.974744,0.106629,1.124252,0,0,0,0
0.386462,-0.024474,0.528126,0.106307,0.691659,0.213830,-0.006563,0,0,1,0
1.065379,-0.853638,0.501321,-0.843225,1.131322,-0.040606,0.108200,0,0,0,0
0.473364,-0.524142,1.274514,0.036607,1.091139,-0.347437,-0.457174,1,0,0,0
-1.316869,-0.507838,0.635143,0.396917,1.193101,-0.451607,0.542653,0,0,0,0
0.028785,-0.204368,-0.522352,0.098585,0.938792,-0.410457,-0.177952,0,1,0,0
0.987347,-0.618816,0.323147,-1.389044,0.129001,0.401502,0.337854,0,0,0,0
0.389622,0.315100,-0.414862,-0.964834,-0.383802,-0.444331,0.091988,0,0,1,1
-0.209819,-0.745276,-0.091154,1.005107,-0.091948,-0.345475,0.057629,0,0,0,0
-0.022760,-0.178346,-0.207973,-0.720471,-0.661948,-0.121222,-1.130538,1,0,0,0
0.841395,-0.761788,0.067176,-0.808902,0.636139,-0.369103,0.248681,0,0,0,0
0.678988,-0.005202,0.765657,-0.600709,0.238819,-0.285876,-0.194168,0,0,0,1
0.589127,-0.018850,-0.211719,-1.288105,1.055853,0.168837,0.698069,0,0,0,0
0.452749,0.408986,-0.275228,-1.521384,0.068156,-0.264752,0.106958,0,1,0,0
0.037268,-1.468976,1.988035,-0.649970,0.527488,-0.362013,-0.704442,0,0,0,0
-0.225944,0.173497,0.228934,0.065128,0.760555,-0.738532,0.539195,0,0,1,1
0.755973,0.111765,-0.036136,0.777779,0.509293,-0.174005,1.307643,0,0,0,0
0.877648,-0.026780,-0.034581,0.010661,0.667495,-0.039645,0.810316,0,1,0,0
0.875200,-0.091984,0.567964,-0.976398,-0.332574,-0.313701,0.421802,0,0,0,0
0.635669,-0.151974,0.609421,-1.454857,0.114751,-0.279570,0.362178,1,0,0,1
0.707237,-0.003211,-0.439520,0.189170,-0.141438,0.408050,1.084966,0,0,0,0
0.307554,-0.401537,0.274980,0.460313,-0.234099,-0.551042,-0.455104,0,0,1,0
0.618885,-0.595323,-0.197850,-1.414681,-0.992954,0.225037,-0.685324,0,0,0,0
0.576124,-1.972457,-0.354425,1.025388,-1.015556,-0.088393,-1.045566,1,1,0,0
0.528730,0.156430,-0.734151,1.329044,1.026021,-0.444343,1.190160,0,0,0,0
0.057762,0.255535,-0.436556,0.641605,0.643239,-0.506490,-0.031647,0,0,1,0
0.638806,-0.938061,1.551302,0.198434,0.086877,-0.505120,0.181703,0,0,0,0
0.428525,-2.454129,0.309141,2.346962,-0.560963,0.153125,0.369127,1,0,0,0
0.340213,0.398028,-1.320148,1.170016,1.724203,-0.205202,0.986625,0,0,0,0
0.086804,0.412218,-0.564096,-0.217565,1.585770,-0.059996,-0.231188,0,0,0,1
0.865489,-0.197144,-0.585420,-1.668294,-0.349338,-0.117664,0.532452,0,0,0,0
0.759149,0.034447,0.077754,-0.202928,0.010620,0.114738,0.600982,0,1,1,0
0.033107,-0.413416,-0.055368,1.865572,0.230651,-0.206943,1.853885,0,0,0,0
-0.210456,0.042193,-0.101222,1.212132,0.018294,-0.072163,0.300163,1,0,0,0
0.946852,-0.428768,0.834360,-1.032318,0.023935,-0.013100,0.536431,0,0,0,0
0.833921,0.106787,0.519611,-0.657705,0.146593,-0.345875,0.395116,0,0,0,0
0.282834,-0.151013,-0.268260,-0.602641,0.074926,-0.275931,0.443364,0,0,0,0
0.276570,-2.483050,-1.324816,1.377732,-1.122717,0.217267,-0.689942,0,0,0,1
0.967512,-0.795903,0.642502,0.098148,1.303273,0.237647,0.269445,0,0,0,0
0.596062,-0.347527,0.218544,0.193036,0.413547,-0.131986,0.022617,1,1,0,0
0.401531,0.121251,-0.466518,1.722214,-0.008419,-0.411344,0.515339,0,0,0,0
0.087613,-0.200764,-1.037140,-0.569167,-0.657310,-0.459872,-0.679945,0,0,1,0
0.853595,-0.773136,0.949023,-0.613718,1.085644,-0.124146,-0.070011,0,0,0,0
0.648793,0.482470,0.118884,-0.413231,0.580551,-0.190693,0.828526,0,0,0,1
0.279585,0.716877,-0.828947,-0.106311,0.763034,-0.338157,1.045700,0,0,0,0
0.416487,0.178563,0.037353,-1.040513,0.777348,-0.070273,0.034906,0,0,0,0
0.617196,-0.901258,1.209209,-0.423082,0.912329,-0.127408,0.547297,0,0,0,0
0.840112,0.120280,0.604012,-0.160269,0.302757,-0.282418,0.796905,1,1,0,0
0.582430,0.321830,-0.412676,0.482254,-1.182244,0.115584,1.342021,0,0,0,0
0.091866,0.724442,0.675721,-0.688253,0.271940,-0.027426,-0.416928,0,0,0,0
0.672249,-0.664289,1.017064,-0.933369,1.151367,-0.218999,-0.468119,0,0,0,0
0.827427,0.260245,0.216456,-1.488408,-0.161408,-0.043727,0.035408,0,0,1,1
0.415826,0.599858,-1.326352,-0.808138,-0.039065,-0.129957,0.816283,0,0,0,0
0.622865,0.383671,0.366073,-0.546741,-0.859244,0.015174,0.372708,0,1,0,0
0.462452,-0.115172,-0.379761,1.062568,0.080339,-0.296277,-0.060150,0,0,0,0
-0.370145,0.654344,0.164834,1.341203,0.557804,-0.691095,0.455141,1,0,0,1
0.778390,0.444020,-0.503524,0.386616,-0.343702,0.138770,1.080442,0,0,0,0
-0.029207,0.762521,-0.990070,0.145082,0.301597,-0.206532,-0.222921,1,0,0,0
0.467005,-0.099439,-0.579771,-0.681420,0.848641,-0.243439,-0.629673,0,0,0,0
0.713123,-1.441433,0.070305,0.929398,-0.982260,0.871676,-0.562802,0,0,1,1
0.306725,0.364327,-1.560960,-0.243684,0.745780,-0.545228,1.020279,0,0,0,0
0.051570,0.039200,-0.226804,0.055569,1.125128,-0.300094,-1.026921,0,1,0,0
0.459252,-0.292275,0.273615,-0.170935,1.525939,-0.197110,-0.248721,0,0,0,0
0.900770,-1.467496,0.587246,0.925714,-0.565094,1.609065,0.289919,0,0,1,0
0.200225,1.088609,-1.391559,-0.606365,1.510873,-0.025071,0.868286,0,0,0,0
-0.003296,-0.233662,-0.423406,-0.630592,1.412877,0.281933,-0.310629,1,1,0,0
0.982293,-0.655971,-0.693332,-0.285960,0.248066,0.097361,0.397523,0,0,0,0
0.606885,-0.730602,0.159464,-0.249168,0.570257,-0.166630,-0.450967,0,0,0,0
-0.447416,0.820757,0.207299,1.179278,0.806558,-0.530855,-0.683433,0,0,0,0
0.145098,-1.770969,0.436789,1.757204,-1.622337,1.247853,-0.034305,0,0,1,1
0.916234,-0.430708,-0.450970,0.068895,0.680420,0.029801,1.124490,0,0,0,0
0.689344,-0.843304,-0.027920,-0.291462,-0.291706,0.156145,0.758610,0,1,0,0
0.444284,-0.474272,0.218323,0.282726,-1.157222,-0.168978,-0.607497,0,0,1,0
0.253229,0.158081,-0.418022,0.861315,-1.552617,0.067052,-0.556429,1,0,0,1
1.040544,-0.472131,-0.228392,-0.813398,-0.206588,0.081210,0.705817,0,0,0,0
0.721830,-0.205905,1.072631,0.492288,0.433385,-0.343434,0.627273,0,1,1,0
0.760675,0.065718,-0.858315,-0.533415,0.209323,0.525091,1.522318,0,0,0,0
0.552308,-0.522915,-0.383902,-0.547844,-0.302913,-0.047309,0.806063,1,0,0,0
0.678041,-0.271763,0.303852,-0.811634,0.028936,-0.244425,0.682981,0,0,0,0
0.581399,0.313034,0.362051,-1.429477,-0.518308,0.214419,0.759228,0,0,0,1
0.231625,1.448485,-0.042798,-0.709095,-0.512897,0.003271,1.515904,0,0,1,0
-0.049090,1.328544,-0.466512,-0.616556,-0.165857,-0.328088,1.155481,1,0,0,0
0.216319,0.005991,0.467309,0.130271,0.308792,-0.333790,2.437897,0,1,0,0
-0.494074,-1.201476,2.068032,0.742728,-0.058273,-0.548675,1.282088,0,0,1,0
-0.582767,0.855937,-1.233374,-0.319710,-0.555888,-0.529452,0.229870,0,0,0,0
-0.863603,-0.135653,-1.018586,-0.873875,-0.625876,-0.298815,-0.405949,0,0,0,0
-3.648686,-0.167095,-0.899340,1.302045,3.914802,-0.559864,-1.558744,0,0,0,0
0.716004,-1.033209,-1.707955,1.732639,-0.061493,12.240169,-0.171358,1,1,0,0
0.992063,0.458681,-0.930241,-0.417941,-0.849442,0.483409,1.016593,0,0,0,0
1.032028,0.108940,0.080077,-0.898867,-0.903966,-0.178029,0.078758,0,0,0,0
1.083707,-0.493867,0.806300,-1.137780,-0.969923,-0.453761,-0.132513,0,0,0,0
0.942189,-1.073687,0.318649,-0.370427,-1.201044,-0.340602,-0.845681,0,0,1,1
0.627195,0.461417,-0.486080,-0.576495,-0.233735,-0.486157,1.317528,0,0,0,0
0.852647,-0.291107,-0.351566,-1.091355,0.758341,-0.061765,-0.139364,0,0,0,0
1.075717,-1.217359,0.591515,-0.817837,-1.706437,0.714749,-0.183187,0,0,0,0
0.793753,-0.511690,0.283783,-1.046638,-0.477231,-0.231811,0.049073,1,1,0,0
1.218967,0.485790,-0.988497,-0.776111,-1.042157,0.341598,1.263064,0,0,0,0
0.907994,-0.376023,-0.142964,-0.843188,-0.274635,-0.348204,-0.258377,1,0,0,0
1.470410,-0.319258,-0.619214,-1.742548,-0.409172,-0.142717,0.397917,0,0,0,0
0.954774,0.213974,0.295222,-1.229173,0.238099,-0.131922,0.256945,0,0,0,1
-0.671649,-0.359137,0.206375,-0.100268,0.843926,-0.656901,0.740352,0,0,0,0
0.170265,-0.421173,0.612654,-0.198187,1.449349,0.895072,-0.173894,0,1,0,0
1.019515,-0.369795,0.300629,-1.379876,0.044456,-0.179497,0.573334,0,0,0,0
0.359558,0.270655,0.232868,-0.489799,-0.023673,-0.363471,0.262088,0,0,1,1
0.236024,0.140656,0.396153,1.720529,-0.844206,-0.473991,1.492532,0,0,0,0
-0.139760,0.192505,0.592882,0.222582,0.428668,-0.568754,-0.328099,1,0,0,0
1.140183,-0.383290,0.042709,-1.484762,0.365380,-0.220883,0.020503,0,0,0,0
0.103702,0.183191,0.126430,-0.076363,1.172821,-0.206699,-0.505650,0,1,0,0
0.407003,0.739236,-0.573191,-0.640731,-0.157928,-0.120163,0.814592,0,0,0,0
0.067156,-1.656748,0.725220,-0.617892,-0.729619,-0.501437,-1.078720,0,0,1,0
0.696299,-2.514487,1.208011,0.641486,-1.168050,-0.240638,-1.087885,0,0,0,0
0.710284,-1.928138,-0.047506,0.870644,-0.937410,0.063869,0.030907,0,1,0,1
0.829762,-0.092751,-0.578643,0.432305,0.305804,0.329896,1.288389,0,0,0,0
0.681524,0.088848,-0.044116,0.018091,0.508764,-0.170053,0.489065,0,0,0,0
0.507766,-1.027911,1.062442,-0.624026,1.354536,-0.064440,-0.314763,0,0,0,0
1.109896,-2.030380,-0.111215,1.818793,-0.754776,0.746670,0.327345,0,0,1,0
0.371170,1.207829,-1.063012,-0.484042,0.426396,-0.109910,0.725939,0,0,0,0
-0.102365,0.685396,0.162488,-0.731259,1.019640,-0.555142,-0.906968,0,0,0,0
-0.296960,-1.329530,1.806764,-0.287495,1.503986,-0.542133,-0.754910,0,0,0,0
-0.375935,-0.698062,0.456757,-0.229695,0.801753,0.145698,-0.213272,1,0,0,1
0.695223,0.267805,-0.697151,0.456074,-0.528487,-0.301279,1.100652,0,0,0,0
0.466284,0.861970,-0.340896,-0.247410,-0.537859,0.020805,0.770723,0,1,0,0
0.488032,-0.282443,-0.209563,-0.265777,0.262332,-0.212526,-0.147859,0,0,0,0
0.097215,-0.315268,0.589985,-0.139404,0.919994,0.199734,-0.793504,0,0,1,0
0.689920,-1.084289,0.176248,1.063595,-0.705847,0.328840,0.577864,0,0,0,0
0.903149,-1.374983,1.286811,-0.690015,-0.658013,-0.035715,-0.292469,0,1,0,0
0.737792,-0.726006,-0.410296,-0.931836,0.998780,-0.174760,-0.229407,0,0,0,0
0.451530,-0.926248,0.175680,-0.929196,0.702159,-0.511054,-0.837799,0,0,1,1
0.535958,0.062945,-0.776504,1.632397,-0.277506,0.001495,0.857387,0,0,0,0
0.078677,0.164073,1.650250,0.204802,0.671982,-0.042111,0.155173,1,0,0,0
1.035538,-0.325672,0.288254,-1.694823,0.095016,-0.150202,0.361626,0,0,0,0
0.722581,-0.486666,0.800587,0.099836,0.712040,-0.134653,0.144198,0,0,1,0
-1.198610,-0.296699,0.565943,0.530734,1.196883,-0.761943,0.325567,0,0,0,0
0.761325,-1.638673,0.063571,0.731972,-1.768682,2.882446,-0.509734,0,1,0,0
0.811155,-0.742413,0.079717,-1.334807,-0.061862,-0.159925,-0.266523,0,0,0,0
0.526689,0.190200,0.092420,-1.497319,-0.410499,-0.185202,-0.436549,1,0,0,1
0.059177,-0.067023,0.034152,1.537349,-0.469228,-0.084622,0.475685,0,0,0,0
-0.060695,-0.153508,-0.767473,0.507509,0.287992,-0.165805,-0.655137,0,0,1,0
1.087550,-1.892423,0.569143,-0.461116,-0.545400,-0.145230,-0.521293,0,0,0,0
0.857565,-1.190637,1.106683,0.313905,-0.290807,-0.168545,-0.348275,1,0,0,0
0.518863,0.508683,-0.683861,-1.059832,0.686283,0.328185,0.991027,0,1,0,0
0.257472,0.178729,-0.123624,-0.926758,-0.282059,-0.312027,-0.388243,0,0,1,0
0.032489,-1.390623,1.108383,-0.317122,1.778823,-0.179115,0.410285,0,0,0,0
-0.370456,0.081798,0.665328,0.625305,1.073226,-0.710439,0.130146,1,0,0,0
0.642209,-0.044730,-0.374629,0.528614,0.629832,-0.451255,1.005088,0,0,0,0
0.727511,0.072963,-0.161616,-0.437171,0.755917,0.068871,0.538665,0,0,0,1
0.868663,-0.933173,0.223923,0.419123,0.185347,-0.163382,0.245392,0,0,1,0
0.838139,-1.249713,0.364685,0.429347,0.232338,-0.008875,0.263346,1,1,0,0
0.524812,-0.116036,-0.414263,1.510013,0.626332,-0.007943,0.792513,0,0,0,0
-0.185641,-0.281585,-0.616924,0.563058,-0.218135,-0.247652,-0.941382,0,0,0,1
0.475913,-1.035978,0.125773,-1.609925,-1.087254,-0.132730,-0.890014,0,0,0,0
-0.142550,-0.774248,1.135897,0.417509,0.277280,0.050770,-0.383488,0,1,1,0
0.694587,0.427851,-0.721827,0.980028,0.003307,-0.161165,0.938583,0,0,0,0
0.714093,0.777407,-1.794639,-1.051552,-0.876121,0.124209,0.134466,1,0,0,0
0.523398,-0.710175,0.581670,-1.073196,0.244519,-0.220016,-0.913397,0,0,0,0
0.153957,-0.903037,0.051334,0.220300,0.257506,-0.312331,-0.601939,0,0,0,1
0.272900,1.362264,-0.452150,0.090007,0.616670,-0.286356,1.109951,0,0,0,0
0.458459,0.835396,-0.242578,-0.638870,0.845821,-0.143002,0.121456,0,1,0,0
0.938216,-0.565688,0.036443,-0.027270,0.625675,-0.074274,0.290891,0,0,0,0
0.565485,0.444638,-0.049623,-0.529900,0.677517,-0.043908,0.187992,0,0,1,1
0.232446,0.005772,-0.444709,1.333456,0.058437,0.205091,0.828395,0,0,0,0
0.317639,-1.058320,0.413189,0.733508,-0.603198,-0.330958,-0.440500,1,0,0,0
1.045995,-0.189642,0.927896,-1.409996,-0.154845,-0.037079,0.047800,0,0,0,0
0.599789,-0.397805,0.485386,-0.671845,0.452630,0.002269,0.098662,0,0,0,0
-0.473067,0.906591,0.758902,-0.460860,-0.141979,-0.217061,0.767681,0,0,0,0
0.519181,-1.848339,-0.336631,1.387787,-1.199303,3.656098,-0.412987,0,0,1,0
0.700819,-1.107491,0.891485,-0.026222,1.413479,-0.491551,-0.285721,0,0,0,0
0.393617,0.185758,0.222158,-0.171899,0.492677,-0.131334,-0.376556,1,1,0,0
0.754616,0.983263,-1.406169,-0.022440,-1.312373,-0.167068,1.010530,0,0,0,0
0.661945,-0.573366,-2.249329,0.315824,-0.687689,0.887331,-0.607168,0,0,0,1
1.014190,-0.736635,0.819145,-0.799368,0.566109,-0.433453,0.140550,0,0,0,0
0.863479,-1.896117,-0.341714,1.138433,-0.759698,-0.120514,0.051924,0,0,1,0
0.399679,0.566952,-1.093708,1.089941,0.993597,-0.415395,1.105902,0,0,0,0
0.124208,0.749585,0.311942,-0.642514,1.436578,-0.203155,-0.167407,0,0,0,0
0.477951,-1.073197,0.972550,-1.142331,1.308433,-0.255111,-0.251180,0,0,0,0
0.611062,-1.023516,-0.598058,-1.205480,-0.198534,-0.360549,-0.714108,1,1,0,0
0.874949,0.095263,-0.770888,-0.077670,-1.277973,-0.111508,1.323226,0,0,0,0
0.526599,-0.055245,-0.114633,-0.756244,-0.202964,-0.237973,-0.812427,0,0,0,0
0.485472,-0.558850,-0.141354,-0.996425,0.418115,-0.478440,-1.412956,0,0,0,0
0.389399,-0.495220,0.201884,-0.938436,0.643129,0.070396,-0.533179,0,0,1,1
1.157678,-0.005431,-0.518293,-0.802146,-0.237273,0.173940,0.808433,0,0,0,0
0.804661,0.057536,0.018774,-1.085559,-1.032819,-0.138845,0.229047,0,0,1,0
0.206994,0.332084,-0.107414,1.120137,0.178780,-0.579308,-0.080144,0,0,0,0
-0.637733,1.138389,-0.024295,1.035729,1.141690,-0.722517,0.081502,1,1,0,0
1.041819,-0.673116,0.482861,-0.425294,-0.276986,0.057799,1.176577,0,0,0,0
0.151488,0.118211,0.236251,0.037935,-0.023248,0.158235,-0.129800,0,0,0,1
-0.057979,0.472749,0.541651,-0.449100,1.117661,-0.345167,-0.129505,0,0,1,0
0.381280,-1.456705,1.106121,0.475193,-1.098293,0.001063,-0.111341,0,1,0,0
0.670403,0.689217,-0.774797,0.797505,-0.318713,-0.212959,1.319125,0,0,0,0
0.303327,0.505138,0.457234,0.139729,0.760789,0.184963,0.119948,0,1,0,1
0.784398,0.190545,0.136979,-0.658484,0.821152,0.136504,-0.012290,0,0,0,0
0.845400,-1.571368,0.796345,0.136136,-1.022778,0.395975,-0.601229,0,0,1,0
0.213863,1.104605,-0.590183,-0.134644,0.365729,-0.428080,0.407775,0,0,0,0
0.280388,0.403162,0.148161,-0.222348,0.812632,0.071628,0.857766,1,1,0,0
0.998668,-0.446498,-0.452380,0.218139,-0.003526,0.229340,1.024690,0,0,0,0
0.592039,-0.423351,0.257624,-0.669647,0.382014,-0.066214,0.405328,0,0,0,0
-1.617631,0.393068,1.659185,0.519002,0.007973,-0.374327,-0.741022,0,0,0,0
-0.702883,-3.395744,0.353949,2.131109,-1.781309,1.407998,0.089545,0,1,1,0
0.381425,-0.098619,0.668595,-0.968173,0.201142,-0.310352,0.876526,0,0,0,0
0.197303,-0.476343,1.141498,-1.118644,-0.068001,-0.176904,0.579547,0,0,0,0
-1.099398,0.886325,1.695964,-0.771059,-1.611609,-0.500985,-0.626306,0,0,0,0
-0.893181,1.185481,1.719365,-1.429936,-1.355976,0.346768,-0.231434,0,0,1,1
0.271235,-0.802930,0.280060,-0.462835,0.686708,-0.517668,-0.666441,0,0,0,0
0.182939,-0.415896,1.485780,-0.225174,1.240193,0.025737,0.210553,1,1,0,0
0.750504,-0.696921,0.146704,-1.182544,0.106454,-0.117224,0.510564,0,0,0,0
0.243214,-0.637026,0.613062,-1.132865,0.372572,0.104699,0.798608,0,0,0,0
-0.318979,0.644471,-0.307113,-0.734348,-0.957977,-0.706180,0.575607,0,0,0,0
-0.247887,0.530910,-0.028935,-0.230252,-0.573898,0.128846,0.739801,0,0,0,0
-0.561008,-0.376855,-1.567445,-1.563693,-2.171294,-0.008392,-0.265837,0,0,0,0
-0.484271,-0.900330,-0.485417,-0.742079,-1.114006,-0.179111,-0.670052,0,0,0,0
-0.267426,-1.366977,-0.499218,-1.199903,-0.708751,0.175780,-0.598562,0,0,0,0
0.484880,-1.347531,-1.126794,-0.723379,-0.657409,0.238188,0.119812,0,0,1,1
0.914961,-1.009321,-0.665950,0.196989,-0.354196,0.455335,1.596599,0,0,0,0
1.250466,-0.688745,-0.243885,-0.137500,-0.930814,0.314119,1.056174,0,0,0,0
0.981855,-0.626730,0.076849,-0.300889,-0.910551,0.047643,0.793999,0,0,0,0
0.771247,-0.663256,0.021297,0.319440,-0.620416,0.309259,1.225101,1,0,0,0
0.349082,-0.986456,-0.088852,0.874367,0.785237,-0.188590,0.745930,0,0,0,0
0.246452,-0.861587,0.009705,1.376210,0.348932,0.175495,0.103978,0,0,1,0
0.405980,-0.609350,-1.049900,0.564590,0.098578,0.657554,0.943571,0,0,0,0
0.166007,0.030938,-1.009807,0.677409,-0.116911,-0.040500,0.905597,0,0,0,0
0.278444,-0.367167,-0.842270,0.519548,-0.142107,0.052492,0.715363,0,0,0,0
0.042110,-0.727641,0.152080,1.194813,0.346638,-0.068204,0.777488,0,0,0,0
0.090576,-0.787569,-0.178357,0.414760,0.666245,-0.070771,0.955405,0,0,0,0
-0.152586,-0.528836,-0.119224,1.147170,0.773287,-0.043805,1.333301,0,0,0,1
-0.158640,0.391525,-1.477015,-0.071456,0.690240,0.250028,2.020947,0,0,0,0
-0.270492,0.595251,-0.868842,1.235716,1.210050,-0.160251,0.833016,0,0,0,1
-0.306813,0.529254,-1.384491,0.217422,0.968637,-0.245706,1.134483,0,0,0,0
-0.384922,0.700934,-1.551118,0.841664,1.567641,0.009638,0.584567,1,1,0,0
0.625118,-0.450674,-0.927255,1.271215,0.695358,-0.122439,1.228912,0,0,0,0
-0.115342,0.089194,-1.189961,1.684362,1.128708,-0.360543,0.596380,0,0,1,0
-0.017586,0.260568,-1.064729,0.751773,0.631302,0.022528,0.559530,0,0,0,0
-0.193193,0.492171,-1.260474,0.252905,0.420069,0.436818,0.252127,0,1,0,0
-0.163212,-0.196637,-0.563432,-0.193216,1.230830,0.278047,0.376472,0,0,0,0
-0.594879,0.816308,-1.214397,1.073932,0.786158,0.106704,0.388426,1,0,0,0
-0.384671,1.422651,-1.845151,0.563920,0.509493,0.699704,-0.354930,0,0,0,0
-0.460700,1.753306,-1.560293,0.145416,0.775350,0.963016,0.038439,0,0,1,0
0.047099,0.706708,-0.822245,0.504048,0.296160,0.486174,-0.195273,0,0,0,0
-0.403260,-0.489089,-0.107933,0.476302,0.944164,-0.355755,0.089600,0,1,0,0
-0.216898,-0.448484,-0.295978,-0.348985,0.868800,0.228544,-0.264377,0,0,0,0
-0.251985,0.405646,-0.573393,-0.559754,0.062616,-0.051623,-0.281674,0,0,0,1
-0.139410,0.619450,-1.415667,-0.075383,0.893226,0.368172,-0.208260,0,0,0,0
-0.410267,1.063808,-1.387415,0.272233,0.609876,-0.006286,-0.493087,1,0,0,0
-0.588832,1.079462,-1.311444,-0.190703,2.446119,-0.162668,1.141707,0,1,0,0
-0.931673,2.053918,-1.553218,0.538511,2.111676,-0.289312,1.551261,0,0,1,0
-0.127896,0.366070,-1.144258,0.593761,0.956270,0.118274,0.626265,0,0,0,0
0.103995,0.514208,-0.888591,-0.258932,0.257759,0.033242,-0.266736,1,0,0,0
0.021214,-0.128470,-1.077718,-0.162421,0.255819,0.213061,-0.556484,0,0,0,0
-0.150871,0.483949,-0.904827,-0.396160,0.470154,-0.228206,0.064416,0,0,1,0
-0.493790,0.556449,-0.884707,-0.163468,0.479853,-0.063632,0.330956,0,0,0,0
-0.628359,0.795821,-0.572219,-0.118916,0.600526,0.086579,-0.188434,0,0,0,0
-0.389695,0.869408,-1.944901,0.268365,1.466371,0.884556,-0.105034,0,0,0,0
-0.851081,1.614345,-1.192473,0.706446,1.021281,-0.475772,-1.189244,0,1,0,0
-0.451831,0.975450,-1.558411,-0.105303,1.206657,-0.046959,-0.282029,0,0,0,0
-0.596982,0.883588,-0.441567,0.284133,0.383187,-0.020405,-0.418382,0,0,0,0
-0.574254,0.795983,-0.822301,0.236350,0.510214,0.192566,-0.539787,0,0,0,0
-1.046913,0.915130,-1.077838,1.163765,1.583422,-0.160904,0.001764,0,0,0,1
-0.407519,0.877534,-1.428786,0.572198,2.237301,0.735355,0.984530,0,0,0,0
-0.862649,1.717263,-2.047339,0.597283,1.469716,0.255877,0.052137,0,0,0,0
-0.701856,1.494428,-1.791983,-0.387536,1.469779,-0.155958,-0.086246,0,0,0,0
-0.618395,1.619885,-1.469131,-0.536881,0.972862,0.239486,0.639647,1,0,1,0
0.896119,0.378156,-1.438042,1.155597,-0.195438,0.015604,0.693781,0,0,0,0
0.691796,0.643263,-0.900673,0.181635,-0.384392,-0.318673,0.841379,0,1,0,0
0.338168,0.660333,-1.704742,0.163246,0.465438,0.017945,1.557630,0,0,0,0
0.187604,1.108151,-2.214155,0.337885,0.738893,-0.044780,0.168217,0,0,0,0
0.110946,1.344648,-1.977691,-0.538428,-0.022341,-0.316174,-1.114328,0,0,0,0
-0.045939,2.173290,-1.772644,-0.715556,-0.578502,-0.129918,-1.022128,0,1,0,0
-0.547484,2.865542,-0.891050,0.958850,1.384792,-0.036203,2.036476,0,0,0,0
-0.143916,1.601685,-0.136919,1.484374,0.288505,0.033875,1.197238,0,0,1,1
0.772837,0.605402,-1.504542,0.805739,-1.002992,0.038635,0.340939,0,0,0,0
0.699537,0.525954,-1.485144,-0.039300,-0.438392,-0.115937,0.601686,1,0,0,0
0.359351,1.160885,-1.649170,0.266279,0.511253,0.402240,1.375906,0,0,0,0
0.278227,1.277008,-2.101941,0.103749,-0.062641,-0.095330,-0.728275,0,0,0,0
0.448867,1.673110,-1.735795,-0.622524,-0.392348,-0.184126,-0.548027,0,0,0,0
0.019664,2.155746,-2.228983,-0.438659,-0.467450,-0.226623,-0.476501,0,0,0,1
0.627020,1.255975,-0.813261,1.404081,-1.155387,0.648029,1.372249,0,0,1,0
0.681008,0.902330,-0.546725,1.534718,-0.532465,-0.238904,1.089258,1,1,0,0
0.135029,0.215444,-0.703769,0.932585,-0.472614,0.731023,1.489403,0,0,0,0
0.265011,-0.617426,-0.719781,1.113818,-0.030771,-0.078174,-0.007848,0,0,0,0
0.149931,-0.369042,-0.380124,0.885748,-0.329582,-0.125513,0.271310,0,0,0,0
-0.218459,-0.258302,-0.357069,1.325770,0.364517,-0.178108,-0.005872,0,0,1,0
-0.210043,-0.472311,-1.032333,1.082939,1.009107,0.024490,0.093049,0,0,0,0
-0.463799,0.678694,-0.589031,0.787484,-0.310772,-0.072223,0.936873,0,1,0,0
-0.240773,0.750458,-1.413921,0.491078,0.097976,-0.264469,-0.677561,0,0,0,0
-0.376781,1.414559,-0.833779,0.770318,0.114588,-0.158829,-0.288362,0,0,0,0
-0.429401,0.531196,-0.736403,1.389916,1.000188,0.048191,-0.296207,0,0,0,0
-0.325197,0.285900,-0.672398,0.704558,0.490828,0.302197,-0.047964,1,0,0,0
-0.116260,-0.253789,0.017331,0.848141,1.177052,0.329187,-0.009591,0,0,0,0
-0.382287,0.494024,-0.678125,0.591379,0.947625,0.526553,0.202724,0,0,1,1
-0.465585,1.213033,-1.506311,0.341835,1.280986,-0.043514,2.103716,0,0,0,0
-0.526904,1.428749,-1.395725,-0.099375,0.488780,0.342588,0.291783,0,0,0,0
-0.621185,1.197801,-1.470911,-0.170898,0.684332,-0.244837,0.706508,0,0,0,0
-0.792176,1.447547,-1.651261,0.947732,0.682550,-0.271492,1.261283,1,1,0,0
0.503915,-0.603397,-0.846202,1.380199,0.253948,-0.023548,0.943577,0,0,0,0
0.412599,-0.307262,-0.783120,-0.047641,0.162154,0.104095,-0.196076,0,0,1,0
0.076737,-0.212153,-0.312307,0.250976,0.723523,0.162983,0.379195,0,0,0,0
-0.244633,0.008476,-0.174977,0.111536,0.359216,0.111140,0.884966,0,0,0,0
-0.473044,0.042171,-0.580138,-0.026120,0.575223,-0.094774,0.193542,0,0,0,0
-0.705430,0.378506,-0.480116,0.857104,0.792197,-0.192690,0.356860,0,0,0,1
-0.084255,0.715209,-1.977953,-0.815392,0.673105,0.178361,-0.479585,0,0,0,0
-0.787109,1.304989,-1.245905,0.694232,0.956425,-0.283683,-0.575998,0,1,0,0
0.016392,-0.173725,-0.986319,0.371749,1.330897,-0.126047,-0.306630,0,0,0,0
-0.476501,0.084403,-0.503994,0.668772,0.512142,-0.344075,-0.345676,0,0,1,0
-0.299488,0.354286,-0.482336,-0.725493,-0.565746,0.527503,-0.615453,0,0,0,0
-0.422801,0.576940,-0.573220,0.057291,0.176846,0.041436,-0.673535,1,0,0,0
-0.111770,-0.489757,-1.397980,0.442999,2.039242,0.011540,0.490637,0,0,0,0
-0.616046,0.950860,-1.668508,0.666394,0.579839,-0.195993,0.619115,0,0,0,1
-0.479997,0.763339,-1.316945,0.187723,2.350938,0.119135,1.143466,0,0,1,0
-1.335628,1.834790,-1.090794,0.695444,1.765791,-0.422587,1.331615,1,0,0,0
-0.424033,0.744725,-1.810337,0.150180,0.922894,0.510148,1.872966,0,0,0,0
-0.142744,0.568427,-1.240004,0.534958,1.019854,-0.358073,0.745806,0,1,0,0
-0.046019,0.635294,-1.340020,-0.187303,0.515043,0.041058,0.314795,0,0,0,0
-0.560228,0.628527,-0.995843,0.729834,1.243222,-0.499802,0.625742,0,0,0,1
-0.416516,0.792872,-1.150907,0.161259,0.854287,-0.102716,0.682329,0,0,0,0
-0.978188,0.838220,-1.148549,0.820047,1.373749,0.001025,0.131856,1,0,0,0
-0.468411,1.183495,-2.256539,-0.300554,2.183562,0.072085,1.107203,0,0,0,0
-0.816750,1.936259,-1.872091,1.203097,2.020523,-0.446329,-0.658688,0,0,1,0
-0.069042,0.526264,-1.212357,0.726760,1.102619,0.214267,-0.583393,0,0,0,0
-0.098476,0.271917,-0.540885,0.261151,0.679244,-0.187117,-0.546184,0,0,0,0
-0.452869,-0.137461,-0.482298,0.474471,0.885488,-0.222102,-0.219669,0,0,0,0
-0.810847,-0.228574,-0.526888,0.763188,1.001377,-0.252221,-0.090241,0,1,0,0
-0.300176,0.696578,-1.902406,0.135931,1.142361,0.339278,1.065787,0,0,0,0
-0.568880,1.208905,-1.174051,1.116616,0.830685,-0.319572,-0.267970,0,0,1,0
-0.095782,0.565278,-0.971650,0.561435,0.289517,0.003512,0.207864,0,0,0,0
-0.926907,1.757516,-0.917090,0.829717,1.125281,-0.351684,-0.055522,1,0,0,1
0.784718,-0.154837,-0.902155,0.964906,-0.309582,0.309211,0.631803,0,0,0,0
0.320674,-0.965952,-0.577283,0.403125,1.101845,0.056496,-0.510615,0,1,0,0
0.060120,-0.041014,-0.975851,0.283422,1.235890,0.508220,0.848988,0,0,0,0
-0.193359,-0.317835,-0.796207,0.751484,1.258986,-0.232345,-0.308290,0,0,1,0
-0.275350,-0.136233,-1.503679,0.032092,1.294813,-0.126524,0.487890,0,0,0,0
-0.252330,0.361921,-1.301865,-0.131690,0.726702,0.106081,0.410528,1,0,0,0
-0.292155,1.904199,-1.206815,0.540261,0.991737,0.293993,1.737824,0,1,0,0
-0.086187,2.935031,-2.142020,0.107174,1.024394,0.081636,2.523143,0,0,1,1
0.738478,0.429785,-2.277455,0.803182,-0.631939,0.458971,1.364684,0,0,0,0
0.405573,1.127043,-2.876824,0.041635,0.037269,0.252722,0.324036,0,0,0,1
0.504533,-0.142652,-2.199822,0.259039,-0.661738,-0.075192,0.800731,0,0,0,0
-0.364825,0.990792,-2.277068,0.573828,-1.041619,-0.148223,0.651525,1,1,0,0
0.557274,0.065400,-2.416349,0.198913,-1.314414,-0.186893,0.661654,0,0,0,0
-0.028427,0.371604,-2.790698,0.642205,-0.251100,-0.112473,-0.185917,1,0,0,0
0.749291,-0.304397,-3.566761,-0.067737,0.057108,-0.042036,0.581114,0,0,0,0
-0.201288,0.982320,-3.274590,0.913568,0.274945,-0.466969,-0.506032,0,0,1,1
0.609108,-1.498262,-0.159910,1.037751,0.854955,0.273477,1.828579,0,0,0,0
0.738140,-1.635752,0.016849,0.888635,0.403777,0.604259,0.514758,0,0,0,0
0.640111,-1.201065,0.398149,0.404086,0.233791,-0.041484,-0.359242,0,0,0,0
0.616114,-0.909285,0.396584,0.653092,0.078665,-0.066931,0.781242,0,1,0,0
0.723287,-0.389027,0.448091,0.132973,-0.681207,-0.104532,0.623207,0,0,0,0
0.603430,-0.920691,0.931842,0.826791,-0.352266,-0.567101,0.601271,0,0,1,0
0.546087,-1.629747,-0.501010,1.735571,-0.651176,0.716121,1.334915,0,0,0,0
0.766090,-1.714650,0.078321,1.658030,-0.823181,-0.160158,0.331960,1,1,0,0
1.093092,-0.871094,0.418349,0.919505,0.868086,-0.097299,1.127940,0,0,0,0
0.742346,-0.594908,0.387591,1.346857,1.198276,-0.470099,0.794769,0,0,0,0
0.329320,-0.237829,0.419908,0.519176,1.016117,-0.176874,0.402210,0,0,0,0
-0.009363,-0.014735,-0.081044,1.029138,0.835238,-0.391555,1.230923,0,0,0,1
0.627468,0.227166,-0.031925,-0.032797,-0.089778,-0.136247,1.195111,0,0,0,0
0.421886,0.421906,-0.062686,0.462398,-0.525935,0.003333,0.928774,0,0,0,0
-0.262629,0.300980,-0.735921,0.652691,1.635901,-0.382645,-0.491301,0,0,0,0
0.301087,-0.416998,-0.615063,0.419039,1.242096,-0.009051,0.710453,0,1,0,0
0.529232,0.222070,-0.367522,-0.339879,0.252613,-0.379103,1.701011,0,0,0,0
0.506481,0.099842,-0.674270,-0.310448,-0.030120,0.031736,1.130132,0,0,1,1
0.593003,0.011323,-0.509840,0.988554,-0.318484,-0.421251,1.088553,0,0,0,0
0.548292,-0.506098,0.293226,0.071423,0.183436,0.101946,0.523908,1,0,0,0
0.419936,0.410589,-0.266826,-0.926511,-0.030221,-0.025853,0.417188,0,0,0,0
0.508036,0.654744,0.116491,-0.217378,-0.158255,-0.102759,0.758927,0,0,0,1
-0.152417,0.748187,-0.843556,0.150026,1.476753,0.053760,1.688398,0,0,1,0
-0.245024,1.075706,-0.148393,-0.144928,1.509336,0.209652,1.200760,1,1,0,0
0.851875,-0.236824,-0.056804,0.578138,-0.189165,-0.045316,1.120776,0,0,0,0
0.583516,0.113502,0.009573,-0.550756,-0.175711,-0.223805,0.728509,0,0,0,0
0.202462,0.239642,0.329470,-0.095860,0.148059,-0.158535,0.390816,0,0,0,0
-0.067503,0.510152,0.025971,0.414800,1.399576,0.179574,0.483445,0,0,1,0
0.172768,0.403349,0.224112,0.657897,1.113441,0.099921,0.994726,0,0,0,0
0.309405,-0.103091,-0.058084,0.549649,0.890206,-0.134069,0.074227,0,0,0,0
0.508808,-1.416252,1.218387,0.129968,-0.953849,0.011507,-0.422256,0,0,0,0
0.453316,-1.662160,1.608988,-0.205589,0.444457,0.016692,-0.040534,0,0,0,1
0.601785,-0.514903,0.715940,0.319664,1.773454,0.033527,1.609079,0,0,0,0
0.401320,-0.737870,0.524609,0.907687,1.434732,-0.224895,0.326865,0,0,0,0
0.001442,0.017795,-0.114715,0.292507,1.576106,0.081895,0.290281,0,0,0,0
-0.319199,0.162694,-0.360399,0.797683,1.645459,-0.330218,0.090072,0,1,0,0
0.262952,0.372054,0.158111,0.065623,1.006911,0.066294,0.305715,0,0,0,0
0.240887,0.281330,-0.236339,0.439483,1.150373,-0.290644,1.037921,0,0,1,0
-0.319220,0.725427,-1.442060,0.055277,2.017970,-0.394105,1.843178,0,0,0,0
0.624237,-1.092556,-0.272667,1.192112,0.065412,0.245424,0.553359,1,0,0,1
0.867937,-0.887289,0.226706,1.337573,1.115051,-0.214706,1.203428,0,0,0,0
0.608802,-0.705760,0.392681,0.750604,1.493263,-0.634960,0.240983,0,0,0,0
0.468584,-1.467396,0.860346,0.376838,0.507091,0.312357,0.126527,0,0,0,0
0.571652,-1.614016,1.620704,-0.204386,0.666010,-0.128657,0.260656,0,0,1,0
0.413090,0.353202,-0.266914,0.083006,1.353649,0.238189,1.306368,0,0,0,0
0.048356,0.693107,-0.563550,0.451047,0.538970,-0.203368,-0.307572,0,0,0,0
-0.399398,0.613820,-1.036442,-0.166595,1.707057,0.101266,0.006847,0,0,0,0
0.713729,-1.074688,-0.591441,-0.270251,0.640487,-0.075210,-0.067281,0,1,0,0
0.651947,0.104279,-0.630854,-0.894755,0.916306,0.054660,0.654400,0,0,0,0
0.592015,0.464371,-0.663825,-0.593532,0.465020,0.143777,0.698235,0,0,1,1
0.914133,0.009427,-0.869370,0.545608,-0.658237,-0.043598,1.291330,0,0,0,0
0.670551,0.431903,-1.055021,-0.171741,-0.334517,-0.238483,0.474805,1,0,0,0
0.263864,0.090871,-0.165663,0.400873,1.120171,-0.212193,1.626983,0,0,0,0
0.002982,0.809567,-0.100760,0.391042,1.503774,-0.152694,0.698341,1,0,0,0
0.268887,0.635155,-0.901717,-0.542513,0.415484,0.155503,1.022468,0,0,0,0
0.018146,0.723574,-0.421451,0.360330,0.770388,-0.205754,1.159897,0,1,1,0
1.087354,-0.416097,-0.199836,-0.037783,-0.048778,-0.405315,0.944697,0,0,0,0
0.615632,0.439933,-0.177675,0.035136,-0.219542,-0.249603,0.736792,0,0,0,1
0.424291,0.702430,-0.752078,-0.679413,0.107448,-0.111405,1.621660,0,0,0,0
0.442961,0.609457,-0.216287,-0.323644,0.779507,-0.018299,0.745047,0,0,0,0
0.489688,0.184929,-0.177339,-1.071554,0.586249,0.169819,0.328928,0,0,0,0
-0.161837,0.536798,-1.181290,0.274798,1.272846,-0.043519,0.618794,0,0,0,1
-0.207699,1.725594,-0.987630,0.217480,2.068632,-0.244460,1.313958,0,0,0,0
-0.151763,1.267977,-0.524467,0.256685,1.644604,0.270998,0.050124,1,1,0,0
0.235844,0.163582,-1.562381,0.949950,0.805874,0.688816,0.830454,0,0,0,0
0.801919,-1.750919,-0.628137,1.329689,0.206295,0.401652,0.218455,0,0,1,0
0.582816,-0.599293,-0.478931,1.797664,0.764455,-0.308315,0.869644,0,0,0,0
0.242717,-0.046202,-0.321386,1.183313,0.694443,-0.121034,1.054244,0,1,0,0
0.385102,-0.119240,-0.594195,1.173803,0.460640,0.033593,0.611433,0,0,0,0
0.144317,0.599038,-0.823968,1.217388,0.793550,0.435173,0.705781,0,0,0,1
0.455091,0.516939,-0.787698,-0.027971,-0.022634,0.085899,1.498253,0,0,0,0
0.334078,-1.238754,0.700332,0.528548,0.517664,0.334797,0.646213,1,0,1,0
0.942902,0.198562,-0.079072,0.392889,-1.251172,-0.381468,0.633982,0,0,0,0
0.724570,-0.139020,0.150963,1.021949,-0.188069,-0.218476,0.332452,0,1,0,0
0.407238,0.677136,-0.613971,0.296448,-0.523675,-0.031752,-0.247968,0,0,0,0
-0.003732,0.866682,-1.093952,1.210248,1.156721,-0.222998,0.218947,0,0,1,0
0.403372,1.208032,-1.134656,-0.581149,0.104880,0.170703,2.012955,0,0,0,0
0.180531,1.355220,-0.797143,0.137028,-0.005476,-0.136303,0.136577,0,0,0,1
0.395174,0.684004,-1.100493,-0.450777,0.587700,-0.044372,0.232468,0,0,0,0
-0.273305,1.403630,-1.454538,0.334882,0.799954,-0.144115,0.027742,0,1,0,0
0.452688,0.027091,0.573453,-0.272513,0.768385,-0.182163,1.563460,0,0,0,0
0.438750,-0.232933,0.273712,0.027985,0.618404,-0.207512,-0.239475,1,0,0,1
0.781978,-0.357284,0.127658,1.314417,-0.295413,-0.126428,0.737348,0,0,0,0
0.630367,-1.142909,1.370741,-0.570182,-0.605084,0.055041,-0.417541,0,0,1,0
0.288769,0.829738,-0.365473,-0.281538,-0.309065,-0.135654,0.763598,0,0,0,0
-0.052716,0.166781,0.033511,0.402149,0.455545,0.283665,-0.103382,0,1,0,0
0.386144,0.629073,-1.044225,0.186584,1.288473,0.072327,1.342300,0,0,0,0
-0.594317,1.585529,-1.465246,0.573140,1.319780,-0.596061,2.010640,1,0,0,1
0.919369,0.259649,-0.188480,0.897451,-0.886933,-0.226023,0.766251,0,0,0,0
0.604935,0.111604,0.038983,0.239197,-0.749828,-0.017758,0.091668,0,0,1,0
0.269814,0.423365,0.345879,0.168696,-0.574260,-0.260793,2.105889,0,0,0,0
0.517180,0.637067,-0.358663,-0.295964,-0.270912,0.047983,0.428430,0,0,1,0
-0.115462,1.137220,-1.522161,0.548765,0.942425,-0.487426,0.822680,0,0,0,0
-0.215469,1.283826,-1.482705,0.497483,0.850944,0.086890,0.025277,0,0,0,0
-0.589433,1.210914,-1.720026,0.452301,1.755170,0.205596,-0.834956,0,0,0,0
0.789023,-1.159692,-0.525975,1.477026,-0.157311,3.068158,0.864452,1,1,0,0
0.860754,-0.128994,-0.725557,1.537693,-0.169253,-0.074450,1.375363,0,0,0,0
0.267816,-0.407055,-0.283263,1.030166,0.060036,-0.555277,-0.105751,0,0,1,0
-1.449428,-1.160290,0.377290,1.514053,0.421911,-0.204719,0.506106,0,0,0,0
-0.971700,-0.637609,-0.442201,1.288630,0.896977,0.758383,-0.558911,1,0,0,1
0.786366,-0.278618,-1.581274,0.808600,-0.915006,0.100879,0.654573,0,0,0,0
0.725199,0.164800,-0.663289,0.694879,-0.923208,-0.225133,0.021145,0,1,0,0
-0.198486,-0.371073,1.197320,0.717549,-1.016705,0.109665,0.760905,0,0,0,0
0.506186,-1.414316,-0.169265,-1.343809,1.326417,-0.023961,1.392217,0,0,1,1
0.810651,0.107974,-1.131907,0.551021,-0.181312,-0.480779,0.505813,0,0,0,0
0.933256,-1.924689,0.792666,0.122393,0.903034,0.443839,0.304115,0,0,1,1
0.831007,-0.105766,-0.769997,0.328421,0.068919,-0.167508,0.501053,0,0,0,0
0.963816,-0.394478,-0.985764,-0.272629,0.113733,-0.342324,0.840644,1,1,0,0
0.945307,-0.855161,-0.114560,1.137714,-0.166733,0.179390,0.002778,0,0,0,0
0.950033,-0.885076,-0.170220,1.953659,-1.307937,0.002796,0.525574,1,1,0,0
0.456719,0.455246,-1.073781,1.639350,-0.487291,0.166346,0.453375,0,0,0,0
0.847199,-0.647225,-0.618069,1.709764,-1.714698,-0.230411,0.537461,0,0,1,1
0.755812,-0.294738,-0.241862,-0.614696,0.572398,0.182792,1.168369,0,0,0,0
0.474285,0.320072,-1.267261,-1.369423,-0.171553,-0.214225,-0.119648,0,0,0,0
0.478221,-0.022969,-1.051822,-1.392385,-0.104523,-0.119414,-0.114078,0,0,0,0
0.347502,0.571322,-1.241081,-1.083595,0.050827,-0.107100,-0.112658,0,0,0,0
0.236974,0.159566,-0.546003,-1.352911,-0.458451,-0.381685,-0.222155,0,0,0,0
0.151646,0.837733,-1.144062,-1.058941,-0.078825,-0.433179,-0.112739,0,0,0,0
0.134763,0.480208,-0.473357,0.278141,-0.026092,0.838871,-0.730531,0,0,0,0
-0.486605,0.994383,-1.167352,-0.464991,1.400198,-0.414258,-1.236743,0,0,0,0
-1.995234,-0.253722,0.469248,0.274891,1.046374,0.220027,-1.770198,0,0,0,0
-3.382714,-1.982936,-0.035801,1.144690,1.982668,-0.649227,-2.769782,0,0,0,0
-3.439163,-3.290770,-0.336264,0.056529,1.121650,0.260418,-3.305720,0,0,0,0
-1.666347,-0.002933,0.255153,-1.001133,-2.079960,0.176652,-1.558943,1,0,0,0
-1.114505,0.255270,0.767944,-1.339474,-3.486544,-0.008415,-0.727572,0,0,0,0
-1.260330,-0.277751,-0.494200,-2.187054,-4.391381,0.613497,-0.615630,0,0,0,0
-1.294961,-1.454676,-0.966436,-2.318972,-3.582521,0.449443,-1.271642,0,0,0,0
-0.993083,-2.890048,3.672388,0.817934,-0.238983,0.304960,0.173028,0,0,1,1
-0.101207,1.484980,-0.608910,0.041268,-0.671454,-0.428483,1.725941,0,0,0,0
-0.421468,0.228999,0.094385,1.154130,-1.212618,-0.122727,0.866553,0,0,0,0
-1.594683,-1.291510,0.084480,3.124423,0.340343,-0.158347,-1.052012,0,0,0,0
0.350891,-2.179680,-2.603407,1.395478,-0.218139,1.331133,-1.109435,0,0,1,0
-0.111541,1.042237,-0.624471,0.145268,-0.960292,-0.225112,-0.603226,0,0,0,0
-0.357324,0.758095,-0.794742,-0.434418,-2.006247,-0.209335,-0.591993,0,0,0,0
-0.282962,0.107281,-0.049942,-0.218444,-1.683707,0.118408,-0.913176,0,0,0,0
-0.525224,-2.400211,1.978065,1.994951,-1.071205,0.136040,-1.372446,0,0,1,0
-0.624942,0.345133,-0.189845,1.013623,0.188089,-0.200147,-1.128694,0,0,0,0
-0.872753,-0.242490,0.758034,1.115221,0.129212,0.300498,-1.559721,0,0,0,0
-0.108461,-1.776345,1.648818,0.602936,-1.606841,2.128416,-1.501711,0,0,0,0
-1.394828,0.361565,-0.282027,1.168263,0.630931,-0.698225,-1.775907,1,1,0,0
0.252187,0.611691,-0.918258,-1.422360,-1.764355,-0.518983,-0.846900,0,0,0,0
-0.540821,-0.550201,-0.856486,0.509588,-0.642190,-0.570425,-1.663463,0,1,0,0
0.142373,0.625947,-1.135110,-1.009700,-1.086195,-0.583484,-0.428020,0,0,0,0
-0.762054,0.429130,-0.632114,-0.734201,0.033408,-0.495471,-0.892089,0,0,0,0
-3.254862,1.191222,0.691136,0.772999,2.787943,-0.498714,-2.324390,0,0,0,0
-3.245253,0.823800,-0.792050,-0.000027,3.243513,0.681936,-2.301186,0,0,0,1
-0.784258,-0.171360,0.203410,0.709490,-0.410941,-0.700620,-0.710658,0,0,0,0
-2.587862,0.452210,0.933743,0.194104,-0.411387,-0.469877,-2.532226,1,0,0,0
-0.924049,-0.094594,-0.256527,-0.362296,-1.615406,0.116260,-0.897862,0,0,0,0
-2.699424,0.319283,1.964753,-0.132872,0.361648,-0.305085,-1.553349,0,0,0,1
-0.306333,-1.232017,1.386120,-0.025100,-4.321201,-0.588680,-1.444228,0,0,0,0
-1.264412,-4.106650,0.271611,2.686749,-2.982656,-0.460151,-1.897269,0,1,0,0
-1.117225,-0.096081,-0.016500,0.667939,-1.241327,-0.286730,-0.902622,0,0,0,0
-1.948862,0.268502,0.847302,-0.450993,-1.666904,-0.030024,-1.704376,0,0,0,0
-3.719873,2.123434,2.214836,-0.660134,1.515419,-0.662274,-2.748328,0,0,0,0
-1.112750,-1.687764,-0.936208,-0.984230,-1.082294,2.007482,-2.148072,0,1,0,0
-0.902886,0.887134,-2.256240,-2.211775,-2.165621,-0.341769,-0.733781,0,0,0,0
-1.577529,-0.028422,-1.661683,-2.145355,-2.563577,-0.319813,-1.005848,0,0,0,0
-1.695360,-0.110984,-0.161384,-2.220544,-2.551262,0.107606,-1.971954,0,0,0,0
-2.769943,0.756984,2.438230,-1.300590,0.121437,0.245276,-1.473005,0,0,1,0
-0.820579,0.300620,-0.933937,-1.584689,-2.046357,0.030543,-0.476231,0,0,0,0
-1.584312,-0.849232,-0.139995,-1.322840,-2.456551,-0.031504,-1.245947,0,0,0,0
-3.525293,0.233445,2.141736,-1.293734,0.037822,-0.364136,-2.621702,0,0,0,0
-4.523937,-0.053376,2.356959,-1.762161,0.693434,-0.670590,-2.934809,1,0,0,0
-0.742500,-0.132257,-0.660846,-0.778397,-0.514798,-0.571984,-1.212550,0,0,0,0
-1.290544,-1.323373,0.273657,-1.204969,-1.575034,-0.917163,-2.611040,0,1,0,0
-1.415240,1.040838,1.448736,-0.528422,-2.552419,-0.453261,-0.646549,0,0,0,0
-1.028010,0.252907,0.567701,-1.115151,-2.306831,0.987992,-1.339039,0,0,0,1
-1.401985,-0.180084,0.156976,-0.357154,-0.687609,-0.815905,-1.038579,0,0,0,0
-2.421594,0.629823,1.512702,-1.173058,0.568676,-0.921269,-1.089573,1,0,0,0
-0.581625,0.491877,-1.102839,-1.780921,-2.560817,-0.251092,-0.594539,0,0,0,0
-0.837200,0.026610,-1.100098,-1.955822,-2.741950,-0.254867,-1.131603,0,1,0,0
-1.039410,0.418441,-0.551614,-2.029417,-2.886174,0.103900,-1.196969,0,0,0,0
-3.363580,0.267368,2.402819,-0.967102,-0.714122,-0.594413,-2.014819,0,0,1,0
-0.507622,0.233489,-0.975835,-1.779996,-2.387501,-0.238169,-0.870447,0,0,0,0
-1.276538,0.164947,0.066696,-2.291148,-1.280389,0.070765,-1.888403,0,0,0,0
-4.365774,0.993271,0.884729,-2.262109,1.973773,-0.907689,-3.075569,0,0,0,0
-2.722187,-1.843153,0.346546,-0.121716,-0.873375,-0.665824,-2.351924,0,0,1,0
-0.867502,0.035547,-0.349237,-0.331821,-0.710744,-0.248396,-1.159839,0,0,0,0
-0.626117,-0.909652,-0.318654,-0.057332,-1.087291,0.218668,-1.394665,0,0,0,0
-2.123109,0.970455,0.082825,-1.965459,0.200647,0.015466,-2.135572,0,0,0,0
-2.087132,-1.604919,-0.089103,-0.617250,-1.481501,-0.702743,-2.336918,1,0,0,0
-0.774523,0.930920,-1.143501,-1.562182,-2.014565,-0.390158,-1.172256,0,0,0,0
-1.528332,-0.144812,1.463564,-0.685220,-0.549869,-0.331530,-0.973953,0,0,0,1
-0.747321,-0.199599,0.681680,-0.904239,-3.238131,-0.252716,-1.029236,0,0,0,0
-2.504076,0.603307,2.185310,-1.239301,-2.447687,-0.468647,-2.353790,0,0,0,0
-2.386123,1.568646,-1.327037,-0.522005,1.317958,-0.604354,-2.521455,0,0,0,0
-2.089473,-0.120006,-0.979867,-0.672559,0.779347,-0.083014,-2.673134,0,0,1,0
-0.610084,0.980834,-1.125016,-1.846969,-1.633045,-0.429506,-1.101248,0,0,0,0
-1.112677,0.641632,1.275392,-0.935220,-0.423743,1.672566,-0.034571,0,1,0,0
-0.435586,-0.222358,-0.381924,0.279806,-1.055625,1.202816,-0.755767,0,0,0,0
-0.575271,0.042690,-0.106858,-0.035900,-0.469553,-0.580151,-0.547697,1,0,0,1
0.472957,0.764599,-0.270415,1.555948,-0.871341,-0.254037,1.406401,0,0,0,0
0.161760,0.344591,0.225364,0.682292,0.197772,-0.078982,0.806940,0,0,1,0
0.065665,1.028435,-0.415690,0.650965,-1.590382,-0.250944,-0.722305,0,0,0,0
-0.337699,0.083790,-0.195490,1.198408,-1.071656,-0.224613,-0.516699,1,1,0,0
0.100756,1.736181,0.162083,1.091953,-0.973513,-0.127077,1.832985,0,0,0,0
-0.248608,0.868939,0.496125,2.151237,-0.754164,0.113733,0.919598,0,0,1,0
0.142607,0.304272,-0.153509,1.652866,-0.683160,-0.345276,0.655048,0,1,0,0
-0.475614,0.334722,0.016302,2.338410,-0.571818,-0.168607,-0.367060,1,0,0,1
-0.048447,1.486328,-0.265055,0.663758,-0.941863,-0.252789,2.138548,0,0,0,0
-0.157543,0.931763,-0.503738,0.874516,-1.695368,0.115285,0.537316,0,0,1,0
0.189151,1.209300,-0.764274,0.009621,-1.807185,-0.141669,0.600980,0,0,0,0
-0.384539,0.033606,0.454785,1.575360,-0.537310,-0.090143,-0.282579,1,1,0,0
-0.083774,1.041232,0.238363,1.948636,-0.486592,0.195870,1.643661,0,0,0,0
-0.305677,0.823764,1.053706,2.300505,-0.401146,0.085700,0.609536,0,0,1,0
0.041981,0.480205,-0.178347,1.250279,-0.421257,-0.363707,0.736965,0,0,0,0
0.015071,0.573134,-0.166874,1.208102,-0.616677,0.229043,0.661594,1,0,0,1
0.185874,0.537427,-0.244190,1.527065,-0.796307,0.109268,1.611459,0,0,0,0
-0.139700,0.452605,0.315415,1.821875,-0.000330,0.186593,0.660240,0,1,0,0
0.166620,0.976272,-0.954852,0.035213,-1.418973,-0.346201,0.861062,0,0,0,0
-0.343710,0.713162,0.233054,1.549694,-0.740803,-0.122944,0.155103,0,0,1,1
0.020800,1.266872,0.132162,1.175865,-0.355759,-0.390630,2.199700,0,0,0,0
-0.172509,0.574843,-0.312160,1.468385,-0.062746,0.037964,1.049474,0,1,0,0
0.299464,0.135218,0.211176,1.974948,-0.189293,0.335083,0.646843,0,0,1,0
0.160504,-1.101769,-0.153686,2.743959,-1.022994,-0.024361,0.266734,1,0,0,1
0.069478,0.916669,-0.293663,0.754316,-1.351786,0.024133,1.767517,0,0,0,0
-0.176276,1.419609,0.742348,1.080534,-1.877822,-0.353289,1.737951,0,1,0,0
-0.609856,1.094278,0.891392,2.122650,-0.605853,-0.741599,1.311499,0,0,0,0
-0.330904,0.979111,0.425092,1.820024,-0.866093,0.087992,1.646691,0,0,1,1
0.195773,1.093360,-0.777478,0.910371,-0.995854,0.123124,2.238360,0,0,0,0
-0.629933,0.719601,0.216828,1.992947,-0.300182,-0.213495,1.142513,0,1,0,0
-0.344719,1.007136,0.457094,1.556532,-0.738342,0.092314,0.504448,0,0,0,0
-0.157845,0.011014,0.695873,2.382005,-0.406727,-0.126194,0.966420,1,0,1,0
0.396401,0.985753,-0.238863,0.990045,-0.862157,-0.122454,1.877272,0,0,0,0
-0.583744,0.051391,0.776049,1.859283,-0.557296,-0.506355,1.248001,1,0,0,0
0.062311,0.675281,-0.213905,1.067843,-0.952079,-0.421109,0.715569,0,0,0,0
-0.648285,-0.066710,0.670716,2.236410,-0.407806,-0.069483,0.005518,0,1,0,1
0.129997,0.816914,0.279971,1.319519,-0.201482,-0.148683,1.460130,0,0,0,0
-0.493349,0.859263,0.959529,2.110193,0.016661,-0.410898,0.791760,0,0,0,1
0.071366,0.950859,-0.316408,0.692390,-1.722749,-0.272220,1.423551,0,0,0,0
0.238114,1.195848,-0.991401,-0.596783,-2.035155,0.667042,0.354546,1,0,0,0
0.305492,1.260606,-0.754708,0.281240,-0.969079,0.261730,1.469088,0,0,0,0
0.208697,0.428079,-0.393103,0.349217,-1.191599,-0.001077,0.274766,0,1,0,0
0.280493,-0.172639,-0.402243,2.009519,-0.345196,-0.238531,0.471810,0,0,0,0
0.621596,0.303464,0.299352,0.803070,-0.951270,-0.099895,0.103728,0,0,1,1
0.414329,-0.368047,-0.064118,1.186559,-1.316138,0.303288,0.760615,0,0,0,0
0.323271,-0.833971,0.924310,0.907459,-0.935689,-0.052678,-0.135456,1,1,0,0
0.296427,1.238643,-1.152468,0.850044,-1.158343,0.039583,1.569585,0,0,0,0
-0.170752,1.503840,-0.480401,0.722649,-0.936620,-0.267627,0.351255,0,0,0,0
-2.221295,0.377043,1.109780,1.233637,-0.623062,-0.765570,-2.076602,0,0,0,0
-1.137039,0.305892,0.267114,-0.064185,-0.214342,0.544658,-0.835285,1,0,0,1
0.539472,-0.160047,0.557767,-0.767281,0.293606,0.143681,1.551654,0,0,0,0
0.396467,-0.595425,1.251970,-0.515952,0.302105,-0.307611,0.538413,0,0,0,0
-2.472202,-0.253882,1.671700,0.054675,0.594649,-0.880747,-2.242880,0,0,0,0
-0.321303,-2.584312,1.838896,0.724830,-0.841211,2.382890,-1.470628,0,0,1,1
-0.097716,1.682438,-0.978310,0.723571,0.147752,-0.187561,0.886262,0,0,0,0
-0.058144,0.539728,0.724168,0.902555,0.358758,0.328168,1.332115,1,1,0,0
0.594452,0.324469,-0.439124,-0.080383,0.210560,-0.039551,1.474674,0,0,0,0
0.029577,0.542952,-0.290441,-0.169535,0.334092,-0.410211,0.980840,0,1,0,0
0.193709,0.216240,0.546145,1.518627,-0.418068,0.013977,1.243363,0,0,0,0
0.645704,-0.260955,0.601249,-0.263872,-1.372059,0.749988,0.412831,0,0,1,1
0.665807,0.470252,-0.106399,-0.149516,-0.772916,0.565432,1.226124,0,0,0,0
0.253840,0.297981,-0.241253,-0.188577,-0.626850,-0.041859,0.530244,0,0,1,0
0.821462,-0.109315,0.983411,-0.256112,-0.108068,-0.204172,1.513472,0,0,0,0
0.285984,-1.247565,1.640274,0.607285,0.330769,-0.376608,0.104964,1,0,0,0
-0.536792,0.665038,-0.838462,-1.207131,-1.079358,-0.375115,-0.198349,0,0,0,0
-0.819257,0.262859,-0.777772,-0.876364,-1.205703,0.039013,-0.696155,0,0,0,0
-3.023674,0.945707,1.587428,0.707291,1.660169,-0.826305,-1.981600,0,0,0,0
0.502009,-1.505405,-2.204791,1.303352,-0.560557,9.368575,-1.365669,1,1,0,0
0.973633,0.913015,-0.925611,-0.482334,-0.867246,0.080553,0.974608,0,0,0,0
0.903617,0.607461,-0.601318,-0.431005,-0.733726,-0.076057,0.063186,0,0,0,0
0.925568,0.422006,-0.527163,-0.622463,-1.332159,-0.310783,-0.344611,0,0,0,0
0.794442,-0.941134,0.060221,-0.110637,-1.670859,-0.010596,-0.708263,0,0,0,1
0.656500,0.671233,-0.454048,-0.220009,-0.670495,-0.105711,0.657245,0,0,0,0
0.809286,-0.272334,-0.056579,-0.661619,0.502362,-0.188337,-0.462934,0,1,0,0
1.029640,-0.949184,0.142782,-0.327272,-0.904268,1.193624,0.567782,0,0,1,0
0.487193,-0.133631,0.399728,-1.079893,-0.505277,-0.393778,-0.173565,1,0,0,1
1.293327,-0.005922,-1.265315,-0.741328,-1.563165,-0.294791,0.648788,0,0,0,0
0.840253,-0.521094,-0.348405,0.261901,-0.397404,0.294745,0.636142,0,0,0,1
1.322443,-0.259165,-0.576538,-1.156460,-1.152634,-0.330409,0.564198,0,0,0,0
0.814521,-0.841759,-0.099583,-0.916308,-0.007597,-0.161370,0.376718,0,0,0,0
0.033174,-0.385403,0.582232,0.614070,0.549771,-0.251592,-0.366219,0,0,0,0
0.803857,-0.714183,0.764494,0.943675,-0.081139,0.844118,0.084407,0,0,1,0
0.928963,-1.031614,-0.069484,-1.651534,0.624371,-0.180517,0.334464,0,0,0,0
0.428380,0.416252,0.554205,-0.022617,0.033870,0.061006,-0.172457,1,1,0,0
0.461436,0.177867,0.333707,1.439372,-0.361979,-0.500001,1.312569,0,0,0,0
-0.371317,0.335106,0.004825,0.713496,0.865189,-0.646160,-0.064134,0,0,0,1
0.766320,-0.614905,0.449854,-0.100660,1.152739,-0.297115,1.075073,0,0,0,0
0.042580,-0.698793,0.215391,-0.413881,1.191883,-0.421003,-0.101772,0,0,1,0
0.477551,0.931708,-0.500608,0.126418,1.129695,-0.152290,1.113881,0,0,0,0
-0.096583,0.050836,0.789200,-0.513061,1.664700,-0.392560,-0.146613,0,1,0,0
0.327243,-1.613479,1.255749,-0.488903,1.292951,0.072255,-0.890730,0,0,0,0
0.426079,-2.317226,0.851241,1.064005,-1.025641,-0.454093,-0.487960,1,0,1,0
0.892786,0.411742,-0.674211,-0.078795,-0.983017,0.161434,0.936889,0,0,0,0
0.601603,0.668974,-0.686848,-1.360664,-0.203634,-0.082066,0.081719,0,0,0,0
0.778512,-0.577535,1.096353,-0.835438,0.829952,0.080687,-0.348263,0,0,0,0
1.284391,-0.892732,-0.087828,-0.950144,0.441218,1.311786,0.094539,0,1,0,0
0.465743,0.883902,-1.190159,-0.817895,0.167952,-0.162922,1.188934,0,0,0,0
0.310454,0.719918,0.049565,-1.028691,-0.479572,-0.175587,0.258100,0,0,0,0
0.259135,-0.719054,1.811692,-0.739783,0.070891,0.128496,-0.465483,0,0,0,0
-0.083873,-0.439951,1.126216,-0.044502,0.798853,-0.422404,0.257433,1,0,0,1
0.727574,-0.003788,-0.749126,1.658634,0.122533,0.547395,1.114049,0,0,0,0
0.033861,1.098890,-0.414701,0.885060,0.346008,-0.341113,-0.004928,0,0,1,0
0.495063,0.098160,-0.381623,-0.759505,-0.364668,-0.024773,0.691176,0,0,0,0
0.007176,-0.790627,0.599003,-0.061689,0.500537,-0.479083,-0.478535,0,1,0,0
0.282898,0.726146,-0.624111,0.125580,1.134247,-0.091625,1.243760,0,0,0,0
0.309807,0.153879,0.241096,-0.578009,1.059584,-0.020023,0.273980,0,0,1,0
0.875584,-0.300743,0.085311,-1.502316,-0.398338,0.472349,0.005824,0,0,0,0
0.859541,-0.170092,0.459065,-1.016689,-0.463196,-0.315501,-0.030388,1,1,0,0
0.540557,0.711799,0.137489,0.742426,-1.690582,-0.168530,0.933473,0,0,0,0
-0.211285,-0.137168,1.037162,-0.227278,0.555361,0.187261,-0.799171,0,0,0,1
0.936925,-0.921067,0.105677,-1.300177,0.577466,-0.143413,0.137264,0,0,0,0
0.756584,-0.354073,0.897766,-0.505479,0.453320,-0.285419,-0.136898,0,1,0,0
-0.672616,0.232357,-0.055527,0.239076,1.621393,-0.458873,1.408251,0,0,0,0
0.348013,-1.482475,0.873151,0.345324,-0.245884,0.282067,0.261595,0,0,1,0
1.037663,-0.544928,0.199706,-0.889652,0.761599,0.226033,0.363020,0,0,0,0
0.591057,0.132940,-0.288569,-0.347998,1.000232,-0.252719,0.275655,1,0,0,1
0.257114,0.270955,-0.508555,1.527117,-0.301175,0.191373,1.064891,0,0,0,0
-0.334336,0.271718,-0.482961,0.870795,0.666536,-0.279967,-0.100626,0,1,0,0
0.828451,-0.435345,-0.458679,-0.438063,-0.556208,0.097438,0.362042,0,0,0,0
1.064063,-1.273595,0.212040,-0.180853,-0.024313,0.846688,0.002358,0,0,0,1
0.798654,0.581524,-0.314085,-0.849535,0.007863,-0.022857,1.365939,0,0,1,0
0.363199,0.485555,-0.443568,-0.702035,-0.265815,-0.317620,0.378197,0,1,0,0
0.383444,-1.231887,-0.190597,0.746443,-0.178331,0.289627,-0.292118,0,0,0,0
0.204383,-0.525065,-1.310776,1.071640,-0.513834,-0.372142,-0.637174,0,0,0,1
0.505868,-0.746929,-0.024097,1.327344,0.697571,-0.123306,0.930820,0,0,0,0
0.378010,-0.171366,-0.197835,-0.733287,0.599634,0.023001,0.306156,1,0,0,0
0.975738,-0.150948,-0.241539,-0.949413,-1.042314,0.443254,0.694078,0,1,0,0
0.903371,-0.635725,-0.280301,-1.542710,-0.756487,0.234166,0.059864,0,0,1,1
0.657483,0.042045,-0.501373,-0.204958,-0.403590,0.167486,1.028031,0,0,0,0
0.359663,-0.314107,-0.130632,0.879527,-0.269810,0.012623,-0.368757,1,0,0,0
0.319589,-0.690743,-0.178924,-0.438613,-0.152941,-0.341302,0.189341,0,0,0,0
0.327295,-0.343271,-0.044228,0.231716,0.310692,-0.156746,-0.201561,0,1,1,0
0.768257,0.152917,-0.110820,1.128707,0.273405,-0.198629,1.233048,0,0,0,0
0.061150,0.352131,-0.386995,1.120155,0.643719,-0.099419,0.058519,0,0,0,1
0.568313,-0.871992,0.220537,-0.969399,0.114640,-0.381197,-1.001258,0,0,0,0
0.732159,-2.139619,-0.390865,1.107571,-1.268773,0.741211,-0.725779,1,0,0,0
0.318134,0.609585,-1.103008,0.775201,0.808074,-0.428467,0.767631,0,0,0,0
0.175585,0.099319,-0.607692,0.177618,0.934696,0.277293,-0.430257,0,0,1,0
0.707216,-0.384376,-0.450581,-1.402761,-0.208667,-0.186527,-0.513310,0,0,0,0
0.358546,-0.136905,-0.223945,-0.874780,0.709567,0.117791,-0.560065,1,1,0,0
0.324623,0.029747,-0.889270,1.113528,-0.128706,0.451399,1.013324,0,0,0,0
0.070933,1.226082,-0.332070,0.128897,-0.681557,-0.240962,0.200879,0,0,0,1
0.878214,-0.429485,1.117431,-1.183387,-0.184393,-0.368184,0.225802,0,0,0,0
0.579251,0.160789,1.085742,-0.716044,-0.524126,-0.055835,0.652365,0,0,0,0
-0.171854,1.186796,0.415024,-0.874647,-0.445270,-0.051384,0.965886,0,0,0,0
-0.610846,1.453917,0.695146,0.455906,0.871232,-0.208246,-0.501051,0,1,0,0
0.733037,-0.974647,0.716345,-1.254538,-0.077513,-0.315679,0.438428,0,0,0,0
-0.002688,0.350955,0.176888,0.077436,0.432031,-0.318424,0.292657,0,0,1,1
0.641039,0.612748,-0.907703,0.882956,-0.987139,-0.119065,1.329521,0,0,0,0
0.119437,0.968292,-0.183384,1.342032,0.188627,0.061164,0.310635,1,0,0,0
0.784445,-0.528266,1.132728,-0.678307,0.654515,-0.162975,-0.246738,0,0,0,0
0.144581,0.300234,0.737280,-0.145741,1.071301,-0.205034,0.184041,0,1,0,0
0.204437,0.801219,-1.275134,-1.004239,-0.387035,-0.337370,1.143380,0,0,0,0
0.389224,-0.029130,-0.598316,-1.757653,0.397072,-0.207183,-0.116746,0,0,0,0
0.880837,-1.192415,0.999248,-0.637579,0.816931,0.004498,-0.114247,0,0,0,0
0.239549,-0.393721,0.362613,-0.523360,1.333298,-0.590364,0.225211,0,0,1,1
0.635249,0.340428,0.127271,1.087170,-1.147901,-0.176090,1.300516,0,0,0,0
-0.075465,0.171283,0.681695,0.003542,1.092638,-0.403670,-0.006328,0,0,0,0
0.851122,-0.628852,0.612562,-0.724567,0.905161,-0.002141,-0.258168,0,0,0,0
0.863374,-1.555121,-0.101754,0.564644,0.459190,0.104868,-0.343875,1,1,0,0
0.433453,0.127740,-0.444426,1.378483,1.128581,0.609692,1.032774,0,0,0,0
0.243478,0.364537,0.369299,0.624433,0.755099,0.042141,0.925385,0,1,0,0
0.117289,-0.299178,-0.351259,1.968723,0.449599,0.092784,0.040986,0,0,0,0
-0.487344,0.723132,0.551062,1.186290,0.077053,-0.475704,-0.047316,0,0,1,1
1.019968,-0.195829,0.035259,0.168494,-1.187335,-0.177039,1.374719,0,0,0,0
0.848061,-1.325026,0.822962,0.106706,-0.811826,0.053337,-0.670324,1,0,0,0
0.276012,0.334979,0.655593,0.325796,-0.336153,-0.481161,1.127955,0,1,0,0
0.403115,-1.239426,0.262056,2.129811,-1.397282,-0.049044,1.501042,0,0,1,0
1.044262,-0.649852,-0.240985,0.759918,-0.276890,-0.153714,0.649808,0,0,0,0
0.795943,-0.255275,0.413691,0.598893,0.213724,-0.325918,0.597333,1,0,1,0
1.157857,-1.394199,0.014173,0.306878,0.075268,-0.105300,0.099906,0,0,0,0
0.613581,-1.094655,0.411065,-0.342651,0.411394,0.074240,-0.835035,0,1,0,0
0.334329,0.408560,-0.347079,-0.098713,-0.597663,0.079321,1.080628,0,0,0,0
0.583731,-0.934268,0.463939,0.516671,-0.435988,0.305831,0.618400,0,0,1,1
1.024079,-0.336270,-0.091352,0.318804,0.299846,0.270970,0.956473,0,0,0,0
0.713581,-0.084850,0.439332,-0.110747,0.771585,-0.125090,0.919693,0,0,0,0
-1.419331,-0.046479,0.763909,0.728337,0.180459,-0.317010,-1.584011,0,0,0,0
-1.054735,-0.869646,0.443834,0.179909,0.559472,-0.088819,-0.860424,0,1,1,0
0.965716,-0.570544,-0.064853,-0.081862,-0.145682,0.260573,0.382338,0,0,0,0
0.600300,-0.712391,0.537323,0.100530,0.509163,-0.277967,0.093154,0,0,0,0
-1.436188,0.160418,1.364537,0.498458,0.007173,-0.543578,-1.942304,0,0,0,0
-0.594363,-0.459815,0.441217,0.305987,1.432308,1.069580,-0.411251,1,1,0,0
0.984156,-0.521705,-0.132736,-0.514419,-0.243997,-0.417255,0.427310,0,0,0,0
0.624807,-0.071918,0.678794,-0.742658,0.428543,-0.114742,0.007066,0,0,1,1
0.983785,-0.232423,0.059978,-0.197616,-0.459165,-0.104372,0.721685,0,0,0,0
0.788461,0.118986,0.279176,-0.801670,-0.053803,-0.008298,1.431167,0,0,0,0
0.005331,1.064865,0.005716,-0.165705,-0.377820,-0.164369,0.637137,0,0,0,0
-0.077553,0.779519,-0.408075,-0.863880,-0.732457,-0.281648,0.689816,1,0,0,0
0.471242,0.252984,-0.847750,-0.034397,-1.798487,0.680152,0.450442,0,1,0,0
0.524473,-0.057868,-0.650732,0.391350,-1.671819,0.411412,-0.235676,0,0,0,1
-0.474806,-1.026683,-0.590230,0.751756,-1.649444,-0.548868,-1.728632,0,0,1,0
0.031252,0.103352,-2.126393,0.830601,-0.891501,0.885791,-1.165128,1,1,0,0
1.087732,0.020725,-1.646400,-0.331001,-0.168090,-0.308801,0.756533,0,0,0,0
1.078635,-0.248894,0.095709,-0.179110,-0.760859,0.028495,-0.173944,0,0,0,1
0.688314,-1.188882,0.079039,0.283608,-0.404354,0.057868,-0.391226,0,0,0,0
0.660433,-1.656896,-0.861106,0.294471,-1.434720,0.384574,-1.309754,1,0,1,0
1.045416,0.670511,-1.068559,-0.506529,-0.597688,-0.042737,0.991634,0,0,0,0
0.738041,0.712408,-0.790457,-0.567018,-0.791659,-0.085241,0.765917,0,0,0,0
0.985329,-0.387840,0.290923,-1.230580,-0.008925,-0.373146,0.481680,0,0,0,0
0.665978,-0.284732,-0.145944,-0.210405,0.221622,-0.323144,0.320876,0,1,0,0
0.272511,0.484351,-0.784637,0.263445,0.820183,0.117156,1.045870,0,0,0,0
0.631685,-0.042332,-0.843014,-1.192117,0.713286,0.536052,-0.290937,0,0,0,1
1.076311,-0.124246,0.354219,-1.502565,-0.200734,0.024967,0.831768,0,0,0,0
0.824343,-0.034042,0.151202,-1.362591,-0.419944,-0.285618,0.425395,0,1,1,0
0.752521,-0.115613,-0.503074,0.528805,-0.443693,-0.144066,1.277048,0,0,0,0
0.950870,-0.429577,-0.319316,0.296138,-0.210696,0.043507,0.566735,1,0,0,0
1.144400,-0.039795,0.039745,-1.813598,-0.407550,-0.280294,0.490583,0,0,0,0
0.973672,0.269726,-0.182877,-1.555782,-0.360821,-0.422651,0.232591,0,0,0,0
0.381194,0.139068,-0.237549,-0.836417,-1.096519,-0.290723,0.646313,0,0,0,0
1.051888,-1.501993,0.453351,-1.939373,-1.234821,0.115963,-0.118421,0,0,0,1
1.145747,-0.305658,0.305390,-1.426835,0.298687,-0.354843,0.810300,0,0,0,0
0.696075,0.560916,-0.292197,-0.831225,0.465646,-0.050952,0.529035,0,1,1,0
0.486958,-0.724697,1.138651,1.393492,-0.993831,-0.224733,0.746499,0,0,0,0
0.973647,-1.213875,2.239709,-1.218877,-0.104759,0.113583,-0.875005,0,0,1,0
1.156841,-0.585061,0.210311,-1.214260,0.523315,-0.166598,0.122087,0,0,0,0
1.035478,-1.741871,1.073787,-0.607911,-0.038616,1.354580,0.595306,1,0,0,0
0.405611,1.445616,-0.672336,-0.404094,-0.073325,-0.374396,1.638676,0,0,0,0
0.418847,0.943069,-0.006603,-0.192758,-0.234508,0.008264,0.607142,0,0,0,1
0.295811,-0.930932,1.299373,-0.939734,0.651891,-0.293246,0.141709,0,0,0,0
1.046393,-0.972656,-0.075120,-0.451586,-0.299308,2.670888,0.980734,1,1,0,0
0.718054,0.791061,-0.634182,0.582920,-0.113687,-0.027686,1.318571,0,0,0,0
0.668848,0.544289,-0.248891,-0.142150,0.195468,-0.438197,0.984744,0,0,1,0
1.108459,-0.299587,0.637788,-0.963032,0.141052,0.020394,0.463651,0,0,0,0
1.033832,0.318386,0.026910,-1.255865,-0.442866,-0.015581,0.653830,0,0,0,1
0.964431,0.885046,-0.772072,-1.240977,-1.004446,-0.134470,1.317264,0,0,0,0
1.031836,-0.156940,-0.111416,-0.969380,-1.148419,0.407393,0.063647,0,0,0,0
0.433453,-2.277567,-0.046489,-1.288912,-0.934226,-0.384157,-1.424876,0,0,0,0
0.609701,-1.483086,-0.746918,-0.036847,-1.196283,0.622726,-0.657070,0,1,0,1
0.916451,0.951783,-1.253786,-0.556847,-1.000274,0.314838,0.775015,0,0,0,0
0.552349,1.653364,-0.957776,-0.795410,-0.916258,-0.276455,0.234456,0,0,0,0
1.015895,0.212324,0.825431,-1.464646,-0.788704,-0.380029,0.385945,0,0,0,0
0.749934,0.478455,0.489931,-0.906777,-0.286348,-0.264716,-0.201491,1,0,0,0
0.271761,0.646547,-1.099622,0.080856,1.044932,0.257489,0.590646,0,0,0,0
0.733747,0.607542,-1.291603,-1.705837,-0.039179,0.918608,0.301961,0,0,1,0
1.066670,-0.157069,0.085177,-1.341975,0.113896,-0.120513,0.230173,0,0,0,0
0.788059,0.060664,-0.121069,-1.368986,-0.468509,-0.128431,0.745480,1,0,0,1
0.113542,0.051810,0.205755,1.365428,-0.672920,-0.418944,1.428016,0,0,0,0
0.288305,-1.190524,0.142354,1.621247,-0.313508,-0.192532,0.369218,0,1,0,0
1.335134,0.429320,-0.105447,-1.751200,-1.028883,0.050902,0.940461,0,0,0,0
1.057271,0.162293,-0.666447,-1.696641,-0.490093,-0.178489,0.936403,0,0,0,0
0.776008,0.956876,-0.145263,-0.704530,-0.716583,-0.218875,1.300854,0,0,0,0
0.509271,1.714741,0.656890,-0.313093,-0.577427,0.099173,1.285281,0,0,1,0
0.782761,-0.776056,-0.175694,-1.511525,0.361426,0.011432,-0.397860,0,0,0,0
0.951597,-0.209204,-0.613391,-1.172512,-0.614983,-0.112851,0.577132,1,1,0,0
0.803968,0.108422,-0.385765,-0.288401,-1.080839,0.353270,0.450060,0,0,0,0
0.333256,0.928441,-0.109895,0.151993,-0.186229,-0.331735,0.598241,0,0,1,0
1.205231,-0.501850,0.236309,-0.894199,-0.453009,0.405343,0.286650,0,0,0,0
1.418174,-0.917378,-1.592834,0.458781,-0.395778,0.128307,0.640354,1,0,0,1
0.757070,0.430669,-0.931866,-0.828697,-0.979938,-0.074824,1.478433,0,0,0,0
0.618201,0.413316,-0.199386,-1.028440,-0.110068,-0.281724,0.432538,1,0,0,0
0.779903,0.601316,0.593312,-1.427611,-0.462820,-0.061907,0.756345,0,0,0,0
0.362265,1.395170,0.047854,-0.760409,-0.765453,-0.195654,1.245571,0,0,1,1
0.951048,-0.045293,-0.806605,0.754217,-0.799295,-0.221669,0.799619,0,0,0,0
0.945572,-0.925374,-0.860527,0.093193,0.880138,-0.516768,0.608590,0,1,0,0
0.666070,-0.432070,0.483721,-0.316500,0.306091,-0.129740,0.575770,0,0,1,0
0.742135,-0.209611,-0.111342,-0.171346,1.195099,-0.070649,0.113322,1,0,0,1
0.782597,0.649327,-1.120616,-0.336328,-0.831557,-0.289085,1.540821,0,0,0,0
0.634704,0.055300,-0.549453,-0.328569,-0.672515,-0.145258,0.907729,0,0,0,0
0.322248,-1.648122,1.011983,-0.070429,-0.715951,-0.464464,-0.140152,0,0,0,0
0.755867,-0.828511,0.036420,0.855488,-1.346993,0.407664,0.517705,1,1,0,0
0.991619,0.532344,-1.104532,-0.124641,-1.023372,0.167508,1.073992,0,0,0,0
0.736244,0.536510,-1.495175,-1.017302,-0.722502,0.035557,0.126111,0,0,0,0
0.776327,-0.827859,0.450537,-1.695440,-0.631895,-0.241236,0.124534,0,0,0,0
0.512694,-0.353890,-0.276442,-0.817959,-0.024618,-0.277426,-0.167515,0,0,0,1
0.407978,0.521820,-1.317147,-0.520151,0.401121,0.259329,0.956181,0,0,0,0
0.607993,0.589600,-0.583847,-0.767063,0.694388,0.118316,0.483965,0,1,0,0
1.169958,-0.182245,-0.329688,-1.644241,0.003686,0.177034,0.876242,0,0,0,0
0.924748,0.173810,-0.417798,-0.995185,0.116672,0.057319,0.898345,0,0,1,1
0.740718,0.129213,-0.162082,0.628982,-0.898173,-0.158317,1.092060,0,0,0,0
0.901311,-0.262368,0.056583,0.122445,-0.760286,-0.165399,0.092892,1,0,0,0
1.220562,-0.125759,-0.068948,-1.875647,0.483412,-0.275963,0.354308,0,0,0,0
0.945573,0.267674,-0.176867,-1.886494,-0.673009,-0.231758,0.437322,0,0,0,0
0.351326,1.319584,-0.167537,-0.961835,-0.278852,-0.290930,1.135133,0,0,0,0
1.516231,-0.549431,0.137301,-0.576841,-1.574384,0.452366,0.818307,0,0,0,1
1.318013,-0.500518,-0.377925,-1.471451,0.380279,0.109954,0.859166,0,0,0,0
0.956484,0.742223,-0.400154,-0.732270,-0.114128,-0.312964,0.779994,0,1,1,0
0.618474,-0.612563,0.140470,0.630162,-0.811907,-0.123764,0.945271,0,0,0,0
0.794979,-1.889657,1.057272,-0.755776,-0.116031,0.067271,-0.548115,1,0,0,0
1.006837,-0.303618,-0.055215,-0.655779,0.876776,-0.141700,0.728868,0,0,0,0
1.046034,-1.284403,0.814712,-1.030430,-0.929082,0.838813,0.770852,0,0,0,1
0.722262,1.020354,-0.874562,-0.505760,0.252598,0.273414,1.094729,0,0,0,0
0.231639,1.075611,-0.423688,-0.311830,1.608778,-0.236314,0.969627,0,0,0,0
0.576984,-0.903118,-0.153403,-1.257470,1.356454,-0.464585,-0.613937,0,0,0,0
1.091728,-1.718842,-0.107619,1.415590,-1.146958,0.179498,-0.239429,0,0,1,1
0.692765,0.617455,-0.732477,-0.000609,-0.900157,0.137468,1.538660,0,0,0,0
0.618107,0.682481,-0.165615,-1.088879,-0.567674,-0.035882,0.870498,0,1,0,0
0.816916,0.028343,0.366659,-1.104112,-0.258792,0.183889,0.572316,0,0,0,0
0.787015,0.092319,0.654403,-1.065210,-0.113382,-0.014743,0.830916,0,0,1,0
1.046976,0.331568,0.413317,-1.398213,-0.418717,-0.100529,1.248684,0,0,0,0
1.005330,-0.032459,0.282231,-0.952782,-1.301983,0.287131,0.562924,0,0,0,0
0.959234,-1.752370,-0.782813,-0.386182,0.760997,-0.360954,0.144758,0,0,0,0
0.611979,-2.860406,-2.348225,-0.355911,-0.591874,-0.192614,-1.162693,1,0,1,0
0.892381,1.091709,-0.699241,-0.198277,-1.900535,-0.022037,1.547722,0,0,0,0
0.618525,1.107636,-0.762090,-1.450239,-0.355279,-0.183179,0.099791,0,0,0,0
0.954547,0.312019,0.558164,-1.483570,-0.241623,-0.364849,0.340196,0,0,0,0
0.618435,0.528456,0.303007,-0.942096,0.047619,-0.291462,0.178424,0,1,0,0
0.200952,0.882769,-0.682128,0.076989,1.059908,0.096401,1.602790,0,0,0,0
0.823892,0.588812,-1.154029,-1.631187,-0.024965,0.428207,0.456367,0,0,0,1
1.134630,-0.408047,0.123285,-1.615377,0.315451,-0.132395,0.643685,0,0,0,0
0.579797,-0.227715,-0.112505,-1.132922,-0.144545,-0.073264,0.705147,1,1,0,0
0.544756,0.398373,-0.425748,0.678980,-0.273700,-0.223861,1.752158,0,0,0,0
0.652183,-0.485615,0.002896,0.432564,-1.053597,-0.190946,0.600117,0,0,1,0
1.357375,0.331097,-0.445305,-1.832158,-1.019176,-0.259145,0.723390,0,0,0,0
1.091638,0.111419,-0.045015,-1.533460,-1.125739,-0.233821,0.513310,0,0,0,0
1.177088,-0.600581,0.424534,-0.145621,-1.499076,0.121890,1.356259,0,0,0,0
1.161748,-0.724198,1.351715,-0.782638,-1.246171,0.249606,0.904317,1,0,0,0
1.226857,-0.115858,-0.816641,-0.632930,-0.545872,-0.220987,0.464947,0,0,0,0
1.332538,0.400223,-0.797571,-1.482447,-0.865702,0.653464,0.367931,0,0,1,0
0.761749,-0.920658,0.872874,0.347311,-0.869029,0.172983,0.875909,0,0,0,0
0.687767,-1.823324,0.797895,-1.429969,-0.140181,-0.070550,-0.450482,1,0,0,0
0.772014,-0.353422,-0.748918,-0.542528,0.578979,-0.208945,0.129297,0,0,0,0
0.255580,0.004645,-0.754628,-0.747818,0.676301,-0.437939,0.020789,0,0,0,1
0.720194,0.515285,-0.434315,-1.284214,0.102676,-0.093024,0.896670,0,0,1,0
0.510910,1.359541,-0.123101,-0.752969,-0.104374,-0.062220,0.951185,0,1,0,0
0.747692,0.318516,0.142302,-0.987072,0.491821,0.087850,0.771673,0,0,0,0
0.462173,1.150160,-0.336908,-0.913625,-0.588910,-0.362663,0.541072,1,0,0,1
0.791339,0.622914,0.331808,-0.035792,-1.080878,-0.592036,1.080225,0,0,0,0
0.745295,-0.272955,-0.462973,0.312141,-0.490255,0.166169,-0.080702,0,0,1,0
0.183121,-0.416002,-0.062777,-0.272599,0.679414,-0.156288,-0.901089,0,0,0,0
-0.071057,-0.171512,0.616482,-0.546725,0.554501,-0.190082,-0.913903,1,1,0,0
0.972773,0.240177,-1.279940,-0.430804,-1.380158,-0.269260,0.536515,0,0,0,0
0.648639,-0.119870,-0.757288,-0.453104,-1.292432,0.241154,0.353972,0,1,0,0
0.078958,-0.198282,-0.222063,0.328015,-1.182143,-0.266339,1.143675,0,0,0,0
0.658530,-0.194412,-0.666543,0.950036,-1.130865,1.019030,0.981390,0,0,1,1
1.256550,0.125504,-0.997277,-0.499408,-0.055403,-0.104599,0.656083,0,0,0,0
0.768951,-0.192366,-1.292919,-0.595552,0.225017,-0.015558,0.346781,0,0,0,0
0.821571,0.263217,-0.876586,-1.452540,-0.754849,0.131098,0.066595,0,0,0,0
0.484379,0.129753,-0.733148,-0.943308,-0.071688,-0.054814,-0.416352,1,1,0,0
0.795208,-0.081900,-0.716021,0.179308,-0.436327,0.303023,0.201939,0,0,0,0
0.824368,-0.331085,-0.798761,-0.433266,0.342894,0.079408,-0.577599,0,0,1,0
0.826436,0.389830,-0.610968,-1.033483,0.100723,0.125600,1.224716,0,0,0,0
0.782884,0.033533,-0.162297,-0.623521,0.086118,-0.098156,0.834486,1,0,0,1
0.794030,-0.324182,-0.508781,0.628191,-0.925680,0.156534,0.582338,0,0,0,0
1.038410,-0.587564,-0.384801,0.392289,-0.655227,-0.011640,0.466478,1,0,0,0
0.823173,0.453967,-0.459207,-0.985462,0.170142,0.041668,1.685759,0,0,0,0
0.870828,0.354000,-0.388023,-1.386759,-0.159309,0.122879,0.769293,0,0,1,1
1.064617,-1.020645,-0.111642,0.257921,-1.363673,0.471230,0.495513,0,0,0,0
1.132601,-1.051680,0.591948,-0.932957,-0.471826,-0.382754,0.498135,0,1,0,0
0.891138,0.370576,-0.566165,-1.114078,-0.334927,-0.219020,1.917763,0,0,0,0
0.698084,0.864621,-0.398910,-0.688571,-0.364263,-0.138615,0.832628,1,0,1,0
0.659044,-0.732583,0.104104,0.706095,-0.355453,-0.059913,-0.319801,0,0,0,0
0.571614,-2.086215,1.408981,-0.072688,-0.168825,0.141785,-0.584951,0,0,1,0
0.860498,0.120123,-0.026805,-0.535189,0.186544,-0.334717,1.324196,0,0,0,0
0.759910,-1.557256,0.944780,-0.105316,0.179110,-0.406898,1.323275,0,1,0,1
1.081969,0.992467,-0.740829,0.306748,-1.144674,0.033906,0.985244,0,0,0,0
0.759246,0.517122,0.219415,0.186120,-0.911162,-0.216153,0.732547,1,0,0,0
0.125578,-0.320149,0.584129,-0.408538,0.911891,-0.159966,1.688278,0,0,0,0
1.311523,-0.593425,-0.221558,-1.283705,-0.858255,2.279705,0.506745,0,0,1,1
0.884360,0.416158,-1.203081,0.721438,-0.608668,-0.362839,0.788939,0,0,0,0
0.820476,0.316054,-0.710784,-0.301185,-0.607139,0.031509,1.058125,0,0,0,0
0.691572,-0.281602,-0.723886,-1.058676,-0.650936,0.240787,0.482843,0,0,0,0
0.940291,0.283716,-0.381379,-1.487899,-0.582510,-0.392572,0.779724,1,1,0,0
1.133637,0.763157,-1.006523,-0.345994,-1.165318,-0.086196,1.386311,0,0,0,0
1.174053,-0.807563,-0.783633,-0.677445,-0.674934,0.382000,0.117166,0,0,0,0
0.344202,-1.109766,-1.575061,-0.155820,-1.553153,-0.377662,-1.053741,0,0,0,0
0.551700,-0.820905,-1.422493,0.391940,-1.306272,0.205788,-0.498933,0,0,1,1
0.845824,0.663537,-1.441450,-0.226899,-0.382721,-0.031482,1.457712,0,0,0,0
0.796227,1.152967,-1.182301,-0.271349,-0.984693,-0.168398,0.754114,0,1,0,0
0.700914,0.878373,-1.135838,-0.513173,-1.260226,-0.316505,-0.151301,0,0,0,0
0.711006,0.925675,-1.161666,-0.511938,-0.875819,-0.105851,-0.016197,1,0,0,1
0.877715,-0.064694,-1.370240,0.275525,-0.786218,0.195494,0.061626,0,0,0,0
1.059384,0.236082,-0.817400,-0.706084,-0.180391,0.229534,0.289965,0,0,1,0
0.839761,-0.093982,-0.823952,-0.842124,0.272297,-0.044314,0.906656,0,0,0,0
0.878861,0.168671,-0.590864,-0.689824,0.133326,-0.200584,0.181590,1,1,0,0
0.522914,-0.468045,-0.691818,0.924576,-0.552007,-0.320204,-0.061942,0,0,0,0
0.692524,-0.513070,-1.006787,1.009128,-1.081653,0.446408,0.081046,0,1,0,0
0.993696,0.829341,-0.559435,-1.613767,-0.392929,-0.446277,1.629176,0,0,0,0
0.976204,0.038510,-0.666800,-1.643621,-0.589151,-0.329150,0.900809,0,0,1,1
1.078440,0.761885,-1.056901,-0.503597,-1.943517,0.311503,0.931345,0,0,0,0
0.740636,0.895423,-0.185266,0.056853,-1.185956,0.196783,0.881177,1,0,0,0
0.785914,0.209796,-0.522817,-0.724369,0.427521,-0.398976,0.983513,0,0,0,0
0.714645,0.586448,-0.797308,-0.451899,-0.191596,-0.117172,0.535925,0,0,1,1
0.884735,0.094209,-0.993811,0.082865,-0.822988,-0.378370,0.262621,0,0,0,0
0.696497,0.747553,-0.466893,0.038965,0.009646,0.023364,0.598544,1,0,0,0
0.892131,-0.493884,-0.778798,-0.503605,0.548500,-0.171096,1.345784,0,0,0,0
1.411666,-1.071859,-1.924572,0.054805,-0.865832,0.356448,0.337711,0,0,0,1
0.741717,0.245739,-1.533642,-0.542615,-1.068437,-0.162834,0.963088,0,1,0,0
0.532410,0.312285,-0.913138,-0.734839,0.066088,0.115645,1.343360,0,0,0,0
0.648866,0.200395,0.118920,-0.370214,0.563593,-0.410128,0.516851,0,0,1,0
0.304274,1.551056,-0.847215,-0.506925,0.134766,0.443894,1.454530,1,1,0,0
1.379247,-0.910653,-0.077065,-0.702575,0.220219,0.844365,0.763798,0,0,0,0
1.248740,-0.937336,-1.246395,-0.641988,0.585132,-0.141474,0.165741,0,0,0,1
0.392776,-0.050532,0.300486,-0.298379,0.673645,-0.101928,1.282025,0,0,0,0
0.500632,0.136033,-0.202540,-0.400627,0.996957,-0.114832,0.141100,1,0,1,0
0.896318,0.404052,-1.290505,-0.660296,-0.911720,0.059321,1.093549,0,0,0,0
0.808337,-0.157206,-0.722687,-0.607673,-0.729622,0.244148,-0.242873,0,0,0,0
0.115117,-1.254507,-0.920527,0.156201,-1.411627,-0.591842,-1.575848,0,0,0,0
0.334490,-1.499300,-0.983145,0.640857,-1.133393,-0.187893,-0.923843,0,1,0,1
0.915356,0.408513,-1.530794,-0.259851,-0.767338,0.181119,1.399559,0,0,0,0
0.669550,-0.093639,-1.278669,-0.258560,-0.348722,-0.201924,-0.134638,0,0,0,0
0.679706,0.021085,-1.147708,-0.937887,-1.352677,-0.384757,-0.098634,0,0,0,0
0.475259,0.073691,-1.269196,-0.852342,-0.990643,-0.419634,-0.270220,1,0,1,0
0.749842,-0.344515,-1.210614,0.673797,-0.498130,-0.076617,0.265062,0,0,0,0
0.882280,-0.236879,-0.775285,-0.811141,-0.232056,0.087997,-0.232433,0,0,0,1
0.917197,0.220003,-0.778206,-1.135854,-0.492521,0.247395,1.049895,0,0,0,0
0.940766,0.198857,-0.502030,-0.770958,-0.237047,-0.123872,0.163372,1,1,0,0
0.672984,-0.473993,-0.396134,1.154740,-0.560760,0.231421,1.205778,0,0,0,0
1.089275,-0.787317,-0.351153,-0.039160,-0.851905,0.084920,0.159947,0,1,0,0
0.858736,0.498843,-0.439656,-0.929255,0.314205,-0.082774,1.059737,0,0,0,0
0.854636,0.281822,-0.570899,-1.418792,0.115526,-0.099600,0.424242,0,0,1,1
0.915649,0.294349,-1.172903,0.141171,-0.851878,0.167790,0.418836,0,0,0,0
1.597457,-0.949607,-0.847518,0.720905,-1.876078,0.942269,0.732146,1,0,0,0
1.138886,0.110902,-0.236018,0.046925,0.493178,0.016217,1.499982,0,1,0,0
0.572385,1.252804,-0.236889,-0.140612,-0.016370,0.156399,1.564309,0,0,1,1
0.641825,-0.717491,-0.718116,1.581557,0.330200,-0.285078,0.520884,0,0,0,0
0.566167,-0.169830,-0.473500,0.241477,-0.199734,-0.310554,0.024461,0,0,1,0
0.791510,0.384997,0.933618,-0.108561,-0.007396,0.113768,1.711583,0,0,0,0
0.784714,-1.474210,1.248987,-0.492350,-0.059547,0.177065,0.118898,1,1,0,0
1.161554,-0.114564,-0.492852,0.829093,-0.379338,0.302159,0.659443,0,0,0,0
0.743970,-0.403098,-1.134532,0.692185,0.516262,-0.446082,-0.210037,0,0,1,0
0.341623,-0.033735,0.454192,-0.354280,0.647914,-0.103680,1.249327,0,0,0,0
1.247104,-0.588018,-0.344723,-0.914341,0.137572,0.171815,0.570540,1,0,0,1
1.001212,-0.073016,-0.991274,0.198145,-0.937143,0.243678,0.899259,0,0,0,0
0.701862,-0.070459,-0.280646,-0.201924,-0.657315,-0.164147,0.924334,1,0,0,0
0.842887,0.509288,-0.094689,-0.841968,0.332706,-0.337093,1.476071,0,0,0,0
0.868283,-0.111299,-0.432701,-1.190644,0.030415,-0.092179,0.998666,0,0,1,1
1.244664,0.069263,-0.903932,-0.238294,-1.279621,0.431012,1.259657,0,0,0,0
1.250789,-0.505014,-1.521028,-0.492699,-0.758332,0.334060,0.228663,0,0,0,0
0.471724,-0.566125,-1.283701,-0.378360,-1.250927,-0.556376,-0.737213,0,0,0,0
0.399362,-0.926620,-0.586882,1.061829,-1.315479,0.098362,-0.651722,1,1,0,0
1.298100,-0.365533,-0.540038,-0.880124,-1.069821,0.579325,0.834703,0,0,0,0
0.867882,0.141963,-0.502806,-0.944673,-1.067638,0.080630,0.599214,0,0,1,0
0.657370,0.982284,-0.269710,-0.979332,-0.528966,-0.160512,1.199431,0,1,0,0
0.322200,1.239714,-0.415595,-0.230627,0.224523,-0.233841,2.165062,1,0,0,1
0.610943,0.210118,-1.057871,0.165532,-0.668661,0.019523,0.329282,0,0,0,0
1.061769,0.071402,-1.044943,-0.893773,-1.095293,0.841935,0.659156,0,1,0,0
0.814633,0.386196,-0.225849,-0.841776,-0.364242,-0.006543,1.160208,0,0,1,0
0.454965,0.039230,-0.189151,-0.775216,-0.038850,-0.178806,1.696683,1,0,0,1
0.539090,-0.360548,-1.036300,0.983730,-0.682475,-0.355982,-0.241546,0,0,0,0
1.157679,-2.137453,-0.681278,1.713056,-0.815382,2.167625,0.010454,0,1,1,0
1.274868,-0.017382,-0.049731,-0.907746,0.084808,-0.123731,1.643858,0,0,0,0
1.135056,-0.364996,-0.564271,-1.275535,0.006112,-0.058580,0.488309,0,0,0,0
-0.524724,0.474167,-0.542861,-1.795346,-1.725856,-0.783250,-0.974942,0,0,0,0
0.419087,-0.640926,0.234952,-1.328994,-1.473661,0.135134,-0.686574,0,1,0,1
1.281560,-0.576526,-0.044171,-0.512551,0.145087,-0.134746,1.498398,0,0,0,0
1.024394,-0.571854,0.347938,-1.033729,0.232374,-0.139439,0.604143,0,0,0,0
-0.409112,0.674799,0.688606,-0.451783,-0.707317,-0.724621,-1.349971,0,0,0,0
