mfcc0,mfcc1,mfcc2,mfcc3,mfcc4,onset,rms,lane0,lane1,lane2,lane3
-2.255720,2.591142,0.021566,0.792408,-0.886805,9.174893,-0.928517,1,0,1,0
0.429069,-0.754800,1.553094,-0.096518,0.814238,-0.213067,1.809645,0,0,0,0
0.255186,-0.847482,0.815657,0.699545,0.397437,-0.424995,0.371251,0,0,0,0
0.295402,-1.113359,1.277197,0.880391,0.537599,-0.161547,-0.488252,0,0,0,0
0.076242,-0.654557,0.845191,0.625778,-0.054102,0.217484,-0.566595,0,0,1,0
0.114355,-0.796595,0.696494,0.042014,-0.844686,0.014491,-1.407353,0,0,0,0
0.168899,-0.314726,0.161762,-0.628486,-0.425770,-0.344709,-0.772326,0,0,0,0
-0.042097,-0.310635,-0.344480,0.168700,0.091694,-0.144208,-0.906269,0,0,0,0
-0.221874,-0.614338,-0.047062,0.033399,1.204888,-0.342618,-1.591529,0,0,0,0
-0.480797,-0.885896,0.069945,-0.538203,0.018200,0.232854,-1.865106,0,0,0,0
-0.295464,-0.501907,-0.064881,-0.890541,0.413290,-0.284043,-1.850433,0,0,1,0
-0.075593,0.216100,-0.498881,-0.302771,-0.000155,-0.394473,-1.348781,0,0,0,0
-0.172646,0.158671,-0.615496,-0.486304,-0.177632,-0.160934,-1.491444,0,0,0,0
-0.474074,0.230150,0.160650,0.827824,1.096378,-0.240539,-1.443097,0,0,0,0
-0.705859,-0.298416,0.006966,0.873286,1.374307,-0.108363,-1.595959,0,0,0,0
-0.478582,0.581451,0.025188,-0.265173,1.162275,-0.160973,-1.475196,0,0,0,0
-0.627650,0.446212,-0.285327,-0.169918,1.014369,-0.367661,-1.643755,0,0,1,0
-0.342877,0.608408,0.139235,-0.327633,0.445918,-0.207326,-1.287292,0,0,0,0
-0.376266,0.666127,-0.702598,-0.315193,0.310290,-0.071929,-1.140049,0,0,0,0
-0.693759,0.591920,-0.674148,-0.265669,1.251183,-0.298658,-1.707741,0,0,0,0
-0.592183,0.445216,-0.541889,0.272208,1.393318,0.092555,-1.607224,0,0,1,0
-0.382884,0.787810,-0.443440,-0.152081,-0.365988,-0.235124,-1.229296,0,0,0,0
-0.562351,0.422873,-0.332527,-0.233862,0.873053,0.376355,-1.242474,0,0,0,0
-0.256195,0.664949,-0.296196,-0.171114,0.131595,0.346228,-1.160833,0,0,0,0
-0.710436,0.894493,-0.974181,0.491735,0.746820,-0.237297,-1.627098,0,0,0,0
-0.683130,0.735022,-0.771149,0.243467,0.462557,-0.018867,-1.864742,0,0,0,0
-0.611985,0.673291,-0.937882,-0.887004,-0.356371,0.113913,-1.974549,0,0,1,0
-0.287239,1.077661,-1.078836,-1.189384,-1.200155,-0.476453,-1.431480,0,0,0,0
-0.520187,0.718846,-0.274149,-0.288239,0.571771,-0.080318,-1.547342,0,0,0,1
-0.519698,1.724417,-0.317107,1.053841,0.461785,-0.070188,-0.196586,0,0,0,0
-0.655643,1.693274,-0.488155,0.873218,-0.194439,-0.286784,-0.480118,0,0,0,0
-0.706155,1.849433,-0.992515,1.099449,0.419595,-0.404725,-0.839577,0,0,0,0
-0.627271,1.262938,-0.821525,0.375474,0.516442,0.441288,-0.343171,1,0,1,0
-0.174797,1.054432,0.599360,0.722124,0.519735,0.295920,0.452780,0,0,0,0
-0.472353,0.806526,-0.315820,0.372116,0.775710,0.041476,0.307915,0,0,0,0
-1.044994,1.028580,-0.572228,0.096011,0.582397,-0.215058,-0.632449,0,0,0,0
-0.643657,1.357863,-0.811029,-0.530265,-0.143964,0.261235,-0.691564,1,0,0,0
-0.673106,0.721991,-0.346287,1.310818,-0.295075,-0.416819,-0.566927,0,0,0,0
-0.563539,1.110078,-0.276621,0.738099,-0.893624,0.259272,-1.225848,0,0,0,0
-0.722852,0.852150,-0.170016,0.199731,0.783764,-0.241689,-1.291180,0,0,0,0
-1.062549,1.707754,-1.147220,0.315751,0.601163,-0.585745,-1.817789,0,0,0,0
-0.838972,1.262830,-0.413766,-0.064557,0.519614,-0.341320,-1.918404,0,0,0,0
-1.011886,1.246592,-0.861681,-0.314016,0.223061,-0.319689,-1.846552,1,0,0,0
-0.520444,1.258390,-1.142670,0.740825,-0.281076,-0.193452,-1.530477,0,0,0,0
-0.536795,1.011603,-0.511074,1.063080,0.390490,0.026719,-1.193377,0,0,0,0
-0.488733,0.627458,-0.422650,0.436273,0.697887,-0.486492,-0.973949,0,0,0,0
-0.765008,1.948037,-0.883434,0.225718,0.557312,-0.102866,-1.128244,0,0,0,0
-0.933882,1.452027,-0.809595,0.607993,-0.354928,-0.177397,-1.174602,0,0,0,0
-0.527313,1.427242,-1.100445,-0.492403,-0.327167,0.112612,-1.315003,1,0,0,0
-0.529400,1.044015,-0.165298,1.131055,0.647553,-0.279573,-1.324931,0,0,0,0
-0.552693,1.135190,0.090350,1.173636,-0.071707,0.481076,-1.168357,0,0,0,0
-1.061227,1.497692,0.187016,0.031188,0.951253,-0.358475,-1.172599,0,0,0,0
-0.907066,1.352736,-1.345152,0.080457,0.729903,0.024251,-1.238888,1,0,0,0
-0.686594,0.666773,-0.324383,0.007542,0.059948,0.080860,-1.406264,0,0,0,0
-0.460086,0.745972,-0.168749,0.371983,-0.262397,0.285361,-0.965708,0,0,0,1
0.880779,-0.623397,-0.117327,0.106554,0.604809,-0.362994,-0.151106,0,0,0,0
0.720073,-0.529969,1.345179,-1.467978,1.215120,0.518646,-0.710278,0,1,0,0
0.469144,-0.714583,1.229788,-0.083992,0.140104,0.423208,-1.023252,0,0,0,0
0.274340,-0.108090,1.382661,-0.454485,0.084731,-0.188201,-0.760438,1,0,1,0
-0.726839,0.995826,0.892112,0.245015,0.428724,-0.693762,1.299421,0,0,0,0
-0.639687,0.700905,0.354322,-0.033264,0.429609,-0.399013,0.036792,1,0,0,0
0.849316,-0.770634,-0.689729,-0.745274,-0.110735,-0.071365,-0.583218,0,0,0,0
1.025439,-0.771597,-0.538086,-0.747215,-0.517942,0.118374,-0.266023,0,0,1,0
0.273767,0.470305,1.161950,-0.729897,-0.780275,-0.174008,2.532069,0,0,0,0
0.191680,0.097148,0.060809,1.159809,0.496074,0.019767,0.459129,0,1,0,1
0.074576,-0.176630,0.650549,1.106225,0.329612,-0.149465,2.002757,0,0,0,0
-0.352984,0.496088,-0.862510,1.829130,-1.204719,0.041488,0.610485,0,0,0,0
-0.067318,0.504807,-0.460916,1.137009,-0.078065,-0.033549,-0.555053,0,0,0,0
-0.334135,-0.030991,-0.497825,1.019836,-0.913996,0.094875,-0.967514,0,0,0,1
-0.422673,1.086950,-0.369355,0.231283,0.031789,-0.346585,-0.782159,0,0,0,0
-0.299790,1.239307,-0.475484,-0.328284,-0.437105,0.048937,-0.925302,0,0,0,0
-0.284840,0.992116,-0.540029,-0.207094,-1.235618,-0.116770,-0.923322,0,0,0,0
-0.997248,2.425038,-1.464675,0.378697,0.619010,0.034894,-1.176738,0,0,0,0
-1.160687,1.156359,-1.477840,0.579133,0.303974,-0.033422,-1.389682,0,0,0,0
-1.100409,1.767909,-1.580188,0.288619,0.254459,-0.203396,-1.258204,0,0,0,1
-0.332841,1.052485,0.292389,0.590860,-0.527265,-0.342387,-0.662800,0,0,0,0
-0.437969,0.686079,-0.577579,0.221187,0.104183,0.031994,-0.460614,0,0,0,0
-0.409754,0.597074,-0.741916,0.792042,-0.950922,-0.174575,-0.638259,0,0,0,0
-0.935722,1.742234,-1.342534,0.391566,-0.183310,-0.223715,-0.878437,0,0,0,0
-0.878863,1.238275,-1.316682,-0.107923,1.708846,-0.303933,-1.139890,0,0,0,0
-0.777225,1.229438,-1.286030,0.713948,0.260088,-0.032566,-1.269948,0,0,0,1
-0.456666,0.826038,0.248680,-0.011447,-0.664408,-0.601294,-1.519830,0,0,0,0
-0.294620,0.746960,-0.709322,-0.597321,-0.185226,0.087178,-1.685634,0,0,0,0
-0.966085,1.717052,-1.486985,-0.235044,0.219800,-0.061430,-1.979975,0,0,0,0
-0.750036,1.728159,-1.682483,-0.242611,-0.040713,0.057644,-1.748762,0,0,0,1
-0.464519,1.045614,-0.672256,-0.509416,0.052021,-0.599748,-1.419543,0,0,0,0
-0.423633,0.735229,-0.015978,-0.522901,0.258163,-0.057151,-1.408086,0,0,0,0
-0.546749,0.677295,-0.779893,-0.199072,-1.040036,-0.045104,-1.413735,0,0,0,0
-0.791336,1.609014,-1.625178,-0.670974,-0.167047,-0.061759,-1.574135,0,0,0,0
-1.046029,2.476594,-1.118133,0.536026,-0.080018,0.019178,-1.506005,0,0,0,0
-0.896056,1.524760,-0.428389,-0.534555,0.182991,0.192521,-1.390724,0,0,0,1
-0.575573,1.456455,0.168763,-0.295339,0.141259,-0.512397,1.409436,0,0,0,0
-0.350378,1.889518,-0.015683,0.362348,0.453223,-0.236019,-0.133880,1,0,1,0
0.231206,-0.574662,0.800812,1.108762,0.963450,0.084120,1.874259,0,0,0,0
-0.032054,-0.117019,-0.144197,0.640071,0.254527,-0.096024,0.901126,0,0,0,0
-0.065824,-0.584671,-0.157330,-0.089531,0.537157,0.038729,-1.127564,0,0,0,0
-0.066753,-0.268201,0.373552,0.054596,-0.365477,0.096359,-0.583004,1,0,0,1
0.123384,-0.221147,0.687341,0.706409,0.701763,-0.175967,2.016456,0,0,0,0
-0.171700,-0.119593,0.430688,0.833119,0.706342,0.121845,0.622635,0,0,0,0
-0.168425,-0.678519,0.435348,1.055503,0.567035,-0.290900,1.036672,0,0,0,0
-0.137762,0.358838,0.999883,0.621661,0.905097,-0.053976,0.098289,0,1,0,1
0.078555,-0.908972,0.480625,1.148081,1.599564,-0.310982,0.977557,0,0,0,0
-0.057848,-0.237933,0.007978,1.334713,0.535689,-0.017302,0.349836,0,0,0,0
0.160181,-0.706831,-0.071449,1.205707,1.059797,-0.236911,-0.758379,0,0,0,0
-0.193628,-0.643830,-0.341990,0.316054,0.333641,-0.302872,-1.231552,0,0,0,0
-1.048811,1.465152,-0.643927,-0.492535,0.751995,-0.178544,-1.475692,0,0,0,0
-0.932422,2.036543,-0.831402,-0.131555,0.127233,-0.064856,-1.441898,0,0,1,1
0.149126,-0.825514,0.605962,1.211766,0.960425,-0.326585,1.241123,0,0,0,0
-0.114687,-0.089841,0.272603,0.795153,-0.285037,0.313793,0.674679,0,0,0,0
0.018018,-0.868821,-0.407457,0.057446,-0.675296,-0.400803,-1.642126,0,0,0,0
-0.150020,-0.112229,-0.061480,0.672124,0.233657,-0.241291,-1.684372,0,0,0,0
-1.022417,1.915187,-1.305373,0.669577,0.406116,0.378685,-1.679422,0,0,0,0
-0.850021,1.629651,-1.187087,0.373470,-0.130862,0.226183,-1.671569,0,0,0,1
0.228662,-0.935698,0.610611,0.968627,0.813838,-0.025686,1.526219,0,0,1,0
-0.000570,-0.869443,0.819202,1.406088,0.705282,-0.286283,1.281015,1,0,0,0
0.071456,-0.722630,0.347874,-0.082228,0.718836,-0.351976,0.860478,0,1,0,0
-0.140563,-0.126929,0.824716,-0.093446,1.115966,-0.050800,1.138267,0,0,1,1
-0.719701,0.551043,-0.327899,-0.015548,1.249634,-0.411396,1.001678,0,0,0,0
-0.576015,0.449541,1.211169,-0.544302,1.746539,0.167121,1.008837,1,0,0,0
0.639517,-0.821935,0.384782,-0.221776,0.772027,0.322487,-0.482369,0,0,0,0
0.279002,-0.430645,1.201143,-1.758541,0.309989,-0.055888,-0.936140,0,0,0,1
-0.300181,1.515381,-0.135299,-0.659799,0.984186,0.555363,-0.537335,0,0,0,0
-0.345686,0.876087,-0.950547,-0.006721,-0.288990,0.194183,-0.934193,0,1,1,0
-0.495759,0.692629,0.855681,0.412662,0.368872,-0.416181,1.518646,0,0,0,0
-0.647854,1.255797,-0.322779,-0.799977,0.306593,0.386728,0.641004,1,0,0,0
1.019424,-0.654143,-0.200589,-0.127257,-0.365123,0.281426,-0.382745,0,0,0,0
1.100211,-0.244969,-0.263855,-0.454395,-0.025396,-0.126393,-0.094737,0,1,0,0
0.897137,0.017095,1.076877,-0.460555,-0.174808,0.214203,1.586195,0,0,0,0
0.701273,-0.087762,-0.287110,0.898623,-1.456778,0.580158,0.181060,0,0,1,1
0.144777,-0.680291,-0.076040,0.713849,1.182632,-0.339294,1.363526,0,0,0,0
-0.022620,-0.275309,-0.091447,2.158329,-0.788735,0.084984,0.289847,0,0,0,0
0.006549,-0.542636,-0.010148,0.781712,0.476265,-0.367298,-0.821425,0,0,0,0
0.002026,-0.333962,-0.168789,0.369094,-0.513584,0.173736,-0.962609,1,0,0,0
-0.083950,0.216861,0.236817,1.598339,-0.024618,-0.406477,1.720614,0,0,0,0
-0.249234,-0.290290,-0.121699,0.548311,-0.945208,-0.091853,0.219892,0,0,0,0
-0.519842,0.196088,-0.011292,0.043568,0.296610,-0.159142,-1.526419,0,0,0,0
-0.485183,0.677153,-0.252131,0.855237,-0.372858,0.256122,-1.481462,0,1,0,0
-0.835854,0.438538,0.457906,0.259378,1.198968,-0.420367,1.192735,0,0,0,0
-0.842644,0.706673,-0.455156,-0.340273,0.107237,-0.123160,0.730496,1,0,0,0
-0.292898,0.196541,-0.434549,1.017897,-0.250540,-0.479499,-1.115108,0,0,0,0
0.005952,0.599511,-0.606888,0.649717,-0.760400,-0.304135,-1.148799,0,0,1,0
-0.565402,0.691531,1.018338,0.909961,0.520411,0.050127,1.240245,0,0,0,0
-0.635559,0.834649,-0.091428,0.540941,-0.300587,-0.063146,0.179574,0,0,0,0
-0.698510,0.371158,-0.434913,-0.101593,0.602720,0.149200,-1.375232,0,0,0,0
-0.610005,0.694913,-1.011776,0.199757,-0.026757,-0.055342,-1.126440,1,1,0,0
-0.420811,1.225555,0.104966,0.954258,0.959002,-0.417052,1.245810,0,0,0,0
-0.524527,0.604090,-0.629636,0.326170,-0.071933,-0.214023,0.418016,0,0,1,0
-0.645362,0.998365,0.019153,-1.089581,0.676461,-0.004806,-0.974803,0,0,0,1
-0.408636,1.086693,-0.430350,-0.720732,0.331329,-0.107410,-0.554619,0,1,0,0
-0.463108,1.101652,0.295675,-0.534670,0.405046,-0.574448,1.692151,0,0,0,0
-0.457449,0.487427,0.126823,-0.277663,0.060013,0.104492,0.481662,0,0,1,0
-0.442528,0.886001,-0.698565,-0.358503,0.046993,-0.188459,-0.688654,0,0,0,0
-0.329784,1.001357,-0.434338,-0.526951,0.039486,-0.250616,-0.431737,0,0,0,1
-0.752765,1.394578,-0.167160,-0.435168,1.217261,-0.617228,1.404830,0,0,0,0
-0.593505,1.142878,-0.130124,-0.865588,0.375511,0.031185,0.278499,1,0,0,0
-0.184655,0.735902,0.169083,-0.691759,-0.718810,-0.512062,-1.343578,0,0,0,0
-0.082842,0.034818,-0.812337,-0.829437,-1.160440,0.372716,-1.448937,0,1,0,0
-0.423355,1.343964,1.364650,0.095029,0.319481,-0.491289,1.985973,0,0,0,0
-0.452727,0.843641,0.279462,-0.595736,0.885157,0.155255,0.574281,0,0,1,0
-0.513356,1.535580,0.653672,-0.063935,1.075378,-0.359648,0.880207,0,0,0,0
-0.559648,0.533903,-0.200026,-0.715111,0.351737,-0.062730,0.537394,1,0,0,1
-0.398147,1.558138,0.445370,-0.677311,0.132737,-0.192766,1.299841,0,0,0,0
-0.573263,1.503014,-0.452314,-1.032111,0.579972,-0.006172,0.750811,0,0,0,0
-0.890868,1.020965,-0.730281,-0.637025,1.027786,-0.005719,-1.092767,0,0,0,0
-0.394955,0.950577,-0.185862,-0.977299,0.283868,0.167284,-1.027957,0,0,0,1
-0.418176,1.203960,-0.568948,-0.363512,0.422582,-0.525856,1.125079,0,0,0,0
-0.368977,1.070012,0.021900,-0.427820,0.636260,0.045112,0.400183,0,0,0,0
-0.277283,0.994807,0.102591,-1.358073,-0.166325,0.111292,-1.134646,0,0,0,0
-0.564236,0.947091,-0.502334,-0.624014,0.799203,-0.131802,-1.519058,0,0,1,0
-0.737112,1.477601,0.592958,0.074188,1.672862,-0.498637,1.129189,0,0,0,0
-0.657440,1.051105,0.079043,-0.533838,0.470615,-0.263199,0.143188,0,0,0,1
-0.048319,0.981750,-1.306593,-1.397929,-0.403286,-0.453039,-1.323368,0,0,0,0
-0.353271,0.537602,-0.746617,-0.955181,-0.569680,0.373551,-1.435997,0,1,0,0
-0.340289,1.196147,0.373032,0.173714,0.241053,-0.285327,1.364427,0,0,0,0
-0.680128,1.003189,-0.632963,0.186890,1.150533,-0.142034,0.359459,0,0,0,0
-0.743522,0.816063,-0.620061,-0.012063,1.014785,0.076770,-1.752600,0,0,0,0
-0.411871,0.591056,0.030359,-0.677524,0.455365,0.092717,-1.513876,0,0,0,1
-0.441232,0.869670,0.058669,-0.481639,1.442943,-0.396354,1.381258,0,0,0,0
-0.660505,0.717522,-0.600593,-0.334893,1.490173,0.208053,0.251103,0,0,0,0
-0.793796,1.068663,-0.325028,-0.425089,0.634617,-0.302956,-1.786374,0,0,0,0
-0.570783,0.185415,-0.557211,0.494844,1.211634,0.040351,-1.662924,0,0,0,1
-0.515914,1.122778,0.083302,-1.197964,1.064460,-0.533025,1.646084,0,0,0,0
-0.554161,0.316517,0.426004,-0.852307,1.685693,0.228860,0.116535,0,1,0,0
0.733716,-0.287360,-0.961585,-1.177395,-0.216668,-0.112822,-0.735181,0,0,0,0
0.694562,-0.387276,0.873652,-2.095279,0.623134,0.320872,-0.720263,0,0,0,1
-0.833570,1.070334,-0.107003,-0.777722,-0.416470,-0.336880,1.382801,0,0,1,0
-0.643816,0.956686,0.470994,-0.667830,0.500368,-0.469821,1.337854,1,0,0,0
-0.114204,0.560718,-0.745800,-1.016999,0.660608,-0.271095,0.957925,0,1,0,0
-0.282725,0.502164,0.425792,-0.707010,0.653439,-0.337041,1.032046,0,0,0,1
0.646098,-0.258068,-1.232104,-1.451677,-0.358041,0.103588,-0.248178,0,0,0,0
0.906528,-0.221551,0.478669,-0.746005,-0.028051,0.020795,0.063880,0,0,1,0
-0.074495,0.674827,0.107928,-0.703806,0.169068,-0.231509,1.400809,0,0,0,0
-0.060341,0.368754,0.263306,-0.737882,1.455495,0.262965,0.295355,1,0,0,1
-0.226074,1.402771,-0.055634,0.394955,0.447145,0.164438,1.428928,0,0,0,0
-0.595304,0.891445,-1.179060,0.195285,0.787467,0.010112,0.567458,0,0,0,0
-0.573945,1.462934,-0.310594,-0.077123,0.885266,-0.141433,1.002708,0,0,0,0
-0.242724,1.486497,0.269253,-0.327320,0.168652,0.430762,0.264009,1,1,0,0
0.395841,-0.205230,0.992481,1.071329,-0.385269,-0.326451,1.497632,0,0,0,0
0.066416,-0.550708,0.027956,0.815656,-0.811952,-0.046090,0.497579,0,0,0,0
0.200858,-0.832784,0.277079,0.111031,-0.086412,-0.002857,-0.836933,0,0,0,0
-0.010981,-0.543603,-0.353592,-0.229310,-0.637335,-0.072990,-1.125733,0,0,1,0
-0.785182,1.408564,-0.120666,0.635429,0.907537,-0.654216,1.152663,0,0,0,0
-0.674646,1.095001,-0.489552,-0.070194,-0.238689,0.172304,0.275344,1,0,0,0
-0.337853,0.211791,-0.833153,-0.060559,0.183446,-0.470387,-1.418039,0,0,0,0
-0.042456,0.459656,-0.578208,0.022482,0.387227,0.178417,-1.169990,0,1,0,0
-0.573055,0.860720,0.483653,0.484851,0.770023,-0.445729,1.617536,0,0,0,0
-0.654038,0.654413,0.391621,0.828095,0.763230,0.415133,0.325367,0,0,0,0
-0.635330,0.853055,0.241898,0.322619,1.291458,0.245134,1.204733,0,0,0,0
-0.389904,1.338162,0.013092,0.040200,1.671442,0.308514,-0.248867,1,0,1,0
0.199782,-0.448540,0.821184,1.048632,0.680713,-0.321725,1.151922,0,0,0,0
-0.138216,-0.522163,-0.668551,1.419655,0.321345,-0.376749,0.166168,0,0,0,0
-0.061180,-0.800331,-0.745247,0.447096,0.050993,-0.352947,-1.005946,0,0,0,0
-0.413704,-0.163327,0.547011,1.581506,0.972542,-0.082404,1.147867,1,0,0,0
-0.462485,0.977245,0.046216,0.215646,0.932271,-0.093650,0.165973,0,0,0,0
-0.142393,0.392770,0.287592,-0.718847,-0.273402,0.235130,-1.082273,0,1,1,0
0.124272,-0.939751,0.419978,0.950934,0.848040,0.347058,1.186822,0,0,0,0
0.055111,-1.263678,-0.288108,1.009129,0.789723,-0.192530,1.237653,0,0,1,0
0.055253,-0.926031,-0.101041,0.307192,-0.073275,-0.058200,-0.703585,0,0,0,0
-0.272975,-0.215495,0.713185,0.968562,1.684911,-0.398046,1.514186,0,1,0,0
-0.517656,0.946811,-0.555388,-0.971979,0.161405,-0.557803,-0.060868,0,0,0,0
-0.061511,0.574423,-0.189258,-0.160306,0.419420,-0.076403,-0.779132,0,0,0,1
0.353075,-0.034367,0.551720,0.687199,0.727838,-0.336170,1.768480,0,0,0,0
0.081861,-0.243280,-0.196125,0.388741,-0.533315,0.120669,0.445519,1,0,0,0
0.291072,0.272313,0.426634,0.805372,0.877192,-0.328494,1.002218,0,1,0,0
0.070897,0.584586,1.315401,0.765950,0.170627,0.550583,0.729186,0,0,1,0
-0.198053,1.490984,0.050968,-0.123839,0.157340,-0.619118,1.276037,0,0,0,0
-0.429756,1.273283,-0.385123,-0.074166,0.226722,0.357985,0.552570,0,0,0,0
-0.547725,1.702725,-0.238472,-0.813068,0.675782,-0.435336,0.906124,0,0,0,0
-0.263298,1.455297,0.374429,-0.662801,1.395611,0.388889,-0.526430,1,0,1,0
0.366802,-0.484410,0.353926,0.444878,0.772511,-0.339848,1.250053,0,0,0,0
0.057398,-0.276179,-0.332031,0.811030,0.195598,-0.119550,0.605230,0,0,0,0
-0.137749,-0.956089,0.623994,1.107555,-0.152947,0.007752,-0.722858,0,0,0,0
-0.302141,0.046710,0.311999,0.403861,0.702382,-0.251298,-0.546096,0,1,0,0
-0.717064,1.252848,0.654807,-0.274479,1.613364,-0.237945,1.458830,0,0,0,0
-1.041857,0.291015,-0.347048,-0.968363,1.064011,-0.061936,-1.399582,0,0,1,0
-0.367992,0.691431,-0.142285,-0.219363,-0.343294,-0.262977,-0.654954,0,0,0,0
-0.232734,0.428186,-0.413408,0.296379,-0.094373,0.132937,-0.655281,1,0,0,0
-0.623352,0.968182,0.524296,0.406722,0.871616,-0.448821,0.826214,0,1,0,0
-0.628317,1.093414,0.105578,0.117601,0.618941,-0.272717,1.129875,0,0,0,1
-0.713751,0.713471,-0.390024,-0.035929,0.357786,-0.327510,1.043983,0,0,1,0
-0.613737,1.242390,-0.579309,0.032878,0.766115,-0.288766,1.229526,1,1,0,0
0.559593,-0.462328,-0.057257,0.048082,-0.667628,-0.346117,1.217880,0,0,0,0
0.449123,-0.187754,-0.152661,0.864280,-0.838549,-0.111445,-0.646587,0,0,0,0
0.679855,-0.930085,0.084829,0.866128,-1.761824,0.101555,-0.485760,0,0,0,0
0.586700,-1.010858,0.787018,0.376644,-2.053458,-0.116802,-0.310504,0,0,0,0
0.578522,-0.478888,0.707008,0.286572,-2.166275,-0.507884,0.021826,0,0,0,0
0.554501,-0.926100,0.644943,-0.103154,-1.407788,-0.366979,-0.628918,0,0,1,0
0.663623,-1.076029,1.153924,0.293448,-1.961657,-0.282316,-0.274582,0,0,0,1
0.697120,-1.551349,1.504526,0.119869,-0.975397,-0.370724,-0.462262,1,0,0,0
0.621390,-0.822211,1.364530,-0.048758,-0.916189,-0.150818,-0.397100,0,0,0,0
0.339741,-0.252338,-0.214955,0.817593,-1.040781,-0.276750,-1.038844,0,1,0,0
0.532033,-0.460325,0.882926,-0.382583,-0.467633,-0.190463,-0.316905,0,0,1,0
-0.100120,0.848848,0.181318,-0.775588,0.490982,0.140943,0.122298,0,0,0,1
0.342751,0.601148,0.174227,0.058729,-1.586689,-0.520375,-0.458508,0,0,0,0
0.401871,0.369946,-0.675396,-1.125625,-1.282430,-0.567058,-0.732193,1,0,0,0
-0.119078,0.841876,-0.039747,-0.594144,-0.894574,-0.022478,1.165850,0,1,0,0
0.266577,0.613389,0.339853,-0.027452,-0.601039,-0.372575,0.028137,0,0,1,1
0.837543,-0.774026,2.019118,-0.262327,0.820435,-0.094085,1.735142,0,0,0,0
0.607498,-0.593846,0.380983,-0.749557,-0.685299,0.017471,0.979409,0,0,0,0
0.675883,-0.489849,0.357664,-0.038275,0.189773,-0.382503,-0.310196,0,0,0,0
0.552568,-0.319463,1.422058,0.487723,-0.074382,-0.175524,-0.517719,1,0,1,0
0.418673,-0.979075,1.063550,0.143605,0.794067,-0.458944,1.241720,0,0,0,0
0.192040,-0.195619,0.358605,0.436684,0.319147,-0.144209,0.427966,0,0,1,0
0.630004,-0.619678,0.845889,-0.743492,-0.348827,-0.456727,-0.422922,0,0,0,0
0.568358,-0.068028,0.322908,-0.373005,-0.658424,0.076508,-0.624359,0,1,0,1
0.370613,-0.383020,1.011180,0.249852,0.133838,-0.440514,0.939557,0,0,0,0
-0.072643,0.306718,-0.129416,0.662584,1.038432,-0.448659,0.103566,0,0,0,0
-0.070695,0.398268,-0.475373,-0.266182,0.817114,-0.426583,-1.381276,0,0,0,0
-0.064654,0.400359,-0.151507,-0.177366,0.593402,-0.390336,-1.401250,0,0,1,1
0.159520,-0.426367,1.097581,0.843555,0.590942,-0.204640,1.367057,0,0,0,0
-0.211425,0.909230,-0.045285,-0.010651,0.856574,-0.273049,0.443409,0,0,0,0
-0.114069,0.748555,-0.906319,-1.344359,-0.286292,-0.639274,-1.296933,0,0,0,0
-0.290961,0.430725,-0.027560,-0.258533,0.822659,-0.424110,-1.343309,1,1,0,0
0.774283,-0.604828,0.442599,-0.680060,0.442912,-0.404959,1.279235,0,0,0,0
0.365883,-0.184326,-0.342770,0.278511,-0.255756,-0.275905,0.564265,0,0,0,0
0.659781,-0.406572,-0.444891,-0.737942,-0.898936,-0.342638,-1.099373,0,0,0,0
0.049727,-0.339673,-0.107427,0.168801,-0.244128,-0.337588,-1.267118,0,0,0,1
0.386777,-0.327491,1.468208,-0.179143,0.849269,-0.322304,1.286465,0,0,1,0
0.172403,-1.114690,1.148770,-0.144599,0.169894,-0.079942,0.222616,0,1,0,0
0.601193,-0.392637,0.695706,-0.922298,-0.585767,-0.460655,-0.897532,0,0,0,0
0.497922,0.426421,-0.323122,-1.269369,-0.421434,-0.192393,-0.660261,1,0,0,0
0.206018,-0.363170,1.396767,-0.405344,0.748799,-0.209927,1.048919,0,1,0,0
0.015700,-0.558162,1.913376,-0.180012,0.710121,0.025012,0.370301,0,0,0,1
0.289271,-0.714455,0.632237,-1.006869,-0.268715,-0.251430,-1.258100,0,0,0,0
-0.245700,1.051461,-1.336063,-0.505642,0.179589,0.017047,-1.390877,1,0,1,0
0.288167,-0.052269,1.806763,0.872170,0.267668,-0.122151,1.681381,0,0,0,0
-0.295442,1.354571,-0.543880,1.156351,-0.850760,-0.563218,1.045778,0,0,1,0
0.017525,-0.143917,2.080134,-0.295204,0.180369,-0.494057,1.065472,0,0,0,0
-0.507296,1.352738,-0.264145,-0.042833,0.731667,-0.000823,0.470120,1,1,0,0
0.789891,-0.245456,1.148389,-0.776063,0.088991,-0.147737,1.715657,0,0,0,0
0.621913,-0.007171,-0.713834,-0.885444,-0.736572,0.099529,0.769956,0,0,0,0
0.620617,0.297642,0.047325,-0.337822,-0.974251,-0.052645,-0.379958,0,0,0,0
0.156267,0.518476,0.656270,-0.261681,0.150484,-0.226046,-0.473036,0,1,0,1
0.449694,-0.431937,1.491160,-0.298940,0.373122,-0.440700,0.987959,0,0,0,0
-0.023646,0.885761,0.590086,0.569365,0.628546,0.060663,1.033238,0,1,0,0
0.773905,-0.176585,1.272103,-0.964530,-1.240691,-0.263973,-0.375106,0,0,0,0
0.433239,0.162785,0.055189,-1.243703,-0.074105,-0.340873,-0.705550,1,0,1,0
0.389612,0.154256,0.746989,-0.883913,-0.115446,-0.293485,1.191370,0,0,0,0
-0.309809,1.406977,-0.444874,-1.300061,-0.016893,-0.151226,0.297863,0,0,0,0
-0.310366,1.643319,-0.760937,-0.865857,-0.456165,-0.372176,-1.240251,0,0,0,0
-0.289306,1.682483,-1.050991,-1.251090,0.255955,-0.333936,-0.964394,1,1,0,0
0.178708,-0.054029,1.385322,-0.726218,0.255923,-0.320934,1.667502,0,0,0,0
-0.391164,1.866757,-0.928870,0.088405,0.011727,-0.369286,-0.073151,0,0,0,0
-0.233372,0.697967,-1.160516,-1.039215,0.371378,-0.628115,-1.306704,0,0,0,0
0.054612,0.893083,-0.389659,-0.749850,0.370733,0.346514,-0.820740,0,0,1,1
0.728846,-0.841072,0.625148,-0.202865,0.708556,-0.209550,0.991843,0,0,0,0
0.445507,0.107570,-0.330179,-0.043656,-0.321582,0.407757,1.123507,0,0,0,0
0.439375,0.111397,-0.958727,-0.659235,-1.024006,-0.536163,-0.887777,0,0,0,0
0.310442,0.124007,-0.745693,0.043740,-1.010521,-0.199671,-1.123972,1,0,0,0
0.359420,-0.611526,1.363571,-0.780550,-0.214579,-0.146023,1.273956,0,1,0,0
0.418879,-0.383608,1.097609,-1.009749,-0.068647,-0.117935,0.920783,0,0,1,0
0.665245,-0.741046,0.378377,-1.684945,-0.958381,-0.114910,-1.052186,0,0,0,0
0.479885,0.212939,0.105825,-0.851416,-0.824867,0.323932,-1.182136,0,0,0,1
0.271954,-0.100064,0.585792,-1.230955,-0.019817,-0.228971,1.479515,0,0,1,0
0.333825,-0.556955,1.292647,-0.502754,0.354539,0.117023,-0.149059,1,0,0,0
0.219295,-0.639049,0.798991,-1.154198,0.202800,-0.059165,-1.137642,0,0,0,0
-0.537535,1.510343,-1.008481,-0.303992,0.841862,-0.256589,-1.308573,0,1,0,1
0.188561,-0.170821,1.112641,0.386705,0.287817,-0.125767,1.047366,0,0,0,0
-0.117845,0.597791,-0.610877,0.383799,0.378264,0.049649,0.425344,0,1,0,0
0.201499,0.235884,1.786118,-0.735828,0.439188,-0.230607,1.845054,0,0,0,0
0.258756,0.101086,1.904386,-0.641344,-0.029382,-0.027312,0.788762,1,0,1,0
0.739907,-0.237637,1.083673,-0.415366,0.308211,-0.256770,1.524707,0,0,0,0
0.666793,-0.020877,1.057581,-0.570015,0.032224,-0.125775,1.241161,0,0,0,1
0.627444,-0.300286,0.611005,-0.280466,0.454169,-0.241688,0.868137,0,0,0,0
0.366453,-0.469832,1.142396,0.151063,0.675989,-0.095397,1.299623,0,1,0,0
0.450769,-0.532795,1.183710,-0.434355,1.325556,-0.256776,0.900476,0,0,0,0
-0.190046,1.155761,-0.153639,1.186416,1.032466,-0.325442,1.497367,0,0,1,0
0.425071,-0.041784,0.657262,-0.136662,0.193399,-0.228820,0.807341,0,0,0,0
0.206388,0.534087,0.000191,0.470828,0.191597,0.350454,0.922353,1,0,0,1
0.571623,-0.052162,0.882370,-0.752528,-0.141636,-0.469858,0.661544,0,0,0,0
0.366299,0.776648,-0.296862,-0.932196,0.316901,0.074675,-0.052951,1,0,0,0
0.733572,-0.178785,1.084174,-0.741343,-0.057867,-0.340563,0.902674,0,0,0,0
0.114807,0.950584,-0.630597,0.956975,-0.667466,-0.131372,-0.325071,0,1,0,1
0.374136,0.201371,1.520482,-0.564568,1.060484,-0.349078,1.255322,0,0,0,0
-0.393323,2.173940,-1.325020,0.042647,1.412957,-0.085486,0.523209,0,0,1,0
0.598855,0.002733,1.136410,-0.802726,-0.014057,-0.518139,-0.330001,0,0,0,0
0.539769,0.635286,-0.356405,-1.535186,-0.085078,0.030903,-0.152630,0,1,0,1
0.914971,-0.349717,0.885519,-0.936397,-0.122204,-0.430118,1.275850,0,0,0,0
0.625032,-0.234597,1.318258,0.392808,1.125774,-0.229660,1.170214,1,0,0,0
0.826792,-0.387751,0.718192,-0.052287,0.881624,-0.249435,0.939784,0,0,0,0
0.604804,-0.556429,0.914026,0.159417,1.526731,-0.129898,1.069223,0,0,1,0
0.473267,-0.422644,1.200717,-0.324744,1.020457,-0.160242,0.944840,0,0,0,0
0.481612,-0.133763,1.836258,-0.265541,0.532029,0.235005,0.774501,0,1,0,0
0.621637,-0.114450,1.538725,0.164311,0.620858,-0.376387,0.917263,0,0,0,0
0.144013,0.227715,0.215621,0.867236,0.243097,-0.170875,0.658775,1,0,0,1
0.588446,0.163306,0.865266,-0.370061,1.078836,-0.269695,0.636538,0,0,0,0
0.647594,-0.105902,0.547330,-1.478629,0.312377,0.267335,0.014312,0,0,0,1
0.525089,-0.122512,0.877163,-0.017700,0.234851,-0.392650,0.794589,0,0,0,0
0.059017,0.999646,-0.201462,0.074864,-0.268001,-0.188761,-0.431575,0,1,1,0
0.569556,0.380434,0.976057,-0.723402,0.136395,-0.099169,1.199813,0,0,0,0
-0.029535,1.491726,-0.704614,-0.820655,0.378915,0.031699,-0.191684,1,0,0,0
0.904020,-0.066478,1.250511,-0.736983,0.751756,-0.260402,-0.125600,0,0,0,0
0.273575,0.301512,-0.533417,-1.558696,0.176466,-0.153654,-0.459501,0,0,1,0
0.942777,-0.288360,0.893676,-0.955796,-0.109824,-0.054934,1.329468,0,1,0,0
0.807308,-0.018515,1.041964,-0.129642,-0.121385,-0.387060,0.866123,1,0,0,0
0.916532,-0.069662,0.953173,-0.158170,-0.273451,-0.063529,0.674553,0,0,0,0
0.808620,-0.650060,0.672400,-0.920970,-0.140911,-0.098737,0.681600,0,0,0,1
0.698119,-0.514590,0.864355,-0.837161,-0.043707,-0.315382,0.181100,0,0,1,0
0.776229,-0.584089,0.757674,-1.237595,-1.121504,-0.102217,0.056019,1,0,0,0
0.759606,-0.699357,0.091979,-0.861011,-0.272395,-0.310732,-0.340571,0,0,0,0
0.755886,-0.859397,0.042659,-1.639790,-0.230757,-0.015795,-0.376741,0,1,0,0
1.056377,-0.270641,0.118147,-1.443408,-1.004344,-0.063187,0.116944,0,0,1,0
0.826087,-0.683812,0.239135,-1.249797,-0.844762,0.138121,-0.019069,0,0,0,1
0.978130,-1.013237,0.074567,-1.461226,-1.054575,-0.041544,-0.392752,0,0,0,0
0.917145,-0.487471,-0.272963,-0.953320,-0.644683,0.232477,-0.430100,1,0,0,0
0.750299,-0.936903,-0.215428,-1.228443,-0.845367,0.376318,-0.727339,0,1,0,0
0.793000,-0.673576,0.006841,-1.032889,-0.204773,-0.056578,-0.524402,0,0,0,1
0.730389,-0.838213,0.111285,-1.027485,-0.243080,0.435786,-0.617176,0,0,0,0
0.682537,-1.322553,-0.215323,-1.264838,-0.294201,0.489166,-0.816387,0,0,1,0
-0.759858,-2.752511,-1.664400,-3.390799,-4.234388,-0.491053,-1.712169,0,0,0,0
-1.051084,-3.428118,-3.244951,-3.593094,-5.569460,0.545796,-1.707896,0,0,0,0
-1.155047,-3.611272,-3.104002,-5.088711,-5.268905,0.510913,-1.815024,0,0,0,0
-1.218224,-3.568752,-2.203141,-3.728577,-6.065803,0.738095,-1.861014,0,0,0,0
-1.258308,-3.157151,-2.089531,-4.697144,-4.962836,0.112948,-2.024713,0,0,0,0
-1.503697,-2.979854,-0.987224,-3.088961,-5.402316,0.699139,-1.924467,1,0,0,0
-1.250603,-1.612262,-1.013609,-2.863803,-4.224525,0.103157,-1.937587,0,1,0,0
-1.119188,-1.537236,-1.035596,-2.223215,-2.984095,1.098066,-1.587701,0,0,0,1
-1.013318,-1.486587,-1.223140,-1.284302,-2.827361,0.721343,-2.025494,0,0,0,0
-0.749762,-1.668336,-1.671176,-1.514407,-1.382936,0.238900,-1.543621,1,0,0,0
-0.552849,-1.186234,-2.587769,-2.623295,-1.187775,-0.208368,-0.752594,0,1,0,0
-0.203791,-0.923616,-1.964853,-2.572670,-0.776847,-0.080806,-0.614679,0,0,1,0
-0.768649,-0.950662,-3.158206,2.263193,-3.590051,-0.487783,-0.815295,0,0,0,0
-0.532279,-0.006534,-3.485851,2.270565,-3.630403,0.621131,-1.005083,0,0,0,1
-0.789508,1.013943,-3.015192,3.580492,-1.227663,-0.502932,0.971205,0,0,0,0
-0.688560,0.891508,-2.851234,3.977571,-1.752169,-0.268591,-0.529945,1,1,0,0
0.162432,-1.197069,-0.115942,0.218968,0.336507,-0.339280,1.402606,0,0,0,0
0.260237,-0.888949,-0.145166,0.273581,-0.553867,0.541277,1.194920,0,0,0,0
0.606262,0.323965,-1.536137,0.053285,0.102091,0.043584,0.741182,0,0,0,0
0.815087,0.956317,-1.424528,0.106462,0.100750,-0.218076,0.696608,0,0,0,0
-2.790119,0.525239,0.074320,-0.199772,0.226049,-0.781296,-0.791646,0,0,0,0
-6.169070,-0.097763,-0.591467,-1.761581,0.939759,-0.777145,-3.430245,0,0,1,1
0.353955,-0.602453,0.390501,0.374705,0.250373,-0.504763,1.518402,0,0,0,0
0.308338,-0.986564,0.275792,-0.141551,-1.172991,0.188424,0.263751,0,0,0,0
-2.154926,0.383147,1.265638,-0.591061,0.208397,-0.877065,-0.151031,0,0,0,0
-6.277813,-1.115016,0.640618,-1.537426,0.631912,-0.853603,-3.051228,0,1,0,1
0.268360,-0.977608,0.817293,0.221161,0.036832,-0.561682,1.443066,0,0,0,0
0.308569,-0.735303,0.059719,-0.428248,-1.078258,0.022821,0.781153,0,0,0,0
-2.293976,0.212196,1.472738,-0.895496,0.127894,-0.908226,-0.309612,0,0,0,0
-6.293829,-1.143639,0.317565,-1.956350,0.077819,-0.760431,-2.537197,1,1,0,0
0.203327,-0.867751,0.298141,-0.056612,0.249347,-0.552214,1.681127,0,0,0,0
0.330115,-0.562053,-0.067901,-0.305882,-0.965536,-0.245916,0.494924,0,0,0,0
-2.434514,0.559301,1.111680,-0.989000,0.210264,-0.894480,-0.693801,0,0,0,0
-5.519118,-1.816533,-1.052307,-2.090171,-0.546045,-0.723556,-2.385741,1,0,1,0
0.110250,-0.917155,0.262201,0.139029,0.688708,-0.680584,1.539685,0,0,0,0
0.223790,-0.881596,-0.825423,-0.243605,-0.494929,0.030863,0.809948,0,1,0,0
0.147758,1.192820,-1.810674,0.525869,1.258838,-0.078974,0.937335,0,0,0,0
0.363931,0.788100,-1.450550,1.279038,0.588118,-0.442028,0.976569,0,0,0,1
0.259743,0.586440,-1.784997,1.171063,-0.086572,-0.398951,0.550128,0,0,1,0
0.285500,1.032065,-1.452818,1.566978,0.131837,-0.476442,0.421993,1,0,0,0
0.126040,-0.654455,0.086378,0.726137,2.102632,-0.552745,0.961465,0,0,0,0
-0.076655,-0.426506,-0.197285,0.701146,0.750930,-0.152664,0.485263,0,0,0,0
0.263629,1.146375,-0.749589,1.522641,0.931513,0.178868,-0.390599,0,0,0,0
0.310837,1.280270,-1.053978,0.753001,0.488648,0.312655,-0.097371,0,1,0,0
0.772771,0.556874,-0.096613,-0.884470,0.371019,-0.661202,-0.214477,0,0,0,0
0.366131,0.857063,-0.387260,-1.435155,-0.719783,-0.157989,-1.466733,0,0,0,0
-1.616201,3.074626,1.621924,-0.686962,-0.575357,8.775678,-1.463214,0,0,0,0
0.309994,-0.529250,-0.980598,-0.040800,-1.414873,-0.703240,-1.295795,1,1,0,0
0.161680,-0.839607,0.306430,0.720163,0.484998,-0.555384,1.572113,0,0,0,0
0.169879,-0.691906,-0.150225,0.545354,-0.834564,0.145540,1.283157,0,0,0,0
0.606881,0.991830,-1.609900,0.464168,-0.444913,0.412322,0.600389,0,0,0,0
0.673856,0.579345,-1.747653,0.272047,0.116866,-0.070378,0.765425,0,0,1,1
0.068144,-0.748833,0.298284,0.064654,-0.042523,-0.515766,0.858011,0,0,0,0
0.255463,-0.834222,-0.695331,-0.215113,-1.093282,0.135335,0.923071,0,0,0,0
0.538799,0.594663,-0.960985,-0.051803,-0.254420,-0.094719,1.087131,0,0,0,0
0.519054,0.718883,-1.066521,0.025052,0.131439,0.091264,1.332806,0,0,0,0
-2.445195,0.423022,0.728970,-0.138228,-0.266209,-0.833611,-0.655857,0,0,0,0
-6.341919,-2.088316,-1.114146,-1.729056,-0.464397,-0.892243,-2.605443,1,1,0,0
0.253215,-0.679350,0.520346,0.212704,0.056520,-0.723990,1.550793,0,0,0,0
0.196169,-1.140514,-0.809210,-0.323070,-0.968814,0.107768,0.911642,0,0,0,0
-2.434646,0.046668,0.813497,-0.289468,-0.034789,-0.826705,-0.665564,0,0,0,0
-4.992213,-2.780211,-2.032512,-1.238065,-0.316900,-0.985666,-2.306601,1,0,1,0
0.233505,-0.716153,0.706342,0.093087,0.207065,-0.617242,1.495153,0,0,0,0
0.416167,-0.662832,-0.025780,-0.518788,-0.570396,0.376167,0.798336,0,0,0,0
-2.684003,-0.481956,1.111164,-0.451031,0.513799,-0.995951,-0.551093,0,0,0,0
-6.429047,-1.375934,0.431597,-2.920897,-0.933655,-1.064611,-3.450131,0,0,1,1
0.306971,-0.826093,0.470715,-0.227604,0.196399,-0.515111,1.473927,0,0,0,0
0.306728,-0.849151,-0.394538,-0.672875,-0.684080,0.283890,0.697207,1,0,0,0
0.364818,1.130238,-1.299985,0.229689,1.721970,-0.117024,0.835738,0,0,0,0
0.476445,0.708054,-1.487289,0.755681,1.248499,0.028745,0.721962,0,0,1,0
0.512344,0.630207,-0.758317,0.469787,0.668078,-0.068910,0.484055,0,0,0,0
0.429712,1.075097,-0.997296,0.765189,0.632624,0.027352,0.602020,1,1,0,0
0.283651,-0.627312,-0.178948,0.537617,0.597009,-0.323592,0.766882,0,0,0,0
0.217557,-0.325703,0.098498,-0.111317,0.373276,0.010526,0.619981,0,0,0,1
1.319436,-0.328304,-0.479984,-1.362957,0.490793,0.195033,0.239793,0,0,1,0
1.310243,-0.311811,-0.545409,-1.170269,0.483817,0.148465,0.557291,1,0,0,0
1.265781,-0.433725,-1.040042,-1.498708,-0.193232,-0.208192,0.064441,0,0,0,0
1.315112,-0.272252,-1.036297,-1.656934,0.289899,0.324503,0.341391,0,0,1,0
1.386306,0.034820,-0.560784,-1.323573,0.271995,0.129106,0.877335,0,0,0,1
1.395140,-0.339078,-1.431692,-1.880164,0.299187,0.019575,0.164382,1,1,0,0
-0.040271,-0.972152,0.130645,-0.083894,-0.404151,-0.661667,0.931767,0,0,0,0
0.337713,-0.966766,-0.169421,-0.381348,-1.162588,0.274729,0.949084,0,0,1,1
0.131685,-1.055510,0.285625,0.521629,0.178755,-0.459947,0.998020,0,0,0,0
0.291351,-0.849576,-0.308247,-0.148856,-0.788573,-0.019511,0.636873,0,0,0,0
-2.572571,0.560691,1.326236,-0.303220,0.413920,-0.765916,-0.974134,0,0,0,0
-4.872061,-1.816722,-0.922209,-2.671953,-2.541101,-0.736193,-2.218910,1,1,0,0
0.297156,-0.748763,-0.092696,-0.237422,0.295088,-0.698886,1.700105,0,0,0,0
0.339853,-1.144110,-0.300545,-0.697305,-0.694897,0.200240,0.488043,0,0,0,0
-2.505708,0.148317,1.148681,-1.473106,0.083161,-1.005252,-0.726302,0,0,0,0
-6.550014,-1.436146,0.504784,-3.285013,0.075796,-1.031484,-3.460766,1,0,1,0
0.286670,-0.775541,0.721626,0.158698,0.152993,-0.373763,1.323211,0,0,0,0
0.472335,-0.802040,-0.229424,-0.353327,-0.427042,0.265226,0.767306,0,0,0,0
-2.809390,0.078783,0.850975,-0.649709,0.205676,-0.836589,-0.956389,0,0,0,0
-6.609920,-1.946662,-0.232334,-3.127517,0.135902,-0.994474,-3.451308,0,0,1,1
0.267342,-0.716928,-0.100694,0.138085,0.819455,-0.329367,1.362201,0,0,0,0
0.317795,-0.963379,-0.005337,-0.124689,-0.755154,0.050291,0.575843,0,0,0,0
-2.772842,-0.384840,0.625555,-0.684551,0.392997,-0.868077,-0.774678,0,0,0,0
-6.696343,-1.697577,0.457967,-3.190453,-0.854087,-0.810209,-3.419207,0,1,0,1
0.264121,-0.908434,0.001497,0.010698,0.529889,-0.445773,1.619338,0,0,0,0
0.400990,-1.007805,0.272848,-0.342815,-0.836782,-0.018631,0.863979,0,0,1,0
0.125058,1.157335,-1.622712,0.884338,1.690453,-0.458289,1.102400,0,0,0,0
0.328435,0.798704,-1.453212,1.563993,1.057865,0.250884,0.512464,1,0,0,0
0.153266,0.833093,-1.763966,1.291565,0.711683,-0.211428,0.140690,0,1,0,0
0.264977,1.064666,-1.298485,1.444260,0.495906,-0.136678,0.360959,0,0,0,1
-0.264575,-0.902064,-0.029792,0.936250,1.584462,-0.568606,1.103514,0,0,0,0
-0.143763,-0.421257,-0.081736,0.930896,1.169092,-0.111541,0.209185,0,0,0,0
0.302801,1.095916,-1.253045,0.811073,0.067792,-0.113552,-0.221793,0,0,0,0
0.251037,0.946967,-0.567136,0.675688,0.619141,-0.330547,0.158305,0,0,1,0
-0.014554,0.693578,0.369324,0.106452,0.453852,-0.705764,-0.457411,0,0,0,0
0.161959,0.469242,0.260708,-0.569251,-0.087733,-0.563445,-1.044432,0,0,0,0
0.209640,0.040633,-0.595137,0.090959,-1.006093,-0.260245,-1.263070,0,0,0,0
0.499916,0.181202,-0.721524,-0.049729,-0.736824,-0.567476,-1.094439,0,0,1,1
0.280525,-0.292135,0.503016,-0.171956,-1.038428,-0.459135,1.483537,0,0,0,0
0.029851,-0.553993,-0.674613,0.350473,-0.927277,-0.126177,1.134653,0,0,1,0
0.310541,-0.443830,0.015101,-0.479426,-0.838892,-0.549196,1.179096,0,1,0,0
0.074954,-0.731900,0.171909,-0.104934,-0.075013,-0.472623,0.954139,1,0,0,0
0.320949,-0.640689,0.331332,0.212371,-0.853780,-0.508812,0.980282,0,0,0,0
0.200643,-0.943368,-0.262888,-0.166434,-0.734900,0.035034,0.369978,1,0,0,0
0.656428,0.691010,-0.410461,0.311189,-1.267564,-0.058764,0.307026,0,0,0,0
0.588860,0.837977,-0.378087,0.417308,-1.017059,-0.200969,0.744388,0,0,1,1
0.243494,-0.346729,0.201898,0.078752,-1.358768,-0.389883,0.759654,0,0,0,0
0.180341,-0.410684,-0.683911,0.580275,-1.892303,-0.280984,0.521695,0,0,0,1
1.203320,-0.345066,-0.401965,-0.775080,0.987212,0.122844,0.786494,0,0,0,0
1.200572,-0.084222,-0.877541,-0.440850,1.472615,0.403082,1.347838,0,1,0,0
0.858495,-0.203571,-1.317627,0.302157,0.292574,0.126292,0.414105,0,0,0,0
0.786423,-0.208742,-1.171427,1.392632,0.553550,-0.611997,-0.209176,1,1,0,0
0.435333,-0.188092,0.187054,-0.454961,-0.962648,-0.487507,1.144493,0,0,0,0
0.199232,-0.546034,-0.410748,0.542751,-2.420583,0.016022,0.284522,0,0,1,0
0.157110,0.121635,-1.212511,1.058200,-0.851031,-0.209708,1.507441,0,0,0,0
-1.648734,-1.496679,-0.430656,2.357069,-0.174835,-0.743202,-0.971977,0,0,1,0
0.362333,-0.305821,0.311872,0.170343,-0.105604,-0.457972,1.445645,0,1,0,0
0.399356,0.170994,-1.203790,0.438720,-2.469651,0.533430,0.576994,0,0,0,1
0.669277,1.158239,-1.686193,0.295466,-0.975778,0.067475,0.893621,0,0,0,0
0.869851,0.977614,-2.376950,0.392489,-1.520147,-0.179068,0.280860,1,0,0,0
1.354123,-0.215736,-1.194834,0.015877,-0.847780,0.649042,0.479462,0,0,0,0
1.053708,-0.205073,-0.549279,0.451445,-1.034174,0.411185,0.792947,0,1,1,0
0.016481,-0.685618,-0.481797,0.551142,0.789867,-0.128810,1.042573,0,0,0,0
0.149020,-0.766299,-0.246908,0.437756,-0.530252,0.287315,0.657804,0,1,0,0
0.684535,-0.694820,-0.335212,0.537409,-1.209327,-0.196553,0.982461,0,0,0,0
0.668292,-0.925324,0.094077,1.210804,-1.194730,0.235117,1.199151,0,0,1,0
0.887907,-0.499165,-1.325094,-0.713552,-0.859007,0.063611,1.326532,0,0,0,1
0.873833,0.000110,-0.993476,0.398656,-1.258679,1.441951,1.564754,1,0,0,0
1.149816,-0.073922,-0.635752,-0.763823,-0.916216,0.766407,0.877826,0,1,0,0
1.033511,0.279636,-0.430365,-1.264492,-0.520727,1.022509,1.104745,0,0,1,1
-0.004736,-1.018461,0.092335,0.219634,0.248847,-0.437046,1.042291,0,0,0,0
0.152928,-0.523992,-0.058326,-0.016894,-0.673315,-0.065890,0.198446,0,0,0,0
0.607947,0.831414,-1.166413,0.285380,0.300116,0.220568,0.731636,0,0,0,0
0.683655,0.973996,-1.339581,0.312356,0.120806,-0.374904,1.177670,0,0,0,0
-3.016329,0.105385,0.386213,-0.170953,-0.254908,-0.926114,-0.589334,0,0,0,0
-6.974281,-1.119018,0.224812,-1.941210,-0.166597,-0.952426,-3.098820,1,1,0,0
0.179019,-0.656119,0.082894,-0.433873,0.233790,-0.433637,1.505502,0,0,0,0
0.435524,-0.967142,0.312819,-0.127899,-0.800810,0.271696,0.634169,0,0,0,0
-2.182537,-0.117217,1.334096,0.100839,-0.197115,-0.944972,-0.239137,0,0,0,0
-6.806422,-1.856025,0.551033,-2.745686,-0.115429,-0.742761,-2.678203,1,0,1,0
0.251046,-0.933446,0.773296,-0.199736,0.178117,-0.430689,1.544279,0,0,0,0
0.302037,-0.948375,0.269957,0.021666,-0.319505,0.018538,0.942058,0,0,0,0
-2.306192,-0.212706,1.086695,-0.504719,-0.191225,-0.836207,-0.434940,0,0,0,0
-5.998016,-2.099887,-1.010523,-1.792155,-0.096295,-0.839619,-2.447408,0,0,1,1
0.177820,-0.826017,-0.523339,-0.439732,0.283296,-0.556419,1.568998,0,0,0,0
0.412955,-0.839120,-0.655379,-0.577405,-0.938346,0.059058,0.894384,0,0,0,0
-2.382212,-0.083160,1.222426,-0.386153,0.138305,-0.944302,-0.838199,0,0,0,0
-4.483326,-2.231311,-2.276302,-3.280978,-2.757558,-0.865281,-2.152719,0,1,0,1
0.187479,-0.769827,-0.067263,-0.382757,0.159830,-0.459583,1.475079,0,0,0,0
0.281099,-1.024078,-0.306930,-0.352508,-0.660547,0.084314,1.005784,0,0,1,0
0.265118,0.885680,-1.736152,-0.001125,2.124069,-0.266389,1.414365,0,0,0,0
0.565176,0.463702,-1.048792,-0.024289,1.079436,-0.400870,0.708931,1,0,0,0
0.525527,0.547174,-0.539023,0.808522,1.660032,-0.455430,0.221920,0,1,0,0
0.628615,0.539006,-0.737838,0.191442,0.374104,-0.336803,0.134520,0,0,0,1
0.088946,-0.848086,-0.044123,0.876565,1.531023,-0.405583,0.921841,0,0,0,0
-0.023137,-0.424845,-0.339275,0.347478,1.011093,0.169784,0.561916,0,0,0,0
0.452763,1.115010,-0.962223,0.208230,1.224259,0.065671,-0.123545,0,0,0,0
0.418696,0.731596,-0.620563,0.458281,0.015480,-0.185913,-0.011328,0,0,1,0
1.064738,-0.330042,-0.312547,-0.956900,0.229036,-0.209901,-0.050490,0,0,0,0
0.824945,-0.350583,-1.248386,-0.959192,-0.855132,-0.198069,-0.964520,0,0,0,0
0.804747,-0.111633,-0.421491,-0.946046,-0.534630,-0.304411,-1.008816,0,0,0,0
0.413239,0.155454,0.190531,-0.204653,0.670026,-0.218285,-1.063948,0,0,1,1
0.139490,-0.651719,0.434344,0.474729,-0.254100,-0.589681,1.459989,0,0,0,0
0.277405,-0.081583,-0.796946,0.495327,-2.284684,0.598591,1.315060,0,0,0,0
0.515709,1.144642,-1.475916,1.272757,-0.716054,-0.018923,0.925281,0,0,0,0
0.519890,0.650842,-1.579299,0.600915,-0.485690,-0.192313,0.804686,1,1,0,0
0.003091,-0.865209,0.097998,0.837043,-0.230567,-0.652971,0.938821,0,0,0,0
0.158099,-0.325525,-0.806332,0.835982,-2.233932,0.098741,0.558026,0,0,0,0
0.416413,0.726796,-1.177704,0.385198,-0.777166,-0.297238,1.185313,0,0,0,0
0.388994,0.898181,-1.571784,0.558100,-1.173829,-0.180082,1.478724,0,0,0,0
-2.552620,0.322161,0.553293,0.487435,-0.304855,-0.772486,-0.225901,0,0,0,0
-5.307167,-2.381110,-1.919121,-1.785352,-1.502085,-0.839570,-2.312973,0,0,1,1
0.295342,-0.813758,0.493316,0.494830,0.029626,-0.227415,1.437485,0,0,0,0
0.314500,-1.118477,-0.144043,-0.147847,-0.763020,0.044990,0.807213,0,0,0,0
-2.436295,-0.102737,1.270225,-0.470634,-0.132618,-0.897097,-0.582883,0,0,0,0
-6.522267,-1.800406,0.160848,-2.738156,-0.555721,-1.041189,-3.444615,0,1,0,1
0.267443,-1.048578,0.108884,-0.293437,0.647754,-0.664364,1.510547,0,0,0,0
0.409946,-1.026923,-0.253038,-0.724417,-0.641746,0.505146,0.517621,0,0,0,0
-2.595132,-0.159499,0.958978,-0.439189,0.672985,-1.042413,-0.679466,0,0,0,0
-5.511148,-4.218168,1.147436,-1.672062,-3.615609,-1.031540,-3.284303,1,1,0,0
0.372788,-0.451295,0.136904,0.304461,0.975698,-0.587762,1.301419,0,0,0,0
0.375771,-0.718193,0.215741,0.158349,-0.462870,0.043046,0.797925,0,0,0,1
0.253959,1.084772,-1.076729,0.038551,1.783278,-0.136828,0.988859,0,0,0,0
0.390037,0.721116,-1.000382,0.322640,1.390890,-0.009954,0.975761,0,1,0,0
0.368698,0.613932,-1.216894,0.484078,1.139419,-0.417522,0.246254,0,0,0,0
0.527054,0.508445,-1.655597,0.523711,0.842506,-0.087168,-0.067169,0,0,1,1
-0.053327,-1.089526,0.966635,0.125724,1.282871,-0.343759,1.115108,0,0,0,0
0.225343,-1.150097,-0.688230,-0.074414,0.266669,-0.373717,0.553611,1,0,0,0
0.881598,-0.523307,-0.897138,0.538163,0.638173,-0.280013,-0.132438,0,0,0,0
0.992567,-0.196193,-1.074907,-0.158534,0.338560,-0.035044,0.191096,0,0,0,1
1.294098,-0.133969,-0.866820,-0.097794,0.336157,-0.046129,0.621433,0,0,1,0
1.137491,0.125197,-0.974945,0.165178,0.053698,-0.287995,1.017745,0,1,0,0
1.146734,0.254273,-1.700678,-0.287239,-0.059839,-0.091025,0.835979,1,0,0,0
1.180141,0.452800,-1.164359,0.215597,-0.050547,0.132810,0.385724,0,0,1,1
-0.051946,-0.866150,0.368117,0.066938,-0.072743,-0.601982,1.129931,0,0,0,0
0.245313,-0.693984,-0.614726,-0.488571,-0.699607,0.070352,0.685175,1,1,0,0
0.165488,-1.072543,0.180868,0.231884,-0.063282,-0.532167,1.169390,0,0,0,0
0.152084,-0.545913,-0.333960,-0.130800,-0.739877,-0.137830,0.920865,0,0,0,0
-2.525226,-0.344344,0.903368,-0.160308,0.416390,-0.600472,-0.892267,0,0,0,0
-6.710548,-1.392850,-0.147038,-2.900404,-0.660270,-0.842355,-3.462801,0,0,1,1
0.131637,-0.875721,0.186885,0.086650,0.342715,-0.770792,1.480979,0,0,0,0
0.324898,-0.878140,0.086700,-0.287049,-0.115518,0.043077,0.578163,0,0,0,0
-2.592202,-0.169272,0.885211,-0.855423,0.320089,-0.866100,-0.797263,0,0,0,0
-6.633763,-1.533423,0.987317,-2.668234,-0.287316,-0.990760,-3.440003,0,1,0,1
0.274712,-0.930119,0.434113,0.403166,0.521001,-0.516799,1.371078,0,0,0,0
0.204829,-0.608051,-0.294716,-0.198727,-0.579414,0.258876,0.845888,0,0,0,0
-2.834464,-0.394465,0.783325,-0.106035,-0.410919,-0.963227,-0.857078,0,0,0,0
-6.889709,-1.965910,0.609624,-2.555148,-0.450369,-0.934921,-3.449586,1,1,0,0
0.211915,-0.885484,0.255233,0.373149,0.842786,-0.672094,1.433468,0,0,0,0
0.265988,-1.050427,-0.142136,-0.403934,-0.815337,0.448293,0.653836,0,0,0,0
-2.056254,0.101515,1.510777,-0.354001,-0.582921,-0.762635,0.040570,0,0,0,0
-6.675194,-1.720175,0.058332,-3.487676,-0.334127,-1.051941,-3.018994,1,0,1,0
0.146598,-1.521149,0.274527,0.273197,0.977327,-0.325047,1.632031,0,0,0,0
0.453926,-1.062896,-0.160478,-0.356166,-1.182822,0.602887,0.492851,0,1,0,0
0.263226,0.686938,-1.656084,0.803437,1.385355,-0.298466,0.784495,0,0,0,0
0.355482,0.573104,-1.515939,1.329668,0.691786,-0.128601,0.147429,0,0,0,1
0.140498,0.884115,-1.773921,1.198664,0.897449,-0.470891,0.688694,0,0,1,0
0.156719,0.800647,-1.624381,1.477743,0.268513,-0.200851,0.496520,1,1,0,0
0.016365,-0.770050,-0.315036,0.378141,1.600118,-0.524578,0.984512,0,0,0,0
-0.135180,-0.464031,-0.038067,0.840713,0.840836,-0.271845,0.101453,0,0,0,0
0.199225,0.494345,-1.378546,0.406957,0.177587,0.176227,-0.427420,0,0,0,0
0.458703,0.850584,-0.616860,0.650269,0.137314,-0.312540,0.057126,0,0,1,1
0.756340,-0.153467,0.407268,-0.420756,0.840532,-0.162850,-0.047179,0,0,0,0
0.521614,0.619726,0.620924,-0.365494,-0.097738,-0.239342,-0.012315,0,0,0,0
-0.032526,1.268023,1.442186,0.048102,0.731185,-0.714304,-0.085398,0,0,0,0
-0.308081,1.211782,0.614988,0.203834,1.154166,0.610710,-0.521358,1,1,0,0
0.011692,1.413044,-0.852501,0.741032,-1.736207,0.187919,-0.566822,0,0,0,0
0.416015,0.650714,-0.743813,0.820734,-1.804455,0.122767,-0.357770,0,0,0,1
0.432809,0.698094,-0.872450,0.966489,-2.569157,-0.239207,-0.153603,0,0,1,0
0.632312,0.216872,-0.138246,1.838965,-2.770976,-0.312684,-0.244866,0,1,0,0
0.881015,-0.787747,0.205100,0.289276,-0.268982,-0.281117,1.274053,0,0,0,0
0.506310,-0.881184,-0.442227,-0.156363,-1.461090,0.572204,0.386913,0,1,0,0
0.490641,0.832909,-1.479530,1.710880,-0.116446,-0.462552,1.829371,0,0,0,0
0.538787,0.621145,-1.284880,1.490440,0.256868,-0.406035,1.397528,1,0,1,0
0.404561,-0.539057,0.418669,0.310005,-0.614290,-0.252612,1.096526,0,0,0,0
0.183605,-1.156757,-0.723177,0.465927,-1.072023,-0.242827,0.190902,1,0,0,0
1.133476,-0.318857,-1.321014,0.041060,1.231581,0.647436,1.255617,0,0,0,0
0.848098,0.068959,-1.436005,1.209395,0.135904,0.219741,1.320700,0,0,0,1
0.573552,-0.724729,-0.161557,-0.119636,-1.422600,-0.124724,1.028339,0,0,0,0
-0.416111,-0.281719,-0.087170,0.471180,-2.031701,-0.191849,0.838765,0,0,0,1
0.261556,-0.724421,0.620255,1.272791,-0.133456,-0.352835,1.085750,0,0,0,0
0.485988,-0.762534,-0.377632,-0.093886,-0.723545,0.070869,0.423850,1,1,0,0
0.130161,0.360165,0.549870,0.740510,-1.525857,-0.151193,1.222999,0,0,0,0
0.039655,0.601538,-1.023087,0.484339,-2.323014,0.145981,0.646508,0,0,0,0
0.432779,0.602691,-1.572975,0.937407,-1.169809,-0.224628,1.169864,0,0,0,0
0.426288,1.045008,-1.376008,0.997855,0.259778,-0.009675,1.521384,0,0,1,1
1.076834,0.354404,-0.953448,0.980305,-0.935060,-0.337535,1.144568,0,0,0,0
0.712977,0.794426,-0.729686,0.690640,0.479560,-0.388571,1.516294,0,0,0,0
0.980532,-0.088881,-1.379691,-0.669916,0.035412,-0.093595,0.639932,0,0,0,0
0.636445,0.043128,-2.433474,-0.058799,-0.812475,-0.097847,0.565020,1,0,0,0
0.100947,-1.173429,-0.218562,3.624825,1.649129,0.121134,0.400695,0,0,0,0
-0.137498,-0.831507,-1.871299,2.211439,3.469112,0.010783,2.596886,0,0,1,0
0.557131,0.069030,-2.183999,0.561528,2.303033,0.147150,0.974318,0,0,0,0
0.931056,0.151637,-1.968654,-0.582027,1.479369,0.079780,0.366841,0,1,0,0
0.826218,0.423884,-3.033535,0.007424,-1.661696,0.140464,-0.243800,0,0,0,0
0.103634,1.439226,-2.009422,0.080994,0.576632,0.174753,1.722687,0,0,0,1
0.218704,1.368913,-1.290442,0.197895,1.124013,-0.144587,1.984333,0,0,0,0
0.335155,1.599869,-0.652926,0.091588,-0.020946,-0.036927,0.033367,1,0,1,0
0.055409,-1.436950,0.799439,1.675148,0.910679,-0.129356,0.974101,0,0,0,0
0.184547,-1.417280,-0.350917,1.123460,0.516323,0.612720,0.919344,0,1,0,0
0.649067,-0.880507,0.213644,0.479957,-0.215884,-0.216042,-0.428664,0,0,0,0
0.613797,-0.841121,0.545025,0.759143,0.650944,-0.610114,-0.394041,0,0,0,1
0.608331,-0.238654,0.238910,0.738171,-0.120044,-0.323417,1.278175,0,0,0,0
0.143095,-0.303646,0.412879,0.413646,-0.315765,0.264841,0.266379,0,0,1,0
0.435650,-0.480025,0.449475,0.548020,-0.354756,-0.079738,0.004140,0,0,0,0
0.310168,-0.269947,-0.234069,1.086133,0.523040,-0.352285,0.427189,1,1,0,0
-0.718218,-0.889577,-0.283458,2.073991,1.870483,-0.757505,0.983457,0,0,0,0
-0.781092,-1.214669,-0.686684,0.765524,1.540273,-0.092098,-0.217284,0,0,0,1
0.448415,-0.091872,-0.710889,0.598370,-0.474239,-0.338887,-0.043048,0,0,0,0
0.302320,-0.178536,0.015044,1.055219,0.192381,-0.301608,0.606076,0,1,1,0
-0.332774,-0.037162,-0.363465,0.930162,-0.136230,-0.542797,0.965053,0,0,0,0
-0.322343,-0.671259,-0.874902,-0.384324,-0.484090,0.054866,0.079181,1,0,0,0
0.276090,-0.125471,-0.288115,-0.198946,-0.329738,-0.084297,0.177382,0,0,0,0
0.243456,0.297792,-0.220546,0.277227,-0.078158,0.172518,0.703261,0,1,0,1
-0.627585,-0.859095,-0.217798,3.024267,0.786132,-0.619774,1.022859,0,0,0,0
-0.740080,-1.481518,-0.216067,1.611972,0.526741,-0.093227,-0.046233,0,0,1,0
0.500778,-0.029817,-0.575237,0.556271,0.345316,-0.261711,0.019840,0,0,0,0
0.295749,-0.135893,0.469589,0.373746,0.161918,-0.250849,0.366468,1,0,0,0
-0.294688,-0.274570,0.966606,1.539221,-0.084452,-0.348327,0.954668,0,0,0,0
-0.055735,-0.480492,0.183279,1.092981,-0.514598,0.260578,0.572171,0,1,0,0
0.076549,-0.471289,-0.058484,1.420583,-0.336430,-0.470218,-1.309206,0,0,0,0
-0.082801,-0.728303,0.150598,0.767011,0.362352,-0.038322,-0.846006,0,0,1,1
0.619249,0.057431,-0.171432,-0.280462,-0.559495,-0.079246,-0.364337,0,0,0,0
0.647852,-0.122770,0.049494,0.299553,0.780084,-0.415751,-0.458378,1,0,0,0
0.936554,0.537697,-0.040609,0.149142,-0.403258,-0.149113,0.218585,0,1,0,0
0.797752,0.355969,0.423925,0.724967,-0.198597,-0.190576,-0.270302,0,0,1,0
0.371821,-0.105116,0.232130,0.619862,-0.061039,-0.275954,-0.827779,0,0,0,0
0.476217,0.499216,0.937049,0.961257,0.693986,-0.110597,-0.279014,0,0,0,0
0.569829,0.618222,0.962385,0.998355,0.728334,-0.213567,-0.222244,0,0,0,0
0.424401,0.323132,1.339794,0.749458,0.467020,-0.284727,-0.543472,0,1,0,1
0.093866,-1.499225,0.852248,1.206113,0.745820,-0.548249,1.199173,0,0,0,0
0.156023,-1.449862,0.585698,1.505558,-0.001161,-0.171048,0.627678,1,0,0,0
0.466195,-0.996801,-0.283414,0.501717,0.102262,-0.377035,-0.723467,0,0,0,0
0.422543,-0.663947,0.266657,0.300761,-0.020994,-0.242924,-0.345168,0,0,1,0
0.371614,-0.495800,0.380755,1.036912,0.225776,-0.071167,1.252547,0,0,0,0
0.243658,-0.352952,0.130037,0.695872,-0.515798,0.121014,0.350574,0,0,0,1
0.315198,-0.301001,0.413393,0.999202,-0.389742,-0.003619,0.391980,0,0,0,0
0.229126,-0.471656,-0.398628,0.511873,0.308971,-0.358752,0.627118,1,1,0,0
-0.801163,-0.774067,0.116579,2.504632,1.176522,-0.581050,1.010719,0,0,0,0
-0.909863,-1.090288,-0.481352,1.268054,0.885880,0.024901,-0.167223,0,0,1,0
0.641688,-0.043174,-0.590534,0.111856,-0.004148,-0.215931,0.125794,0,0,0,0
0.409517,0.079527,-0.371387,0.796651,0.216314,-0.255676,0.626037,0,1,0,1
-0.365079,-0.147241,0.295890,1.628433,0.021396,-0.497700,0.875198,0,0,0,0
-0.236458,0.017640,-0.659420,0.811477,-0.622307,-0.027828,0.602525,1,0,0,0
0.282709,-0.127157,-0.775322,0.230652,-0.046561,-0.286818,-0.231189,0,0,0,0
0.344020,0.345065,-0.608166,0.128539,-0.807887,0.107227,0.401944,0,1,1,0
-0.440777,-0.555563,-0.342828,2.752797,1.043119,-0.545996,0.938767,0,0,0,0
-0.319596,-0.846266,-0.244211,1.611232,0.874623,0.080403,0.426790,0,0,0,1
0.330956,-0.216408,-0.350923,1.000232,0.332269,-0.157541,-0.046548,0,0,0,0
0.679161,0.161075,0.067647,0.856844,1.368655,-0.277733,0.704713,1,1,0,0
0.372542,0.376294,1.906833,1.238545,-0.473691,-0.644400,-0.149604,0,0,0,0
0.344421,0.494338,1.132389,1.316596,0.027567,0.238643,-0.184572,0,0,1,0
0.407948,0.186854,-0.141415,-0.366438,-0.637173,-0.293509,-0.588284,0,0,0,0
0.061174,-0.030049,-0.449845,-0.446343,-0.256109,-0.283445,-1.227889,1,0,0,1
1.006625,0.272899,0.665241,0.183150,-0.584915,-0.358415,-0.080434,0,0,0,0
0.890579,0.279406,0.009613,0.482227,0.364968,-0.232816,0.121856,0,0,0,0
0.831785,0.597733,0.683013,0.667883,-0.005627,-0.177106,-0.016093,0,0,0,0
0.801807,0.106473,0.469311,0.141437,0.108975,0.391238,-0.367706,0,1,0,0
0.881077,-0.979588,0.387120,0.291991,-0.596913,0.012092,-0.531161,0,0,1,0
0.978314,-0.958577,-0.133387,-0.359004,-1.201474,-0.252616,-0.408449,0,0,0,1
1.143026,-0.359145,0.188237,-0.541339,-0.680658,-0.235398,1.696840,0,0,0,0
1.127025,-0.314710,0.556532,-0.513049,-0.577460,0.035819,-0.094867,1,1,0,0
0.114860,-1.286920,0.731644,1.492195,0.879663,-0.634194,1.097426,0,0,0,0
0.165707,-1.235888,-0.224277,0.802514,-0.466263,0.215997,0.821337,0,0,1,0
0.520614,-0.792450,0.035879,1.095865,0.975914,-0.097246,-0.393633,0,0,0,0
0.496832,-0.925294,0.166831,0.475685,0.116107,-0.337139,-0.397475,1,0,0,0
0.429939,-0.252379,0.367636,0.436519,-0.025168,-0.330766,1.092580,0,0,0,0
0.086502,-0.479507,-0.337425,-0.028908,-0.360493,0.044189,0.321909,0,0,0,1
0.292060,-0.208998,-0.129040,-0.217285,0.087674,-0.406050,0.214913,0,0,0,0
0.374165,-0.338979,-0.050524,0.329146,0.585703,-0.089045,0.787543,0,1,1,0
-0.890517,-0.900420,-0.246561,2.573016,1.705444,-0.613011,1.118702,0,0,0,0
-0.649398,-1.293360,-0.388127,1.746005,1.359801,0.034287,0.268544,1,0,0,0
0.674885,0.193086,-0.653995,0.477899,0.013876,-0.111567,0.211326,0,0,0,0
0.681966,-0.086914,-0.490985,0.315974,-0.190300,-0.000826,0.548843,0,0,1,1
-0.452937,-0.295315,-0.544181,0.814159,-0.268490,-0.276088,0.815901,0,0,0,0
-0.260787,-0.344853,-1.147163,0.146715,-0.671844,0.117454,0.189385,0,1,0,0
0.204305,-0.109682,-0.649647,0.258093,0.241917,-0.297690,0.328174,0,0,0,0
0.411707,0.108289,-0.246985,0.556971,-0.276893,0.011785,0.658914,0,0,1,1
-0.410017,-0.680115,-0.104804,2.069692,0.571510,-0.726809,1.078885,0,0,0,0
-0.090929,-1.277003,0.022687,1.498902,0.300809,0.130372,0.371337,0,1,0,0
0.609340,-0.438798,-0.242886,1.018988,0.623968,-0.259992,-0.001417,0,0,0,0
0.683176,-0.423918,-0.386015,0.281974,0.064215,0.035559,0.707469,0,0,0,1
-0.050546,-0.151135,-0.193383,0.600818,-0.069740,-0.497439,0.862950,0,0,0,0
0.049475,-0.676231,-0.341421,0.511886,-1.188746,0.029742,0.211422,1,0,0,0
0.281894,-0.668311,-0.423418,1.048755,0.048997,-0.038999,-1.093000,0,0,0,0
0.379280,-0.763793,0.040032,0.726931,0.349192,-0.279202,-0.803770,0,1,1,0
1.014741,-0.653636,-0.763593,-0.689307,0.061625,-0.281277,-0.687699,0,0,0,0
0.992278,-0.653255,-0.730666,-0.074073,-0.725193,0.051961,-0.519938,0,0,0,1
0.912699,0.607616,0.542936,0.723368,-0.126132,0.058829,0.295352,0,0,0,0
0.396876,-1.221056,-0.181416,1.261116,-0.307174,0.210588,-0.980587,1,0,0,0
0.678348,0.410110,-0.514722,0.690475,-0.428983,0.216657,-0.181840,0,0,0,0
0.813385,0.213786,0.239934,1.361907,0.861029,0.123882,-0.044398,0,0,0,0
0.581118,0.303338,0.373171,1.550010,0.598144,0.303073,0.098632,0,0,0,0
0.671449,-0.017125,0.224251,0.513904,0.660385,-0.431990,-0.390119,0,0,1,1
0.234145,-1.367419,-0.708981,-0.011638,0.662205,-0.538415,1.295842,0,0,0,0
0.206409,-1.429677,-0.616797,0.163092,-0.647056,-0.018544,0.409051,0,1,0,0
0.659933,-1.054456,0.245401,0.152364,-0.043908,-0.231729,-0.436731,0,0,0,0
0.706869,-0.847570,0.320731,0.900725,0.117254,-0.323475,-0.468053,0,0,1,0
0.053058,-0.555559,-0.169379,0.640858,1.055235,-0.323977,1.370742,0,0,0,0
0.237062,-0.545911,-0.132983,-0.548031,-0.893738,0.350937,0.480609,1,0,0,0
0.712220,0.382312,-0.691717,0.361653,-0.369635,0.042249,0.753779,0,0,0,0
0.371542,-0.169666,-0.225140,1.018074,0.662224,-0.033560,0.577491,0,1,0,1
-0.211709,-0.959091,0.257363,1.219722,1.149221,-0.402202,1.152909,0,0,0,0
-0.250084,-1.120851,-0.480373,0.083251,0.081470,-0.157067,-0.158134,0,0,1,0
0.796578,0.065519,-1.315802,-0.371257,0.128418,-0.160431,0.417230,0,0,0,0
0.389642,-0.201892,-0.348810,0.661725,0.848872,-0.080901,0.537257,1,1,0,0
0.272162,0.629048,-0.040882,1.293936,0.045585,-0.375706,1.245632,0,0,0,0
0.345562,0.175282,-0.648620,0.240200,-0.040990,0.051290,0.444537,1,0,0,0
-0.198700,0.066073,-0.859972,1.080849,1.138716,-0.683862,0.911601,0,0,0,0
0.076199,0.229275,-1.697177,0.458717,1.405688,0.082650,0.620049,0,0,0,1
0.624892,0.108203,-1.265586,-0.503775,0.989522,-0.286324,-0.285632,0,0,0,0
0.129148,-0.778991,-1.781820,0.218434,0.136365,-0.163133,-1.134574,1,0,0,0
0.188350,-0.028805,-0.353181,0.408803,0.006362,-0.269372,0.608105,0,1,0,0
-0.123040,0.117374,-0.152563,0.659965,-0.725929,-0.348909,0.740276,0,0,1,0
0.288982,0.567221,-1.861379,0.415948,0.256093,-0.195445,0.875424,0,0,0,0
0.481410,0.139158,-1.351254,0.298856,0.354788,-0.122626,-0.544826,0,0,1,0
-0.435901,0.749771,-1.057878,1.105463,0.639794,-0.406835,0.695419,0,0,0,0
-0.121770,-0.057159,-0.352238,0.454814,-0.507334,0.780683,-1.073671,0,0,0,1
0.572959,-0.973576,-2.704686,-1.652798,-0.403420,0.111768,-0.518096,1,0,0,0
0.960208,-0.668872,-0.574940,0.273693,0.230303,0.323889,1.295504,0,1,0,0
1.057874,-0.193827,-1.046759,-0.244351,0.356773,0.073716,1.150873,0,0,0,0
1.115068,-0.634525,-1.746408,-1.139860,0.782036,-0.095190,-0.240453,0,1,0,0
0.544998,0.974415,-1.331367,1.127916,0.406024,-0.410996,1.067748,0,0,0,0
0.588963,-0.012249,-1.100423,0.764925,0.347765,0.169676,0.014268,0,0,0,1
0.461241,0.712684,-0.400406,0.816114,0.748174,-0.355265,1.439564,0,0,0,0
0.716612,0.993824,-0.166051,0.725582,0.340115,-0.020986,0.983098,1,0,1,0
0.153124,-1.328945,0.452692,1.162705,1.254083,-0.542438,1.024516,0,0,0,0
0.370851,-1.241058,-0.420185,0.745020,0.035218,-0.296988,0.740038,0,1,0,0
0.690230,-1.397222,0.142727,0.085047,-0.277086,-0.328944,-0.568117,0,0,0,0
0.583443,-0.508421,0.130218,0.177982,-0.363459,-0.294417,-0.292923,0,0,0,1
0.377986,-0.422801,-0.284983,0.521146,-0.071291,-0.396176,1.279345,0,0,0,0
0.153209,-0.670966,-0.015554,0.399123,0.196224,0.053858,0.342185,0,0,1,0
0.258942,-0.902260,1.130202,0.585146,0.105805,-0.431709,1.053628,0,0,0,0
-0.223676,-0.808337,-0.437666,0.552482,0.993046,-0.551913,0.649469,1,0,0,0
-0.327590,-1.601900,-1.341545,0.364141,1.064743,-0.524701,-1.166329,0,0,0,0
-0.293780,-1.347141,-0.969158,0.334742,1.000052,-0.592151,-1.492139,0,1,0,1
0.448006,-0.241759,0.163635,0.837542,-0.121691,-0.333446,1.518437,0,0,0,0
-0.034412,-0.729867,-0.450971,0.997750,0.123114,-0.293832,0.497552,0,0,1,1
0.068158,0.214382,-0.524917,1.452582,-0.393881,-0.415965,0.999792,0,0,0,0
-0.183886,-0.337467,-0.381118,0.875136,-0.136426,-0.058959,0.306069,1,0,0,0
0.441851,-0.948988,0.270896,0.485597,-0.038267,-0.468109,0.654159,0,0,0,0
0.501168,-0.333341,0.109771,0.257902,0.197945,0.364944,0.268646,0,1,0,1
-0.653897,-0.971439,0.158109,3.035238,0.629767,-0.755807,0.990829,0,0,0,0
-0.323070,-1.225531,-1.096586,2.031046,0.308549,0.178711,0.398098,0,0,1,0
0.470429,-0.639680,0.148354,0.741623,-0.358214,-0.459671,0.425847,0,0,0,0
0.453081,-0.449808,0.314457,0.421988,-0.192667,-0.315976,0.622504,1,0,0,0
-0.433620,-0.251159,0.195893,2.287993,-0.011278,-0.646686,0.926735,0,0,0,0
-0.097645,-0.625190,-0.265546,0.845190,-0.784991,0.274601,0.747837,0,1,0,0
-0.090747,-0.818293,0.320181,0.918336,-0.297830,-0.638816,1.140916,0,0,0,0
-0.785577,-1.113860,-0.079896,1.093906,-0.297698,-0.204033,-0.158687,0,0,0,1
0.415779,-0.140498,-0.213232,0.616153,-0.369415,-0.309356,-1.042159,0,0,0,0
0.634538,-0.217959,0.046486,0.722613,0.889850,-0.218224,-0.465469,1,0,1,0
1.021100,-0.785272,-0.765025,0.073296,1.096322,-0.389118,1.860019,0,0,0,0
0.828439,-0.680301,-0.364605,0.086579,0.249886,0.008510,0.580926,0,0,0,0
0.119675,-0.694522,0.228962,-0.063659,-0.740433,-0.591769,-1.317958,0,0,0,0
0.096188,-0.390562,-0.031569,-0.214895,-0.691753,-0.333023,-1.510393,0,1,0,0
0.848753,-0.740466,-0.871919,0.015702,0.578930,-0.129418,-0.662392,0,0,0,0
0.942516,-0.958163,0.050150,0.175684,0.861583,-0.471469,-0.620623,0,0,1,1
0.372877,-0.945156,0.493773,1.198677,0.534301,-0.453178,1.465231,0,0,0,0
0.255271,-1.329466,0.230934,0.772043,-0.183096,-0.439029,0.425396,1,0,0,0
0.667700,-0.983526,0.745511,0.469419,-0.803553,-0.242826,-0.311408,0,0,0,0
0.424434,-0.656862,0.481278,0.824676,-0.227115,-0.347321,-0.370220,0,0,0,1
0.088273,-0.514625,1.252404,0.999230,-0.567998,-0.654065,1.035546,0,0,0,0
0.095657,-1.057138,-0.287141,0.158956,-0.410041,0.077512,1.019986,0,1,0,0
0.773909,-0.403446,-0.029417,0.134346,-0.066493,-0.315930,0.192486,0,0,0,0
0.263557,-0.580942,-0.013872,1.051064,0.294157,-0.486175,0.118077,1,0,1,0
-0.691920,-0.888216,0.105511,2.475571,1.375180,-0.665214,1.065380,0,0,0,0
-1.023475,-1.483197,-0.569780,1.626881,1.875423,-0.299964,-0.227024,0,0,0,1
0.548671,-0.704499,-0.096449,0.593334,0.050800,-0.218659,0.217849,0,0,0,0
0.403050,-0.681468,-0.397529,0.242542,0.268066,-0.257432,0.693656,1,0,1,0
0.084618,0.111104,-0.676144,1.166700,-0.165802,-0.355857,0.896518,0,0,0,0
-0.257146,-0.402929,-0.623692,-0.252068,-0.292877,-0.218114,0.101198,0,1,0,0
0.626452,0.104684,0.554793,0.500704,0.187768,-0.379362,0.357955,0,0,0,0
0.545224,0.455626,0.601772,0.493576,0.142908,-0.167936,0.696792,0,0,1,1
-0.756431,-0.732175,0.477093,2.438622,1.518404,-0.450119,1.060756,0,0,0,0
-0.730196,-1.570327,-0.337625,1.239370,1.057761,0.335853,-0.182707,1,0,0,0
0.765953,-0.221818,0.027416,0.520528,-0.039215,0.074976,0.221168,0,0,0,0
0.728053,0.217705,0.255305,0.757942,0.069604,-0.272240,0.402610,0,0,1,0
-0.214066,0.110953,0.310750,1.164343,-0.260481,-0.657695,1.005288,0,0,0,0
-0.032465,-0.767596,-0.623623,0.157345,-0.600863,0.300872,0.530956,0,1,0,0
0.390745,-1.187954,0.019979,0.422715,-0.022430,-0.306473,-0.911883,0,0,0,0
-0.073953,-0.571045,-0.479579,0.535668,0.952091,-0.374321,-0.811264,1,0,0,1
1.010758,0.173356,-0.149067,0.038742,-0.067617,0.052483,-0.242039,0,0,0,0
0.989919,0.553906,0.505779,0.528495,-0.471817,-0.231567,-0.031052,0,0,0,0
0.934120,0.578424,0.248009,0.537357,-0.164588,-0.231222,0.116866,0,0,0,0
1.024710,0.254232,0.490496,0.251159,-0.465314,-0.078870,0.114945,0,0,1,0
0.708276,0.113113,0.502255,0.353949,0.061566,-0.222194,-0.307320,0,0,0,0
0.907642,0.343968,0.837682,0.306128,-0.176098,0.085377,-0.053397,0,0,0,0
1.135276,-0.162919,-0.068838,-0.571823,-0.920252,-0.107946,1.180584,0,0,0,0
1.071467,-0.210177,0.307247,-0.174421,-0.228519,0.093829,0.154025,1,0,0,0
0.112695,-1.303139,0.829739,1.435284,0.713273,-0.517228,0.813722,0,1,0,0
0.065008,-1.287676,-0.155928,1.201180,0.689123,-0.370894,1.121132,0,0,1,0
0.136708,-1.852904,0.338609,0.764973,1.120123,-0.399953,1.062926,0,0,0,0
-0.076810,-1.322275,-0.129036,0.093928,-0.383701,-0.221538,-0.030664,1,0,0,0
0.352522,-0.498230,0.091827,1.250358,0.098228,-0.402255,1.015099,0,0,0,0
0.034683,-0.639905,0.018597,0.564694,-0.080097,0.178761,0.259080,0,1,0,0
0.427666,-0.654944,0.328620,0.365262,-0.262784,-0.134622,0.051826,0,0,0,0
0.357819,-0.205780,0.215548,0.598828,-0.478352,-0.424303,0.412198,0,0,0,1
-0.716226,-0.516337,0.891100,2.368059,1.759289,-0.297942,0.886058,0,0,0,0
-0.809166,-1.083493,-0.474302,1.750130,2.072037,-0.440247,0.547866,1,0,0,0
0.877256,-0.742376,-0.317049,0.577258,-0.722661,-0.299660,0.131125,0,0,0,0
0.473356,-0.055341,-0.058715,0.083374,-0.333282,-0.305054,0.366405,0,1,1,0
-0.030596,-0.084412,-0.041385,0.890769,0.079427,-0.247817,0.930444,0,0,0,0
-0.006836,-0.563782,-0.510625,0.321468,-0.716299,-0.136185,0.171872,0,0,0,1
0.687114,-0.632296,0.197102,0.171885,-0.290410,-0.369929,-0.020139,0,0,0,0
0.302273,-0.562031,-1.031572,0.610165,0.186095,-0.196273,0.308072,1,0,0,0
-0.091241,-1.647085,0.449156,1.462674,1.386726,-0.574039,1.100906,0,1,0,0
-0.370398,-2.661814,-0.234436,2.118977,1.547198,-0.368254,1.188019,0,0,1,0
0.590320,-1.374350,0.659586,0.703276,0.317665,-0.514298,1.258752,0,0,0,0
0.140649,-0.940904,-0.441327,0.390491,-0.184551,0.111993,0.208458,1,0,0,0
0.603996,-0.601159,0.083724,0.956052,0.129516,-0.444094,1.225710,0,0,0,0
0.207821,-0.908210,0.159037,0.536593,-1.382334,-0.232269,0.648648,0,1,0,0
0.388349,-0.732178,-0.122021,0.768325,-0.217083,-0.522640,1.148988,0,0,0,0
-0.267446,-1.484481,0.340634,1.179140,0.370643,-0.372945,0.490676,1,0,0,1
0.525930,-1.148690,-0.361048,0.808404,0.489090,-0.255901,0.962790,0,0,0,0
0.134144,-1.639854,-0.634193,0.808600,0.566167,-0.205813,0.285463,0,1,1,0
0.954070,-0.081941,0.924296,0.285904,-1.061541,-0.124461,-0.105953,0,0,0,0
0.756197,-0.550738,1.064340,1.012408,-0.002889,-0.245445,-0.248878,0,0,0,0
0.510191,-0.362336,1.116707,0.736683,-0.758434,-0.169172,-0.672153,0,0,0,0
0.744221,0.180786,0.016856,0.689009,-0.345777,0.276318,-0.456643,1,0,0,1
0.669693,0.560987,0.625897,-0.057914,-2.435645,-0.265937,-0.581993,0,0,0,0
0.514421,-0.066724,0.059676,0.426031,-0.919119,-0.259483,-0.873277,0,0,1,0
0.409253,-1.249718,-0.714312,0.775552,0.477547,-0.256018,1.268943,0,1,0,0
0.412356,-1.438649,-0.151760,1.283330,0.810112,-0.333155,1.252187,1,0,0,0
0.388293,-1.720144,0.320232,0.536638,0.470090,-0.039022,1.022675,0,0,0,0
0.276072,-1.238031,-0.404318,0.613968,0.077243,-0.116278,0.575152,0,0,0,1
0.227106,-0.677450,0.525192,0.516385,-0.433943,-0.482854,1.141057,0,0,0,0
0.180401,-0.947325,-0.373206,-0.057697,-0.426692,0.267497,0.329907,0,1,0,0
0.597483,-0.744823,0.045986,0.667852,0.669555,-0.112259,1.186520,0,0,0,0
-0.003085,-0.678658,-0.080178,-0.069685,-0.147498,-0.129808,0.222815,1,0,0,0
-0.379337,-0.656909,0.221625,1.923626,0.556975,-0.637182,1.027837,0,0,0,0
-0.049463,-0.650234,-0.299745,0.828824,0.437522,0.207273,0.449947,0,0,0,1
0.432540,-0.402016,1.088178,0.784679,0.368897,-0.566331,1.120764,0,0,0,0
0.488342,0.133843,-0.378576,0.440781,0.236720,-0.213221,0.246652,0,0,1,0
0.523623,-0.904038,0.149656,0.641495,1.683208,-0.286149,1.115935,0,0,0,0
0.006462,-1.521578,-0.727533,0.889886,0.879618,-0.047176,0.259155,1,1,0,0
0.135682,-1.106780,0.099047,1.509353,1.309887,-0.571168,1.489096,0,0,0,0
0.138154,-1.093142,-1.649872,0.917523,1.241419,0.003689,0.738726,0,0,0,0
0.261175,-0.735422,-0.832148,0.625807,1.812854,0.035191,0.593092,0,0,0,0
0.309115,-0.373342,-0.784301,0.071620,2.306724,-0.333805,1.397908,0,0,0,0
-0.074199,-0.608969,0.421637,0.721440,1.099487,-0.209842,1.072802,0,0,0,0
0.049055,-0.675031,0.745315,0.588651,0.725403,-0.325572,0.721654,0,0,0,1
-1.110473,-2.006428,0.271473,0.388558,0.871321,-0.676075,-1.570353,0,0,0,0
-1.708895,-2.739820,0.867981,0.880214,1.715171,-0.508841,-1.318600,0,0,1,0
-0.556450,-1.101627,2.337943,0.836077,-1.631048,-0.479197,-0.198557,0,0,0,0
-1.006660,-1.196842,1.775795,0.565782,-0.330610,-0.441100,-0.136048,1,0,0,0
-1.034623,-0.370375,1.560074,-0.324029,0.129239,-0.172890,0.170976,0,0,0,0
-1.148115,-0.711421,2.261549,-0.332961,0.010271,-0.492437,0.401554,0,0,1,0
-0.815299,-0.171297,1.173863,-0.175762,-0.997856,-0.256565,0.785212,0,0,0,0
-1.304551,-0.456399,1.572259,0.754568,-0.254453,-0.720552,0.697046,0,1,0,0
-0.724850,-1.014069,1.543140,0.478948,-0.413687,-0.366665,0.728383,0,0,0,0
-1.429551,-0.642787,2.220074,-0.155251,0.819327,-0.556541,0.764900,1,0,0,0
-0.623617,-0.562499,1.265113,0.688040,-0.792639,-0.453336,0.831549,0,0,0,0
-1.530095,0.066787,1.742284,0.295360,0.670165,-0.734178,0.868418,0,0,1,1
0.515081,-0.355545,0.152681,0.385071,0.279586,-0.667839,1.043263,0,0,0,0
0.539614,-0.732558,-0.257881,0.983890,-0.130579,-0.002624,0.558708,0,0,0,0
0.490315,-0.422009,-0.149757,0.135279,-0.256392,-0.238046,-0.374798,0,0,0,0
0.465279,0.058827,0.389049,0.400253,-0.298712,-0.220155,0.238479,1,0,0,0
0.387991,-0.336030,-0.401052,0.508242,-0.162549,-0.256057,-0.540097,0,0,0,0
0.195313,-0.304553,0.486575,0.578294,0.201006,0.056721,-0.900846,0,1,0,0
0.337480,0.302650,-0.130060,1.817690,0.490301,-0.320010,0.630459,0,0,0,0
-0.045651,0.571883,0.234728,1.929357,0.456350,0.124594,0.647293,0,0,0,1
0.713156,-0.575627,-0.123378,0.431526,0.497465,-0.122236,-0.294379,0,0,0,0
-0.009615,0.021780,-0.236813,0.208202,-0.704358,-0.175312,-1.343153,1,0,1,0
0.643552,-0.123124,0.403908,0.822554,0.738800,-0.527076,1.383812,0,0,0,0
0.596789,-0.118945,0.006350,0.975592,0.071376,-0.147065,1.058015,0,0,0,0
-0.550394,0.449608,-0.726198,0.298905,0.222596,-0.695206,-1.500855,0,0,0,0
-0.838974,0.177150,-0.532496,0.593652,-0.521034,-0.335384,-2.055614,1,1,0,0
0.791778,0.386459,-0.023612,0.775457,0.532952,-0.305391,1.663325,0,0,0,0
0.638642,0.253200,-0.450224,0.823584,0.319973,-0.051487,0.959781,0,0,0,1
0.863380,-0.589825,0.050399,1.054068,-0.083273,-0.412115,-0.499212,0,0,1,0
0.818947,-0.812339,-0.131311,0.759974,-0.512040,0.119351,-0.739543,0,1,0,0
0.679187,-0.214526,-0.019456,0.591625,-0.464601,-0.035957,-0.742772,1,0,0,0
0.566291,-0.615479,0.070651,0.415606,-0.593336,0.148031,-0.974043,0,0,0,1
0.593272,-0.524617,0.038743,0.495164,-0.697676,0.153361,-0.747208,0,0,0,0
0.739334,-0.084131,-0.011934,0.112688,-0.366061,0.029181,-0.841460,0,1,0,0
0.697764,-0.218330,0.227933,-0.275958,-1.019025,-0.495411,-0.740238,0,0,1,0
0.945022,-0.328656,-0.371571,0.310430,-1.702979,0.375037,-0.462707,1,0,0,0
1.064912,-0.116926,0.600107,-0.126911,-0.797625,-0.501539,0.741218,0,0,0,0
1.014263,0.116993,0.782176,-0.303864,-1.149804,0.061872,0.891636,0,0,0,1
0.668944,-0.321053,0.663982,0.357374,0.150120,-0.002959,0.728125,0,0,0,0
0.722721,-0.256695,1.329099,-0.039777,0.331950,-0.128881,0.494747,0,1,0,0
0.465834,-0.121178,1.329380,-0.020987,0.867336,-0.080930,1.623308,1,0,0,0
0.487904,-0.328158,0.722048,-0.806904,1.094256,-0.045856,0.965187,0,0,0,1
0.446804,0.048394,1.165596,-0.644523,0.631860,-0.171661,1.015623,0,0,1,0
0.331178,0.128848,1.070498,-0.277955,0.338207,0.049078,1.400123,1,1,0,0
0.600634,-0.141945,0.538290,0.802254,0.071415,-0.386554,1.318338,0,0,0,0
0.581618,-0.384082,-0.707609,0.892733,-0.741479,0.017964,0.870853,0,0,0,0
0.509199,0.498057,0.117594,2.095633,0.059916,-0.170466,1.640736,0,0,0,0
0.399971,0.339855,0.049773,1.475849,-0.211008,-0.227461,1.503398,0,0,0,1
0.641400,-0.224865,-0.875360,0.269404,-0.501918,-0.200222,-0.456777,0,0,0,0
0.271679,-0.043557,-0.916573,0.986083,-0.495609,-0.309292,-0.973874,0,0,1,0
0.111172,0.602983,-0.669551,1.414129,-0.603761,-0.415701,1.360447,0,0,0,0
0.103809,0.661601,-0.468278,1.081674,-0.554875,0.124120,1.205227,1,0,0,0
0.505244,-1.119775,0.006453,0.511218,0.001089,-0.088892,-0.913528,0,0,0,0
-0.213289,-0.098727,0.230413,0.760264,-2.122530,-0.368914,-1.611579,0,1,0,1
0.735575,-0.340468,-0.145883,0.356790,-0.762096,-0.358325,1.287967,0,0,0,0
0.524474,-0.321304,0.100068,1.167240,-0.612124,0.206242,0.843395,0,0,0,0
0.078126,-0.357418,0.436090,1.937289,-1.271963,-0.685631,-0.995430,0,0,0,0
-0.378289,-0.035841,-0.076020,1.590692,-0.398231,-0.029637,-1.670528,0,0,1,1
0.925123,-0.236361,0.165702,0.703340,0.709836,-0.462042,1.342990,0,0,0,0
0.434039,-0.099582,-0.012691,0.991134,-0.484522,-0.473273,0.592997,1,0,0,0
0.481837,-0.349438,-0.722355,0.457056,-2.123153,-0.424710,-0.844326,0,1,0,0
0.302406,-0.098088,-0.655067,0.564132,-2.090361,-0.190002,-0.820239,0,0,1,0
0.975336,-0.567360,-0.468935,-0.009756,-1.232953,-0.013514,-0.115499,0,0,0,1
0.710576,-0.380620,-1.147678,0.108002,-1.941105,0.142965,-0.557315,1,0,0,0
1.000554,-0.799861,0.112368,-0.903171,-1.305445,-0.047620,-0.333687,0,0,0,0
0.901190,-0.153176,0.246506,-0.577065,-1.128036,0.039407,-0.274684,0,0,1,0
0.420422,-0.383834,0.274051,-0.441862,0.671973,-0.442938,-0.633888,0,1,0,0
0.162767,-0.379843,0.369477,-0.409805,0.463230,-0.462522,-1.034458,0,0,0,1
0.937678,-0.116250,0.915919,0.607847,0.208533,-0.302399,0.832145,0,0,0,0
0.578453,0.316184,0.764881,0.263142,-0.889309,-0.109209,1.147807,1,0,0,0
0.637239,-0.029333,1.251712,-0.042049,-0.391810,0.281016,0.973797,0,0,0,0
0.347519,0.530296,0.364169,-0.350137,0.070349,0.335728,0.634844,0,0,1,0
0.573148,0.162563,0.886072,0.268161,-0.160147,0.766836,0.371982,0,0,0,1
0.431306,0.850867,-0.999425,1.161721,0.622467,0.499254,1.258227,1,0,0,0
0.497442,0.873723,-1.004343,0.245620,-0.016453,0.122179,1.204643,0,1,0,0
0.520633,0.455494,-1.228459,0.592846,-0.227381,1.005584,0.306911,0,0,1,1
0.224127,0.396705,-1.643852,2.197629,-1.473551,-0.160783,1.263586,0,0,0,0
0.462874,0.369215,-1.348097,1.567592,-1.291941,0.208723,0.627004,0,0,0,0
0.382079,0.665959,-1.553588,2.010002,-1.218836,0.004058,1.080042,0,0,0,0
0.289807,1.000407,-0.550324,2.155028,-1.110360,-0.052486,1.146588,1,1,0,0
0.644842,-0.304034,-0.690581,1.299434,-0.937656,0.066673,-0.046139,0,0,0,0
0.235114,-0.003356,-0.928326,1.056721,-2.063401,0.504205,-0.975415,0,0,0,1
0.226798,1.114609,-1.210582,1.409328,-1.830719,-0.292368,1.808691,0,0,0,0
0.000354,0.883495,-0.791116,1.710207,-1.646487,-0.212943,1.111346,1,0,1,0
-0.014837,0.845079,-0.309189,2.878950,-1.711974,-0.792158,1.074182,0,0,0,0
-0.655060,0.400826,-1.558878,3.350014,-0.094766,0.007805,0.375260,0,0,1,0
0.244162,1.238661,-1.774686,1.786553,-1.292315,-0.645924,1.226890,0,0,0,0
0.387918,1.014082,-1.551857,1.487689,-0.876989,-0.023495,0.432562,0,1,0,1
0.157701,-0.309792,0.127214,1.630703,-1.666435,-0.666971,-0.712174,0,0,0,0
0.066691,-0.113992,-1.105158,0.986378,-1.891643,-0.160129,-1.230432,1,0,0,0
0.087916,0.836322,0.200245,1.359811,-0.912515,-0.421411,1.490112,0,0,0,0
-0.011960,0.644977,0.031002,1.243895,0.073030,-0.375160,1.302400,0,0,1,1
0.023198,0.642614,0.510987,2.478158,-0.302846,-0.523974,0.678455,0,0,0,0
-0.659411,0.198743,-1.343262,3.259968,0.325644,-0.166853,0.446738,0,0,0,1
0.340343,0.755220,-1.098140,1.216320,0.219883,-0.011773,1.331053,0,0,0,0
0.462583,0.755557,-0.660851,0.562345,0.867693,0.125125,0.762114,1,1,0,0
0.212054,-1.063078,0.450964,0.400358,-0.389739,-0.626609,-0.994808,0,0,0,0
0.292769,-0.879688,-0.184966,0.603614,-1.376139,0.247709,-1.152474,0,0,1,0
0.324351,0.974706,-0.593353,0.978791,0.620763,-0.658086,1.378897,0,0,0,0
0.169171,0.540019,-1.271521,1.225857,0.717190,-0.285802,0.661763,1,0,0,1
0.457769,0.712642,-0.298035,1.485523,0.708477,-0.412451,1.356551,0,0,0,0
0.417165,0.594471,0.033047,1.545524,-0.053572,-0.295419,1.226722,0,1,0,0
0.274436,1.148971,-0.686509,1.912259,0.950066,-0.426906,1.079333,0,0,0,0
0.328010,0.867079,-1.023046,1.326948,0.550530,-0.087243,0.593220,0,0,1,1
0.657105,0.153869,0.367558,1.165926,0.977112,-0.414094,0.977297,0,0,0,0
0.637933,0.464687,0.060291,0.546074,0.247591,-0.190394,1.523488,0,0,0,0
0.232896,0.907614,0.119536,0.662212,-0.007148,0.104965,1.359026,0,0,0,0
0.207898,0.408872,-0.183773,1.578663,0.256411,-0.416658,1.155134,1,0,1,0
0.411979,0.157174,0.124231,0.372193,0.056562,-0.743830,0.651930,0,0,0,0
0.234780,0.080414,-0.715875,0.952788,-0.104169,0.138447,0.138197,0,1,0,0
0.198937,0.413723,-0.664404,1.046919,0.380327,-0.540726,0.901918,0,0,1,0
0.000691,0.651437,-0.022405,1.304313,0.280304,0.049625,0.940979,1,0,0,1
-0.014926,-0.224120,0.632731,1.101344,0.091663,-0.540027,0.877612,0,0,0,0
-0.020770,-0.213771,-0.259614,0.083340,-0.605154,0.140202,-0.117949,0,1,0,0
0.599508,1.085424,-0.817364,0.757930,-0.221332,-0.297520,0.543984,0,0,0,0
0.325394,0.892582,0.190366,1.355055,0.480830,-0.008890,0.788279,0,0,1,1
-0.498427,0.065544,-0.370592,3.246357,0.662964,-0.551081,1.135706,0,0,0,0
-0.768102,0.127791,0.273144,2.367206,1.000937,0.185323,0.053148,1,0,0,0
0.646682,0.559706,-0.438920,1.348157,-0.248160,-0.509682,0.738894,0,0,0,0
0.404899,0.252085,0.233001,1.410891,0.382556,-0.364406,0.752862,0,0,1,0
0.864632,0.179153,0.325876,0.829603,-0.333580,-0.383548,-0.293188,0,0,0,0
0.690304,0.154483,0.182977,0.659896,-0.729277,-0.354337,-0.549837,1,1,0,0
0.028042,0.904124,-1.194369,1.179019,-0.001772,-0.642570,1.008963,0,0,0,0
-0.001713,0.942893,-2.286558,1.034869,0.549079,-0.185828,0.837840,0,0,1,1
0.876728,-0.264238,-0.311983,0.576230,0.612942,-0.385853,0.872216,0,0,0,0
0.692444,0.194389,-0.569858,1.502470,0.518611,0.000680,0.939673,0,0,0,0
0.507014,-0.061531,-0.489777,0.931798,0.960362,-0.153018,0.844900,0,0,0,0
0.560504,0.356051,-0.692441,0.288752,0.309000,-0.455098,0.253078,0,0,0,1
0.610048,-0.312186,0.567481,0.796729,0.066048,-0.038565,1.223993,0,0,0,0
0.276913,0.025976,0.206078,0.895773,0.616063,-0.381494,0.820054,0,0,0,1
0.647023,0.626445,-1.371511,0.646869,0.017142,-0.361006,1.245503,0,0,0,0
0.467729,0.937709,-0.644918,1.149518,0.470494,-0.296206,1.030662,0,1,1,0
0.853359,0.286096,0.173655,0.772417,0.898292,0.070575,0.882124,0,0,0,0
0.541995,1.001436,-0.459816,1.381428,0.085589,-0.253451,0.378722,1,0,0,0
0.556553,0.872657,-0.413202,0.105364,-0.785782,-0.651417,-0.297044,0,0,0,0
0.332029,0.574903,-1.209513,-0.341818,0.104909,-0.181916,-1.001125,1,0,0,0
1.090378,0.717433,-0.089573,-0.932873,-0.006106,-0.063017,0.183787,0,0,0,0
0.768567,1.080336,0.319732,0.487767,0.029255,0.008287,0.505104,0,0,0,1
0.393577,1.829419,-0.782388,1.622761,-0.457964,-0.145363,1.399676,0,0,0,0
0.316345,1.980929,-0.963019,2.049208,0.149614,-0.285466,0.453806,1,1,0,0
0.779807,-0.490298,0.326597,0.935714,0.526295,-0.239772,1.360624,0,0,0,0
0.712994,-0.102173,-1.144805,0.609560,0.687054,-0.142091,0.290454,0,0,0,0
0.865381,0.211090,-1.116148,0.353620,-0.021711,0.067400,0.096325,0,0,0,0
0.791515,0.419058,-1.076476,0.557847,0.782223,0.044956,0.157367,0,0,0,1
0.454027,-0.556187,0.227528,0.659514,-0.504101,-0.034708,-0.950597,0,0,0,0
0.539357,0.054706,-0.135746,-0.256637,-0.632346,0.374559,-1.039864,0,0,0,0
-0.192068,-0.003323,0.083085,0.461293,0.443338,-0.133544,-1.573658,0,0,0,0
-0.408019,-0.599791,-0.383698,0.754812,0.465601,0.095966,-1.649380,1,0,0,0
0.800071,-0.680029,-0.852365,0.166915,-0.527524,-0.387951,-0.559736,0,0,0,0
0.192062,-0.631969,0.310468,-0.563799,-1.488980,0.370225,-1.328879,0,0,0,0
1.243832,-0.285695,-0.545621,-1.334308,-0.300043,-0.213886,-0.598981,0,0,0,0
0.058597,0.752903,-0.306473,1.527282,0.148595,-0.474242,-1.202691,0,0,1,0
-0.671254,0.546664,-1.275139,3.119093,-0.036102,-0.607267,1.239127,0,0,0,0
-0.195021,0.044498,-0.840320,1.805204,-0.624060,1.788349,-0.131209,0,0,0,0
1.178121,-0.490615,-0.094202,-0.508343,-1.091773,0.548549,-0.927756,0,0,0,0
0.067744,0.644696,-1.560011,1.034466,-0.846568,-0.210366,-1.384878,1,0,0,0
0.624228,-0.208074,-0.746214,1.098150,-1.642570,-0.036220,-0.698851,0,0,0,0
0.532518,-0.940677,-0.883020,0.582525,-0.844328,0.300182,-0.869995,0,0,0,0
0.619028,-0.347411,-0.294463,0.882510,-0.848715,0.209499,-0.740128,0,0,0,0
0.472448,-0.905694,-0.054213,0.489898,-1.148483,0.377301,-0.920062,0,1,1,0
0.459892,-0.289680,0.333604,0.627585,-0.503026,-0.671209,1.463384,0,0,0,0
0.608025,-0.340689,0.147515,0.245581,-0.643162,0.770258,0.779668,0,0,0,0
0.555085,-1.023939,-0.134468,-0.705788,-1.342713,-0.477430,-0.951919,0,0,0,0
0.566203,-0.392845,-0.973286,-0.123566,-1.242333,-0.207945,-0.886850,0,0,0,1
1.243973,-0.522386,0.257241,0.039364,-0.579326,-0.645178,-0.236559,0,0,0,0
1.055835,-0.026873,0.393077,-0.693471,-1.230247,0.854296,-0.265803,0,0,0,0
0.582960,-0.572960,0.031205,-0.225150,-0.791023,-0.666764,-0.893114,0,0,0,0
-2.012269,0.654146,-1.155727,-0.866347,0.196584,-0.059217,-1.564482,0,1,0,0
0.097446,-1.075308,0.227435,-1.214032,0.409005,-0.213365,-0.615766,0,0,0,0
0.480608,-0.849532,0.183884,-0.895378,1.050872,2.253408,-1.137089,0,0,0,0
-0.066411,0.270723,-1.603116,-2.022113,-1.217754,-0.978537,-1.402780,0,0,0,0
-0.251794,-1.072294,0.973586,-0.901650,-0.399532,-0.260229,-1.292093,0,0,1,1
0.394642,0.673456,-0.774951,1.375177,0.289127,-0.561689,1.580055,0,0,0,0
0.126065,0.882580,-1.633787,0.094420,0.114376,-0.281237,1.240827,0,0,0,0
0.656768,0.934857,-0.936866,0.001388,-0.032534,0.126086,-0.544055,0,0,0,0
0.429456,0.495513,-1.005364,0.512218,-0.625630,0.062898,-0.665008,1,0,0,0
0.020986,0.672091,-0.756313,0.839363,-0.807285,0.190982,-0.971546,0,0,0,0
-0.155308,0.736801,-0.844444,0.456661,0.291377,0.264628,-1.222168,0,0,0,0
0.598929,0.593089,-1.297387,1.360594,-1.014069,-0.028745,-0.514481,0,0,0,0
-0.666953,1.761782,-2.147662,2.218732,1.157519,0.105062,1.143826,0,0,0,1
0.830666,-0.823686,0.405586,0.563529,-0.033112,-0.028562,-0.505636,0,0,0,0
0.364527,-0.482718,-0.237065,-0.346981,-1.041029,0.210933,-1.290893,0,0,0,0
1.163432,-0.132475,0.836699,-0.370787,-0.682423,0.422185,-0.526705,0,0,0,0
0.017225,1.127118,-1.469995,0.638470,-0.505446,-0.180201,-1.194052,0,1,0,0
0.106366,0.622688,-1.968218,1.309345,-0.835607,-0.197655,-0.975746,0,0,0,0
-0.181864,0.402190,-0.960705,1.069531,-1.394860,0.538497,-1.418382,0,0,0,0
0.898062,-0.286613,-1.173684,-0.416879,-0.957515,-0.344947,-0.558341,0,0,0,0
-0.192806,1.694045,-0.579128,1.604311,-0.321554,0.413272,0.636915,0,0,0,1
0.567758,0.235458,-0.175234,1.014751,-1.728884,-0.539830,0.105592,0,0,0,0
0.280046,-0.341002,-0.633241,0.755668,-1.012415,2.027215,-0.536956,0,0,0,0
0.933552,-0.168640,-0.419744,0.374408,-2.210775,-0.772762,-0.689559,0,0,0,0
0.084191,1.264094,-0.636912,0.485457,-0.422763,-0.097026,-0.750656,0,0,1,0
0.773228,-0.063365,-0.373699,-0.589881,-1.508681,0.129320,-0.721978,0,0,0,0
0.764482,-0.448354,-0.266958,-0.632056,-0.857432,1.892324,-0.825762,0,0,0,0
0.697456,-0.262184,0.061489,0.240566,0.385474,-0.640153,-0.594488,0,0,0,0
-0.498753,0.202369,-0.183970,0.033616,0.643948,-0.157475,1.811149,1,1,0,0
1.026726,-0.441586,0.523519,1.380063,-0.692815,-0.471244,-0.062970,0,0,0,0
1.172574,0.001804,0.382664,0.288660,-1.183578,1.153943,-0.074670,0,0,0,0
1.158406,0.075559,0.416590,0.549901,-1.481280,0.180472,0.086515,0,0,0,0
0.755280,0.505876,-0.087781,1.359500,-1.870878,0.063911,0.021372,0,1,0,0
0.392733,-0.273242,0.575736,0.104060,-0.323273,-0.225283,1.394575,0,0,0,0
0.595343,0.193740,-0.283242,-0.016040,-2.412960,1.208861,-0.204511,0,0,0,0
0.669145,0.433020,-1.756851,-0.266743,-2.689546,-0.186303,-0.309175,0,0,0,0
-0.902110,1.599283,-1.795033,2.205435,-2.587677,-0.206466,1.081642,0,1,0,1
0.580499,-0.983514,0.808989,1.329548,-0.504961,-0.264309,0.822012,0,0,0,0
0.442135,-0.334208,-0.254601,1.596932,-0.434277,-0.201161,1.201897,0,0,0,0
0.763490,-0.347401,0.536065,0.903087,-1.126272,-0.075646,-0.560875,0,0,0,0
0.547675,-0.272543,0.037953,0.073800,-1.862527,-0.043916,-0.641627,0,0,0,0
0.627599,0.023880,-0.788542,1.365999,-0.506713,-0.054405,-0.559176,0,0,0,0
-0.070114,-0.317916,-1.096617,1.978661,-0.681094,0.214654,-1.311330,0,0,0,0
-0.712149,-0.487212,-0.553251,1.659984,-0.739788,0.038348,-1.619859,0,0,0,0
-0.371942,0.344401,0.459483,2.003860,0.102028,1.603690,0.617203,0,0,0,0
-0.826151,-0.117726,-0.074927,0.912752,0.281073,-0.189081,0.770100,0,1,0,0
0.643615,-0.581881,0.129629,0.904293,-0.154785,-0.306863,0.800090,0,0,0,0
0.280011,0.271677,-0.539633,0.871945,-0.719495,0.253238,0.924393,0,0,0,0
0.041215,0.168148,-1.146351,0.618733,-0.089589,-0.095797,-0.959665,0,0,0,0
-0.300981,-0.248342,-0.811521,1.308983,0.765366,0.040685,-1.302493,0,0,0,0
0.244196,0.302343,-1.062118,0.491012,0.622369,0.725616,-1.030799,0,0,0,0
-0.299145,-0.209946,-0.722242,1.234783,1.609710,-0.162134,-1.209333,0,0,0,0
-0.115144,-0.046998,-1.383497,1.009076,0.860853,-0.400779,-1.393419,0,0,0,0
0.100182,0.274097,-1.145351,0.938951,0.662179,0.925555,-1.194577,0,0,0,0
-0.293703,0.096610,-1.541352,0.675758,0.733956,-0.316193,-1.431056,0,0,0,0
-0.102052,0.254606,-1.943052,0.718952,0.139037,-0.011051,-1.223491,0,0,0,0
0.164700,0.525138,-1.527356,0.227223,0.997305,1.032252,-1.292767,0,0,0,0
-0.627192,-0.339386,-1.626795,0.762778,1.183238,-0.489942,-1.516783,0,0,1,0
-0.084369,-0.022754,-1.999230,1.159164,0.443860,-0.220165,-1.193532,0,0,0,0
0.119379,0.669665,-1.376981,0.632909,0.432069,0.451625,-1.294686,0,0,0,0
-0.309143,-0.155989,-1.757028,0.766560,0.961383,-0.462232,-1.547716,0,1,0,0
-0.003146,0.124137,-2.181654,0.310406,0.291970,-0.295919,-1.254066,0,0,0,0
-0.044123,0.144901,-1.482853,0.887033,-0.051964,-0.454729,-1.263262,0,0,0,0
-0.463135,0.029247,-1.697031,0.974477,0.731286,-0.432119,-1.607060,0,0,0,0
1.162685,-0.308634,0.166790,0.097382,0.468515,0.331072,0.503716,0,0,0,0
0.697794,-0.493230,-0.421725,-0.286203,-0.583141,-0.266123,-0.567765,0,0,0,0
0.510116,0.416446,-0.785897,0.382129,0.046346,-0.034549,-0.461044,0,0,0,0
0.468460,0.633459,-1.067183,0.640827,-0.450587,0.727173,-0.272119,0,0,0,0
-0.202346,0.379778,-0.251565,-0.267021,0.255543,-0.277171,-0.551554,0,0,0,1
0.408587,0.049303,-0.553046,0.954162,0.455772,-0.551559,-0.508558,0,0,0,0
0.553155,0.403877,-0.518957,0.716340,-0.214357,0.981529,-0.719719,0,0,0,0
0.316079,0.620687,-0.510919,0.235747,-0.433954,-0.217206,-0.805384,1,0,0,0
0.294711,0.259411,-0.715767,1.093794,0.045028,-0.205154,-0.831631,0,0,0,0
1.361263,-0.238294,0.359228,-0.731675,-0.940614,-0.599072,-0.351681,0,0,0,0
0.789031,0.943703,-0.904795,0.922463,-0.737059,-0.142290,-0.251103,0,0,0,0
0.705287,0.864506,-0.770694,0.591383,-0.166322,0.739812,-0.348499,0,0,0,0
0.377898,0.763599,0.359154,0.474369,-0.125190,-0.023992,-0.348523,0,0,1,0
0.630997,0.773742,-0.398691,0.881632,-0.069687,0.042820,-0.154245,0,0,0,0
0.175360,0.752390,-0.176585,1.091516,-0.713167,0.318134,-0.400067,1,0,0,0
-0.088878,1.002245,-1.537505,1.599324,0.382139,-0.080058,-1.073858,0,0,0,0
-0.703052,0.585232,-1.923740,0.405252,0.647677,-0.705453,-1.631589,0,0,0,0
-0.337253,1.634925,-1.564857,0.715926,1.359554,-0.266311,-1.168868,0,0,0,0
-0.416654,1.665555,-2.435702,0.911809,1.350404,-0.341002,-1.334973,0,0,0,0
-0.536460,2.216786,-1.723207,0.294177,2.059857,0.196894,-1.277948,0,0,0,0
-0.690772,1.511472,-2.064997,0.533219,1.995563,1.891558,-0.809688,0,0,0,0
-0.730074,1.457853,-1.797429,-0.016989,1.201738,-0.265369,-1.334709,0,0,0,0
-0.788343,1.870450,-2.580446,-0.837642,2.119685,0.704650,-1.227102,0,0,0,0
-1.153561,1.911667,-1.469560,-0.370523,3.340250,-0.362284,-1.669845,0,0,0,0
-0.648777,2.254409,-2.236066,-0.253858,2.959269,0.670120,-1.202536,0,0,0,0
-0.646054,1.902568,-2.268637,-0.089536,3.406675,-0.559387,-1.240104,0,0,0,0
-0.593123,2.184700,-1.761184,-0.581976,2.403538,-0.003599,-1.004354,0,0,0,0
-0.445108,2.234194,-2.116110,-1.028411,2.728809,0.035423,-1.322543,0,0,0,0
-0.670953,2.275927,-2.372922,-1.453583,2.909268,0.289346,-1.456133,0,0,0,0
-1.244265,1.708604,-2.871757,-2.076574,3.381866,-0.098721,-1.703089,0,0,0,0
-1.263494,2.350848,-1.813966,-0.844683,3.371318,0.302663,-1.778081,0,0,0,0
-1.766990,1.375420,-1.954342,-1.008794,2.445304,0.041543,-2.088497,0,0,0,0
1.303268,0.658550,0.698696,-0.603480,-0.255654,8.765041,0.038172,0,0,0,0
0.474363,0.611788,-1.213428,-0.007544,-0.701487,-0.007891,0.074715,0,0,0,0
0.533547,0.461541,-1.276005,-0.280606,0.042557,0.090654,-0.150026,0,0,0,0
0.587681,0.545254,-0.949174,0.131152,1.052524,0.246810,0.104404,0,0,0,0
0.457810,0.928367,-1.088251,0.061830,0.843033,-0.157671,0.173428,0,0,0,0
0.524938,0.919567,-0.957138,0.063691,0.549250,-0.064048,-0.340614,1,0,0,0
0.770234,0.964354,-0.887069,-0.147685,0.648240,0.112161,-0.437439,0,0,0,0
0.732973,1.012617,-1.007772,-0.261447,0.667854,-0.363485,-0.441001,0,0,0,0
0.099134,1.005028,-1.051574,0.619588,0.452092,-0.276662,-0.727235,0,0,0,0
-0.896550,0.790806,-1.539050,1.079796,-0.302241,0.019147,-1.735629,0,0,0,0
-1.158151,1.160568,-1.035187,1.049977,0.060193,-0.204753,-1.802752,0,0,0,0
-1.591324,1.394557,-0.728037,0.263396,-0.119453,0.127387,-1.661950,0,0,0,0
-2.231955,1.066965,-0.930030,-1.159267,-0.138718,-0.589338,-1.730360,0,0,0,0
-2.750102,0.657186,-0.965766,-0.859050,0.685035,-0.295462,-1.877335,1,0,0,0
-2.811457,1.513772,-0.084311,-1.443395,1.838401,-0.690373,-2.163476,0,0,0,0
-3.414222,0.282143,-1.110750,-0.935850,1.290419,-0.659755,-2.480709,0,0,0,0
0.667638,0.794837,-0.622156,-1.003266,-1.159703,3.632494,-0.503590,0,0,0,0
0.134280,0.855779,0.252967,0.124925,-1.330786,0.152182,0.518596,0,0,0,0
-0.112130,1.197588,0.074230,0.361870,-0.873321,0.073816,0.221228,0,0,0,0
-0.163478,0.971299,-0.364020,0.181480,-1.054417,0.067965,0.141577,0,0,0,0
-0.268388,0.878344,-0.191939,-0.047474,-1.450942,-0.420048,0.043151,0,0,0,0
-0.243182,1.280249,-0.151284,0.700028,-0.887953,0.131343,-0.042232,0,0,0,1
-0.287944,1.198111,-0.129495,0.435592,-0.810727,-0.358682,-0.103756,0,0,0,0
-0.144524,1.146481,0.211016,0.210525,-0.258717,-0.019041,-0.005622,0,0,0,0
-0.765280,1.471419,-0.746381,0.694403,-0.880629,-0.288765,-0.146054,0,0,0,0
-2.915228,3.722602,-2.350398,-0.978093,0.782633,-0.180187,-1.964199,0,0,0,0
-3.388852,4.913849,-2.358503,-1.903231,2.947507,-0.295865,-1.833971,0,0,0,0
-3.516254,4.050625,-2.600793,-1.775591,1.642967,0.249363,-2.220228,0,0,0,0
-3.810085,3.987053,-1.884324,-1.609770,2.138210,-0.119358,-2.162447,0,0,0,0
-4.199020,3.588107,-1.529697,-1.362151,1.870391,-0.255378,-2.167495,0,1,0,0
-4.256269,3.385943,-0.785251,-0.039433,1.621823,-0.806948,-2.244754,0,0,0,0
-4.675244,2.278860,-2.046145,0.603070,3.357302,-0.347024,-2.462087,0,0,0,0
0.806221,-0.836855,0.497735,-1.680532,-1.172731,0.204086,-0.757503,0,0,0,0
0.313662,-0.559206,1.445572,-0.388874,0.320751,-0.297330,1.064336,0,0,0,0
0.302287,-0.485832,1.011991,-0.658484,0.090258,-0.403107,1.201269,0,0,0,0
0.210596,-0.337849,0.965690,-0.228741,0.018472,-0.210758,1.196609,0,0,0,0
0.227306,-0.308286,0.428569,0.565384,-0.536738,-0.110592,0.228783,0,0,0,0
0.209860,-0.220790,0.538021,-0.209715,-0.765604,-0.192227,0.431689,0,0,0,0
-0.039156,-0.393469,0.004344,0.337504,-0.416856,0.118293,-0.021293,0,0,0,0
-0.022532,-0.329633,-0.115302,0.406611,0.075448,-0.112516,0.071574,0,0,0,0
-0.051903,-0.193289,-0.450220,-0.192780,-0.752321,0.093311,-0.323377,0,0,0,0
-0.020831,0.094714,0.511160,-0.541209,-1.330498,-0.181445,0.068527,0,0,0,0
-0.029793,-0.159309,-0.107544,-0.417274,-0.540796,-0.332427,0.304423,0,0,0,0
-0.040299,0.358193,-0.434923,0.385682,-1.472904,0.106138,-0.179882,0,0,0,0
0.003989,0.398751,-0.166261,0.277054,-0.695243,0.045119,0.203955,0,0,0,0
-0.112637,0.270793,-0.102122,0.250365,-1.004272,-0.084846,0.179220,0,0,0,0
-0.175951,0.851056,-0.183540,0.038531,-1.011226,0.186701,0.245414,0,0,0,0
-0.167038,0.530411,-0.237886,-0.067166,0.010045,0.248922,-0.180626,0,0,0,0
-0.183447,0.607454,-0.229866,-0.002038,-0.499267,-0.080493,0.214608,0,0,0,0
-0.061496,0.312386,0.105887,0.261719,-0.020386,-0.008244,0.272803,0,0,0,0
-0.205771,0.463246,-0.162643,-0.636357,0.443019,0.023665,0.168304,0,0,0,0
-0.203568,0.745777,0.121838,-0.383291,0.578269,-0.368949,0.231578,0,0,0,0
-0.295727,0.646223,-0.376175,-0.232221,-0.336102,-0.023833,0.066552,0,0,0,0
-0.216733,0.897021,0.289032,0.404346,-0.263494,-0.223866,0.317875,0,0,0,0
-0.120846,0.253427,-0.023033,-0.515747,0.529113,0.025840,0.192872,0,0,0,0
-0.107511,0.255642,0.074878,-0.552570,0.383301,-0.321804,0.141306,0,0,0,0
-0.128223,0.501024,0.294536,-0.127974,0.290180,-0.072695,0.184795,0,0,0,0
-0.303020,0.797036,-0.231796,-0.620869,-0.818776,0.178806,-0.044786,0,0,0,0
-0.335888,0.554000,-0.417710,-0.720581,0.034257,0.038106,0.140514,0,0,0,0
-0.255836,0.508489,0.541944,-0.954138,0.247900,-0.026955,0.075331,0,0,0,0
-0.250377,0.395601,-0.294645,-0.565815,-0.096716,-0.253496,0.092255,0,0,0,0
-0.461729,0.943989,0.488348,-0.991275,0.279311,-0.149454,0.250100,0,0,0,0
-0.320604,-0.037404,-0.124998,-1.125525,-0.486561,0.427350,0.055744,0,0,0,0
-0.255819,0.136486,0.259520,-0.721297,0.197487,0.213657,0.234914,0,0,0,0
-0.366941,0.703162,0.249922,-0.528886,-0.338876,-0.161398,0.196828,0,0,0,0
0.084710,0.379982,0.590199,-0.083560,0.687789,2.677327,0.578843,0,0,0,0
-0.159362,0.181515,0.245001,0.693688,0.846846,4.898094,-0.870055,0,0,0,0
-0.891622,0.379165,1.256948,-0.389433,1.594064,0.358739,-1.113383,0,0,0,0
-1.022905,0.137797,1.581514,-1.402897,0.523088,-0.108180,-1.458497,0,0,0,1
-1.043549,-0.032037,1.270068,-1.222092,0.971398,-0.893368,-1.589573,0,0,0,0
-1.136762,0.001574,1.208195,-0.310076,0.209131,0.083196,-1.554880,0,0,1,0
-1.245191,0.349482,1.065081,-0.629980,-0.119890,-0.939372,-1.837220,0,0,0,0
0.152483,0.349423,0.095739,0.480785,0.084010,0.761378,-0.812599,0,0,0,0
-1.492696,0.619413,1.339220,-0.464728,-0.504600,-0.761365,-1.804990,0,0,0,0
-1.252862,0.260352,0.727090,-1.332734,-0.101201,-0.250344,-1.729889,0,0,0,0
-1.188746,0.379133,0.668517,-0.662094,0.044286,-0.031430,-1.289015,0,0,0,0
-1.143984,0.114526,1.216243,-0.766803,0.502874,-0.133113,-0.903603,0,0,0,0
-1.149181,-0.230303,0.621555,-0.872719,0.394980,0.020214,-1.668476,0,0,1,0
-1.150014,-0.265631,0.344219,-0.979638,0.200530,-0.656729,-1.699831,0,0,0,0
-0.328126,-0.095742,-0.874777,-0.920084,-0.685791,1.045276,-1.335681,0,0,0,0
-0.298509,0.209247,-0.925490,-0.514622,0.589778,-0.153758,-1.401628,0,0,0,0
0.214984,0.014968,-0.748697,-0.224722,0.874458,2.081638,-0.555885,0,0,0,0
-0.094592,0.025658,-0.606015,-0.618430,1.070513,-0.068165,-1.430675,0,0,1,0
0.230853,-0.204372,0.072178,-0.766814,1.330405,-0.330492,-0.803343,0,0,0,0
0.472022,-0.641599,-0.148026,0.034875,-0.000892,-0.040849,-0.733174,0,0,0,0
0.167988,-0.153790,-0.040218,-0.508071,0.644881,-0.264529,-1.135980,0,0,0,0
0.421970,0.939320,0.200987,1.126360,0.411595,1.767905,0.968723,0,0,0,0
0.117514,-0.036683,-1.023124,1.168824,0.021419,-0.119944,-0.866541,0,0,0,0
0.226223,0.267261,-1.035938,1.161123,0.018354,0.148537,-0.316677,0,0,0,0
0.351304,0.081118,-0.389993,1.175896,-0.026079,-0.009470,-0.510334,0,0,0,0
0.014890,-0.827183,-1.017776,1.178362,0.377945,-0.107107,-0.757033,0,0,0,0
-0.212922,0.115423,0.483857,1.633946,0.843567,-0.178142,3.142842,0,0,0,0
1.213025,-0.518582,1.074363,-2.346121,-1.015153,2.902507,-0.517915,0,0,0,0
0.014637,-2.491626,1.847321,0.179561,0.117436,-0.117181,1.716202,0,0,0,0
0.677349,-1.322318,1.128670,-0.585774,-0.882507,0.631168,-0.878413,0,0,0,0
0.570213,-1.586270,0.642641,-0.460826,0.503850,0.048659,-1.121031,0,0,0,0
0.530721,-1.347898,1.197027,-0.339085,0.721501,0.101224,-1.068286,0,0,0,0
0.750758,-1.478619,0.889735,0.095804,0.649883,0.463307,-0.737717,0,0,0,0
0.055454,0.257995,1.584395,0.250852,-0.926770,-0.145006,1.196570,0,0,0,0
-0.572257,-0.688915,0.381123,-0.401967,-0.919690,-0.063125,1.894550,0,0,0,0
-0.329554,-0.433364,0.235056,-0.080313,0.546591,0.278116,-1.101044,0,0,0,0
0.040362,0.621791,-0.170506,-0.107051,0.726563,-0.321057,-1.044876,0,0,0,0
0.081439,0.195760,-1.463136,-1.192154,0.058620,0.832155,-1.387407,0,0,0,0
-0.258102,0.389677,0.535717,0.559069,0.688455,0.035190,-0.406344,0,0,0,1
-1.480217,-0.568072,0.920069,2.152502,1.485348,-0.556439,2.058211,0,0,0,0
-0.713891,0.236076,-0.330643,0.708594,1.597655,2.258143,1.259404,0,0,0,0
-0.067297,0.073886,-0.096138,-0.285602,0.827463,-0.525243,-1.464814,0,0,0,1
-0.112172,0.216194,-0.009698,-0.209848,1.580827,-0.039197,-1.051538,0,0,0,0
-0.101022,0.115969,-0.147831,-0.253780,1.217609,3.187876,-1.431554,0,0,0,0
0.813791,1.027461,0.600866,-0.567131,-0.727226,0.256563,-0.128598,0,0,0,0
-1.014158,-0.545818,0.720205,0.927741,0.073125,-0.738688,1.929121,0,0,0,0
-0.076590,0.102571,0.056358,-0.399618,1.385160,0.344126,-0.391211,0,0,0,0
0.232801,0.045685,-1.910091,-1.050872,-0.011616,-0.333823,-1.433423,0,0,0,0
-0.996089,0.393593,1.387659,0.170192,2.353943,-0.210726,-1.020668,0,0,1,0
-0.427193,0.622529,-0.121368,0.439314,2.700399,-0.483788,-0.885095,0,0,0,0
-0.563855,0.010749,1.606366,0.614625,1.768590,3.324383,0.156406,0,0,0,0
-2.061530,-0.797815,0.807557,1.458365,3.436898,-0.405319,1.839363,0,1,0,0
-0.760270,0.480861,0.934852,-0.714125,2.875118,0.175688,-1.150406,0,0,0,0
-0.182677,0.482662,-0.147807,-1.065336,0.879965,1.952260,-1.295193,0,0,0,0
-0.102358,-0.351701,-0.873778,-0.791640,1.450849,-0.525629,-1.101777,0,0,0,0
-0.250168,0.934524,0.520060,0.393326,2.428001,0.087701,0.191966,0,0,0,0
-0.459100,0.635850,0.753442,-0.101800,-0.850607,-0.620293,1.054125,0,0,0,0
-0.486819,0.154833,-0.622142,-0.789235,-0.357828,0.764086,1.569814,0,0,0,0
-0.711121,0.442499,1.750313,-1.073069,0.299797,0.386220,-0.945440,0,0,1,0
0.203862,0.233673,-0.407595,0.191816,0.546781,-0.053194,-0.756453,0,0,0,0
0.405249,0.671035,-1.988247,-0.485053,-0.239579,3.525370,-0.636151,0,0,0,0
0.368633,0.970770,-0.888367,0.090696,-0.884775,0.026478,-0.012353,0,1,0,0
-1.916818,1.100191,0.654859,-0.292256,1.109857,-0.599618,2.017726,0,0,0,0
-0.423326,0.549539,-0.469906,-0.471044,0.616765,1.117467,0.414764,0,0,0,0
0.414297,-0.486648,-1.961620,0.100149,0.277222,-0.377744,-1.043285,0,0,0,0
0.034335,0.327199,-1.128742,0.353106,1.206200,0.490251,-0.838417,0,0,0,0
-0.183460,0.425562,0.162831,0.861268,2.056109,-0.388191,0.286116,0,0,0,0
0.985055,0.571674,0.589489,-1.225073,-0.643111,0.611761,-0.185910,0,0,0,0
-1.164805,-0.178922,1.780130,0.276565,-1.127100,-0.234944,1.494269,0,0,1,0
-0.179618,0.753358,0.028104,-1.141681,0.719623,0.240257,-0.779030,0,0,0,0
0.922823,0.678333,-1.286240,-1.125342,-0.639063,6.258049,-0.446775,0,0,0,0
-0.962598,0.485974,0.782413,-0.105323,1.832183,-0.350586,-0.523825,0,0,1,0
-0.035851,0.244930,-0.209378,-0.314514,1.442824,-0.352992,-0.402060,0,0,0,0
0.171722,-1.006463,1.891083,0.268662,2.171865,1.790712,0.616895,0,0,0,0
-0.300469,-1.263363,2.048071,-1.340934,0.482186,-0.045896,1.839845,0,0,0,0
0.742163,-0.898247,0.489790,-0.958150,0.340270,0.335699,-0.840636,0,0,0,0
0.391734,-0.548830,1.106744,-0.800053,2.159673,-0.396137,0.190499,0,0,0,0
0.351072,-0.846462,0.809976,-1.107186,1.126965,-0.232308,-1.018208,0,0,0,0
0.532583,-1.304908,-0.081236,-0.624897,1.538650,-0.292245,-0.361053,1,0,1,0
-0.843036,0.289912,1.138865,0.187817,-0.051293,-0.683686,1.947789,0,0,0,0
-0.440676,0.407311,-0.296231,-0.657085,0.449902,0.565581,1.531589,0,0,0,0
-0.683199,0.146619,-0.323819,-1.156499,1.093256,-0.651197,-1.496221,1,0,0,0
-0.363342,0.677334,-0.673022,-0.297410,1.534055,0.214147,-0.719130,0,0,0,0
-0.391700,1.131760,-0.939528,-0.162937,1.547088,0.647811,-1.225574,0,0,0,0
0.533550,1.081710,0.307480,-0.370554,-0.701485,0.048444,-0.442967,0,0,0,0
-3.119721,1.028962,2.131695,0.367488,1.705250,-0.518311,1.853525,0,0,0,0
-0.390712,0.707357,-0.356934,0.270374,1.624136,1.118342,-0.110039,0,0,0,0
0.036466,0.346927,-2.055994,-0.891501,0.481372,3.253862,-1.582847,0,0,0,0
-1.148238,1.041076,2.595709,0.125306,2.149022,-0.447725,-0.973366,0,1,0,0
-0.586799,1.167420,-0.200319,0.547300,1.827149,0.032711,-0.941183,0,0,0,0
0.374364,0.946066,1.243602,-0.344600,-0.493143,3.746440,0.000989,0,0,0,0
-0.786742,-0.064879,0.222612,0.284398,-1.476304,0.496765,2.050582,1,0,0,0
0.191911,0.027400,-0.123876,-1.435716,-1.307841,0.176132,-1.179158,0,0,0,0
-0.261961,0.997145,-1.224631,-0.477839,0.306121,2.963624,-1.027472,0,0,0,0
0.166172,-0.220642,-0.956652,0.150282,0.767041,-0.516794,-0.740511,0,0,0,0
-0.520575,0.437328,-1.631051,1.746447,2.124274,-0.415208,1.118507,0,0,0,0
-1.868712,0.224411,1.230110,2.435527,1.032808,-0.736496,1.341920,0,0,0,0
-1.110881,-0.069639,-0.441140,0.379653,0.774563,0.278015,1.552768,0,0,0,0
-0.564989,1.246585,0.852235,-0.015579,-0.467929,0.242609,-1.327473,0,1,0,0
-0.256463,0.208904,-0.745139,0.519693,1.001536,-0.329953,-1.139116,0,0,0,0
0.226860,1.174739,-2.312926,0.563786,-0.051598,3.746931,-0.540562,0,0,0,0
-0.124116,1.234422,-0.758191,0.808839,-0.108845,-0.272793,0.147184,1,0,0,0
-1.398901,0.562123,0.697367,0.934460,-1.724196,-0.660232,1.987572,0,0,0,0
-0.357734,1.021990,-0.027604,-0.358853,-0.022868,1.061234,0.409222,0,0,0,0
-0.464211,-0.023391,-0.012858,-0.362541,-0.256140,-0.327521,-1.141841,0,0,0,0
-0.638361,0.457913,0.148650,0.730100,1.867909,1.180932,-0.583868,0,0,0,0
-0.403667,0.914099,-1.226527,0.237351,0.641561,0.175881,-1.208924,0,0,0,0
0.535947,1.351356,0.132047,-0.522549,-1.851902,0.490640,-0.165264,0,0,0,0
-2.243191,1.872915,-0.252920,0.640079,0.758870,-0.574135,1.654235,0,1,0,0
-0.134442,1.122495,-0.709977,0.297179,0.162818,-0.198877,-0.614226,0,0,0,0
0.843069,-0.820418,0.797439,-0.925521,0.541153,5.670319,-0.335752,0,0,0,0
0.951529,-0.689649,-0.525771,0.205550,0.072816,-0.172932,-0.162837,0,1,0,0
0.892090,-0.685069,0.555848,0.751854,0.693096,0.510416,0.357707,0,0,0,0
-0.308088,0.839592,-1.029004,0.688390,-0.288238,-0.357808,1.178333,0,0,0,0
-0.411270,0.518991,-0.142255,0.162005,-1.534805,-0.099899,1.649709,0,0,0,0
0.876440,0.177865,-1.638959,-0.605439,-0.472138,0.853014,-0.393314,0,0,0,0
1.149807,0.067582,-0.991129,-0.676228,0.505857,-0.017043,0.477367,0,0,0,0
1.149594,-0.151871,-1.309688,0.883715,-0.412961,0.029279,0.094519,0,0,0,0
-0.294341,-0.666811,0.532842,0.347840,0.858480,-0.195242,-1.051285,0,1,0,1
0.668846,-1.128446,0.962854,-0.633909,0.587588,-0.440615,-0.073690,0,0,0,0
0.596821,-0.914529,1.390134,0.330360,0.889008,-0.123691,0.036458,0,0,0,0
0.246162,-1.221566,1.310344,0.298100,1.696208,0.125568,0.022774,0,0,0,0
0.117959,-1.036704,2.418274,0.323097,0.863877,0.060055,0.014180,0,0,0,0
0.037592,-1.269658,2.706352,1.322379,1.498121,0.337084,2.360464,0,0,0,0
1.311397,0.656114,0.205472,-1.234194,-1.108550,0.641574,-0.278681,0,0,0,0
-0.865011,-0.197036,0.162872,0.357521,-0.949901,-0.350090,1.734835,0,0,0,0
0.064678,0.108167,0.134473,-1.029775,0.721499,0.915976,-0.753602,0,0,0,0
0.307769,0.240631,-1.885051,-0.989395,0.068199,0.013621,-1.420243,0,0,0,0
-1.370715,1.125951,2.056352,0.313139,1.351477,-0.355111,-0.678693,0,0,0,1
-0.443230,1.292822,-0.325410,0.210396,1.681488,-0.292253,-0.796350,0,0,0,0
0.198761,0.665119,1.416136,-0.484287,-1.150708,2.509621,-0.499038,0,0,0,0
-2.671525,0.282987,1.713714,1.528829,1.701734,-0.774264,1.695297,0,0,1,0
-0.662692,0.661740,0.782971,0.210937,2.465554,0.437098,-0.803121,0,0,0,0
-0.253870,0.826239,-0.802068,0.058768,1.137738,0.532295,-1.247391,0,0,0,0
-0.204856,0.044227,0.385372,0.821763,1.147205,-0.307353,-0.286757,0,0,0,0
-0.519568,1.418273,-0.378810,0.929193,0.776880,-0.162676,-0.523625,0,0,0,0
-0.708870,0.746528,1.063712,0.018725,-1.053223,-0.708536,1.228049,0,0,0,0
-0.483619,0.467167,-0.031640,-1.124590,-0.457691,2.146597,1.563975,0,0,0,0
-1.134863,1.014530,2.027108,-0.223093,0.401281,-0.388282,-1.338110,0,0,0,1
-0.434198,1.296434,-0.847091,0.847620,0.700960,-0.278277,-0.570906,0,0,0,0
-0.089556,0.838436,-2.141619,-0.820571,0.780296,4.163513,-1.214661,0,0,0,0
0.323835,1.393177,-0.554827,0.240723,-0.771235,-0.239579,0.072814,1,0,0,0
-2.872052,1.188322,1.908567,0.639021,1.490918,-0.635746,1.979170,0,0,0,0
-0.698486,0.865993,-0.674175,0.282940,1.385986,4.916858,1.139632,0,0,0,0
-0.030318,-0.512810,-1.634606,-0.746981,0.897077,-0.499626,-1.415377,0,0,0,0
-0.439369,0.488735,-0.218502,0.335677,1.611782,0.980705,-0.606053,0,0,0,0
-0.602938,1.250626,-0.945672,0.467944,0.941959,-0.398912,-1.194424,0,0,0,0
0.860967,1.326006,0.209034,-1.032696,-1.644897,0.100658,-0.201854,0,0,0,0
-1.560020,0.802641,1.199306,0.639741,-2.162378,-0.338438,1.786884,0,0,0,1
-0.110054,0.676176,-0.148111,-0.339505,0.576571,0.635397,-0.572657,0,0,0,0
-0.305211,1.017092,-1.683275,-1.258136,0.309777,3.654173,-1.509319,0,0,0,0
-0.541685,0.185771,-0.106170,0.029204,2.536359,-0.588577,-0.285539,0,0,0,1
-0.437005,0.771494,-1.320377,0.187518,2.891140,-0.179361,0.005318,0,0,0,0
-1.433615,-0.110196,1.835677,1.079137,1.925135,0.205472,0.542044,0,0,0,0
-1.892203,0.183604,0.189274,0.413902,0.305119,-0.438028,1.912815,0,0,0,0
-0.866984,0.876678,1.079466,-0.096538,1.834100,-0.162101,-1.102576,0,0,0,0
0.517524,0.744132,-1.360806,0.949057,0.250312,0.467148,0.371226,0,0,0,0
0.702352,0.996809,-1.695562,0.447703,0.176135,-0.152282,0.047437,0,0,0,0
0.127226,-0.400233,1.559384,1.160092,0.772528,-0.193283,0.546499,0,0,0,1
-0.987134,0.152485,1.204135,0.597991,-0.499359,-0.564594,1.725780,0,0,0,0
0.166204,0.329440,-0.887045,0.524701,1.037960,3.527434,1.423740,0,0,0,0
0.190924,0.425147,0.376738,-1.143072,-0.557981,-0.471812,-0.648937,0,0,0,1
-1.131175,0.563995,1.123964,1.395708,0.572350,-0.792937,2.061395,0,0,0,0
-0.250072,0.126553,-0.851555,-0.482735,1.623796,1.212815,0.558228,0,0,0,0
0.996267,-0.157446,0.673538,-0.592229,1.050382,0.071838,-0.639747,0,0,0,0
0.561039,-0.459038,1.285328,-0.447732,0.692856,-0.313484,2.001491,0,0,0,0
0.799971,-0.681793,0.752803,0.121507,0.575397,-0.222652,0.300919,0,0,0,0
0.977223,-0.485120,-0.253427,-1.230025,-0.024665,0.161931,-0.489550,0,0,0,0
-1.765754,3.211001,-1.224107,0.346056,1.109003,0.066398,-0.556594,1,1,0,0
0.372847,0.374239,0.430593,1.025407,1.620305,-0.336526,1.616650,0,0,0,0
0.036126,0.198446,0.733685,1.455579,1.178632,-0.396945,1.784934,0,0,0,0
-0.138521,-0.360620,-0.114146,0.144137,0.530248,-0.220863,-1.413636,0,0,0,0
-1.344425,2.815710,-0.681270,0.794414,0.815841,-0.221477,-0.425352,0,0,0,0
0.210118,-0.582802,0.964229,0.092254,0.037487,2.825117,-0.867629,0,0,0,0
0.859933,-0.501147,-1.456435,-0.750068,-0.535472,-0.052995,-0.824140,0,0,0,0
0.254534,-0.180376,0.154395,0.864826,0.327743,-0.181652,-0.502954,0,0,0,0
0.443945,-0.736887,1.220333,-0.054820,1.956216,-0.646285,1.854521,0,0,0,0
0.563025,-0.211733,1.213196,-0.515178,1.146532,-0.068546,1.644514,0,0,0,0
0.597963,-1.475043,0.683492,-0.796187,0.549814,0.112290,-0.759541,0,0,0,0
-0.561217,2.152205,-1.094531,0.663605,0.441197,-0.493453,-0.849004,0,0,0,0
0.725089,0.739993,0.882348,-0.849101,-0.628943,5.363626,-0.308614,0,0,0,0
0.373107,0.132327,-0.433421,0.338612,0.435594,-0.081463,1.766264,0,0,0,0
0.243812,-0.544399,-0.326619,0.721847,0.939948,-0.290868,-0.903637,0,0,0,0
0.118008,1.326496,-0.936158,0.070164,0.878699,0.253966,-0.120762,0,0,0,0
0.398966,0.110719,0.975051,-0.598063,-0.402107,-0.471435,-0.599082,0,0,0,0
0.373393,-1.454398,0.686221,-0.009193,-0.969307,0.505874,-1.236467,0,0,0,0
0.848780,0.344920,-0.784871,0.365482,0.258375,-0.118284,0.226315,0,0,0,0
0.844327,0.946518,0.193837,-0.315107,0.880891,0.071674,0.566733,0,0,0,0
0.922826,0.886075,-0.991520,0.385391,-0.514979,0.023956,-0.111997,0,0,0,0
0.590745,0.491345,0.334803,1.446294,0.067973,-0.486216,0.262884,0,0,0,0
0.779197,0.618699,0.298851,0.681495,-0.101721,0.479650,0.837748,0,0,0,0
0.141379,-0.135337,0.547015,-0.264142,0.296217,-0.631629,-0.616080,0,0,0,0
-0.108337,0.500026,-0.337394,-0.543391,0.438541,-0.377803,-1.386449,0,0,0,0
0.401756,1.168290,0.550829,-0.098167,-0.628792,2.135622,-0.075094,0,0,0,0
0.071627,1.055185,0.887416,0.485632,0.342821,-0.005700,-0.625542,0,0,0,0
0.167697,1.561414,0.891053,0.237673,0.297683,-0.016629,-0.361933,0,0,0,0
0.182255,1.121747,1.139301,0.303801,0.634788,-0.412527,-0.387861,0,0,0,0
0.426806,0.339955,1.171262,1.068268,-1.092976,-0.466216,-0.736256,0,0,0,0
-0.295207,1.007427,1.173214,0.186913,0.422421,-0.227902,-1.051164,0,1,0,1
0.551605,0.419906,0.514748,0.318609,-0.385279,-0.296012,-0.615150,0,0,0,0
1.091578,0.808809,0.081728,-0.542503,-1.090909,1.235393,0.037229,0,0,0,0
0.791211,0.716525,0.396122,0.128378,-0.252614,0.224695,0.147008,0,0,0,0
0.452400,0.390447,0.608545,0.627607,-0.466177,-0.249811,-0.472490,0,0,0,0
0.295399,-0.876049,0.223793,-0.588163,-0.765216,0.677700,-1.253387,0,0,0,0
0.582107,-0.143674,0.731548,-0.230561,-0.306536,0.192611,-0.345377,0,0,0,0
0.223092,1.305295,-0.289844,-0.648038,-0.806169,-0.038876,-0.563343,0,0,0,0
0.223703,1.227380,-0.503833,-0.387779,-0.555031,-0.408485,-0.420818,0,0,0,0
1.138711,0.532608,0.404940,-0.304814,-1.202190,0.499099,0.265899,0,0,0,0
0.021854,0.610633,-0.102019,-0.933517,-0.169794,-0.130860,-1.171025,0,0,0,0
-0.545327,0.183822,-0.587563,-1.063018,0.203093,-0.625375,-1.555986,0,0,0,0
0.972707,-0.677645,1.126724,-0.418180,0.209304,6.806212,0.250783,0,0,0,0
0.322212,-1.538495,0.511580,-0.448402,-0.034128,0.298650,2.149891,0,0,0,0
1.036265,-1.152436,-0.733887,-0.011293,0.610889,0.241644,-0.466200,0,0,0,0
0.967886,-0.891412,-0.461390,-0.236381,0.495600,-0.001398,-0.359851,0,0,0,0
1.335337,-0.511987,-0.282737,-1.009614,0.134829,0.518728,0.406862,0,0,0,0
1.228434,-0.404935,-0.148181,-1.664999,-1.249252,0.396637,-0.365691,0,0,0,0
-0.293233,0.239538,0.888243,0.154363,-0.429817,-0.491823,1.939483,0,0,0,0
0.018902,0.513193,1.153120,-0.129338,0.509129,0.579317,0.463933,0,0,0,0
0.361401,0.856754,-1.037844,-0.202328,0.873095,3.883146,-0.317202,0,0,0,0
-0.590902,1.087780,1.016589,0.370689,0.741003,-0.589163,-0.873595,0,0,0,0
-0.313529,1.416615,-0.307778,0.781565,0.521558,-0.068421,-0.563958,0,0,0,0
-0.822060,0.371392,1.579343,-0.007315,0.486301,-0.826228,1.285715,0,0,0,0
-0.767664,1.401778,-0.551853,0.287178,1.508532,1.931712,1.146963,0,0,0,0
-0.461515,0.351005,0.476139,0.313279,0.626902,-0.700848,-1.118494,0,0,0,0
-0.969618,1.484663,1.901753,0.010021,2.137012,0.030497,-0.329919,0,0,0,0
-0.467841,1.591537,-0.338840,0.688503,1.212069,-0.527580,-0.409607,0,0,0,0
0.218723,0.297067,1.205599,-0.701720,-0.491199,3.737381,0.817842,0,0,0,0
-0.362098,0.347629,0.882791,-0.357869,-0.664749,-0.387638,1.702560,0,0,0,0
-0.702616,1.129283,2.245447,-0.988707,0.608026,-0.066896,-0.931530,0,0,0,0
-0.359980,1.455516,-0.365162,-0.236687,1.105033,-0.559674,-0.643256,0,0,0,0
0.229580,0.206188,-1.371282,-0.941921,-0.120734,2.534354,-1.299637,0,0,0,0
0.797353,0.700440,0.389763,-1.080354,-0.744534,-0.319095,-0.051757,0,0,0,0
-1.171356,0.378568,2.462503,-0.548024,-0.250777,-0.618416,2.317003,0,0,0,0
-0.443674,1.344370,-0.514340,-0.851705,1.664664,0.487425,-0.481494,0,0,0,0
-0.179201,0.795071,-1.707586,-0.349636,0.606256,4.350674,-1.481636,0,0,0,0
0.504080,0.764344,-0.879252,0.080495,1.256900,-0.732514,-0.052762,0,0,0,0
-0.407594,1.473553,0.112248,0.681837,1.242157,-0.286045,-0.742287,0,0,0,0
-0.297624,0.470839,1.538770,-0.574380,-0.902549,-0.735655,1.685758,0,0,0,0
-0.390242,0.717698,0.055262,0.016128,0.136797,0.793437,1.510532,0,0,0,0
0.507818,0.417010,-1.184000,0.134471,1.046044,-0.479265,-0.602391,0,0,0,0
-0.443506,0.868444,-0.583151,0.607573,1.057520,0.109855,-0.772773,0,0,0,0
-0.179386,1.170506,-1.192131,-0.123819,1.956220,-0.257291,-0.296373,0,0,0,0
0.021295,0.392355,0.823653,-0.013598,0.043220,3.760616,0.313158,0,0,0,0
-1.045056,-0.187387,1.035974,-0.259318,0.610527,-0.607322,1.997308,0,0,0,0
-0.890422,1.026338,0.953960,-0.065158,2.231479,0.045828,-1.301920,0,0,0,0
0.312420,0.226634,-1.376295,0.279441,0.731719,-0.450328,-0.504983,0,0,0,0
0.278984,1.703839,-1.158503,0.934844,1.575058,1.925214,1.657841,0,0,0,0
0.774304,0.881210,1.725693,0.122620,-0.322184,0.902657,1.306512,0,0,0,0
-0.018653,-0.896321,0.058447,0.721206,-0.577555,0.099145,1.505509,0,0,0,0
-0.489409,-1.540897,0.338258,-0.382305,-2.120168,-0.489450,-0.553640,0,0,0,0
0.700660,0.470809,-1.972550,-1.000998,-1.259728,4.481988,0.173706,0,0,0,0
-1.177879,0.932768,-1.436247,0.457400,-1.196961,-0.355605,-1.671614,0,0,0,0
-3.601575,-0.521346,-2.544850,-3.448848,-3.905261,-0.951662,-3.097246,0,0,0,0
0.535328,-1.204450,1.218983,-0.350941,0.692631,-0.646495,1.648289,0,0,0,0
0.179552,-1.146889,1.092926,-0.006156,0.726533,-0.217571,1.522094,0,0,0,0
0.925940,-1.180854,-0.263737,-1.012666,0.286497,-0.084759,-0.790314,0,0,0,0
0.418025,-0.824681,1.352607,-0.435331,0.683187,-0.416500,-0.637194,0,0,0,0
0.679638,-1.058345,0.622598,-0.584271,1.348367,-0.203985,0.397878,0,0,0,0
0.192420,-0.154445,0.872791,0.017799,-0.673556,0.362554,0.896143,0,0,0,0
-0.247442,0.174196,-0.137239,-0.269268,-0.537818,0.181028,1.566348,0,0,0,0
-0.189215,0.395604,-0.037286,-0.966543,0.387200,-0.162865,-1.049890,1,0,0,0
-0.575888,1.085654,0.574133,0.044953,1.455048,-0.134426,-0.476660,0,0,0,0
-0.330528,1.016848,-1.270072,-0.050291,0.856184,-0.313996,-1.360550,0,0,0,0
-0.603451,0.519513,1.470080,0.466973,0.238280,3.203481,0.843703,0,0,0,0
-0.819088,0.046447,0.501437,-0.220010,0.380804,-0.511703,1.808320,0,0,0,0
-1.367526,1.220129,2.288819,-0.583640,1.353303,-0.309370,-1.368363,0,1,0,0
-0.447530,1.506526,-0.681674,0.318005,0.678569,-0.261797,-1.002005,0,0,0,0
-0.005616,1.429654,-1.263990,-0.104614,0.412165,4.873812,-0.350553,0,0,0,0
1.014667,0.820238,0.378618,-0.742986,-2.074360,0.666405,-0.380404,0,0,0,0
-0.501372,0.326474,1.021971,0.394507,-1.066462,-0.710818,1.912023,0,0,1,0
-0.084451,1.076874,1.505034,-0.908000,-0.564687,0.163653,-0.969847,0,0,0,0
-0.207713,1.356813,-1.203048,-0.107036,0.346800,-0.441773,-0.562291,0,0,0,0
0.576538,0.737877,-1.448039,-0.650312,-0.246656,5.747827,-0.432413,0,0,0,0
0.577400,0.855458,0.097436,-0.160160,-0.666671,-0.017130,-0.004794,0,0,0,0
-1.262736,0.309117,1.655428,0.735456,-0.590213,-0.695245,1.819328,0,0,0,1
-0.857627,1.516983,0.912308,-0.752127,1.966623,0.850773,-0.375417,0,0,0,0
-0.358733,1.375158,-1.219545,-0.434705,0.649154,0.491207,-1.171120,0,0,0,0
0.722902,0.400732,-1.727646,0.882966,1.079524,-0.479663,-0.150008,0,0,0,0
0.139133,0.843456,0.037428,0.635348,0.556493,-0.254232,1.193455,0,0,1,0
-1.191602,0.455411,2.776944,-0.194689,1.468567,-0.272286,1.731553,0,0,0,0
-0.644376,1.633033,-0.877821,0.978744,0.224085,0.449811,0.810333,0,0,0,0
0.345517,1.330522,-2.277776,0.226478,-0.386178,6.344454,-0.267307,0,0,0,0
-0.492911,0.583486,-0.195717,-0.007460,0.723189,-0.506522,-0.795541,0,0,0,0
-0.669662,2.163519,-0.196972,1.786340,-0.689778,0.228866,2.099719,0,0,0,1
-0.082214,-1.005116,1.267741,0.625785,-0.289003,-0.586998,0.902109,0,0,0,0
0.490689,0.532336,-0.691286,0.445766,-1.776873,2.058322,0.927703,0,0,0,0
1.161162,-0.450569,-1.151503,-0.815898,-1.948150,0.122023,-0.859717,0,0,0,0
0.800424,-0.395669,-0.708729,-0.041872,-0.262594,-0.180014,0.036907,0,0,0,0
0.389700,0.008520,-0.367034,1.163559,-0.049170,-0.527771,3.076954,0,0,0,0
0.389750,-0.163910,0.155348,-0.399396,0.422408,-0.700235,0.311396,0,0,0,0
0.220852,0.332932,-1.154674,0.750268,0.089265,-0.019259,1.254905,0,0,0,0
1.412389,0.028731,-0.907623,-0.639597,-1.029227,0.259933,0.272092,0,0,0,1
0.929408,0.585154,-1.110312,0.327095,-0.445518,-0.495877,0.048410,0,0,0,0
-1.132080,2.121777,-0.753058,0.205474,0.251571,-0.613561,2.370931,0,0,0,0
0.585688,-1.309900,2.301167,0.026796,0.133179,3.805100,0.289099,0,0,0,0
0.153135,-2.173789,2.039723,-0.089824,0.511204,-0.077836,1.955670,0,0,0,0
1.010145,-0.917215,0.017100,-0.816703,-0.368676,0.904343,-0.776034,0,0,0,1
0.485125,-0.785474,1.564774,-1.104862,0.468115,0.436289,-0.435752,0,0,0,0
0.307440,-1.108087,1.018406,-0.796287,0.705386,-0.676335,-0.630163,0,0,0,0
0.547520,0.355277,0.460235,-0.446747,-0.892200,3.040945,0.529344,0,0,0,0
-0.092546,0.784568,-0.479679,-0.651302,-1.021187,-0.082626,1.746376,0,0,0,0
0.016289,0.750019,0.373122,-1.474394,0.299327,0.018874,-0.473197,0,0,0,1
-0.260907,1.522755,0.492816,-0.713785,0.411030,0.077717,-0.385164,0,0,0,0
-0.437160,1.477819,-1.660925,-0.077642,1.018889,-0.398254,-1.351543,0,0,0,0
-0.085858,1.121218,1.388968,-0.087683,-1.426867,4.207548,0.371504,0,0,0,0
-0.458434,0.300363,0.104357,-0.574330,0.594637,-0.621074,1.613441,0,0,0,0
-1.048211,1.606855,1.369453,-0.944668,1.550004,-0.271350,-0.818323,0,1,0,0
-0.689800,1.768764,0.207704,-0.022288,1.004131,-0.199468,-0.814548,0,0,0,0
-0.221951,1.737330,-0.719416,-0.038149,0.652304,-0.514335,-0.364732,0,0,0,0
0.110024,0.562719,0.465968,-0.356439,-1.022530,2.124475,0.527360,0,0,0,0
-0.211701,0.404453,-0.163706,-0.412379,-1.528021,-0.059294,1.851008,0,0,0,0
-0.315779,0.850591,0.618337,-0.693157,-0.077221,-0.381317,-0.770453,0,0,1,0
-0.442386,1.491637,-0.289465,-0.054586,0.638554,-0.216971,-0.659380,0,0,0,0
-0.165836,1.437733,-0.798798,-0.062221,1.261315,-0.553734,-0.829016,0,0,0,0
-0.329275,0.158511,1.508002,0.461518,-0.136985,3.576382,0.556829,0,0,0,0
-0.727860,0.659621,-0.717844,0.395482,0.695218,0.043088,1.437758,0,0,0,0
-1.119896,1.518989,1.452507,-0.057348,0.526743,-0.176931,-1.019970,1,0,0,0
-0.163375,0.768033,-0.229232,1.428481,0.351539,-0.027311,-0.953745,0,0,0,0
-0.313643,1.968298,-0.922323,0.624151,0.123286,-0.291045,-0.291218,0,0,0,0
0.412216,0.421466,0.700724,-0.199581,-1.054632,4.487916,0.292294,0,0,0,0
-0.274597,0.560779,-0.583882,0.310809,-0.841496,-0.203499,1.495556,0,0,0,0
-0.634113,1.244195,1.940880,-1.107348,-0.236753,-0.043514,-0.777343,0,1,0,0
-0.225895,1.106865,-0.066824,0.209735,0.827503,0.180675,-0.449297,0,0,0,0
0.122056,1.048924,-0.735091,0.551202,1.177096,-0.014247,-0.107075,0,0,0,0
-0.579312,-0.595523,1.995979,0.575159,1.190621,1.951388,0.512289,0,0,0,0
-0.498704,0.153205,-0.498272,-0.378115,0.690213,-0.532661,1.790753,0,0,0,0
0.016974,0.661024,-0.511146,1.086369,1.491321,-0.611455,-0.566668,0,0,1,0
0.120874,0.476503,-0.715906,0.485346,1.648249,-0.375984,0.058128,0,0,0,0
-0.177057,0.856400,0.639356,0.629284,1.612059,-0.477222,2.983459,0,0,0,0
0.356890,-0.517932,0.951098,0.113287,-1.040170,2.904200,0.285502,0,0,0,0
0.037065,-1.209698,0.190431,0.552473,-0.704217,-0.366861,1.593930,0,0,0,0
0.179179,-0.977239,0.340463,-0.164587,-1.157503,-0.025260,-0.776226,1,0,0,0
0.347633,1.748212,1.061372,0.312286,-0.429977,-0.500511,0.577544,0,0,0,0
0.382017,1.394558,1.040007,0.518104,-0.619700,-0.349564,0.333546,0,0,0,0
0.764900,-0.030434,1.334320,-0.168175,0.967014,9.230138,1.107424,0,0,0,0
0.982763,0.305511,1.462778,-0.716697,0.003957,-0.011083,1.714491,0,0,0,0
0.510122,-0.569579,0.994542,0.286609,0.626429,-0.456194,1.806231,0,0,0,0
-1.694202,3.924214,-2.211154,-0.068119,0.989504,-0.100063,-1.213779,0,0,0,0
0.332483,-0.167254,0.453136,0.241548,0.549019,-0.562840,1.154715,0,0,0,0
0.091437,0.814594,0.749398,-0.955616,-0.844968,-0.463575,-0.066444,0,0,0,0
0.201877,-0.079883,-0.133807,-0.119124,-2.488041,1.011115,-1.345890,0,0,0,0
0.996384,0.196215,-1.159659,0.044330,-0.087699,0.178092,-0.081700,0,0,0,0
-1.406860,1.288822,-1.760475,-0.349820,-1.363735,-0.627717,-1.950655,0,0,0,0
-0.327438,1.453843,-3.217187,1.027862,1.000178,0.241706,0.306956,0,0,0,0
0.698810,-0.832624,1.204992,-0.094093,1.728620,-0.317902,1.888461,0,0,0,0
0.547531,-0.451708,1.093070,-0.242886,1.441008,1.284179,1.636284,0,0,0,0
-0.351914,0.562060,0.815574,0.446537,0.697236,0.066128,1.396369,0,0,0,0
0.720801,0.378851,-0.034944,-1.449440,-1.212820,-0.040800,-0.734756,0,0,0,0
-0.028070,-0.702318,0.328795,0.326073,-1.086776,0.628330,1.669970,0,0,0,0
-0.430928,0.404270,-0.063489,-1.317012,-2.233413,0.080468,-1.022787,0,0,0,0
0.190965,0.210664,-1.637191,-0.045062,-1.741007,0.240671,-1.199441,0,0,0,0
0.878141,1.112340,-0.999228,0.737102,-0.820698,3.678140,0.473568,0,0,0,0
0.705483,0.938820,-0.658436,0.887427,-1.392251,0.519192,0.102382,0,0,0,0
0.562435,0.627883,0.020955,-0.311297,-0.115174,-1.083887,0.363605,0,1,0,1
0.112800,-0.540168,0.772365,1.167295,0.819850,-0.277942,1.784922,0,0,0,0
-0.126841,-0.297014,-0.304470,1.235494,0.353687,0.156712,-0.669323,0,0,0,0
0.093126,-0.194876,0.346205,1.354526,-0.454076,0.029318,-0.743518,0,0,0,0
0.174642,0.030689,-0.653980,0.745274,-0.565235,0.761897,-1.169854,0,0,0,0
1.291903,0.698460,-0.009062,-1.031543,-1.790103,-0.192256,-0.443935,0,0,0,0
-0.025053,0.502523,-0.089991,0.567171,-1.095023,-0.308818,2.026642,0,0,0,0
-0.417298,1.187273,-1.127397,0.639370,-0.626808,-0.207935,-0.869018,0,0,0,0
-0.369322,1.976109,-0.774268,1.084244,-1.497472,-0.410815,-0.484078,0,0,0,0
-0.505564,1.844080,-1.269602,2.492751,-0.714584,0.627115,-0.481807,0,0,0,0
0.614338,-0.085568,0.388407,0.407876,0.324646,4.951768,0.636308,0,0,0,0
0.503368,-0.127533,-0.099848,0.613889,-0.366426,-0.454288,1.857557,0,0,0,0
0.504246,0.073892,-0.304165,1.223195,-1.015344,-0.126118,-0.341364,0,0,0,0
-0.059695,0.128399,0.035279,0.813977,0.165092,-0.476931,-0.658112,0,0,0,0
0.212019,-0.119584,-0.196873,0.200200,-0.280591,0.335614,-0.376747,0,0,0,0
0.452717,0.077178,-0.946955,-0.086994,-0.945288,1.962533,-0.108874,0,0,0,0
0.716740,0.728161,-0.915999,0.339901,-0.144659,0.318686,-0.439176,0,0,0,0
0.404383,0.914339,-0.160805,0.739690,-0.876112,-0.278228,-0.144099,0,0,0,0
0.491200,0.609374,-1.297406,1.283417,-0.316860,0.502475,-0.104503,0,0,0,0
0.023028,0.418883,-0.150924,2.047990,1.304633,-0.341552,2.940297,0,0,0,0
0.260772,-0.389476,1.650734,-1.622183,1.436494,-0.597932,0.606986,0,0,0,0
0.064142,-0.412631,1.878049,-1.617155,1.608867,-0.236908,0.552750,0,0,0,0
0.156222,-0.457800,1.234503,-1.635028,1.430976,-0.196743,-1.436913,0,0,0,0
0.897221,-0.490507,-0.341878,-1.370804,2.077222,-0.135462,-0.515703,0,0,0,0
0.224978,-0.900152,1.495446,-1.657325,0.653064,-0.476150,-0.537975,0,0,1,1
0.537708,-0.324076,0.137801,0.178072,-0.668362,-0.139095,1.668336,0,0,0,0
0.599707,0.076220,-0.104869,0.623362,-0.297468,0.324518,-0.010315,0,0,0,0
0.648178,-0.064460,-0.203531,-0.093349,0.143471,0.752221,-0.142892,0,0,0,0
0.364145,0.001853,-0.424836,-0.624310,0.378562,1.533080,-0.834014,0,0,0,0
0.966009,0.458730,0.094955,-0.047822,-1.154793,0.516961,0.077140,0,0,0,0
-0.537768,-0.452380,0.297205,0.944312,-0.142574,-0.356322,1.778342,0,0,0,0
-0.644430,0.550186,1.068398,0.257375,1.298422,-0.220164,-0.902136,0,1,0,0
-0.423895,0.929994,0.242022,0.431112,0.829251,0.239987,-0.492028,0,0,1,0
-0.269762,1.185956,-0.845145,1.092375,1.109659,-0.667935,-0.627708,0,0,0,0
-0.066602,0.342540,0.507369,0.127974,-1.262963,-0.649389,1.075930,0,0,0,0
-0.067984,0.510296,-0.057223,0.201549,-0.398887,0.719906,0.309046,0,0,0,0
0.317835,0.491868,-1.066268,-0.494432,0.205408,3.690882,-0.417979,0,0,0,0
0.234384,0.157213,-0.690701,-0.347701,0.511975,-0.457516,-0.978489,0,0,0,0
1.004030,0.538694,-0.516868,-0.480794,-1.296048,-0.219705,-0.037237,0,0,0,0
-1.013443,-0.139021,0.819524,1.205445,-0.032493,-0.314849,1.941316,0,0,0,0
-0.705715,0.712714,0.731546,-0.084458,1.108320,0.124103,-1.068641,0,0,0,1
0.007091,0.335363,0.372789,0.389055,1.707494,-0.134209,-0.489888,0,0,0,0
-0.336515,1.369955,-0.667808,0.494684,1.006621,-0.508116,-0.323413,0,0,0,0
-0.224476,0.163134,0.864885,0.332248,-1.139937,-0.660318,1.104945,0,0,0,0
-0.022286,0.657894,-0.154909,-0.710215,-0.001702,0.608339,0.541733,0,0,0,0
0.393298,0.569177,-0.471113,0.076082,0.417075,3.298720,-0.347824,0,0,0,0
0.284940,-0.002256,-0.954147,-1.123687,0.113845,0.228365,-0.972714,0,0,0,0
0.760312,0.832295,-0.122053,-0.453527,-2.124657,1.391061,-0.041678,0,0,0,0
-0.608274,-0.086897,0.356073,0.423868,-0.363511,-0.536219,1.771747,0,0,0,0
-0.106775,0.123442,-0.705726,-0.203859,0.869015,-0.595530,-0.861700,0,0,1,0
-0.081393,0.194718,0.034554,0.665363,1.289534,-0.135950,-0.439198,0,1,0,0
0.096760,0.216281,0.418410,0.810319,0.254222,-0.174650,0.411349,1,0,0,0
-0.396889,0.236795,0.934647,1.060599,-1.016118,-0.348152,1.585289,0,0,0,0
-0.005812,0.997934,0.195924,-0.227695,0.288450,0.872152,-0.754049,0,0,0,0
0.363974,0.808679,-0.359322,0.212897,0.258614,-0.652702,0.203780,0,0,0,0
0.070712,0.316573,-0.390031,0.195154,0.899266,0.489119,-0.965643,0,0,0,0
0.326708,-1.357985,1.083399,-0.265441,0.549435,-0.501490,0.485482,0,0,0,0
0.624155,-1.088609,0.693315,-0.189681,0.448606,-0.014523,0.609463,0,0,0,0
0.748194,-1.257857,0.159064,-0.968685,0.094404,0.905699,-0.994469,0,0,0,0
0.957658,-0.615938,0.889917,0.074478,1.142113,1.108876,0.031151,0,0,0,0
0.479455,0.493212,0.836182,-0.076721,-0.792709,2.078989,0.095338,0,0,0,0
0.203699,-0.007833,-0.184066,-0.118127,-0.724906,0.107564,1.120302,0,0,0,0
0.846339,0.456963,-0.879425,-0.269741,-0.008803,1.065198,-0.118809,0,0,0,0
0.311440,0.541630,-0.441706,-0.182491,-0.048305,-0.492926,-0.710803,0,0,0,0
0.587093,1.016070,-0.687294,-0.535828,-1.358049,-0.155023,-0.336490,0,0,0,0
-0.743148,-0.338405,-0.062532,-0.121757,-0.769869,-0.442308,1.603011,0,0,0,0
-0.269409,0.276878,0.419025,0.428882,1.329314,-0.021559,-0.700286,0,0,0,0
0.417119,0.550512,-0.800299,0.363291,1.818554,-0.429424,-0.293550,0,0,0,0
0.182686,0.794412,-0.146602,-0.155320,-0.113421,-0.405155,-0.682635,0,0,0,1
-0.519748,0.109912,0.062265,0.466281,-0.640011,-0.488629,1.788842,0,0,0,0
-0.066891,0.610678,-0.081672,-0.297992,-0.593223,-0.228112,-0.862029,0,1,0,0
-0.358521,0.932246,0.270018,0.078644,0.343437,-0.142622,-0.685332,1,0,0,0
-0.481904,1.230554,-0.308470,0.674641,1.012915,-0.352685,-0.332431,0,0,1,0
-0.872752,0.057310,0.623397,0.705339,-0.264327,-0.444383,1.722265,0,0,0,0
-0.768269,0.834813,0.824277,-0.069597,0.530618,0.286767,-1.434093,1,0,0,0
-0.087484,0.839380,0.038121,0.483563,1.350398,0.186990,-0.378029,0,1,0,0
-0.291559,1.546789,-0.766736,0.496749,0.104748,-0.771959,-0.302140,0,0,0,1
-0.602786,0.228214,0.554833,0.705691,-1.131253,-0.456965,1.651451,0,0,0,0
-0.213894,0.804379,-0.034277,-0.469700,-0.062507,0.216871,-0.506542,0,1,0,0
-0.162097,0.792443,0.945573,0.056765,0.677567,-0.376203,-0.615619,0,0,1,0
0.062978,1.527563,0.350768,0.382150,1.255919,-0.587737,2.438644,1,0,0,0
-0.010328,-1.293620,0.560726,0.678995,-0.690412,-0.335686,1.074668,0,0,0,0
0.884484,-0.539080,-0.376159,-0.147372,-0.344341,-0.059920,-0.263244,0,0,1,0
1.019917,-0.608315,-0.836376,-0.344668,0.553812,-0.042416,0.349286,0,0,0,1
0.790136,-0.325617,0.076603,0.378041,-0.204742,0.190375,1.906715,0,1,0,0
0.664376,-0.831748,-0.758763,-0.160316,-0.774710,-0.145063,-0.926487,0,0,0,0
1.421409,-0.122704,-0.806570,-0.147521,-0.350467,0.445278,0.497927,0,1,0,0
0.288842,-0.186230,-0.657116,-0.135291,-0.811038,-0.424392,2.130095,0,0,0,0
1.233459,-0.119461,0.825060,-1.935858,-1.171410,0.349733,-0.477194,0,0,0,0
0.326788,-1.587904,0.496144,-0.483825,0.455541,-0.282391,1.426873,0,0,0,0
0.575823,-0.961198,0.251648,-0.444710,0.711600,-0.139659,-1.031037,0,0,0,0
1.094359,-0.092423,-0.230031,-0.232748,1.123032,0.140968,0.201809,0,0,0,0
0.955594,0.425882,0.961249,-0.963805,-1.622502,0.307840,-0.027906,0,0,0,0
0.184987,0.077317,0.090572,-0.418896,0.005216,0.676989,0.458385,0,0,0,0
0.712750,0.975118,-1.167440,-0.907571,0.065902,1.477281,-0.074877,0,0,0,0
-0.166460,0.563945,-0.583354,-0.283845,0.073593,0.856272,-1.195921,0,0,0,0
-0.503524,0.013339,0.892661,1.511909,-0.327698,2.006495,0.212321,0,0,0,0
-0.338614,0.740782,0.145944,-0.110861,0.940422,0.397902,-0.363127,0,0,0,0
-0.039859,1.017229,-0.852752,0.170436,1.058320,0.140194,-0.849669,0,0,0,0
-0.326538,1.438044,-0.686297,0.540243,0.909059,-0.637919,-0.678143,0,0,0,0
-0.276349,0.616777,0.287792,0.505758,-1.254108,-0.646994,1.607002,0,0,0,0
-0.060724,0.799529,0.092255,-0.846558,-0.431856,0.322202,-0.986503,1,0,0,0
-0.433652,0.698879,0.422627,-0.140056,0.766341,-0.499668,-0.906435,0,0,0,1
0.302895,1.021851,-0.729535,-0.614291,-0.530852,-0.109427,-0.148290,0,0,0,0
-0.558459,-0.057741,-0.066983,-0.080665,-0.241567,-0.479786,1.442947,0,0,0,0
0.256188,-0.324335,-0.770710,0.517351,1.308154,-0.574499,-1.065235,0,0,0,0
0.489961,0.922832,-1.338081,-0.582842,0.864744,1.043506,-0.210990,0,0,0,0
0.222014,0.691846,0.740785,0.605980,-1.427068,3.477605,0.043416,0,0,0,0
-0.048276,0.594722,-0.105408,-0.069679,-0.575521,0.684930,0.091928,0,0,0,0
0.131294,0.466764,-0.092589,0.065756,0.086425,0.458338,-0.591902,0,0,0,0
-0.076665,1.432634,-1.496687,-0.016746,0.077029,-0.302413,-0.656968,0,0,0,1
-0.889006,0.298872,0.395178,0.394235,-0.566546,-0.756034,1.555426,0,0,0,0
0.093720,0.804749,-0.738075,0.139114,0.334051,0.070265,-0.865904,0,1,0,0
0.710916,0.715362,-0.618381,0.956279,1.806775,-0.266178,0.110276,0,0,0,0
1.153357,0.534371,-0.321551,-0.640258,-1.077790,-0.552575,0.170141,0,0,0,0
0.370678,0.197158,-0.791238,0.486062,1.172452,0.771181,0.432529,0,0,0,0
1.100558,0.636804,-1.235514,-0.834248,-0.203679,4.272391,0.323906,0,0,0,0
0.374243,0.183002,-0.368833,0.161473,1.491948,0.764132,-0.643405,0,0,0,0
0.300017,-1.791060,1.280208,-0.028004,0.733825,-0.580961,1.338549,0,0,0,0
0.564013,-1.392432,0.584369,-0.505151,0.441364,0.716387,-0.883852,0,0,0,0
0.465111,0.066368,-0.498444,0.600748,0.486588,-0.179300,-0.475369,0,0,0,0
0.934728,0.229344,0.647149,-0.491591,-2.828289,0.006074,-0.386785,0,0,0,0
0.090701,0.015165,0.072222,0.162146,0.109161,-0.321825,0.783830,0,0,0,0
0.316960,0.667738,-0.281370,-0.268236,-0.128996,0.636873,-0.561038,0,0,0,0
0.161043,0.420587,-0.932891,-0.743436,-0.014371,0.258235,-1.090510,0,0,0,0
0.050135,-0.855262,1.709900,-1.228905,1.009043,-0.716412,1.760670,0,0,1,0
0.393790,-0.560361,0.672149,-1.902895,0.101945,-0.290876,1.964797,0,1,0,0
0.707801,1.071330,-0.865941,-0.293697,0.137566,-0.563312,1.641479,0,0,0,0
0.586317,0.821069,0.434454,0.199948,-1.477949,7.328944,1.005935,0,0,0,0
-0.192894,0.119761,0.180891,0.551120,0.067780,0.110847,0.543345,0,0,0,0
-0.397813,1.609121,-0.382171,0.313921,0.797091,-0.458390,1.788089,0,0,0,0
-0.347138,0.948280,-0.926983,-0.429149,0.841917,-0.021674,-0.448669,0,0,0,1
0.094516,-1.075032,0.365492,0.949099,0.057595,-0.213330,1.517500,0,0,0,0
1.273120,-0.246247,-1.594492,-0.155994,0.190624,0.414174,0.170997,0,0,0,0
1.223966,-0.524167,-1.673820,-0.940980,-0.286875,0.352809,0.273659,0,0,0,0
-0.095545,0.719378,0.645366,0.261208,-0.921249,-0.623535,1.431378,0,0,0,0
0.199915,0.427580,0.371808,-0.486830,0.093448,0.400593,-0.194138,0,1,0,0
0.138139,-0.641625,0.227638,0.923819,0.633523,-0.487827,2.157705,0,0,0,0
0.613277,0.088235,-0.087137,0.506402,0.201568,0.796329,-0.359917,0,0,0,0
0.100132,0.765061,-1.048937,0.106575,0.855434,2.462318,-1.167981,0,0,0,0
0.127408,-0.567600,-0.128608,1.029375,1.767644,0.337646,1.462812,0,0,0,0
0.736992,-0.521662,0.128570,-0.021181,-0.258060,-0.187729,0.065732,0,0,1,0
0.288874,0.463869,-0.370392,1.070801,-0.062895,-0.460373,1.489777,0,0,0,0
1.049191,0.121910,-0.552350,-0.136763,1.082499,2.230975,0.076806,0,0,0,0
0.730873,-0.221621,-0.976964,0.288187,0.160249,0.067938,-0.410369,0,0,0,0
0.507415,-2.044983,0.959026,-0.220727,0.340868,-0.522979,1.038393,0,0,0,0
0.995232,-1.331655,0.853329,-0.276470,-0.231762,-0.219135,0.378760,0,0,0,0
0.841414,-1.236622,0.533660,0.054460,0.016260,-0.170964,-0.146448,0,0,0,0
0.406048,-0.387481,0.654028,0.553209,-0.856435,0.749505,1.227072,0,0,0,0
0.713845,-0.467842,0.217421,-0.646726,-1.673517,0.395047,-0.429364,0,0,1,0
0.158651,-0.312940,0.899856,0.545456,-1.523149,-0.223132,2.214892,0,0,0,0
0.718809,-0.794023,0.026641,0.153575,-0.296626,0.461391,-0.464527,0,0,0,0
0.393170,-0.241740,0.052539,0.330626,0.171713,0.139328,-0.754586,0,0,0,0
-0.386864,-0.258094,0.729596,1.049910,0.459049,-0.645220,1.487312,0,0,0,0
1.097943,0.533054,0.255368,-0.746512,-1.451226,0.792257,0.236886,0,0,0,0
-0.096887,-0.122571,0.796063,0.201047,0.266300,-0.277702,0.376113,0,0,0,0
0.368147,-0.163229,-0.159802,-0.605270,-0.764944,-0.350864,-1.207037,0,0,0,0
0.660196,-0.416763,-0.048775,-1.356221,-0.608501,-0.564638,-0.672629,1,0,0,1
0.816546,-0.944608,0.221617,0.123644,0.842645,0.159779,0.681766,0,0,0,0
0.959765,-0.709898,0.070944,-0.359955,0.648520,0.600636,-0.559054,0,0,0,0
1.116871,-0.887381,0.267086,-0.883154,-0.338722,-0.380006,-0.304167,0,1,0,0
0.050823,-0.060611,0.744046,0.728986,0.623349,-0.363297,1.043499,0,0,0,0
0.115949,0.458799,1.835906,1.224715,-0.551641,1.381096,1.263353,0,0,0,0
-0.008093,-0.167474,-0.443557,-0.609393,-0.059426,-0.016260,-0.662804,1,0,0,0
0.269485,-0.649437,-0.785653,-1.132783,-0.960771,0.001214,-1.392208,0,0,0,0
0.008539,0.312314,0.807762,1.348361,0.518474,3.598332,1.202959,0,0,0,0
0.229307,-0.409581,0.042520,-0.177635,0.174241,0.662223,0.019455,0,0,1,0
0.357233,-0.360780,0.280917,0.667725,-1.556465,-0.313946,1.235999,0,0,0,0
0.640367,-0.540330,-0.821803,-0.843633,-1.571317,0.677121,-1.190475,0,0,0,0
0.281593,0.152335,-0.152033,-0.739483,-0.187502,-0.265383,-0.750828,0,1,0,1
0.513090,-1.288259,1.113323,-0.380181,0.284867,-0.565248,1.309429,0,0,0,0
0.957119,-1.339822,-0.371176,-1.419483,-0.710257,0.256352,-0.729561,0,0,0,0
0.875292,-1.227568,0.235692,-1.039366,0.292520,-0.049003,-0.312299,1,0,0,0
0.256093,0.035795,0.167178,0.281661,-0.380034,-0.154576,0.426004,0,0,0,0
0.260242,0.047436,1.357299,0.861612,-0.489400,2.769690,0.850088,0,0,0,0
0.349887,0.016266,-0.472950,-1.196470,-1.208553,-0.026116,-0.944180,0,0,1,0
0.364858,-0.202183,-1.886711,-1.159735,-1.167491,0.157146,-1.345541,0,0,0,0
-0.174854,0.287230,0.396220,0.845275,0.152511,3.276312,0.926836,0,0,0,0
0.695325,0.234594,-0.549937,-1.068080,-0.856256,-0.209557,-0.366550,0,1,0,0
-0.276235,0.216399,0.173763,-0.251615,-0.972877,-0.242037,0.483646,0,0,0,0
0.224667,0.209955,-0.485696,-1.067069,-0.781433,0.130025,-1.186514,0,0,0,0
1.184749,-0.592250,-0.555820,-2.124098,-0.950446,-0.294766,-0.631038,0,0,0,0
0.773859,-1.299891,1.149216,-0.183162,0.208930,0.078457,-0.204560,0,0,0,0
0.849595,-1.144051,0.610569,-0.403052,-0.123224,-0.289443,-0.635333,0,0,0,0
1.012033,-0.197541,0.698474,-1.328863,-1.488313,0.857994,0.599225,0,0,0,0
0.219790,-0.528081,0.060649,0.321406,-0.922334,-0.065092,-0.579609,0,0,0,1
0.348619,-0.551144,0.630771,0.273778,-2.293636,-0.450898,1.332333,0,0,0,0
0.366891,-0.857166,0.571068,-0.046653,-1.500243,2.784268,-0.929529,0,0,0,0
-0.094914,-0.116555,-1.180750,-0.934364,-0.653714,-0.066858,-1.083504,0,0,1,0
0.947666,-0.931303,-0.486361,0.353198,0.533447,0.122313,0.519163,0,0,0,0
0.869787,0.340156,-0.506691,-0.874974,-1.149944,0.587855,1.097676,0,0,0,0
0.834957,-0.531476,-0.414883,-0.429430,-2.213574,0.202579,-0.854417,0,0,0,0
0.179452,-0.359932,-0.150597,-0.257055,-0.759868,-0.154058,-0.756117,1,1,0,0
0.883197,-0.911867,1.014467,-0.244947,0.166475,-0.180278,1.337541,0,0,0,0
0.792732,-0.772769,0.868107,-1.137005,-0.411146,-0.167432,0.034086,0,0,0,0
0.738102,-1.086794,1.540601,0.386688,-0.233954,-0.332059,1.551615,0,0,0,0
0.633291,-0.563263,-0.177816,-0.087054,-0.586453,-0.452036,-0.548800,0,0,0,0
0.440266,-0.882322,0.852341,0.777043,0.163884,-0.192066,1.616309,0,0,0,0
1.056035,-0.523669,0.903570,-0.583781,-0.563485,1.420405,0.836820,0,0,0,0
0.834337,-1.437782,1.020950,-0.435129,-0.501614,0.734141,-0.212263,0,0,0,0
1.006518,-0.441459,1.948337,-0.943702,-0.451158,-0.101585,0.635128,0,0,0,0
0.734159,-0.937021,0.302530,0.507571,-1.805383,0.290754,-0.143686,0,0,0,0
0.825079,-0.043830,1.206109,0.221309,-0.829476,1.088060,0.557495,0,0,0,0
1.002058,-0.107458,0.087871,0.325259,0.069162,0.731212,0.479806,1,1,0,0
0.710652,-1.023566,1.167555,-1.310903,-0.313946,0.102589,-0.211439,0,0,0,0
1.065314,-0.635915,0.142669,-1.800989,-0.257425,0.223433,-0.362431,0,0,0,0
0.702558,-0.961965,0.576776,0.531596,-0.895962,0.403053,0.047892,0,0,0,0
1.059849,-0.141688,0.007393,-0.765520,-1.969730,0.071364,-0.367596,0,0,0,0
0.748865,-0.742252,-0.028617,0.217362,-0.449889,0.159566,0.196511,0,0,1,1
0.789556,-1.620112,0.925320,-0.667901,-0.477433,-0.286928,0.515244,0,0,0,0
1.035346,-0.827425,-0.101184,-2.251369,-1.375541,-0.115647,-0.673557,1,0,0,0
0.736863,-1.520570,-0.077701,0.252319,-0.743618,1.080817,0.409148,0,0,0,0
1.200022,-0.213034,0.123285,-0.966284,-1.764777,0.185022,0.119585,0,0,0,0
0.867879,-0.888419,0.489171,-0.152233,-0.415722,0.189334,-0.079262,0,1,0,0
0.639311,-1.891195,0.885175,-0.871214,-0.468892,-0.326413,0.652323,0,0,0,0
0.376450,-1.457832,1.807464,0.420602,-1.340453,-0.287214,1.268625,0,0,0,0
0.674643,-0.929965,0.929770,-0.236239,-1.025710,1.566765,0.760030,0,0,0,0
0.763730,0.274589,2.073258,-0.476908,-1.563622,0.911518,0.746445,0,0,0,0
1.349740,-0.962517,1.008262,-1.769959,-1.691647,0.350623,0.025446,0,0,0,0
0.961579,-1.914702,0.262143,-0.713570,-0.280967,-0.017067,-0.367387,0,1,0,0
0.623963,-1.942290,1.106979,-0.585807,0.001516,-0.031535,0.555610,0,0,0,1
0.357701,-1.370584,0.901914,-0.044111,-0.644083,-0.704843,0.548238,0,0,0,0
0.284286,-0.721727,1.351176,-0.422529,-0.611722,0.104519,1.269043,0,0,0,0
0.756355,-1.459452,1.289400,-0.891975,-0.086705,0.624944,0.829958,0,0,0,0
1.110767,-1.019277,1.034814,-1.322063,-1.268537,0.122535,0.877153,0,0,0,0
1.019128,-0.487639,0.432308,-1.602993,-2.014469,-0.177522,0.888562,0,0,0,0
0.521865,-1.139440,0.399939,-1.523382,-0.921210,-0.643539,0.720342,0,0,0,0
0.533917,-0.568405,2.549096,-0.347264,-0.587957,1.784058,1.091919,0,0,0,1
0.825374,-1.117660,0.671347,-1.648082,-1.036680,0.268525,0.785896,0,0,0,0
1.038583,-1.277280,0.366714,-2.938699,-1.822915,-0.187272,0.848789,0,0,0,0
0.726523,-0.854144,-0.038205,-1.799991,-1.317185,-0.500148,0.677741,0,0,0,0
0.444268,-0.706225,1.164358,-0.401095,-0.578237,1.764230,0.825568,0,0,0,0
0.367528,0.212540,0.897710,-1.697246,-1.126915,1.694260,0.896647,0,0,0,0
0.748399,-0.190354,-0.367662,-2.607748,-1.359657,-0.689900,0.772785,0,0,0,0
0.648778,-0.846003,-0.171447,-3.169744,-1.960209,-0.623454,0.737068,0,0,1,0
0.140717,-0.606105,1.127208,-1.500085,-1.444068,2.214938,0.797043,0,0,0,0
0.225596,-0.492620,0.998565,-1.790127,-2.752344,1.881318,0.705563,0,0,0,0
0.670714,-0.382207,-0.106985,-2.970858,-2.633817,-0.524617,0.578425,0,0,0,0
0.105371,-1.255395,-0.361880,-1.279556,-2.100031,1.218101,0.347147,0,0,0,0
0.330638,-1.070789,0.187008,-1.224722,-3.039637,2.378042,0.217976,0,0,0,0
0.897252,-0.781739,-1.234571,-2.891437,-3.234003,-0.322962,0.175155,0,0,0,0
1.007825,-1.094364,-2.363773,-4.045175,-3.537033,-0.369595,0.239182,0,0,0,0
0.158553,-1.443836,-2.989519,-2.310771,-3.093714,0.110666,-0.350711,0,0,0,0
0.014537,-1.683446,-3.185239,-0.958413,-3.414751,1.350253,-0.482422,1,0,0,0
0.590809,-1.567150,-4.023061,-3.479474,-3.704910,0.686704,-0.631966,0,0,0,0
0.339992,-1.316316,-4.694227,-3.843828,-2.952319,-0.428467,-0.782660,0,0,0,0
0.054952,-1.728325,-3.860795,-2.700766,-1.532236,-0.241184,-0.692186,0,0,0,0
-0.331081,-1.967027,-4.021695,-2.311305,-1.294281,1.318819,-0.608051,0,0,0,0
0.110796,-0.976460,-4.781210,-4.309311,-2.524699,-0.217320,-0.654793,0,0,0,0
0.291538,-0.997440,-4.533790,-3.561643,-2.600134,-0.092841,-1.022153,0,0,0,0
-0.008614,-1.481703,-3.960475,-3.814144,-1.191843,0.022797,-0.929320,1,0,1,0
-0.131239,-1.531696,-4.497859,-4.495438,-2.555323,2.258363,-0.908032,0,0,0,0
-0.030841,-0.326728,-4.820814,-4.781495,-3.526669,0.525541,-0.778321,0,0,0,0
0.165970,-0.186608,-4.683252,-5.196292,-4.268556,-0.434195,-0.867871,0,0,0,0
-0.102137,0.135898,-3.755398,-4.030076,-3.176488,-0.458467,-0.808523,0,0,0,0
-0.363955,-0.814375,-2.940952,-4.585067,-1.773079,1.250273,-0.662946,0,0,0,0
0.113039,1.185017,-0.176134,-3.324767,0.022431,1.103754,-0.432748,0,0,0,0
0.241601,0.985425,-0.895585,-3.339150,-1.782950,-0.157868,-0.777662,0,0,0,0
-0.042174,1.129784,-0.208876,-3.080688,-1.408643,-0.036289,-0.690400,0,0,0,0
0.049225,1.238627,0.806349,-2.553297,-0.712670,1.173940,-0.386457,0,0,0,1
-1.108364,-1.207880,-0.249944,-1.410012,-0.159071,0.364375,-1.245290,0,0,0,0
-1.077332,-1.326924,-0.614633,-2.942123,-0.524078,0.162073,-1.701955,0,0,0,0
-0.978556,-1.500717,-0.471051,-3.537233,-1.857321,0.213464,-1.849769,0,0,0,0
-0.839566,-1.120524,0.398595,-1.154068,0.745888,0.243724,-1.499901,0,0,0,0
-0.760298,-1.259512,0.832692,-0.522117,0.964727,0.093202,-1.405007,0,0,0,0
-0.726726,-1.154126,0.145926,-0.723832,0.751620,0.198853,-1.722180,0,0,0,0
-0.804941,-1.593538,0.026879,-0.852474,0.724312,0.227890,-1.405887,0,0,0,0
-0.846184,-0.913342,0.743519,-1.574107,-0.371339,-0.716427,-2.107719,0,1,0,0
-0.421216,-1.373987,-0.135630,-0.952511,0.355021,0.504546,-1.476559,0,0,0,0
-0.702372,-1.859405,-0.456677,-1.056895,-0.006731,-0.111015,-1.730210,0,0,0,0
-0.399276,-1.253485,0.027218,-1.149194,-0.147468,0.128093,-1.718349,0,0,0,0
-0.429667,-1.374014,-0.102046,-1.939993,-0.525725,0.905483,-1.863040,0,0,0,0
-0.537992,-1.503399,-1.192125,-1.708422,-0.059509,-0.052748,-1.462003,0,0,0,0
-0.619937,-1.502515,-1.093438,-2.045518,-0.644960,-0.106792,-1.108170,0,0,0,0
-0.472124,-0.691632,-0.265084,-0.975058,-0.771486,0.391134,-1.726880,0,0,0,0
-0.244717,-0.510707,-0.447093,-1.814036,-0.681982,-0.088922,-1.699107,1,0,0,0
-0.327903,-2.179468,0.709215,-0.334890,0.253558,9.247474,-1.295646,0,0,0,0
0.560533,-0.100266,-2.225273,-2.664865,0.854370,-0.025829,-1.245722,0,0,1,0
0.520927,0.221137,-2.134464,-2.564653,-0.338407,3.213512,-1.275609,0,0,0,0
-2.553065,0.826054,2.614606,2.343052,2.702331,0.202661,-0.941399,0,0,0,1
-0.777837,-0.948766,-1.446963,-1.568534,-2.176213,21.695607,-1.688196,0,0,0,0
0.321388,-1.213440,0.056185,-1.587857,-0.074044,5.343898,-0.773817,0,1,0,0
0.358509,0.091492,-0.195309,-2.226786,-1.181263,0.071977,-0.705610,0,0,0,0
0.198222,0.081288,-2.381149,-2.761785,1.115492,0.951143,-0.955870,1,0,0,0
0.011025,-1.220376,0.673079,0.777235,1.176215,-0.014223,-1.012627,0,0,0,0
-0.080098,-1.582283,0.157700,0.746014,0.946717,0.317613,-0.871570,0,0,0,1
-0.439039,-1.659807,0.165027,-2.385491,0.794155,0.374214,-0.743209,0,0,0,0
0.656384,-0.608353,0.004634,-1.787863,-0.606919,1.452184,-0.464672,0,0,1,0
-6.851064,1.223941,2.446165,-2.153205,2.215776,-1.040530,-3.004380,0,0,0,0
0.127401,0.248190,-2.106845,-1.022360,1.925737,7.735709,-1.054791,1,0,0,0
-4.838611,5.981142,4.881494,-1.966183,2.512108,0.060855,-1.492020,0,0,0,0
-3.099441,-2.368939,-0.537683,2.050619,1.549259,-0.461776,-2.248388,0,0,0,0
-6.106141,2.715009,1.964142,-3.360150,1.660244,-0.409430,-3.326264,0,0,0,0
-5.599413,3.268705,1.125654,-3.329400,2.251222,-0.222490,-3.230372,0,0,0,0
-5.473812,3.678203,1.283689,-3.622830,2.675059,-0.150018,-3.170494,0,0,0,0
-5.138133,4.098762,0.571296,-4.222501,2.744611,-0.641472,-3.116278,0,0,0,0
-5.085240,4.033472,0.188077,-4.274743,2.835574,-0.487004,-3.074168,0,0,0,0
-4.759066,4.465141,-0.196935,-4.102013,3.268061,-0.235770,-2.967562,0,0,0,0
-4.650014,4.670832,-0.267730,-4.397173,3.253507,-0.132335,-2.892824,0,0,0,0
-4.289149,5.216212,-0.419291,-4.195794,3.373359,-0.090826,-2.803788,0,0,0,0
-3.968002,5.511146,-1.105846,-4.280697,3.771341,-0.230310,-2.669202,0,0,0,0
-3.869917,5.454687,-0.957674,-3.526789,3.204502,-0.225465,-2.530543,0,0,0,0
-3.719765,5.549419,-1.567530,-3.641827,3.812230,-0.311141,-2.395772,0,0,0,0
-3.327513,5.948781,-2.398106,-3.964270,3.650226,-0.175821,-2.281092,0,0,0,0
-2.922838,6.022158,-3.258348,-3.404495,3.570458,-0.234950,-1.912101,0,0,0,0
-2.711472,6.198796,-3.475869,-3.133824,3.914170,-0.147646,-1.563729,0,0,0,0
-2.348697,6.367370,-4.152732,-2.934052,3.138674,-0.300888,-1.163883,0,0,0,0
-2.114659,6.440926,-4.706361,-2.933851,3.036644,-0.128227,-1.110907,1,1,0,0
-1.142293,-0.281371,2.736586,1.407580,-0.753774,-0.006938,-0.474327,0,0,0,0
-1.154986,-0.299999,2.435328,1.701664,-0.467510,0.090920,-0.554179,0,0,0,0
-1.089167,0.184760,2.635352,0.973561,-1.535966,-0.271997,-1.050144,0,0,0,0
-1.203063,0.319103,1.662830,0.536662,-0.803322,-0.214663,-1.519707,0,1,0,0
-0.861849,0.560397,1.308830,0.496869,-0.496145,-0.605701,-1.901028,0,0,0,0
-1.093049,0.778743,0.883459,0.250695,-1.805719,0.038159,-1.030369,0,0,0,0
-0.760370,0.862399,0.866955,-0.386068,-1.263810,-0.234299,-1.051126,0,0,0,0
-1.249511,0.014347,0.670437,0.843390,0.170617,-0.148883,-0.893949,0,0,0,1
-0.764698,0.865555,0.138373,-1.464720,-1.146180,0.260088,-1.094635,0,0,0,0
-0.602292,1.030893,0.155375,-1.121265,-1.451343,-0.214151,-1.105920,0,0,0,0
-0.920568,1.088950,0.592157,-0.721226,-1.766584,-0.238815,-0.444412,0,0,0,0
-0.244827,1.648872,-0.842857,-2.186789,-1.554726,0.576635,-1.527315,0,0,0,0
-0.653868,1.543448,-1.122636,-1.438701,-0.830494,-0.162026,-0.639992,0,0,0,0
-0.439142,1.909921,-0.293283,-2.083673,-1.634599,0.739819,-1.054888,0,0,0,0
-0.986762,0.733363,-0.133105,-0.532163,-0.418376,-0.329528,-1.116271,0,0,0,0
-0.964796,0.894602,-1.000435,-1.035708,0.788835,0.117654,-1.587519,0,0,0,0
-0.821775,1.241199,-0.125258,-0.865225,0.641019,0.084443,-0.791466,0,0,0,0
-0.936898,1.305391,-0.050164,-1.765371,-0.007173,-0.383002,-1.747096,0,0,0,0
-0.070592,2.317799,-1.939963,-1.821349,0.975334,0.065697,-1.120834,0,0,0,0
-0.727300,1.236426,-2.501264,-2.019248,0.314641,-0.236545,-1.422118,0,0,0,0
-0.545371,1.695909,-1.484453,-1.521176,-0.158231,-0.064710,-1.126154,0,0,0,0
-1.212813,0.797486,-1.283357,-0.902552,0.607456,-0.303428,-1.659562,0,0,0,1
-0.442582,1.377411,-1.988535,-0.789415,1.064966,-0.225720,-0.908720,0,0,0,0
-0.184556,1.315037,-2.421541,-0.818487,0.954418,0.363068,-1.203231,0,0,0,0
-0.528422,1.404311,-3.476598,-0.808681,-0.058236,-0.064264,-0.851262,0,0,0,0
-0.320062,2.063502,-1.981811,-0.808295,-0.284884,0.090948,-1.456332,0,0,0,0
-0.139856,1.625120,-2.735442,0.487179,0.220633,2.792835,-1.037802,0,0,0,0
-0.423053,1.168615,-3.001045,0.942306,-1.002804,-0.014906,-1.228971,0,0,0,0
0.049757,0.546906,-1.506596,1.775414,-0.210826,-0.359641,-0.713384,0,0,0,0
-0.067149,1.207480,-1.981437,-0.008257,-0.902956,0.038684,-1.041749,0,0,0,0
-1.216705,0.537001,-0.560947,-0.226980,0.219138,-0.439308,-1.887105,0,0,0,1
0.142003,0.437068,-1.527852,1.872726,-0.786427,-0.183069,-0.565969,0,0,0,0
-0.081632,0.912351,-1.846105,0.698718,-1.367485,-0.008993,-1.392846,0,0,0,0
0.533803,0.946879,-1.809330,1.034173,-1.623558,1.219330,-1.089279,0,0,0,0
-0.046786,0.366462,-1.679817,0.568910,-1.423154,-0.186193,-1.187826,0,0,0,0
-0.727970,0.574351,-0.814465,0.508603,0.273965,-0.430774,-1.784477,0,0,0,0
0.455435,-0.052609,-1.089041,0.632352,0.034406,-0.457498,-0.755646,0,0,0,0
0.290056,-0.105096,-0.406271,-0.136287,-0.998937,0.318041,-1.381913,0,0,0,0
0.745943,-0.611705,-0.240258,0.458285,-1.310757,3.736450,-0.371864,0,0,0,0
0.551673,-1.029010,0.415530,0.441990,-0.790261,0.257519,-0.739563,0,0,0,0
1.019342,0.127374,-0.625752,0.578622,-2.205171,-0.029134,-0.282093,0,0,0,0
1.115028,-0.164734,-0.341680,-0.036910,-1.041863,-0.191246,0.008861,0,0,0,0
0.842879,-0.996144,-0.883073,-0.463770,0.087283,-0.084158,-0.268078,1,0,0,0
0.136838,-1.666820,-0.590225,0.081337,-1.110711,-0.489476,-0.873593,0,0,0,0
0.396177,-1.496870,-0.081139,0.142424,-0.158914,0.144671,-0.986128,0,0,0,1
0.221069,-1.202058,-0.651826,0.221766,0.043345,-0.336389,-1.045774,0,0,0,0
0.200933,-1.610141,-0.269280,0.146953,-0.462901,-0.015271,-0.954918,0,1,1,0
0.334606,-1.266540,1.367635,-0.054730,-0.109627,-0.248538,0.801878,0,0,0,0
0.367740,-1.507018,0.426822,-0.648898,-0.710226,-0.050730,0.309332,0,0,0,1
0.841328,-1.354624,0.600646,-0.167039,-0.108666,-0.021059,0.017950,0,0,1,0
0.091267,-0.707668,1.003568,0.666254,0.437057,-0.448632,-0.046753,0,1,0,0
0.348684,-0.725906,1.167891,-0.281986,-1.237196,-0.239611,0.457835,0,0,0,0
-0.115423,-0.829542,0.746022,-0.200795,0.038289,-0.538411,-0.296592,1,0,0,0
0.861415,-0.551778,1.043598,-0.786453,0.291615,0.046989,0.151375,0,0,0,0
0.119201,0.051672,0.532525,-0.226220,0.158257,-0.458937,0.113725,0,0,1,0
0.031716,-1.565938,1.186096,0.526058,-0.156759,-0.417889,0.238116,0,0,0,1
-0.002933,-1.508285,0.791319,0.569094,0.385305,-0.361185,-0.014704,0,1,0,0
0.516688,-0.262139,0.310300,-0.244672,-0.320520,-0.427162,-0.005585,0,0,0,0
0.698487,-0.338534,0.587484,0.002922,-0.453451,-0.452491,0.311601,0,0,1,0
0.266104,-0.491803,0.404322,-0.122494,-0.856502,-0.225565,0.283849,0,0,0,0
-0.319385,0.035973,0.978581,0.299911,-0.781223,-0.515392,-0.297719,1,0,0,0
0.707367,-0.292149,-0.170388,0.103322,-0.221466,0.046025,-0.015216,0,0,0,0
0.270834,0.966480,0.599919,0.351775,0.593023,-0.289428,0.394650,0,1,0,1
-0.125868,-0.563971,1.568299,0.255629,-0.254764,-0.600809,0.255866,0,0,0,0
0.200935,-0.487307,0.137758,-0.115496,0.443000,-0.510584,-0.240428,0,0,1,0
0.347074,0.066333,1.181395,0.677613,1.140523,-0.464819,0.364647,0,0,0,0
-0.126622,0.758148,1.524499,0.868946,0.822613,-0.151518,-0.017160,1,0,0,0
0.185972,-0.794739,0.212783,-0.197201,-0.363274,-0.219320,0.397074,0,0,0,0
-0.292991,0.274913,0.268667,0.437361,-0.518946,-0.503054,-0.070331,0,1,0,0
0.428462,-0.260170,1.372802,0.601709,0.140626,-0.338027,-0.369048,0,0,0,0
0.430361,-0.796120,1.286660,0.819494,1.013270,-0.471038,-0.160293,0,0,0,1
-0.693569,-0.141386,0.432469,-0.533772,-0.530898,-0.478371,0.163210,0,0,1,0
0.051128,-1.280575,0.771157,0.134003,0.287755,-0.275067,-0.114110,1,0,0,0
0.944102,-0.869438,1.215854,0.139261,0.036558,-0.057129,-0.049208,0,0,0,0
-0.149942,-0.124036,0.273036,0.381685,0.597629,-0.416141,-0.530300,0,1,0,1
0.094369,-0.528988,1.287367,-0.906840,-0.359287,-0.336029,0.443709,0,0,0,0
-0.033266,-0.084483,-0.052946,-0.382828,-0.943442,-0.377388,0.266905,0,0,0,1
0.308487,-0.898961,0.915008,-0.307031,-0.242514,-0.632095,0.200055,0,0,0,0
0.155209,-1.291399,-0.126458,-0.123782,0.127178,-0.083493,-0.056408,0,1,1,0
-0.185486,-0.668317,0.115459,-0.054551,0.307255,-0.750170,0.476494,0,0,0,0
0.169732,-0.776397,-0.052635,-1.174949,-0.018985,-0.403356,0.006080,1,0,0,0
0.724179,-0.585724,0.914401,0.353239,1.136414,-0.392408,0.174839,0,1,0,0
0.081865,0.571255,0.944879,0.578705,0.750113,-0.008943,-0.073122,0,0,1,0
0.200058,-0.697002,0.516712,0.022160,-0.037432,-0.477909,0.339028,0,0,0,0
-0.349159,-0.339768,0.046120,0.154690,0.693780,-0.276699,-0.191238,1,0,0,0
0.882746,-0.446583,-0.014434,-0.883752,-0.576651,-0.222279,0.133298,0,0,0,0
0.032684,0.180203,0.248355,0.274334,0.526684,-0.256058,-0.535865,0,0,0,1
-0.070672,-0.778964,0.628923,0.468471,0.455480,-0.678041,-0.030303,0,1,0,0
0.106561,-1.191508,1.304499,0.477332,0.509455,-0.108806,-0.073572,0,0,1,0
0.317090,0.161954,0.785159,-0.306800,-0.040751,-0.474019,0.413017,0,0,0,0
0.480642,-0.350411,0.445780,0.581651,0.129689,-0.371011,0.335969,1,0,0,0
0.177853,-0.719352,0.263493,-0.214443,-1.450716,-0.398012,0.279437,0,0,0,0
-0.391927,-0.110028,1.014416,-0.156634,-0.009312,-0.276450,0.094104,0,1,0,0
0.770230,-0.464101,0.288266,0.206238,-0.354855,-0.230483,-0.013944,0,0,0,0
0.323609,-0.496564,0.129788,0.094862,-0.373824,-0.418129,-0.098531,0,0,1,1
-0.237419,-1.252452,1.496608,-0.023158,-0.116516,-0.575922,0.606098,0,0,0,0
0.170824,-1.485974,0.290208,0.859784,0.452092,-0.131984,-0.293022,1,0,0,0
0.609709,-0.411115,0.921314,-0.442549,-0.583404,-0.032197,-0.210061,0,0,0,0
-0.130264,0.440306,1.023469,0.375603,0.206613,-0.255246,-0.370956,0,1,0,0
0.224690,-0.682890,0.511712,-0.176220,-1.035318,-0.254291,0.075127,0,0,0,0
-0.276384,0.056314,0.764197,-0.133052,0.073041,-0.353127,0.128386,0,0,0,1
0.251958,-0.302631,1.654753,-0.148396,-0.128984,-0.312483,0.618769,0,0,0,0
0.418996,-1.489720,1.212030,-0.037585,0.453957,-0.238882,0.189230,0,0,1,0
-0.544229,0.199906,0.757203,0.369241,0.056621,-0.705348,-0.095457,0,1,0,0
0.294215,-1.215621,1.191531,-0.546875,-0.156512,-0.369690,-0.369466,1,0,0,0
0.749320,-0.510817,1.739183,0.316108,-0.104272,-0.446283,1.026060,0,0,0,0
0.026589,0.299439,0.782072,0.504281,0.462995,-0.432910,0.626154,0,0,1,1
0.178471,-0.637805,0.981090,0.181078,-0.755252,-0.664222,0.234217,0,0,0,0
-0.047361,-0.082263,0.788514,-0.389201,-0.584065,-0.099285,-0.389352,0,0,0,1
0.275438,-1.086673,0.540479,-0.750920,-0.956284,-0.706183,0.469816,0,0,0,0
-0.078369,-1.147120,0.215633,0.229386,-0.670793,-0.616618,0.145232,1,1,0,0
0.405395,-1.411988,0.517231,-0.231606,-0.567946,-0.409619,0.463113,0,0,0,0
-0.164158,-0.425436,0.540478,0.799968,0.377835,-0.666798,-0.122077,0,0,1,0
1.030157,-0.874497,0.355628,-0.206056,-1.407061,-0.100433,0.345489,0,0,0,0
0.016775,-0.279117,1.309475,0.800541,0.425369,-0.134555,-0.108287,0,0,0,1
0.214664,-0.997216,1.150077,-0.076800,-0.796110,-0.302947,0.444150,0,0,0,0
-0.086555,0.050522,0.201430,-0.318877,-1.093609,-0.213712,-0.194480,1,0,0,0
0.795519,-0.526803,0.515791,0.520384,0.344276,-0.336622,0.237345,0,0,0,0
0.559141,-0.374781,0.443991,0.419767,-0.542892,-0.205669,-0.215609,0,1,1,0
-0.659188,0.160578,1.058589,-0.546136,-0.125504,-0.511519,-0.058824,0,0,0,0
0.314023,-0.792033,0.578384,-0.080555,-0.476075,-0.245638,-0.135829,0,0,0,1
0.753489,0.157762,1.489249,-0.002798,0.506572,-0.556125,0.570558,0,0,0,0
0.009613,0.967093,1.120369,0.675599,0.218818,-0.325381,-0.043276,1,0,0,0
0.097293,-0.635247,0.830830,0.032400,-1.183412,-0.712786,0.011645,0,0,0,0
-0.230885,-0.178201,0.842466,0.314541,-0.165484,-0.576938,-0.473991,0,1,0,0
0.821144,-0.331545,0.632798,0.446235,0.226382,-0.217041,0.592078,0,0,0,0
-0.008765,0.356879,0.901064,0.404856,0.017377,-0.230104,-0.050568,0,0,1,1
-0.036166,-0.595089,1.118193,0.798923,0.037226,-0.602472,0.497069,0,0,0,0
-0.436461,-0.237426,0.699472,0.001257,0.863030,-0.741992,-0.120028,0,1,0,0
0.770803,-0.636674,1.154269,1.301355,0.530130,-0.265839,0.116817,0,0,0,0
-0.019451,0.295917,1.377747,1.032722,0.881720,-0.422078,0.301208,1,0,0,0
0.069931,-0.678877,0.487557,-0.264777,-0.699712,-0.486466,0.123655,0,0,0,0
-0.360468,-0.013973,0.523464,-0.518748,-0.658029,-0.405586,-0.390659,0,0,0,1
0.684296,-0.320134,0.687323,-0.315172,0.147571,-0.261255,-0.027748,0,0,0,0
0.503649,-0.195242,0.742811,0.266252,1.006882,0.153555,0.069236,0,1,1,0
-0.654298,0.464570,0.998819,-0.633457,-0.587053,-0.647524,0.269855,0,0,0,0
-0.461705,0.136889,0.820255,-0.256616,-0.138798,-0.516311,-0.326832,1,0,0,0
0.737310,-0.341950,0.729744,0.293105,-0.059257,-0.284911,-0.006386,0,0,0,0
0.374284,-0.666603,0.675271,-0.358789,0.429143,-0.241036,-0.247833,0,0,1,1
-0.368104,0.000790,1.276945,-0.378478,-0.897135,-0.663398,-0.111257,0,0,0,0
-0.006457,0.352043,1.301663,-0.704615,-0.965219,-0.104017,0.029702,0,0,1,0
0.145621,-0.528387,0.521945,-0.787652,-1.090644,-0.597277,0.693254,0,0,0,0
-0.848473,0.170118,0.962107,-0.361254,0.376722,-0.447918,-0.522930,1,1,0,0
0.333177,-0.449451,0.619624,0.169414,-0.550528,-0.565106,0.414442,0,0,0,0
0.002235,-0.800834,0.794413,1.009652,-0.421198,-0.364690,0.111418,0,0,0,1
0.768592,-0.278841,1.005041,-0.367401,-0.383825,-0.215401,0.418341,0,0,0,0
0.007988,0.071846,1.137378,0.447305,0.408632,-0.282490,-0.645332,1,0,0,0
0.199136,-0.648920,1.145961,-0.198425,-0.733198,-0.416729,0.527627,0,0,0,0
-0.224046,-0.039123,0.353106,-0.121874,-1.099345,-0.378151,-0.137805,0,0,1,0
0.672607,-0.419289,0.676065,0.357176,0.865413,-0.475253,0.412897,0,0,0,0
-0.319204,0.307616,0.996020,0.214796,0.442351,-0.331865,0.109409,1,1,0,0
-0.217663,-1.048322,0.285732,0.371620,0.156227,-0.723378,0.188934,0,0,0,0
-0.625537,-0.494686,0.342140,-0.303145,0.097906,-0.577801,-0.728153,0,0,0,1
0.650283,-0.371270,0.536832,0.096568,0.841352,-0.093115,-0.280705,0,0,0,0
-0.266793,-0.016073,1.067402,0.307670,-0.171963,-0.395836,-0.569173,1,0,0,0
0.028416,-0.009519,1.063076,-0.597269,0.114406,-0.564619,0.412343,0,0,0,0
0.188369,-0.437792,0.011465,-0.477618,-0.204420,-0.326126,0.059241,0,0,1,0
0.260993,0.155997,1.623660,0.380038,-0.417432,-0.676006,0.897047,0,0,0,0
0.502814,-0.380004,0.793834,0.679384,1.128583,-0.296737,0.696200,1,1,0,0
0.043050,-1.075885,1.380036,-0.271254,0.185386,-0.389761,0.110159,0,0,0,0
-0.210748,-0.620155,1.879908,-0.021073,-0.402813,-0.280716,-0.087951,0,0,0,1
0.798257,-0.448834,0.656052,0.458042,0.434010,-0.286990,0.081960,0,0,0,0
0.378330,-0.058514,1.271120,0.731151,-0.051440,-0.492699,-0.128122,0,0,1,0
0.989037,-0.625863,0.912516,0.319255,-0.156152,0.018818,0.555515,0,0,0,0
0.761773,-0.018565,1.838887,0.483585,-0.669568,-0.022825,0.093953,1,0,0,0
0.929544,-0.543165,0.796811,0.526970,0.292790,-0.184615,0.229632,0,0,0,0
0.405107,-0.385753,1.445370,0.581202,-0.141429,-0.349454,0.412153,0,0,0,1
0.788683,-1.125987,0.557541,-0.632638,-0.902955,0.080257,-0.002822,0,1,0,0
0.560028,-0.844783,1.090355,0.493750,-0.700649,-0.489685,0.703350,0,0,1,0
0.487526,-0.964775,0.915897,-0.277308,-0.812525,-0.221246,-0.008036,0,0,0,0
0.713063,-1.101501,-0.339676,-0.918705,0.008390,0.083528,0.142165,1,0,0,1
0.346826,-0.891604,0.230049,0.286233,-0.217056,-0.534310,1.002134,0,0,0,0
0.880412,-1.007304,0.715292,0.040900,-0.172102,-0.088972,-0.172873,0,0,0,1
0.558564,-1.142441,0.740651,0.365272,-0.496115,-0.284614,0.425106,0,0,0,0
0.558517,-1.297010,1.037942,-0.068461,-0.310359,0.293973,-0.030720,0,1,1,0
0.379516,-1.866930,1.109520,0.059435,-0.201291,-0.288110,0.340340,0,0,0,0
0.506423,-1.049860,0.362875,-0.465842,-1.373645,-0.231570,0.199510,1,0,0,0
0.997740,-0.949660,0.896123,-0.040048,-0.999104,0.062683,-0.102194,0,1,0,0
0.103037,-0.471472,1.110863,0.558637,0.141017,-0.174094,0.128193,0,0,1,0
0.390056,-1.228888,1.534171,0.392930,-0.702829,-0.579571,0.434722,0,0,0,0
-0.035392,-0.501079,0.868913,-0.051844,-0.344386,-0.614712,-0.035277,0,0,0,1
0.863847,-0.714914,1.238036,0.091486,-0.168401,-0.314579,0.194883,0,0,0,0
0.356470,0.152717,1.075725,0.717856,0.056927,-0.153343,0.046047,0,1,0,0
0.008482,-1.440126,0.721091,-0.163854,-0.789807,-0.615413,0.274830,1,0,0,0
0.148555,-1.557030,1.319370,0.199003,-0.018039,-0.251479,-0.147251,0,0,1,0
0.451817,-0.249699,1.228425,-0.013713,-0.425147,-0.562652,-0.235177,0,0,0,0
0.660926,-0.289807,1.035590,1.113027,0.676687,-0.492640,0.267255,0,1,0,0
0.385035,-0.630082,0.855439,-0.398384,-0.133331,-0.374350,0.405114,0,0,0,0
-0.239774,0.386940,0.109488,0.545913,0.150475,-0.337213,0.066755,0,0,0,1
0.843554,-0.027386,0.722680,0.633132,0.060752,-0.188327,0.131777,0,0,0,0
0.077935,0.344105,0.761664,0.925421,0.704153,-0.402981,0.022466,1,0,1,0
0.066367,-1.282891,1.053871,-0.056303,-0.125420,-0.370559,0.321327,0,0,0,0
0.297046,-0.487328,0.073673,-0.747887,0.247074,-0.230794,-0.025577,0,1,0,0
0.428703,0.420955,0.728838,-0.204376,0.339566,-0.362922,-0.330690,0,0,0,0
0.014270,0.879551,0.430238,-0.415205,1.020450,-0.339528,0.248118,0,0,0,1
0.264893,-0.540674,0.779662,0.315187,-0.815712,-0.330353,0.276348,0,0,0,0
-0.406950,0.580934,0.374964,0.283128,0.145311,-0.676494,-0.316910,0,0,1,0
0.436230,0.201074,1.264702,0.205007,0.056402,-0.572106,0.129150,0,0,0,0
0.487006,-0.762683,0.153712,-0.094046,0.149459,-0.297687,-0.168421,1,0,0,0
-0.690573,0.123474,1.174232,-0.123878,-0.166967,-0.615493,0.122001,0,1,0,0
0.031974,-0.853435,1.686698,0.293891,0.435409,-0.317786,0.037874,0,0,1,0
0.718689,-0.440324,0.905011,0.074576,0.715116,-0.149143,0.174976,0,0,0,0
-0.000855,0.360510,0.424121,-0.038005,0.412566,-0.428075,-0.191748,1,0,0,1
0.106015,-0.842679,1.714631,-0.246094,-0.668829,-0.455511,0.092851,0,0,0,0
0.087616,0.048822,0.279506,-0.295761,-0.519375,-0.376728,-0.237249,1,0,0,0
0.275892,-0.766060,1.018678,-0.342359,-0.595249,-0.436409,0.450116,0,0,0,0
0.356692,-1.407650,0.657140,0.234650,0.833009,-0.493517,-0.058017,0,1,1,0
0.178483,-0.111493,0.382563,-0.151478,0.344453,-0.597883,0.337440,0,0,0,0
0.266616,-0.276323,0.625489,-0.559632,0.142143,-0.303391,0.358540,0,0,0,1
0.817763,0.059646,0.699877,-0.064402,-0.009052,-0.617458,-0.026720,0,0,1,0
0.139018,0.539220,0.539935,0.006023,-0.367117,-0.522043,-0.560034,0,1,0,0
0.221584,-0.237062,0.909086,-0.174780,-0.186387,-0.375269,0.242733,0,0,0,0
-0.208758,0.295088,0.313944,0.209677,-0.414528,-0.267744,-0.122779,0,0,0,1
0.666383,-0.264774,0.915397,-0.008081,0.107483,-0.511436,0.401666,0,0,0,0
-0.160951,0.517431,1.019612,0.872628,0.992796,-0.458521,0.180828,1,0,0,0
0.007578,-0.817422,0.593537,0.024203,-0.220629,-0.464244,0.308102,0,0,1,0
0.223314,-0.985583,0.672471,0.160109,0.370381,-0.009800,-0.244609,0,1,0,0
0.457395,0.244661,1.276759,0.843977,-0.223643,0.069039,0.029961,0,0,0,0
0.510591,-0.656653,1.185125,0.285099,0.111812,-0.173828,-0.403136,0,0,0,1
0.284920,-0.748175,1.245702,0.414379,-0.041626,-0.147748,0.189821,0,0,0,0
-0.377183,-0.190454,0.854782,0.064192,-0.003864,-0.394698,0.022765,0,0,1,0
0.671723,-0.696544,0.352771,0.587959,0.595239,-0.546497,0.440853,0,0,0,0
0.405317,-0.966994,1.189001,1.032120,0.691860,-0.027060,0.009469,1,1,0,0
-0.184385,-0.749233,1.174285,-0.442290,-0.487739,-0.797662,0.243615,0,0,0,0
0.403908,-0.376064,0.270475,-0.549567,-0.741474,0.062300,-0.089083,0,0,0,1
0.501355,0.207197,0.799826,-0.031875,0.364197,-0.264172,-0.062142,0,0,0,0
-0.210616,0.230830,0.508383,-0.498897,-0.017667,-0.532376,-0.503852,0,0,1,0
0.112040,-0.749711,0.654840,0.005171,-0.941733,-0.447427,-0.086196,0,0,0,0
-0.231955,-0.077504,1.277161,-0.129368,-1.073398,-0.567811,-0.552436,1,0,0,0
0.393668,0.207361,0.836777,-0.761579,0.050550,-0.304542,0.515744,0,0,0,0
0.537750,-0.470328,1.471014,-0.229151,-0.530712,-0.265072,0.460988,0,1,0,0
-0.732669,0.032273,0.953074,-0.981276,-0.332123,-0.361581,-0.028321,0,0,1,0
0.016177,-1.434644,1.405229,-0.370380,0.288066,-0.233220,0.369224,0,0,0,1
0.701733,-0.680789,0.850083,-0.248805,0.205856,-0.476119,-0.163996,0,0,0,0
0.156239,0.009163,0.521030,-0.169567,-0.244498,-0.370748,-0.460925,1,1,0,0
0.180389,-0.613862,1.713283,-0.300317,-0.942663,-0.593075,0.595513,0,0,0,0
-0.093058,0.059170,0.525095,-0.370906,-0.533861,-0.480427,0.281781,1,0,0,0
0.387079,-1.156042,0.471272,-0.960706,-1.234710,-0.600326,0.100307,0,0,0,0
0.384645,-0.560310,0.400354,-0.288448,-0.874269,-0.221367,0.272629,0,0,1,1
0.475989,-0.993634,0.432008,-0.111317,-0.315779,-0.624134,0.700548,0,0,0,0
0.059268,-0.632077,0.162600,0.041850,-1.026749,-0.353118,-0.108846,0,1,0,0
0.980441,-0.444091,0.557372,-0.399129,-1.042723,0.005303,0.153716,0,0,0,0
0.230162,0.714131,0.840962,0.480633,0.712440,-0.268972,0.686853,1,0,0,0
0.335207,-0.613177,1.606971,0.231023,-1.275706,-0.148245,0.372522,0,0,0,0
-0.088959,0.299251,0.717471,0.037271,-0.755470,-0.317827,-0.212596,0,0,0,1
0.917614,-0.237178,1.331239,0.234368,0.221838,-0.190977,0.524798,0,0,0,0
0.685431,-0.233557,1.158279,0.329953,0.063020,-0.193187,0.296685,0,1,1,0
-0.580146,-0.170917,0.781810,0.827708,0.321188,-0.357137,-0.077741,0,0,0,0
0.317714,-0.487253,0.426794,-0.001933,0.032191,0.016150,-0.153486,1,0,0,0
0.719885,-0.246700,0.774570,0.600055,0.298409,-0.520825,0.418865,0,0,0,0
-0.047210,0.266058,1.053017,0.335655,1.012505,-0.406621,-0.065785,0,0,0,1
0.201165,-1.147500,1.121042,-0.331893,-0.246048,-0.357962,0.068597,0,0,0,0
-0.110779,-0.161674,0.844221,-0.373243,-0.320713,-0.640513,-0.363430,0,0,1,0
0.754620,-0.487414,0.478916,0.108455,0.436345,-0.286152,1.050100,0,0,0,0
-0.201048,0.130532,1.260026,1.229518,0.800003,-0.253973,0.216261,1,1,0,0
0.188646,-0.542900,0.373272,-0.186162,0.091561,-0.705157,0.256020,0,0,0,0
-0.208359,0.231984,0.070558,-0.551550,-0.393130,-0.320751,-0.233646,0,0,1,0
0.795298,-0.617943,-0.147683,-0.480023,0.420114,-0.440696,0.187639,0,0,0,0
0.039634,0.669987,0.255425,-0.194057,0.220797,-0.335042,-0.098458,0,0,0,1
0.248111,-0.229709,0.769561,-0.763842,-0.679593,-0.297048,0.308817,0,0,0,0
-0.206194,0.492451,0.327734,-0.178034,-0.605958,-0.284033,-0.149508,1,0,0,0
0.801627,-0.014917,0.644286,0.107546,0.349954,-0.290708,0.547897,0,0,0,0
0.861269,0.527865,1.001861,-0.653021,-0.212383,-0.050044,0.579681,0,1,1,0
-0.705472,0.090677,0.552622,-0.255716,-0.031646,-0.469821,0.258131,0,0,0,0
-0.470573,0.106110,-0.068013,0.420984,-0.210498,-0.655055,-0.120106,0,0,0,1
0.409186,0.137959,0.075920,1.104753,0.257227,-0.319264,0.183890,0,0,0,0
0.014762,0.939751,-1.720947,0.601913,0.379366,-0.460135,0.489771,1,1,0,0
-0.481543,0.156935,-0.263974,0.223231,-0.906080,-0.410634,0.308607,0,0,0,0
-0.286107,0.561108,0.224100,-0.097684,-1.096313,-0.656272,-0.215724,0,1,0,0
0.040421,0.261944,0.568354,-1.057949,-0.573337,-0.653425,0.246598,0,0,0,0
-0.540428,-0.955291,1.712430,-0.640384,0.431498,-0.217942,-0.495406,0,0,1,1
0.194989,-0.360516,0.435966,-0.134667,-0.414652,-0.538769,0.699525,0,0,0,0
-0.059954,-0.011343,-0.376692,0.008371,-0.593651,-0.455497,-0.509220,1,0,0,0
0.679075,0.110462,0.999932,-0.347211,-0.566756,-0.413888,0.381370,0,0,0,0
-0.158359,0.334740,0.655399,1.101775,0.291167,-0.245712,0.382217,0,0,0,1
0.173525,0.326880,1.404279,-0.257166,-0.887619,0.121825,-0.130026,0,0,1,0
-0.197226,0.375138,1.090523,-0.385449,-1.287335,0.196259,-0.150392,0,1,0,0
0.185093,0.332557,1.291641,0.349765,-0.346277,-0.115023,0.195610,1,0,0,0
-0.419010,0.213156,1.041852,0.101946,0.216270,0.805153,0.007063,0,0,1,1
0.054712,-0.548688,-0.127714,0.831261,0.604260,-0.078692,0.666907,0,0,0,0
-0.127299,-0.738285,0.493566,1.234599,0.090534,0.105773,-0.336975,1,0,0,0
0.653247,0.052599,-0.274044,0.218616,0.812674,-0.423927,0.352883,0,0,0,0
0.202339,0.720563,0.371384,0.283231,-0.037011,-0.297827,0.546905,0,0,0,1
0.266102,0.280672,0.667317,-0.362193,-0.624551,0.080213,-0.145102,0,0,1,0
0.316441,0.366041,0.120315,-0.209826,-0.273657,0.154082,0.099841,0,1,0,0
0.118175,-0.059058,1.087982,0.220224,-0.455367,0.283406,0.546061,1,0,0,0
0.326142,0.599895,-0.024755,0.415706,-0.182364,-0.122176,0.061782,0,0,1,1
0.143954,-0.851375,-0.054923,0.685084,0.452207,-0.491895,0.223357,0,0,0,0
0.006744,0.006769,-0.390578,0.956592,-0.703994,-0.388367,-0.262252,1,0,0,0
0.458318,-0.356184,0.314587,0.599108,-0.191436,0.101368,0.072846,0,0,0,0
0.060876,0.467624,1.290744,1.211723,-0.828190,-0.104477,0.125729,0,1,0,0
0.375745,0.325075,0.096970,0.850822,-0.431808,0.223790,0.776539,0,0,0,0
0.044924,0.528612,0.384940,0.069719,-0.430266,0.168145,-0.054697,0,0,0,1
0.490588,-1.134625,-0.251083,-0.515588,-0.328227,-0.444136,0.612219,0,0,0,0
-0.294502,-0.790535,-0.074193,0.386358,-0.892005,-0.542785,-0.493351,1,1,0,0
0.631031,-0.438249,0.335816,0.509133,-1.212170,-0.461331,0.341549,0,0,0,0
0.478890,-0.500716,0.065353,-0.356150,-1.389538,0.160022,-0.053276,0,0,0,1
0.759337,-0.376549,0.988405,0.276198,-0.131714,-0.183510,0.789369,0,0,0,0
0.681393,-0.732686,0.568197,0.252991,0.595934,1.238246,0.191635,0,0,1,0
0.506527,-1.728930,0.105832,0.340135,-0.098055,-0.051099,1.131830,0,0,0,0
0.451407,-1.221091,0.044717,1.628405,0.518612,-0.045429,0.313991,0,1,0,0
0.872946,-0.852066,0.309666,0.670932,0.292724,-0.358292,0.324438,0,0,0,0
0.755777,-1.018490,1.398587,0.342846,-0.974858,0.568107,0.344866,0,0,1,1
0.554935,-1.150696,0.263961,-0.100653,-0.207654,-0.175300,0.318500,0,0,0,0
0.349955,-0.746770,0.490339,0.548176,-0.050863,-0.460412,-0.153328,1,0,0,0
0.997216,-0.628480,0.321000,0.045364,-0.430383,-0.074460,-0.352826,0,0,0,0
0.805418,-0.700838,0.410581,-0.124039,0.199868,-0.269810,-0.381261,0,1,1,0
0.422753,-1.097745,1.113962,-0.527146,-0.775408,-0.059717,0.200048,0,0,0,0
0.510435,-0.535231,0.297782,-0.148895,-1.031221,-0.134791,0.564465,0,0,0,1
0.719424,-0.164340,1.341438,-0.204705,0.366876,-0.557169,0.000898,0,0,0,0
0.738780,-0.256333,0.880948,0.682323,-0.139446,-0.570082,-0.086028,1,1,0,0
0.263238,-1.591433,0.603985,-0.515245,-0.611392,-0.475968,0.216716,0,0,0,0
-0.041890,-0.849458,0.752843,0.029501,0.440808,-0.065518,-0.201199,0,0,1,0
0.882753,-0.764287,1.146910,0.268008,-0.266945,-0.262492,0.371365,0,0,0,0
0.527501,-0.156717,1.389006,0.214852,-0.175760,-0.229085,0.070836,1,0,0,1
0.343304,-1.161086,0.907495,-0.185605,-0.770927,-0.644489,0.472733,0,0,0,0
0.520333,-0.968000,0.620660,0.428809,-0.685415,-0.312999,0.295093,0,1,0,0
0.679219,-0.428703,1.549006,0.312100,0.277689,-0.405320,0.077334,0,0,0,0
0.734210,-0.789063,0.398861,-0.058145,-0.252788,-0.247962,-0.169269,0,0,1,1
0.334897,-1.348422,1.293283,-0.305723,0.040303,-0.445990,0.405988,0,0,0,0
0.023012,-1.106765,1.426044,-0.216460,-0.492134,-0.340100,-0.547002,0,0,1,0
0.922306,-0.534483,0.420186,0.015550,-0.347773,-0.171219,-0.079401,0,0,0,0
0.171581,-0.333263,0.893358,-0.308749,0.401081,-0.523625,-0.669837,0,1,0,0
0.390584,-0.985575,1.562495,-0.455861,-0.331678,-0.237297,0.212065,1,0,0,0
0.505038,-1.311502,0.285556,-0.766512,-0.923305,-0.077430,0.289673,0,0,0,0
0.531644,-0.366745,1.361182,0.346373,0.092483,-0.376735,0.117942,0,0,1,0
0.616764,-0.409721,0.873810,-0.024996,0.167931,-0.033505,-0.255991,0,1,0,0
0.117107,-1.000862,1.180289,-0.074066,-0.413127,-0.468790,0.488383,0,0,0,0
0.033845,-0.836305,1.573305,-0.502173,-0.430055,-0.395623,-0.444084,0,0,1,0
1.100490,-0.264589,0.908428,-0.137211,0.225724,-0.313155,0.572767,0,0,0,0
0.581274,0.347109,-0.133874,-0.314730,-0.718464,-0.060277,-0.203251,1,0,0,1
0.410048,-0.830052,0.990003,-0.630084,-0.177643,-0.141083,0.391966,0,0,0,0
-0.169815,-0.042271,0.816476,-0.219620,-0.010194,-0.293605,0.084039,0,0,0,1
0.234933,-0.783738,1.170391,-0.856686,-0.331997,-0.697991,0.324642,0,0,0,0
0.147900,-0.752189,0.225472,-0.303092,0.770486,-0.286547,0.391049,1,1,0,0
0.517618,-0.666251,0.346355,-1.198404,0.539013,-0.384091,0.546832,0,0,1,0
0.652196,-0.771016,0.823098,-1.292521,0.424582,-0.082016,0.256035,0,0,0,1
1.013131,-0.791534,0.764986,-0.388992,0.705173,-0.331178,0.170401,0,1,0,0
0.826219,-0.428274,1.113205,-0.366731,0.166809,-0.362931,0.171999,1,0,0,0
0.479167,-0.145598,0.609329,-0.900346,0.020396,-0.331010,0.202386,0,0,0,0
-0.002764,0.164980,0.640801,-0.694517,-0.085631,-0.285821,-0.100400,0,0,1,0
0.978486,-0.456437,0.798804,-0.687455,-0.027712,-0.170593,-0.018747,0,1,0,0
0.573684,-0.965037,1.015305,-0.331877,0.447813,-0.308151,-0.369847,1,0,0,0
0.092502,-1.033969,1.476820,0.322202,0.358553,-0.680454,0.593576,0,0,1,0
0.420312,-1.004292,0.615929,-0.700428,-0.005466,-0.207731,-0.198768,0,0,0,1
1.008668,-0.367318,0.833293,-0.236092,-0.040249,0.060646,0.817791,0,0,0,0
0.388747,0.371270,0.523463,-0.494408,0.748275,-0.423290,-0.004219,0,1,0,0
0.441518,-0.800181,0.962434,-0.984863,-1.080941,-0.185715,0.405645,0,0,1,0
0.532475,-1.495299,0.566161,-0.378129,-0.273763,-0.286136,0.312118,0,0,0,1
0.872778,-0.616984,0.817530,-0.220781,0.001258,-0.351506,-0.047210,0,1,0,0
0.773407,-0.602395,0.508517,0.078577,0.151940,-0.101862,0.110812,1,0,0,0
0.281606,-1.292762,0.675799,-0.180114,0.124176,-0.694444,0.502559,0,0,0,0
0.212891,-0.861441,0.539498,-0.620633,0.405200,-0.233415,0.042169,0,0,1,0
0.906844,-0.302300,1.005378,0.895327,-0.537136,-0.285477,0.588997,0,0,0,0
0.724060,-1.137188,0.873839,0.329996,-0.251907,-0.073333,0.111542,0,0,0,1
0.446821,-0.733528,0.749886,-0.571518,-0.816829,-0.219632,0.259190,0,0,0,0
0.135098,-0.118730,0.974948,-0.549614,-0.123765,0.202993,-0.101969,0,1,0,0
0.852515,-0.276329,0.853266,0.316450,-0.569867,-0.306995,0.384354,0,0,0,0
0.809661,-0.707878,1.861153,0.232819,-0.728329,-0.351522,-0.231430,0,0,0,1
0.285677,-1.258987,0.755802,-0.610287,-0.065740,-0.580782,0.224255,0,0,1,0
0.481934,-0.528455,1.325815,-0.482830,-0.348382,-0.602180,0.590210,0,1,0,0
0.507134,-0.965941,1.297007,-1.190879,-0.573061,-0.368937,0.591250,1,0,0,0
0.213546,-0.932714,1.096799,-1.251462,0.775996,-0.634356,0.548215,0,0,1,1
0.490936,-1.224462,1.259329,-1.275719,-0.338498,-0.429689,0.362060,0,0,0,0
0.610815,-0.882753,0.855759,-0.950014,-0.749842,0.298836,0.406061,0,0,0,1
0.605449,-1.333883,0.913198,-0.845576,-0.305908,-0.637635,0.454730,0,0,0,0
0.357570,-1.317808,0.782838,-0.524729,-0.804533,-0.223029,-0.028151,1,1,0,0
0.668181,-1.250112,0.600151,-0.116422,-0.499976,-0.623160,0.096260,0,0,0,0
0.410252,-0.886247,0.567110,-0.133724,0.220411,-0.328933,0.013155,0,0,0,1
0.984762,-0.582313,0.754290,-0.031366,-0.136367,-0.286356,0.671649,0,0,0,0
0.686229,-0.645638,1.107806,-0.534004,0.004864,-0.397640,0.692459,0,1,1,0
0.263009,-1.201045,1.655743,-0.269915,-0.535802,-0.287409,0.053016,0,0,0,0
0.629022,-0.564538,0.420933,0.287867,-0.816432,0.138062,0.300431,1,0,0,0
0.646508,-0.088935,1.182198,0.091310,0.070086,-0.302455,1.037604,0,0,0,0
0.612612,-0.502645,0.682683,0.213095,-0.380534,-0.652198,0.661978,0,0,1,1
0.278605,-1.102171,0.769647,-0.358362,-0.547274,-0.330278,0.269198,0,0,0,0
-0.091995,0.078448,1.194000,-1.129656,-0.569248,-0.140405,0.194015,0,1,0,0
0.916011,-0.614732,0.983235,0.506416,-0.103619,-0.427218,0.611572,0,0,0,0
0.257300,0.121836,0.171375,0.691275,0.461216,-0.542147,-0.102769,1,0,0,1
0.396193,-0.785441,0.982643,0.039154,-0.684029,-0.461370,0.200071,0,0,0,0
0.239057,-0.588305,0.557274,-0.042013,-0.781594,-0.294616,0.370818,0,0,1,0
0.518867,0.206166,1.257376,0.012280,-0.325685,-0.579737,1.291904,0,0,0,0
0.519466,-0.119502,0.851459,1.006606,1.181990,-0.258510,1.105028,1,1,0,0
0.242982,-1.505075,0.489097,-0.029286,0.008885,-0.583923,0.179385,0,0,0,0
0.134757,-1.043370,0.984646,0.031049,0.084943,-0.289384,0.099812,0,1,0,0
0.810909,-0.484759,1.166041,0.621994,0.149081,-0.187723,0.639685,0,0,0,0
0.336054,-0.492619,1.111613,0.538368,-0.222759,-0.058817,-0.106503,0,0,1,0
0.343258,-1.162579,0.994461,-0.001183,-0.574409,-0.325189,0.527921,0,0,0,1
0.461800,-0.943684,0.063895,-0.178074,-0.231810,-0.346641,0.233504,0,0,0,0
0.714687,-0.040320,0.897889,-0.013298,-0.255795,-0.378143,0.320772,0,1,0,0
0.534792,-0.118137,0.613627,0.508250,0.412992,-0.322762,0.392349,0,0,1,0
0.385910,-1.296426,1.172171,-0.546673,-0.196227,-0.025676,0.378004,0,0,0,0
0.012680,-1.058784,1.344688,-0.159354,0.670026,-0.298645,-0.162315,0,1,0,0
1.028952,-0.254528,0.330994,-0.238978,0.199244,-0.283682,0.256766,0,0,0,0
0.448517,0.516471,-0.603545,-0.274809,0.511210,-0.119411,0.178959,1,0,0,1
0.440121,-0.459194,0.720275,-0.402107,-0.271365,-0.254890,0.397362,0,0,0,0
0.545887,-0.500906,-0.472045,-0.625506,-0.507584,-0.047098,-0.001664,1,0,0,0
0.282163,-1.119779,1.556787,-0.218989,-0.483611,-0.369146,0.263749,0,0,0,0
0.182406,-1.329782,0.208599,-0.323382,0.600377,-0.283047,-0.084061,0,0,1,1
0.728749,-1.225690,0.889449,-0.434334,-0.011287,-0.417769,0.424431,0,1,0,0
0.911267,-1.211852,0.220688,-0.430805,-0.078349,-0.221357,0.027577,1,0,0,0
1.032902,-0.733840,0.535254,0.581439,0.188659,-0.412968,0.047039,0,0,1,0
0.767368,-0.420144,0.214810,0.359313,0.634978,-0.420612,0.120290,0,0,0,1
0.533120,-0.809262,0.664621,-0.480782,0.064220,-0.356123,0.451814,0,0,0,0
0.375763,-1.295819,0.657274,-0.577664,-0.234068,-0.299438,-0.347893,0,1,0,0
0.803854,-0.588932,0.763761,0.062781,0.957921,-0.430050,0.350307,0,0,1,0
0.593841,-0.577929,1.226795,0.991132,1.474493,0.022422,0.034182,0,0,0,1
0.322507,-1.277848,1.006344,-0.434537,-0.188594,-0.417231,0.209603,0,1,0,0
0.589243,-0.999196,0.464640,-0.659626,0.368385,-0.469685,-0.218821,1,0,0,0
0.895455,-0.498601,0.721040,0.938913,-0.465452,-0.124326,0.331108,0,0,0,0
0.516653,-0.555392,0.585547,0.719724,0.226413,0.160749,-0.108212,0,0,1,0
0.413664,-0.836342,1.119619,-0.297400,-0.864799,-0.199889,0.695754,0,1,0,0
0.466128,-0.755271,1.320113,0.081725,-0.547102,-0.276452,0.272141,0,0,0,1
0.336977,-1.711719,0.762780,-0.045931,-0.080353,-0.427239,0.094960,0,0,0,0
0.326530,-1.082830,0.974254,-0.310515,0.104824,-0.352379,0.094882,0,0,0,1
1.035025,-0.725297,0.991599,0.096582,-0.272406,0.319516,0.781826,0,0,1,0
0.731954,0.093555,1.141535,0.243222,-0.132034,-0.201180,0.602841,0,1,0,0
1.077202,-0.592384,1.024378,-0.232388,-0.430087,-0.592356,0.343048,0,0,0,0
0.933142,-0.650066,1.040285,0.642023,0.491779,-0.202341,0.105823,0,0,1,0
0.982769,-0.152245,0.970233,-0.080703,-0.851022,-0.167876,0.149064,0,1,0,0
0.653605,-0.129107,0.921057,-0.006795,-0.288043,-0.022091,0.713548,1,0,0,0
0.907055,-0.012439,1.093740,-0.130951,-0.729977,-0.362722,0.641761,0,0,0,0
0.665361,-1.025372,0.683838,-0.984692,-0.296887,-0.028561,-0.489356,0,0,0,1
0.879621,-0.170791,1.040150,-0.654905,-0.879991,-0.445653,0.273593,0,0,1,0
0.827056,-0.128886,0.754620,-0.921274,0.081086,0.147303,0.805377,0,1,0,0
0.832860,-0.453659,1.885950,-0.742641,-0.363359,-0.674623,0.433721,0,0,0,0
0.529075,-0.682422,0.963286,-0.541687,0.179815,0.689503,0.123487,0,0,0,1
0.846017,-0.395769,1.328614,-0.946903,-0.730451,-0.162781,0.186367,1,0,0,0
0.687028,-0.529561,0.734258,-0.495061,-0.401455,0.669112,0.611069,0,1,0,0
0.833025,-0.230687,0.851816,-0.673086,-0.587791,-0.225454,0.450993,0,0,1,0
0.687277,0.222397,1.087694,0.090846,-0.626891,-0.565487,0.234152,1,0,0,1
0.502671,-1.129361,0.627781,0.120039,-0.319891,-0.332357,0.576153,0,0,0,0
0.432557,-1.315800,0.059496,-0.073292,0.008450,-0.166453,-0.079806,0,0,0,0
0.369467,0.404043,-0.114121,0.062091,0.039837,-0.210995,0.186247,0,0,0,0
0.310603,-0.118796,-0.729442,-0.361335,-0.268394,-0.186154,-0.387952,0,0,0,0
-0.072030,-0.147060,-0.781680,-0.842603,0.045805,0.056849,-1.573852,0,0,0,0
-0.020875,-0.203023,-0.364906,-1.162082,0.249520,0.266735,-1.449069,0,0,0,1
0.487681,-1.254007,0.583764,0.600626,-0.607921,-0.607524,0.548570,0,0,1,0
0.612253,-1.493238,0.791338,0.154999,0.105948,-0.462767,0.562514,1,1,0,0
0.261826,-1.909281,0.617220,0.366067,-0.167173,-0.325721,0.400805,0,0,0,0
0.257820,-1.532497,0.012361,0.428341,0.676041,-0.034513,0.254010,0,0,0,0
0.293412,-2.308768,-0.188529,-0.576322,-0.685125,-0.085872,-0.582291,0,1,1,0
0.549357,-1.910829,0.878645,0.072948,-0.391501,0.003672,0.620953,0,0,0,0
-0.265335,-2.060933,0.468031,0.912927,1.115064,-0.395621,-0.144142,0,0,0,0
-0.383796,-2.220250,0.245030,-1.394982,-0.437983,-0.092663,-0.833777,0,0,1,1
0.322594,-1.472527,0.022392,0.592258,0.413485,-0.370960,0.672624,0,0,0,0
0.368218,-2.201111,0.028958,0.596785,0.550265,0.016804,-0.124229,1,0,0,1
-1.747470,1.820429,-1.247918,0.139747,1.797612,-0.851916,0.358166,0,0,0,0
-1.620940,1.850150,-1.572611,0.031455,1.786701,-0.148424,-0.805207,0,0,0,0
-0.981283,2.417462,-1.651354,-0.535054,1.225719,0.051272,-0.236140,0,0,0,0
-0.396596,1.567500,-0.188970,-1.231470,-0.653564,-0.126861,-1.219195,0,1,1,0
-0.157387,-0.880531,0.857707,0.496033,0.404666,-0.339781,0.474091,0,0,0,0
-0.517871,-1.635397,0.812644,1.012424,0.646556,-0.124840,0.047849,0,0,0,0
0.053251,-1.030742,0.895687,0.872069,0.854717,0.070870,-0.182615,0,0,0,0
0.054828,-0.258352,1.345432,1.157579,0.481271,-0.100139,-0.126538,0,0,0,0
0.178705,-0.062058,1.226702,0.904978,0.282823,0.023434,-0.168978,0,0,0,0
