mfcc0,mfcc1,mfcc2,mfcc3,mfcc4,onset,rms,lane0,lane1,lane2,lane3
-1.536070,1.287033,-4.256311,-0.191215,-0.197755,-0.522388,-2.045404,0,0,1,1
0.460672,0.283379,-0.388667,0.603533,-0.041363,-0.616831,-0.218793,0,0,0,0
0.161541,-0.445985,0.205444,1.158941,0.328020,0.130761,-0.794486,0,0,0,0
-0.018826,-0.470871,1.271310,1.099988,-0.185844,-0.200393,-1.169150,0,0,0,0
0.179827,-0.924763,0.958704,1.372574,0.006224,-0.219939,-1.308808,0,0,1,0
0.409726,0.126762,0.290545,0.737129,-0.620868,0.441139,0.944567,0,0,0,0
0.033135,0.095062,-0.494528,1.318244,-0.715611,-0.066488,0.430556,0,0,0,0
-0.063536,-0.032882,-0.853810,0.523773,-0.996484,-0.243084,0.739797,0,0,0,0
-0.365898,0.052320,-0.747157,1.169286,-0.522486,-0.622992,-1.446504,0,1,0,0
-0.145268,0.095643,-1.177208,1.887054,0.739354,0.954506,0.019575,0,0,0,0
-0.129584,0.069481,-0.462399,0.664656,0.737630,-0.430118,-0.971508,0,0,0,0
-0.125732,0.453390,-0.610388,0.739661,0.048816,-0.307866,-0.750528,0,0,0,0
-0.222367,-0.035730,-0.317874,1.273263,1.092641,0.217805,-1.064351,1,0,0,0
-0.015234,0.655279,-1.115916,0.461293,0.549665,0.865661,1.298455,0,0,0,0
-0.203653,0.472721,-1.050720,-0.181464,0.361993,0.024593,0.947193,0,0,0,0
-0.145736,0.752855,-0.853505,0.061534,-0.020956,0.675144,0.691892,0,0,0,0
-0.069970,0.702154,-0.482238,-0.113014,0.620770,0.128435,-0.132630,0,1,0,0
-0.204122,0.443479,-1.160083,-0.477125,0.903705,-0.567566,0.337063,0,0,0,0
-0.116403,0.447922,-0.631894,-0.424488,0.546538,-0.007609,-0.142333,0,0,0,0
0.796586,-1.992005,1.109416,1.594716,-1.541363,2.696317,-0.696418,0,0,0,0
0.621231,-1.320462,0.668341,2.016410,-1.838234,-0.033106,-0.275964,0,0,1,0
-0.080786,0.640286,0.092569,-0.270700,1.491353,-0.012199,1.098974,0,0,0,0
-0.139939,0.334546,-0.115174,-0.667139,1.064560,-0.237782,-0.008646,0,0,0,0
-0.257274,0.344719,-0.254307,-0.001189,0.561865,-0.529589,-0.092817,0,0,0,0
0.011684,0.097471,0.135631,-0.372846,1.220765,0.231193,-0.486741,1,0,0,1
0.150382,0.018661,-0.528854,-1.083155,0.622253,-0.441194,0.420437,0,0,0,0
0.087136,-0.045044,-0.291052,-1.100260,-0.230472,-0.312717,-0.735707,0,0,0,0
-0.089884,0.387391,-0.235784,-0.377615,-0.476653,0.249169,0.761447,0,0,0,0
-0.278453,0.717177,0.809176,0.321709,0.710611,-0.287578,-1.176640,1,0,0,0
-0.029365,0.599889,-0.000687,-0.652747,-0.157423,-0.078750,0.537437,0,0,0,0
-0.170188,0.397231,-0.007519,0.231898,0.185491,0.673249,-0.874383,0,0,0,0
-0.244008,0.446498,-0.662227,-0.719143,0.122160,0.466207,-0.737743,0,0,0,0
-0.617455,0.300498,0.499876,0.034896,0.614057,-0.528236,-1.841399,0,0,1,1
-0.156240,0.835873,-0.752916,0.688052,1.068746,-0.185394,-0.593993,0,0,0,0
0.077458,0.352017,-0.092773,1.124934,0.567161,0.066829,-0.810159,0,0,0,0
-0.472720,0.987738,0.265859,0.175388,0.643693,-0.831064,-0.994037,0,0,0,0
0.481365,-1.083588,1.372688,1.162118,-1.490126,1.032848,-1.218001,0,0,1,0
-0.201877,0.173938,-0.877486,1.720810,-0.450948,-0.220945,-0.029206,0,0,0,0
-0.142047,1.076117,-0.803026,0.050257,0.073714,-0.227305,0.504678,0,0,0,0
-0.535788,0.988116,-0.853789,0.881756,0.416296,-0.502844,0.109564,0,0,0,0
-0.929175,0.590443,0.692389,-0.268938,0.261872,0.034785,-2.250588,0,1,0,0
-0.147259,0.759406,-0.301868,0.507687,-0.218469,-0.145092,0.310947,0,0,0,0
-0.431824,0.664052,0.240402,0.485095,0.150792,1.041034,-0.496792,0,0,0,0
-0.542255,0.849960,0.199039,-0.463195,-0.230202,-0.204731,-0.186476,0,0,0,0
-0.482206,0.757898,-0.007902,0.459904,0.178764,0.162072,-0.776469,1,0,0,0
0.032136,0.176975,-1.470216,1.260587,0.716888,0.616753,-0.479745,0,0,0,0
-0.496296,0.380624,0.229103,0.856991,0.272791,-0.286702,-0.265079,0,0,0,0
-0.320221,0.551815,-0.200014,0.843984,-0.335558,-0.373754,0.110865,0,0,0,0
-0.822461,0.792006,0.664296,0.631152,0.654313,-0.461472,-0.718307,0,1,0,0
-0.413333,0.256866,-0.852999,1.580036,1.681170,0.126605,0.282992,0,0,0,0
-0.450244,0.302104,-0.900593,1.816690,2.345398,-0.008902,-0.071598,0,0,0,0
-0.396004,0.606299,-0.375455,1.723178,1.380147,0.311971,0.156912,0,0,0,0
-0.957285,0.441357,0.689212,0.954217,1.302575,-0.422186,-1.495484,0,0,1,0
0.205058,-0.060128,-0.405073,0.604555,0.680586,-0.237231,0.839753,0,0,0,0
-0.312607,0.273020,-0.774688,0.923704,0.457999,0.458309,0.098448,0,0,0,0
-0.369752,0.119130,-0.938989,0.700882,0.582456,-0.398002,-0.350002,0,0,0,0
-0.863695,0.093086,0.494670,1.204118,1.095926,-0.164085,-1.449839,0,0,0,1
-0.379718,-0.248210,-0.508295,0.603210,-0.132646,-0.177405,-0.513951,0,0,0,0
-0.408195,-0.150502,-0.419261,0.557723,0.326262,-0.144138,-0.577427,0,0,0,0
-0.387120,0.406776,-0.100047,0.454639,0.222682,-0.138435,-0.669479,0,0,0,0
-0.010186,0.400974,-0.637898,0.100988,0.672468,0.180675,-1.195764,1,0,0,0
-0.437865,0.665978,-0.695440,0.742208,1.139107,-0.252043,0.526173,0,0,0,0
-0.468863,0.546323,-1.023219,0.470184,0.657639,0.053805,-0.525268,0,0,0,0
-0.380406,0.739585,-0.612604,-0.157717,0.822146,0.452325,0.350865,0,0,0,0
-0.279274,0.701907,-0.169740,-0.357920,0.340832,0.944137,0.469003,0,0,1,1
-0.045832,1.611377,-0.821929,-0.285210,0.253331,-0.018356,0.651179,0,0,0,0
-0.514063,1.239720,-0.715416,-0.050892,0.394515,-0.656882,-0.820996,0,0,0,0
-0.973624,1.287431,-0.621695,1.316421,0.747356,-0.297318,-0.609082,0,0,0,0
-0.913762,1.573698,-0.335776,0.995429,-0.139141,0.184980,0.080977,0,0,0,0
-0.687725,1.645372,-0.655409,0.403493,0.015757,0.019379,-0.244310,0,0,0,0
-0.697074,1.557385,-0.903432,0.634505,0.260262,0.730156,-0.759374,0,0,0,0
-1.128494,1.948658,0.319408,1.415336,1.092191,-0.255553,0.263104,0,0,0,0
-0.666086,1.375987,0.688505,1.113423,-0.062533,-0.105808,0.284662,1,0,0,0
-0.253525,2.024452,-1.423909,-0.968716,0.475184,-0.204136,0.512616,0,0,0,0
-0.607176,1.959139,-0.410216,-0.365903,-0.777889,0.454086,0.979872,0,0,0,0
-0.697884,1.503936,-0.696051,0.339341,-0.107364,-0.624541,0.030573,0,0,0,0
-0.624072,1.371706,-0.890452,-0.442919,-0.246293,-0.018960,0.505943,0,1,0,0
-0.642212,1.191998,-1.051462,0.259664,1.293520,-0.140359,-0.012057,0,0,0,0
-0.123704,1.819886,-1.208011,-0.778318,0.029541,1.575834,1.406477,0,0,0,0
-0.452688,1.260282,-1.017281,0.807829,0.109733,-0.308064,1.237813,0,0,0,0
-0.276216,1.286886,-1.315600,-0.310154,0.780152,0.156078,1.129990,0,0,1,0
-0.528521,1.166607,-0.783731,0.144971,0.288395,0.172959,1.017149,0,0,0,0
-0.218922,1.145901,-0.831100,0.273358,0.088111,0.471263,1.650933,0,0,0,0
-0.486650,1.422340,-0.154075,-0.248772,-0.260562,-0.295907,0.946150,0,0,0,0
-0.322020,0.972229,-0.464341,-0.711360,-0.224786,0.209355,0.466618,0,0,0,1
-0.177667,1.109957,-0.747220,-0.180137,-0.459127,-0.151232,-0.397044,0,0,0,0
0.163850,0.908795,-0.684585,-0.475318,0.227199,0.855378,1.135114,0,0,0,0
-0.126421,0.656341,-0.814322,-0.806652,-0.327154,0.646961,0.705785,0,0,0,0
0.275410,0.754298,-0.648831,-0.904126,-0.145509,1.088273,0.998273,1,0,0,0
0.473407,0.704795,-1.047447,-0.748925,0.646695,0.208465,1.006685,0,0,0,0
0.632291,0.356491,-1.064963,-0.651689,0.058056,-0.222474,0.771620,0,1,0,0
0.776494,0.829598,-1.585310,-0.856254,-0.423835,0.499875,0.973322,0,0,0,0
0.896675,0.712209,-2.117758,-1.036987,-0.469281,0.207081,1.132639,0,0,1,0
0.832276,0.778633,-1.775935,-0.203883,-0.971356,0.125503,0.954990,0,0,0,0
0.972815,0.738190,-1.564293,-0.336141,-0.334165,0.095786,1.391430,0,0,0,1
1.255527,1.091826,-1.714112,0.053340,-1.013320,0.658587,1.337432,0,0,0,0
1.101492,0.519763,-1.524321,-0.037889,-0.331034,-0.054669,1.651866,1,1,0,0
1.347759,-0.151446,0.078114,-0.662400,-0.453893,-0.415157,1.378497,0,0,0,0
1.249987,0.505098,-0.756237,-0.482884,-1.090154,-0.267975,1.097369,0,0,0,0
0.908349,0.860257,-0.472996,-1.305580,-1.221176,0.064232,0.306954,0,0,0,0
0.597332,1.219134,-0.480315,-1.244188,-1.130900,0.043461,0.190118,0,0,1,1
0.962616,1.184184,-0.334329,-0.763977,-0.500995,-0.359513,1.258959,0,0,0,0
0.885918,0.566548,-1.252048,-0.277624,-0.887210,0.107684,-0.161702,0,0,0,0
0.455673,1.061847,-1.421689,-0.301690,-1.139360,-0.279263,-0.046228,0,0,0,0
0.340199,1.456550,-1.152630,0.365237,-0.943301,0.187639,-0.529045,0,1,0,1
0.365025,1.155283,-0.588544,-0.684188,-1.441424,-0.407397,0.196965,0,0,0,0
0.453596,0.790617,-1.467196,-0.585997,-0.892869,-0.321338,-0.171155,0,0,0,0
0.118129,0.987882,-1.243563,-1.131401,-1.740655,-0.114477,-0.644025,0,0,0,0
0.215845,1.462203,-0.871285,-0.565288,-1.105471,0.164395,0.121829,1,0,1,0
0.300602,0.826575,-0.641018,-0.471125,-1.283017,0.084055,0.418052,0,0,0,0
0.765095,0.967260,-1.086764,-0.078482,-0.662679,-0.365527,2.008604,0,0,0,0
0.075905,0.905327,-0.823254,-0.132830,-0.849522,0.373048,-0.226478,0,0,0,0
1.326032,-0.947113,0.552787,0.995535,-2.588399,1.535403,0.056483,0,0,1,1
1.415147,-0.743288,-0.890770,1.888486,-2.531154,0.676328,0.312290,0,0,0,0
1.226452,-0.917308,-1.827730,2.333301,-1.287032,-0.177476,0.111848,0,0,0,0
0.958941,-0.134299,-2.239121,2.190430,-0.403334,-0.072275,0.408112,0,0,0,0
0.754196,0.700534,-1.143295,1.555194,-1.016025,-0.106676,1.053936,1,1,0,0
0.827248,0.019697,-1.289700,1.344685,-0.535553,0.101924,1.101120,0,0,0,0
0.554752,0.668811,-1.289074,0.876015,0.312109,-0.063055,1.027896,0,0,0,0
0.763282,0.294143,-1.455314,1.619067,-0.865330,0.499100,0.723726,0,0,0,0
0.336261,0.697600,-1.362045,1.318323,-0.091881,-0.097169,1.958407,0,1,0,1
1.295016,0.356674,-1.021338,1.182839,-0.050815,-0.359737,1.800016,0,0,0,0
0.858138,0.950447,-1.435065,0.005220,0.443002,-0.568219,0.977533,0,0,0,0
1.385476,-0.517518,-0.068800,0.187919,-0.504618,1.284222,1.076458,0,0,0,0
1.029226,0.106566,-0.707674,-0.129542,-0.838904,2.882811,1.269126,0,1,0,0
1.009832,-0.091511,-0.098416,0.812833,-0.283862,0.033532,0.519528,0,0,0,0
0.883091,0.016716,-1.100140,0.508498,-1.038519,0.718895,-0.055614,0,0,0,0
1.679250,-1.540500,0.049260,0.961166,-1.438600,0.818543,0.622248,0,0,0,0
1.408727,-0.483665,-0.596217,0.739163,-1.815251,0.879061,0.315159,1,1,0,0
1.153587,0.284036,-0.314305,0.512512,-1.186418,0.481162,1.494244,0,0,0,0
0.629075,0.389688,-1.580184,-0.180576,-1.321530,-0.456062,0.066008,0,0,0,0
0.260233,1.220644,-1.553017,0.975121,-1.134668,-0.352525,0.224773,0,0,0,0
0.053789,1.315172,-0.880592,1.673482,-0.864264,0.855944,-0.350118,0,0,1,1
0.746644,0.554659,-0.737713,1.305043,-1.700999,-0.518387,0.843107,0,0,0,0
0.794864,1.225768,-0.718812,0.612734,-0.455505,0.574859,2.339511,0,0,0,0
0.201347,0.909190,-1.326665,0.199107,-0.874162,-0.425805,0.077767,0,0,0,0
0.959677,-0.118133,-0.549621,1.542318,-2.329655,1.098588,0.761171,1,0,0,1
0.934789,-0.701641,0.081036,1.657604,-3.077144,0.460449,0.111744,0,0,0,0
0.920849,-0.595924,-1.390961,2.383327,-2.363013,0.132717,0.344037,0,0,0,0
0.669111,0.452447,-1.427604,1.703122,-1.421393,-0.131757,1.059077,0,0,0,0
0.961982,0.549006,-0.455136,0.311934,-1.731181,-0.267069,1.349079,1,0,1,0
0.874475,-0.192412,0.068792,1.753923,-0.982385,-0.148358,1.091766,0,0,0,0
0.787888,-0.457811,-1.093091,2.024390,-0.128823,0.256634,0.462305,0,0,0,0
0.346893,-0.620924,-0.912678,2.385280,-0.211953,-0.248046,-0.630198,0,0,0,0
0.377552,0.578260,-0.592586,0.717628,-1.180730,0.659972,-0.059706,0,0,1,1
0.574775,1.294010,-0.534708,0.771547,-0.724959,-0.905593,1.434681,0,0,0,0
1.341662,-1.269748,-0.538708,1.546664,-2.697637,0.633313,0.181925,0,0,0,0
0.761113,-0.735373,-1.380618,2.673769,-1.483847,-0.099284,-0.264585,0,0,0,0
0.435248,0.874035,-0.738268,1.805245,-0.804796,0.795738,1.289206,1,1,0,0
0.206243,0.916688,-1.136018,0.907797,-0.692058,-0.735452,1.285517,0,0,0,0
0.502864,0.591300,-1.497061,1.731673,-0.124932,-0.780581,0.362464,0,0,0,0
0.834105,-0.935971,0.060933,0.929599,-0.851821,0.676922,0.096506,0,0,0,0
0.772433,-0.572861,0.169414,1.572104,-1.389538,2.416764,-0.557861,0,0,1,0
1.086400,-0.177372,-1.205244,-0.003775,-1.208360,-0.218176,1.355913,0,0,0,0
1.124255,0.572136,-0.214572,0.981357,-0.404010,1.192280,0.807174,0,0,0,0
1.209110,-0.389240,-0.344513,-0.567823,-1.083602,-0.746093,0.583725,0,0,0,0
1.076355,0.767617,-0.904481,-0.381543,-1.499990,0.095879,0.165365,0,0,1,0
0.278811,0.592556,0.290194,0.379448,-0.488705,-0.347717,0.083100,0,0,0,0
0.557131,0.463640,-0.299019,0.011915,-0.205800,1.875458,-0.106455,0,0,0,0
0.958876,-0.447407,0.141385,-0.527545,-0.356358,-0.542082,0.070995,0,0,0,0
0.740839,-0.267063,-0.443496,0.096153,-1.555000,0.521662,-0.600339,1,0,1,0
0.687716,0.271062,-0.736736,0.474429,-1.193284,-0.627346,1.042462,0,0,0,0
0.628099,0.292252,0.138602,0.763630,0.123935,0.492638,0.003058,0,0,0,0
0.462760,0.292025,-1.048914,-0.050108,-0.725915,0.072746,0.292399,0,0,0,0
0.337522,0.933704,-0.765377,-0.067686,-0.557645,0.418043,0.250928,0,1,0,1
0.556901,1.412509,-1.716167,-0.081785,-0.041567,0.776241,1.899391,0,0,0,0
0.466683,0.898890,-0.899569,-0.009419,-0.429842,0.693420,-0.347005,0,0,0,0
0.768474,1.190642,-0.109636,-0.586049,-0.341997,1.272554,1.051711,0,0,0,0
0.262119,0.862943,-1.326143,-0.608504,-0.998319,-0.559647,-0.311565,0,0,1,1
1.149438,-0.912485,-1.962922,1.512473,-0.676589,0.232433,0.677257,0,0,0,0
0.095224,0.442763,-1.129476,-0.384562,0.264171,0.279610,-0.034414,0,0,0,0
0.572039,0.363870,0.769679,-0.705329,0.466445,3.091857,0.523992,0,0,0,0
0.469232,1.127794,-0.642342,0.161039,-0.492743,1.733001,0.449695,0,1,1,0
0.457325,0.172183,-0.233758,1.221438,0.792912,-0.433735,1.520915,0,0,0,0
0.339934,0.813088,-0.357319,0.996054,0.819031,0.464152,0.925101,0,0,0,0
0.770506,0.284386,-0.040323,0.006297,0.687508,0.521347,0.891288,0,0,0,0
0.313756,0.950608,0.241156,1.074337,-0.046642,-0.321080,1.074782,0,1,0,1
0.963398,0.991333,-0.771871,-1.261760,0.073854,-0.414921,1.111497,0,0,0,0
0.678350,0.798908,-0.713882,-0.345104,0.603197,0.586399,0.682432,0,0,0,0
0.813238,0.396246,-0.012510,-0.436381,0.571173,-0.096862,0.214973,0,0,0,0
0.585346,0.307512,-1.053709,-0.196493,-0.437416,0.175426,-0.086479,1,0,1,0
0.468396,0.482931,-1.138746,0.053481,0.034807,-0.127415,0.476818,0,0,0,0
0.692578,0.517240,-1.124616,0.160608,-0.172970,0.861859,0.033276,0,0,0,0
1.580036,-1.287765,-1.410425,1.133393,-0.713678,1.056920,0.296198,0,0,0,0
0.898486,0.939543,-0.682999,-0.920184,-0.413326,0.666527,1.061707,1,0,0,1
0.613241,1.250868,-0.140238,-0.235783,0.197943,-0.040342,1.726227,0,0,0,0
0.224022,1.022014,-0.241637,0.387026,-0.234518,-0.132126,1.068407,0,0,0,0
0.819243,0.056055,0.024301,-1.148812,-0.320753,0.497795,0.297230,0,0,0,0
1.141161,-0.468306,-0.996831,-0.012297,-0.823229,1.204879,-0.393398,0,0,1,1
0.671371,-0.597471,-0.097869,-0.037217,-1.242706,-0.443784,0.076539,0,0,0,0
1.070486,0.006461,-0.777169,0.148776,0.211566,1.160901,0.432507,0,0,0,0
1.506030,-1.652317,-0.164407,1.839398,-0.478698,0.279251,0.109113,0,0,0,0
1.090710,-1.536334,-0.363185,2.140008,-1.397319,0.116672,-0.470222,1,0,1,0
1.021472,0.319635,-1.101672,-0.097556,-1.123152,-0.024956,0.883998,0,0,0,0
0.771463,0.229618,-0.277682,0.877914,-0.609524,0.590983,0.359686,0,0,0,0
1.703755,-0.710541,-0.241972,0.369242,0.160846,-0.481577,0.361597,0,0,0,0
0.896905,0.221043,-0.136573,0.990575,-0.319660,0.017817,0.909494,0,0,1,1
0.911595,0.106555,-0.728067,1.413960,-0.850482,0.009855,0.581740,0,0,0,0
1.115584,-0.127164,-0.372811,0.084965,-0.875239,1.412497,0.407851,0,0,0,0
1.840814,-0.811284,-0.057925,0.095916,0.302396,0.184978,0.729890,0,0,0,0
0.869012,-0.558742,-0.453640,-0.413781,-0.153340,1.742801,-0.085214,1,1,0,0
0.805898,-0.797687,-0.868035,0.599505,-1.157596,0.493263,0.388613,0,0,0,0
0.615872,0.565338,0.587494,0.284298,-0.619599,0.285353,0.013934,0,0,0,0
1.814265,-0.925126,-0.114544,-0.236884,-0.603409,0.116673,0.199576,0,0,0,0
0.463716,-0.973649,0.034283,1.242097,-1.332496,0.514786,-0.496146,0,0,1,1
1.533970,-2.012498,1.148616,-0.236563,-1.352610,0.654605,1.152856,0,0,0,0
1.163424,0.096651,0.415872,0.963224,-0.709225,1.421817,1.466414,0,0,0,0
1.042991,-0.490538,-0.018601,0.029145,-0.171564,-0.383100,1.655334,0,0,0,0
0.997678,-1.008995,-0.589126,1.782790,0.623466,-0.117464,1.063236,1,1,0,0
0.672109,-0.543867,-0.467253,-0.536387,-0.076559,-1.080280,-0.065479,0,0,0,0
1.130074,-0.376555,0.322721,-0.152963,-0.657994,1.145472,1.296246,0,0,1,0
1.120213,-0.667348,1.178034,1.874119,0.416551,-0.164868,0.848977,0,0,0,0
0.843469,-0.129267,0.954532,0.409374,1.466864,0.448807,1.914742,1,0,0,0
0.902299,-0.858671,0.007661,-0.204490,0.701441,-0.565104,0.669992,0,0,0,0
0.995921,-0.111383,0.302399,0.352444,1.089544,1.777858,0.920231,0,1,0,0
1.126326,-0.837928,0.528111,-0.342246,0.121372,0.010377,-0.175316,0,0,0,0
1.494821,-1.758883,1.179909,0.897441,-1.074630,1.474277,0.392187,0,0,1,0
1.388132,-1.142528,0.056031,0.079636,-0.439182,-0.772547,1.106101,0,0,0,0
0.820340,-0.482666,0.537938,0.428012,0.262825,2.595470,2.094894,0,0,0,1
0.996075,-1.455626,1.083190,0.123222,0.346602,-0.503230,0.998102,0,0,0,0
0.809442,-0.661025,0.720529,0.894267,-0.210003,2.280589,0.737037,1,0,0,0
1.542985,-1.113429,0.292838,-0.161900,0.267557,-0.273275,0.764012,0,1,0,0
1.025961,-0.218679,0.381156,-0.275467,0.211041,3.868455,1.562331,0,0,1,0
1.710091,-0.853963,0.518039,-0.370951,-0.172398,-0.780905,0.960492,0,0,0,1
1.056893,0.062892,0.652873,-0.711433,-0.157113,2.566416,0.803349,1,1,0,0
0.446554,-0.189639,1.898236,-1.721291,0.938729,-0.808649,0.462526,0,0,0,0
-0.256084,0.712161,-0.699250,0.740257,-0.973073,-0.178428,-0.353506,0,0,0,0
0.553616,-1.439941,-0.242335,1.904130,-3.675257,2.968082,-0.797734,0,0,0,0
0.385648,-1.965001,-1.104412,2.244260,-4.520652,-0.409179,-1.176239,0,0,0,0
0.230813,-1.429517,-0.619355,0.327326,-0.967497,0.311892,-1.900456,0,0,0,0
-0.293151,-1.628207,0.319314,-0.628160,-0.767803,0.634765,-2.400979,0,0,0,0
-0.668707,-1.319497,-0.619433,0.588625,-1.286036,-0.252631,-2.676521,0,0,0,0
-0.303998,-2.101198,0.032445,-2.705221,-0.033102,-0.221801,-2.760999,1,0,0,0
0.394718,-1.814143,-0.087588,-1.577765,1.469146,-1.017218,-1.572502,0,0,0,0
0.288228,-0.561600,0.510736,-0.899942,0.191514,-0.790246,-1.797126,0,1,0,0
0.699732,-1.572237,0.583980,-1.356100,0.703640,0.513440,-1.563488,0,0,0,0
0.195178,-0.545210,-0.008764,-0.772381,-0.288229,-0.745632,-1.627621,0,0,1,0
0.409606,-0.966918,0.423547,-0.402940,-0.913288,0.382287,-1.666788,0,0,0,0
0.280546,-0.323334,-0.466448,0.535269,-0.216395,0.132775,-1.544195,0,0,0,1
-0.191032,0.111187,-0.545861,1.561243,-0.209993,-0.395027,-1.096483,0,0,0,0
0.048193,-0.352643,0.538547,0.471935,-0.547523,-0.565540,0.149599,1,1,0,0
-0.203234,-1.145557,1.409706,0.751668,-0.711327,-0.990495,-0.770409,0,0,0,0
0.130091,-1.387440,1.342432,0.326721,0.428524,-0.087064,-1.410123,0,0,1,0
0.675773,-1.205984,1.818808,0.274593,0.131974,-0.513959,0.289230,0,0,0,0
0.403394,-0.890753,1.415657,-0.340184,0.190092,-1.040902,-0.502245,1,0,0,1
-0.709256,-0.978550,0.868525,0.585045,-1.042146,-1.085576,-0.637055,0,0,0,0
0.115985,-1.525802,1.162229,-0.844188,0.512876,0.918371,-1.656022,0,1,0,0
0.726126,-0.929531,1.832438,-0.147152,-0.143260,0.033885,0.178543,0,0,0,0
0.429864,-1.410401,0.896338,-0.273871,0.570698,-0.957303,-0.439170,0,0,1,1
-0.922039,-0.524906,0.704004,0.821111,-0.957816,-1.127037,-0.362907,0,0,0,0
0.110627,-0.816458,1.271317,-0.183595,-0.419538,0.527944,-1.653492,1,0,0,0
0.535164,-0.887090,1.093474,-0.099295,0.594856,-0.439456,0.337774,0,0,0,0
0.264894,-0.622714,1.243979,0.181913,-0.403426,-0.965739,-0.570670,0,1,1,0
-1.654647,-0.728025,1.258723,0.529571,-1.173058,-0.936539,-0.459514,0,0,0,0
0.152785,-0.937845,0.461303,0.575407,-0.809187,0.911758,-1.414429,0,0,0,1
0.546431,-0.576594,0.529552,0.289866,-0.399308,-0.524341,0.094914,0,0,0,0
0.377544,-0.700226,-0.067128,0.435756,-0.566721,-0.546547,-0.508463,1,1,0,0
-1.944153,-0.577672,1.128068,-0.651918,-0.090499,-1.040989,-0.837323,0,0,0,0
-0.409772,-0.483234,-0.108921,0.675982,0.191442,0.216612,-1.927070,0,0,1,0
0.606906,-0.776957,0.558484,0.302759,0.787619,-0.590611,0.026049,0,0,0,0
0.580268,-1.182170,1.224605,-0.405239,1.402520,0.003208,-0.508765,1,0,0,1
-2.114144,-0.252273,0.515845,-0.594358,0.348373,-1.247736,-0.699884,0,0,0,0
-0.064705,-0.645427,-0.525554,0.750554,1.183466,1.507672,-1.461335,0,0,1,0
0.398314,-0.166779,0.427696,0.217853,0.682322,-0.168397,0.285117,0,0,0,0
0.344118,-0.314206,0.134102,0.421946,1.522143,-0.551152,-0.559983,1,1,0,0
-2.038007,0.173726,0.244020,-0.137477,1.294849,-0.737901,-0.706254,0,0,0,0
-0.193921,-0.465454,-0.311643,-0.445896,0.825231,1.046972,-1.565670,0,0,0,1
0.314527,-0.036416,-0.058260,-0.213626,0.819617,-0.330945,0.096328,0,0,0,0
0.157994,-0.028934,-0.333684,0.178078,1.239574,-0.858114,-0.618681,0,1,1,0
-2.747679,0.495315,0.804086,-0.364276,1.217753,-1.422819,-0.664277,0,0,0,0
-0.233984,-0.273817,-0.495610,-0.641407,0.680810,1.807391,-1.630719,1,0,0,0
0.423495,-0.232434,-0.042504,-0.162091,1.181397,-0.719237,-0.032549,0,0,0,0
0.264984,-0.121551,0.034935,-1.231321,0.663289,-0.529863,-0.503197,0,0,1,1
-2.804238,1.610918,0.290128,-0.182698,1.086581,-1.333441,-0.693973,0,0,0,0
-1.073671,1.680820,-1.158181,-0.141114,1.694055,0.185812,-1.631668,0,1,0,0
0.529384,-0.208041,1.075568,-0.559112,1.583627,-0.565261,0.370098,0,0,0,0
0.187070,-0.210560,1.310321,-1.085453,1.848095,-0.991408,-0.448062,0,0,1,0
-3.041794,2.472095,0.317268,-0.163061,1.086507,-1.354395,-0.422205,0,0,0,0
-0.289243,0.210390,-0.300011,-0.671181,0.553120,0.884241,-1.599073,0,0,0,1
0.303775,-0.039000,0.903016,-0.876571,0.860278,-0.834723,0.109134,0,0,0,0
0.200943,-0.282549,0.100125,-0.857655,1.104716,-1.085950,-0.620385,0,1,0,0
-3.700990,2.346629,0.048294,-0.767628,1.943811,-1.313893,-0.342418,0,0,0,0
-1.675385,1.167574,-0.733577,-0.947638,0.205773,0.467292,-1.662492,1,0,0,0
0.135057,0.212629,0.434796,-0.681641,0.021062,-0.706365,-0.122566,0,0,0,0
-0.611176,0.296116,0.634594,0.107288,0.558493,-1.088840,-0.749172,0,0,1,0
-3.217303,2.522113,-0.474374,0.071441,1.440084,-1.249166,-0.741953,0,0,0,0
-0.574997,-0.171679,0.286411,-0.527606,-0.424308,0.425591,-1.680361,0,1,0,0
0.023810,-0.007891,0.490364,0.353584,0.508965,-0.414872,-0.117934,0,0,0,0
0.066507,0.149901,0.430955,0.865921,0.274141,-1.211778,-0.258367,0,0,0,1
-3.381091,2.475599,-1.416685,1.007807,2.302831,-1.269506,-0.370315,0,0,0,0
-1.706133,1.364732,-0.478863,-0.083387,0.563907,-0.460841,-2.163169,0,0,1,0
0.065642,-0.545055,1.163002,-0.302018,1.135817,-0.698232,-0.094714,0,0,0,0
-0.729032,0.212402,0.618797,-0.114104,0.959714,-0.987947,-0.841472,1,0,0,0
-3.764128,2.262802,-0.883930,0.326080,2.136217,-1.282709,-0.855042,0,0,0,0
-0.869086,-0.424161,0.593209,0.417698,0.523802,1.112917,-1.794277,0,1,0,0
-0.055634,-0.153293,0.508693,0.543758,0.668897,-0.351959,-0.349683,0,0,0,0
-0.349648,-0.027137,0.762409,0.566598,0.265024,-0.357881,-0.749323,0,0,1,0
-4.629441,2.964477,-0.285776,-1.071304,1.789196,-1.337194,-0.821667,0,0,0,0
-0.880189,-0.458536,1.300779,0.836493,0.648463,0.272359,-1.983408,0,0,0,1
-0.068042,-0.428436,0.231336,-0.191186,0.586968,-0.184602,-0.242676,0,0,0,0
-0.180671,-0.888564,0.696324,-0.290393,1.287780,-0.345295,-0.539274,0,1,0,0
-3.856838,2.037528,-0.461402,-1.107262,0.953797,-1.158186,-0.780000,0,0,0,0
-0.838812,-0.418312,1.079861,0.116280,0.596214,1.297415,-1.655482,0,0,1,0
-0.077057,-0.316499,0.585576,-0.185896,0.591493,-0.654566,-0.561073,0,0,0,0
-0.255128,-0.058110,0.471985,0.217559,0.755980,-0.978302,-0.592642,0,0,0,1
-3.560628,3.561319,-1.519088,-1.383905,2.020838,-1.255419,-0.651481,0,0,0,0
-1.540421,1.989306,0.771709,-0.134164,2.165158,-0.562499,0.145074,1,0,0,0
0.051319,-0.983854,1.225825,-0.419293,1.589015,-0.390485,-1.379227,0,0,0,0
-0.743541,0.607024,1.024979,-0.017967,0.818404,-0.966801,-0.597837,0,1,1,0
-2.803487,2.528271,-1.282429,0.134927,1.767749,-1.059841,-0.721438,0,0,0,0
-0.552943,-0.444251,0.633636,-0.189228,1.903551,1.640639,-0.179099,0,0,0,1
-0.058382,-0.249790,0.687605,0.068549,0.529486,0.115718,-0.876417,0,0,0,0
-0.230827,-0.093005,0.971038,-0.374431,0.791489,-0.625970,-0.322181,1,1,0,0
-2.996137,2.414448,-1.721392,0.821716,1.364099,-1.301082,-0.428655,0,0,0,0
-1.448832,1.211591,0.632242,-0.155861,1.699240,0.016097,-0.302145,0,0,1,0
-0.310178,-0.261928,1.162570,-0.169082,0.573931,-0.755262,-1.109560,0,0,0,0
-0.796380,0.266729,0.912821,0.338089,1.586799,-0.906844,-0.945156,1,0,0,1
-3.628298,1.842069,-0.746257,-0.471073,0.845911,-1.358836,-0.386537,0,0,0,0
-0.869016,-0.263611,0.722138,0.380534,0.529697,0.804916,0.113415,0,1,0,0
-0.222935,-0.470908,0.870212,-0.072681,-0.303095,-0.049640,-1.243611,0,0,0,0
-0.134926,-0.295962,0.489803,0.195012,0.330857,-0.425534,-0.875890,0,0,1,1
-3.812084,2.078264,-1.379740,-0.660391,1.252452,-1.143086,-0.657215,0,0,0,0
-1.644397,0.941209,0.361583,-0.437235,1.294420,-0.353218,-0.226096,0,1,0,0
-0.017588,-0.435524,0.586216,-0.837145,0.508418,-0.371070,-1.171855,0,0,0,0
-0.227023,-0.671477,2.259617,-1.522690,1.997167,-0.270522,-0.769594,1,0,0,1
-3.663271,1.994957,-1.071059,-2.045359,1.130382,-1.060132,-0.274007,0,0,0,0
-0.913118,-0.196809,0.718816,-0.366761,0.813957,2.152285,-0.132248,0,0,1,0
-0.304411,-0.183112,0.853591,0.410747,0.657448,-0.212331,-0.975692,0,0,0,0
-0.488807,-0.242798,1.076829,0.589143,0.243677,-0.790126,-0.905072,1,1,0,0
-4.702103,2.285176,-0.602800,-1.913482,2.628205,-1.347192,-0.574524,0,0,0,0
-0.743542,-0.152187,1.304518,-0.214624,0.113315,1.697993,-0.854480,0,0,0,1
-0.146498,-0.198506,0.487945,0.194489,0.247716,-1.141173,-1.262159,0,0,0,0
-0.218224,-0.507000,0.246211,-0.467337,0.338044,-0.997691,-1.403979,0,1,1,0
-4.518207,2.520041,-0.968607,-2.159473,2.162090,-1.380738,-0.653283,0,0,0,0
-0.490546,-0.133114,1.013821,-0.491248,1.259471,1.358729,-0.525047,1,0,0,0
-0.149521,-0.526572,0.735181,-0.166893,0.785974,-0.753476,-1.380828,0,0,0,0
-0.043997,-0.531166,0.632299,-0.401498,0.711291,-0.742362,-0.999442,0,0,0,1
-3.658813,3.415798,-1.236120,-1.815350,2.443204,-1.341869,-0.221820,0,0,0,0
-1.487355,1.589070,-0.359933,-0.586495,1.546089,0.155561,-0.954350,0,0,1,0
0.309646,-0.239156,0.845921,-0.960849,1.222200,-0.855860,-0.366217,0,0,0,0
-0.128559,-0.147898,1.391716,-1.009442,1.090665,-0.428344,-0.854946,0,1,0,0
-3.324156,2.748521,-0.626683,0.604429,1.930079,-1.445969,-0.323686,0,0,0,0
-0.279563,-0.102713,0.865366,-0.036347,1.229768,0.916820,-0.958029,0,0,0,1
0.038277,-0.489450,0.448845,0.265785,0.949091,-0.943415,-0.845805,0,0,0,0
-0.005164,-0.313095,0.403952,0.385662,0.841468,-0.990185,-0.816771,1,0,0,0
-3.911643,2.409118,-0.745307,-0.401892,1.968507,-1.324974,-0.451269,0,0,0,0
-1.441756,0.734437,0.146792,-0.108222,1.320742,0.460602,-0.907744,0,1,0,0
-0.313947,-0.036661,0.771251,0.015937,-0.132516,-1.190778,-0.840744,0,0,0,0
-0.741617,0.018829,0.189246,-0.062391,0.597245,-1.097082,-1.150577,0,0,1,0
-3.327788,2.465083,-0.975245,0.003081,1.848821,-1.407223,-0.792257,0,0,0,0
-0.632926,-0.268953,0.639672,0.166296,1.006632,0.546551,-0.868150,0,0,0,1
-0.100359,-0.334058,0.702315,0.661601,0.511636,-0.639337,-0.655196,0,0,0,0
-0.068262,-0.315986,0.667691,0.062049,0.027717,-0.865666,-0.929269,1,1,0,0
-1.067533,-0.335523,-0.040843,1.032609,0.755739,-1.334063,-0.081577,0,0,0,0
-0.580097,0.366662,-0.269247,1.473262,0.078653,0.164810,-1.186845,0,0,1,0
-1.035136,-0.160505,1.120641,0.973624,-0.682597,-1.265322,-0.419297,0,0,0,0
-0.471134,-0.138049,0.338439,0.895696,0.647804,-0.260321,-1.604885,1,0,0,0
-0.120462,0.020360,0.705284,-0.260597,1.106933,-0.929734,-1.043136,0,0,0,0
-0.106511,0.108851,0.976232,0.381315,1.021147,-0.814252,-0.176934,0,1,0,0
0.037855,-0.012978,0.522286,-0.242722,-0.056476,-0.968395,-0.410888,0,0,0,0
-0.210083,-0.051419,0.702034,-0.065140,0.076744,-1.087915,-0.468545,0,0,0,1
-0.932619,-0.367506,-0.632767,0.387968,-0.141108,-1.373671,-0.743428,0,0,0,0
0.017043,-0.413544,0.033962,-0.104412,0.516004,1.048626,-0.522451,0,0,1,0
0.015270,-0.177716,0.767110,0.406217,0.584755,-0.559336,0.294325,0,0,0,0
-1.354715,-0.709109,0.984481,0.587849,-0.207988,-0.980735,-0.653578,0,1,0,0
0.043900,-0.800473,-0.098388,0.094037,0.946394,0.459417,-0.772497,0,0,0,0
-0.360070,-0.349185,1.114225,0.398563,1.396243,0.511416,0.923792,1,0,0,0
-1.109058,-0.583284,0.400978,0.385670,-0.680176,-0.998290,0.477852,0,0,0,0
0.202654,0.102544,0.494997,0.342991,-0.220605,1.903811,-0.447308,0,0,0,1
0.047163,0.523031,0.239385,0.352370,0.328796,-1.218985,-0.919572,0,0,0,0
0.135039,0.688378,-0.081425,0.405631,0.814969,-0.497722,0.123591,0,0,1,0
-1.300880,1.426911,-0.362024,-0.070379,-0.417735,-1.029422,-1.103996,0,0,0,0
-1.046414,1.293989,0.141492,0.177127,1.449023,-0.719953,0.140196,1,1,0,0
-0.463596,-0.202635,0.662584,1.177068,-0.420238,-0.864544,-0.065565,0,0,0,0
0.481530,-0.503260,-0.191526,-0.096380,0.177206,0.633237,-0.557506,0,0,1,0
0.343266,-0.221254,0.318529,0.171984,1.239711,-0.471923,0.033518,0,0,0,0
0.199895,0.101878,0.718842,0.170211,-0.155209,-0.504642,-0.145481,0,1,0,0
-0.781838,0.391289,0.947585,0.711585,-0.511698,-0.544836,-0.029445,0,0,0,0
-0.058506,0.335177,-0.797382,0.053215,0.319448,0.103319,-1.083415,1,0,0,0
0.352656,0.086476,0.534461,-0.304787,0.384764,-0.548354,0.126052,0,0,0,0
-0.750703,0.436104,0.673655,0.784050,0.935796,-0.516536,-0.487083,0,0,0,1
-1.235405,-0.072216,1.137288,1.177145,-0.457930,-1.236109,-0.523922,0,0,0,0
0.089359,-0.130019,-0.249124,0.187169,0.719955,0.572971,-1.032510,0,1,0,0
0.059475,-0.139622,0.193319,0.199944,0.679096,-0.139447,-0.139607,0,0,0,0
-0.093352,-0.224693,-0.095005,-0.567530,0.100928,-0.082750,-0.569394,1,0,1,0
-0.789757,0.359151,0.367284,0.880041,-0.365211,-1.124895,-0.043340,0,0,0,0
-0.294793,0.888786,-1.400621,1.062292,0.521919,0.013570,-0.816942,0,0,0,1
0.291925,-0.093260,0.564761,-0.258943,0.481469,-0.457438,0.134914,0,0,0,0
0.042456,-0.836499,1.506647,-1.660053,1.882987,-0.435745,-0.272419,1,0,0,0
-0.968412,0.259238,0.431399,0.528207,-0.912800,-1.092149,-0.838637,0,0,0,0
0.010121,-0.117634,-0.614843,0.191637,0.381787,0.655727,-0.807670,0,1,0,0
0.163359,0.252093,0.463349,-0.011217,0.772384,-0.411852,0.090544,0,0,0,0
-0.281817,-0.246384,0.513417,0.024423,0.538858,-0.344641,-0.597227,0,0,1,0
-1.840507,0.493370,1.155460,1.098426,0.256073,-1.409282,0.271419,0,0,0,0
0.289231,-0.296601,-0.333889,0.477794,0.676539,0.598385,-1.053389,0,0,0,1
0.025404,0.040734,0.736864,0.041314,0.583283,-0.833275,0.269765,0,0,0,0
-0.007969,0.066425,1.100903,-0.109942,0.907026,-0.811740,-0.356155,0,1,0,0
-1.935717,0.391576,0.880265,0.986243,0.601139,-1.463497,-0.404223,0,0,0,0
0.246061,-0.430943,-0.288538,0.311481,0.822050,1.160618,-0.891833,0,0,1,0
-0.002344,-0.270252,0.580103,0.500137,0.298474,-0.878654,-0.183575,0,0,0,0
-0.082022,-0.270613,0.864852,0.347063,1.109785,-0.562534,-0.098335,1,0,0,1
-1.619136,0.440898,0.678002,1.218358,0.972937,-1.273124,-0.181096,0,0,0,0
-0.280326,0.237966,-0.621996,1.058426,1.835310,-0.093561,-0.612096,0,1,0,0
0.190275,-0.733239,1.503709,0.305215,2.361091,-0.754441,0.181688,0,0,0,0
-0.232755,-0.455036,2.071143,-0.886665,2.599310,-0.575499,0.006609,0,0,0,1
-1.743942,0.376592,0.869083,0.965818,0.527938,-1.420002,0.067691,0,0,0,0
0.027008,-0.324532,-0.367676,0.761693,1.177851,-0.163047,-0.442203,1,0,0,0
0.055679,-0.255857,0.651889,1.091265,1.177800,-0.800526,0.053064,0,0,0,0
0.059011,-0.164382,0.928972,0.091516,0.775950,-0.812793,-0.098704,0,0,1,0
-1.826062,0.014929,1.115348,0.932125,0.778566,-1.431238,-0.481401,0,0,0,0
-0.685697,0.003034,-1.117844,1.209847,1.336082,-0.205224,-0.605922,1,0,0,0
-0.129716,0.180898,1.134064,0.256955,0.781608,-0.812146,-0.019692,0,0,0,0
-0.389593,0.341599,0.656946,-0.444509,0.940395,-1.182209,-0.590101,0,1,0,0
-1.924921,0.002837,1.494065,0.951651,-0.295405,-1.288901,0.014400,0,0,0,0
-0.037233,-0.420606,-0.999726,-0.811114,0.130953,-0.649812,-0.532275,0,0,0,1
1.208302,-0.719936,0.304557,0.260994,-0.138442,-1.200447,0.681597,0,0,0,0
0.307618,-0.579086,1.049776,0.515055,1.377689,3.573948,0.423586,1,0,1,0
-0.910481,-0.636325,0.869922,0.520747,-0.768504,-1.227685,-0.294439,0,0,0,0
0.010476,-0.183226,-0.455853,1.012986,0.670307,0.522101,0.352219,0,0,0,0
1.406072,-0.971535,0.429090,-0.114667,0.113596,-0.969708,-0.207753,0,0,0,0
-0.761494,0.217196,0.297329,1.358485,-0.738550,2.284528,-0.448586,0,1,0,1
0.089994,-0.187228,0.797420,-0.161247,0.018375,-1.034412,-1.037983,0,0,0,0
-0.437889,-1.085423,0.063289,0.343755,0.623648,2.582711,-0.356700,0,0,0,0
-0.152725,-0.032339,0.140456,0.781236,0.020610,-0.226281,-0.831861,0,0,0,0
-0.032086,-0.210560,0.539296,0.313997,0.819522,0.737727,-0.216615,1,0,1,0
-0.848355,-0.779052,0.917048,0.884899,-0.204235,-1.234111,-0.542627,0,0,0,0
0.332119,-0.545845,-0.276751,0.658959,0.712779,1.011112,0.613998,0,0,0,0
1.362425,-0.913146,-0.074944,0.320907,-0.112250,0.060328,-0.155490,0,0,0,0
-0.720651,-0.471767,-0.031215,1.145649,-0.572417,1.832723,-0.472529,0,1,0,1
0.023996,-0.466619,0.617191,0.560301,-0.024914,-0.783112,-1.021975,0,0,0,0
-0.412037,-1.288353,0.282775,0.691649,1.113714,1.565132,-0.270158,0,0,0,0
0.938713,-1.236202,0.069682,0.318335,-0.087291,-1.045456,-0.664410,0,0,0,0
-0.142794,0.080944,0.514298,0.523562,0.951581,0.344348,0.660152,0,0,1,1
-0.600716,-0.296689,0.744303,0.994249,-0.889330,-1.149814,-0.290010,0,0,0,0
-0.088696,0.022358,0.151324,1.750434,0.545137,-0.251951,0.419270,0,1,0,0
0.323481,-0.908269,1.763967,0.937243,1.375113,-0.206881,0.654373,0,0,0,0
0.103200,-0.282711,0.224114,0.530289,1.105866,-0.627630,0.579553,1,0,0,0
-1.254332,0.387198,0.936176,0.761277,0.054064,-0.835360,-0.760422,0,0,0,0
-0.067621,-0.508790,0.952149,0.721354,0.887762,-0.307214,0.835397,0,0,1,0
0.310260,-0.261402,-0.182481,1.051974,0.515357,-0.949890,0.190801,0,0,0,0
0.255675,-0.274923,0.874086,1.248297,0.316377,-0.716102,1.080815,0,1,0,0
-0.913216,-0.326606,0.614717,0.810530,0.193674,-0.720906,-0.658318,0,0,0,0
-0.306766,0.072212,-0.886566,1.176478,1.234290,-0.618215,0.506131,0,0,0,1
0.089614,-0.290750,1.110407,0.926806,0.731635,-0.812814,0.242960,0,0,0,0
0.032833,-0.210291,-0.241909,-0.054915,2.129074,-0.020859,0.457845,0,0,1,0
-1.535733,-0.177955,0.903466,0.593741,0.652063,-0.710249,-0.767722,0,0,0,0
-0.191362,-0.595420,0.984722,0.990955,1.464058,0.178448,0.851604,0,1,0,0
0.375870,-0.431353,0.594178,0.003439,0.417121,-0.376273,0.702270,0,0,0,0
0.269227,-0.310776,1.268907,1.165826,0.686281,-0.715411,0.566060,1,0,0,1
-0.516389,-0.698648,0.390834,0.761448,-0.443205,-0.456911,-0.440440,0,0,0,0
0.066198,-0.115489,-0.564044,1.144238,0.730922,-0.304442,0.094821,0,0,1,0
0.622107,-0.696731,1.015699,0.302503,1.498941,-0.410321,0.451534,0,0,0,0
0.840924,-1.117525,1.437298,-0.854334,1.500022,-0.424133,0.565389,0,1,0,0
-1.484941,0.068692,0.425486,1.046927,0.372011,-1.302074,-0.658188,0,0,0,0
-0.013529,-0.134472,0.912312,0.624126,1.131162,-0.900845,0.739029,0,0,0,1
0.675087,-0.305936,0.287595,0.395686,0.672866,-1.149729,0.322756,0,0,0,0
0.522249,0.047921,0.766870,0.479252,0.664209,-0.345928,0.933888,1,0,0,0
-1.691624,-0.211988,1.086581,0.261652,-0.080939,-1.245315,-0.515537,0,0,0,0
0.270212,0.001300,-0.002542,0.249574,0.618708,0.499067,0.511571,0,1,0,0
1.096830,-0.803925,0.594084,0.625379,0.812302,-1.098692,1.450558,0,0,0,0
0.525647,-0.900465,0.281224,0.727412,0.651716,-0.568665,-0.355574,0,0,1,0
-1.383047,-0.427390,0.425004,1.532264,-0.284937,-1.336206,-0.508739,0,0,0,0
0.460511,0.277109,1.236387,0.104561,0.613560,5.673663,0.615331,0,0,0,1
1.225114,-1.130225,0.067346,0.049965,0.212553,-0.423605,-0.311131,0,0,0,0
0.786067,-0.808156,0.519037,0.366285,0.565390,-1.052639,-0.317745,1,1,0,0
-0.954098,-0.957884,0.338024,1.480160,-0.352965,-1.437779,-0.475724,0,0,0,0
-0.257297,0.279306,0.056853,1.648289,-0.085737,3.804226,-0.037481,0,0,1,0
0.922073,-0.531214,0.194599,-0.232923,0.145395,-0.205075,0.061676,0,0,0,0
0.312991,-0.168950,1.036983,-0.602838,0.634392,-0.067679,-0.452633,1,0,0,0
-0.932966,0.032278,0.106333,0.766190,0.293567,-1.196864,-0.409297,0,0,0,0
0.084742,-0.184107,0.603797,0.829674,0.493519,4.862549,-0.146531,0,0,0,1
0.662186,-0.946196,-0.357218,0.122453,0.146347,-0.648149,-0.377748,0,0,0,0
0.156723,-0.544849,0.610413,-0.088140,-0.084351,-0.175089,-0.479292,0,1,0,0
-0.570689,-0.806968,0.782323,0.242415,-0.617602,-1.154095,-0.459250,0,0,0,0
0.019405,0.285412,0.953824,0.517977,-0.592396,4.792927,0.025716,0,0,1,0
0.979643,-1.016010,0.353047,-0.147141,0.112048,-0.715184,-0.148305,0,0,0,0
-0.065272,-0.408703,0.568998,-0.135444,0.105945,0.028322,-0.478294,1,0,0,0
-0.681055,-0.886075,1.240090,-0.640659,-0.492212,-1.149362,-0.341851,0,0,0,0
0.007186,-0.448860,0.758168,0.145199,0.861639,6.689574,0.151116,0,1,0,0
1.002050,-0.947305,0.329749,-0.670378,-0.152361,-0.385040,-0.249935,0,0,0,0
0.235068,-0.422831,0.555179,-1.182113,0.137772,1.201676,-0.639713,0,0,0,1
1.035408,-1.356457,0.397983,-0.185748,-0.551007,-1.264816,-0.282752,0,0,0,0
-0.138888,-0.060356,1.295429,1.052609,0.484775,5.024673,0.426477,0,0,1,0
1.456014,-0.857214,0.570783,-0.157503,0.859806,-0.757379,0.702908,0,0,0,0
-0.064040,-0.186789,0.984761,0.356613,1.560266,2.694944,0.586376,0,1,0,0
1.064144,-1.925084,0.446618,-1.185624,-0.587099,-1.164644,-0.957103,0,0,0,0
0.187620,-0.508310,1.216753,1.044279,0.494984,3.180493,0.638409,1,0,0,0
1.494833,-1.196407,0.659479,-0.328272,0.129410,-0.728238,0.862490,0,0,0,0
0.560358,-0.352166,1.549541,0.363213,0.848017,2.576271,1.177373,0,0,1,0
1.225818,-1.746012,0.840242,-0.074238,0.040859,-0.908839,-0.600448,0,0,0,0
0.329058,-0.694370,1.752464,0.877245,0.741980,5.039808,0.659037,0,0,0,1
1.622660,-1.128005,1.518050,0.381160,0.068332,-0.863664,1.010755,0,0,0,0
0.534346,-0.763981,1.824165,0.818033,1.396843,1.908998,1.217141,0,1,0,0
1.445831,-1.394608,0.478328,-0.562428,-0.597423,-0.154600,-0.284910,0,0,0,0
0.379476,-0.781551,1.286979,1.308016,1.721720,4.085984,0.882229,0,0,1,0
1.757959,-1.233583,0.921253,0.333463,0.725774,-0.313423,1.104835,0,0,0,0
0.617785,-0.744889,1.847431,0.699188,0.923083,2.105900,1.070675,1,0,0,1
-1.600065,-1.182212,-0.448688,0.477226,-0.371933,-0.413324,-0.383571,0,0,0,0
-0.857552,-1.758627,0.786073,-0.679230,1.238497,0.709146,1.003538,0,0,0,0
-0.451116,-1.325323,1.232553,-0.813455,0.875595,0.286474,0.048589,0,0,0,0
0.087765,-0.696442,0.085219,-1.414285,1.066616,-0.383325,-0.298750,0,1,0,0
-0.582190,-1.072746,-0.997214,-3.297432,0.319247,0.219277,-2.453602,0,0,0,0
-0.672238,-0.943755,-2.608896,-3.047742,0.063963,-0.427068,-2.276205,0,0,0,0
-0.635298,-1.094710,-1.279319,-1.847621,0.383082,0.460191,-2.147520,0,0,0,0
-0.409815,-0.891630,-2.377764,-1.834358,-0.859396,-0.564630,-2.055425,0,0,0,0
-0.822055,-0.960691,-1.093940,-2.068140,0.227517,-0.372699,-2.263648,0,0,0,0
-1.035973,-0.538356,0.217488,-3.248389,0.956894,0.024396,-2.409740,0,0,0,0
-1.255771,-0.570556,0.683122,-2.147486,0.607619,0.268249,-1.858187,0,0,0,0
0.090563,-0.869290,0.026153,-1.589886,0.615851,0.620571,-0.244215,0,0,0,1
0.838867,-1.432195,1.169634,-0.174515,1.607820,-0.399147,0.119756,0,0,0,0
0.370447,-1.471642,1.024306,0.749965,1.168723,0.310372,-0.534658,1,0,0,0
0.620670,-1.613825,0.522451,1.285011,1.075230,-0.142531,-0.219743,0,0,0,0
0.374351,-1.614883,2.048626,1.392902,0.144097,1.127835,-0.314144,0,0,1,0
0.488951,-2.330024,1.380406,0.805479,0.503843,0.074048,-0.457069,0,0,0,0
-0.025684,-2.108633,1.920099,-1.115439,0.878706,0.802404,-0.539409,0,1,0,0
0.411006,-1.754254,1.039178,0.122569,2.223709,0.205097,-0.512646,0,0,0,0
0.080270,-1.835338,0.948040,0.493596,1.281197,0.053372,-0.518296,0,0,0,1
0.569682,-1.596289,0.633656,1.327081,1.671732,0.337548,-0.308723,0,0,0,0
0.196911,-1.870866,1.498184,1.926282,0.260148,0.576365,-0.387949,1,0,0,0
-0.242489,-1.678840,1.974232,0.969921,1.126564,0.763498,-0.607937,0,0,0,0
0.361240,-2.364555,1.274485,0.058994,0.397143,1.185521,-0.304366,0,0,0,1
0.473354,-1.991589,1.414566,-0.602123,0.790996,0.583387,-0.427728,0,0,0,0
-0.075613,-1.990196,1.743650,-0.766535,0.975691,0.405967,-0.678179,0,0,0,0
-2.270869,0.047069,0.335908,1.086124,3.103297,-1.048002,0.762623,0,0,0,0
-0.975875,-1.026201,-1.871109,1.750663,2.745951,0.727046,0.435159,0,0,1,0
-2.850954,1.771292,1.827165,-1.493551,2.674028,1.608914,0.245849,0,0,0,0
-1.023368,0.164794,0.224624,0.361343,-0.052057,1.640471,-0.947376,1,0,0,0
-1.587926,0.716766,3.035635,-2.958116,2.739434,-0.962090,1.325581,0,0,0,0
-1.041450,0.401643,3.038641,-2.106020,2.248573,1.398070,2.528272,0,0,1,1
-3.826356,-3.611951,1.649958,2.808783,0.448306,-1.419832,-0.756331,0,0,0,0
-0.812250,-0.526971,0.074997,1.223056,-1.378888,4.021792,0.390608,0,1,0,0
-0.330035,-1.379699,0.556167,1.548908,1.042865,-0.143740,-0.298779,0,0,0,0
-0.673288,-2.182927,1.534670,3.065543,3.484253,-0.030324,-0.742200,1,0,0,0
-2.722949,-2.596320,4.397607,3.054981,1.318813,-0.339223,-1.372003,0,0,0,0
-2.304836,-2.700336,3.406925,4.109340,1.760691,-0.317362,-0.854849,0,0,1,0
-2.041698,-2.428120,3.778210,4.492103,1.842748,-0.847343,-0.554999,0,0,0,0
-2.762678,-2.878154,4.660242,2.864020,2.796317,-0.703901,-0.868378,0,1,0,0
-3.563144,-4.105123,1.684719,0.993254,2.478935,-1.459739,-1.886063,0,0,0,0
0.721085,-2.160738,0.665453,-0.130074,-0.221204,1.983233,-0.101352,0,0,0,1
0.943837,-1.600392,0.045083,-0.318910,1.420413,0.645029,-0.111864,0,0,0,0
0.289822,-1.517654,0.896250,0.357552,-0.042453,-0.583101,-0.423283,0,0,1,0
-0.137670,-2.428310,1.931984,2.005245,-0.312685,-0.071831,-0.411313,0,0,0,0
-0.776741,-2.257065,2.242980,1.917936,1.311814,0.158130,-0.530519,1,0,0,0
-0.452345,-1.966023,2.112284,1.358629,0.788069,-1.344117,-0.638853,0,0,0,0
-0.286546,-1.484563,1.553061,1.011657,-1.039891,-0.742488,-1.114593,0,1,0,1
-6.947632,-1.912722,4.934657,1.329999,2.780947,-1.322222,-0.721735,0,0,0,0
-0.854350,-3.260291,1.269267,0.394018,1.764452,2.002716,1.522800,1,0,0,0
0.518206,-1.904081,2.684224,0.139680,1.376051,-0.619909,-0.136723,0,0,0,0
-0.192981,-2.764755,2.171315,0.513354,2.260398,-0.179914,0.137150,0,0,1,0
0.133866,-2.229107,2.811639,0.165066,1.519740,-0.063525,-0.646392,0,0,0,0
-0.070901,-2.082405,2.102338,0.273198,1.702491,-0.254094,-0.713504,0,1,0,0
0.112647,-2.140856,1.628466,0.650002,1.826807,0.071273,0.652665,0,0,0,0
-0.106056,-0.568765,1.678246,1.053824,2.333970,2.417656,1.265391,1,0,0,1
-0.834681,-1.715335,-0.353565,0.270792,0.473878,-0.395303,-1.331957,0,0,0,0
0.421367,-1.290882,-0.759912,-0.944035,1.207984,0.316565,-0.538106,0,0,0,0
0.082352,-0.467319,-0.814856,0.904595,0.436278,0.478497,-0.286995,0,0,0,0
0.266399,-0.132756,-1.607658,1.011760,0.481576,0.538405,0.005596,0,0,1,0
0.142014,-0.102964,-1.033464,0.339775,0.478438,1.107961,-0.222040,0,0,0,0
0.038614,0.060496,-1.527051,-0.550513,0.772832,0.762332,-0.152221,0,0,0,0
0.187935,0.060192,-0.992186,0.042440,0.445335,0.388170,-0.013426,0,0,0,0
0.525105,-0.621473,-0.674775,0.038755,-0.356832,-0.099066,-0.365535,1,1,0,0
-3.666734,-4.183207,1.663678,3.497298,1.955973,-1.320541,-0.782433,0,0,0,0
-0.823473,-1.706319,1.953173,0.299209,0.639604,1.305598,0.333999,0,0,1,0
-3.403727,-3.379699,1.250323,2.926114,1.330818,-1.222922,-1.043274,0,0,0,0
-1.223667,-2.270725,2.044521,-0.242962,1.830749,0.269126,-0.454691,0,0,0,1
-1.385494,0.017947,0.534704,1.729318,2.397190,0.360544,-0.807272,0,0,0,0
-1.050763,-0.488906,-0.751279,-1.351907,1.408880,0.304812,-0.548123,0,1,0,0
-0.457739,-2.259766,1.370526,1.580520,0.544960,-0.374249,-1.084978,0,0,0,0
-0.520265,-2.160026,0.966160,1.937005,-0.356794,0.518199,-0.558217,0,0,1,0
-1.524292,-1.802074,1.996635,-0.986930,-1.436245,0.981828,-2.763988,0,0,0,0
-0.177863,-3.043004,3.165729,-2.184724,-0.132590,4.842177,-1.937911,1,0,0,0
-0.810930,-1.551440,1.964789,-2.233889,0.215628,0.340262,-1.008014,0,0,0,0
0.265463,-1.143669,0.303414,-1.589077,1.192500,4.543168,0.335595,0,0,0,1
0.445292,-1.935828,0.308125,0.592045,1.260014,-0.100272,0.353695,0,0,0,0
0.217764,-1.940399,0.700226,1.759646,1.094643,1.870511,-0.699186,0,0,1,0
0.373714,-1.582002,1.876913,0.290898,-0.045812,0.877910,0.301906,0,0,0,0
0.170544,-2.780132,1.062478,0.583618,0.163289,1.296212,0.586069,0,1,0,0
0.264881,-1.995263,1.961315,-0.248827,0.951756,0.260397,-0.549523,0,0,0,0
0.341813,-1.635091,0.798637,-0.114486,1.463963,1.004397,-0.775305,0,0,0,1
-0.236213,-2.053124,0.521383,-0.333846,1.489888,0.327974,0.566404,0,0,0,0
0.221378,-2.230640,0.298611,2.298825,1.751568,0.664206,0.647924,1,0,0,0
0.243293,-2.036568,1.177848,2.276883,1.536583,0.968527,-0.352951,0,0,0,0
0.403701,-1.818615,1.005693,1.103220,1.076280,0.628277,-0.491783,0,1,0,0
-1.083940,-0.606130,2.916856,0.213284,0.710597,0.641783,-0.621435,0,0,0,0
-0.879304,-0.885715,3.045715,-0.120473,1.325392,0.115033,-0.196708,0,0,1,1
-2.367918,-4.606466,0.432726,1.041081,4.694621,-1.268804,-1.539000,0,0,0,0
0.397970,-2.141115,0.978373,-0.321192,1.342240,0.584389,0.241505,0,1,0,0
-0.860759,-2.429932,0.773286,-0.970322,0.393394,-1.282194,-0.381118,0,0,0,0
-0.801704,-1.437065,-0.700227,2.387537,3.910375,0.226899,2.248037,0,0,0,1
0.116129,-2.739556,0.810200,0.486124,0.713542,0.845582,-0.589924,0,0,0,0
0.068574,-2.787063,0.528904,0.587745,0.708631,1.731151,-0.615884,1,0,0,0
-0.037085,-1.772359,0.715501,0.511322,1.282825,0.027626,0.325000,0,0,0,0
-0.432679,-1.509335,1.661110,0.882003,1.987753,-0.351406,0.809062,0,1,1,0
-6.949510,-1.958441,4.783699,2.487714,2.228299,-1.456600,-0.862100,0,0,0,0
-1.024102,-0.185338,0.474959,3.071849,1.510477,3.244407,0.807405,0,0,0,0
-0.057619,-1.004457,1.489752,0.095042,-0.302881,0.125594,0.146580,0,0,0,0
-0.783597,-1.075368,1.884156,-0.084924,-0.726485,-0.177778,-1.074649,1,0,0,1
-6.164729,-3.771377,5.915436,4.045605,1.595765,-1.334118,-1.058029,0,0,0,0
-0.746240,-0.943037,1.533222,-0.579731,3.098177,3.578093,0.432952,0,0,1,0
-1.009606,-0.955833,1.855942,0.303591,2.376488,1.109509,-1.166311,0,0,0,0
-0.730378,-0.979660,1.085943,0.509131,1.771681,0.924955,-1.055950,1,1,0,0
-3.769129,-4.461567,2.216909,1.627345,3.111762,-1.292210,-1.871023,0,0,0,0
0.874607,-1.764713,0.454763,0.684330,0.954727,2.875331,-0.453469,0,0,1,0
0.114705,-0.508268,1.489966,0.474449,1.277163,0.721503,-0.015062,0,0,0,0
-1.718979,-0.845787,0.716264,1.323777,2.012506,-0.254008,-0.896137,0,1,0,0
-4.653882,-2.875804,3.602699,2.372934,1.809587,-1.331209,-0.851110,0,0,0,0
-1.846639,-0.659522,1.444288,2.138780,1.986480,2.954028,0.886452,1,0,0,1
0.576056,-1.728048,2.026803,1.992412,1.114051,1.744732,0.796499,0,0,0,0
0.599275,-1.529461,0.379349,0.953515,0.382129,1.059297,-0.326587,0,0,1,0
-0.002108,-0.553692,1.272121,0.536985,1.486645,0.687881,-0.169044,0,0,0,0
-1.736163,-0.960840,0.792118,0.772517,2.335725,0.224750,-1.061475,0,1,0,0
-5.331838,-0.263460,-0.487065,4.165336,2.130232,-1.330893,-0.820330,0,0,0,0
-2.129503,-0.732004,0.890795,2.613773,2.032709,2.179073,0.949383,0,0,1,1
0.468816,-2.022321,1.936145,2.231486,1.292093,0.751487,0.594442,0,0,0,0
0.605944,-1.671124,0.362288,0.705923,0.965013,0.372242,-0.768299,1,0,0,0
0.005873,-0.402941,1.232001,0.780465,1.034889,-0.140886,0.095263,0,0,0,0
-1.301109,-0.726567,1.241901,2.161240,2.238079,-0.809301,0.504874,0,1,0,0
-2.566815,-2.897956,0.499066,2.921705,0.415837,-1.218757,-0.789471,0,0,0,0
-1.552265,-1.890251,0.382533,2.603087,-0.389777,4.034197,-2.210360,0,0,1,0
0.648356,-1.115893,1.225101,0.827214,-0.666363,-0.481857,-0.803245,0,0,0,0
0.616705,-1.810230,1.024661,0.371619,0.221652,1.083517,-0.211657,1,0,0,0
0.658893,-1.556739,0.654968,0.947850,1.157447,-0.245877,-0.187083,0,0,0,0
0.811883,-1.526670,0.788058,0.845090,0.401723,0.266425,-0.241950,0,1,0,0
0.585881,-1.132351,0.963987,1.745450,0.314286,-0.280270,1.411184,0,0,0,0
0.846283,-1.380030,0.830150,1.059322,0.615119,-0.229742,0.708089,0,0,1,1
-1.673268,-1.057689,0.561611,1.758564,0.257515,-0.616469,-0.193660,0,0,0,0
-0.679247,-1.711754,2.465866,1.266782,1.469288,1.076372,-0.691736,1,0,0,0
-0.302435,-2.302576,2.838233,1.230396,-0.992828,-0.237120,-0.384135,0,0,0,0
-0.277339,-2.236757,2.197958,1.169630,-0.317589,0.204017,-0.552086,0,1,0,0
1.241721,-0.705053,0.551876,-0.311984,0.633626,0.276515,1.371468,0,0,0,0
0.954432,-1.215523,0.925166,-0.147202,-0.294694,1.861240,1.217469,0,0,0,0
0.999854,-1.289436,0.660947,0.550897,0.166716,-0.132334,0.761847,0,0,0,0
0.629619,-2.515988,2.485388,0.833456,-0.499260,0.725203,0.758224,0,0,0,1
1.171088,-1.140417,1.543501,-0.081126,0.506885,0.070701,0.713571,0,0,0,0
0.819056,-1.174290,1.930984,-1.179976,0.539517,-0.049651,0.582143,0,0,0,0
1.166918,-0.722239,1.609055,-0.904099,0.149446,0.768298,0.949399,0,0,0,0
0.469726,-1.741652,1.593052,0.191979,0.991743,0.278690,0.805364,0,0,1,0
1.029581,-1.361145,0.913635,1.328994,0.319807,0.754148,0.081535,0,0,0,0
0.859403,-1.269945,1.341198,0.561142,-0.132289,0.626641,1.236381,1,1,0,0
-0.622175,-0.704641,0.429056,0.652873,0.030333,-1.382505,0.167924,0,0,0,0
-0.236676,0.056086,-0.032409,1.127061,-0.911086,0.574389,1.245477,0,0,0,0
-0.547405,0.840852,-0.324218,1.775140,-0.475820,-0.518822,0.295045,0,0,0,0
-0.951385,0.872049,-0.296710,1.065482,0.666179,0.400915,-0.647675,0,0,1,1
-0.684320,-0.868391,0.377589,1.368254,-0.433803,-1.401281,-0.355447,0,0,0,0
-0.944246,-0.238532,0.700362,1.794065,0.082418,0.019633,0.874238,1,0,0,0
-0.195916,-0.060331,-0.022691,0.056003,-0.249825,-0.630478,-0.912640,0,0,0,0
0.122758,-0.470123,-1.550707,-0.749098,0.625874,0.571724,-1.109128,0,0,0,0
-0.706896,0.364402,-0.452596,-0.794091,-1.225624,-0.659763,-1.608622,0,0,0,0
-0.834572,0.977078,-0.289965,-1.101112,-0.505659,-0.358230,-0.623147,0,0,0,1
-0.878525,1.079422,0.551907,-0.542054,-0.482591,-0.658318,-1.111785,0,0,0,0
0.080109,-0.148566,-0.572779,-0.599726,0.210325,-0.186899,-0.671149,0,0,0,0
-0.866814,1.514597,0.429424,0.559744,0.069664,-0.229898,1.772496,0,0,0,0
-1.011172,0.937454,0.141500,0.199872,-0.226054,-0.657641,-0.280150,1,1,0,0
-0.483126,-0.825706,0.073900,-0.524269,-0.582158,-0.855946,-0.175560,0,0,0,0
0.468337,-1.025625,0.784290,-0.948410,0.841491,0.815782,0.413442,0,0,1,0
-0.381101,-0.084434,-0.200628,-0.877357,-0.270197,-1.224958,-0.101882,0,0,0,0
0.449755,-0.647664,0.650230,-0.477416,-0.513206,0.628433,0.062393,0,0,0,0
-0.692969,1.206222,-0.174605,-0.505370,1.005520,-0.252353,-1.241408,0,0,1,1
-0.262428,-0.761431,0.293983,0.088694,-0.028661,-1.379734,-0.801659,0,0,0,0
0.513915,-0.703684,1.747517,-0.398161,1.264330,0.045648,0.131735,0,0,0,0
-0.341084,-0.789976,1.148096,-1.104801,0.412405,-0.797307,-1.853979,1,1,0,0
-0.128847,-0.144488,1.071043,0.013232,-0.454925,-0.624678,0.514898,0,0,0,0
1.396880,-0.866081,0.934349,-0.778144,-0.025944,3.749484,0.260878,0,0,0,0
1.042208,-0.763502,0.860160,-0.859287,0.665537,0.157659,0.667897,0,0,0,0
0.781315,-1.286128,0.572032,0.984477,0.694774,-0.210210,1.096391,0,0,1,0
1.135277,-0.923534,0.830425,1.391941,1.022017,0.303999,0.586752,0,0,0,0
0.990995,-1.154661,0.154756,0.285993,-0.378909,1.130569,-0.379880,0,0,0,0
0.917394,-1.135835,1.222618,0.121567,0.134177,-0.040151,0.752844,0,0,0,0
1.191271,-1.897868,1.718033,1.179138,-0.988116,0.377251,1.048664,1,0,0,1
-0.208907,-0.477317,0.203812,-0.358713,-0.505210,-0.074128,0.382204,0,0,0,0
0.873540,-1.130516,1.618800,0.186304,0.647749,1.246322,1.263848,0,0,0,0
1.078887,-0.799358,0.885926,-0.550472,0.724775,0.112001,0.833197,0,1,1,0
-0.361408,-0.665851,0.913341,1.355626,-0.552514,-1.055545,-0.611425,0,0,0,0
1.414458,-0.497094,1.341374,-0.761948,0.477915,0.404909,0.349085,0,0,0,0
0.737456,-0.347244,1.002157,-0.963116,0.253916,-0.857362,-0.768989,1,0,0,1
-0.245182,-0.292085,-0.128993,0.623071,-0.600472,-0.624284,-0.413540,0,0,0,0
0.347848,-0.450563,0.987158,-0.024180,0.119689,0.005557,-0.849630,0,0,0,0
-0.049228,0.601821,0.382444,-0.916938,-0.685187,-0.618130,-0.604713,1,1,0,0
0.034040,0.022847,0.495207,-0.428854,-1.604129,-0.391725,0.281081,0,0,0,0
-0.069691,-0.063445,0.105167,-0.682598,-0.558245,-0.679941,0.035339,0,0,0,0
-0.448316,0.995244,0.642747,-0.653315,0.899953,-0.819585,-0.135992,0,0,1,1
0.121054,-0.020348,-0.455191,-0.899212,0.204978,-0.647069,0.004451,0,0,0,0
0.356350,0.186343,0.754476,-0.236073,1.038651,0.127681,1.094867,0,0,0,0
0.483835,0.219824,-0.923284,-0.050113,1.166860,-0.473388,1.124493,1,1,0,0
0.474752,-0.794617,0.934741,-0.556265,0.777100,-0.539371,0.062296,0,0,0,0
1.151777,-0.670662,-0.353374,1.184747,0.125344,0.440514,1.393305,0,0,0,0
0.379846,-0.636488,-1.023328,0.072876,0.594352,-0.731949,0.483569,0,0,1,1
-0.087804,-0.264440,0.162347,-0.327415,-0.314471,-0.067486,0.154093,0,0,0,0
0.889513,-1.222433,-0.276287,0.991890,0.153080,0.752234,0.815672,0,0,0,0
0.767672,-0.109778,-0.188757,0.333099,-0.146833,0.364886,-0.644980,0,0,0,0
0.741210,-0.600215,-0.261906,-0.024871,-0.002385,-0.445818,-0.899772,0,0,1,0
0.215474,0.608949,-0.662221,0.299588,-0.177375,-0.859202,0.142318,0,0,0,0
-0.139835,1.036245,0.339064,0.740868,1.632276,-0.783404,0.304320,1,1,0,0
0.190035,0.107079,0.700575,-0.353893,-1.124002,-0.666444,0.616471,0,0,0,0
0.328809,-0.391710,0.504122,0.629961,-0.428298,0.366921,-0.529942,0,0,0,1
0.441952,-0.106819,0.227887,-0.297113,0.693986,-0.362314,0.637273,0,0,0,0
-0.298066,0.792120,-0.068727,-0.200544,-0.658529,-0.101650,-0.339812,0,0,1,0
-0.470871,0.835055,-0.766960,0.318352,0.604644,0.390271,0.125806,0,0,0,0
0.135259,0.337940,-0.173661,0.524978,-1.004258,1.992780,-0.420002,0,1,0,0
0.197826,0.107913,0.235163,0.716906,-0.512083,-0.839601,0.781777,0,0,0,0
-0.752729,0.572318,0.239687,0.354813,-0.346904,0.145276,-1.174823,1,0,0,0
-0.548615,0.604203,0.505127,-1.558034,0.475595,-1.277560,0.218517,0,0,0,0
-0.181333,0.162703,0.060409,-0.172473,-1.213177,0.763705,-0.192055,0,0,0,1
0.305466,-0.031171,0.994337,-0.064112,-0.150775,-1.001790,0.587901,0,0,0,0
0.207614,0.925889,-0.291361,-0.039428,-0.066399,0.633059,-0.877948,1,0,1,0
-0.418740,-0.465609,-0.065806,-0.453271,-0.008509,-1.137456,-0.292309,0,0,0,0
0.245359,-0.648299,0.069814,0.997245,-0.880972,0.881027,-0.804542,0,1,0,0
0.032013,-0.488863,0.624233,0.691083,-0.282432,-1.136387,0.490909,0,0,0,0
-0.354577,0.349599,0.729282,-0.582415,0.023941,0.252072,-1.093111,0,0,0,1
-0.291669,0.234213,0.054289,-0.868317,-0.004406,-0.661619,0.535397,0,0,0,0
0.377575,0.120876,0.134261,-0.948874,-0.604086,1.036810,-0.697773,1,0,0,0
0.356272,0.026371,0.490702,-0.699461,-0.516856,-0.803357,0.605567,0,0,0,0
-0.337910,0.793924,0.208160,-0.128254,-0.214654,-0.057382,-0.493813,0,1,0,0
-0.719123,1.177644,0.290682,-0.985170,-0.305830,-0.575498,0.496376,0,0,0,0
-0.314498,-0.068464,-0.015059,0.409025,-0.757534,1.259838,-0.859522,0,0,1,0
0.111010,0.214063,0.977938,-0.204463,-0.869464,-1.096368,0.638706,0,0,0,0
-0.587999,1.478188,0.258405,0.367524,0.314087,-0.059987,-0.729861,1,0,0,0
-0.484118,0.515466,-0.021564,-0.891804,0.055272,-0.860141,-0.431939,0,0,0,0
-0.037057,0.051471,0.563460,-0.120326,0.050357,0.910465,-0.545385,0,1,0,0
-0.024474,-0.052621,0.155771,-0.234663,0.536755,-0.975250,-0.593931,0,0,0,0
-0.932091,0.418892,0.081411,0.190067,0.198970,-0.019233,-1.248233,0,0,1,1
0.036518,0.705135,1.066524,-0.932061,-1.389906,-0.517051,0.736804,0,0,0,0
0.286251,0.233701,0.480943,-0.249398,-1.434769,0.305735,0.652391,1,0,0,0
-0.178583,0.605905,0.877143,-0.541375,-0.454135,-0.897753,0.520653,0,0,0,0
-0.368880,0.590835,0.633168,1.060495,-0.820130,-0.732638,0.468460,0,0,0,1
-0.444985,0.261842,0.182368,-0.987632,-0.781721,-0.896781,0.464450,0,0,0,0
-0.287113,0.056128,0.449815,0.168018,-0.370153,-0.328605,0.036486,0,0,1,0
-0.186192,0.817397,0.259380,0.031067,-0.444037,-0.920468,0.376039,0,0,0,0
-0.424737,0.669040,0.317517,0.574430,-0.650972,-0.710939,0.003940,0,1,0,0
-0.888323,0.919090,0.771141,0.266087,-0.282949,-0.824237,0.603984,0,0,0,0
-0.612678,0.516813,1.304264,0.784368,-0.050285,-0.856118,-0.049560,1,0,0,0
-0.192472,0.790754,0.592482,-0.256818,-0.179082,-0.725201,0.664262,0,0,0,0
-0.631074,0.875522,0.750952,1.118178,-0.538066,-0.264373,0.367099,0,0,0,1
-0.668462,0.324290,1.076091,0.072481,0.014522,-0.995446,0.155139,0,0,0,0
-0.281097,0.191464,0.743012,0.823152,-0.707975,-0.393945,0.132564,0,0,1,0
-0.249757,0.559833,1.152956,0.177923,-0.722942,-0.745680,0.875621,0,0,0,0
-0.478348,0.196677,1.297571,0.713670,-1.158359,-0.845436,0.062440,1,0,0,0
0.222135,-0.519934,-0.715527,0.350109,-0.541153,-0.698778,-1.521185,0,0,0,0
-0.461285,-0.109889,0.948821,0.900786,-1.086866,3.441454,-0.909577,0,1,0,0
0.573297,-0.761930,-0.054537,0.105957,-0.306536,-0.915968,-1.134979,0,0,0,0
-0.517200,-0.379052,0.344103,1.268083,-0.329718,1.590646,-1.070289,0,0,1,0
0.673984,-0.706994,-0.479316,-0.858438,-1.146156,-0.676437,0.077535,0,0,0,0
-0.326267,-0.386091,0.053764,-0.440380,-2.139665,3.301908,-0.861434,0,0,0,1
0.906072,-0.711714,-0.237266,-0.116294,-0.916972,-0.910441,-0.762330,0,0,0,0
-0.042662,-0.526277,-0.660602,0.561016,-1.178031,1.819774,0.077107,0,1,0,0
0.841896,-0.579393,-0.345198,-0.311668,-0.985467,-0.432052,-0.490217,0,0,0,0
-0.150781,-0.887507,0.454685,0.215249,-0.786037,2.222454,-0.417017,0,0,1,0
0.851021,-0.618199,-0.329322,-0.227046,-0.982377,-0.892432,-0.230650,0,0,0,0
-0.286332,-1.168630,-0.094859,-0.025163,-1.191958,2.020627,-0.532615,1,0,0,0
1.073184,-0.663090,-0.383782,-0.317291,-1.408402,0.360616,-0.246408,0,0,0,0
0.072733,-1.118908,-0.112447,-0.844091,-0.781427,2.544307,-0.091159,0,1,0,0
1.345738,-1.363209,-0.215414,-0.429037,0.006076,0.638467,-0.295502,0,0,0,0
0.574472,-1.931978,0.605939,-1.377652,-0.336553,2.469376,-0.154471,0,0,0,1
-2.586540,-0.126263,0.705069,-2.391125,-1.557405,-1.122073,-1.631682,0,0,0,0
-2.572465,0.466971,0.507866,-1.692452,-1.917661,1.137079,-1.397276,0,0,0,0
-3.003759,-0.100763,0.434668,-2.471413,-2.011413,-0.496545,-2.759852,0,0,0,0
-3.331318,0.080246,0.857234,-1.607878,-1.119810,-0.111509,-3.118972,0,0,0,1
-3.524662,0.157377,-0.241740,-2.939393,-1.595342,-0.396431,-2.823226,0,0,0,0
-3.516026,0.460689,0.640161,-1.855814,-1.779767,0.813952,-1.993039,1,0,0,0
-2.580945,0.535069,-1.905362,-2.753648,0.710609,0.028109,-2.880768,0,0,0,0
-3.583764,0.043699,-0.413521,-2.551316,-1.553664,0.398700,-3.497244,0,0,0,1
-3.622698,0.055414,-0.759803,-1.433950,-1.599291,0.029938,-2.609612,0,0,0,0
-3.014823,0.561567,-1.284753,-0.760366,-0.637791,-0.407517,-3.104744,1,0,0,0
-2.980887,0.112128,-1.499341,-0.895754,-1.661380,-0.387340,-2.650748,0,0,0,0
-2.425043,0.730369,-1.639782,-0.343024,-1.571692,0.276037,-2.861003,0,0,0,1
-2.156226,0.411869,-2.396145,-0.318543,-1.823846,-0.150679,-2.585247,0,0,0,0
-1.798174,0.513642,-1.722816,-0.019432,-2.985990,1.279700,-2.402619,1,0,0,0
-1.344751,0.304273,-2.577914,-0.345665,-2.326037,-0.389834,-2.245437,0,0,0,0
-0.861720,-0.041384,-2.613176,-0.948979,-2.438577,0.868781,-2.086057,0,0,0,1
-0.887825,-0.067143,-2.551051,-1.130247,-2.865639,-0.070499,-1.368760,0,0,0,0
-0.591158,-0.045730,-2.450504,-0.205549,-2.926992,0.341833,-1.365402,1,0,0,0
-0.403069,0.006750,-2.376159,-1.103369,-3.226526,-0.079536,-1.607841,0,0,0,0
-0.064359,-0.265178,-2.330502,-0.390720,-2.337303,1.535447,-1.091231,0,0,0,1
0.006643,-0.635284,-2.288823,-1.949000,-3.678156,0.032045,-0.551830,0,0,0,0
0.149545,-0.503644,-2.285848,-1.335977,-4.043130,0.596956,-0.979126,0,0,0,0
0.356176,-0.895174,-2.346330,-1.860864,-3.088293,0.432705,-0.776378,0,0,0,0
0.263619,-1.207465,-0.335277,-0.256658,-2.012105,0.164771,-1.301256,1,0,0,0
-2.187671,1.563942,-0.179463,-3.222088,-2.179788,0.776053,-1.452439,0,0,0,0
-1.388348,2.315933,-0.763895,-3.610483,-3.255006,1.016947,0.370129,0,0,0,0
-2.009775,1.131869,-1.314100,-3.245089,-3.441233,0.127459,0.144065,0,0,0,0
-3.840436,1.822685,0.723652,-1.748263,-0.787637,-0.015996,0.066728,0,1,0,0
-1.051998,0.608274,-2.405376,-2.838475,-3.148202,0.910639,0.253361,0,0,0,0
-1.154814,2.026452,-2.179969,-2.157667,-0.619067,-0.176600,-0.282951,0,0,0,0
-3.299843,1.879704,1.129599,-0.776050,0.331245,0.594845,-2.223054,0,0,0,0
-0.797285,-2.755133,3.167532,-0.170580,-2.209747,3.305742,-0.381227,0,0,1,1
0.805605,-0.955656,1.642360,1.209105,-1.237117,-0.730697,0.972262,0,0,0,0
1.207601,-0.618467,1.652139,-0.224888,0.422445,0.366647,0.886769,0,0,0,0
1.047314,-0.925148,1.299150,-0.627763,-0.041113,-0.456467,0.558842,0,0,0,0
0.727709,-0.573898,1.249714,-0.666246,-0.825016,-0.852289,0.153108,1,1,0,0
-0.312624,-0.303672,1.419371,0.853305,-0.963943,-0.535081,0.293637,0,0,0,0
1.091148,-0.434653,0.834516,-0.038679,-0.712226,0.469711,1.072609,0,0,1,0
0.960232,-0.715170,1.147662,0.817550,-0.308529,-0.537887,0.608828,0,0,0,0
1.326174,-1.274028,0.597328,2.775759,-1.787240,0.004664,0.591427,1,0,0,1
0.145911,-0.109404,-0.193548,0.416846,1.999512,-0.119990,1.186270,0,0,0,0
0.597287,-0.250765,0.275019,0.894110,1.289803,0.196479,1.000926,0,0,0,0
0.897045,-0.479105,-0.470800,1.439960,-0.105708,-0.551964,0.554436,0,0,0,0
0.830373,-0.305028,-0.074902,0.672260,0.021763,-0.590154,1.227144,0,0,1,1
-0.496753,-0.081844,-0.371125,0.371991,1.560138,-0.856160,0.576138,0,0,0,0
0.513846,-0.803111,-0.738410,1.142151,0.286596,0.079091,0.730020,0,1,0,0
0.809087,0.169390,-0.970148,1.368717,0.103392,-0.591206,0.934557,0,0,0,0
0.495002,-0.027986,-0.066452,1.182111,0.264237,-0.693403,0.784822,1,0,0,1
-0.189112,0.445415,0.012314,0.167037,0.782245,-0.484902,0.778648,0,0,0,0
0.748482,0.058383,-0.647497,1.035251,1.065233,0.930917,0.916550,0,0,0,0
1.036298,-0.425311,0.320808,0.232041,1.466878,0.366635,0.934537,0,0,0,0
1.012874,-1.421678,1.270503,-0.491060,2.239062,0.183615,0.227610,0,1,1,0
-1.103663,0.609427,0.381567,-0.810582,0.878879,-0.838493,-0.210725,0,0,0,0
0.480733,-0.535694,-0.395285,1.244642,0.717856,1.103837,0.415783,0,0,0,1
0.529741,-0.476576,-0.258397,1.754511,1.425948,-0.099907,0.107654,0,0,0,0
0.396354,-0.424017,0.227637,1.245828,1.763508,-0.389453,0.473869,1,1,0,0
-0.394807,0.349043,-0.943725,0.656090,2.005136,-0.786456,1.515859,0,0,0,0
0.477769,-0.246100,-1.194064,1.652551,1.221436,0.806409,1.037286,0,0,0,0
0.626194,0.219521,-1.523639,0.588979,0.404092,-0.042369,1.083459,0,0,0,0
-0.311963,0.133872,-0.882276,0.740819,0.592091,-0.727521,-0.268920,0,0,1,1
-0.185382,0.452544,-1.253394,-1.500032,-0.787855,0.268922,1.409073,0,0,0,0
0.676521,0.422028,-0.863324,-0.935724,-1.137183,0.956966,0.937036,1,0,0,0
0.208632,0.161119,-1.005111,-0.201655,-0.213320,-0.083059,0.316769,0,0,0,0
0.524200,0.027005,0.038865,-0.051319,0.395186,-0.108892,0.562755,0,1,1,0
-0.179804,1.387526,-1.506079,0.733065,-0.309044,-0.673200,1.113093,0,0,0,0
0.657440,0.651279,-1.058877,-0.227377,-1.374717,-0.255659,0.524598,0,0,0,0
0.975734,-0.105949,-0.385342,-0.740118,0.447813,0.579487,1.319535,0,0,0,0
0.508642,-0.255065,0.308889,-1.492296,1.905571,-0.023904,-0.500228,0,1,0,1
-0.490606,1.531155,-1.421245,-0.531743,0.831494,-0.343933,1.270203,0,0,0,0
0.765538,0.749199,-1.877800,-0.327029,0.481602,0.557445,0.686421,0,0,1,0
0.798060,0.282798,-0.257941,-0.569751,1.525535,-0.230382,1.116483,0,0,0,0
1.167348,0.102242,-0.070443,0.543671,1.506473,-0.248494,0.914884,1,1,0,0
-0.600335,2.323058,-0.643226,-0.931707,0.325211,-0.172086,1.579057,0,0,0,0
-0.023129,1.151082,-1.060703,-0.471081,-1.357475,0.298754,0.776977,0,0,0,0
0.773290,0.906629,-1.025109,-0.007548,-1.199002,-0.566938,1.570789,0,0,0,0
0.384640,0.779139,-0.332115,1.167148,-0.797602,-0.838144,0.150773,0,0,1,1
-0.523964,1.982939,-2.340792,-0.592434,0.321809,-0.322233,1.043191,0,0,0,0
0.503043,0.678192,-1.583278,-0.738464,-0.635225,1.345864,0.400736,0,1,0,0
0.961653,0.145090,-1.009950,-0.591791,-0.412727,0.109462,0.542921,0,0,0,0
0.142366,0.107018,0.403896,1.198583,1.364546,-0.395775,-0.146108,1,0,1,0
-0.370170,2.576352,-1.474096,-0.499932,-0.627964,-0.330198,1.324694,0,0,0,0
0.542772,0.678285,-1.260677,-0.190870,-0.659066,1.065497,0.672068,0,0,0,0
1.099863,0.210303,0.452846,-0.535981,0.352004,-0.120224,1.552253,0,0,0,0
0.577430,0.952433,-0.590213,-0.426002,0.722800,-0.537658,0.851400,0,1,0,1
-0.897502,2.131664,-2.147292,-1.959537,0.349194,-1.056369,0.880300,0,0,0,0
0.415712,1.084702,-1.088880,0.379739,-1.404707,1.209844,1.333811,0,0,1,0
0.611723,1.071553,-0.883700,-0.242076,-1.315034,0.443526,1.145455,0,0,0,0
0.447948,0.633633,-0.885822,0.726071,-1.352267,-0.633252,0.415854,1,1,0,0
-0.766753,1.354983,-2.069588,0.553238,1.466155,-1.063912,0.558856,0,0,0,0
0.726192,0.483884,-1.301818,1.852599,1.056689,1.633217,0.840312,0,0,0,0
0.706945,0.203115,-0.579475,0.885628,0.425256,-0.977669,0.999310,0,0,0,0
0.688724,0.357724,-0.435144,-0.120837,0.913982,-0.747495,0.158669,1,0,0,1
-1.313351,1.811990,-0.798942,-0.076386,0.134668,-0.924298,-0.087754,0,0,0,0
0.421437,0.646208,-0.262580,0.782502,0.489866,0.906992,0.523246,0,1,0,0
-0.174855,0.966204,-0.414265,1.736102,0.419094,-0.886187,0.444184,0,0,0,0
0.075032,0.295534,-0.404825,2.303311,0.436299,-0.080192,0.152134,0,0,1,0
-0.145089,2.035539,-2.360388,0.106138,0.523001,0.196564,1.241423,0,0,0,0
0.561712,0.836832,-1.103960,-0.288201,0.419117,0.481002,0.588559,0,1,0,0
-0.258066,1.768261,-1.148138,-0.619183,0.188757,-0.877353,0.539357,0,0,0,0
0.309642,1.525535,-1.100216,-0.095970,0.413705,0.410316,0.491012,1,0,0,1
0.333271,0.786960,-0.657255,-0.094072,-1.035414,-0.330874,0.929112,0,0,0,0
0.856110,0.492701,-0.667785,1.394964,-1.102345,0.014016,0.698595,0,0,0,0
0.665100,0.808873,-0.655588,0.383896,-0.336831,-0.749641,1.093892,0,0,0,0
0.803418,0.327203,-0.168094,-0.548280,-0.862880,0.221191,0.745091,0,0,1,0
-0.332275,2.186874,-0.932134,-1.048273,-0.849934,-0.397033,1.184063,0,0,0,0
0.622173,1.417632,-0.523782,-0.790971,-0.893153,0.507165,0.950371,1,0,0,0
1.270704,-0.445801,0.879289,-0.205971,-1.613501,-0.429931,1.102140,0,0,0,0
1.211115,-0.637350,0.785072,-0.234319,-1.325130,-0.470258,0.929219,0,1,0,0
-0.340719,1.732735,-1.711340,-2.152432,-1.210969,-0.505252,0.750607,0,0,0,0
0.556637,1.227021,-1.353877,-0.036237,-1.396106,0.182155,0.389548,0,0,0,1
1.026221,0.630928,-1.524039,-0.920174,-1.510418,-0.747820,1.316238,0,0,0,0
0.418214,0.673095,-0.904150,-0.902513,-0.238227,-0.843201,0.547433,1,0,0,0
-0.153918,1.468645,-1.763225,-1.972877,-1.259265,-0.187713,0.939815,0,0,0,0
0.906832,0.201625,-0.884715,-1.429984,-0.780652,-0.011144,0.944247,0,0,1,0
0.923487,0.167059,0.436640,-2.078626,-0.275862,-0.212903,1.096774,0,0,0,0
1.396197,-0.088606,0.408912,-2.841134,-0.301816,0.821600,1.147392,0,1,0,0
-0.210211,1.798506,-1.090273,-1.784317,-1.188654,-0.602673,1.360841,0,0,0,0
0.270021,1.586556,-1.086837,-0.375337,-1.136522,-0.112484,1.306887,0,0,0,1
0.810326,0.977476,-1.342773,-0.625508,-1.778328,-0.432991,1.154542,0,0,0,0
0.668141,0.784462,-0.665726,-0.479959,-2.238516,-0.175625,1.135493,0,0,1,0
-0.363266,2.252970,-1.982309,-2.124833,-1.812542,-0.262821,1.003451,0,0,0,0
0.777419,0.924462,-0.769531,-0.765888,-1.337941,0.504644,0.917950,1,0,0,0
1.063669,1.074765,-0.438248,-1.244474,-1.092009,0.131942,1.185712,0,0,0,0
0.527603,0.985410,-0.565968,-2.013619,-0.742973,0.839254,1.095146,0,0,0,1
-0.495387,2.330086,-1.177999,-2.093623,-2.217079,-0.486515,0.929805,0,0,0,0
0.736574,0.601602,-0.821192,-0.629833,-1.598593,-0.140313,1.158563,0,0,1,0
0.997309,0.335142,-0.519388,-0.568539,-1.395648,0.105630,1.100753,0,0,0,0
0.851254,0.201244,-0.190469,-0.896999,-0.581581,-0.009156,0.462242,0,1,0,0
-0.801392,1.707841,-1.740805,0.851361,0.237643,-0.432661,0.331638,0,0,0,0
0.501128,0.504436,-0.820642,0.424241,0.332755,0.162059,0.190893,1,0,0,0
0.925839,0.356889,0.332294,-0.425451,-0.163190,-0.651231,0.797837,0,0,0,0
0.673898,-1.139175,1.180363,-0.503462,-0.541230,-0.483635,-0.282954,0,0,1,0
-0.858409,1.716923,-1.027810,-1.768865,-0.262656,-1.207132,0.195937,0,0,0,0
0.436339,0.489424,-0.728009,0.126425,-0.679769,1.120246,0.122291,0,0,0,1
0.608445,-0.366532,0.375611,-1.021160,0.564541,-0.382760,0.495733,0,0,0,0
0.720919,-0.241791,-0.327829,-1.314289,-0.755130,-0.399594,-0.179049,1,0,0,0
-0.600051,1.622394,-2.172907,-0.519923,-0.220078,-0.601106,0.036868,0,0,0,0
-0.142709,0.523869,-0.702551,0.277963,0.487978,1.351848,0.278533,0,1,0,0
0.534078,0.102783,-1.166433,0.650217,-0.588536,-0.794900,0.571191,0,0,0,0
0.582386,-0.503948,0.242783,0.933340,-1.692228,-0.363158,0.380838,0,0,0,1
-0.886674,1.702573,-1.893303,-1.379512,-0.590907,-0.434992,0.220165,0,0,0,0
0.522758,0.627743,-0.299354,0.145700,-0.729995,1.310617,0.419831,0,0,1,0
0.577242,0.241554,0.038263,0.039637,-0.587899,-0.963412,0.936934,0,0,0,0
0.237088,0.473339,0.828375,-0.359463,0.062579,-0.985711,0.575415,1,1,0,0
-0.721187,1.257034,-1.511025,-0.518795,-0.728875,-0.493074,0.354164,0,0,0,0
0.534922,0.513935,-0.776559,0.218269,-0.330682,0.192968,0.680935,0,0,0,1
-0.599570,0.956227,-0.939648,-1.101283,-0.994042,-0.849774,0.490054,0,0,0,0
0.026060,0.787736,-0.542166,0.178852,-0.796263,0.064461,0.733309,0,0,0,0
0.692342,0.171799,-0.691662,0.234889,-0.872154,-0.413226,-0.402552,1,0,1,0
-0.868526,0.892232,-0.940170,-0.311771,-0.474483,-0.884699,0.384805,0,0,0,0
0.106266,0.750600,-0.598691,0.293017,-0.568539,-0.424540,0.608924,0,0,0,0
1.544769,-0.156574,-1.071085,1.286439,-0.711023,0.950190,0.988631,0,1,0,0
0.006691,1.781984,-1.720989,0.970809,-0.470490,-0.134270,0.720161,0,0,0,0
0.297701,1.579021,-0.654734,0.565093,0.160863,0.262303,1.350491,0,0,0,0
1.001057,0.563100,-0.243631,0.404156,0.092197,-0.213833,1.297803,0,0,1,1
-0.683291,1.130680,-1.465303,-0.910230,-1.583462,-0.810199,0.201382,0,0,0,0
0.782858,1.078714,-0.643949,0.379853,-2.817512,0.811034,0.908089,0,0,0,0
0.858555,1.277805,-0.129212,0.460362,-1.753458,-0.023797,1.244133,1,1,0,0
0.821955,-1.470262,0.455749,1.762920,-3.072354,-0.004250,0.573105,0,0,0,0
1.163494,-1.165088,0.214780,2.263131,-2.204891,0.274453,0.361168,0,0,1,0
0.512065,1.192198,-1.478734,-0.226679,0.717854,1.267909,0.725367,0,0,0,0
0.838819,0.603879,-1.556983,0.997253,0.478437,-0.081427,0.802121,0,0,0,0
0.635296,0.542016,-0.338274,0.311940,-0.304244,-0.019490,1.012991,0,0,0,0
0.274784,1.098710,0.133986,0.530237,0.210321,-0.305542,1.126715,1,0,0,1
0.282875,-0.082409,-0.411399,1.415388,0.841305,-0.743074,0.739888,0,0,0,0
0.924842,0.288426,-1.293242,0.858931,-0.629908,0.056468,1.102633,0,0,0,0
0.572208,0.616845,-1.273100,1.245481,0.467112,-0.902292,0.866689,0,0,0,0
0.674820,0.682863,-0.308918,0.899909,-1.366676,-0.562589,0.851886,0,0,1,1
0.177840,0.984534,-0.931441,-0.528829,-0.031238,-0.337770,1.068212,0,0,0,0
0.680884,1.281513,-1.855205,0.762425,-0.602768,0.386679,1.287328,0,1,0,0
0.782939,0.579700,-0.829526,0.207467,-0.619879,-0.599343,1.625668,0,0,0,0
0.615372,0.605027,-1.111980,0.001826,-0.295803,-0.317851,1.356010,1,0,0,1
-0.250278,0.854623,-0.650540,-0.285009,0.020928,-0.968656,1.231557,0,0,0,0
0.726151,0.684884,-1.712088,0.348083,-0.374768,0.359999,1.453804,0,0,0,0
0.585420,-0.119734,0.247558,0.625626,-1.048921,-0.388907,0.470823,0,0,0,0
0.658975,-1.460979,1.691660,-0.631201,-1.139955,0.021886,0.167024,1,1,0,0
0.078534,1.374786,-0.267494,-0.363732,-0.868098,-0.498794,1.779438,0,0,0,0
0.764724,0.893854,-0.755249,-0.318823,-0.698416,-0.370350,0.872436,0,0,1,0
0.966061,-0.094712,0.491212,-1.621216,-0.284731,0.128015,1.513164,0,0,0,0
0.872216,-0.072673,1.462634,-2.626915,0.530248,0.254808,1.150861,1,0,0,1
-0.328594,0.817437,-0.014863,-0.855472,-1.512122,-0.598787,0.588027,0,0,0,0
0.669193,-0.365786,-0.795488,0.722610,0.599977,0.198568,0.737954,0,0,0,0
0.104655,0.579750,0.139468,0.171215,0.131772,-0.366418,0.188834,0,0,0,0
0.337097,0.623324,0.528859,0.962696,0.147052,0.032890,0.584960,0,1,1,0
0.426148,0.758685,-1.156055,-0.531021,-1.270608,-0.377813,0.771438,0,0,0,0
0.798242,0.369237,-1.063793,-0.298451,-1.695681,0.523612,1.227662,1,0,0,0
0.528217,0.340230,-0.464178,-0.244722,-1.597762,-0.432674,2.092378,0,0,0,0
-0.546997,0.176970,0.374860,-0.160472,0.493666,-0.618252,-0.566683,0,0,1,1
-0.352965,0.971166,0.137345,-0.868484,-2.318923,-0.294433,1.282955,0,0,0,0
0.628846,0.565677,-0.505828,-0.545273,-1.903668,-0.327688,0.791413,0,0,0,0
0.206200,0.479203,-0.202659,-0.889947,-0.479825,-0.074788,0.363497,0,0,0,0
0.617990,-0.666558,0.505532,-0.059271,-0.781151,-0.435188,-0.333456,1,1,0,0
-0.061513,1.827818,-0.490336,-0.961331,-0.365398,-0.611807,1.785697,0,0,0,0
0.622911,0.606355,-1.145390,-0.066085,-1.347413,0.251394,1.147834,0,0,0,1
0.713956,-0.237955,-0.179910,-0.545730,-0.233472,-0.239730,1.402474,0,0,0,0
0.248444,-0.045253,0.672402,-2.339039,-0.367199,-0.561088,0.704131,0,1,1,0
-0.493704,1.462725,-0.153775,-1.845090,-1.931855,-0.498794,1.719563,0,0,0,0
1.038574,0.116847,-1.371841,-0.745667,-0.813475,0.226384,0.475571,0,0,0,0
0.759573,0.062168,0.372971,-0.464582,-0.390440,-0.135529,1.074151,0,0,0,0
0.951858,0.123559,-0.182858,-0.814609,-0.988910,0.047158,0.521466,1,0,1,0
-0.285995,1.399299,-1.051372,0.228208,0.822336,-0.227584,0.624442,0,0,0,0
0.457621,0.720413,-0.970619,-0.096057,-0.380515,0.430775,0.448217,0,1,0,0
0.787964,0.497547,-1.119121,0.124232,-0.508001,-0.606984,0.808952,0,0,0,0
0.611986,0.906656,-1.143664,0.440911,-0.801551,-0.865021,0.206649,0,0,1,1
-0.242891,1.012828,-1.029938,-1.255219,-0.812846,-0.312433,1.384773,0,0,0,0
0.716924,0.106153,-2.216342,-0.659600,-1.724256,0.785721,0.565174,0,0,0,0
1.345602,-0.799235,-0.289522,0.321592,0.079837,-0.597172,1.259325,0,0,0,0
0.879557,-1.404470,1.801569,0.507127,-0.367136,2.471580,1.131538,1,1,0,0
0.685812,0.706449,-0.392781,-0.480839,-0.666560,0.385786,1.055569,0,0,0,0
1.113435,0.217548,-1.296425,-0.431680,-0.500010,0.753405,1.631304,0,0,0,0
1.654689,-0.645946,0.313482,-0.901056,0.373219,-0.201630,1.195485,0,0,0,0
0.442435,-0.010687,0.650054,-0.112559,0.149631,-0.422857,0.846496,0,1,0,1
0.221724,0.101288,-1.011483,-0.146468,-0.076076,0.394393,1.478121,0,0,0,0
1.003520,-0.320922,-0.404007,1.394407,1.767128,3.878968,1.326202,0,0,1,0
1.316369,-0.580010,-0.755572,0.674414,0.975422,-0.573429,1.211680,0,0,0,0
0.508937,0.255928,-0.709245,1.041784,-0.018989,-0.531006,1.092441,1,1,0,0
0.064000,-0.006299,-0.694027,-0.919655,-1.040290,-0.498828,1.077620,0,0,0,0
1.070987,0.204651,-0.344450,0.211287,-0.405631,3.721839,1.484182,0,0,0,0
1.551386,0.197894,0.271623,-0.344686,-1.232967,-0.929075,1.812452,0,0,0,0
0.796280,-1.078908,1.371712,0.207325,-1.026017,-0.563271,0.794191,1,0,0,1
0.306308,0.225321,-0.609152,-1.020058,-0.355684,-0.139140,1.096503,0,0,0,0
1.163442,0.039942,-0.513389,0.139067,0.235395,3.467726,0.952598,0,1,0,0
1.239285,0.029410,-0.081412,0.545486,-0.878928,0.396547,1.584714,0,0,0,0
0.575351,0.143446,-0.756418,0.881164,-0.494075,-0.640637,1.089331,0,0,1,1
0.529552,0.442792,-0.817758,-0.925633,-0.162157,0.333634,1.157260,0,0,0,0
0.898245,0.503042,-0.619666,0.449701,-0.366256,0.077053,1.706838,1,0,0,0
1.082851,-0.005987,0.929494,-1.083792,0.571742,-0.695703,1.552129,0,0,0,0
0.603845,0.841587,0.222732,-0.588617,0.188333,-0.100339,1.586839,0,0,0,1
-0.141800,1.371896,-0.327753,0.190680,0.063211,-0.357439,1.513016,0,0,0,0
0.680261,0.470153,-0.763484,0.903083,-0.523732,0.150815,1.411914,1,0,0,0
0.892090,0.839496,-0.415839,0.261698,0.234262,-0.752798,1.297968,0,0,0,0
0.587882,0.905195,0.030007,0.694729,-0.936527,-0.848547,1.515512,0,0,1,0
-0.023694,1.076143,0.138379,0.831568,-0.671453,-0.495369,1.280092,0,0,0,0
0.548809,0.861152,-1.639050,0.712493,-0.175321,0.677147,1.252577,0,1,0,0
0.886458,0.233032,0.113475,0.363229,-0.299165,-0.471813,1.263649,0,0,0,0
0.957298,-0.974870,0.408666,0.277182,-1.590627,0.221768,1.480323,0,0,1,0
-0.249990,1.657015,-0.806736,-0.025591,-2.096399,-0.231572,1.076746,0,0,0,0
0.568273,0.498448,-0.895137,0.438562,-0.593016,0.465107,1.675342,0,1,0,0
0.805630,0.486962,-0.405037,0.814912,-0.397241,-0.621008,1.529120,0,0,0,0
0.266665,0.346133,0.143091,-0.015053,-0.376437,-0.312582,1.680636,1,0,0,0
0.490080,0.703344,-0.709727,-0.596039,-2.151282,-0.303236,1.792082,0,0,0,0
0.752453,0.590334,-1.052338,0.323381,-1.904044,0.059058,0.850376,0,0,1,0
1.188682,0.053033,0.660192,-0.284528,-0.057533,-0.150263,1.014573,0,0,0,0
0.981523,-0.315335,1.084805,-0.690287,1.118084,0.222685,1.319279,1,0,0,0
-0.034743,1.703899,-0.267588,-0.208888,-1.610144,-0.536925,1.594501,0,0,0,0
0.856089,0.449757,-0.349122,0.386170,-0.604138,0.569076,1.240063,0,0,1,0
0.721479,1.012733,-0.770541,0.669535,-0.843883,-0.516192,1.182155,0,0,0,0
0.687940,0.533370,-0.274256,0.638974,-0.395565,-0.411290,1.252891,1,0,0,0
-0.006949,0.952753,-0.495827,-0.688187,-1.373719,-0.367120,0.979292,0,0,0,0
0.765786,0.608576,-1.385196,0.604336,-1.223171,0.258068,1.035998,0,0,0,1
0.743559,0.805748,-0.306203,0.248847,0.155211,-0.749616,1.502751,0,0,0,0
0.767630,0.520087,-0.620387,0.146851,-0.490259,-0.551668,1.887585,1,0,0,0
-0.040610,0.985152,-1.377508,-1.654777,-1.810266,0.995668,0.408896,0,0,0,0
0.988796,0.356590,-1.132666,-0.256047,-0.812262,-0.537532,1.190646,0,0,0,1
0.636026,0.630701,-0.256805,-0.390849,-0.485730,-0.862322,1.545844,0,0,0,0
0.604554,0.583316,-0.403214,0.429523,-1.181992,-0.300816,1.472996,0,1,0,0
0.038658,0.722558,-0.176250,-1.538330,-1.773155,-0.712827,1.468527,0,0,0,0
0.703784,0.733475,-0.347677,0.191352,-1.607956,-0.516179,1.724081,0,0,0,1
1.080506,-0.012006,-0.132818,-0.777621,-0.571787,-0.563130,1.975278,0,0,0,0
0.718517,0.389843,0.796465,-1.730549,0.123366,-0.485347,1.696095,0,1,0,0
-0.757072,0.761756,-1.093872,-0.583951,-0.825852,-0.841146,0.573997,0,0,0,0
0.443432,0.565960,-0.087496,0.751556,-0.612086,-0.101827,1.346170,0,0,0,1
1.010448,-0.145814,0.608048,-0.615962,-0.436674,-0.951279,1.835658,0,0,0,0
0.164022,0.207441,0.633736,-0.817333,-0.917705,-1.157879,1.072276,0,1,0,0
0.002726,0.320193,0.174013,-1.031873,-0.931159,-0.354576,0.159721,0,0,0,0
0.787371,0.412638,0.006016,-0.059535,-1.227750,-0.403374,1.302691,0,0,1,0
0.613546,0.553954,0.033150,0.443057,-0.879432,-0.799627,1.369765,0,0,0,0
0.697640,0.028800,0.021327,-0.115516,-0.668665,-0.793788,1.065112,0,1,0,0
-0.055402,0.399642,0.206906,-0.844297,-0.832757,-0.868635,0.098128,0,0,0,0
0.659567,-0.049233,0.607233,-0.287749,-0.217595,-0.517526,1.176725,0,0,0,1
0.785157,0.258691,0.775265,-0.739462,-0.518916,-0.913604,1.185865,0,0,0,0
0.644057,-0.591542,0.892910,0.441113,0.296271,-0.897532,0.919577,1,0,0,0
1.398581,-0.395117,0.401817,-0.484199,-0.338694,-0.674712,0.978993,0,0,0,0
1.763880,-0.173002,0.669365,-0.639783,-0.951257,-0.223191,1.793898,0,1,0,0
1.743632,-0.484467,0.634953,-0.312429,0.355455,0.063825,1.329492,0,0,0,0
1.516334,0.016914,0.480087,0.120098,-0.076292,-0.482955,0.863569,0,0,1,0
1.147651,-0.672769,0.506894,-1.165220,-0.273683,-0.841577,-0.109125,0,0,0,0
1.508785,-0.066511,0.463794,0.145014,-0.835599,-0.194656,0.927946,0,0,0,1
1.729507,-0.441573,0.510798,-0.438517,-0.239964,-0.260104,0.761006,0,0,0,0
1.746095,-1.068037,0.823100,0.517863,-0.711591,0.104542,0.738370,0,0,1,0
1.216161,-0.269889,-0.226626,-0.801869,0.439590,-0.108919,-0.039393,0,0,0,0
1.587753,-0.520413,0.321705,0.490381,1.622530,0.372085,0.886284,0,1,0,0
1.606624,-0.222470,0.292764,0.165141,0.472213,-0.572593,0.893873,0,0,0,0
1.772423,-0.153168,-0.118079,-0.533777,-0.210293,-0.315678,0.869688,1,0,0,0
1.261894,-0.756339,-0.741340,-0.917522,0.155274,-0.108722,-0.075826,0,0,0,0
1.679104,-0.518737,-0.094082,-0.578958,0.102345,0.396799,0.608778,0,1,0,0
1.661359,-0.589117,-0.418733,-0.078975,0.927999,-0.294101,0.988439,0,0,0,0
1.609721,-0.549178,0.700148,0.229718,0.926746,0.227308,1.206198,0,0,1,1
0.392344,-0.246781,-0.517672,0.227362,0.154510,-0.631023,0.363119,0,0,0,0
0.432302,-0.159515,-0.798368,0.860710,-0.560610,-0.132555,0.510185,1,0,0,0
0.354954,-0.393934,-0.515091,0.737420,-0.116233,-0.945461,0.456606,0,0,0,0
0.374954,-0.500923,-0.653815,1.197119,0.115681,0.072630,-0.900895,0,0,0,1
0.468277,0.061568,-1.714239,1.277424,0.111156,-0.577980,0.373743,0,0,0,0
0.071589,0.887568,-1.817586,1.074909,-0.483572,-0.205961,0.511227,0,1,0,0
0.020245,0.303247,-1.381084,0.889940,0.186646,-0.275925,0.074839,0,0,0,0
-0.120943,1.074695,-1.446524,0.778174,-0.736365,-0.311711,0.241908,0,0,1,0
0.162534,0.089218,-2.980050,-0.173671,-1.293183,-0.300463,-0.060114,0,0,0,0
-0.007854,0.648364,-1.268548,0.721972,0.617050,-0.417351,0.081052,1,0,0,0
-0.351077,0.967037,-1.923225,1.696352,0.616503,-0.608692,-0.245550,0,0,0,0
-0.395690,1.039700,-1.000797,0.893093,0.422565,-0.384747,0.053256,0,0,0,1
0.013463,0.812361,-2.481662,0.267842,-0.592518,-0.675486,-0.211470,0,0,0,0
-0.183569,1.677218,-1.837143,0.614242,-0.153538,0.115021,0.803462,0,0,1,0
-0.633180,1.167294,-1.290943,0.910933,0.288538,-0.511252,-0.199910,0,0,0,0
-0.450486,1.984747,-0.594008,1.059149,0.136732,-0.383782,0.961394,1,1,0,0
0.091217,0.565870,-0.584921,-0.104156,-0.381136,-0.375364,0.688909,0,0,0,0
-0.224587,0.854505,-0.748143,0.441348,-0.733913,-0.388392,-0.150361,0,0,1,0
-0.212263,0.019043,-1.107584,0.191247,-0.317739,-0.760030,-0.551821,0,0,0,0
-0.029436,-0.296514,0.641782,-0.828893,0.790283,0.154687,-0.623998,0,0,0,1
-0.244597,1.080642,-1.648338,0.941668,-0.372270,-0.404632,-0.632447,0,0,0,0
-0.596091,2.028121,-1.047704,1.239498,0.094250,-0.260304,1.210875,1,0,0,0
-0.912566,2.392078,-0.888562,0.965924,0.014684,-0.655500,1.238484,0,0,0,0
-1.259818,2.211103,-0.790881,0.892167,0.190420,-0.432712,0.650211,0,0,1,0
-0.802310,0.468064,-2.954234,0.969123,-0.277536,-0.140441,-1.212196,0,0,0,0
-0.983481,1.926243,-1.469848,1.166085,0.422552,-0.132737,0.309070,0,1,0,0
-0.862812,2.188686,-1.120014,0.334078,-1.282304,-0.240550,1.230353,0,0,0,0
-1.438084,1.641236,-0.768890,-0.258431,0.074845,-0.502218,-0.681662,0,0,0,1
-0.138700,0.348600,-2.392485,-0.682236,-1.342632,-0.295919,-0.061597,0,0,0,0
-0.069264,0.808431,-0.807022,-0.078399,-0.052829,0.092483,0.434348,1,0,0,0
-0.300042,1.136778,-0.327486,0.466210,-1.113747,-0.256030,-0.075506,0,0,0,0
-0.504864,1.342396,-0.010912,-0.359146,-0.851816,-0.232001,1.674419,0,1,0,1
-0.113607,0.155635,-0.032661,-0.521048,-0.403593,-0.946783,0.704187,0,0,0,0
-0.391191,0.785012,-0.310296,-0.627409,-1.521714,0.133621,-0.861756,0,0,1,0
-0.286645,0.056019,0.289442,-0.188878,-0.276385,-1.095682,-0.094676,0,0,0,0
-0.223654,0.186778,0.601356,-0.401917,0.371551,0.372064,-1.309973,1,0,0,0
-0.257672,1.032171,-2.203948,0.148021,0.104608,-0.599870,-0.999537,0,0,0,0
-1.196181,1.845444,-1.459622,-0.067076,1.042405,-0.883014,-0.368867,0,0,0,1
-0.682117,0.649596,0.901088,-1.117316,1.018148,-0.501429,-0.727959,0,0,0,0
-1.333758,0.310249,0.978701,-1.043814,1.391308,-0.845995,-0.777933,0,1,0,0
-0.211438,0.137965,-1.516077,-0.068278,-0.938903,-0.536322,-0.785940,0,0,0,0
-1.059758,1.665476,-1.579901,1.433034,-0.052777,-0.216429,-0.331522,0,0,1,0
-1.753849,1.772114,-0.870657,-0.087699,0.202937,-0.650721,-0.922426,0,0,0,0
-1.584970,1.048518,0.835773,0.748881,0.953514,-1.198994,-0.622910,1,0,0,0
-0.610422,0.892327,-1.971023,0.433554,-0.385169,-0.331772,-1.380737,0,0,0,0
-0.936385,2.031137,-1.387067,-0.389437,0.532576,-0.439836,-0.273520,0,0,0,1
-1.040067,1.465446,-0.028143,0.179455,-0.160052,-1.035650,-0.397156,0,0,0,0
-1.247583,1.329636,1.764561,-0.661730,1.182209,-0.449223,0.689778,1,1,0,0
-0.337763,-0.016175,0.177290,0.317048,0.366249,-1.452729,-0.269314,0,0,0,0
-0.795348,0.677605,0.403228,1.830749,-0.023533,-0.450074,-1.394263,0,0,1,0
-0.642243,0.287306,0.475294,0.922926,-0.501334,-1.045368,-1.062093,0,0,0,0
-0.689044,0.527280,1.236760,1.013368,0.125528,-0.274697,-0.997855,1,0,0,0
-0.381739,0.724894,-1.797510,0.593135,0.518614,-0.854548,-0.997691,0,0,0,0
-0.983494,1.597603,-0.459364,0.273500,0.915758,-0.504424,-0.067612,0,0,1,0
-0.937970,1.312427,0.118841,0.805597,-0.032232,-0.594735,-0.489184,0,0,0,0
-1.467418,0.932609,0.233293,0.307899,0.183628,-0.689207,-0.841042,0,1,0,0
0.158597,-0.698824,-1.162662,-0.362156,-0.053639,0.938782,-1.432990,0,0,0,0
-0.639585,1.584731,-1.561225,0.493937,0.907248,-0.559362,-0.204968,0,0,0,1
-0.510415,0.601616,-0.668157,0.164684,0.547722,0.011957,-0.448603,0,0,0,0
-0.102121,-0.028755,-1.310838,-0.012149,0.932278,-0.534680,-0.547126,1,0,0,0
-0.185095,0.244907,-3.030997,-0.713843,-0.675065,-0.647948,-1.185572,0,0,0,0
-0.410206,1.355279,-1.984395,-0.073915,-0.644348,-0.717080,0.192112,0,0,1,0
-0.782729,1.396543,-0.971100,1.197864,0.225139,0.329645,-0.336192,0,0,0,0
-0.196317,1.187267,-0.900043,1.102174,-0.312669,-0.839421,0.920074,0,1,0,1
-0.270750,0.171666,-0.226883,0.977071,0.437823,-1.033514,0.056685,0,0,0,0
-0.565645,0.288501,-0.302696,0.736978,0.299916,-0.314610,-1.542318,1,0,0,0
-0.273834,-0.144974,1.717576,0.182923,1.981638,-0.415906,0.992014,0,0,0,0
-1.036632,0.254092,0.701403,0.371807,1.150929,-0.836546,-1.622605,0,0,1,0
-0.458962,-0.086083,-0.747820,1.076469,1.043604,-0.935339,-0.077892,0,0,0,0
-0.878672,0.311387,-0.212313,0.787291,0.580877,-0.180455,-1.239483,0,1,0,0
-0.745809,1.049562,0.286618,1.105353,0.330727,-0.280236,0.870659,0,0,0,0
-1.081778,0.993350,0.159186,1.090110,0.017473,-0.229740,-1.414507,0,0,0,1
-0.292729,0.365093,-1.276409,0.471658,0.413418,-0.360026,0.144904,0,0,0,0
-0.956532,0.367623,-1.090235,0.311826,0.261239,-0.183095,-1.865354,0,0,1,0
-0.955587,1.091537,1.132659,1.175136,0.753642,-0.732826,1.041904,0,0,0,0
-1.479801,0.385563,1.047893,0.188332,1.495852,-0.645924,-1.464565,0,1,0,0
-0.401281,0.122742,-0.499112,0.694248,1.438596,-0.472542,0.173301,0,0,0,0
-0.840719,0.368819,-1.104659,0.225136,0.425451,-0.405126,-1.632134,0,0,0,1
1.536444,-0.300101,0.120335,0.650220,0.086108,-0.541318,1.104249,0,0,1,0
-0.711425,1.043784,0.698376,0.661854,0.492710,2.756062,0.785453,1,1,0,0
-0.518496,-0.356798,0.894002,1.162900,0.167049,-0.065971,0.257364,0,0,0,0
-0.532280,-0.350587,1.371271,1.564105,1.293292,2.998887,0.962194,0,0,1,0
1.499302,-0.644040,1.177566,0.047374,0.556235,0.224175,0.851925,0,0,0,0
-0.410198,-1.250565,3.333603,-1.560445,3.024058,-0.109254,0.381020,1,0,0,0
-0.521888,-0.036049,-0.906948,1.312703,1.127244,-0.661799,0.139308,0,0,0,0
-0.581631,0.559642,-0.204426,0.809988,0.875042,2.273221,1.029532,0,1,0,0
1.470141,-0.315951,0.410636,0.898450,0.294768,-0.614536,1.223723,0,0,0,0
-1.213095,0.685643,0.749481,1.234385,0.728574,-0.121549,0.125659,0,0,0,1
0.369230,-0.811090,-0.863003,1.064246,0.486477,-1.298509,-0.090985,0,0,0,0
0.091668,0.593499,0.236540,1.245290,1.192375,7.326142,0.393948,0,0,1,0
0.440011,0.056589,0.303245,0.933379,0.059585,-1.407195,0.985179,0,0,0,0
-0.384840,0.603198,1.571757,0.841077,1.000161,8.001993,0.907406,0,1,0,0
0.535273,-0.734948,-0.506796,1.186676,0.345141,-0.837534,0.330930,0,0,0,0
-0.160154,0.413025,0.575604,1.282500,0.777714,6.513242,0.476514,1,0,0,0
0.458893,-0.512404,0.316186,0.971137,0.494849,-1.510859,0.778685,0,0,0,0
-0.331898,0.141862,0.967909,1.551342,1.576514,6.812172,0.514872,0,0,1,1
-0.677477,-0.759785,0.340379,1.028854,-0.189196,-1.478267,-0.588988,0,0,0,0
-0.471701,-0.296970,-0.064188,0.380967,-0.132095,-0.246681,-1.695518,0,1,0,0
-0.984512,-0.992683,0.875464,1.321122,0.033707,-1.417464,-0.494833,0,0,0,0
-0.835546,-0.677612,0.752646,0.538717,-0.065350,-0.072932,-1.944168,1,0,0,0
-0.025461,-0.729262,0.263998,-0.027615,0.207085,1.113294,-1.653508,0,0,0,0
-0.358067,-0.386273,-0.156826,-1.510011,-0.336924,-0.242125,-2.010515,0,1,0,0
-0.724667,-0.316336,0.693198,-1.058737,-0.389205,0.418110,-2.285594,0,0,0,0
-1.172968,-0.433323,0.517091,-0.783251,0.151585,-0.409560,-2.567899,0,0,1,0
-0.331803,-1.163027,0.261612,-0.298681,1.272893,0.960461,-2.114945,0,0,0,0
-0.445334,-0.524126,0.820407,-0.759883,-0.248084,-0.146541,-1.728830,0,0,0,1
-0.866138,-1.137505,0.479218,-1.775990,0.829091,-0.177290,-2.441962,0,0,0,0
-1.242913,-0.112464,1.272363,-0.353316,-0.248927,-0.758347,-2.429014,0,1,0,0
-0.122195,-1.137501,0.188261,-0.558740,0.147331,0.846474,-2.097683,0,0,0,0
0.036076,-0.869731,0.698168,-0.940915,-1.311864,0.406484,-0.958587,0,0,1,0
-0.739638,-0.686737,-0.050352,-0.208109,-0.331574,-0.395960,-2.282327,0,0,0,0
-0.880680,-0.630318,-0.036752,-0.614557,-0.147668,-0.188929,-2.629747,1,0,0,0
0.189009,-1.324887,-0.035061,-0.423332,0.078750,0.706803,-1.567565,0,0,0,0
-0.316281,-0.928027,0.245021,-0.024360,-0.526540,1.366995,-1.423586,0,1,0,0
-0.457588,-0.332388,-0.118012,-1.190327,-1.120091,-0.043601,-1.839406,0,0,0,0
-0.805652,-0.067365,-0.014760,-0.586067,-1.557178,0.150302,-1.542829,0,0,0,1
0.112528,-1.160287,-0.269470,-0.974959,-0.193305,1.146381,-1.716965,0,0,0,0
-0.165053,-0.853017,-0.133811,-0.953807,-0.715636,0.462928,-1.201133,0,0,1,0
0.578015,-0.888387,-0.181509,-1.424238,0.066446,-0.578662,-1.112695,0,0,0,0
0.035785,-1.195868,-0.083416,-0.058074,0.128621,0.920140,-1.592865,0,1,0,0
0.608667,-0.844522,-0.228814,-0.082179,0.281171,0.032498,-0.828786,0,0,0,0
0.366863,-0.545487,-0.104542,0.327688,-0.941965,0.228675,-0.705304,1,0,0,0
0.355149,-0.880088,-0.637413,-0.278870,-0.179644,-0.055317,-1.159968,0,0,0,0
0.213660,-0.633269,-0.675859,0.513567,-0.672339,-0.238837,-0.968796,0,0,0,1
0.891239,-1.493430,-0.073665,-0.150124,-0.130779,0.130298,-0.752068,0,0,0,0
0.713311,-0.877514,0.150832,0.360434,-0.136426,0.527896,-0.106737,0,0,1,0
0.991893,-0.561952,0.154923,-0.235781,-0.664019,-0.450069,0.207092,0,0,0,0
0.833850,-1.133980,0.801118,0.843078,0.206978,-0.548885,0.371112,1,1,0,0
-0.718324,-1.299438,0.888453,0.905240,0.106825,-1.174813,-0.271895,0,0,0,0
0.033823,-1.169435,0.169693,-0.237737,1.080553,0.558549,-1.067630,0,0,0,1
0.078459,-1.884341,0.391684,-0.956680,0.052338,-0.373571,-2.037135,0,0,0,0
0.235376,-2.459509,0.701778,-1.061948,0.558149,0.001560,-1.982912,0,0,1,0
0.951296,-1.596372,0.378951,-0.221858,0.300625,-0.415964,-0.438806,0,0,0,0
0.418618,-0.832924,0.438910,-1.026013,0.720608,-0.765902,-0.665453,0,1,0,0
0.586294,-0.558763,-0.060516,0.308774,0.110689,-0.323795,-1.051326,0,0,0,0
0.183958,-0.711496,0.183672,0.127374,-0.491624,0.434255,-1.349945,1,0,0,1
-0.368178,-0.568016,0.232490,-0.113526,0.300847,-0.742029,-0.414368,0,0,0,0
0.180393,-0.315351,-0.658934,0.299483,0.886621,1.643680,-1.160041,0,0,0,0
1.053273,-1.270012,0.871187,-0.025454,0.024235,0.097702,-0.612650,0,1,1,0
-0.779350,0.668952,-0.561655,0.186798,-0.131708,-0.129341,0.021114,0,0,0,0
0.332207,-1.190758,1.506912,-0.145294,1.025883,-0.280003,-0.630307,0,0,0,0
0.527320,-0.535690,1.082718,-0.187262,0.612578,-0.200888,-0.704160,0,0,0,1
-0.294288,-0.374476,0.055475,-0.343301,-0.530985,-0.732813,-0.406022,0,0,0,0
-0.243145,-0.268397,0.843715,0.320105,0.472624,0.537362,-0.631862,1,1,0,0
-0.787708,-0.143624,0.644799,0.440615,0.660908,-0.943063,0.080593,0,0,0,0
-0.209529,-0.430016,0.802454,-0.184952,0.571198,0.874106,-1.028681,0,0,1,0
-0.480460,-0.944891,0.684219,0.459297,0.039689,-0.731109,-0.222462,0,0,0,0
-0.015630,-1.433233,1.216146,-1.177416,-0.452674,1.223481,-0.938791,1,0,0,0
0.956260,-1.176158,0.286098,-0.739346,-0.260720,-0.550907,-0.543189,0,0,0,0
0.481630,-0.784267,0.222290,-0.975734,0.455133,0.372715,-0.910458,0,1,0,1
-1.671221,1.147903,0.449326,0.992295,-1.090024,-1.463911,-0.486777,0,0,0,0
-0.170224,-0.020358,1.066582,1.132600,0.452028,1.081043,0.574811,0,0,1,0
-0.403415,0.134584,0.091691,0.157747,0.426815,-1.141709,0.158339,0,0,0,0
0.203798,-0.811611,1.237312,-1.196399,0.299948,1.144922,-1.133815,1,0,0,0
-0.010995,-0.749758,-0.495476,0.142489,-0.466246,-0.396997,-0.947412,0,0,0,0
0.094038,0.037491,-0.195069,-0.276669,0.455745,-0.157708,-1.055644,0,1,0,0
0.080485,-1.260165,0.170307,-0.907633,0.541552,-0.474341,-1.614303,0,0,0,0
0.324786,-0.184477,0.354167,-0.933848,0.644911,1.107337,-0.474953,0,0,1,0
0.091647,-0.718182,0.839304,-0.742199,0.700015,-0.342550,-1.347510,0,0,0,0
0.398911,-0.757347,1.123248,-1.321613,0.270977,0.018605,-1.179638,1,0,0,1
-1.085333,-0.466316,1.239422,0.999715,0.824072,-1.665143,-0.461384,0,0,0,0
-0.553338,-0.590475,1.603857,0.926163,1.246964,1.404091,-1.383871,0,1,0,0
-1.397510,-1.281098,2.445455,1.217011,0.563036,-0.982921,-0.521300,0,0,0,0
-0.207510,-1.093775,1.447567,-0.438049,0.391445,0.565689,-1.769313,0,0,1,0
1.096220,-1.322071,0.356932,-0.358647,0.199753,-0.686341,-0.856493,0,0,0,0
0.337695,-0.770356,0.586795,-0.142905,1.309552,-0.151328,-1.262724,1,0,0,1
-0.553332,-0.577403,0.582286,-0.725759,0.088475,-1.027019,-0.208655,0,0,0,0
-0.064810,-0.290130,0.218324,0.257372,-0.362266,1.919503,-0.848382,0,1,0,0
0.382183,-0.920137,-0.177667,0.830992,-0.768547,-0.228628,-0.780663,0,0,0,0
-0.054415,-0.562947,0.032568,1.375561,0.704212,0.258405,-0.817289,0,0,1,0
0.289704,-0.622892,0.255704,-0.167353,-0.513627,-0.944219,-0.078792,0,0,0,0
0.349858,-0.817169,1.167310,-0.938943,0.377514,0.443713,-0.962889,0,0,0,0
0.607733,-1.721692,1.655450,0.271033,0.835827,-0.593104,-0.746725,1,1,0,0
-1.083534,0.373587,0.129956,0.345710,0.336560,-0.978498,-0.006822,0,0,0,0
0.571553,-1.004305,0.010077,0.557117,0.041767,-0.075970,-0.781794,0,0,0,0
0.297826,-0.841440,0.567003,1.015739,-0.030792,0.479481,-1.294676,0,0,1,1
-0.990385,0.019549,0.666597,0.945185,0.264956,-1.386041,0.078427,0,0,0,0
-0.375471,-0.473482,0.765811,0.729156,0.274300,1.995113,-1.008773,0,1,0,0
0.602836,-0.902979,1.435945,-0.045465,0.216053,0.026335,-0.845777,0,0,0,0
0.260888,-1.182538,1.976092,-0.411174,0.573831,-0.622669,-1.492487,0,0,0,1
1.027700,-1.313751,0.832144,-0.010330,-0.478858,-1.229508,-0.828197,0,0,0,0
0.360086,-0.374347,0.477830,-0.961151,0.895348,-0.263941,-1.408967,1,0,1,0
-0.559370,-0.395352,1.016482,-0.200327,-0.594994,-1.170307,0.577910,0,0,0,0
0.215182,-0.417453,1.323336,-0.451974,-0.492912,-0.207689,-1.271479,0,0,0,0
-1.393522,-1.032094,-0.335293,-1.548095,-0.394851,-0.932886,-2.395101,0,1,0,1
-0.694519,-0.769973,0.898259,-0.282242,-0.435723,-1.055925,0.949066,0,0,0,0
0.012194,-0.553676,0.928124,-0.082006,-0.629561,-0.181586,-1.097994,0,0,0,0
-1.385843,-1.108019,0.180188,-0.985544,-0.758375,1.554899,-2.604166,0,0,1,0
-0.770902,-0.755041,1.389808,-0.361024,-1.049961,-0.970592,0.677071,0,0,0,0
0.102648,-0.877748,0.713362,-0.784741,0.426319,1.512336,-1.259464,1,1,0,0
-0.799054,-0.862676,1.548338,-0.319210,-0.092789,-1.071700,0.605108,0,0,0,0
-0.132790,-0.771505,1.363886,0.540325,0.266817,0.153046,-1.398105,0,0,0,0
-1.110315,-0.185597,0.842233,-0.189947,1.202721,-0.704500,-2.205169,0,0,0,0
-0.449293,-0.799563,0.554181,0.558373,-0.364719,0.669070,-2.285516,0,0,0,0
0.436847,-1.571505,0.439727,-0.085122,0.175279,-0.228910,-1.434559,0,0,0,0
0.711642,-1.695247,0.208212,-0.253653,-0.121901,0.004083,-0.298074,0,0,1,1
0.427302,-0.969886,-0.171502,0.648302,-0.784890,-0.813181,0.276016,0,0,0,0
-0.088105,-0.472796,-0.055364,0.188436,0.019560,-0.328418,-1.135094,0,1,0,0
0.416784,-0.609721,0.567627,1.483422,0.035189,-1.080788,0.425278,0,0,0,0
0.507900,-0.798083,0.726349,1.215772,0.100731,0.256848,-0.464565,1,0,0,1
-0.748158,-0.682086,0.091594,-0.168363,-0.050952,-0.525453,-0.559121,0,0,0,0
-0.081079,-0.461594,0.595045,0.333220,0.886948,0.501803,-0.720765,0,0,1,0
0.898610,-1.204120,1.265125,0.758006,0.646912,-0.612858,0.583854,0,0,0,0
0.373765,-1.140960,1.880111,-0.363373,0.556760,-0.357236,-0.608952,1,1,0,0
-0.754975,-0.550249,0.869483,-0.795965,0.213606,-0.621499,-0.498746,0,0,0,0
0.008380,-0.752726,0.467772,0.219657,1.155026,-0.132800,-1.047079,0,0,0,0
0.635949,-0.657357,0.112825,0.130578,0.295589,-0.755781,0.298436,0,0,0,0
0.070758,-0.420345,0.626703,0.749642,-0.303434,0.012458,-0.472936,1,0,0,1
-0.435522,0.335512,-0.059350,-0.788445,-0.785856,-0.475405,-0.135066,0,0,0,0
-0.314152,-0.350661,0.073505,0.108796,0.259036,0.841245,-1.266897,0,1,0,0
0.428349,-1.594331,1.646981,0.855553,0.747659,-0.625366,-0.773008,0,0,0,0
0.403012,-1.675005,1.682680,0.630317,0.456107,0.337897,-0.650272,0,0,1,1
0.084594,-1.264963,0.182590,-0.302502,-0.462040,-1.173078,-0.390366,0,0,0,0
0.053482,-0.384383,0.196614,-1.036942,-0.524902,0.387818,-0.650551,0,1,0,0
0.193217,-0.952619,0.914381,1.393436,0.238392,-1.397474,1.315120,0,0,0,0
0.210840,-0.792146,1.092024,1.446262,-0.477699,0.111628,-0.540713,1,0,0,1
-0.528597,0.121693,0.397695,-0.214724,1.523737,-1.055017,-0.969447,0,0,0,0
-0.638416,0.026037,0.176288,0.177108,0.580492,0.300230,-0.734486,0,0,0,0
-0.122168,-0.082866,-0.373262,-0.904926,1.346561,0.143824,-1.258985,0,0,0,0
-0.082014,-0.333885,-1.349692,-0.081025,1.704205,-0.211556,-1.665631,0,1,0,0
-0.126945,-0.252909,-1.613591,0.255494,0.793603,-0.453492,-1.400107,0,0,0,0
0.081114,-0.698071,-0.432699,0.466040,-0.663801,0.004664,-1.553659,0,0,1,0
0.376923,-0.587945,-0.530137,0.788850,0.212745,0.013454,-0.791673,0,0,0,0
0.523329,-0.518503,0.008142,0.825764,-0.705300,0.219836,-1.248175,1,0,0,1
-0.325542,-0.851417,0.607175,0.290264,0.115620,-1.447578,-0.251364,0,0,0,0
-0.226499,-0.721840,0.746820,1.155562,0.993041,-0.749519,0.179579,0,1,0,0
0.271632,-1.326394,1.538154,0.281254,0.787773,-0.938762,-0.037860,0,0,0,0
0.449463,-1.432148,1.434853,-0.458441,1.079972,-0.225228,0.388222,0,0,1,1
0.731572,-1.482079,0.070852,-0.152362,-0.138538,-0.197210,-0.844600,0,0,0,0
0.456820,-1.013027,0.579285,0.342340,-0.222030,0.372148,-1.173732,0,0,0,0
0.385895,-1.404953,1.230393,0.278524,-0.561703,-0.482565,-1.314932,0,0,0,0
0.779411,-0.727123,0.860684,-0.106782,0.077854,0.142522,-0.861947,1,1,0,0
-0.734507,-1.074179,0.608696,0.284774,-1.318206,-1.202663,-0.217430,0,0,0,0
-0.129252,-0.783137,-0.243336,0.487042,0.098083,-1.107553,-0.124904,0,0,1,0
0.787870,-0.805439,0.431608,0.239852,-0.229162,-0.824700,1.031158,0,0,0,0
0.541151,-1.203421,1.661029,-2.001147,-0.741137,-0.556602,0.092455,1,0,0,1
0.493736,-1.041693,1.317900,-0.202445,-0.840381,0.708419,-0.713978,0,0,0,0
0.697623,-0.637933,0.673422,-0.446707,0.553772,-0.078507,-1.063097,0,0,0,0
1.174783,-1.078989,0.140661,0.124579,0.286297,-0.350173,-0.895511,0,0,0,0
0.787357,-0.757626,-0.362866,0.188420,0.502058,0.147028,-1.077359,0,0,1,1
-0.521665,-0.524016,1.552737,0.759790,-0.465825,-1.416215,0.137401,0,0,0,0
0.158251,-0.393570,0.847971,0.811671,0.598972,-0.363607,0.327326,0,1,0,0
0.715915,-0.973396,1.589018,-0.512525,-0.014079,-0.647403,0.699639,0,0,0,0
0.598070,-1.267276,1.288661,-0.754868,0.234409,0.384391,0.682531,0,0,0,1
0.347011,-0.860483,-0.090996,-0.082077,-0.689089,-0.836345,-0.473221,0,0,0,0
0.268317,-0.329166,0.001795,-1.080630,-0.265824,0.041724,0.145775,0,0,1,0
0.868873,-0.880844,0.411520,-0.601877,0.372503,-0.892668,0.326532,0,0,0,0
0.585968,-0.980333,-0.027217,-0.340295,-0.119610,-0.434601,0.027265,1,0,0,0
0.932592,-1.295586,0.675737,-0.641107,0.242887,1.805084,-0.878385,0,0,0,0
0.722464,-0.900148,-0.230764,-0.346446,0.087954,-0.207963,-0.910964,0,1,0,0
1.486259,-1.004559,0.095355,-0.604867,0.272956,0.713794,0.164403,0,0,0,0
1.544647,-1.091834,0.330169,-0.981092,-0.357521,0.870299,0.355310,0,0,1,0
0.600177,-0.667170,0.052504,-0.218271,-1.180033,-0.258244,-1.222076,0,0,0,0
1.011844,-0.648507,0.114916,0.076068,-0.418335,-0.193745,-0.994182,0,0,0,1
1.129396,-1.305898,0.526250,0.615984,0.629071,-0.119149,-0.395278,0,0,0,0
1.201990,-1.088877,0.262158,0.199331,0.170532,0.233566,-0.266551,1,1,0,0
0.924898,-0.921804,0.436698,0.415275,0.166020,-0.602702,0.415020,0,0,0,0
0.662610,-1.138978,1.261881,0.069336,-0.030826,0.151834,0.210771,0,0,0,0
0.516670,-1.196993,0.494317,-1.256140,-0.728022,0.110274,-1.183091,0,0,0,0
0.680477,-1.242854,1.080006,-0.845837,-1.381713,0.589370,-1.111958,0,0,1,0
0.585773,-0.566393,-0.407882,0.713810,-0.507531,-0.231749,0.113703,0,0,0,0
0.664732,0.002492,-0.272851,0.007156,-1.998817,-0.175255,0.638926,0,0,0,0
0.688177,-0.074020,-0.171078,0.447142,-0.869127,-0.033145,0.235633,0,0,0,0
0.358332,-1.469791,-0.670865,0.448631,0.198853,0.034518,-1.453350,0,1,0,0
0.755892,0.026933,-0.790172,-0.083839,-0.224272,0.552354,0.719526,0,0,0,0
0.707745,-0.021737,-0.881732,-0.648519,0.252062,-0.059933,-0.327764,0,0,0,0
0.618060,-0.096455,-0.794878,-0.010176,0.358638,-0.077504,0.338700,0,0,0,0
0.476060,-0.184464,-0.786054,-2.150051,-1.009046,0.431182,-0.349791,0,0,0,1
0.655051,-0.063494,-0.565226,-1.729801,-0.566620,-0.061432,0.068971,0,0,0,0
0.481007,0.008902,-0.555188,-1.155105,-0.173214,-0.710926,-0.323195,0,0,0,0
0.528980,0.448002,-0.894082,-0.850428,0.116187,-0.600196,-0.048359,0,0,0,0
0.261907,-0.250610,-0.481483,-0.854028,0.603393,-0.190918,-1.585156,0,0,1,0
0.568676,0.577795,0.331465,-1.361287,-0.110526,-0.041671,0.543021,0,0,0,0
0.478216,0.249184,-0.736512,-1.900612,-0.209074,-0.023874,-0.232144,0,0,0,0
0.269904,0.661129,-0.346075,-1.932386,-0.709342,0.076998,0.558265,0,0,0,0
-0.214247,-0.063537,0.089621,-1.250237,0.484518,-0.419129,-1.862068,0,1,0,0
-0.183173,-0.189420,0.679116,-0.472064,0.479601,-0.288277,0.310262,0,0,0,0
0.143942,-0.189323,-0.860619,-1.266814,1.231921,0.124290,-0.497638,0,0,0,0
0.011322,0.188898,-0.954649,-1.019397,1.395665,-0.166683,-0.586162,0,0,0,0
-0.125970,0.454859,-0.180964,-1.874245,-0.106509,0.416277,-0.645839,1,0,0,0
0.455668,0.898798,-0.630958,-1.382307,-0.376570,-0.257972,0.527373,0,0,0,0
-0.088350,0.509970,-0.823508,-2.212884,-0.153785,0.082445,-0.638573,0,0,0,0
-0.155473,1.156528,-0.776811,-1.516255,-0.560692,0.061468,-0.057513,0,0,0,0
-0.138623,1.426156,-0.914249,-1.415427,0.302469,0.114472,-1.049909,0,0,0,1
-0.377905,0.826906,-0.199640,-0.704695,0.783312,0.139747,-0.765497,0,0,0,0
-0.417595,1.056392,0.151632,-0.576040,0.387334,0.726255,-1.171984,0,0,0,0
-0.671855,1.231450,-0.856914,-1.124241,0.427519,-0.082157,-1.232101,0,0,0,0
-1.171002,0.773906,-0.618612,-0.736339,1.600796,-0.023755,-1.947887,1,1,0,0
-0.645251,1.329092,-1.222996,-0.478541,0.914650,-0.181415,-0.987802,0,0,0,0
-0.249034,0.418123,-1.059084,0.524415,-0.223021,0.416758,-1.198052,0,0,0,0
-0.686702,0.588604,-0.416204,0.816905,-0.896610,-0.310810,-1.418128,0,0,0,0
0.179087,-1.624129,1.836132,-0.969578,-0.696995,0.177724,-1.503477,0,0,1,0
-0.278570,1.446309,-1.493794,-1.205963,0.704076,-0.070790,0.145382,0,0,0,0
-0.385204,1.578482,-1.130366,-0.693957,-0.090106,0.569862,0.314004,0,0,0,0
-0.386985,1.654200,-1.239936,-0.277563,0.225173,0.219650,-0.165919,0,0,0,0
-1.161742,1.081776,-0.141640,0.396920,0.365679,-0.435593,-1.775930,0,1,0,0
-0.483592,1.275484,-0.346834,-0.176500,0.299474,0.416379,0.154885,0,0,0,0
-0.597233,1.016002,0.033319,-0.303753,0.896251,0.506188,-1.197520,0,0,0,0
-0.589229,1.271328,-0.176490,-1.079835,0.451100,0.412736,-0.382282,0,0,0,0
-0.525095,1.338859,-0.312841,-0.956617,0.104159,0.280826,-0.167924,1,0,0,0
-0.243504,1.340305,-0.899780,-0.877709,-0.131939,0.370235,0.026580,0,0,0,0
-0.130265,0.930934,-1.174574,-1.316822,-0.721912,1.040863,0.255119,0,0,0,0
-0.143025,1.078001,-0.994332,-0.998161,-0.672320,-0.256805,0.392162,0,0,0,0
-0.178250,1.148646,-0.989188,-1.164120,-0.875627,0.064925,0.340749,0,0,0,1
-0.527123,0.903870,-1.177851,-1.321734,0.007996,-0.354999,-0.440583,0,0,0,0
-0.288466,0.991694,-0.931962,-2.165095,0.391896,-0.427010,-0.322936,0,0,0,0
-0.609692,0.909233,-0.261751,-1.657790,0.658273,0.118920,-0.389969,0,0,0,0
-1.320665,0.325779,1.324316,-1.575057,0.965575,0.001015,-2.065578,0,1,0,0
-0.378887,0.813046,0.405259,-1.091699,-0.170965,0.360084,0.126897,0,0,0,0
-0.344297,0.455269,-0.174948,-1.908592,-0.265111,1.166350,-0.273569,0,0,0,0
-0.134820,0.537703,0.234006,-0.708509,-0.602634,-0.236230,-0.181848,0,0,0,0
-0.686273,0.036707,0.869518,-2.082245,1.102754,-0.035259,-1.420479,0,0,1,0
-0.073252,0.183077,-0.003748,-1.511027,-1.019766,0.803754,0.314223,0,0,0,0
-0.169239,0.377437,0.390129,-1.192056,0.349138,0.015154,-0.562523,0,0,0,0
-0.308830,0.711327,-0.230820,-0.675611,-0.174575,-0.413708,0.340522,0,0,0,0
-0.282713,0.874399,-0.211416,-1.559751,-0.653248,0.512303,-0.662872,0,0,0,1
-0.581282,0.537841,0.710166,-0.419173,0.198218,0.333646,-0.387863,0,0,0,0
-0.301712,0.448883,-0.397267,-2.288817,-0.290564,0.588334,-0.583647,0,0,0,0
-0.239512,1.082250,0.027273,-1.389296,-0.568628,0.588592,-0.598187,0,0,0,0
-0.754627,0.369155,-0.126620,-1.113160,1.030355,-0.814052,-2.023473,1,1,0,0
0.211874,0.284279,-0.103351,0.228449,0.647793,-0.584646,-0.461290,0,0,0,0
-0.147995,0.078602,-0.222405,0.566692,0.294083,0.496580,-1.430408,0,0,0,0
0.529772,-0.832311,0.548206,3.363330,-2.244186,1.231883,-0.871604,0,0,0,0
0.496963,-0.772516,-0.062281,3.185828,-1.728642,0.020921,-0.998816,0,1,0,0
-0.041848,1.273333,-1.594768,1.327991,2.337222,-0.017236,0.087230,0,0,0,0
-0.607790,1.488704,-0.966666,0.444119,1.658886,-0.421217,-1.038372,0,0,0,0
-0.741300,1.243407,-0.703239,1.132147,1.261783,-0.420058,-1.086971,0,0,0,0
-0.566003,0.856445,-1.649100,1.039276,0.948524,-0.023165,-1.297887,0,0,1,0
-0.957183,0.472611,-0.268033,1.106583,0.009843,-0.652400,-1.533543,0,0,0,0
-0.943174,0.371598,0.088210,1.088509,1.205639,-0.061778,-1.215117,0,0,0,0
-0.989398,0.953195,-0.114945,0.505061,1.477309,-0.047606,-0.982078,0,0,0,0
-0.851762,0.874331,0.551390,0.841723,1.520824,0.115969,0.693203,0,0,0,1
-0.252720,0.657114,-0.450878,1.873174,2.246761,-0.428113,-0.040463,0,0,0,0
-0.326807,0.580047,-1.193457,0.665543,2.204456,0.748252,-0.516628,0,0,0,0
-0.293903,0.629392,-1.508609,1.066303,1.972468,0.045565,-0.491095,0,0,0,0
-0.436845,1.031849,-0.289998,0.272970,1.946847,-0.733884,-0.737877,1,0,0,0
-0.264154,0.674982,-0.478016,1.703155,0.503135,-0.142730,-1.058348,0,0,0,0
-0.466002,0.653912,-0.546429,0.534517,1.584552,0.688439,-1.206039,0,0,0,0
-0.785117,0.605005,-0.794276,-0.152201,1.584827,0.133357,-1.432928,0,0,0,0
-0.822239,0.422396,-0.048229,-0.204245,1.169982,-0.116707,-1.517043,0,0,1,0
0.169513,0.475192,-0.952971,-0.368985,-0.969629,0.242243,1.049768,0,0,0,0
-0.215607,0.842777,-0.189020,-1.328543,-1.132769,0.552626,0.236997,0,0,0,0
-0.476501,0.787712,0.342098,-1.849310,-0.185530,0.144500,0.337285,0,0,0,0
-0.804278,0.226060,0.701812,-0.897999,0.369328,-0.450800,-1.461256,0,1,0,0
0.416821,1.313452,-0.372411,-0.802660,-0.118122,0.518481,0.442241,0,0,0,0
-0.354952,1.187656,-0.736357,-0.517973,-0.011803,0.577313,-0.626984,0,0,0,0
-0.427301,1.538777,-0.985515,-0.472655,-0.888243,-0.396842,0.237951,0,0,0,0
-1.401393,1.359016,-0.631003,-0.157495,0.437002,-0.573789,-1.715417,1,0,0,0
-0.622640,1.540536,-0.662953,0.153861,0.444725,0.010464,-0.220618,0,0,0,0
-0.723357,1.859460,-0.424749,-0.150233,-1.039106,0.128654,0.342453,0,0,0,0
-0.694275,2.150032,-0.340510,0.222105,-0.935499,0.068259,0.232385,0,0,0,0
-1.595238,1.000476,-0.108596,-0.686370,0.007451,-0.802123,-2.367713,0,0,1,1
0.140378,1.544812,-1.305479,1.155036,0.521783,-0.417910,0.526616,0,0,0,0
-0.642522,2.242502,-0.289550,1.162083,0.155005,-0.332802,0.820921,0,0,0,0
-0.909476,2.563015,-0.420196,0.568463,-0.082599,0.648059,0.130912,0,0,0,0
-0.969577,2.109477,-0.220357,-0.172395,-0.561324,0.374875,0.096713,1,0,0,0
-0.925357,1.986246,-0.047211,0.303599,-0.599609,-0.437461,-0.963191,0,0,0,0
-1.089357,1.714175,-0.334003,-0.674489,-0.272845,1.240226,-0.272216,0,1,0,0
-0.858623,2.204906,-0.259528,-0.176702,-0.870688,-0.464983,-0.462364,0,0,0,0
-1.338832,2.221369,0.591610,-0.601077,-0.542807,1.339904,-0.826109,0,0,1,0
-1.196502,0.764099,-1.279403,0.553208,0.594526,-0.577402,-2.100384,0,0,0,0
-0.531778,0.773463,-0.509955,-0.211834,-0.418272,1.427219,-1.755924,0,0,0,1
-0.355853,0.777119,-0.213473,-0.342412,0.141292,-0.056874,-1.379268,0,0,0,0
-0.896467,0.769514,0.657918,-1.406534,-0.371332,-0.201589,-1.208023,0,1,0,0
0.426322,1.569999,-0.844795,0.514650,-0.085806,-0.061966,1.104158,0,0,0,0
-0.092145,1.358569,-0.364080,-0.029638,0.010456,1.063437,0.576295,0,0,1,0
0.185474,1.554271,-0.319726,-0.668380,-0.437104,-0.390685,0.646818,0,0,0,0
-0.715629,1.197399,0.518568,0.115192,0.885956,-0.101213,-0.122332,1,0,0,0
0.395328,1.246559,-1.077224,0.663012,0.647432,0.395344,0.616291,0,0,0,0
0.255593,1.530163,-1.741554,-1.659442,0.459015,0.771560,0.129936,0,0,0,1
0.280321,1.237688,-1.861626,-1.306276,0.685355,0.128150,-0.171000,0,0,0,0
0.010481,0.956198,-0.717832,-1.122949,0.326400,-0.016641,-0.095451,0,0,1,0
0.417052,0.793782,-0.954002,-1.322776,-0.901210,-0.240658,0.663374,0,0,0,0
0.328347,0.848735,-0.688281,-1.636677,-1.105327,0.051217,0.510590,0,1,0,0
0.221570,0.983707,-0.617513,0.009210,-0.159967,-0.116199,0.531078,0,0,0,0
0.103725,0.809108,0.290026,-0.969447,-0.521904,-0.607807,-0.295953,0,0,0,1
0.955462,0.623277,-1.334204,-0.668408,-1.007989,-0.276458,1.169332,0,0,0,0
0.941820,0.514640,-1.695503,-0.725742,0.569674,0.528057,0.159188,0,0,1,0
0.873963,0.604911,-1.795233,-0.088779,-0.898030,0.001903,1.021087,0,0,0,0
0.994892,0.281803,-2.247869,0.172609,-0.953695,-0.009225,0.271776,0,0,0,0
0.940005,0.117866,-1.874250,0.130153,-0.468193,-0.540066,0.617870,0,0,0,0
0.958424,0.373260,-2.125304,0.062902,-0.527450,0.217905,0.294402,0,0,0,0
1.063148,0.770557,-1.807259,1.367140,-0.092529,0.272775,1.006332,0,0,0,0
1.503632,0.721681,-0.919800,1.432089,0.227388,-0.347221,1.611492,1,1,0,0
0.779673,-0.774085,-0.582854,-1.059877,-0.372822,-0.035942,1.692993,0,0,0,0
1.041556,-0.145512,-0.549194,-0.653071,-0.758338,0.289848,1.404058,0,0,1,1
1.144247,0.267073,0.439764,-0.747638,-0.495856,-0.219603,1.834560,0,0,0,0
0.710629,0.076010,-0.313315,-0.869157,-1.047018,0.022091,0.992637,1,0,0,0
0.781318,0.376623,-0.427995,-0.827818,-1.476713,0.005293,1.176160,0,0,0,0
1.226603,0.291650,-0.832421,-1.342608,-0.773389,0.012930,0.960509,0,0,0,0
1.177052,0.513412,0.083361,-0.735781,-0.443801,-0.037426,1.559337,0,0,0,0
1.199807,-0.946082,0.779082,-1.016111,-1.032585,0.063652,1.424770,0,0,0,1
0.666802,0.386889,-0.577531,-0.062511,-1.129383,0.008970,1.149797,0,0,0,0
0.887033,0.503553,-0.307819,-0.685823,-0.998374,0.036242,1.833833,1,0,0,0
0.744263,0.128147,-0.089197,-0.445351,0.379834,-0.317115,1.071540,0,0,0,0
0.695013,0.577904,0.017529,-1.186564,-0.719040,-0.327322,0.908180,0,0,0,1
0.308742,0.434750,-0.111783,-0.349194,-0.982470,-1.105903,1.232564,0,0,0,0
1.049275,0.249612,-0.021489,-0.508208,-0.823100,0.320215,0.827820,0,0,0,0
0.919177,0.700236,0.305424,0.264292,-0.084912,-0.841803,1.349225,0,0,0,0
0.586552,0.184839,0.164128,-0.960744,-0.941479,-0.626773,1.356479,1,0,0,0
0.164161,0.961901,0.098865,-0.720718,-1.162388,-0.867598,1.961599,0,0,0,0
0.719805,0.692446,-0.871462,-0.486480,-1.148373,0.832258,0.872251,0,0,0,1
0.836401,0.517593,0.715973,-0.756268,0.406907,-1.092396,1.882626,0,0,0,0
0.735861,-0.236014,1.468132,-2.083726,0.326966,-0.465429,0.722286,0,0,1,0
0.137788,0.708377,-0.329655,-1.302619,-1.391837,-1.072858,0.752367,0,0,0,0
0.902141,0.354977,-0.314882,-0.432463,-1.088240,0.490598,1.104664,0,0,0,0
0.741944,0.594165,0.335875,-1.078695,-0.707175,-0.537823,2.238988,0,0,0,0
0.073798,-0.152289,0.238760,-0.409058,-0.187759,-0.646818,0.941030,0,0,0,1
0.359057,1.124679,-0.728364,-1.826962,-0.519841,-0.347504,1.127685,0,0,0,0
0.585480,0.451861,-0.560636,-2.403679,-1.744206,-0.417821,0.990090,1,0,0,0
0.679032,0.335464,-0.872679,-1.286909,-1.043947,-0.397270,1.601522,0,0,0,0
0.341990,0.603693,-0.166546,-1.508239,-0.761872,-0.294491,1.185193,0,0,1,0
0.643129,1.116881,-1.199181,-0.117816,-0.353365,-0.112582,1.634008,0,0,0,0
0.966445,0.435146,-1.396821,-0.574076,-1.456184,-0.025671,1.395868,0,1,0,0
1.006659,0.170926,-0.738552,-0.885188,-1.358246,0.128366,1.520535,0,0,0,0
0.847622,0.067365,-0.964585,-0.374687,-1.374571,-0.043411,1.226766,0,0,1,1
0.196773,0.634511,-0.436641,-1.412412,-1.789695,-0.621381,1.737269,0,0,0,0
0.792437,0.965036,-1.291822,-0.498631,-2.155849,-0.153807,1.429210,1,1,0,0
1.045941,0.121415,0.555423,-1.734523,0.275156,-0.292319,0.966209,0,0,0,0
0.671101,0.104955,0.778547,-2.324744,0.320198,-0.210267,0.969621,0,0,0,1
0.175629,0.992730,-1.126061,-1.397433,-1.366584,-0.713039,1.330061,0,0,0,0
0.931975,0.475064,-0.363156,-0.518049,-0.405833,0.345456,0.803181,0,0,0,0
0.591628,0.469013,0.579358,-1.487348,-0.371364,-0.061242,1.563291,0,0,0,0
0.453389,0.350056,0.214101,-2.612312,-0.905750,0.145084,0.567431,1,0,0,0
-0.409429,1.167008,0.018083,-0.961873,-0.965464,-0.862344,0.634995,0,0,0,0
0.293350,0.607038,-1.157972,-0.708274,-0.615922,0.250303,-0.160253,0,0,0,1
0.348737,0.723796,0.685797,-0.688441,-0.171345,-1.184190,1.042890,0,0,0,0
0.119477,1.010819,0.210787,-1.150983,-0.532571,-0.472718,0.392139,1,0,0,0
0.061326,0.562980,-0.476814,-1.163180,-1.384832,-0.774666,0.713024,0,0,0,0
0.877329,-0.418699,-1.367890,-0.799481,-1.126559,0.670831,-0.346337,0,0,0,0
0.859040,-0.003117,-0.118068,-0.899111,0.472740,-0.711274,0.748660,0,0,0,0
0.239583,0.301839,0.556335,-1.472188,-0.367848,-0.527160,-0.199414,0,0,0,1
0.755595,1.161786,-1.304017,-1.083750,-0.780711,0.621590,0.605227,0,0,0,0
0.607282,0.382735,-1.186210,-1.034312,-0.637555,0.860731,0.811009,0,0,0,0
1.056094,-0.437200,-0.156734,-1.213792,0.137656,0.121619,0.382242,0,0,0,0
0.912871,-0.250260,0.016097,-1.097839,-0.113617,0.381002,1.003754,1,0,0,0
0.520923,0.585617,0.213447,-0.407696,0.334018,-0.435473,0.465352,0,0,0,0
0.454434,0.167074,0.705436,-0.449562,0.519315,0.252761,0.529340,0,0,0,0
1.667954,-0.835648,-0.111416,0.037501,0.004565,-0.620106,1.030051,0,0,0,0
0.975465,-0.324085,0.964161,0.430863,0.736765,2.370733,1.448946,0,0,0,1
1.022191,0.363519,-0.387376,-1.803877,0.639625,0.044713,1.252739,0,0,0,0
1.136901,0.124801,-0.136680,-1.051650,1.192472,3.161535,1.528805,0,0,0,0
1.617710,-0.820427,-0.339111,0.243055,0.341094,-0.623741,1.328048,0,0,0,0
0.310253,-0.911799,1.226862,-0.118918,-0.792955,-0.535954,1.230715,0,0,0,1
1.756301,-0.537524,-0.462530,-0.554914,-0.732533,-0.517116,1.416693,0,0,0,0
1.011772,0.189007,0.185437,-1.302454,0.091776,3.023300,1.686562,0,0,1,0
1.688453,-0.404638,-0.068925,-0.762391,-0.032601,-0.061473,1.425814,0,0,0,0
0.443948,-0.089588,0.052295,-0.861394,0.517984,0.104649,0.716101,1,0,0,1
0.822790,0.315449,-1.011242,-2.454973,-0.663037,-0.076079,1.219446,0,0,0,0
0.732737,0.074050,0.461810,-0.674765,0.733440,2.319071,2.072423,0,0,0,0
1.976515,-0.663331,-0.269832,-0.440294,-0.288182,0.839025,0.895876,0,0,0,0
0.685765,0.103771,0.107895,-0.429085,-0.521366,-0.643009,0.867449,0,0,0,1
0.247731,0.282355,-1.053148,-0.972833,-1.326014,-0.698763,0.793698,0,0,0,0
0.757447,0.409746,0.524009,0.072311,0.659775,2.506328,0.982139,0,0,0,0
1.802696,-0.774074,-0.500979,-0.688111,-0.804673,-0.311686,1.079544,0,0,0,0
1.158628,0.155666,-0.265454,-0.291734,-0.340373,-0.360615,1.614378,0,0,0,1
0.310458,0.368934,-0.681872,-0.522614,-1.233412,-0.543185,0.685915,0,0,0,0
1.072893,0.326124,0.173463,0.188170,0.013018,3.260792,2.189345,0,0,0,0
1.577468,-0.238635,-0.289668,-0.511732,-0.641939,-0.116449,1.637012,0,0,0,0
0.981875,0.188723,-0.650787,0.377180,-0.062529,-0.340867,1.112123,0,0,0,0
0.774286,0.307227,-0.077991,-0.089074,1.486681,-0.131445,1.073683,0,0,0,0
0.817693,0.382918,-0.134531,-0.535423,1.097816,-0.179552,1.152933,0,0,0,0
1.043141,0.198853,-1.246622,0.392506,0.361579,-0.161688,0.602274,0,0,0,0
1.282719,0.521116,-1.024721,0.173969,-0.168396,-0.309035,1.322994,0,0,0,1
0.426538,0.570790,-0.316650,-0.381135,-0.520495,-1.031792,1.657962,0,0,0,0
1.035518,0.622025,0.189554,0.016891,-0.286025,3.097461,2.227512,0,0,0,0
1.348974,-0.557653,-0.357866,-0.360219,-0.575020,-0.286840,1.694419,0,0,0,0
0.943204,-0.658694,0.343206,-1.594601,0.184743,-0.501126,1.776937,1,0,0,0
0.350273,0.587381,-0.862566,-1.858176,-1.774745,-0.468189,0.840882,0,0,0,0
0.978741,0.227091,0.416811,0.208992,-0.069483,3.386750,1.518736,0,0,0,0
1.294377,-0.957911,-0.715821,-0.888131,-1.008106,-0.525995,0.625280,0,0,0,0
0.897937,-0.173748,-0.219537,-0.863297,-1.650084,-0.719602,0.544445,0,1,0,0
0.596861,0.922504,-1.663834,-1.506257,-0.195874,-0.069070,1.755278,0,0,0,0
1.157971,-0.070465,-0.603641,-0.313574,-0.540750,0.790553,1.784260,0,0,1,0
0.947375,-0.491346,-0.929234,-0.117297,-0.716619,-0.308906,0.735741,0,0,0,0
1.177060,0.075146,-0.839695,-1.302766,-1.567019,0.369670,1.328113,1,0,0,0
0.300299,0.378566,-1.376127,-0.923406,-0.086223,0.198057,0.325985,0,0,0,0
1.252799,-0.430014,-1.061482,-0.580338,-0.611080,0.227431,1.560739,0,1,0,0
1.174959,-0.423907,-0.384820,-0.341291,-0.253453,-0.478292,1.303524,0,0,0,0
0.682025,1.035010,0.269328,0.193368,0.416203,-0.626496,1.586967,0,0,1,1
0.267799,0.458342,-1.005413,-1.207067,-1.927067,-0.760668,1.848609,0,0,0,0
0.685957,0.939335,-1.081943,-0.650981,-0.831387,-0.311195,1.645497,0,1,0,0
1.021045,0.384650,-0.292692,-1.542052,-0.348857,-0.274393,1.371009,0,0,0,0
0.730884,0.471758,0.301613,-1.249745,-0.983876,-0.362705,1.992154,1,0,1,0
0.071615,0.818822,-1.528320,-0.946376,-1.328107,-0.637344,1.240004,0,0,0,0
0.736535,0.659801,-0.854424,-1.324162,-0.427595,-0.302505,2.039688,0,0,0,1
0.828520,0.439819,-0.580128,-0.825318,-0.758394,-0.656244,1.818297,0,0,0,0
0.584031,0.220858,-0.416236,-0.876202,0.085479,-0.141661,1.242962,1,1,0,0
0.441362,0.358724,-1.246046,-1.440015,-1.715267,-0.424839,0.985140,0,0,0,0
0.532493,0.434394,-0.087585,-1.159288,-0.333241,-0.570078,1.363337,0,0,1,0
0.909748,0.088613,-0.421899,-1.065703,-0.378132,-0.858860,1.559884,0,0,0,0
0.436353,0.398584,-1.147253,-1.932885,-1.823044,-0.409269,1.017532,0,1,0,1
0.880420,0.372781,-0.915583,-1.582932,-1.010624,-0.368271,1.479203,0,0,0,0
0.920461,0.213736,-0.447473,-1.176543,-0.593316,0.586672,1.957276,1,0,0,0
0.974329,0.212461,0.111204,-1.731958,-0.583925,-0.577226,1.885443,0,0,0,0
0.676840,-0.206590,0.347389,-1.631635,-0.897897,-0.847272,1.572972,0,0,0,1
1.403654,-0.296126,0.003470,-1.827812,-0.813471,0.455522,0.265918,0,0,1,0
1.493332,-0.115178,-0.134105,-1.166032,-0.031169,0.147335,0.681639,0,1,0,0
1.540059,-0.194939,0.021783,-1.275483,0.287149,-0.009439,1.350229,0,0,0,0
1.201887,0.054390,0.879261,-1.211973,-0.066375,0.008240,1.087848,1,0,0,0
1.026011,-0.076559,-0.334129,-1.947404,-0.931212,1.124031,0.143138,0,0,0,0
1.302623,-0.217358,0.209433,-1.022869,0.226555,1.314224,1.166587,0,0,0,1
1.258003,-0.176354,0.680701,-0.606431,-0.130300,0.480234,0.628263,0,0,0,0
1.104246,-0.239155,0.570304,-1.168827,-0.263731,0.787744,0.458263,1,0,0,0
0.977401,-0.436673,-0.021084,-1.644538,-0.976561,1.004428,-0.160301,0,1,0,0
1.161842,-0.501096,0.268129,-0.788989,-0.742266,1.135140,0.110479,0,0,1,0
1.392051,-0.272563,0.361539,-1.185943,-0.901609,0.563877,0.939354,0,0,0,0
1.280033,-0.442359,0.343242,-0.775390,-1.039429,0.477047,0.787576,0,0,0,1
0.968715,-0.556442,-0.911363,-1.276253,-2.123452,0.665636,0.643751,0,0,0,0
1.221837,-0.699047,-0.081879,-0.258394,-0.694566,1.595933,0.145957,1,0,0,0
1.171562,-0.901611,-0.180503,-0.100888,-0.249480,0.476411,0.726151,0,1,0,0
1.411222,-0.514844,0.129990,-0.243935,-0.966011,0.638600,0.821718,0,0,1,1
0.525737,-0.649260,0.713355,-0.966108,-1.448642,-0.574671,0.132436,0,0,0,0
0.967128,-0.083843,0.811931,-0.060556,-0.653972,0.501437,1.076497,0,0,0,0
0.609642,-0.157433,0.181513,-0.251166,-1.783754,-0.548859,-0.089071,0,0,0,0
0.521112,-0.463724,0.683711,-0.082833,-0.844548,0.411318,-0.271859,1,0,0,0
0.442373,-0.257965,-0.686844,0.034270,-1.278278,0.158270,-0.656085,0,0,0,0
0.368395,-0.000745,-0.683588,0.265396,-1.546385,-0.353170,-0.509134,0,0,1,0
0.425786,0.450309,-0.778596,0.168702,-1.577477,-0.021561,-0.260802,0,0,0,0
0.249029,0.516234,-0.599491,0.253116,-1.015378,-0.279830,-0.175143,0,1,0,0
0.366685,0.837105,-0.771991,0.100009,-1.100664,0.105705,0.014834,0,0,0,0
0.229950,0.464238,-0.541130,-0.241001,-0.112445,-0.759362,-0.462551,0,0,0,1
0.255628,0.587479,-0.642008,-1.371901,-0.835762,0.199412,-0.488933,0,0,0,0
0.179222,0.613753,0.060693,-0.357047,-0.559198,-0.405910,-0.648093,1,0,0,0
0.109138,0.601808,-0.847916,-0.953028,-1.413875,-0.237580,-0.311398,0,0,0,0
0.102187,0.694049,-0.807097,-0.780601,-0.129604,-0.411995,-0.762785,0,1,0,0
-0.070332,0.911526,-0.939266,-0.607087,-0.782594,-0.421648,0.292374,0,0,0,0
-0.004168,1.067890,-0.392150,-0.873408,-0.566897,-0.377601,0.345696,0,0,1,0
-0.101303,0.957727,-0.147545,-0.362799,-0.227873,-0.405380,-0.089319,0,0,0,0
-0.220938,0.777711,-0.009011,-0.211029,-0.244775,-0.565350,0.494835,0,0,0,1
-0.355225,0.694564,-0.421705,-0.252254,-0.255552,-0.668184,0.556279,0,0,0,0
-0.024520,0.810440,-0.039866,-0.217702,0.136649,0.162901,0.223430,0,1,0,0
0.000059,0.995554,-0.061064,-1.055256,-0.086732,-0.389414,-0.133920,0,0,0,0
-0.007575,0.820220,-0.174159,-0.766587,-0.429299,0.128877,-0.616376,0,0,1,0
-0.326932,0.896316,0.517011,-0.484520,0.002533,-0.308426,-0.789206,0,0,0,0
0.057727,0.979979,0.228008,-0.477951,-0.494256,-0.303397,0.226607,1,0,0,0
-0.275997,0.159659,-0.313358,-1.645997,-1.070113,-0.063137,-1.103011,0,0,0,0
0.083679,0.762759,-0.238609,-1.325193,-1.036321,-0.062922,-0.024314,0,0,0,0
-0.179365,0.676278,-0.009129,0.006705,-0.178006,-0.432822,-0.726109,0,0,0,0
-0.339468,0.559444,-1.004465,-1.110878,-1.063913,0.742740,0.220182,0,0,0,1
-0.287307,0.913644,-0.157225,-0.608855,-1.399558,-0.182050,-0.518694,0,0,0,0
-0.292004,0.880202,-0.196325,-1.284608,-1.166670,1.265626,-0.592392,0,0,0,0
-0.574346,0.889384,-0.604467,-2.389406,-1.527947,-0.239868,-0.332795,0,0,0,0
-0.275790,0.436776,-0.504450,-1.120639,0.048604,1.281757,-0.961753,1,0,0,0
-0.533528,0.884072,0.124215,-0.598768,-0.249791,0.600298,-0.524562,0,0,0,0
-0.771945,0.492513,0.333456,-0.621330,-0.002556,-0.174450,-1.232012,0,0,0,0
-0.989497,0.787025,0.093071,-0.941807,0.548823,-0.573184,-1.597167,0,0,0,0
-0.867898,0.470983,0.559268,-0.843075,0.400537,0.013626,-1.874490,0,0,0,0
-1.065937,0.625431,0.918059,-0.619986,0.025478,-0.667459,-2.070954,0,0,0,0
-1.282702,0.323382,-0.018478,-0.077011,0.495026,-0.678088,-1.754670,0,0,0,0
-1.207489,0.442333,0.268875,-1.047797,-0.322344,-0.441167,-1.406354,0,0,0,0
-1.039361,0.687321,0.362428,-0.918164,-0.203309,1.169771,-1.698819,0,1,0,0
-1.431294,0.317250,0.186241,-0.537779,0.425730,-0.348573,-1.823521,0,0,0,0
-1.332512,0.326049,0.166190,-0.270705,0.411613,0.044384,-2.312406,0,1,0,0
-1.470453,0.667440,0.253875,0.097379,0.164824,-0.863605,-2.115254,0,0,0,0
-1.269129,0.553917,-0.443594,0.117599,0.376259,-0.527144,-1.878701,0,0,1,0
-1.393702,0.552239,-0.049099,-0.022056,0.462620,-0.146628,-2.079829,0,0,0,0
-1.273196,0.407083,0.039494,0.195652,-0.158500,-0.886167,-1.932139,0,0,1,0
-1.493445,0.549024,-0.418895,0.809450,0.278722,-0.329361,-1.910147,0,0,0,0
-1.447627,0.224938,-0.659425,0.037801,0.032955,0.254562,-1.793839,1,0,0,0
-1.180698,0.911593,-0.280118,1.173211,0.288383,0.277549,-1.616805,0,0,0,0
-1.114005,0.617652,-0.343559,0.668359,0.142670,0.479282,-1.470920,1,0,0,0
-1.240089,0.315269,-0.500106,0.921562,-0.161807,-0.473939,-1.751728,0,0,0,0
-1.168775,0.762730,0.300106,0.828939,-0.125724,0.115653,-1.460968,0,0,0,1
-0.767384,0.820211,-0.176719,1.223047,-0.496605,0.195185,-1.291250,0,0,0,0
-1.044023,0.452081,-0.168022,1.297085,-0.520217,-0.451186,-1.525277,0,0,0,1
-0.741781,0.921678,-0.192072,1.153784,-0.285541,-0.261076,-0.979820,0,0,0,0
-0.830456,0.343140,-0.171074,0.995633,-0.240992,-0.375832,-1.130857,0,1,0,0
-0.885220,0.400291,0.287029,1.532854,-0.462863,-0.368416,-0.893446,0,0,0,0
-0.634440,0.490909,-0.416783,0.960913,-0.959124,-0.459501,-1.036174,0,1,0,0
-0.210809,0.675807,-0.304504,1.436939,-1.010470,0.507719,-1.008068,0,0,0,0
-0.202716,0.483135,-0.775656,0.823611,-0.836887,-0.271609,-1.015662,0,0,1,0
-0.170759,0.328412,-0.272893,0.857774,-0.937627,-0.214772,-0.680165,0,0,0,0
