{
    "means": [
        -60.16438674926758,
        117.66719055175781,
        -28.096628189086914,
        40.947940826416016,
        -11.725288391113281,
        0.936092734336853,
        0.28453734517097473,
        16.409399032592773,
        10.515776634216309,
        14.446859359741211,
        17.034748077392578,
        17.04530906677246,
        17.382083892822266,
        0.07953821867704391
    ],
    "stds": [
        84.3873789454041,
        36.48243490485571,
        24.97692305536116,
        20.331070260126744,
        16.812684081921343,
        0.6920422681100158,
        0.12232528480514643,
        5.745827389725576,
        3.996715202706085,
        4.407129952740393,
        4.638262698661331,
        4.110996366069817,
        3.893543798240137,
        0.049966267660545974
    ]
}