{"means": [-64.70140271296756, 118.07068096402546, -27.857812700647088, 40.32565325735409, -11.523005424676594, 0.9302924126242846, 0.2794465971326241], "stds": [88.93287099118795, 37.04664237113926, 25.527229358159108, 21.019122925980227, 17.10670352753242, 0.6931851120454627, 0.12452171078895362]}