mfcc0,mfcc1,mfcc2,mfcc3,mfcc4,onset,rms,lane0,lane1,lane2,lane3
-8.657602,-6.275536,2.802927,-3.473891,0.915311,-2.274772,-4.026405,0,0,0,0
-8.657602,-6.275536,2.802927,-3.473891,0.915311,-2.274772,-4.025507,0,0,0,0
-8.657602,-6.275536,2.802927,-3.473891,0.915311,-2.274772,-4.025422,0,0,0,0
-8.657602,-6.275536,2.802927,-3.473891,0.915311,-2.274772,-4.025364,0,0,0,0
-8.657602,-6.275536,2.802927,-3.473891,0.915311,-2.274772,-4.025364,0,0,0,0
-8.657602,-6.275536,2.802927,-3.473891,0.915311,-2.274772,-4.025318,0,0,0,0
-8.657602,-6.275536,2.802927,-3.473891,0.915311,-2.274772,-4.025385,0,0,0,0
-7.262489,-3.292590,3.529953,-3.325869,1.106748,2.947748,-3.994200,0,0,0,0
-6.400291,-0.943752,4.851490,-3.228783,0.560317,0.144631,-3.925277,1,0,0,0
-5.922515,-0.040387,4.813638,-3.512331,0.545072,0.756856,-3.865218,0,0,0,0
-5.620960,0.323327,4.421981,-4.022886,0.162540,0.824037,-3.769757,0,0,0,1
-5.111100,1.253403,4.312790,-4.600678,-0.097738,0.141375,-3.652676,0,0,0,0
-4.748226,1.963874,4.339663,-4.728602,-0.030919,-0.450070,-3.564465,0,0,0,0
-4.452245,2.412349,4.123056,-4.871097,0.075457,-0.049425,-3.439526,0,0,0,0
-4.153592,2.957855,3.673156,-6.063382,-0.022622,1.448688,-3.170421,0,0,0,0
-3.815535,3.078768,2.760592,-6.722137,-0.021371,0.632016,-3.107671,0,0,0,0
-3.553996,3.371571,2.483631,-6.805875,0.324831,0.344696,-3.001999,0,0,0,0
-3.256655,3.167289,1.668385,-6.385478,0.959052,-0.334819,-2.897878,0,0,0,0
-2.948101,3.374286,1.167252,-6.486435,0.683307,0.141910,-2.741262,0,0,0,0
-2.945649,3.302757,0.850012,-6.467109,1.236708,0.951292,-2.400341,0,0,0,0
-3.138301,3.072329,1.265594,-5.304504,2.195432,0.352460,-2.838607,0,0,0,1
-2.375711,3.596048,0.507815,-4.799567,1.741707,0.717862,-2.269935,0,0,0,0
-2.291640,2.699979,-0.156686,-3.777131,1.770211,1.283302,-2.579564,0,0,0,1
-1.719271,3.365434,-0.473644,-3.751954,1.656847,1.180875,-1.615519,0,0,0,0
-1.932103,3.260263,0.058333,-2.728828,2.132601,-0.065881,-1.634886,0,0,0,1
-1.514227,2.818207,-0.580058,-1.765768,1.162740,2.449345,0.195270,0,0,0,0
-1.517421,2.085361,0.603069,-0.802784,0.568628,1.079017,0.915176,1,1,0,0
-4.324880,-0.934047,2.794158,1.087429,3.156099,-1.816717,2.341983,0,0,1,0
-3.916835,-0.907127,2.435563,1.229268,3.064234,-1.663522,2.223889,1,1,0,0
0.764370,-1.720985,0.620578,0.578933,-0.197652,-1.663434,0.538182,0,0,0,0
0.250117,-2.216557,-0.105689,0.443248,-0.785563,0.678251,-1.668739,0,0,0,0
-0.474548,-0.784058,-0.476116,0.767837,-0.372417,0.083495,-2.225844,0,0,0,0
-1.235097,-0.506201,-0.252696,0.238725,-0.115566,-0.010957,-2.517107,1,0,1,1
-0.203348,-0.288046,-0.133395,0.799461,0.005019,-1.417480,0.745924,0,0,0,0
-0.008303,-1.445387,-0.248600,1.028099,0.321432,0.350280,-1.685129,0,1,1,0
-0.229445,-0.737552,-0.114143,0.859319,0.070956,-0.629666,0.326086,0,0,0,0
0.015412,-0.760044,-0.439406,0.577196,-0.126788,0.386900,-1.755424,1,1,0,0
0.566496,-1.152596,0.306533,0.363427,-0.112372,1.755471,-0.256145,0,0,0,0
0.142113,-2.241719,0.112615,1.556021,-0.232338,1.039936,-1.746575,1,0,1,0
-0.214517,-0.162769,-0.496811,0.798309,0.744540,-0.144934,0.397539,0,0,0,0
-0.428592,-0.119628,-0.801048,0.080502,0.101935,0.272723,-1.909391,0,0,0,0
-0.333418,0.219569,-1.124304,-0.252536,0.894155,0.469424,-1.847660,0,0,0,0
-0.534957,0.568393,-1.072855,0.275753,0.729829,0.441150,-1.682327,1,1,0,0
-0.943895,1.050123,-0.879846,-0.264017,1.564102,-0.261886,1.095248,0,0,0,0
-0.920120,1.200864,-1.187158,-0.609134,0.811525,0.267370,-1.927497,0,0,1,1
0.029955,-0.918160,0.630920,0.875361,-0.220742,-2.178802,-0.755237,0,0,0,0
-0.047476,-1.683552,-0.148218,1.625136,-0.555528,-0.018721,-2.174136,0,1,0,1
-0.503745,0.966062,-0.374239,0.150127,0.862747,-0.478688,1.113433,0,0,0,0
-0.756335,0.725055,-1.148515,-0.576690,0.492940,0.786199,-1.825480,0,0,0,0
-0.721608,1.666519,-1.201231,-0.878990,1.068594,0.424082,-1.905449,0,0,0,0
-0.923712,1.944987,-1.305148,-0.499248,1.916167,-0.004584,-1.718008,0,1,1,0
-1.240770,1.880095,-0.914248,-0.265625,2.395418,-1.698483,0.745653,0,0,0,0
-1.265123,2.162876,-1.576548,-0.750891,2.471806,-0.180941,-1.717032,1,1,0,0
0.195040,-1.227084,0.503288,1.397215,0.024804,-1.718307,-0.490980,0,0,0,0
-0.202392,-2.056688,-0.608221,1.508513,-0.901402,-0.109351,-1.929534,0,0,0,0
-0.620301,-1.103200,-0.775919,0.804824,-0.485927,1.389794,-2.322458,0,0,0,0
-1.375890,-0.905618,-0.595411,0.259286,0.092142,-0.347197,-2.943523,0,0,0,0
-2.101590,-0.498124,0.058877,-0.528868,-0.276745,-0.506066,-3.309930,0,0,0,0
-2.885512,-0.467509,0.176393,-1.167605,0.787679,-0.240428,-3.534355,1,0,1,0
-3.602470,-0.626565,1.965481,0.855262,2.561790,-1.681255,1.599760,0,0,0,0
-4.151867,-0.507289,1.971245,-0.301343,2.377076,0.209661,-2.381441,1,1,0,0
-0.111612,-1.349293,0.009384,0.454745,-0.662446,-1.227256,-0.123866,0,0,0,0
-0.246578,-1.668129,-0.422991,1.219885,-0.892751,0.274752,-2.279436,0,0,0,0
-0.948049,-1.057233,-0.339354,0.202778,-0.684602,-0.674807,-2.738168,0,0,0,0
-1.057247,0.373448,-0.240879,-0.698471,-0.187092,-0.026966,-2.499907,0,1,0,1
-1.148163,2.027507,-0.792523,-0.141737,2.154632,-0.829473,0.687749,0,0,0,0
-1.098272,2.362976,-1.473221,-1.236498,2.179847,-0.598667,-1.744052,0,1,1,0
-1.452378,1.497503,-1.200019,-0.589906,2.449660,-1.348639,0.534243,0,0,0,0
-1.287770,2.724210,-1.453761,-1.195066,2.907159,0.452345,-1.652926,0,0,1,1
-0.172835,-1.138468,0.410465,0.781028,0.230015,-0.836763,-0.929122,0,0,0,0
-0.106912,-1.243926,-0.228485,1.470999,-0.713081,-0.314943,-1.837921,0,1,0,1
-0.648333,0.579961,-0.558288,0.242933,0.947009,-0.415744,0.588738,0,0,0,0
-0.749989,0.950163,-0.846305,-0.444031,0.881819,0.283590,-1.728803,0,0,0,0
-0.934419,1.387575,-1.411480,-1.057703,0.919550,-0.684165,-2.088226,0,0,0,0
-1.152442,1.702764,-1.619845,-0.553011,2.327477,-0.068202,-1.924177,0,0,1,1
-1.518657,1.655459,-0.957626,-0.435363,2.820783,-1.190088,0.692692,0,0,0,0
-1.462513,2.184689,-1.597570,-1.104285,2.395702,0.675672,-1.771568,1,1,0,0
-0.068825,-1.213520,0.493613,0.994693,0.012286,-1.237449,-0.635001,0,0,0,0
-0.107263,-2.231176,-0.084449,1.053754,-0.228760,0.462368,-1.970665,1,0,1,0
-0.568756,0.699129,-0.556095,0.425859,1.429311,-1.417427,0.651632,0,0,0,0
-0.662539,1.122027,-0.842944,-0.064859,1.151804,0.214901,-1.847619,0,0,0,0
-0.860357,1.636266,-0.875500,-0.649237,1.193091,-0.024312,-2.000311,0,0,0,0
-1.018555,1.952640,-1.502951,-0.997748,1.577636,-0.367436,-1.835129,0,1,1,0
-1.313976,1.805240,-1.102918,-0.209740,2.456485,-0.727428,1.082234,0,0,0,0
-1.259716,2.358175,-1.147880,-0.387018,2.907910,0.718977,-1.744194,0,0,1,1
0.247874,-1.497946,0.667274,0.275213,-0.466259,-1.395718,-0.220327,0,0,0,0
-0.137445,-1.906816,-0.609105,1.759474,-0.659500,0.272559,-1.920314,0,1,0,1
-0.113508,0.205700,-0.948858,0.607048,-0.057853,-0.317537,-1.469809,0,0,0,0
-0.488705,0.343156,-1.465633,-0.645481,0.383746,0.005538,-1.884436,0,0,1,1
-2.000211,1.083492,0.639230,-0.839983,1.937485,-1.785286,1.892710,1,1,0,0
-2.361241,1.150412,1.188643,-0.956189,1.450635,-1.777494,1.203443,0,0,1,1
-0.942309,1.570345,-1.923777,-0.497307,2.212112,-1.242754,0.793872,0,1,0,0
-1.111058,1.006522,-1.317791,-0.557294,1.834802,-0.808430,0.597470,1,0,1,1
0.158542,-0.917171,-0.386332,1.090346,-0.259121,-1.379044,-0.637452,0,0,0,0
0.269750,-1.278497,-0.067654,1.123450,-0.931013,-0.143543,-1.332451,0,0,0,0
0.358105,-0.545402,-0.087062,0.247029,-0.411233,0.579863,-1.189946,0,0,0,0
-0.156370,0.132233,-0.068235,0.054177,-0.174420,-0.168029,-1.276804,1,0,1,1
-0.135225,-0.060119,-0.352966,0.875856,0.402727,0.529114,0.669234,0,0,0,0
0.056305,-0.990315,-0.510141,0.576166,-0.262793,0.668857,-1.098772,0,1,1,0
-0.140056,-0.601179,-0.542271,0.820687,0.534822,-0.833709,0.339326,0,0,0,0
0.029555,-0.970626,-0.301588,0.390071,0.034156,0.228920,-1.509736,1,1,0,0
0.293581,-1.687618,0.553141,0.560481,0.319907,-1.184526,-0.352006,0,0,0,0
-0.038072,-1.826571,-0.323242,1.323121,-0.573060,-0.133820,-1.554168,1,0,1,0
-0.324917,0.073323,-0.873576,0.309922,0.480829,-0.698500,0.524776,0,0,0,0
-0.292238,0.242133,-0.848157,-0.179286,0.731118,0.840021,-1.546359,0,0,0,0
-0.555301,0.268130,-0.845564,-0.057950,1.050767,0.018428,-1.800813,0,0,0,0
-0.536681,0.767694,-0.953440,-0.311097,0.514419,0.121608,-1.658548,1,1,0,0
-0.373271,-0.342045,-1.008821,0.346536,0.563202,-0.260560,1.120688,0,0,0,0
-0.681069,1.220136,-1.486174,-0.156724,1.631110,0.152689,-0.808325,0,0,1,1
0.085698,-1.271694,0.545613,-0.308476,-0.325880,-1.653820,-0.517230,0,0,0,0
0.011390,-1.824013,0.336499,0.902771,-0.200388,1.160459,-1.511027,0,1,0,1
-0.612084,0.759454,-0.491824,-0.022001,0.802736,-1.121852,1.073769,0,0,0,0
-0.531207,1.318676,-0.633394,0.057540,0.982457,0.925376,-1.316968,0,0,0,0
-0.914382,1.892319,-0.724064,-0.201585,1.749273,-0.908832,-1.215537,0,0,0,0
-0.954444,2.183887,-0.978811,-0.192009,2.326228,-0.092073,-0.697904,0,1,1,0
-0.666579,0.603711,-0.327816,-0.076991,1.505117,-0.768868,1.038906,0,0,0,0
-1.196129,2.099328,-1.383936,-1.101489,2.392447,-0.144467,-1.243581,1,1,0,0
0.480624,-1.052850,0.556276,1.130888,-0.637881,-1.690307,-0.165086,0,0,0,0
-0.153117,-1.904714,-0.499386,2.099426,-0.505461,1.110398,-2.003689,0,0,0,0
-0.552659,-1.062725,-0.688701,0.611310,-0.608667,0.426586,-2.337190,0,0,0,0
-1.240993,-0.822588,-0.746410,-0.320772,-0.591985,0.211670,-2.921378,0,0,0,0
-1.904865,-0.270743,0.219032,-0.312155,0.115777,-0.765033,-3.304066,0,0,0,0
-2.417274,0.228126,0.702626,-0.677884,0.368797,-0.711789,-3.337839,1,0,1,0
-3.278235,0.220589,2.503684,0.891644,2.117856,-1.465711,1.698173,0,0,0,0
-3.523257,0.709532,2.625989,-0.274691,1.684336,1.061140,-2.235548,1,1,0,0
0.330689,-1.589223,-0.068497,1.010234,-0.454576,-1.875277,-0.215108,0,0,0,0
-0.004670,-1.806387,-0.012459,1.036382,-0.538213,0.756682,-2.150458,0,0,0,0
-0.749624,-0.698020,-0.128002,0.916872,-0.638998,-0.245345,-2.571549,0,0,0,0
-1.050908,0.376537,0.056158,-0.308581,-0.316349,-0.205556,-2.363788,0,1,0,1
-1.073937,2.072001,-0.943501,-0.321908,2.742190,-0.987420,1.199553,0,0,0,0
-1.048762,2.230380,-1.171247,-0.829070,2.096565,0.346905,-1.542107,0,1,1,0
-0.485876,0.837822,-0.720960,-0.528068,1.543658,-0.411113,0.831497,0,0,0,0
-0.970257,2.365445,-1.248939,-0.824328,2.590406,0.160832,-1.379813,0,0,1,1
0.129707,-1.350047,0.670394,0.860343,0.423976,-0.353482,-0.692809,0,0,0,0
0.070991,-0.714643,0.000865,1.615091,-0.688232,0.072590,-1.548858,0,1,0,1
-0.429892,1.045308,-0.600148,0.142387,1.243572,-0.816532,0.766462,0,0,0,0
-0.632745,1.098202,-1.203458,-0.770447,1.070746,1.079482,-1.509688,0,0,0,0
-0.786493,1.967206,-1.051898,-0.756971,1.592501,-0.066744,-1.335767,0,0,0,0
-1.093466,2.303913,-1.094874,-0.506141,2.211527,-0.498836,-0.812553,0,0,1,1
-0.340773,0.206265,-0.874615,-0.038741,1.354251,-0.478931,1.017818,0,0,0,0
-0.909808,2.193574,-1.750346,-0.886249,2.247177,-0.544996,-1.286773,1,1,0,0
-0.163889,-0.660703,0.130412,0.652664,0.006107,-0.683103,-0.452098,0,0,0,0
0.208629,-0.603956,-0.168316,1.393676,-0.245515,0.426646,-1.348020,1,0,1,0
-0.366985,1.208804,-0.628052,-0.384630,0.727886,-0.821486,0.884831,0,1,0,0
-0.885065,1.534004,-0.526785,-0.116930,1.926406,-1.300988,0.400585,1,0,1,1
0.140370,-0.773418,0.103937,0.746150,-0.007910,-1.331138,-0.583484,0,0,0,0
0.275411,-0.529953,-0.016008,1.220174,-0.483931,-0.330886,-0.700948,0,1,0,0
0.093066,-0.845724,-0.416472,0.995051,0.140130,0.321674,-0.986726,0,0,1,1
0.155037,-0.368385,-0.511559,0.932286,-0.397948,-1.274946,-0.615937,1,1,0,0
-0.227895,-0.870866,0.356732,1.754630,0.352195,-1.390313,-0.267248,0,0,1,1
0.211531,-1.650222,0.389347,0.963812,0.659242,-1.051574,-1.015023,1,1,0,0
0.518926,0.032322,-0.948350,0.571572,-0.162285,-0.418009,-0.332704,0,0,1,1
0.327874,-0.238173,-0.630019,0.792901,-0.038816,-1.381303,-0.636793,1,1,0,0
0.080559,-0.908257,-0.080736,1.056153,1.498280,-0.420585,1.003467,0,0,1,1
0.405926,-0.677847,-0.419923,1.567287,-0.254596,-0.313341,-0.828744,1,1,0,0
0.709722,-0.603273,-0.735616,0.775761,-0.537011,-0.833386,-0.343983,0,0,1,1
0.499494,-1.105543,-0.061036,0.640679,-0.079790,-1.821407,-0.111348,1,1,0,0
0.702630,-1.475331,0.059442,1.341396,-0.570377,-1.328768,0.008457,0,0,0,0
0.480484,-0.735107,-0.054789,1.116137,-0.719576,0.864548,-0.622559,1,0,1,1
0.469831,-1.616272,0.724873,-0.139802,0.707006,-1.475342,1.348924,0,0,0,0
0.524028,-2.044008,0.415956,-0.034014,-0.288255,0.242707,-0.666457,0,0,0,0
0.425738,-1.552440,0.173336,0.490589,-0.246561,-0.034133,-0.544094,0,0,0,0
0.207470,-1.237338,-0.222980,1.015745,-0.208137,-0.274764,-0.086807,1,1,0,0
-0.142748,-0.990279,-0.006424,0.624236,0.545192,-0.725264,1.346553,0,0,0,0
0.085412,0.046314,-0.316839,0.530787,0.176171,-0.141234,-0.770749,1,0,1,1
0.479997,-0.830464,-0.428387,1.249025,0.511490,-0.794864,-0.514340,0,0,0,0
0.527379,-0.437317,-0.588382,0.973209,-0.115055,0.746003,-0.424300,0,1,0,1
0.102563,-0.104872,-0.086528,0.814549,0.578015,-0.975060,0.909503,0,0,0,0
-0.019221,-0.232144,-0.356708,0.942400,0.291966,0.335502,-0.771868,1,0,0,0
0.277956,-0.185328,-0.759424,-0.031341,-0.058168,0.142070,-1.163261,0,0,0,0
0.304030,-0.275001,-0.196072,0.904544,-0.280780,0.762407,-0.417466,0,0,1,1
-0.175588,-0.013163,-0.469303,0.198816,0.563698,-1.094911,1.194257,0,0,0,0
0.082030,-0.049701,-0.500429,0.195319,0.507578,0.564653,-0.715644,1,1,0,1
0.579775,-0.776910,0.110756,-0.218541,0.339403,-1.606865,-0.709684,0,0,0,0
0.560044,-0.450027,-0.494096,0.290293,0.083582,0.407218,-0.692779,0,1,1,0
0.017707,0.228430,-0.656475,0.301995,0.306389,-1.208563,1.087248,0,0,0,0
0.184970,0.066396,-0.590981,0.300249,0.765796,0.426456,-0.696326,0,0,1,0
0.163770,-0.728991,-0.544649,0.024031,0.131725,0.569830,-1.211912,0,0,0,0
0.309594,-0.190638,-0.861699,0.166490,-0.058743,0.592368,-0.732673,1,1,0,0
-0.011286,0.317624,-0.663112,0.418344,0.767491,-0.941666,1.032128,0,0,0,0
0.063412,-0.042440,-0.893205,0.338925,-0.026083,0.622300,-0.811379,1,0,1,1
0.165451,-0.649504,-0.305133,0.317749,-0.019543,-1.445581,-1.033348,0,0,0,0
0.105785,-0.507197,-0.172543,1.264073,-0.630758,1.027078,-1.280899,0,1,1,0
-0.045655,-0.098506,-0.908278,0.536546,0.664328,-0.892880,0.893645,0,0,0,0
0.038757,-0.001422,-0.726987,0.668741,0.339322,0.035215,-0.481978,0,1,1,0
0.289690,-0.265967,-0.381056,0.295213,0.632165,1.157012,-0.509434,0,0,0,0
0.315066,-1.035948,-0.283051,0.998129,0.331812,-0.470723,-0.535788,0,0,1,1
-0.024995,-0.768802,-0.349651,0.679136,0.565576,-1.115515,1.584769,0,0,0,0
0.089728,-0.387550,-0.828422,0.097161,0.420194,0.802157,-0.418099,1,1,0,1
0.207522,-0.499065,0.080700,0.376830,-0.211164,-1.196165,-0.353827,0,0,0,0
0.140152,-0.427163,-0.235306,1.045399,-0.338933,-0.356357,-0.402606,1,0,1,1
0.070470,-0.594987,-0.008168,0.621006,0.554235,-1.028626,0.898480,0,0,0,0
0.278106,-0.673453,-0.147647,0.216657,0.211860,1.449896,-0.491189,0,0,0,0
0.218607,-0.877066,-0.008095,0.749450,0.548595,-0.560766,-0.693382,0,0,0,0
0.070888,-0.461999,-0.693541,1.018313,0.577511,0.336396,-0.020799,1,1,0,0
-0.280490,0.156340,-0.525482,0.467926,0.894480,-0.736558,0.838522,0,0,0,0
-0.328403,0.219456,-0.780937,0.271333,1.017867,0.351805,-0.315840,1,0,1,1
0.338565,-0.498485,-0.894583,0.461614,0.016794,-1.344530,-0.564570,0,0,0,0
0.307618,-0.486555,-0.575407,0.633859,-0.037196,0.267575,-0.682713,0,1,0,1
-0.123110,0.066118,-0.261414,1.071559,0.739256,-0.187859,0.989700,0,0,0,0
-0.018100,-0.069834,-0.704584,0.605708,0.246586,1.097895,-0.824316,1,0,0,0
0.148703,-0.060382,-0.079998,0.577258,0.400219,-0.252341,-0.831050,0,0,0,0
0.091028,-0.076186,-0.385181,0.778139,0.103059,0.138053,-0.679195,0,0,1,1
-0.228764,0.164144,-0.370083,0.551721,1.052842,-0.810515,1.364136,0,0,0,0
0.138727,0.367912,-0.407129,0.307444,0.548703,-0.214391,-0.658259,1,1,0,1
0.217502,-0.988767,-0.477837,0.462844,0.453135,-1.869746,-0.548617,0,0,0,0
0.340785,-0.718041,-0.105247,0.888061,-0.152269,0.781588,-0.924024,1,0,1,0
0.127492,-0.236818,-0.126341,0.041045,0.246890,-0.890924,1.005892,0,0,0,0
0.102647,-0.601224,-0.702400,-0.043622,0.345324,0.885479,-0.713119,0,1,0,1
0.233285,-0.413700,-0.513154,0.386737,-0.098215,0.401078,-1.078199,0,0,0,0
0.230086,-0.657530,-0.699455,0.555238,0.066634,-1.043511,-1.056481,0,0,1,1
-0.164725,-0.125879,-0.052024,0.586883,1.086378,-1.174360,0.962415,0,0,0,0
-0.089768,-0.343486,-0.654400,0.361841,0.765870,0.407135,-0.738344,1,1,0,1
0.160655,-0.755992,-0.438856,0.785150,-0.287153,-1.804009,-0.670732,0,0,0,0
0.352713,-1.342472,-0.306332,0.425914,-0.422780,-0.315508,-0.736963,1,0,1,0
0.026188,-0.557699,-0.325112,0.270144,0.444388,-1.039151,1.596816,0,0,0,0
0.014388,-0.342500,-0.350918,0.284436,-0.305090,-0.252566,-0.428760,0,1,0,1
-0.188397,0.027799,-0.259091,0.214462,0.277466,-1.458962,0.285034,0,0,1,0
-0.370575,0.501203,-0.489784,0.193622,1.038594,-1.407527,0.147104,1,0,0,0
-0.546925,0.244359,-0.770059,0.065589,1.456459,-0.602278,1.472688,0,0,1,0
-0.660615,0.664437,-0.792755,0.375344,1.720370,-1.289068,0.193926,1,1,0,1
0.224009,-0.533379,-0.097293,0.855639,0.293081,-1.599507,-0.870784,0,0,0,0
0.208221,0.102771,-0.530166,1.063745,0.204813,0.036382,-0.380053,1,0,1,1
0.011976,-0.775822,-0.184452,-0.328881,0.884951,-0.435974,0.704938,0,0,0,0
0.196006,-1.126410,0.261938,0.092327,0.278859,0.798471,-0.705718,0,0,0,0
0.157410,-1.148108,0.277902,0.353700,0.544803,0.058225,-0.839475,0,0,0,0
0.169511,-0.936342,0.014447,0.255839,0.133921,-0.731203,-0.447623,1,1,0,0
-0.201938,-0.370901,0.155490,1.119942,0.610614,-0.714686,0.958829,0,0,0,0
-0.053516,-0.095472,-0.493093,0.075782,0.606108,0.556776,-0.851306,1,0,1,1
0.380118,-0.785689,-0.337963,0.788884,-0.071341,-1.139053,-0.453755,0,0,0,0
0.323506,-0.419552,-0.978669,0.687221,-0.240111,0.481136,-0.515063,0,1,0,1
-0.278871,-0.161091,-0.351470,0.882742,1.207825,-1.429550,0.629737,0,0,0,0
0.026448,-0.601562,0.242408,0.806210,1.092108,-0.131116,-0.812053,1,0,0,0
0.272600,-0.307796,-0.599373,-0.446076,-0.497044,0.223461,-1.175329,0,0,0,0
0.258657,-0.303270,-0.677593,-0.045761,-0.147159,0.531378,-0.741341,0,0,1,1
-0.204487,0.074642,-0.228061,0.308796,0.673113,-0.727864,1.272814,0,0,0,0
-0.132984,-0.290525,-0.247909,1.056409,1.040307,-0.433165,-0.909894,1,1,0,1
0.132249,-0.672440,-0.453306,0.749600,-0.119593,-1.721181,-0.470098,0,0,0,0
0.500546,-0.422481,-0.527900,1.023821,-0.515855,-0.003729,-0.519610,0,1,1,0
-0.013777,-0.028560,-0.487155,0.249919,0.599094,-0.842349,1.149249,0,0,0,0
0.164114,-0.156742,-0.776696,0.230687,0.555091,1.060797,-0.566143,0,0,1,0
0.098554,-1.018638,-0.446619,0.153168,0.563896,-0.282660,-1.271145,0,0,0,0
0.346689,-0.487626,-1.088261,0.170475,-0.048408,-0.209055,-0.767807,1,1,0,0
-0.015750,0.397831,-0.409351,0.571609,0.857883,-1.266428,1.064225,0,0,0,0
0.192058,-0.307793,-0.640721,-0.053879,0.361829,0.126683,-0.639009,1,0,1,1
0.244212,-0.775515,-0.107392,0.811396,-0.047652,-1.054204,-0.564392,0,0,0,0
0.440005,-0.975124,-0.179184,0.742506,-0.358275,0.532872,-0.471077,0,1,1,0
-0.039498,-0.300818,-0.629399,0.418345,0.776281,-0.642669,0.894998,0,0,0,0
0.234367,-0.201723,-0.050480,0.399241,0.343148,0.286947,-0.639552,0,1,1,0
0.234118,-0.852051,-0.292391,0.484027,0.275516,0.404162,-0.479628,0,0,0,0
0.408399,-0.334180,-0.483640,0.937096,0.040011,0.919987,-0.341591,0,0,1,1
-0.199474,-0.219191,-0.539545,0.382064,1.018476,-1.050742,1.861427,0,0,0,0
0.057329,0.132031,-0.761839,0.237452,0.464345,0.951674,-0.600559,1,1,0,1
-0.043888,-0.815976,-0.356112,0.356959,-0.010081,-1.621639,-0.586907,0,0,0,0
0.240000,-0.076123,-0.670940,0.158641,-0.550348,-0.068333,-0.819745,1,0,1,1
-0.255849,-0.631016,-0.493094,0.630469,-0.084260,-1.186145,0.604876,0,0,0,0
0.302041,-1.017885,0.233900,0.750202,-0.087876,-0.156957,-0.610993,0,0,0,0
0.221878,-0.625204,-0.058982,0.631543,0.586158,0.315085,-0.428607,0,0,0,0
0.162167,-0.282410,-0.880213,0.425660,0.493010,-0.593359,-0.228461,1,1,0,0
-0.442332,0.409464,-0.076423,0.226383,0.774675,-1.086843,1.360281,0,0,0,0
-0.195096,0.512118,-0.432601,0.132359,0.087463,-0.295655,-0.875263,1,0,1,1
0.253182,-0.523925,-0.673021,0.859868,0.332906,-1.575623,-0.383456,0,0,0,0
0.311816,-0.357762,-0.305671,1.277385,-0.131602,0.556061,-0.625748,0,1,0,1
-0.032213,0.184230,-0.302218,0.736313,0.515726,-0.170513,0.997970,0,0,0,0
-0.012034,0.054165,-0.706669,0.334653,-0.021484,-0.105950,-0.708486,1,0,0,0
0.298802,0.110313,-0.192526,0.071715,0.092473,0.375578,-0.694970,0,0,0,0
0.212964,0.117325,-0.781065,0.173602,-0.419508,0.507142,-0.387068,0,0,1,1
-0.191814,0.034392,-0.551255,0.668099,1.342265,-0.546284,1.146472,0,0,0,0
-0.075527,0.144058,-0.719214,0.778326,0.617852,0.394450,-0.644611,1,1,0,1
0.336100,-0.745838,-0.592964,0.586416,0.074371,-1.190036,-0.512555,0,0,0,0
0.368650,-0.443861,-0.461559,0.485230,-0.009413,0.783474,-0.552125,1,0,1,0
-0.232777,0.570938,-0.295903,0.654537,0.685449,-0.527972,1.093982,0,0,0,0
-0.026305,0.051420,-0.391953,0.975505,0.424320,1.363271,-0.939959,0,1,0,1
0.315724,-0.252531,-0.350258,-0.086210,0.497575,0.138737,-0.676234,0,0,0,0
0.441649,-0.452962,-0.781676,0.248633,-0.241786,0.591684,-0.526062,0,0,1,1
-0.340881,-0.671517,-0.456968,0.840755,0.545377,-1.386401,0.867215,0,0,0,0
-0.119802,-0.229821,-0.410000,-0.059300,0.024673,0.078183,-0.613558,1,1,1,0
0.413196,-1.168427,-0.052881,0.850233,0.311151,-1.494561,-0.445207,0,0,0,0
0.390019,-1.117353,-0.107102,0.878366,-0.066451,-0.298148,-0.526401,1,0,0,1
0.234213,-0.567724,-0.629023,0.022547,-0.092058,0.025277,-1.193286,0,1,0,0
-0.052372,0.354646,-0.085256,0.412560,0.914496,-1.303773,0.509343,0,0,1,1
-0.038293,-0.097325,-0.495198,-0.008273,0.951772,-0.749005,0.284221,0,0,0,0
-0.254392,0.090525,-0.654850,0.479253,0.961339,-0.294583,0.755941,0,1,1,0
-0.405422,0.468659,-0.931092,0.251976,1.320639,-0.729489,1.419404,0,0,0,0
-0.372409,0.628928,-0.620508,0.070553,1.017607,0.636494,-0.024764,1,1,0,1
0.420280,-0.239484,-0.348047,0.286560,-0.622164,-0.963987,-0.314361,0,0,0,0
0.591844,0.643236,0.117242,1.078078,-0.676377,0.243778,0.112007,1,0,1,1
0.480654,0.275267,0.373180,1.246729,-0.732582,0.479714,1.990993,0,0,0,0
0.469374,-0.673983,0.634600,0.292387,-0.418755,-0.063775,-0.070057,0,0,0,0
0.320180,0.058383,0.803062,0.123721,-0.658992,0.213069,0.251122,0,0,0,0
0.077256,-0.212563,0.608534,0.299681,-0.663450,-0.648464,0.102095,0,0,1,1
-0.436982,0.584675,0.769672,0.385585,0.337903,-0.873207,1.274672,0,0,0,0
-0.285292,-0.687902,0.679557,0.844946,0.009092,0.945944,-0.756175,1,1,0,1
0.650359,-1.173108,1.054555,-0.207091,0.143330,-0.920750,0.085195,0,0,0,0
0.405037,-1.528996,1.809835,0.240000,0.668988,-0.671725,-0.326529,0,0,0,1
0.070837,-1.689907,1.198045,1.707912,-1.401164,0.252442,-0.727211,0,0,0,0
-0.193798,-2.691580,1.347325,1.055703,-0.848466,-0.094988,-0.438651,1,0,1,0
-0.668306,-0.439977,2.519100,-0.092291,2.295242,-0.570013,1.148049,0,0,0,0
-0.990357,0.464914,2.014144,-0.585337,-0.069757,0.412357,-0.748977,0,1,1,0
-0.666145,1.158633,0.753011,0.026757,1.202427,-1.083499,0.872763,0,0,0,0
-1.226472,-1.361783,1.220886,0.093723,0.433602,1.197094,-1.440998,1,1,0,1
0.624772,-1.462579,1.405794,0.358735,0.540844,-1.271983,-0.361707,0,0,0,0
-0.143565,-0.458730,0.373261,1.993327,0.067004,-0.865490,-0.289681,1,0,0,0
-0.243950,0.927783,0.676450,-0.109313,-0.242324,0.392286,-0.711854,0,0,0,0
-0.722571,-1.604911,2.240985,0.348989,0.379847,0.260795,0.299935,0,1,0,1
-0.115908,-0.431683,2.034688,-1.206102,1.447756,-0.118348,1.128571,0,0,0,0
-0.438027,-2.231491,1.424868,2.663808,-0.483086,0.131828,0.254239,0,0,1,0
-0.883033,1.455458,0.142362,-0.213629,1.262733,0.613753,0.057095,0,0,0,0
-0.991846,0.117040,1.320101,1.238676,0.398696,-0.386079,0.308208,1,1,0,1
0.388091,-1.421570,1.442730,0.110389,0.167655,-1.559211,-0.420571,0,0,0,0
0.113922,-2.351502,1.779744,0.711054,-0.412170,-0.044676,-0.383458,0,0,1,0
-0.054274,0.817828,0.610177,-0.072742,-0.309849,0.637232,0.227743,0,0,0,0
-0.724428,1.058510,0.340287,-0.088720,0.985019,-0.525530,0.177480,1,0,1,0
-0.105399,0.150359,1.291573,-0.346248,0.374077,-0.240048,1.315217,0,0,0,0
-0.812979,-0.040566,1.446372,0.071891,-0.119810,-0.111441,0.018797,0,1,1,0
-0.884221,1.577897,0.064803,0.641126,2.158466,-0.739001,1.271075,0,0,0,0
-0.433226,0.547414,-0.562177,0.054152,0.211264,3.023497,-0.727743,1,1,0,1
-0.048527,-0.874608,0.233125,0.561828,0.183297,-1.156655,-1.040762,0,0,0,0
-0.116088,-0.191864,0.455023,1.442383,-0.138612,0.040768,-0.218606,1,0,1,1
0.008694,0.300826,0.192527,0.477119,-0.476336,-0.980035,1.235604,0,0,0,0
0.366475,-0.385894,0.318583,0.587237,-1.009871,0.702926,-0.322590,0,0,0,0
0.259545,-0.184174,-0.093057,-0.202379,-0.651485,0.233757,0.352388,0,0,0,0
0.084766,0.031514,0.266133,0.182100,-0.587197,-0.413817,0.162117,0,0,1,1
-0.396196,0.781324,1.165616,0.212953,0.301590,-1.346055,1.126245,0,0,0,0
-0.424008,0.865473,0.172692,0.465084,0.639298,1.114795,-1.268948,1,1,0,1
0.586581,-1.461873,1.036148,0.297260,0.531009,-0.562482,-0.836285,0,0,0,0
0.373950,-1.093812,1.578548,0.720940,0.187937,-0.056295,-0.277624,1,0,0,0
0.310740,-2.323027,1.621214,1.290406,-0.821560,1.455848,-0.853984,0,0,0,0
-0.400352,-2.443979,1.909007,0.746567,-0.774166,0.034022,-0.200705,0,1,0,1
-0.117412,-0.550299,1.495254,-1.313868,1.687050,-0.430612,0.844891,0,0,0,0
-0.827924,0.786915,0.445632,-1.244121,0.372106,-0.453222,-0.891541,0,1,1,0
-0.896188,2.170185,0.520434,-0.910192,1.553447,-1.136350,1.132973,0,0,0,0
-1.875795,1.029937,2.847788,-0.003980,-0.077864,-0.103623,-0.455593,1,0,1,1
0.466945,-1.041883,0.701774,-0.201772,0.413283,-1.122130,-0.736892,0,0,0,0
-0.424764,-0.489230,0.337202,1.639225,0.189689,-0.709416,-0.653931,0,0,0,1
-0.533879,0.446239,0.466786,-0.438495,1.069268,-0.863298,-0.296117,0,0,0,0
-1.383374,1.109636,0.806490,0.043347,1.349622,0.094865,-0.141868,1,0,1,0
-0.738055,0.814924,0.728860,-0.049835,2.286594,0.127377,1.504088,0,0,0,0
-1.407751,1.698084,0.603621,0.140746,2.162007,1.167723,-0.258359,0,1,0,0
-0.883940,2.036281,0.086784,-1.199821,2.175420,1.093256,-0.109874,0,0,0,0
-2.461562,1.531596,3.037662,-1.207287,0.289680,0.675343,-0.949038,1,0,1,1
0.362017,-1.667669,-0.006068,1.376343,-1.080928,-1.433077,-0.833903,0,0,0,0
-0.436862,-0.741398,-0.066340,1.215304,0.320708,-0.940882,-0.754763,0,1,0,0
-0.063150,0.494248,0.560853,-0.514850,-0.062565,1.318253,0.128061,0,0,0,0
-1.251449,0.833902,1.321753,-0.608517,-0.222193,0.164173,-0.640210,0,1,0,1
-0.645581,1.740006,-0.325226,-0.515358,1.451463,-1.014396,0.848928,0,0,0,0
-0.995791,0.744737,0.542355,0.311921,1.640965,0.514130,-0.389060,0,1,1,0
-0.296490,-0.295402,1.308376,-0.572696,1.341469,-0.052071,1.430889,0,0,0,0
0.219531,-1.220896,0.911209,-0.331692,0.973174,3.903637,-0.225265,1,0,1,1
-0.079841,-0.918501,-0.277388,0.684221,-0.111526,-1.223925,-0.888145,0,0,0,0
-0.087214,-0.148729,-0.392298,0.785105,-0.275182,-0.948488,-1.272850,1,1,0,1
0.196019,0.796467,0.275405,-0.403407,0.052310,-0.169042,1.063573,0,0,0,0
0.220160,-0.051284,0.052131,-0.134717,-0.541785,0.728812,0.159510,0,0,0,0
0.071409,-0.585429,0.504852,0.445553,-0.494510,0.060040,0.313106,0,0,0,0
0.183667,0.093930,0.100909,0.207958,-0.418041,-0.092578,0.255672,1,1,0,0
-0.369911,0.299062,0.611378,0.391874,0.450176,-0.806682,0.829869,0,0,0,0
0.097133,-1.590101,1.149569,0.480206,-0.140237,0.987908,-1.214874,1,0,1,1
0.716924,-1.160654,1.526389,-0.471754,-0.172818,-0.040206,-0.577457,0,0,0,0
0.253093,-0.903156,1.223357,0.555885,-0.410411,-0.198795,-0.262286,0,0,0,1
-0.000251,-0.887009,1.337661,-0.362376,0.230203,-0.485469,-0.571279,0,0,0,0
-0.324925,-0.919497,0.294135,0.902730,1.163511,0.549747,-0.868173,1,0,1,0
-0.320040,-0.535984,1.799025,0.077310,1.668540,-1.323195,1.099263,0,0,0,0
-1.477598,-0.195666,1.448111,1.605406,1.359626,0.333739,-0.331917,0,1,1,0
-0.758743,0.544527,0.588837,0.049101,1.122207,-0.896618,0.806853,0,0,0,0
-1.149948,-1.062837,1.010752,1.578286,0.308207,-0.549131,-0.511128,1,1,0,1
0.186477,-1.131572,0.997095,0.300739,0.763130,-1.239618,-1.044897,0,0,0,0
-0.327006,-0.411338,1.014829,2.247559,-0.292242,-0.196536,-0.318243,1,0,0,0
0.157543,-1.595990,1.288798,-0.348877,0.125890,2.522703,-0.918964,0,0,0,0
-0.300667,-1.883892,2.506350,0.522530,-0.650365,-0.204811,-0.216363,0,1,0,1
0.022236,-0.056779,1.018474,-1.203013,0.132866,-0.260198,1.197510,0,0,0,0
-0.332253,0.822552,1.111351,-1.201433,0.092177,1.525337,0.142580,0,1,0,0
-0.280164,0.420075,0.563675,-1.275446,0.260945,0.879436,0.565844,0,0,0,0
-1.233035,0.979448,1.649118,0.001815,-0.749227,-0.734417,0.872030,1,1,0,1
0.343100,-0.577798,1.050473,-0.389633,-0.595054,-1.676148,0.486814,0,0,0,0
-0.208547,-0.182407,1.232703,0.915946,-0.809807,-0.387747,0.474398,0,0,0,1
0.235730,0.367414,0.654618,0.000870,-0.262472,0.560857,0.180033,0,0,0,0
-0.388544,0.682637,0.625329,-0.119050,-0.556225,-0.411789,0.236276,1,0,1,0
0.203500,-1.053250,1.885367,-1.063974,0.854132,-0.343621,0.960599,0,0,0,0
-0.889285,-1.501723,2.765695,0.474207,1.264299,-0.013721,0.079117,0,1,1,0
-0.287685,0.708755,0.875246,-0.366287,0.877742,0.222215,1.517571,0,0,0,0
-0.249056,-0.393158,0.245446,-1.654170,1.677306,0.726675,-1.068001,1,1,0,1
0.117355,-0.715749,-0.410109,0.701534,-0.587913,-1.068996,-0.378219,0,0,0,0
-0.276041,-0.409730,0.299193,1.306616,0.317332,-0.858499,-0.855412,1,0,1,1
0.430358,-0.047586,0.622455,-0.215060,-0.876554,0.527179,0.376200,0,0,0,0
0.520683,-0.338189,0.921772,-0.176229,-1.106147,0.674903,-0.227634,0,0,0,0
0.458027,0.108971,0.679500,0.374965,-0.880796,0.204766,-0.616305,0,0,0,0
0.137309,-0.301664,0.166892,1.142358,-0.087992,0.438155,-0.624968,0,0,1,1
-0.120469,0.505893,0.437017,0.771832,0.406706,-1.162597,0.622956,0,0,0,0
0.181230,-1.573616,0.090603,1.835777,-1.160930,2.524642,-1.100816,1,0,1,1
0.837758,-1.171508,1.182031,0.151294,0.244240,-0.112596,0.173424,0,0,0,0
0.708447,-1.136638,1.843677,-0.001445,-0.317617,1.153395,-0.175374,1,0,0,0
0.373271,-0.199878,1.132399,-0.765459,-0.009221,0.327942,0.259842,0,0,0,0
-0.025534,0.023154,0.738492,-0.597289,0.292711,-0.431688,-0.295988,1,0,0,1
0.240930,-1.041282,1.733718,-0.625887,0.979657,-0.683303,0.860701,0,0,0,0
-0.593859,-1.859835,1.573575,-0.076205,0.864159,-0.156767,-1.240085,0,1,1,0
-0.249590,-0.693646,0.605813,-0.625959,1.568144,0.208325,0.614979,0,0,0,0
-0.455649,-2.485347,1.344182,1.386801,0.548990,0.748363,-0.994714,1,0,1,1
0.323236,-1.460880,0.085850,1.034392,-1.088923,-1.544563,-0.867368,0,0,0,0
-0.030560,-1.654850,0.654931,1.175288,-0.733963,0.066238,-1.502323,1,1,0,1
0.077629,0.086209,0.346607,0.392355,-0.357437,-0.337042,1.487976,0,0,0,0
0.450777,-0.621606,0.539868,0.012518,-1.146606,0.182419,-0.486349,0,0,0,0
0.418343,0.354169,-0.059954,-0.089221,-0.988152,0.414494,-0.398373,0,0,0,0
0.348984,0.516864,-0.077972,-0.002881,-1.467440,-0.165023,-0.514554,1,1,0,0
-0.238222,0.653545,0.409017,0.552245,0.675252,-1.255714,1.363164,0,0,0,0
-0.290590,0.473996,0.045012,0.670368,0.799451,-0.284562,-0.346935,1,0,1,1
0.794562,-1.307262,1.004775,0.216512,0.161226,-0.814999,0.063666,0,0,0,0
0.437756,-1.168073,1.237728,1.120887,-0.678658,-0.703061,-0.177480,0,0,1,0
0.436271,-0.781426,1.382648,-1.247166,-1.107491,0.652377,-0.423281,0,0,0,0
0.307225,-0.682042,1.278712,-1.635903,-0.117291,0.023079,-0.259414,0,0,1,1
-0.039389,0.477464,0.338956,0.160328,-0.164661,-1.308943,1.210809,1,1,0,0
-0.100181,-0.548482,0.704131,0.803759,-0.309132,0.475413,-0.308825,0,0,1,1
0.182884,-0.416659,-0.277642,0.724081,-0.261979,-0.972258,-0.610765,0,1,0,0
0.222828,-0.836127,0.294755,0.235693,0.131873,-1.714992,-0.148307,1,0,1,1
0.248242,-0.467172,0.174487,1.160565,-0.021899,-1.649585,-0.127525,0,0,0,0
0.294503,0.360424,0.631087,1.707218,-0.485963,0.549806,0.296766,1,1,0,1
0.269358,-0.315005,0.642653,0.400844,-0.417848,-0.033473,1.529122,0,0,0,0
0.419829,-0.448069,0.596891,-0.348633,-0.996567,0.213402,0.123038,0,0,0,0
0.306154,-0.016664,0.127520,-0.421613,-0.665499,0.335066,0.421073,0,0,0,0
0.133320,0.212427,0.067543,0.588079,-0.517065,0.637914,0.444250,1,1,0,0
-0.483600,0.877786,0.871593,0.869379,0.722176,-1.281921,0.653738,0,0,0,0
-0.070646,-0.336114,-0.427440,0.385290,0.587532,0.705612,-0.776192,1,0,1,1
0.746044,-1.223535,0.781868,-0.135464,0.286825,-0.943569,-0.489199,0,0,0,0
0.702258,-1.031652,1.625891,-0.275082,-0.248093,0.780512,0.668953,0,0,0,1
0.307160,-0.484973,1.434876,-0.495360,0.336426,0.264794,-0.545965,0,0,0,0
-0.890437,-1.210844,2.064403,0.500114,1.115835,-0.689434,-1.161330,1,0,1,0
0.334801,-0.784959,2.168085,-1.036268,0.145193,0.998486,1.030949,0,0,0,0
-0.217646,-0.822126,2.334037,-1.551858,-1.181600,0.598697,-0.803370,0,1,1,0
-0.160339,0.557429,1.206893,-1.176479,0.351159,-0.454648,0.597591,0,0,0,0
-1.043301,-0.780674,1.236054,-0.474692,1.786894,0.306964,-0.788690,1,1,0,1
0.468785,-1.056249,0.880188,0.112024,-0.147800,-0.887563,-0.373546,0,0,0,0
-0.049951,-1.177432,1.272930,0.873834,0.555589,-0.012513,0.312951,1,0,0,0
0.120752,-0.865000,1.003329,0.035712,0.765525,0.901882,-0.773761,0,0,0,0
-0.256977,-2.678619,0.973020,2.930902,0.584918,-1.137123,-0.389276,0,1,0,1
0.279175,-0.968413,1.867727,-0.330544,0.986067,0.076109,0.616939,0,0,0,0
-0.575440,-0.896731,2.377415,0.826763,1.391805,-0.850695,-0.250518,0,0,1,0
0.196414,-0.372588,1.055541,-0.854926,0.167505,0.834151,0.057258,0,0,0,0
-0.749416,-0.625109,2.421480,-0.892169,-0.126048,-0.549691,-0.201543,1,1,0,1
0.124951,-1.451741,1.007873,-0.005073,0.702617,-1.825767,-0.759880,0,0,0,0
-0.067922,-3.132955,1.589890,1.454782,-0.466876,1.881657,-0.581736,0,0,1,0
0.457593,-0.202463,1.187939,-0.743410,0.111911,1.636924,-0.388053,0,0,0,0
0.047656,-0.311274,1.335675,-1.209383,-0.483436,-0.722127,0.076369,1,0,1,0
0.316027,-0.987618,1.864362,-1.584966,0.282126,-0.057815,1.430592,0,0,0,0
-0.278382,-1.281557,3.046139,-0.775043,-0.898363,-0.252345,0.314603,0,1,1,0
-0.331728,-0.390150,1.001384,-0.940073,1.441754,-1.116313,0.854200,0,0,0,0
-0.000575,-0.916806,0.871094,-0.071991,-0.184845,1.284728,-0.759575,1,1,0,1
-0.165475,-0.404531,0.137966,0.963616,-0.095974,-1.633088,-0.393287,0,0,0,0
0.087475,0.522481,0.416031,0.688465,-0.895764,-0.265918,-0.252831,1,0,1,1
0.400290,1.003935,0.573918,0.036316,-0.368217,-0.651491,1.073392,0,0,0,0
0.388970,0.225429,0.049647,-0.115646,-1.055691,0.282056,-0.058548,0,0,0,0
0.309744,-0.530705,0.726048,-0.358921,-0.611529,0.314566,0.076986,0,0,0,0
0.266653,0.109831,0.722476,0.031411,-0.795830,0.535522,-0.365237,0,0,1,1
-0.286858,-0.044940,1.088510,-0.090649,0.170505,-0.720565,1.047283,0,0,0,0
-0.217953,0.354789,0.768910,1.317427,0.024836,0.725999,-0.439393,1,1,0,1
0.616490,-0.974738,1.034033,0.546751,1.012607,-0.282901,-0.381304,0,0,0,0
0.324485,-1.024084,0.940700,1.372090,-0.109603,1.001559,-0.392379,1,0,0,0
0.032409,-1.127243,1.466745,-0.534234,0.210884,0.531830,-0.984546,0,0,0,0
-0.461918,-2.674613,1.237672,2.061364,-1.342109,-0.419620,-0.075548,0,1,0,1
0.504442,-0.262418,1.878252,-1.465787,-0.191307,1.207084,0.796903,0,0,0,0
0.153012,-0.721553,1.594810,-1.744636,-0.452463,-0.358709,-0.986846,0,1,1,0
0.277261,-1.859988,0.885149,2.293774,0.535394,-0.535544,0.463905,0,0,0,0
-1.250913,-0.444017,3.386494,0.213312,0.721592,-0.275219,-0.228335,1,0,1,1
0.477408,-1.348460,1.205903,-0.443583,0.317239,-1.362056,-0.631641,0,0,0,0
0.067256,-0.557808,1.498285,1.243029,0.019352,-0.237212,0.405292,0,0,0,1
0.042272,-1.118333,1.421216,-0.513887,0.981195,0.126775,-0.719757,0,0,0,0
-0.011452,-0.429259,0.553422,-0.881181,-0.316540,1.613819,-0.213975,1,0,1,0
0.379153,-0.751828,1.901229,-1.001195,0.602761,0.451216,1.769789,0,0,0,0
0.068033,-0.509544,1.287894,-1.554180,-0.715855,1.829217,-0.314515,0,1,0,0
0.343582,-0.437620,1.314573,-1.707064,-0.805614,0.371928,-0.096099,0,0,0,0
-0.667528,-0.484478,2.757948,-1.084649,-0.721167,-1.204210,-0.194963,1,0,1,1
0.645865,-1.015638,1.274330,-0.731724,-0.178591,-1.737842,-0.218906,0,0,0,0
0.042459,-2.146713,1.089518,1.030451,-0.000488,0.097809,-0.216687,0,1,0,0
0.383379,-0.681154,1.691574,-0.773753,0.558939,0.810692,-0.011819,0,0,0,0
-0.539180,-0.620617,2.430690,-0.049482,-0.296262,-0.960749,-0.355969,0,1,0,1
0.514758,-1.045134,1.840614,-0.206383,0.382027,1.094379,0.737246,0,0,0,0
-0.217604,-1.913571,1.844812,-0.404033,-0.011014,0.135325,-1.288204,0,1,1,0
0.341608,-0.589366,0.957014,0.306077,0.349241,-0.986581,0.780075,0,0,0,0
-0.221946,-1.238052,0.542667,0.383023,-0.046676,0.609394,-0.988227,1,0,1,1
-0.140868,-0.586206,-0.088368,1.198449,0.130651,-1.367444,-0.556619,0,0,0,0
0.086410,-1.526518,0.590482,2.462505,-0.788461,0.389366,-0.677293,1,1,0,1
0.187409,0.567176,0.125642,0.665090,-0.479153,-0.185358,0.910034,0,0,0,0
0.418327,0.033698,0.124271,0.495852,-0.835233,1.078994,0.182672,0,0,0,0
0.274127,-0.388562,0.576132,0.563216,-0.233004,0.656843,-0.067905,0,0,0,0
0.221483,0.277661,0.582142,0.221777,-0.023937,0.507022,0.116831,1,1,0,0
-0.297424,0.747287,0.896220,0.344400,-0.051698,-1.248485,0.779933,0,0,0,0
-0.560332,0.282694,0.199333,0.788702,0.977580,0.316344,-0.843175,1,0,1,1
0.719184,-0.663685,1.366537,-0.352364,-0.323360,-0.036018,-0.046876,0,0,0,0
0.353052,-0.852010,1.757672,0.452309,-0.263890,0.662541,0.333355,0,0,0,1
-0.113175,-0.958947,1.913584,-0.487416,0.416900,0.017533,-0.532189,0,0,0,0
-0.775003,-0.759520,1.177724,-0.282865,1.629620,0.106335,-0.769453,1,0,1,0
0.239059,-1.059827,2.499346,-0.442263,0.978211,0.681380,0.710375,0,0,0,0
-0.534600,-1.151071,2.483719,0.603454,1.045193,0.212700,-0.594622,0,1,1,0
-0.243653,-0.480946,0.286034,1.824657,0.772262,-1.077390,0.402817,0,0,0,0
-0.451389,-2.918623,0.373556,3.250841,1.300364,-0.339378,-0.455856,1,1,0,1
0.408520,-1.649262,1.230927,0.163588,0.753279,-1.764622,-0.380002,0,0,0,0
-0.093937,-2.396009,1.768400,0.910792,0.971551,0.230162,0.207862,1,0,0,0
0.386977,-2.277494,0.898751,0.871037,-0.357130,1.201973,-0.768326,0,0,0,0
-0.611687,-2.112270,2.085931,2.195674,-0.813978,-0.334895,-0.116647,0,1,0,1
0.708883,-0.317345,2.127530,-1.522526,-0.332008,0.070254,1.169462,0,0,0,0
0.053360,-1.146521,1.520285,-0.641327,-1.067060,-0.057882,-0.017054,0,1,0,0
0.291405,-0.364946,0.823657,-1.341610,-0.847023,0.982920,0.147508,0,0,0,0
-0.298567,-0.475557,0.959124,-1.017636,-0.837236,-0.458608,-0.115117,1,1,0,1
0.609345,-0.702575,1.221126,-0.917339,-1.073193,-0.795366,0.027480,0,0,0,0
0.157406,-1.314755,1.742897,-0.781790,-1.201491,-0.795918,-0.228331,0,0,0,1
0.248218,-0.827598,1.526212,-0.800362,0.524600,-0.385480,-0.823825,0,0,0,0
-0.272187,-0.695570,1.146099,-0.604658,0.929372,0.777206,-0.444946,1,0,1,0
0.137943,-0.582025,1.924605,-0.675939,0.567045,-0.311742,1.574837,0,0,0,0
-0.168805,-0.744145,1.905849,0.025798,0.238733,-0.404415,0.418915,0,1,1,0
0.083352,-0.147733,0.765413,-0.779782,1.303701,-0.080831,1.282195,0,0,0,0
-0.051265,-0.321450,0.965118,-0.894862,0.746768,0.509806,-0.494789,1,0,1,1
0.703608,-0.989001,1.264955,-1.421514,-1.251734,-1.120960,-0.311643,0,0,0,0
0.457112,-1.255089,1.605114,-0.126580,-0.280593,0.618251,-0.038035,1,0,0,0
0.394795,-0.676587,1.731742,-0.796072,0.353095,0.539278,0.146475,0,0,0,0
-0.101180,-0.389263,1.290551,-0.769397,0.095180,-0.374194,-0.491431,1,1,0,1
0.161345,0.417343,0.816848,0.802131,-0.160746,-1.035742,0.952361,0,0,0,0
0.341907,0.044994,0.689310,-0.031000,-0.977020,0.393521,-0.022523,0,0,0,0
0.346264,-0.050183,0.764835,-0.242359,-0.305494,0.501156,-0.354090,0,0,0,0
0.149261,0.655083,0.363934,0.264848,-0.695765,-0.190792,0.353589,1,1,1,0
0.692175,-0.942564,1.298937,-0.395685,-0.204781,-0.073176,0.222260,0,0,0,0
0.519779,-0.548905,0.906913,-0.040705,-0.539724,-0.147999,-0.280760,0,0,0,0
0.525201,-0.493361,1.061750,-0.784283,0.231831,0.656010,-0.160815,0,0,0,0
0.247265,0.048886,1.082803,-0.526200,0.486332,-0.146679,-0.485692,0,1,1,0
0.315829,-0.704134,1.232018,-0.987822,1.285744,-0.992136,0.989890,0,0,0,0
0.313856,-0.578820,1.006374,-0.795178,0.872418,0.622815,-0.475974,0,0,1,1
-0.421808,0.698919,0.747461,0.288335,1.700886,-1.346620,1.540147,0,0,0,0
-0.005824,-0.134177,0.541462,-0.363691,1.432771,0.982019,-0.594352,1,1,0,1
0.734163,-1.599839,0.728505,0.138575,0.617822,-1.088715,-0.443807,0,0,0,0
0.653881,-1.033342,0.069496,0.171173,-0.143240,0.065760,-0.395965,0,0,0,0
0.249201,-0.424237,1.110059,-0.107554,0.627491,-0.920652,-0.584536,0,0,0,0
0.471774,-1.604099,0.775103,0.508437,-0.412399,1.209651,-0.417898,1,1,0,1
0.276821,0.849073,0.153691,-0.508373,-0.500245,-0.286510,1.563226,0,0,0,0
0.465597,-0.249612,-0.057045,-0.562577,-1.200532,1.202826,0.066991,0,1,1,0
0.243688,0.591955,0.267282,-0.744079,-0.884206,-0.534442,1.610055,0,0,0,0
0.278550,0.288434,0.102302,-0.507760,-1.124146,0.615871,-0.082612,1,0,1,0
0.707078,-0.806533,0.805722,-0.852033,-0.217935,-1.030857,0.349226,0,0,0,0
0.700669,-1.121713,0.839624,0.041542,-0.533732,0.675833,-0.124101,1,1,0,0
0.809898,-1.938936,0.588861,1.563709,-0.017246,2.554558,0.762284,0,0,1,1
0.263778,-1.393940,-0.008082,1.017685,-0.547544,-1.178541,-0.712529,1,1,0,0
0.687166,-0.621343,0.008464,-0.188425,-0.489464,-0.979011,-0.116778,0,0,0,0
0.722123,-0.645037,0.299522,0.099361,-0.398373,0.303700,0.066914,0,0,1,1
0.300859,0.211271,0.529783,-1.214660,-0.007195,-0.573706,0.353935,0,0,0,0
-0.007173,1.017521,-0.514838,-0.246348,-0.847368,0.344591,0.444602,0,1,0,1
-0.010860,1.298781,-0.252970,-0.243832,-0.578053,-0.643799,0.751026,0,0,0,0
-0.210755,0.851930,-0.106560,-0.297487,-0.394581,0.646704,0.323273,1,0,1,0
-0.084311,-1.317543,0.200668,0.429984,-0.349501,0.845512,-1.314941,0,0,0,0
-0.082326,-0.969665,0.676831,0.883326,0.006528,-0.400282,-0.331830,1,1,0,1
0.151388,0.409354,0.479937,0.215186,0.806239,-0.817695,0.612777,0,0,0,0
0.220510,0.396119,0.153997,1.152315,-0.096209,0.283654,-0.730410,0,0,1,0
0.311614,0.783144,0.217892,0.615333,-0.131666,1.083837,-0.219010,0,0,0,0
0.117464,0.426910,0.153897,0.488714,0.368198,-0.632794,-0.583293,0,0,0,0
0.539218,-0.990404,0.044700,2.099480,-0.798358,1.028690,-0.721976,0,0,0,0
0.088229,0.308463,0.177938,0.533988,0.243301,-0.121504,-0.709968,0,0,1,0
0.174367,0.819889,0.135721,0.780176,0.379421,0.206386,-0.387226,0,0,0,0
0.016319,1.159365,-0.142349,0.239082,0.332759,0.386429,-0.190035,0,0,0,1
-0.022877,-0.216451,0.789101,0.502505,0.534309,-0.043257,-0.921990,0,0,0,0
0.565473,-0.616107,0.594809,0.509854,-0.298844,0.260537,-0.432598,0,1,0,0
-0.068011,0.874183,-0.190315,0.945105,0.971876,0.583279,-0.443996,0,0,0,0
-0.144652,1.203155,-0.549615,0.374943,1.000706,-0.051522,-0.163316,0,0,0,0
-0.324826,1.058883,-0.077978,0.400725,1.455370,-0.447841,-0.788870,0,0,0,0
-0.580483,1.654207,-0.436492,0.008833,1.464995,-0.296000,-0.510595,0,0,1,0
-0.363643,0.044306,-0.243220,1.828480,1.160592,-0.819279,-0.949725,0,0,0,0
-0.229145,1.744118,-0.231117,0.594234,1.397939,0.147445,-0.388465,1,1,0,1
-0.131619,0.403460,-0.101159,1.437995,0.848030,-0.810625,1.415915,0,0,0,0
0.285061,-0.438148,-0.744670,1.766708,-0.377057,2.006727,-0.841022,0,0,0,1
0.147921,-0.292817,-0.213003,1.075826,-0.130875,0.470617,-0.788652,0,0,0,0
0.202753,0.241203,-0.318008,0.564531,0.499092,0.519854,-0.496719,0,0,0,0
-0.207644,0.182206,-0.020528,1.195314,0.973919,-0.050352,-0.741219,0,0,0,0
-0.125104,0.018604,-0.825532,0.981075,0.689501,0.486979,-0.698329,1,0,0,0
-0.000384,0.031177,-0.304552,1.410920,0.234110,-0.296054,-0.647102,0,0,0,0
-0.429505,0.714736,-0.537470,0.992373,1.661596,-0.058872,-0.555181,0,0,0,1
-0.077692,0.135244,0.450567,0.631105,0.467227,0.075194,-0.685892,0,0,0,0
-0.272824,1.047118,-0.325016,0.128156,0.490565,-0.350749,-0.426299,0,0,1,0
-0.315968,1.165914,-0.302576,0.193817,0.879755,0.189723,-0.594598,0,0,0,0
-0.321333,1.181282,-0.218821,0.321177,0.809984,0.142992,-0.792599,0,0,0,1
0.011149,0.392095,0.290281,-0.004469,0.682935,3.680632,-0.367711,0,0,0,0
-0.359595,1.129062,-0.608614,-0.014928,1.189164,-0.170713,-0.739623,1,0,0,1
-0.198483,0.157903,0.836587,0.352407,0.512657,-0.408852,0.900143,0,0,0,0
-0.205320,-0.012341,0.586192,0.201044,0.354116,-0.854885,-1.292927,1,1,0,1
0.239379,-0.362021,0.985585,-0.110873,0.490885,-0.174025,0.875706,0,0,0,0
0.206124,0.335863,0.427820,0.056412,-0.086086,0.823496,-0.635809,0,0,1,0
0.093139,0.573998,0.300186,-0.079354,0.546542,0.462575,-0.835596,0,0,0,0
0.328831,-0.516514,-0.143162,2.151685,-0.650195,0.658062,-0.696619,0,0,0,0
-0.225250,0.607245,-0.090863,0.975265,0.902277,-0.154757,-0.281952,0,0,0,0
-0.316962,1.072426,0.033133,1.192540,0.648115,0.110303,-0.483626,0,0,1,0
-0.212446,1.156398,0.409636,0.555145,0.035448,-0.767830,-0.378014,0,0,0,0
0.029696,1.358546,0.322730,0.073478,-0.402701,0.211913,-0.528349,1,0,0,0
0.152764,0.573032,0.455692,0.363947,-0.028699,-0.558304,-0.286936,0,0,0,0
0.230657,-0.570240,0.684871,-0.118804,0.092008,0.325550,-0.255746,1,0,0,0
-0.220652,0.917041,0.100086,0.855509,0.741907,0.414013,0.026794,0,0,0,0
-0.495622,0.951860,-0.018747,0.184247,0.996928,-0.597864,-0.153176,0,0,1,0
-0.264871,0.650274,0.573944,0.458674,0.510108,0.058912,-0.601134,0,0,0,0
0.195182,0.029993,0.244589,1.439881,-0.889319,-0.335729,-0.783557,0,1,0,0
-0.326460,1.071772,0.290666,1.138534,0.950819,-0.198422,-0.591362,0,0,0,0
-0.507437,1.216696,0.384283,0.459369,0.833459,-0.243342,-0.592315,1,0,1,1
0.062721,-0.550901,0.280733,0.350237,0.525725,-1.039485,0.640285,0,0,0,0
0.373678,-1.477848,0.025020,1.614629,0.151477,0.914770,-0.711539,1,0,0,0
0.164223,-0.042333,-0.005619,1.318100,0.230671,0.887265,-0.298107,0,0,0,0
-0.039082,0.318463,-0.486720,0.562990,0.384425,0.020624,-0.455611,0,0,0,0
-0.026343,0.536986,-0.033984,0.492350,0.187306,-0.589299,-0.235690,0,0,0,0
-0.010006,-0.203026,-0.423292,1.987739,0.257542,-0.267586,-0.582024,0,1,0,0
0.259915,-0.100456,0.756051,1.258261,1.073933,-0.474594,0.068281,0,0,0,0
-0.523188,1.602634,-0.082378,0.548942,1.772373,0.097061,0.198936,0,0,0,0
-0.569077,1.439627,-0.329122,0.188862,1.414266,-0.159886,-0.734090,0,0,0,0
-0.655127,1.870072,0.049978,0.312411,1.457784,-0.256337,-0.425014,1,0,0,0
-0.388284,1.467810,-0.429403,0.446470,1.319491,-0.885634,-0.277769,0,0,0,0
-0.502722,2.101712,-0.483724,-0.690913,1.239818,-0.267734,-0.069878,0,0,0,1
-0.599877,1.432702,-0.084022,0.539096,1.843018,-0.248047,0.086550,0,0,0,0
-0.866508,1.531079,0.120211,0.206549,2.156132,0.048162,-0.561560,0,1,0,0
-0.414754,1.583554,-0.008046,0.255139,0.974129,-1.016401,-0.606727,1,0,0,0
-0.344389,1.942773,-0.104625,-0.612765,0.693098,-0.465735,-0.647430,0,0,1,1
0.203418,0.956613,-0.232312,-0.784964,-0.271656,-0.041623,1.350398,0,0,0,0
0.454578,-0.196135,0.088979,-0.168452,-0.638519,0.354609,-0.792965,0,0,1,0
0.585195,-0.080870,-0.075855,-0.551941,0.183357,0.754594,-0.149172,0,0,0,0
0.113383,-0.339512,0.277013,-0.497804,0.042801,-0.174044,-0.030937,1,0,0,1
0.146561,-1.515413,0.983408,0.716454,-0.386795,-0.400023,0.906991,0,0,0,0
-0.414242,-2.161508,0.832334,1.758972,-0.995675,-0.971193,-1.018413,1,0,0,0
-0.010522,0.914977,-0.223261,-1.202195,0.060458,1.813496,-0.261524,0,0,0,0
-0.347903,1.207800,-0.536046,-1.552619,0.357949,-0.836438,0.122450,0,1,1,0
-0.859873,-0.104881,0.450998,-0.521478,1.914948,-0.859240,0.723219,0,0,0,0
-0.447268,-0.271755,-0.949985,-2.371709,2.117686,2.187762,0.175898,0,1,0,0
-0.335362,0.781870,-0.584192,-1.889597,0.809477,0.749989,-0.686653,0,0,0,0
-0.578160,1.451537,-0.971846,-2.275514,0.747606,-0.442949,-0.715174,1,0,0,1
-0.103020,0.174415,0.755299,-3.233447,1.844942,-0.664643,1.485558,0,0,0,0
-0.998163,1.395624,-0.610237,-1.572300,1.614240,-0.964659,0.225167,0,0,0,1
-0.174000,1.763715,-0.706830,-2.731231,1.348355,1.389982,0.258383,0,0,0,0
-0.646403,1.599215,-1.244601,-3.515216,0.985437,0.132733,-0.223260,1,0,1,0
0.040949,-0.796382,0.805219,-1.914593,2.461964,-1.185608,1.580779,0,0,0,0
-1.903375,-0.106430,-0.375385,-0.955363,3.103092,0.344972,-1.513296,0,0,1,0
-0.303827,1.097880,-0.293985,-2.513876,2.097681,0.712344,-0.454207,0,0,0,0
-0.763763,1.350926,-0.480758,-2.875815,2.429248,-0.894956,-0.326008,0,1,0,1
0.083901,-1.356107,1.167087,0.343846,0.385472,-0.352309,1.711423,0,0,0,0
-0.077107,-2.851823,0.352416,1.118206,-0.788778,0.871959,-0.833601,0,1,0,0
0.381590,-0.454109,0.454457,-2.031833,0.542022,1.510634,-0.496600,0,0,0,0
0.130574,-0.777984,0.002103,-1.970389,-0.073320,0.276282,-0.116117,1,0,1,0
0.812152,-1.199796,0.388202,-1.866578,-0.166462,-0.105457,1.473824,0,0,0,0
0.428696,-1.227833,0.106938,-1.856921,0.175880,0.155897,0.149462,0,0,1,0
0.462927,0.017418,0.691637,-2.966381,0.771079,0.390775,-0.063177,0,0,0,0
1.098624,-1.487635,-1.279352,0.090818,-0.776783,-0.870578,0.370412,1,0,0,1
0.808638,-0.118974,1.181384,-2.416089,-0.292578,0.112839,1.749887,0,0,0,0
0.695081,0.250569,1.638399,-1.772883,-0.871793,0.508969,0.890903,1,0,0,0
0.341167,0.058886,0.988975,-1.401525,0.724615,-0.444838,0.255002,0,0,0,0
0.148719,-0.328644,1.253708,-0.703534,0.303242,-0.553843,0.343402,1,0,1,1
0.606510,-0.338165,0.375097,0.157177,-0.865543,0.294857,0.971142,0,0,0,0
0.718865,-0.140047,0.308417,0.293094,-1.011599,0.754438,0.622087,0,1,0,0
0.625769,0.471482,-0.604331,-0.283123,-1.552424,-0.768065,0.839314,0,0,1,1
0.582736,0.078375,-0.341438,0.040305,-1.394371,-0.867264,0.550608,1,1,0,0
0.445558,-0.070033,0.271823,0.581234,-0.881980,-0.160923,1.399383,0,0,0,1
0.768703,-0.089995,-0.473346,-0.292038,-1.133501,0.075758,0.455237,0,0,1,0
0.411017,0.804478,-0.317198,-0.426406,-0.976913,-0.023162,0.967816,1,1,0,0
0.486679,-0.277951,0.017712,-0.082732,-0.540590,-0.870359,0.840727,0,0,1,1
0.847931,0.518285,-0.315639,-0.876366,-1.164935,-1.559010,1.233985,1,1,0,0
0.906916,0.112610,-0.340307,-0.265448,-1.278549,-0.587715,0.793064,0,0,1,1
0.894213,-0.198066,-0.217987,-0.312831,-1.412130,-0.272995,0.699673,1,1,0,0
0.821304,-0.016410,-0.555123,-0.529347,-1.102406,-0.356388,0.586172,0,0,1,1
0.821504,0.513027,-0.230242,-0.174391,-0.763971,-1.018687,1.377598,1,1,0,0
0.820229,0.009517,-0.200545,-0.372955,-1.014275,-1.517708,0.837565,0,0,1,1
0.711623,-0.348665,-0.638356,-0.427220,-1.313896,-1.442958,0.610978,1,1,0,0
0.674357,-1.499593,0.066948,0.749002,-1.375092,-1.584820,0.082288,0,0,1,1
0.645397,-0.315147,0.247330,1.590955,-0.486415,-0.044407,1.604718,0,0,0,0
0.717579,-0.369120,-0.214584,1.469285,-1.701205,0.957594,0.338952,0,0,0,0
0.605404,-0.013834,-0.850533,1.493131,-1.666181,-0.033992,0.373390,0,0,0,0
0.425527,0.338389,-0.533908,1.677554,-1.307728,0.254356,0.047091,0,0,0,0
0.431260,0.890064,0.134055,1.260913,-1.064678,0.614012,-0.080850,0,0,0,0
0.687631,0.277629,-0.190840,1.138773,-1.215190,3.969205,-0.260871,0,0,0,0
0.722312,-0.422747,-0.534399,1.248180,-0.699421,1.366587,0.132157,0,0,0,0
0.501847,-0.090371,0.448371,1.164176,0.281059,1.643546,0.202615,0,1,0,0
0.852072,-1.069014,-0.534202,1.480659,-1.084887,3.891438,0.595233,0,0,0,0
-0.145371,-1.001535,-0.774233,0.393949,-0.399894,-0.410610,0.614684,1,0,0,0
0.303230,-0.883539,-1.483699,-2.696595,-2.603494,8.236067,0.971529,0,0,0,0
0.056997,-1.816002,-3.022330,-2.694380,-2.403318,1.614410,0.728274,0,0,0,1
-0.239610,1.528019,-1.525310,-1.095003,0.849063,0.373798,-0.696195,0,0,0,0
1.093049,-0.984746,-0.726493,0.391796,-2.229673,4.227942,-0.080404,1,0,1,1
0.815467,-1.875981,0.392263,-0.109565,0.164207,-0.511487,1.683777,0,0,0,0
0.754706,-2.025774,-0.015591,0.890314,-0.597906,0.997513,-0.232274,0,1,0,0
1.079141,-1.465287,0.144170,-0.160974,-1.029031,-0.039674,-0.134771,0,0,0,0
0.930411,-0.964577,-0.044264,0.800274,-1.075298,-0.424402,0.128313,1,0,1,0
0.332377,-0.524746,0.015470,1.225057,-0.095400,-0.294767,0.660279,0,0,0,0
0.643299,-2.065902,-0.168152,2.701697,-1.132957,1.757432,-0.350358,1,1,0,1
0.902553,-0.357629,-0.096632,0.361352,0.285165,-0.286618,0.156952,0,0,0,0
0.804681,-0.243035,-0.651443,0.844128,0.117350,0.444657,0.107183,0,0,1,0
0.626206,0.462335,-0.530044,0.847932,-0.373831,1.722339,-0.020075,0,0,0,0
0.586740,0.228266,-0.600022,0.116438,-0.417949,0.088429,0.288676,1,1,0,0
0.556827,0.218824,-0.554837,-0.344472,-0.439168,-0.163826,0.798407,0,0,0,0
0.638030,0.432908,-0.630615,0.255107,-0.618803,0.677001,0.028609,0,0,1,1
0.627340,0.522116,-0.511220,0.116810,-0.916769,-1.024169,1.626626,0,0,0,0
0.137234,-0.153559,-0.563221,0.213960,-0.000553,0.362367,-0.667706,1,1,0,1
0.923526,-0.202249,-0.518433,0.369199,-0.824508,-0.672773,0.571418,0,0,0,0
0.764410,0.051327,-0.646860,0.094827,-0.622126,0.506451,0.334030,0,1,0,0
0.489000,-0.050221,-0.453831,0.157037,-0.446977,0.914550,-0.558344,0,0,0,0
0.469772,-0.108162,-0.268541,0.926642,-0.724811,1.042690,-0.204960,1,0,1,0
0.301845,0.957807,-0.731233,-0.422511,-0.323477,1.013207,1.878446,0,0,0,0
0.663634,0.678251,-0.912762,-0.463392,-0.727174,1.075422,0.135702,0,1,0,1
0.545824,0.164001,-1.165794,-0.317674,-0.861345,-0.296131,0.265715,0,0,0,0
0.513499,0.134672,-0.848998,-0.771396,-0.628064,0.195529,0.206758,1,1,0,0
0.813832,0.096763,-0.057907,-0.874671,-0.591887,-1.186668,0.362614,0,0,0,0
0.411146,-0.575753,-0.668907,0.993090,-0.820517,-0.065252,-0.496596,0,0,1,0
0.587156,-0.550720,-0.793097,1.093613,-0.850112,0.151934,-0.145145,0,0,0,0
0.704372,-1.545860,-0.144484,1.527007,-1.355001,2.550841,0.058345,0,1,0,1
0.466461,0.698242,-0.821765,-0.838740,-0.401643,-0.387096,1.078987,0,0,0,0
0.375707,0.241216,-0.492896,0.434276,-0.575785,1.200183,-0.345721,1,0,1,0
0.248164,0.673268,-0.383681,0.268119,0.216679,-0.741465,1.713155,0,0,0,0
0.445235,0.316845,-1.083198,-0.351879,-0.665504,-0.222119,-0.245140,0,1,1,1
0.503157,0.032686,-0.350579,0.724385,-0.256137,-1.568449,0.042273,0,0,0,0
0.470683,-0.297043,-0.304056,0.267282,-0.262258,0.174852,0.203251,1,1,0,1
0.318315,0.023205,-0.583845,0.484044,0.239573,-0.871713,0.720484,0,0,0,0
0.473119,-0.624500,-0.804935,0.400314,-0.982334,0.961579,-0.027537,0,0,1,0
0.685678,-0.410530,-0.291305,-0.758237,-1.075440,0.085032,0.611165,0,0,0,0
0.382331,0.099327,-0.708587,-0.324326,-0.837057,-0.307022,1.431309,0,1,0,1
0.241139,0.657112,-0.675879,-0.391194,-0.450405,-0.159159,1.065981,0,0,0,0
0.276653,0.536389,-0.372133,0.712020,-0.175267,0.720707,0.340725,1,0,1,1
0.734650,0.084466,-0.516078,0.347630,-1.198279,-1.011241,0.313184,0,0,0,0
0.626281,0.115684,-0.101831,0.414702,-1.069955,-0.345641,0.340469,0,1,0,0
0.506264,0.443471,-0.411922,0.205804,-0.712405,0.034211,0.601372,0,0,0,0
0.418974,0.146467,-0.019940,0.825235,-0.252987,0.275603,0.407227,0,0,1,1
0.494154,0.154071,-0.318961,0.113149,-0.752078,0.383753,1.158497,0,0,0,0
0.692410,-0.076194,-0.893475,0.469007,-1.418124,0.350120,-0.115598,1,1,0,0
0.439029,0.156023,-0.395395,0.367971,-0.778429,0.139608,1.061545,0,0,0,0
0.137832,-0.267869,-0.507055,0.518718,-0.123763,0.648144,-0.953220,1,1,0,1
0.582859,0.315472,-0.547278,0.709490,-0.293156,-0.243222,0.065365,0,0,0,0
0.925797,0.344984,-0.531306,0.491211,-1.253470,-0.004524,0.128849,0,0,1,0
0.689809,0.404808,-0.121208,-0.125478,-1.106795,0.973652,0.532589,0,0,0,0
0.121992,0.033188,-0.193022,0.960834,0.131698,-0.288020,-0.528099,1,0,0,1
0.197392,0.813774,-0.586232,0.111288,0.123477,-0.233325,1.952563,0,0,0,0
0.469037,0.212014,-0.270970,0.607530,-0.541754,0.431628,0.297914,0,1,1,0
0.505263,-0.038631,-0.832634,0.724823,-0.407047,0.185033,0.256688,0,0,0,0
0.378553,0.131529,-0.944134,0.493683,-0.511334,-0.295421,0.419494,0,0,1,1
0.684830,0.317581,-0.177789,0.584290,-0.495913,-1.053992,0.377438,0,0,0,0
0.846523,-0.068644,-0.473892,0.927414,-0.724038,0.483313,-0.283854,0,1,0,0
0.804233,-0.300104,-0.593485,1.471446,-0.312338,0.954534,0.184711,0,0,0,0
0.226754,-0.430539,-0.542074,0.102705,-0.459345,-0.309555,-0.578827,1,0,0,1
0.499507,1.248861,-0.527066,-0.549609,-0.749650,0.874390,1.917334,0,0,0,0
-0.060216,0.014600,-0.498615,1.048603,0.908004,-0.570915,-0.693561,0,1,1,0
0.508578,0.779785,-0.538303,1.012336,0.099352,1.753056,1.911759,0,0,0,0
0.297718,0.725029,-0.480278,0.023580,-0.734840,0.607487,0.640603,1,1,0,1
0.042974,-0.016265,-0.108853,0.580919,-0.078878,-1.015653,-0.390213,0,0,0,0
1.059497,-1.335952,-0.458951,0.932202,-0.669216,2.704916,-0.248285,1,0,1,1
0.583281,0.272522,-0.164409,0.600701,0.008342,0.024681,1.127779,0,0,0,0
0.562959,-0.423517,-0.683410,0.618285,-1.564170,0.455427,0.165158,0,1,0,0
0.610252,-0.060302,-0.505772,0.386714,-0.154707,0.526480,0.482876,0,0,0,0
0.381050,0.170437,-0.658881,0.967659,-0.442753,-0.146669,0.380240,1,0,1,0
0.297063,0.717192,-0.686438,-0.072559,-0.166024,-0.723197,1.489720,0,0,0,0
0.491062,0.276037,-1.191096,0.250152,-0.049670,0.826672,-0.001546,1,1,0,1
0.823921,-0.494500,-0.783839,1.225021,0.391738,-0.603333,0.191910,0,0,0,0
0.858297,0.016184,-0.865633,1.165187,-0.174694,0.572053,0.227531,0,0,1,0
0.428441,0.220831,0.006421,1.590450,-0.102606,0.237911,-0.006334,0,0,0,0
0.407910,-0.236882,-0.330125,1.088716,0.152377,-0.150278,0.156905,1,1,0,0
0.396836,-0.017441,-0.661263,0.974366,-0.185504,-0.498752,1.225891,0,0,0,0
0.424848,-0.164158,-0.878865,0.694305,-0.691717,0.626040,0.355016,0,0,1,1
0.426477,0.247908,-0.683576,0.330766,-0.516966,-0.818290,1.270077,0,0,0,0
0.015375,0.022087,-0.565910,0.114533,0.482699,0.202094,-0.447190,1,1,0,1
0.748411,-0.154918,-0.980842,0.113717,-0.555814,-0.191260,0.412398,0,0,0,0
0.689625,-0.234228,-0.584912,0.102810,-1.044952,0.210279,0.232250,0,1,0,0
0.709310,0.901641,-0.312132,0.122752,-1.227761,0.298692,0.177942,0,0,0,0
0.350367,0.464222,-0.877875,0.346586,-0.468095,0.173212,0.410641,1,0,1,0
0.370796,0.412035,-0.462517,-0.561984,-0.484366,0.183961,1.807325,0,0,0,0
0.723503,0.373768,-0.548758,-0.689060,-0.778401,1.464802,0.342182,0,1,0,1
0.597679,0.154822,-1.010985,-0.415506,-0.707060,0.448206,0.370851,0,0,0,0
0.550474,0.051075,-0.934884,-0.465570,-1.088469,0.224831,0.589621,1,1,0,0
0.631205,0.507383,-0.291355,-0.059525,-1.007149,-0.956059,0.059843,0,0,0,0
0.601522,-0.424161,-0.461439,1.258443,-0.717701,0.890626,-0.068971,0,0,1,0
0.725126,-0.804778,-0.522886,1.034969,-0.743874,0.631479,0.082887,0,0,0,0
0.401171,-0.662364,-0.874698,0.567248,-1.157366,0.421684,-0.362982,0,1,0,1
0.453717,0.989225,0.014752,0.359828,-0.242504,0.700978,1.822561,0,0,0,0
0.462672,0.304743,-0.427362,0.998691,-0.529743,0.947337,-0.115627,1,0,1,0
0.023118,0.191603,-0.754154,0.572514,-0.187034,-1.424492,2.118154,0,0,0,0
0.331257,0.314520,-0.551628,0.109223,-0.490137,0.002159,0.185213,0,1,1,1
0.611353,0.200396,-0.328412,0.135688,-0.504394,-1.038201,0.493921,0,0,0,0
0.534452,-0.438597,-0.574715,0.881994,-0.636750,1.728278,-0.283347,0,0,0,1
0.539770,0.095748,-0.073384,1.497977,-0.157281,0.314371,-0.143558,0,0,0,0
0.480225,0.389507,0.105224,1.170012,-0.814682,0.294896,-0.024260,1,0,1,1
0.638929,-0.623869,-0.489856,-0.019227,0.688301,0.107481,0.888536,0,0,0,0
0.667358,-0.292871,-0.701772,0.287987,0.263237,-0.080730,0.149828,0,1,0,0
0.861829,-0.540490,-0.577456,0.297606,0.398027,0.799994,0.162503,0,0,0,0
0.815287,-0.687218,-0.134321,-0.165988,0.264320,0.491273,0.048250,1,0,1,0
0.638338,-0.401525,-0.992311,0.336829,0.095015,-0.919986,-0.130763,0,0,0,0
0.735802,-0.120920,-0.942864,0.847447,-0.012430,-0.041871,0.028998,0,1,0,0
0.612293,-0.353190,-0.911690,0.299887,0.258982,0.196557,0.377875,0,0,0,0
0.595671,0.189268,-0.580660,-0.032857,-0.123319,0.278737,-0.037345,1,0,1,0
0.219574,0.315832,-0.772119,0.639882,0.643468,-0.262138,1.601917,0,0,0,0
0.834014,0.554840,-0.593480,0.461805,-0.657992,0.359877,0.511512,0,1,1,0
0.392620,0.328834,-0.814638,0.582612,-0.291009,1.329092,1.468531,0,0,0,0
0.789632,0.350079,-1.005426,-0.355495,-0.552663,0.639048,0.224972,1,1,0,1
0.680156,-0.921272,-0.498854,-0.041449,-0.271873,-1.491918,-0.277248,0,0,0,0
0.492539,-0.196481,-0.447942,1.042247,-0.875186,1.138306,-0.352969,1,0,1,1
0.673817,0.380633,-0.630364,-0.255545,-1.028800,-0.292350,2.187190,0,0,0,0
0.519893,-0.329887,-0.588320,-0.550568,-0.978528,0.934346,0.889053,0,0,0,0
0.462174,0.294151,-0.658438,-0.535434,-1.161593,0.722112,0.963439,0,0,0,0
0.399828,0.060677,-0.607224,-0.001547,-0.155918,-0.322057,1.016710,0,0,1,1
0.475971,0.138780,-0.822734,-0.880347,-1.133739,-1.187349,0.832530,1,1,0,0
0.531930,0.209335,-0.429237,0.013619,-1.466420,-0.773022,0.225266,0,0,1,1
0.244202,-0.440564,-0.799998,0.881475,-0.045419,-1.686725,-0.646260,1,1,0,0
0.878805,-0.598482,-0.203819,0.815253,-0.366044,-1.231172,0.300687,0,0,1,0
0.496680,-0.238328,-0.130577,0.769082,0.861496,-0.803696,1.338847,0,1,0,0
-0.491225,0.604847,-0.822105,0.735214,1.646010,-1.088553,1.141378,1,0,0,1
0.628408,0.257935,0.280898,-0.070218,-0.369108,-0.691569,0.876988,0,0,1,0
-0.036489,0.484182,-0.817396,0.493965,0.432389,-0.939997,0.290369,0,1,0,0
0.425445,1.014918,-0.387917,1.349731,-0.205448,0.870224,1.306845,0,0,1,0
0.300088,0.984749,-0.349823,1.640579,-0.065742,-0.859879,1.067613,1,0,0,1
-0.279638,1.038930,0.184725,0.604085,0.398200,0.030643,-0.186630,0,1,0,0
-0.043795,0.693749,-0.309499,0.286084,-0.150901,-0.511401,0.553128,1,0,1,1
0.329746,0.248577,-0.686814,0.026247,-0.289387,-0.483406,1.100535,0,0,0,0
0.759293,-0.015290,-0.242889,0.374859,-1.378261,1.907630,0.489154,0,1,0,0
0.479383,-0.019793,-0.313554,-0.296608,-1.064655,-0.160631,0.269572,0,0,0,0
0.556434,0.387466,-0.277640,-0.053434,-0.680211,-0.532520,0.518279,1,0,1,0
0.251081,0.600792,-0.459157,-0.097667,-0.917196,-0.775857,1.659599,0,0,0,0
0.494550,0.262924,-0.549939,1.019561,-0.210341,-0.088512,0.374004,1,1,0,1
1.019447,-0.302153,-0.452398,0.720143,-0.033132,0.123246,0.032660,0,0,0,0
0.805871,-0.646278,-0.001721,0.513139,-0.166406,-0.474256,0.116071,0,0,1,0
0.373107,0.146517,0.015722,0.812261,-0.090864,0.541266,0.064295,0,0,0,0
0.321090,0.046826,-0.419751,0.962739,0.036573,1.022204,0.286871,1,1,0,0
0.375946,0.205890,0.036098,0.443450,-0.761769,-0.774900,1.550794,0,0,0,0
0.436142,0.169873,-0.972486,0.434323,-0.974052,-0.338452,-0.062591,0,0,1,1
-0.310208,0.516738,-0.422454,1.049358,1.205621,-1.320327,0.982805,0,0,0,0
0.493301,-0.963799,-0.800593,1.900957,-0.944279,2.831963,-0.441793,1,1,0,1
0.523155,-0.234465,-0.853519,0.735197,-0.042517,-1.035799,0.116184,0,0,0,0
0.582051,-0.292658,-1.162490,1.157157,0.049428,-0.348919,-0.319695,0,1,0,0
0.579708,0.864190,-0.381178,0.498895,-0.316919,0.513487,0.564736,0,0,0,0
0.079550,0.916599,-0.111052,0.186913,-0.460226,0.706276,1.049712,1,0,1,0
0.282174,0.376459,-0.155070,-0.608797,0.334867,0.349631,1.742388,0,0,0,0
0.462404,0.330535,-1.085613,-0.291404,-1.293349,0.476467,0.122574,0,1,0,1
0.443122,0.168201,-0.887379,-0.009058,-0.896645,0.239312,1.047516,0,0,0,0
0.372525,0.069864,-0.777016,-0.323414,-0.810105,-0.102282,0.933143,1,1,0,0
0.726794,-0.218343,-0.608008,-0.344353,-0.818013,-0.832305,0.546915,0,0,0,0
0.878920,0.310089,-0.826332,0.031133,-1.710215,-0.331024,0.426284,0,0,1,0
0.819033,-1.735666,0.364938,0.244237,-1.371989,1.992052,-0.133642,0,0,0,0
0.792181,-1.412859,0.374321,0.260241,-1.101533,0.391210,0.061171,0,1,0,1
0.602271,0.711249,-0.255964,-0.737128,-0.584065,0.099045,1.433200,0,0,0,0
0.408408,-1.349312,-0.016259,1.005350,-1.036474,0.644053,-0.449093,1,0,1,0
0.419084,0.363522,-0.850752,-0.184727,-0.740696,0.964353,2.098574,0,0,0,0
0.246995,0.246001,-0.949207,-0.301646,-0.902329,0.517223,0.224636,0,1,1,1
0.433066,-0.119055,-0.813226,0.332326,-0.225243,-1.463276,-0.076611,0,0,0,0
0.418335,-0.230603,-0.809379,0.429696,-0.227647,0.407654,-0.239942,1,1,0,1
0.526789,0.318663,-0.601480,0.764174,-0.019294,-0.305332,1.471901,0,0,0,0
0.467573,0.026957,-0.506244,-0.160000,-1.166550,0.302645,0.749143,0,0,1,0
0.328154,-0.188758,-0.362337,-0.060157,-0.242930,-0.381420,0.111585,0,0,0,0
0.441276,0.248848,-0.741934,-0.139207,-0.623169,0.143241,0.353670,0,1,0,1
-0.102282,0.476299,-0.816417,0.066582,0.377546,-0.762829,1.712578,0,0,0,0
0.150160,0.787291,-0.727006,-0.368892,-0.275398,0.314353,0.111631,1,0,1,1
0.511242,-0.146958,-0.705578,0.112584,-0.383782,-0.184867,0.220032,0,0,0,0
0.593803,0.019443,-0.698065,0.908996,-0.303670,0.404446,0.067015,0,1,0,0
0.532049,0.553269,-0.466594,0.400715,-0.426116,0.663505,0.052368,0,0,0,0
0.588474,0.461280,-0.437394,0.936244,-0.431063,1.054759,0.236461,0,0,1,1
0.327615,0.209338,-0.263536,1.913981,0.518558,-0.245912,0.957657,0,0,0,0
0.452917,-0.152160,-0.909638,1.667817,-0.226119,0.063470,-0.362263,1,1,0,0
0.318788,0.175267,-0.090646,2.219803,-0.045399,-0.668397,0.852056,0,0,0,0
0.332725,0.485800,-0.147366,0.772495,-0.457959,0.370786,0.198094,1,1,0,1
0.539688,-0.094211,-0.318007,0.695180,-0.719470,-0.974510,0.253440,0,0,0,0
0.705590,0.006664,-0.295004,0.869930,-0.977749,-0.034773,0.108682,0,0,1,0
0.511288,0.346543,-0.205923,0.531849,-0.717820,0.457595,-0.093920,0,0,0,0
0.701590,-0.959680,0.493216,0.854215,-1.281016,1.521515,-0.257594,1,0,0,1
0.332880,0.465868,-0.396787,0.507220,0.339787,-0.072008,1.752676,0,0,0,0
0.540444,0.267257,-0.532506,0.725114,-0.532795,-0.207653,-0.309373,0,1,1,0
0.281240,0.587687,-0.343986,0.732470,-0.187620,-0.794510,1.635131,0,0,0,0
0.428342,0.205936,0.090899,0.658974,-0.200142,0.375313,-0.038166,0,0,1,1
0.571444,-0.225244,-0.351501,0.813965,-0.094776,-1.289672,0.083706,0,0,0,0
0.873776,-0.903067,-0.038695,1.226803,-0.142620,1.341289,0.113604,0,1,0,0
0.547993,-0.244063,-0.399527,1.063401,-0.168584,-0.406865,1.334053,0,0,0,0
0.248419,-0.263102,-0.642037,0.296115,-0.207231,1.487781,-0.578114,1,0,1,1
0.758674,0.483187,0.017115,0.406210,-0.379804,-0.716712,0.623954,0,1,0,0
0.498616,0.515039,-0.682908,0.308383,-0.388225,0.070186,0.765930,0,0,1,1
0.117639,0.910204,-0.486047,0.693282,0.386890,-1.012217,1.122583,1,0,0,0
0.062199,0.968709,-0.408216,0.116493,-0.128604,-0.558166,1.699119,0,1,1,1
0.404645,-1.562022,0.590231,1.369789,-1.482499,-0.967385,-0.398734,0,0,0,0
0.411066,-1.245394,-0.015149,1.789187,-1.814339,-0.482869,-0.835720,1,0,1,1
0.445933,-0.046959,0.000297,0.873553,-0.399290,0.104785,1.125356,0,0,0,0
0.561474,-0.577972,-0.036123,1.508873,-0.333330,0.899312,-0.445797,0,1,0,0
0.603249,-0.570580,-0.062150,1.060556,-0.396700,0.108688,-0.589363,0,0,0,0
0.470238,-0.046249,0.060023,0.833257,-0.345763,0.024861,-0.512415,1,0,1,0
0.336546,0.431791,0.184851,0.956677,-0.177342,-0.768257,1.238992,0,0,0,0
0.309727,-0.028971,-0.459722,0.970756,0.139253,0.216476,-0.319285,1,1,0,1
0.624118,-1.173072,-0.178954,0.962192,-0.137071,-0.915463,-0.271371,0,0,0,0
1.215512,-0.897571,-0.241938,0.059204,-0.366124,0.804014,-0.071895,0,1,1,0
0.473972,-0.502522,0.433750,-0.434294,0.579882,-0.924636,0.906371,0,0,0,0
0.548076,0.136666,0.730617,-0.716588,0.057480,1.469525,0.120514,1,0,1,1
0.870420,-0.299240,0.829746,-0.611422,-0.406254,0.728189,0.358247,0,0,0,0
0.913592,-0.608705,0.250915,-0.916200,-1.034608,-0.711053,0.037136,0,1,0,1
0.611704,-0.332226,0.743641,-0.672632,0.183431,0.037702,1.572380,0,0,1,0
0.535694,0.348589,0.103134,-0.893320,0.106067,-0.217410,1.338356,1,1,0,1
0.225118,0.041360,0.079167,0.517792,-0.145625,-1.335524,-0.020906,0,0,0,0
0.312037,0.357314,-0.280311,0.589607,-0.408180,0.208224,-0.920050,1,1,1,0
0.610529,0.279665,-0.076555,0.006282,-1.124493,-0.801467,1.528131,0,0,0,0
0.665464,0.022887,0.006217,-0.544062,-1.313386,0.198362,-0.157853,0,0,1,0
0.595966,0.142984,-0.403586,-0.567098,-0.920432,0.582217,0.201526,0,0,0,0
0.638177,0.147395,0.244356,-0.023392,-0.408954,0.728379,0.070420,0,1,0,1
0.252647,1.083148,0.202290,0.596391,-0.040850,-0.897813,1.698990,0,0,0,0
0.192445,0.861249,-0.064081,-0.284783,0.144165,-0.247476,-0.132993,1,0,1,1
0.809247,-1.112927,0.842287,-0.195919,0.204106,-1.063182,0.055141,0,0,0,0
0.684479,-0.360309,0.548403,0.263995,-0.539557,0.283596,0.242753,0,1,1,0
0.850076,0.261858,0.843879,0.080178,-0.364402,-1.017410,0.951000,0,0,0,0
0.454710,-0.151547,0.100222,-0.437975,-0.303153,0.783808,0.547492,1,1,0,1
0.991135,-0.831841,0.733325,-0.020868,0.107330,-0.447090,0.476264,0,0,0,0
0.822302,-0.719181,-0.401712,0.164262,-0.027467,-0.064590,0.143731,1,0,1,0
0.773252,-0.765634,0.172406,-0.434024,0.761346,-0.254005,1.886876,0,1,0,0
0.536574,-0.728001,-0.457514,0.336612,0.889828,-0.367470,1.023343,1,0,1,1
0.626241,-0.441382,-0.462646,-0.245846,-0.333642,-0.956201,-0.446922,0,0,0,0
0.408569,0.559912,0.012265,0.580763,-1.091898,-0.080665,-0.207681,0,1,1,1
0.701081,0.150145,-0.414122,0.160573,-0.924793,1.401666,1.627293,0,0,0,0
0.696853,-0.910435,-0.441653,-0.385977,-0.394780,0.846162,0.023866,0,0,0,0
0.578645,-0.285786,-0.149915,0.003226,-0.399818,0.383565,1.049900,0,0,0,0
0.457527,-0.016646,-0.581669,0.105366,-0.709630,-0.775991,0.048300,1,1,0,0
0.670968,-0.063343,-0.490936,0.360806,-0.715016,-0.992877,0.183806,0,0,1,1
0.721725,-0.385092,-0.538631,0.107072,-0.806727,-1.533303,0.783202,1,1,0,0
0.728370,-0.410191,-0.748153,0.123849,-0.384549,-1.037416,0.113605,0,0,1,1
0.636866,-0.477157,-0.248099,1.030511,-0.830997,-1.009957,0.355678,1,0,0,0
0.253370,0.715452,-0.736671,0.281135,-0.106044,-0.567574,0.813646,0,1,0,0
0.276546,0.812644,-0.756177,0.737701,0.193889,-0.814659,1.037202,0,0,1,1
-0.337262,0.214618,-0.621387,1.006458,1.093686,-0.658459,-0.194319,1,1,0,0
0.511182,-0.310985,-0.890828,0.961429,-0.308345,-0.377265,0.009330,0,0,0,1
0.234748,0.070530,-0.374997,1.259777,0.202607,-0.444755,1.196390,0,0,1,0
-0.050932,-0.009870,-0.150236,-0.153715,0.798021,-0.886216,1.616122,1,1,0,0
0.281050,1.534168,-0.505361,-0.494711,-0.876938,0.074640,0.416655,0,0,1,1
0.060574,1.498153,-0.651128,-0.023961,-0.177396,-0.706006,0.901191,1,0,0,0
-0.190700,1.380191,-0.450905,0.386901,0.918772,-0.223401,1.593889,0,1,0,0
0.178263,0.626356,-0.091511,1.012678,0.109627,-0.856498,1.626166,1,0,1,1
1.059248,-1.068774,0.424006,-0.956361,-0.402161,-0.956736,0.322613,0,0,0,0
1.226678,-1.115300,0.641408,-0.992980,-0.814937,1.257253,0.840672,0,0,0,0
0.897158,-0.720225,0.118885,-1.537937,-0.363984,-0.216079,0.893196,0,0,0,0
0.544280,-0.682347,0.372753,-0.508833,-0.231174,0.339986,-0.257887,0,1,0,0
0.295488,0.626996,-0.998817,-1.535241,-0.503301,-0.425884,0.587986,0,0,0,0
-0.113838,1.342838,-1.496581,-1.049172,0.484631,-0.355355,1.023167,0,0,0,0
-0.322262,1.247745,-0.689756,-0.935945,0.383472,-0.130362,-0.307060,0,0,0,0
0.442849,0.612947,-0.066374,0.076967,-0.182602,1.086138,-0.080298,0,0,1,0
-0.264278,1.611920,-1.266063,-1.980055,-0.376590,-0.205527,-0.032977,0,0,0,0
-0.590775,0.704754,-1.494346,-2.767314,-2.133795,0.150029,0.336128,1,1,0,0
-0.074601,0.585688,-0.812034,-0.649640,-1.237012,-0.895470,2.487973,0,0,1,0
-0.461649,0.793281,-0.760716,-1.841946,-0.998417,-0.480399,2.110107,1,1,0,1
0.955116,-0.200846,-0.723963,-0.543293,-1.636360,-1.180302,1.072863,0,0,0,0
0.852193,-0.658039,-1.071318,-0.438825,-1.703010,-0.067633,1.160524,1,0,1,1
1.061923,-0.401804,0.549968,-0.310230,-1.132180,0.077047,1.623998,0,0,0,0
0.782648,-1.288652,0.892722,-1.284969,-0.615339,0.477628,0.136363,0,1,0,0
0.824514,-0.620731,0.552482,-1.134848,-1.027065,0.388688,0.502811,0,0,0,0
0.581397,-0.198090,0.068300,-0.605685,-0.738167,-0.442455,-0.215405,0,0,1,1
0.220371,-0.040915,-0.236236,-1.220315,-0.780133,-1.143207,1.721280,0,0,0,0
0.005315,-0.029057,-0.710877,-0.430673,-0.631692,0.511515,1.558237,0,1,0,1
0.524866,-0.143087,-0.091231,-0.264940,-1.145562,-0.063549,0.303735,0,0,0,0
0.695440,0.103124,-0.678215,0.463610,-0.594818,0.801229,-0.086656,0,0,1,0
0.551618,0.584339,-0.727290,-0.132350,-0.309984,0.561472,-0.205595,0,0,0,0
0.223140,0.243944,-0.059198,0.225712,-0.215033,-0.147155,-0.173441,1,1,0,0
0.436823,0.759611,-0.874506,-0.391193,-0.595911,1.308288,1.006200,0,0,0,0
0.513019,0.226464,-0.652405,0.041589,-0.604616,0.571542,-0.425437,0,0,1,1
0.230562,0.587472,-1.028798,-0.188594,-0.133653,-1.418232,1.025515,0,0,0,0
0.384966,0.561941,-0.930271,-0.148698,-0.245622,0.734781,-0.401197,1,0,0,1
0.668944,-0.593822,0.226512,0.270876,0.182373,-0.174691,-0.056171,0,0,0,0
0.817506,-1.911303,0.191157,2.323473,-1.785711,0.167131,-0.345408,1,0,0,0
0.722146,-1.882589,-0.195035,1.354294,-1.526133,0.866659,-0.547019,0,0,0,0
0.602554,-1.236927,0.252971,1.384720,-1.354041,-0.006926,-0.613476,0,1,0,1
0.242728,0.883621,-0.551965,-0.213867,-0.263505,0.151664,1.587566,0,0,0,0
0.259692,0.832581,-0.594409,-0.116199,-0.801278,0.116323,0.290555,1,0,1,0
0.171803,1.048947,-0.812620,-0.204214,-0.501996,-0.642284,1.247452,0,0,0,0
0.010369,0.575875,-0.593512,-0.155508,-0.274817,0.384483,0.126818,1,1,0,0
0.427425,0.187000,-0.648291,0.057892,-0.957436,-1.193819,0.752762,0,0,0,0
0.680597,0.382742,-0.829764,0.213120,-0.853521,1.432176,-0.095593,0,1,0,0
0.431034,0.662997,-0.594642,0.577315,-0.277029,0.449128,0.080908,0,0,0,0
0.333930,0.458167,-0.599564,0.326758,-0.400896,0.278726,0.023098,0,0,1,1
0.290057,0.782510,-0.909724,-0.635725,-0.725121,0.852724,1.323672,0,0,0,0
0.408163,0.436114,-0.574965,0.392134,-0.962378,1.544162,-0.343793,1,1,0,0
0.093778,0.506604,-0.391983,-0.067723,-0.083494,-0.137230,1.540103,0,0,0,0
0.180102,0.303453,-0.809931,-0.185346,-0.820439,1.031628,-0.291459,0,1,0,1
0.275189,0.167702,0.017287,0.412942,-0.450297,-1.014681,-0.345522,0,0,0,0
0.438070,0.323386,-0.685263,0.429007,-1.050044,-0.614825,-0.804598,1,0,1,1
0.232327,0.293693,-0.452610,0.495500,-0.579666,-0.365459,1.101592,0,0,0,0
0.460602,0.139601,-0.190316,0.293704,-1.159977,0.144550,-0.602034,0,1,0,0
0.460367,0.200053,-0.452916,-0.106288,-1.191498,0.810253,0.122066,0,0,0,0
0.427425,0.269232,-0.402301,-0.104288,-0.838947,0.204371,-0.033889,0,0,1,1
0.023094,0.951635,-0.519429,0.023895,-0.349458,-0.952141,1.078014,0,0,0,0
0.161614,1.263125,-0.614168,-0.192473,-0.677464,0.039343,0.159356,0,1,1,0
0.527543,0.092262,-0.814957,0.072709,-0.947819,-0.715124,-0.003305,0,0,0,0
0.472312,0.286800,-0.511420,0.550157,-0.958166,-0.059705,0.073800,0,0,0,1
0.306120,0.133141,-0.918738,0.111073,0.006502,1.504950,-0.202040,0,0,0,0
0.250066,0.527018,-0.920340,-0.056339,-0.866007,0.893942,0.121787,0,1,1,0
-0.058680,0.313385,-0.484421,0.022324,0.238677,-0.601830,1.836543,0,0,0,0
0.270580,0.503951,-0.799933,0.045331,-0.390962,1.043097,-0.395755,0,0,1,1
-0.054241,0.272265,-0.843088,-0.173887,0.263389,-0.591688,1.011774,0,0,0,0
0.026702,0.573417,-0.437927,0.455192,-0.320243,0.495282,-0.302164,0,1,0,1
0.439018,0.238191,-0.367561,0.264037,-0.997271,-1.354117,0.285613,0,0,0,0
0.531957,0.125860,-0.581024,-0.121391,-1.051028,0.686612,0.402303,0,0,1,0
0.278137,0.617046,-0.674956,0.210621,-0.758203,-0.106937,0.049305,0,0,0,0
0.161904,0.212987,-0.789014,0.030389,-0.483777,0.045748,-0.433927,0,1,0,1
0.169137,0.509098,-0.462239,0.125420,-0.276788,-0.172497,1.540258,0,0,0,0
0.239777,0.156031,-0.523478,0.112373,-1.349875,0.130796,0.488074,0,0,0,1
0.210845,0.020120,-0.399408,0.418932,-0.790046,-0.302328,-0.871784,0,0,0,0
0.256831,0.429621,-0.591442,0.222380,-0.424819,-0.113131,-0.407140,0,1,1,0
0.361785,0.235722,-0.412620,0.199328,-0.535495,-1.036218,0.041863,0,0,0,0
0.732808,0.067646,-0.267052,-0.144791,-1.070404,-0.053315,0.689836,0,0,0,1
0.424022,0.526927,-0.782229,0.247176,-0.752363,-0.720284,0.297096,0,0,0,0
0.185722,0.736260,-0.648157,0.062767,-0.306480,-0.282080,0.394697,1,1,0,0
0.099781,0.696840,-0.655058,-0.616733,-0.444087,-0.300999,1.192727,0,0,0,0
0.303307,-0.081433,-0.678235,0.072229,-0.231502,0.866968,-0.353652,0,1,1,0
-0.010720,0.476251,-0.319829,0.536423,0.267557,-0.615456,1.319945,0,0,0,0
0.082365,0.404986,-0.394674,0.470151,-0.180676,0.969204,-0.608263,1,0,1,1
0.431910,0.077777,-0.093007,0.401703,-0.624666,-0.916043,0.153458,0,0,0,0
0.387426,-0.339390,-0.161637,0.690195,-0.531955,0.494514,-0.603288,1,1,0,1
0.423241,0.716385,-0.116641,0.196452,-0.658046,-0.224429,1.208576,0,0,0,0
0.453206,0.473955,-0.263348,-0.422545,-1.195915,-0.648962,0.448490,0,0,1,0
0.378995,-0.134038,0.262430,-0.011097,-0.553325,0.151394,0.138869,0,0,0,0
0.299674,0.629985,-0.436388,-0.153419,-0.562784,-0.734567,1.078539,1,1,0,0
-0.154029,0.862870,-0.424751,-0.450514,0.072237,-0.644529,1.179751,0,0,0,0
-0.109712,1.166416,-0.273022,-0.692570,-0.535029,-0.089111,0.407444,1,0,1,0
0.572053,0.095745,-1.027402,0.185177,-0.553535,-0.619281,0.668704,0,0,0,0
0.582892,0.384801,-0.998904,-0.329017,-1.068041,0.858957,0.244568,0,1,0,0
0.564681,0.562042,-0.673002,-0.083647,-0.909233,0.235415,-0.077149,0,0,0,0
0.451728,0.635475,-0.417254,0.397893,-0.421720,-0.079649,0.018569,0,0,1,1
0.243136,0.441463,-0.592609,0.337190,0.562563,0.145841,1.273191,0,0,0,0
0.392847,0.220307,-0.895940,0.439232,0.050210,-0.281672,-0.301897,1,1,0,0
0.124941,0.125183,-0.614299,0.282471,0.458536,-0.445514,0.703857,0,0,0,0
0.387753,0.124336,-0.409185,-0.056036,0.588517,0.439779,-0.492306,1,0,0,1
0.579131,-0.322397,-0.120312,0.059412,-0.235508,-1.000035,0.056297,0,0,0,0
0.506350,0.069429,-0.483061,0.445168,-0.896736,0.062727,-0.009980,0,0,0,1
0.304339,-0.505323,-0.390242,0.090863,0.107862,0.847381,-0.848693,0,0,0,0
0.333683,-0.294778,0.073649,0.531678,-0.508684,0.501989,-0.484255,1,0,1,0
0.277635,0.190097,0.015892,-0.984250,-0.324351,1.182057,1.880571,0,0,0,0
0.350140,0.360626,-0.376828,-0.235652,-0.930736,0.296219,0.090516,0,1,0,0
0.276530,0.190221,-0.640947,-0.320361,-0.630827,0.502241,0.048321,0,0,0,0
0.267556,0.286644,-0.487417,-0.250371,-0.804870,0.259172,-0.144631,0,0,1,1
0.517655,0.054257,-0.470956,-0.287017,-0.283020,-0.946130,0.116345,0,0,0,0
0.659876,0.020570,-0.681585,-0.012394,-0.956666,0.390826,-0.188795,0,0,1,0
0.429816,0.477495,-0.231725,0.383561,-0.675112,0.587299,0.140231,0,0,0,0
0.412738,0.572137,-0.270650,-0.072931,-0.508524,-0.045975,0.180256,1,1,0,0
0.332724,-0.288053,0.115167,-0.965936,0.323833,0.670730,1.718719,0,0,0,0
0.297973,-0.137654,-0.587204,-0.671259,-0.345581,1.499378,0.398446,0,0,1,1
0.117169,0.489322,-0.831175,-0.051922,-0.213830,-0.876376,0.784447,0,0,0,0
0.218207,0.308401,-0.528005,0.337259,0.060549,0.212426,-0.458493,1,0,1,0
0.613097,-2.081030,0.263313,1.096901,-1.628502,0.006302,0.367198,0,0,0,0
0.436597,-1.821772,0.395212,1.484486,-2.213294,0.114864,-0.476065,1,1,0,1
0.313342,0.330163,-0.824606,0.157554,-0.314917,0.420304,0.773918,0,0,0,0
0.316683,-0.086851,0.047914,0.051279,-0.744377,0.569186,-0.258876,0,0,1,0
0.270896,-0.164072,-0.668240,-0.175773,-0.757364,0.693683,0.638464,0,0,0,0
0.298933,0.492552,-0.142193,-0.335193,-0.776613,0.155379,1.191143,1,1,0,0
-0.067268,0.475962,-0.771523,-1.194252,-0.245526,-0.971899,1.499436,0,0,0,0
-0.045463,0.849962,-0.633499,-0.806421,-0.567953,1.367015,0.950068,0,1,1,0
0.351149,-0.215469,-0.680021,0.093192,-0.867427,-1.138299,0.364592,0,0,0,0
0.165802,-0.540537,-0.690035,-0.756770,-0.988807,-0.279821,1.256681,1,0,0,0
0.303073,0.436273,-0.432725,-0.179160,-0.710285,-0.175300,0.776148,0,0,0,0
0.349679,0.512974,-0.518310,-0.837997,-1.031359,-0.188187,0.744395,0,1,1,0
0.080844,0.189399,-0.534073,0.116599,0.317353,-0.521879,1.031291,0,0,0,0
0.284427,0.284077,-0.506547,-0.361775,-1.187204,0.155273,-0.014736,1,1,0,0
0.154258,0.361109,-0.594508,-0.873455,-0.025692,-0.452432,1.369397,0,0,0,0
0.162398,0.205620,-0.613563,-0.680591,-0.624257,0.101783,0.128169,1,0,1,0
0.595596,-0.354719,-0.303136,-0.313456,-0.647767,-1.175331,0.051505,0,0,0,0
0.492338,-0.749454,-0.595613,-0.505962,-1.116810,-0.070334,-0.277677,0,1,0,0
0.379845,-0.584357,-0.431360,-1.057616,-0.743906,0.781782,0.138666,0,0,0,0
0.240886,0.077466,-0.655625,-0.839354,-0.637902,0.584706,-0.263791,1,0,1,0
0.281592,0.408549,-0.752426,-0.856129,-0.188577,-0.357777,1.300049,0,0,0,0
0.582170,-0.273512,-0.113630,-0.472474,-0.981351,0.352804,-0.153126,0,1,1,0
0.222248,-0.145762,0.021354,0.198074,0.532642,-0.478923,0.733956,0,0,0,0
0.211160,0.064549,-0.464867,-0.406417,-0.185118,0.621987,0.617793,1,0,1,0
0.450561,-0.968559,-0.517054,-0.604382,-0.439788,-1.554277,-0.202958,0,0,0,0
0.622437,-0.298920,-0.720814,-0.148916,-1.159529,0.819947,0.695735,1,1,0,0
0.170163,0.541501,-0.273578,0.001195,-0.428896,-0.242976,0.917138,0,0,0,0
0.272030,0.869426,-0.445359,-0.781377,-0.696261,-0.528769,0.327664,0,0,1,1
0.253068,1.098630,-1.253125,-0.912153,-0.547988,-0.576091,0.463888,1,1,0,0
0.440798,0.897278,-0.448371,-0.277681,-1.067123,-1.101165,0.084459,0,0,1,1
-0.155660,0.653424,-0.348036,0.488489,0.856116,0.189529,1.209758,1,0,0,0
-0.157874,0.964852,-0.282553,1.146456,0.623973,-0.880174,0.449250,0,1,1,1
0.423325,0.203193,0.280020,0.988719,-0.515188,-0.933012,-0.065052,0,0,0,0
0.166780,-0.285691,-0.364166,0.739196,-0.503411,0.949313,-0.653950,1,1,0,1
0.573607,0.315480,-0.247052,-0.493723,-1.004122,-0.794974,1.743487,0,0,0,0
0.621165,-0.063758,-0.266715,-0.311378,-0.885523,1.265756,0.205369,0,0,1,0
0.476965,-0.515278,0.190648,-0.844050,-0.089998,0.485013,0.620929,0,0,0,0
0.264841,0.308512,-0.367533,-0.182486,-0.339202,0.260098,0.829165,0,0,0,1
0.054534,0.938557,-0.411224,-0.795762,-0.090221,-1.033852,1.355855,0,1,0,0
-0.016842,1.428951,-0.858559,-1.118397,-0.037185,-0.917956,0.962529,0,0,1,1
0.677034,0.593240,-0.688293,0.009655,-0.961703,-0.182691,0.008758,0,0,0,0
0.563924,0.065357,-0.339899,0.414570,-0.671380,0.512141,-0.246802,0,0,1,0
0.409554,0.458221,-0.134637,0.211804,-0.813063,0.490987,0.225649,0,0,0,0
0.315662,0.231638,0.124675,0.646283,-0.643396,-0.432611,0.051489,1,1,0,0
0.398102,0.639663,-0.566968,-0.368744,-0.562976,-0.423767,0.738828,0,0,0,0
0.499523,0.474367,-0.298914,0.155664,-0.599216,1.045566,-0.142662,0,0,1,1
0.256959,0.840734,-0.149005,0.592306,0.151642,-0.315656,1.289434,0,0,0,0
0.291309,0.806305,-0.690990,-0.156971,-0.569799,0.254778,0.003790,1,0,0,1
0.791245,0.015381,0.185349,-0.339105,-0.528955,-1.020672,0.007321,0,0,0,0
0.739801,-0.229976,-0.104752,0.381341,-1.567649,-0.528937,-0.324567,1,0,0,0
0.877580,-1.798506,0.192017,1.417967,-2.006073,0.830834,-0.219312,0,0,0,0
0.539940,-0.831231,0.320137,1.583712,-0.956322,0.156542,-0.573343,0,1,0,1
0.232500,0.817652,-0.354183,-0.434951,0.197942,0.343062,1.628030,0,0,0,0
0.391354,0.241239,-1.007870,-0.583701,-0.451835,0.626094,0.766722,0,0,1,0
0.343347,0.174852,-0.729810,-0.050610,-0.467987,0.855213,0.170993,0,0,0,0
0.239365,0.380349,-0.574812,-0.384552,-0.320400,1.217540,0.710056,1,1,0,0
0.449877,-0.061353,-0.696418,-0.277644,-0.941320,-1.536277,0.504043,0,0,0,0
0.747915,0.081221,-0.344027,-0.112218,-0.742919,1.329499,0.089323,0,1,0,0
0.319111,0.572837,-0.318148,0.292827,-0.325807,-0.083819,0.068267,0,0,0,0
0.090435,0.376636,-0.061846,0.514310,0.184614,0.113809,0.362175,0,0,1,1
0.266468,0.574240,-0.140089,-0.347549,0.087987,0.148899,1.426132,0,0,0,0
0.389030,0.046746,-0.046404,-0.293871,-0.951004,1.460081,0.097799,1,1,0,0
0.214467,0.845414,-0.097548,0.779967,-0.170089,-1.123491,1.519399,0,0,0,0
0.179006,0.552448,-0.546608,0.375066,-0.331300,0.456016,-0.024098,0,1,0,1
0.412148,0.420129,-0.064295,0.362344,-0.633270,-1.007567,0.170158,0,0,0,0
0.511655,0.636485,-0.319035,0.374474,-0.961647,-0.191012,-0.259527,1,0,1,1
0.116636,0.358740,-0.566549,0.489589,-0.563782,-1.009145,1.030655,0,0,0,0
0.675636,0.294280,-0.175324,-0.681985,-1.001996,0.206783,0.095226,0,1,0,0
0.433922,0.323416,-0.340840,-0.359981,-1.063194,-0.475925,0.486477,0,0,0,0
0.368571,0.743770,-0.587195,-0.573860,-0.932391,0.160979,0.476124,0,0,1,1
0.065668,1.084681,-0.530801,-0.207385,-0.415001,0.089295,0.790729,0,0,0,0
0.010456,0.841699,-0.408050,-0.017928,-0.186294,0.769130,-0.548696,0,1,1,0
0.354750,-0.489704,-0.311390,0.323026,-0.609299,-1.073052,-0.718715,0,0,0,0
0.539712,0.281567,-0.320283,0.355885,-1.173161,-0.411666,-0.517559,0,0,0,1
0.249061,0.317453,-0.556182,-0.162701,-0.648696,0.405068,0.961872,0,0,0,0
0.212082,0.803436,-0.451475,-0.396626,-0.728268,0.045976,0.689050,0,1,1,0
0.254709,0.875322,-0.374010,-0.872370,-0.331231,-0.834890,1.398850,0,0,0,0
0.152114,0.404236,-0.293580,0.071912,-0.858709,0.370981,0.289564,0,0,1,1
0.209821,0.428897,-0.224248,-0.153910,0.036497,0.177018,0.875705,0,0,0,0
0.143860,0.522640,-0.441942,0.280517,-0.524707,0.734875,0.010545,0,1,0,1
0.382844,-0.167063,-0.242998,0.089771,-0.577824,-1.195575,0.719760,0,0,0,0
0.471424,-0.002968,-0.302055,-0.186972,-1.038002,1.065432,0.889991,0,0,1,0
0.228367,0.382022,-0.515534,-0.235796,-0.661202,-0.147529,0.926365,0,0,0,0
0.065353,0.614525,-0.583151,-0.283080,-1.108331,-0.154128,0.857424,0,1,1,0
0.015371,0.541428,-0.567994,-0.328060,-0.317417,-1.302703,1.305905,0,0,0,0
0.153108,0.231043,-0.574085,-0.163237,-0.525283,0.646360,-0.848606,0,0,1,1
-0.087365,0.664943,-0.299348,0.007235,-0.371190,-1.258390,0.287048,0,0,0,0
-0.085967,0.692925,-0.404857,-0.432196,-0.690972,0.081326,-0.294785,0,1,0,1
0.507282,-0.487131,-0.203099,-0.279863,-0.527525,-1.363806,-0.139517,0,0,0,0
0.336666,0.054135,-0.517664,0.576457,-0.741319,-0.131874,-0.515134,0,1,0,1
0.423364,0.045844,0.006263,-0.013505,-0.821718,-1.020701,0.420717,0,0,0,0
0.525739,0.507477,-0.242051,0.075836,-1.257066,-0.171849,0.875054,1,0,1,0
0.454072,0.687709,-0.414506,0.332421,-0.286692,0.023224,1.375650,0,0,0,0
0.369696,-0.557032,-0.288062,-0.019150,0.207028,0.874756,-0.603352,0,1,1,0
0.185052,0.057043,-0.153533,0.310408,0.198604,-0.921473,0.870935,0,0,0,0
0.228366,0.389920,-0.269025,0.645730,-0.578670,0.565599,-0.482700,1,0,1,1
0.171334,-0.546412,-0.278381,0.625151,-1.148244,-1.666571,-0.812766,0,0,0,0
0.969851,-0.115728,0.050251,0.569944,-1.435275,0.985035,-0.284415,1,1,0,1
0.458633,0.658295,-0.600757,0.062368,-0.526893,-0.171281,1.592332,0,0,0,0
0.480252,0.156770,-0.025214,-0.502186,-1.254189,0.063536,0.209715,0,0,1,0
0.503780,0.242872,-0.004667,-0.773086,-1.181305,-0.129619,0.298518,0,0,0,0
0.323103,0.235253,-0.519156,-0.417131,-0.864248,0.657567,0.179844,1,1,0,0
-0.056742,0.475983,-0.713433,-0.364838,-0.192105,-1.281246,0.795672,0,0,0,0
0.094449,1.143501,-0.790302,-0.679315,-0.390772,0.514939,0.647380,1,0,1,0
0.475682,0.220249,-0.666644,-0.232500,-1.061183,-1.175126,0.746085,0,0,0,0
0.543631,0.539065,-0.576346,0.094892,-1.078554,0.003669,-0.058192,0,1,0,0
0.450983,0.561225,-1.037107,-0.032820,-0.306749,0.320697,-0.077491,0,0,0,0
0.123041,0.615991,-0.772264,-0.166187,-0.462551,0.241757,-0.073206,0,0,1,1
0.091864,0.485302,-0.574368,-0.418643,0.173198,1.035552,0.620395,0,0,0,0
0.061134,0.435701,-0.494291,0.448459,0.047264,-0.079423,-0.761138,1,1,0,0
0.136846,0.845527,-0.758505,-0.079908,-0.189058,-0.739511,0.785915,0,0,0,0
0.180506,0.442047,-0.906590,-0.235524,-0.166880,-0.702579,-0.051822,1,0,0,1
0.417243,0.118771,-0.219503,-0.074125,-0.219922,-0.528350,-0.176091,0,0,0,0
0.726077,0.117360,-0.032165,-0.515043,-1.239318,0.705361,-0.277240,0,0,0,1
0.480494,-0.625148,-0.514669,0.242314,-0.381530,0.002898,-0.679770,0,0,0,0
0.494273,-0.759282,0.492631,0.084985,0.133927,0.129661,-0.574253,1,0,1,0
0.216501,0.792352,-0.026953,-0.118473,-0.728821,-0.366836,1.419785,0,0,0,0
0.290911,0.263896,-0.612702,-0.463321,-1.360821,0.885568,-0.035407,0,1,0,1
0.021821,0.246387,-0.138977,-0.228161,-0.322958,-1.047341,1.148180,0,0,0,0
0.154813,0.535472,-0.670612,-0.376777,-0.644536,0.312586,0.705506,0,0,1,1
0.614143,0.205111,-0.715190,-0.858546,-1.079423,-1.342154,0.079364,0,0,0,0
0.883071,0.208994,-0.508255,-0.603720,-1.221531,0.664886,0.032604,0,0,1,0
0.396806,0.653433,0.169543,-0.350021,-0.486355,-0.662850,1.130886,0,0,0,0
0.190607,0.221172,0.179908,-0.043164,-0.721116,-0.418250,-0.344383,1,1,0,0
0.471510,0.065906,-0.913883,-0.264918,-0.776717,-1.298655,0.169838,0,0,1,1
0.220167,0.649369,-0.426199,-0.179620,-0.310376,-0.359367,0.401046,1,1,0,0
0.004294,1.394585,-0.653188,-0.401283,0.251599,-0.169600,0.737842,0,0,0,1
-0.129224,1.178799,-0.500919,0.072300,0.251388,-0.703099,0.134485,1,1,1,0
0.711808,-1.674173,0.741781,1.524403,-1.549862,0.008170,-0.308208,0,0,0,0
0.635076,-1.627449,0.308430,1.306744,-1.972084,1.245899,-0.636352,1,0,1,1
0.548222,0.663111,-0.106373,0.531576,-0.587995,0.622379,0.711683,0,0,0,0
0.776026,0.090738,-0.393227,-0.014276,-1.349905,0.935551,0.007665,0,1,0,0
0.633413,-0.116137,-0.481419,0.306239,-0.652998,0.705193,-0.160267,0,0,0,0
0.379720,0.331765,-0.569933,0.225368,-0.706656,-0.200904,0.769313,0,0,1,1
0.031942,0.613679,-0.327338,0.534470,0.355570,-0.037627,0.913406,0,0,0,0
0.182517,0.878264,-0.630025,0.096681,-0.097285,-0.133446,0.399384,1,1,0,1
0.647942,-0.890787,0.042682,-0.130384,-0.252253,-0.306550,-0.268339,0,0,0,0
0.782146,-0.725574,0.266471,-0.225264,-0.519435,-0.272723,0.204149,0,1,1,0
-0.172707,-0.157862,1.050390,-0.585847,-0.629170,-0.177429,1.625877,0,0,0,0
-0.198676,0.470075,-0.250108,-0.521607,-0.763660,-0.004748,-0.409042,1,0,1,1
0.822064,-0.995348,0.329952,-0.158997,0.719239,-0.549887,-0.088178,0,0,0,0
0.671606,-1.141091,0.433257,-0.686018,-0.106889,0.343815,0.353655,0,1,0,1
-0.203965,0.143042,0.689022,-0.553245,-0.597303,-0.499440,0.620893,0,0,0,0
-0.114369,-0.465615,0.779474,-0.733957,-0.847261,1.356001,-0.325946,1,1,1,0
0.786977,-0.920483,0.449846,0.183057,0.576429,-1.061663,-0.050918,0,0,0,0
0.644039,-0.275425,0.045584,-0.109669,-0.332100,0.181778,-0.004068,0,0,1,1
-0.063349,-0.598303,1.170147,-0.844203,-0.119238,-1.062684,1.311837,0,0,0,0
-0.399581,0.182499,0.062491,-0.195071,-1.081169,-0.219004,-1.221336,1,1,0,1
0.804464,-0.100487,-0.125436,0.219811,-0.337735,-0.924505,1.094676,0,0,0,0
0.402503,-0.220204,-0.368314,0.613452,-0.732554,-0.516396,0.345751,0,1,1,0
-0.021964,-0.170568,-0.678339,0.318609,0.168976,-0.617771,0.796335,0,0,0,0
0.103384,0.175871,-0.598306,0.651280,0.009751,1.011752,-0.131616,0,1,1,1
0.498705,-0.135610,0.021649,-0.117845,-0.391037,-0.954489,1.203487,0,0,0,0
0.576144,-0.804039,0.729945,0.423239,-0.354406,0.325034,1.070095,1,0,0,0
0.715576,0.162469,-0.481888,-0.098432,-0.638470,0.996716,0.384025,0,0,0,0
0.426857,0.028416,-0.324542,0.354400,-0.790437,-0.071650,-0.280908,1,1,0,0
0.790362,-0.591795,0.626689,-0.575769,-0.110455,-0.274089,1.528884,0,0,0,0
0.725795,-0.814649,0.744258,-0.200101,-0.050094,-0.423257,-0.069706,0,0,1,1
0.575956,-0.915426,0.158854,0.342021,0.053674,-0.221700,-0.434429,1,1,0,0
0.756507,-0.869313,0.117082,0.514467,-0.395266,-0.710399,1.102839,0,0,1,1
0.838201,-0.520252,0.087781,-0.142016,-1.079219,-0.839683,0.635498,0,0,0,0
1.016353,-0.447614,0.390726,-0.438103,-0.952053,0.570756,-0.213796,1,1,0,1
0.602910,-0.978542,1.334955,-0.755710,0.548670,-0.587882,1.682510,0,0,0,0
0.610831,-1.307907,0.321991,-0.366777,-0.669492,0.001883,-1.159380,0,0,0,0
0.843291,-0.951441,0.611577,-0.012486,-0.488466,0.626993,-0.725742,0,0,0,0
0.507300,-0.777327,0.431320,0.237143,-0.029106,0.145675,-0.192901,0,0,1,1
-0.050920,-0.435626,0.139692,0.530961,0.495071,-0.667991,0.782764,0,0,0,0
0.156015,0.147567,-0.231523,0.339986,-0.064537,-0.122833,-0.793720,1,1,0,1
0.519978,-0.443251,-0.490618,0.417640,-0.264558,-0.807397,-0.699442,0,0,0,0
0.467790,-0.695254,-0.495115,0.533833,0.003618,0.392845,-0.503539,1,0,1,0
0.089125,-0.025314,-0.235593,0.660298,0.627291,-1.014655,0.338374,0,0,0,0
-0.024451,0.072143,-0.331662,0.726012,0.284719,0.461010,-0.619531,0,0,0,1
0.291345,0.044227,-0.499229,0.001715,-0.022403,0.114326,-1.074141,0,0,0,0
0.196823,-0.437388,-0.652889,0.446160,-0.410463,0.432703,-0.956964,1,1,0,0
-0.173278,0.224348,-0.450015,0.401199,0.666386,-0.926058,1.371202,0,0,0,0
0.103604,-0.000690,-0.638184,0.459623,0.590445,0.554625,-0.666035,1,0,1,1
0.333362,-0.445318,-0.421805,0.623812,-0.317194,-1.382368,-0.576841,0,0,0,0
0.477064,-0.148209,-0.632960,0.593069,-0.057243,0.149131,-0.553797,0,1,1,0
0.070687,0.224018,-0.826910,0.307698,0.674987,-1.199109,0.928248,0,0,0,0
0.001933,0.105922,-0.915315,0.583802,0.542249,0.049231,-0.854535,0,1,0,0
0.156856,-0.245891,-0.566185,0.099013,0.376932,0.392148,-0.871913,0,0,0,0
0.227660,-0.183281,-0.856487,0.553692,0.177054,-0.027911,-0.484197,0,0,1,1
-0.041253,0.016947,-0.677459,0.491586,0.430930,-0.234327,1.529169,0,0,0,0
-0.011078,0.098577,-1.039597,0.184140,0.083639,0.452324,-0.547378,1,1,0,1
0.129802,-0.450820,-0.297528,0.456346,-0.068380,-1.331796,-0.323527,0,0,0,0
0.160171,-0.498150,-0.335628,0.944482,-0.530598,0.507234,-0.857729,0,1,1,0
-0.043379,0.160765,-0.852417,0.522318,1.053763,-1.116618,0.980965,0,0,0,0
0.039630,0.042726,-0.973319,0.447796,0.192578,0.527844,-0.752132,0,1,1,0
0.179497,-0.263165,-0.708087,0.397585,0.460077,0.328855,-0.707167,0,0,0,0
0.148664,-0.393563,-0.681770,0.812386,0.335113,0.238878,-0.244898,1,1,0,0
-0.175628,0.075424,-0.574074,0.477853,0.642455,-0.789856,1.605667,0,0,0,0
0.069284,-0.617614,-0.937227,-0.106160,0.283920,0.938363,-0.945741,1,0,1,1
0.175776,-0.442799,0.133549,0.069331,0.095673,-1.254445,-0.563132,0,0,0,0
0.098371,-0.147221,-0.263198,0.864832,-0.425279,0.167958,-0.993660,1,1,0,1
-0.051462,-0.151021,-0.302621,0.801017,0.363208,-1.226133,0.806631,0,0,0,0
0.273399,-0.881577,-0.111263,0.595319,0.423005,0.748137,-0.621089,0,0,0,0
0.161604,-0.680425,-0.145342,0.704632,0.606217,-0.141868,-0.698855,0,0,0,0
-0.046909,-0.326681,-0.612240,0.445983,0.916103,-0.087969,0.018166,0,0,1,1
-0.341461,0.029558,-0.433126,0.034701,0.945011,-0.890833,0.295832,0,0,0,0
-0.223558,0.332723,-0.894865,-0.033415,0.651427,0.015572,-0.964339,1,1,0,1
0.396795,-0.533079,-0.978087,0.536404,0.112820,-0.872342,-0.238353,0,0,0,0
0.247621,-0.390916,-0.626430,1.108455,-0.192443,-0.674230,-0.698865,1,0,1,0
-0.100435,0.133698,0.154305,1.029702,0.704495,-0.167962,1.250555,0,0,0,0
0.040654,-0.243875,-0.268869,0.318576,0.200540,0.973661,-0.666353,0,0,0,1
0.203870,-0.042006,-0.374787,0.731898,0.553830,-0.461138,-1.012746,0,0,0,0
0.370165,-0.571309,-0.150372,0.718767,0.088787,0.125567,-0.757026,1,1,0,0
-0.166500,-0.036801,-0.542318,0.781224,0.444294,-0.593753,1.115304,0,0,0,0
0.237433,-0.166652,-0.498881,0.266166,0.251050,-0.215082,-0.730416,1,0,1,1
0.271296,-1.171243,-1.116659,0.150150,-0.190408,-1.644418,-0.580973,0,0,0,0
0.352539,-0.457677,-0.523930,0.802692,-0.341286,0.477304,-0.601678,0,1,0,1
0.008327,-0.403433,-0.073527,0.190430,0.281217,-0.771495,1.441287,0,0,0,0
0.046894,-0.492030,-0.792651,0.415304,0.275815,0.392123,-0.904778,1,0,1,0
0.193237,-0.580241,-0.748374,0.359798,-0.402974,0.502332,-1.002567,0,0,0,0
0.135125,-0.521373,-0.644088,0.826151,0.326991,-0.306853,-0.488174,1,1,0,0
-0.219602,0.048988,-0.122364,0.728463,1.372565,-1.172342,1.161615,0,0,0,0
-0.101711,-0.042592,-0.573990,0.322451,0.802597,1.105492,-0.514405,1,0,1,1
0.212792,-1.129622,-0.038516,0.151715,0.149012,-1.465163,-0.392951,0,0,0,0
0.215601,-1.504199,-0.448501,0.486409,-0.290296,0.436680,-1.074021,0,1,0,1
0.055503,0.077805,-0.506406,0.466165,0.317211,-0.808621,1.363233,0,0,0,0
-0.136164,0.069522,-0.586466,-0.153192,0.262214,0.484054,-0.619105,1,0,1,0
-0.344964,0.791325,-0.927193,0.053347,0.525556,-1.230439,-0.605012,0,1,0,0
-0.512887,0.987980,-1.071984,-0.157733,1.140265,-1.203794,0.160754,0,0,0,1
-0.648163,1.355481,-1.356040,-0.400337,1.834332,0.232966,0.338468,0,1,0,0
-0.897460,1.588061,-1.294085,-0.089638,2.156959,-0.908426,0.357919,1,0,1,1
0.071073,0.111535,-0.016764,0.827607,0.309042,-1.430577,-0.368353,0,0,0,0
0.133770,0.140313,-0.332435,1.009455,0.227159,0.182953,-0.728437,1,1,0,1
-0.088141,-0.204715,-0.766964,0.382230,0.483432,-0.184846,0.986104,0,0,0,0
0.135060,-0.701543,0.210916,0.239882,0.168441,0.394840,-0.659523,0,0,0,0
0.226165,-1.005422,-0.006967,0.335034,0.271087,-0.012414,-0.661347,0,0,0,0
-0.020956,-0.359681,-0.601824,0.288093,0.109312,-0.605942,-0.417562,0,0,1,1
-0.547516,-0.235764,-0.230074,0.963156,0.912351,-1.418727,0.551657,0,0,0,0
-0.238641,0.451954,-0.847212,-0.198473,0.966453,0.838638,-0.320528,1,1,0,1
0.306082,-0.648040,-0.736824,0.996993,-0.083557,-0.760325,-0.501531,0,0,0,0
0.410899,-0.360832,-0.897958,0.547715,-0.113376,0.863219,-0.579543,1,0,1,0
-0.327997,-0.046648,-0.390235,1.095662,1.252900,-1.454024,1.078032,0,0,0,0
-0.057573,-0.286298,-0.212581,0.911774,0.584354,-0.374927,-1.021417,0,0,0,1
0.231827,-0.087785,-0.533117,0.085888,-0.118129,-0.242267,-0.845820,0,0,0,0
0.302110,-0.343519,-0.647301,0.309802,0.013626,-0.032098,-0.764997,1,1,0,0
-0.114133,-0.194987,-0.285465,0.309911,0.478941,-1.142564,0.682803,0,0,0,0
-0.067316,0.023619,-0.101236,1.328107,0.998472,0.016235,-0.650507,1,0,1,1
0.115541,-0.784136,-0.323071,0.975889,-0.263281,-1.479371,-0.782465,0,0,0,0
0.436412,-0.332728,-0.652664,0.740283,-0.490822,-0.100779,-0.824564,0,1,1,0
0.097091,-0.463833,-0.591556,0.312389,0.502108,-0.726994,1.046307,0,0,0,0
0.162370,-0.098679,-0.853625,0.248941,0.657543,-0.081492,-0.678079,0,1,0,0
0.085988,-1.031162,-0.459022,0.503623,1.047064,-0.022298,-0.352846,0,0,0,0
0.309514,-0.714665,-1.087247,0.289994,-0.085801,0.689422,-0.846767,0,0,1,1
0.028629,0.018940,-0.336550,0.681123,0.982096,-0.994503,1.238614,0,0,0,0
0.052060,0.064341,-0.884286,0.119013,0.390308,-0.051734,-0.494496,1,1,0,1
0.271587,-0.832476,0.246804,0.233846,0.205749,-1.338574,-0.595272,0,0,0,0
0.107538,-1.207318,-0.634432,0.974787,-0.359609,-0.182138,-0.845140,0,1,1,0
-0.167166,-0.237929,-0.670186,0.562391,0.799111,-0.140578,1.394843,0,0,0,0
0.086617,0.178239,-0.473997,0.842150,0.504209,-0.612019,-0.643537,0,1,1,0
0.192909,-0.222714,-0.595593,0.698160,0.028004,0.119891,-0.683210,0,0,0,0
0.344238,-0.306879,-0.225328,0.462021,0.237712,1.649767,-0.507351,1,1,0,0
-0.053808,-0.312709,-0.575262,0.150834,0.684541,-1.232737,0.964380,0,0,0,0
0.178236,0.127885,-0.591427,0.152916,0.347246,0.171714,-0.573700,1,0,1,1
0.075198,-0.441963,-0.382035,0.289825,-0.273303,-1.816880,-0.706147,0,0,0,0
0.258350,-0.123739,-0.609837,0.225132,-0.671762,0.892873,-0.881740,1,1,0,1
-0.034174,-0.618906,-0.049747,0.494791,0.169924,-1.028688,0.929204,0,0,0,0
0.274311,-1.022091,-0.072149,1.112313,-0.221966,-0.077554,-0.422804,0,0,0,0
0.108137,-0.785966,-0.377512,0.906470,0.246588,0.142866,-0.614842,0,0,0,0
0.186117,-0.302604,-0.607001,0.268378,0.745999,-0.069854,-0.343396,0,0,1,1
-0.401488,-0.086327,-0.272761,-0.006685,0.386821,-1.206794,0.698908,0,0,0,0
-0.168499,0.502883,-0.446346,0.182076,0.298466,-0.822640,-0.658670,1,1,0,1
0.199127,-0.726181,-0.794740,0.812713,-0.111771,-1.366279,-0.768816,0,0,0,0
0.310643,-0.557709,-0.439003,1.265236,-0.389700,0.373611,-1.090647,1,0,1,0
-0.059485,0.054338,-0.262266,1.071818,0.818908,-1.385351,1.339218,0,0,0,0
0.119229,-0.365832,-0.395028,0.363033,0.039613,-0.238569,-0.684898,0,0,0,1
0.239966,-0.183866,-0.457348,0.015125,-0.204433,0.807941,-0.921831,0,0,0,0
0.331018,-0.214686,-0.595615,0.381964,-0.429335,0.303803,-0.650408,1,1,0,0
0.048745,0.019944,-0.745460,0.918683,0.761829,-0.746162,0.721722,0,0,0,0
-0.008665,0.255921,-0.456655,0.693855,0.744527,0.000866,-0.429876,1,0,1,1
0.392125,-0.957149,-0.553937,0.606110,0.219801,-1.428827,-0.532878,0,0,0,0
0.271226,-0.556656,-0.526423,0.688950,-0.336899,0.402391,-0.723802,0,1,0,1
-0.083096,-0.092623,0.392146,0.763757,0.588338,-0.037677,1.025376,0,0,0,0
0.054289,-0.147542,-0.251456,0.483778,0.362174,1.411557,-0.784355,1,0,1,0
0.267575,-0.097836,-0.443074,0.268250,-0.126746,-0.368685,-0.965709,0,0,0,0
0.341602,-0.457711,-0.789329,0.074684,-0.240615,-0.158714,-0.816483,1,1,0,0
-0.182284,-0.620209,-0.283793,1.353636,0.776423,-1.283602,0.967179,0,0,0,0
0.029752,-0.397734,-0.471230,0.486071,-0.114508,0.784129,-1.208774,0,1,1,1
0.452179,-1.632568,0.615771,0.020944,0.287175,-1.356023,-0.639159,0,0,0,0
0.754515,-1.387371,0.289975,0.344573,-0.286701,1.623670,-0.580989,1,1,0,0
0.438129,-1.367214,-0.001451,-0.070171,0.049570,-1.200656,-0.412763,0,0,1,1
0.578703,-1.516018,-0.025450,0.094298,0.726084,-1.653243,0.190758,1,1,0,0
0.575849,-1.104238,-0.660595,0.854530,-0.168467,-1.562867,0.096879,0,0,0,0
0.534257,-0.892337,-0.758412,0.344353,-0.147590,-0.389128,-0.236953,0,0,1,1
-0.120659,0.628910,-1.083222,0.252287,1.023365,-1.271762,0.554345,0,0,0,0
-0.454393,0.788824,-0.988921,-0.128620,1.270264,0.059911,-0.223725,1,1,0,0
0.458968,-1.703345,-0.134417,1.217885,-0.765626,-0.060935,-0.214337,0,0,0,0
0.377557,-2.050436,0.874192,0.828815,-0.718158,0.702004,-0.147217,1,0,1,1
0.256908,-0.332170,-0.047399,0.020959,-0.758832,-0.090526,0.747474,0,0,0,0
0.480395,-0.301971,0.281757,-0.280313,-0.532802,0.111625,-0.234213,0,0,0,0
0.317474,-0.256877,0.305337,-0.963648,-0.355821,0.936611,-0.295348,0,0,0,0
0.139630,0.518662,-0.200557,-0.432447,-0.653344,0.313308,0.413888,0,0,1,1
-0.279316,0.729161,0.556707,0.041631,-0.186646,-0.957219,0.128115,0,0,0,0
-0.298481,0.720650,-0.265880,-0.048135,0.475400,-0.152824,-1.247012,0,0,1,1
0.399561,-1.270370,0.804910,-0.921299,1.538091,-0.044825,0.454550,0,0,0,0
0.263649,-1.322041,0.334789,-0.703925,0.674663,1.210123,-1.310163,0,0,0,0
-0.005717,-0.600120,0.975561,-0.462791,1.433928,1.136307,-0.555097,0,0,0,0
0.095295,-0.424673,0.636343,-1.193533,0.543486,0.936437,-1.661028,1,1,0,1
0.707511,-1.312258,0.768688,-1.104646,0.496984,-1.254507,-0.662935,0,0,0,0
0.311693,-0.559200,0.071851,-1.359847,-0.977162,0.372252,-0.924268,0,0,0,0
-0.068510,0.221484,0.150969,-1.912272,-0.100176,1.505396,-0.854428,0,0,0,0
-0.834100,1.293526,0.024592,-0.643694,0.550016,0.111351,-0.723348,0,0,1,0
-0.214765,-1.434909,2.327849,-2.695297,-0.614409,1.323424,-0.954720,0,0,0,0
-1.191138,0.954671,0.896999,-2.943781,0.922895,0.103509,-0.327638,0,0,0,0
-1.613963,1.536059,1.277509,-2.022134,0.742237,0.429684,-0.902714,0,0,0,0
-1.395639,0.244207,-0.007969,-1.499547,1.143431,0.467800,-0.998313,0,0,1,1
-0.730416,-0.203913,1.702416,-2.352082,0.240063,-1.168725,1.538693,0,0,0,0
-1.497652,-0.012770,-0.119254,-0.859864,0.752576,-0.228497,-2.134842,1,1,0,1
0.145098,-0.535567,-0.337811,0.723033,-0.505525,-1.645534,-0.412879,0,0,0,0
0.034619,-0.667208,-0.435227,0.975486,-0.425476,-0.152502,-0.942752,0,0,0,0
0.049908,-3.627343,2.106776,0.665239,-0.052331,1.509846,-0.737249,0,0,0,0
-0.143187,-3.689635,1.843059,0.934480,-0.624704,-0.304137,-2.055339,0,1,1,0
-1.058581,0.887902,-0.462030,-1.084139,1.414219,-1.264692,1.179211,0,0,0,0
-0.790935,1.348091,-0.796151,-1.372385,-0.220050,2.552509,-0.798565,1,1,0,1
0.453957,-1.705093,0.848713,-0.706670,0.285112,-1.151572,0.021110,0,0,0,0
-0.162579,-1.668843,-0.349811,0.280614,-0.569576,-0.216029,-1.995991,0,0,0,0
-0.400417,-0.815811,-0.367742,0.331990,0.533216,0.491122,-1.865604,0,0,0,0
-0.609687,1.085101,-0.105408,-1.002084,0.195546,0.048101,-0.943461,1,0,0,0
-0.760317,-1.846583,2.928810,-0.356846,1.699105,1.188252,-0.134386,0,0,0,0
-1.273681,0.446031,2.315349,-0.927424,0.136633,1.043067,-0.734411,1,0,1,1
-0.253675,0.089948,-0.198589,-0.136123,-0.547026,-0.603155,0.956909,0,0,0,0
-0.060878,-0.314318,-0.089765,0.049053,-0.423080,0.838259,-0.997786,0,0,0,0
0.007918,-1.256920,-0.020592,0.047953,-0.049370,-0.928758,-0.471956,0,0,0,0
-0.320227,-0.638761,-0.284070,0.540507,0.038854,0.278526,-0.302987,0,0,1,1
-1.013041,-0.592791,0.834724,-0.229009,0.915627,-0.436426,0.493463,0,0,0,0
-0.992793,-0.276271,0.676427,1.171300,0.232543,0.079496,-1.729775,0,0,1,1
0.293095,-1.570504,1.386954,-0.393858,1.929645,0.962376,1.047876,0,0,0,0
0.162629,-1.074113,1.025385,-1.242720,-0.155230,0.297972,-1.486156,0,0,0,0
-0.662388,-1.865257,1.903661,-0.161209,0.172992,-0.246458,-0.861586,0,0,0,0
-0.188255,-2.269725,0.212011,-3.242130,-0.951308,5.760634,-1.475454,1,1,0,1
0.729311,-1.274573,1.024000,-1.007578,-0.241831,-1.454776,-0.444045,0,0,0,0
0.216327,-0.778746,-0.324955,-1.025802,-0.659435,-0.153292,-0.606572,0,0,0,0
-0.451617,-0.215517,1.194085,-0.831919,0.105078,-0.499504,-1.197373,0,0,0,1
-0.836532,-0.319754,0.881792,-0.775590,0.744286,-0.226903,-1.815068,0,0,1,0
0.088882,-1.492546,1.529088,-1.596399,0.018717,0.630533,-0.756944,1,0,0,0
-1.007817,0.033408,0.415909,-1.835373,2.489043,0.254003,-0.649950,0,0,1,0
-0.694052,-2.453261,1.289337,-1.215519,2.040526,0.715256,-0.398814,0,0,0,0
-0.471864,-3.582716,-0.561442,-0.181666,-0.555023,1.955761,-2.488227,0,1,0,1
-0.468026,-1.069044,0.370514,-1.450625,2.294642,-0.783631,1.429789,0,0,1,0
-1.028545,0.842135,-1.030348,-1.755618,1.672975,0.456512,-1.015621,1,0,0,0
-0.328253,-2.774853,1.020580,-1.828213,1.892175,0.687185,-1.664917,0,0,0,0
-1.197349,-0.582600,-0.292691,-0.417444,2.536201,0.749379,-1.434558,0,0,0,1
-0.168698,-2.315568,0.994057,-0.496539,2.943117,0.056750,-1.199982,0,0,0,0
-1.291449,0.170347,-0.090117,-0.420984,2.392233,-0.892922,-1.727999,0,1,1,0
-1.335268,1.326836,1.315119,-2.926237,0.838558,-0.713969,1.676061,0,0,0,0
-1.976521,3.052313,2.014726,-4.563894,-0.133402,2.145820,-0.968287,1,1,0,1
0.240197,-0.820072,0.348115,0.079563,-0.311354,-1.769789,-0.390465,0,0,0,0
-0.086420,-1.108872,-0.451984,0.856839,0.195857,0.174653,-1.532738,0,0,1,0
-0.187344,-0.406653,0.619126,-1.160498,0.772855,1.852223,-1.133392,0,0,0,0
-0.457158,1.311276,0.147999,-0.494545,0.097429,1.968246,-0.350458,1,0,0,0
-1.468963,-0.312935,1.587078,-1.156023,1.847945,-1.115691,-1.138227,0,0,0,0
-1.052462,0.205023,1.619332,0.383457,0.117572,2.310053,-0.159578,1,1,0,1
-0.268777,0.099157,-0.566590,-0.155745,0.087689,-0.494269,0.744517,0,0,0,0
0.158260,-1.132740,0.184577,-0.487652,-0.350797,2.089848,-0.697129,0,0,0,0
-0.138042,-0.943859,0.446326,-0.332794,-0.211891,-0.375870,0.043989,0,0,0,0
-0.266308,-0.727910,0.560257,0.236429,-0.274304,-0.096634,-0.292578,1,1,0,0
-1.958026,-2.287023,1.654951,1.306463,0.830116,-1.310015,0.420266,0,0,0,0
-0.575450,-3.532677,0.001052,1.882969,-0.939446,1.831663,-1.915680,1,1,0,0
-0.368329,-1.600269,0.840849,0.765215,1.600039,-1.199863,0.630019,0,0,0,0
-0.058213,-1.654037,1.392533,0.097322,0.504001,0.532045,-1.432779,0,0,0,0
-0.677361,-1.836136,0.804923,0.046370,0.389463,-0.761961,-1.933187,0,0,0,0
-0.832282,-2.715100,0.466445,0.255985,1.625398,0.029618,-1.880430,0,1,1,1
0.233733,-2.750363,0.315668,0.185237,0.952162,-1.657979,-1.111808,0,0,0,0
0.041980,-1.008770,0.448107,0.697988,0.266342,1.534474,-0.944617,0,0,0,0
-0.203878,-0.363533,0.568124,-0.339428,0.756052,1.074601,-0.329956,1,0,0,0
-0.743319,-1.220697,1.240159,0.222620,1.942248,-0.773856,-0.545119,0,0,0,1
0.181543,-1.731029,1.749308,-1.867582,0.748610,1.699464,-0.646878,0,0,0,0
-1.373705,0.447173,0.501486,-0.227529,2.368439,-0.645398,-0.707810,0,1,0,0
-0.810901,-2.208316,3.073727,-0.649059,0.502338,1.061569,-1.398645,0,0,0,0
-2.399142,-0.832181,2.064948,-0.931674,2.061213,-0.847545,-1.014376,1,0,1,0
-0.820827,-0.157619,0.807431,-2.289911,2.715579,-0.155614,1.483177,0,0,0,0
-1.699519,0.701200,-0.352718,-1.699012,1.262735,0.053351,-0.696569,0,0,1,0
-0.741930,0.438245,-0.162788,-2.746833,0.149830,-0.104774,-0.507225,0,0,0,0
-1.444951,2.097479,-0.339721,-2.637162,0.808507,-0.333994,-0.977508,1,0,0,0
-0.059325,-1.402592,2.564378,-3.091622,-0.797457,1.748354,-0.259053,0,0,0,0
-1.263486,1.153933,1.590035,-2.688404,0.597475,-0.252118,0.193856,1,1,0,0
-1.626926,1.420091,-0.426857,-2.033081,1.105486,-1.574350,1.258489,0,0,0,0
-1.999246,0.546643,-1.239645,-2.496942,1.989059,0.781869,-1.716390,0,1,1,1
0.181247,-0.886535,-0.224137,-0.035731,-0.178505,-1.520197,-0.521654,0,0,0,0
-0.050278,-0.948757,-0.589960,0.816703,-0.374313,0.376791,-0.617207,0,0,0,0
-0.240905,-0.576487,0.411947,0.413574,0.720351,2.022243,-0.184700,0,0,0,0
-1.110600,0.783217,0.065818,0.494771,1.644899,-0.367183,-0.116400,1,0,0,0
-0.204553,-1.041035,2.791619,-1.965627,0.152191,2.838756,-0.833812,0,0,0,0
-1.398466,0.655203,2.660648,-0.915548,1.416869,1.903131,-1.283737,1,0,1,1
-0.211368,0.253941,0.003088,0.236428,-0.765113,-0.138915,0.988018,0,0,0,0
-0.232219,-0.968260,0.063748,0.169669,-0.528663,0.016341,-0.303173,0,0,0,0
-0.397341,-0.964572,0.696601,0.388916,0.176349,0.538374,-0.338930,0,0,0,0
-0.679126,-1.040895,0.672915,0.894815,0.475541,0.720861,-0.758730,0,0,1,1
-0.702236,-0.156839,-0.045864,1.074191,1.787731,-0.368343,0.738383,0,0,0,0
-1.192455,-1.763108,-0.492197,1.662026,0.810622,0.044707,-2.003015,0,1,1,0
-0.091124,-2.249551,1.104824,0.756418,1.748231,-0.500757,0.669962,0,0,0,0
0.034979,-1.445131,0.579514,-0.641314,0.372730,0.033709,-1.456107,1,1,0,0
-0.388428,-1.196688,0.709936,-0.214805,-0.076343,0.239255,-1.347882,0,0,0,0
-0.060479,-2.172827,1.505287,-1.495841,-0.021906,0.914731,-1.532778,1,0,1,1
0.528150,-1.770941,0.969798,-0.659755,0.071346,-0.655350,-0.177376,0,0,0,0
0.060280,-0.667114,-0.871186,-0.139926,-0.140302,-0.037922,-1.352681,0,0,0,0
0.071630,-0.168352,-0.936846,-2.079487,1.122028,1.229524,-0.469728,0,0,0,0
-1.313942,0.159499,-0.399698,0.103808,1.615188,-1.345569,-2.277016,0,0,0,1
0.513037,-1.219047,1.387019,-3.610920,-1.232611,1.098794,-0.247419,0,0,0,0
0.085833,-0.624557,2.037586,-2.375678,-0.440583,-0.972649,-0.584104,0,1,0,0
-0.006574,-0.197068,0.578195,-0.543650,-1.247102,-0.158304,-0.527145,0,0,1,1
-0.156807,-1.191006,0.993152,0.427341,0.422394,-1.538263,0.094101,1,1,0,0
-0.468117,-0.148355,0.381206,0.173551,0.702972,-1.078534,0.821977,0,0,0,0
-1.232502,0.361199,-0.032793,0.057333,1.777472,-0.532785,-1.167970,1,0,1,1
0.104387,-0.281970,-0.245718,0.175098,-0.281164,-1.632460,-0.677400,0,0,0,0
-0.102916,-0.951081,-0.144614,1.561111,0.084294,0.407752,-1.335964,0,1,0,1
0.174355,-1.504547,2.059316,-0.959701,-0.778922,1.402666,1.671603,0,0,0,0
-0.054900,-1.548604,1.313244,-0.460755,-0.027116,1.663153,-0.931827,1,1,0,0
0.141377,-1.399855,0.503648,0.048254,-0.530898,-1.402077,-0.385288,0,0,1,1
0.560468,-1.083738,0.668234,-0.539001,-0.298955,-1.557842,-0.021560,1,1,0,0
0.421491,-0.575288,-0.119307,-1.262398,-1.233234,-1.236071,0.065589,0,0,0,0
0.555094,-0.140640,-0.327134,-0.622655,-0.785907,0.645189,-0.143126,0,0,1,1
-0.517465,0.692731,-0.517438,-1.010243,0.593579,-0.778523,1.606637,0,0,0,0
-0.975635,1.085798,-0.509293,-1.046025,1.326368,-0.697647,-0.753532,1,1,0,1
0.687952,-1.680749,0.500517,1.082491,-0.326043,-1.102841,0.064676,0,0,0,0
0.360873,-1.379186,0.040467,1.419948,-0.958942,0.397279,-0.572268,1,0,1,1
0.877124,-0.202073,0.594840,0.782476,-1.522794,0.020540,1.379841,0,0,0,0
0.800760,-0.536325,0.862164,0.120156,-1.494119,0.804021,0.239679,0,0,0,0
0.619977,0.244999,0.214896,-0.144705,-1.990433,0.333403,0.327248,0,0,0,0
0.376504,0.126647,-0.004724,0.451186,-1.325827,-0.035179,0.258303,0,0,1,1
-0.228339,0.491404,0.707163,0.513877,-0.524572,-1.069038,1.073281,0,0,0,0
0.317185,-1.074685,0.295521,0.532083,-0.479639,1.926342,-0.604884,1,1,0,1
0.462713,-1.102330,1.083314,-0.204920,-0.211375,0.018470,-0.624749,0,0,0,0
0.317873,-1.446985,1.554939,0.411889,0.202047,-0.053927,-0.244895,1,0,0,0
0.054265,-0.514545,1.608985,-0.121387,-0.236540,-0.113380,-0.602289,0,0,0,0
-0.433700,-0.655612,2.113994,0.096683,-0.357035,0.350669,-0.938783,0,1,0,1
0.318696,-0.518710,2.307204,-1.328557,-0.119219,-0.610824,0.976219,0,0,0,0
-0.146243,-0.978769,2.987417,-1.522413,-1.087193,0.113636,-0.598758,0,1,1,0
-0.268327,0.143439,1.618393,-0.706737,0.688020,-0.609063,0.659973,0,0,0,0
-0.610111,-2.431269,1.124942,2.248106,-0.857064,3.550347,-0.508631,1,0,1,1
0.517620,-0.728865,1.492438,-0.200018,0.478179,0.258111,0.151004,0,0,0,0
0.444663,-1.018223,1.279639,-0.464863,0.065893,0.634319,0.275207,0,0,0,1
-0.069060,-0.278357,0.941520,-1.266661,0.916171,-0.730565,-0.708179,0,0,0,0
-0.933200,-0.316144,2.160641,0.394866,0.456661,0.289509,-1.047615,1,0,1,0
0.025504,-1.640982,1.707042,-0.198996,0.789775,-0.103369,0.863703,0,0,0,0
-0.139820,-1.465183,2.044616,0.403583,-0.137358,0.471863,-0.429573,0,1,0,0
0.136281,-0.270388,0.824824,0.618858,-0.736129,0.950066,-0.149637,0,0,0,0
-0.503764,-0.605779,0.952887,-0.224238,-0.070069,0.018760,-0.888999,1,0,1,1
0.641358,-0.486795,1.748159,0.215347,-0.421956,-1.654621,-0.193678,0,0,0,0
0.125883,-1.047107,2.170118,0.788076,0.208750,0.527493,0.703423,0,1,0,0
0.221990,-0.194063,0.507392,-0.214626,0.173534,2.098549,-0.020259,0,0,0,0
-0.091630,0.036008,0.524147,0.060174,-0.923725,-0.011605,0.024120,0,1,0,1
0.189747,-1.120828,1.321511,-0.028610,-0.098934,-0.789633,1.637628,0,0,0,0
-0.317058,-1.862389,2.690750,0.016455,-0.861641,-0.118219,0.628181,0,1,1,0
-0.321710,0.905565,0.512649,-0.579294,0.033733,-0.935541,1.295795,0,0,0,0
-0.689009,-0.255586,0.699401,-0.957642,1.607544,1.125542,-1.004211,1,0,1,1
0.100449,-0.724499,0.083670,0.530833,0.515764,-1.699361,-0.549073,0,0,0,0
0.116324,-0.837556,0.726559,1.543733,-0.422125,0.433407,-1.178466,1,1,0,1
0.434338,0.128240,0.558275,0.363262,-0.590979,-0.806105,0.772321,0,0,0,0
0.607624,-0.370158,0.658184,-0.054217,-1.354975,1.621208,0.251675,0,0,0,0
0.245532,-0.488262,-0.022581,0.422307,-1.368367,0.543979,-0.114619,0,0,0,0
0.189223,0.339683,0.368430,0.694400,-0.697066,-0.017064,-0.426862,1,1,0,0
0.162126,-2.067635,0.974186,1.402779,-0.609704,0.813908,0.702655,0,0,0,0
-0.266923,-0.367894,0.643788,1.219726,-0.127418,-0.537592,-0.745928,1,0,1,1
0.783700,-1.008532,1.330600,-0.534365,-0.384306,0.014730,-0.527603,0,0,0,0
0.358812,-1.094051,2.168557,0.158839,-0.422605,-0.642576,-0.264912,0,0,0,1
-0.092230,-0.193974,1.228101,-0.702847,-0.339138,0.216090,-0.363677,0,0,0,0
-0.790775,-0.642822,2.351934,-0.166050,0.069719,0.220542,-1.110909,1,0,1,0
0.495968,-0.474842,2.236175,-1.291090,0.178833,-0.098994,0.783913,0,0,0,0
0.102356,-0.547130,1.663336,-0.506101,-0.416739,0.578249,0.054208,0,1,1,0
-0.314507,-0.618783,1.502732,-0.161883,2.061019,-0.056871,0.706173,0,0,0,0
-1.288411,-0.976605,3.181183,-0.501796,0.094240,0.304002,-1.470706,1,1,0,1
0.716794,-0.972081,1.165142,-0.677570,-0.260977,-0.368815,-0.149729,0,0,0,0
0.486622,-0.974742,0.925601,0.204016,-0.057274,1.007030,0.241246,1,0,0,0
0.387746,-2.408034,1.545733,1.736712,-0.552776,0.821983,-0.766626,0,0,0,0
-0.610593,-1.284585,1.724545,-0.356896,0.027582,-0.408561,-0.774791,0,1,0,1
0.591301,-0.462692,2.288968,-1.325762,-0.283379,1.040494,0.944551,0,0,0,0
0.197110,-0.379535,1.242835,-1.081419,-0.914575,1.070595,-0.257364,0,0,1,0
0.430585,-1.062768,0.631571,-1.610921,-0.674682,0.213842,-0.138505,0,0,0,0
-0.084715,0.285502,0.574302,-1.642201,-1.454587,-0.481906,0.062124,1,1,0,1
0.169201,-1.727595,1.362699,-0.048541,0.940648,-1.593595,-1.126534,0,0,0,0
-0.144344,-1.665898,0.384001,0.736640,0.208821,-0.105592,-0.436832,0,0,1,0
0.413171,-0.754461,1.427148,-0.466409,0.507807,0.381171,-0.656643,0,0,0,0
-0.097921,-0.615098,1.870699,0.030359,0.204284,-0.989340,0.163112,1,0,1,0
0.511013,-1.490220,1.555328,-0.002423,0.814432,0.199334,1.348319,0,0,0,0
0.125170,-1.257639,1.531366,-0.004564,-0.240766,2.669126,-0.469419,0,1,1,0
0.117740,0.068517,1.127083,-0.775684,-0.209319,0.023689,1.522787,0,0,0,0
-0.580904,-1.244419,0.743696,-0.089360,1.164351,-0.087385,-1.381816,1,1,0,1
0.459236,-1.094207,0.299014,0.755637,0.666545,-1.313945,-0.105164,0,0,0,0
-0.274476,-0.413421,-0.203063,0.970107,0.076010,-0.686894,-0.793399,1,0,1,1
0.101008,-0.192959,0.198779,1.159718,-0.462438,-1.098092,1.494814,0,0,0,0
0.447551,-0.557931,0.666661,0.090372,-1.077697,1.490810,-0.183243,0,0,0,0
0.320000,-0.590886,0.606786,0.615437,-0.702977,-0.100755,-0.030995,0,0,0,0
0.022208,0.061391,0.207410,0.614003,-0.573755,0.218169,-0.236867,0,0,1,1
-0.463382,0.578466,0.598754,0.441479,0.733849,-0.252603,1.068025,0,0,0,0
-0.439633,0.701639,0.112757,0.593678,0.803062,0.863119,-0.410132,1,1,0,1
0.884915,-0.680367,1.384233,-0.938003,-0.411336,0.885294,-0.249867,0,0,0,0
0.624998,-0.885788,1.254575,-0.406304,-0.366101,-0.030171,-0.360968,1,0,0,0
0.211961,-0.543294,1.662485,-0.691882,0.310001,-0.280768,-0.377271,0,0,0,0
-0.258438,-2.453376,0.844713,2.035332,1.126030,0.303587,0.297104,0,1,0,1
-0.001274,-1.868982,2.075274,0.201398,0.918147,-0.350861,0.707838,0,0,0,0
-0.550885,-1.586989,1.999209,0.896020,1.727207,-0.304914,-0.413424,0,1,1,0
-0.256166,-0.238399,0.635473,0.083783,1.906485,-1.207377,1.055976,0,0,0,0
-1.076695,-1.365602,0.873864,0.655296,2.071353,0.530232,-0.724282,1,0,1,1
0.609445,-1.879428,0.759673,0.548265,1.141064,-0.680713,-0.744455,0,0,0,0
0.314512,-1.993073,0.764547,0.912541,1.592882,0.452780,-0.806325,0,0,0,1
0.518962,-0.923101,1.225765,-0.353352,0.849350,0.343060,-0.401720,0,0,0,0
-0.108057,0.212628,1.792179,-0.427336,-0.019275,0.069222,0.297218,1,0,1,0
0.470780,-0.419527,1.618961,-1.060589,0.280861,0.923584,1.370909,0,0,0,0
0.040760,-1.204862,1.341925,0.496467,-0.369412,0.934477,0.131959,0,0,1,0
0.434009,-0.549773,1.023643,-0.452545,-0.383584,1.631706,-0.533046,0,0,0,0
0.053882,-0.519872,1.381391,-0.460473,-0.248250,0.475820,-0.293773,1,0,1,1
0.708082,-1.313092,1.445885,-0.398773,-0.541040,-1.038081,-0.249773,0,0,0,0
0.386381,-1.617190,1.365239,0.207080,-0.712770,0.756531,-0.665612,0,1,0,0
0.464895,-1.048589,1.119312,-0.439665,-0.692907,-0.273111,-0.075428,0,0,0,0
-0.018814,-0.487016,0.878743,-0.678328,-0.237166,0.519167,-1.059559,1,0,0,1
0.584844,-1.232765,1.468194,0.214786,0.449242,1.449196,1.113769,0,0,0,0
-0.224758,-1.469276,1.791633,1.485955,-0.059800,1.294119,-0.858235,1,0,1,0
0.074431,-1.775744,1.062602,1.101212,0.157037,-0.356107,0.810458,0,0,0,0
-0.248892,-1.887514,0.910021,0.850894,0.216792,0.651732,-0.728016,0,1,1,1
0.882437,-0.626296,1.788626,-0.864381,-0.359024,-0.224494,0.080193,0,0,0,0
0.570501,-0.865230,0.839113,-0.236692,-1.045534,1.066487,0.358122,0,0,0,1
0.281625,-0.272545,1.415846,-0.649381,0.115224,0.437377,-0.222637,0,0,0,0
-0.191794,-0.870314,0.808646,-0.768133,0.673956,1.306727,-1.146382,1,0,1,1
0.273635,0.190586,0.092922,-0.563845,-0.183406,-0.313855,0.968633,0,0,0,0
0.574834,0.360762,-0.040191,-0.257927,-1.721165,0.344580,-0.588805,0,0,0,0
0.467430,0.011226,0.188687,0.226864,-0.889377,-0.229299,0.155383,0,0,0,0
0.329413,0.032170,-0.138274,0.627237,-0.579263,0.254861,-0.217519,0,1,1,1
0.772279,-1.319704,0.706012,-0.564012,-0.579806,-0.688754,-0.253231,0,0,0,0
0.620828,-1.129590,0.721162,0.443355,-0.979553,-0.274699,-0.535627,0,0,0,0
0.617365,-0.324467,1.232375,0.020172,-0.106602,0.346346,-0.213776,0,0,0,0
0.383483,-0.242594,0.848638,-0.492601,0.002993,-0.305879,-0.264413,0,1,1,0
0.701455,-1.111664,1.141337,0.089828,-0.160295,-0.953794,0.932496,0,0,0,0
0.542660,-1.131744,0.690936,0.154982,0.284335,1.443776,-0.583091,1,1,0,0
0.038201,-0.500458,0.231517,1.199592,0.731674,-0.302734,1.311291,0,0,0,0
-0.356716,0.125597,0.503405,-0.726983,1.305595,-0.197237,-0.901696,1,0,1,1
0.981570,-1.822626,0.619219,-0.330521,0.403850,-1.155490,-0.455232,0,0,0,0
0.547388,-0.904205,0.002531,1.266255,-0.742873,0.136416,-0.497658,0,0,0,0
0.371144,-0.163954,1.033397,0.088947,0.604786,0.981688,0.048460,0,0,0,0
0.576726,-1.124830,0.954539,1.087915,-0.922252,1.329048,-0.532157,1,0,1,1
0.303892,0.760017,-0.302184,-0.239354,-0.077461,-0.353538,1.419474,0,0,0,0
0.546104,0.242719,-0.215039,-0.254745,-1.879418,-0.103874,-0.272655,0,1,1,0
0.433893,-0.718059,-0.269322,0.061259,-1.135254,-0.910477,0.326777,0,0,0,0
0.508753,-0.367966,-0.201741,-0.213291,-1.550006,0.097001,0.012789,0,1,0,1
0.727827,-1.445838,1.178020,-1.150591,-0.097137,0.496379,0.797463,0,0,0,0
0.628212,-0.571336,0.772001,-0.557986,-0.618334,1.018361,0.001427,0,0,1,0
0.493635,-1.712933,0.340836,1.115384,-0.455386,0.524250,-0.116021,1,1,0,0
0.120203,-1.329141,-0.292621,1.017284,-0.346406,-1.517469,-0.471394,0,0,1,1
0.597542,-0.527087,0.011672,0.101327,-0.253580,-0.430040,0.379985,0,0,0,0
0.653529,0.182610,-0.065364,0.819427,-1.062113,-0.130869,0.053838,1,1,0,0
0.137075,1.115437,-0.302002,0.237229,-0.963742,-1.053558,0.190324,0,0,0,0
0.100224,0.916222,-0.075946,-0.083769,-0.555775,-0.780123,0.418801,1,0,1,0
-0.131775,0.714446,-0.607364,-0.429798,-0.650958,-0.153597,0.414265,0,0,0,0
0.083748,0.217673,-0.260669,0.292876,-0.769171,0.133867,-0.710900,0,1,0,1
0.199970,-1.355209,0.671070,-0.855999,-0.140925,0.707718,-0.318537,0,0,0,0
-0.167896,-1.136025,0.498682,0.615721,0.096540,0.210175,-0.859455,1,0,1,1
0.156040,0.503390,0.467925,0.183235,1.127081,0.563692,0.888363,0,0,0,0
0.104031,0.624192,-0.120415,0.813032,0.685292,1.019878,-0.140109,0,1,0,0
0.184667,0.178440,0.036910,-0.172876,0.301923,0.402766,-0.600771,0,0,0,0
0.164362,0.442471,0.143564,1.084742,0.652545,-0.389225,-0.746029,0,0,0,0
0.315960,-1.284290,-0.147603,2.544488,-0.668242,0.977576,-1.041955,0,0,0,0
-0.140042,0.153421,-0.325118,0.671271,0.273210,-0.226745,-0.936642,0,1,0,0
0.195369,0.881292,-0.021340,0.813988,0.716921,-0.525793,-0.352537,0,0,0,0
0.014732,1.004108,-0.434072,0.274194,0.559468,-0.098917,-0.565349,1,0,0,0
0.118498,-0.251859,0.304757,0.861889,-0.046692,0.363906,-0.784607,0,0,0,0
0.343592,-0.906378,0.610774,0.312946,-0.269379,0.386947,-0.872034,0,0,1,0
-0.251180,0.925088,0.009818,0.985735,0.829545,-0.178283,-0.351500,0,0,0,0
-0.311745,1.182345,-0.221533,0.763088,1.262066,-0.564724,-0.355145,1,0,0,0
-0.340853,1.265864,-0.181408,0.378995,1.354750,-0.949502,-1.073905,0,0,0,0
-0.479928,1.890300,-0.414017,-0.157857,1.298663,0.441402,-0.700225,0,1,0,0
0.014540,0.429249,-0.277610,0.846333,0.100496,-0.050853,-0.938806,0,0,0,0
-0.178651,1.621450,-0.388304,0.166861,1.015415,0.030514,-0.769008,1,0,1,1
-0.220322,0.381223,0.212363,1.040280,0.733021,-1.302309,1.092685,0,0,0,0
0.446883,-0.508515,-0.453511,2.305880,-0.246087,1.800701,-0.717974,1,0,0,0
0.152462,-0.559955,-0.303981,1.345340,0.388010,-0.535746,-0.904877,0,0,0,0
0.250460,0.367228,0.001814,0.362957,0.412621,0.110872,-0.610377,0,0,0,0
0.065288,0.077442,-0.353294,0.311874,0.453887,0.636752,-0.705908,0,0,0,0
-0.178109,0.245695,-0.413550,0.834674,0.886172,0.732283,-0.822539,0,0,0,1
-0.026345,0.291369,-0.420562,1.156637,0.087382,-0.460074,-0.781771,0,0,0,0
-0.328964,1.111361,-0.254555,0.501356,1.098633,-0.749414,-0.545888,1,0,0,0
0.277311,0.018018,0.415677,-0.301320,0.521671,-0.387108,-0.459842,0,0,0,0
-0.179557,1.087177,0.044128,-0.053402,0.288385,-0.459122,-0.351056,0,1,0,0
-0.200662,1.219202,-0.124488,1.267123,1.020867,0.879848,-0.349709,0,0,0,0
-0.367009,1.133355,-0.095137,1.018926,1.088731,-0.588754,-0.408248,1,0,0,0
-0.027601,0.151300,0.389011,0.573952,0.897045,0.853830,-0.773205,0,0,0,0
-0.247883,1.246885,0.008906,-0.046886,0.259229,0.379968,-1.242270,1,0,0,1
-0.088951,0.008228,0.735333,0.069711,1.254742,-0.955749,0.999415,0,0,0,0
-0.075805,0.158616,0.484655,0.358671,0.402272,0.713684,-0.421666,1,0,1,1
0.580101,-0.864165,1.499024,0.346226,0.122297,0.122405,0.559662,0,0,0,0
0.242742,-0.040745,1.140153,-0.240316,0.014119,-0.452219,-0.962373,0,1,0,0
0.165408,0.402439,0.372440,0.231813,-0.076248,1.146125,-0.760367,0,0,0,0
0.355771,-0.246013,-0.182279,1.830616,-1.045432,1.167192,-0.415679,0,0,1,0
-0.038352,-0.012445,0.197366,0.852473,0.272196,0.363392,-0.533333,0,0,0,0
-0.293102,0.729223,-0.010236,1.185857,1.137660,-0.347538,-0.238546,0,1,0,0
-0.133945,0.965681,0.284635,0.273284,0.176872,0.362643,-0.553638,0,0,0,0
0.006822,0.891051,-0.012532,0.261747,0.151652,0.031203,-0.446666,0,0,0,1
0.089101,0.510260,0.328099,0.356545,-0.297987,-0.251659,-0.560682,0,0,0,0
0.059212,-0.760352,0.751259,0.463306,0.575962,0.625072,-0.781376,0,0,0,1
-0.312661,0.511544,-0.012970,1.272885,1.046133,-0.378485,-0.531685,0,0,0,0
-0.241481,1.188498,-0.235511,0.252076,1.106848,0.772254,-0.421532,0,1,0,0
-0.075350,0.474863,0.624182,0.799700,0.367294,0.297735,-0.799880,0,0,0,0
-0.029179,0.488277,-0.193423,1.095089,-0.066017,-0.220944,-0.501718,0,0,1,0
-0.316514,0.866515,0.490746,0.758431,0.793374,-0.155684,-0.113796,0,0,0,0
-0.614649,0.932230,0.050347,1.125437,1.280683,-0.111105,-0.318364,1,1,0,1
-0.146232,0.177969,0.126110,0.013408,0.447319,-1.186555,0.795692,0,0,0,0
0.210275,-0.885246,-0.833231,1.894066,-0.230971,0.671447,-0.618729,0,0,0,1
0.193507,0.285616,0.490420,1.176729,0.012015,1.212977,0.035419,0,0,0,0
0.134847,-0.058892,0.146576,1.325064,0.395528,0.560981,-0.700125,0,0,1,0
-0.152393,1.209674,0.713611,0.644038,0.589249,-0.923410,0.623818,0,0,0,0
-0.044917,-0.457182,-0.448989,2.923279,0.500474,1.404451,0.217445,1,0,0,0
-0.388502,0.712074,-0.178019,1.012329,0.574245,-1.301487,-0.228173,0,0,0,0
-0.245262,1.435690,0.141940,0.606957,1.103772,0.120933,0.576449,0,0,0,0
-0.389929,1.429213,0.166379,0.656812,0.946835,-0.808050,0.192540,0,0,0,0
-0.546544,1.748857,0.181878,0.786325,1.790512,-0.327201,-0.175000,0,0,0,1
-0.321711,1.456089,0.086165,0.624845,1.005383,0.304174,0.323046,0,0,0,0
-0.486758,2.079405,-0.109696,-0.230969,1.304672,-0.064602,0.416669,1,0,0,0
-0.513375,1.552791,-0.078839,1.069315,1.772942,-0.414043,-0.012785,0,0,0,0
-0.901060,1.638264,0.211324,0.152419,1.549763,-0.220334,-0.283198,0,0,1,0
-0.726321,1.541747,0.389294,0.586575,1.634771,-1.014771,-0.541557,0,0,0,1
-0.203323,1.977502,-0.256467,-0.149018,0.565065,-0.078050,-0.219237,1,1,0,0
0.193837,1.179641,-0.040322,-0.456394,-0.404702,-0.237697,0.964529,0,0,0,0
0.254397,-0.297097,-0.580727,-0.332330,-0.556651,0.933684,-0.331903,0,1,0,0
0.572571,-0.004964,0.029064,-0.621669,-0.030025,0.501514,-0.441579,0,0,0,0
0.070015,-0.696008,0.181059,-0.509836,0.202874,-0.022746,-1.504288,1,0,0,1
0.158047,-1.385469,1.308558,1.431816,-0.330231,-0.899623,-0.022575,0,0,0,0
-0.105610,-1.922625,0.632165,1.944397,-0.627261,0.933969,-0.875062,0,0,0,1
0.116984,1.323033,-0.385018,-1.228199,0.321905,1.246975,-0.189475,0,0,0,0
-0.234963,1.050966,-0.587082,-2.195913,0.692803,-0.149146,0.575157,0,1,1,0
-0.481458,-0.398503,1.123606,-0.929834,2.110405,-0.148736,1.161093,0,0,0,0
-0.685718,-0.161699,-1.159454,-2.001317,2.136771,2.689729,0.939060,0,0,1,0
-0.294821,0.973528,-0.285400,-1.951289,1.306363,0.728716,-0.443152,0,0,0,0
-0.836150,1.281012,-1.171072,-2.501172,1.021118,-0.470799,-1.392137,1,0,0,1
-0.125182,0.001417,1.060422,-2.382464,1.606508,-0.971502,1.519275,0,0,0,0
-0.743203,0.491108,-0.045040,-2.222863,2.199469,0.389980,-1.428491,1,0,0,0
-0.011547,1.252792,-0.026599,-2.962250,0.973554,1.598347,-0.061788,0,0,0,0
-0.453022,1.310500,-0.155791,-3.284343,1.356385,-0.596817,0.560150,0,1,0,1
0.055186,-0.427107,0.337980,-0.888077,1.677889,-0.811523,0.639737,0,0,0,0
-0.760923,-2.275544,1.409409,-0.415736,2.295077,1.023123,0.098946,0,1,0,0
0.288433,-0.216403,0.294450,-2.299097,1.338402,1.959288,-0.521294,0,0,0,0
-0.146829,-0.059361,0.520085,-2.403619,1.833564,-0.598912,0.428300,1,0,1,0
-0.000782,-2.253566,0.683962,0.054206,0.240494,-1.218341,0.504075,0,0,0,0
-0.193544,-3.915380,0.717630,0.665070,-0.387021,0.019794,-0.730776,0,0,1,0
0.496480,-0.155814,0.275230,-1.884320,0.136624,2.382943,-0.473735,0,0,0,0
0.151251,-0.920690,0.224870,-1.615087,-0.183069,-0.328898,0.696579,0,1,0,1
0.679503,-0.611616,0.649061,-1.563453,0.268571,0.029942,1.722134,0,0,0,0
0.478463,-1.593123,0.667273,-1.543728,-0.152501,0.394155,0.698900,0,1,0,0
0.912216,-0.781134,-0.059663,-0.908122,-0.909842,0.664702,-0.205465,0,0,0,0
0.407262,-0.370578,0.470987,-1.685533,-0.967465,0.532737,0.088128,1,0,0,1
1.203489,-1.426069,0.007372,0.089418,-0.311079,0.468786,2.363853,0,0,0,0
1.159195,-1.370505,0.487644,0.765156,-0.905305,-0.035103,0.314204,0,0,0,1
1.030748,-2.263871,-0.134621,1.848354,-0.790656,0.484965,-0.364204,0,0,0,0
0.358113,-2.704451,0.238374,1.589792,-1.199369,3.839075,0.669555,1,1,0,1
0.229240,-1.484232,0.237105,2.466838,-0.786004,-0.663585,1.281865,0,0,0,0
0.684910,-0.837633,-0.506241,1.686276,-0.121115,1.529386,0.410826,0,0,1,1
0.679885,-0.999725,-0.105740,0.991943,-0.259296,-0.205971,-0.112989,1,1,0,0
0.819478,-0.883236,-0.243065,0.837273,-0.526080,-0.679138,0.235703,0,0,1,1
0.819659,-0.483053,-0.295179,1.976346,-0.495608,-0.638562,0.525020,1,1,0,0
0.751063,-1.262292,-0.399965,1.106155,-0.407506,-0.679209,0.349611,0,0,0,1
0.676554,-0.401962,0.057996,2.378802,-0.359124,-0.377939,1.409139,0,0,1,0
0.755346,-2.057637,0.932094,1.414680,-1.837017,4.523395,1.608101,1,1,0,0
0.775667,1.077818,0.112752,-0.275121,-1.807957,1.264817,1.314955,0,0,1,1
0.439759,1.134631,-0.235651,-0.702698,-0.980916,-1.324822,0.526196,1,0,0,0
0.444800,1.118882,-0.339753,-0.844482,-1.543938,-0.277283,1.399060,0,1,0,0
0.056862,1.314134,-0.299843,-0.448292,-0.961839,-0.955763,2.272744,0,0,1,1
0.025396,1.227843,-0.871644,-0.940845,-0.928303,-0.738669,1.160960,1,1,0,0
0.040502,1.765868,-0.600458,-0.844397,-0.294399,-0.903820,1.226888,0,0,0,1
-0.321166,1.538849,-0.598275,-0.071484,-0.359703,-0.497322,1.973299,0,0,1,0
-0.229460,1.974324,-0.139851,-1.220602,-0.839978,-0.917052,1.738493,1,1,0,1
0.797935,-0.010898,-0.325688,-0.168736,-1.787689,-0.902313,1.213142,0,0,0,0
0.898249,-0.007276,-0.371295,-0.095552,-1.973467,0.216879,0.974750,1,0,0,0
0.557497,0.703715,-0.131477,-0.813554,-1.308640,0.009456,1.992525,0,1,0,0
0.430207,0.497593,-0.429352,-0.379206,-1.190224,-0.851170,1.565681,0,0,1,1
0.154019,0.785475,0.051564,0.273642,-0.533563,-0.565622,-0.122497,1,1,0,0
0.462825,0.409454,-0.111348,0.627743,-0.525449,-0.143983,-0.237787,0,0,1,0
0.749472,-0.144750,-0.187353,1.196801,-0.044443,-0.377249,1.156814,0,1,0,0
0.581707,0.290844,-0.248760,0.601431,0.071405,0.529321,1.427836,1,0,1,1
0.656935,0.300771,-0.039208,0.037301,-0.963115,0.048132,2.568280,0,0,0,0
-0.127618,-0.564707,0.369162,1.033916,0.389601,-0.309160,1.261931,1,1,0,1
0.829937,0.365403,-0.341865,0.018019,-0.073602,1.217957,1.610065,0,0,0,0
0.100196,0.363079,0.339210,-0.044544,-1.116021,0.279691,1.234313,0,0,0,0
-0.316792,0.598219,-0.655366,-0.305062,0.764783,0.215272,-0.336562,0,0,0,0
-0.799704,0.889902,0.542611,-0.452266,-0.593247,-0.096461,0.034484,1,1,0,1
1.114430,-1.144939,0.196107,-1.330831,-0.444524,0.612062,1.470487,0,0,0,0
1.007505,-1.295149,-0.164296,-0.792221,-1.133582,0.291861,0.263035,0,0,1,0
1.124029,-0.633274,-0.312482,-0.745424,-1.255567,1.013518,0.704738,0,0,0,0
0.659067,-0.389158,-0.186884,-0.433235,-1.503800,0.096001,0.753740,0,1,0,1
0.398830,0.137703,0.139685,-0.195478,-0.138339,-0.157637,1.035612,0,0,0,0
0.069901,-0.620038,0.043503,0.537769,0.502507,0.954388,-0.846211,1,0,1,1
0.771845,-0.999511,0.086660,0.297605,0.220334,-0.409325,0.435877,0,0,0,0
0.729209,-0.089696,-0.327600,0.431697,-0.981313,0.652161,-0.156870,0,1,0,0
0.542799,-1.870365,-0.062217,1.645615,-0.925290,2.908697,-0.102136,0,0,0,0
0.550823,-1.561655,0.013829,1.134328,-0.904507,0.873558,-0.372586,0,0,1,1
0.573578,0.697930,-0.120050,-0.336046,-1.024315,-0.469447,1.754999,0,0,0,0
0.667660,0.426266,-0.675382,-0.158332,-0.959941,0.956459,0.051682,1,1,0,0
0.388844,1.219351,-0.460890,-0.403842,-0.503973,-1.164670,1.736124,0,0,0,0
0.434784,0.664015,-0.684435,-0.418772,-1.322843,0.930688,0.209962,1,0,1,1
0.746633,-0.038919,-0.804667,1.272472,-0.789556,-0.708383,0.199984,0,0,0,0
0.673584,-0.069810,-0.661484,1.393138,-0.354465,-0.309587,0.000112,0,0,1,0
0.722867,0.079666,-0.860624,0.792759,-0.583954,-0.616531,-0.164945,0,0,0,0
0.297157,-0.277896,-0.343152,1.050627,-0.336426,0.642794,-0.485061,0,1,0,1
0.240321,0.928252,-0.310037,-0.168235,-0.126333,0.492798,1.642338,0,0,0,0
0.722576,0.776679,-0.638817,-0.396705,-1.414188,1.091678,0.313258,1,0,1,0
0.401006,-0.157179,-0.735062,-0.247942,-0.339447,1.240962,0.299933,0,0,0,0
0.276439,0.315450,-1.323446,-0.517341,-1.104687,0.360151,1.047545,0,0,1,1
0.762642,0.502038,-0.128381,-0.198785,-1.318646,-0.436548,0.061038,0,0,0,0
0.861956,-0.484777,-0.261504,0.607091,-0.794962,1.375114,0.148390,0,1,0,0
0.675370,-0.782328,-0.540679,1.277659,-0.523518,1.613530,-0.224777,0,0,0,0
0.383546,-0.738674,-0.560154,1.287341,-0.873254,1.527029,-0.114347,1,0,1,0
0.223716,0.307871,0.018779,-0.220450,0.178765,-1.062835,1.941756,0,0,0,0
0.408795,0.500645,-0.109216,0.078143,-1.502324,1.051886,-0.154593,0,1,0,1
0.264413,0.619426,-0.000732,-0.175762,-0.481438,-0.787214,1.651563,0,0,0,0
0.193723,0.810152,-0.325851,-0.620746,-0.254511,0.769729,0.245285,1,1,1,0
0.398618,0.171673,-0.766437,-0.347209,-0.677892,-1.647638,0.123262,0,0,0,0
0.474781,0.103818,-0.419148,0.712154,-0.331524,0.320346,0.603794,1,0,1,1
0.348421,0.376015,-0.451853,0.303297,-0.554837,-0.213869,1.468768,0,0,0,0
0.453746,-0.255124,-0.566124,-0.028253,-1.731584,0.553120,0.398343,0,1,0,0
0.663075,-0.226332,-0.034310,-0.548860,-1.444292,0.327948,0.392618,0,0,0,0
0.408650,0.246169,-0.154874,-0.126210,-1.239114,-0.165142,0.463580,1,0,1,0
-0.204502,0.072818,-0.417192,0.335122,0.601818,-0.610992,0.565199,0,0,0,0
0.755820,-1.375500,-0.166014,1.207179,-1.522892,1.631094,-0.124007,1,1,0,1
0.584663,-0.189213,-0.349607,0.384741,0.432885,-1.049773,0.022184,0,0,0,0
0.645060,-0.144099,-0.208199,0.885352,-0.056263,0.120287,0.045576,0,0,1,0
0.466779,0.344227,-0.616974,0.830056,0.563554,-0.167775,0.266055,0,0,0,0
0.292770,-0.276417,-0.268058,0.274411,-0.196012,1.032795,-0.363055,1,1,0,0
0.371873,0.540481,-0.166873,0.363266,-0.553281,0.088938,1.698359,0,0,0,0
0.566764,0.913165,-0.733595,-0.475985,-1.042825,0.924481,0.526036,0,0,1,1
0.271803,1.268509,-0.515652,-0.448745,-0.809479,-1.335869,1.816976,0,0,0,0
0.409725,0.907590,-0.716403,-0.337709,-0.700528,-0.031893,0.198553,1,0,1,1
0.639203,-0.062298,-0.179986,1.028431,-0.017540,-0.442668,0.043431,0,0,0,0
0.697898,-0.137363,-0.868271,1.479094,-0.218914,0.040303,0.048896,0,1,0,0
0.396161,0.130410,-0.327534,1.788707,-0.497029,-0.003653,0.034434,0,0,0,0
0.364229,-0.100290,-0.132256,1.897487,0.168257,0.827124,-0.281098,1,0,0,1
0.656824,-0.220957,0.269118,-0.219527,0.647238,0.482390,1.409405,0,0,0,0
0.432686,0.299296,-0.374893,-0.127395,-1.224788,0.146737,0.600543,0,1,1,0
0.276865,0.623596,-0.929096,-0.473737,-0.824018,-0.762568,1.658346,0,0,0,0
0.276565,0.623728,-0.954561,-0.594938,-0.732788,-0.247571,0.199987,1,1,0,0
0.451649,-0.378064,0.001883,0.746636,0.456180,-0.259941,0.045923,0,0,0,0
0.878563,-0.004284,-0.425213,0.618203,-1.083941,1.684726,0.020761,1,0,1,1
0.728834,-0.787139,-0.166798,0.640590,0.061695,-0.707985,0.038618,0,0,0,0
0.914034,-0.867672,-0.799080,0.622887,-1.357550,-0.196263,0.014215,1,0,0,1
0.550337,1.270717,-0.508472,0.005282,-0.783134,-0.651058,1.482188,0,0,0,0
0.502011,0.932495,-0.642879,-0.481676,-1.157710,0.626377,0.719518,0,1,1,0
0.239196,0.663944,-0.898820,-0.713594,-0.313974,0.656270,1.888597,0,0,0,0
0.126413,0.170499,-0.392082,0.036067,0.081105,0.603635,0.307750,1,0,1,1
0.624994,0.701036,-0.196732,0.242260,-1.274329,-1.196861,0.595012,0,0,0,0
0.441023,-0.027175,-0.257895,0.296464,-0.737657,0.483882,0.397280,1,1,0,1
0.480458,0.394842,-0.527243,0.225672,-1.206177,-0.560911,1.342460,0,0,0,0
0.621117,0.376507,-0.255411,-0.499473,-0.898937,-1.073644,0.427074,0,0,1,0
0.711294,0.135169,-0.229371,-0.415869,-0.873990,0.746268,0.311063,0,0,0,0
0.418423,0.293780,-0.358580,-0.596987,-0.846950,-0.532143,0.626083,0,1,0,1
0.194746,0.879771,-0.228693,-0.063786,0.058789,-0.795425,1.068946,0,0,0,0
0.393738,-0.861526,-0.246717,0.448687,-0.430331,0.067476,-0.513168,1,0,1,1
0.594983,0.508562,-0.614216,-0.088675,-1.063862,-0.258373,0.614550,0,0,0,0
0.468052,-0.085785,-0.600891,0.816019,-0.715414,0.921135,0.531886,0,1,0,0
0.280627,0.310778,-0.582154,0.352079,-0.727935,-0.227760,-0.144081,0,0,0,0
0.795329,-1.471231,-0.087731,1.086490,-1.286123,1.408744,-0.507770,0,0,1,1
0.444373,1.300252,-0.647365,-0.370737,-0.221951,0.390332,1.638844,0,0,0,0
0.415042,0.797136,-0.544768,-0.185777,-0.864315,0.684962,0.367142,1,1,0,0
0.274370,0.964952,-0.157895,-0.013512,-0.597117,-1.475727,1.071054,0,0,0,0
0.386990,0.904906,0.197579,0.308868,0.022803,0.618030,0.397974,1,0,1,1
0.647228,-0.018056,-0.311669,-0.302859,-0.867065,-0.592282,0.491884,0,0,0,0
0.654148,-0.277485,-0.663839,-0.039095,-0.873133,0.351921,0.680299,0,0,1,0
0.437712,0.309098,-0.291108,0.622954,-0.525755,1.202421,0.158520,0,0,0,0
0.453302,0.145621,0.377242,0.019350,0.072701,1.098041,0.376661,0,1,0,1
0.456814,0.674033,-0.875647,-0.300795,-0.331696,-0.691044,1.746919,0,0,0,0
0.665480,-0.041537,-0.347919,-0.875358,-0.564444,0.446382,0.535535,1,0,1,0
0.587632,-0.310993,-1.117782,-0.678188,-0.766635,0.322716,0.272452,0,0,0,0
0.588439,0.573065,-0.689582,-0.834696,-1.721168,0.736666,0.086742,0,0,1,1
0.281174,-0.347459,-0.273783,0.882556,-0.001327,-1.595821,-0.166469,0,0,0,0
0.634453,-0.294328,-0.392317,1.389566,-0.475214,0.157237,0.159324,0,1,0,0
0.593007,-0.306678,-0.481484,1.124788,-0.148348,0.819068,-0.111882,0,0,0,0
0.421997,0.398409,-0.180714,0.830494,-0.153496,0.893684,0.531725,1,0,1,0
0.355707,0.438317,-0.009834,0.206639,-0.409415,0.015877,1.373456,0,0,0,0
0.371756,0.145753,-0.524741,-0.043148,-1.062927,0.531524,0.107674,0,1,0,1
0.248948,0.516211,-0.586143,-0.735050,-0.756193,-0.616968,1.809555,0,0,0,0
0.463144,0.387445,-0.510701,-0.383146,-1.035566,0.149061,0.418918,1,1,1,0
0.525097,0.138127,-0.216876,0.362568,-1.202722,-0.736086,0.530091,0,0,0,0
0.826753,0.090690,0.035642,0.269275,-0.730945,0.957177,0.289683,1,0,0,0
0.560962,-0.075544,-0.491853,0.564161,-0.199975,0.012849,-0.007347,0,0,0,0
0.324508,-0.229743,-0.396096,0.341867,-0.211013,0.056351,0.377648,1,1,0,1
0.202235,0.141859,-1.133740,-0.016186,0.494487,-0.182612,1.613715,0,0,0,0
0.520732,-0.040106,-0.280057,0.579511,-0.485542,-0.185340,0.121674,0,0,1,0
0.780769,-0.159320,-0.664244,0.780758,-0.252630,0.737370,0.006171,0,0,0,0
0.735367,-0.084079,-0.778706,0.811049,-0.135185,-0.284006,0.117102,0,1,0,1
0.722387,-0.279913,-0.910367,0.632657,-0.440517,-1.156819,0.053954,0,0,0,0
0.705628,-0.171101,-0.974123,0.995569,-0.425913,0.875364,-0.013934,0,0,1,0
0.528358,-0.051561,-0.818374,1.117785,0.189054,0.243234,0.410612,0,0,0,0
0.547556,0.393596,-0.800267,0.831349,-0.435066,0.079203,0.028403,0,1,0,1
0.335517,0.292922,-0.936298,0.712149,0.096791,-1.403409,1.414946,0,0,0,0
0.376761,-0.006974,-0.901272,0.271176,-0.729246,0.065384,-0.241621,0,1,1,0
-0.157592,-0.067920,-0.112710,0.569168,0.967435,-0.857527,0.657114,0,0,0,0
0.085254,-0.695142,-0.110211,0.841964,-0.482832,1.594325,-0.394298,1,0,1,1
0.600038,-0.128382,-0.639913,-0.014183,-1.363861,-1.401884,0.089776,0,0,0,0
0.802614,0.547771,-0.875094,-0.408231,-1.611779,0.736392,0.334057,1,1,0,1
0.715103,0.559589,-0.300895,-0.972690,-1.086552,-0.457005,1.613320,0,0,0,0
0.742781,0.187747,-0.840511,-0.537241,-1.283259,0.225572,0.039978,0,0,0,0
0.761486,0.145695,-0.973461,-0.165061,-1.252385,0.797687,0.573473,0,0,0,0
0.645990,-0.389142,-0.649183,-0.057365,-0.988459,0.030607,0.957604,1,1,0,0
0.557681,-0.102447,-1.109924,-0.643761,-1.253860,-1.341300,0.861475,0,0,1,1
0.498818,-0.166515,-0.372471,-0.747681,-1.021519,-1.037392,1.045403,1,1,0,0
0.565437,0.158866,0.510711,0.815306,-0.570298,-0.021167,-0.206386,0,0,1,1
0.670299,0.173888,-0.424933,0.944613,-0.253929,-1.003178,-0.066488,0,1,0,0
0.717286,0.072605,-0.534752,1.118156,-0.548759,-0.297879,1.357168,0,0,1,0
-0.198518,0.661711,-0.203542,0.905373,1.573990,-0.410281,1.191386,1,0,0,1
0.792947,0.079741,-0.273314,-0.394825,-1.172424,-0.236481,0.592708,0,1,0,0
0.511559,0.733233,-0.759664,-0.278013,-1.005644,-0.733178,0.978016,0,0,1,0
0.100028,1.147141,-1.076222,-0.644330,-0.326502,-1.058920,1.119222,0,1,0,0
-0.352821,1.711296,-0.644333,-0.115847,0.390744,-0.600050,2.123396,1,0,0,1
-0.460999,1.233094,-0.280939,0.093667,-0.238203,-0.635233,0.479566,0,0,1,0
0.013246,1.164422,-0.771159,0.121455,-0.755730,-0.762713,0.140987,1,1,0,1
0.521643,-0.430396,-0.830459,1.288647,-0.298103,1.006386,1.492946,0,0,0,0
0.658785,-0.547594,-0.639825,0.631553,-0.152024,-0.560421,0.443468,0,0,1,0
0.505337,-0.460084,-0.220470,0.940806,-0.103746,0.137955,0.284839,0,0,0,0
0.453097,-0.468061,-0.511567,0.709413,0.099400,-0.375190,-0.254632,0,1,0,1
0.324051,0.552639,-0.226632,0.483169,-0.168146,-1.119168,1.199712,0,0,0,0
0.018561,-0.252150,-0.592182,0.504567,0.895528,0.245202,-0.540068,1,0,1,1
1.049521,0.080179,-0.019992,-0.437892,-1.353152,-0.683352,0.537750,0,0,0,0
0.779652,-0.513044,0.003802,-0.130450,-1.446829,0.051141,0.303357,0,1,0,0
0.343963,-0.130884,-0.478161,-0.012178,-0.179572,-0.289846,-0.195949,0,0,0,0
0.153484,0.160410,-0.534174,0.543546,0.391091,1.160017,-0.054180,0,0,1,1
0.194082,0.423253,-0.233722,1.136765,0.058659,-0.170199,1.582980,0,0,0,0
0.390301,0.657875,-0.893071,0.643387,-1.147393,1.172894,0.456478,1,1,0,0
-0.078919,0.532204,-0.733958,1.076419,-0.069578,-0.947696,1.160990,0,0,0,0
-0.100625,1.240686,-1.094829,0.708373,0.461860,0.031041,-0.491599,1,0,1,1
0.663512,-0.224053,-0.045610,-0.496493,-0.405805,-1.200102,0.869201,0,0,0,0
0.642516,0.606969,-0.685900,-0.184705,-1.187138,-0.340978,0.729757,0,0,1,0
0.388496,0.691786,-0.264846,-0.408275,-0.418360,2.700895,0.560331,0,0,0,0
0.041657,1.083685,-0.107206,0.034933,-0.387035,0.342688,0.689738,0,1,0,1
0.326539,0.221491,0.088516,-1.255883,-0.325676,1.248529,1.450850,0,0,0,0
0.198853,0.924689,-0.552967,-0.350624,-0.726302,0.142261,-0.035161,1,0,1,0
0.320185,0.576072,-0.623596,-0.586839,-0.775938,0.669325,1.347518,0,0,0,0
0.122822,0.815417,-1.071933,-0.158217,-0.705149,-0.433909,0.706316,0,0,1,1
0.477759,0.235803,-0.571859,-0.220695,-0.923357,-0.538452,0.542016,0,0,0,0
0.453357,-0.256104,-0.755062,0.881509,-0.402407,0.220597,-0.247371,0,1,0,0
0.565776,0.238965,-0.430060,0.665447,-1.055928,0.929878,0.300008,0,0,0,0
0.233991,0.570247,-0.739432,0.700724,-0.276811,-0.343331,-0.337910,1,0,1,0
0.358166,0.617854,-0.356082,-1.605710,0.164460,0.469956,2.056614,0,0,0,0
-0.086293,0.567290,-0.627188,0.388756,0.372507,1.181660,-0.663264,0,1,0,1
0.538778,-1.246975,0.005753,1.648268,-0.958526,0.016910,1.758032,0,0,0,0
0.068010,0.703416,-0.406199,0.502057,-0.254423,-0.364119,0.226807,1,1,1,0
0.550071,-0.185238,0.014310,0.410745,-0.101583,-1.518666,0.045823,0,0,0,0
0.449580,0.556424,-0.534300,0.485060,-0.333504,0.115448,0.505230,1,0,1,1
0.160445,0.498442,-0.635226,0.069117,-0.179539,-1.035264,1.145867,0,0,0,0
0.375724,-0.385978,-0.159284,0.037456,-0.935129,1.745592,0.821176,0,1,0,0
0.364092,0.120815,-0.203038,0.297815,-1.008554,-0.820429,1.197958,0,0,0,0
0.371555,-0.050069,-0.577273,-0.289207,-0.984959,0.171309,0.613986,1,0,1,0
0.147777,0.748206,-0.513225,-0.517706,0.181726,-0.887137,1.270531,0,0,0,0
0.139375,0.415019,-0.626689,-0.201988,0.009532,0.281994,-0.598628,1,1,0,1
0.417483,-0.348511,-0.293975,0.491722,-0.373246,-1.412954,-0.073052,0,0,0,0
0.518436,0.263037,-0.437700,0.577699,-0.729350,-0.447665,0.105072,0,0,1,0
0.327096,0.751464,-0.496995,0.719196,0.004798,0.409460,0.351493,0,0,0,0
0.544138,0.008438,-0.567979,1.658059,-1.090520,0.523092,-0.001348,1,1,0,0
0.254855,0.124063,-0.595564,1.535751,-0.031760,-0.531208,1.385205,0,0,0,0
0.247321,0.404483,-0.977133,1.325600,0.289053,0.234541,-0.148007,0,0,1,1
0.056527,0.589361,-0.293982,2.060256,0.357157,-1.220665,1.216125,0,0,0,0
-0.024222,0.923057,-0.568945,0.534150,0.338741,0.023146,0.076646,1,0,1,1
0.797653,-0.404428,0.565355,-0.129974,-0.616891,-1.027279,0.360218,0,0,0,0
0.593963,0.200114,-0.301521,0.631817,-1.011336,0.218086,0.476566,0,1,0,0
0.446110,0.703416,-0.038376,0.071050,-0.792061,1.247556,0.023013,0,0,0,0
0.677050,-0.695730,0.082680,1.104696,-1.947633,1.807458,-0.167992,1,0,0,1
0.316450,0.205063,0.205711,0.345662,0.540639,-0.102952,1.983047,0,0,0,0
0.256910,0.522842,-0.821061,0.566534,-0.226330,-0.224104,0.023922,0,1,1,0
0.098787,0.835755,-0.499419,0.477437,-0.140159,-0.669311,1.798636,0,0,0,0
0.183680,0.570290,-0.197254,1.110448,-0.345706,1.097462,0.610089,1,1,0,0
0.676182,-0.643187,0.310247,0.608979,-0.116537,-1.478229,0.292617,0,0,0,0
0.786096,-0.546824,-0.074414,0.706996,-0.760773,1.363343,-0.218772,0,0,1,1
-0.039648,0.466202,-0.280767,1.007605,0.858572,-1.132522,1.328516,0,0,0,0
0.515054,-0.883501,0.012846,0.400729,-0.756984,1.365844,-0.469483,1,1,0,1
0.711391,0.358606,-0.347361,0.853430,-0.078536,-1.541102,0.456655,0,0,1,0
0.478427,0.247766,-1.188377,0.044612,-0.322183,0.015659,0.613365,1,1,0,0
0.087734,0.548219,-0.355127,1.297342,0.277658,-0.521258,1.717592,0,0,0,1
0.140325,0.300379,-0.743730,1.112115,-0.239875,-0.434767,1.414470,1,1,1,0
0.671934,-1.865911,0.690977,1.332423,-1.042810,-1.455415,-0.173822,0,0,0,0
0.629153,-1.621824,-0.129153,1.216980,-1.315130,0.377370,-0.316926,1,1,0,1
0.486292,0.140115,0.057111,0.788517,-0.281513,0.414428,1.777789,0,0,0,0
0.604740,-0.719844,0.347923,0.883279,-0.191090,0.185542,-0.157330,0,0,1,0
0.528236,-0.594754,0.340279,1.662952,-0.173697,0.229816,0.033788,0,0,0,0
0.365708,-0.259167,0.086553,1.117423,-0.318994,0.650851,-0.387995,0,1,0,1
0.128438,0.176715,0.025706,0.603168,0.004370,-1.427382,1.223339,0,0,0,0
0.309411,0.533199,-0.399543,1.161801,0.365485,0.042645,-0.201895,1,0,1,1
0.778827,-1.010252,0.511871,0.313482,0.026777,-0.533907,-0.051926,0,0,0,0
0.941499,-2.454471,0.581695,0.946683,-0.340144,1.181862,-0.445293,0,1,1,0
0.467028,-0.420979,0.273423,1.524589,-0.733346,-0.009475,1.359467,0,0,0,0
0.348343,-0.133304,0.487826,0.955270,1.039469,-0.347210,0.063797,1,1,0,1
0.898637,-0.812639,0.582569,-0.874183,0.018245,0.648667,0.391696,0,0,0,0
0.783232,-0.424199,0.721669,-0.680160,-0.894340,0.645870,0.371283,1,0,1,0
0.362022,-0.174256,0.351236,-1.178443,0.205204,-0.945423,1.720718,0,1,0,0
0.082988,0.872857,-0.031506,-1.200479,0.562143,0.023897,1.717720,1,0,1,1
0.383105,0.003626,0.026216,-0.732323,-0.353980,-0.808367,-0.227096,0,0,0,0
0.197931,0.031366,-0.277442,0.770502,-0.254364,1.623510,-0.925176,0,1,1,1
0.248085,0.032189,-0.415207,0.996996,0.078582,-0.968012,1.370385,0,0,0,0
0.555684,-0.521644,0.635113,0.673721,0.567651,0.696118,-0.176409,0,1,0,0
0.568212,0.026359,0.175181,0.045293,-0.198517,0.476529,0.017489,0,0,0,0
0.218863,-0.069182,0.145560,1.080567,0.318392,-0.150293,-0.030916,1,0,1,0
-0.023981,0.699683,-0.054312,0.573581,1.052121,-0.908364,1.428286,0,0,0,0
-0.084085,0.783805,-0.214248,0.360189,0.572165,0.479934,-0.092704,1,1,0,1
0.650719,-1.222499,0.390040,0.315713,0.477000,-1.641206,-0.482831,0,0,0,0
0.846626,-1.091322,0.021664,0.012229,-0.770029,0.189389,-0.163607,0,1,1,0
0.049278,-0.415286,0.360371,0.497159,1.220097,-1.322655,0.769530,0,0,0,0
0.419173,0.651814,-0.120290,-0.860209,0.012961,1.832625,0.582314,1,0,1,1
1.136569,-1.096595,0.644326,0.037397,0.716780,-0.585260,0.200333,0,0,0,0
0.991801,-1.089915,-0.209840,0.066275,0.210378,0.745857,0.113162,0,1,0,1
0.635062,-0.723304,0.011317,0.444462,0.680311,-0.381035,1.323158,0,0,1,0
0.600729,-0.564314,-0.175538,-0.539349,0.464162,0.383751,0.924141,1,1,0,1
0.228922,-0.219118,0.046820,0.840545,-0.167649,-1.778456,-0.119454,0,0,0,0
0.338638,0.187787,-0.041816,0.924914,-0.582082,0.619660,0.098793,1,1,1,0
0.238795,0.350109,-0.659624,0.015673,0.148181,0.814428,1.538810,0,0,0,0
0.568033,-0.729191,-0.733814,-0.416214,-1.065351,0.663315,0.120358,0,0,0,0
0.625926,-0.546321,-0.142635,-0.607219,-0.588522,0.660197,0.708906,0,0,0,0
0.320428,-0.136506,-0.649911,-0.014374,-0.401648,-0.141598,0.441129,0,0,1,1
0.515647,-0.149585,-0.697581,0.142343,-0.760098,-1.164679,0.202069,1,1,0,0
0.534636,-0.117801,-0.717317,0.218368,-0.988554,-0.868298,0.083293,0,0,1,1
0.377404,-0.284722,-0.673334,0.056729,-0.912014,-0.829231,-0.227282,1,1,0,0
0.523801,-0.406003,-0.521043,0.083281,-1.192966,-1.054179,0.405309,0,0,0,1
0.358921,0.632601,-0.372668,0.469028,-0.433597,-0.220189,1.475689,0,0,1,0
0.280382,1.012216,-0.019243,0.439061,0.308758,0.138584,1.435093,1,1,0,0
-0.570230,1.280541,-0.640566,0.746875,1.704544,-0.964544,0.131906,0,0,1,1
0.122066,0.687268,-0.490499,1.057843,0.546422,-0.759138,0.172181,1,0,0,0
0.184883,0.046908,-0.642197,1.512117,0.271401,0.619685,1.392183,0,1,0,0
-0.054264,-0.148914,-0.310710,0.365285,-0.069114,-1.161479,1.460977,0,0,1,1
0.151664,1.804048,-0.870913,-0.130248,-0.749940,-0.637294,0.476437,1,1,0,0
-0.375665,1.726058,-1.028109,-0.744330,0.245040,-1.485277,1.067652,0,0,0,1
-0.378016,2.335062,-0.966524,-0.264812,0.400086,0.095734,1.254040,0,0,1,0
-0.242067,2.527209,-0.655606,-0.600225,0.495202,-0.525410,0.937866,1,1,0,1
0.782429,-0.759027,0.243232,-0.775141,-0.313614,-0.739655,0.609727,0,0,0,0
0.956896,-0.859394,-0.148706,-0.342024,-0.968904,0.033220,0.256328,0,0,0,0
1.282192,-0.725642,0.518319,-1.774392,-0.950750,1.567909,0.552906,0,0,0,0
0.315238,-1.151245,1.040531,0.146540,0.998613,0.526724,-0.281708,0,0,1,0
0.681950,0.008369,-0.070491,-1.555072,0.178650,0.263677,0.221600,0,0,0,0
0.036240,1.219802,-1.387487,-1.072453,-0.416491,0.326959,1.106088,0,0,0,0
0.131634,1.118504,-1.072109,-0.732217,-0.542695,0.901049,0.337743,0,0,0,0
0.401527,0.805830,-0.186568,-1.152087,-0.399617,1.813457,0.281456,0,1,0,1
0.983444,-0.106340,0.553013,-0.582794,-0.936736,-0.648810,0.919446,0,0,0,0
0.486857,-0.886931,0.614078,-0.764733,-0.971233,0.946368,1.065787,1,1,0,0
0.588026,-0.393661,1.042941,-2.033423,-1.501848,0.733425,1.534476,0,0,0,0
0.061692,-1.092132,0.657610,-2.302972,-1.050428,0.954908,1.045622,1,0,1,1
1.244078,-0.990508,0.482372,-2.024920,-1.630841,0.025837,1.258080,0,0,0,0
0.925089,-1.075067,0.903619,-1.774798,-1.561177,0.553070,1.049263,1,1,0,1
1.041449,-0.722276,0.670465,-1.830677,-0.493120,0.464214,1.045495,0,0,0,0
0.932338,-1.331799,0.971148,-1.165527,-0.889764,-0.007811,0.365417,0,0,1,0
0.914797,-0.595116,0.900142,-1.488710,-0.969357,0.504475,0.547201,0,0,0,0
0.610530,-0.481314,0.192343,-0.774439,-0.890737,-0.580111,-0.328017,1,1,0,0
0.242413,-0.117767,0.006959,-1.130102,-0.552289,-0.753695,1.964129,0,0,0,0
-0.080415,-0.310619,-0.775312,-0.357564,-0.921907,-0.192885,1.668002,1,0,1,0
0.479402,0.096059,-0.332075,-0.323497,-1.294278,-0.356117,0.255845,0,0,0,0
0.655617,0.246476,-0.754669,0.556760,-0.806089,0.402276,-0.032643,0,1,0,0
0.572957,0.418205,-0.641035,-0.012075,-0.472116,0.587940,-0.257321,0,0,0,0
0.281100,0.001828,0.176936,0.118287,0.132914,-0.150100,-0.333823,0,0,1,1
0.478774,0.380454,-0.384237,-0.455857,-0.536162,1.310312,0.818093,0,0,0,0
0.337112,0.471122,-0.648387,0.019530,-0.462061,0.377745,-0.479833,1,1,0,0
0.059904,0.966994,-1.142164,-0.430086,-0.036636,-1.110725,1.211953,0,0,0,0
0.148986,1.213093,-0.951556,-0.139645,0.147225,0.694177,-0.432581,1,0,0,1
0.509040,-0.169411,-0.386423,0.268355,-0.407578,-0.861984,-0.360484,0,0,0,0
0.742281,-1.933744,-0.097229,1.949426,-1.921896,0.596304,-0.646500,0,0,0,1
0.672507,-1.635889,0.069225,1.590456,-1.424272,0.932332,-0.482365,0,0,0,0
0.534371,-1.577556,0.259333,1.357885,-1.452268,0.132843,-0.167127,1,0,1,0
0.308919,0.565228,-0.289157,-0.219724,-0.451149,-0.198623,1.310655,0,0,0,0
0.044323,1.050094,-0.808224,-0.202276,-0.580030,-0.124067,0.227209,0,1,0,0
0.221692,1.238619,-0.980277,-0.121144,-0.572100,0.107768,0.169281,0,0,0,0
-0.028434,0.890040,-1.019356,-0.146274,-0.183593,0.018574,0.139102,0,0,1,1
0.329710,-0.096721,-0.670589,-0.141177,-1.076709,-1.058493,0.623347,0,0,0,0
0.554186,0.499646,-0.651732,0.230644,-1.035893,2.174670,-0.230166,0,0,1,0
0.436803,0.827302,-0.728687,0.291216,-0.493698,-0.100521,0.147927,0,0,0,0
0.218174,0.776414,-0.338558,0.429848,-0.250619,-0.485582,0.192311,1,1,0,0
0.555756,0.212001,0.146637,-1.029525,0.139009,0.871701,1.313502,0,0,0,0
0.329456,0.535320,-0.647295,0.371815,-0.821610,1.108097,-0.303800,0,0,1,1
-0.013978,0.802012,-0.347269,0.317379,-0.112820,-0.524599,1.849669,0,0,0,0
-0.042168,0.688202,-0.843158,-0.080498,-0.614248,0.711230,-0.077242,1,0,1,0
0.167207,0.078101,-0.040959,0.719770,-0.892463,-1.147742,-0.466414,0,0,0,0
0.367810,0.257843,-0.407566,0.792164,-1.231092,-0.018657,-0.517566,1,1,0,1
0.118817,0.928389,-0.447432,0.078330,-0.260327,-0.314336,0.761419,0,0,0,0
0.283098,0.423677,-0.465512,0.675051,-0.976083,0.153604,-0.506992,0,0,1,0
0.386012,0.251561,-0.412399,0.171744,-1.073706,0.496311,-0.195061,0,0,0,0
0.376975,0.243642,-0.401563,0.092179,-1.285037,-0.491182,0.001509,1,1,0,0
0.072822,0.542206,-0.449888,0.028013,-0.523769,-0.933242,0.807012,0,0,0,0
0.205865,0.877441,-0.482101,-0.364232,-1.100590,-0.352452,0.198734,0,1,1,0
0.395039,0.082075,-0.566271,0.264671,-0.963621,-1.057440,0.155074,0,0,0,0
0.356420,0.221972,-0.398146,0.558068,-1.090174,0.725145,0.081645,1,0,0,0
0.159127,0.233437,-1.011296,0.198946,-0.090911,0.531555,-0.471899,0,0,0,0
0.067693,0.892889,-0.824110,-0.186609,-0.661499,0.272974,-0.145106,0,1,1,0
-0.059970,0.448276,-0.738127,-0.284011,-0.402620,-0.624775,1.732046,0,0,0,0
0.122859,0.743270,-0.842504,0.127602,-0.295125,0.280343,-0.403295,1,1,0,0
-0.150041,0.582029,-1.093276,-0.163587,0.049072,-0.695735,0.714530,0,0,0,0
-0.094055,0.920622,-0.576473,0.259625,-0.007987,1.118738,-0.590309,1,0,1,0
0.393863,0.122274,-0.334653,0.147100,-0.806001,-1.358720,0.076630,0,0,0,0
0.389278,0.255467,-0.590802,-0.044496,-1.355984,-0.190495,0.537202,0,1,0,0
0.222087,0.804586,-0.962746,-0.084735,-0.611352,-0.028268,-0.278591,0,0,0,0
0.070647,0.749896,-1.135211,-0.025708,-0.653588,-0.402235,-0.286210,1,0,1,0
0.093083,0.448380,-0.558758,0.075725,-0.244588,-0.481175,1.638460,0,0,0,0
-0.078393,0.541519,-0.670231,-0.404704,-1.025684,-0.421166,0.364291,1,0,0,0
-0.029126,0.445426,-0.675508,0.082456,-0.351322,-0.345196,-0.701553,0,0,0,0
0.174085,0.661203,-0.716781,0.225880,-0.598568,0.464492,-0.270501,0,1,1,0
0.389778,0.111337,-0.387243,-0.043914,-0.734123,-0.171656,-0.017305,0,0,0,0
0.417621,0.327376,-0.755619,-0.591520,-1.422820,1.204628,0.698705,1,0,0,0
0.265132,0.513133,-0.843915,0.173931,-0.810640,-0.292839,0.226131,0,0,0,0
0.003456,0.774346,-0.845807,0.107957,-0.403453,-0.733599,0.520856,0,0,1,1
-0.090033,0.730050,-0.728300,-0.535326,-0.536487,-0.802159,1.178638,0,0,0,0
0.062341,0.426444,-0.798760,-0.037238,-0.383046,1.003096,-0.366427,0,1,1,0
-0.241162,0.816475,-0.487175,0.219527,0.809693,-0.789813,0.952753,0,0,0,0
-0.051521,0.649017,-0.554450,-0.159240,0.025263,1.326087,-0.686007,1,1,0,1
0.456511,-0.451490,0.619467,0.058991,-0.526100,-1.063434,0.021696,0,0,0,0
0.459572,-0.534200,0.003763,0.369568,-0.671770,1.503045,-0.733866,1,0,1,1
0.341888,0.866298,-0.266150,0.023199,-0.644574,-0.929713,0.989602,0,0,0,0
0.506441,0.269345,-0.008465,-0.609461,-1.059224,-0.322479,0.345504,0,1,0,0
0.309652,-0.115482,-0.045623,-0.206223,-0.709407,-0.474587,0.110584,0,0,0,0
0.280190,0.480243,-0.376641,-0.404828,-0.972021,-0.547356,1.155299,0,0,1,1
-0.172790,0.981405,-0.339198,-0.273430,0.112408,-1.027369,0.695399,0,0,0,0
-0.139410,1.152966,-0.337432,-0.080813,-0.436263,-0.397649,0.505881,0,1,0,1
0.268820,-0.258986,-0.744891,-0.074973,-0.129912,-0.260463,0.554093,0,0,0,0
0.569479,0.530584,-0.852391,-0.288378,-1.414325,0.333192,0.216486,0,0,1,0
0.286930,0.842263,-0.836041,-0.256699,-0.768024,-0.122289,-0.078674,0,0,0,0
0.144878,1.080759,-0.689937,-0.032738,-0.239156,0.005967,-0.325648,1,1,0,0
0.304044,0.497520,-0.379911,0.268497,0.518210,0.611171,1.099957,0,0,0,0
0.089062,0.635143,-1.008134,0.441092,0.807723,-0.036946,-0.479249,0,0,1,1
-0.172333,0.698350,-0.830984,0.528961,0.896741,-0.274262,0.916108,0,0,0,0
0.026456,0.515489,-1.090936,0.402260,0.650656,0.087894,-0.567895,1,0,0,1
0.437733,-0.383945,-0.322135,-0.309357,-0.301528,-1.132199,-0.035521,0,0,0,0
0.443042,-0.167607,-0.764763,0.265834,-0.808672,-0.072160,-0.037610,1,0,0,0
0.086366,-0.001635,-0.389937,0.441072,0.171991,1.023399,-0.509544,0,0,0,0
0.179095,-0.456225,-0.215129,0.149020,-0.567684,0.845662,-1.092635,0,1,0,1
0.350888,0.398813,0.173387,-1.095146,-0.096225,1.247448,1.630519,0,0,0,0
0.197971,0.637974,-0.575092,-0.587418,-0.660505,0.207491,-0.022680,0,0,1,0
0.165174,0.700499,-0.590301,-0.091157,-0.166386,0.545523,0.155362,0,0,0,0
0.037868,0.795603,-0.760142,-0.216783,-0.683079,0.534206,0.109590,1,1,0,0
0.542594,-0.166188,-0.330965,-0.709933,-0.431217,-0.935638,-0.060488,0,0,0,0
0.542713,-0.088892,-0.779183,-0.226311,-1.092393,0.820645,-0.101422,0,1,0,0
0.316412,0.529102,-0.393808,-0.016786,-0.574683,0.649490,-0.088774,0,0,0,0
0.318777,0.685611,-0.247782,0.016873,-0.865183,1.065950,0.128676,0,0,1,1
0.034953,0.565662,-0.622706,-0.438329,-0.015878,-0.953753,1.331613,0,0,0,0
0.166212,0.647398,-0.809470,-0.383998,-0.279931,0.542705,0.165488,1,1,0,0
-0.185441,0.640995,-0.845203,-0.180602,-0.084880,-0.906541,1.599861,0,0,0,0
0.121408,0.660176,-0.564035,0.564970,0.066106,0.413694,-0.166365,0,1,0,1
0.368045,-2.189970,0.087572,1.674457,-1.658667,-0.499877,-0.136847,0,0,0,0
0.529675,-1.441479,0.454911,1.491062,-2.154537,-0.608747,-1.050393,1,0,1,1
0.122646,0.886739,-0.448560,-0.081519,0.334273,1.275640,1.139313,0,0,0,0
0.094576,0.472731,-0.658496,-0.102458,-0.533937,0.023750,-0.295552,0,1,0,0
0.135616,0.170496,-0.765462,-0.314175,-0.526398,1.513220,0.763786,0,0,0,0
0.167879,0.596033,-0.355761,-0.424968,-1.046671,-0.157857,1.108447,0,0,1,1
-0.144697,0.453738,-0.712776,-0.595205,-0.375101,-0.650769,2.033274,0,0,0,0
-0.066827,0.595383,-0.504678,-0.931714,-0.843842,1.077474,1.065421,0,1,1,0
0.285572,-0.406021,-0.793999,-0.143494,-0.359081,-1.094950,0.040372,0,0,0,0
0.110806,-0.196563,-0.724484,-1.004147,-1.132884,-0.311998,1.295105,0,0,0,1
0.086615,0.926933,-0.998060,-0.738515,-0.665327,-0.435146,0.503135,0,0,0,0
0.150953,1.106349,-0.801064,-0.763154,-0.703735,-0.584445,1.108703,0,1,1,0
-0.050673,0.375455,-0.688151,0.267694,0.305809,-0.561737,1.214677,0,0,0,0
0.059691,0.804639,-0.577621,-0.835792,-0.675062,-0.326052,0.225747,0,0,1,1
-0.018137,0.921081,-0.763505,-0.460849,-0.065692,-0.875508,1.457889,0,0,0,0
0.062828,0.457963,-0.702034,-0.748969,-0.434677,0.502169,0.488613,0,1,0,1
0.461925,-0.009606,-0.482118,-0.161472,-0.906522,-1.243356,0.022792,0,0,0,0
0.372465,-0.258118,-0.835280,-0.355630,-1.033991,0.844641,-0.673969,0,0,1,0
0.205448,0.118673,-0.725516,-0.241146,-0.735066,-0.337090,0.273285,0,0,0,0
0.181268,0.815109,-0.684813,-0.667911,-0.873391,0.340854,-0.156511,0,1,0,1
0.127173,0.714430,-0.678806,-0.708734,-0.162701,-0.279415,1.661844,0,0,0,0
-0.052054,0.848059,-0.670188,-0.720917,-0.709242,-0.032766,0.000861,0,0,1,1
-0.177373,0.884210,-0.470863,0.253709,0.763331,-1.178907,0.833012,0,0,0,0
-0.047400,0.698307,-1.030681,-0.724968,-0.159623,0.312668,0.174335,0,1,1,0
0.249114,-0.247001,-0.780718,-0.121674,-0.576250,-1.445060,0.045096,0,0,0,0
0.509563,-0.067114,-1.101605,-0.428469,-0.793487,0.057470,0.827802,0,0,0,1
0.290842,0.370531,-0.797995,-0.347186,-0.752532,0.465344,-0.511197,0,0,0,0
0.308590,0.475804,-0.846946,-0.877868,-1.088345,-0.442070,0.276725,1,1,0,0
0.807154,-0.674891,0.619625,-1.798076,-0.253689,1.415190,1.209252,0,0,0,0
0.657204,-0.535009,0.788239,-1.882976,-0.501439,1.043735,-0.103146,0,0,1,1
0.272185,-0.670272,0.234235,-0.240415,0.690987,-0.890085,-0.041668,1,1,0,0
0.520176,-0.508071,-0.025483,0.277934,-0.501100,-1.369741,-0.583286,0,0,1,1
0.499613,-0.034286,-0.020332,0.976417,-0.974791,-0.858749,-0.636761,0,0,0,0
0.027417,0.180346,-0.473524,0.497800,0.014347,-0.013750,-0.726047,1,1,0,1
0.341447,0.504371,-1.023103,-0.972798,-1.186342,-0.434202,1.557005,0,0,0,0
0.516728,-0.243808,-0.445877,-0.968697,-1.090437,2.674434,-0.057324,0,0,1,0
0.203552,0.050007,-0.755604,-0.290729,-0.565551,-0.002308,0.455224,0,0,0,0
0.063488,0.363553,-0.676971,-0.352310,-0.267264,0.098573,0.838836,1,0,0,0
-0.144779,0.918078,-0.395330,-0.574336,0.055597,-1.064681,1.562584,0,1,0,0
-0.069386,1.316370,-0.749800,-1.210048,-0.115721,-0.327745,0.993290,1,0,1,0
0.854807,-0.068824,-0.254245,-0.116411,-0.826129,0.284635,0.080994,0,0,0,0
0.730281,-0.139411,-0.210135,0.546706,-0.844854,-0.131953,-0.331310,0,1,0,0
0.363344,0.370560,-0.246737,0.037837,-1.110789,-0.743408,0.011018,0,0,0,0
0.090046,0.413133,0.249767,0.692195,-0.260212,0.077481,-0.059011,0,0,1,1
0.038220,1.123808,-0.467599,-0.594423,-0.096434,-0.563154,0.800247,0,0,0,0
0.107167,1.336364,-0.750690,0.066623,-0.098861,0.812261,-0.287293,1,1,0,0
-0.218617,1.688259,-0.916788,0.011991,0.863696,-0.686067,1.104208,0,0,0,0
-0.187462,1.438263,-1.216389,-0.343511,0.026029,1.290262,-0.150204,1,0,0,1
0.589797,0.558014,-0.614614,0.313839,-0.717237,-0.960801,-0.107948,0,0,0,0
0.656100,-0.092381,-0.070848,0.528484,-1.386870,0.522488,-0.265007,0,0,0,1
0.864381,-1.805293,0.407337,1.506808,-2.026457,1.503495,-0.423969,0,0,0,0
0.455206,-0.824716,0.001928,1.439399,-0.989360,0.377025,-0.335739,1,0,1,0
0.505878,0.358147,0.210302,-0.859201,0.168720,0.920289,1.008727,0,0,0,0
0.239158,0.452426,-1.081703,-0.457222,-0.807747,0.191219,0.559774,0,1,0,0
0.142057,0.579182,-1.039921,0.136351,-0.299324,1.408439,-0.093953,0,0,0,0
0.129670,0.767739,-0.787040,0.086055,-0.489924,-0.089718,0.808754,0,0,1,1
0.362510,-0.011271,-0.591070,-0.044329,-0.409646,-1.461210,0.590037,0,0,0,0
0.643110,0.521244,-0.523571,0.608177,-0.842378,0.718700,0.293360,0,0,1,0
0.301593,0.769563,-0.322741,0.548622,-0.498265,0.228631,-0.072722,0,0,0,0
0.018108,0.869070,-0.434523,0.488130,-0.059306,0.151006,0.519090,1,1,0,0
0.111724,0.692603,-0.374507,-0.458735,-0.119334,0.038729,1.718642,0,0,0,0
0.171484,0.870186,-0.594376,0.046779,-0.951380,1.238782,-0.138204,0,0,1,1
0.160149,1.262937,-0.364129,0.619340,-0.102286,-0.533447,1.559438,0,0,0,0
0.153573,0.656694,-0.500430,0.404075,-0.663994,0.045618,0.008817,1,0,1,0
0.386285,0.008529,0.226509,0.449483,-0.746027,-1.170160,-0.029329,0,0,0,0
0.485322,0.411922,-0.056942,0.778300,-1.193426,0.506906,-0.427989,1,1,0,1
-0.041251,0.402215,-0.589817,0.010689,0.175251,-0.795747,0.759727,0,0,0,0
0.447250,0.673589,-0.728362,-0.556046,-0.926660,0.585447,0.057595,0,0,1,0
0.462239,0.359140,-0.313315,-0.279049,-1.283723,0.138574,0.302047,0,0,0,0
0.354379,0.449997,-0.628297,-0.371758,-1.301331,0.339147,0.526621,1,1,0,0
0.060211,0.871666,-0.262702,0.033852,-0.488394,-0.727426,1.090382,0,0,0,0
0.067488,0.671210,-0.192727,0.413801,-0.648161,-0.232369,-0.447604,0,1,1,0
0.309618,0.018807,-0.496927,0.475338,-0.395936,-1.546618,-0.491407,0,0,0,0
0.336077,0.430004,-0.371570,0.061211,-1.408000,-0.100422,-0.109717,1,0,0,0
0.098293,0.682015,-0.897291,0.025983,-0.476263,-0.019268,1.161040,0,0,0,0
-0.040122,0.895995,-0.656093,-0.442077,-0.702995,0.003834,0.511631,0,1,1,0
0.018293,1.091723,-0.719799,-0.480667,-0.474550,-0.491277,1.386732,0,0,0,0
-0.131263,0.817275,-0.383039,0.127654,-0.537639,0.292181,0.122651,1,1,0,0
-0.214433,1.253732,-0.528270,0.456135,0.172174,-1.201633,0.799629,0,0,0,0
-0.103423,0.960687,-0.984814,-0.256785,-0.292162,-0.237549,-0.118218,1,0,1,0
0.337457,-0.205519,-0.321283,-0.450411,-1.045371,-0.897445,0.567224,0,0,0,0
0.331366,0.147776,-0.554000,-0.023530,-1.305811,0.534403,0.738021,0,1,0,0
0.129123,0.496354,-0.738268,-0.012411,-0.618954,-0.240092,0.872573,0,0,0,0
-0.058328,0.704096,-0.621757,-0.525819,-0.992638,0.146258,0.630339,1,0,1,0
-0.004528,0.926552,-0.603418,-0.259227,-0.135347,-1.087813,1.705586,0,0,0,0
-0.017835,0.606336,-0.574758,-0.296914,-0.599814,0.066799,-0.855945,1,0,0,0
-0.073340,0.486718,-0.770978,-0.099810,-0.736747,0.825595,-0.600666,0,0,0,0
-0.009661,0.558633,-0.539935,-0.123328,-1.018253,-0.643621,-0.402411,0,1,1,0
0.338195,-0.132267,-0.707663,0.322370,-0.986893,-1.530125,-0.098904,0,0,0,0
0.286421,-0.016051,-0.355947,0.380960,-0.875066,-0.305120,-0.685915,1,0,0,0
0.280745,0.742365,-0.604019,-0.296293,-0.789142,1.461189,0.647265,0,0,0,0
0.240022,1.203147,-0.585356,-0.455183,-0.781307,0.601559,0.755316,0,0,1,1
0.424364,0.574928,0.130318,-0.624155,0.238897,-0.612349,1.584413,0,0,0,0
0.067998,0.297421,-0.481298,0.356265,0.262551,0.959657,-0.690541,1,1,1,0
0.218891,-0.325563,-0.420372,0.498899,-0.351240,-1.712506,-0.632051,0,0,0,0
0.419015,0.025567,-0.268763,0.579544,-1.046314,0.367792,-0.817088,1,1,0,1
0.189486,-0.452428,0.151259,1.237319,-0.667002,-1.742954,-0.510363,0,0,0,0
0.850967,0.246756,0.083028,0.799274,-1.509538,0.753027,-0.313112,1,0,1,1
0.380046,1.070156,-0.686812,-0.139373,-0.266983,0.369086,1.214809,0,0,0,0
0.360331,0.436843,-0.422229,-0.397941,-1.090312,0.240739,0.151161,0,1,0,0
0.385320,0.590607,-0.254909,-0.470098,-1.047053,0.650053,0.346257,0,0,0,0
0.160462,0.294754,-0.523213,-0.467339,-0.702171,0.191822,0.037166,0,0,1,1
-0.134424,0.679915,-0.643905,-0.397160,-0.009729,-0.961229,1.234087,0,0,0,0
-0.025809,1.232866,-0.707056,-0.770825,-0.421738,0.335670,0.701430,0,1,0,1
0.572178,-0.298828,-0.154229,-0.825774,-0.715979,-1.431788,0.701992,0,0,0,0
0.620391,0.626676,-0.555165,0.277038,-1.126547,0.640807,-0.095546,0,0,1,0
0.443070,0.770960,-0.846740,-0.106291,-0.244337,0.617450,-0.083200,0,0,0,0
0.111130,0.542985,-0.260185,0.059219,-0.278055,1.310023,0.038712,1,1,0,0
0.063069,0.257377,-0.589591,-0.409327,0.108968,0.069544,0.767832,0,0,0,0
-0.030783,-0.190031,-0.526155,0.300986,-0.597781,-0.047846,-1.006640,0,0,1,1
0.260176,0.586733,-0.214807,0.197166,-0.251204,-0.933628,0.899234,0,0,0,0
0.194740,0.323180,-0.997835,-0.139248,-0.081079,0.089996,-0.220707,1,0,0,1
0.528314,-0.222025,-0.273343,0.330757,-0.326030,-1.163882,-0.288114,0,0,0,0
0.624886,0.115062,-0.318320,-0.120399,-1.740204,0.161426,-0.442225,0,0,1,1
0.408426,-1.065076,-0.477167,0.378273,-0.248623,1.952261,0.504755,1,1,0,0
0.401521,-0.999994,-0.304941,1.131644,-0.713274,-1.046626,-0.449462,0,0,1,1
0.687453,-0.240832,0.158675,0.068753,-1.009866,-1.244091,0.637021,0,0,0,0
0.413496,0.160779,-0.265842,0.449512,-1.553418,0.431561,-0.067871,1,1,0,0
-0.164268,0.811371,-0.808052,-0.754888,-0.365435,-0.923771,1.116127,0,0,0,0
-0.164929,0.993489,-1.062335,-0.743888,-0.015227,1.104633,0.749259,0,1,1,0
-0.049160,1.511413,-0.954457,-0.996286,-0.656731,-1.284865,0.201320,0,0,0,0
-0.017304,1.923417,-0.771860,-0.814101,-0.131846,0.063321,0.776369,0,0,1,1
-0.433824,2.236298,-0.295844,-0.601857,0.482601,-0.873510,2.508657,0,0,0,0
-0.442610,1.942250,-0.194343,-0.811436,0.490004,0.676433,0.070729,1,1,0,1
1.064128,-1.537602,0.436091,-1.052240,-0.023889,-1.481749,0.259895,0,0,0,0
1.131005,-1.209235,0.704396,-0.713353,-0.391973,1.953761,0.275920,1,0,1,0
0.837403,-0.968704,0.785867,-1.262577,-0.385905,-0.047396,0.222275,0,0,0,0
-0.139853,0.945540,-0.669476,-0.247124,0.100631,-0.702959,-0.044746,0,0,0,0
0.329063,-1.784885,1.422761,1.596053,-2.269800,3.738929,-0.687009,0,0,0,0
0.458701,-2.602118,2.018206,0.927741,-1.722851,0.135410,-0.992262,1,0,1,1
0.264323,1.153961,-0.545275,0.440732,0.254709,-0.111932,1.698565,0,0,0,0
0.799746,0.078386,-0.293028,0.254251,-0.886326,1.167480,-0.031585,0,0,0,0
0.599354,0.090121,-0.345315,0.529756,-1.025810,-0.691525,-0.443102,0,0,0,0
0.346745,0.201733,-0.149191,0.231082,-0.518447,0.231238,0.660466,0,1,0,0
0.372574,0.343301,-0.730515,-0.003338,-0.691300,0.022089,-0.321522,0,0,0,0
0.081364,0.629239,-0.756972,0.158484,-0.223321,0.143075,0.675447,1,0,1,0
0.359078,-0.611751,0.875391,-0.938791,0.552684,0.523377,0.978129,0,0,0,0
0.537459,-0.296483,0.735490,-0.404300,0.070615,0.907522,-0.230627,0,0,1,0
0.398732,-0.153011,0.458332,-0.648456,0.105723,0.675592,1.092145,0,0,0,0
0.447301,-0.488729,0.573943,-1.036051,0.114543,0.873946,-0.355740,1,1,0,0
0.676077,-1.461613,0.657607,-0.809312,0.219071,-0.831161,-0.699601,0,0,0,0
0.020516,-0.435305,-0.774967,-0.478040,-1.539793,-0.449617,-0.055250,0,0,0,0
-0.102232,0.081173,-0.839579,-1.067589,-1.514934,-0.233064,-0.433353,0,0,0,0
-0.201979,0.436670,-1.173093,-0.609091,-1.363167,0.267722,-0.140562,0,1,0,0
0.255259,-1.308501,-0.061737,-1.315213,-0.300769,0.115872,-1.246838,0,0,0,0
-0.154896,0.503978,-1.264264,-1.262127,-1.187298,-0.021360,-0.489057,0,0,1,0
-0.367402,0.231530,-1.305255,-0.538108,-0.369573,-0.133719,0.403788,0,1,0,0
-0.234438,0.256395,-1.276687,-0.529003,-0.636604,0.035688,-1.245847,1,0,0,0
0.380900,-0.039722,1.077580,-0.584474,0.677076,0.870469,1.724645,0,0,0,0
-0.142204,1.353293,-0.473865,0.403286,0.164665,0.077821,0.564032,0,1,1,0
0.385590,-0.312917,-0.016641,0.441396,-0.259823,-1.893651,-0.580452,0,0,0,0
0.261050,0.389112,0.068761,1.036903,-0.779631,-0.450561,0.147479,1,0,0,0
-0.033010,-1.519017,0.283521,-0.870313,-0.377015,-1.131698,0.932373,0,0,0,0
-0.513652,-0.214341,-0.608289,-0.337556,-1.086866,0.594865,0.794277,1,1,0,0
-0.394957,0.940468,-0.197170,0.719166,0.066277,-0.819751,1.424082,0,0,0,0
-0.374953,0.672710,-0.544709,0.131703,-0.441982,-0.621015,-1.087761,0,1,1,0
0.743698,-1.136815,0.673403,-0.507035,-0.008209,-0.594255,0.199830,0,0,0,0
0.421044,-0.199251,-0.322618,0.476875,-0.377144,0.320146,-0.013953,0,0,0,0
0.387523,-0.179911,0.289684,-0.495113,0.390596,0.744664,-0.261354,0,0,0,0
0.086055,1.236247,-0.352398,0.259173,-0.351825,-0.214317,0.664580,1,0,0,0
-0.049054,-1.244255,-0.145584,-2.651774,-1.300324,1.362325,-0.494194,0,0,0,0
-0.272673,0.985672,-0.564193,-1.639669,-1.388196,0.978568,-0.664492,1,1,1,0
-0.175463,0.705139,0.195698,-0.007606,-0.163507,-1.161607,1.053270,0,0,0,0
0.105943,-0.722962,0.048336,0.154343,-0.148559,0.204609,-0.931968,0,0,0,0
0.453599,-0.622207,1.058954,-0.152499,0.390148,3.062781,-0.436167,0,0,0,0
-0.070863,-0.066655,0.324787,0.445852,0.462386,0.563102,-0.489601,0,0,1,1
-0.438793,0.897270,-0.285124,0.012782,0.905903,-0.567318,1.080465,0,0,0,0
-0.364945,0.812917,-0.671610,0.146084,1.072568,0.052811,-0.935126,1,1,0,0
0.183174,-1.635884,1.125705,-1.260237,0.873962,1.216273,0.784780,0,0,0,0
0.406322,-0.987984,0.834124,-1.192698,0.745606,0.616726,-0.795776,0,0,0,1
0.013514,-0.252253,0.333310,0.140557,1.326493,-0.043417,-0.416195,0,0,0,0
0.064890,-0.567268,0.778764,-0.607389,1.591632,0.373978,-0.523883,1,1,1,0
0.221805,-2.548084,0.686166,0.022336,1.106688,-1.295452,-1.257069,0,0,0,0
0.093162,-1.202527,-0.486379,-0.013839,-0.669943,0.365090,-1.849574,0,0,0,1
-0.263766,-0.931857,-0.441565,-0.521799,0.014914,1.748228,-2.073677,0,0,0,0
-0.894961,-0.039634,-1.957066,-1.315947,0.348448,-0.681690,-2.102557,1,0,0,0
0.116779,-2.330030,0.476651,-2.293311,0.253662,0.461220,-2.143902,0,0,0,0
-0.985368,0.167437,-1.688269,-1.975675,1.266192,-0.852910,-2.226649,0,0,1,0
-1.164759,0.075182,-1.593730,-1.590346,0.970280,0.557292,-2.093046,0,1,0,0
-0.334978,1.937570,-0.984875,-1.358211,1.252552,-0.017872,-0.885194,1,0,1,1
0.254574,-0.522410,0.264104,0.464494,0.223991,-1.250231,0.834084,0,0,0,0
0.347326,-0.799799,0.237219,0.217472,0.007180,1.326826,-0.656692,1,1,0,1
0.171444,-0.726071,0.356121,1.578117,0.331966,-1.743869,-0.709336,0,0,0,0
0.166529,-0.366816,-0.004759,1.360010,-0.002164,0.282065,-0.746506,0,0,0,0
0.284786,-0.637008,0.650541,0.023719,0.546805,1.006624,-0.669068,0,0,0,0
-0.264501,0.405086,-0.140754,0.938377,1.002957,-0.530432,-0.482416,0,0,1,1
-0.997965,0.625054,-0.352560,0.608249,2.038634,-1.394115,0.631928,0,0,0,0
-0.606755,1.116450,-0.598987,-0.344336,1.140041,1.218774,-1.263459,0,1,1,1
0.079036,-0.779915,-0.095704,1.358889,0.453812,-1.694966,-0.196698,0,0,0,0
0.391201,-0.818401,-0.199644,0.849860,-0.572900,-0.042527,-0.847698,0,0,0,0
0.186531,-0.378321,-0.145792,1.124082,0.085413,-0.395869,-0.770667,0,0,0,0
0.016416,0.049712,-0.325825,0.558484,0.274287,-0.535859,-0.982892,0,1,0,0
-0.018323,-0.082766,0.240161,-0.474080,0.454451,0.120211,-0.634258,0,0,0,0
-0.263052,0.871991,-0.517800,0.079647,0.551789,0.693126,-0.768341,1,1,1,0
-0.249368,-0.331294,-0.523770,0.433360,0.399198,-0.871212,1.007012,0,0,0,0
0.230478,-0.901836,-0.432269,0.721460,0.150894,1.030839,-0.884342,0,0,0,0
0.355712,-1.162084,0.445138,0.013908,0.753995,0.280142,-0.650472,0,0,0,0
-0.095613,-0.498155,-0.208417,1.058805,0.840128,0.339262,-0.697462,0,0,1,1
-0.578127,-0.244947,-0.193494,0.451868,0.705185,-0.901711,0.069338,0,0,0,0
-0.330185,0.409527,-0.222547,-0.191824,0.893126,0.016824,-0.681483,1,1,0,0
-0.049447,-1.544024,1.141555,-0.774651,1.207303,-0.311803,0.880923,0,0,0,0
0.018199,-0.897094,0.127467,-0.752072,1.154203,0.544004,-1.168304,0,0,0,1
0.134738,-0.537245,0.027002,-0.887033,1.233872,0.404888,-0.616807,0,0,0,0
-0.131942,-0.192877,-0.098795,-1.182385,1.540100,-0.118293,-0.620587,1,1,1,0
0.231418,-2.019875,0.918435,-0.013937,0.711764,-0.499698,-0.427481,0,0,0,0
-0.099052,-1.102648,-0.861980,0.448857,-0.770173,0.417655,-1.911007,0,0,0,0
-0.393821,-1.503091,-0.903851,-0.542177,0.514460,0.764221,-1.961738,0,0,0,0
-1.038448,-0.463869,-1.843689,-1.109815,0.253052,-0.016221,-2.153018,0,0,0,1
-0.078227,-2.107969,0.114078,-2.670662,0.567254,1.139630,-2.153647,0,0,0,0
-0.851781,0.317258,-1.587513,-2.033399,1.203602,-0.554075,-2.061878,0,1,0,0
-1.083796,0.088048,-1.129181,-1.258750,0.041377,0.093557,-2.199810,0,0,1,0
-0.895047,-0.348083,-1.724791,-1.427524,0.474707,0.243276,-1.862894,1,0,0,1
-0.361420,0.732604,0.184467,-0.917706,2.182650,-1.016448,0.680820,0,0,0,0
-0.792432,2.037283,-0.431513,-0.525048,2.847206,0.160857,-0.409148,1,1,1,0
0.024052,-0.512189,-0.037391,1.394934,0.025908,-1.491100,-0.454350,0,0,0,0
0.152057,0.006258,-0.216653,0.909458,-0.217179,0.524890,-0.214534,0,0,0,1
-0.450345,-2.396825,0.989070,-0.271730,0.965619,-1.183558,-1.801811,0,0,0,0
-1.101938,-1.304225,-1.259331,-1.588284,0.718798,-0.180506,-2.541650,1,1,0,0
-1.547529,0.577613,-1.187908,-0.641149,2.465060,-1.360099,1.490796,0,0,0,0
-1.575158,0.898552,-1.853232,-1.538494,2.554813,0.035867,-1.807188,1,0,1,1
0.271386,-0.657420,0.361451,1.423267,0.668022,-1.148029,0.152133,0,0,0,0
0.160846,-0.072011,-0.525157,0.657654,0.054685,-0.091689,-0.958859,0,0,0,0
-0.086770,0.750807,-0.279061,0.128916,0.884031,0.127972,-0.622985,0,0,0,0
-0.675001,1.377645,-0.570128,-0.154425,1.867793,0.540425,-0.358712,0,1,0,0
-0.708045,-1.725469,0.019224,-2.127419,1.112909,-0.602792,-2.570350,0,0,0,0
-1.239443,0.280752,-1.838099,-2.648950,1.540683,-0.318106,-2.464861,1,1,0,1
-0.112211,0.028153,-0.523529,0.448028,0.019432,-0.830491,1.058717,0,0,0,0
0.289048,-0.478212,0.038246,0.448248,-0.011107,-0.190647,-0.790151,0,0,0,0
0.564152,-1.500096,1.073514,-0.106069,0.842628,2.089223,-0.638956,0,0,0,0
0.096869,-0.422174,0.355128,0.360994,0.639441,0.153550,-0.485230,1,1,0,0
-0.603863,-0.146656,-0.105636,0.544766,1.142140,-0.490632,1.101390,0,0,0,0
-0.458288,0.044522,-0.530307,-0.032732,1.065198,0.776573,-0.794644,0,0,1,1
-0.059726,-1.654069,0.595510,-0.918162,0.895571,-0.609501,0.791824,0,0,0,0
0.139538,-1.046577,0.775865,-0.879251,1.297850,0.150810,-0.620696,0,1,0,0
0.013331,-0.108859,0.099466,-0.403295,0.740136,0.106703,-0.668501,0,0,0,0
0.062506,-0.847851,0.730062,-1.076002,1.382309,1.092049,-0.684760,1,0,1,1
0.295984,-2.040732,1.193654,-0.078352,0.777711,-1.237825,-1.391985,0,0,0,0
-0.100736,-1.143217,-0.837022,0.148972,-0.671995,0.654620,-1.886685,0,0,0,0
-0.368401,-0.943286,-0.371075,-0.857750,0.229705,1.397512,-2.201967,0,0,0,0
-1.047765,-0.564693,-1.802037,-1.384193,0.135597,-0.029285,-2.233308,1,0,0,0
0.286242,-2.742080,0.166745,-2.071292,-0.309886,1.799644,-2.029229,0,0,0,0
0.091757,-2.899315,-0.048814,-1.878549,-0.333030,-0.410356,-2.220909,0,0,1,0
-0.290322,-1.365839,-0.873643,-1.444697,0.255762,0.217092,-1.982715,0,1,0,0
-0.354877,-1.618011,-0.381652,-1.878298,1.014338,-0.701899,-1.851575,1,0,1,1
0.046218,-0.259858,-0.352813,1.214436,0.456160,-1.059531,1.024172,0,0,0,0
-0.048686,-1.286559,0.050888,0.353822,0.459323,0.442518,-0.663831,1,1,0,1
0.126579,-0.489845,-0.128266,0.842786,0.160336,-1.591627,-0.584902,0,0,0,0
0.142469,-0.636449,-0.137237,0.942742,0.000153,-0.653980,-0.804246,0,0,0,0
0.520387,-1.887576,1.024169,-0.784201,0.418937,0.068373,-0.806238,0,0,0,0
0.237945,-1.463699,0.845049,0.101832,0.921208,0.400424,-0.734151,1,1,0,0
-0.633302,0.168588,-0.263670,-0.227767,1.142406,-1.067388,0.548637,0,0,0,0
-0.260409,0.360407,-0.076584,-0.571122,0.887832,0.480901,-0.804308,1,1,1,0
0.298353,-0.850491,-0.165341,0.356524,0.168140,-1.258855,-0.527117,0,0,0,0
0.445251,-1.068398,-0.247229,0.591786,0.042805,0.679745,-1.148326,0,0,0,0
0.126848,-0.105810,-0.151946,0.288764,0.108254,0.131009,-0.835212,0,0,0,0
-0.018200,0.138243,-0.648820,0.277513,0.545322,-0.653427,-0.789332,0,0,1,0
0.038828,0.933079,-0.413388,0.339319,0.495713,-0.892721,-1.031007,0,0,0,0
-0.098232,0.779884,-0.522510,0.196525,0.464793,0.240892,-0.972519,0,1,1,1
0.184905,-0.507030,-0.771941,1.103967,0.480206,-0.349717,0.857353,0,0,0,0
0.556975,-0.605126,-0.608809,0.440641,-0.485250,0.065754,0.243311,0,0,0,0
0.560789,-1.079709,0.903262,0.607051,0.545044,0.237888,0.112782,0,0,0,0
0.634633,-1.872299,0.646463,0.919651,-0.870335,0.705160,-0.373896,0,1,0,1
0.190290,0.476011,0.749277,-0.578030,0.473536,0.090326,1.112197,0,0,0,0
-0.047072,0.288088,0.791280,-0.123618,0.704846,0.685949,-0.743938,1,0,1,0
0.871699,-1.048920,1.213178,-0.050965,0.836239,1.682104,1.307491,0,0,0,0
0.005736,-1.133194,0.702850,0.894610,1.803257,-0.013114,0.825801,0,0,0,1
0.689400,-2.171365,0.627849,1.374768,-0.459803,2.786394,0.127157,0,0,0,0
0.227490,-3.055123,0.212217,2.410638,-1.313479,0.449511,-0.578589,1,0,1,1
0.555152,-0.210018,0.381938,-0.423983,0.012871,0.430724,-0.041882,0,0,0,0
0.308868,0.523581,0.030701,-1.060745,-1.711814,0.292414,-0.194448,0,1,0,0
1.144535,-2.494382,0.925627,0.068386,-1.177398,1.089159,-0.177437,0,0,0,0
0.312126,-2.690652,0.279099,1.495193,-0.429738,-0.186417,-0.691171,1,0,0,0
0.517387,-1.920226,1.756482,0.151807,-0.160047,1.342144,-0.059243,0,0,0,0
-0.057548,-1.897264,2.350194,0.647343,0.390524,0.797804,0.400816,0,0,1,0
0.729050,-0.774313,1.646515,-1.472450,0.330856,0.857633,0.173852,0,0,0,0
-0.038639,1.248300,0.505150,-1.252258,-0.086312,1.305672,-0.527847,1,0,0,1
-0.134562,0.471043,0.434999,-0.558853,0.867951,-0.854971,1.078497,0,0,0,0
0.126024,-0.989386,-1.028356,1.157675,0.565605,0.455049,-0.827785,0,1,0,0
0.039446,0.128979,1.586742,-1.030054,1.579591,-0.142684,-0.059844,0,0,0,0
-1.011008,0.545558,0.996147,-0.660813,1.980158,-0.411999,0.867689,1,0,0,0
0.766852,-1.443086,1.373893,-1.463642,0.145716,1.383413,-0.297136,0,0,0,0
-0.439050,0.277676,1.236391,-1.625413,1.299963,0.528710,0.701238,0,0,1,1
0.019184,0.552519,0.763862,-0.354940,0.618164,-0.012935,0.962551,0,0,0,0
0.606980,-2.441571,0.585629,1.625783,-0.760022,7.771362,-0.392271,1,1,0,1
0.255490,0.388925,-0.336348,1.202201,0.868207,-1.204858,0.600377,0,0,0,0
-0.154676,-0.337809,-0.502847,1.178555,0.442291,-0.551625,-0.528736,0,1,0,0
0.899124,-2.280393,0.634059,1.130846,-1.410784,4.546179,-0.222204,0,0,0,0
0.311446,-1.653357,-0.628435,0.698851,-0.710594,-0.700806,-1.137245,1,0,0,0
0.740351,-0.454862,0.342008,-1.705823,-0.072207,1.214614,-0.417175,0,0,0,0
-0.068868,1.075879,-0.847697,-2.293864,-0.203186,-0.746315,-0.754424,1,1,0,1
0.363457,1.241623,-0.525905,-0.352052,-0.082399,-0.900719,1.161021,0,0,0,0
0.190659,-0.279039,-0.450691,0.374070,-0.105274,-0.237919,-0.780932,0,0,0,0
0.561259,-0.450318,-0.060154,0.518370,-0.229137,1.692450,-0.774428,0,0,0,0
0.229358,-0.243034,0.079814,0.334378,0.496210,0.160444,-0.665383,1,0,1,0
-0.181047,0.360423,0.234078,0.501527,1.298166,-0.558138,0.805947,0,0,0,0
-0.058856,-0.785323,0.508697,1.041156,0.709993,0.179256,-0.253709,0,1,0,1
0.723092,-1.717655,1.103914,0.636085,1.136835,1.825799,0.617245,0,0,0,0
0.071857,-1.209628,0.185944,0.934142,1.359014,-0.155658,-0.047546,1,0,0,0
0.196332,-0.877697,0.507086,0.277703,0.764773,1.077739,-0.354763,0,0,0,0
0.412302,-3.953829,0.748950,2.074336,-0.541735,1.688307,-0.126989,1,1,0,1
0.644893,0.403037,0.589353,-0.473900,-0.004750,-0.491234,-0.188374,0,0,0,0
0.248661,0.268496,-0.077400,-0.471325,-0.369435,1.270442,-0.452568,0,0,1,0
0.514369,-0.467164,-0.179383,0.403255,0.219655,0.624317,-0.598777,0,0,0,0
-0.385777,0.629971,0.087534,0.382466,1.241973,-0.077937,-0.007237,0,0,1,0
0.088377,0.618344,1.558394,-1.398982,0.514370,0.101606,0.088027,0,0,0,0
-0.667332,0.322157,1.224857,0.420170,0.594661,0.968364,-0.434975,0,1,0,0
0.711975,-0.662566,1.901833,-1.800086,-0.635657,1.403410,0.281637,0,0,0,0
-0.155816,1.244696,-0.201488,-2.301551,-0.339965,0.178815,-0.023516,1,0,0,1
0.031859,0.612470,-0.127207,0.218306,1.275134,-0.416051,1.122951,0,0,0,0
-1.068670,0.886711,-1.490265,0.014394,2.901449,-0.051844,-0.078181,0,0,1,0
0.239508,-0.752642,1.361399,-0.339962,1.525831,-0.213303,0.104752,0,0,0,0
-0.496523,-0.221807,-0.323037,1.997226,0.084115,0.190141,0.353110,0,0,0,1
0.645645,-1.624176,1.392643,-1.026076,0.463444,1.626604,-0.249117,0,0,0,0
-0.274853,0.823544,0.669957,-0.183191,1.152326,0.232576,0.030366,1,1,0,0
0.122746,0.690705,0.263659,-0.022403,0.431538,-0.420700,1.740453,0,0,0,0
0.377957,-0.118622,0.902781,0.106321,-0.050591,1.340013,-0.219762,1,0,1,1
0.416862,0.197834,-0.231823,0.424180,-0.483282,-0.853767,0.111255,0,0,0,0
0.671749,-2.185494,0.877951,0.990747,-0.505751,0.281557,-0.182703,0,0,1,0
0.269354,0.881473,-0.833858,-0.329454,0.038691,1.235225,-0.393136,0,0,0,0
-0.110544,-0.077795,0.160172,-0.273866,0.792289,-0.688383,0.052085,0,0,0,1
0.610572,-0.381233,0.603424,-0.669953,1.252409,0.816662,-0.319099,0,0,0,0
0.236476,1.089776,-0.003123,-1.090502,0.906787,0.590987,-0.340428,1,0,1,1
0.139577,0.882589,0.008852,0.792941,1.102010,-0.445899,1.096005,0,0,0,0
0.335360,-0.463743,0.089856,0.870942,0.483462,1.081126,-0.380525,0,0,0,0
0.522301,-0.652308,0.082528,0.894618,0.766077,0.087248,-0.311982,0,0,0,0
0.386941,-1.083060,0.832487,0.418373,0.744570,0.803734,-0.647077,0,1,0,1
-0.163306,0.639782,0.019140,0.406473,1.048170,-0.787048,1.225188,0,0,0,0
-0.447062,0.745206,0.062763,0.681854,1.206273,0.039179,-0.340346,1,0,1,0
0.504575,-1.053494,1.127945,-1.149613,0.864152,0.327691,1.008752,0,0,0,0
0.337940,-0.625025,1.451595,-1.506061,-0.090646,-0.316348,0.057475,0,0,1,0
0.313847,0.025022,1.722721,-0.707548,0.137952,0.571946,0.175201,0,0,0,0
0.190113,-1.029483,0.618194,1.127020,0.927606,0.549528,0.509243,1,1,0,1
0.449711,-0.664576,0.554821,0.321926,0.726647,-1.262942,-0.276630,0,0,0,0
-0.234170,-0.028285,0.337622,1.209252,0.273396,-0.193596,-0.183037,1,0,0,0
0.315821,0.682065,-0.558321,0.027816,0.193904,0.383678,0.165197,0,0,0,0
0.178237,1.235464,-0.723259,-1.092361,-0.165660,0.164658,0.568086,0,0,1,0
0.448379,-0.083059,1.887766,-1.861297,0.630668,0.120380,-0.027027,0,0,0,0
0.101895,-1.548194,0.997592,1.419156,0.578001,1.395476,-0.184811,0,0,1,0
0.655978,-1.443950,1.187380,-0.493237,2.012816,1.614870,-0.023794,0,0,0,0
-0.727047,1.041866,1.314637,0.661986,0.981269,0.538397,0.036896,1,1,0,0
0.295874,0.575558,-0.379766,-0.245899,0.665263,-0.107486,1.059951,0,0,0,0
-0.232202,1.038467,-0.854844,-1.765287,-0.037644,0.693424,-0.049538,0,0,0,1
-0.318187,1.666705,0.647052,-1.594655,0.001435,-0.289553,-0.131041,0,0,0,0
-0.516130,1.688013,0.393594,-0.936718,-0.343183,0.834905,-0.191107,0,0,0,1
0.865066,-1.064640,0.761672,-2.578024,0.038374,0.494330,0.420738,0,0,0,0
-0.148879,0.408307,0.079557,0.505703,0.795090,0.363562,-0.950350,0,1,1,0
-0.028685,0.641007,-0.454628,-0.542958,1.058802,1.170283,2.179215,0,0,0,0
-0.287232,1.499581,-0.401161,-1.737162,0.264045,1.084516,-0.259591,1,1,0,0
0.480719,0.379430,-0.847518,-0.721578,-1.170625,-1.042242,0.036519,0,0,0,0
0.122112,0.052174,-0.156302,0.698127,-0.557425,-0.056436,-0.741150,1,0,0,0
0.292389,0.755389,-0.468108,0.448516,0.262446,0.549620,-0.070945,0,0,0,0
0.031036,-1.106909,-0.173426,0.722119,-1.051937,1.662294,0.042796,0,0,1,0
0.541869,-0.215085,0.512445,-1.725918,0.833784,1.431743,-0.096534,0,0,0,0
-0.222555,1.502427,-0.114076,-1.700240,0.613557,-0.048937,-1.007818,1,1,0,1
-0.147895,1.042974,-0.741988,-0.173017,1.157252,-1.008799,1.296909,0,0,0,0
0.297328,-0.120665,0.357711,0.658299,0.195039,0.575224,-0.045415,0,0,1,0
0.466161,-0.438012,0.435720,0.470119,1.146804,1.463380,0.027799,0,0,0,0
0.360489,-0.942857,0.220086,0.955901,-0.285754,0.635843,-0.144399,1,1,0,0
-0.096467,1.022316,0.477005,0.346158,1.220533,-1.052994,0.652659,0,0,0,0
0.585853,0.177247,0.781213,0.595508,-1.093690,3.325650,-0.735492,0,0,1,1
0.593880,-0.881253,1.288164,-1.056411,0.396418,0.810877,1.140307,0,0,0,0
0.582166,-0.171224,0.741256,-1.587904,-0.187350,-0.060971,-0.426296,0,1,0,0
0.637468,-1.515752,0.701517,0.828431,-0.366718,0.486784,-0.494284,0,0,0,0
0.626156,-3.972622,0.771941,0.866460,-0.963236,1.256098,0.137944,1,0,1,1
0.719971,-0.052735,0.043989,-0.232549,-0.208346,-0.041471,0.102360,0,0,0,0
0.395626,0.321652,-0.800838,-0.850658,-0.180655,1.265090,-0.624121,0,1,0,0
0.781616,-2.352794,0.133230,1.514391,-0.871182,3.566870,-0.448314,0,0,0,0
0.548504,-3.420261,0.455446,0.716378,-0.539384,-0.147908,-0.886028,1,0,0,0
0.504804,0.757691,0.475397,-2.426455,0.558524,0.048521,-0.348382,0,0,0,0
0.032830,-1.280823,1.611085,0.453610,0.275042,1.476403,-1.041663,0,0,0,1
0.585705,-0.388306,1.609607,-1.581702,0.394376,-0.648729,-0.589435,0,0,0,0
-0.733775,0.337539,1.428073,-0.336415,1.142556,-0.728877,-0.562187,1,0,1,0
0.415039,-0.510582,0.000040,-1.512084,1.134602,-0.199559,0.970592,0,0,0,0
0.171160,0.113579,-0.006542,-0.747186,1.253664,1.642760,-0.562596,0,1,0,0
0.569691,-1.281083,0.803769,0.640267,0.225210,0.870880,0.093361,0,0,0,0
0.651736,-1.880564,-0.289426,1.375432,0.197620,1.157519,0.144911,0,0,0,1
0.727618,-0.610419,1.259556,-1.513888,0.282433,1.625010,-0.125369,0,0,0,0
0.587333,-0.429198,0.930112,-1.770653,0.566864,0.386144,-0.335995,0,1,0,0
0.593242,0.547143,0.498912,-0.853161,0.549711,0.179338,0.250273,0,0,1,1
0.426045,0.283627,0.300345,-0.118417,-0.063534,-1.321198,0.062049,1,1,0,0
0.599070,0.533075,-0.472887,-0.869258,-1.026763,-0.411747,0.647543,0,0,0,0
0.653177,0.606565,-1.113723,-1.300097,-1.306044,0.344556,0.020150,1,0,1,1
0.513391,-0.075972,-0.359387,1.448083,0.478655,-1.215186,0.104309,0,0,0,0
0.538880,-0.508060,-0.770503,1.452047,0.199801,1.008536,-0.373958,1,0,1,1
0.639238,0.224031,-0.250967,1.409924,0.217793,0.547004,0.499809,0,0,0,0
0.460225,0.100411,-0.693477,0.782379,0.320391,-0.316114,-0.421623,1,1,0,1
0.432896,0.651470,-0.515395,-0.455889,-0.776567,-0.419004,1.246918,0,0,0,0
0.838677,0.124881,0.099383,-1.009866,-1.048585,-0.261899,0.211589,0,0,0,0
0.305040,-0.610636,-0.229566,0.215340,0.244320,-0.010705,-0.238309,0,0,0,0
0.292896,-1.060727,-0.261084,1.390144,-0.599340,-0.021466,-0.306210,0,1,0,0
0.358665,-0.500801,-0.134529,1.022913,0.382995,0.365907,-0.143192,0,0,0,0
0.730815,-2.107759,0.635738,0.966552,-0.499152,-0.788071,-0.319569,0,0,0,1
0.445973,0.031306,0.442007,0.181334,0.385277,0.119142,1.194953,0,0,0,0
0.334290,-2.026213,0.583109,1.113770,-0.025181,1.170962,-0.771221,0,0,0,1
0.576159,-1.184528,0.483341,0.550787,0.377593,1.037743,0.282986,0,0,0,0
0.206295,-4.028227,1.045166,1.882298,-0.386835,0.419260,-0.151911,1,1,1,0
0.551246,-0.701577,-0.272975,0.120907,-0.155587,-0.226840,-0.415380,0,0,0,0
0.526150,-0.646538,-0.083477,-0.258720,-1.059981,0.450672,-0.508485,0,0,1,1
0.546106,-0.160014,-0.851467,-0.077085,-0.011450,2.648418,0.215248,0,0,0,0
0.585050,-1.302109,0.688646,0.592397,-0.467494,2.267053,0.604717,1,0,0,0
0.605068,-1.085783,0.723991,1.045039,-0.120913,0.457623,0.002228,0,0,0,0
0.032629,-0.734037,0.149595,0.888356,-0.155966,-0.383239,-0.251953,1,0,0,0
-0.036566,0.847080,-0.713066,0.544747,0.270038,0.137195,-0.381506,0,0,0,0
-0.210734,0.630679,-0.897848,0.092289,0.159497,-0.787411,-0.199911,0,1,0,1
-0.053939,0.283996,-0.078944,0.046953,0.444019,0.582034,0.908956,0,0,0,0
-0.563920,0.486349,-0.298497,0.874723,0.994185,1.031117,-0.756421,1,0,1,0
-0.101906,1.048820,-0.834656,-0.157811,0.254490,0.631199,-0.802848,0,0,0,0
-0.231592,0.622794,-1.277528,0.096070,0.321624,0.140907,-0.857193,0,1,0,0
0.181945,0.737831,-0.541895,0.494762,0.868180,0.667631,0.310354,0,0,0,0
-0.272011,0.440457,-0.773594,0.764065,0.879171,0.000313,-0.076131,0,0,1,1
-0.216869,0.542506,-0.447295,1.164359,1.682803,-0.207660,0.901471,0,0,0,0
-0.111470,0.757432,-1.092646,0.050371,1.379974,0.090575,-0.446136,1,1,0,1
0.448207,0.502351,-0.422848,-0.161341,-0.841639,-0.599984,-0.027666,0,0,0,0
0.386683,0.418472,-0.868188,-0.926073,-0.905161,0.319081,-0.319815,1,0,1,0
0.008105,1.224854,-0.133324,-0.027959,0.183136,-0.683658,0.922101,0,0,0,0
0.494570,-0.967114,0.780797,0.938645,0.155225,1.190772,-0.405064,0,0,1,0
0.375721,-0.195398,-0.087899,0.546810,0.482545,0.448229,-0.828074,0,0,0,0
0.657593,-1.923109,0.331148,1.112513,-1.774191,3.890095,-0.061712,1,1,0,1
0.278599,0.740030,-0.218054,0.345674,-0.055219,1.080697,0.928860,0,0,0,0
0.633564,0.534941,-0.450791,-0.291515,-0.790937,-0.061277,0.188544,0,0,0,0
0.487571,0.378703,0.226977,1.058700,-0.294209,0.510701,-0.093974,0,0,0,0
0.496871,0.219643,-0.021939,1.049193,-0.089297,0.286246,-0.309394,1,1,0,0
0.084031,0.064301,0.044609,0.942979,0.922608,-0.145622,0.775310,0,0,0,0
0.832017,-1.553545,-0.146952,2.169094,-0.873703,0.808364,-0.264693,0,0,1,1
0.040612,0.280136,-0.436994,0.901419,0.509347,-0.725812,0.665904,0,0,0,0
-0.487590,-0.680085,-0.816026,0.207298,0.982338,0.315019,-1.354269,0,1,0,0
-0.067102,1.314044,-0.293622,0.263038,0.466985,0.535386,0.082808,0,0,0,0
-0.588707,0.738858,-0.324401,1.170400,1.093029,0.141367,0.188791,1,0,1,1
0.704054,-0.239893,0.273734,-0.181144,-0.270468,0.143202,0.568571,0,0,0,0
0.777122,-1.127061,0.527238,-0.344804,-1.071369,1.040565,0.193341,1,0,0,0
0.713437,-1.404090,0.017482,0.362249,0.378009,-0.182978,-0.804881,0,0,0,0
-0.001537,0.410431,0.042071,0.439626,0.596360,0.652881,-0.176970,0,0,0,1
0.179570,0.067404,-0.611011,0.721032,0.694749,0.340943,-0.170685,0,0,0,0
-0.340130,-1.046481,-0.698810,0.350471,1.127580,0.395423,-0.824341,0,1,0,0
0.435911,0.350565,-0.275074,0.479445,0.255732,-0.117472,0.209958,0,0,1,1
0.436019,-0.680544,0.022919,-0.492370,0.354547,0.329700,-0.583961,1,1,0,0
0.034803,-0.328745,-0.401608,1.112705,0.939707,-0.163016,0.308216,0,0,0,0
-0.512427,-0.816835,-0.786108,1.546254,1.143399,-0.169479,-0.829054,0,0,1,1
-0.148573,1.056674,-1.055195,-0.986215,-0.371726,-0.619118,0.647650,0,0,0,0
-0.372017,0.848021,-0.527707,-0.804253,-0.837974,0.311542,0.307316,1,0,0,0
0.000773,1.339927,-0.543475,-0.085161,0.145165,-0.110271,0.217708,0,0,0,0
-0.248983,-0.303077,-0.101910,-0.235714,0.210596,0.784424,-0.466834,0,0,1,0
0.334401,1.269153,0.393869,-0.012117,0.224904,0.594417,1.516434,1,1,0,0
0.778883,-1.101867,0.584665,-0.169373,0.630626,0.419892,-0.081112,0,0,1,1
0.788145,0.333048,-0.458038,-1.257931,-0.461730,-0.414462,0.438744,0,0,0,0
0.268968,0.193306,-0.712057,-0.438570,-0.699988,-0.035809,-0.195502,1,1,1,0
0.429790,0.584135,-0.103649,0.589743,0.103925,-0.478346,0.069820,0,0,0,0
0.648041,-2.459081,0.289613,1.961007,-0.886161,1.183994,-0.426764,1,1,0,1
0.499598,0.644365,-0.351842,0.118667,0.005734,-1.131910,0.342302,0,0,0,0
0.277484,0.596952,-0.989096,-1.417887,-0.897066,0.908970,-0.349281,1,0,1,1
0.619872,0.386934,-0.587335,-0.811817,-0.054417,0.257984,1.135261,0,0,0,0
0.497651,-0.668102,0.306215,0.333533,0.314668,1.011251,-0.549886,0,0,0,0
0.763367,-2.219241,0.816887,0.705949,-0.617106,0.170328,-0.450267,0,0,0,0
0.558968,-1.569243,0.718085,1.423321,-0.744722,-0.194162,-0.314015,1,1,0,0
0.581522,0.632978,-0.063073,-0.712111,-0.046983,0.589993,0.760037,0,0,0,0
0.280374,0.402615,0.041993,0.029647,0.310298,0.717377,-0.506061,0,0,1,1
0.269211,1.105579,-0.852777,-0.787141,-0.246569,0.052388,1.175036,0,0,0,0
0.128281,0.861724,-0.731376,-1.169560,-0.946845,0.569259,0.779985,1,0,0,0
0.069007,0.886269,-0.739343,0.192069,0.826216,-0.073859,0.121703,0,0,0,0
-0.262833,0.729439,0.535307,1.154454,0.185755,0.584125,-0.265598,1,0,1,1
0.687469,0.018036,-0.484192,-0.143867,-0.176964,0.041771,0.359406,0,0,0,0
0.365887,0.227232,-0.172261,0.030986,-0.615483,0.315500,0.996892,0,1,0,0
0.437269,0.446797,-0.260045,0.635985,-1.081586,0.948385,-0.130958,0,0,0,0
-0.255189,-0.136103,-0.723390,0.500642,0.636877,-0.816305,-0.746297,1,0,1,0
0.600749,-0.559437,0.262594,0.492711,-0.502949,0.168294,-0.177963,0,0,0,0
0.192837,-3.398866,0.406284,0.535110,-0.316683,-0.182721,0.158732,0,1,0,1
0.036594,1.933947,-0.643801,-0.681303,-0.282435,0.339091,0.529607,0,0,0,0
-0.546986,1.298707,-1.047128,-1.839500,-0.019071,-0.074519,-0.023179,1,0,1,0
0.379050,1.190355,-0.174004,-0.459800,-0.129540,-0.042204,1.433184,0,0,0,0
-0.197516,1.403642,-0.217081,0.454519,0.444293,0.020747,0.697161,1,1,0,1
0.658278,0.311941,-0.690147,-0.483826,-0.119012,-0.990691,0.297826,0,0,0,0
0.220952,-0.037727,-0.467391,1.297503,0.455532,-0.421505,0.369916,0,0,1,0
0.355838,-0.313353,-0.484509,0.369562,0.478348,0.685467,-0.111632,0,0,0,0
-0.160817,-1.615985,0.244796,0.912176,0.265714,0.527236,0.275394,1,0,0,1
0.193300,1.012758,-0.604928,0.709018,0.187596,0.974387,1.095951,0,1,0,0
-0.600131,0.480177,-0.983326,-0.644665,0.701077,-0.749442,0.246609,0,0,1,1
0.315351,0.016785,-0.499597,-0.650850,-0.745133,-0.431902,0.518478,0,0,0,0
0.403622,0.211660,0.207694,0.337089,-1.074160,-0.417444,0.455668,1,0,0,1
0.398275,1.027526,-0.219809,-0.310883,-0.390217,0.187719,0.969669,0,0,0,0
-0.276000,0.008590,-0.263314,0.361170,0.402975,0.231698,-0.018703,1,0,0,0
0.100946,1.048842,-0.557000,-0.089913,-0.576095,0.115989,-0.631367,0,0,0,0
0.008153,1.504896,-0.855158,-0.958029,-0.249411,1.162286,-0.825252,1,1,0,1
0.309295,0.573824,-0.805119,0.406941,0.672077,-0.388873,1.129524,0,0,0,0
0.577779,-0.399721,-0.523740,1.324944,-0.316309,0.854898,-0.369394,0,0,1,0
0.525532,-0.026594,-0.465072,1.161060,-0.105208,-0.325758,-0.230056,0,0,0,0
0.686704,0.205206,-0.105411,-0.200316,0.409672,0.788911,0.113560,1,0,1,1
0.474315,-0.035058,-0.871269,0.321754,-0.164958,-1.419140,-0.316832,0,0,0,0
0.557002,0.146930,-0.360856,1.004539,-0.285529,0.037967,0.120666,0,1,0,1
0.821737,0.511465,-1.180193,0.167602,-0.569515,0.804916,0.691534,0,0,0,0
0.142250,0.990544,-0.719272,-0.159499,0.204032,0.310921,0.630073,1,0,1,0
0.208959,0.988745,-0.666733,0.596689,0.976718,-0.420981,1.215184,0,0,0,0
0.081662,0.455090,-1.121626,0.886414,0.673533,0.981355,0.487460,0,1,1,1
0.632594,0.020195,-1.025107,0.181912,-0.422150,-0.791046,0.485683,0,0,0,0
0.525106,0.310607,-1.231798,-0.402607,-1.036163,-0.085845,-0.303722,1,1,0,0
0.507874,0.420995,-0.780040,0.197787,0.149608,-0.147291,0.768173,0,0,0,0
0.292632,-0.018905,-0.647667,0.481938,0.095697,0.779665,-0.387894,1,0,1,1
0.859009,-1.247968,0.032947,2.016735,-1.447800,-0.321527,0.149705,0,0,0,0
0.666667,-2.077353,-0.171628,0.402980,-1.832823,0.262818,-0.591279,0,1,0,0
0.973191,-0.537695,-0.115544,1.198059,-0.997719,0.789269,0.161182,0,0,0,0
0.508910,0.878702,-1.342941,-1.059240,-0.880512,-0.323506,0.119059,1,0,1,0
0.966745,-0.610514,0.098005,-1.886367,0.013768,0.296901,1.594347,0,0,0,0
0.734949,-0.222598,-0.370287,-2.462248,-0.632078,0.214859,0.622005,1,0,0,1
0.703606,0.745544,-0.791627,-0.141866,0.520287,2.404914,0.882525,0,1,1,0
0.556622,-0.398256,-0.806898,0.141386,-0.081876,-0.757942,0.182966,1,0,0,1
0.762980,0.882729,-1.438374,-0.763440,-0.210716,-1.152605,0.960371,0,1,0,0
0.817240,0.939272,-0.943615,-0.079667,-0.136983,-0.194607,0.418432,0,0,1,1
0.895962,0.339948,-1.310700,0.472026,0.128318,0.296764,0.718216,1,1,0,0
1.134168,-0.468577,-0.863913,-0.104283,0.259797,-0.107360,0.620609,0,0,1,1
1.232685,0.283750,-0.304711,-0.347269,0.062975,0.506777,0.998411,1,1,0,0
1.096445,0.301603,-0.959597,-0.469960,-0.335032,-0.301632,0.805405,0,0,1,1
1.036264,-0.415932,-0.040821,-0.419702,0.094223,0.305273,0.023926,1,1,0,0
1.108791,-0.899886,0.264452,-0.558221,0.702499,-0.956636,0.298475,0,0,1,1
1.323132,-0.852670,0.229708,-0.592991,0.963207,-0.056961,0.571626,0,0,0,0
1.282644,-2.254559,0.162641,0.040695,0.163616,1.041124,-0.238852,1,1,0,1
1.110587,-0.603443,0.824765,-0.411336,0.162302,-0.294439,1.511700,0,0,0,0
1.276841,-0.634781,-0.435850,-1.454679,-0.558429,0.639447,0.744916,0,0,0,0
1.281320,-0.854858,-0.259568,-1.830913,-0.674335,1.092870,1.192637,0,0,0,0
1.000479,-0.323510,-0.990708,-1.549839,-0.787010,0.105572,1.607747,0,0,1,1
0.796812,0.777300,0.841120,-1.288025,0.247731,0.807268,1.511430,0,1,0,0
0.049177,0.820853,0.733141,0.362881,0.514312,-0.930915,0.758153,1,0,1,1
0.735491,-0.412640,0.543796,0.529847,0.633410,0.142679,0.112471,0,0,0,0
0.875050,-0.273831,0.082715,0.821937,0.373558,0.499596,0.092588,0,1,0,0
0.626606,-0.450305,-0.077211,1.007640,0.225926,0.705137,-0.164222,0,0,0,0
0.204311,-0.176880,-1.562805,-0.261232,0.321428,0.270974,-0.127867,0,0,1,1
-0.148141,0.573277,-0.757945,-0.087670,1.075340,-0.981987,1.342053,0,0,0,0
-0.003674,0.694660,-1.431626,0.117606,0.892223,0.043387,-0.395985,1,1,0,0
-0.381293,0.883408,-1.509232,0.203228,1.146343,-0.655516,0.952744,0,0,0,0
-0.219792,0.961114,-1.217134,0.206759,0.869876,0.363954,-0.157800,1,0,1,1
0.616086,-0.259498,-1.164263,0.219895,-0.042047,-0.182087,-0.030614,0,0,0,0
0.620944,-0.382689,-1.294724,0.747559,-0.067845,0.578237,-0.161936,0,1,1,0
0.271988,0.174978,-0.894991,0.090523,0.930731,-0.325027,1.660268,0,0,0,0
0.369493,0.359931,-1.158567,0.273110,0.392937,0.974346,-0.359989,0,1,0,0
0.513202,-0.179298,-1.480213,-0.720583,0.337421,0.642983,-0.417967,0,0,0,0
0.357463,-0.063212,-1.576390,0.299300,0.682332,-0.252085,-0.158517,0,0,0,1
0.023601,0.220319,-0.956871,0.278568,1.539551,-1.228020,1.815475,0,0,0,0
0.156778,-0.094769,-1.191429,-0.045915,0.440858,0.394872,-0.464680,1,1,1,0
0.674924,-1.050266,-0.877152,-0.322757,0.943561,-1.257258,-0.002130,0,0,0,0
0.748215,-0.694076,-1.024984,0.118950,-0.158023,0.458200,-0.011567,1,0,0,1
0.346038,-0.047369,-0.894302,0.303756,1.195451,-0.997163,1.018356,0,0,0,0
0.296814,0.273039,-0.911647,0.302380,0.577255,-0.069114,-0.354600,0,0,0,1
0.494182,-0.629001,-0.532487,0.128412,1.024474,1.048471,-0.151128,0,0,0,0
0.592307,-0.678933,-1.209787,0.531050,0.478081,0.161269,-0.178555,1,1,0,0
0.308914,-0.386710,-0.733077,0.312093,0.848851,-0.253968,1.689283,0,0,0,0
0.470636,-0.490641,-0.717897,0.100232,0.495329,0.591854,-0.294564,1,0,1,1
0.591851,-0.607031,-0.444777,0.089562,1.047663,-0.936188,0.052896,0,0,0,0
0.096003,-0.205182,0.035159,0.941625,-0.242791,-0.582050,-0.638092,0,1,1,1
0.173157,-0.223927,-0.520006,0.661852,0.557045,-0.278353,0.968896,0,0,0,0
0.400816,-0.665540,0.023676,0.873262,0.334814,1.207929,-0.080028,0,0,0,0
0.412230,-0.503479,-0.219061,0.559539,0.505439,-0.257018,-0.210234,0,0,0,0
0.071679,0.003304,-0.244127,1.173944,0.416769,-0.792876,0.307324,1,0,1,0
-0.320200,0.200604,-0.235821,0.633319,1.280442,-0.907620,1.066681,0,0,0,0
-0.273019,0.249103,-0.807497,0.310733,0.887085,0.050071,-0.431047,1,1,0,1
0.319474,-1.120823,-0.493323,0.415980,0.492050,-1.488076,-0.245786,0,0,0,0
0.475644,-0.826639,-0.456098,0.709341,0.093465,1.115241,-0.277616,0,0,1,1
0.191180,0.110544,-0.322640,0.317167,0.937003,-0.818683,0.972081,0,0,0,0
0.135708,-0.035084,-0.612243,0.399051,0.387670,0.773646,-0.548280,0,1,0,0
0.202846,-0.521134,-0.788223,0.770792,0.472480,0.160573,-0.490039,0,0,0,0
0.130679,-0.685441,-0.788135,1.508947,0.656753,0.052907,-0.060440,1,0,0,1
0.009100,-0.212157,-0.554869,0.647069,1.534233,-1.231624,1.164375,0,0,0,0
0.133410,0.012446,-0.852655,0.271900,0.751173,1.092531,-0.301910,1,0,1,1
0.448802,-1.099255,-0.728596,0.528342,0.464473,-1.069035,-0.305726,0,0,0,0
0.499282,-0.538934,-0.915063,0.880271,0.115025,0.669629,-0.455086,0,1,1,0
0.252763,0.520709,-0.575671,0.421074,0.783280,-0.648108,1.303517,0,0,0,0
-0.008108,-0.149363,-0.314655,0.589445,0.565281,0.293542,-0.519006,0,0,0,1
0.541454,-0.332613,-0.911802,0.471679,0.775332,0.783491,-0.257641,0,0,0,0
0.277154,-1.108196,-0.411721,0.850388,0.131884,-0.041738,-0.344381,1,1,0,0
-0.124194,-0.604958,-0.780667,0.884318,1.241871,-1.236068,1.214970,0,0,0,0
0.065299,-1.127821,-0.406683,-0.311413,1.301386,0.172871,-0.395083,1,0,1,0
0.479925,-0.955935,-0.471607,0.248794,0.491097,-0.804952,-0.605723,0,0,0,0
0.632164,-1.119692,-0.640529,0.003141,-0.018751,0.437535,-0.254318,0,1,1,0
0.285675,0.111350,-0.125439,0.182798,1.015060,-0.296628,1.802362,0,0,0,0
0.225147,-0.616894,0.022918,0.105932,0.746045,0.010327,-0.381461,1,1,0,0
0.192719,0.209468,-1.154088,0.460592,0.875197,-0.816616,-0.048307,0,0,1,0
-0.286092,0.453330,-0.417788,0.642792,1.665700,-1.380789,-0.249659,1,0,0,1
-0.706412,0.324885,-0.957841,0.449886,1.426516,-0.562346,1.280116,0,0,0,0
-0.499904,0.663150,-1.176856,0.433357,1.385283,0.078157,0.502990,0,1,1,1
0.556977,0.329531,-0.664390,0.532894,0.437629,-0.770783,0.365803,0,0,0,0
0.182785,0.050423,-0.142723,0.642435,-0.033084,0.189297,-0.222305,1,1,0,1
0.243184,-1.148260,-0.749551,0.811901,0.291870,-0.214181,0.819904,0,0,0,0
0.264108,-1.197991,-0.550321,0.733201,0.107058,0.610573,0.066547,0,0,0,0
0.201319,-1.104384,0.098462,0.081201,0.315040,-0.659680,0.204105,0,0,0,0
0.226461,-0.749886,-0.015358,0.334015,0.119265,-0.654463,-0.217980,1,1,0,0
-0.200888,0.127718,-0.124290,0.854381,1.057443,-0.054774,1.286745,0,0,0,0
-0.106964,0.568934,-0.404408,0.676363,0.887781,0.396592,-0.520624,0,1,1,1
0.370367,-0.696055,-0.904680,1.474721,0.234826,-1.510423,-0.212377,0,0,0,0
0.471906,-0.603415,-0.763508,0.691790,0.078616,0.976502,-0.192220,1,0,1,0
-0.311994,-0.527902,-0.276410,0.716261,0.931261,-0.367295,1.015557,0,0,0,0
0.040106,-0.040445,-0.451759,0.986291,0.361867,0.620007,-0.557706,0,1,0,0
0.330149,-0.317529,-0.825442,0.122398,-0.080594,0.304856,-0.542156,0,0,0,0
0.540962,-0.286533,-1.061421,0.602463,-0.038155,-0.544962,-0.422036,0,0,1,1
-0.016491,-0.310552,-0.867674,0.158658,0.591267,-0.920940,0.890520,0,0,0,0
0.209544,-0.054090,-1.028219,0.903970,0.601413,-0.699130,-0.225748,1,0,0,1
0.430704,-0.930185,-0.324023,0.069033,0.386377,-1.252666,0.103904,0,0,0,0
0.803272,-0.239159,-1.012843,0.431291,-0.011060,1.293919,-0.079684,0,1,1,0
-0.143618,-0.769902,-0.417197,0.520654,0.256423,-1.246444,1.220347,0,0,0,0
0.177645,-0.192361,-0.703628,0.475392,0.797810,0.560268,-0.167189,1,0,0,0
0.225307,-0.739892,-1.137905,0.408128,0.414030,-0.319997,-0.267280,0,0,0,0
0.279439,-0.832926,-0.995671,0.518936,0.159901,0.539158,-0.190656,0,0,1,1
0.400245,-0.315469,-0.639518,-0.136067,1.193550,-0.226402,1.411874,0,0,0,0
0.257055,0.105950,-1.383311,0.197359,0.657457,0.610247,-0.175893,1,1,0,1
0.496689,-0.739556,-0.931270,-0.162960,0.340489,-1.626030,-0.294318,0,0,0,0
0.761247,-0.439712,-0.735915,0.067075,0.173131,1.813451,-0.487412,1,0,1,0
0.198716,-0.209258,-1.124989,-0.256709,0.913092,-1.238464,0.828165,0,0,0,0
0.039445,-0.304175,-0.661293,0.211678,0.725612,0.910240,-0.320817,0,0,0,1
0.154570,-0.166110,-1.334402,0.111948,0.582804,0.251200,-0.015038,0,0,0,0
0.417122,-0.261936,-0.975341,0.040905,0.014542,0.584337,0.163753,1,1,0,0
-0.217878,-0.434319,-0.272258,0.605125,1.187245,-1.082390,1.127686,0,0,0,0
0.195833,0.018824,-0.654711,-0.234608,0.255439,0.857207,-0.104014,1,0,1,1
0.267490,-0.906291,-0.218460,0.366084,0.251504,-1.786402,-0.371723,0,0,0,0
0.441482,-0.352271,-1.115760,0.708916,0.162089,0.482992,-0.376977,1,1,0,1
0.136340,-0.762152,-0.443713,0.932864,0.560595,-1.536694,1.104062,0,0,0,0
0.483243,-0.782044,-0.148866,0.621040,0.568418,2.134211,-0.219907,0,0,0,0
0.154730,-0.679717,-0.156813,0.676792,0.398060,1.104390,-0.326281,0,1,0,0
-0.040526,-0.084197,-0.196078,0.780359,0.127940,-0.210392,-0.321529,0,0,0,0
-0.083573,0.293633,-0.898691,0.214734,1.154131,-1.208965,0.848559,0,0,0,0
-0.433113,0.232026,-0.621173,0.259112,0.223506,-0.082058,-0.321911,0,0,1,1
0.352834,-0.759173,-0.857937,0.588301,0.287266,-1.439889,-0.364307,0,1,0,0
0.159862,-0.674323,-0.530877,1.109212,-0.129535,1.322984,-0.474459,1,0,0,0
0.201953,0.418558,-1.100798,-0.371191,0.954129,-1.073698,1.656187,0,0,0,1
0.453966,0.730305,-0.987904,0.073933,0.138906,1.096337,-0.183870,0,0,0,0
0.458186,0.051865,-1.486967,-0.466412,-0.424261,2.459540,-0.322466,0,0,0,0
0.257727,-0.408719,-1.120037,0.670446,-0.190044,-0.178504,0.081558,0,0,0,0
-0.405810,-0.081816,-0.971729,0.224127,1.092978,-1.187239,1.545773,1,0,0,0
-0.318133,-0.430772,-0.311669,0.074395,0.245304,1.301251,0.281050,0,0,1,1
0.271063,-1.233144,-0.541959,0.152473,0.188775,0.669276,0.135777,0,1,0,0
0.332653,-1.274108,-0.492434,0.602212,-0.134699,1.351806,-0.448129,0,0,0,1
0.187347,-0.407504,-0.702105,0.077105,0.739578,-0.394042,1.421178,1,0,0,0
0.020891,-0.292389,-0.749922,0.673203,0.574857,2.813406,-0.654574,0,1,0,0
0.092777,-0.320170,-0.767524,0.647451,0.190879,-1.053528,0.473955,0,0,0,0
0.332362,-0.510644,-0.484064,0.467885,-0.159248,3.906133,-0.085745,0,0,0,0
-0.192042,-0.922742,0.090701,1.123116,0.329493,-1.607010,1.558617,0,0,1,0
0.170026,-0.523706,-0.463602,0.941273,0.209008,1.198963,0.121474,1,1,0,0
0.413631,-1.253993,-0.264811,0.938599,-0.095863,-1.367581,0.316907,0,0,0,0
0.427763,-0.802420,-0.111201,0.596571,-0.659149,0.086605,0.077678,1,0,0,1
-0.314696,-0.015211,-0.151604,0.801815,0.668780,-1.236561,1.491340,0,0,0,0
0.256754,0.014355,-0.187585,-0.217026,-0.557452,1.030948,0.221363,1,1,0,0
0.515382,-0.320930,0.077809,-0.794793,-1.597742,-1.162889,0.359628,0,0,1,1
0.591597,-0.209484,0.115046,-0.644256,-1.428031,-1.282063,-0.066706,0,1,0,0
0.444294,-0.120598,0.319572,0.264617,-1.391338,-0.569566,1.433603,0,0,0,1
-0.536553,0.835582,0.516109,0.291162,0.362614,-1.288785,1.317968,1,1,1,0
0.448511,0.050845,0.519553,0.475429,-0.392215,-1.283446,0.346465,0,0,0,0
0.601277,-1.300408,-0.854746,1.764512,-0.599900,1.073185,-0.180275,1,0,1,1
0.484043,-0.042496,0.151645,1.347381,-0.280001,0.149428,1.284001,0,0,0,0
0.283162,-0.796588,0.825563,0.939402,0.257176,0.897985,-0.130072,0,0,0,0
0.417410,-0.508953,0.341576,0.703336,-0.042116,-0.202492,-0.028026,0,0,0,0
0.249777,-0.241837,0.615937,0.548693,0.052151,-0.076486,0.233058,0,1,0,1
-0.083858,0.010513,0.106958,1.186319,0.033037,-0.285217,1.413469,0,0,0,0
-0.116228,1.080100,0.448637,-0.031954,0.537768,0.561594,-0.339527,1,0,1,1
0.644381,0.058803,0.277352,0.190079,-0.730054,-0.492765,0.244492,0,0,0,0
0.558888,-0.180237,0.044572,-0.271842,-1.086861,0.453884,0.417477,0,1,0,0
0.534524,0.216930,0.412803,0.016127,-0.762803,0.042021,-0.012373,0,0,0,0
0.222157,-0.290984,0.224870,-0.027623,-0.128002,0.253722,-0.590228,1,0,0,1
0.111799,0.767119,0.055246,-0.211310,0.386578,-0.540286,1.240488,0,0,0,0
-0.065320,0.747293,-0.316717,0.114970,-0.268171,0.244692,-0.873202,0,1,0,1
0.026728,0.440994,-0.241296,-0.440112,-0.138417,-0.740189,1.267753,0,0,0,0
-0.123983,0.819101,0.092173,0.282192,0.404277,0.745086,-0.139013,1,0,1,0
0.462743,-0.035251,0.559424,0.413877,-0.433022,-1.138088,-0.129560,0,0,0,0
0.259352,0.028955,0.378952,0.870914,-0.341074,-0.477459,-0.061463,1,1,0,0
-0.090389,1.410533,0.402292,0.403009,0.317413,-0.146901,1.634763,0,0,0,0
0.127409,1.034808,-0.143235,0.386795,-0.813462,0.476920,-0.231729,0,0,0,1
0.332511,0.650779,-0.172371,0.593384,-0.938496,0.059418,-0.080325,0,0,0,0
0.247236,1.002197,-0.037027,0.479586,-0.735360,0.210774,0.021884,0,1,1,0
0.363294,0.740660,0.143569,0.262040,-0.544062,-0.893697,1.565225,0,0,0,0
0.478519,0.302600,-0.163965,-0.525032,-1.182481,0.669545,-0.499370,1,1,0,1
0.126999,-0.535507,-0.835611,0.320409,-0.481872,-1.549915,-0.381991,0,0,0,0
0.531160,-0.368330,-0.263199,1.305763,-0.695754,0.398610,-0.195250,0,0,1,0
-0.284659,0.861804,-0.424195,0.584093,0.843147,0.191777,-0.486043,0,0,0,0
-0.534789,1.401901,-0.806571,-0.374979,1.239647,0.070797,-0.836021,1,0,0,1
0.277754,1.718375,0.397308,-0.376061,-0.871929,-0.180342,1.759345,0,0,0,0
-0.392054,1.533665,0.235898,-0.275508,0.397221,1.896853,-0.707516,1,0,1,0
0.137892,0.680218,-0.019972,-0.068901,-0.474357,0.718092,1.286035,0,0,0,0
-0.450450,1.988280,-0.009055,-0.577199,0.453726,0.388556,0.289008,0,1,1,0
0.211569,-0.443014,0.062558,0.186731,-0.337045,-1.403183,-0.396477,0,0,0,0
0.376574,0.217035,-0.702320,-0.258212,-0.817486,1.569341,-0.625835,1,1,0,1
-0.060127,0.985341,0.200654,0.944171,1.109235,-0.787470,1.482909,0,0,0,0
0.146102,1.072950,-0.300544,-0.024421,-0.331551,0.832033,-0.119409,0,0,0,0
0.479652,0.486710,-0.391906,0.152008,-0.941572,1.293768,0.228158,0,0,0,0
0.286760,0.406166,-0.083898,0.310754,-1.210706,0.526306,0.280763,0,1,1,0
-0.495971,0.647534,-0.303582,-0.095556,0.852849,-1.057988,1.044068,0,0,0,0
0.374599,-0.869692,-0.289457,1.053428,-1.218320,0.207250,-0.974109,1,1,0,1
0.643706,0.709056,-0.204245,-0.106981,-1.411564,-0.720650,-0.156935,0,0,0,0
0.307765,0.900913,0.106763,0.167994,-0.990827,-0.473197,0.620595,0,0,1,0
-0.039130,1.651071,-0.308067,-0.552234,-0.753324,-0.191807,0.097866,0,0,0,0
-0.122239,1.766882,0.014795,-0.037448,0.529458,0.379236,-0.069794,1,0,0,1
-0.303384,1.312222,0.698605,-0.265776,0.561781,-0.963425,0.646589,0,0,0,0
-0.707787,1.458489,-0.552510,-0.179060,0.921642,-0.367731,-0.836598,1,1,0,0
-0.516844,1.149849,0.136302,0.975276,1.312014,-0.380561,1.054827,0,0,0,0
-0.681299,2.023129,-0.092316,0.050898,0.467390,-0.205804,-0.045445,0,0,1,1
0.185644,-0.253973,0.225007,0.718253,-0.328693,-1.522702,-0.239225,0,0,0,0
0.070038,-0.045948,-0.060568,1.393262,-0.093719,0.181951,-0.302574,1,0,1,0
-0.032785,1.216466,0.322630,0.415572,-0.067553,-0.304846,0.715715,0,0,0,0
-0.366251,1.591081,0.040678,0.195886,0.548125,0.941787,-0.279967,0,1,0,0
-0.137921,0.948152,-0.326820,0.439239,0.042878,-0.762084,-0.182520,0,0,0,0
-0.251343,0.892691,0.143998,0.995044,0.338214,-0.420636,-0.178147,1,0,0,1
-0.084821,1.727094,0.054357,0.077322,0.401193,-0.831492,1.019634,0,0,0,0
-0.260994,1.160634,-0.501164,0.058304,0.400349,0.801122,-0.986748,1,1,0,1
0.619286,-0.834816,0.077895,0.945832,-0.133794,-0.773900,-0.371610,0,0,0,0
0.309259,-0.169214,-0.225661,1.992221,-0.069014,-0.454811,-0.399924,0,1,0,0
0.455851,-0.583857,-0.686806,2.111153,-0.498425,4.098438,-0.393731,0,0,0,0
0.330952,-0.656492,-0.131130,1.950584,-0.579556,0.521114,-0.703915,1,0,1,0
0.092495,-0.440399,0.727516,1.231422,1.373668,0.956150,1.115956,0,0,0,0
-0.413503,1.374244,-0.280569,1.078019,1.793623,-0.010077,-0.307119,0,1,1,0
-0.297683,1.690750,-0.523566,-0.238179,1.170250,-0.580851,1.452271,0,0,0,0
-0.428890,1.726900,0.201587,-0.133489,1.136716,0.226441,-0.121149,1,0,0,1
0.241912,0.492552,0.752905,0.958126,-0.200836,-1.270387,0.147332,0,0,0,0
0.128121,0.491513,0.490927,0.958619,-0.409911,-0.497236,-0.504496,1,0,1,1
0.326681,0.646751,0.305717,0.441395,-0.689856,-0.065587,1.494697,0,0,0,0
0.421990,0.021871,-0.051189,0.299023,-1.167185,0.059431,-0.325715,0,0,0,0
0.452329,-0.016099,0.337420,-0.589092,-0.631194,0.100986,0.166324,0,0,0,0
0.359486,0.812707,-0.139863,-0.568318,-0.772736,-0.134481,0.270730,1,1,0,0
0.022626,1.259405,0.555231,0.611939,-0.086666,-0.478892,1.098081,0,0,0,0
-0.218636,0.589813,0.162272,1.052765,0.391810,0.485508,-0.091115,1,0,1,1
0.392555,-0.218310,0.087382,1.147684,0.290511,-1.571543,-0.028846,0,0,0,0
0.268299,0.083658,0.036889,1.421423,0.175922,0.375459,-0.364939,0,1,0,0
-0.347340,0.739156,-0.470331,0.501541,1.053377,-0.360620,-0.095956,0,0,0,0
-0.355324,0.731454,-0.434008,0.011442,1.191122,0.187569,-0.747001,1,0,0,1
-0.004376,0.769829,0.010775,-0.444624,0.213536,-0.411055,1.573623,0,0,0,0
-0.009649,0.880364,-0.346178,0.644037,0.046289,1.090862,-0.643940,0,1,0,1
-0.004104,-0.648086,-1.054462,1.546235,0.406072,-0.807117,1.014768,0,0,0,0
-0.483437,1.860259,-0.374393,0.172897,1.751308,-0.351754,-0.394940,1,0,1,0
0.398834,-0.174330,0.538580,1.007493,-0.409390,-1.085474,-0.000806,0,0,0,0
0.072406,-0.393977,-0.390441,0.778001,-0.085430,-0.574631,-0.705827,1,0,0,1
0.168785,0.684182,0.533107,1.798857,-0.156913,-0.084776,1.396503,0,0,0,0
-0.056285,1.131804,-0.307441,0.884921,-0.120577,0.227809,-0.354047,0,1,0,0
0.434813,0.268425,-0.403408,0.641489,-0.508852,0.084356,-0.009875,0,0,0,0
0.216265,0.563014,-0.008530,0.632167,-0.669884,-0.439385,-0.308284,0,0,1,1
0.177189,0.804411,-0.073468,1.065555,-0.410120,-1.062178,1.740865,0,0,0,0
-0.328827,1.201070,-0.626220,-0.421413,0.613669,0.569577,-0.907968,1,1,0,1
0.281189,-0.604572,-0.390835,0.955998,-0.322192,-1.300805,-0.685394,0,0,0,0
0.462674,-0.231429,-0.445560,1.176543,-0.771528,-0.257987,-0.506781,0,0,1,0
-0.404098,0.560862,-0.621710,0.204317,0.875768,0.227536,-0.869050,0,0,0,0
-0.503960,1.520934,-0.015034,0.663525,1.237189,0.537379,0.316593,1,0,0,1
0.065761,-0.008302,0.933521,0.586997,0.688596,1.459527,0.799361,0,0,0,0
-0.068528,1.097167,0.058616,0.490279,0.183759,0.835626,-0.299705,0,1,1,0
-0.381229,1.337567,0.678141,0.752879,0.641381,-0.725224,1.774329,0,0,0,0
-0.415856,1.397461,-0.132757,0.256290,0.784083,0.145998,-0.358202,0,0,1,1
0.347945,-1.889475,0.007697,0.601736,-1.112242,-1.300293,-1.082008,0,0,0,0
0.349258,-1.432921,0.420339,1.917623,-1.542302,0.580613,-0.842967,1,1,0,1
0.454909,-1.994207,0.266257,0.809807,-0.796171,-0.387553,0.566069,0,0,0,0
0.324188,-1.066871,-0.114448,1.108779,-0.877825,-0.143495,-0.762003,1,0,1,0
0.417133,0.511514,-0.370222,-0.052736,-0.968147,-0.047053,0.458158,0,0,0,0
0.235933,0.109723,-0.253923,-0.691814,-0.753679,-0.095648,0.013946,0,1,0,1
0.076537,0.489822,-0.692999,-0.623449,-1.051665,0.142785,1.569509,0,0,0,0
-0.061468,0.680217,-0.779239,-1.022296,-0.586239,0.331548,0.524831,1,0,0,1
0.386724,-0.067516,-0.088654,0.213035,-0.723959,-1.431369,0.570382,0,0,0,0
0.189891,0.228986,-0.580994,-0.037999,-0.286125,0.172026,0.662051,0,1,0,0
-0.157552,0.879126,-0.558794,-0.383986,-0.821716,-0.308869,1.200665,0,0,0,0
-0.221755,1.080370,-0.835948,-0.424210,-0.531174,0.301694,1.505959,1,0,0,1
0.024497,0.526317,-0.199599,-1.205503,-0.775788,-0.848761,2.359191,0,0,0,0
0.173349,1.146700,-1.376553,-0.134914,-0.854690,1.257383,1.484618,0,1,0,1
-0.470177,1.773185,-0.127017,-0.454702,0.450904,-0.873795,1.034330,0,0,0,0
-0.363643,1.615011,-0.417293,-0.692300,-0.291467,-0.133562,0.248642,1,1,1,0
0.697474,-0.312038,-0.738619,-0.125200,-1.128332,-1.242692,0.091854,0,0,0,0
0.042383,0.179604,-0.391382,0.396975,-0.402435,0.060529,-0.985060,1,0,0,1
0.575167,-0.615942,0.982762,1.275915,-1.200945,-0.724671,0.920782,0,0,0,0
0.023863,1.760473,0.061407,0.200372,-0.593519,-0.142871,0.150459,0,1,0,0
0.048240,0.654579,-0.806745,-0.287942,-1.155302,-0.779460,0.105310,0,0,0,0
-0.307997,1.299000,-0.903291,-0.181266,-0.248240,0.712841,-0.035048,0,0,1,1
-0.428994,1.710875,-1.043053,-0.316225,0.395765,-0.638838,1.438278,0,0,0,0
-0.112659,1.224862,-0.630476,0.329477,-0.334505,1.552878,-0.412765,1,1,0,1
0.126020,-0.415463,-0.349662,0.477968,-0.249134,-1.738242,-0.761068,0,0,0,0
0.629367,0.229047,-0.099934,0.820652,-0.991577,0.565364,0.149324,0,0,0,0
0.095058,-0.185476,-0.143819,0.894985,0.142414,0.316992,-1.131880,0,0,0,0
0.447754,0.509620,-0.090036,-0.781180,-0.528527,0.444011,0.113269,1,1,0,1
0.483825,1.144734,0.731723,-0.689233,-0.433630,-0.199732,1.738490,0,0,0,0
0.408483,-1.139707,0.032286,1.291899,-1.515841,0.623220,-0.681062,0,0,1,0
0.210506,0.482213,0.409125,0.846468,-0.341940,0.697741,0.350929,1,1,0,0
0.568126,-0.137236,0.377865,-0.384504,-0.362958,-0.853053,-0.111070,0,0,1,1
0.529239,0.392154,0.406207,-0.025865,-0.840123,-0.199576,0.005992,0,0,0,0
0.035465,-0.166578,-0.383379,0.733117,-0.526898,0.233341,-0.967440,1,1,0,1
0.038554,0.873851,0.264931,-0.218045,-0.348087,-0.775202,1.603923,0,0,0,0
0.490713,0.351500,0.014441,-0.831291,-1.291360,1.336114,0.611012,0,0,0,0
0.263252,-0.128906,0.228539,-1.158022,-1.029873,1.274579,0.429595,0,0,0,0
0.194577,0.662775,0.508900,-0.035650,-0.969858,-0.403844,0.223228,0,1,0,1
0.034283,1.243663,0.759981,0.056804,-0.359099,0.052064,1.070267,0,0,0,0
-0.229875,1.075633,0.200085,0.313936,0.671926,-0.360899,-0.116076,1,0,1,1
0.373425,-0.108967,-0.014991,0.410720,-0.740101,-1.355289,-0.385451,0,0,0,0
0.493374,-0.039276,0.004612,0.586419,-1.180902,0.032895,0.046578,0,1,0,0
0.361841,0.052393,0.093175,0.550691,-0.630339,0.821981,0.098184,0,0,0,0
0.377191,0.211792,0.325381,0.633051,-0.110045,0.143335,0.263917,1,0,0,1
-0.073901,0.673164,0.314939,0.883758,0.856596,-1.095666,1.330525,0,0,0,0
-0.240465,-0.080792,-0.364370,0.422035,0.657718,0.175661,-1.182240,1,0,1,0
-0.154946,1.246761,-0.069449,0.667200,0.720143,-0.093301,1.392619,0,0,0,0
0.022990,1.243877,-0.417133,0.010055,-0.002686,0.209744,0.045885,0,1,0,1
0.475853,0.061439,0.009685,0.501555,-0.229614,-0.957389,-0.188675,0,0,0,0
0.058080,-0.040145,-0.233638,1.002935,-0.329297,-0.836363,-0.317072,1,0,0,1
-0.038546,1.455279,0.055571,0.829266,0.617489,0.120794,1.259869,0,0,0,0
-0.124865,1.567430,-0.052295,0.282288,-0.054057,0.111029,0.014919,0,0,1,0
0.190035,0.464672,0.383442,-0.736687,0.301189,-0.117089,0.104169,0,0,0,0
-0.160455,2.053574,-0.003944,-0.360856,-0.097461,-0.292300,0.345157,1,1,0,0
-0.322182,2.004527,0.196895,0.165780,0.578600,-0.117519,1.666190,0,0,0,0
-0.879180,1.718018,-0.830796,-0.018009,1.732281,0.025082,-0.939531,1,0,1,1
0.425463,-0.227295,0.078419,1.172569,-0.789078,-1.321505,-0.197337,0,0,0,0
0.645788,0.595186,-0.124646,1.246531,-0.689329,0.356347,0.163109,0,1,0,0
-0.159571,1.209996,-0.250005,0.405196,0.379273,1.202521,-0.465956,0,0,0,0
0.414835,0.569183,0.523853,-0.434309,0.212911,3.808715,-0.172914,1,0,0,1
0.483072,0.686151,0.375022,-0.826951,-0.167086,-1.041844,1.901190,0,0,0,0
-0.347835,0.284406,0.011802,-0.725840,1.275759,0.527796,-0.734696,0,1,0,1
-0.541057,1.557622,0.147452,0.755478,1.750304,-0.805441,1.003219,0,0,0,0
-0.347799,1.562500,-0.110079,-0.282865,0.584958,0.757561,0.026883,1,0,1,0
0.168203,0.279486,0.768200,0.487236,-0.367298,-1.191246,0.149187,0,0,0,0
0.212706,0.889079,0.303965,0.847313,-0.061028,0.661777,0.247773,1,0,1,1
0.022257,0.648055,0.379954,0.358345,1.012147,0.496191,0.744514,0,0,0,0
0.295997,0.208361,0.136741,0.184648,-1.063795,0.607758,0.034248,0,0,0,0
0.204074,-0.103155,0.015522,0.079050,-0.781809,0.246210,0.092207,0,0,0,0
0.303725,0.354881,0.257893,0.267496,-0.691974,0.571329,0.355127,0,1,0,1
0.145233,-2.212864,0.195595,1.232096,-0.763896,0.479330,0.593861,0,0,0,0
0.312781,-1.633172,0.148619,0.834701,-1.393501,0.054759,-0.847427,1,0,1,1
0.560992,0.403246,0.140851,0.134642,-0.902822,-0.855515,0.033217,0,0,0,0
0.394594,0.963466,0.039546,0.346752,-1.114612,-0.030468,-0.046236,0,1,0,0
0.266792,0.975817,-0.016114,0.134528,-0.588051,-0.123758,-0.119696,0,0,0,0
-0.216297,1.423157,-0.172430,-0.145071,0.509874,-0.021168,-0.341912,1,0,0,1
-0.108786,1.425916,-0.015014,0.779029,0.529098,-0.631059,1.167485,0,0,0,0
0.148250,-1.536145,-0.272617,1.496900,-1.053319,0.475067,-0.964984,0,1,0,1
-0.162161,0.131282,0.259683,1.078472,0.570702,-0.999336,1.110487,0,0,0,0
-0.604999,2.342984,-0.265834,0.162637,1.622146,-0.870148,-0.087700,1,0,1,0
0.098473,-0.372129,0.126198,1.046478,0.330912,-1.283615,-0.126380,0,0,0,0
0.054221,0.070577,0.176818,1.492578,-0.138212,0.293171,0.194002,1,1,0,1
-0.110155,0.592830,0.470514,0.824810,0.635742,-0.359226,0.979177,0,0,0,0
0.044646,0.215117,0.597748,0.788279,-0.263372,-0.508055,-0.119722,0,0,0,0
0.188024,0.172160,0.133285,0.630332,-0.392880,0.421772,-0.416013,0,0,0,0
0.367648,0.148227,0.268286,0.292519,-0.315685,0.217915,-0.569488,0,1,1,0
0.043111,0.332599,-0.306025,0.417949,0.242176,-1.362907,0.924465,0,0,0,0
0.274677,0.130278,-0.504844,0.276856,-0.488824,0.597301,-0.229182,1,1,0,1
0.692695,-0.919666,0.016664,1.470527,-0.059925,-1.469955,-0.014270,0,0,0,0
0.537898,-1.162316,-0.520309,1.977790,-0.945985,-0.401078,0.408602,1,0,1,0
-0.368696,0.005942,-0.262790,0.950488,0.521967,-0.670317,1.174403,0,0,0,0
0.512020,-2.360927,1.107195,1.240711,-1.082632,0.440984,-0.460650,0,0,1,1
0.705739,0.327484,-0.068181,0.252656,-1.702445,-0.474900,0.963777,1,1,0,0
0.955256,-0.045765,0.581957,-0.437417,-2.000890,-0.454043,1.019114,0,0,0,1
0.749113,0.244721,-0.010533,-0.360841,-1.538180,0.310784,1.100196,0,0,1,0
0.345074,1.048388,0.019098,-1.141166,-1.805138,-0.059068,1.039675,1,1,0,0
0.221729,1.076203,-1.262809,0.385693,-0.559451,0.331210,1.036813,0,0,1,1
0.247814,1.150028,-0.811850,-0.121089,-0.818378,-0.713586,0.636934,1,0,0,0
-0.996508,2.161425,-1.006860,-0.970438,2.223551,-0.493408,-0.130300,0,1,0,0
0.397828,-1.462528,0.903514,0.731445,-0.896905,-0.327490,0.468747,1,0,1,1
0.629996,-0.228327,-0.670026,-0.589982,-0.933067,0.322346,0.890157,0,0,0,0
0.937034,-0.334001,-0.898758,-0.444175,-1.114049,2.149330,0.738147,0,1,1,0
0.341630,-0.092427,-0.387606,0.019265,-0.256972,-0.924518,1.395989,0,0,0,0
0.681547,-1.662446,-0.018950,0.867874,-0.349978,1.603394,-0.491689,1,1,0,1
0.791730,-1.693114,-0.106094,0.269555,1.043179,-0.154826,0.041374,0,0,0,0
1.016246,-1.431047,-0.234078,-0.067319,0.568230,0.833162,-0.024797,1,0,1,0
0.168487,-0.711029,0.157367,0.236584,0.530802,0.156554,0.864869,0,0,0,0
0.926873,-1.951072,0.151317,0.559006,-0.662623,3.965331,-0.017382,0,1,1,1
1.030197,-0.495993,0.151495,-0.968646,-0.590397,-0.541120,0.618021,0,0,0,0
0.947836,-0.554115,-0.040848,-0.890107,-0.721842,0.088822,-0.161975,1,0,0,1
0.205787,0.254244,0.620863,-0.453014,0.092015,-1.012721,0.739540,0,0,0,0
0.655032,-1.805732,0.763436,0.702811,-0.529294,0.544991,-0.782877,1,1,1,0
0.858994,-1.231967,0.582137,-0.153891,0.111868,-0.975025,-0.349458,0,0,0,0
0.932336,-1.267287,0.347597,-0.149091,-0.064693,1.039825,-0.311519,0,0,1,1
0.189319,0.268172,0.571327,-0.444757,1.789262,-0.424906,1.632535,1,0,0,0
-0.128592,0.702462,0.151702,-0.712994,1.595933,-0.797158,1.018966,0,1,1,1
0.674653,-0.544443,-0.395623,0.227245,-0.645076,-0.391422,0.367626,0,0,0,0
0.548037,-0.446644,-0.174505,0.381310,-1.286443,-0.249811,0.239958,1,1,0,0
-0.020602,-0.195093,-0.170419,1.107965,0.011587,-0.394432,1.621945,0,0,0,0
0.178526,-0.058389,-0.740644,1.035914,0.826887,-0.533133,-0.674639,1,0,1,1
0.834735,-1.678453,-0.104886,0.337429,0.850505,-0.884894,-0.111786,0,0,0,0
0.845439,-1.485731,0.548061,0.554802,1.109725,1.008616,0.157674,0,1,1,0
0.680968,-0.337145,0.489227,-0.171400,0.462892,0.397446,1.683676,0,0,0,0
0.393588,-0.864241,-0.008413,-0.461124,0.196466,1.759653,0.016111,1,1,0,1
1.051788,-0.978362,0.192232,-1.294132,-0.316974,-0.607365,0.434864,0,0,0,0
0.947745,-0.754346,0.185027,-1.740035,-0.648778,1.158735,0.238713,1,0,1,0
0.496190,-0.012942,-0.037029,-1.534775,0.037240,-0.386121,2.174494,0,0,0,0
0.367657,-0.935743,-0.232792,0.205885,-0.291088,1.439189,-0.700828,0,1,1,1
0.853471,-1.239897,0.480614,0.066115,0.545929,-1.205036,0.009801,0,0,0,0
0.741449,-1.389040,-0.034053,-0.122259,0.692601,1.391009,0.418751,1,0,0,1
-0.011404,-0.217162,0.398560,-0.794308,1.587285,-1.090416,1.035216,0,0,1,0
0.160879,-2.422821,0.286435,0.362503,-1.220092,-0.596096,0.054975,1,1,0,1
0.798048,-0.016565,-0.365960,-0.518410,-0.484930,-0.219634,0.599090,0,0,0,0
0.597161,-0.538749,-1.007304,0.357320,-0.797824,0.493937,0.613401,0,1,1,0
-0.079704,-0.026420,-0.937297,-0.133871,-0.806976,-0.382348,2.041217,0,0,0,0
0.050791,0.129756,-0.737123,-0.401201,-0.892446,0.157478,0.642642,0,0,1,1
0.741124,-1.181386,-0.356404,-1.515112,-0.548402,-0.488700,0.738432,0,0,0,0
0.580480,-1.297541,0.112352,-1.010222,-0.421206,-0.388377,0.535925,0,1,0,1
0.245253,-0.134894,0.152201,-1.253805,0.699804,-0.782456,2.139417,0,0,0,0
-0.229304,0.104593,-0.281464,-0.083794,0.760232,0.101053,0.745622,1,1,0,0
0.347782,-0.693450,-0.706055,-0.124369,-0.306472,-1.038797,-0.101280,0,0,0,0
0.440070,-0.198111,-0.212630,0.160684,0.484011,4.857496,2.081129,0,0,0,0
1.189803,-0.142971,0.205651,0.179375,-0.433037,1.776299,0.846812,0,0,0,0
0.546445,-0.233399,-0.738354,0.642197,-0.684636,0.041340,-0.480460,0,0,0,1
0.806846,-0.756147,-0.454400,1.274494,-0.212716,-0.523420,0.270357,0,0,0,0
0.463017,-0.690293,-0.174849,1.074548,0.349814,0.422646,0.282362,0,0,0,0
1.058126,-0.228756,-0.945031,0.940574,-0.704384,4.340195,1.012046,0,0,0,0
0.612299,-0.116000,-1.277927,1.012114,-0.616236,0.553814,0.666653,1,1,0,0
0.307208,0.950826,-0.922847,-1.096432,-0.732385,-0.260194,1.624792,0,0,0,0
0.335614,-0.140953,-0.856911,-0.446475,-0.396654,0.480187,1.138300,0,0,0,0
0.719825,-0.524022,-0.474141,-1.023933,-0.533987,0.888578,0.669037,0,0,0,0
0.343681,-0.188727,-0.916146,-0.739059,-1.191247,0.388611,1.118981,0,0,0,0
0.353498,-0.479975,-0.831147,-0.171492,-0.452938,0.252737,0.901472,0,0,0,0
0.285982,0.001437,-1.028028,-0.663070,-0.678912,0.195486,0.831163,0,0,0,0
0.068916,0.274006,-0.954777,-0.005956,-0.316117,-0.220174,0.411180,0,0,0,0
0.179196,0.588042,-1.145674,-0.228298,-0.105072,0.251791,1.274372,0,0,0,0
-0.100127,0.465910,-1.451587,-0.526829,0.161595,0.301061,0.725450,0,0,0,0
0.014082,1.080423,-0.980121,-0.513347,-0.308725,-0.023010,1.406344,0,0,0,0
-0.210731,0.867720,-0.851463,0.047707,0.089142,-0.699681,1.583545,0,0,0,0
-0.168419,1.018743,-1.066303,-0.655225,-0.355661,-0.256061,0.976250,0,0,0,0
-0.071336,1.131970,-1.315816,-0.780128,-0.022784,-0.326730,0.988993,0,0,0,0
0.099841,1.308501,-1.212535,-0.788180,-0.464645,-0.560656,0.875008,0,0,1,0
0.490693,1.018170,-1.391649,-0.047149,-1.077410,0.528348,0.196835,0,1,0,0
0.181065,1.153833,-0.714741,-1.555089,-0.461814,0.196013,0.458938,0,0,0,0
-0.051644,1.638191,-0.536217,-0.687046,0.184744,-0.213244,-0.965384,0,0,0,0
-0.302920,1.392468,-0.483219,-0.000410,0.854241,0.081943,-0.892395,0,0,0,0
-0.239124,0.996575,-0.721382,-0.523037,1.098220,0.122460,-0.599471,0,0,0,0
-0.285155,0.886567,-0.216699,-0.255071,1.193941,0.022582,-0.542296,0,0,0,0
-0.348211,0.862452,-0.537612,0.356396,0.888126,-0.511630,-0.920756,0,0,0,0
-0.277155,1.134645,-0.488984,0.351818,1.204134,-0.590932,-0.615328,0,0,0,0
-0.237942,0.908968,-0.564850,0.224242,1.321177,0.012535,-0.388648,0,0,0,0
-0.179954,0.886116,-0.336437,0.123918,0.866975,-0.039986,-0.446178,0,0,0,1
-0.008889,0.756909,0.287854,0.324486,0.347465,-0.078795,-0.268796,0,0,0,0
-0.016615,0.464009,0.288255,0.958612,0.002323,0.395169,-0.161477,0,0,1,0
0.094822,0.363513,0.128370,0.544887,-0.335448,-0.256907,-0.185832,0,0,0,0
0.088447,0.166587,0.429292,0.271381,-0.282848,0.470690,-0.541429,0,0,0,0
0.000932,-0.491531,0.368901,0.589784,0.214193,-0.387751,-0.923572,0,0,0,0
0.324025,-1.070722,0.719430,1.221986,-0.722079,1.174400,-0.756393,1,0,1,1
-0.072734,-1.553991,1.098750,1.303924,0.116646,0.399662,-1.175222,0,0,0,0
-0.339956,-1.981988,0.877888,1.236255,-1.085102,0.722444,-1.934524,0,0,0,0
-0.288038,-1.873049,1.044892,1.153799,-0.856962,0.697734,-1.844214,0,0,0,0
-0.386394,-1.483230,0.984384,0.821020,-1.534277,1.589687,-2.065692,0,0,0,0
-0.912618,-2.973163,0.518400,2.148352,-1.514920,0.113007,-2.518468,0,0,0,0
-1.162748,-2.988612,0.870929,2.110640,-1.141152,-0.532976,-2.741274,0,1,0,0
-1.194713,-1.077070,0.483703,0.755935,0.489644,0.588439,-2.623001,0,0,0,0
-1.273503,-0.806541,0.046269,0.507198,0.291117,0.089443,-2.631146,0,0,0,0
-1.858288,-1.054686,0.268151,0.146729,0.538185,-0.789039,-3.142625,0,0,0,0
-0.932106,-0.635175,-0.588799,-1.460352,-1.078634,-0.760645,-2.799502,0,0,1,0
-1.541184,-0.033498,-0.003316,-0.442951,0.198494,-0.404805,-2.855098,0,0,0,0
-1.464479,0.205102,-0.254873,-0.914524,-0.032779,-0.311606,-2.699361,0,0,0,0
-1.600981,0.054464,-0.265381,-0.681529,0.158823,-0.603781,-2.778480,0,0,0,0
-1.793856,0.195273,-0.344953,-0.932168,0.713544,-0.724341,-2.833516,1,0,0,0
-1.946464,-0.396726,-0.065991,-0.334133,1.215897,0.221243,-2.759563,0,0,0,0
-1.989238,-0.275310,0.155071,-0.183728,1.618683,0.261489,-2.464293,0,0,0,0
-1.997071,0.013094,0.481809,-1.149993,1.006477,-0.295895,-2.583016,0,0,0,0
-1.942904,-0.736130,0.462081,-1.636198,0.075267,0.168530,-2.935739,0,0,0,1
-1.462707,0.360717,0.505411,-1.742148,0.076821,3.137795,-2.319492,0,0,0,0
-1.427172,0.360027,-0.021002,-2.094148,-0.381872,0.058472,-2.478303,0,0,0,0
-1.639942,0.099824,0.012262,-1.454926,-0.435884,0.753726,-2.572273,0,0,0,0
-1.685091,0.402178,0.140708,-2.032875,-0.628983,0.704048,-2.596718,0,0,0,0
-2.475203,0.497700,-0.134169,-2.050491,0.835805,0.287050,-3.119116,0,0,0,0
-3.044883,0.918940,0.083184,-2.613423,2.289945,-0.128288,-3.270632,0,0,0,0
-3.377495,1.654321,0.432842,-3.358188,3.286264,0.147714,-3.298244,0,0,0,0
-2.826562,0.569195,0.614819,-2.193361,1.552373,-0.577623,-3.322097,0,1,0,0
-2.109273,1.421378,0.931638,-1.822049,0.765253,1.243196,-2.710338,0,0,0,0
-3.008820,1.268027,-0.114254,-2.245994,3.262524,-0.736662,-3.083535,0,0,1,0
-2.508833,0.885171,0.837291,-2.024095,1.587124,-1.434695,-2.772867,0,0,0,0
-2.200163,-0.015573,0.879342,-1.257995,0.640272,2.268012,-2.824721,0,0,0,0
-1.734838,-1.249947,-0.318098,-0.935710,-0.298026,1.971004,-3.130347,0,1,0,0
-1.771236,-1.398450,-0.697710,-0.124036,0.249779,1.420113,-3.081662,1,0,0,0
-2.484222,0.966523,-0.535473,-1.496711,2.359224,0.363791,-2.684318,0,0,0,0
-2.505400,1.247446,-0.159978,-1.600214,2.577919,0.251798,-2.642711,0,0,0,0
-2.430170,0.530900,0.260195,-0.822322,2.060526,0.022287,-2.553835,0,0,0,0
-2.360198,-0.404544,-0.134547,-1.626505,0.514344,2.614895,-3.150159,0,0,0,0
-3.127723,0.865888,0.000649,-2.824451,2.631191,-0.106683,-3.185840,0,0,0,1
-1.861153,-1.343571,0.680804,0.082101,-0.706141,-0.696690,-3.148765,0,0,1,0
-2.390194,1.291376,0.599125,-2.179619,1.933942,1.802430,-2.607100,0,0,0,0
-2.612794,1.709206,0.470047,-2.927233,2.296907,0.089317,-2.767747,0,0,0,0
-2.873156,1.674701,0.310209,-3.683864,2.177023,-0.380349,-2.770203,0,0,0,0
-3.024359,2.119780,0.624320,-3.192243,3.218471,-0.315628,-2.697537,0,0,0,1
-2.477971,1.327801,0.180349,-1.525349,2.401838,1.249475,-2.680598,0,0,0,0
-2.334546,0.243378,0.274867,-0.191351,1.667151,0.226124,-2.763210,0,0,0,0
-2.356612,0.532201,0.353935,-0.637131,1.681050,-0.202471,-2.792232,0,0,0,0
-2.945275,1.259151,0.133045,-2.920390,2.522130,0.049524,-3.182565,1,0,0,0
-1.975552,0.871482,0.195590,-1.560296,0.652832,1.674006,-2.773415,0,0,0,0
-1.971785,0.561394,0.398164,-1.648031,-0.289276,0.757344,-2.898624,0,0,0,0
-2.951912,0.909883,0.247163,-2.029189,2.300130,-0.650589,-3.302456,0,0,0,0
-1.322464,-2.379602,0.343044,0.357936,-2.292236,0.167421,-3.114543,0,1,0,0
-2.440999,0.832937,0.459502,-1.426103,1.751217,0.516988,-2.907066,0,0,0,0
-2.686460,1.135791,0.237738,-2.346272,2.056867,0.721910,-3.037403,0,0,0,0
-3.359099,1.481793,0.282227,-2.999124,3.421185,-0.511165,-3.266029,0,0,0,0
-2.153376,-0.107658,-0.333760,-1.614702,-0.334882,3.131358,-3.127476,0,0,0,0
-1.676031,-0.668314,-0.526018,-0.104902,-0.366555,1.138645,-3.039851,0,0,0,0
-1.591239,-0.696213,-0.685338,-0.440467,-0.853853,0.304257,-3.043257,0,0,0,0
-1.723266,0.373769,-0.109862,-1.957149,-1.159075,0.287552,-2.961732,0,0,0,0
-3.438053,1.939506,0.564431,-3.968641,3.429230,-0.560328,-3.322273,0,0,1,0
-2.238727,1.920747,0.814586,-1.313880,1.680283,2.739299,-2.574482,0,0,0,0
-2.785115,0.989580,0.155456,-1.708306,2.852153,-0.629926,-2.997159,0,0,1,0
-2.329501,1.673499,1.227397,-2.338787,1.291767,1.989225,-2.890710,0,0,0,0
-2.420116,1.568925,0.919294,-2.077578,1.533350,0.005878,-2.785457,0,0,0,0
-2.414966,1.452370,0.295662,-2.860281,0.829818,1.024555,-3.008952,0,1,0,0
-2.716519,1.383823,0.305023,-1.481049,2.637825,-0.203710,-2.919024,1,0,0,0
-2.241946,1.290676,0.029704,-1.128305,2.165351,0.841139,-2.302509,0,0,0,0
-2.292436,1.082274,0.260986,-0.457416,2.422783,0.138109,-2.193581,0,0,0,0
-2.328548,0.526322,0.260790,-0.410702,1.742425,0.177605,-2.361248,0,0,0,0
-3.221078,1.822042,0.057298,-3.611088,3.305242,-0.241671,-3.271155,0,0,0,0
-1.224238,-3.135344,0.666051,1.352439,-2.550850,0.660275,-2.656582,0,0,0,0
-1.863693,-1.500786,0.858384,0.882845,-0.703603,-0.160189,-3.047162,0,0,0,1
-2.525985,0.970553,0.280338,-0.497391,2.621015,2.259155,-2.245206,0,0,0,0
-2.691515,1.127167,0.116882,-1.463887,2.803851,0.045869,-2.453391,0,0,0,0
-1.761635,-1.552817,0.398683,0.022441,0.083612,2.892974,-2.892312,0,0,0,0
-1.268002,-2.594265,0.409548,1.371108,-1.331758,-0.128936,-2.823415,0,0,1,0
-1.924300,-0.394322,-0.090548,-0.384064,-0.019750,-0.978904,-2.917618,0,0,0,0
-2.505789,0.197541,0.091370,-0.882380,1.439954,0.237485,-2.810951,0,0,0,0
-3.340432,1.482771,-0.014091,-3.262440,3.325948,0.065895,-3.362209,1,0,0,0
-1.141899,-0.769508,0.169875,-0.958647,-0.677799,18.509056,-2.895552,0,1,0,0
-2.294178,0.056045,-0.107538,-1.156090,1.469058,1.316051,-2.669667,0,0,0,0
-2.208377,0.355165,0.252382,-1.502157,0.730180,0.022361,-2.692690,0,0,0,0
-3.348213,1.559954,-0.282531,-4.250944,3.273351,-0.347143,-3.244283,0,0,0,0
-1.263946,-2.515045,1.381403,0.217427,-2.447567,13.627160,-2.954052,0,0,1,0
-1.759757,0.568377,0.546411,-1.120219,0.108052,1.104838,-2.360573,0,0,0,0
-2.803273,0.925669,0.122909,-2.341891,1.636669,-1.357354,-3.190356,0,0,0,1
-2.334149,1.496864,0.766333,-1.760641,1.172593,1.248522,-2.467194,0,0,0,0
-3.105796,0.742061,-0.003347,-2.586688,2.061404,-0.684413,-3.266634,0,0,0,0
-2.596970,0.944407,-0.239939,-1.935528,1.746460,2.032982,-3.176780,0,0,0,0
-1.033702,-1.311742,-0.404252,0.096235,-0.855099,1.459296,-2.791315,0,0,0,0
-1.414119,-0.771009,0.029625,-0.221050,-1.170045,-0.170029,-3.060052,0,0,0,0
-3.470350,1.593126,0.382999,-3.946815,2.968804,-0.988689,-3.375659,0,1,0,0
-2.524922,1.465466,-0.007815,-0.994814,3.384436,0.332193,-2.574136,0,0,0,0
-3.025471,1.402265,-0.233301,-2.520354,3.315123,-0.709041,-3.055858,0,1,0,0
-3.053300,1.614554,0.278311,-2.258023,3.417892,-0.471467,-2.828323,0,0,0,0
-3.158190,1.277226,0.171170,-2.873384,2.714335,-0.830213,-3.139106,0,0,0,0
-3.380696,0.987974,-0.659420,-3.526079,3.378900,0.489336,-3.327804,0,0,0,0
-3.321748,1.681077,0.022979,-3.871902,3.311687,0.452882,-3.267603,0,0,1,0
-1.727530,-1.886317,0.842570,0.201506,-1.361664,2.029130,-3.055600,0,0,0,0
-2.948394,-0.379521,1.233204,-2.065648,0.286650,1.199759,-3.386676,0,0,0,1
-1.463758,1.142521,-0.474034,-1.774947,0.127997,3.644267,-2.039270,0,0,0,0
-2.201448,1.648552,-0.238370,-2.800041,1.283616,-0.328387,-2.491466,0,0,0,0
-2.226462,1.350298,0.065746,-2.459591,0.886639,0.617118,-2.324001,0,0,0,0
-2.055331,1.047483,0.492359,-1.784981,0.506049,-0.940758,-2.332215,0,0,0,0
-1.927744,0.828822,-0.169318,-1.955706,0.365561,0.215910,-2.290745,0,0,0,0
-2.059503,0.695093,0.085738,-2.040663,0.581867,-0.100015,-2.352471,0,0,0,0
-1.885707,1.025493,0.054578,-2.102511,0.386932,-0.152912,-2.086338,0,0,0,0
-1.993009,1.138376,0.164237,-2.444426,0.381613,-0.076123,-2.257654,0,0,0,0
-1.959572,1.078660,-0.226898,-2.670930,0.631619,0.200733,-2.315188,0,0,0,0
-2.932127,1.341883,-0.843353,-3.151351,2.821819,-0.952313,-3.190104,0,0,0,0
-3.006919,1.662537,-0.372730,-2.949822,3.178935,-0.948981,-3.187687,0,1,0,0
-2.133335,-0.366106,-0.023012,-1.824476,0.467671,-0.335330,-3.185117,0,0,0,0
-1.689431,0.921262,-0.347996,-1.520178,0.261206,3.909757,-2.034878,0,0,0,0
-2.876139,1.534020,0.168584,-2.913149,3.017666,-1.284509,-2.444946,1,0,0,1
-2.046561,1.185439,-0.143924,-2.724650,1.159093,3.064012,-2.343373,0,0,0,0
-2.221161,1.781837,-0.006603,-2.765985,1.440543,-0.424017,-2.463912,0,0,0,0
-2.076739,1.288933,-0.166848,-2.293391,0.479336,0.632014,-1.774758,0,0,0,0
-2.385863,1.618552,0.286704,-2.944691,0.737963,-0.996585,-2.270154,0,0,0,0
-2.321613,1.707022,0.398336,-2.941402,1.088521,0.251735,-2.321684,0,0,0,0
-3.642858,1.418572,0.711567,-3.431781,3.721460,-0.930275,-3.019793,0,0,0,0
-1.705630,0.308038,0.746267,-0.358861,1.225408,1.119931,-1.445223,0,0,1,0
-0.360346,-0.237933,-0.436913,-0.113803,-1.038091,1.685922,-1.541908,1,0,0,0
0.257847,0.085621,-1.452468,0.833030,-0.285186,1.149180,-0.904382,0,0,0,0
-0.671221,2.595555,-1.557156,-0.331340,2.522166,-0.098663,-0.170235,0,0,1,1
0.983558,-0.555530,1.269384,-1.116499,-0.786467,0.281180,1.539851,0,0,0,0
0.937472,-0.310518,0.871139,-0.535936,-1.586342,1.501121,0.097832,0,1,0,0
1.255766,-0.717221,-0.616442,0.212547,-1.564654,1.064762,0.148227,0,0,0,0
0.107462,0.300203,0.009055,1.225923,0.045633,-0.452605,0.235259,0,0,0,0
0.165156,-0.121997,0.396405,0.296545,0.562208,0.037034,0.045887,0,0,0,0
0.013714,0.659692,-0.222505,-0.793359,0.553163,-0.353817,0.187392,1,1,0,1
0.266432,0.055118,0.194705,-0.495949,-0.262913,-0.278259,1.466733,0,0,0,0
0.724279,-1.276903,0.697099,-1.092597,-1.115402,1.265179,0.142223,0,0,0,0
0.626958,-0.533532,0.738447,-0.331447,-1.215122,0.130413,0.151659,0,0,0,0
0.607874,-0.399122,0.595761,0.106125,-1.265355,0.439172,0.464397,0,0,0,0
0.267691,-1.332470,0.394596,2.643666,-1.095116,0.293772,-0.142387,0,0,0,0
0.212814,-1.235701,0.799799,2.567647,-1.224196,-0.072856,-0.341751,0,1,0,0
0.203865,-0.244323,0.793862,0.265306,-0.193385,-0.221591,0.111053,0,0,0,0
0.097519,-0.326394,0.833108,1.050613,-0.223760,0.594574,0.432881,0,0,0,0
-0.001658,0.159580,0.773859,0.779125,-0.194435,0.132364,-0.217580,0,0,0,0
-0.513826,0.061381,0.464095,1.228918,1.230756,0.138978,-0.509373,1,0,1,0
0.811060,-1.394676,2.328612,-0.490722,-0.345759,1.018298,0.125344,0,0,0,0
0.769028,-1.411445,2.205594,0.164493,-0.400406,0.995473,-0.107729,0,0,0,0
0.608342,-1.104834,1.702452,-0.085644,-0.276242,-0.205937,-0.181127,0,0,0,0
0.229203,-2.294815,1.463955,1.250779,-0.044056,-0.279035,-0.307541,0,1,0,0
0.327926,-0.868238,1.703981,0.558566,0.602130,0.086204,0.178577,0,0,0,0
0.027327,0.075833,1.146846,-0.753643,0.836545,-0.385147,0.141087,0,0,0,0
0.043159,0.188578,1.662542,-1.403942,0.217995,0.145836,0.282740,0,0,0,0
-0.317161,0.056247,1.660006,-1.464706,0.904453,0.869897,0.144996,1,1,1,0
0.129593,0.504227,0.338228,-0.053549,-1.146436,-0.197850,1.470339,0,0,0,0
0.251093,-0.239505,0.036863,0.425545,-1.105490,-0.078564,0.090479,0,0,0,0
0.128280,-0.675018,0.119960,0.260087,-1.034699,0.086225,0.538631,0,0,0,0
0.152642,-0.330889,0.373239,0.497376,-0.841365,0.480829,0.224605,0,0,0,0
0.235718,0.308415,0.667337,-0.793923,-1.115285,0.512830,-0.348082,0,0,0,0
-0.056716,0.062665,0.056543,0.209076,0.015906,-0.284962,-1.011622,0,0,0,0
0.520810,-0.951217,0.999431,0.181903,-0.108149,0.773744,-0.235071,0,0,0,0
-0.050862,-0.930895,1.575913,-0.190570,1.388210,0.492994,-0.906043,0,0,1,1
0.748153,-1.063640,1.720806,-0.610639,-0.875283,0.668879,0.132096,0,0,0,0
0.138028,-2.088172,1.179215,0.132372,0.838781,0.107430,-0.955530,0,0,0,1
0.382762,-1.476834,1.058604,-0.261102,0.806805,-0.624842,-0.289612,0,0,0,0
0.281385,-1.001805,1.072466,-0.669189,0.372376,0.584325,0.466281,0,0,0,0
0.474957,-1.227211,1.071229,-0.839666,0.450988,1.483512,0.319974,0,0,0,0
0.282461,-1.099517,0.482083,0.158750,1.083102,0.396152,-0.970702,0,1,1,1
0.063098,-0.738130,-0.041624,0.858703,1.003054,-1.101848,0.997952,0,0,0,0
0.317503,-0.842476,0.067695,1.295247,-0.377962,0.681748,-0.529346,0,0,0,0
0.430801,-1.042806,-0.033238,1.492446,0.093361,-0.143442,-0.558245,0,0,0,0
0.352447,-1.107209,0.126348,0.566600,0.124765,0.580746,-0.301157,0,0,0,0
0.372661,-0.319999,0.412766,-0.511413,-0.023905,0.132044,0.034254,0,0,0,0
-0.028530,-0.088794,0.532516,0.098971,-0.209406,0.875004,0.377745,0,0,0,1
-0.176020,0.277923,0.192843,0.073354,-0.208039,0.424005,0.749974,0,0,0,0
-0.108604,0.522326,-0.032939,-0.231941,-0.127373,0.497592,0.393921,0,0,0,0
0.117541,-0.469324,1.034022,-1.174318,0.724647,1.030476,0.548026,0,0,0,0
-0.015806,-0.452281,0.782112,-0.131061,0.828679,-0.358794,0.025359,1,0,1,0
0.580667,-1.833005,1.934030,-0.145411,-0.478957,0.679622,-0.182661,0,0,0,0
0.341728,-1.524863,1.463238,-0.017856,0.341326,0.814479,-0.038824,0,0,0,0
0.214090,-0.947997,1.823798,-0.590771,0.097376,-0.234841,0.112306,0,0,0,0
-0.211555,-0.588815,1.491865,0.087454,0.850740,-0.395751,-0.137645,1,0,0,0
0.371351,-1.345188,1.860494,-0.690316,0.506856,1.841175,0.449040,0,0,0,0
0.429442,-0.074654,1.705195,-1.343195,-0.424501,-0.484095,0.582757,0,0,0,0
-0.088497,0.597436,1.740044,-1.204640,0.170716,0.069257,0.062215,0,0,0,0
-0.030301,0.450230,1.338282,-0.864814,0.580048,0.694513,-0.256957,1,0,1,1
0.189540,0.175964,0.963519,-0.293159,-0.399233,-0.311206,1.200181,0,0,0,0
0.534251,-0.174244,-0.001431,-0.183174,-1.461797,0.533055,-0.546330,0,0,0,0
0.515425,-0.183899,0.418778,0.435660,-1.211285,-0.135203,-0.496447,0,0,0,0
0.444309,-0.057583,0.326702,0.194946,-1.732780,0.739489,0.159766,0,1,0,0
0.471539,-1.612437,1.255414,0.132685,0.042847,-0.079534,-0.868867,0,0,0,0
0.777228,-0.966165,0.915865,0.484350,-0.289776,2.141952,-0.290234,0,0,0,0
0.351672,-1.186341,1.641730,0.330114,-0.019834,0.596055,-1.003492,0,0,0,0
0.116556,-0.813968,1.145521,0.153237,0.959146,1.830902,0.195485,1,0,0,0
0.505553,0.147152,1.014269,0.363263,-0.536469,-1.452565,0.411683,0,0,0,0
-0.316459,1.189818,0.531133,-0.922411,0.027519,-0.260233,1.011106,0,0,0,1
-0.156649,1.082739,0.160247,0.344233,-0.269185,-0.672520,0.670410,0,0,0,0
-0.557281,1.377896,0.432377,-0.538457,0.148053,0.027286,0.291445,1,0,0,0
-0.847390,0.966170,0.310508,1.201403,1.160018,0.095295,0.034061,0,0,0,0
0.043084,-0.811637,0.601418,1.661993,-0.508728,3.230781,-0.536431,1,1,0,1
0.011426,-1.021980,0.131306,1.619484,-0.319527,-0.486943,0.784762,0,0,0,0
0.290418,-1.416129,0.578262,0.408547,-0.374265,0.960550,-1.316993,0,0,0,0
0.178801,-0.980102,0.999166,0.325599,-0.117372,-0.083803,-0.654423,0,0,0,0
0.158272,-0.315069,0.345333,-0.341991,-0.248847,0.468873,-1.431394,0,0,0,0
0.094336,-0.284936,-0.231546,-0.195435,-0.931732,0.394456,-0.677885,0,0,0,0
-0.200491,0.127427,-0.098815,0.453594,0.295146,0.047047,-0.235725,1,1,0,1
-0.114404,-0.055947,0.127861,1.228706,-0.382199,-0.149185,0.130373,0,0,0,0
0.021994,-0.607668,0.224430,1.813782,-1.122492,0.545153,-0.488004,0,0,1,0
-0.570732,-0.202524,-0.052230,0.356003,0.382450,-0.874635,-1.465180,0,1,0,0
-0.317431,-0.184779,1.577121,1.179000,-0.435279,-0.999320,-0.726932,1,0,0,1
0.217383,0.112003,1.424093,0.554744,-0.564401,0.054738,0.279193,0,0,1,0
-0.047820,-0.245622,0.945995,0.149601,-0.746420,-0.234735,0.155557,0,1,0,0
0.065896,0.267216,0.373971,-0.127386,-0.977498,-0.435791,-0.424131,0,0,1,0
-0.124877,0.175834,0.719608,0.260191,-1.030318,-1.140845,0.110823,1,0,0,1
-0.215557,0.213329,0.839285,0.327707,0.362652,-0.575173,0.200263,0,1,0,0
-0.321281,-0.182848,0.554309,0.869568,0.074022,0.821544,-0.809537,0,0,1,1
0.357993,-0.503927,0.521133,1.098979,-0.069798,-0.515330,-0.427205,1,1,0,0
0.064202,-0.228430,-0.672471,0.704994,-0.072616,0.491008,-0.821448,0,0,1,1
0.101215,-0.267220,0.141829,0.768189,-0.573286,0.079041,0.081907,1,0,0,0
0.307963,-0.650236,0.231709,0.714227,-0.299849,-0.775034,-0.378933,0,1,1,0
0.670430,-0.069417,-0.246645,0.213426,-0.298082,1.024236,-0.426317,0,0,0,1
0.400391,-0.303354,0.710584,0.169151,-0.547723,0.217988,-0.359695,1,1,0,0
-0.616005,-0.256439,0.627979,1.417045,1.026274,-1.324116,-0.177656,0,0,1,0
0.382859,-0.854238,0.323775,0.824469,-0.074423,0.920274,-0.578646,1,0,0,1
0.294986,-0.634208,0.721937,1.064304,0.048204,-0.925999,-0.256005,0,1,0,0
0.232908,-0.164584,1.507161,1.485245,-0.168819,0.922499,0.480011,0,0,1,1
0.464052,0.249771,1.316624,-0.194238,-1.137261,0.112535,0.930155,0,1,0,0
0.044822,-0.112222,0.027945,0.062604,-0.937876,0.501480,0.204736,1,0,0,1
0.138934,-0.226338,0.547172,-0.160758,-0.567328,-0.685194,0.704251,0,1,1,0
-0.122983,-0.810278,0.174270,0.043038,-0.556612,-0.968423,-0.213916,1,0,0,1
-0.151284,-0.167171,0.728015,0.441403,0.333238,-1.456814,-0.233896,0,0,1,0
0.196338,-1.237319,0.283469,2.352250,-1.017282,0.529815,-0.639707,1,1,0,0
0.373240,-1.089897,-0.452069,1.496863,0.315741,-0.860110,-0.409608,0,0,1,1
0.399131,-0.349502,-0.099979,0.563086,0.527322,-1.149304,0.067684,1,1,0,0
0.343702,0.063409,0.352579,0.301965,0.552320,-1.192993,0.657165,0,0,0,1
0.308999,0.073720,0.222797,0.095007,0.320991,-0.862399,-0.138678,0,1,1,0
0.412207,0.049070,-0.304232,0.397994,0.365113,-1.441155,0.265222,1,0,0,0
0.243324,-0.220822,0.057510,0.807239,0.044012,-0.883406,0.228504,0,0,1,1
0.674538,0.259485,0.926874,1.080551,-1.236940,-1.052264,1.171203,0,1,0,0
0.819665,0.055634,0.516552,0.771157,-2.289810,-1.098895,0.027828,1,0,0,1
0.693952,-0.384680,0.891144,0.902621,-1.316314,-0.476779,-0.426057,0,0,1,0
-0.464070,-1.451654,0.596441,1.203195,0.709134,-1.750806,-0.733580,1,1,0,0
0.367021,-0.348233,0.771158,1.163806,0.480497,-0.327251,0.684812,0,0,1,0
0.418446,-1.216585,0.556615,1.258622,0.314624,-0.706750,-0.143893,1,0,0,1
0.591375,-0.872487,0.421138,0.382493,-0.193895,-1.168348,-0.555495,0,1,0,0
0.009924,-0.934248,1.167160,1.457188,0.387931,-1.766486,-0.703782,0,0,1,1
0.869643,0.679808,0.269959,-0.633950,-0.971609,0.235514,1.377117,1,1,0,0
0.534999,-0.127293,0.882611,-0.073320,-1.525094,-0.474880,-0.540566,0,0,1,1
0.767938,-0.260752,0.493152,0.775588,-1.237997,0.087846,-0.029459,1,1,0,0
0.587198,0.308416,0.238592,0.736629,-1.261834,0.253791,0.421268,0,0,1,1
0.801383,-0.829857,0.975348,-1.089766,0.509978,2.759598,1.171393,0,0,0,0
0.460368,-0.373818,0.186442,-1.014820,0.496250,0.243944,0.147095,1,1,0,0
0.348440,-0.381761,0.404814,-0.137138,-0.230025,-1.019565,-0.231460,0,0,1,1
0.327585,-1.262755,0.524333,0.287604,-0.154990,-1.120060,-0.501379,1,1,0,0
0.800367,-0.292944,-0.298410,-0.770949,-1.007303,-0.534181,0.782665,0,0,0,0
0.378073,0.292782,-0.405240,-0.806644,-1.205284,-0.720878,0.978850,1,0,1,1
0.105436,-0.929044,0.813201,0.787278,-0.273366,-1.068497,-1.017200,0,0,0,0
-0.031694,-1.369843,0.618380,1.440625,-1.150295,-0.476086,-0.692335,0,1,1,1
0.343803,0.063918,-0.109596,0.617100,-0.970275,-0.674210,0.460148,0,0,0,0
0.181117,-0.363336,-0.173828,-0.661499,-1.044026,0.960265,0.561920,1,1,0,0
-0.239146,1.200977,-0.660676,-0.699521,-0.412565,-0.788765,0.582966,0,0,0,0
-0.967495,1.226658,-0.046013,-1.699991,-0.120777,-1.146246,0.612617,0,0,1,1
-0.524749,1.979543,-0.142199,-1.079035,-0.107352,-0.872441,0.750528,0,0,0,0
-1.034647,2.011675,-0.090821,-2.094826,0.333194,-0.511681,1.113109,1,1,0,1
0.339412,-0.031669,-0.735159,-0.847088,-1.213318,-1.924500,0.713710,0,0,0,0
0.119209,-0.049222,-0.695262,-0.725912,-1.164146,-0.254307,1.010078,0,1,1,0
-0.670192,1.374714,0.030503,-1.973071,-0.753510,-1.227470,2.016078,0,0,0,0
-1.068695,0.620324,-0.478810,-1.973356,-0.751721,0.013321,0.576629,1,0,1,1
0.578047,0.177194,-0.107857,-1.022493,-1.001140,-1.033668,1.315475,0,0,0,0
0.543862,0.862818,-0.559783,-1.241225,-1.869394,0.416278,1.619549,0,1,0,1
-0.018327,1.322588,-0.636092,-2.078236,-1.110659,-0.640210,2.209726,0,0,0,0
0.047201,0.328992,-1.549815,-0.354065,-1.122478,2.681595,1.275435,1,1,1,0
1.285842,-1.526172,-0.813260,-0.448782,-1.278371,2.151352,2.097273,0,0,0,0
0.656430,-0.173429,0.745185,-1.698015,-1.185807,1.484954,1.603076,0,0,1,1
0.723271,0.025055,0.458908,-3.790003,-1.102410,1.972299,0.376934,0,0,0,0
-0.098240,0.244198,-1.081461,-2.636533,-3.165271,1.829481,0.504136,1,1,0,0
-0.828472,-0.901056,-2.005707,-3.571963,-2.677953,1.457175,-0.197258,0,0,0,0
-0.739735,-0.974487,-2.359573,-3.716996,-3.214449,0.172821,1.300586,0,0,0,0
-0.529234,0.458158,-0.601850,-0.921917,-2.985938,2.182732,1.053180,0,0,0,0
-0.610804,-0.221187,-0.571739,-1.260188,-3.136132,0.950759,0.141462,1,0,1,1
0.871570,-1.108567,-0.298293,-0.294768,-1.224740,-1.475254,2.571930,0,0,0,0
1.275174,-1.206407,-0.211697,-1.070410,-1.865137,0.496565,1.036971,0,1,0,0
0.928566,-0.441811,-1.055380,-0.452308,-2.231011,-0.237228,0.492697,0,0,0,0
0.954373,-0.851576,-0.175353,-0.830866,-1.558643,0.534200,0.876134,1,0,1,0
0.564214,-1.344577,0.298645,0.411938,-0.886754,-0.625672,0.724477,0,0,0,0
0.605292,-1.958850,0.435204,1.650057,-0.981054,0.448944,-0.684459,1,1,0,1
0.779701,0.099750,-0.161990,0.724582,-1.032517,0.138076,0.325705,0,0,0,0
0.606458,0.131532,-0.217968,0.636726,-1.041189,-0.298232,0.390965,0,0,1,0
0.401896,0.868737,0.028148,0.450102,-0.346332,0.190066,0.582631,0,0,0,0
0.139649,0.516872,-0.514724,0.826352,0.295484,-0.044444,-0.018409,1,1,0,0
0.317475,0.203900,-0.497430,1.276829,-0.331358,-0.019660,1.490413,0,0,0,0
0.223453,0.177571,-0.669184,1.250386,0.161402,0.565262,-0.000372,0,0,1,1
0.014267,0.341275,-0.639838,0.567519,0.542322,-1.078729,0.820567,0,0,0,0
0.546417,-1.401071,-0.390770,2.009318,-1.561856,1.351545,-0.684889,1,1,0,1
0.784596,-0.835204,0.139711,0.550274,0.268063,-0.683743,0.222515,0,0,0,0
0.651516,-0.056370,-0.694665,0.818218,-0.179806,1.081775,0.176965,0,1,0,0
0.547696,0.737905,0.229769,0.622255,-0.164497,0.435118,0.130332,0,0,0,0
0.423236,0.477919,-0.155579,0.527649,-0.456136,-0.130481,0.297760,1,0,1,0
0.486564,0.629437,-0.372203,-0.834483,-0.707894,0.075221,1.354247,0,0,0,0
0.338963,0.771172,-0.506321,0.470096,-0.352443,0.140697,0.537566,0,1,0,1
0.186015,0.337196,-1.103375,-0.130029,-0.718038,0.352570,0.384275,0,0,0,0
0.329892,0.541926,-1.254164,-0.373409,-0.844518,0.190262,0.451294,1,1,0,0
0.649513,-0.054413,-0.155900,-0.426800,-0.862864,-1.095737,0.559140,0,0,0,0
0.542144,0.227437,-0.304288,0.492334,-1.490793,0.501735,-0.069473,0,0,1,0
0.788611,-1.616119,-0.190080,1.685584,-1.161847,0.574738,-0.153206,0,0,0,0
0.645973,-1.302135,0.265857,1.062169,-1.460215,0.164813,-0.373352,0,1,0,1
0.759267,0.171315,0.303121,-1.358682,0.078686,-0.504041,1.848557,0,0,0,0
0.059321,-0.148655,-0.351245,0.391322,0.194828,0.697093,-0.487613,1,0,1,0
0.342435,0.015126,-0.177413,1.441852,0.260959,-0.363973,2.210580,0,0,0,0
0.337491,0.545939,-0.745995,0.860391,0.809838,-0.208061,0.211450,0,1,1,1
0.651651,0.194549,-0.469212,0.616095,0.040577,-1.375392,0.477165,0,0,0,0
0.446008,0.206798,-0.522081,0.512192,-0.506097,-0.317658,0.021527,1,1,0,1
0.233859,0.482495,-0.255349,1.027645,0.582930,-1.023422,1.506164,0,0,0,0
0.433078,0.012338,-0.747093,1.152505,-0.421058,1.430135,-0.067066,0,0,1,0
0.497056,-0.059033,-0.523418,0.628434,-0.414308,-0.104404,0.064165,0,0,0,0
0.364035,0.026070,-0.552391,1.168733,0.019204,-0.405778,0.474263,0,1,0,1
0.008228,0.378110,-0.258062,1.134287,0.720148,-0.593434,1.147293,0,0,0,0
0.287940,0.537564,-0.922214,0.477702,-0.058231,1.213706,-0.002663,1,0,1,1
0.697687,0.339181,-0.412236,0.192319,-1.259789,-0.388317,0.553524,0,0,0,0
0.618731,0.299881,-0.709326,0.086120,-1.025382,0.548683,0.224422,0,1,0,0
0.523768,1.208577,-0.645308,-0.095624,-0.732449,-0.167437,0.782139,0,0,0,0
0.261727,1.168597,-0.846835,-0.277919,-0.693610,0.044389,0.969313,0,0,1,1
0.246323,1.226979,-0.258815,-0.194767,0.532036,-0.330940,1.317550,0,0,0,0
-0.084594,0.810843,-0.512109,0.439147,0.416321,-0.068588,0.105999,1,1,0,0
-0.131224,1.280435,-0.518826,0.405682,0.640489,-0.700800,1.303314,0,0,0,0
-0.200784,0.934754,-0.896350,0.582181,0.898557,0.317940,-0.603328,1,1,0,1
0.680627,-0.307911,0.137308,0.539165,-0.306323,-0.531945,0.317227,0,0,0,0
0.693692,0.153389,-0.437621,0.487074,-0.816686,0.847404,0.256939,0,0,1,0
0.329326,0.554034,-0.293204,0.216513,-0.324038,1.137837,0.241185,0,0,0,0
0.154981,0.644005,0.205127,0.905202,0.150683,0.066393,0.011853,1,0,0,1
0.333755,0.659046,-0.696706,-0.345818,-0.454461,0.463734,1.760911,0,0,0,0
0.330790,0.698294,-0.398131,0.397979,-0.688356,0.488981,-0.070970,0,1,1,0
0.387692,0.738278,-0.778983,0.160948,-0.352556,-0.127221,0.145305,0,0,0,0
0.423650,0.583605,-0.873084,0.195906,-0.310460,0.203658,0.164991,0,0,1,1
0.444132,-0.200705,-0.496476,0.504721,0.186441,-1.545143,-0.345111,0,0,0,0
0.615767,-0.325320,-0.323396,1.579174,-0.437958,0.574450,0.558978,0,1,0,0
0.646130,-0.199928,-0.652437,0.959899,-0.609969,0.504108,0.462653,0,0,0,0
0.170740,0.430462,-0.666982,0.318303,0.137390,0.060856,-0.176665,1,0,0,1
0.513544,1.151359,-0.456605,-1.185427,-0.513533,0.532415,2.087099,0,0,0,0
-0.004074,-0.187684,-0.539294,0.937572,0.664106,0.098687,-0.626460,0,1,1,0
0.254087,0.418522,-0.610912,1.648326,0.434574,0.422666,1.484955,0,0,0,0
0.365845,0.375704,-0.733051,0.689664,0.220341,0.031824,-0.136752,1,1,0,1
0.461511,0.058056,0.413864,0.873662,-0.474520,-0.492320,0.284407,0,0,0,0
0.548325,-0.031908,-0.270721,1.484563,-0.548885,0.861331,-0.044035,1,0,1,1
0.164270,0.621935,-0.267596,-0.501219,-0.167261,-0.576275,1.600600,0,0,0,0
0.601110,-0.279158,-0.601169,0.419570,-0.949461,0.442436,0.138842,0,1,0,0
0.750787,0.158523,-0.354396,-0.524366,-0.890198,0.205297,0.081745,0,0,0,0
0.600920,0.044154,-0.613673,0.072424,-1.114290,0.210736,0.029663,1,0,1,0
0.360128,0.873776,-0.318680,-0.118001,-0.463639,0.287565,0.967563,0,0,0,0
0.558788,0.899962,-0.330751,-0.123069,-0.783995,0.867728,0.298979,1,1,0,1
0.733026,0.458067,-0.371886,0.603662,-0.653173,-0.606047,0.090205,0,0,0,0
0.607048,0.426505,-0.693077,0.042894,-0.893972,0.646159,0.136529,0,0,1,0
0.001147,0.680039,-0.268991,1.237014,0.515211,0.007117,0.482010,0,0,0,0
0.046832,0.845945,-0.719425,0.730465,0.349165,0.100286,0.351109,1,1,0,0
0.094962,0.449256,-0.298926,0.092004,0.477883,-0.243320,1.106777,0,0,0,0
0.280517,0.903533,-0.656553,0.161744,-0.493617,0.347881,0.068864,0,0,1,1
0.289733,1.393456,-0.842196,-0.393659,-0.561826,-0.424282,1.326079,0,0,0,0
0.172564,0.968398,-0.916973,0.466063,0.078764,0.337088,-0.417698,1,1,0,1
0.422489,-0.824036,-0.330896,1.553420,-0.112156,-0.974607,0.037040,0,0,0,0
0.469387,-0.280571,-0.830927,1.054281,-0.794916,-0.820319,-0.228306,0,1,0,0
0.077285,-0.166355,-0.764074,0.817134,0.390960,0.119601,-0.227786,0,0,0,0
0.715652,-1.325052,0.106249,1.439959,-1.557221,2.830573,-0.019181,1,0,1,0
0.478707,1.801653,-0.431249,-0.665365,-0.460478,0.394021,2.181619,0,0,0,0
0.177162,0.809127,-0.886915,-0.316476,-0.352869,0.617957,0.302435,0,1,0,1
0.345868,0.513734,-1.007796,0.072029,-0.882169,-0.055512,1.398254,0,0,0,0
0.306510,0.279527,-0.982302,0.055055,-1.139200,-0.489344,0.506998,1,1,0,0
0.722425,0.191561,0.252354,-0.328710,-1.193262,-1.024187,0.065648,0,0,0,0
0.655561,-0.359009,-0.332284,1.579279,-0.738838,-0.136057,-0.339263,0,0,1,0
0.387389,-0.597188,-0.822843,1.347633,-0.161175,0.375628,-0.135103,0,0,0,0
0.480543,-0.060749,-0.794474,0.496917,-1.139300,0.504195,-0.277768,0,1,0,1
0.091108,0.299724,0.068871,1.219964,0.793616,-0.018714,2.149430,0,0,0,0
0.229661,0.047192,-0.598578,1.185175,-0.010798,0.429806,-0.403629,1,0,1,0
0.147348,0.498862,-0.356172,1.101837,-0.088890,-0.443176,1.303144,0,0,0,0
0.377984,0.338993,-0.506385,1.478056,0.056961,0.261636,-0.247882,0,1,1,1
0.552668,-0.006808,-0.423261,0.987692,-0.324088,-1.553769,0.210542,0,0,0,0
0.617895,0.159172,-0.463532,0.937444,-0.606139,0.673334,-0.111930,0,1,0,1
0.414313,0.019509,-0.087137,0.902532,-0.068444,-0.931112,1.194979,0,0,0,0
0.803538,-0.224851,0.292548,1.041844,-0.967692,0.833225,0.528331,0,0,1,0
0.963859,-0.186465,0.287465,-1.336455,-1.482705,0.423472,0.916522,0,0,0,0
0.465422,0.106339,-0.264393,-0.485553,-0.777329,-0.310344,0.751157,1,1,0,0
0.054949,0.599586,-0.398803,-0.019745,0.060770,-0.504534,1.762612,0,0,0,0
0.066179,0.544876,-0.875122,-0.697837,-0.582657,0.130965,0.363806,0,0,1,1
0.542457,-0.063579,-0.747403,-0.385655,-1.003706,-0.754749,1.096688,1,1,0,0
0.433161,0.034441,-0.875921,-0.094240,-0.855918,-0.732206,0.838414,0,0,1,1
0.531465,-0.121026,-0.600866,-0.107452,-1.038865,-0.815630,0.438547,1,1,0,0
0.597096,-0.063520,-0.278891,-0.153643,-1.092007,-0.849874,0.649810,0,0,1,0
0.151772,0.652625,-0.382977,-0.643661,-0.497608,-0.746284,1.879514,0,0,0,1
-0.176999,1.384150,-0.974390,-0.364582,0.298984,-0.411664,1.493517,1,1,0,0
0.155033,-0.807886,-0.437611,1.085182,0.361155,-0.798285,-0.277665,0,0,1,1
0.175976,-0.939846,-0.758442,0.755678,-0.357636,-1.096082,-0.085119,1,1,0,0
0.352525,0.080935,-0.590221,-0.358306,-1.262668,-0.732360,0.968005,0,0,1,1
0.694515,0.031290,-0.136002,-0.237503,-0.545562,-1.022808,0.438798,1,0,0,0
0.404864,0.600830,-0.869737,0.176428,-0.097311,-0.828970,1.627615,0,1,0,0
-0.155664,1.561724,-0.944340,-0.612627,0.156537,-0.583318,1.115535,1,0,1,1
0.403378,-0.174661,-0.448064,-0.494109,-0.541581,-1.057676,0.797865,0,0,0,0
0.540179,-0.053982,-0.518676,0.290398,-1.036185,0.993783,0.914456,0,0,1,1
0.612005,0.088041,-0.795399,-0.147477,-0.902005,-1.344873,1.043676,1,1,0,0
0.772384,-0.142790,-0.351080,-0.522921,-1.266582,-0.491677,0.873989,0,0,1,1
0.493010,0.486876,0.187994,0.761774,-0.411612,-0.035278,0.562231,1,1,0,0
0.670924,-0.288098,-0.377932,1.001904,0.029052,-0.957510,0.203831,0,0,1,1
0.901792,-1.180429,-0.005362,1.297506,-0.412824,-0.240237,0.561208,1,1,0,0
0.639400,-1.649193,-0.181000,2.064507,-0.890058,-0.348891,0.473118,0,0,1,1
0.921809,1.161309,0.121728,-0.321261,-0.965715,0.914971,1.774708,1,1,0,0
0.708206,0.047247,-0.165669,-0.542993,-0.735940,-0.683053,0.858374,0,0,0,1
0.550594,0.201622,-0.846055,0.991309,-0.497607,0.333337,0.475068,0,0,1,0
0.191102,0.858702,-0.701301,1.347953,0.284305,-0.496670,0.877809,0,1,0,0
-0.682287,1.220670,-0.227344,0.633693,1.252297,-0.929730,0.302532,0,0,1,0
1.038181,-1.063043,-0.450628,1.190562,-1.287736,-0.471301,0.363989,1,1,0,1
0.345379,1.396243,-0.356341,-0.056104,-0.637468,0.048984,1.972344,0,0,0,0
0.849900,0.629066,-0.427446,-1.108769,-1.370599,1.665213,0.987573,0,0,1,0
0.420950,-0.122406,0.197679,-0.578215,-0.905862,-0.219838,0.854116,0,0,0,0
0.469568,-0.180077,-0.110262,-0.524428,-1.175915,-0.478037,0.860277,1,0,0,1
0.173013,0.842604,-0.274896,-0.855286,-0.765812,-0.894904,1.116266,0,1,0,0
0.083629,0.854099,-0.410367,0.266679,0.305484,-0.288362,0.258965,1,0,1,1
0.930473,-0.145599,-0.240057,-0.454903,-1.117162,-0.003910,0.373148,0,0,0,0
0.802763,-0.076308,-0.687308,-0.228845,-1.679977,-0.153725,0.496662,0,1,0,0
0.622924,0.433005,-0.440353,-0.471966,-1.647452,-0.201152,0.478907,0,0,0,0
0.423039,0.293669,-0.582293,0.378775,-0.286014,1.479143,0.140085,0,0,1,1
-0.012875,0.143811,-0.445749,1.520707,0.740417,-0.962140,1.074382,0,0,0,0
0.282569,0.270268,-0.877904,0.643653,-0.383342,0.073448,0.053156,1,1,0,0
-0.052383,1.100539,0.119961,1.073383,0.260186,-0.955479,1.194846,0,0,0,0
0.074935,0.615891,-0.646136,0.697569,0.098435,0.918102,-0.130341,1,0,1,1
0.697129,-0.403020,-0.627536,0.047520,-0.952597,-1.102965,0.137073,0,0,0,0
0.466997,-0.466041,-0.881851,-0.210739,-0.781170,-0.857088,0.487464,0,0,1,0
0.454102,0.487071,-0.547858,-0.195991,-0.935749,0.397743,0.598579,0,0,0,0
0.162781,0.604246,-0.352783,0.202407,-0.330179,0.281897,0.314861,0,1,0,1
0.222996,1.382962,-0.176237,-0.387120,-0.855079,-0.273482,1.760791,0,0,0,0
0.128127,0.288384,-0.832746,-0.326995,-1.047416,0.453234,0.208465,1,0,1,0
0.343342,0.613883,-0.713271,0.100476,-1.027686,-0.002883,1.543644,0,0,0,0
0.300156,0.474486,-0.860307,-0.303756,-0.713796,-0.176292,0.254672,0,0,1,1
0.588960,0.150492,-0.409236,0.246365,-0.434654,-1.468313,0.480185,0,0,0,0
0.377193,-0.621405,-0.930728,0.668574,-0.431894,-0.626015,-0.360317,0,1,0,0
0.646009,-0.524520,-0.663837,1.002462,-0.926517,1.214101,0.258093,0,0,0,0
0.252048,0.118354,-0.711704,0.693898,-0.024987,-0.892810,-0.041709,1,0,1,0
0.637102,1.218060,-0.607931,-0.772615,-1.286548,0.314097,1.476157,0,0,0,0
0.580357,0.628279,-0.955382,-0.677563,-1.210092,0.867964,0.240783,0,1,0,1
0.352241,0.789476,-0.809076,-0.517086,-0.497257,-0.066269,1.867281,0,0,0,0
0.533881,0.393353,-0.915640,-1.200454,-0.684892,-0.051860,0.291785,1,1,1,0
0.733876,0.524052,-0.738125,-0.352472,-0.881241,-1.323480,0.454323,0,0,0,0
0.537603,0.248181,-0.555615,0.161140,-1.056169,0.016076,0.308661,1,0,1,1
0.281327,0.314278,-0.486383,0.385915,-0.743833,-1.118124,1.551019,0,0,0,0
0.598007,-0.117095,0.214113,-0.335819,-1.193662,-0.042005,0.498710,0,1,0,0
0.524491,0.045035,0.022403,0.221456,-0.348798,-0.338118,0.495410,0,0,0,0
0.443213,0.273519,-0.564544,0.156111,-1.001127,-0.456891,0.583551,1,0,1,0
0.096418,0.774844,-0.652802,0.115911,-0.021281,-0.515160,1.587372,0,0,0,0
0.196413,1.108885,-0.932055,-0.635361,-0.291969,0.002134,-0.049356,1,1,0,1
0.542249,-0.010319,-0.354064,0.351768,-0.567184,-1.368761,0.060753,0,0,0,0
0.623081,0.186097,-1.011008,0.049051,-0.615361,0.085826,0.051033,0,0,1,0
0.506994,0.334421,-0.610854,0.075564,-0.743409,1.466687,0.530407,0,0,0,0
0.467044,-0.000092,-0.249960,1.875222,-0.349648,0.245699,0.199292,1,1,0,0
0.107199,0.166420,-0.295731,1.598998,0.547687,-0.569778,1.238398,0,0,0,0
0.476385,0.089389,-0.928311,1.483066,-0.128403,1.071461,-0.224460,0,0,1,1
0.095160,0.097256,-0.208488,2.236045,0.490671,-1.365456,1.010920,0,0,0,0
0.214001,0.886543,-0.256179,0.621631,-0.000199,-0.044555,0.157621,1,0,1,1
0.504470,0.189537,-0.269217,0.503194,-0.750048,-0.883697,0.381124,0,0,0,0
0.607325,-0.013273,-0.226834,0.212447,-0.729715,-0.212423,0.350724,0,1,0,0
0.657988,0.481457,-0.113707,-0.188066,-0.574914,1.216084,-0.154764,0,0,0,0
0.776233,-0.636074,0.333100,0.617364,-1.340098,0.422283,-0.312501,1,0,0,1
0.350333,0.778923,-0.106714,0.616737,-0.175295,-0.083525,1.200731,0,0,0,0
0.529829,0.008646,0.108945,0.862481,-0.316069,0.985892,-0.047366,1,1,0,0
0.552115,-0.113294,-0.102981,0.594978,-0.618577,-0.547643,-0.053228,0,0,1,1
0.755691,0.095585,-0.165292,1.129648,-0.437113,-0.890503,0.332622,1,1,0,0
0.340966,-0.630671,-0.607785,0.920079,0.429921,-1.502520,-0.602886,0,0,1,1
0.850930,-0.111338,-0.324022,1.149592,-0.602352,-0.291008,0.323098,0,1,0,0
0.187512,-0.221592,-0.202993,0.731376,0.504655,0.339567,1.169756,0,0,0,1
0.756157,-1.348480,0.535613,1.178585,-1.412358,-1.226076,0.791878,1,0,1,0
0.300969,1.474151,-0.560401,0.626116,0.338501,-0.533063,0.537273,0,1,0,0
0.127096,1.280032,-1.204886,-0.040602,-0.102054,-0.378276,0.765858,0,0,0,1
-0.179478,1.711945,-0.688407,0.296515,0.701030,-0.427768,1.842559,0,0,1,0
0.011757,1.363849,-0.492189,0.008005,0.252184,-0.352214,1.038319,1,1,0,1
0.492467,-1.657885,0.861887,1.906518,-1.193144,-1.081402,0.304883,0,0,0,0
0.583663,-1.583272,0.041416,0.847646,-1.487274,-0.153204,-0.655716,1,0,1,1
0.554189,-0.021893,-0.146345,0.962320,-0.951848,0.245663,1.265824,0,0,0,0
0.598680,-0.540697,0.020745,0.689408,-0.637944,1.181825,-0.564532,0,1,0,0
0.533219,-0.841373,-0.010625,0.573036,-0.091322,0.295913,-0.522504,0,0,0,0
0.483340,-0.127573,-0.323970,1.003864,-0.477748,0.240362,-0.489802,1,0,1,0
0.410658,0.390351,0.146151,0.779134,-0.152565,-0.416118,1.220219,0,0,0,0
0.542959,-1.592630,-0.461309,1.320164,-0.954262,1.914687,-0.375906,1,1,0,1
0.790935,-1.481102,0.477717,0.243079,0.374584,-0.458341,-0.330116,0,0,0,0
1.072867,-0.515339,0.283482,0.048788,-0.325582,1.046646,0.067661,0,1,1,0
0.079018,0.232778,0.359259,0.151569,1.410650,-0.840322,0.991532,0,0,0,0
0.481969,0.607059,0.691330,-0.943294,0.214672,-0.124756,0.284258,1,0,1,1
1.040622,-0.239998,0.866254,-1.220478,-0.926305,0.591504,0.560118,0,0,0,0
1.035702,-0.582966,0.126078,-1.749552,-0.590882,0.998781,0.482581,0,1,0,1
0.477195,0.256140,0.110063,-1.135372,0.411971,-0.762475,1.078240,0,0,1,0
0.569392,0.860611,0.716358,-1.119696,0.708891,0.717897,1.154660,1,1,0,1
0.279223,0.011201,0.188074,1.168089,-0.143882,-1.287211,-0.601838,0,0,0,0
0.195894,0.171835,-0.302772,0.634314,-0.015520,0.045049,-0.857301,1,1,1,0
0.581645,0.629875,0.119091,0.438006,-1.710134,-0.075941,1.756443,0,0,0,0
0.601684,-0.172829,-0.044443,0.464201,-0.670787,0.177226,-0.336398,0,0,1,0
0.602295,-0.197603,-0.255132,-0.505534,-0.694379,0.212709,-0.082449,0,0,0,0
0.407991,0.549573,0.282757,0.469133,-0.330674,-0.408751,0.116121,0,1,0,1
0.092109,0.824621,0.154802,0.192426,0.402511,-1.459333,1.891874,0,0,0,0
0.152615,1.088373,-0.123909,0.015095,-0.167555,-0.057783,-0.183443,1,0,1,1
0.650674,-1.007352,0.516211,-0.056550,0.039957,-1.307297,0.259593,0,0,0,0
0.635865,0.024123,0.331559,0.648966,-0.825565,0.010067,0.047912,0,1,1,0
0.755191,-0.176890,1.321559,0.218662,-0.098674,0.929521,1.703410,0,0,0,0
0.533020,0.334602,0.234219,-0.334231,0.230345,0.527325,0.665133,1,1,0,1
1.023477,-0.930273,0.126117,0.692191,0.224608,-0.309910,0.237584,0,0,0,0
0.982088,-1.171785,-0.079843,0.234057,-0.004433,1.871597,0.072191,1,0,1,0
0.733535,-0.508180,0.268863,0.610499,-0.001312,-0.725389,1.843822,0,1,0,0
0.701362,0.080201,-0.055763,-0.480344,0.837253,0.033567,0.931841,1,0,1,1
0.144188,0.463615,0.190846,0.583034,-0.257128,-1.753145,-0.191223,0,0,0,0
0.270186,0.456234,-0.185383,-0.051648,-1.732405,-0.061943,0.414526,0,1,1,1
0.447178,-0.241798,-0.800237,0.448893,-0.407813,-0.101497,1.368177,0,0,0,0
0.648240,-0.652772,-0.322726,-0.084361,-0.289033,-0.744782,-0.074167,0,0,0,0
0.586510,-0.329936,-0.205392,-0.065092,-0.753424,0.602823,0.373922,0,0,0,0
0.511562,-0.287119,-0.416778,0.007911,-0.949022,-0.631328,0.230410,1,1,0,0
0.536026,-0.337022,-0.629700,0.023987,-0.719285,-0.232823,0.596505,0,0,1,1
0.799675,-0.320378,-0.497854,-0.060429,-0.958809,-1.192745,0.715832,1,1,0,0
0.552922,-0.458030,-0.677046,0.112984,-0.935471,-0.369471,1.309444,0,0,1,1
0.581009,-0.101845,-0.280082,0.255484,-0.973809,-0.226855,0.640196,1,0,0,0
0.451172,0.667404,-0.464011,0.922475,-0.435316,0.910857,1.770256,0,1,0,0
0.189854,1.089577,-0.270093,1.082905,0.088345,0.000744,1.753745,0,0,1,1
-0.253444,0.484523,-0.745647,1.462446,1.103300,-1.158687,0.381904,1,1,0,0
0.331891,-0.164087,-0.392019,1.072731,0.097943,-0.085947,-0.033468,0,0,0,1
0.389393,-0.092200,-0.807030,1.516266,0.435568,-0.873349,1.032216,0,0,1,0
-0.159470,0.186026,-0.439623,0.233152,0.577500,-1.257070,1.176947,1,1,0,0
0.241368,2.086405,-0.745003,-0.314027,-0.773421,0.045985,0.641248,0,0,1,1
-0.063610,1.709699,-1.035721,-0.813582,-0.180963,-1.182341,1.105863,1,0,0,0
-0.400309,1.495414,-0.637277,0.144496,0.729706,-0.599564,0.649182,0,1,0,0
-0.099411,1.548255,0.053656,0.623416,0.495826,-0.952034,0.851271,1,0,1,1
0.776899,0.050210,-0.753224,-0.808835,-0.465553,0.423170,0.931821,0,0,0,0
0.599026,-0.781540,-1.054980,0.198776,-1.561342,0.211658,0.557598,0,0,1,1
0.684332,-0.259086,-0.609023,-0.618156,-1.335158,-0.462210,0.516431,1,1,0,0
0.270946,-0.597464,-0.464039,0.744824,-0.944355,-0.324032,0.454817,0,0,1,1
0.687789,0.255164,-1.041699,-0.301864,-1.194453,-0.179476,1.820662,1,1,0,0
0.821235,-0.215372,-0.350878,-1.046073,-1.228097,-0.315623,0.872702,0,0,1,1
0.571087,-0.343901,-0.455682,0.540260,-1.081697,-0.967510,0.254578,1,1,0,0
0.882332,-0.739735,0.415408,-0.393429,-1.065907,-1.286570,0.457740,0,0,1,1
0.990227,0.508467,0.130259,-0.798979,-1.232664,1.032200,2.041974,1,1,0,0
0.820001,0.001570,0.051879,-0.924880,-1.205176,0.035389,1.165466,0,0,1,1
0.595088,-0.174355,-0.450480,-0.902648,-1.076168,-0.019896,0.584454,0,1,0,0
0.417960,-0.397703,-0.353272,-1.370834,-0.261210,1.315380,0.452341,1,0,0,1
0.939350,-0.307458,-0.364768,-2.221581,-1.522163,-0.393537,2.061001,0,0,1,0
0.989138,-0.147585,-0.125408,-1.164742,-1.280330,-0.348385,1.692788,1,1,0,1
1.072293,-0.010440,0.663124,-1.282006,-0.871323,1.325812,1.623318,0,0,0,0
0.597892,-0.146135,-0.038495,-0.236757,-0.805715,0.241562,0.352507,0,0,1,0
0.670368,0.416791,-0.036442,-0.059400,-1.382524,0.792086,0.877888,0,0,0,0
0.658791,-0.438783,0.188984,-0.409949,-0.702098,-0.272980,-0.292890,1,0,0,0
0.219666,0.305942,-0.263152,-0.792861,-0.524333,-1.001991,1.970090,0,1,0,0
-0.032732,0.158496,-0.296834,-0.081480,-0.429363,-0.583391,2.243513,1,0,1,0
0.614857,-0.423529,0.374147,-0.143151,-1.302382,-0.429260,-0.025954,0,0,0,0
0.752762,-0.186363,-0.463310,0.795645,-0.674390,0.534474,-0.389289,0,1,0,0
0.621319,0.385643,-0.516923,-0.032699,-0.577280,1.275620,0.079569,0,0,0,0
0.153264,0.350639,-0.432516,0.374590,-0.030493,-0.386601,-0.412772,0,0,1,1
0.252506,0.993101,-0.738703,-0.538422,-0.010217,0.609133,0.874539,0,0,0,0
0.155621,1.067738,-0.878246,-0.173152,-0.253419,0.567420,-0.469025,1,1,0,0
-0.085520,0.981451,-1.539303,-0.796908,0.114885,-1.232307,1.060126,0,0,0,0
0.106056,1.548043,-1.139105,-0.401157,0.419931,0.761002,-0.132808,1,0,0,1
0.518837,0.071307,-0.396187,0.844017,-0.371496,-0.954536,0.022021,0,0,0,0
0.765363,-1.818556,0.101223,2.549484,-1.814478,-0.002934,-0.260625,0,0,0,1
0.715088,-1.799372,0.003007,1.786112,-1.433415,0.471562,-0.316429,0,0,0,0
0.524866,-1.347281,0.388578,1.309222,-1.109206,0.346809,-0.221906,1,0,1,0
0.526492,-0.204946,0.101841,-1.324829,-0.259065,1.211468,1.029956,0,0,0,0
0.280023,0.820835,-0.473160,-0.382397,-0.771997,0.036682,0.344341,0,1,0,0
0.440658,0.553748,-0.755269,-0.274151,-1.166842,1.046974,0.113359,0,0,0,0
0.179018,0.653052,-0.639595,0.181553,-0.722236,0.094093,0.484416,0,0,1,1
0.336935,-0.309605,-0.570651,-0.449478,-0.611055,-0.669963,0.472353,0,0,0,0
0.667751,0.177634,-0.837437,0.043522,-1.155160,2.288936,-0.319062,0,0,1,0
0.533629,0.405656,-0.397475,-0.029447,-0.551023,1.322782,0.037398,0,0,0,0
0.328890,0.461718,-0.363081,0.615363,-0.361455,0.186269,0.163824,1,1,0,0
0.565460,-0.057085,0.031618,-0.983915,-0.344406,1.619768,1.623288,0,0,0,0
0.369773,0.561715,-0.455191,0.526787,-1.025420,1.008318,-0.328494,0,0,1,1
-0.001256,0.670063,-0.442693,0.325878,0.000395,-0.636479,1.634127,0,0,0,0
0.213674,0.608556,-0.949519,-0.328086,-0.707380,0.922809,0.070267,1,0,1,0
0.362893,-0.417737,0.300242,0.408750,-0.644686,-0.763757,-0.504436,0,0,0,0
0.423876,0.313878,-0.407056,0.831098,-0.938147,0.148203,-0.478449,1,1,0,1
0.119647,1.040609,-0.514763,-0.051143,-0.398156,-0.704298,0.665749,0,0,0,0
0.363348,0.196829,-0.403404,0.250063,-0.791949,0.092935,-0.202890,0,0,1,0
0.431666,0.134792,-0.341164,0.218400,-1.147000,1.203544,0.010819,0,0,0,0
0.435045,0.141942,-0.554386,-0.087549,-1.549702,-0.529351,0.227336,1,1,0,0
0.129699,0.466052,-0.413954,0.142357,-0.661282,-1.054876,0.518327,0,0,0,0
0.229960,0.859679,-0.442517,-0.479662,-1.224266,-0.273101,0.025783,0,1,1,0
0.548282,0.244938,-0.831233,-0.149920,-0.912907,-0.507923,-0.066925,0,0,0,0
0.516317,0.393236,-0.587372,0.334959,-0.968549,-0.479920,0.000027,1,0,0,0
0.252934,0.472634,-0.744529,0.607187,0.175622,0.474625,-0.246448,0,0,0,0
0.168744,0.545694,-0.824005,0.056854,-0.748609,0.160935,-0.240876,0,1,1,0
0.090999,0.355462,-0.271506,-0.296037,0.018254,-0.083476,1.642368,0,0,0,0
0.247500,0.616827,-0.864617,0.198017,-0.527839,0.400155,-0.462585,1,1,0,0
-0.058005,0.586326,-1.274867,-0.298622,0.098937,-0.982250,0.973262,0,0,0,0
-0.067237,0.540535,-0.480773,0.220400,-0.334803,0.381733,-0.623829,1,0,1,0
0.592526,-0.226913,-0.217521,-0.222342,-0.952688,-1.100123,0.129926,0,0,0,0
0.625726,0.138406,-0.465162,0.192913,-1.270470,0.065713,0.713365,0,1,0,0
0.308794,0.153547,-0.661834,0.087321,-0.761753,0.141145,-0.346849,0,0,0,0
0.228029,0.298456,-0.539085,-0.015731,-0.836697,0.467688,0.110444,0,1,1,0
0.109665,0.412604,-0.432345,-0.089498,-0.414362,0.129288,1.431329,0,0,0,0
0.240094,0.581377,-0.127959,-0.361178,-0.979195,0.419944,0.316904,1,1,0,0
0.019186,0.681933,-0.403953,0.646847,-0.048742,-1.082833,0.814778,0,0,0,0
0.078949,0.649398,-0.603238,0.176296,-0.421457,0.381659,-0.502512,1,0,1,0
0.518601,-0.068145,-0.263109,0.453586,-0.587345,-0.879881,0.152323,0,0,0,0
0.531981,0.281223,-0.514722,-0.256819,-1.319926,0.711312,0.488684,1,0,1,0
0.620695,0.155793,-0.013182,0.732769,-0.739332,-1.769851,0.233734,0,0,0,0
0.457337,0.065349,-0.421361,0.420402,-0.732542,-0.020005,0.678590,0,1,0,1
0.171853,0.368656,-0.255652,-0.563679,-0.242905,-0.424791,1.326816,0,0,0,0
0.259382,0.213662,-0.750208,0.255805,-0.306417,0.917889,-0.526851,1,0,1,0
-0.073630,0.445142,-0.336231,0.801088,0.481802,-0.777229,0.626759,0,0,0,0
0.163869,0.276073,-0.424584,0.139037,-0.160451,1.500383,-0.551237,1,1,0,1
0.394853,-0.086607,-0.159871,-0.036961,-1.107933,-0.582183,-0.186069,0,0,0,0
0.571996,-0.082585,-0.155166,0.847787,-1.017722,1.125015,-0.806187,1,0,1,1
0.296221,1.015535,-0.255101,-0.251056,-0.428358,-0.630852,0.956963,0,0,0,0
0.578667,0.330542,-0.486789,-0.125711,-1.170096,-0.036219,0.398163,0,1,0,0
0.293868,-0.018415,-0.017319,0.241986,-0.746307,-0.513170,0.175399,0,0,0,0
0.412614,0.492126,-0.409515,-0.167669,-1.192411,-0.135129,1.085865,0,0,1,1
-0.007375,0.601484,-0.316144,-0.002350,0.053485,-1.083721,1.034561,0,0,0,0
0.020725,0.869166,-0.293831,-0.201093,-0.737382,0.122308,0.327575,0,1,0,1
0.601579,-0.363609,-0.694662,-0.010492,-0.210141,-0.759616,0.694094,0,0,0,0
0.540750,0.514805,-1.037213,-0.534349,-1.045604,0.155106,0.246109,0,0,1,0
0.478136,0.837057,-0.842328,0.014005,-0.750353,-0.026975,0.237051,0,0,0,0
0.253545,0.835131,-0.732694,0.341279,-0.399773,0.042299,-0.186611,1,1,0,0
0.251815,0.619458,-0.482878,0.467140,0.650225,0.323149,0.962199,0,0,0,0
0.281309,0.574761,-0.897848,0.454417,0.357587,0.877441,-0.422015,0,0,1,1
-0.077909,0.757218,-0.625001,0.605704,1.098915,0.137374,0.932699,0,0,0,0
0.093644,0.465043,-0.895635,0.070321,0.544445,-0.044514,-0.771189,1,0,0,1
0.681662,-0.492348,0.236320,-0.312789,-0.039447,-0.913105,-0.053999,0,0,0,0
0.427442,0.012837,-0.553939,0.395152,-0.906245,-0.189118,-0.154025,1,0,0,0
0.230691,-0.194294,-0.251181,0.558955,-0.047707,1.155555,-0.785794,0,0,0,0
0.187858,-0.417007,-0.125387,0.507452,-0.406770,0.332959,-0.522370,0,1,0,1
0.204511,0.820569,-0.374586,-0.474660,-0.487497,0.893064,1.424060,0,0,0,0
0.235351,0.816940,-0.508612,-0.684123,-0.540669,0.253663,0.074089,1,0,1,0
-0.108535,0.871650,-0.674117,0.052869,0.227912,-0.969166,1.373996,0,0,0,0
0.048473,1.055328,-0.622994,-0.102570,-0.372093,0.438294,-0.213922,1,1,0,0
0.606858,-0.161926,-0.459101,-0.753809,-0.575136,-0.593490,0.039408,0,0,0,0
0.486413,-0.060366,-0.756042,-0.078726,-0.776041,-0.232086,-0.377005,0,1,0,0
0.410005,0.453826,-0.538510,0.199353,-0.678199,1.295258,-0.308514,0,0,0,0
0.306659,0.703458,-0.333127,0.417665,-0.397011,0.238233,0.203126,0,0,1,1
0.020014,0.568490,-0.586704,-0.288127,0.120856,-0.673527,1.678307,0,0,0,0
0.143057,0.331198,-0.737634,-0.494262,-0.385595,2.049236,0.300841,1,1,0,0
0.111881,0.954086,-0.537355,0.122898,0.081088,-1.018707,1.476621,0,0,0,0
0.236974,0.291081,-0.328692,0.217125,0.170143,1.016330,-0.311607,0,1,0,1
0.668096,-2.596410,-0.004519,1.037732,-1.709415,-0.712580,-0.331249,0,0,0,0
0.727964,-1.573553,0.101011,1.147435,-1.953557,-0.603678,-0.719998,1,0,1,1
0.301133,0.318346,-0.441408,0.710077,-0.271008,0.528563,1.433382,0,0,0,0
0.433612,-0.363823,0.087562,-0.067466,-0.799885,0.313847,-0.416415,0,1,0,0
0.286234,0.170404,-0.798261,-0.333244,-0.650254,1.122322,0.778235,0,0,0,0
0.177374,0.546062,-0.180408,-0.479125,-1.008011,-0.246741,0.959634,0,0,1,1
-0.009167,0.375464,-0.433090,-0.773354,-0.164752,-0.373146,1.879791,0,0,0,0
-0.026456,0.942366,-0.344759,-0.699859,-0.563052,0.374697,1.076449,0,1,0,1
0.573972,-0.678948,-0.259614,-0.255751,0.221375,-1.467751,-0.078627,0,0,0,0
0.419373,-0.323171,-0.578327,0.228634,-1.116112,-0.223020,0.671921,0,0,1,1
0.311319,0.322355,-0.213720,-0.525441,-0.188971,-1.506584,0.650958,0,0,0,0
0.383776,0.642930,-0.453625,-0.974258,-0.989547,-0.246970,0.946384,0,1,0,1
0.546409,-0.979609,-0.024464,-0.118735,0.031018,-0.675933,0.009723,0,0,0,0
0.635549,-0.063989,-0.078258,-0.480592,-1.121301,-0.491799,0.340744,0,0,1,1
0.191563,0.703332,-0.587735,-0.459628,-0.254539,0.016800,1.775229,0,0,0,0
0.150006,0.496687,-0.850332,-0.608341,-0.622798,0.441375,0.306039,0,1,0,1
0.505231,-0.351157,-0.638403,-0.088725,-1.139437,-0.972520,0.132816,0,0,0,0
0.650364,-0.424338,-0.718397,-0.240798,-1.498361,0.746660,-0.308968,0,0,1,1
0.210904,-0.260617,-0.137798,-0.675070,0.039048,0.051255,1.276432,0,0,0,0
0.254157,0.389457,-0.517646,-0.756932,-0.781464,0.638755,-0.492368,1,1,0,0
0.679256,0.160984,-0.712768,-0.434344,-0.588865,-1.177403,-0.012395,0,0,1,1
0.373402,0.730807,-0.617124,-0.327110,-0.771955,-1.032235,0.474138,1,0,0,0
-0.176832,0.914698,-1.024840,0.079427,0.275557,-0.440842,-0.296896,0,1,0,0
-0.229546,1.463011,-1.075934,-0.768908,0.227855,0.109178,0.675254,0,0,1,1
-0.361524,1.588942,-1.101034,-0.436621,0.899975,-0.825588,1.088458,0,1,0,0
-0.243939,2.340643,-1.085791,-0.949119,0.862920,-0.250235,1.230854,1,0,0,1
0.377879,0.420636,-0.449908,-0.149374,-0.589808,-1.320276,-0.297200,0,0,1,0
0.291969,0.951584,-0.772491,-0.459014,-0.559269,-1.242317,0.409736,0,1,0,0
0.080836,1.419721,-1.500898,-0.863367,-0.313158,-0.569592,-0.153014,0,0,1,0
-0.148114,2.212051,-0.618322,-0.469595,0.439454,-0.427332,0.410878,1,0,0,0
-0.186785,1.388126,-0.366727,-0.232260,0.997769,-0.139965,0.383909,0,1,0,0
-0.188685,1.253277,-0.548185,0.436003,0.556811,-0.316405,0.949965,0,0,1,1
0.421768,0.180567,0.224862,0.917766,-0.731082,-1.309665,-0.374586,0,1,0,0
0.367235,-0.690492,-0.098600,0.791008,-0.390128,-1.052456,-0.680437,1,0,1,1
0.608206,-0.162483,-0.309443,-0.967192,-1.193762,-0.322738,1.732573,0,0,0,0
0.698708,-0.465045,-0.270830,-0.759325,-0.739826,1.357146,0.108206,0,0,1,0
0.495395,-0.473911,-0.337641,-0.199479,-0.393121,0.295235,0.637049,0,0,0,0
0.197691,0.196959,-0.201227,-0.166299,-0.453555,0.003816,0.877890,1,1,0,0
0.053547,0.839914,-0.440255,-0.650111,-0.103356,-0.906340,1.220696,0,0,0,0
0.064505,1.381341,-1.009009,-1.231730,-0.236187,0.824099,0.294754,1,0,1,0
0.744199,0.157115,-0.851087,0.147155,-1.089826,-0.786555,0.290061,0,0,0,0
0.545641,-0.289838,-0.400615,0.539035,-1.036068,0.699374,-0.236400,0,1,0,0
0.557763,0.416336,0.008473,0.090838,-1.361764,0.509458,0.179384,0,0,0,0
0.290410,0.095930,0.261498,0.796731,-0.700493,-0.529435,-0.250689,0,0,1,1
0.160865,0.474633,-0.260459,-0.550427,-0.494124,-0.451144,1.060033,0,0,0,0
0.298676,0.534001,-0.645080,-0.117326,-0.472445,0.834949,-0.229998,1,1,0,0
0.014964,1.043104,-0.647256,0.202886,0.032279,-1.239549,1.166508,0,0,0,0
0.012737,0.944717,-1.040721,-0.515618,-0.262003,1.191002,-0.191067,1,0,0,1
0.659988,-0.005076,-0.018331,-0.014077,-0.308316,-1.138181,0.055086,0,0,0,0
0.678166,0.050849,-0.178985,0.355537,-1.291347,0.451215,-0.389343,0,0,0,1
0.906928,-1.827390,0.394419,1.747591,-1.942683,1.382456,-0.180703,0,0,0,0
0.548011,-0.591891,0.235425,1.304008,-1.061305,0.384227,-0.260920,1,0,1,0
0.344313,0.747865,0.211015,-0.703366,0.218730,-0.059825,1.393392,0,0,0,0
0.247330,0.545382,-1.348425,-0.420010,-0.370355,-0.226692,0.510773,0,1,0,1
-0.114785,1.187242,-0.900275,0.019041,0.465060,-0.665044,1.400674,0,0,0,0
0.065731,1.389501,-0.824779,0.105435,-0.070359,0.504494,0.541916,0,0,1,1
0.458917,-0.105033,-0.777307,-0.154156,-0.749626,-1.566114,0.655091,0,0,0,0
0.680986,0.168811,-0.676965,0.686444,-0.845233,0.942398,-0.100969,0,0,1,0
0.483021,0.831330,-0.464111,0.514746,-0.673483,0.612664,-0.032836,0,0,0,0
0.118135,0.741251,-0.430985,0.409509,-0.121321,-0.279066,0.486259,1,1,0,0
0.379485,0.512938,-0.173284,-0.459456,-0.398348,-0.255411,1.948649,0,0,0,0
0.347443,0.547357,-0.376832,-0.053617,-0.873056,1.089244,-0.037279,0,0,1,1
0.181037,0.953677,-0.402798,0.233712,-0.125293,-0.550946,1.220211,0,0,0,0
0.187955,0.865066,-0.641236,0.475470,-0.346287,-0.266294,-0.216374,1,0,1,0
0.328896,0.453916,0.131888,0.611051,-0.572244,-1.192574,0.126717,0,0,0,0
0.502354,0.383843,-0.370504,0.557639,-1.197171,-0.209530,-0.251691,1,1,0,1
0.075278,0.174433,-0.459048,0.408628,-0.468431,-0.366119,0.947279,0,0,0,0
0.662810,0.112757,-0.128816,-0.571271,-0.948778,0.576070,0.345666,0,0,1,0
0.563032,0.168135,-0.062312,-0.001469,-1.422308,0.328474,0.285807,0,0,0,0
0.531690,0.323962,-0.272850,-0.307773,-1.274897,0.682730,0.551319,1,1,0,0
0.182721,0.728653,-0.364470,-0.242999,-0.696442,-0.673817,0.731097,0,0,0,0
0.061308,0.812673,-0.256402,0.464949,-0.253973,0.242931,-0.372072,0,1,1,0
0.300240,-0.279122,-0.656244,0.583561,-0.849151,-0.918894,-0.576794,0,0,0,0
0.351389,0.278867,-0.638872,0.155675,-1.367604,-0.234037,-0.315782,1,0,0,0
0.092200,0.431223,-0.867394,-0.255153,-0.785606,0.156879,1.285036,0,0,0,0
0.036642,0.945145,-0.675886,-0.440717,-0.916103,-0.427941,0.726627,0,1,1,0
0.068072,0.996678,-0.697505,-0.339375,-0.083598,-0.596120,1.478170,0,0,0,0
-0.031474,0.797646,-0.682953,-0.046963,-0.607473,0.148522,-0.217936,1,1,0,0
-0.219938,1.048549,-0.535411,0.197466,0.215180,-1.330939,0.997625,0,0,0,0
0.021652,0.930783,-0.511864,0.140210,-0.436749,0.353291,-0.227132,1,0,1,0
0.602083,-0.497985,0.274859,-0.296359,-0.936124,-1.261040,0.548050,0,0,0,0
0.580120,0.137177,-0.503959,0.107848,-1.044047,0.982226,0.712102,0,1,0,0
0.274811,0.644471,-0.461096,0.091353,-0.667484,-0.430379,0.950297,0,0,0,0
0.007831,0.587737,-0.355664,-0.215464,-1.256446,0.376477,0.516190,1,0,1,0
0.243394,-0.013700,-0.187622,-0.294539,-0.549675,-1.039145,1.409155,0,0,0,0
0.277638,0.264891,-0.234772,-0.094926,-0.874193,-0.317727,-0.483866,1,1,0,0
-0.150170,0.213862,-0.621212,0.002118,-0.199565,-1.075949,0.402510,0,0,0,0
0.071217,0.637752,-0.569425,-0.080099,-1.056048,0.400626,-0.503774,0,1,1,0
0.517543,-0.385510,0.102581,0.222850,-0.619227,-1.814072,-0.064859,0,0,0,0
0.427083,-0.262387,-0.509906,0.203976,-0.980890,-0.422415,-0.747323,1,1,0,0
0.292702,0.555790,-0.279626,-0.697263,-0.772515,0.075475,1.741790,0,0,0,0
0.300770,1.038629,-0.319205,-0.230255,-1.072999,0.756409,0.510858,0,0,1,1
0.405118,1.079322,-0.545915,0.032336,-0.282131,-0.574180,0.008087,1,1,0,0
-0.166429,1.156440,-0.985000,-0.106761,0.882527,-0.910369,-0.019631,0,0,1,1
-0.400629,0.795158,-0.773360,-0.034964,1.012414,-1.075861,0.973036,0,1,0,0
-0.117607,0.929404,-0.280438,0.439143,0.269350,-0.328086,0.396627,1,0,1,1
0.123777,-0.129846,0.056295,0.991730,-0.832500,-1.029769,-0.200297,0,0,0,0
0.896005,0.089909,0.479299,0.401971,-1.333619,1.036226,-0.143771,1,0,1,1
0.432270,1.114711,-0.822147,-0.320327,-0.381680,0.214699,1.129424,0,0,0,0
0.524350,0.403292,-0.472850,-0.500581,-1.173657,0.621482,0.076133,0,1,0,0
0.588193,0.150560,-0.116013,-0.797416,-1.118218,-0.004904,0.405922,0,0,0,0
0.410633,-0.035278,0.049555,0.203619,-1.010317,0.374916,0.493192,0,0,1,1
0.066337,0.555616,-0.548062,-0.115573,0.053200,-0.406969,0.818296,0,0,0,0
0.253271,0.845008,-0.516477,-0.229501,-0.833867,1.035552,0.527701,0,1,0,1
0.608388,-0.024869,-0.402291,-0.422494,-0.974858,-0.960297,0.936889,0,0,0,0
0.574711,0.456729,-0.406161,0.303790,-1.382066,-0.050895,0.129585,0,0,1,0
0.467331,0.633047,-1.054404,-0.688836,-0.924439,0.511584,-0.006296,0,0,0,0
0.049130,0.593973,-0.410535,-0.493238,-0.503890,0.342247,-0.354171,1,1,0,0
0.268193,-0.147940,0.190031,-0.843495,0.375781,2.161311,0.975976,0,0,0,0
0.086930,0.213898,-0.395715,0.071596,-0.317085,0.161032,-0.698498,0,0,1,1
0.230027,1.113622,-0.631359,0.110822,0.142172,0.289271,0.946735,0,0,0,0
0.102309,0.515749,-1.229657,-0.435879,-0.468888,-0.619448,0.065958,1,0,0,1
0.311039,-0.186027,-0.616207,0.318688,-0.325163,-1.078476,-0.126466,0,0,0,0
0.562908,0.459443,-0.459224,0.002422,-1.385390,0.175078,-0.284367,1,0,0,0
0.395542,-0.379822,-0.715652,-0.248301,-0.598098,0.823708,-0.674072,0,0,0,0
0.370364,-0.475324,0.061619,0.053553,-0.506981,1.393899,-0.252091,0,1,0,1
0.298871,0.071205,0.546323,-1.161710,-0.243347,-0.648407,1.653415,0,0,0,0
0.217755,0.479041,-0.711142,-0.746468,-1.401342,0.784557,-0.178766,1,0,1,0
-0.219637,0.831918,-0.379276,-0.336947,-0.308316,-1.405081,1.360077,0,0,0,0
0.042778,0.706787,-0.657722,-0.430510,-0.253578,0.550893,0.729781,1,1,0,0
0.594164,-0.052830,-0.502394,-1.146997,-1.272788,-0.842847,0.227030,0,0,0,0
0.869008,0.024409,-0.650945,-0.804620,-1.287922,0.408908,0.040765,0,1,0,0
0.670955,0.393098,-0.245625,-0.017313,-1.028296,0.971842,0.202228,0,0,0,0
0.274713,0.394275,-0.078736,-0.023218,-1.092174,-0.228675,-0.069864,0,0,1,1
0.042875,0.921176,-0.683587,-0.480473,0.371178,0.163138,0.632539,0,0,0,0
-0.052463,1.233309,-0.441576,-0.132284,0.247075,0.674979,0.223248,1,1,0,0
0.338471,0.710628,-0.252053,0.080467,-0.215035,1.526284,0.439584,0,0,1,1
0.374455,0.379852,0.027892,0.280233,-0.203382,-1.490184,-0.044494,1,1,0,0
0.770737,-1.748299,0.267455,1.513937,-1.653576,-0.578304,-0.362232,0,0,0,0
0.599646,-1.604416,0.511901,1.366164,-1.822321,1.160323,-0.645902,1,0,1,1
0.486681,0.788348,-0.498865,0.565808,-0.770940,0.155274,0.846499,0,0,0,0
0.726179,-0.288056,0.168485,-0.080170,-0.759755,0.435675,-0.309061,0,1,0,0
0.839511,-0.304652,-0.245509,-0.341157,-0.789565,0.205589,-0.086348,0,0,0,0
0.479890,0.317398,-0.128179,0.298681,-1.114418,-0.484719,0.579285,0,0,1,1
0.219619,0.582712,-0.151216,0.090045,-0.607230,-0.801459,1.283400,0,0,0,0
0.284650,0.755188,-0.495863,0.306931,-0.236421,0.527163,0.593437,1,1,0,1
0.475149,-0.128565,-0.750852,0.145089,-0.746716,-0.930482,-0.354867,0,0,0,0
0.749953,-0.338466,0.093845,0.615260,-0.671892,-0.879880,-0.031703,0,1,1,0
-0.037921,-0.640730,0.579903,0.306541,-0.839046,-0.590879,1.747731,0,0,0,0
0.006217,-0.237377,-0.031198,-0.199947,-1.274547,0.449179,-0.307651,1,0,1,1
0.613570,-1.314645,0.230731,-0.512163,0.218800,-0.313177,-0.448665,0,0,0,0
0.891796,-1.196133,0.757061,-1.136479,-0.784326,0.425087,0.279821,0,1,0,1
0.007777,-0.924848,1.079989,-1.132743,-0.790804,-1.469373,1.085224,0,0,0,0
0.132155,-0.749437,0.523378,-1.199786,-1.127279,0.808173,-0.218545,1,1,1,0
0.745596,-0.989528,0.324661,-0.416125,0.283135,-1.781373,-0.326336,0,0,0,0
0.754434,-0.846414,0.362949,-0.314933,-0.198583,0.153511,-0.208087,0,0,1,1
-0.177760,-0.505380,1.305688,0.126965,-0.123826,-0.875995,1.417716,0,0,0,0
-0.189793,-0.531098,0.422301,-1.096134,-0.937211,0.205584,-1.215809,1,1,0,1
0.893620,-1.198948,0.506275,-0.721846,-0.130432,-0.591578,1.051786,0,0,0,0
0.839917,-1.036051,0.940645,-0.604409,0.020124,-0.540800,0.284802,0,1,1,0
-0.345895,-0.762334,0.929198,0.060609,-0.577786,-1.397229,0.406730,0,0,0,0
-0.017231,-0.597424,0.943066,-0.676930,-0.474888,1.125795,-0.394329,1,0,1,1
0.464290,0.141841,-0.292058,0.878216,-0.228259,-1.472083,1.270648,0,0,0,0
0.444994,-0.197828,-0.061482,0.895862,-1.095345,-0.788672,1.037871,0,1,0,0
0.278916,-0.842959,0.419906,-0.881132,-1.755859,0.605277,-0.562825,0,0,0,0
0.019719,-0.386942,0.290863,0.403223,-1.889551,0.151423,-0.814985,0,0,1,1
0.702437,-0.945126,1.010427,-0.610073,0.117364,-0.074187,1.378100,0,0,0,0
0.493896,-1.405205,0.797749,-0.367753,0.113418,1.177548,-0.516213,1,1,0,0
0.710378,-0.365800,0.320743,-0.133904,-0.133414,4.510064,0.773522,0,0,1,1
0.523062,0.172858,-0.076961,-0.031114,-0.515723,3.249138,1.581418,1,1,0,0
0.515807,0.107386,-0.209570,0.128348,-0.810823,-0.620075,0.385720,0,0,0,0
0.527740,0.853016,-0.392036,0.146273,-0.917189,0.154801,-0.160118,1,0,1,1
0.068796,0.610721,-0.285502,0.955090,0.220537,-1.196382,1.133960,0,0,0,0
0.450423,-0.738091,-0.081910,0.491095,-0.005004,0.274527,-0.742335,0,0,0,0
0.446116,-0.436416,0.659235,0.498063,0.034270,0.023741,-0.136442,0,0,0,0
0.130192,-0.490461,-0.221768,0.764241,0.091105,-0.639226,-0.528100,1,1,0,0
-0.247771,0.287558,-0.541260,0.328142,1.307464,-0.505409,0.627967,0,0,1,0
-0.470260,0.486773,-0.421572,0.529990,1.175235,-0.630632,0.805377,1,1,0,1
0.337986,-1.097713,-0.447049,0.512668,0.114934,-0.857659,-0.790003,0,0,0,0
0.493265,-0.531678,-0.517033,0.415553,-0.325765,0.124387,-0.785431,1,0,1,0
-1.013019,-1.525776,0.896479,0.355231,-0.184485,-0.724362,0.423112,0,0,0,0
-0.276144,-0.250688,-0.445746,-0.513503,-0.845925,0.775301,-1.921297,0,1,1,1
0.264557,-0.727215,-0.745160,0.792790,-0.047463,-1.463561,-0.309166,0,0,0,0
0.406091,-0.438823,-0.477569,0.601691,-0.587070,0.545192,-0.593201,1,1,0,0
-0.857548,-1.150116,1.017567,1.181858,-0.010537,-1.493600,0.699759,0,0,0,0
-0.294775,-0.865069,-0.434418,-0.185818,-0.659122,0.269073,-1.750671,1,0,1,1
0.250208,-0.413962,-0.488097,1.407991,0.408258,-0.767803,-0.145881,0,0,0,0
0.368610,-0.620915,-0.607835,1.153377,-0.063460,-0.064481,-1.029640,0,1,1,0
-0.873109,-0.333576,0.877599,0.829074,0.016442,-1.363648,0.685987,0,0,0,0
-0.838769,-0.825555,-0.036068,0.527450,-0.239151,0.549892,-1.839025,1,1,0,0
0.310071,-0.009116,-0.298793,1.076852,0.015654,-1.844625,-0.231978,0,0,1,1
-0.349022,-0.431469,-0.794369,0.830828,0.670315,-1.012700,0.040737,1,1,0,0
-0.395651,0.902533,-0.914661,0.100006,0.723634,-0.501958,-0.217912,0,0,1,0
-0.662407,1.561792,-1.172185,-0.286785,1.471485,-0.631230,0.219846,1,0,0,1
-0.815806,1.952998,-1.275574,-0.124092,2.567487,-0.007737,0.491597,0,1,0,0
-0.932538,1.842600,-0.902380,0.093921,2.522141,-0.629089,0.838952,0,0,1,1
0.037940,-0.703802,-0.638479,0.789702,0.918354,-1.206101,0.180447,1,1,0,0
-0.160296,-0.098575,-0.831954,0.788784,0.959274,-1.080579,-0.373516,0,0,1,1
-0.229351,1.009789,-0.855717,0.646092,1.269728,0.108052,0.113473,0,1,0,0
-0.714635,1.315580,-1.032903,-0.143911,1.480329,-1.525950,-0.724311,1,0,0,1
-1.099570,1.791765,-1.272600,0.011448,2.817661,-0.517456,1.315833,0,0,1,0
-0.899708,1.736389,-1.162866,-0.518838,1.865592,-0.947389,-0.116082,1,1,0,1
0.160265,-0.564906,-0.493741,0.551225,0.168712,-0.804709,-0.596036,0,0,0,0
0.212287,0.131378,-0.870937,0.346883,-0.203222,0.149195,-0.580133,1,1,1,0
0.048341,-0.206756,-0.227300,0.580649,0.988096,-0.943391,0.806022,0,0,0,0
0.661018,-1.404161,0.577431,0.133802,0.482246,0.836456,-0.710824,0,0,0,0
0.459694,-1.033493,0.222498,0.599942,0.014674,0.132327,-0.228913,0,0,0,0
0.254968,-0.882565,-0.127940,0.366576,0.031255,-0.161984,-0.411133,0,0,0,0
0.249604,-0.596425,-0.033747,0.526321,0.336790,-0.074574,-0.168657,0,0,0,0
-0.037427,-0.510931,-0.152480,0.399634,0.346046,0.016444,-0.379323,0,0,0,0
-0.138549,0.327990,-0.516990,0.374732,0.793235,-0.091855,-0.214885,0,0,0,0
-0.348687,0.387052,-0.810682,0.616704,1.047940,0.184271,-0.322995,0,0,0,0
-0.450670,0.820862,-1.220119,0.353353,1.367098,-0.088728,-0.732387,0,0,0,0
-0.621081,0.741213,-1.013852,0.386388,1.575644,-0.589734,-0.624123,0,0,0,0
-0.648143,1.282603,-0.725616,-0.338131,1.590189,-0.605435,-0.212782,0,0,0,0
-0.825877,1.279812,-0.775946,0.326215,1.633200,-0.653951,-0.149245,0,0,0,0
-0.870405,1.833579,-0.893428,-0.328441,2.136223,-0.082325,-0.270791,0,0,0,0
-1.074064,1.589989,-0.913776,-0.133467,2.479343,-0.711998,-0.346194,0,0,0,0
-1.179285,1.633057,-0.814069,0.192320,2.647734,-0.651471,-0.309671,0,0,0,0
-1.222690,2.123024,-0.894757,-0.093363,2.750643,-0.795208,-0.321256,0,0,0,0
-1.291718,2.454167,-0.627275,-0.038930,2.963186,-0.203416,0.206084,0,0,0,0
-1.480357,2.538815,-0.610021,-0.228714,3.314483,-0.052956,-0.171943,0,0,0,0
-1.340693,2.538537,-1.030162,-0.131343,3.649250,0.101140,-0.252226,0,0,0,0
-1.592558,2.604706,-0.726943,-0.347860,3.913948,-1.154277,-0.287264,0,0,0,0
-1.483333,2.808195,-0.566968,-0.489775,3.396397,-0.339978,-0.124721,0,0,0,0
-1.652244,2.766324,-0.648860,-0.506989,3.941465,-1.276712,-0.409564,0,0,0,0
-1.626548,2.868198,-0.858259,-1.016511,4.025124,-0.794435,-0.693597,0,0,0,0
-1.947010,3.135762,-0.004053,-1.416917,3.738590,-0.838113,-0.407308,0,0,0,0
-1.964096,2.887271,-0.494056,-1.661820,3.901826,-0.299898,-0.454341,0,0,0,0
-1.966205,3.169327,-0.384867,-1.918462,4.156785,-1.087958,-0.422001,0,0,0,0
-2.175313,3.442886,0.205961,-2.265265,4.364178,-1.239632,-0.404893,0,0,0,0
-2.228935,3.297950,-0.115598,-2.679905,4.521600,-1.355588,-0.366616,0,0,0,0
-2.211715,3.241827,-0.035526,-2.165229,4.619737,-1.034480,-0.382609,0,0,0,0
-2.357075,3.224125,0.221709,-2.572918,4.334245,-1.023242,-0.155272,0,0,0,0
-2.500100,3.072362,0.470257,-2.101298,4.614881,-0.724082,-0.155448,0,0,0,0
-2.577457,3.077656,0.623846,-2.147111,4.735537,-1.111675,0.104562,0,0,0,0
-2.864639,3.268912,1.221128,-2.871400,4.751913,-0.977044,0.021565,0,0,0,0
-3.002990,3.422863,1.715086,-3.098314,4.664415,-1.124329,-0.110945,0,0,0,0
-2.994818,3.198122,1.405481,-2.821896,5.033875,-0.872891,-0.011305,0,0,0,0
-2.993406,3.123438,1.383175,-2.762142,4.752070,-1.190567,0.057343,0,0,0,0
-3.195981,3.072066,1.678443,-3.060142,4.809304,-1.090264,-0.109664,0,0,0,0
-3.282382,2.934683,1.918881,-2.634806,4.613840,-1.475165,-0.091766,0,0,0,0
-3.288977,2.839798,1.672749,-2.924264,4.706085,-0.667363,-0.193870,0,0,0,0
-3.524323,2.933933,2.319047,-3.190896,4.486661,-1.561061,-0.329046,0,0,0,0
-3.894439,2.916146,3.192041,-3.503174,4.274934,-1.146372,-0.405469,0,0,0,0
-3.966528,2.927678,3.430078,-3.509712,4.108793,-1.112163,-0.480864,0,0,0,0
-3.991409,2.917825,3.584426,-3.208442,4.255582,-1.394578,-0.447839,0,0,0,0
-4.055722,2.812003,3.567163,-3.292984,4.302083,-1.151715,-0.715842,0,0,0,0
-4.067861,2.687607,3.495159,-3.000535,4.423613,-1.038767,-0.790536,0,0,0,0
-4.033818,2.963380,3.665581,-3.522701,4.081349,-0.890751,-0.611648,0,0,0,0
-4.364416,2.618414,4.216571,-3.034564,4.254487,-1.222764,-0.958845,0,0,0,0
-4.632831,2.431595,4.924880,-2.740097,3.452294,-1.178325,-1.240310,0,0,0,0
-4.564455,2.634292,5.060770,-2.778030,3.183807,-1.359769,-1.086674,0,0,0,0
-4.656908,2.627290,5.325990,-2.675603,3.271196,-0.831668,-0.934005,0,0,0,0
-4.796009,2.431299,5.441975,-2.564395,3.479619,-1.190193,-0.874909,0,0,0,0
-4.831998,2.454120,5.651812,-2.512438,3.139681,-1.369794,-0.837398,0,0,0,0
-5.014208,2.188234,5.822190,-2.322379,3.141849,-1.066958,-0.799323,0,0,0,0
-5.039324,2.345671,6.081062,-2.662686,2.681354,-1.145108,-0.726252,0,0,0,0
-5.306027,1.995723,6.576762,-1.859568,2.707740,-1.576360,-0.614290,0,0,0,0
-5.444019,1.733096,6.569949,-1.917095,2.562301,-0.690832,-0.530641,0,0,0,0
-5.507606,1.678030,6.688870,-1.940274,2.316871,-0.917504,-0.498105,0,0,0,0
-5.653363,1.508738,7.030984,-1.432867,2.289376,-0.877074,-0.287020,0,0,0,0
-5.744472,1.245802,6.973172,-0.933393,2.929247,-1.567313,-0.257044,0,0,0,0
-5.771282,1.206556,6.992445,-1.016658,2.627341,-0.795506,-0.365001,0,0,0,0
-5.770172,1.261867,6.997053,-1.336912,2.454389,-1.421605,-0.110751,0,0,0,0
-5.932663,0.993201,7.223533,-0.743801,2.677210,-1.209911,-0.331659,0,0,0,0
-6.012401,0.820945,7.307683,-0.216814,3.161972,-0.883284,-0.444890,0,0,0,0
-6.103881,0.627303,7.185082,-0.560137,2.893217,-1.526794,-0.476164,0,0,0,0
-6.110642,0.511967,6.944574,-0.718304,3.060339,-0.631782,-0.583801,0,0,0,0
-6.174968,0.407900,6.992431,-0.737799,2.771648,-1.385477,-0.788546,0,0,0,0
-6.222254,0.350227,7.116061,-0.508832,2.778772,-1.020732,-0.930928,0,0,0,0
-6.189010,0.498948,7.282724,-0.515406,2.539057,-1.543970,-1.034453,0,0,0,0
-6.261277,0.347228,7.325597,-0.184815,2.918438,-1.364884,-1.102166,0,0,0,0
-6.270500,0.315322,7.318401,-0.130114,2.925361,-1.466943,-1.241252,0,0,0,0
-6.228243,0.464071,7.445025,-0.111312,2.891481,-1.001323,-1.292273,0,0,0,0
-6.243629,0.366316,7.276192,-0.271140,2.897444,-1.504519,-1.210286,0,0,0,0
-6.337515,0.179856,7.318618,-0.077841,2.904310,-1.276527,-1.248604,0,0,0,0
-6.332930,0.212041,7.339484,-0.169199,2.813837,-0.645156,-1.236951,0,0,0,0
-6.433186,0.027073,7.439394,0.188562,3.013578,-1.431997,-1.173311,0,0,0,0
-6.532196,-0.202638,7.396197,0.305680,3.054583,-1.475103,-1.169767,0,0,0,0
-6.574302,-0.251404,7.521154,0.565709,3.148501,-0.696638,-1.185103,0,0,0,0
-6.642669,-0.400591,7.495094,0.589547,3.131651,-1.575400,-1.077612,0,0,0,0
-6.734695,-0.612045,7.460144,0.702652,3.164562,-1.569276,-0.975622,0,0,0,0
-4.124369,0.910849,1.072659,-2.809300,5.415496,8.939970,-1.100074,0,0,1,0
