mfcc0,mfcc1,mfcc2,mfcc3,mfcc4,onset,rms,lane0,lane1,lane2,lane3
-3.106902,1.469064,-2.089906,-0.930437,2.072081,0.190958,-2.295035,0,0,0,0
-3.145606,0.906413,-2.886280,-1.038287,1.885941,-0.225056,-2.512215,0,0,0,0
-2.170223,1.632530,-2.805896,-0.775026,1.570107,-0.018851,-2.447387,0,0,0,0
-3.722256,1.379928,-1.715366,-0.878590,2.809060,-0.185113,-2.365607,0,0,0,0
-3.695352,1.200317,-1.777171,-0.718600,2.440579,1.307331,-2.279531,0,0,0,0
-3.476546,0.667532,-2.793665,-0.826156,1.929871,-0.300780,-2.429248,0,0,0,0
-2.719128,1.639244,-2.343883,-0.949814,1.770891,0.287220,-2.469674,0,0,0,0
-3.901946,1.356886,-1.436623,-0.666751,2.885293,-1.195825,-2.405033,0,0,0,0
-3.192183,1.453128,-2.074637,-1.159355,1.801639,0.936059,-2.627302,0,0,0,0
-3.393393,0.010987,-3.652939,-0.732281,1.644808,-0.578299,-2.639406,0,0,0,0
-2.728796,1.604415,-2.339412,-0.878402,1.762714,4.289005,-2.400453,0,0,0,0
-3.953112,1.390370,-1.561501,-1.197457,2.745042,-1.551878,-2.387597,0,0,0,0
-3.909802,1.373012,-1.444835,-0.934504,2.610755,-0.657526,-2.616609,0,0,0,0
-4.489492,-0.467760,-3.001323,-0.416991,1.919184,-0.931484,-2.436621,0,0,0,0
-2.310718,1.618100,-2.828532,-0.985378,1.548834,4.705193,-2.574289,0,0,0,0
-3.367614,1.546836,-1.632075,-0.489928,2.573345,-0.795618,-2.460245,0,0,0,0
-2.842665,1.537822,-2.479915,-1.455285,1.430911,-0.923299,-2.700703,0,0,0,0
-4.234255,-0.340143,-3.289906,-1.027794,1.677606,-0.499686,-2.489485,0,0,0,0
-2.286086,1.353313,-3.671920,-1.870463,1.348300,2.494059,-2.471974,0,0,0,0
-3.996862,1.229401,-1.559360,-0.915363,2.791371,-1.564253,-2.342874,0,0,0,0
-3.178088,1.599514,-2.089300,-1.339572,2.026618,-0.737317,-2.660966,0,0,0,0
-4.374956,-0.443214,-3.123165,-0.617970,1.803971,-1.012267,-2.476308,0,0,0,0
-2.502466,1.617274,-2.673061,-1.110348,1.814162,3.035440,-2.438854,0,0,0,0
-3.818443,1.319920,-1.600010,-0.729497,2.893407,-0.756125,-2.438138,0,0,0,0
-3.080618,1.454313,-2.210215,-1.227315,1.756477,0.138838,-2.571356,0,0,0,0
-4.110102,-0.139381,-3.081811,-0.828400,1.864072,-0.352381,-2.388444,0,0,0,0
-2.280717,1.782301,-2.445669,-0.810926,1.500409,5.300148,-2.298158,0,0,0,0
-3.878038,1.293153,-1.580442,-1.002274,2.476604,-0.783241,-2.403982,0,0,0,0
-3.414257,1.518654,-1.747969,-0.771509,2.290980,0.238026,-2.400220,0,0,0,0
-4.415236,-0.275912,-2.717434,-0.560123,1.826625,-0.274099,-2.364681,0,0,0,0
-3.165846,1.005508,-2.705146,-0.885448,2.009246,1.632068,-2.392586,0,0,0,0
-3.651068,1.395499,-1.615907,-0.661140,2.746782,-0.967212,-2.383865,0,0,0,0
-3.996003,1.601707,-1.225136,-1.314214,2.650742,-0.380306,-2.514314,0,0,0,0
-4.193348,0.344981,-2.604586,-1.359212,1.889631,-0.669747,-2.496688,0,0,0,0
-3.370311,1.189494,-2.509782,-1.510335,1.888237,0.389932,-2.459001,0,0,0,0
-3.508783,1.544175,-1.436159,-0.510827,2.688274,-0.768103,-2.359020,0,0,0,0
-3.552653,1.531837,-1.578551,-1.080237,2.226272,-0.712753,-2.650222,0,0,0,0
-3.476725,0.957323,-2.370991,-0.702165,2.151266,0.285156,-2.528144,0,0,0,0
-3.156372,1.358986,-2.438538,-1.229703,2.151115,0.110147,-2.420602,0,0,0,0
-2.899858,1.896765,-1.647438,-0.462222,2.396883,-0.631125,-2.264790,0,0,0,0
-2.886111,1.794615,-1.824591,-1.041888,1.720013,-0.766694,-2.472520,0,0,0,0
-3.051455,1.205020,-2.637957,-1.166982,1.751329,1.130858,-2.504751,0,0,0,0
-2.427315,1.668051,-2.867711,-1.351113,1.662955,1.176590,-2.546539,0,0,0,0
-3.404764,1.662995,-1.565460,-0.843695,2.459860,-0.825378,-2.363341,0,0,0,0
-2.618465,1.516657,-2.762626,-1.354957,1.636622,0.866246,-2.709727,0,0,0,0
-3.601710,0.559644,-2.831505,-0.905594,2.112557,-0.966300,-2.608867,0,0,0,0
-2.115049,1.801434,-2.933547,-1.425296,1.276809,2.585552,-2.498361,0,0,0,0
-3.638089,1.572661,-1.322035,-0.592909,2.768629,-0.888187,-2.368039,0,0,0,0
-3.449405,0.731737,-2.565802,-1.158634,1.538752,1.248222,-2.699652,0,0,0,0
-3.630248,0.468512,-2.682298,-0.499509,2.200549,-0.542291,-2.584380,0,0,0,0
-2.098684,1.503417,-3.421409,-1.673279,1.027458,4.967608,-2.516276,0,0,0,0
-3.381168,1.582283,-1.696063,-0.845658,2.561646,-1.166144,-2.505459,0,0,0,0
-2.767404,1.486704,-2.733092,-1.420701,1.682108,1.131303,-2.522231,0,0,0,0
-3.917648,1.360857,-1.391558,-0.918381,2.623657,-0.846750,-2.497491,0,0,0,0
-3.664799,1.606480,-1.218148,-0.845905,2.318719,-0.954557,-2.754724,0,0,0,0
-4.293997,-0.355604,-3.035541,-0.341224,2.384145,-0.689944,-2.426393,0,0,0,0
-2.488001,1.238781,-3.279368,-1.446564,1.074324,-0.577430,-2.495557,0,0,0,0
-3.654083,1.237727,-1.892462,-0.672516,2.811984,-0.255555,-2.291586,0,0,0,0
-3.732733,1.534261,-1.389843,-0.799175,2.662219,1.942082,-2.378675,0,0,0,0
-3.709126,0.037070,-3.547623,-1.549490,1.441812,-0.607674,-2.570072,0,0,0,0
-3.476986,0.255355,-3.469007,-1.074878,1.758104,0.181213,-2.555618,0,0,0,0
-3.336883,1.670217,-1.843907,-1.122575,2.490536,-0.637130,-2.394575,0,0,0,0
-4.123858,1.555931,-0.996330,-0.950193,2.906777,0.123021,-2.452436,0,0,0,0
-3.479649,1.467857,-1.813157,-0.778704,2.603073,-0.205321,-2.277145,0,0,0,0
-3.355158,1.586979,-1.656703,-0.622836,2.449652,-0.277998,-2.223101,0,0,0,0
-3.345509,0.989118,-2.720252,-1.298709,1.749665,0.869160,-2.466251,0,0,0,0
-3.801662,0.342508,-2.945111,-0.796469,2.223051,-0.052296,-2.270874,0,0,0,0
-2.931870,1.880296,-1.717119,-0.682933,2.347248,1.191925,-2.406951,0,0,0,0
-3.722030,1.268716,-1.667928,-0.850802,2.389693,0.257325,-2.363644,0,0,0,0
-3.403813,1.048986,-2.498620,-1.197415,2.144122,1.367282,-2.529970,0,0,0,0
-3.414424,0.734302,-2.731753,-0.634015,2.159386,0.268351,-2.504566,0,0,0,0
-2.674306,2.045505,-1.712817,-0.519762,2.342484,0.300365,-2.521021,0,0,0,0
-3.890324,1.091726,-1.750422,-0.822178,2.494800,-0.749034,-2.289285,0,0,0,0
-3.022911,1.161588,-2.533151,-0.897169,1.854845,0.916920,-2.524285,0,0,0,0
-3.387072,0.737958,-2.773201,-0.799710,2.027451,0.259097,-2.427416,0,0,0,0
-2.832365,1.875325,-1.812527,-0.556206,2.443086,0.252619,-2.526219,0,0,0,0
-3.324997,1.505661,-1.576458,-0.209227,2.718469,0.103121,-2.198234,0,0,0,0
-2.918624,1.525834,-2.152162,-0.811432,2.074138,1.428240,-2.546206,0,0,0,0
-4.176208,-0.044506,-2.868944,-0.490920,2.484579,-0.849376,-2.394175,0,0,0,0
-2.657619,1.850791,-2.151087,-0.738980,2.230142,0.177133,-2.494830,0,0,0,0
-3.935950,1.143326,-1.649916,-0.781950,2.575450,-0.506851,-2.234413,0,0,0,0
-2.698638,1.689549,-2.427363,-1.345216,1.600685,2.676862,-2.573981,0,0,0,0
-3.969069,0.095723,-2.946613,-0.868219,1.973929,-0.679162,-2.398353,0,0,0,0
-2.279233,2.062174,-2.448145,-1.103466,1.938874,1.496475,-2.462623,0,0,0,0
-3.810296,1.241689,-1.557926,-0.771546,2.435603,-1.154633,-2.343920,0,0,0,0
-2.533195,1.489190,-2.741064,-0.824227,1.853836,2.336277,-2.547033,0,0,0,0
-4.255070,-0.322165,-3.087784,-0.453097,2.257013,-0.451789,-2.320062,0,0,0,0
-2.440621,1.841607,-2.374687,-0.923755,1.743638,0.289493,-2.484537,0,0,0,0
-3.420826,1.474297,-1.891879,-1.105006,2.263320,0.230803,-2.065681,0,0,0,0
-2.464307,1.737073,-2.493563,-1.213026,1.301444,1.478129,-2.586288,0,0,0,0
-4.137144,-0.257427,-3.197421,-0.793105,1.840788,-0.719016,-2.449580,0,0,0,0
-2.101592,2.201784,-2.331299,-1.153657,1.725278,2.687482,-2.498607,0,0,0,0
-4.075392,1.035290,-1.546472,-0.586224,2.671867,-0.992263,-2.221553,0,0,0,0
-2.606328,1.436431,-2.793774,-1.015281,1.818817,2.204054,-2.579954,0,0,0,0
-4.081197,-0.295910,-3.143607,0.067102,2.234815,0.557448,-2.387582,0,0,0,0
-2.188136,2.102003,-2.312678,-1.052503,1.537335,2.615767,-2.408659,0,0,0,0
-3.522775,1.320483,-1.874298,-0.855461,2.485677,-0.174285,-2.110792,1,1,1,0
1.203601,-1.094893,-0.758098,0.397496,-2.309106,-0.680664,-1.390838,0,0,0,0
0.263126,-2.060197,-1.005397,0.568971,-1.417730,0.828890,-2.032340,0,0,0,1
-0.533294,-0.815178,0.331031,1.423635,0.017163,-0.850467,1.874401,0,0,1,0
-1.435482,-1.066832,0.680823,2.460409,0.679828,-0.795880,1.400968,0,1,0,0
-1.372467,-0.598972,-0.011875,1.584325,0.420789,0.279610,1.587521,0,0,0,0
-1.326643,-1.185618,-0.628932,1.384924,0.409414,1.190096,-2.147804,1,0,1,1
1.258665,-0.714031,-0.792527,0.873604,-1.541327,-0.399156,-1.259101,0,0,0,0
0.475494,-1.292423,-0.774273,0.514381,-1.493073,-0.678599,-2.197008,0,1,0,0
-0.624710,-0.993231,0.156473,1.820708,-0.055160,0.079224,2.069224,0,0,1,0
-1.080370,-0.771554,0.291201,1.728005,0.162502,-0.527965,1.367858,0,0,0,1
-0.962142,-0.332920,0.207035,1.339497,0.433560,1.409446,1.397444,0,0,0,0
-1.299091,-0.762582,0.241697,2.062676,0.400467,0.847643,-1.621715,1,1,0,0
0.904201,-0.943506,-0.842189,0.569860,-1.614927,-1.474021,-1.593350,0,0,1,1
1.234170,-0.896242,-0.629685,1.066121,-1.495410,-0.031053,-1.042290,1,1,0,0
0.864211,-0.902013,-0.656980,0.616656,-1.936992,-1.348597,-1.622278,0,0,1,1
1.142671,-0.699144,-0.347328,0.246822,-2.213228,-0.755553,-1.460728,0,1,0,0
0.099583,0.129264,-0.105640,0.951211,0.084212,-0.499624,0.628174,1,0,0,0
-0.903385,1.037532,-0.278823,0.602775,0.652753,-0.409065,0.160520,0,0,1,0
-1.846889,1.306983,-0.928674,0.255380,1.711593,-0.533583,0.187460,0,1,0,0
-1.408352,1.260469,-0.530991,1.063656,1.073704,-0.510238,1.467106,0,0,0,1
-1.349947,0.912953,-0.469533,0.814934,1.429983,-0.933603,1.223124,0,0,1,0
-2.392050,1.903461,-0.447749,0.461268,2.034855,-0.817360,1.518132,1,1,0,1
-0.435610,0.259701,-0.321272,1.227698,0.310100,-0.756287,1.453276,0,0,0,0
0.551367,-1.018886,-0.320293,1.457815,0.071677,0.808659,-0.802063,0,0,0,0
0.376608,-0.424667,-0.021677,1.973329,-0.082709,0.065724,0.029601,0,0,0,0
0.240380,-0.396723,0.257133,1.406586,0.610235,0.582957,-0.810480,0,1,1,1
0.026596,0.059438,-0.646018,0.867003,0.598107,-0.487669,1.187606,0,0,0,0
0.453756,-0.418645,-1.501635,0.594668,-0.200201,0.183785,-0.718768,0,0,0,0
0.394561,0.029728,-1.303540,1.360001,0.154788,1.259840,-0.598782,0,0,0,0
-0.220699,0.346393,-0.888229,1.790256,0.429424,0.246398,-0.569036,1,1,1,0
-0.725084,-0.150039,-0.570186,1.115689,0.390433,-1.061795,1.131101,0,0,0,0
0.481759,-0.726117,-0.615719,1.380319,-0.521263,0.583914,-0.843358,0,0,0,0
0.477349,-0.389114,-0.369680,1.438742,-0.499079,0.780730,0.064281,0,0,0,0
0.220389,-0.051003,-0.426426,1.320175,-0.194077,-0.060305,-0.478510,1,0,0,0
-0.519838,0.040916,0.123383,1.847226,0.569366,-0.810138,0.902135,0,1,0,0
-1.224215,0.076879,0.059805,1.400086,0.655292,-0.691281,0.635681,0,0,1,1
0.572091,-1.306479,1.314257,0.501438,0.048904,-1.535754,0.139169,0,1,0,0
0.193678,-1.329036,1.713518,0.201460,1.087010,-1.021074,0.187717,1,0,0,0
-0.148321,-0.658296,0.973700,0.133593,1.460291,-0.827895,0.467557,0,0,0,1
-1.571278,-0.227935,0.738663,0.286183,1.393697,-0.928385,0.925197,0,1,1,0
0.664861,-1.477638,1.285631,-0.190901,-0.120872,-1.306939,0.357631,1,0,0,0
0.038205,-1.460227,1.952262,-0.267291,1.189080,-1.041853,0.978522,0,0,0,1
-0.059548,-0.731624,0.943558,-0.941027,1.397892,-0.954249,1.168291,0,0,1,0
-1.360347,-0.499148,1.733578,0.203975,1.631500,-0.852026,1.293576,1,1,0,0
1.042646,-1.342237,1.105894,-0.288954,-0.072613,-0.853546,0.066499,0,0,0,1
-0.240395,-1.185976,1.858995,0.002079,1.086514,-0.570704,0.919423,0,0,1,0
-0.100029,-0.634303,1.547979,-0.291246,1.434592,-0.779485,1.414594,0,1,0,0
-1.401244,-0.501578,1.696078,0.174744,1.606792,-0.866640,1.626961,1,0,0,1
0.690457,-1.114667,1.495542,0.095571,0.139287,-1.087786,0.537677,0,0,1,0
-0.025991,-1.363510,1.401507,-0.179519,1.133790,-1.256921,0.927143,0,1,0,0
-0.416200,-0.748670,1.728901,-0.246443,1.638899,-0.668182,1.856746,0,0,0,1
-2.299114,-0.990386,2.275464,0.537542,1.736616,-1.057545,1.888628,1,0,1,0
0.656815,-1.229156,1.068694,0.012218,0.318234,-1.497538,0.594842,0,1,0,0
-0.066329,-1.521978,1.456970,-0.046366,1.106036,-0.598276,0.836418,0,0,0,1
-0.721286,-0.794424,1.771196,0.207883,1.592079,-0.765537,1.200400,1,0,0,0
-1.882233,-0.857016,2.045885,0.039262,1.245242,-1.619921,1.159135,0,1,1,0
0.874225,-1.247587,1.178063,-0.267224,0.138723,-0.863745,0.401975,0,0,0,1
0.162576,-1.262358,1.399196,0.014874,0.782360,-0.845598,-0.286813,0,1,0,0
-0.528911,-0.881869,1.699687,-0.464980,1.333889,-1.050503,-0.030617,1,0,0,0
-2.187872,-1.100716,1.739875,0.652481,1.789185,-0.921219,0.613896,0,0,1,1
0.963061,-1.441925,1.093397,0.301188,0.086773,-1.006897,0.253421,1,0,0,0
0.130445,-1.385710,2.140960,0.257347,0.979625,-0.491953,1.037712,0,1,0,0
-0.839360,-1.442188,1.733887,-0.515806,1.582096,-0.527073,0.885332,0,0,0,1
-1.631447,-0.751827,1.687325,0.357575,1.561820,-0.865538,0.619305,1,0,1,0
0.796830,-1.273917,1.412865,-0.011006,-0.287862,-0.994553,-0.410404,0,1,0,0
0.122739,-0.972328,1.538948,-0.125345,1.253881,-0.503276,0.417377,0,0,0,1
-0.466863,-1.035619,1.688574,-0.163186,1.891375,-1.172716,0.604103,1,0,0,0
-1.337363,-0.332119,1.520358,0.328391,1.662335,-0.721749,1.872243,0,1,1,0
0.702109,-1.253526,0.804898,-0.291855,0.006171,-0.801395,0.706436,0,0,0,1
0.336942,-1.011329,0.966355,-0.384052,0.895256,-0.532778,0.575338,1,0,0,0
-0.941204,-0.964566,1.954683,-0.333197,1.599848,-1.730219,1.202256,0,0,1,0
-1.274389,-0.452138,0.811027,0.057139,1.513926,-0.900388,1.936151,1,1,0,0
0.599030,-1.523973,0.608819,-0.585582,-0.038652,-1.176107,0.471084,0,0,0,1
0.512910,-1.185953,1.164978,-0.689315,0.899731,0.110430,0.144483,0,0,1,0
-0.666921,-0.707426,1.529433,-0.115575,1.480148,-0.608345,0.712491,0,1,0,0
-1.205103,-0.309422,0.505195,-0.049386,1.902964,-1.059898,1.079235,1,0,0,1
0.714883,-1.383665,1.109872,-0.617690,-0.027255,-1.326574,0.295862,0,0,1,0
0.151045,-1.325245,1.830807,-0.211450,1.158452,-0.212102,0.902553,0,1,0,0
-0.475310,-0.698939,2.144664,0.023522,1.845248,-1.102268,1.494284,0,0,0,1
-1.014483,0.039682,1.482635,0.642608,1.893846,-0.614128,1.458471,1,0,1,0
0.781418,-1.254559,0.900733,-0.066521,0.454274,-1.055175,0.570070,0,1,0,0
0.013785,-1.165046,1.658600,-0.405122,0.999550,-0.769539,1.169379,0,0,0,1
-0.182175,-0.579157,1.537850,-0.732274,1.343446,-0.632187,1.062752,0,0,1,0
-0.938452,-0.584518,0.826402,0.600320,1.470915,-1.197876,0.380610,1,1,0,0
0.409357,-1.460784,1.229777,0.499429,0.440954,-1.547207,-0.632621,0,0,0,1
0.298615,-1.130035,1.007002,-0.045542,1.180871,-0.840650,0.332975,1,0,0,0
0.112986,-0.637852,1.256382,-0.558193,1.390735,-0.480456,0.013799,0,1,0,0
-0.612209,0.350208,0.477127,-0.002701,1.455962,-0.579118,1.045634,0,0,1,1
0.638111,-1.253990,1.543680,0.449048,0.340753,-1.577665,0.281471,1,0,0,0
0.610026,-1.142151,1.446880,-0.358702,0.998203,-0.022013,0.909385,0,0,1,0
-0.105903,-0.266515,0.722669,-0.678094,1.468567,-0.749940,1.161415,0,1,0,0
-0.596553,-0.066313,0.459457,-0.213403,1.578234,-0.872082,0.783346,1,0,0,1
0.667948,-1.390341,1.616308,0.022989,0.015625,-0.665413,-0.458303,0,0,1,0
0.008931,-0.929708,1.872613,-0.414976,0.930161,-0.185207,0.909264,0,0,0,1
-0.370613,-0.770914,1.323310,-0.204963,1.998186,-0.547120,1.536741,1,0,0,0
-0.572157,0.050544,0.946241,-0.137027,1.323447,-1.326019,1.839874,0,1,1,0
0.810914,-1.345040,0.936455,-0.522609,0.225318,-0.518590,0.279251,0,0,0,1
0.149281,-0.914644,1.611721,0.007206,0.912090,-0.826937,0.897202,1,0,0,0
0.025442,-0.551212,0.974023,-0.140562,1.133145,-0.057468,-0.200699,0,1,0,0
-1.282208,-0.282298,1.289254,0.197937,1.384663,-1.075291,0.044106,0,0,1,1
0.749197,-1.274636,0.711009,-0.457257,-0.221392,-1.413746,0.624595,0,1,0,0
-0.022565,-1.342611,1.410902,-0.381362,0.811463,-0.352718,1.160764,1,0,0,0
-0.496303,-0.571164,1.343792,-0.439753,1.221577,-0.283766,1.020809,0,0,0,1
-1.633631,-0.486292,1.372427,0.595696,1.609210,-1.033463,1.101776,0,1,1,0
0.875345,-1.317169,0.699062,-0.200755,0.148175,-0.699968,0.053418,0,0,0,1
0.286519,-1.133763,1.661825,-0.257495,0.732318,-0.848771,0.010494,1,0,0,0
-0.351781,-0.971702,1.835084,-0.536683,1.552919,-0.890182,0.419696,0,1,0,0
-1.659541,-0.677021,2.229056,0.514720,1.757249,-1.225287,0.854645,0,0,1,1
0.652223,-1.480374,1.136397,-0.078754,0.283656,-1.524311,0.091374,1,0,0,0
-0.109948,-0.957968,1.795713,-0.043389,0.817379,-1.003326,1.217391,0,1,0,0
-0.557887,-1.138007,1.547927,-0.399564,1.602612,-0.631801,1.484175,0,0,1,0
-1.499918,-0.507840,1.398377,0.746174,1.668513,-1.621188,1.118197,1,0,0,1
0.846734,-1.367121,1.026407,0.162191,0.117560,-1.669938,0.513806,0,1,0,0
0.579743,-1.297254,1.672141,-0.234543,0.646812,-0.296075,0.481526,0,0,1,0
-0.680154,-0.719308,1.580579,0.271275,1.656129,-1.378839,0.500442,1,0,0,0
-1.838532,-0.660086,1.683009,0.637103,1.472005,-1.618015,1.377888,0,0,1,1
0.892343,-1.412455,1.208942,-0.140212,0.053261,-0.904616,-0.031273,0,1,0,0
0.155263,-1.181357,2.110290,0.214139,1.102606,-0.374699,0.023639,1,0,0,0
-0.783106,-1.218170,2.055025,0.186781,1.693270,-1.365582,-0.388959,0,0,0,1
-1.533537,-0.852191,1.372167,0.480910,1.797966,-1.086817,0.512231,0,1,1,0
0.699781,-1.364910,1.151840,-0.525380,-0.392153,-1.305957,-0.021064,1,0,0,0
0.367082,-1.317548,1.797632,-0.294148,0.998823,-0.482431,0.433265,0,0,0,1
-0.383580,-0.775306,2.001639,-0.200494,1.385889,-0.111273,0.732763,0,0,1,0
-1.206264,-0.712339,1.356341,0.105394,1.628007,-0.877065,0.042639,1,1,0,0
0.971032,-1.409277,1.314901,-0.225772,0.130125,-0.694415,0.150981,0,0,0,1
-0.151569,-1.523833,1.182298,-0.671613,1.026786,-0.189201,0.846401,1,0,0,0
-0.377138,-0.908208,2.118990,-0.239142,1.414920,0.544206,-0.371525,0,0,1,0
-1.048128,-0.715486,1.081179,-0.021262,1.400420,-0.853471,-0.231653,0,1,0,1
0.966606,-1.761074,1.167160,-0.382572,0.357226,-1.491856,-0.286417,1,0,0,0
0.353753,-1.505879,1.262299,-0.206895,1.127836,-0.567670,0.514305,0,0,1,0
-0.827229,-0.909949,2.007161,-0.394286,1.640705,-0.789656,0.793848,0,1,0,0
-1.492696,-0.662665,1.382864,0.060939,1.615798,-1.233756,1.510751,0,0,1,1
0.749853,-1.321276,0.816263,-0.161651,-0.216622,-1.085319,-0.967836,1,0,0,0
0.033902,-1.248529,1.410043,-0.537256,1.172648,-0.465147,0.339663,0,1,0,0
-0.837323,-1.002340,2.195915,0.255750,1.911233,-0.717379,0.650641,0,0,0,1
-1.126137,-0.562618,0.658795,-0.356242,1.435708,-1.025594,1.874571,1,0,1,0
0.520958,-1.830378,0.633444,-0.059935,0.381616,-1.074507,0.354079,0,1,0,0
0.101398,-1.260376,1.300731,-0.079433,0.691667,0.065170,0.865425,0,0,0,1
-0.770099,-0.908850,2.079662,-0.069763,1.426405,-0.867833,0.530475,0,0,1,0
-2.123988,-0.619872,2.083317,0.348737,1.629757,-1.277938,1.323648,1,1,0,0
0.769298,-1.597383,1.177874,-0.222041,0.154031,-1.306912,0.156753,0,0,0,1
0.248327,-1.578342,1.521131,-0.420045,1.085362,-0.902357,1.166863,0,0,1,0
-0.913510,-0.715588,1.431116,-0.079430,1.809822,-0.474955,0.665655,0,1,0,0
-1.513373,-0.186319,1.245783,0.455687,2.065826,-0.760248,2.060875,1,0,1,1
1.091521,-0.536327,-0.294800,0.954987,-1.192269,-0.556506,-0.744505,0,0,0,0
0.354792,-0.769838,0.096777,1.720905,-0.288027,0.605660,-0.574032,0,1,0,0
-0.626854,-0.116348,0.264555,1.337002,0.414672,-0.655671,1.481172,0,0,1,0
-0.513291,0.186320,-0.345162,1.629125,0.608615,-0.687213,0.984086,0,0,0,1
-1.063039,-0.215733,0.596723,1.275223,0.565554,-0.477571,1.985862,0,0,0,0
-0.774629,-0.124190,-0.060287,1.356249,0.609421,1.463700,-0.556292,1,1,1,0
-0.383421,-0.180253,-0.317828,1.532896,0.548118,-0.864222,1.280923,0,0,0,0
0.407822,-0.577335,-0.145473,2.019195,-0.152225,1.124943,-0.897987,0,0,0,0
0.191656,-0.479963,0.034831,1.897640,-0.052322,0.139785,-0.904114,0,0,0,0
0.465512,-0.093285,-0.306391,1.883337,0.372998,0.447732,-0.334275,1,0,1,1
0.159032,0.086743,-0.742380,1.283719,0.011325,-1.220656,0.327782,0,0,0,0
0.737019,-0.505163,-1.067186,0.970562,-0.560417,1.788120,-0.454750,0,0,0,0
0.447250,-0.533761,-0.896454,1.535565,-0.126526,0.473835,-0.606359,0,0,0,0
0.275399,0.246252,-0.868258,1.561188,0.020854,0.398282,-0.577907,1,1,1,0
-0.319360,-0.497057,-0.349183,2.007270,0.493821,-0.839892,1.440817,0,0,0,0
0.815215,-0.712053,-0.652780,1.369224,-0.136884,0.155954,-0.594946,0,0,0,0
0.744499,-0.565125,-0.776670,1.482553,-0.014927,0.999606,-1.018014,0,0,0,0
0.201398,-0.390227,-0.201961,2.019095,0.419134,0.573592,-0.517269,0,0,0,0
0.025915,-0.399773,0.053294,1.808074,0.700518,-0.326391,-0.199660,0,0,0,0
-0.443130,0.155345,-0.146566,1.941848,0.834505,0.026837,-0.409654,0,0,1,0
-1.715210,0.446800,0.300086,1.880485,1.502589,-0.633867,1.602838,0,0,0,0
-1.401774,0.768002,-0.436526,1.926881,1.704643,0.253186,-0.113282,0,1,0,0
-1.831308,0.644800,0.078700,1.595645,1.613488,-0.649637,1.533625,0,0,0,0
-1.213160,1.401790,-1.287863,1.023388,1.343252,1.840610,-0.200422,0,0,1,1
0.978818,-0.513450,-0.156797,0.935692,-0.890692,-1.053331,-0.735808,0,0,0,0
0.268976,-0.035856,-0.255788,1.475406,0.027388,-0.468954,-0.593877,0,0,0,0
-0.476611,0.898288,-0.418599,1.044576,0.907705,-0.508104,-0.629447,0,0,0,0
-1.216252,1.404246,-1.281903,1.133832,1.663476,0.420113,-0.233762,0,1,0,0
-1.162766,1.080716,-0.369737,0.617175,1.262119,-0.787929,1.719485,0,0,0,0
-1.865602,1.909470,-1.755378,0.303308,2.009873,-0.124014,-0.934505,1,0,0,0
-0.967010,0.968267,-0.623119,0.800170,1.498435,-0.850765,1.788542,0,0,0,0
-1.871153,2.221690,-1.283572,0.781555,2.391020,-0.062225,-1.362227,0,1,1,0
0.242871,-0.142426,-0.304108,0.037431,0.312353,0.902562,-0.823076,0,0,0,0
-0.547852,1.392976,-1.521721,0.621378,0.749809,-0.346148,-0.671058,0,0,0,0
-1.106499,0.961830,-0.360329,0.913113,1.131666,-1.000310,1.323753,0,0,0,0
-1.612181,1.992787,-1.409643,1.233277,1.924934,-0.113072,-0.593221,0,0,0,0
-1.608822,2.360451,-1.907102,0.257179,2.122047,1.100805,0.052216,0,0,0,0
-1.523845,2.524351,-1.696501,0.339513,2.118777,-0.059864,0.620985,0,0,1,0
-1.165753,1.198186,-0.073508,1.281342,1.457455,0.038681,1.673787,0,0,0,1
-1.503582,1.005850,-0.017321,1.437543,1.706725,-1.285761,1.394667,1,0,1,0
0.929682,-0.647265,0.052670,0.868861,-1.060914,-1.191100,-0.798797,0,0,0,0
-0.002296,0.021042,-0.225701,0.791884,-0.084112,0.142058,-0.497558,0,0,0,0
-0.818229,1.148481,-0.447560,1.420161,1.174642,-0.396957,-0.495277,0,0,0,0
-1.278958,2.128731,-1.138569,0.885365,1.580346,0.090655,-0.678922,1,1,0,0
0.960943,-0.631581,-0.271766,0.936449,-1.232043,-1.291384,-1.148486,0,0,0,0
-0.149345,-0.436201,-0.261614,1.665122,0.075339,0.224109,-0.894705,1,1,0,0
0.914777,-0.470206,-0.073478,1.262904,-1.157718,-0.503407,-0.244328,0,0,0,0
-0.123085,0.154403,0.061309,0.912027,-0.151066,0.081451,-0.118136,1,1,0,1
-0.772358,0.342364,-0.498087,1.366080,0.663979,-0.440714,0.852707,0,0,0,0
-0.247902,0.443212,-0.555605,1.835996,0.542456,0.436333,-0.027710,0,0,0,1
-0.667201,0.661233,0.057730,1.647596,0.646180,-0.467338,2.228584,0,0,0,0
-0.491866,0.157019,-0.258749,1.974416,0.695711,0.403542,-0.237926,0,1,0,0
-0.825851,-0.325397,0.350258,1.661817,0.766422,-1.016452,0.724925,0,0,0,0
-0.986447,0.419747,-0.177974,1.911922,0.716540,0.281918,-0.498178,0,0,1,0
-1.303716,-0.039805,0.490959,1.511249,1.062276,-0.674606,1.501717,0,0,0,0
-1.080696,0.759362,-1.262550,0.928672,1.155660,0.464759,-0.048119,0,1,0,1
0.988146,-0.679418,-0.569691,0.797133,-1.071636,-0.777133,-0.780886,0,0,0,0
-0.016045,-0.203374,-0.353387,1.423219,0.188538,-0.475351,-0.941156,0,0,1,0
0.117307,-0.126169,0.129672,0.773316,0.839365,0.499148,-0.360819,0,0,0,0
-0.885672,1.620346,-0.822779,1.319895,1.086034,-0.395362,-0.411563,0,0,0,1
-0.446135,0.242383,-0.277775,0.931468,0.594291,-0.711063,0.456105,0,1,0,0
-1.295353,0.622784,-0.420604,1.294053,1.127630,-0.626328,1.778647,0,0,1,0
-1.528316,0.903438,-0.634692,1.317643,1.745061,-1.012678,1.922168,0,0,0,0
-1.541430,2.106562,-1.310000,0.891965,2.027509,0.020545,0.474362,0,1,0,0
-0.845983,0.048067,0.371618,0.621487,1.059643,-0.765762,1.603033,0,0,1,0
-1.406990,0.853231,-0.248856,0.622384,1.042804,-0.780267,1.059876,0,0,0,1
-1.434342,0.959396,0.047529,1.171984,1.340491,-0.208089,1.210991,0,0,0,0
-1.831327,1.878238,-1.244151,0.739841,1.572195,0.292653,-0.035419,0,0,1,0
-0.790855,0.558079,0.013097,1.351027,0.923232,-1.003075,0.863276,0,0,0,0
-1.396054,1.289677,-1.009696,1.263049,1.328525,-0.034448,-0.007705,1,0,0,0
-0.941360,0.669581,-0.187141,0.636966,0.727900,-0.359148,1.331032,0,0,0,0
-1.281356,1.284406,-1.000238,1.261990,1.345573,-0.292040,-0.460000,0,0,1,1
0.708717,-0.624990,-0.270058,1.027098,-1.155057,-0.791779,-0.715098,1,0,0,0
-0.943284,0.142666,0.238839,1.060840,0.455305,-1.278981,0.811670,0,1,0,0
-0.022722,-0.756368,0.291542,1.812059,-0.098509,-0.855582,1.215426,0,0,0,0
0.022959,-0.170358,-0.066090,1.256798,0.030932,0.543474,-0.429566,0,0,1,0
-0.259367,-0.182839,0.086639,0.239278,0.671447,-0.391968,0.490299,0,0,0,0
-0.512384,0.542982,-0.642408,1.791158,0.922487,0.563015,-0.125740,1,1,1,0
-0.382357,-0.240614,-0.556444,1.958106,0.221939,-1.137081,0.982450,0,0,0,0
0.376874,-0.698806,-0.009106,1.805301,-0.007797,2.293621,0.182240,1,1,1,0
-0.040341,-0.534703,-0.047131,2.016074,0.126313,-0.894352,1.448986,0,0,0,0
0.819069,-0.969136,-0.390740,1.495823,0.120957,1.159417,-0.792675,0,0,0,0
0.811413,-0.924446,-0.340443,1.623300,0.029291,1.361581,-0.626343,0,0,0,0
0.292228,-0.653899,-0.419785,1.527924,0.299959,-0.098982,-0.902481,0,1,0,0
-0.979022,-0.094986,0.340244,1.792603,0.882290,-0.852584,1.137048,0,0,0,0
-0.524842,-0.015030,-0.593145,1.403638,0.668281,0.971822,-0.681774,0,0,0,1
-1.089868,0.287410,-0.303978,1.480290,1.121516,-0.692291,1.732866,0,0,1,0
-1.298635,0.647902,-0.252750,1.635482,1.198707,-1.005936,1.010787,0,1,0,1
0.499186,-0.321177,-0.529828,0.697271,-0.766810,-1.387837,-0.555216,0,0,0,0
0.668823,-0.381040,-0.806053,1.174662,-0.385686,0.962746,-0.484987,0,0,0,0
0.410820,0.055538,-0.857400,1.590904,0.252628,0.257984,-0.447911,0,0,0,0
-0.106890,0.399068,-0.678244,1.367969,0.335763,0.869834,-0.164028,0,0,1,0
-0.644435,0.924128,-0.663187,1.158531,0.839321,-0.124919,1.466817,0,0,0,0
-0.868848,1.054895,-1.233264,1.442077,1.227274,0.853502,-0.124318,0,0,0,1
-0.944345,0.989401,-0.709427,1.048422,1.380899,-1.315271,-0.316916,0,0,0,0
-1.397016,1.739735,-1.255246,1.086477,1.843529,0.064917,-0.585069,0,1,0,0
-0.237319,0.405107,-0.701202,1.131542,0.697781,-0.302849,-0.505731,0,0,0,0
-0.804848,1.573674,-1.311115,1.241943,1.023474,0.771163,-0.418850,0,0,1,0
-1.500937,1.110518,-0.378576,0.469444,1.120577,-0.389843,1.196477,0,0,0,0
-2.006087,1.810004,-1.387667,0.595073,2.073662,0.197072,-0.400122,0,0,0,0
-1.660434,2.301057,-1.565122,0.414309,1.977887,0.482098,-0.385978,0,0,0,0
-2.059499,2.073514,-1.784062,0.290932,2.418247,-0.110960,-0.058765,0,0,0,1
-0.915260,1.429452,-0.580732,0.450130,1.168676,0.331122,1.435320,0,0,1,0
-1.509692,0.818320,-0.035454,1.299963,1.499548,-0.948915,0.969879,1,0,0,1
0.721928,-0.666439,-0.551617,0.966466,-1.180723,-1.259697,-0.805752,0,0,0,0
0.162986,-0.037920,-0.185416,1.418136,0.096123,0.234525,-0.823257,0,0,0,0
-0.587693,0.820217,-0.696504,0.702019,0.960598,0.383189,-0.749014,0,0,0,0
-1.393255,1.611966,-0.959709,0.573058,1.133212,0.075526,-0.478165,1,1,0,0
1.058042,-0.358409,-0.225823,0.809029,-1.121279,-0.958153,-0.764881,0,0,0,0
-0.210080,-0.028508,-0.376030,0.547330,-0.185002,-0.016876,-0.223296,1,1,0,0
1.034284,-0.638741,-0.458199,0.776795,-1.339181,-0.942697,-1.001779,0,0,0,0
-0.041200,0.028953,-0.072745,0.785916,-0.179575,0.316208,-0.900411,1,1,1,0
-0.202895,-0.633005,-0.038392,1.165484,0.101676,-0.484238,0.743913,0,0,0,0
0.271156,-0.547106,-0.351963,1.567504,-0.490502,0.156899,-0.236389,0,0,1,0
-0.582343,-0.443296,-0.059064,1.878451,0.487181,0.001524,1.514229,0,0,0,0
0.177377,-1.035876,0.466177,1.173568,0.375646,1.215423,-0.451412,0,1,0,0
-0.382365,-0.460550,-0.183604,1.508112,0.600000,-0.038035,0.245714,0,0,0,0
-0.237124,0.009731,-0.680138,1.523343,0.504592,1.723074,-1.043078,0,0,0,1
-0.803941,0.163558,0.119484,1.508367,0.909169,-0.887899,0.516865,0,0,0,0
-0.752638,0.828649,-0.681566,1.394010,1.116738,-0.212343,-0.248923,0,1,1,0
0.787663,-0.701170,-0.226554,1.277218,-0.880479,-1.077944,-0.480244,0,0,0,0
0.329114,-0.013901,-0.355815,1.561682,0.073368,-0.198819,-0.527512,0,0,0,1
0.073970,-0.156319,-0.115253,0.892126,0.817666,0.508416,0.014739,0,0,0,0
-0.860383,0.780458,-0.729634,1.635116,0.849433,-0.465438,-0.202982,1,0,0,0
-0.454583,0.294178,-0.013097,1.152977,0.929818,-0.358247,1.435305,0,1,0,0
-1.063678,0.972448,-0.297083,1.324054,1.372127,-0.436646,1.331943,0,0,0,1
-0.958709,1.078471,-0.163450,1.146047,1.111737,-1.164373,0.783301,0,0,0,0
-1.368701,2.102352,-1.530904,0.893805,2.000296,0.378547,0.059786,0,1,0,0
-0.283515,0.636049,-0.232181,0.659797,0.834321,-0.298915,1.713920,0,0,0,1
-0.955557,1.229232,-0.282001,1.127490,1.269936,-0.450721,1.498445,0,0,1,0
-1.420963,0.859429,-0.215058,0.826187,1.138229,-1.268973,1.323269,0,0,0,0
-1.713402,2.172186,-1.349385,0.598394,1.964382,0.180378,-0.982679,1,0,0,0
-0.512193,0.062141,0.246055,0.869185,1.536744,-0.077807,1.572239,0,0,1,0
-1.297039,0.934758,-0.049245,1.373497,1.366260,-0.527077,1.903506,1,0,0,1
0.819638,-0.297736,0.041083,0.864993,-0.834899,-0.106513,-0.125500,0,0,0,0
-0.247183,0.124972,-0.341791,1.605264,0.466786,-0.356450,-1.050724,0,0,0,0
-1.299130,0.878724,-0.330295,1.181812,1.390856,-0.420278,0.630068,0,0,0,0
-1.320661,1.721643,-1.137968,0.892700,1.805009,0.527397,-0.177164,0,0,1,0
-0.265788,0.129239,0.329939,0.535218,0.943241,-0.347641,1.335119,0,0,0,0
-1.280765,0.882318,-0.311717,1.566054,1.259683,0.401715,-0.246886,1,1,1,0
-0.098038,-1.048657,1.055381,1.985586,-0.101740,-1.060887,1.051545,0,0,0,0
0.342594,-0.677155,0.398996,1.257764,-0.286148,0.392534,-0.597314,0,0,0,0
0.209521,-0.750675,-0.072432,1.153468,0.064969,0.712999,-0.849158,0,0,0,0
-0.677986,0.230111,-0.115607,1.283322,0.920974,0.198822,-0.083332,1,1,1,0
1.463707,-1.545685,1.346571,-0.152378,-0.234930,-0.779338,0.397432,0,0,0,0
1.177255,-1.435882,1.668335,-1.062562,0.209013,0.726887,0.057520,0,0,0,0
-0.057418,-1.295108,2.816735,-0.131094,1.233438,-0.646552,0.372186,0,0,0,0
-0.258021,-0.325351,2.284449,-0.540244,1.125472,0.311630,0.364583,1,0,1,1
1.614184,-1.672669,1.602306,-0.259910,-0.642600,-0.944672,-0.372220,0,0,0,0
1.058223,-1.316450,2.050664,-0.642773,0.158625,-0.076312,0.066448,0,0,0,0
-0.027600,-1.011511,2.632613,-0.339386,0.739552,-1.006771,0.357366,0,0,0,0
-0.041540,-0.332154,1.186539,-1.651760,0.475403,-0.121202,0.712163,0,1,1,1
1.758902,-1.546753,0.855656,-1.096608,-0.820581,-0.708756,-0.407199,0,0,0,0
0.540659,-1.618787,2.109321,-0.348523,0.522445,-0.098656,-0.464529,0,0,0,0
-0.259297,-1.444214,2.813996,-0.791600,1.127165,-0.808839,-0.112225,0,0,0,0
0.384772,-2.473596,1.321071,1.462106,0.208768,6.273341,0.057801,1,1,1,0
1.679664,-1.814072,1.503614,-0.323689,-0.223992,-0.641305,-0.007860,0,0,0,0
1.146459,-1.570019,1.901777,-0.562178,0.233257,0.313419,-0.162334,0,0,0,0
0.711191,-3.439740,3.677236,-0.703205,0.068127,1.561524,-1.097066,0,0,0,0
0.776888,-3.237518,2.413630,-1.735534,-0.417763,0.583317,-1.372263,1,1,0,1
1.822984,-2.276634,1.151123,-1.046218,-1.247145,-0.781765,-1.218272,0,0,0,0
1.425083,-1.718639,1.265991,-1.762640,-0.074916,0.013419,-0.126893,0,0,0,0
0.081335,-2.137833,2.119552,-0.740207,0.684687,-0.428104,-0.971084,0,0,0,0
-0.004717,-1.766650,1.638410,-0.394378,-0.188131,0.047735,-0.546036,0,1,1,1
1.717471,-2.392256,0.594550,-1.413186,-1.122224,-0.779900,-0.726652,0,0,0,0
1.001006,-2.135628,1.352955,-1.457220,-0.411640,0.387572,-1.297436,0,0,0,0
-0.131712,-2.343863,2.230246,-0.859128,0.723491,-0.190432,-1.176437,0,0,0,0
-0.318732,-1.311252,1.692015,-1.266757,0.875032,-0.331640,-0.941999,1,1,1,0
1.398890,-2.086041,0.811220,-1.268633,-1.324454,-0.411501,-1.071713,0,0,0,0
0.798121,-1.954686,0.785131,-1.410476,-0.191420,-0.156074,-1.340467,0,0,0,0
-0.105717,-1.742749,2.235185,-1.219908,0.352119,0.111914,-1.219950,0,0,0,0
-0.181852,-1.000884,1.445261,-1.057470,0.535605,-0.217576,-0.887472,1,0,1,1
1.726530,-1.818119,0.662106,-1.792270,-1.493352,-1.237667,-0.601941,0,0,0,0
1.077123,-2.083092,0.990959,-2.008535,-0.583538,0.108347,-0.729296,0,0,0,0
0.318064,-1.286603,1.626780,-1.775584,0.240126,-0.458215,-0.312760,0,0,0,0
-1.194602,-1.241894,2.147380,-0.879072,0.847062,-0.071965,-1.409115,1,1,0,1
1.601843,-1.926792,1.019744,-1.208977,-0.985752,-0.439887,-0.579817,0,0,0,0
0.933151,-1.792908,1.309303,-1.779646,-0.779299,0.644438,-0.686487,0,0,0,0
0.424786,-1.353490,1.998113,-1.769092,-0.465329,0.026096,-0.541262,0,0,0,0
-0.120898,-0.793874,1.393603,-2.268358,-0.433845,0.011303,-0.552028,0,1,1,1
1.380705,-1.799173,1.041381,-1.173428,-0.996234,-0.581277,-1.180200,0,0,0,0
0.311666,-2.150093,1.630902,-1.176319,0.043126,-0.040295,-1.747286,0,0,0,0
0.599645,-1.321449,2.011772,-1.766318,-0.404262,-0.042096,-0.536016,0,0,0,0
-0.206312,-0.727890,0.982068,-1.837419,0.053169,-0.593655,-1.073304,1,0,1,1
1.604516,-1.925685,0.702339,-0.891698,-1.102324,-0.754231,-0.659494,0,0,0,0
1.263680,-2.883572,1.497501,-1.313867,-0.984717,0.344222,-1.822609,0,0,0,0
0.445059,-3.115262,2.916651,-1.123538,-0.406706,-0.859258,-1.955282,0,0,0,0
0.682394,-3.197987,1.901562,-1.290286,-1.016838,0.795498,-2.247313,1,1,0,1
1.501932,-2.290155,0.329648,-1.943572,-1.254483,-0.881667,-1.180282,0,0,0,0
1.200874,-2.200745,0.920671,-2.113357,-0.858757,0.736732,-1.111739,0,0,0,0
-0.224861,-2.611490,2.951081,-1.260628,0.135894,-0.639096,-2.296203,0,0,0,0
-0.963180,-2.259051,1.431995,-1.534422,0.638545,-0.577921,-2.645291,1,1,1,0
1.343531,-2.570290,0.562104,-1.703803,-1.189241,-0.837173,-1.631134,0,0,0,0
1.326594,-1.997151,0.555319,-1.913094,-0.554985,-0.107519,-0.519622,0,0,0,0
0.476994,-1.990022,2.077113,-1.200916,0.125576,-0.454326,-1.450183,0,0,0,0
0.415752,-1.472373,0.671597,-1.147738,-0.472235,0.643428,-0.815987,0,1,1,1
1.538790,-2.068629,0.799095,-1.261079,-1.224343,-0.635419,-0.793084,0,0,0,0
0.608322,-2.247246,1.225625,-1.947415,-0.743446,-0.238645,-1.722818,0,0,0,0
-0.233299,-2.170867,1.091002,-2.330278,-0.185832,0.141812,-1.163595,0,0,0,0
0.037164,-1.268247,-0.123206,-2.256388,-0.038993,-0.204075,-0.861460,1,1,0,1
1.605662,-1.600964,1.364697,-1.076345,-0.979535,0.240878,-0.941502,0,0,0,0
0.611516,-2.301003,1.834829,-1.084079,-0.493553,-0.246123,-1.463797,0,0,0,0
-0.020112,-2.081016,0.596196,-1.464955,0.337901,-0.865487,-1.407010,0,0,0,0
-0.795473,-1.746203,-0.101010,-2.109393,0.402912,-0.311286,-2.037613,1,0,1,1
1.739825,-1.917919,1.041966,-0.775308,-0.734623,-0.137286,-0.876672,0,0,0,0
0.705776,-1.805543,1.533014,-1.686099,-0.460923,-0.189341,-0.394055,0,0,0,0
0.519312,-1.257150,1.610701,-1.787821,0.334830,0.672092,-0.122073,0,0,0,0
-0.029041,-0.835185,1.214704,-1.645535,0.382772,-0.597938,-0.452644,1,1,1,0
1.569472,-1.923929,0.769563,-1.677893,-1.688879,-0.657762,-1.270246,0,0,0,0
0.726592,-1.869430,0.401035,-2.497834,-0.780096,-0.114022,-0.740471,0,0,0,0
0.376888,-1.486114,1.726466,-1.850192,0.053004,0.348504,-0.754429,0,0,0,0
-0.323511,-0.884580,0.940793,-2.333423,0.204688,-0.431853,-0.477556,1,1,0,1
1.567636,-2.288348,0.253089,-2.190322,-1.173104,-0.914850,-1.038328,0,0,0,0
0.640415,-2.809367,0.841672,-1.768633,-1.010288,0.377729,-1.578001,0,0,0,0
0.410933,-1.278524,1.938888,-1.558885,0.334215,0.209973,-0.683546,0,0,0,0
-0.327614,-1.133882,1.297428,-1.733954,0.190011,-0.491517,-0.129140,1,0,1,1
1.695026,-1.948161,0.322069,-2.084339,-2.047083,-0.553818,-0.899059,0,0,0,0
0.760686,-2.395942,0.646583,-2.543474,-1.305581,-0.207902,-0.903634,0,0,0,0
0.211761,-1.222278,1.365604,-1.565882,0.118035,-0.160067,-0.982106,0,0,0,0
-0.101232,-0.665377,1.407893,-1.828667,0.289439,0.758089,-0.727099,0,1,1,1
1.601856,-2.080541,0.440223,-1.977449,-1.306646,-1.224027,-0.940659,0,0,0,0
0.719640,-2.205959,0.641654,-2.272666,-1.139977,-0.371086,-1.007885,0,0,0,0
0.467381,-1.447167,1.266931,-2.202041,0.157627,-0.321011,-1.157664,0,0,0,0
-0.721877,-1.065872,1.235068,-1.984803,0.489136,-0.209980,-1.179998,1,1,0,1
1.708580,-1.850898,0.436262,-1.181707,-1.314501,-0.238934,-1.217814,0,0,0,0
0.846997,-2.249472,0.947032,-2.477553,-1.138648,-0.041293,-0.987083,0,0,0,0
0.522560,-1.391805,0.614781,-2.280287,-0.292008,1.161152,-0.988752,0,0,0,0
-0.637296,-0.958041,1.062192,-1.855229,-0.069963,-0.264621,-0.613080,1,0,1,1
1.542050,-1.973058,0.897328,-1.318733,-1.059289,-0.285414,-1.602108,0,0,0,0
0.475607,-3.225646,1.475101,-1.779505,-0.587793,-0.436847,-1.974237,0,0,0,0
1.046172,-1.380202,0.990917,-1.737381,-0.069003,1.285189,-0.724749,0,0,0,0
-0.188598,-1.057913,0.447821,-2.326783,0.318209,0.269687,-0.104651,1,1,1,0
1.732799,-1.692345,0.273383,-1.957055,-1.465375,-0.624504,-0.549023,0,0,0,0
0.846477,-1.980940,0.468403,-2.675622,-1.575594,-0.134780,0.161341,0,0,0,0
0.429693,-1.174198,0.633216,-2.565474,-0.356257,0.041761,0.285959,0,0,0,0
-0.416547,-1.106237,0.651725,-2.329726,-0.380487,-0.232989,-0.759150,0,1,1,1
1.647634,-2.124502,0.760048,-1.156364,-1.497798,-0.915157,-1.196238,0,0,0,0
0.802651,-1.975711,0.538811,-2.312253,-1.194801,0.096798,-0.122777,0,0,0,0
0.759945,-1.226031,1.017891,-2.136697,-0.047575,1.063927,0.117472,0,0,0,0
-0.487459,-0.955351,0.835846,-1.933865,0.278854,0.053456,-0.890290,1,1,0,1
1.623333,-1.807165,0.625700,-1.456913,-1.421817,0.303007,-0.722705,0,0,0,0
0.702798,-1.398139,0.454378,-2.014278,-1.491279,0.398309,-0.662974,0,0,1,0
-0.544982,-0.045526,0.653129,-1.305520,0.281785,-0.691386,0.828337,0,1,0,0
-1.444751,0.353414,1.141367,0.014205,0.457367,0.398112,1.120505,1,0,0,1
1.484728,-1.432286,1.171408,-1.746399,-0.843959,1.947032,-0.529052,0,0,0,0
0.532524,-1.041297,0.865232,-1.914710,-0.647978,0.739632,-0.108394,0,0,1,0
0.350156,-0.492476,0.371766,-0.602335,-0.174041,0.562383,0.823414,0,0,0,1
-0.761747,0.550389,0.120595,-0.425167,-0.174221,-0.133859,0.291467,1,1,0,0
0.548336,-0.910165,-0.669367,-0.042711,-2.132689,-0.037695,-1.226133,0,0,1,1
0.943369,-0.301379,-0.783821,-1.105694,-2.308671,0.632116,-0.565603,1,1,0,0
0.377477,-0.011853,0.241215,0.043278,-0.977906,-0.229478,0.479292,0,0,1,1
0.869254,-0.123473,0.138080,0.177777,-1.475771,-0.305335,-0.695326,0,1,0,0
-0.849293,0.064851,0.190792,0.589767,-0.058278,-1.251832,0.999860,1,0,0,0
-1.022222,0.503792,0.059817,0.177539,0.385868,-1.195325,0.592425,0,0,1,0
-1.073918,0.929385,0.933230,-0.320748,-0.389874,-0.884580,0.542370,0,1,0,0
-1.489451,0.554465,1.347719,0.393829,0.810074,-0.773202,0.661633,0,0,0,1
-1.465821,1.391727,-0.825239,0.266558,1.823843,-0.246546,1.912911,0,0,1,0
-1.810139,1.673152,-0.644655,0.530510,1.379521,-0.365756,0.139851,0,1,0,0
-1.793951,1.288775,-0.480702,0.323406,1.704337,0.149360,1.263924,1,0,0,0
-1.202498,0.447504,0.136611,0.685579,0.540881,-0.303505,0.758414,0,0,1,0
-1.610368,1.508576,-0.698075,0.535078,1.535602,-0.664709,0.777002,0,0,0,1
-2.357369,1.870996,-0.055041,0.279020,1.969106,-0.301814,2.921302,1,1,1,0
-0.255236,0.464197,-0.567901,0.842301,0.339356,0.568510,0.680859,0,0,0,1
-0.155851,-0.231873,-0.162748,1.381153,0.347975,-0.442277,0.982621,1,0,0,0
0.572809,-0.055000,-0.424181,1.434933,0.022789,0.138620,0.114821,0,1,0,0
0.193271,0.168387,-0.219419,1.438222,0.279933,-0.174263,-0.566680,1,0,1,1
0.028243,0.114728,-0.812639,1.143214,0.374113,-0.456536,0.310753,0,1,0,0
-0.214741,0.282403,-0.661321,0.420499,0.267355,-0.688571,0.866832,0,0,1,0
-0.448387,0.979079,-0.053585,0.671074,-0.048117,-0.489923,1.390992,0,0,0,1
0.579834,0.991969,-0.249214,0.174044,-0.952383,1.130200,0.014351,1,1,0,0
1.157787,-2.068354,1.583107,-0.825317,0.893076,-0.224947,1.123762,0,0,1,0
1.298446,-2.191768,1.287938,-0.198780,0.015286,0.346723,-0.724338,1,0,0,1
1.127784,-1.499978,1.586446,0.260053,0.155629,1.477098,0.668960,0,1,0,0
0.317954,0.868264,0.018292,-0.190130,-0.883659,-0.389158,0.868618,0,0,0,1
0.028800,0.253726,0.471390,-0.036567,-0.848999,-0.047741,0.531486,0,0,1,0
-1.167211,0.501638,0.246888,0.515608,0.001514,-1.082380,0.957250,1,1,0,0
0.446574,-1.278236,1.661113,0.406255,-0.220921,-1.055929,0.642445,0,0,1,0
0.832842,-1.465368,1.659476,0.803482,0.759635,-1.074242,-0.288261,0,0,0,1
0.073987,-0.794094,1.500810,1.397371,0.823952,-0.620301,0.943446,1,0,0,0
-0.268817,0.061406,1.570264,0.618375,0.123815,-0.709034,0.414390,0,1,1,0
1.179636,-0.711494,1.571682,-0.858970,-0.826601,-1.205884,0.215153,0,0,0,1
-0.049044,-0.869179,1.763808,-0.411026,0.266339,-1.163678,0.578866,1,0,0,0
0.049566,-0.723791,1.013752,-0.693097,0.914734,-0.418521,0.762279,0,1,0,0
0.229916,-1.020881,2.682516,0.262922,-0.704988,-0.968913,0.890723,0,0,1,1
1.212864,-0.761442,0.843486,-0.794222,-0.835996,-1.323655,0.141934,1,0,0,0
0.226279,-0.606030,2.111634,-0.249854,0.305233,-0.879502,0.130120,0,1,0,0
-0.209533,-0.315847,1.443773,0.238579,1.134674,-0.559476,1.425145,0,0,0,1
-0.566353,-0.174351,1.566294,-0.620160,0.445288,-1.210488,1.640011,0,1,1,0
1.118263,-0.752894,1.804722,-0.613728,-0.327596,-1.076201,0.449194,1,0,0,0
0.839915,-0.876753,1.596623,-1.713647,-0.115003,0.089464,0.968779,0,0,0,1
0.155301,-0.312999,1.968616,-0.494547,0.739106,-1.134362,1.111206,0,0,1,0
0.076850,-0.240257,2.373981,0.321403,0.439767,-0.328551,1.125054,1,1,0,0
0.852858,-0.962364,0.896982,0.992633,-0.303559,-0.830734,0.385016,0,0,0,1
0.385073,-1.646689,1.810608,0.397966,0.814396,-0.885618,0.729534,1,0,0,0
0.698839,0.011472,1.254724,-1.157242,-0.080069,-0.477940,0.673428,0,1,0,0
0.164695,0.194229,0.914440,-0.298840,-0.693290,-0.985976,0.669995,0,0,1,1
1.354622,-1.064048,1.314109,-0.428393,-0.564375,-0.000925,0.101515,0,1,0,0
0.897285,-1.004049,1.722438,0.541814,0.231504,-0.656647,-0.262704,1,0,0,0
-0.120687,-0.655627,1.819924,-0.560847,1.115643,-0.032281,0.462832,0,0,0,1
-1.111106,-0.397697,1.667861,0.263997,0.703671,-0.404129,0.391072,1,0,1,0
1.325522,-0.471290,0.745031,-1.080104,-0.489637,-0.937225,0.443935,0,1,0,0
0.847204,-0.696494,1.611835,-0.999726,0.160956,-0.396945,0.941812,0,0,0,1
-0.139799,-0.469818,1.759110,-0.186172,0.610319,-0.709266,0.693237,1,0,0,0
-0.835525,-0.034039,1.154407,1.702236,0.696056,-0.143495,0.397532,0,0,1,1
1.606220,-0.681938,0.942664,-0.920504,-0.452626,-0.173849,0.412000,0,1,0,0
1.023994,-0.312065,1.573882,-1.865351,-0.665351,-0.339729,0.083488,1,0,0,0
-0.046582,0.061457,2.327733,-1.438159,-0.286095,0.104648,0.935372,0,0,0,1
-0.782651,0.984867,1.203314,-0.838423,-0.489937,-1.117430,0.668431,0,1,1,0
1.021102,-0.646685,0.709087,-1.291251,-0.747979,-1.052664,0.385160,1,0,0,0
0.746878,-1.528129,0.911249,0.323403,0.510702,-0.189720,-0.211068,0,0,0,1
0.335373,-0.558129,1.390382,-0.728444,0.659180,-1.266922,1.262342,0,0,1,0
-0.645411,0.418834,1.267781,-1.641315,-0.258759,-0.127569,1.582319,1,1,0,0
0.696033,-1.080209,0.896457,-0.563007,-0.411674,-1.384052,0.200254,0,0,0,1
0.738288,-0.711408,1.585795,-1.582511,-0.210185,-0.505160,0.484168,0,0,1,0
0.112715,-0.133718,0.974100,-2.106528,1.100715,-0.173865,0.148282,1,0,0,0
0.075906,-1.370365,0.862661,1.575812,0.037319,-0.431200,1.213450,0,1,0,1
1.123031,-1.139608,0.349060,0.318700,0.665508,-0.583890,-0.100954,0,0,1,0
0.454354,-1.681906,2.288302,0.056889,1.077201,-0.660563,1.105533,0,0,0,1
0.225575,-1.790343,3.272233,-0.461324,0.974662,-0.279060,1.157836,1,0,0,0
0.164315,-1.656685,2.983772,-0.564478,0.958850,-1.041918,1.192504,0,1,1,0
0.958885,-1.470571,0.579442,-0.360146,0.606945,-1.081003,0.498116,0,0,0,1
0.794912,-1.242003,0.784403,0.257750,1.620625,0.038372,0.811546,1,0,0,0
0.086201,-0.815109,0.543224,-0.206855,1.417637,0.015742,0.637992,0,0,1,0
-0.135795,-0.760352,-0.018097,1.007803,1.393348,-0.699198,0.024495,1,1,0,0
1.316351,-1.052127,0.591426,-0.352720,0.253341,-1.163633,-0.441212,0,0,0,1
1.022469,-0.583446,0.066342,-0.870887,1.436298,0.776147,0.555854,0,0,1,0
0.637498,-0.570034,0.448690,-0.302886,1.506581,-0.489241,0.410732,0,1,0,0
-0.219219,-0.510195,0.409957,0.737552,0.965227,-0.317978,0.603584,1,0,0,1
0.840841,-1.196774,1.179724,0.257160,0.098774,-1.120790,0.692820,0,0,1,0
0.695430,-1.157757,0.780126,0.400189,0.656430,-0.291368,0.449859,0,1,0,0
0.526654,-0.830317,-0.124493,0.077325,0.753123,-0.427464,1.269365,0,0,0,1
0.098920,0.614171,0.332363,-0.140157,0.469852,-0.958751,0.852019,1,1,0,0
0.761582,-1.097904,1.024838,0.343183,-0.150896,-0.929711,-0.345932,0,0,1,0
1.189783,-0.322723,1.247506,-1.695909,-0.503470,0.713374,0.761984,0,0,0,1
-0.015743,-0.054923,1.500784,-0.150976,0.842737,-0.393802,1.259531,1,0,0,0
-0.231536,0.761554,0.761553,0.932808,0.834353,-0.613384,1.425556,0,0,1,1
1.391380,-0.920335,0.876835,0.408190,-0.456308,-1.092254,0.347168,0,1,0,0
1.531507,-0.916848,1.279636,-0.474829,0.197995,0.019838,0.280341,1,0,0,0
0.815607,-1.624493,1.956793,-0.360429,0.584102,-0.264845,-0.353500,0,0,1,0
-0.017816,-2.236837,3.197051,-0.176300,1.105687,-0.999333,-0.262363,0,1,0,1
1.375139,-1.104556,0.792205,0.114969,-0.734296,-1.161482,0.322319,1,0,0,0
1.243896,-0.490565,0.420310,-2.616356,-0.210630,-0.336956,0.881239,0,0,1,0
0.400149,0.232331,0.726976,-2.109751,-0.313478,0.652013,0.933889,0,1,0,0
-0.545325,-0.659161,1.722360,0.638607,-0.013528,-0.635945,0.167294,1,0,0,1
1.462886,-1.593477,1.458760,-0.869782,-0.206063,-0.231741,0.116578,0,0,1,0
0.470908,-1.034413,1.971662,-0.467356,0.928268,-0.561548,-0.325918,0,1,0,0
0.634973,-1.360206,0.775298,0.420327,0.770487,-1.016349,0.514974,0,0,0,1
-0.800306,-0.440417,1.311292,-0.020846,1.350823,-0.853175,0.659932,1,0,1,0
1.352570,-1.161374,0.278709,0.479993,0.573260,0.060011,0.167109,0,1,0,0
0.520409,-0.751342,1.053015,-0.386963,1.189035,0.423387,0.926169,0,0,1,0
-0.148772,-1.628955,2.372387,-0.408715,1.465181,-0.273860,1.129665,0,0,0,1
-0.510412,-1.223929,1.597432,1.048865,0.561846,-1.491899,0.747438,1,1,0,0
1.264144,-0.920560,1.533009,0.096064,-0.482382,-0.656513,0.075550,0,0,1,0
0.841276,-0.452057,1.279855,-2.012928,-0.422008,-0.694015,0.163224,0,0,0,1
0.306834,0.319388,1.261907,-2.438402,-0.195376,-1.342248,0.617105,0,1,0,0
-0.032940,0.480804,0.696534,-0.546613,-0.251005,-0.454784,0.210470,0,0,1,1
0.714024,-1.562191,1.086261,-0.273334,0.457696,-1.039459,-0.380102,1,0,0,0
0.210144,-0.863199,1.915672,0.175756,0.616464,0.401065,0.141970,0,1,0,0
0.358250,0.314990,1.744808,-2.851336,-0.572989,1.146140,-0.075125,0,0,0,1
0.020636,0.641581,0.160591,-2.999197,-0.543030,-0.659560,0.430010,1,0,1,0
1.504829,-0.927317,0.461372,-1.941209,-0.928511,-1.161207,0.142160,0,1,0,0
1.222027,-0.602626,1.031050,-2.228163,-0.059520,-0.653439,0.448485,0,0,0,1
0.657939,0.003742,1.539464,-0.782114,0.209628,0.411556,0.636238,0,0,1,0
0.308802,0.574241,0.413540,-2.278741,-0.353505,0.299575,0.514387,1,1,0,0
0.922465,-0.451692,0.460067,-1.978994,-1.401590,-0.593805,-0.082036,0,0,1,0
0.845465,-0.200015,0.717358,-2.736160,-0.534877,0.242156,-0.063581,1,0,0,0
0.620548,0.242203,1.001815,-2.929457,-0.232073,0.179928,-0.298231,0,0,0,1
-0.169625,0.370710,0.138256,-2.463651,-0.480519,-0.329679,-0.036576,0,1,1,0
1.322346,-0.755634,0.700395,-1.835119,-0.921028,-0.343806,-0.258376,0,0,0,1
0.954534,-0.049897,0.470227,-2.344091,-0.707994,-0.481911,0.685286,0,1,0,0
-0.008313,0.131181,0.852373,-2.819195,-0.306139,-0.165591,0.001685,1,0,0,0
-0.510413,0.858569,-0.148766,-2.725064,-0.303023,-0.745460,0.928111,0,0,1,1
1.416697,-0.634859,0.732328,-2.164166,-1.571803,-0.372145,-0.121901,0,1,0,0
0.834617,-0.401190,0.833431,-2.798028,-0.961147,-0.523137,0.036020,1,0,0,0
-0.383771,0.330338,1.058580,-2.514802,0.013822,-0.613602,0.587701,0,0,0,1
-0.568332,0.755844,-0.414219,-2.143839,-0.343867,-1.179692,0.930876,0,1,1,0
1.197935,-0.657527,0.230779,-1.919716,-0.775591,-0.916172,0.733366,1,0,0,0
0.866165,-0.655486,1.100532,-2.347222,-0.291763,-0.316389,0.340583,0,0,0,1
0.215755,0.317721,1.336134,-2.607558,-0.170211,-0.555373,0.888573,0,0,1,0
-0.509689,1.137766,0.815560,-2.643172,-0.186170,-0.694683,1.080068,0,1,0,1
0.667323,-0.744610,0.462642,-0.753364,-0.765238,-1.103958,0.511898,1,0,0,0
0.115855,-0.658473,1.146674,-1.053700,0.056762,-0.558612,0.183898,0,0,1,0
-0.513450,-0.446312,1.758265,-1.053001,0.998971,-0.249518,1.330017,0,1,0,0
-1.232396,0.130932,1.139570,0.275950,1.388837,-0.876560,1.522174,0,0,0,1
-0.825257,0.496621,-0.130874,0.018232,1.174434,-0.332020,1.074415,0,0,1,0
-1.445725,0.738538,0.131574,0.211248,0.906177,-0.520939,1.318225,0,1,0,0
-1.173966,0.959886,-0.085272,0.264130,0.939302,0.608515,-0.229580,1,0,0,0
-0.823171,1.072570,-0.513630,0.392384,0.725875,-0.360692,0.158186,0,0,0,1
-1.790726,1.145040,0.180259,0.730761,1.201616,-1.250611,1.454425,0,0,0,0
-2.033116,1.307566,-0.381617,0.073287,1.737186,0.945494,0.575596,1,1,1,0
-0.349931,0.026803,-0.364759,1.155540,0.023680,-1.102320,1.115566,0,0,0,0
0.314156,-0.500754,-0.155148,1.739258,-0.133083,0.991171,-0.421595,0,0,0,0
0.161704,-0.403664,-0.119780,1.500992,-0.274598,0.169585,-0.746204,0,0,0,0
0.350749,-0.037042,-0.644855,1.482973,0.089239,0.052546,-0.673137,1,0,1,1
-0.068319,0.280712,-0.812084,1.044550,0.356022,-0.629657,-0.026718,0,0,0,0
0.327142,-0.225601,-1.213848,1.117569,0.108211,1.480588,-0.748352,0,0,0,0
0.233373,0.252750,-1.141947,1.117677,0.070646,0.829997,-0.558347,0,0,0,0
0.090077,0.684400,-0.640124,1.458318,0.219049,-0.236567,-0.371145,1,1,1,0
-0.240670,0.383951,-0.425091,1.457785,0.465947,-1.160392,0.754853,0,0,0,0
1.150068,-0.289424,-0.651093,0.654196,0.247499,1.566862,0.087623,0,0,0,0
0.967954,0.120009,-0.984492,-0.086795,-0.588558,1.402117,-0.777515,0,0,0,0
0.627603,0.375002,-0.536797,0.223631,-0.190082,0.672342,-0.164244,0,0,0,0
0.532004,0.382894,-0.263006,0.143835,-0.833496,0.192853,0.251700,0,0,0,0
0.273110,0.882717,-0.610254,-0.327008,-0.374017,0.666580,-0.381074,0,0,0,1
-0.523529,1.353263,-0.128699,-0.874598,-0.301329,-0.413665,1.579847,0,0,0,0
-0.209299,1.520435,-0.147843,-0.654860,-0.326984,0.673874,-0.460109,0,1,0,0
-0.550209,1.619824,0.294117,-0.919159,-0.393231,0.114816,0.949260,0,0,0,0
-0.415353,1.282803,0.018526,-0.284710,-0.000893,1.340116,0.400767,0,0,1,1
1.450713,-0.022321,0.562220,0.741532,-2.140484,-0.754689,-0.152227,0,0,0,0
0.820781,0.551784,0.921146,0.139599,-0.605660,-0.764311,0.332863,0,0,0,0
0.467136,1.143489,0.778137,-0.332677,-0.052970,0.368142,0.207038,0,0,0,0
1.279991,-0.904581,2.731042,-1.678331,0.894208,3.141029,-0.178761,0,1,0,0
0.029776,0.994572,0.630185,-1.036446,0.140820,-0.385375,1.587348,0,0,0,0
-0.264109,0.949612,-0.000259,-0.710234,0.209254,-0.304888,-0.458024,0,0,1,0
-0.185683,0.963478,0.313992,-0.444601,0.650933,-0.971775,1.040748,0,0,0,0
-1.298981,2.017922,-0.764342,-0.227991,1.281840,0.220416,-1.276403,1,1,0,0
0.698250,-0.655639,0.448265,-0.233438,-0.022159,2.326482,-0.327300,0,0,0,0
0.435971,0.895924,-0.801414,-0.360280,0.272155,0.621733,-0.044784,0,0,0,0
-0.180309,0.554437,-0.402480,-0.700071,0.743224,-0.448432,0.784338,0,0,0,0
-0.022161,0.713388,-0.467566,-0.566141,0.560144,1.054150,-0.281323,0,0,0,0
0.354342,0.919750,-0.417959,-0.533302,0.263249,1.599787,0.515461,0,0,0,0
0.092798,0.180555,0.536645,-0.198487,0.561533,-0.008724,-0.228534,0,0,0,1
-0.922904,1.280806,0.090689,0.773398,1.451528,0.077624,1.355414,1,0,0,0
-0.516809,1.298594,0.291684,0.266991,1.324339,-0.383413,0.945017,0,0,1,1
0.969586,-0.070747,-0.203342,0.608121,-1.164399,-1.227511,-0.224574,0,0,0,0
0.525483,0.306240,-0.223068,0.640973,-0.492332,0.414770,-0.080171,0,0,0,0
-0.008722,1.335571,-0.135115,0.199251,0.670239,0.126381,-0.187719,0,0,0,0
-0.504883,1.613716,-0.283784,-0.231845,1.129785,0.504525,-0.162631,1,1,0,0
1.038457,-0.098673,0.012076,0.553255,-1.289675,-0.952680,-0.429163,0,0,0,0
0.254369,0.434639,0.206539,1.199597,-0.047205,-0.340998,-0.288444,1,1,0,0
0.912101,-0.092022,0.620946,1.231181,-0.798202,-1.112684,0.127811,0,0,0,0
1.408704,-0.633659,0.286736,-0.326366,-0.612698,1.634819,-0.216575,1,1,0,1
0.319531,-0.792081,0.452745,-0.227078,-0.376172,-0.719540,1.103882,0,0,0,0
0.446726,0.072792,-1.190193,0.509390,-0.169364,0.120850,0.175099,0,1,0,0
-0.333998,0.763030,-0.182211,0.156021,-0.267107,-0.520556,1.463711,0,0,0,0
0.233593,0.812711,-0.801196,-0.074167,-0.664173,0.727451,0.168725,0,0,1,0
0.308374,0.835964,-0.199665,-0.196138,-0.703347,-0.212474,0.457422,0,0,0,0
0.154817,0.666009,-0.444672,-0.120697,-0.395572,0.114920,-0.097773,0,0,0,1
-0.514061,0.509861,-0.073046,-0.364676,-0.106712,-0.259961,0.691937,0,0,0,0
0.351130,0.972666,-0.503948,-0.955515,-0.904484,-0.293451,0.333590,0,1,1,0
1.614597,-0.021099,-0.377446,-0.215343,-1.724873,-0.778783,-0.261412,0,0,0,0
1.153329,0.685693,-0.547511,-1.060028,-1.469949,0.793303,-0.164343,0,0,0,1
0.969633,1.157251,-0.266656,-0.968653,-1.023072,0.734167,0.201477,0,0,0,0
0.332192,1.617040,0.190943,-0.577268,-0.369311,0.645527,-0.104514,0,1,0,0
0.590623,0.704245,0.603478,-0.260627,-0.836306,-0.444559,0.305106,0,0,1,0
-0.194057,1.138497,0.435416,-0.127573,-0.088708,-0.729759,1.065656,0,0,0,1
-0.826153,1.285975,0.345424,-0.161558,0.712078,-0.113501,0.951610,0,0,0,0
-1.023503,1.656106,-0.157967,-0.570773,1.393631,0.464086,0.195418,0,1,0,0
-0.296743,0.323453,0.141908,0.082662,0.459481,-0.367840,1.466518,0,0,1,0
-0.643331,0.876552,-0.059456,0.612991,0.748915,-0.787982,0.952730,0,0,0,1
-0.560528,0.830076,0.148031,0.699980,1.233436,-0.856882,1.253635,0,0,0,0
-0.514511,1.140436,-0.097569,0.049504,1.280563,-0.057501,0.391749,0,0,1,0
0.146077,0.374688,0.113658,0.322032,1.212502,-0.966029,0.848093,0,0,0,0
0.570398,-0.786621,1.082256,-0.030125,-0.515571,0.835838,-0.298470,1,0,0,0
-0.334272,0.798560,0.428729,0.529135,0.240501,0.278879,0.908481,0,0,0,0
-0.000093,1.014773,-0.184490,-0.595845,-0.197602,0.049477,0.234872,0,0,1,1
0.899320,-0.183324,-0.039445,0.512416,-1.360071,-1.033915,-0.490976,0,0,0,0
-0.560160,0.823102,-0.000602,-0.322456,0.113011,-0.202840,0.429478,1,0,0,0
0.176962,-0.046694,0.391138,0.891637,-0.073557,-0.389015,0.694854,0,0,0,0
0.269130,-0.063471,0.278688,1.376750,-0.208088,1.065392,-0.131871,0,0,1,0
-0.202566,0.451587,-0.097743,0.803655,0.595777,-0.749894,0.230980,0,0,0,0
0.002291,0.685628,0.056958,1.084880,0.558863,0.023645,0.308871,1,1,1,0
-0.145125,0.267780,-0.150425,1.361748,0.040250,-1.239041,0.789921,0,0,0,0
0.588499,-0.469127,0.365818,1.564367,-0.232586,0.959962,-0.260109,1,1,1,0
0.230510,-0.319899,0.398266,1.813015,0.380941,-0.577576,1.079537,0,0,0,0
1.589504,-1.284565,0.347814,-0.077142,0.367727,1.402339,-0.307804,0,0,0,0
1.433910,-0.782794,0.381442,-0.145192,-0.399958,0.741472,-0.272123,0,0,0,0
1.043529,-0.910553,0.568610,-0.552899,0.243073,0.163598,-0.325538,0,1,0,0
-0.375916,0.271326,0.069017,0.528624,0.391881,-0.242958,0.485924,0,0,0,0
-0.328818,-0.071442,-0.041212,1.032054,0.374728,0.029562,-0.849983,0,0,1,0
-0.298336,0.538304,0.537431,0.623634,0.692685,0.474586,1.299868,0,0,0,1
-0.542072,1.011387,0.248617,0.394070,0.864058,-0.396703,0.969843,0,1,1,0
0.678814,-0.193571,-0.235508,0.431882,-1.019925,-0.988581,-0.234049,0,0,0,0
0.806178,0.415482,-0.362105,0.700172,-0.721916,0.612457,0.095904,0,0,0,0
0.501087,0.709890,-0.882789,0.177463,-0.067397,0.931886,0.015591,0,0,0,0
0.056784,0.464901,-0.286699,0.913256,0.292906,1.152691,0.061803,0,0,0,1
-0.202206,0.974961,-0.590735,-0.758275,0.341156,-0.808909,0.887760,0,0,0,0
0.047232,0.634157,-0.444274,-0.421178,0.422845,-0.104567,-0.081692,0,0,1,0
-0.335084,0.697898,-0.058026,-0.491399,0.572976,-1.025615,0.181961,0,0,0,0
-0.847241,1.721591,-0.368229,0.048491,1.038134,1.037224,-0.450046,0,1,0,0
0.440495,-0.108300,0.197056,-0.089414,0.312789,1.228166,0.090874,0,0,0,0
0.003410,1.238605,-0.567338,0.015614,0.073721,0.929526,0.146084,0,0,0,1
-0.785139,1.272175,0.111378,-0.476103,0.260612,-0.166707,0.909417,0,0,0,0
-0.732556,1.029292,-0.420806,-0.626318,0.665049,0.563005,-0.127473,0,0,0,0
-0.989637,1.660751,-0.765351,0.225778,1.604755,0.354082,-0.916993,0,0,0,0
0.316634,-0.952392,0.831138,-0.360659,0.296471,0.264449,-0.327074,1,0,0,0
0.096726,1.249202,0.026952,-0.503467,0.153715,1.060544,1.038477,0,0,1,0
-0.836854,1.378782,-0.382494,-0.652310,0.679471,0.227707,0.909399,1,0,0,1
1.068779,-0.189034,-0.487665,0.006008,-1.671581,-1.010256,-0.374717,0,0,0,0
0.729732,0.537034,-0.592876,-0.409073,-1.101184,0.053462,-0.267391,0,0,0,0
-0.261259,1.506674,-0.859334,-1.338054,0.089824,0.278434,-0.067705,0,0,0,0
-0.306991,1.202257,-0.186973,-0.674620,0.470670,0.360821,-0.462959,1,1,0,0
1.537040,-0.287003,-0.355264,0.399844,-1.588636,-0.611952,-0.081443,0,0,0,0
0.434602,0.401325,0.187385,-0.485817,-1.131435,0.026678,0.046386,1,1,0,0
1.402700,-0.137076,-0.251193,0.679852,-1.462806,-0.516679,-0.637527,0,0,0,0
0.755578,0.553136,0.517481,0.138766,-0.944267,0.661214,-0.287168,1,1,1,0
0.046190,0.093596,-0.054070,0.530065,-0.454518,-0.363297,0.237679,0,0,0,0
0.545754,-0.062699,-0.080671,0.808729,-0.849296,0.279769,-0.052653,0,0,1,0
-0.181047,0.326509,0.288425,0.676933,-0.388686,-0.691780,1.300358,0,0,0,0
0.230621,0.028367,0.519474,0.612456,-0.765831,1.119223,0.114669,0,0,0,1
0.150533,0.313506,0.680692,-0.156112,-0.172462,-0.387133,0.676107,0,0,0,0
0.054641,0.475191,-0.306515,0.227347,-0.390679,1.398105,-0.047358,0,1,0,0
-0.492505,0.700086,0.606664,-0.076898,-0.362273,-0.857934,0.885765,0,0,0,0
-0.588694,0.673039,0.074227,-0.275776,-0.191602,-0.094741,0.084537,0,0,1,1
1.080468,-0.064335,-0.122297,0.486141,-1.632530,-1.298213,-0.659860,0,0,0,0
0.511179,0.286757,-0.004528,0.005083,-1.167138,-0.215193,-0.165959,0,1,0,0
0.780169,0.195634,0.800762,-0.294034,-0.231189,-0.003996,0.222367,0,0,0,0
-0.137256,0.829805,0.217048,-0.253274,-0.163552,-0.520161,0.114577,1,0,0,0
-0.340011,0.819138,0.264798,-0.373846,0.097796,-0.851905,0.842214,0,1,0,0
-0.599777,0.926559,-0.114465,0.276695,1.117556,-0.456760,0.931958,0,0,0,1
-0.649654,1.051355,0.052902,0.268785,0.739287,-0.961304,0.472655,0,0,0,0
-0.856611,1.397219,-0.397980,-0.382112,1.099320,1.572432,-0.520529,0,1,0,0
-0.058070,0.438107,0.047036,0.416427,0.804497,-0.708432,1.323396,1,0,0,0
-1.017845,0.971144,-0.428058,0.324223,0.722305,-1.028797,1.240067,0,0,0,1
-1.312697,0.964825,-0.487969,0.569922,1.069437,-0.915245,1.051912,0,0,0,0
-1.497673,1.956952,-0.842650,0.550910,1.596408,-0.392992,-0.891215,0,0,1,0
-0.810997,0.584214,-0.200804,1.077823,0.959391,-1.006144,1.393785,1,0,0,0
-1.293028,0.844686,-0.115863,1.110447,1.129272,-1.455147,1.687637,0,0,1,1
0.756810,-0.643092,-0.050114,1.227190,-1.232971,0.167695,-0.606094,0,0,0,0
-0.232138,0.169351,-0.352002,1.248968,0.270544,-0.232305,-0.819561,0,0,0,0
-1.152913,1.072765,-0.645918,0.665389,1.092804,-0.747834,0.629829,0,0,0,0
-1.421161,1.831916,-1.083945,0.876524,1.536999,-0.000401,-0.344587,0,0,1,0
-0.632059,0.683752,-0.330198,0.819647,1.141101,-1.148622,1.083156,0,0,0,0
-1.221897,1.294808,-0.921108,1.358685,1.586484,0.699111,-0.272417,1,1,1,0
0.253588,-0.513882,0.142714,1.717855,-0.256697,-0.433892,1.427303,0,0,0,0
-0.032071,-0.367490,-0.244735,1.052911,-0.097413,0.201991,-0.382309,0,0,0,0
-0.250498,-0.212457,-0.249611,1.100926,0.379883,0.674169,-0.822722,0,0,0,0
-0.941549,0.432802,-0.308147,1.448041,0.581691,0.127527,-0.228840,0,1,1,0
-0.416788,-0.289225,0.102596,2.004782,0.200360,-1.414974,1.144109,1,0,0,0
-0.686114,-0.159381,0.272862,1.768771,0.806543,-1.311896,0.886356,0,0,1,0
-0.899983,0.473684,-0.364368,1.207383,1.079759,-1.087848,1.202334,0,1,0,0
-0.942492,0.417284,-0.347289,1.248100,1.157187,-0.737325,0.815783,0,0,0,1
-1.275400,0.148304,-0.126721,1.598949,1.094853,-0.825006,1.250052,0,0,1,0
-1.399845,0.399975,0.222709,1.753742,1.020834,0.111108,1.207169,0,1,0,0
-1.686004,0.429933,-0.283936,1.497315,1.194470,-0.804999,0.936725,1,0,0,0
-1.955239,0.574815,0.090770,1.569412,1.614636,-0.498690,1.451896,0,1,1,1
1.037424,-0.897387,-0.881180,1.058477,-1.008296,0.376343,-0.764580,0,0,0,0
0.576814,-0.921637,-1.081243,1.475966,-0.366476,-0.177000,-0.337719,0,0,0,0
-0.172008,-0.572509,-0.516255,1.667714,0.240228,0.476922,-0.159807,0,0,0,0
-0.694527,-0.351561,-0.651330,1.612222,0.363573,0.129937,-0.366891,0,0,0,0
-1.139493,0.145861,-0.852100,1.517603,0.825944,0.376834,0.223209,0,0,0,0
-1.260775,0.735683,-0.868481,1.278030,0.830343,-0.985632,-0.021361,0,0,0,0
-1.875801,1.230298,-1.020500,0.687821,1.525847,0.844483,-0.728950,0,0,0,0
-1.454985,1.967188,-1.608794,-0.293195,1.511389,-0.290798,-0.566014,1,1,1,0
1.071744,-0.473791,-0.259577,0.473860,-1.821105,-0.767202,-0.238016,0,0,0,0
0.274693,0.277698,0.035522,-0.240521,-1.690601,0.852493,-0.418739,0,1,1,1
0.987451,-0.038545,0.289128,0.388916,-1.923971,-0.747504,-0.475799,0,0,0,0
0.758095,0.590728,0.031680,-1.025153,-1.256567,0.041328,-0.035723,1,0,1,1
1.396721,-0.391897,-0.168146,0.308913,-1.737812,-0.089883,-0.565656,0,0,0,0
0.457964,0.133166,0.417202,0.378288,-0.659793,0.158361,-0.198938,1,1,0,1
1.339987,-0.196871,-0.157326,-0.389206,-1.598852,-0.369287,-0.494734,0,0,0,0
0.695545,0.486410,-0.093475,-0.925537,-1.160288,-0.000614,-0.212790,0,0,0,0
0.168270,0.845162,0.204408,-2.827620,-1.363285,0.836659,-0.787166,0,0,0,0
0.694247,1.053719,-0.419619,-1.800198,-0.987610,1.608689,-0.929069,1,1,0,1
1.085993,-0.675221,0.262819,0.521617,-1.793041,-0.679735,-0.393308,0,0,0,0
0.438325,-0.650133,0.613240,-0.426628,-0.507614,0.179129,-0.385673,1,1,1,0
1.310737,-0.545028,-0.365781,-0.092485,-2.103595,-0.418119,-0.186241,0,0,0,0
0.451521,0.237882,-0.156716,-0.501994,-0.532202,0.365204,-0.128861,1,0,1,1
1.263577,-0.615223,-0.373190,0.532902,-1.660683,-0.597625,-0.467627,0,0,0,0
0.273200,-0.346589,-0.068965,0.023760,-0.252320,-0.507839,-0.748094,0,1,1,1
0.636189,-0.494979,-0.112914,0.703794,-0.719013,-1.216477,1.299499,0,0,0,0
0.606226,0.186558,-0.757871,-0.717468,-1.370381,0.609559,-0.860403,1,1,0,0
0.522928,0.476793,-0.464532,-0.834573,-0.841038,-0.957593,1.278589,0,0,0,0
0.425031,0.461292,-0.737209,-1.104261,-1.429579,-0.358432,-0.254512,0,0,1,1
0.399628,1.101222,0.038830,-1.031053,-0.756241,0.452831,0.749744,0,0,0,0
0.366813,1.155862,-0.362481,-0.763745,-0.941462,0.300798,-0.492113,1,1,1,0
1.175633,0.086924,-0.538653,-0.095434,-1.746687,-0.732179,-0.471674,0,0,0,0
0.693499,0.528357,-0.535305,-0.413940,-1.216017,-0.246904,-0.435206,0,0,1,1
0.769025,0.501896,-0.664084,-0.327254,-1.362972,0.458915,-0.006897,0,0,0,0
1.013590,-0.294802,-0.490660,-0.315065,-1.682075,0.433506,-1.072455,0,1,0,0
-0.051083,0.363794,-0.256437,-0.891544,-1.358512,-0.366263,0.924665,0,0,0,0
0.537619,-0.050839,-0.672514,-1.024203,-1.549347,0.762376,-1.657522,0,0,1,0
-0.320023,0.151300,0.140053,1.179393,0.033028,-0.386400,1.035167,0,0,0,0
-0.270153,-0.846838,0.689847,-0.043946,-0.529110,1.808475,-2.012698,1,0,0,0
-1.365803,0.542039,0.194322,0.199949,0.258898,-0.853184,1.451188,0,0,0,0
-1.037659,1.124259,-0.704871,-1.219355,-0.527318,-0.042539,-2.134484,0,1,1,0
0.905124,-0.012490,-0.921956,0.227226,-1.165716,2.682051,-1.204525,0,0,0,0
1.073861,-0.948546,-1.000346,-0.738448,-1.853305,0.518570,-0.976531,0,0,0,1
0.380568,-0.047973,-0.117290,0.007869,-0.348677,-0.284362,1.178953,0,0,0,0
0.506623,-0.581688,-0.943702,-0.291148,-1.307324,0.226129,-1.127050,0,0,0,0
-0.317410,-0.719471,-0.931293,-0.785835,-1.433136,0.148688,-1.684517,0,0,0,0
0.569881,-1.979260,0.285018,-2.297390,-0.899059,1.356980,-2.198079,1,0,0,0
-0.404479,0.453548,0.150051,-1.203802,0.059601,-0.413109,1.532131,0,0,0,0
-0.083353,0.137046,-0.414743,-1.816468,0.305267,1.702122,-1.271383,0,1,1,1
1.218049,-0.956795,-0.870436,0.503656,-1.738287,-1.050832,-1.111280,0,0,0,0
0.692149,-0.802811,-0.691402,0.043378,-2.138971,0.129567,-1.178466,1,0,0,0
-0.226684,0.184315,0.860015,0.593062,-0.889826,-1.220205,0.997238,0,0,0,0
0.537988,-0.094513,-0.924871,-0.844582,-1.643989,1.390533,-0.860964,0,0,0,0
0.372301,-0.558458,-0.789076,-1.201461,-1.247994,-0.156711,-1.042284,0,0,0,0
-0.410559,-0.446008,-0.789774,-0.709746,-0.908945,0.618711,-1.489531,0,0,0,1
-1.375623,0.451362,0.507688,1.017148,0.621362,-1.447572,1.476600,0,0,0,0
-0.120074,1.540673,-1.043584,0.393884,0.357043,0.910104,-0.557785,1,1,1,0
-0.177420,0.378510,-0.252368,0.406130,-0.125226,-0.815759,0.866910,0,0,0,0
0.677490,0.045545,-0.045791,0.573946,-0.953464,0.410095,-0.058187,0,0,1,1
-0.128324,0.570832,0.249928,-0.053432,-0.247422,-0.802357,0.646772,0,0,0,0
0.783188,0.441503,-0.174495,0.311386,-0.623641,1.030087,-0.209760,1,1,0,0
-0.090849,0.764355,0.492078,0.616378,0.030449,-0.719706,1.202628,0,0,0,0
0.388733,0.924853,-0.559029,0.410564,-0.249783,1.789364,-0.529329,1,0,1,1
1.063420,-0.490193,-0.424748,0.534222,-1.488295,-1.240449,-0.779905,0,0,0,0
0.755132,0.384949,-0.024553,0.859383,-0.450428,0.534375,-0.176209,0,0,1,1
0.719188,-0.258600,-0.646622,0.879860,-0.440831,0.510995,-1.180818,0,0,0,0
0.755029,-0.936632,-0.719205,0.820899,-1.525348,0.935848,-1.953977,1,0,0,0
-0.452959,-0.736537,0.206581,1.640564,-0.380809,-1.234005,1.544313,0,0,0,0
-0.093402,-0.734243,-0.903946,0.226645,-0.630767,1.418171,-2.232173,0,1,0,0
-0.234428,-0.442319,0.515840,0.720316,-0.014863,-0.152387,1.548548,0,0,0,0
-0.103178,-0.379246,0.221296,-0.710950,-0.674874,2.658660,-1.968776,0,0,1,0
-1.316552,-0.042696,0.831298,0.814745,0.857317,-0.795878,1.626253,0,0,0,0
-1.149185,0.979855,-0.689117,-0.429015,-0.155244,1.566269,-1.972622,0,1,0,1
0.434862,-0.785448,-0.414625,-0.005428,-1.046380,3.797695,-1.505560,0,0,0,0
0.985007,-1.018540,-1.370135,-0.547513,-2.000989,1.321956,-1.300970,0,0,1,0
0.259511,-0.170890,0.303857,0.719820,-0.118073,-0.843349,1.056544,0,0,0,0
0.614694,-0.336386,-0.804397,0.115788,-1.119543,1.126905,-1.222941,0,0,0,0
-0.240111,-0.626557,-0.749511,-0.234496,-1.299918,0.713870,-1.975281,0,0,0,0
0.400111,-2.255182,0.403691,-2.096531,-0.418148,2.142984,-2.745655,0,0,1,0
-0.821084,0.733839,0.659713,0.029447,0.437845,-0.308358,1.199711,1,0,0,0
-0.657968,0.721034,-0.322645,-1.229321,0.508624,-0.848187,1.158932,0,1,1,1
1.350822,-0.472380,-0.786111,0.334475,-1.696252,-0.808315,-1.089562,0,0,0,0
1.030415,-0.488964,-0.646686,0.525728,-1.831705,0.264833,-1.017478,1,0,0,0
-0.164929,0.331212,0.146068,-0.370707,-0.914096,-0.507899,0.904052,0,0,0,0
0.602788,0.278036,-1.006644,-0.710286,-1.558159,1.584278,-0.911714,0,1,0,0
-0.710199,0.012583,-0.309521,-0.841697,-0.655186,-0.841039,0.671734,0,0,0,0
-0.089851,0.272716,-0.933780,-1.526011,-1.074001,2.589304,-1.491201,0,0,0,1
-0.909829,0.710930,0.326960,-0.535290,-0.084031,-0.203301,1.145077,0,0,0,0
0.013355,1.300126,-0.979904,-0.485836,0.020758,1.439065,-0.723742,1,1,1,0
-0.163713,0.932576,-0.318605,-0.101984,-0.129685,-0.635975,1.087890,0,0,0,0
0.947660,0.238211,-0.408081,0.214513,-1.063545,1.833442,0.016182,0,0,1,1
0.108056,0.846909,0.183203,0.184432,-0.445456,-0.444910,1.177809,0,0,0,0
0.710632,0.792469,-0.710224,-0.019179,-0.480101,1.017056,0.210484,1,1,0,0
-0.121168,0.909623,0.285896,-0.063749,0.136642,-0.814425,1.230680,0,0,0,0
0.495714,1.064331,-0.851824,-0.335012,0.198920,1.603134,0.058533,1,0,1,1
1.494825,-0.792575,0.215372,0.420748,-1.322070,-0.918919,-0.644466,0,0,0,0
0.356234,0.553057,-0.264668,0.655367,-0.532968,-0.790252,-0.337027,1,1,0,0
1.062217,-0.580719,-0.568164,1.109698,-0.970758,1.367617,-1.134985,0,0,0,0
0.961531,-1.183464,-0.758437,0.245936,-1.676992,0.179633,-2.007329,0,0,0,1
-0.278859,-0.988399,-0.284267,1.166274,-0.311843,-1.056426,1.344542,0,0,0,0
0.041399,-0.488670,-0.303350,-0.359406,-0.538631,1.223770,-2.039413,0,0,1,0
-0.105574,-0.478860,0.603683,1.021467,0.024899,0.057223,1.322206,0,0,0,0
0.084620,0.191155,-0.258380,-0.759971,-1.014948,2.380269,-0.435676,0,1,0,0
-0.932686,0.374945,0.706071,-0.026660,-0.471027,-1.056130,1.025519,0,0,0,0
-0.858022,1.126305,-0.606736,-0.680395,-0.323903,2.590670,-1.677546,0,0,1,1
1.008223,-0.216111,-1.185989,-0.128315,-1.707485,2.805083,-0.361904,0,0,0,0
1.219777,-0.710362,-1.236901,-0.150047,-1.558540,3.059287,-0.851933,1,0,0,0
0.172620,-0.136078,-0.368291,0.766567,-0.108662,-0.905906,0.911682,0,0,0,0
0.651572,-0.012191,-1.004645,0.315127,-0.558427,-0.161285,-0.919858,0,0,0,0
0.187742,-0.680039,-0.826941,-0.134497,-0.240450,0.389445,-1.128540,0,0,0,0
0.204946,-0.055246,-1.226759,-0.506515,-0.877329,2.062366,-1.017161,0,0,1,0
-1.458657,0.554644,0.597884,0.668035,0.170425,-0.913083,0.921818,0,0,0,0
-1.035619,0.375957,-1.022798,-0.695518,-0.377992,0.590771,-2.518980,1,1,0,1
1.342368,-0.579942,-1.121354,-0.488080,-2.427510,-0.914762,-0.666562,0,0,0,0
0.794270,-0.886984,-0.922591,-0.758448,-1.988052,1.043763,-0.532741,0,0,1,0
-0.351505,0.314288,-0.295847,-0.316465,-0.647527,-0.910293,0.993422,0,0,0,0
0.046273,-0.197465,-0.326039,-1.011256,-0.884929,0.538628,-1.574829,0,0,0,0
0.371739,-0.590525,-0.773560,0.213992,-0.736121,2.053842,-1.796223,0,0,0,0
0.473757,-0.067348,-1.511375,-1.262182,-1.275779,1.916306,-1.395907,1,0,0,0
-0.100616,-1.955075,1.986004,-0.776076,-0.403658,-0.485120,1.425999,0,0,0,0
1.306377,-1.290523,0.736511,-1.621765,-0.351585,3.393285,-1.732767,0,1,1,1
0.460825,0.868111,-0.009533,0.853446,-0.251346,-0.593453,0.960782,0,0,0,0
1.289123,0.149506,-0.902130,0.010390,-1.041361,1.541734,-0.323019,1,1,0,0
0.183838,0.825349,-0.119818,0.138366,-0.524244,-0.983544,0.786779,0,0,0,0
0.654175,0.681519,-1.100429,-0.101663,-0.573933,0.114958,-0.089086,0,0,1,1
-0.234072,0.414199,-0.567063,-0.382815,-0.550647,-0.295635,0.696902,0,0,0,0
0.266719,0.774996,-0.615669,-0.230782,0.634935,0.847960,-0.258374,1,1,0,0
-0.755901,1.141602,-0.338216,0.012768,0.746101,-1.117549,0.677051,0,0,0,0
0.253580,0.512917,-0.025794,-0.104639,0.337274,-0.300084,-0.565660,0,0,0,0
-0.002116,0.162637,-0.218335,0.755974,0.617113,0.806056,-0.683714,0,0,0,0
0.304254,0.639548,-0.985349,-0.166011,0.239586,0.792553,-0.911921,0,0,1,1
-1.115073,1.284151,-0.422758,0.125902,1.320283,-1.027832,1.019231,0,0,0,0
0.571922,-0.304318,-0.036424,0.225543,-0.289317,3.963313,-0.410487,1,1,0,0
-0.240874,1.485427,-0.263606,-0.649716,-0.169705,-0.489747,1.304198,0,0,0,0
-0.236419,1.582393,-1.417620,-1.908490,0.061196,1.589788,-0.319983,0,0,1,1
-0.910359,1.606051,-0.552995,-1.754464,0.394274,-0.107133,0.368064,0,0,0,0
-0.596339,1.722692,-1.494767,-1.878708,0.695914,0.680808,0.474693,1,1,1,0
0.090284,0.015902,0.385407,-0.304380,-1.136121,-0.403039,0.640287,0,0,0,0
0.118951,0.445555,-0.355996,-0.956129,-0.765915,0.553121,-0.284194,0,0,0,0
-0.225359,0.151720,-0.539080,-0.589609,0.100177,0.642776,0.374951,0,0,0,0
-0.230765,1.002455,-1.581258,-1.236530,-0.698748,0.736035,-1.078183,0,1,1,0
-0.044187,1.188127,-0.703699,0.310549,1.133951,-0.645734,1.232445,0,0,0,0
0.088685,1.304441,-0.655225,-0.632722,0.977263,0.142068,0.238017,1,0,0,1
-0.281775,1.247513,-0.142749,0.488870,1.136616,-0.905204,1.242414,0,0,0,0
-0.860452,1.882650,-1.005242,0.220663,1.314832,0.077662,-0.205710,1,1,1,0
1.634409,-0.072789,-0.608724,0.698494,-1.353573,-0.752368,-0.390556,0,0,0,0
0.600519,0.588177,-0.058260,-0.297480,-0.425124,0.049356,0.110351,0,1,1,1
0.080666,0.486624,-0.190516,0.407656,0.024103,-0.365711,0.509972,0,0,0,0
0.661911,-0.226433,-0.483129,0.562473,-0.845222,0.828666,-0.803577,1,0,0,0
0.965261,-0.252235,-0.104284,1.222186,0.111542,1.337505,-0.366865,0,0,0,0
0.919449,0.247869,-0.660819,0.473627,-0.435520,-0.009669,-0.400998,0,0,0,0
0.615052,0.105567,-0.375382,0.381153,-0.516536,-0.272950,-0.110446,0,0,0,0
0.431190,0.407026,0.212204,0.015391,-0.137070,0.062132,0.015947,1,1,1,0
0.440057,0.727136,-0.229064,-0.061661,-0.365601,0.119097,0.919874,0,0,0,0
0.615018,-0.382682,-0.047138,1.053037,-0.258601,0.047298,-0.404625,0,0,1,1
0.227266,0.419118,-0.012122,-0.169206,-0.004634,-0.648517,0.747118,0,0,0,0
0.187305,-0.117189,-0.432489,1.130695,0.250760,-0.162437,-0.877560,1,1,0,0
-0.553727,0.503513,-0.026181,0.663229,0.247918,-0.643986,0.849750,0,0,0,0
-0.580437,0.382615,-0.260040,1.462045,0.651537,1.130272,-0.449291,0,1,1,1
1.071933,-0.347279,-0.407670,1.143943,-0.802237,-0.850325,-0.552967,0,0,0,0
0.343054,0.391054,-0.209874,0.700192,-0.467927,0.122316,-0.260743,0,1,1,0
0.453674,-0.002428,-0.579869,1.471082,-0.474729,0.579495,0.215616,0,0,0,0
0.283062,-1.102790,0.049730,1.385398,-0.225392,1.571994,-1.137439,0,0,0,1
-0.554876,-0.284265,-0.129553,0.720634,-0.174724,-0.570342,1.426721,0,0,0,0
-0.471492,-1.106817,-1.054204,-0.299745,-0.144028,-0.110648,-2.248792,1,0,0,0
-0.893600,-0.375916,0.066790,1.304369,0.705232,-0.892228,1.448600,0,0,0,0
-0.962232,-0.557943,-1.170729,-0.176736,-0.416557,-0.027076,-2.472264,0,0,1,0
-1.698872,-0.153995,-0.132599,1.026342,0.631590,-1.204567,1.661432,0,0,0,0
-1.190382,0.895924,-1.094943,-0.704394,-0.442650,2.166216,-2.274214,0,1,0,1
0.646119,-0.457716,-0.841564,0.640387,-0.802593,1.965742,-1.552416,0,0,0,0
0.954653,-1.290018,-1.021509,-0.166242,-1.396768,0.275479,-1.034029,0,0,1,0
-0.141414,-0.133691,0.182832,0.484790,-0.140876,-1.180547,1.249713,0,0,0,0
0.362493,-0.669475,-0.924487,-0.569360,-1.324557,0.176026,-1.053005,0,0,0,0
-0.154582,-0.588353,-1.166519,0.015529,-0.852411,0.290782,-1.241034,0,0,0,0
0.098802,-1.993020,0.043752,-2.170997,-1.038799,0.689161,-2.460646,0,0,1,0
-0.769678,0.502383,-0.160448,-0.680478,0.640108,-0.391255,1.173554,0,0,0,0
-0.535546,0.328723,-0.967423,-1.214063,0.454417,0.369199,-1.340335,1,1,0,1
1.130238,-0.774139,-1.081908,0.279411,-1.812905,-0.623911,-1.147180,0,0,0,0
0.839767,-0.914451,-1.145719,-0.395929,-2.281479,-0.386703,-1.054764,0,0,1,0
-0.208476,0.159074,0.276586,0.310413,-0.412714,-0.959266,0.743100,0,0,0,0
0.249476,-0.025365,-0.756291,-0.122116,-1.424327,1.051674,-0.216615,0,0,0,0
-0.094276,-0.832877,-1.103384,-0.698827,-1.157230,-0.188674,-1.263663,0,0,0,0
-0.170439,-0.605203,-1.105136,-0.975494,-0.992865,0.300267,-1.376122,0,1,0,0
-0.694510,-1.341469,0.846275,1.274508,-0.053398,-1.534605,1.045247,0,0,0,0
1.505361,-1.183161,-0.325285,1.362729,-1.419008,2.476858,-1.415565,1,0,1,1
0.614620,1.027636,-0.264183,-0.439966,-1.046207,-0.567265,0.934638,0,0,0,0
0.688359,0.015191,-0.384961,0.334008,-0.956119,1.375811,0.025652,1,1,0,0
0.113380,0.857725,-0.245887,-0.070632,-0.196231,-0.337369,0.726942,0,0,0,0
0.359224,0.459540,-0.731149,-0.492210,-0.436490,1.208096,0.263330,0,0,1,1
-0.297303,0.549163,-0.360942,-0.301128,0.128404,-0.649824,1.126764,0,0,0,0
0.484917,0.754173,-0.526299,0.015146,-0.324102,1.606943,-0.150797,1,1,1,0
1.197451,-0.439432,-0.245356,0.623191,-1.496773,-1.207189,-0.725031,0,0,0,0
1.245080,-0.267403,0.879062,-0.049549,-0.379806,0.393248,-0.355344,0,0,1,1
1.057686,-0.638292,-0.498460,1.152955,-0.772949,0.128744,-0.391429,0,0,0,0
0.994415,-0.620212,-0.900681,0.281275,-1.141759,1.014731,-1.052642,1,0,0,0
0.117884,-0.000586,0.326009,-0.049704,-0.614625,-0.780717,0.991136,0,0,0,0
0.023177,-0.343263,-0.754319,-0.054077,-1.269751,1.994661,-1.670333,0,0,0,1
-0.420932,0.577932,0.361993,0.278575,-1.300409,-0.778169,1.005844,0,0,0,0
-0.228261,0.466935,-0.557659,-1.049258,-1.219228,1.275248,-0.054325,0,1,0,0
-1.070026,0.992142,-0.163787,-1.577444,-0.825880,-0.672563,0.886647,0,0,0,0
-0.284937,0.941137,-0.824925,-1.646212,-0.899677,1.300952,-0.587072,0,0,1,1
0.053360,-0.582458,-1.218890,0.282092,-1.566864,0.964395,-1.860005,0,0,0,0
0.908985,-0.944708,-1.448128,-1.870212,-2.580172,0.905814,-0.032070,1,0,0,0
-0.448306,0.092411,-0.076097,-0.804852,-1.507779,-0.990889,0.786799,0,0,0,0
0.231704,-0.107131,-0.910230,-1.736695,-1.243790,0.114185,-0.950930,0,0,0,0
-0.177508,-0.652684,-0.587187,-0.367101,-1.550875,0.747643,-1.633237,0,0,0,0
-0.258786,-1.242954,-0.082284,-1.036593,-1.166195,1.076027,-2.743492,0,1,0,0
-0.386167,-1.059487,0.486889,1.603423,-0.964888,-1.016871,1.055268,0,0,1,0
-0.767492,0.710446,-0.863287,-0.009224,0.966761,-1.106812,1.326304,1,1,0,1
1.211209,-0.737956,-0.671994,0.925042,-1.357189,-0.416187,-1.007975,0,0,0,0
0.830865,-0.912928,-0.673948,0.438142,-1.379268,0.298663,-1.480823,0,0,1,0
-0.197286,-0.446388,0.566881,0.718644,-0.114947,-0.383689,0.779737,0,0,0,0
0.606326,-0.080325,-0.723212,-0.088166,-1.046588,0.871961,0.869669,0,0,0,1
-0.521318,0.284175,0.274615,0.423316,0.153408,-1.158858,1.291919,0,0,0,0
-0.170646,-0.052609,-0.840738,-1.343590,-0.774942,1.265723,-1.875821,0,1,0,0
-0.606429,0.933482,0.081593,-0.235686,0.018571,-0.533029,1.248818,0,0,0,0
-0.060561,1.447307,-1.352418,-0.164094,-0.172454,1.991491,-0.961132,1,0,1,1
0.290015,0.784926,-0.477036,-0.211810,-0.597030,-0.370504,1.051196,0,0,0,0
0.994559,0.320508,-0.764747,0.103401,-1.375640,0.425065,-0.146871,1,1,0,0
-0.063421,0.852346,0.105834,-0.390834,-0.562929,-0.575352,0.688857,0,0,0,0
0.788876,0.508263,-0.440167,-0.104201,-0.822415,0.847589,-0.130734,0,0,1,1
-0.263576,0.898790,0.221177,-0.260629,-0.298747,-0.863179,0.778831,0,0,0,0
0.426179,0.917134,-0.720377,-0.239465,-0.248221,1.543238,-0.313670,1,1,1,0
1.078493,-0.287312,-0.079936,0.640380,-1.555472,-0.547007,-0.722913,0,0,0,0
0.400620,0.444764,-0.096979,0.111860,-0.576478,-0.164729,-0.861117,0,0,1,1
0.630620,0.191125,-0.804468,0.726305,-0.611026,0.750331,-1.172350,0,0,0,0
1.048826,-0.749593,-0.796493,0.406863,-1.411713,1.218566,-1.710962,1,0,0,0
-0.339154,-0.761876,0.196356,1.002457,-0.472800,-0.409025,1.342453,0,0,0,0
0.168021,-0.021967,-0.361684,0.607899,-0.436299,2.306340,-1.761123,0,1,0,0
-0.251137,0.171563,0.591331,-0.028494,-0.381887,-0.400271,1.501297,0,0,0,0
0.071027,0.390356,0.103810,-0.157186,-0.288313,2.298319,-1.087582,0,0,1,0
-1.597840,0.256528,0.184592,0.997555,0.489590,-1.624025,1.363412,0,0,0,0
-0.945648,1.068522,-0.665038,-0.295661,-0.294568,2.225433,-1.538172,1,0,0,1
0.511536,-0.548377,-0.576744,0.298319,-1.119087,1.204920,-0.707244,0,0,0,0
1.060777,-0.908794,-0.865746,-1.165216,-1.873100,1.594664,-0.670296,0,0,1,0
-0.304591,0.262345,0.411454,-0.269999,-1.164702,-0.442620,0.941328,0,0,0,0
0.208379,-0.010338,-0.096674,0.089846,-1.012186,1.248550,-0.857638,0,0,0,0
-0.534343,-0.787302,0.205440,0.223915,-0.870062,0.350780,-1.215047,0,0,0,0
0.060618,0.367295,-0.727611,-0.702177,-1.389337,2.615651,-0.828952,0,1,0,0
-0.616680,0.715396,0.238987,-0.902537,-0.943842,-0.829239,1.351720,0,0,0,0
-0.086553,0.047069,-0.852672,-2.022523,-0.685956,1.318598,-1.250118,1,0,1,1
0.972696,-0.884474,-0.818362,-0.001236,-1.726901,-0.992509,-0.988547,0,0,0,0
0.672482,-1.394788,-0.444536,0.176372,-1.309895,-0.074163,-1.612046,0,1,0,0
0.122327,-1.434309,1.238400,1.019468,-0.620942,-0.643991,1.338228,0,0,0,0
0.576516,0.101165,-0.464123,-0.231762,-1.414095,2.296075,-0.007428,0,0,0,0
0.082392,-0.513891,-0.745539,-0.737067,-1.313419,0.607860,-0.734726,0,0,0,0
0.200317,0.312524,-1.016906,-1.346461,-1.529149,-0.372954,-1.098980,0,0,0,1
-1.113623,0.435068,-0.086650,-0.312773,-0.063167,-0.643601,1.445555,0,0,0,0
0.579118,0.850817,-1.170689,-0.444550,-0.501018,4.760955,-0.656739,1,1,1,0
0.341295,1.049889,-0.462026,0.019315,-0.281911,-0.552859,1.407234,0,0,0,0
0.940795,0.198349,-0.315672,-0.283429,-0.933334,2.269156,-0.014984,0,0,1,1
0.160147,0.798101,0.375728,0.340737,-0.343882,-0.469974,0.805056,0,0,0,0
0.590863,0.530530,0.153353,0.342976,-0.405641,1.589417,0.236983,1,1,0,0
-0.300989,0.580399,0.599738,0.064924,0.002753,-0.412553,0.617641,0,0,0,0
0.428906,0.685220,-0.393816,-0.236232,0.216905,1.108199,-0.243782,0,0,1,1
-0.520522,1.170883,-0.277575,0.336813,0.632323,-1.074203,1.245299,0,0,0,0
1.275686,0.992088,-0.356732,-0.915665,-1.503610,4.731632,-0.061680,0,0,0,0
-0.464809,0.985117,-0.095616,-0.198981,0.203823,-0.393860,-1.034263,0,0,0,0
0.266269,1.101646,-1.500040,-1.481551,-1.045327,1.289178,-1.058746,0,1,0,1
-0.978977,1.378366,-0.081397,0.298961,1.129088,-0.326815,0.585511,0,0,0,0
-1.159504,2.155936,-1.346724,-0.226899,1.186242,0.874318,-0.979537,1,0,1,0
-0.192376,1.503079,-0.691317,-1.038101,-0.455558,-0.428138,0.823039,0,0,0,0
-0.069929,1.360091,-1.585461,-0.725283,-0.002579,1.749014,-0.246585,0,1,0,1
-0.242529,1.412261,0.213825,-0.540772,-0.085873,-0.345214,1.095462,0,0,0,0
0.250144,1.111630,0.053827,-0.639585,-0.413831,2.283557,-0.200340,1,1,1,0
0.183959,0.588502,0.269074,-0.931109,-1.985804,0.172518,0.926097,0,0,0,0
0.711484,0.512899,-0.629534,-1.368948,-1.819764,0.890170,0.385133,0,0,0,0
0.315778,1.038696,-0.443228,-1.302040,-1.291145,0.662754,-0.252732,0,0,0,0
0.628670,0.516995,-1.466770,-0.884499,-1.031163,0.800576,-1.540660,1,1,0,0
-0.840262,1.035470,-0.587965,0.761052,1.153430,-1.041486,1.298183,0,0,0,0
0.714922,0.903235,-0.086342,-0.232413,-1.377405,4.098949,0.307183,0,0,1,1
-0.124205,1.890262,-0.327162,-1.252884,-0.822079,-0.673924,0.745222,0,0,0,0
-0.269805,2.087533,-1.745209,-1.072049,-0.182000,0.248851,0.101757,1,1,0,1
1.435826,-0.154042,-0.761461,0.130167,-1.633124,-0.737714,-0.467023,0,0,0,0
0.482100,0.748531,-0.160765,-0.326201,-0.848716,0.433605,-0.803378,1,0,1,1
-0.023729,0.471975,-0.487774,0.840962,0.168287,-0.518845,0.887325,0,0,0,0
0.650787,-0.187139,-0.273590,1.137688,-0.441200,1.983116,-0.346444,0,0,0,0
1.521133,0.561426,-0.673856,-0.588385,-2.071987,2.318441,0.401609,0,0,0,0
0.924648,0.414315,-1.583457,-0.141924,-0.710217,-0.049607,-0.135377,0,0,0,0
0.632010,0.668783,-0.789826,-0.638213,-1.192072,0.373423,-0.186168,0,0,0,0
0.568123,0.955992,-0.941925,-1.645129,-1.039065,0.275903,-0.325521,1,1,0,0
1.225889,-0.510726,0.345567,-1.487736,-1.511302,-0.726077,0.254691,0,0,1,0
1.036555,-0.193306,0.934465,-2.585457,-0.509140,0.304498,0.823485,0,0,0,1
0.224386,0.328112,0.179812,-2.038266,-0.045057,0.207214,0.166315,0,1,0,0
-0.471089,0.757914,-0.254157,-1.935767,-0.509786,-0.677972,0.836185,1,0,1,0
1.197449,-0.463353,0.568239,-1.539728,-0.887103,0.044872,0.527462,0,0,0,1
0.821229,-0.045001,0.789127,-2.678296,-0.399527,-1.191936,0.061283,0,1,0,0
0.577665,0.103202,0.462084,-2.918897,-0.287925,-0.300647,0.360545,1,0,0,0
-0.563076,0.650385,-0.088049,-2.434897,-0.194919,-0.592437,0.552292,0,1,1,0
0.916437,-0.657005,0.477908,-2.409719,-1.210328,-1.119891,0.460334,0,0,0,1
0.583663,-0.286424,1.362216,-2.525896,-0.193132,-0.495169,0.391104,1,0,0,0
0.304841,-0.066620,0.786826,-1.814979,0.333220,0.045480,0.715359,0,1,0,0
-0.772394,0.329114,1.437911,-1.131867,0.454415,-0.837334,0.922354,0,0,1,1
0.770656,-1.399964,0.849618,-0.459958,0.000404,-1.311706,-0.115071,0,1,0,0
0.276080,-0.678090,1.636809,-0.826333,0.088702,-0.596477,0.432459,1,0,0,0
-0.071905,-0.266473,1.288284,-0.939707,0.948065,-0.084599,1.545584,0,0,0,1
-0.963477,0.057439,1.411907,-0.890932,0.756432,-1.107360,1.362483,0,1,1,0
0.682603,-1.022054,0.871983,-0.046393,0.123869,-1.445084,1.054496,1,0,0,0
0.338606,-1.049417,1.120558,-1.482935,0.311718,-1.055873,0.476016,0,0,0,1
-0.354160,-0.322395,1.523666,-0.618748,1.175853,-0.633800,1.795278,0,1,0,0
-1.760465,-0.078449,1.766595,-0.942230,1.086247,-0.695279,1.516633,0,0,1,1
0.937676,-1.099448,1.247641,-0.507568,-0.251878,-1.084398,0.655861,0,1,0,0
0.180980,-1.094281,1.362292,-0.404760,0.666932,-0.651959,0.843388,1,0,0,0
-0.332545,-0.549690,2.031906,-1.067257,1.065510,-0.284444,1.265682,0,0,1,0
-1.883610,-0.695078,1.941203,-0.660506,0.982693,-1.480795,0.826031,0,1,0,1
0.733037,-1.407707,1.268947,-0.661902,0.058182,-0.881558,-0.444537,1,0,0,0
0.233573,-1.432517,1.763137,-0.444838,0.916610,-0.087312,-0.511427,0,1,0,0
-0.515084,-1.187677,1.839487,-0.426903,1.498947,-0.404369,0.229149,0,0,1,0
-1.994481,-0.976959,2.246665,0.419851,1.458169,-1.310019,0.878731,1,0,0,1
0.833910,-1.348486,1.683988,0.195728,-0.020173,-1.107922,0.285658,0,1,0,0
0.048024,-1.185339,1.980066,0.174470,0.919409,-1.165245,0.884559,0,0,1,0
-0.985245,-1.371397,1.871807,-0.462996,1.627565,-0.939293,0.774606,1,0,0,0
-1.694700,-0.568994,1.645212,0.496139,1.858956,-1.115405,0.660955,0,0,1,1
0.983311,-1.219654,1.017046,0.520988,0.307404,-0.715352,-0.011656,0,1,0,0
0.265479,-1.183997,1.671737,0.201573,1.047279,-1.378837,0.096305,1,0,0,0
-0.751347,-0.925994,1.761723,0.182344,1.741297,-0.878380,1.271710,0,0,1,0
-1.406009,-0.212710,1.404969,0.568027,1.688087,-0.442474,1.500534,0,1,0,1
0.610689,-1.500312,0.854657,-0.250762,0.121798,-1.224478,0.236646,1,0,0,0
0.140800,-1.182879,0.840918,-0.258720,1.144833,-0.815671,0.167081,0,0,1,0
-1.066747,-1.181270,2.043919,-0.135540,1.600434,-1.194351,1.294447,0,0,0,1
-1.209842,-0.445588,0.890511,-0.045704,1.427866,-1.062145,1.781043,1,1,0,0
0.622545,-1.252356,0.380352,-0.018193,-0.395208,-1.389171,0.474364,0,0,1,0
0.347891,-1.144988,0.949056,-0.466245,0.820745,-0.362214,-0.013981,0,0,0,1
-0.856865,-0.987834,1.803344,0.173456,1.752276,-0.960133,0.815418,1,0,0,0
-1.144530,-0.467188,0.737210,0.179458,1.832152,-1.050295,0.777110,0,1,1,0
0.683584,-1.469746,0.833673,-0.442584,-0.008769,-1.232629,0.342469,0,0,0,1
0.082718,-1.134526,1.689086,0.680819,1.500156,-1.283409,1.502229,0,1,0,0
-0.429408,-0.677465,2.257020,0.132877,1.716906,-0.545874,1.472242,1,0,0,0
-0.737626,-0.069350,1.270726,0.464764,1.563938,-0.973487,1.678406,0,0,1,1
0.738616,-1.231983,1.070262,0.260076,0.128743,-1.158812,0.537710,0,1,0,0
0.185880,-1.352721,1.863506,-0.406724,0.944951,-0.578835,1.116515,0,0,1,0
-0.279419,-0.518546,1.435208,-0.709737,1.368948,0.032774,1.089616,1,0,0,0
-0.736629,-0.599599,0.850952,0.101717,1.499988,-1.196946,0.515912,0,1,0,1
0.847549,-1.317497,1.539797,-0.155401,-0.197860,-1.176372,-0.493954,0,0,1,0
0.369025,-0.947152,0.988975,-0.484192,1.011326,-0.328153,0.309791,1,0,0,0
0.043027,-0.543967,1.223681,-0.679038,1.557254,-0.560000,-0.066691,0,0,0,1
-0.495339,0.191176,0.591456,-0.113529,1.297994,-0.552087,1.086117,0,1,1,0
0.706760,-1.359207,1.794613,-0.091818,0.478347,-1.286261,0.132065,1,0,0,0
0.566520,-1.117249,1.640013,-0.272795,1.082531,-0.677262,0.788566,0,0,1,0
0.043596,-0.656982,1.215943,-0.879541,1.347035,-0.406909,1.789087,0,0,0,1
-0.556293,-0.005314,0.563732,-0.323809,1.740511,-0.656231,0.698423,1,1,0,0
0.478001,-1.357701,1.242580,0.234748,0.374038,-0.646485,-0.647727,0,0,1,0
-0.056593,-1.084433,1.819899,0.267721,1.068335,-0.736739,0.750422,0,0,0,1
-0.551559,-0.740897,1.280239,0.043618,1.694032,-0.436852,1.460037,0,1,0,0
-0.855328,0.309239,0.572520,0.159093,1.329559,-1.154056,1.801243,0,0,1,1
0.629139,-1.368279,1.083041,0.387927,0.173896,-1.430848,0.231229,1,0,0,0
0.381762,-1.267242,1.709257,-0.267911,0.790048,0.253219,0.674371,0,1,0,0
0.072325,-0.460596,0.987892,-0.187130,1.108906,-0.202518,-0.094663,0,0,1,0
-1.136203,-0.333918,1.429693,-0.118876,1.315809,-0.391741,0.340566,1,0,0,1
0.568567,-1.283432,1.054791,-0.634377,-0.337950,-1.631348,0.214175,0,1,0,0
0.229547,-0.993025,1.655132,-0.889500,0.764599,-0.051921,1.188321,0,0,1,0
-0.432846,-0.941755,1.651136,-0.334865,1.300658,-0.337899,1.411324,1,0,0,0
-1.421469,-0.779813,1.555914,0.019930,1.272776,-1.321887,0.420687,0,0,1,1
0.877143,-1.469957,0.786769,-0.705346,0.038036,-1.044844,0.204293,0,1,0,0
0.373159,-1.616006,1.636680,-0.292510,0.923677,-0.608657,-0.057101,1,0,0,0
-0.413969,-1.080607,1.746706,-0.412841,1.469974,-0.826316,0.555549,0,0,0,1
-1.585359,-0.738973,1.934048,0.017384,1.927176,-1.182161,0.444205,0,1,1,0
0.675760,-1.484502,1.293054,0.073421,0.261709,-1.246284,0.341316,0,0,0,1
0.124270,-1.037624,1.856829,-0.371107,0.688784,-0.466102,1.207311,1,0,0,0
-0.532534,-1.193884,1.502038,-0.377572,1.562699,-0.666273,1.381632,0,1,0,0
-1.291230,-0.667427,1.680975,0.380899,1.538364,-1.284908,1.253333,0,0,1,1
0.925247,-1.277026,0.995330,-0.503503,-0.418213,-1.401773,0.121046,0,1,0,0
0.419081,-1.214193,1.571234,-0.434245,0.936182,-0.608486,0.303814,1,0,0,0
-0.520435,-0.718379,1.866061,0.008437,1.679283,-1.275687,0.698643,0,0,0,1
-1.700852,-0.689968,1.351844,0.397408,1.578586,-1.292521,0.935693,0,1,1,0
1.018957,-1.335175,1.088007,-0.312968,0.226611,-1.305758,-0.287928,1,0,0,0
0.145834,-1.432712,2.140046,0.406804,1.259958,0.212974,-0.289130,0,0,0,1
-0.785847,-1.166761,2.042216,-0.041101,1.679536,-1.540532,-0.350618,0,0,1,0
-1.418881,-0.845480,1.266148,0.497677,1.778729,-0.147539,0.476730,1,1,0,0
0.853215,-1.440304,0.939571,0.138182,0.023584,-1.546114,0.353160,0,0,1,0
0.210104,-1.049995,1.323469,-0.393833,0.715682,-0.694847,1.002759,0,0,0,1
-0.497751,-0.849612,2.165600,-0.258027,1.462019,-0.481490,0.787054,1,0,0,0
-1.311571,-0.581103,1.205193,0.298944,1.581457,-0.512863,0.229765,0,1,0,1
0.634756,-1.448201,1.281653,0.162942,0.349463,-0.778231,0.089545,0,0,1,0
-0.064332,-1.611589,1.277931,-0.264847,0.833575,-0.103821,0.354324,1,0,0,0
-0.668401,-0.650847,2.078623,-0.184064,1.389058,0.282433,-0.529509,0,0,0,1
-1.554618,-0.662983,0.960769,0.607554,1.341874,-1.206625,-0.260582,1,1,1,0
0.042822,-0.269632,-0.662547,1.034368,-0.076160,-0.897054,0.237629,0,0,0,1
-0.432300,-0.648962,-0.122965,2.156571,0.327120,-0.557734,1.275794,0,1,0,0
-0.729785,-1.184723,0.615260,2.258294,0.997169,-0.971629,1.167350,0,0,1,0
-0.572502,-1.185226,0.460617,2.001107,0.187115,-0.608618,1.206332,1,0,0,0
-0.622685,-0.449366,-0.539608,1.159756,0.744605,-0.183326,1.161113,0,1,0,0
-0.846715,-0.059338,-0.225573,1.498931,0.785153,-0.717006,1.343057,0,0,0,1
-1.392755,-0.037267,0.238876,1.903289,1.056302,-0.487690,1.239223,0,0,1,0
-1.525866,0.252932,-0.799070,0.933765,1.039327,-0.795354,0.542763,1,1,0,1
0.449614,-0.431694,-0.673556,0.972247,-0.478556,-1.196081,0.026411,0,0,1,0
-0.000732,-0.376598,-0.466016,1.679877,0.268869,0.000074,0.422473,1,0,0,0
-0.761667,-0.351182,0.318707,1.865624,0.401265,-0.725736,0.492906,0,0,0,1
-1.603339,-0.626420,0.612290,2.492653,0.616094,-0.468065,1.672361,0,1,0,0
-0.674963,-0.291106,-0.791143,1.252445,0.263611,-1.253447,1.362534,0,0,0,0
-0.512277,0.082249,-0.775896,1.198552,0.600355,6.802871,1.419081,0,0,0,0
-0.894946,0.239391,-0.016137,1.529872,0.703315,0.577695,0.530429,0,0,0,0
-2.073400,0.830752,0.362633,1.645549,1.721703,0.565490,1.978406,1,0,0,0
-0.262346,0.241164,-0.572482,0.681395,0.739663,0.016805,0.715903,0,0,0,0
-1.394015,1.395116,-0.766054,0.698960,1.241959,5.219488,0.389560,0,0,1,0
-1.160061,1.449511,-0.957074,0.953756,1.110437,1.942652,-0.490993,0,0,0,0
-0.589019,0.075107,-0.360590,1.595204,0.801317,0.618159,0.925240,0,0,0,1
-0.234921,0.038397,-0.735461,1.277710,0.521854,-0.794663,0.643517,0,0,1,0
-2.238459,1.461602,-1.003540,0.937287,1.962964,1.840069,0.005831,1,1,0,1
-0.542115,0.008486,-0.602736,1.649097,0.678770,-0.655101,0.556801,0,0,0,0
-0.028894,-0.614987,-0.068070,1.885545,0.273976,1.906966,0.159852,0,0,0,0
-0.424252,0.326679,-0.423563,1.520871,0.663643,0.206093,-0.331806,0,0,0,0
-1.298206,1.752681,-1.273245,1.101110,1.595076,0.120416,-0.248595,1,0,1,1
-0.205399,0.380175,-0.427132,1.537068,0.365270,-1.352335,0.473464,0,0,0,0
0.362171,-0.488289,-0.460974,1.242945,-0.245442,1.849700,-0.845330,0,0,0,0
-0.388202,0.229832,-0.513650,1.337058,0.618262,0.532032,-0.082168,0,0,0,0
-0.598306,1.164339,-0.331844,0.535966,1.061673,0.165777,-0.090173,1,1,1,0
-0.216862,-0.219114,-0.252188,2.240312,0.519836,-0.212738,1.131405,0,0,0,0
0.430823,-0.351248,-0.306273,1.487221,-0.013153,0.614050,-0.224649,0,1,1,1
0.359827,-1.881486,0.984734,1.601154,0.026862,0.280414,0.792545,0,0,0,0
0.364874,-1.227116,-0.234221,1.151521,0.150837,0.151313,-0.767106,0,0,0,0
-0.454685,-1.506757,0.180976,2.449139,0.470952,0.231298,-0.845973,0,0,0,0
0.241541,-1.212766,0.608365,1.268924,0.489333,0.710555,-0.346590,1,0,1,1
1.640249,-2.179837,0.770471,-0.608113,-0.684445,-0.439679,-1.438229,0,0,0,0
1.277170,-2.661084,1.492376,-0.941505,-0.660151,0.239219,-1.961544,0,0,0,0
0.282756,-3.218256,2.455805,0.484422,-0.123678,-0.536853,-1.800207,0,0,0,0
0.265499,-1.309748,0.690328,-0.586617,-0.400158,-0.110466,-1.364789,1,1,0,1
1.745459,-1.835348,0.811016,-1.458185,-1.140447,-0.449734,-0.618427,0,0,0,0
0.957068,-1.558513,1.381169,-1.231023,-0.317970,0.121145,-0.959430,0,0,0,0
-0.172416,-1.898278,2.315275,-1.101284,0.969122,-0.711801,-2.066057,0,0,0,0
0.122877,-2.867051,2.529048,-1.313949,0.542705,0.355018,-2.467848,0,1,1,1
1.908171,-2.082747,0.744223,-1.456241,-1.150968,0.083758,-0.579986,0,0,0,0
1.218041,-1.842868,1.197475,-1.417483,-0.121920,0.493850,-1.641447,0,0,0,0
-0.184254,-1.789691,2.245327,-0.703506,0.687324,-0.560147,-2.163464,0,0,0,0
-0.268590,-1.133605,0.510164,-1.374995,0.581023,0.002433,-1.862869,1,1,1,0
1.660385,-2.020210,0.460018,-1.519884,-1.247010,-0.554644,-0.576484,0,0,0,0
1.283723,-2.288043,0.653802,-2.039790,-0.760177,0.657787,-1.162537,0,0,0,0
0.013648,-1.551182,1.261379,-1.421307,0.319239,-0.635226,-0.686525,0,0,0,0
-0.464027,-1.258851,1.104263,-1.308609,0.089744,-0.494561,-0.822605,1,0,1,1
1.379383,-2.400709,0.543942,-0.807267,-0.675842,-0.669905,-1.653441,0,0,0,0
1.148630,-2.648963,1.524645,-1.369673,0.153428,0.493594,-2.081343,0,0,0,0
0.529150,-1.955729,2.651557,-0.852637,-0.048418,0.445760,-1.014131,0,0,0,0
-0.041499,-0.963197,1.797123,-1.023285,0.764185,0.058519,-1.198986,0,1,1,1
1.742164,-2.173924,0.382387,-1.182360,-0.966161,-0.933255,-0.824659,0,0,0,0
1.303433,-2.062152,1.093353,-0.874968,-0.390000,-0.087020,-1.323337,0,0,0,0
-0.217728,-1.669390,2.212996,-1.263931,0.584445,-0.692095,-1.697790,0,0,0,0
0.020721,-1.055374,1.220269,-0.721625,0.380346,0.522267,-1.221421,1,1,0,1
1.801225,-2.034339,0.675710,-1.109513,-0.756878,-0.589689,-0.782297,0,0,0,0
1.094960,-1.930291,0.771814,-1.402793,-0.000452,-0.202319,-0.788230,0,0,0,0
0.495752,-1.389413,1.731044,-1.586741,0.191499,-0.356803,-0.997927,0,0,0,0
-0.793327,-1.007836,1.991227,-1.311099,0.819383,-0.106223,-2.025141,1,1,1,0
1.433313,-1.932242,0.609264,-0.944204,-1.053254,-0.315366,-0.570038,0,0,0,0
0.675023,-1.694428,1.538305,-1.542245,-0.404668,-0.969647,-1.235585,0,0,0,0
0.531605,-1.210898,2.046429,-1.487067,0.104219,-0.287254,-0.904173,0,0,0,0
-0.187555,-0.461323,1.284162,-2.293760,0.111806,0.201139,-0.879863,1,1,0,1
1.825271,-1.972452,1.109478,-1.267094,-1.073237,-0.877795,-0.963801,0,0,0,0
0.719643,-2.200486,1.323653,-1.267353,-0.072266,0.801710,-1.881651,0,0,0,0
0.430615,-1.394975,1.750898,-1.390327,0.365400,-0.720201,-1.138853,0,0,0,0
-0.026621,-0.919057,1.069556,-1.811899,0.251334,-0.215326,-1.139299,1,0,1,1
1.675073,-1.839689,0.464876,-1.890943,-1.642719,-0.574987,-1.236637,0,0,0,0
0.988016,-1.676674,1.165612,-1.739973,-0.789886,0.452910,-1.454784,0,0,0,0
0.119876,-1.392368,2.193927,-1.524263,0.163562,-0.859630,-1.409588,0,0,0,0
0.154559,-0.994432,0.945801,-1.907715,0.376259,0.120433,-1.075065,0,1,1,1
1.591974,-2.537186,0.121497,-1.806306,-1.148177,-0.418919,-1.103077,0,0,0,0
0.830442,-2.753866,0.761473,-1.691296,-0.511689,0.876173,-2.410109,0,0,0,0
-0.046716,-3.187084,3.452627,-0.865913,-0.328405,0.374324,-1.676950,0,0,0,0
-0.119318,-3.156853,2.250381,-1.064772,-0.733996,0.071171,-2.144579,1,1,1,0
1.603033,-2.260623,0.297375,-1.610973,-1.415246,-1.035369,-0.927744,0,0,0,0
1.303970,-2.179988,0.748507,-2.395621,-0.553287,0.554337,-1.351196,0,0,0,0
-0.036773,-1.189307,1.794087,-2.174327,-0.344178,-1.185170,-0.179383,0,0,0,0
-0.195669,-0.804146,0.146308,-2.428591,-0.258329,0.315906,-0.588623,1,0,1,1
1.494034,-2.107271,1.118468,-1.337503,-1.299242,-0.675012,-1.771028,0,0,0,0
0.398911,-2.323899,1.567732,-1.954797,-0.591838,-0.242440,-2.519972,0,0,0,0
0.058426,-2.106041,1.186279,-2.576513,-0.259776,0.388917,-1.336963,0,0,0,0
0.327175,-1.438277,0.180987,-2.223824,0.085260,0.146399,-1.331458,1,1,0,1
1.624829,-1.925074,1.367782,-1.376299,-0.813723,0.379666,-1.124410,0,0,0,0
0.825413,-2.202321,1.580938,-1.184204,-0.282720,0.263257,-1.495640,0,0,0,0
0.154142,-2.200610,0.782008,-2.105265,-0.057495,-0.384212,-1.906560,0,0,0,0
0.046929,-1.863212,-0.246834,-2.619271,-0.788311,1.757936,-1.308254,0,1,1,1
1.738039,-1.903390,0.647608,-1.854938,-1.407867,-0.893821,-1.004834,0,0,0,0
0.539451,-1.944267,1.112501,-1.960413,-0.689646,-0.148534,-0.879916,0,0,0,0
0.094058,-1.800539,1.446198,-2.111840,0.048158,0.864979,-1.543913,0,0,0,0
-0.702805,-1.030081,0.821317,-1.650648,0.663933,0.030104,-2.368572,0,0,1,1
0.457736,0.003298,-0.830228,-0.490159,-0.232688,1.191574,1.006881,1,1,0,0
0.807929,-1.035307,-1.448069,0.536274,-0.769882,0.661566,-0.204330,0,0,0,1
0.080886,-0.016243,-0.445789,0.826839,0.219349,0.095919,0.720691,1,1,0,0
0.751697,-0.452441,-0.717198,1.048742,-0.407029,0.228878,-0.902976,0,0,1,0
-0.461685,0.198305,-0.732716,0.149412,0.379027,-0.968602,0.790443,1,0,0,1
0.286486,-0.788246,-1.067213,0.574477,-0.744612,0.250162,-1.711260,0,1,0,0
0.079249,0.111223,-0.383572,0.595098,0.595506,0.252831,0.620475,0,0,1,1
0.518010,-0.388226,-0.620453,0.766044,-0.409411,0.393943,-0.913146,1,0,0,0
-0.155013,0.344991,-0.886337,0.290991,-0.109679,0.020658,0.773843,0,1,1,0
0.599900,-0.480854,-1.437771,-0.213174,-1.157186,0.283534,-1.266211,0,0,0,1
-0.369811,0.361956,-0.553526,0.337484,0.505714,-0.239674,0.241357,1,1,0,0
0.392825,-0.604061,-0.453757,0.698840,-0.475316,2.501605,-0.987381,0,0,0,1
0.001086,1.159459,-0.971090,-0.742880,-0.284674,-0.166701,0.900154,1,0,1,0
0.477174,-0.233997,-1.656080,-0.964174,-1.161742,0.761474,-0.611383,0,1,0,0
-0.341963,1.028414,-0.543334,-1.159062,-0.104151,-0.699241,0.481883,0,0,1,1
0.027132,-0.217570,-0.940565,-0.702589,-0.838801,0.144940,-1.238646,1,0,0,0
-0.564699,0.376507,-0.815735,-0.330797,0.505535,-0.936263,1.256447,0,1,0,1
0.016718,-0.545116,-1.550829,-0.869222,-0.959896,1.271504,0.051110,0,0,1,0
-0.602886,0.652331,-0.460655,-0.622240,0.410034,-0.485549,0.694567,1,1,0,0
-0.107897,-0.586219,-0.936277,-0.339462,-0.818711,0.473553,-0.420522,0,0,1,0
-0.741285,0.637052,-1.449274,-0.811794,0.276275,-1.281204,1.031342,1,0,0,1
0.324026,-0.239348,-1.602733,-0.898702,-1.193172,0.229768,-1.078419,0,1,0,0
-0.488962,0.767630,-1.520618,-0.478664,0.268893,-0.215230,0.711418,0,0,1,1
0.275275,-0.337133,-0.992940,-0.981762,-1.499416,0.683370,-0.760352,1,0,0,0
-0.481817,0.696584,-0.964508,-1.098510,-0.811546,-0.847457,1.272465,0,1,1,0
0.315657,-0.372059,-1.287807,-0.894369,-1.822180,-0.051136,-0.371539,0,0,0,1
-0.676382,0.764802,-0.429219,-0.116739,-0.009101,-0.478155,0.754768,1,1,0,0
-0.253879,-0.504340,-0.092321,0.470900,-0.687289,1.378190,-1.758541,0,0,1,0
-1.005224,0.694523,-1.064064,-0.813757,0.205729,-0.585260,0.726411,1,0,0,1
-0.390299,-0.792623,-1.182407,-0.796381,-1.211654,0.533934,-0.729465,0,1,0,0
-0.942657,0.780413,-0.749057,-1.345937,0.233760,-1.004205,0.785127,0,0,1,1
0.168032,-0.197813,-0.713579,-0.261718,-0.754119,1.422754,-0.708991,1,1,0,0
0.136785,0.152227,-1.373745,-0.188151,-0.838406,-1.146640,0.921978,0,0,1,1
0.930985,-0.555288,-1.661019,-0.681894,-1.448577,0.517928,-0.102817,0,1,0,0
-0.056667,0.398371,-0.850449,-0.860978,-0.948328,-0.048509,0.575218,1,0,1,0
0.721665,-0.090892,-0.960496,-0.822954,-1.544896,-0.121832,-0.269187,0,0,0,1
-0.665824,0.739081,-0.948270,-1.405651,-0.420080,-0.055557,0.655320,1,1,0,0
0.584664,-0.344582,-1.249923,-1.230504,-1.748352,0.123771,-0.254908,0,0,0,1
-0.595405,0.897558,-1.153924,-1.517741,-0.202207,0.186626,0.434248,0,1,1,0
0.419132,-0.034824,-1.141659,-1.051641,-1.397869,0.223668,-0.117527,1,0,0,0
-0.831749,0.954481,-0.793691,-1.785139,-0.096870,-0.424112,0.824257,0,0,1,1
0.242242,0.027607,-1.554250,-1.761272,-1.220686,0.526738,-0.215154,0,1,0,0
-0.674960,1.223156,-0.468876,-1.645145,-0.030591,-0.374106,0.762005,1,0,1,0
0.074383,0.162132,-0.454660,-0.968540,-1.064444,0.346219,-0.552074,0,0,0,1
-0.530679,0.875582,-1.184008,-1.486695,0.254010,-0.827131,1.238626,1,1,0,0
0.535706,-0.129269,-1.604676,-0.806529,-1.350661,1.021925,-0.587452,0,0,0,1
-0.434433,0.956760,-0.787419,-0.761706,-0.201627,-0.836422,1.119619,0,1,1,0
0.107614,0.303847,-0.688709,-0.773403,-1.352540,0.143710,-0.829244,1,0,0,0
-0.289562,1.646628,-0.625580,-0.789491,0.215273,-0.843385,1.019489,0,0,1,0
-0.777493,1.171894,-0.485275,-0.743443,0.188245,-0.543975,0.404702,0,1,0,0
-1.052640,1.268430,-0.310312,-0.200060,0.708797,-0.620319,0.230639,1,0,0,0
-1.793627,1.712092,-0.839803,-0.328865,1.006464,0.748928,0.616980,0,0,1,0
-1.177765,0.956213,-0.244178,0.668270,0.776450,-0.621969,0.815211,0,0,0,1
-1.968479,1.920728,-0.452826,0.288342,1.947555,0.171760,1.988545,0,1,0,0
-1.303442,1.469569,-0.993826,0.068128,1.362400,-0.917392,0.822883,0,0,1,0
-0.159766,1.557525,-0.217088,-1.014318,-0.985721,6.908022,0.085200,1,0,0,0
-0.707174,1.927890,-0.028881,-0.218018,0.270512,-0.401255,1.625954,0,1,0,0
-0.562518,1.708969,-0.165973,-0.831774,0.313446,-0.164538,0.010288,0,0,1,0
0.311995,0.784327,-0.150431,-0.435435,0.023603,0.509917,0.150579,1,0,0,0
-1.209255,1.527020,-0.809407,0.057667,1.358627,-0.428730,1.891104,0,0,0,1
-0.239502,0.684796,0.558440,0.966186,0.616367,1.313109,0.851906,0,0,1,0
0.040913,0.652159,0.139108,0.790579,0.500830,0.229107,0.262770,0,1,0,0
-0.065883,0.617240,0.092789,0.840922,0.029957,0.279743,1.174877,1,0,0,0
0.205598,0.369663,-0.143234,0.944683,-0.022141,-0.086252,0.275683,0,0,1,1
0.971107,-1.317771,1.274872,-0.210621,-0.333945,-0.819879,-0.076869,1,0,0,0
0.597802,-0.359395,1.187961,-0.658616,-0.266405,-0.533425,0.443554,0,1,0,0
0.456721,-0.989850,1.794527,0.042227,0.413575,-1.113331,0.861892,0,0,0,1
-1.102230,-0.527312,1.469616,0.674358,0.920132,-1.265255,0.979338,0,1,1,0
0.944389,-1.283261,1.923484,-0.094436,-0.139364,-0.664877,0.537700,1,0,0,0
0.452179,-1.173062,2.202098,0.558067,0.935913,-0.728837,-0.052150,0,0,0,1
0.836078,0.040994,0.996269,-1.830269,-0.292624,-0.447186,0.773198,0,0,1,0
-0.392408,0.432978,0.813654,-2.044323,-0.166403,-0.473824,0.382789,1,1,0,0
1.209607,-0.859371,0.436229,-1.233034,-0.989484,-0.933054,0.334141,0,0,1,0
0.325056,-1.086386,1.435610,0.098013,0.651536,-0.012249,0.813275,0,0,0,1
-0.150001,-0.693870,1.117161,-0.567314,1.280269,-0.896368,1.034017,1,0,0,0
0.298223,-2.144006,0.416601,0.634428,1.901633,-0.389237,0.770103,0,1,1,0
1.482499,-1.294435,0.477887,-0.002592,-0.225743,-1.173313,-0.108032,0,0,0,1
0.436344,-1.377221,1.750271,-0.427624,0.381850,-1.266894,1.014045,1,0,0,0
0.000235,-0.837393,1.563924,-0.053609,1.008210,-0.005435,1.547053,0,1,0,0
-0.295795,-1.657304,1.899936,0.894302,0.031990,-0.895274,1.442892,0,0,1,1
1.179201,-0.944148,0.566068,-0.331105,0.323476,-0.800106,0.705384,0,1,0,0
0.774413,-0.390294,1.232743,-1.048254,-0.220668,-0.387622,1.089419,1,0,0,0
0.051630,-1.015949,1.966103,0.667447,1.050369,-0.560177,1.249600,0,0,1,0
-1.152930,-1.481134,2.301064,1.864884,0.192116,-0.690065,1.658109,0,1,0,1
1.233444,-1.825128,1.843189,-0.562179,0.158094,-0.604318,0.517675,1,0,0,0
0.712045,-2.055207,2.297341,-0.393892,0.669291,-0.811150,0.780705,0,0,1,0
0.268362,-0.370383,1.645812,-0.085574,0.941433,0.260951,0.941439,0,0,0,1
-1.917394,-0.833649,2.152997,0.119868,1.245211,-1.910059,0.772673,1,1,0,0
1.583924,-1.408809,0.666390,-0.468830,-0.118709,-0.293248,-0.032401,0,0,1,0
1.127096,-1.374672,1.033775,-0.709506,0.187288,-0.742827,-0.184809,0,0,0,1
0.809259,-0.583007,1.079933,-0.718975,-0.261496,-0.191792,0.095007,1,0,0,0
-1.107804,-0.115580,1.039538,-1.451281,-0.522354,0.109834,-0.036756,0,1,1,0
1.280316,-0.538827,1.110923,-1.120038,-0.934233,-0.802666,0.546496,0,0,0,1
0.624460,-0.093913,1.526835,-1.908761,-1.269641,-0.680618,0.937354,1,0,0,0
-0.590219,-0.957047,1.528039,-0.687688,0.868897,-0.985553,0.381447,0,1,0,0
0.129140,-2.312112,1.444220,1.654946,0.493613,-0.338139,0.205666,0,0,1,1
1.225766,-0.698163,1.184851,-1.602153,-1.118764,0.101696,0.111722,1,0,0,0
0.863018,-0.760691,1.081370,-0.749075,-0.518220,-0.539039,-0.093940,0,1,1,0
1.219819,-1.846508,2.065627,0.073062,0.086760,-1.365605,0.308019,0,0,0,1
0.433272,-2.064905,3.098525,-0.309908,0.383900,-0.586643,0.764550,1,1,0,0
0.941734,-2.129784,1.298205,-0.243567,-0.053664,-0.823409,0.194364,0,0,1,0
0.738379,-2.096250,1.148222,0.222158,0.377366,-0.456483,-0.121265,1,0,0,1
1.003765,-1.203531,1.011135,-0.900040,-0.177247,-0.762578,0.412425,0,1,0,0
0.794237,-0.505335,2.000934,-1.937913,-1.151123,-0.164164,1.219146,0,0,1,1
0.819217,-1.331564,1.000038,-1.014540,0.017526,-1.244575,0.561622,0,1,0,0
0.114221,-1.156246,0.967134,-0.262947,0.588192,-1.202223,0.324190,1,0,1,0
0.894522,-1.536971,1.711337,-0.188580,-0.034272,-1.195081,0.016057,0,0,0,1
0.545216,-1.132603,1.005804,-1.415020,0.358036,-0.813925,0.933351,1,1,0,0
1.264334,-1.299292,0.707074,-1.440134,-0.239592,-0.681646,0.075909,0,0,1,0
1.107789,-0.780424,1.398182,-0.698882,0.949694,-1.176992,1.099962,0,1,0,1
1.377169,-1.354480,1.056020,0.558689,0.786372,-0.635054,0.681919,1,0,0,0
0.975270,-0.231921,1.161603,-1.007223,0.704767,-0.784807,1.105103,0,1,1,1
1.767133,-1.052462,-0.150680,-0.947107,-0.340785,-0.733652,-0.250456,1,0,0,0
1.343906,-0.609128,-0.419830,0.573869,-0.113592,0.683442,-0.232215,0,0,1,0
-0.370639,-0.340220,0.133059,1.094546,0.236778,-0.682757,0.930166,0,0,0,1
-0.830118,-0.139934,0.012701,1.343689,0.843284,-0.736332,1.159422,1,0,0,0
0.410569,-1.310677,1.420897,1.324824,0.658602,0.625005,1.366554,0,0,0,0
0.673937,-0.705268,0.127714,1.041588,0.347732,0.648595,-0.573862,0,1,1,1
-0.121912,0.516574,-0.493373,-0.321313,-0.520069,-0.940447,0.619576,0,0,0,0
0.879180,-0.424870,-0.686548,0.799166,-0.584920,0.914369,-0.662995,0,0,0,0
0.763705,-0.332786,-0.736559,1.075537,-0.339252,0.483327,-0.741942,0,0,0,0
0.858284,0.190343,-0.745846,1.643027,-0.023062,1.297784,-0.480111,1,1,1,0
-0.291268,-0.044719,-0.866116,0.679484,0.212825,-0.868836,1.096575,0,0,0,0
0.637884,-0.014245,-0.878032,0.708141,-0.473390,0.513161,-0.610611,0,0,0,0
0.116849,0.110874,-0.897797,1.655652,0.537754,1.804624,-0.085613,0,0,0,0
-0.067989,0.377584,-0.734291,1.500096,0.458324,0.803295,0.063565,1,0,1,1
-0.666801,-0.428539,-0.217193,1.853343,0.500229,-0.788950,1.865257,0,0,0,0
0.120876,-0.971984,-0.517502,1.728566,0.302281,0.987760,0.081943,0,0,0,0
0.435956,-0.875676,-0.704302,1.846733,-0.270893,0.569945,-0.748091,0,0,0,0
0.909180,-0.828112,-0.682620,1.496812,-0.737332,1.330164,-0.343398,0,0,0,0
0.724907,-0.751133,-0.412720,1.484751,-0.160765,1.066183,-0.358914,0,0,0,0
-0.240285,-0.809453,0.182857,1.771696,0.477524,0.035611,-0.596522,1,1,1,0
-0.314865,0.572671,-0.306028,0.318301,-0.393188,-0.624573,1.224360,0,0,0,0
0.224142,0.891405,-0.083086,-0.683652,-1.151158,1.131021,-0.294846,0,1,0,1
0.071676,0.989331,-0.198932,-0.487588,-0.937433,0.958505,0.932751,0,0,0,0
-0.030355,1.018978,0.391129,0.248003,-0.290437,0.209217,-0.107500,1,0,1,1
1.664342,-0.281713,-0.421119,0.358165,-1.919818,-0.744761,-0.623134,0,0,0,0
1.096482,-0.080100,0.068061,0.985199,-1.530584,-0.279657,-0.713694,0,0,0,0
0.406559,0.859334,-0.168668,0.190654,-0.497265,-0.111929,-0.228103,0,0,0,0
-1.321780,1.356910,0.447011,1.691637,1.238452,0.099445,0.209977,0,1,0,1
0.495550,0.550484,0.037292,-0.155747,-0.613999,-0.636104,1.197423,0,0,0,0
0.180128,0.262709,-0.017949,0.731840,0.154248,0.417768,0.157510,1,0,1,0
-0.817693,-0.036025,0.219309,1.748000,0.277394,-0.794530,1.358245,0,0,0,0
-0.006337,-1.385177,0.571415,2.259613,-0.544908,0.640759,-0.296033,0,1,0,1
1.143471,-0.320552,-0.802766,1.280325,-0.790730,1.969113,-0.477521,0,0,0,0
1.066997,0.028151,-0.033601,1.206732,-1.650637,0.670543,-0.144542,1,1,0,0
0.013332,0.426578,0.495766,0.981583,-0.642191,-0.830312,0.655322,0,0,0,0
0.146611,-1.693455,1.450734,0.851201,0.079582,1.056315,-0.442144,0,0,1,1
0.079035,1.007641,-0.832333,0.665928,0.571277,2.149526,-0.430379,0,0,0,0
-0.696973,1.116128,-0.242160,1.374576,0.665908,1.561003,-0.126017,0,1,0,0
-0.538580,1.157190,0.789922,0.608303,-1.439629,-0.285360,0.262922,0,0,0,1
-0.486522,1.230082,-0.273754,-1.095693,-1.189709,-0.089119,0.628555,1,1,1,0
1.382961,-0.354453,-0.389562,0.730157,-1.529143,-1.089689,-0.908591,0,0,0,0
0.909116,-0.503794,0.532634,1.691229,-0.669804,0.544243,-0.508321,0,0,0,0
0.370544,0.653930,-0.403931,0.168257,-0.309185,0.352566,0.279190,0,0,0,0
-0.304765,1.596222,-0.451876,-0.877206,0.150848,-0.121245,0.380518,0,1,1,1
1.370860,-0.114786,-0.568470,-0.102848,-1.907965,-0.124781,-0.608022,0,0,0,0
0.353986,0.236891,-0.762072,0.052489,-0.090483,0.595231,-0.430643,1,1,1,0
0.713867,-0.344077,0.365059,1.070525,-1.304336,-0.911900,-0.968132,0,0,0,0
0.094646,-0.788478,0.441975,1.615291,-0.658452,-0.284428,-0.590692,1,0,1,1
0.357508,0.346498,-0.885800,-0.422389,-0.313648,-0.652448,0.339555,0,0,0,0
0.438049,0.766708,-1.313857,-0.237954,-0.225623,0.112488,0.045162,1,1,0,0
-0.918930,0.121169,-0.605737,0.442145,0.762966,-0.814927,0.270542,0,0,0,0
-0.749807,-0.138462,-0.168833,1.477088,0.475062,0.261844,-0.389705,0,1,0,1
-0.060891,0.615162,-1.180228,-0.753894,0.124775,0.468814,0.066641,0,0,0,0
-0.117956,0.572985,-0.300661,0.885456,-0.261225,0.530367,-0.531797,0,0,1,0
-1.045288,1.078144,-0.068603,0.386480,0.358815,-0.286849,0.871326,0,0,0,0
-0.403707,1.438836,-1.448831,-0.986140,-0.592102,1.013049,-0.435427,1,1,0,1
1.360282,-0.347464,-0.630489,0.340845,-1.725611,-0.830358,-0.423492,0,0,0,0
0.611475,0.080284,-1.097346,0.157404,-0.837575,0.177402,0.264248,0,0,0,0
-0.751020,0.440812,-0.297484,0.958542,0.851975,-0.045771,-0.284254,0,0,0,0
-0.212837,0.071494,-0.536077,0.294988,-0.401989,1.550574,0.106301,1,0,1,0
0.483260,-0.017406,-0.493573,0.243574,-1.197243,-0.906631,1.193689,0,0,0,1
0.329338,-1.725645,1.636857,-0.295697,0.721259,1.661048,0.789025,0,1,0,0
-0.219277,-1.174464,2.437646,-0.805616,0.919401,-0.051086,1.562117,0,0,0,0
0.243386,-1.926462,2.425625,-0.478865,1.269209,2.538773,-0.394066,0,0,0,1
-0.152097,0.049610,-0.619624,0.573445,-0.051667,0.446317,0.980005,0,0,1,0
0.091992,-0.244407,-0.289480,1.168622,-0.148409,-1.107067,1.064599,0,1,0,0
0.139947,0.137370,0.787170,0.004675,-0.650614,0.088011,1.493233,0,0,0,0
0.188109,-0.234532,0.364439,0.879215,0.896745,0.788527,-1.004571,1,0,0,1
-0.336307,-0.826977,0.167646,-0.042310,0.823253,-0.173185,1.575410,0,0,0,0
-1.406912,1.877450,-0.547171,-1.210302,0.972221,-0.114250,-0.158064,1,1,1,0
0.281412,-0.816562,0.218442,1.077114,-1.227574,-0.939486,1.062222,0,0,0,0
0.709448,-0.793465,-0.194071,1.054192,-0.287882,1.299514,-0.949735,0,0,0,0
0.488098,-0.154611,-0.475656,0.649739,-0.508371,1.213426,-0.605683,0,0,0,0
0.468848,0.147285,-0.701538,0.810555,-0.274019,0.544874,-0.406224,0,0,1,1
0.258720,-0.941847,0.213210,1.139220,-0.545705,-0.686771,0.687935,1,0,0,0
1.669354,-2.162971,1.051091,-1.360293,0.018263,0.889949,-0.779996,0,0,0,0
1.395529,-1.822061,1.093801,-0.683499,0.508652,0.434688,-0.571392,0,0,0,0
1.211410,-0.809244,1.074780,-0.251823,0.548912,-0.162041,-0.163052,1,1,1,0
0.252942,-0.541572,0.873125,0.701536,0.469352,-1.172446,1.404328,0,0,0,0
1.340594,-0.521590,-0.915423,0.490591,0.118076,0.800470,0.089621,0,0,0,0
1.168977,0.063038,-0.848627,-0.292348,-1.087585,1.053950,-0.763389,0,0,0,0
0.798472,0.271723,-0.762828,0.083769,-0.444959,0.917635,-0.192862,0,0,0,0
0.391953,0.508972,-0.253387,-0.148555,-0.980702,0.228385,0.092690,0,0,0,0
0.278882,1.028893,-0.449164,-0.499801,-0.762286,0.690783,-0.184692,0,0,0,1
-0.425176,1.440804,-0.000405,-1.288560,-0.602082,-0.343111,1.313012,0,0,0,0
0.044276,1.512137,-0.121675,-1.085375,-0.675696,0.726472,-0.162550,0,1,0,0
-0.484368,1.593134,0.196091,-1.274486,-0.488178,-0.035541,0.884540,0,0,0,0
-0.194895,1.264836,-0.319217,-0.495335,-0.512108,0.355028,-0.137996,0,0,1,1
1.564416,0.512503,0.559646,0.747064,-1.678768,-0.597223,0.597491,0,0,0,0
0.906124,0.370887,1.221314,-0.338117,-0.488887,-0.104686,0.112359,0,0,0,0
0.263167,1.345221,0.576469,-0.217800,-0.154452,0.427717,0.159345,0,0,0,0
1.021096,-0.137492,1.819288,-0.804104,-0.289973,2.557103,-0.236006,0,1,0,0
-0.066992,1.444908,0.061859,-0.843559,-0.058101,-0.556911,1.491477,0,0,0,0
-0.150666,1.298012,0.352050,-0.495257,0.289331,0.158511,-0.279473,0,0,1,0
-0.305494,0.645883,0.214160,-0.654789,0.474891,-0.760744,0.886988,0,0,0,0
-1.212931,1.935844,-0.839514,-0.448411,1.283185,0.364896,-1.092430,1,1,0,0
0.545719,-0.004575,0.087921,0.138402,0.277998,1.505898,-0.157078,0,0,0,0
0.342953,1.316325,-0.827091,-0.236762,0.342191,0.464264,0.004208,0,0,0,0
-0.189148,0.841227,-0.284753,-0.244677,0.826635,-0.642662,1.056319,0,0,0,0
-0.113970,1.025849,-0.457597,-0.674275,0.555806,0.295788,0.184885,0,0,0,0
-0.108600,1.157702,-0.562421,-0.077162,0.363417,0.471321,0.473239,0,0,0,0
-0.209312,0.676999,0.384784,-0.471773,1.558292,2.457286,0.038404,0,0,0,1
-0.686800,1.107576,0.805065,0.495951,0.985960,-0.102536,1.381822,1,0,0,0
-0.954434,1.058893,0.186988,0.397321,1.066999,-0.112113,0.744649,0,0,1,1
1.156868,-0.221960,0.314617,0.366830,-0.799595,-0.554835,-0.213032,0,0,0,0
0.561544,0.540252,0.249043,0.629467,-0.701817,-0.505142,-0.099612,0,0,0,0
-0.141112,0.983390,0.144450,0.708761,0.703200,-0.236633,-0.347527,0,0,0,0
-0.274810,1.272223,0.170515,-0.017293,0.732487,0.128891,-0.298237,1,1,0,0
0.988346,-0.206384,0.131061,0.968058,-1.169395,-1.020346,-0.798747,0,0,0,0
0.437544,-0.231735,0.588965,1.491487,-0.270194,0.180175,-0.480378,1,1,0,0
1.149232,-0.548020,0.691133,1.447757,-0.947079,-0.758834,-0.022646,0,0,0,0
1.055931,0.007474,-0.308182,0.154453,-0.228354,0.961786,-0.027032,1,1,0,1
-0.231183,0.569614,-0.909392,-0.407268,-0.160090,-0.518384,1.232861,0,0,0,0
0.855229,-0.008234,-1.000203,-0.289402,-0.525627,0.851953,0.305387,0,0,0,1
-0.178434,0.396534,-0.184072,-0.300261,-0.153627,-0.544486,1.318595,0,0,0,0
0.057683,0.789920,-0.278407,-0.414039,-0.470924,0.080307,-0.232842,0,0,1,0
0.124740,1.222038,-0.655566,-1.620992,-0.929775,0.756553,0.050683,0,0,0,0
0.264374,1.374970,-0.703816,-1.113709,-1.033899,0.486045,-0.045425,0,0,0,1
-0.070599,1.267035,0.260177,-0.812720,-0.735209,-0.912713,0.749909,0,0,0,0
-0.125795,1.534222,-0.581839,-1.156810,-0.496197,-0.559467,0.391009,0,1,1,0
1.591468,0.027972,-0.313094,-0.241553,-1.882098,-0.314282,-0.231336,0,0,0,0
1.013070,0.911772,-0.395347,-1.086317,-1.285064,0.600830,-0.226047,0,0,0,1
0.987225,0.980606,0.656376,-0.226993,-1.295004,0.185646,0.470179,0,0,0,0
0.486681,1.583160,0.463398,-0.327122,-0.349376,0.102343,0.293903,0,1,0,0
0.347879,1.136616,0.602431,0.024487,-0.123517,-0.564844,0.579441,0,0,1,0
-0.169835,1.073140,0.437127,0.262965,0.530871,-0.538745,1.051203,0,0,0,1
-0.290353,1.071458,-0.045013,0.040520,0.383617,0.191055,1.092216,0,0,0,0
-0.879901,1.233652,-0.429076,0.166511,1.163714,0.257726,0.008356,0,1,0,0
-0.001809,-0.184255,0.835500,1.255077,-0.568675,1.287365,1.154697,0,0,1,0
-0.503887,1.436389,-0.677613,-0.833998,0.397251,-1.090891,0.765629,0,0,0,1
-0.798024,1.385525,0.350867,0.595370,0.533844,-0.945756,1.223235,0,0,0,0
-0.275486,0.769545,0.343148,-0.435051,0.120017,1.539251,0.022889,0,0,1,0
-0.406330,0.802157,0.473794,1.069782,0.595070,-1.319148,1.116179,0,0,0,0
-0.145944,0.341554,0.261135,0.165977,0.484231,0.178029,0.109542,1,0,0,0
0.222950,0.855593,0.200807,0.429004,-0.348444,0.108909,1.137562,0,0,0,0
-0.142525,1.405030,-0.376384,0.301530,0.455153,0.376862,-0.128194,0,0,1,1
1.164177,-1.092262,0.185490,0.834762,-1.207345,-0.355231,-0.672680,1,0,0,0
-0.203311,-0.679675,1.219855,0.612363,-0.232459,-0.285957,0.710216,0,1,0,0
0.561445,-0.026599,1.028310,1.133426,-0.683151,-0.610653,1.129690,0,0,0,0
0.240029,-0.015905,0.320268,1.064729,-0.527552,0.594232,-0.403408,0,0,1,0
-0.040201,-0.178822,0.045963,0.251325,0.380317,-0.531216,0.436940,0,0,0,0
-0.023309,0.344137,-0.124832,1.166546,0.449115,0.063880,0.040179,1,1,1,0
-0.346777,-0.292023,0.072450,1.983775,0.361618,-1.197973,0.931393,0,0,0,0
0.779234,-1.444823,1.224343,1.101842,0.236247,0.910491,-0.248051,1,1,1,0
0.240629,0.175161,0.391640,1.304803,-0.286915,1.165856,0.969505,0,0,0,0
1.195661,-0.692323,0.299191,0.615712,-0.752853,1.569111,-0.330771,0,0,0,0
1.271508,-0.095102,0.259685,0.431609,-0.876661,0.841844,-0.082220,0,0,0,0
0.935492,0.001930,-0.359813,0.033316,-0.438768,0.157714,-0.040787,0,1,0,0
-0.506027,0.397635,0.073619,0.401374,0.302949,-0.609658,0.524898,0,0,0,0
-0.611183,-0.328734,-0.290699,1.304068,0.500832,0.182486,-0.606895,0,0,1,0
-0.373848,0.504384,0.686743,0.428801,0.707866,-0.371676,1.516853,0,0,0,1
-0.864861,0.724984,-0.092786,0.993190,1.557432,-1.271937,0.896383,0,1,1,0
0.787844,-0.091729,-0.130302,1.200030,-0.611092,-0.913696,0.038113,0,0,0,0
0.983659,0.066540,-0.712180,1.013234,-0.388536,-0.267833,-0.159937,0,0,0,0
0.505302,0.006075,-0.877798,1.084596,0.260056,1.325259,-0.380368,0,0,0,0
0.017617,0.098719,-0.134947,1.571527,0.838615,0.665389,0.537954,0,0,0,1
-0.260690,0.589736,-0.232749,0.502844,0.799552,-0.331783,1.062374,0,0,0,0
-0.148177,0.557609,-0.278857,1.026536,1.164280,0.500429,-0.018383,0,0,1,0
-0.421949,0.540325,-0.427118,0.415423,1.205242,-1.228432,0.290511,0,0,0,0
-1.227668,1.621815,-0.688069,0.837733,1.579320,1.146561,-0.373205,0,1,0,0
0.446632,0.277094,-0.025565,1.164517,0.271319,1.157547,0.019319,0,0,0,0
-0.150026,1.583829,-0.815005,-0.753762,0.258337,0.211431,-0.160334,0,0,0,1
-0.811769,1.089609,-0.582581,-0.905369,0.989446,-0.848544,0.841032,0,0,0,0
-0.825047,1.144234,-0.679035,-1.797706,0.904862,0.734020,-0.223427,0,0,0,0
-0.457418,1.764111,-0.547753,-1.576750,0.885907,0.395788,-0.294620,0,0,0,0
-0.882842,1.537281,-0.637850,-0.662278,1.509022,-0.221532,-0.003044,1,0,0,0
-0.290733,1.118069,-0.143751,-0.278483,1.058756,0.401002,1.210856,0,0,1,0
-0.723992,1.393620,0.202463,-0.835454,0.400651,-0.713527,0.696728,1,0,0,1
0.950294,-0.508505,-0.363425,0.408590,-1.822723,-0.769182,-0.199998,0,0,0,0
0.493967,0.595376,-0.038617,-0.244546,-0.821726,-0.440666,-0.204850,0,0,0,0
-0.063011,1.029848,-0.543743,-1.356093,-0.064755,-0.226114,-0.183426,0,0,0,0
-1.053940,1.645042,-0.535390,0.214557,0.925722,-0.637077,-0.648594,1,1,0,0
1.344835,-0.190627,-0.360450,0.637918,-1.355191,-0.778963,-0.007868,0,0,0,0
0.282676,0.527658,-0.012982,-0.684766,-0.942542,0.253332,0.112904,1,1,0,0
1.246508,-0.053209,-0.227523,0.591389,-1.337210,-0.301620,-0.718593,0,0,0,0
0.485327,0.565160,-0.035317,-0.245369,-0.772179,0.992916,-0.094226,1,1,1,0
0.136955,0.308813,-0.509183,0.745231,-0.404316,0.191237,0.598751,0,0,0,0
0.628504,0.133685,-0.207353,0.289290,-1.268409,-0.043039,-0.267291,0,0,1,0
-0.020261,0.391877,0.363834,0.524805,-0.263128,-0.449179,1.650854,0,0,0,0
0.322000,-0.064082,0.952643,0.677057,-0.608429,1.276389,0.247823,0,0,0,1
0.198019,0.434277,0.966216,-0.324975,-0.280499,-0.388280,0.614877,0,0,0,0
-0.106249,0.712178,0.574165,0.679700,-0.206797,0.897507,0.240405,0,1,0,0
-0.585084,0.739956,0.476604,0.245915,0.116130,-0.823296,0.972208,0,0,0,0
-0.666877,1.012741,0.139322,0.109525,0.306170,-0.736715,0.067994,0,0,1,1
0.946076,-0.123572,-0.069910,0.490523,-1.347900,-0.992379,-0.045640,0,0,0,0
0.080043,0.355502,0.105685,0.554897,-0.453799,-0.516584,-0.248209,0,1,0,0
0.046664,0.701384,0.477465,0.265803,-0.078357,-0.049977,-0.229928,0,0,0,0
-0.163451,1.475754,-0.149480,-0.068287,0.262272,0.180888,-0.136379,1,0,0,0
-0.105789,0.968080,0.426413,0.222829,0.281808,-0.486342,0.836403,0,1,0,0
-0.276590,1.465183,-0.279047,0.575717,0.676544,-0.177413,1.193121,0,0,0,1
-0.865592,1.385257,-0.104144,0.343250,0.831281,-0.898942,0.396322,0,0,0,0
-1.143172,1.564785,-0.764383,-0.311459,1.314978,1.241380,-0.537146,0,1,0,0
-0.368471,0.644129,-0.439665,0.160580,0.706358,-0.543066,0.789520,1,0,0,0
-0.854672,1.216891,-0.186356,0.539822,0.712523,-0.962004,1.342325,0,0,0,1
-1.196541,1.212392,-0.424802,0.330554,1.131659,-0.597285,0.890381,0,0,0,0
-1.132062,2.140475,-0.508744,0.232721,1.198467,0.628253,-0.429419,0,0,1,0
-0.675936,0.396048,0.202718,0.867336,0.608703,-0.716881,1.256296,1,0,0,0
-1.294326,0.814971,-0.048375,1.125661,0.942856,-0.851990,1.674077,0,0,1,1
0.767019,-0.352604,-0.095124,0.966256,-0.802908,-0.062542,-0.529367,0,0,0,0
-0.170427,0.309259,-0.187480,0.898871,0.106174,-0.543123,-0.861985,0,0,0,0
-1.064136,1.101719,-0.492747,0.706469,1.015837,-0.535265,0.762872,0,0,0,0
-1.387188,1.878417,-1.101512,0.548631,1.512242,-0.010581,-0.611142,0,0,1,0
-0.272643,0.412881,-0.100289,0.724583,0.560032,-0.914080,0.922748,0,0,0,0
-1.053039,1.187925,-0.646511,1.574109,0.838738,0.520812,-0.205614,1,1,1,0
0.066926,-0.238233,0.222445,1.709154,-0.075926,-0.152202,1.376498,0,0,0,0
0.023813,-0.664750,-0.102013,1.419695,-0.213460,0.937555,-0.513738,0,0,0,0
-0.341973,0.121241,-0.440504,1.197072,0.556139,0.660312,-0.783812,0,0,0,0
-0.731662,0.281155,-0.330259,1.147841,0.610892,0.079930,-0.324752,0,1,1,0
-0.426623,-0.306972,0.138309,1.894574,0.198899,-0.973896,1.162780,1,0,0,0
-0.583610,-0.244896,0.300818,2.001244,0.539629,-0.996108,0.870716,0,0,1,0
-0.943916,0.352062,-0.335669,1.196241,1.170111,-0.909889,1.163113,0,1,0,0
-1.145747,0.453235,-0.395717,1.223458,1.437763,-0.915384,0.925435,0,0,0,1
-1.377293,0.182384,-0.035923,1.881220,1.030352,-0.677769,1.244073,0,0,1,0
-1.524277,0.303642,0.003544,1.948068,1.368700,-0.388661,1.219623,0,1,0,0
-1.795852,0.459461,-0.031236,1.420051,1.574004,-0.851489,1.048874,1,0,0,0
-1.909424,0.403372,0.015443,1.394975,1.577260,-1.144598,0.949011,0,1,1,1
0.923196,-0.709206,-0.844720,1.284434,-0.613409,1.176957,-0.531791,0,0,0,0
0.358736,-0.917148,-1.092720,1.439922,-0.161175,-0.101910,-0.173325,0,0,0,0
-0.187530,-0.740866,-0.487536,1.797173,0.377721,1.246737,-0.113601,0,0,0,0
-0.777594,-0.467939,-0.689782,1.768915,0.436583,-0.340418,-0.346539,0,0,0,0
-1.108512,0.114198,-0.692235,1.570296,0.713626,0.670624,0.256051,0,0,0,0
-1.279487,0.684719,-0.991615,1.160543,0.870537,-0.693692,0.033841,0,0,0,0
-1.892154,1.172343,-1.115480,0.546225,1.620572,0.965743,-0.770132,0,0,0,0
-1.410141,1.952192,-1.601521,-0.382202,1.427701,-0.472195,-0.546986,1,1,1,0
1.014393,-0.388385,-0.220005,0.587740,-1.331915,-0.564857,-0.407499,0,0,0,0
0.151136,0.420486,0.276934,-0.452374,-1.753335,0.163431,-0.402375,0,1,1,1
1.142301,-0.066900,0.351710,0.494232,-1.845041,-0.542931,-0.153329,0,0,0,0
0.796384,0.605644,0.040401,-1.393348,-1.268028,-0.120627,0.059002,1,0,1,1
1.538123,-0.076905,-0.169579,-0.423734,-1.722563,-0.235186,-0.546270,0,0,0,0
0.580045,0.040081,0.539624,0.039542,-0.682476,-0.218016,-0.136866,1,1,0,1
1.524034,-0.293631,-0.403862,-0.940515,-1.789972,0.350824,-0.016216,0,0,0,0
0.666398,0.488263,-0.235271,-1.250103,-1.469258,-0.302869,-0.502270,0,0,0,0
0.219516,0.978739,0.031567,-2.916324,-1.529414,0.630517,-0.729044,0,0,0,0
0.885923,0.927603,-0.390281,-2.020858,-1.234503,1.940895,-0.749204,1,0,1,1
1.110228,-0.411294,0.408410,0.441894,-1.478698,-0.605665,-0.219825,0,0,0,0
0.338911,-0.878070,0.842259,-0.127359,-0.390168,0.108908,-0.291066,1,1,1,0
1.382194,-0.509466,-0.488295,-0.459827,-2.308861,0.145123,-0.023248,0,0,0,0
0.587956,0.307592,-0.493843,-0.342261,-0.908754,-0.175780,-0.156629,1,1,0,1
1.333266,-0.558403,-0.222058,-0.001797,-2.047808,-0.431258,-0.738848,0,0,0,0
0.015709,-0.096052,0.077632,-0.004541,-0.311175,-0.222721,-0.776205,0,1,1,1
1.124599,-0.243707,-0.202131,-0.026665,-0.524820,-0.001513,0.768953,0,0,0,0
0.728354,-0.057769,-0.587389,0.085983,-1.074645,0.887955,-0.746772,1,1,0,0
0.444047,0.982905,-0.239613,-0.394198,-0.559479,-1.110804,1.129556,0,0,0,0
0.527985,0.564026,-0.486693,-0.881991,-0.973891,-0.138561,-0.072911,0,0,1,1
0.196338,1.184058,0.072289,-0.496142,-0.734770,0.042413,0.557908,0,0,0,0
0.239103,1.182155,-0.187943,-0.488866,-0.868168,0.383979,-0.383256,1,1,1,0
1.242101,0.132354,-0.535213,0.012645,-1.704107,-0.617266,-0.503734,0,0,0,0
0.688405,0.500094,-0.498159,-0.362943,-1.141208,0.196878,-0.472320,1,0,0,1
0.812992,0.511620,-0.686990,-0.195404,-1.314493,0.898353,0.011726,0,0,0,0
1.054191,-0.091723,-0.712422,-0.524883,-1.656545,0.525706,-1.058934,0,1,0,0
0.047715,0.264229,-0.355198,-0.588514,-1.265633,-0.379117,0.785649,0,0,0,0
0.428327,0.091120,-0.993358,-0.804105,-1.432361,0.494356,-1.684332,0,0,1,0
-0.214477,-0.181261,0.672307,0.620636,0.042688,-0.660774,0.976038,0,0,0,0
-0.571829,-0.791111,0.262536,-0.169637,-0.376425,0.071538,-2.257032,1,0,0,0
-1.193661,0.607729,0.036625,0.188445,0.144552,-0.917592,1.522470,0,0,0,0
-1.188206,0.965164,-1.066743,-1.062146,-0.718572,-0.275168,-2.253359,0,1,1,0
0.595259,-0.583929,-0.733868,0.180715,-1.174199,2.884621,-1.344883,0,0,0,0
0.965538,-0.929417,-1.120262,-0.070939,-1.990019,0.049136,-1.029941,0,0,0,1
0.175234,-0.082518,0.093906,-0.084772,-0.987951,-0.205069,1.467330,0,0,0,0
0.542798,-0.638148,-0.797418,-0.352590,-1.190397,1.055346,-1.044395,0,0,0,0
0.198503,-0.801209,-0.810539,-0.617998,-1.675984,0.577862,-0.888034,0,0,0,0
0.385102,-1.594711,0.044098,-1.966787,-1.181824,1.468623,-2.280177,1,0,0,0
-0.533041,0.722551,-0.278409,-0.924161,0.345806,-0.109872,1.564523,0,0,0,0
-0.395213,0.388419,-0.476707,-1.141880,0.188228,1.349031,-1.461177,0,1,1,1
1.168801,-1.037118,-1.006097,0.378334,-2.128347,-1.326183,-1.547129,0,0,0,0
0.679082,-2.355247,-0.093476,-0.604901,-1.593744,1.157583,-2.219942,1,0,0,0
-0.004454,-0.503734,0.899976,1.851108,-0.317795,-1.133668,1.258962,0,0,0,0
0.175751,-0.714964,-0.782154,0.886324,0.032621,0.465021,-1.420340,0,0,0,0
-0.171634,-1.037648,-0.461484,0.296084,-0.453992,0.039436,-1.335623,0,0,0,0
-0.690760,-0.862921,-0.729413,0.133058,-0.539378,0.650529,-1.382398,0,0,0,1
-1.718807,0.282103,0.448027,0.989865,0.506093,-1.100302,1.185012,0,0,0,0
0.238726,1.706766,-1.220260,-0.419238,-0.240176,3.461107,-0.586006,1,1,1,0
0.364544,0.654211,-0.117754,0.507359,-0.241529,-0.714231,0.993039,0,0,0,0
0.837084,0.216246,0.039674,0.047097,-1.071088,1.760115,0.161183,0,0,1,1
0.066482,0.985773,0.264054,-0.518050,-0.800046,0.105787,0.435471,0,0,0,0
0.904133,0.891103,-0.612044,-0.399469,-0.651964,1.314483,0.012838,1,1,0,0
-0.214398,0.869106,0.936708,0.388558,-0.507249,-0.599559,0.919328,0,0,0,0
0.511012,0.688285,-0.484388,-0.336669,-0.120553,0.992959,-0.406142,0,1,1,1
1.178630,0.031620,-0.312657,0.274979,-1.203809,-0.393754,-0.230332,0,0,0,0
0.594556,0.654591,-0.000912,0.845468,-0.398256,0.602591,-0.134414,1,0,0,1
0.734247,0.263546,-0.476970,0.663091,-0.206298,0.787191,-0.891892,0,0,0,0
1.255048,-1.997726,0.384280,-0.213316,-1.634868,1.581239,-1.832096,0,0,1,0
-0.655888,-0.328819,0.534314,1.213948,-0.518329,-0.642716,1.476668,0,0,0,0
0.317235,-0.698964,-1.154681,1.123669,-0.948708,2.166101,-1.863436,0,1,0,0
-0.452478,-0.429206,-0.080693,1.134097,0.178470,-1.138080,1.461675,0,0,0,0
-0.106530,0.190554,-0.692025,-0.442536,-1.020771,2.048080,-2.040777,0,0,1,0
-1.408351,0.390461,0.386852,0.479671,0.155103,-1.095691,1.745818,0,0,0,0
-0.326072,0.642882,-0.262648,0.009108,-0.756468,2.280796,-1.767294,1,1,0,0
0.830127,-0.006995,-0.506921,0.388639,-1.731347,2.240599,-0.746729,0,0,0,0
0.984968,-0.602719,-0.688879,-1.000801,-2.146589,2.024106,-0.425948,0,0,0,1
-0.507147,-0.109274,0.104462,0.337530,-0.465331,-1.265016,1.022299,0,0,0,0
1.013550,-0.983328,-0.461054,-0.833075,-1.809468,1.986736,-1.265440,0,0,0,0
0.591197,-2.638664,0.691364,-0.489301,-1.993690,3.294889,-0.954494,0,0,0,0
0.710384,-1.404075,-0.862070,-0.157119,-2.575521,1.875295,-0.937835,0,0,1,0
-0.647832,0.813590,-0.163658,-0.029368,0.372536,-1.276486,1.296703,1,0,0,0
-0.603631,0.842563,0.135512,-0.418246,0.588323,-1.541231,1.155401,0,1,1,1
1.329376,-0.439264,-0.331736,0.692999,-1.836534,-0.639006,-0.735661,0,0,0,0
0.659505,-0.631946,-0.608951,0.212175,-1.630805,-0.575701,-0.039236,1,0,0,0
0.060731,-0.055994,0.287800,0.021520,-0.433296,-0.017941,0.795264,0,0,0,0
0.508742,0.019612,-0.510547,-0.469032,-1.132549,0.237498,-0.255539,0,1,0,0
-0.265726,0.581149,-0.213609,-0.285897,-0.406796,-0.357406,0.729796,0,0,0,0
0.776881,-1.794424,0.765132,-0.858029,-2.141167,2.376994,-1.030379,0,0,0,1
0.348984,-1.431127,1.856602,-0.867870,-1.466085,-0.970918,1.175555,0,0,0,0
1.086696,0.173685,-0.289047,-0.101076,-1.125343,6.256463,-0.451380,1,1,1,0
0.149447,1.123586,-0.428744,-0.112082,-0.526791,-0.858410,1.123372,0,0,0,0
0.958875,0.594819,-0.422826,-0.265616,-1.551825,1.265474,0.592548,0,0,1,1
0.047139,1.061491,0.121904,-0.461586,-0.594062,-0.881284,1.110755,0,0,0,0
0.512429,0.794738,-0.116904,-0.517032,-0.350181,1.262714,-0.254271,1,1,0,0
-0.312985,1.022993,0.305677,-0.634366,-0.229041,-0.541649,1.065406,0,0,0,0
0.557286,1.242197,-0.573921,-0.710135,-0.601937,1.109231,0.131063,1,0,1,1
1.174160,-0.194513,-0.089948,0.684075,-1.417019,-1.097932,-0.781156,0,0,0,0
1.400777,-0.935990,0.879666,0.014702,-0.876750,0.832941,-0.329909,1,1,0,0
0.627507,0.304289,-0.281246,1.002859,-0.919151,0.396594,-1.126942,0,0,0,0
0.927846,-0.906337,-0.931600,0.228647,-1.700751,0.758735,-1.805042,0,0,1,0
-0.364315,-0.722285,0.357947,1.292928,-1.194813,-1.019005,1.207884,0,0,0,0
0.479355,-0.667837,0.154636,0.620769,-0.621659,2.285970,-1.681332,0,0,0,1
-0.699432,-0.532677,0.265626,1.332628,0.116346,-0.099306,1.260508,0,0,0,0
0.371013,-0.450661,0.310216,0.238705,-0.779081,1.586932,-1.846818,0,1,0,0
-0.100071,-2.662896,2.492590,-0.799026,0.305365,-0.613098,1.092496,0,0,0,0
0.524297,-2.188064,1.349139,-2.469226,-0.938632,2.361034,-2.185778,0,0,1,1
0.593903,-0.764837,-1.181435,0.966826,-0.923118,2.583158,-0.521987,0,0,0,0
1.007555,-0.939878,-1.021862,-0.033506,-1.259873,2.931259,-0.911602,1,0,0,0
0.309655,-0.260036,-0.327954,1.227866,-0.048494,-0.601299,1.091275,0,0,0,0
0.852410,-0.831363,-0.518714,0.286201,-1.130025,1.464929,-0.992186,0,0,0,0
0.266707,-1.090211,-0.755323,0.616427,-0.838444,1.699321,-0.454774,0,0,0,0
0.739519,-0.639649,-1.037733,-0.352059,-0.849006,2.002041,-0.653439,0,0,1,0
-0.208593,-0.256171,-0.398701,0.526051,-0.126108,-0.882622,0.993338,0,0,0,0
0.156057,0.611692,-1.561931,-1.626001,-0.472152,2.258352,-0.184963,1,1,0,1
1.300517,-0.865044,-1.098020,0.223125,-1.936646,-0.957501,-0.874613,0,0,0,0
0.955432,-0.896535,-1.480759,-0.273292,-2.111790,0.140215,-0.743374,0,0,1,0
-0.623477,-0.179496,0.487663,1.151840,-0.152346,-1.027338,0.810483,0,0,0,0
0.709287,-0.427632,-0.498455,-0.014794,-0.271599,1.428820,-1.153254,0,0,0,0
0.214714,-0.796264,-0.942821,-0.973173,-0.930666,0.657797,-0.996043,0,0,0,0
0.142668,0.201725,-1.333219,-1.168599,-1.466420,0.253741,-0.281727,1,0,0,0
-0.780075,0.416762,0.815793,-0.520091,0.036449,-1.062394,1.270053,0,0,0,0
0.756263,0.785972,-0.860450,-1.660939,-0.411706,4.193995,-0.720174,0,1,1,1
0.094861,1.081257,-0.140193,0.095322,-0.627364,-0.682451,0.870620,0,0,0,0
1.057095,0.348599,-1.205160,-0.948465,-1.563043,0.466872,0.050102,1,1,0,0
0.011499,1.112708,-0.249049,-0.753659,-0.984463,-1.054288,0.802985,0,0,0,0
0.523793,0.786696,-0.995486,-0.393237,-0.883877,0.385919,0.162028,0,0,1,1
-0.641401,0.889359,-0.305005,-1.275662,-1.004638,-0.195880,0.482256,0,0,0,0
-0.153974,1.244119,-0.517549,-0.697238,-0.674584,0.888321,0.161422,1,1,0,0
-0.504188,1.364319,-0.838200,-0.612615,0.025567,-1.145237,0.636912,0,0,0,0
-0.337844,1.481303,-0.893915,-0.301905,0.359107,0.386718,-0.640871,0,0,0,0
-0.142552,0.855707,0.222323,-0.331170,0.610838,0.439121,-0.382032,0,0,0,0
-0.045677,1.251770,-1.642736,-0.490543,0.843147,1.500724,-1.036964,0,0,1,1
-0.293133,0.847809,-0.566603,0.169371,1.171630,-0.411857,0.776414,0,0,0,0
0.096313,0.747791,-0.942385,0.057949,0.951330,0.630926,-0.043666,1,1,0,0
-0.550621,1.635400,-0.224519,-0.817735,0.855562,-0.005995,1.133603,0,0,0,0
0.382959,1.757807,-1.532363,-1.320295,-0.475551,1.333253,0.183309,0,0,1,1
-0.394129,1.344903,-0.581620,-0.488488,0.098249,-0.449972,0.654314,0,0,0,0
0.257292,1.326599,-1.588465,-0.959386,0.152117,0.023744,0.107704,1,1,1,0
0.635788,0.258220,-0.190168,0.280421,-0.541724,-0.674190,0.750383,0,0,0,0
0.895111,0.416155,-0.366508,-0.013574,-0.378043,0.084594,-0.094606,0,0,0,0
0.457420,-0.987515,0.057620,2.628345,-0.371358,0.542403,-0.720943,0,0,0,0
1.502451,-1.609552,-0.893249,1.128765,-1.959338,1.122460,-1.169547,0,1,1,0
0.191254,1.208269,-0.046070,0.976651,0.702792,-0.314206,1.144199,0,0,0,0
0.178929,1.536007,-0.734078,-0.055454,0.479619,1.031471,0.126606,1,0,0,1
0.356893,1.005056,-0.081095,-0.027175,0.325644,-0.525755,0.976337,0,0,0,0
-0.754624,2.253082,-1.202749,-0.533688,1.006681,-0.754072,-0.243831,1,1,1,0
1.364753,-0.386242,-0.893857,0.270246,-1.172919,-0.318425,-0.254805,0,0,0,0
0.626233,0.665458,-0.143386,-0.023785,-0.282440,0.010002,0.222410,0,1,1,1
0.165762,0.843299,-0.236997,-0.081569,-0.106499,-0.425797,0.388425,0,0,0,0
0.455186,-0.123658,-0.384390,0.545114,-0.711037,0.614954,-0.875390,0,0,0,0
1.218581,0.223403,-0.189862,0.804933,-0.463366,0.395651,-0.045101,0,0,0,0
0.965770,0.518705,-0.936557,0.200395,-0.677141,0.262238,-0.343531,0,0,0,0
0.684023,0.513043,-0.391969,-0.040992,-0.698178,0.322112,-0.194441,0,0,0,0
0.617613,1.002387,-0.114018,-0.941826,-0.569868,-0.249820,0.370240,1,1,1,0
0.308756,0.932576,-0.398685,-0.320052,-0.487455,-0.372506,0.859300,0,0,0,0
0.560068,-0.387071,-0.324038,0.505768,-0.383626,0.440798,-0.576237,0,0,1,1
0.419444,0.788926,-0.425334,0.002609,-0.208633,-0.322579,0.773102,0,0,0,0
0.307610,0.479976,-0.201763,0.948443,-0.105937,0.101584,-0.750955,1,1,0,0
-0.496917,0.722297,0.419514,0.899665,0.441978,-0.797183,0.948015,0,0,0,0
-0.372220,0.609802,-0.077130,1.172179,0.557103,1.031804,-0.442774,0,1,1,1
1.139329,-0.374650,-0.559119,1.057680,-0.912045,-1.101585,-0.559786,0,0,0,0
0.304051,0.430634,-0.156891,0.579187,-0.478800,0.462736,-0.272051,0,1,1,0
0.431256,-0.003841,-0.432885,1.137833,-0.191316,0.782116,0.173662,0,0,0,0
0.219424,-0.833638,-0.217531,1.492236,-0.171611,0.690271,-1.077236,1,0,0,0
-0.333606,-0.283377,-0.010658,0.798603,-0.453050,-0.520449,1.435369,0,0,0,0
-0.522326,-1.022735,-0.956702,0.798986,-0.491404,0.147895,-2.237527,0,0,0,1
-1.113374,-0.394141,0.370691,1.269160,0.678530,-1.200619,1.731769,0,0,0,0
-0.957581,-0.612200,-0.870221,0.015996,-0.606093,-0.063849,-2.450227,0,0,1,0
-0.009070,-2.315063,2.352784,-0.495217,-0.132315,0.889340,1.443024,0,0,0,0
0.253829,-2.004439,1.651447,-2.615006,-0.419266,0.699501,-2.273529,1,0,0,1
0.122768,-0.932992,-0.805149,1.308534,-0.067571,1.715239,-1.682388,0,0,0,0
0.323527,-1.681697,-1.404883,0.923773,-1.054639,-0.270144,-1.779986,0,1,0,0
-0.728959,-0.922510,0.158587,2.128636,0.781977,-0.783053,1.288597,0,0,0,0
0.128477,-1.041137,-0.933119,0.297122,-0.843660,0.938818,-1.785687,0,0,0,0
-0.724934,-1.050999,-0.762019,0.392715,-1.008357,0.122800,-2.195676,0,0,0,0
0.410074,-0.284202,-1.334796,-1.971432,-1.672478,2.320189,-0.682839,0,0,1,0
-0.524060,0.347379,-0.505081,0.584040,0.527302,-0.814853,1.389033,0,0,0,0
-0.059758,0.136941,-0.866136,-0.113172,0.029458,-0.206048,-0.924685,1,1,0,1
1.073753,-1.193135,-1.228152,-0.103239,-2.301065,-0.470978,-1.662273,0,0,0,0
0.225565,-1.577492,-0.934504,-0.296796,-1.916011,0.118915,-2.343212,0,0,1,0
-0.086487,-0.583369,0.150381,1.870906,-0.173723,-1.017530,0.877881,0,0,0,0
0.813534,-0.260255,-0.921567,-0.019743,-0.830912,1.328095,-0.202933,0,0,0,0
0.290450,-0.631987,-1.030257,-0.478596,-1.459675,-0.286111,0.038040,0,0,0,0
-0.311297,-0.570110,-1.157462,-1.306473,-1.596944,-0.035399,-0.229426,0,1,0,0
0.126065,-0.730937,0.376400,-0.517714,-1.435930,-0.130969,0.830905,0,0,0,0
1.390187,-0.569750,-0.386150,-0.628943,-1.770169,1.477815,-0.136700,1,0,1,1
-0.044590,0.534369,-0.229767,0.045280,-0.247113,0.061296,0.659233,0,0,0,0
0.849178,0.031716,-0.761078,0.317812,-1.029887,0.523946,-0.100372,1,1,0,0
0.235202,0.998844,-0.366049,-0.292840,-0.190165,-0.547420,0.703480,0,0,0,0
0.532365,0.893982,-0.925384,-0.310587,-0.748029,0.857533,0.335415,0,0,1,1
-0.457193,1.116887,-0.235327,-0.618893,-0.416407,-1.113205,1.006567,0,0,0,0
0.133325,1.102558,-0.809699,-0.438690,-0.228287,0.545614,-0.309484,1,1,1,0
1.324366,0.170581,-0.164302,0.500750,-1.442276,-0.573408,-0.065151,0,0,0,0
0.682799,0.753868,-0.343096,0.779342,-0.070240,0.180199,0.195754,0,1,1,0
1.048986,0.605688,-1.033243,0.577288,-0.599935,0.870842,0.184357,0,0,0,0
1.308481,-1.738327,0.361150,-0.936758,-1.525754,1.539352,-1.721583,0,0,0,1
0.089231,-1.540278,1.171014,0.671888,-0.451221,-1.383546,1.361552,0,0,0,0
0.688389,0.159024,-0.575864,-0.558290,-0.952914,1.184054,-0.686622,0,1,0,0
-0.110155,0.849026,0.052619,-1.147363,-0.918595,0.827073,1.233531,0,0,0,0
0.284975,0.717405,-1.183930,-2.197577,-1.493855,1.016016,-0.308252,1,0,0,0
-0.853860,1.181548,-0.695915,-1.800600,-0.705102,-1.477248,0.695955,0,0,0,0
-0.193988,1.463972,-1.292797,-1.984456,-0.828925,1.510324,-0.350912,0,0,1,1
0.608514,-0.242604,-1.755590,-1.657571,-1.933994,0.668454,-0.208331,0,0,0,0
0.433393,-0.624304,-2.025535,-2.028088,-2.787677,0.538107,0.470765,0,1,0,0
-0.226149,0.660600,-0.468293,-1.095808,-1.457200,-0.234612,0.731274,0,0,0,0
0.364981,0.343554,-1.528664,-1.714974,-1.804435,0.731319,-0.062276,0,0,0,0
0.016572,-0.280994,-1.750094,-1.606634,-1.738619,0.330051,-0.948086,0,0,0,0
0.124325,0.305603,-1.082509,-1.441652,-1.535465,0.965686,-1.036809,0,1,0,0
-0.146413,0.667193,-0.507914,0.442559,-0.069532,-0.495806,1.184802,0,0,1,0
-0.016274,0.546727,-0.386373,-0.319512,-0.354936,-0.798874,0.922671,1,1,0,1
1.518621,-0.667123,-0.891765,0.417752,-2.060188,-0.156366,-0.791518,0,0,0,0
1.335326,-0.650446,-0.983799,0.080979,-1.155290,-0.417812,-0.852622,0,0,1,0
0.300771,-0.030742,-0.829552,-0.110300,-0.772257,-0.404223,0.822337,0,0,0,0
0.584305,0.077806,-1.146931,-1.145614,-1.322405,0.607350,-0.833395,0,0,0,1
-0.283724,0.673482,0.180647,-0.420724,-0.777349,-1.358809,0.943241,0,0,0,0
0.118216,-1.484434,0.459441,-3.102427,-0.629166,2.344913,-2.028165,0,1,0,0
-0.593308,0.989002,-0.077018,-0.868423,-0.495180,-0.393996,1.219476,0,0,0,0
0.834546,1.185887,-1.106350,-0.769619,-1.147713,1.601269,0.256266,1,0,1,1
0.191572,1.097327,-0.330905,-0.353084,-0.922386,-0.659256,1.166600,0,0,0,0
1.007896,0.272450,-0.567819,0.002905,-1.355338,1.347209,0.356647,1,1,0,0
0.005416,0.929533,-0.309529,-0.566342,-0.829135,-1.048679,0.659722,0,0,0,0
0.556711,0.814709,-0.885919,-0.407020,-1.078822,0.607219,-0.051682,0,0,1,1
-0.403870,1.183400,-0.211619,-1.019754,-0.856318,-0.343638,0.655432,0,0,0,0
0.413979,1.192264,-0.847498,-1.210214,-0.763324,0.746419,-0.132861,1,1,1,0
1.398545,-0.005030,-0.717682,-0.463883,-1.849693,-0.781015,-0.124898,0,0,0,0
0.881139,0.810931,-0.445086,0.052570,-1.244018,0.444740,-0.044716,0,0,1,1
0.542577,0.481850,-0.404009,0.415958,-0.904308,0.113103,-0.095937,0,0,0,0
0.798415,-0.173155,-1.070621,-0.318471,-1.526170,0.601953,-0.132328,0,1,0,0
-0.214963,-0.345373,0.213060,0.041834,-0.207133,-1.449776,0.647083,0,0,0,0
1.110729,-1.259173,0.915802,0.502052,-0.809024,1.118906,-1.408434,1,0,0,0
-0.123822,0.978726,0.502821,-0.195785,-0.795165,0.462610,0.973750,0,0,0,0
0.640497,0.537595,-0.753575,-0.698626,-0.841877,1.705949,-0.568542,0,0,1,0
-1.058244,0.753449,0.475186,0.653537,0.400742,-1.182532,1.086515,0,0,0,0
-0.686274,1.146574,-0.914567,-0.790204,-0.373591,1.892574,-1.214487,1,1,0,0
0.700746,-0.511715,-1.244140,0.120793,-1.253609,0.935431,-0.917448,0,0,0,0
1.011606,-0.732798,-1.385028,-1.063986,-2.275639,1.487865,-0.304220,0,0,0,1
-0.055365,0.645402,0.093523,-1.122943,-1.627034,-0.256449,0.913761,0,0,0,0
0.396324,0.206434,-0.684531,-1.020488,-1.853071,1.645771,-0.358465,0,0,0,0
0.116140,-0.153091,-0.353684,-0.472976,-2.068568,0.630056,-0.658660,0,0,0,0
-0.108009,0.429154,-0.473591,-0.998851,-1.834804,0.710275,-0.133864,0,1,0,0
-0.603308,0.907627,0.220743,-1.124629,-0.992926,-0.759208,1.154148,0,0,0,0
-0.286346,0.937076,-1.581402,-2.743496,-1.239876,0.571470,-0.479883,1,0,1,1
1.044149,-0.984640,-0.921538,0.352125,-1.797957,-1.331173,-1.303664,0,0,0,0
0.747062,-0.739417,-0.976851,-0.183153,-2.102129,0.424032,-1.717630,0,1,0,0
-0.345797,-0.300358,0.355106,0.920194,-0.425744,-1.032599,1.162719,0,0,0,0
1.116733,-0.632940,-0.130216,-0.197416,-1.705945,3.099812,-0.718497,0,0,0,0
0.016146,-0.516041,-0.914887,-1.231763,-1.177199,-0.410580,-1.056610,0,0,0,0
0.149723,0.149670,-1.664320,-1.909847,-1.481524,1.249060,-1.087374,0,0,0,1
-0.591264,0.904327,0.308035,-0.640254,0.078225,-0.820644,1.247792,0,0,0,0
0.416022,1.173874,-1.215198,-1.537697,-0.667544,3.925351,0.009564,1,1,1,0
0.018456,1.014148,-0.383166,-0.433896,-0.699392,-0.505833,1.023715,0,0,0,0
0.529385,0.188731,-0.479896,-0.002904,-0.989407,-0.195886,0.144287,0,0,1,1
0.020396,0.864871,0.500873,0.286730,-0.662271,-0.359601,0.616846,0,0,0,0
0.481841,0.596928,-0.553609,0.139200,-0.194454,1.035216,-0.168603,1,1,0,0
-0.450565,1.024616,0.166925,-0.290240,-0.658627,-0.529439,0.908779,0,0,0,0
0.227181,1.117860,-0.422641,0.146666,-0.326391,1.874127,-0.057776,0,0,1,1
-0.267374,1.227581,0.159611,-0.360306,0.245213,-0.723115,1.342264,0,0,0,0
1.310739,1.081181,-0.215522,-1.290261,-1.630592,4.741405,-0.138088,0,0,0,0
0.020428,1.313628,-0.410596,-1.479642,-0.549572,-0.115735,-0.647858,0,0,0,0
0.254073,1.074028,-1.513510,-2.052661,-1.234370,-0.262485,-0.757469,0,1,0,1
-1.063564,1.668961,-0.222052,0.271594,1.099821,-0.736106,0.471017,0,0,0,0
-1.023457,2.103739,-1.423134,-0.611170,0.950805,0.707339,-0.882310,1,0,1,0
-0.378763,1.739886,-0.338890,-0.764284,-0.044542,-0.604450,1.084658,0,0,0,0
-0.167417,1.340802,-1.611115,-0.532713,0.230504,1.746741,-0.238382,0,1,0,1
-0.086949,1.548358,0.107289,-0.683722,-0.126709,-0.240448,0.945910,0,0,0,0
0.174030,1.339127,-0.300346,-0.742985,-0.333502,1.773396,-0.518759,1,1,1,0
0.513916,0.272186,0.232049,-0.779224,-1.946155,-0.209366,1.083641,0,0,0,0
0.607068,0.557964,-0.469338,-1.397921,-1.627070,0.890407,0.333071,0,0,0,0
0.200929,0.881448,-0.176240,-1.645830,-1.452378,0.791136,-0.347695,0,0,0,0
0.466252,0.681415,-1.500880,-1.031692,-0.845735,1.047612,-1.563782,1,1,0,0
-0.936146,0.967227,-0.543928,0.834718,1.225832,-0.927436,1.271077,0,0,0,0
0.727935,0.921276,-0.262556,-0.312523,-1.174823,3.735854,0.305091,0,0,1,1
-0.174488,1.912865,-0.198023,-1.229446,-0.792493,-0.198046,0.703076,0,0,0,0
-0.298510,2.135316,-1.803695,-0.984789,-0.025602,-0.038605,0.126119,1,1,0,1
1.558757,-0.047040,-0.563964,-0.268868,-1.989573,-0.428822,-0.598233,0,0,0,0
0.647422,0.294068,-0.283401,0.183914,-0.642304,0.212739,-0.825308,1,0,1,1
0.098643,0.175601,-0.475902,1.039529,-0.190471,-0.003965,1.319696,0,0,0,0
0.886257,-0.717308,0.129343,1.776566,-0.512947,2.014043,-0.466206,0,0,0,0
1.402527,0.411211,-0.729565,-0.500172,-2.142902,1.852200,0.309236,0,0,0,0
0.970089,0.215689,-1.120597,-0.328895,-0.704970,-0.374631,-0.210073,0,0,0,0
0.777716,0.516770,-0.343700,-0.552113,-1.413490,0.411461,-0.213687,0,0,0,0
0.432170,0.983153,-0.971133,-1.460975,-0.969551,0.138489,-0.589185,1,0,1,0
1.365975,-1.031699,1.139970,-1.347676,-0.904990,-0.969746,0.112406,0,1,0,0
1.078990,-0.353084,1.068217,-1.998678,-0.717173,0.007083,0.658861,0,0,0,1
0.262541,-0.057334,0.911715,-2.007726,0.131997,0.216972,0.264786,0,0,1,0
-0.514322,0.628537,0.058702,-1.487855,-0.372537,-0.888719,0.781548,1,0,0,1
1.247217,-0.413612,0.635966,-1.188026,-1.060021,-0.220697,0.406057,0,1,0,0
0.861313,-0.397940,1.251380,-2.334437,-0.445539,-0.884065,0.157874,0,0,1,0
0.268871,0.298709,0.709662,-2.423212,-0.138133,0.327383,0.502998,1,0,0,0
-0.743595,0.737592,0.109381,-2.202534,-0.112055,-0.741241,0.767248,0,1,0,1
1.110983,-0.835017,0.381488,-2.165774,-0.968431,-1.052365,0.531647,0,0,1,0
0.677382,-0.192965,1.250933,-2.688626,-0.169418,-0.513574,0.444670,0,1,0,0
0.321657,0.025322,0.674262,-2.105833,0.261790,0.269838,0.490049,1,0,0,0
-0.666907,0.629258,1.510539,-1.227790,0.582151,-0.587954,0.770675,0,0,1,1
0.810547,-1.178694,1.315724,-0.669706,-0.511071,-1.297980,-0.021460,1,0,0,0
0.103069,-0.803324,1.471329,-0.934816,0.411773,-0.989628,0.341184,0,1,0,0
0.124925,-0.278574,1.353404,-1.027592,0.886766,-0.567010,1.465981,0,0,0,1
-1.129366,0.024093,1.382855,-0.818698,0.775477,-0.978854,1.281971,1,0,1,0
0.859604,-1.247931,1.347793,-0.228668,0.123522,-1.246043,0.637289,0,1,0,0
0.491385,-1.039482,1.325076,-1.509944,0.569773,-0.926490,0.754376,0,0,0,1
-0.279261,-0.488915,1.581504,-0.520193,1.289779,-1.048504,1.854673,1,0,0,0
-1.496851,-0.144158,1.721949,-1.001714,1.073981,-0.948909,1.973663,0,1,1,0
0.761727,-1.223349,1.229635,-0.403950,-0.052438,-0.776372,0.555404,0,0,0,1
0.211895,-0.908451,1.533161,-0.503753,0.782294,-0.633498,0.666396,1,0,0,0
-0.273251,-0.540911,2.008341,-1.068316,0.961502,-0.804089,1.040601,0,0,1,0
-1.574202,-0.613939,1.794601,-1.025286,0.966107,-1.517904,1.010356,1,1,0,0
0.994273,-1.398675,1.300588,-0.538221,0.225149,-1.348621,0.027388,0,0,0,1
0.456396,-1.487631,1.720235,-0.210611,0.814397,-0.429982,-0.228479,0,0,1,0
-0.588668,-1.075050,1.802967,-0.374134,1.438508,-0.456547,0.265536,0,1,0,0
-2.028081,-1.092271,1.775693,0.111662,1.661771,-0.739284,0.608908,1,0,0,1
0.763083,-1.421562,1.416628,0.089930,0.135943,-1.042706,0.069173,0,0,1,0
0.002389,-1.169705,1.712257,0.081835,0.869817,-1.166347,0.716998,0,1,0,0
-0.769148,-1.145453,1.858613,-0.377976,1.407742,-0.797293,1.115767,0,0,0,1
-1.706828,-0.437651,1.543888,0.597843,1.656021,-1.267653,0.513167,1,1,0,0
0.756101,-1.565518,1.599697,0.148850,0.382397,-0.674628,0.003823,0,0,1,0
0.260574,-1.429360,1.763160,0.249086,1.136268,-1.012575,0.246557,0,0,0,1
-0.739939,-1.069623,1.980798,0.127815,1.874086,-0.607932,1.052612,1,0,0,0
-1.473992,-0.142291,1.592786,-0.008015,1.739557,-0.481986,1.499259,0,1,1,0
0.501643,-1.560585,0.871974,-0.113711,0.482449,-1.352324,0.216348,0,0,0,1
0.263042,-1.361772,1.016314,-0.181451,0.896863,-0.870216,0.253419,1,0,0,0
-1.006196,-1.082995,2.217040,-0.228875,1.349438,-1.081561,1.432462,0,1,0,0
-1.198629,-0.397447,0.851726,-0.034524,1.043974,-0.964392,1.664455,0,0,1,1
0.733771,-1.545495,0.764239,-0.546563,-0.010984,-1.151778,0.329165,1,0,0,0
0.509602,-1.201875,1.189984,-0.725683,1.068075,-0.099163,-0.068380,0,1,0,0
-0.461892,-1.035061,1.941208,-0.219560,1.388259,-0.846227,0.725939,0,0,0,1
-1.064752,-0.382413,0.433148,-0.104702,1.715696,-0.802751,0.919713,1,0,1,0
0.700560,-1.266009,1.008522,0.354532,0.132129,-1.166624,0.212384,0,1,0,0
0.293361,-1.325315,1.882753,0.467040,1.502525,-0.911841,1.201153,0,0,0,1
-0.713577,-0.564181,1.752423,0.545022,1.991278,-0.645732,1.490618,1,0,0,0
-1.090832,0.190832,1.071537,0.854401,1.507091,-1.155658,1.634878,0,1,1,0
0.815307,-1.300741,1.146645,0.067486,0.371111,-1.267196,0.416313,0,0,0,1
0.308209,-1.410748,1.762983,-0.145367,1.124734,0.048416,1.248575,1,0,0,0
-0.335272,-0.517070,1.512621,-0.754646,1.323065,-0.201196,0.963591,0,0,1,0
-0.865441,-0.558723,0.860734,0.225514,1.718151,-1.130749,0.397480,1,1,0,0
0.644469,-1.457667,1.361370,0.289381,0.263612,-1.335593,-0.386179,0,0,0,1
0.378883,-1.050148,1.055000,-0.198262,1.042502,-0.075693,0.368477,0,0,1,0
0.075597,-0.688112,1.391315,-0.406310,1.522977,-0.061861,-0.022098,0,1,0,0
-0.532036,0.038931,0.726240,-0.229535,1.594311,-0.666768,1.037733,0,0,1,1
0.682999,-1.090022,1.372704,0.196068,0.127112,-0.843469,0.687068,1,0,0,0
0.521164,-1.069178,1.667130,-0.499202,1.218518,-0.149419,0.661625,0,1,0,0
0.123097,-0.616256,1.214698,-0.838472,1.351448,-0.627673,1.540848,0,0,1,0
-0.710654,-0.030410,0.513634,0.124723,1.674626,-0.458174,0.637350,1,0,0,1
0.541017,-1.613600,1.162111,0.368011,0.406520,-1.403788,-0.377205,0,1,0,0
0.192418,-1.336847,2.137318,-0.020403,0.900474,-0.805293,0.845168,0,0,1,0
-0.648176,-0.511806,1.232960,-0.015127,1.743568,-0.502804,1.322227,1,0,0,0
-0.760431,0.218765,0.679877,0.163453,1.461835,-0.872998,1.762819,0,0,1,1
0.511740,-1.291304,1.119541,-0.190371,0.162979,-1.083529,0.449379,0,1,0,0
0.316101,-1.248521,1.781493,-0.212225,0.965853,0.288836,0.612812,1,0,0,0
-0.022238,-0.759434,1.154241,-0.307833,1.463335,-0.672400,-0.392448,0,0,1,0
-1.289156,-0.322582,1.445158,-0.231713,1.539255,-0.221401,0.203592,1,0,0,1
0.733004,-1.311877,0.961040,-0.385673,-0.390727,-1.560338,0.191545,0,1,0,0
0.372783,-1.217398,1.850788,-0.537318,0.542787,-0.452261,1.203896,0,0,1,0
-0.451870,-0.519285,1.295394,-0.123069,1.263841,-0.645905,1.332052,1,0,0,0
-1.516910,-0.692470,1.437269,-0.094567,1.484550,-0.929527,0.444677,0,0,1,1
0.967420,-1.127406,0.885371,-0.327058,-0.061026,-1.409307,0.057591,1,0,0,0
0.156394,-1.267894,1.465421,0.265254,0.843939,-0.933454,-0.033736,0,1,0,0
-0.321449,-0.910409,1.784823,-0.279581,1.575607,-0.995279,0.619815,0,0,1,0
-1.536816,-0.418621,1.719052,0.677536,1.682919,-1.133257,0.859564,1,0,0,1
0.828100,-1.653841,1.324939,-0.319292,0.269693,-1.129332,0.144640,0,1,0,0
0.195004,-1.327375,2.029071,0.011144,0.849272,0.275313,1.138949,0,0,0,1
-0.482735,-1.073985,1.293810,-0.436285,1.575128,-0.735135,1.316118,0,0,1,0
-1.234763,-0.556312,1.879362,0.420702,1.508963,-1.312459,1.293364,1,1,0,0
0.840682,-1.215736,1.201973,-0.013974,-0.393862,-1.001961,0.224853,0,0,1,0
0.232097,-1.066922,1.370502,-0.463922,1.232401,-0.000697,0.243078,0,0,0,1
-0.415274,-1.027438,1.981561,0.166326,1.739105,-1.028577,0.744795,1,0,0,0
-1.552305,-0.773351,1.699245,0.206989,1.547290,-1.126196,1.051914,0,1,1,0
0.700822,-1.027109,1.039510,-0.358813,0.020153,-1.367280,-0.315121,0,0,0,1
0.224019,-1.313309,1.948706,0.359846,1.015627,-0.264230,-0.231184,1,0,0,0
-1.039436,-0.794013,1.896748,-0.121428,1.500874,-1.678773,-0.245854,0,1,0,0
-1.425646,-0.772565,1.328245,0.334778,1.743950,-0.897433,0.363646,0,0,1,1
0.860089,-1.368488,1.068340,-0.352161,-0.196906,-1.141152,0.174587,0,1,0,0
0.014171,-1.354678,1.719321,0.487232,1.255785,-0.671267,0.817210,1,0,0,0
-0.405804,-0.871849,1.995008,-0.086507,1.760530,-0.093173,0.807461,0,0,0,1
-1.252106,-0.611132,1.234907,0.034678,1.672701,-0.348440,0.269945,0,1,1,0
0.835719,-1.630439,1.222667,-0.598637,0.084902,-1.255533,0.078937,1,0,0,0
0.063029,-1.637760,1.395900,-0.682145,0.756318,0.096092,0.277923,0,0,1,0
-0.547567,-0.962988,2.136340,-0.170906,1.682930,-0.212903,-0.564746,0,0,0,1
-1.333214,-0.967472,1.318043,0.646560,1.550443,-1.286172,0.063906,1,1,0,0
0.723486,-1.351180,1.073439,0.093981,-0.025436,-1.482412,-0.637455,0,0,0,1
0.309833,-1.068605,1.274994,-0.033624,1.005576,-1.073993,0.665210,0,0,1,0
-1.041233,-1.124457,1.979662,-0.203488,1.717300,-0.981502,0.635488,1,0,0,0
-1.526792,-0.492714,1.004409,0.318661,1.517889,-1.122967,1.486847,0,1,0,1
0.701446,-1.801704,0.702654,-0.055841,0.096425,-1.617223,-0.693428,0,0,1,0
0.030948,-1.386150,1.565250,0.206036,0.931911,-0.278584,0.424251,0,0,0,1
-0.738871,-0.891591,2.126157,-0.530508,1.608078,-0.798385,0.270187,1,0,0,0
-1.320331,-0.679827,0.439030,-0.057679,1.780747,-1.169950,1.521208,0,1,1,0
0.537856,-1.693554,0.585244,-0.061796,-0.112119,-1.178308,0.385675,0,0,0,1
0.232348,-1.519523,1.411887,-0.416646,0.838612,-0.148723,0.900469,1,0,0,0
-0.766905,-0.675232,1.746252,-0.176650,1.461369,-1.391195,1.529702,0,1,0,0
-1.999978,-0.617819,1.919341,0.052386,1.501591,-0.999920,1.606621,1,0,1,0
0.505871,-1.507638,1.249680,-0.340509,0.182029,-1.282680,0.236382,0,0,0,1
0.016134,-1.230455,1.204045,-0.452183,1.084332,-0.328090,0.896859,0,1,0,0
-0.611256,-0.919626,1.860566,-0.347862,1.495186,-0.790345,1.618698,1,0,0,0
-1.314181,-0.278640,1.381047,0.578022,1.864406,-1.057059,1.527371,0,0,0,1
-0.983704,0.547086,-0.505141,0.393589,1.402394,-0.156774,1.313310,0,0,1,0
-1.490484,0.562112,0.009837,0.561904,1.243941,-0.950294,1.219132,0,1,0,0
-1.186520,0.973074,-0.194181,0.444687,1.235887,0.350839,-0.243337,1,0,0,0
-0.865067,1.078739,-0.762800,0.720639,1.282073,-0.211531,-0.500592,0,0,0,1
-1.719085,1.060578,0.058573,0.599487,1.223532,-1.262471,1.794929,0,0,0,0
-2.183858,1.207792,-0.560108,0.571107,1.847817,2.674075,0.948918,1,1,1,0
-0.395313,-0.933212,0.237980,1.565951,-0.323629,-1.024410,1.504689,0,0,0,0
-0.097681,-0.898200,0.669924,1.654665,0.172227,1.225550,-0.436137,0,0,0,0
-0.332413,0.158474,-0.297050,1.124010,0.338132,0.105053,-0.849050,0,0,0,0
-0.451914,0.440466,-0.555672,1.031904,0.679328,0.318060,-0.871879,0,0,1,1
0.173559,-0.710905,0.541070,1.819345,-0.377115,-0.825855,0.306267,1,0,0,0
1.228636,-2.190935,1.528421,-0.647722,0.603119,2.408996,-0.652082,0,0,0,0
0.856282,-1.907337,2.007594,-0.237874,0.923555,1.001733,-0.718848,0,0,0,0
0.795744,-1.326612,1.554218,-0.437641,0.852290,0.393640,-0.860994,1,1,1,0
0.589479,-0.638572,0.303817,0.898135,-0.117460,0.269659,1.202106,0,0,0,0
0.382021,-0.480104,0.192518,0.613380,-0.013169,0.029889,-0.980896,0,0,0,1
0.278352,-1.315906,-0.140016,2.271925,-0.324849,1.607365,-0.668109,0,0,0,0
0.394817,-1.141660,0.062424,2.115706,-0.360684,-0.040508,-0.439451,0,1,0,0
0.271499,0.535430,-0.896198,1.262820,0.573268,0.339707,0.016675,0,0,0,0
-1.705415,0.456124,0.220135,1.535746,1.551500,-0.411940,0.245647,0,0,1,1
-0.746166,1.300949,-1.047369,-1.141705,-0.219727,0.413190,0.829760,0,0,0,0
-0.342517,1.396027,-0.563800,-1.324457,0.336697,-0.102406,-0.042218,1,0,1,0
-0.714671,1.575869,-0.062994,0.090135,0.570463,-0.773124,0.863865,0,0,0,0
-1.160566,0.202691,0.828118,0.438322,0.627971,0.420716,0.142060,1,1,0,1
1.358157,0.018094,-0.319744,0.770082,-1.402005,-0.942196,0.367572,0,0,0,0
0.566969,0.184755,-0.318093,0.312188,-0.875718,0.570652,0.307381,0,0,0,0
0.425519,0.035201,0.227010,0.381589,-0.050962,-0.277047,-0.060702,0,0,0,0
-0.028681,-1.391813,1.921403,0.337266,-0.183203,-0.487450,-0.344052,1,0,1,0
0.183630,1.092111,0.348069,0.531596,0.210756,0.171569,1.251894,0,0,0,0
-0.664811,1.999565,-0.602361,-1.053068,1.121460,-0.253866,-0.151706,1,1,0,0
-0.488293,1.329822,-0.134590,-0.319284,0.827634,-0.638616,0.254378,0,0,0,0
-1.292956,0.531695,-0.008197,-0.335256,1.573555,-0.497072,0.518208,0,1,1,1
1.204875,0.317586,-0.863880,0.333258,-1.564179,3.301975,0.338461,0,0,0,0
0.716128,-0.124550,0.061008,0.471119,-1.281152,0.211744,0.315901,1,0,0,1
-0.567205,1.404601,-0.046275,-0.365757,0.079636,-0.946066,0.501802,0,0,0,0
-0.795835,1.673445,-0.375061,-0.461410,0.844289,0.306425,-0.744004,0,0,0,0
0.084131,1.638679,-0.881135,-0.282131,0.825169,0.689629,-0.047371,0,0,0,0
0.039564,1.197943,-0.634977,-0.435905,0.794050,0.504175,-0.252114,0,0,0,1
-0.316964,0.873376,-0.742576,0.492704,1.035028,-0.573847,0.321008,0,1,0,0
-1.473469,1.229814,0.582117,0.278043,1.034786,-0.892414,0.854762,1,0,1,0
1.075651,-0.495183,-0.453700,1.298186,-0.820566,-0.367136,0.289896,0,0,0,0
0.842074,-0.511981,-0.080568,1.514891,-0.015076,0.626514,0.096506,0,1,1,1
1.050563,-0.129576,-0.278987,1.248335,-0.854024,-0.963746,0.091147,0,0,0,0
0.236799,0.151172,0.015480,0.848713,0.229714,0.128853,0.007106,1,1,0,1
1.326416,0.063896,-0.104533,0.746229,-1.319546,-0.721098,-0.397667,0,0,0,0
0.047808,0.529388,0.773998,0.807431,0.268922,-0.052464,0.321794,1,1,1,0
0.102671,0.084592,0.255328,1.037167,-0.185765,-0.536170,1.182644,0,0,0,0
0.738601,-0.479875,-0.131221,1.675891,-0.148273,0.446921,0.090372,0,0,0,0
0.692694,-0.133249,0.013846,1.657676,0.102945,-0.128474,0.831170,0,0,0,0
0.475575,0.386786,-0.133327,1.689022,0.606579,1.465914,0.177047,0,1,0,1
-0.207567,0.367405,0.341810,0.969330,0.641871,-0.124636,0.713417,0,0,0,0
-0.503683,0.609653,0.223052,0.969059,0.156187,-0.502542,0.289492,0,1,1,0
-0.313774,1.166431,-0.379188,0.360325,0.049505,0.023824,0.781845,0,0,0,0
-0.459980,1.148043,-1.245425,0.604381,0.576535,0.754289,0.174683,1,0,1,0
-0.551730,1.265935,-0.791761,0.329333,0.573679,-0.801829,0.956817,0,0,0,0
-1.313794,1.274877,0.285474,0.005704,0.601728,0.183266,0.426834,1,1,0,1
1.000095,-0.202385,-0.415534,0.491471,-1.148295,-1.180328,-0.655335,0,0,0,0
0.560334,-0.059399,-0.686330,0.494440,-0.780115,-0.048510,-0.444857,0,0,0,0
0.404714,0.670576,-0.529769,1.122412,-0.202023,0.019236,0.184041,0,0,0,0
-0.012295,-1.947808,2.221509,0.339245,0.720442,0.355528,0.154114,0,0,1,1
-0.325985,0.941701,-0.905620,0.717847,0.750541,-0.941727,1.138487,0,0,0,0
-0.464891,0.785398,-1.522606,0.199636,0.112505,0.606810,0.208987,0,1,0,1
-0.805754,1.077623,-0.221177,0.405316,0.717762,-0.182224,0.327079,0,0,0,0
-1.389391,0.412016,0.402495,1.631971,0.527974,0.781291,0.367621,1,1,0,0
-0.265808,1.195932,-0.771449,-0.195932,-0.073457,0.486165,1.065018,0,0,0,0
-0.135036,1.122759,-1.145599,0.295623,0.154914,0.406921,0.425701,1,0,1,1
1.245896,-0.207837,-0.376253,0.403031,-1.520428,-0.917321,-0.287169,0,0,0,0
-0.024964,0.166395,-0.400776,0.125910,-0.728654,-0.523107,0.274550,0,1,1,0
-0.449602,0.929867,-0.904796,-0.181772,0.539890,-0.753182,0.505308,0,0,0,0
-0.047727,0.607348,-1.068687,0.254099,0.116557,0.490882,0.299132,0,1,0,1
-0.164908,1.456159,-0.610359,0.448489,0.708172,-0.401525,0.848481,0,0,0,0
-1.684840,1.248160,-0.630540,0.749588,1.057433,-0.270853,0.241914,1,0,1,1
1.119729,-0.374410,0.016207,0.804003,-1.469938,-0.166845,-0.793932,0,0,0,0
0.212959,0.536638,0.023675,0.187319,-0.821663,-0.867226,0.812971,0,1,0,0
-0.259800,0.750726,-0.367516,0.286987,0.150776,-0.357057,0.632931,0,0,0,1
-0.849716,1.052995,-0.524570,-0.344380,0.204130,-0.352038,0.634125,1,0,1,0
-0.651711,1.174847,-0.801084,0.091732,1.101021,0.235556,0.731309,0,0,0,0
-0.542790,1.357725,-0.908867,-0.314444,0.512311,-0.027982,-0.009003,1,1,0,1
-0.098101,0.206160,-0.604489,0.356390,-0.221613,-1.021525,1.707357,0,0,0,0
0.911740,-0.396326,-0.164009,0.892630,-0.566178,0.935698,-0.051501,0,0,0,0
0.756015,-0.084236,-0.301573,0.882648,-0.752005,0.390270,-0.275061,0,0,0,0
0.181637,0.204193,-0.777585,0.103417,-0.013948,-0.063627,0.099852,0,1,0,0
0.506333,0.403970,-0.715292,-0.110607,-0.646638,0.896066,-0.343212,0,0,0,0
-0.333722,0.551288,-0.610288,-0.245040,-0.021842,-0.727654,0.168867,1,0,1,0
-0.303726,1.642779,-1.038447,-1.632127,-1.450431,0.472684,0.788927,0,0,0,0
-0.548665,1.486221,-1.140674,-1.848416,-0.237547,-0.249726,0.044860,1,0,0,1
-0.335130,1.850976,-0.896272,-1.000108,0.125383,-0.641034,0.281760,0,0,0,0
-1.586262,1.380621,-0.667003,-1.129242,0.156439,-0.371395,-1.052899,0,1,1,1
1.468820,-0.137300,-0.490476,0.671565,-1.135461,-0.788611,0.132664,0,0,0,0
0.928712,0.025003,-0.603898,0.592201,-0.742350,0.236031,0.295934,0,0,0,0
0.464138,0.829084,-1.119920,0.270201,0.178781,-0.404788,-0.194518,0,0,0,0
-1.082385,1.494875,-0.488898,-0.747530,0.678260,-0.000591,0.175791,1,1,0,0
0.047650,0.831296,-0.440330,-0.445433,0.694254,-0.009750,0.532522,0,0,0,0
-0.153730,1.202262,-0.736067,-0.278340,1.334719,0.466084,0.393397,0,1,1,0
-0.244453,1.034331,-0.589810,-0.141586,0.947411,-0.142421,0.717329,0,0,0,0
-0.152516,-0.408750,1.270757,-1.042824,0.600331,-0.340129,-0.207174,1,0,1,1
1.104594,-0.325403,-0.933252,0.935981,-0.713689,0.993031,-0.286429,0,0,0,0
1.248302,0.207398,-0.596084,0.453111,-0.584144,0.325739,-0.010448,0,1,0,1
-0.090284,1.252510,-0.174134,-0.234909,0.323330,-1.044298,0.601117,0,0,0,0
-0.954378,1.339129,0.137307,-0.344088,0.800744,-0.375770,-0.201823,0,0,0,0
0.438952,1.125992,-0.316223,-0.389453,0.416007,3.548904,-0.502331,0,0,0,0
-0.007173,0.932839,-0.109788,-0.637673,1.055891,0.402536,0.351156,1,0,0,0
0.226529,1.265287,-0.259882,-0.017911,0.828274,-0.643485,0.740831,0,0,1,0
0.310011,-1.489229,1.129886,1.950565,-0.325548,0.635773,0.539086,1,1,0,1
1.284429,-0.602264,-0.204982,1.357557,-0.943989,-1.123265,-0.406757,0,0,0,0
0.930904,-0.256629,-0.084019,1.538884,-0.337010,0.235122,-0.112652,0,0,1,1
0.146204,-0.220775,0.525265,1.990670,0.262243,-1.280775,0.823871,0,0,0,0
0.913685,-0.657394,0.430229,0.277775,-0.186847,1.957850,-0.040551,1,0,0,0
0.050964,0.560649,0.205932,0.998282,0.112860,0.951343,0.695094,0,0,0,0
-0.054531,-2.300128,2.837874,0.148549,-0.043354,1.339175,-0.430574,1,1,0,1
0.858222,-0.626279,0.448384,0.908615,-0.366235,0.341739,0.843205,0,0,0,0
0.250813,-0.523861,0.018821,1.776019,0.233314,1.046031,-0.118688,0,0,0,0
0.496512,-0.279827,0.075121,2.300253,0.263492,0.076794,0.663402,0,0,0,0
-0.025475,-0.440675,-0.258022,1.942988,0.194154,0.371985,-0.048321,0,1,1,0
-0.004184,0.352565,0.357925,2.001728,0.325709,0.241385,0.567491,0,0,0,0
-0.246259,-0.410141,0.354285,1.533273,0.520394,-0.461270,-0.432933,0,1,0,1
-0.247097,0.629741,-0.420230,0.597946,0.784467,-0.530115,0.373545,0,0,0,0
0.070655,0.674051,-0.413261,0.550584,0.371570,-0.241905,-0.484562,0,0,1,1
-0.811142,1.062455,-0.462684,1.233923,1.106411,-0.865698,0.541406,0,0,0,0
-0.799504,1.016223,0.289062,0.723513,0.970203,0.045809,-0.261937,1,1,1,0
0.872111,-0.290458,-0.412609,0.524107,-1.174010,-0.535886,-0.068951,0,0,0,0
0.556985,0.061848,-0.161553,1.475444,0.053831,1.859619,-0.269534,1,0,0,1
0.057373,0.620094,-0.251170,0.424748,0.577209,-1.056527,1.206294,0,0,0,0
-1.277833,0.630428,0.750406,0.122800,1.361203,-0.011877,0.664494,0,1,0,1
-0.245186,0.297310,0.458258,0.648044,1.401842,-0.040422,0.422403,0,0,0,0
-0.985116,1.168642,-0.209250,0.339834,1.684896,-0.243022,0.618563,1,1,1,0
-0.024225,0.567091,0.081509,1.096965,0.615621,-0.090407,1.008924,0,0,0,0
0.644486,-0.210740,-0.473641,0.313723,-0.628157,0.682580,-0.234655,0,0,0,0
0.673420,-0.085785,-0.257909,0.701935,-0.440622,-0.255953,-0.280998,0,0,0,0
0.584941,-0.070324,-0.438318,0.970287,-0.510798,0.618642,-0.034004,0,0,1,1
0.006115,0.549333,-0.043831,0.391118,0.494286,-0.730579,0.368023,0,0,0,0
-0.859638,0.246447,0.205576,0.732335,0.234459,1.478950,0.409104,0,1,0,1
-0.379767,0.550894,-0.229541,1.249198,0.517625,-0.266217,1.069194,0,0,0,0
0.204525,0.143283,0.422133,0.793217,0.638833,0.039385,0.056394,0,0,1,0
-0.059611,-0.939553,1.821784,0.815290,0.300016,-0.253225,0.819315,0,1,0,0
-0.677550,-1.618666,2.295604,0.912914,-0.353345,-0.843919,0.789812,1,0,1,1
0.996485,-0.779011,0.147364,1.600329,-1.175598,-1.242188,-0.963331,0,0,0,0
0.678162,-0.532869,-0.089984,1.427865,-0.241956,1.151474,-0.456906,0,1,0,0
-0.783354,0.224150,0.878422,1.032608,0.907791,-0.166001,0.326805,1,0,0,0
-0.566789,0.100338,0.587994,1.300060,1.160866,-0.310293,0.628559,0,1,1,1
1.193619,-0.823394,-0.193448,1.190883,-1.361891,-0.886502,-0.505406,0,0,0,0
0.549912,-0.305413,-0.040746,1.022952,-0.860018,-0.167082,-0.493509,1,0,1,0
-0.943056,0.015236,0.946203,1.438197,0.510084,-0.598868,1.594778,0,0,0,0
-0.039532,-0.053366,0.581699,1.223115,0.846325,2.348524,0.107466,0,0,0,0
-0.064376,0.400183,0.120014,1.158558,1.375681,0.295747,-0.116521,0,0,0,0
-0.028372,0.220562,0.249989,0.862412,1.403140,0.872319,0.126699,0,0,0,0
-0.483741,0.142960,0.057691,0.896708,1.943013,-0.171666,-0.278712,0,0,0,0
-0.521894,0.207224,0.924319,0.757379,1.515086,-0.126716,0.312545,0,0,0,0
-0.775161,0.384125,0.730812,1.164631,2.042491,0.457020,0.083541,0,0,0,0
-0.847772,-0.267634,0.774856,0.521024,1.598499,0.138485,-0.309056,0,0,0,0
-0.826925,-0.190855,0.716901,0.596949,1.254517,0.038073,-0.515821,0,0,0,0
-0.024468,0.760520,-0.047030,-0.115511,1.447959,1.340630,0.036657,0,1,1,1
1.136794,-0.613872,-0.355096,1.342230,-1.035576,-0.885170,-0.624517,0,0,0,0
0.593289,-0.169614,0.309879,1.304356,-0.361811,0.265744,-0.080995,1,0,1,1
1.104424,-0.469608,-0.074978,1.057027,-1.083232,-1.089156,-0.373487,0,0,0,0
0.657753,-0.005440,0.036576,1.117296,-0.332665,-0.279306,0.192523,1,1,0,1
1.164529,-0.406132,0.143757,1.640320,-1.085048,-1.229984,0.198477,0,0,0,0
0.324704,0.036248,0.516374,1.048827,-0.429987,-0.253593,0.376195,1,1,1,0
1.065049,-0.410563,0.178202,1.081036,-1.266421,-1.117885,-0.321961,0,0,0,0
0.455399,-0.570577,0.887092,0.927659,-0.194075,-0.047799,-0.959705,0,0,0,0
-0.764952,-0.771590,2.729880,-0.321237,0.420606,-0.791063,-1.091059,0,0,0,0
-0.198240,1.349380,-1.339953,-1.547754,0.346716,4.855829,-1.509467,0,1,1,1
0.735370,-0.616969,-0.104186,1.318175,-1.139597,-0.975291,-0.450493,0,0,0,0
-0.233959,-0.480319,0.185556,1.185479,-0.601151,-0.029178,-0.632520,0,0,0,0
-1.018496,0.955733,0.261077,0.254048,0.520611,0.687111,-0.611956,0,0,0,0
-1.822449,1.536399,-0.280249,-0.527085,0.906539,-1.306333,-2.357971,1,0,0,0
-1.953237,0.745061,0.353068,1.055273,1.678797,-1.056499,1.364058,0,1,0,0
-1.136030,1.075969,-0.474087,0.167830,1.041883,0.204966,1.079762,1,0,1,1
0.931446,-0.878614,0.105573,1.496577,-1.475182,-0.682895,-1.055169,0,0,0,0
0.131525,-0.852282,0.481608,1.312842,-0.633506,-0.226169,-1.025055,0,1,1,1
0.882974,-0.565391,-0.045053,1.168162,-1.314363,-0.655268,-0.598334,0,0,0,0
-0.296879,-0.095244,0.504148,1.085709,-0.375456,0.422342,-0.994771,1,0,1,0
-1.565739,0.488519,0.123891,0.497760,0.642650,-1.270415,3.180164,0,0,0,0
-1.797240,1.008135,-0.311387,0.676271,1.117603,3.351699,1.349849,1,1,0,0
-1.666116,1.170905,-0.305270,0.558130,1.024371,-1.184346,0.460576,0,0,0,0
-2.417860,1.631848,-0.426988,0.692537,1.771002,0.630666,0.059641,0,1,1,1
-0.319754,0.427973,-0.306759,0.227471,-0.263945,-0.409177,1.605009,0,0,0,0
0.134214,-0.887127,-0.330481,1.029370,-0.655488,1.110572,-0.488410,1,1,0,0
-0.197825,0.274674,0.025357,1.099049,0.230716,-0.726488,1.332742,0,0,0,0
0.119527,0.146542,-0.628616,1.139026,0.116638,1.179011,0.027780,0,0,1,1
-0.458785,0.520431,-0.081322,0.875015,0.165507,-0.520547,0.864331,0,0,0,0
-0.729029,0.200738,-0.159157,1.505142,0.530879,0.801454,-0.867563,1,1,1,0
0.983047,-0.563943,-0.514738,1.154421,-1.182104,-0.887980,-0.513873,0,0,0,0
0.415603,0.141298,-0.061010,0.659738,-0.833612,-0.094214,-0.754534,1,0,0,1
0.404787,0.084844,-0.521299,1.127453,-0.543318,0.143570,0.071159,0,0,0,0
0.253968,-1.010973,-0.013194,1.755214,-0.349092,1.212603,-1.463516,0,1,0,0
-0.823819,-0.632055,0.245844,1.261701,-0.109450,-0.667268,0.924254,0,0,0,0
-0.736731,-1.325785,-0.114057,0.495796,-0.080551,0.231998,-2.129493,0,0,1,0
-0.909387,-0.453007,0.290082,2.031496,0.594716,-0.976033,1.330763,0,0,0,0
-0.911511,-0.188362,-0.039523,0.870438,-0.118453,-0.087379,-2.160653,1,0,0,0
-1.637176,0.188261,0.506910,1.432885,0.765188,-1.140292,1.235959,0,0,0,0
-1.284949,0.948762,-0.621705,-0.364936,0.011172,0.913242,-2.217664,0,1,1,0
0.711917,-0.408825,-0.807418,0.748193,-1.004814,1.680565,-1.608722,0,0,0,0
0.866693,-1.108879,-0.937106,0.107265,-0.998162,0.117163,-1.189712,0,0,0,1
-0.141497,-0.374523,0.225922,1.589152,0.278744,-0.710162,1.215796,0,0,0,0
0.354683,-0.571552,-0.480480,0.485652,-1.175858,0.167749,-1.367426,0,0,0,0
-0.243974,-1.118269,-0.348532,-0.168432,-0.600747,0.663165,-1.660416,0,0,0,0
0.417163,-2.104542,0.588229,-1.581710,-0.508707,1.374875,-2.598319,1,0,0,0
-0.725994,0.300069,0.416280,-0.320646,0.404565,-0.474363,1.314564,0,0,0,0
-0.521663,0.107720,-0.306103,-1.356278,0.255690,0.872870,-1.694582,0,1,1,1
1.274356,-0.712311,-0.732373,0.374792,-1.713912,-0.855394,-1.085061,0,0,0,0
0.770116,-1.023768,-0.614005,-0.197445,-1.958988,0.552682,-1.390804,1,0,0,0
-0.081133,0.407572,0.628642,0.175719,-1.139199,-0.886607,1.413722,0,0,0,0
0.244204,-0.270212,-0.986745,-0.476387,-1.508540,0.482957,-1.549629,0,0,0,0
0.217946,-0.328113,-0.978973,-0.746960,-1.703916,-0.025811,-0.783163,0,0,0,0
-0.260986,-0.042096,-0.809706,-0.856240,-0.947219,-0.257228,-1.651994,0,0,0,1
-1.475862,0.377127,0.377938,0.793678,0.825780,-1.531707,1.774759,0,0,0,0
-0.283916,1.403552,-1.039393,0.512836,0.440247,0.892231,-1.042715,1,1,1,0
-0.080732,0.787288,0.243310,0.704771,0.002984,-0.168832,0.882842,0,0,0,0
0.540718,0.160538,0.122900,0.263641,-0.785074,0.761284,0.134239,0,0,1,1
-0.046024,0.310442,0.498566,0.547853,-0.240599,-0.811005,0.778332,0,0,0,0
0.797463,0.489026,-0.733979,-0.007916,-0.429962,0.636498,-0.221276,1,1,0,0
-0.263328,0.596450,0.280268,0.519858,-0.008437,-0.609570,0.829330,0,0,0,0
0.500778,0.829844,-0.634221,0.134470,0.043866,1.572411,-0.575436,0,1,1,1
1.074255,-0.291331,-0.168451,0.895321,-1.365782,-0.705099,-0.617318,0,0,0,0
0.587553,0.464591,-0.300929,0.410447,-0.617626,0.428822,-0.323620,1,0,0,1
0.421125,-0.310330,-0.445923,1.113720,-0.284960,0.278192,-1.491689,0,0,0,0
0.752832,-0.913272,-0.560135,0.831560,-1.185648,1.747389,-2.007227,0,0,1,0
-0.632535,-0.881632,-0.069695,1.254636,-0.441467,-0.635192,1.096962,0,0,0,0
-0.213405,-0.540542,-0.824841,0.360777,-0.827276,1.244704,-2.284043,0,1,0,0
-0.401599,-0.446677,0.133928,1.071628,0.096735,-1.213623,1.628444,0,0,0,0
0.024320,-0.240969,0.100531,-0.407487,-0.935628,3.036107,-1.899374,0,0,1,0
-1.213499,0.227566,0.542320,0.652464,0.724801,-1.040460,1.744511,0,0,0,0
-1.125241,1.119210,-0.416729,-0.658629,-0.279138,1.354206,-1.698742,1,1,0,0
0.310306,-0.752073,-0.584859,0.379163,-1.041386,3.241632,-1.159149,0,0,0,0
1.045902,-0.762866,-0.999482,-0.423212,-1.809327,1.040974,-1.013570,0,0,0,1
0.285539,-0.176925,0.361137,1.008832,-0.032619,-0.477548,1.318910,0,0,0,0
0.689716,-0.299895,-0.676370,0.088332,-0.959974,1.265405,-1.263415,0,0,0,0
-0.190348,-1.011904,-0.651390,-0.116210,-0.652815,-0.365248,-1.732355,0,0,0,0
-0.007253,-2.379958,0.547661,-1.516752,-0.342253,2.122178,-2.787687,0,0,1,0
-0.765928,0.575913,0.741059,0.396870,0.110174,0.296715,1.560541,1,0,0,0
-0.531815,0.478207,-0.154741,-1.006860,0.451887,-1.182980,1.652564,0,1,1,1
1.382315,-0.751204,-0.756569,0.510520,-1.522265,-0.898391,-1.110677,0,0,0,0
0.983093,-0.738685,-0.647278,0.297062,-1.642580,-0.214431,-1.385841,1,0,0,0
-0.061888,0.445799,0.615043,-0.483916,-0.785261,-0.467442,1.004795,0,0,0,0
0.319693,0.080492,-0.642844,-0.773294,-1.553999,1.424268,-1.150929,0,1,0,0
-0.318844,0.437962,-0.112829,-0.661762,-0.818759,-0.893605,1.073818,0,0,0,0
-0.141387,0.147483,-1.105987,-1.237027,-1.015272,1.505825,-1.200596,0,0,0,1
-1.098129,0.669630,0.289020,-0.478975,0.170041,-0.394128,1.152933,0,0,0,0
-0.044940,1.295626,-0.817201,-0.264097,-0.069996,1.245201,-0.879266,1,1,1,0
-0.083212,0.500672,-0.630466,0.175992,0.090278,-0.406913,0.885901,0,0,0,0
0.839162,0.257840,-0.485131,0.178156,-1.012995,0.884855,0.225811,0,0,1,1
-0.009868,0.624224,-0.011716,0.216390,-0.482350,-0.487961,1.211074,0,0,0,0
0.569543,0.673505,-0.620874,0.071443,-0.399630,0.971091,-0.135096,1,1,0,0
-0.195243,0.744901,0.227878,0.170993,0.065840,-0.662445,1.362702,0,0,0,0
0.473380,1.002870,-0.632799,-0.251577,-0.236274,0.726119,0.054777,1,0,1,1
1.383942,-0.761189,0.178233,0.463314,-1.544077,-1.339978,-0.814550,0,0,0,0
0.355413,0.471612,-0.492929,0.267011,-0.425727,-0.371624,-0.568024,1,1,0,0
0.881363,-0.356532,-0.200108,1.016152,-1.001142,0.874250,-1.384788,0,0,0,0
0.994839,-1.145251,-0.730806,0.492076,-1.676361,0.966114,-2.018983,0,0,1,0
-0.366726,-0.952038,-0.060444,1.156059,-0.380395,-0.669364,1.530343,0,0,0,0
0.027735,-0.430201,-0.542956,0.465418,-0.665700,1.054056,-2.006476,0,0,0,1
-0.029687,-0.191942,0.334190,1.478050,0.027317,-0.058713,1.536193,0,0,0,0
-0.344780,-0.014452,-0.628723,-0.489655,-0.992201,1.775987,-0.873899,0,1,0,0
-0.856910,0.700412,0.414435,-0.482968,-0.350168,-1.001725,1.274787,0,0,0,0
-1.157100,0.890543,-0.733563,-1.066671,-0.371003,1.285934,-1.932686,0,0,1,1
0.595807,-0.504663,-0.830359,-0.078017,-1.436575,1.438072,-1.032427,0,0,0,0
1.296532,-0.668256,-1.437086,0.021562,-1.472691,1.093642,-0.951703,1,0,0,0
0.162931,-0.019490,-0.412707,0.623643,-0.016640,-0.476758,0.966403,0,0,0,0
0.629317,-0.141192,-1.559403,0.174492,-0.415341,0.711901,-1.110635,0,0,0,0
0.227853,-0.984743,-1.109848,-0.358386,-0.166625,0.815656,-1.084445,0,0,0,0
0.210378,-0.115099,-1.364819,-1.214961,-0.983091,1.576786,-1.473796,0,0,1,0
-1.368965,0.553236,0.365531,0.497468,0.062708,-0.937256,1.055004,0,0,0,0
-1.076207,0.412122,-0.957192,-0.707239,-0.263682,0.232089,-2.464045,1,1,0,1
1.395669,-0.551821,-1.102708,-0.314985,-2.524905,-0.901007,-0.726366,0,0,0,0
0.858954,-1.004378,-1.193492,-1.000409,-2.253784,0.036870,-1.111483,0,0,1,0
-0.031402,0.406071,-0.238360,-0.488514,-1.250005,-0.665969,0.837321,0,0,0,0
0.264917,-0.283916,-0.262611,-0.739049,-0.745433,0.764250,-1.794147,0,0,0,0
0.264447,-0.782169,-1.454038,-0.385725,-0.778827,2.095357,-1.892790,0,0,0,0
0.395619,-0.155549,-1.525131,-1.081751,-1.203706,0.625564,-1.380185,1,0,0,0
-0.087330,-2.022139,1.891425,-0.500856,-0.208469,-0.034466,1.479043,0,0,0,0
1.196615,-1.024438,0.272152,-1.175297,-0.758385,2.094297,-1.800737,0,1,1,1
0.624921,0.964703,0.093497,1.457569,-0.205678,-0.656650,1.289181,0,0,0,0
1.050552,0.040923,-0.660803,0.069369,-1.336277,1.133763,-0.096589,1,1,0,0
0.135886,0.681322,-0.111570,-0.139330,-0.593165,-0.975941,0.627687,0,0,0,0
0.942029,0.630247,-1.108422,0.189489,-0.651596,-0.332806,-0.153761,0,0,1,1
-0.414644,0.660639,-0.394054,-0.439060,-0.329961,-0.914151,0.821225,0,0,0,0
0.398683,0.905676,-1.020998,-0.397857,-0.085677,0.546563,0.276064,1,1,0,0
-0.743148,1.275922,-0.624288,0.054863,0.600630,-1.238420,0.891864,0,0,0,0
0.540055,0.472746,-0.238843,-0.411613,0.106211,1.012420,-0.253612,0,0,0,0
-0.118989,0.214429,0.011491,0.714416,0.428710,0.073866,-0.444481,0,0,0,0
0.251178,0.551441,-1.232624,0.034742,0.218624,0.183360,-1.082203,0,0,1,1
-0.873083,1.316170,-0.468048,0.305518,1.287534,-1.247088,0.873223,0,0,0,0
0.623214,-0.280941,0.109715,0.441324,-0.161086,5.244619,-0.539608,1,1,0,0
-0.362623,1.434157,-0.371520,-0.306869,0.071812,-1.150223,1.160369,0,0,0,0
-0.150032,1.581247,-1.511301,-1.587561,-0.227539,1.536493,0.223390,0,0,1,1
-0.706358,1.566140,-0.611471,-1.516036,0.332222,-0.673896,0.740320,0,0,0,0
-0.602563,1.726720,-1.410759,-1.703185,0.601941,0.052751,0.681674,1,1,1,0
-0.086100,-0.268047,0.048416,-0.380300,-1.003616,-0.759264,0.571171,0,0,0,0
0.317638,0.326209,-0.391348,-1.135851,-1.274986,0.609784,0.316641,0,0,0,0
-0.497452,0.242931,-0.191724,-0.776618,-0.391840,0.512766,0.109171,0,0,0,0
-0.124358,0.618308,-1.831896,-1.001419,-0.578643,0.744870,-0.939626,0,1,1,0
-0.150108,1.036307,0.074576,0.005407,1.382944,0.325465,0.878679,0,0,0,0
-0.145439,1.201625,-0.456436,0.046295,1.054828,0.145189,0.119782,1,0,0,1
-0.247086,1.323025,-0.104441,0.790368,1.107427,-0.528547,1.213382,0,0,0,0
-0.890371,1.832997,-0.627572,0.387597,1.119647,-0.078113,-0.434690,1,1,1,0
1.404922,-0.345489,-0.933264,0.504566,-1.228017,-0.743975,-0.871403,0,0,0,0
0.723499,0.435857,0.008531,0.070329,-0.951865,0.115399,-0.244774,0,1,1,1
0.090612,0.214234,0.105052,0.563381,-0.365479,-1.150590,1.910537,0,0,0,0
0.941205,-0.808980,-0.136039,1.357830,-1.038138,0.989547,-0.709284,0,0,0,0
0.859033,-0.179794,0.167928,1.538320,-0.255244,0.639766,-0.310723,0,0,0,0
0.747475,0.096676,-0.517893,0.443852,-0.149332,0.064589,-0.458786,0,0,0,0
0.560814,0.134662,-0.505808,0.128810,-0.457821,-0.272310,-0.083543,0,0,0,0
0.304914,0.683506,0.102587,-0.166978,-0.363525,0.192692,-0.158181,1,1,1,0
0.395028,0.855935,-0.285225,0.211513,-0.071116,-0.480686,0.819775,0,0,0,0
0.204813,-0.581017,-0.147773,0.950824,-0.582573,0.691935,-0.674466,0,0,1,1
0.157919,0.472105,-0.349269,0.325793,-0.136564,-0.894022,0.839473,0,0,0,0
0.084205,-0.005721,0.034453,0.978665,0.234608,0.122247,-1.043990,1,1,0,0
-0.448791,0.561144,0.316618,0.872764,0.422645,-0.968873,1.412441,0,0,0,0
-0.651563,0.144521,0.001037,1.724399,0.839296,0.006066,-0.415498,0,1,1,1
1.030930,-0.367532,-0.322601,0.813010,-1.078546,-1.216413,-0.610378,0,0,0,0
0.260035,0.056801,-0.393238,0.799551,-0.745977,-0.189398,-0.319157,0,1,1,0
0.253221,-0.190105,-0.353806,1.155419,-0.315916,0.715451,0.056016,0,0,0,0
0.190558,-1.008470,-0.308442,1.839891,-0.420121,1.117146,-1.046008,1,0,0,0
-0.729626,-0.492574,-0.171115,0.765558,-0.112031,-0.260936,0.916366,0,0,0,0
-0.758748,-1.322833,-0.549635,0.997589,-0.276224,0.187023,-2.223280,0,0,0,1
-1.187331,-0.373509,-0.176734,1.228914,0.566583,-0.774907,0.986304,0,0,0,0
-1.037629,-0.572133,-0.892662,-0.113814,-0.543655,0.375712,-2.475191,0,0,1,0
-1.945618,0.106634,-0.125601,0.413495,0.627595,-1.394287,1.241747,0,0,0,0
-1.282077,0.990449,-0.913994,-0.657611,-0.177343,0.881458,-2.375323,1,0,0,1
0.493973,-0.405376,-0.782159,0.615292,-0.947051,1.435728,-1.698322,0,0,0,0
0.770702,-1.359519,-1.047352,-0.192100,-1.268460,-0.051577,-1.222377,0,1,0,0
-0.155237,-0.142017,0.477313,1.186587,-0.109946,-0.655155,1.380953,0,0,0,0
0.418098,-0.534764,-1.260543,-0.574181,-1.221331,0.626690,-1.232917,0,0,0,0
0.018560,-0.997956,-0.971442,-0.653813,-0.859806,0.518112,-1.899214,0,0,0,0
0.176059,-2.386301,0.109848,-2.320794,-0.694844,0.108815,-2.501043,0,0,1,0
-0.709413,0.540661,-0.159488,-0.521932,0.405443,-0.784962,1.242339,0,0,0,0
-0.289592,0.375697,-1.019703,-1.377277,0.644684,1.185592,-1.125098,1,1,0,1
1.181199,-0.874082,-0.971197,0.607671,-1.534460,-0.863645,-1.211223,0,0,0,0
0.822835,-0.992071,-0.456999,-0.505882,-1.814926,-0.044135,-1.242775,0,0,1,0
-0.166342,0.316478,0.347253,0.408540,-0.449707,-0.767075,1.251797,0,0,0,0
0.289224,-0.242966,-0.085377,0.194891,-0.739756,0.957441,-1.056848,0,0,0,0
-0.088842,-0.752202,-1.477516,-0.678323,-1.231567,-0.316488,-0.768952,0,0,0,0
-0.434323,-0.820957,-1.326612,-0.890168,-0.480984,0.021822,-1.657733,0,1,0,0
-0.916165,-1.105916,0.999519,0.754922,0.395668,-1.436417,1.212228,0,0,0,0
1.506851,-1.324314,0.217683,0.420736,-1.073104,1.723883,-1.460613,1,0,1,1
0.272383,0.937270,0.128454,-0.155815,-0.545887,-0.099303,0.859056,0,0,0,0
0.848269,0.231562,-0.603562,-0.265864,-1.106615,0.994049,-0.259909,1,1,0,0
0.084003,0.714017,-0.187205,-0.110241,-0.367667,-0.032434,0.779339,0,0,0,0
0.466630,0.742921,-0.843629,-0.210772,-0.958519,0.173375,-0.085880,0,0,1,1
-0.213517,0.628169,0.102937,0.077631,-0.119885,-0.756867,1.185648,0,0,0,0
0.515591,1.008339,-0.486213,0.145863,-0.155258,0.599698,-0.321497,1,1,1,0
1.040179,-0.895273,0.197803,0.844194,-1.159316,-0.630312,-0.704393,0,0,0,0
1.225158,-0.633022,1.193127,0.216723,-0.193135,0.971990,-0.299758,0,1,1,0
1.001978,-0.542360,-0.464819,1.199045,-0.698006,1.094253,-0.081513,0,0,0,0
1.069534,-0.645883,-0.703826,0.405255,-0.966218,0.789294,-1.225589,0,0,0,1
0.051334,0.047947,0.326695,0.216818,-0.785576,-0.709532,1.184272,0,0,0,0
0.206674,-0.218408,-0.281641,-0.808071,-0.796224,1.537847,-1.746244,0,1,0,0
-0.350873,0.596862,0.644509,0.239027,-1.337811,-0.523302,1.055474,0,0,0,0
-0.110871,0.619381,-0.042166,-1.159150,-1.569816,0.938572,0.515785,1,0,0,0
-0.723401,0.983964,0.077154,-0.578901,-0.550479,-0.951481,1.311377,0,0,0,0
-0.131184,1.131969,-0.604655,-1.342516,-0.902484,1.762871,-0.508788,0,0,1,1
0.069290,-0.572437,-1.304033,0.266591,-1.317743,0.915041,-1.800779,0,0,0,0
1.129121,-0.532422,-1.150660,-1.952615,-2.403296,1.319850,0.211037,0,1,0,0
-0.316874,0.225407,0.096522,-0.363240,-0.962304,-0.961870,1.236857,0,0,0,0
0.263687,-0.153735,-1.115119,-0.933699,-1.253631,0.654940,-0.005581,0,0,0,0
0.024465,-0.579300,-0.559971,-0.207805,-1.158895,0.532635,-1.749218,0,0,0,0
-0.365306,-0.890328,-0.329229,-0.810733,-1.246660,0.840836,-2.728951,0,1,0,0
-0.456869,-1.121008,0.740319,1.605214,-0.745706,-0.638323,1.069276,0,0,1,0
-0.929651,0.382422,-0.898562,-0.160236,0.826479,-0.842394,1.518458,1,1,0,1
1.301167,-0.676509,-0.543725,0.504365,-1.800913,-0.677181,-0.996622,0,0,0,0
1.004987,-0.868232,-0.890893,0.451865,-1.706481,0.050671,-1.229123,0,0,1,0
-0.156156,-0.009601,0.736462,0.511473,-0.138446,-0.040705,0.986253,0,0,0,0
0.667515,-0.024495,-0.563923,0.186431,-0.884777,0.918314,-0.051175,0,0,0,1
-0.523706,0.054008,-0.163744,0.309193,-0.124019,-1.088245,0.931283,0,0,0,0
-0.148753,-0.097596,-1.143105,-0.766709,-1.068824,0.536377,-1.485569,0,1,0,0
-0.836181,0.910350,0.185069,-0.543104,-0.230908,-0.618853,1.021056,0,0,0,0
-0.032627,1.542749,-1.148959,-0.445084,-0.040933,1.246396,-1.243780,1,0,1,1
0.165331,0.438677,-0.336375,-0.147476,-0.728367,-0.305739,0.740822,0,0,0,0
1.094491,0.273546,-0.306720,0.113665,-1.397169,-0.080256,-0.170686,1,1,0,0
0.388611,0.845643,-0.058610,-0.082634,-0.533970,-0.362033,1.072900,0,0,0,0
0.632815,0.658435,-0.696072,-0.026384,-0.758669,0.896851,0.000271,0,0,1,1
-0.224909,0.562975,0.246143,-0.295203,-0.227040,-0.675784,1.075303,0,0,0,0
0.467059,0.859022,-0.788917,-0.257513,-0.182630,0.865728,-0.411186,1,1,1,0
1.086273,-0.251798,-0.154281,0.621607,-1.568736,-0.925510,-0.404449,0,0,0,0
0.443902,0.494627,-0.336573,0.157069,-0.460206,0.247913,-0.754735,0,0,1,1
0.369152,-0.018128,-0.303204,1.098648,-0.555132,0.399062,-1.267570,0,0,0,0
0.953959,-0.951755,-0.915461,0.357325,-1.785147,1.284055,-1.917674,1,0,0,0
-0.397284,-0.686042,0.096796,1.075198,-0.616015,-0.622255,1.522269,0,0,0,0
-0.110783,-0.579352,-0.535897,0.508401,-0.755382,1.254982,-1.987598,0,1,0,0
-0.398289,0.235758,0.318641,0.359589,-0.324766,-0.467049,1.620420,0,0,0,0
-0.003227,0.401694,-0.013899,-0.321189,-0.246838,1.920591,-0.901902,0,0,1,0
-1.573601,0.302401,0.326352,0.509138,0.750810,-0.754250,1.431723,0,0,0,0
-1.030873,1.095843,-0.883980,-0.648030,-0.041995,2.622123,-1.736469,1,1,1,0
0.481266,-0.586207,-1.324223,0.207414,-0.935981,2.618039,-1.268945,0,0,0,0
1.055930,-0.815211,-1.108528,-1.063605,-1.820182,2.312509,-1.060259,0,0,0,1
-0.189865,0.174175,0.480798,-0.113776,-0.951901,-0.698705,1.174922,0,0,0,0
0.000174,-0.700027,-0.863973,-0.696419,-0.923492,1.124347,-1.133836,0,0,0,0
-0.601766,-0.640208,-0.278919,0.235063,-1.281863,0.061947,-1.225833,0,0,0,0
-0.107451,0.184922,-0.690782,-0.818470,-1.181149,1.571580,-1.104067,0,1,0,0
-0.575300,0.668890,-0.039651,-1.148781,-0.819924,-0.733712,1.272900,0,0,0,0
-0.050301,0.278251,-0.594894,-1.847565,-0.932336,1.368833,-0.947005,1,0,1,1
1.071410,-0.971469,-0.857615,0.647200,-1.672009,-0.180345,-1.471670,0,0,0,0
0.580565,-1.043802,-0.771067,0.337558,-1.981418,0.033598,-1.850975,0,1,0,0
0.265757,-1.666361,1.259279,0.300267,-0.515953,-0.812440,1.256968,0,0,0,0
0.723225,-0.219656,-0.578656,-0.142286,-1.091348,2.544759,-0.390740,0,0,0,0
0.099934,-0.826257,-0.660636,-0.723418,-1.193617,0.419409,-1.488633,0,0,0,0
0.337521,0.122457,-0.751530,-1.512403,-1.463261,0.414019,-0.387368,0,0,0,1
-0.900710,0.583002,0.232142,-0.053333,0.093616,-1.421307,1.702714,0,0,0,0
0.659060,1.114242,-1.023065,-0.572346,-0.562628,4.293395,-0.485455,1,1,1,0
0.368849,0.881611,-0.173491,0.647700,-0.055873,-0.509242,1.442091,0,0,0,0
1.122420,0.131852,-0.126746,-0.381145,-1.060104,1.757472,0.006407,0,0,1,1
0.146806,0.690327,0.445959,0.497487,-0.316009,-0.709762,0.807462,0,0,0,0
0.556859,0.440683,-0.147570,-0.466214,-0.214916,0.814082,0.230107,1,1,0,0
-0.274487,0.486403,0.460136,0.042411,-0.117313,-0.500266,1.039949,0,0,0,0
0.601519,0.866782,-0.455880,-0.299410,-0.047988,1.260526,-0.320724,0,0,1,1
-0.513760,1.143064,-0.214781,0.172138,0.551256,-1.007408,1.406534,0,0,0,0
1.552558,0.813595,0.045186,-1.392103,-1.583411,4.407875,0.025570,0,0,0,0
-0.533470,0.900400,0.134193,-0.078500,0.034637,0.243670,-1.425343,0,0,0,0
-0.113893,1.067935,-1.445337,-1.547576,-0.660759,0.878696,-1.507544,0,1,0,1
-0.642788,1.386843,-0.404803,0.312524,0.978056,-0.352383,0.729043,0,0,0,0
-1.169152,2.082670,-1.402046,-0.399397,1.155658,0.892802,-1.053362,1,0,1,0
-0.355066,1.705364,-0.452488,-0.599023,0.148117,-0.604744,0.930241,0,0,0,0
-0.341526,1.532623,-1.521931,-0.137016,0.439380,1.593708,-0.303277,0,1,0,1
-0.569155,1.647440,0.225411,-0.758024,0.058521,0.484738,0.726577,0,0,0,0
-0.110045,1.427823,-0.457546,-0.472590,-0.027591,0.877740,-0.356662,1,1,1,0
0.383392,0.141978,0.208486,-0.665089,-1.962790,-0.019218,0.802320,0,0,0,0
0.658663,0.380132,-0.424634,-1.000202,-1.654616,0.413998,0.152548,0,0,0,0
0.059756,0.775592,-0.240168,-1.150419,-1.339759,0.319272,-0.626398,0,0,0,0
0.445090,0.492364,-1.419390,-0.675896,-0.761368,1.543053,-1.552355,1,1,0,0
-0.782651,0.968563,-0.646213,0.837933,1.284467,-0.967284,1.324491,0,0,0,0
0.484561,0.973113,-0.238258,-0.176617,-0.909193,2.736516,0.149061,0,0,1,1
-0.155615,1.903340,-0.228908,-0.937587,-0.594476,-1.005621,0.949105,0,0,0,0
-0.445236,2.181331,-1.599010,-0.899599,0.155356,-0.319443,0.083369,1,1,0,1
1.385107,-0.074725,-0.492889,0.218200,-1.504844,-0.849884,-0.727983,0,0,0,0
0.277067,0.502894,0.086067,0.195014,-0.532925,-0.200107,-0.923454,1,0,1,1
0.023234,0.252491,-0.434798,0.845655,0.041792,-0.941002,1.499243,0,0,0,0
0.758528,-0.381702,-0.448076,0.981784,-0.691109,1.368812,-0.846248,0,0,0,0
1.440972,0.737037,-0.691283,-0.723794,-2.178761,2.813277,0.237410,0,0,0,0
0.726536,0.437406,-1.244939,-0.120353,-0.874538,-0.251186,-0.536206,0,0,0,0
0.451080,0.830199,-0.756740,-0.509786,-1.283946,0.410803,-0.444338,0,0,0,0
0.372659,0.976922,-1.045103,-1.299253,-0.931498,0.171734,-0.500676,1,1,1,0
0.190801,0.929770,-0.694047,-0.822684,-0.875420,0.129499,0.836601,0,0,0,0
0.962699,0.043359,-0.513572,-0.261167,-1.209782,0.898619,-0.255146,1,1,0,0
0.313110,0.985994,-0.269793,-0.494220,-0.701385,-0.186856,0.625208,0,0,0,0
0.339390,0.730084,-0.609010,-0.457801,-0.568329,0.488908,-0.270878,1,0,1,0
0.190099,1.222676,-0.731457,-1.106601,-0.510653,1.541085,0.423093,0,0,0,0
0.329195,1.339997,-0.729677,-1.012206,-0.630677,0.158115,-0.302409,0,0,1,1
-0.217163,1.760338,-0.603221,-0.899722,-0.111500,-0.208774,0.931196,0,0,0,0
-0.322320,1.952651,-1.155970,-0.925213,-0.068704,0.571447,0.402138,1,1,0,1
1.385949,0.155339,-0.491903,0.254442,-1.369855,-0.219239,-0.164135,0,0,0,0
1.127426,0.052883,-0.799843,-0.130473,-1.459874,0.484467,-0.153070,1,0,1,0
-0.016034,0.727466,-0.169050,0.168851,-0.227891,-0.019836,0.388418,0,0,0,0
0.253864,0.509363,-0.384684,0.765077,-0.264138,0.443270,-0.205026,0,1,1,0
-0.188930,1.033629,0.165371,0.617023,0.210672,-0.680774,1.329477,0,0,0,0
0.131417,0.937853,-0.583061,0.740757,-0.199720,0.160742,-0.446496,0,1,0,1
-0.323618,1.336133,-0.097449,0.477788,0.835109,-0.378411,1.487764,0,0,0,0
-0.498089,1.659664,-0.877752,-0.199982,0.411311,0.654832,-0.050096,1,0,1,1
0.226835,0.371831,0.185391,1.223768,-0.151051,0.284929,0.586953,0,0,0,0
0.920228,0.215407,0.024481,1.014232,-0.539096,1.206848,-0.019947,1,1,1,0
1.527712,-0.393421,-0.391280,1.144918,-1.081057,-0.699590,0.172253,0,0,0,0
1.031453,0.120867,-0.029375,0.614852,-0.521511,-0.333379,-0.172502,0,1,0,1
0.334415,0.287476,0.404370,0.793164,-0.069294,0.155703,0.814444,0,0,0,0
1.291823,-1.002075,1.192587,-0.546018,0.338772,1.781707,-0.682147,0,0,1,1
-0.156298,1.030433,0.175095,0.200805,0.700342,0.043882,1.178539,0,0,0,0
0.264610,0.977450,0.258208,-0.355744,0.833025,0.830175,0.527136,1,1,1,0
1.343186,-0.365535,-0.426016,0.938762,-1.093334,-0.469155,-0.147152,0,0,0,0
1.396725,-1.728852,0.760572,0.519074,-0.236104,0.984857,-0.418475,0,1,0,1
0.366228,-0.302405,0.633372,1.339075,0.262059,-0.531480,0.765433,0,0,0,0
0.484421,0.003090,-0.112052,1.146130,0.619214,1.337046,-0.128770,1,0,0,1
-0.279208,0.662074,0.293326,0.980746,0.435239,-0.079296,1.229356,0,0,0,0
-0.150761,0.359112,0.024033,1.382779,1.286890,-0.205393,0.830250,1,0,1,0
-0.855729,1.269921,-0.153871,0.772215,0.833652,-0.111812,0.515507,0,0,0,0
0.194912,1.842234,-1.102080,-0.436973,0.278172,0.955482,0.430930,0,1,1,1
0.361850,0.571859,0.199952,0.154418,-0.546467,0.005078,0.576193,0,0,0,0
0.630552,0.356679,-0.427006,-0.077981,-1.255753,0.510607,-0.393822,1,0,0,1
0.200775,1.101513,-0.211962,-0.398516,-0.669520,0.223157,0.512207,0,0,0,0
0.894736,1.074701,-0.614292,-0.433566,-0.903719,-0.121125,-0.096792,1,0,1,0
-0.126291,0.592801,0.035454,0.479203,-0.191293,-0.396972,0.230456,0,0,0,0
0.533245,0.909725,-0.330948,-0.153704,-0.569549,0.363578,-0.664805,0,1,1,0
-0.015240,1.371862,-0.070397,-0.018769,0.508857,0.045629,0.964739,0,0,0,0
0.196867,1.283957,-0.305702,0.184648,0.233853,0.717838,-0.448024,1,1,0,1
1.312348,-0.241442,-0.493915,0.797103,-1.161464,-0.727666,-0.584724,0,0,0,0
1.803608,-1.654863,1.189942,0.587771,-1.043534,1.297801,-0.668644,1,0,1,0
0.019024,0.647449,0.301420,1.302128,0.115718,0.371375,1.016396,0,0,0,0
0.830349,0.123867,-0.473714,1.292702,-0.369278,1.495295,-0.582832,0,0,1,1
0.029392,0.195500,0.065269,1.436231,0.464918,-0.322898,0.762255,0,0,0,0
0.176960,0.531479,-0.436492,0.530715,0.057899,0.961493,-1.068101,0,1,0,1
-0.346635,1.290921,-0.542625,0.549454,0.431418,-0.016876,0.977589,0,0,0,0
0.604899,1.158676,-0.504249,0.357704,-0.098565,0.826064,-0.529685,1,1,1,0
0.209062,0.895145,0.710995,0.537287,-0.320836,-0.677785,0.631332,0,0,0,0
1.192985,0.584119,-0.365036,-0.109222,-1.072671,2.024985,-0.102453,1,0,1,1
1.189384,-0.332438,-0.536276,0.977295,-1.246326,-0.917171,-0.890633,0,0,0,0
1.695016,-0.505484,-0.508276,0.358706,-1.334286,0.962952,-0.664368,0,1,0,1
1.147174,-1.332423,1.369305,0.085532,-0.780399,1.141094,0.459040,0,0,0,0
1.174182,-0.465409,-0.079526,1.594575,-1.204230,0.613558,-0.145309,1,1,0,0
-0.488749,1.252211,0.191078,0.715719,0.663496,-1.135564,0.804382,0,0,0,0
-0.075362,1.053715,-0.352750,-0.007324,0.730036,0.533304,-0.767955,1,0,1,1
1.454654,-0.199277,-0.548786,0.741135,-1.284704,-0.912824,-0.378023,0,0,0,0
1.000303,-0.156922,0.091600,1.136935,-0.269440,0.017096,-0.382945,0,1,1,0
0.908374,0.432523,0.748450,0.299578,-0.412744,0.157078,1.181129,0,0,0,0
0.395782,0.813099,0.222218,-0.165233,-0.164711,0.075744,0.318488,1,1,0,0
0.026205,0.945957,-0.143956,0.145252,0.177350,0.407311,0.484981,0,0,0,0
1.787910,-1.237886,1.184510,0.220103,-0.983676,2.183835,-0.403566,1,0,0,1
1.385261,-0.910317,1.989957,-0.180712,-1.170575,-0.835806,0.833550,0,0,0,0
1.389329,0.059342,-0.002162,0.600988,-0.954588,3.552937,-0.215108,0,1,1,1
0.197858,0.825313,-0.113199,0.270084,-0.489529,-1.161385,0.942744,0,0,0,0
0.561660,0.712013,-0.009989,-0.834519,-1.462103,0.264898,0.023292,1,0,1,0
-0.160002,1.154633,0.502117,-0.495276,-0.871047,-0.443485,0.773117,0,0,0,0
0.304249,0.936860,-0.120591,-0.003755,-0.610573,0.166181,0.450993,1,0,0,1
-0.120529,0.912985,0.627567,-0.166671,-0.208253,-0.458544,0.474286,0,0,0,0
0.413821,0.888321,-0.848408,-0.529366,-0.671033,0.870967,-0.675340,0,1,0,1
0.001064,0.842416,-0.359127,-0.202597,-0.071046,-0.448660,0.831844,0,0,0,0
1.529094,-1.322534,1.301720,-0.340375,-1.331040,5.199554,-0.817638,1,1,1,0
1.416812,-0.215930,-0.518996,0.710242,-1.220969,-1.214048,-0.473141,0,0,0,0
1.322755,-0.262158,-0.262945,1.194064,-1.016714,0.814647,-0.677607,1,0,0,1
0.088705,0.535160,0.411145,1.197663,-0.021981,-0.245713,0.641271,0,0,0,0
0.827465,-0.418751,0.624285,0.376098,-0.010934,0.316813,-0.898073,1,0,1,0
-0.228970,0.289606,0.414417,2.185202,0.997082,-0.549797,0.809034,0,0,0,0
0.774995,0.371958,0.427969,0.988288,-0.019532,2.517111,-0.038680,0,1,1,0
0.965835,-1.666752,2.219926,-0.577923,0.742700,-0.416018,0.402890,0,0,0,0
1.471858,-1.224306,1.684326,-0.976871,-0.401564,1.890096,-1.022348,1,1,0,1
0.222012,0.168838,0.148395,2.084784,0.373023,-0.509232,0.800791,0,0,0,0
0.978642,-0.168595,-0.623420,1.209725,-0.248370,1.640159,-0.222929,1,0,1,1
1.520043,-0.323595,-0.390764,0.876972,-1.099243,-0.484058,-0.316911,0,0,0,0
1.235093,-0.319016,0.027158,0.968561,-0.628111,0.352221,-0.553259,0,1,1,0
0.366154,0.267898,0.201902,1.028148,0.318580,0.789689,0.622375,0,0,0,0
0.752885,0.147348,-0.437014,0.780619,0.037981,1.394382,-0.367414,1,1,0,0
0.314869,0.353616,-0.085656,1.005863,0.390207,-0.335260,0.705533,0,0,0,0
0.339029,1.122602,-1.163218,-0.388576,0.212282,0.990160,-0.023860,1,0,1,1
1.278093,-0.193616,-0.689264,0.265024,-1.290853,-0.563639,0.231635,0,0,0,0
0.960860,0.179453,-0.344762,0.449081,-1.081633,-0.076941,0.072715,0,1,0,1
-0.335678,0.596589,0.455408,1.348607,0.318087,-0.585285,0.737187,0,0,0,0
0.670209,0.525483,-0.375389,0.531587,0.220191,0.863559,0.079388,0,1,1,0
-0.012825,0.878594,-0.228851,0.364161,0.273736,0.017655,0.208981,0,0,0,0
0.252927,0.890656,-0.879906,-0.292692,-0.418684,0.116525,-0.452066,0,0,1,1
0.012603,0.936835,0.102170,-0.280985,0.601328,-0.468683,0.849381,0,0,0,0
0.984110,0.863346,0.083586,-1.493416,-0.344702,1.797473,0.076984,1,1,0,1
-0.040638,0.942766,-0.432892,-0.572609,-0.868943,-0.210630,1.366556,0,0,0,0
0.636665,0.888613,-0.697125,-1.026054,-1.529171,1.039227,0.309241,0,1,1,0
-0.617576,1.354475,0.129562,-1.358824,-1.036295,-0.113671,0.619203,0,0,0,0
0.391879,1.111895,-0.277860,-0.861368,-1.154429,0.806257,0.155652,0,0,1,1
-0.336222,1.309703,-0.445591,-0.936104,-0.356555,-0.838984,0.639319,0,0,0,0
0.113051,1.058385,-1.072314,-1.277854,-0.949312,-0.273565,0.088329,0,1,0,1
-0.510682,1.338669,-0.620745,-0.533722,-0.385635,-1.023877,0.018335,0,0,0,0
-0.297765,1.604167,-0.381695,-0.423676,0.331559,0.924824,-0.547505,1,1,1,0
1.235174,-0.259871,-0.330849,0.557142,-1.303625,-0.605459,-0.472972,0,0,0,0
1.052906,-0.193224,-0.828414,1.157139,-0.559401,0.316739,-1.119760,0,0,1,1
0.238721,0.432109,-0.302006,0.774343,0.424859,-1.043399,0.539647,0,0,0,0
0.883557,0.250612,-0.848920,0.699809,-0.187219,0.111617,-0.416926,0,1,0,1
0.222475,1.564044,0.075051,0.088904,0.469688,0.468344,1.151811,0,0,0,0
0.588906,1.504046,-0.549096,-0.746975,-0.374824,0.820895,-0.004126,0,1,1,0
-0.000199,1.597321,-0.485131,-0.276619,-0.042514,-0.562048,0.694443,0,0,0,0
0.424943,1.452913,-0.777201,-0.517462,-0.138533,-0.198993,0.588351,1,0,1,1
0.285625,0.812960,-0.204616,0.362073,0.151331,-0.658602,0.842680,0,0,0,0
1.229264,0.160323,-0.750999,0.306651,-0.585126,0.588675,-0.110057,1,1,0,1
1.185680,-0.435461,-0.455006,0.841893,-1.165439,-1.220957,-0.772633,0,0,0,0
1.591182,-1.106671,-0.102645,2.152014,-1.487058,0.501130,-0.444975,0,1,1,0
0.184864,0.568818,0.328624,1.498286,0.267906,-0.422165,0.883679,0,0,0,0
0.454137,1.405177,-0.350897,0.572222,0.123027,0.159397,0.238775,0,0,1,0
-0.007378,0.804301,0.535715,0.516338,0.451531,-0.624076,0.555682,0,0,0,1
-0.821475,1.670822,-0.256517,0.075485,1.035137,-0.671531,0.486612,1,1,1,0
1.311513,-0.047736,-0.441332,0.690696,-1.042078,1.569197,-0.249079,0,0,0,0
0.955907,0.017030,-0.636050,0.182407,-1.003591,-0.039781,-0.360536,1,1,0,1
1.299404,-0.497982,-0.640908,0.828477,-1.105392,0.537319,-0.382523,0,0,0,0
0.601891,0.029295,-0.249955,1.049778,-0.331735,0.258381,-0.777042,1,0,1,1
1.039463,-0.424933,-0.238501,1.507543,-0.522235,-0.849695,-0.428835,0,0,0,0
0.945362,0.501633,-0.324132,0.299036,-0.833874,0.312330,-0.697126,0,1,1,1
1.455944,-0.054770,-0.525462,0.480965,-1.457266,-0.695951,-0.242091,0,0,0,0
0.851173,0.800727,0.018689,-0.125819,-0.785987,0.034234,0.118853,1,1,0,1
0.282933,0.601517,-0.105106,0.053632,-0.498912,-0.665231,0.731480,0,0,0,0
0.984662,0.112739,-0.288129,0.487033,-0.631982,0.597631,-0.423836,1,0,1,0
0.333866,0.830203,-0.552236,-0.201324,-0.146232,-0.212396,0.644140,0,0,0,0
0.711309,0.731475,-0.765794,0.321066,-0.267615,1.254790,-0.430414,0,1,1,0
-0.106628,0.839029,-0.404636,0.323579,0.474196,0.175449,0.315746,0,0,0,0
0.248088,1.214371,-0.802495,0.464897,0.108090,0.074499,-0.311653,0,1,0,1
-0.436252,1.210683,-0.993503,0.133966,0.992830,-0.333134,1.182849,0,0,0,0
-0.222753,1.582130,-1.236102,0.406233,0.700780,0.802283,0.423645,1,0,1,1
1.220029,-0.560583,-0.633760,0.660087,-1.281563,-0.457584,-0.616731,0,0,0,0
0.945002,-0.282756,-0.512154,0.270481,-0.970649,-0.003990,-0.561658,1,1,0,0
-0.128392,0.483451,-0.041570,0.811046,0.326201,0.118122,0.877239,0,0,0,0
0.379203,0.431824,-0.274337,0.451800,-0.047678,1.359362,-0.026869,0,1,1,0
0.033996,0.810373,-0.626582,0.494138,0.408615,-0.143252,1.292166,0,0,0,0
0.290310,0.667705,-0.820697,0.324263,0.041126,0.371425,-0.518284,0,0,1,1
1.115825,-1.047267,1.484732,-1.142453,0.758575,0.802465,1.106826,0,0,0,0
1.111300,-0.952074,1.343193,-0.741466,-0.010584,0.488087,-0.231931,1,1,0,1
0.273772,0.422371,-0.427629,1.055083,0.484483,-0.544960,0.698674,0,0,0,0
0.686071,-0.231919,-0.348949,1.615353,-0.177984,1.127389,-0.082846,1,1,1,0
1.481057,-0.420965,-0.832649,1.089180,-0.661895,-0.880973,-0.234789,0,0,0,0
0.999613,0.113066,-0.904091,0.675673,-0.567548,0.779005,-0.189615,0,0,1,1
-0.025415,0.510064,-0.560705,0.305686,0.376250,-0.295217,0.956686,0,0,0,0
0.858779,0.712437,-0.857491,0.103154,0.058236,1.421246,0.028687,0,1,0,1
-0.127775,1.044768,-0.700946,0.331381,1.031569,-0.594739,0.792468,0,0,0,0
0.464567,0.890332,-0.412360,0.547629,0.374321,0.477550,0.187301,1,1,1,0
1.435683,-0.471501,-0.806798,0.405985,-1.415533,-0.786908,-0.578196,0,0,0,0
0.987541,-0.105715,-0.374902,0.816459,-1.113940,-0.411696,-0.421622,1,0,0,1
0.606833,0.176342,-0.195979,1.705425,-0.101425,-0.699584,0.975810,0,0,0,0
0.822617,0.496653,-0.499459,0.095295,-0.424045,1.115553,0.510567,1,0,1,0
0.364570,0.767174,-0.314186,0.021448,0.125520,-0.593408,0.695636,0,0,0,0
0.677588,0.191697,0.070083,0.038041,-0.957946,0.065377,0.169238,0,0,1,1
0.716054,0.285363,0.108644,0.061869,-0.973572,-0.812932,0.464947,0,0,0,0
0.480330,0.142603,-0.320128,-0.405155,-0.722387,0.290164,-0.100786,1,1,0,1
-0.007024,0.521192,-0.302728,0.505599,-0.315110,-0.309555,0.654329,0,0,0,0
0.788900,0.377238,-0.674941,-0.029822,-0.663544,0.760113,-0.039649,0,1,1,0
0.161931,1.188196,-0.335316,-0.052955,-0.143664,0.103243,0.639996,0,0,0,0
0.570389,1.083286,-0.941005,-0.001214,-0.348887,-0.412786,0.076561,0,0,1,1
-0.054966,1.440058,-0.502886,-0.865857,-0.364568,-0.241293,0.454130,0,0,0,0
0.289260,1.057298,-1.442103,-1.311445,-0.657261,0.172271,-0.090589,1,0,0,1
-0.032965,1.356565,-0.812760,-0.422878,0.008247,0.152574,0.785301,0,0,0,0
0.439506,1.322937,-1.040896,-0.147804,-0.092649,1.148993,-0.298734,1,1,1,0
1.617083,0.157243,-0.836223,0.040602,-1.331468,-0.442512,-0.068684,0,0,0,0
1.794816,-1.300290,0.788953,-0.426246,-0.589919,1.099128,-0.624811,0,1,0,1
0.614227,0.696214,0.156967,0.401698,-0.032361,-0.234173,0.764413,0,0,0,0
1.017836,0.615256,-0.979527,0.524551,0.089226,0.878633,-0.024223,0,0,1,1
0.320468,1.152557,-0.258949,-0.789384,-0.330969,-0.639899,0.817656,0,0,0,0
0.180175,1.104340,-1.236895,-1.611681,-0.737223,-0.000794,0.069953,1,0,1,0
-0.338322,1.357925,-1.091420,-0.940014,0.275511,0.400793,0.293115,0,0,0,0
-0.001636,1.559062,-1.188535,-1.192352,-0.087364,0.925832,-0.270361,1,1,0,1
0.237654,0.930923,-0.768058,-1.160178,-0.885403,-0.405421,0.658304,0,0,0,0
0.603331,0.487223,-1.082213,-0.985624,-0.982256,-0.228617,0.500240,0,1,1,1
1.532419,0.195378,-0.633262,0.042593,-1.733190,0.176503,-0.126252,0,0,0,0
1.021005,0.705805,-1.078405,-1.186397,-1.548015,-0.161233,0.151546,1,0,1,0
0.326025,0.978650,-0.465387,-0.560832,-0.374068,-0.071632,0.528585,0,0,0,0
0.223924,1.420228,-0.772211,-0.282365,-0.130671,0.069356,0.139763,1,0,0,1
0.219401,0.961270,-0.335885,0.341889,0.163565,0.465982,0.791800,0,0,0,0
0.783638,0.739239,-0.895472,0.144649,0.113525,0.554279,-0.242485,0,1,1,1
1.526479,-0.547606,-1.226117,0.518897,-1.302067,-0.477015,-0.506253,0,0,0,0
1.520982,0.112931,-1.030794,0.779686,-0.855883,0.533738,0.011720,1,0,1,0
0.426126,0.890890,-0.436938,0.157920,-0.229182,-0.307176,0.611084,0,0,0,0
0.694486,0.705979,-0.595321,-0.053800,-0.614002,0.044195,-0.252319,1,0,0,1
0.201504,1.273755,-0.401427,-0.469080,-0.129744,-0.652704,0.648281,0,0,0,0
1.223994,-0.334987,0.814188,-1.877558,0.341910,0.809818,-0.224428,0,1,0,1
0.092462,1.222612,-0.232905,0.575806,-0.207746,-0.258265,0.634858,0,0,0,0
0.338717,1.417448,-0.941539,-1.299178,-0.693640,1.791845,0.111025,1,1,1,0
-0.004452,0.841901,-0.376518,-0.434320,-0.865694,-1.008146,1.057982,0,0,0,0
0.957614,0.604850,-0.692332,-0.778368,-1.523186,1.073570,-0.165724,0,0,1,1
0.168163,1.330472,0.150593,-0.368304,-0.833930,-0.036434,0.735201,0,0,0,0
0.538809,0.905516,-0.825836,-0.602625,-0.830522,-0.070348,0.397095,0,1,0,1
-0.290827,1.425408,-0.454387,-0.740294,-0.086015,-0.530583,0.198377,0,0,0,0
0.081290,0.998179,-1.166320,-0.713231,-0.493719,0.419863,-0.274606,0,1,1,0
-0.004923,1.453404,-0.739173,-0.500061,-0.163178,-0.109619,0.784442,0,0,0,0
0.173860,1.428566,-0.932518,-0.140497,-0.060703,-0.001452,-0.105691,1,1,1,0
1.423965,-0.391260,-0.572018,1.341055,-0.842154,-0.518900,-0.488893,0,0,0,0
1.378632,0.252889,-0.743444,0.674454,-0.802462,0.742959,-0.127392,1,0,0,1
1.062406,-0.959081,1.061325,0.010591,-0.172656,-0.829282,0.159280,0,0,0,0
0.912867,0.249498,0.124259,0.210011,-0.554089,0.987584,-0.583719,1,0,1,0
0.547642,1.102530,0.157358,0.345046,-0.426854,0.178154,0.811407,0,0,0,0
0.333608,1.041964,-0.141518,0.468274,0.081552,0.310762,0.266409,0,0,1,1
-0.520292,1.407112,-0.112833,0.731939,0.716456,0.222783,0.428777,0,0,0,0
-0.068769,1.719371,-1.122742,-0.219098,0.275911,0.904440,-0.345181,1,1,1,0
0.698697,0.773032,-0.732451,0.239458,0.294171,0.032531,0.823521,0,0,0,0
0.642909,0.085407,-0.276926,0.037928,-1.018198,0.645065,0.260424,1,1,0,1
1.019029,-0.116413,-0.501090,0.251383,-1.691205,-0.739330,0.055756,0,0,0,0
0.501632,0.542705,-0.207645,-0.038151,-1.218473,0.044924,0.328448,0,0,1,1
0.154329,1.232377,0.126613,0.417346,-0.000869,-0.949724,0.730132,0,0,0,0
-0.274931,1.232515,0.266257,-0.468934,-0.487423,0.354688,0.367058,0,1,1,0
-0.376055,1.399766,-0.060181,-0.827798,-0.197863,-0.402641,0.538430,0,0,0,0
0.037414,1.377345,-1.236707,-1.571251,0.043132,1.341882,-0.446505,1,1,0,1
1.141859,-0.131282,-0.491412,0.249131,-1.437641,-1.179189,-0.466189,0,0,0,0
0.970025,0.110126,-0.313954,1.002589,-0.651721,1.187080,-0.493362,1,0,1,0
0.307929,0.326814,0.037874,0.550920,0.238715,-0.905799,1.077773,0,0,0,0
0.946518,0.294608,-0.028211,0.190032,-0.926754,0.394778,0.119403,0,0,1,1
0.057941,1.018254,-0.018336,-0.005679,0.100411,0.086761,0.355374,0,0,0,0
0.732189,1.447617,-0.572066,-0.611778,-0.487303,0.838710,-0.264403,0,1,0,1
0.076213,1.099027,-0.277273,0.055718,0.498510,-0.153762,0.750201,0,0,0,0
0.163262,1.669842,-0.467782,-1.244411,-0.288120,0.601153,0.099224,1,1,1,0
0.055966,0.697347,-0.371666,-0.192744,-0.559953,-0.218167,1.388204,0,0,0,0
0.742780,-0.096080,-0.854350,-0.144057,-0.839781,0.346904,-0.150966,0,0,1,1
-0.137395,0.940944,-0.305868,-0.653188,-0.291981,-0.192007,0.229093,0,0,0,0
0.219720,1.062271,-0.561957,-0.707506,-0.729732,1.069582,-0.045957,0,1,0,1
-0.076751,1.046862,-0.595772,-0.409591,-0.130575,0.336446,0.443406,0,0,0,0
-0.045314,1.096690,-0.595789,-1.054090,-0.781554,0.562146,0.163440,0,1,1,0
-0.033048,0.840252,-0.249604,-0.988516,0.322978,0.533400,0.767762,0,0,0,0
1.232232,0.879794,-0.253710,-1.833111,-1.311754,4.729687,0.085569,1,0,1,1
1.406389,-0.062044,-0.462153,0.722278,-1.408031,0.028765,-0.435263,0,0,0,0
1.271537,0.074993,-0.891466,-0.355983,-1.600906,0.281394,-0.525463,1,1,0,0
0.099516,0.560823,-0.336803,0.526874,-0.011648,-0.591790,0.479401,0,0,0,0
0.401644,0.301026,-0.675608,1.008200,-0.334897,0.180635,-1.020430,0,1,0,1
0.149443,1.290322,-0.502691,-0.436048,-0.225805,-0.420088,0.684491,0,0,0,0
0.529828,1.227471,-0.862406,-0.439581,-0.244289,1.296040,-0.284819,0,0,1,1
-0.204389,1.284073,-0.635183,-0.215140,0.416011,0.217351,0.775822,0,0,0,0
0.646849,1.242222,0.373423,-0.656491,-0.633409,1.873553,0.267402,1,1,1,0
0.212748,1.314990,-0.585825,-0.750518,-1.167137,0.066458,0.978973,0,0,0,0
1.220504,0.550691,-0.749987,-0.920830,-1.566453,1.635339,0.348403,1,1,0,1
1.126321,-0.049018,-1.007946,-0.444683,-1.856670,-1.239256,-0.433741,0,0,0,0
1.131321,0.274288,-0.603434,0.197147,-0.696588,0.015436,-0.278622,0,0,1,1
-0.111349,0.782542,-0.416873,0.848201,0.230574,-0.230444,1.057404,0,0,0,0
0.533483,0.521892,-0.148551,-0.050756,-0.902637,1.539554,0.272667,1,0,0,0
-0.072884,1.617645,-0.738581,-1.683463,-0.780448,-0.197685,0.504801,0,0,1,0
-0.501714,1.645144,-1.069098,-1.378410,-0.452319,-0.246154,0.597765,1,1,0,1
1.619584,-0.032729,-1.030219,0.099908,-1.557280,2.604355,-0.181399,0,0,0,0
0.982241,-0.352022,-0.805435,0.606747,-0.789181,0.320728,-0.928083,0,1,1,1
1.297494,-0.513344,-0.572785,0.359487,-1.437192,0.333026,-0.755383,0,0,0,0
0.591224,-0.311642,-0.428709,0.600696,-0.177953,0.020604,-0.835157,1,1,1,0
1.747320,-0.258595,-0.852189,-0.390982,-2.070936,0.539850,-0.184946,0,0,0,0
1.150778,0.487878,-1.177136,-0.294035,-0.963385,-0.265248,-0.546522,1,0,1,1
1.394811,-0.542720,-1.099162,-0.663405,-2.424427,-0.644638,-0.625564,0,0,0,0
0.726738,0.872898,-0.934537,-1.276066,-1.529210,0.391432,0.121816,1,1,1,0
0.173520,0.744807,-0.789775,-1.192768,-1.065702,-0.118318,0.958130,0,0,0,0
0.822719,0.493829,-1.156258,-1.311766,-1.440380,1.545453,-0.212507,0,1,0,1
0.258011,0.901136,-0.821244,-0.854303,-0.718214,0.917262,0.330814,0,0,0,0
0.666983,1.012598,-1.134009,-1.105744,-1.120861,0.776693,-0.244641,0,0,1,1
-0.093374,1.225575,-1.157184,-2.011858,-0.498525,0.981970,0.398306,0,0,0,0
0.498726,1.404781,-1.377772,-1.634301,-0.695177,1.085014,-0.178146,0,1,1,0
0.002726,1.735087,-0.999385,-1.536721,-0.257158,-0.211865,0.818774,0,0,0,0
-0.258115,1.918018,-1.351628,-1.462894,-0.165607,1.725947,0.341828,1,1,0,1
1.450937,0.098881,-0.924725,-0.512121,-1.626101,-0.598289,0.122210,0,0,0,0
1.109820,0.260043,-1.191857,-0.713872,-1.412466,0.258577,0.158026,1,0,1,0
0.173349,1.110657,-0.491424,-1.070523,-0.420516,0.295519,0.589701,0,0,0,0
0.835993,0.735183,-0.254966,0.135890,-0.477141,0.850356,-0.028677,0,1,1,0
0.245670,0.779445,0.117072,0.020026,0.223215,-0.801446,0.685165,0,0,0,0
0.232409,1.177876,-0.928415,0.070743,-0.233282,0.277048,-0.547834,1,1,0,0
-0.071337,1.657484,-0.729465,-0.260989,0.503431,-0.436779,1.146759,0,0,0,0
-0.329763,1.683332,-1.179344,-0.605370,0.257341,0.331377,-0.224223,1,0,1,1
0.655899,0.312452,0.127167,0.554840,0.030473,-0.318531,0.276256,0,0,0,0
0.800333,0.338908,0.327054,0.715861,-0.944896,0.345635,-0.010773,0,1,1,1
1.517801,-0.185151,-0.303501,0.558622,-1.583470,-0.772429,-0.467262,0,0,0,0
0.852038,0.229448,-0.581933,0.199961,-0.792314,0.103616,-0.591729,1,1,0,0
0.067780,0.541058,-0.235528,0.422076,0.134757,-0.215213,0.914462,0,0,0,0
0.428760,0.974273,-0.730555,-0.014067,0.081765,0.523824,-0.380708,1,0,1,0
-0.418864,1.162558,-0.339692,-0.537612,0.212154,-0.799987,0.540677,0,0,0,0
0.141935,1.603029,-0.675220,-0.500158,0.141846,0.328119,0.367074,0,1,1,1
1.381243,-0.090777,-0.830499,0.281880,-1.431019,-0.815908,-0.354902,0,0,0,0
1.172843,0.102138,-0.737412,-0.088205,-1.161217,-0.435698,-0.014036,1,0,0,1
0.182256,0.730375,-0.406882,0.396763,0.016547,-0.835167,0.911080,0,0,0,0
0.707056,0.582736,-0.495550,0.575098,0.038768,0.503807,0.070012,1,0,1,0
0.057783,0.710377,-0.648927,0.787980,0.911921,-0.858195,1.172792,0,0,0,0
0.143717,0.951872,-0.505621,0.628531,0.158721,0.265653,-0.453774,0,1,1,0
0.085060,0.329780,-0.060908,-0.723969,0.589428,-0.108842,0.751667,0,0,0,0
0.980980,0.121529,-0.283051,-0.607798,-0.499367,0.840588,-0.114541,1,1,0,1
-0.052869,0.831039,-0.182739,0.369807,0.039684,-0.627685,0.972046,0,0,0,0
0.955658,0.240069,-0.085944,0.336812,-0.472373,0.811890,0.024494,0,0,1,1
0.012578,0.694299,-0.512781,-0.361932,-0.217390,-0.605347,0.669410,0,0,0,0
0.444904,0.653253,-0.627323,-0.502682,-0.070128,0.652937,-0.349264,1,0,1,0
-0.231778,1.025255,-0.422937,-0.813149,-0.289625,0.070708,0.309395,0,0,0,0
0.340868,0.972746,-1.034063,-0.871496,-0.268062,0.365215,-0.618946,1,1,0,0
-0.233671,1.720485,-0.325556,-0.192792,0.207076,0.681277,1.039023,0,0,0,0
-0.021855,1.912960,-0.881922,-0.256977,0.570252,0.523882,-0.304700,0,1,1,1
1.545618,-0.222760,-0.400758,1.202521,-1.153816,-0.861533,-0.335902,0,0,0,0
1.073418,-0.137746,-0.564637,1.152304,-0.696994,0.186261,-0.292093,1,0,0,1
0.325653,0.784801,0.241294,0.651957,-0.013145,-0.706544,0.913822,0,0,0,0
1.208027,-1.228937,0.218495,0.615427,-0.264019,1.024721,-0.957154,1,0,1,0
-0.343283,1.058043,-0.178497,0.099354,0.355262,-0.893450,0.473996,0,0,0,0
-0.037390,0.975366,-0.755893,-0.038258,-0.066663,0.345815,-0.397515,0,1,1,0
-0.146087,1.438073,-0.783675,-0.618155,0.925453,-0.434277,0.478870,0,0,0,0
-0.037069,1.604311,-1.475458,-0.849413,0.535680,0.167228,-0.429654,1,1,0,1
0.181851,0.768365,-0.795922,0.575494,0.056355,-0.556383,0.670182,0,0,0,0
0.719082,0.191330,-0.663118,0.424584,-0.363242,0.828640,-0.031979,1,0,1,1
1.525854,0.021318,-0.298907,0.526000,-1.643294,0.165208,-0.546293,0,0,0,0
1.041566,0.425114,-0.695326,0.293560,-0.679464,0.410374,-0.129270,0,1,1,0
-0.023037,1.011216,-0.661753,0.196098,0.177738,-0.744999,0.586809,0,0,0,0
0.602837,0.229666,-0.125443,-0.037074,0.366014,0.341808,-0.618309,1,1,0,0
-0.073719,1.403935,-0.459273,-0.091203,0.611243,0.012507,0.962360,0,0,0,0
0.111026,1.461198,-1.098692,-0.462874,1.175152,0.195947,-0.350030,1,0,1,1
1.283166,-0.307849,-0.545004,0.751275,-0.933917,-0.222303,-0.321618,0,0,0,0
1.259870,0.143653,-0.681230,0.698803,-1.122421,-0.417404,-0.360875,0,1,0,1
0.197563,1.000010,0.113571,-0.294763,-0.694202,0.220850,0.851444,0,0,0,0
0.400535,0.857206,-0.097085,0.277084,-0.757488,1.091260,0.043869,0,1,1,0
0.282915,1.281398,-0.513927,-0.330649,-0.095437,-0.659262,0.766084,0,0,0,0
0.713995,0.985360,-0.992950,-0.161092,0.292923,0.284244,-0.070684,0,0,1,1
-0.724635,1.358825,-0.049784,1.052129,0.870219,-0.148106,1.084366,0,0,0,0
-0.447313,1.670651,-1.012470,-0.259581,0.711934,0.804967,-0.852424,1,1,0,1
0.152640,0.663587,-0.004052,0.309051,-0.157282,-0.397619,1.234188,0,0,0,0
0.623726,0.461839,-0.386025,-0.420791,-1.132726,0.302146,-0.240892,1,0,1,0
-0.033612,1.165923,-0.071384,-0.234912,-0.182719,-0.797370,0.678470,0,0,0,0
0.473370,0.875163,-0.855799,-0.502971,-0.663121,-0.002124,0.190647,0,1,1,0
0.025317,1.018104,-0.742808,-0.080756,0.382624,-0.251979,0.609239,0,0,0,0
0.368965,0.953382,-1.003241,-0.703610,-0.072864,0.558227,-0.792115,0,1,0,1
-0.356455,1.458004,-0.581677,-0.308337,0.733565,-0.105090,0.714354,0,0,0,0
-0.128752,1.548069,-1.278847,-0.340008,0.713030,-0.055175,-0.896099,1,0,1,1
1.488343,-0.371441,-0.565769,1.339545,-1.125638,-0.778033,-0.413556,0,0,0,0
1.249738,0.168084,-0.317995,0.973024,-0.809291,-0.408351,-0.273005,0,1,1,0
0.168619,0.720883,-0.123776,0.714319,0.457301,-0.723996,0.445409,0,0,0,0
1.325384,-1.188311,1.062409,-0.169118,-0.503837,1.386207,-0.662037,1,1,0,0
0.343984,1.158717,0.089367,0.417510,0.421074,-0.480765,0.527144,0,0,0,0
0.451330,0.859713,-0.330206,0.076652,0.128099,1.275117,0.007971,1,0,1,0
-0.624438,1.388447,-0.344808,0.505830,0.952608,0.158696,0.288182,0,0,0,0
-0.268065,1.828222,-1.017628,-0.540367,0.558335,0.943781,-0.675791,0,1,1,1
0.576399,0.752472,-0.560414,1.048962,0.723853,-0.858926,1.403792,0,0,0,0
0.841948,-0.074236,-0.276748,0.099907,-0.532471,0.410194,-0.229054,1,1,0,1
1.160857,-0.112445,-0.131891,0.855958,-1.556842,-0.501228,-0.353515,0,0,0,0
0.979186,0.482889,-0.212945,-0.520317,-0.766047,-0.061418,0.024377,1,0,1,0
-0.117906,1.290853,0.250720,0.426873,0.239942,-1.193720,0.381753,0,0,0,0
-0.261311,1.141090,-0.148352,-0.392711,-0.333053,0.082049,0.062642,0,1,1,0
-0.506374,1.584247,0.029414,-0.431628,-0.170254,-0.050024,0.589334,0,0,0,0
0.183277,1.315067,-0.807225,-0.941540,0.134929,0.827844,-0.544939,1,1,0,1
1.177383,-0.234776,-0.510295,0.844060,-0.890985,-1.414637,-0.465508,0,0,0,0
1.132307,0.036238,-0.406916,1.105773,-0.739604,0.029966,-0.105087,0,0,1,1
0.118292,0.687443,0.075938,0.871196,0.456507,-0.942793,1.269557,0,0,0,0
1.230639,-0.817574,0.103728,0.568002,-1.159139,1.128124,-0.139182,1,0,1,0
0.529153,0.924971,0.145021,-0.464504,-0.010717,-0.459941,0.604821,0,0,0,0
0.985323,0.405926,0.322286,-0.567784,-0.041963,0.611962,-0.158552,1,1,0,0
0.306207,1.591647,0.275369,-0.072492,0.562289,0.388045,0.855389,0,0,0,0
0.075345,1.001041,0.085731,0.056340,0.363434,0.693360,-0.908737,0,1,1,1
0.145295,0.485011,-0.207976,0.039281,-0.565817,-0.924090,1.639441,0,0,0,0
0.695164,-0.130006,-0.724753,0.050156,-0.388326,0.990487,-0.262686,1,0,0,1
0.120259,0.816764,-0.152715,-0.560390,-0.454085,0.441511,0.562806,0,0,0,0
0.595270,0.883262,-0.684300,-0.692144,-0.611518,0.530609,0.015416,1,0,1,0
0.155518,1.008628,-0.220346,-0.478087,0.006376,0.179300,0.528004,0,0,0,0
0.333351,0.738644,-0.806899,-0.579692,-0.283029,0.844725,-0.558347,0,1,1,0
-0.274491,1.529897,-0.560106,-0.844565,0.314252,0.644699,0.698329,0,0,0,0
1.221987,1.140701,-0.391620,-1.475843,-1.177641,5.709784,0.042311,1,1,0,1
1.553920,-0.080835,-0.451714,0.408194,-1.396413,-0.046512,-0.499493,0,0,0,0
1.396964,0.265815,-1.095330,-0.612980,-1.465414,0.494559,-0.562493,1,0,1,0
-0.009241,0.360002,-0.557528,0.379548,0.502829,-0.506254,0.871616,0,0,0,0
0.525902,0.392816,-0.780168,0.802389,-0.525581,0.227955,-0.953730,0,1,1,0
0.425094,1.223455,-0.873677,-0.886868,-0.762878,-0.472094,0.505116,0,0,0,0
0.496300,1.193867,-0.690112,-0.914300,-0.244324,1.958351,-0.181864,0,1,0,1
-0.191679,1.399506,-0.485077,-0.602341,0.331656,0.223487,0.694952,0,0,0,0
0.520818,1.481413,0.046181,-0.523760,-0.476817,1.650350,0.389871,1,0,1,1
0.288938,1.187512,-0.718335,-0.491062,-0.881412,-0.437200,0.956345,0,0,0,0
1.192840,0.521496,-0.895419,-0.584218,-1.518245,1.729396,0.192122,1,1,1,0
1.308235,-0.329081,-0.921493,-0.376230,-1.845921,-0.705397,-0.472228,0,0,0,0
1.115119,0.379950,-0.559688,0.120102,-0.502294,0.647228,-0.283348,0,1,0,1
-0.052551,0.792969,-0.319133,0.352375,0.214896,-0.217193,0.758362,0,0,0,0
0.579629,0.564340,-0.077589,-0.014418,-0.884622,1.789176,0.096893,1,0,0,0
-0.124817,1.704501,-0.758805,-1.529592,-0.625058,-0.416694,0.509810,0,0,1,0
-0.225143,1.792112,-1.095868,-1.334257,-0.358071,-0.590061,0.244170,1,1,0,1
1.363333,-0.086712,-1.229221,-0.193500,-1.331155,0.356334,-0.127204,0,0,0,0
1.185360,-0.056782,-0.979228,0.616594,-0.694663,0.420683,-0.750281,1,0,1,1
1.062832,-0.321715,-0.562640,0.505095,-1.462993,-0.375779,-0.943629,0,0,0,0
0.532835,-0.171613,-0.387988,0.831686,-0.330100,0.123396,-0.850061,0,1,1,1
1.516086,0.216771,-0.550851,-0.338107,-1.731205,0.843642,-0.222632,0,0,0,0
0.962290,0.679219,-1.096108,-0.044952,-0.768859,0.051806,-0.632676,1,1,1,0
1.328790,0.001379,-0.957414,-0.355247,-2.016536,-0.474133,-0.505428,0,0,0,0
0.670135,0.918548,-0.767246,-0.947486,-1.184130,0.792260,0.183838,1,0,0,1
1.403894,-0.493261,0.282464,-1.171213,-1.304600,-0.519384,0.195347,0,0,1,0
1.110436,-0.237967,0.745004,-2.065250,-0.188118,-0.568307,0.580702,0,1,0,0
0.451502,0.469499,0.206052,-2.175134,-0.051203,-0.884372,0.465795,1,0,0,0
-0.392829,0.854057,-0.411589,-1.624538,-0.398615,-0.224881,0.629165,0,0,1,1
1.101359,-0.590617,0.788222,-1.719131,-0.758893,-0.358520,0.577124,1,0,0,0
0.894324,-0.120431,0.639006,-2.318395,-0.301786,-0.771378,0.074953,0,1,0,0
0.610723,0.188241,0.725531,-2.674039,-0.220676,-0.399759,0.450583,0,0,0,1
-0.627570,0.729531,0.351277,-2.242248,0.081053,-0.477430,0.311521,1,0,1,0
1.171690,-0.794382,0.499067,-2.356223,-1.025062,-1.065486,0.293751,0,1,0,0
0.731657,-0.202934,1.334320,-2.634587,-0.261218,-0.570396,0.384577,0,0,0,1
0.493528,0.114058,0.454002,-2.076596,0.293098,-0.458315,0.447410,1,0,0,0
-0.618618,0.623246,1.421413,-1.047715,0.550223,-0.371088,0.715271,0,1,1,0
0.945541,-1.286111,0.634542,-0.245687,0.005982,-1.428228,-0.139577,0,0,0,1
0.403642,-0.823123,1.511739,-0.818822,0.545845,-0.638471,0.434750,1,0,0,0
0.141852,-0.118677,1.289812,-0.883530,0.869472,0.474754,1.089207,0,0,1,0
-0.817338,0.167465,0.893498,-0.847157,0.747099,-0.544228,1.551316,1,1,0,0
1.068918,-1.412585,1.089171,-0.562122,0.381113,-1.327875,0.755981,0,0,0,1
0.593350,-1.206254,1.033452,-1.325971,0.683964,-0.612692,1.229692,0,0,1,0
-0.179348,-0.514773,1.805288,-0.429810,1.254028,-0.255984,1.749570,0,1,0,0
-1.477447,-0.391129,1.644432,-0.687533,1.073124,-0.977706,1.707118,1,0,0,1
0.903150,-1.278777,1.115962,-0.384318,-0.076003,-0.288821,0.469684,0,0,1,0
0.323155,-0.805280,1.291629,-0.481025,0.630923,-0.664936,0.660470,0,1,0,0
-0.273704,-0.464457,1.982685,-1.012687,0.896746,-0.495711,0.719846,0,0,0,1
-1.594538,-0.485487,1.498955,-0.386806,1.195318,-1.636148,0.941370,1,0,1,0
1.004785,-1.410606,1.299202,-0.136845,0.158562,-1.021863,-0.016471,0,1,0,0
0.538060,-1.362820,1.611204,-0.118311,1.244017,-0.766918,-0.363044,0,0,0,1
-0.410222,-0.924914,1.556760,-0.529727,1.496837,0.512742,0.259570,1,0,0,0
-1.561793,-0.872748,1.417751,-0.069382,1.786351,-0.664102,0.498597,0,1,1,0
1.194230,-1.092380,1.216923,0.065125,-0.113075,-0.438420,0.569591,0,0,0,1
0.375798,-1.213979,2.139236,-0.218033,0.860435,-1.183240,1.354941,1,0,0,0
-0.227734,-0.716993,1.277283,-0.197731,0.820466,-0.812537,0.811513,0,0,1,0
-1.334336,-0.475140,1.317922,0.382810,1.688087,-0.409972,0.384339,1,1,0,0
1.009663,-1.159338,1.322187,0.310331,-0.303293,-0.955131,-0.232775,0,0,0,1
0.480828,-1.030162,1.341457,-0.162778,1.310877,-1.105417,0.174439,0,0,1,0
-0.406634,-1.115511,1.724658,0.159130,1.835286,-0.750971,1.174190,1,0,0,0
-1.081553,-0.147873,1.360520,0.467889,1.598018,-0.832823,1.331968,0,1,0,1
0.947207,-1.234463,0.542026,-0.231719,-0.016211,-1.123368,0.335101,0,0,1,0
0.470014,-1.175349,0.916744,-0.472714,0.896450,-0.115252,0.080537,0,0,0,1
-1.053131,-1.098530,2.178760,-0.097280,1.703134,-1.227036,1.127626,1,0,0,0
-0.998550,-0.242424,0.708794,-0.136031,1.297617,-0.855809,1.330819,0,1,1,0
0.722062,-1.352031,0.892656,-0.161877,0.239023,-1.429721,0.419600,0,0,0,1
0.266069,-1.489637,1.149857,-0.335139,0.792579,-1.250380,0.362958,1,0,0,0
-0.374754,-0.723667,1.621089,-0.162928,1.388389,-0.511125,0.654837,0,1,0,0
-0.865777,-0.210644,0.822954,-0.069865,1.374633,-0.642602,1.522338,0,0,1,1
0.701456,-1.373695,0.929476,-0.046542,0.325455,-1.297837,0.222760,1,0,0,0
0.240214,-1.334129,1.606083,0.738735,1.551179,-1.095237,1.197762,0,0,1,0
-0.478473,-0.866191,2.053344,0.174581,2.039112,-0.201797,1.352046,0,1,0,0
-0.643206,-0.071784,1.296394,0.330320,1.797780,-1.178716,1.585098,1,0,0,1
1.410956,-0.680628,-0.623968,0.670639,-1.300343,-0.253951,-0.613534,0,0,0,0
0.758834,-0.718741,0.131080,1.460252,-0.389926,0.827067,-0.317186,0,1,0,0
-0.408946,-0.213922,0.183522,1.051819,0.333404,-0.827585,1.231862,0,0,1,0
-0.730790,-0.149736,0.148330,1.808269,0.829991,-1.247591,1.095960,0,0,0,1
-0.661345,0.004223,0.242452,1.876312,1.116018,0.591527,1.443519,0,0,0,0
-0.104503,0.221497,-0.457575,1.033468,0.599751,1.760427,-0.828025,1,1,1,0
0.071090,-0.988320,0.733676,1.455895,-0.468481,-0.848284,1.312263,0,0,0,0
0.433752,-0.628872,-0.134657,1.494904,-0.308995,0.707141,-0.735247,0,0,0,0
0.136641,-0.511352,-0.008527,1.618692,0.145938,0.799045,-0.867657,0,0,0,0
-0.028918,0.810278,-0.689605,1.136820,0.520984,1.140839,-0.598943,1,0,1,1
-0.084891,-0.485946,-0.002058,1.143554,-0.227125,-0.847136,1.748131,0,0,0,0
0.355062,-0.460437,-0.109688,1.446963,-0.201514,1.016345,-0.703756,0,0,0,0
-0.090909,0.050993,0.073674,2.040262,0.629570,0.490994,0.071942,0,0,0,0
-0.492422,0.377622,-0.185278,1.740932,0.728240,-0.282405,0.019592,1,1,1,0
-0.304812,-0.835421,0.622989,2.007204,-0.163086,-0.908162,1.545739,0,0,0,0
-0.135699,-0.312015,-0.105324,1.639694,0.103011,0.042454,-0.172666,0,1,1,1
0.048546,-1.016544,-0.349605,1.890828,-0.066590,0.844742,-0.793815,0,0,0,0
0.727989,-0.632695,-0.408595,1.869336,-0.168816,1.104196,-0.427389,0,0,0,0
0.499785,-0.334445,-0.355446,1.964568,0.027089,1.520722,-0.044383,0,0,0,0
-0.152506,-0.779806,0.337865,2.324222,0.574291,0.342331,-0.510409,0,1,1,0
-0.593438,0.144604,-0.492599,1.021863,0.410667,-0.638601,1.334369,0,0,0,0
-0.517271,0.053878,-0.666086,1.477269,0.416309,0.134007,-0.320903,0,0,0,1
-1.096581,0.659103,-0.127590,1.218911,0.942281,0.018374,1.351687,0,0,0,0
-2.044873,0.343885,-0.282788,1.326767,1.202190,0.165636,-0.826150,1,1,1,0
1.341930,-0.673651,-0.583278,0.728147,-1.475364,-0.965586,-0.772157,0,0,0,0
0.782462,-0.802857,-0.500973,1.683928,-0.619047,0.108050,-1.013377,0,0,0,0
0.246705,-0.640570,-0.194808,1.785808,-0.190378,-0.500774,-0.347520,0,0,0,0
-0.277899,-0.767475,0.185353,2.726449,0.821575,0.173109,0.482059,1,0,0,1
-0.563632,-0.171187,-0.589190,1.079759,0.787800,-0.617051,1.271282,0,0,0,0
-0.294287,0.074254,-0.187440,1.223971,0.133326,0.317553,-0.110598,0,0,1,0
-1.148951,0.386557,-0.313539,1.805213,1.022694,-0.793628,1.483071,0,0,0,0
-1.481176,0.477372,-0.492493,1.589699,1.031354,0.203840,-0.105863,1,1,1,0
0.512604,-0.147445,-1.152901,1.473064,0.090980,2.228969,-0.578332,0,0,0,0
0.722208,-0.620501,-0.428309,1.387913,-0.473995,0.481041,-0.413450,0,0,0,1
-0.490583,-0.255653,0.239427,1.780123,0.543757,-1.432918,1.019260,0,0,0,0
-0.790008,-1.123414,-0.264052,2.403610,0.477827,-0.497786,-0.348644,0,1,0,0
0.089877,-0.453692,-0.790508,1.585694,0.814561,1.542229,-0.672682,0,0,0,0
-0.370503,0.031467,-0.242236,1.940744,0.649856,0.398431,-0.151289,1,0,0,0
-1.667294,0.389948,0.079242,1.473724,1.444303,-1.635325,0.352565,0,0,0,1
-1.666948,0.269919,-0.404906,1.584463,1.419901,-0.628769,0.485156,1,1,1,0
1.090386,-0.747564,-0.454547,1.123283,-1.277363,-1.186469,-1.048168,0,0,0,0
0.629545,-0.849637,-0.153291,2.148179,-0.415812,0.626413,-0.587742,0,0,0,0
0.026724,-0.439774,0.491051,2.307351,-0.111908,1.048190,0.194731,0,0,0,0
-0.353575,-0.761952,0.343882,2.727731,0.433990,0.533107,0.278154,1,1,0,1
1.135869,-0.678917,-0.298049,0.867553,-1.461780,-0.789182,-0.950710,0,0,0,0
0.221132,-0.281901,-0.108349,1.158442,-0.519155,0.052902,-0.760830,0,1,1,1
0.954090,-0.552162,0.075591,1.662533,-0.951602,-0.915968,-0.768652,0,0,0,0
-0.067235,-0.042632,0.090775,0.976472,-0.455203,-0.508560,-0.674942,1,0,1,1
-0.124690,-0.217908,-0.597412,1.944260,0.168344,-0.973892,0.319299,0,0,0,0
0.283146,-0.504673,-0.236857,2.027058,-0.090067,0.561634,-0.140814,0,1,0,0
-0.886252,-0.446295,0.334734,2.145831,0.738663,-0.877989,0.474121,0,0,0,0
-0.029564,-1.211114,0.169361,1.216806,0.069245,1.156212,-0.367732,1,0,1,0
-0.432150,-0.127486,-0.664001,1.244066,0.716520,0.182978,0.225254,0,0,0,0
-0.300883,0.194582,-0.649014,1.898276,0.651094,0.962129,-1.006078,0,0,0,1
-1.335673,0.629964,0.244305,1.489050,0.959219,-1.007749,1.136968,0,0,0,0
-1.221819,0.551913,-1.367611,0.668275,0.893698,0.485466,-0.907893,1,1,1,0
1.111651,-0.418320,-0.341214,0.899986,-1.190115,-0.607781,-0.762688,0,0,0,0
0.673355,-0.880691,-0.430768,1.466920,-0.441463,0.256602,-0.261780,0,0,0,0
0.410103,-0.520874,0.100676,1.981196,-0.256687,-0.062483,-0.333009,0,0,0,0
-0.396182,-0.958365,0.297383,2.020208,0.754743,0.830591,-0.027433,0,0,1,0
-0.694894,-0.158991,-0.407551,1.041232,0.531617,-0.216028,1.469885,0,1,0,0
-0.698013,0.383933,-0.737082,1.033212,0.832870,-0.177865,0.817884,1,0,0,0
-1.310874,0.553277,0.266944,1.367982,0.744507,-0.887723,1.532516,0,0,0,0
-1.267495,1.001983,-0.352953,1.911625,1.507957,1.213892,-0.170970,1,1,0,1
-0.568695,-0.045474,-0.416548,1.792266,0.936138,-0.472333,0.735492,0,0,1,0
-0.360234,-0.381792,0.135882,1.758464,0.266233,-0.579097,0.823180,0,0,0,1
-0.322755,-0.208822,-0.095806,1.802644,0.615202,0.078065,1.318515,0,0,0,0
0.127928,-0.171326,-0.312615,1.992845,0.362987,0.109066,-1.009306,0,0,1,0
-1.110054,-0.194657,0.346811,1.633120,0.523040,-0.860320,1.492047,0,0,0,0
-0.657443,0.029120,-0.379754,1.756892,0.634211,0.096088,-0.645809,1,1,0,1
-0.329585,-0.230342,-0.579728,1.478818,0.068829,-0.922415,1.166756,0,0,0,0
0.436245,-0.631297,-0.267485,2.128628,0.070160,1.097315,-0.699540,0,0,0,0
0.536146,-0.419482,-0.328411,1.747154,-0.051886,0.457440,-0.700192,0,0,0,0
0.434354,-0.358179,-0.239553,1.303489,0.538582,1.197077,-0.648707,1,0,1,1
0.532487,-0.837660,0.547987,1.663932,-0.423131,-0.401169,0.438859,0,0,0,0
0.475200,-0.526825,-0.483476,0.914238,0.026488,1.691660,-0.894199,0,0,0,0
0.096110,0.062871,-0.473776,1.309563,0.088488,0.571818,-0.709902,0,0,0,0
0.087658,0.704112,-0.631769,1.453089,0.161718,0.256216,-0.612876,1,1,1,0
0.126505,-0.479554,-1.003977,1.009620,-0.422615,-0.854403,1.213185,0,0,0,0
0.900251,-0.631218,-1.308732,1.023764,-0.142166,0.127708,-0.655205,0,0,0,0
0.862062,-0.476565,-1.197536,1.095705,-0.310401,-0.397863,-0.274822,0,0,0,0
0.191326,-0.005677,-0.784535,2.230019,0.416884,-0.137975,-0.665670,0,0,0,0
-0.253055,0.373280,-0.919575,1.456124,0.292978,0.251093,-0.398659,0,0,0,0
-0.992848,0.688941,-1.094818,1.597898,1.166202,0.218656,-0.773416,0,0,0,0
-1.144313,1.190189,-1.292278,1.307223,1.486152,0.822970,-0.738253,0,0,0,0
-1.256110,1.946444,-1.237562,1.006838,1.674731,0.268503,-0.444341,0,0,1,0
-1.403300,1.543637,-0.616581,1.101873,1.549825,-1.183849,2.261346,0,1,0,0
-1.343305,2.050183,-0.586228,0.766034,1.473201,-1.322868,2.009421,0,0,0,1
