mfcc0,mfcc1,mfcc2,mfcc3,mfcc4,onset,rms,lane0,lane1,lane2,lane3
-5.379673,-4.305651,1.455570,-4.183612,1.534627,-2.290432,-2.278031,0,0,1,1
-3.281594,-2.278485,2.907392,-0.576365,2.178647,-1.585369,-1.783767,0,0,0,0
-5.083630,-2.797323,3.499657,-1.477873,4.090526,-2.099479,-2.064905,1,0,0,0
-1.126011,0.274081,-1.594433,-0.222795,0.470213,-0.555063,-1.856315,0,0,0,0
-2.074420,0.781595,0.060103,-1.531205,0.831434,-1.524656,-2.045348,0,0,1,1
-3.615493,-1.787988,2.924860,-0.779835,2.518691,-1.642475,-1.876738,0,0,0,0
-5.104965,-2.904425,3.361058,-1.646687,3.950840,-1.976332,-2.099692,0,1,0,0
-1.139642,0.190125,-1.421734,-0.128689,0.372975,-0.822278,-1.870691,0,0,0,0
-2.210825,0.801571,0.325590,-1.434341,1.084833,-1.866784,-2.054099,0,0,1,1
-3.214093,-2.128632,2.623008,-0.366957,2.314258,-1.264820,-1.789579,0,0,0,0
-5.089077,-2.824947,3.462739,-1.525546,4.047171,-2.098100,-2.082106,1,0,0,0
-1.077445,0.184617,-1.693197,-0.021941,0.243201,-0.516062,-1.839320,0,0,0,0
-2.007862,0.732618,-0.132557,-1.570926,0.716576,-1.600196,-2.037852,0,0,1,1
-3.557272,-1.798185,2.813148,-0.780244,2.449779,-1.743179,-1.888987,0,0,0,0
-5.108055,-2.920056,3.340348,-1.673057,3.927317,-1.964517,-2.103203,0,1,0,0
-1.103970,0.176824,-1.557562,-0.088713,0.264270,-0.698811,-1.872058,0,0,0,0
-2.178546,0.761074,0.242437,-1.510815,0.783105,-1.803730,-2.050939,0,0,1,1
-3.159760,-2.256815,2.712372,-0.452380,2.239090,-0.979307,-1.791370,0,0,0,0
-5.093746,-2.848426,3.432201,-1.563131,4.015448,-2.082977,-2.098953,1,0,0,0
-1.060227,0.203727,-1.711730,-0.079717,0.270650,-0.466821,-1.830999,0,0,0,0
-2.279536,0.329594,0.529003,-1.102328,1.070874,-2.086374,-1.577355,0,0,1,1
-3.504248,-1.922816,2.762123,-0.788654,2.379011,-1.669284,-1.898295,0,0,0,0
-5.111042,-2.935141,3.320435,-1.698214,3.905198,-1.956521,-2.105090,0,1,0,0
-1.098497,0.167190,-1.529691,-0.152820,0.286795,-0.584861,-1.869068,0,0,0,0
-2.126768,0.797576,0.201576,-1.407081,0.842317,-1.768190,-2.050931,0,0,1,1
-3.125054,-2.221503,2.628486,-0.382713,2.175508,-1.311130,-1.798219,0,0,0,0
-5.096308,-2.861401,3.414921,-1.585323,3.995409,-2.067539,-2.113170,1,0,0,0
-1.037768,0.122479,-1.773148,-0.026780,0.314427,-0.409578,-1.830263,0,0,0,0
-2.294587,0.422327,0.472538,-1.236775,1.141030,-2.054501,-1.624017,0,0,1,1
-3.455198,-1.939424,2.815319,-0.722289,2.392232,-1.606551,-1.890563,0,0,0,0
-5.113135,-2.945697,3.306556,-1.715634,3.890027,-1.970833,-2.106796,0,1,0,0
-1.073265,0.152462,-1.593683,-0.064404,0.249143,-0.625306,-1.868986,0,0,0,0
-2.112537,0.793992,-0.002307,-1.616373,0.806859,-1.710116,-2.048419,0,0,1,1
-3.076855,-2.319080,2.757880,-0.311343,2.160918,-1.121321,-1.791735,0,0,0,0
-5.100275,-2.881316,3.389160,-1.616684,3.969464,-2.050635,-2.114907,0,0,0,1
-1.051098,0.121578,-1.746900,-0.026851,0.418734,-0.352199,-1.828367,0,0,0,0
-2.286945,0.565292,0.439868,-1.326032,1.110899,-2.042875,-1.727864,1,1,0,0
-3.420233,-2.072871,2.750916,-0.747707,2.424308,-1.512888,-1.872581,0,0,0,0
-5.117718,-2.968714,3.276743,-1.752012,3.859827,-1.995534,-2.108422,0,0,1,0
-1.078589,0.134096,-1.559419,-0.168657,0.158586,-0.466509,-1.862863,0,0,0,0
-2.070455,0.745028,0.074404,-1.547174,0.667192,-1.672042,-2.049892,1,1,0,0
-3.783130,-1.554095,2.921618,-1.116093,2.754922,-1.644095,-1.953386,0,0,0,0
-5.103497,-2.897499,3.368172,-1.642362,3.948042,-2.032946,-2.116365,0,0,0,1
-1.053770,0.100696,-1.710804,0.103225,0.250380,-0.450350,-1.830574,0,0,0,0
-2.259844,0.589458,0.356842,-1.320169,1.042301,-1.932780,-1.869917,1,1,0,0
-3.337598,-2.220291,2.778439,-0.769457,2.409387,-1.405514,-1.856781,0,0,0,0
-5.120795,-2.984150,3.256829,-1.776134,3.840047,-2.017860,-2.110287,0,0,1,0
-1.060197,0.160720,-1.606432,-0.110349,0.144850,-0.478858,-1.857236,0,0,0,0
-2.060134,0.764164,-0.009539,-1.694246,0.647658,-1.630632,-2.048977,1,1,0,0
-3.747701,-1.621140,2.942726,-1.157259,2.596645,-1.635331,-1.954822,0,0,0,0
-5.106437,-2.912333,3.348673,-1.666809,3.926813,-2.022278,-2.116993,0,0,0,1
-1.053410,0.076012,-1.730241,0.005982,0.385748,-0.525679,-1.830538,0,0,0,0
-2.265944,0.669238,0.333722,-1.433362,1.004548,-1.950726,-2.007245,1,1,0,0
-3.337381,-2.149667,2.759575,-0.567239,2.244299,-1.260538,-1.858250,0,0,0,0
-5.065999,-2.873916,3.314017,-1.365261,4.085985,-2.114084,-2.070123,0,0,1,0
-1.055030,0.178810,-1.728870,-0.111422,0.204553,-0.365198,-1.845916,0,0,0,0
-2.026039,0.784373,-0.102661,-1.563712,0.784978,-1.668177,-2.042569,1,1,0,0
-3.701293,-1.674646,2.866456,-1.077347,2.610135,-1.568411,-1.943636,0,0,0,0
-5.109884,-2.929592,3.326525,-1.693349,3.905492,-1.999406,-2.117007,0,0,0,1
-1.045986,0.057712,-1.777435,0.108317,0.387611,-0.381614,-1.830810,0,0,0,0
-2.217718,0.597022,0.253800,-1.373982,0.822388,-1.945672,-2.058319,1,1,0,0
-3.261900,-2.391215,2.781802,-0.649293,2.322305,-1.439790,-1.858140,0,0,0,0
-5.093524,-2.847621,3.431952,-1.566437,4.008357,-2.106452,-2.069996,0,0,1,0
-1.040147,0.121276,-1.704197,-0.033445,0.291172,-0.429222,-1.842107,0,0,0,0
-1.996628,0.775451,-0.131946,-1.469467,0.860197,-1.555410,-2.037731,1,1,0,0
-3.632057,-1.741314,2.792935,-0.882399,2.579691,-1.771415,-1.920748,0,0,0,0
-5.113085,-2.945583,3.306158,-1.717407,3.886652,-1.988274,-2.116121,1,0,0,0
-1.068109,0.091238,-1.714056,-0.049861,0.513348,-0.513558,-1.840101,0,0,0,0
-2.195756,0.770565,0.253638,-1.502163,0.913157,-1.897118,-2.052779,0,0,1,1
-3.249455,-2.232777,2.699008,-0.612969,2.334328,-1.437221,-1.835207,0,0,0,0
-5.095824,-2.859139,3.417150,-1.584232,3.993955,-2.101229,-2.086020,0,1,0,0
-1.052351,0.145054,-1.703084,-0.134460,0.240242,-0.293019,-1.837381,0,0,0,0
-1.974554,0.745004,-0.139256,-1.521854,0.742893,-1.564843,-2.037418,0,0,1,1
-3.597774,-1.796519,2.832832,-0.999859,2.539064,-1.665682,-1.912066,0,0,0,0
-5.114169,-2.951012,3.299171,-1.725829,3.879808,-1.971880,-2.114574,1,0,0,0
-1.094027,0.151476,-1.460165,-0.161370,0.157124,-0.880176,-1.865768,0,0,0,0
-2.165270,0.673962,0.200467,-1.424735,0.806054,-1.893573,-2.054757,0,0,1,1
-3.195616,-2.238879,2.695128,-0.464534,2.219517,-1.428817,-1.814305,0,0,0,0
-5.098089,-2.870408,3.402996,-1.600494,3.981878,-2.091871,-2.103275,0,1,0,0
-1.028969,0.095934,-1.739529,-0.003277,0.270504,-0.628141,-1.829084,0,0,0,0
-1.966925,0.632585,-0.160258,-1.567701,0.693292,-1.558402,-2.035239,0,0,1,1
-3.558114,-1.881986,2.807082,-0.815095,2.436427,-1.703303,-1.911904,0,0,0,0
-5.115319,-2.956820,3.291512,-1.735477,3.871382,-1.968784,-2.113335,1,0,0,0
-1.089536,0.168903,-1.581896,-0.133932,0.280841,-0.678775,-1.865951,0,0,0,0
-2.142642,0.734941,0.140885,-1.565962,0.788695,-1.854378,-2.052798,0,0,1,1
-3.157886,-2.238778,2.630506,-0.661091,2.473931,-1.218808,-1.815275,0,0,0,0
-5.101163,-2.885899,3.382709,-1.625749,3.960215,-2.074274,-2.116814,0,1,0,0
-1.042100,0.105524,-1.698571,-0.129088,0.301283,-0.397151,-1.829397,0,0,0,0
-2.261534,0.313392,0.388014,-1.229167,1.003171,-2.070057,-1.623396,0,0,1,1
-3.478714,-2.046247,2.868773,-0.865097,2.521272,-1.577255,-1.909654,0,0,0,0
-5.116373,-2.962066,3.284927,-1.743027,3.865815,-1.972827,-2.112491,1,0,0,0
-1.092447,0.170419,-1.597202,-0.175461,0.160781,-0.762144,-1.870293,0,0,0,0
-2.111726,0.759157,0.112378,-1.537949,0.737064,-1.783307,-2.053521,0,0,1,1
-3.097710,-2.311175,2.787391,-0.489145,2.271733,-1.388401,-1.806950,0,0,0,0
-5.102239,-2.891245,3.376003,-1.633443,3.954497,-2.058671,-2.119390,0,1,0,0
-1.029525,0.085694,-1.754191,-0.107708,0.379619,-0.367708,-1.829753,0,0,0,0
-2.285062,0.538616,0.378792,-1.188221,1.092176,-2.021078,-1.681447,0,0,1,1
-3.451204,-2.005793,2.660948,-0.638199,2.358369,-1.677364,-1.893755,0,0,0,0
-5.118086,-2.970655,3.273836,-1.756479,3.854765,-2.004719,-2.113371,0,0,0,1
-1.065486,0.127922,-1.682501,-0.172466,0.238056,-0.352703,-1.859631,0,0,0,0
-2.102553,0.767315,0.073471,-1.594455,0.791832,-1.717966,-2.050706,1,1,0,0
-3.790349,-1.699394,2.835859,-0.985495,2.648531,-1.665816,-1.959795,0,0,0,0
-5.101110,-2.885534,3.383593,-1.623759,3.963103,-2.044081,-2.119842,0,0,1,0
-1.051174,0.146308,-1.725728,-0.013071,0.301535,-0.391794,-1.827548,0,0,0,0
-2.272532,0.672895,0.398252,-1.192414,1.163086,-2.005075,-1.776406,1,1,0,0
-3.437508,-1.986907,2.688906,-0.747934,2.433471,-1.558644,-1.871695,0,0,0,0
-5.120925,-2.984824,3.255837,-1.777692,3.838098,-2.028316,-2.112503,0,0,0,1
-1.067487,0.189359,-1.606037,-0.037225,0.175164,-0.544075,-1.858500,0,0,0,0
-2.059811,0.705505,-0.036214,-1.581531,0.798512,-1.741863,-2.050570,1,1,0,0
-3.772045,-1.583109,2.903972,-1.020296,2.767137,-1.526859,-1.960663,0,0,0,0
-5.099612,-2.877710,3.394969,-1.606935,3.981441,-2.042595,-2.116284,0,0,1,0
-1.053803,0.147156,-1.859840,0.057547,0.328039,-0.401972,-1.830742,0,0,0,0
-2.232229,0.580288,0.334674,-1.261673,0.946870,-1.950617,-1.941209,1,1,0,0
-3.394204,-2.002222,2.681072,-0.701778,2.272280,-1.470402,-1.872065,0,0,0,0
-5.113845,-2.948758,3.304706,-1.713005,3.899229,-2.086504,-2.105927,0,0,0,1
-1.058325,0.208661,-1.558336,-0.056287,0.245529,-0.523433,-1.854537,0,0,0,0
-2.049927,0.676587,-0.120187,-1.583953,0.647357,-1.550099,-2.046230,1,1,0,0
-3.718190,-1.731801,2.893412,-1.000796,2.648606,-1.812632,-1.951978,0,0,0,0
-5.109127,-2.925585,3.332553,-1.684113,3.915752,-1.966958,-2.120144,0,0,1,0
-1.064001,0.145130,-1.631312,0.054025,0.411605,-0.350350,-1.830175,0,0,0,0
-2.231466,0.727199,0.315605,-1.258857,0.887890,-1.936630,-2.054063,1,1,0,0
-3.317222,-2.169792,2.799340,-0.653108,2.416832,-1.739481,-1.859190,0,0,0,0
-4.778761,-3.802868,2.881200,-0.043545,3.034886,-0.894395,-2.085650,0,0,0,1
-1.016195,0.071756,-1.454979,-0.037553,0.375214,-0.613068,-1.842557,0,0,0,0
-1.663182,-0.536624,0.752122,-1.264507,-0.165805,-1.394983,-2.021234,1,0,0,0
-2.555980,-5.494859,0.423178,0.150989,-1.162705,0.132077,-2.063082,0,0,0,0
-2.242486,-5.720953,-0.166954,0.603074,-0.937547,0.733587,-1.991728,0,0,0,0
-1.715977,-5.418531,-0.328459,-0.605825,-1.347942,1.971719,-1.869433,0,0,0,0
-1.077681,-2.838923,-0.282061,-2.319605,-2.362908,2.633474,-1.857137,0,0,1,1
-1.202056,-3.053709,0.494258,1.164142,-0.289617,-1.551051,-1.675327,0,1,0,0
-1.108801,-3.162406,-0.367848,-0.110367,-1.869706,-0.209810,-1.605253,0,0,1,0
0.263102,-0.485759,0.227858,0.810727,-0.861564,-0.753682,0.272781,0,1,0,0
-0.560960,-1.722343,1.031578,1.861494,0.762320,-1.231194,-1.344785,1,0,0,1
-0.432594,-2.194039,-0.865895,0.056739,0.248218,-0.735594,-1.477548,0,0,1,0
-0.253364,-1.865200,-2.922040,-0.241399,-1.565451,-0.126600,-1.404716,0,1,0,0
0.439478,-0.055474,-0.575686,0.115914,-0.368648,-0.155452,0.378283,1,0,0,0
-0.799814,-0.771929,0.828169,1.463054,-0.096280,-1.336299,-1.439132,0,0,1,1
-1.352385,-3.001295,1.516795,0.601171,-0.275717,-1.657535,-1.730980,0,1,0,0
-1.276574,-2.572544,-0.911940,-0.404123,-1.314894,-0.026924,-1.749544,0,0,1,0
0.201601,-0.128336,-0.651293,1.373058,-0.956761,-0.310165,0.184060,0,1,0,0
-0.518407,-0.957910,0.921435,0.969903,0.473662,-0.592067,-1.388600,1,0,0,1
-0.473297,-2.056548,-0.943458,0.151142,0.123058,-1.079129,-1.505994,0,0,1,0
-0.228633,-1.800281,-2.986803,-0.060100,-1.498700,0.317916,-1.395700,0,1,0,0
0.439522,-0.016900,-1.050419,0.231276,-0.346337,-0.529025,0.266241,1,0,0,0
-0.748802,-0.747110,1.009355,1.575697,1.076705,-1.402818,-1.448663,0,0,1,1
-1.438553,-2.776124,1.690489,0.437064,-0.856751,-1.549666,-1.737212,0,1,0,0
-1.240524,-2.455035,-0.823546,-0.073148,0.036823,-0.631718,-1.800527,0,0,1,0
0.207262,-0.089489,-0.444974,1.503833,-1.205675,-0.850098,0.097471,1,0,0,0
-0.751911,-1.257958,0.939278,1.094101,0.552698,-1.659672,-1.241787,0,1,0,1
-0.453306,-1.965655,-1.029077,0.203850,-0.010449,-1.178565,-1.485743,0,0,1,0
-0.215803,-1.724853,-3.079010,0.063818,-1.645160,-0.093519,-1.374290,0,1,0,0
0.455754,-0.003370,-0.810953,-0.055676,-0.699278,-0.312198,0.321345,1,0,0,0
-0.722035,-0.633353,0.805414,1.196111,0.487215,-1.176961,-1.431669,0,0,1,1
-1.307625,-2.680209,2.123290,0.306801,-0.486940,-1.662093,-1.732003,0,1,0,0
-1.102270,-2.257772,-1.330083,-1.047087,-1.160512,0.298136,-1.832591,0,0,1,0
0.260603,-0.110933,-0.679934,1.415762,-0.917634,-0.118670,0.226024,1,0,0,0
-0.609350,-0.906476,0.495150,0.445052,0.690146,-1.486741,-1.224262,0,1,0,1
-0.424665,-1.969932,-0.685564,-0.157262,0.098883,-1.036008,-1.500211,0,0,1,0
-0.226308,-1.932477,-3.220243,-0.317587,-1.823201,0.219935,-1.351889,0,1,0,0
0.426139,0.095461,-1.190282,0.603149,-1.091130,-0.657646,0.225558,1,0,0,0
-0.645861,-0.460260,0.773953,0.933247,0.428376,-1.346818,-1.415059,0,0,1,1
-1.347327,-2.548606,1.802434,0.584461,-0.993172,-1.665143,-1.734270,0,1,0,0
-1.180413,-2.389788,-1.618836,-1.920710,-1.511133,0.347502,-1.831352,0,0,1,0
0.255490,-0.287882,-0.705735,1.589034,-0.771319,-0.043348,0.241057,0,1,0,0
-0.618880,-0.906782,0.439281,0.867417,0.584197,-1.190162,-1.233916,1,0,0,1
-0.380267,-1.744469,-0.754255,0.214724,-0.223564,-1.230312,-1.488086,0,0,1,0
-0.244417,-1.902992,-3.032232,-0.141975,-1.341917,-0.181731,-1.356022,0,1,0,0
0.505963,-0.168788,-0.852628,0.046078,-0.760491,-0.392565,0.176629,1,0,0,0
-0.615757,-0.421299,0.715905,0.538090,0.215885,-1.239009,-1.404172,0,0,1,1
-1.439616,-2.923773,1.298704,-0.870155,-1.278796,-0.550264,-1.831523,0,1,0,0
-1.155352,-2.494357,-1.835470,-1.602451,-1.649360,-0.411404,-1.849776,0,0,1,0
0.302451,-0.209447,-0.826282,1.334173,-0.795860,-0.267873,0.192821,0,1,0,0
-0.527362,-0.678107,0.223979,0.269117,0.238521,-1.511750,-1.300183,1,0,0,1
-0.415338,-2.078288,-0.606938,0.048981,0.246139,-1.380103,-1.467971,0,0,1,0
-0.196250,-1.747827,-3.172199,-0.415846,-1.895859,0.695266,-1.331575,0,1,0,0
0.402930,0.210129,-1.155006,0.957761,-0.877887,-0.465117,0.179615,1,0,0,0
-0.554872,-0.542626,0.390854,0.257641,0.527752,-1.296921,-1.410738,0,0,1,1
-1.374107,-2.770608,0.867144,-1.224092,-1.144458,-0.594436,-1.834469,0,1,0,0
-1.100614,-2.131275,-1.630379,-2.023501,-2.002589,0.051169,-1.823725,0,0,1,0
0.250292,-0.492173,-0.657151,1.570868,-0.226055,-0.157608,0.255760,0,0,0,1
-0.514526,-0.656420,0.747148,0.115997,-0.032327,-0.604740,-1.375975,1,1,0,0
-0.441722,-1.994581,-0.726023,0.359523,0.104080,-1.409993,-1.441167,0,0,1,0
-0.222797,-1.727452,-3.171583,-0.263586,-1.589667,0.606204,-1.254425,0,1,0,0
0.468743,0.204324,-0.932867,0.590391,-0.903965,-0.544708,0.186127,1,0,0,0
-0.485775,-0.231433,0.663313,0.434865,0.127044,-1.654353,-1.385706,0,0,1,1
-1.381454,-2.983158,0.557682,0.166960,0.049101,-0.464015,-1.817891,0,1,0,0
-1.026368,-2.009885,-1.745657,-1.642925,-1.141642,0.060818,-1.821862,0,0,1,0
0.344230,-0.039008,-0.604185,1.209871,-1.231001,-0.219149,0.288530,0,0,0,1
-0.414414,-0.601693,0.743621,0.152361,0.136033,-0.993932,-1.386864,1,1,0,0
-0.385379,-2.031788,-0.488285,-0.157597,0.333507,-1.231579,-1.449831,0,0,1,0
-0.185691,-1.624539,-3.089355,-0.441513,-1.735271,-0.121542,-1.270072,0,1,0,0
0.456909,0.226623,-1.162009,1.026498,-1.047859,0.414970,0.154251,1,0,0,0
-0.430123,-0.237693,0.022957,0.167743,0.653282,-1.551055,-1.379819,0,0,1,1
-1.348037,-3.091982,0.648880,0.657487,0.341669,-1.034042,-1.809264,0,1,0,0
-0.932586,-1.576690,-1.444080,-1.524861,-1.962148,-0.067062,-1.805190,0,0,1,0
0.331289,-0.103014,-0.495853,1.685591,-0.920478,-0.459988,0.319151,1,0,0,0
-0.430892,-0.450169,0.554948,0.397870,0.007991,-0.749378,-1.364202,0,1,0,1
-0.384625,-1.879756,-0.453790,0.170142,0.159557,-1.423793,-1.432002,0,0,1,0
-0.169589,-1.420111,-2.937817,-0.131067,-1.399931,-0.350002,-1.279798,1,0,0,0
0.486302,0.068387,-0.977900,0.443430,-0.793493,-0.300668,0.330430,0,1,0,0
-0.506879,-0.429612,0.521460,0.669235,-0.201912,-0.948905,-1.339329,0,0,1,1
-1.384940,-3.081645,1.681097,0.888318,-0.705635,-1.190150,-1.790498,0,1,0,0
-0.868755,-1.569863,-1.281084,-1.539938,-2.043260,-0.168778,-1.766675,1,0,0,1
0.289911,0.180437,-0.789639,0.992339,-0.919805,-0.646899,0.224465,0,0,0,0
-0.353994,-0.424740,0.488996,0.012860,-0.156451,-1.175761,-1.344420,1,1,1,0
-0.376201,-1.931978,-0.383406,0.101210,0.213212,-1.660475,-1.424827,0,0,0,0
-0.129259,-1.436908,-2.908245,-0.257422,-1.933935,-0.227926,-1.265729,0,1,0,1
0.432676,0.024614,-1.255864,0.676355,-1.142954,-0.289276,0.251940,0,0,0,0
-0.374100,-0.201654,0.445422,0.144982,-0.164885,-1.242499,-1.266525,1,0,1,0
-1.387526,-3.140761,1.622585,0.358179,-1.095357,-1.334993,-1.786586,0,0,0,1
-0.907042,-1.554252,-1.154172,-1.588975,-2.312790,-0.007084,-1.676782,1,1,0,0
0.281935,0.125317,-0.514620,1.484400,-0.781526,-0.376750,0.312162,0,0,1,0
-0.334284,-0.537848,0.564762,0.147925,0.002200,-1.283652,-1.311506,0,1,0,1
-0.371772,-1.954257,-0.236667,-0.182861,0.099002,-0.884310,-1.408846,1,0,0,0
-0.071906,-1.118094,-2.590257,-0.410116,-1.787511,-0.385765,-1.297513,0,0,1,1
0.605252,-0.051738,-0.278578,0.020156,-0.513922,-0.180719,0.254653,0,1,0,0
-0.419501,-0.674949,0.844984,-0.471585,0.426874,-1.700360,-1.180243,1,0,1,0
-1.373139,-3.038073,1.924268,0.105061,-1.043252,-0.974438,-1.767671,0,0,0,1
-0.729205,-1.806062,-0.575766,-2.859497,-1.612071,-0.205175,-1.701105,1,1,0,0
0.432521,-0.430884,0.300280,0.148747,0.057580,-0.072181,0.362294,0,0,1,0
-0.290359,-0.922001,1.628517,0.061516,0.398456,-0.951010,-1.291159,0,1,0,1
-0.335773,-2.073552,-0.183547,-0.603698,0.354557,-1.595707,-1.398376,1,0,0,0
0.139107,-1.881511,-1.575700,-1.783721,-0.785944,0.108132,-1.282885,0,0,1,1
0.597568,-0.523775,0.154417,0.082902,-0.062520,0.000381,0.344088,0,1,0,0
-0.462465,-0.837229,1.334521,-0.396633,0.744105,-1.544258,-1.439074,1,0,1,0
-3.749892,0.883499,2.583707,-3.570622,3.179979,-1.782938,-1.367236,0,0,0,0
-2.185113,2.442999,-1.907006,-3.273525,3.327818,-0.156458,-1.316704,0,0,0,1
-1.992560,2.606244,-2.402323,-3.155291,3.325442,-1.367005,-1.293031,0,0,0,0
-2.014623,2.636239,-1.933593,-2.462232,3.475569,-0.533832,-1.300436,0,1,0,0
-3.750330,0.828496,2.800807,-2.156225,5.128057,-0.540706,-1.369684,0,0,0,0
-2.125278,2.948708,-1.152247,-2.583048,4.034093,1.315005,-1.340221,0,0,0,1
-2.106309,2.687946,-1.907439,-3.111957,3.855305,-1.191442,-1.313133,0,0,0,0
-2.150696,2.694018,-1.267442,-2.104949,4.202034,-0.584389,-1.335698,0,1,0,0
-3.907009,1.113935,4.633068,-1.024485,5.044933,-0.434920,-1.369250,0,0,0,0
-2.210644,2.836352,-1.302426,-2.938415,4.428377,3.290176,-1.407006,0,0,0,1
-2.222311,2.900894,-1.070642,-2.763250,4.571674,-0.864239,-1.360082,0,0,0,0
-2.176845,2.817609,-0.927595,-2.110969,4.358001,0.680349,-1.420942,0,1,0,0
-3.060019,2.464157,3.927334,-1.232122,2.811840,0.789587,-1.442046,0,0,0,0
-2.158441,2.153817,-0.296419,-1.915420,3.337279,0.929580,-1.456937,0,0,0,1
-1.931539,2.416685,0.115744,-2.364898,2.337460,-0.288856,-1.477047,0,0,0,0
-1.783411,1.162810,-0.680967,-0.839311,1.865834,0.916084,-1.527234,1,1,0,0
-0.402963,-0.764472,-0.269825,0.185189,-0.294042,-0.475452,-1.351797,0,0,1,0
-1.750440,0.858629,0.159206,-1.417489,1.684885,0.101328,-1.613993,1,1,0,0
-0.229361,-0.902942,0.324298,-0.496664,-0.176011,0.357305,-1.379396,0,0,0,1
-1.211459,-0.263051,-0.703482,-1.837148,0.911461,0.064640,-1.657999,1,1,0,0
-0.905695,0.254683,-0.828535,-0.770647,-0.312792,-1.513649,-1.669506,0,0,1,0
-1.319896,0.046022,-0.645214,-1.785333,0.792239,-0.796848,-1.773232,0,0,0,1
-0.766821,-0.040706,-0.076111,-1.497460,1.055876,-0.792503,-1.609290,1,1,0,0
-0.659739,-0.376793,-2.428718,-0.145560,0.044776,-1.119757,-1.652439,0,0,1,0
-1.019786,-0.362462,-0.817312,-2.754676,0.571999,-0.425385,-1.781968,1,1,0,0
-0.649585,-0.092319,-1.238270,-0.609712,0.029269,-1.077520,-1.676636,0,0,1,1
-0.381621,0.289064,-1.084324,-2.589382,0.345741,0.033294,-1.250295,1,0,0,0
-0.316108,-0.117100,-1.799713,-0.665821,-0.234927,0.783224,-1.096473,0,1,0,1
0.005127,0.046312,-0.552121,-0.805408,-0.665674,1.483320,-0.955776,0,0,0,0
-0.616913,-0.320686,-0.930329,-1.665201,-0.886278,-0.822797,-1.641861,0,0,1,0
-0.034191,-0.737506,-1.336594,-2.325220,-0.408504,6.361178,-0.977168,0,0,0,0
0.067056,-1.972551,-1.604535,-2.820374,-1.202291,0.851104,-1.222153,1,1,0,0
-0.555109,1.220646,-0.767098,-0.278392,0.104253,1.839512,-0.969609,0,0,0,0
-0.974940,0.986509,-0.877749,0.759905,-0.574554,-0.166761,-1.200774,0,0,0,1
-0.800915,0.253686,-0.415215,-0.533591,-0.168475,0.824297,-1.388457,0,0,0,0
-0.804634,0.252978,0.125834,-0.448039,-0.165504,-0.734025,-1.285777,1,0,1,0
-0.710906,0.561658,-0.486861,-1.654663,-1.281360,0.210510,-1.235990,0,0,0,0
-0.666350,-0.022257,-0.944831,-1.223312,-0.896468,1.968046,-1.212896,0,1,0,0
-0.972010,0.146454,-0.996441,-0.613571,0.225770,-0.034635,-1.480789,0,0,0,0
-1.520625,-0.077279,0.110263,-1.865916,-0.728674,-0.097339,-1.847663,0,0,1,0
-0.832443,-0.265111,0.245310,-0.414093,-0.061936,0.978027,-1.290227,0,0,0,0
-1.287896,-0.182555,1.086722,-0.919683,0.005688,0.301019,-1.465245,0,0,0,1
-0.692885,0.367774,-2.307103,-1.292275,-0.245296,0.256366,-1.321687,0,0,0,0
-0.386621,0.321086,-3.017529,-1.692648,-2.819819,2.615574,-1.263241,1,0,0,0
-0.612684,-1.309174,0.856600,-0.811638,-3.183034,-0.368396,-1.223435,0,0,0,0
-1.176515,-0.945259,1.035952,-2.653078,-0.682769,0.020360,-1.757741,0,0,0,1
-0.933380,0.200201,-2.763078,-1.049366,-1.401031,0.077052,-1.370395,0,0,0,0
-0.449477,0.052134,-1.908462,-0.985514,-2.040967,0.344777,-1.239762,0,1,1,0
-0.401044,0.699843,-0.530578,-0.605432,-1.182163,0.383298,-1.062411,0,0,0,0
-0.627682,1.220734,-0.941327,-0.904172,-0.386335,-1.007498,-1.046699,1,0,0,0
-0.597257,0.887178,-1.041059,0.792459,-0.835711,0.923128,-1.040746,0,0,0,0
-0.575603,0.692517,-1.434869,0.414499,-0.615426,0.651156,-1.181486,0,1,0,0
-0.778052,0.386263,-0.365178,0.235774,-1.259928,0.018183,-1.267914,0,0,0,0
-0.592236,-1.496103,1.270443,0.730743,-2.638545,-0.348690,-1.376260,0,0,1,0
-1.800573,1.805198,0.085205,-0.867670,0.455030,-1.438072,-1.704664,0,0,0,0
-1.763840,1.592780,-0.001623,-1.114381,-0.295195,0.006920,-1.673585,0,0,0,0
-1.907641,1.171243,-0.286007,-0.769982,-0.478847,-0.230056,-1.867410,0,0,0,0
-1.489902,-1.264122,0.747573,-0.051883,-0.996183,-0.581636,-1.806251,0,1,0,0
-0.762654,0.497872,-0.575697,-1.142874,1.751570,-0.036269,-1.365070,0,0,0,0
-1.293893,0.916714,-0.206766,-0.931007,1.494567,0.869230,-1.345292,1,0,0,0
-0.771574,0.136428,-1.277702,1.046029,-0.145779,4.113320,-1.124187,0,0,0,0
-1.022736,-0.718891,-0.156612,0.034013,0.936319,0.562225,-1.502943,0,0,0,1
-0.871474,-1.816810,0.768304,1.534523,-1.607426,0.670678,-1.452550,0,0,0,0
-0.921366,-2.676982,0.648447,1.562800,-1.548752,0.034478,-1.596277,0,1,1,0
-0.723433,2.029097,-1.174750,-0.497195,0.118567,1.358942,-1.117209,0,0,0,0
-0.663284,1.194008,-1.127313,0.505798,-0.065387,-0.121194,-1.111530,1,0,0,0
-0.631592,0.791116,0.476729,-1.370084,-1.414312,1.344114,-1.254690,0,0,0,0
-0.621758,1.066837,0.023938,-2.726740,-0.309937,-0.187273,-1.196665,0,1,0,1
-0.678036,0.468837,-0.237818,-0.153463,-1.037521,0.587236,-1.245741,0,0,0,0
-0.580810,-0.078702,-0.536287,0.209217,-0.976536,-0.062462,-1.211046,0,0,1,0
-0.796246,0.067389,-0.983177,0.121149,-0.350806,-0.272350,-1.280845,0,0,0,0
-0.141635,-0.824011,-0.992833,-3.794884,-3.187014,13.258644,-1.360711,1,0,0,0
-0.790498,-0.064882,-2.841510,1.423312,0.170221,4.664448,-1.398489,0,0,0,0
-1.515586,-0.023496,-0.541372,-1.003386,0.014233,-1.146127,-1.645361,0,1,0,0
-1.015403,-0.322267,-1.736994,0.349995,0.286012,-0.217946,-1.523556,0,0,0,0
-1.173244,-0.334432,0.116845,-1.516127,-0.562912,-0.000594,-1.721186,0,0,1,1
-0.942852,0.793613,-0.067040,-1.639852,-1.139957,0.373496,-1.274925,0,0,0,0
-1.214672,-0.425391,-0.094047,-1.456647,-1.051824,1.783189,-1.621913,0,0,0,0
-1.285837,-0.380442,0.275031,-1.627757,-1.061446,-0.330264,-1.436790,0,0,0,0
-1.613917,0.954540,-0.928570,-2.421856,-0.965029,0.164149,-1.806472,1,0,0,1
-0.368756,0.654547,-0.729572,-0.368891,-1.229122,0.349087,-0.971619,0,0,0,0
-0.470194,0.584272,-0.842008,-0.348297,-1.673682,-0.765552,-1.053689,0,0,0,0
-0.493884,0.446792,-0.971907,0.004634,-1.228357,-0.407676,-1.120743,0,0,0,0
-0.636924,0.418360,-0.894394,0.837021,-1.643154,-1.065961,-1.224133,0,0,1,0
-0.634416,-0.449121,-0.860428,1.666135,-0.750589,3.967074,-1.395038,0,0,0,0
-0.725243,0.373472,-0.419123,-1.459203,-1.917885,1.085996,-1.510738,0,1,0,0
-0.656215,0.203932,-1.678042,-0.438113,-0.828471,2.923571,-1.113025,0,0,0,0
-0.761644,0.243903,-1.812240,-1.213930,-0.840566,-0.995478,-1.306956,0,0,0,0
-1.835384,1.001623,-0.636937,-1.180588,0.380664,-0.365420,-1.883514,0,0,0,0
-0.354617,-3.209087,-1.744708,1.377699,-1.497501,2.622766,-1.467328,1,0,0,0
-1.073347,-0.104000,0.340712,-2.001314,-0.935665,-0.398755,-1.370990,0,0,0,0
-1.352357,0.646823,-0.221694,-1.376906,0.595770,-0.147810,-1.312537,0,1,0,0
-0.760949,-1.316541,-0.680161,0.527078,-0.098718,3.597092,-1.293728,0,0,0,0
-1.226834,-0.611120,0.948645,-2.914457,-1.002784,-0.663479,-1.834918,0,0,1,0
-0.764510,-1.092619,-1.128417,0.017408,-0.505427,1.407307,-1.264355,0,0,0,0
-1.203503,-0.080520,0.659944,-3.265154,-1.147452,0.248495,-1.545851,1,0,0,1
-0.621846,1.276546,0.149414,-1.663781,-0.692748,2.676808,-1.171615,0,0,0,0
-0.889982,0.885176,0.446789,-1.233548,-1.281981,-0.027464,-1.370062,0,1,0,0
-0.607820,0.762492,-0.399187,-0.218259,-1.392214,1.183927,-1.158312,0,0,0,0
-0.643534,0.406778,-0.761748,-0.524387,-1.773183,0.033249,-1.239314,1,0,0,0
-0.556875,0.087658,-0.726854,0.274926,-1.875672,0.184323,-1.101766,0,0,0,0
-0.821434,-0.026252,-0.362319,0.439119,-1.639813,0.159844,-1.351078,0,0,1,0
-1.163516,0.701064,0.828889,-2.908204,-1.041976,-1.081500,-1.330394,0,0,0,0
-1.786612,1.627844,-0.303473,-1.617053,-0.485934,-0.462034,-1.903985,0,1,0,0
-1.150395,0.454308,0.664877,-1.231409,-1.031680,-1.028094,-1.539484,0,0,0,0
-1.056545,-0.110737,0.871235,-1.386774,-1.977776,1.147074,-1.426855,0,0,1,0
-1.118163,0.212398,0.276977,-2.295443,-1.443054,-0.444210,-1.362610,0,0,0,0
-1.949826,1.096491,0.207857,-2.584148,-0.031317,-1.101009,-1.854028,0,1,0,1
-0.819424,-0.095401,-1.388389,-0.503194,-1.200581,-0.520975,-1.235643,0,0,0,0
-0.804612,-0.235345,-1.418097,-0.635665,-1.120242,2.045208,-1.313625,0,0,0,0
-1.486420,-0.191019,-0.000397,-2.118604,-0.877831,-0.972442,-1.651064,0,0,0,0
-0.205981,-1.647386,-1.797522,-3.274709,-3.510154,4.740854,-1.358868,1,0,1,0
-0.640261,1.235988,-0.341166,-1.293815,-2.436047,1.400310,-1.088578,0,0,0,0
-0.852995,0.965168,-1.219294,-0.901144,-0.965741,-0.146036,-1.211997,0,0,0,0
-0.544020,-0.625371,-0.012622,-0.068343,-2.112925,1.187990,-1.347342,0,0,0,0
-0.541752,-1.567399,1.051201,0.922683,-2.756522,1.559985,-1.374270,0,1,1,0
-0.865661,1.509989,-1.636737,-1.697408,0.681521,1.614014,-1.102889,0,0,0,0
-0.867359,0.628145,-1.096381,-0.549825,-0.901862,0.017369,-1.304673,1,0,0,0
-0.751257,0.005454,-1.138830,-0.462320,-1.077836,0.944075,-1.256266,0,0,0,0
-1.144310,0.710573,0.865707,-1.656060,-1.840174,-0.300971,-1.500773,0,0,0,1
-1.882396,1.803441,-0.345309,-1.012776,0.727739,-0.795486,-1.882497,0,0,0,0
-1.415100,0.349403,-0.649137,-1.469124,-0.489450,-0.394401,-1.750875,0,1,0,0
-0.499755,-0.561741,-0.199484,-0.922729,-1.237294,0.127274,-1.275626,0,0,0,0
-0.687346,-0.467617,-0.521790,-0.335352,-0.837547,-0.408969,-1.320280,0,0,0,1
-0.924492,-0.135981,1.633888,-1.981365,-1.094026,1.065162,-1.285786,0,0,0,0
-0.211824,-3.114102,-0.767333,0.245364,-0.869763,2.123674,-1.429065,1,0,0,0
-1.141573,0.906244,-0.796499,-1.133782,1.038718,0.750322,-1.607880,0,0,0,0
-1.209776,0.796015,-0.087598,-2.209145,-0.202101,-0.488917,-1.465872,0,0,1,1
-0.321578,0.527930,-0.642991,0.569069,-0.774906,4.147344,-1.066588,0,0,0,0
-0.592838,0.372571,0.054219,0.344900,-1.053570,-0.916060,-1.379998,0,0,0,0
-0.520233,0.611416,-0.741621,0.624721,0.000060,0.557732,-1.144520,0,0,0,0
-1.016146,1.192731,1.353105,-1.959163,-0.210616,0.243893,-1.434426,1,1,0,0
-0.652531,-0.073516,-0.692685,2.029807,0.027328,-0.409188,-1.367262,0,0,0,0
-0.667495,0.423914,-0.520524,1.145060,-0.380631,-0.383064,-1.267533,0,0,1,0
-0.680988,-0.148792,-1.248205,1.681521,0.234305,-0.088153,-1.459854,0,0,0,0
-1.317423,0.947148,1.645365,-1.715807,1.441986,0.227114,-1.512816,0,0,0,1
-0.865786,0.087665,-1.563316,0.991924,0.329389,1.278302,-1.313489,0,0,0,0
-0.735141,-0.442319,-1.118840,-0.065688,0.051677,-0.543074,-1.374691,0,0,1,0
-0.752088,-0.455674,-1.407909,1.417205,-0.097164,0.812044,-1.438996,0,0,0,0
-0.826838,-1.151888,-0.826141,2.086996,0.793641,-0.153988,-1.539488,1,1,0,0
-0.745468,0.412956,0.508803,-0.834880,-0.162655,-0.449940,-1.165283,0,0,0,0
-0.990658,0.041126,0.573199,0.193903,-0.849963,0.081065,-1.048701,0,0,0,0
-1.292634,0.408924,0.714892,-0.961676,0.080093,0.018634,-1.429430,0,0,0,0
-1.416407,1.241487,0.245941,-0.919750,1.200964,-0.026975,-1.665103,1,0,0,1
-0.371523,0.784036,0.300573,-1.305655,-0.480991,1.087212,-0.995126,0,0,0,0
-0.504025,0.523458,0.556874,-0.909904,-0.613303,0.021851,-1.138878,0,0,0,0
-0.534344,0.963428,0.232170,-1.214681,-0.376954,-0.563816,-1.197758,0,0,0,0
-0.658325,1.002961,0.876050,-0.627548,-0.590109,-0.225316,-1.215201,0,0,1,0
-0.629489,0.431035,0.456984,-0.866203,-0.144483,-0.444337,-1.159341,0,0,0,0
-0.857254,0.426032,0.703353,0.075169,1.670227,-0.358168,-1.439700,1,1,0,0
-0.516071,0.783788,-1.530117,-0.297076,0.076377,1.038161,-1.130173,0,0,0,0
-0.600458,0.488687,-0.622969,0.230481,-0.581316,0.461060,-1.188254,0,0,0,1
-1.237700,1.796354,-0.149406,-0.300057,1.307571,-1.082231,-1.458359,0,0,0,0
-1.046485,1.456895,-0.698525,0.147802,1.203307,-0.202190,-1.395183,0,0,1,0
-0.772096,1.593843,0.328827,-1.457132,1.310988,-0.078661,-1.018743,0,0,0,0
-0.714207,1.271675,-0.628258,-0.760633,1.369559,-0.438928,-1.212932,0,1,0,0
-0.913066,-1.852116,-1.685927,0.656526,-0.385002,-0.544826,-1.196794,0,0,0,0
-3.025140,-1.450869,1.648340,-1.980221,3.120733,-1.394837,-1.885765,1,0,0,1
-0.208587,-2.736161,-0.803168,-1.124792,-2.167861,4.060713,-1.098138,0,0,0,0
-0.765284,-3.695892,-0.918141,-4.914902,-5.212849,2.228134,-1.498952,1,1,1,0
0.198229,0.637180,-1.180820,1.029383,-0.303740,-0.866516,-0.610064,0,0,0,0
0.116637,0.721908,-0.705595,2.194007,-0.407315,-0.272613,-0.207731,0,0,0,1
0.131423,0.870312,-0.206598,0.071151,-0.444757,-0.036829,-0.319117,0,0,0,0
0.139195,0.636405,0.474020,0.644259,-0.974351,0.591364,-0.556385,0,1,0,0
0.084478,0.831739,-0.521917,0.162629,-0.317548,-0.273190,-0.149558,0,0,0,0
0.341140,0.425212,-0.421935,-0.018093,0.281733,1.563846,-0.463995,1,0,1,0
-0.011402,1.780557,-0.499264,0.223668,-0.442814,-0.459824,-0.582191,0,0,0,0
-0.201209,1.110786,0.193604,-0.199782,0.556003,0.554162,-0.448388,0,0,0,1
-0.018661,1.107499,0.423472,-0.608572,0.483634,-0.082263,-0.568279,0,0,0,0
-0.101610,0.726548,1.094910,-0.589936,0.635249,-0.170702,-0.645285,1,1,0,0
0.332199,0.579493,-0.423316,0.397276,-0.204680,-0.287341,0.204441,0,0,0,0
0.172179,0.738584,-0.080578,0.273506,-0.514026,0.793939,-0.174578,0,0,1,1
0.461792,-1.068644,2.139068,-0.715391,-0.225699,-0.009646,-0.350475,0,0,0,0
-0.193790,0.632731,0.714286,-0.072073,1.009610,0.304863,-0.648546,1,0,0,0
0.339337,1.094545,-1.122073,0.362374,-1.137088,0.367442,-0.688631,0,0,0,0
0.306960,0.577616,-0.577474,-0.047072,-0.825751,-0.041107,-0.678822,0,1,1,1
0.400078,0.743731,-0.703097,0.083958,-0.762622,-0.283950,-0.476088,0,0,0,0
0.122740,1.571091,-0.474563,0.192853,-0.029457,-0.202396,-0.679203,1,0,0,0
0.271952,0.614334,-0.332526,0.091639,-1.054743,0.138257,-0.545929,0,0,0,0
0.190683,0.402911,-0.563648,0.479972,-1.098999,0.965412,-0.736088,0,0,0,1
0.190267,0.805291,0.576663,0.774831,-0.897134,0.074350,-0.572731,0,0,0,0
0.315056,-1.459495,1.338633,-0.264743,-1.150868,-0.271663,-0.841375,0,1,1,0
-0.325747,1.613089,-0.644239,-0.962574,-0.374596,-0.899537,-0.938320,0,0,0,0
-0.461220,1.367538,-0.304760,0.750766,0.330710,-0.259446,-1.196794,1,0,0,0
-0.512980,1.530674,-0.347809,0.264468,-0.178148,0.087700,-1.303329,0,0,0,0
-0.186383,-0.253466,0.135856,0.038225,-0.639852,-0.046635,-1.230823,0,0,1,0
-0.091641,1.561197,-0.322299,-0.600678,0.519650,-0.222775,-0.809278,0,0,0,0
-0.319983,1.403993,0.020271,0.732578,0.485972,0.966652,-0.781513,1,1,0,0
0.179368,0.515987,-0.942462,0.765429,0.192329,1.779530,-0.539545,0,0,0,0
-0.017956,0.560220,0.578564,0.189813,0.407080,0.180098,-0.962826,0,0,0,1
0.183546,-0.961736,1.797662,-0.020706,-1.087707,0.362424,-0.893001,0,0,0,0
0.203429,-1.115128,1.955764,0.990050,-1.553973,0.863367,-0.683109,0,1,1,1
0.182286,1.675978,-1.082843,0.741800,-0.315494,0.307447,-0.471341,0,0,0,0
-0.000892,0.929733,-0.874250,1.771104,0.267731,-0.497635,-0.631184,1,0,0,0
-0.026733,0.679119,0.281966,-0.769348,-0.075837,0.504928,-0.767404,0,0,0,0
0.008616,1.074950,-0.126916,-1.334683,0.077516,0.771707,-0.610484,0,0,1,0
0.199631,0.868213,-0.432252,0.207593,-1.689859,0.552525,-0.513655,0,0,0,0
0.326033,0.100154,-0.258132,0.348863,-0.415123,0.623215,-0.533716,0,1,0,0
0.089900,0.738299,-0.510405,0.384899,-0.942796,-0.988200,-0.564282,0,0,0,0
0.595351,-0.335144,-0.223045,-2.634391,-0.616478,8.817923,-0.567967,1,0,0,1
0.119681,0.182215,-1.621024,2.215944,0.387149,3.546845,-0.594504,0,0,0,0
-0.138924,0.069702,-0.050518,-0.802046,0.706645,-0.373551,-0.911188,1,0,1,0
0.064143,0.768884,-1.018917,0.962054,-0.351212,0.416507,-0.633718,0,0,0,0
-0.062853,0.542121,0.663453,-0.867955,-0.130558,1.308669,-0.828394,0,1,0,1
0.136709,1.280995,0.276234,-0.478407,-0.615292,-0.228428,-0.550023,0,0,0,0
0.037364,0.285014,0.717175,-0.497163,0.152591,1.757462,-0.787622,0,0,0,0
-0.146514,0.352365,0.572909,-0.639515,-0.673244,-0.012515,-1.009805,0,0,0,0
-0.393883,1.853392,-0.206921,-0.624955,-0.661332,0.376403,-1.157046,1,1,0,1
0.295558,0.626093,-0.405712,-0.244708,-0.345487,-0.691418,-0.439091,0,0,0,0
0.266180,0.617724,-0.176376,0.519659,-1.164810,0.559764,-0.569262,0,0,1,0
0.165380,0.372202,-0.513613,0.367451,-1.163299,-0.519372,-0.615664,0,0,0,0
0.112948,-0.011993,-0.003217,0.685821,-0.609868,0.171785,-0.562030,0,0,0,1
0.305977,0.218963,-0.550853,0.928376,-1.318525,2.848371,-0.650506,0,0,0,0
0.049447,0.569992,0.676486,-1.234342,-0.498556,-0.057891,-0.651046,1,1,0,0
0.314625,0.777541,0.022066,0.097407,-0.333073,0.605233,-0.349643,0,0,0,0
0.069431,0.765447,-0.092260,1.162738,-0.407146,0.393889,-0.586556,0,0,1,0
-0.539082,1.302078,-0.340443,0.720558,0.581611,-0.768310,-1.102053,0,0,0,0
0.581275,-1.223478,-0.605129,2.081038,-0.824620,1.839592,-0.716999,1,0,0,0
-0.095003,0.476586,1.143571,-1.710933,-0.306514,-0.788743,-0.876275,0,0,0,0
-0.355189,1.213805,0.098228,0.526686,1.219518,0.661547,-0.789592,0,1,0,1
0.393574,0.372767,0.784023,-0.358154,-0.731778,-0.098666,-0.546983,0,0,0,0
-0.026385,-0.003520,0.324012,-1.018939,-0.055207,-1.203243,-1.289594,0,0,1,0
0.101722,-0.413452,-0.182550,0.026493,-0.258967,0.085968,-0.852715,0,0,0,0
-0.075977,0.360625,0.887533,-1.726458,0.024806,-0.565286,-1.067996,1,1,0,1
0.171396,1.030126,-0.237629,-1.126411,-0.783776,-0.549453,-0.348563,0,0,0,0
0.079602,1.054300,-0.179922,-0.168072,-0.968912,-0.202943,-0.786850,0,0,1,0
0.247781,1.083012,-0.617541,-0.394418,-1.682725,1.473430,-0.415169,0,0,0,0
0.204620,0.324157,0.255561,-1.064071,-0.782967,-0.161558,-0.480981,1,0,0,0
0.213029,-0.093195,0.294547,0.441958,-0.969903,0.738931,-0.680577,0,0,0,0
0.162990,0.210229,-0.389054,-0.770358,-2.408615,0.075001,-0.806706,0,1,0,1
-0.047426,1.224592,1.027927,-0.892710,-0.143600,-0.536989,-0.795703,0,0,0,0
-0.421861,1.614517,-0.319066,0.295834,0.483919,0.768142,-0.910810,1,0,1,0
-0.200436,1.683187,1.498093,0.237639,-0.538000,-1.213289,-0.601578,0,0,0,0
-0.140821,0.145234,1.765624,0.013711,0.041785,2.049404,-0.697206,0,1,0,0
-0.056593,1.001183,0.499389,-0.782599,-0.802084,0.124690,-0.708720,0,0,0,0
-0.558460,1.865307,0.163992,-0.464161,0.085045,-0.857015,-1.314122,1,0,0,1
0.132882,1.132303,-0.689255,0.409642,-0.200761,-0.093870,-0.681442,0,0,0,0
0.060203,0.584874,-0.375467,1.238971,-0.190837,0.376879,-0.696100,0,0,0,0
-0.140289,1.437083,0.688882,0.298050,-0.775341,-0.459256,-0.662203,0,0,0,0
0.606583,-0.875450,0.471681,-2.030902,-0.880475,2.686683,-0.745472,0,1,1,1
0.166873,1.167018,-0.788210,-0.484418,-1.476882,0.191358,-0.761594,0,0,0,0
0.148079,1.353568,-0.930299,0.224397,-1.908968,0.147896,-0.579567,1,0,0,0
0.355300,-0.601562,0.955289,0.957036,0.099317,0.145503,-0.213171,0,0,0,0
0.353058,-1.655986,1.674374,0.516129,-0.651796,0.715792,-0.648074,0,1,0,0
-0.167480,1.697502,-0.905523,0.250686,0.222748,-0.296302,-0.608609,0,0,0,0
-0.054439,0.539793,-0.726248,0.482706,-0.837919,0.935549,-0.829471,1,0,1,0
0.226402,1.016116,-0.535590,-0.245025,-0.700473,1.500459,-0.513231,0,0,0,0
-0.183296,0.996355,0.411723,0.053099,-0.317536,0.109899,-0.853897,0,0,0,1
-0.575853,1.681453,-0.383358,0.135326,0.197461,-0.865161,-1.161759,0,0,0,0
-0.411674,1.266462,-0.148372,0.310653,0.035964,0.456337,-0.952160,0,1,0,0
0.302692,0.246971,0.361904,-0.271767,-0.645128,0.040489,-0.761756,0,0,0,0
0.247276,0.280585,0.832220,-0.068570,-0.503575,0.081850,-0.541467,0,0,1,1
0.273638,0.480700,1.436452,-0.486306,0.078247,0.391627,-0.348665,0,0,0,0
0.664832,-1.519780,1.030841,0.156831,-0.506164,0.081323,-0.712223,1,0,0,0
-0.241109,1.315292,-0.417523,0.529089,0.705318,-0.014479,-1.004759,0,0,0,0
-0.273145,1.089681,0.497680,0.442701,0.219556,-0.712474,-0.902777,0,1,1,1
0.326026,0.490186,-1.055522,1.220317,-0.622263,1.833983,-0.448696,0,0,0,0
0.129510,0.046066,0.153246,0.659254,-0.549666,-0.594803,-0.786312,1,0,0,0
0.197844,0.693354,-0.554615,0.552130,-0.212615,0.787027,-0.311470,0,0,0,0
-0.205225,0.651212,0.277435,-0.305643,0.850170,0.058128,-0.574015,0,0,1,0
0.186294,0.233753,0.023175,1.594242,-0.288690,-0.147639,-0.303077,0,0,0,0
0.089547,0.052677,-0.196047,1.626888,0.022166,0.094248,-0.530642,0,1,0,1
0.317479,0.041023,-1.048267,1.099259,-0.427301,0.648559,-0.448723,0,0,0,0
-0.336340,1.341719,1.181459,0.077378,1.212011,-0.681545,-0.623867,1,0,1,0
0.154361,0.728301,-0.729123,0.965413,-0.639364,-0.386427,-0.309853,0,0,0,0
0.086549,0.004563,0.204684,0.954431,0.620469,0.582377,-0.443381,1,1,0,0
0.285634,0.152257,-0.075543,1.258005,-0.567153,0.581877,-0.492857,0,0,0,0
0.131736,-0.202389,-0.321612,1.403713,-0.466851,-0.389333,-0.667618,0,0,1,1
0.033050,1.263365,0.506139,0.464565,-0.469081,0.000690,-0.615932,0,0,0,0
-0.027161,0.555542,0.437843,0.061008,-0.683438,-0.049541,-0.952941,0,0,0,0
-0.089811,1.114352,0.315496,-0.685096,-0.158246,0.110395,-0.964647,0,0,0,0
-0.144171,1.842690,0.287619,0.136468,0.008311,0.127333,-0.772016,1,0,0,1
0.311012,-1.267444,-1.182954,-2.385917,-2.233528,2.767762,-0.592006,0,1,0,0
0.151692,-1.817784,-0.405076,-3.068255,-2.256424,0.493065,-0.761324,0,0,1,0
0.039581,-1.194735,-0.955631,-3.178393,-2.153331,0.079220,-0.812308,0,0,0,1
0.142914,-0.874301,-1.443557,-2.333778,-1.320449,0.963445,-0.813999,1,1,0,0
-0.003610,-0.787882,-1.012513,-2.392429,-1.488250,0.475609,-0.755993,0,0,1,0
0.060584,-0.631742,-0.912307,-0.529854,-0.110739,1.158825,-0.740941,1,0,0,1
0.182369,0.513205,-1.834872,-0.974602,-0.956774,4.148490,-0.757550,0,1,0,0
0.284110,0.045610,-0.976610,-0.244175,-0.755858,-0.399946,-0.673406,0,0,1,1
0.490379,0.325769,1.179693,-0.697363,1.508380,1.578314,0.866497,1,1,0,0
0.461642,-0.453149,0.692579,-1.360279,3.030858,1.693662,-0.014108,0,0,1,1
0.544698,-0.053404,0.424414,-0.161409,2.346809,1.222657,0.827699,0,1,0,0
0.571774,-0.562230,0.065485,-0.343610,1.488647,0.435216,0.570922,1,0,1,1
0.206725,0.833965,-0.584450,1.388505,0.863169,0.452261,0.820759,0,1,0,0
0.153627,0.442740,-0.230787,0.241692,0.674825,0.298857,0.189959,1,0,1,1
0.677900,-0.325507,0.854503,0.439389,-0.032938,1.725289,0.994733,0,1,0,0
0.507512,-1.138848,1.100702,0.740813,0.926571,0.321503,1.345015,1,0,1,1
0.890041,0.167274,0.669486,-0.105155,0.277993,1.218026,1.350277,0,0,0,0
0.822001,-0.562227,0.773615,-0.345531,0.652049,0.552321,0.543506,0,1,0,0
0.743862,-0.434039,0.669327,0.359426,0.798138,0.698635,0.570410,0,0,0,0
0.549055,-0.729238,0.342204,-0.055202,1.191633,-0.299985,0.047778,1,0,1,0
0.309205,0.018819,0.739424,0.017889,1.549971,-0.382723,1.720599,0,0,0,0
0.427620,0.146244,0.710891,-0.269579,0.630879,-0.041649,-0.036727,0,0,0,1
0.463973,0.787530,0.029686,-0.240811,0.004560,-0.112281,0.681957,0,0,0,0
0.337518,0.931984,0.624390,0.286237,0.592465,-0.177457,0.638624,0,1,1,1
0.794776,-0.706918,0.685780,0.225794,1.237090,1.272426,0.533526,0,0,0,0
0.642573,-0.830746,-0.007171,-0.214122,0.178925,-0.146269,0.049071,1,0,0,0
0.678388,-1.030394,0.244431,-0.527446,1.034169,0.050894,-0.236289,0,0,0,0
0.286073,-1.396046,0.381623,-0.178343,1.727844,0.081834,-0.554820,0,1,1,0
-0.143548,-0.946393,0.759382,-0.689483,1.480438,1.648169,0.585894,0,0,0,0
-0.105107,-1.310722,0.275670,-0.560710,1.897399,0.613316,-1.215874,0,0,1,0
-0.241310,-1.021593,0.073169,-0.708258,1.192814,0.203128,-1.420116,0,0,0,0
-0.281274,-0.897579,0.545517,-0.322689,1.081297,-0.087862,-1.498087,1,1,0,1
0.706360,-0.064338,1.057505,-0.089899,0.308429,1.596568,0.526032,0,0,0,0
0.637600,-0.396265,0.575867,-0.076554,0.936849,-0.585734,0.660489,0,1,0,0
0.599585,-0.215552,1.141289,0.030001,0.576442,-0.434173,0.783959,0,0,0,0
0.438483,-0.463256,1.562207,-0.307101,1.189237,0.504847,0.819395,1,0,0,1
0.329708,1.292319,0.746457,-1.164873,1.335123,1.000969,1.496195,0,0,0,0
0.336270,0.078415,0.655121,-1.650166,0.081463,0.339661,0.182356,0,0,1,0
0.531834,0.416706,0.222020,0.315686,0.174115,-0.274178,0.273016,0,0,0,0
0.396010,0.194098,0.471142,-0.352312,0.816127,-0.862124,0.191912,1,1,0,1
0.840728,-0.917331,0.953485,0.081283,0.373581,1.043949,0.247145,0,0,0,0
0.665469,-0.386317,0.169804,-0.296942,0.094904,-0.902287,0.385737,1,0,0,0
0.714970,-0.738940,0.459952,-0.410924,0.882695,0.826032,0.561472,0,0,0,0
0.590597,-0.601271,0.746616,-0.341450,1.239168,-0.054078,0.506662,0,1,0,1
0.395670,0.670489,0.708480,-0.347315,0.862968,1.180241,1.922139,0,0,0,0
0.453189,0.113527,1.132187,-0.310085,1.062765,-0.095686,0.618010,0,0,1,0
0.517146,-0.835818,1.191896,-0.770030,0.383849,0.979779,0.425490,0,0,0,0
0.299756,-1.317470,1.417234,1.243133,0.552904,-0.102602,0.699597,1,1,1,0
0.641746,-0.233439,1.269379,-0.280856,0.689278,1.630449,1.626299,0,0,0,0
0.656502,-0.281744,0.944554,0.032464,0.557092,-0.220995,0.513971,1,1,0,0
0.319449,0.110329,0.961251,-0.476775,1.123270,1.792260,1.535740,0,0,0,0
0.470296,-0.405929,0.933139,-0.227618,0.630632,-0.210264,0.368216,1,0,0,1
0.331336,0.423973,0.804839,-1.002381,0.919658,-0.160741,1.355188,0,0,0,0
0.349570,-0.190448,1.079826,0.066230,0.790033,0.233765,0.388041,0,0,1,0
0.490180,0.389446,0.544079,-0.429703,-0.156073,1.268498,0.458599,0,0,0,0
0.330437,0.416587,0.934834,-0.457409,0.648993,-0.316666,-0.142740,0,1,1,1
0.769113,-0.806570,0.419285,0.159525,1.056796,2.266247,0.075775,0,0,0,0
0.699735,-0.708913,0.303934,0.076036,0.257799,-0.154112,0.031390,1,0,0,0
0.796379,-0.971746,0.685124,0.105795,1.404921,0.553289,0.318886,0,0,0,0
0.419119,-0.557634,0.766104,-0.417281,0.935509,0.157223,0.263049,0,1,0,1
0.449727,1.086120,0.170885,-0.903139,0.334239,-0.753406,1.701471,0,0,0,0
0.442600,0.126184,0.760566,-0.961556,0.854836,-0.098527,0.304130,0,0,1,0
0.545262,-0.939177,2.349638,0.512803,0.195193,1.042579,0.339625,0,0,0,0
0.397642,-1.195810,1.841653,0.870182,0.589229,-0.161800,0.184932,1,1,1,0
0.672014,-0.240560,0.824985,-0.137372,0.599464,0.611063,1.138070,0,0,0,0
0.679352,-0.085490,0.807906,0.414518,0.386473,-0.577387,0.440454,0,1,0,0
0.568866,-0.274827,1.148385,0.158745,0.539575,0.134643,0.314826,0,0,0,0
0.433813,-0.714707,0.919155,-0.266871,1.101768,0.561971,0.143741,1,0,0,1
0.227097,0.401521,0.801831,-0.777482,0.673273,0.953595,1.771172,0,0,0,0
0.368561,-0.342546,0.792801,-0.541930,0.526118,0.220903,0.658606,0,0,1,0
0.523413,0.428222,0.853415,-0.493458,0.022472,-0.335178,0.562276,0,0,0,0
0.318484,0.264636,0.830738,-0.587353,1.262819,-0.376952,0.017651,0,1,1,1
0.847714,-0.399621,0.095536,0.249141,0.831326,0.665751,0.272261,0,0,0,0
0.718526,-0.699828,0.259806,0.067615,0.739778,-0.076696,0.077618,1,1,0,0
0.708621,-0.668192,0.283390,-0.157487,1.471379,0.704161,0.405855,0,0,0,0
0.347648,-0.626439,1.134527,-0.129936,1.103853,0.079520,0.812256,0,0,1,1
-0.188041,-1.003188,0.648527,0.250050,2.517447,1.198973,0.434994,0,0,0,0
-0.122714,-1.660186,-0.175756,-1.125924,1.415146,1.424865,-1.395722,1,0,0,1
-0.082956,0.061299,1.631920,-1.728651,-0.472975,-0.508028,0.648564,0,0,0,0
-0.020497,-2.651654,1.819733,0.306350,-0.117615,1.450437,-1.021862,1,1,1,0
0.764245,0.026177,0.770302,0.178005,0.504243,0.443210,1.062851,0,0,0,0
0.747392,-0.820484,0.897451,0.298240,0.403804,0.145616,-0.078113,0,1,0,0
0.665481,-0.801548,0.877254,-0.394380,0.053140,-0.357892,-0.019499,0,0,0,0
0.419225,-1.161566,0.653582,-0.035052,1.398648,0.355815,-0.129225,1,0,0,1
0.494931,0.362924,0.012104,0.086443,0.922660,3.659850,1.232557,0,0,0,0
0.433850,-0.017474,1.080196,0.176274,0.787706,1.704071,0.159180,0,0,1,0
0.531314,0.291214,0.431689,-0.085382,-0.095634,0.126988,-0.048612,0,0,0,0
0.437428,0.012317,0.903470,-0.268984,0.156494,-0.188380,-0.107938,0,1,1,1
0.890190,-0.637368,0.167762,-0.148739,0.473563,0.901560,0.030044,0,0,0,0
0.808185,-0.678878,0.666450,-0.657510,0.842789,0.131531,0.108001,1,0,0,0
0.645711,-0.506182,0.660709,-0.065311,0.791196,0.060604,-0.014462,0,0,0,0
0.366464,-0.902400,0.874852,-0.598173,0.876122,0.020307,0.005054,0,1,1,0
0.177346,0.699934,0.725044,-0.637864,2.218548,-0.364662,1.041709,0,0,0,0
0.628531,0.759923,0.314142,-2.848826,-0.013020,4.838316,0.204598,1,0,0,1
0.229155,0.577929,1.436911,-0.881733,-0.627704,0.742150,0.251923,0,0,0,0
0.148317,0.444521,1.229982,-1.345979,-0.227947,0.131667,0.295721,1,1,1,0
0.866893,-0.758812,0.987454,-0.384599,-0.012694,2.018709,0.736036,0,0,0,0
0.720547,-0.222714,0.375658,0.060666,-0.268654,-0.420727,-0.094542,0,1,0,1
0.617784,-0.412295,1.381434,-0.553263,0.321782,1.281181,0.773797,0,0,0,0
0.554727,-0.451650,0.823959,-0.546803,-0.391580,0.040725,0.109592,1,0,0,1
0.347945,0.264430,1.231159,-1.361877,0.031857,-0.238377,0.695246,0,0,0,0
0.434295,-0.188486,1.301431,-0.640558,0.216998,-0.039891,0.698778,0,0,1,0
0.546495,0.136505,0.590892,0.102560,0.248472,0.689050,0.852360,0,0,0,0
0.556570,-0.379037,0.794578,-0.554370,0.951859,0.006993,0.879817,0,1,1,1
0.799825,-0.410866,0.811708,-0.013499,0.933864,1.650898,0.469923,0,0,0,0
0.550853,-1.044604,0.771835,-0.056030,1.014170,-0.078361,-0.047709,0,1,0,0
0.376048,-1.076004,1.630937,-0.337629,0.975913,-1.228809,0.042604,0,0,0,0
0.274515,-0.535075,1.027085,-0.887265,1.080469,-0.858722,0.316174,1,0,1,0
-0.017941,0.577158,0.902961,-0.355630,2.072308,-0.763624,0.468788,0,0,0,0
0.062248,-0.173082,-0.747637,-1.850205,0.682848,1.713848,-0.873261,0,1,0,1
-0.075242,0.567176,1.086766,-0.904564,-0.083788,0.396547,0.554622,0,0,0,0
0.124688,-2.271966,1.078585,0.763754,-0.005470,-0.394483,-0.924875,0,1,1,1
0.670543,0.137725,0.270320,-0.256471,0.642684,1.381076,0.946043,0,0,0,0
0.591101,0.012455,0.586805,-0.506195,0.357869,0.197678,-0.067949,0,0,1,0
0.461365,0.003147,1.217772,-0.413483,0.420698,-0.712716,-0.214001,0,0,0,0
0.366486,-0.583344,0.870300,-0.224959,0.863209,0.456815,-0.149871,1,1,0,0
0.406683,1.260261,-0.171082,-0.532467,0.813451,4.277311,0.312309,0,0,0,0
0.331013,0.190428,0.450281,-1.149319,0.814246,0.061532,0.183569,0,0,1,0
0.415089,0.093552,0.224215,-0.164773,0.607897,-0.051184,0.136794,0,0,0,0
0.338626,0.168656,0.658774,-0.448264,0.440434,-0.299428,0.163577,0,1,1,1
0.764288,-0.195750,0.930331,-0.409277,0.100882,3.604163,0.200459,0,0,0,0
0.589095,-0.421301,0.550935,0.711120,0.439335,-0.533626,0.331590,0,0,0,0
0.628582,-0.346441,1.260724,0.081118,0.447181,0.224096,0.051936,0,0,0,0
0.381686,-1.067255,0.064917,-0.451078,1.319030,0.543375,-0.259389,1,0,1,1
0.218667,0.389457,0.684142,-0.382682,0.648278,1.581526,-0.209687,0,0,0,0
0.225670,0.042680,1.000447,-0.582071,1.471400,-0.147612,0.051744,0,0,0,0
0.655333,0.229219,0.665444,-0.934330,0.817437,0.539067,0.233954,0,0,0,0
0.094606,0.098753,1.272109,-0.091277,1.784316,-0.573412,0.080124,1,1,0,1
0.920195,-0.169291,0.496460,0.068999,0.720703,2.812847,0.543119,0,0,0,0
0.687707,0.293580,-0.235598,-0.553076,-0.559491,-0.211150,0.245186,0,0,1,0
0.782335,-0.039916,1.021417,-0.738741,-0.316152,-0.767241,0.577729,0,1,0,0
0.476278,-0.505494,1.292076,0.159127,1.475938,-0.675600,0.222343,1,0,0,1
0.359195,0.372602,0.787704,0.172047,0.394036,0.747159,1.014571,0,0,1,0
0.466571,-0.046389,0.379329,0.298945,0.616192,-0.161068,0.028831,0,1,0,0
0.614658,0.570671,0.329180,-0.551685,0.112307,2.310243,0.354985,0,0,1,0
0.482390,0.072518,0.766536,-0.178223,0.388636,0.784380,0.250199,1,1,0,1
0.862770,-0.724858,0.295249,0.115675,0.659659,2.462204,0.154197,0,0,0,0
0.644606,-0.155881,0.711554,0.427298,0.318833,-0.156257,0.095902,0,0,1,1
0.493857,-0.184121,0.982840,-0.339648,1.318290,0.829262,0.612771,0,0,0,0
0.246057,-0.428294,1.022349,-0.244402,1.013535,-0.683350,0.862802,0,1,1,0
0.043702,-0.155316,1.212453,-0.030853,1.009532,0.648076,0.248090,0,0,0,0
0.149727,-0.543274,0.694250,-0.027043,1.430447,0.661892,-0.598623,1,0,0,1
0.554828,-0.923400,1.528449,1.410917,0.386131,2.583049,0.370642,0,0,0,0
0.259899,-1.731235,1.412789,0.988885,-0.188905,0.832017,-0.178988,1,1,1,1
0.649430,0.395680,0.419012,0.011161,0.520214,-0.210105,1.401735,0,0,0,0
0.795764,-0.355150,0.190707,-0.121253,0.279933,0.261857,0.038936,0,1,0,0
0.538948,-0.544228,0.190174,0.291101,0.762629,-0.393541,-0.060039,0,0,0,0
0.474256,-0.646874,0.230199,-0.015492,0.981765,-0.170020,0.037644,1,0,1,1
0.534287,0.282000,0.082225,0.776120,0.923442,0.205822,0.226601,0,0,0,0
0.431026,-0.153274,-0.174358,0.112371,-0.352872,-0.504721,-0.000857,0,0,1,0
0.503205,0.489565,0.237633,0.046550,-0.636142,0.273365,0.108143,0,0,0,0
0.279377,0.575334,1.052464,0.672806,0.343565,-0.760327,0.287911,0,1,0,1
0.152801,0.882092,0.566388,1.249501,-0.158477,0.278817,1.957304,0,0,0,0
0.468079,0.624449,0.141632,1.507323,0.633168,0.566703,1.055375,1,0,1,0
0.372575,0.429343,-0.357498,0.337226,0.125278,1.323195,0.347342,0,0,0,0
-0.188291,0.961378,-0.135128,0.495297,0.786941,0.282196,0.288847,1,1,0,1
0.542047,0.673461,0.184181,0.550463,1.411572,0.682350,0.504693,0,0,0,0
0.033686,0.780727,-0.712216,1.083207,-0.152645,-0.419008,-0.068272,0,0,1,1
-0.046457,1.032780,-0.815362,0.641710,0.441947,-0.060113,-0.395191,0,0,0,0
-0.246928,1.259067,-0.209271,1.070481,0.020088,0.226661,-0.249794,0,1,0,0
-0.046606,2.213116,-0.628573,0.478827,0.992628,-0.212535,0.293419,0,0,0,0
0.062331,1.176348,-0.672133,0.975022,-0.426878,0.279746,-0.033162,1,0,1,0
0.227208,0.878840,0.468056,1.241964,0.201773,-0.844642,0.456552,0,0,0,0
0.018519,0.905610,0.002447,1.002673,0.569009,-0.070230,-0.119745,1,1,0,1
0.434995,1.111729,-0.761915,0.229479,-0.992105,0.605831,0.110072,0,0,0,0
0.312836,0.702800,0.158210,-0.049465,-1.239020,0.936643,-0.408046,0,0,1,1
0.447756,0.026864,0.563138,1.489907,0.766070,0.731566,0.464165,0,0,0,0
0.141957,0.331603,0.231970,1.319081,0.316782,0.034075,-0.153033,1,1,0,1
0.591131,0.328700,0.321274,0.564426,0.111481,0.554706,0.497510,0,0,0,0
0.288087,0.338626,-0.436976,0.786663,0.234544,-0.483259,0.342501,0,1,0,0
0.547190,0.406826,-0.526328,0.023126,0.001625,1.003186,0.483372,0,0,0,0
0.273987,0.350829,0.113701,-0.775110,0.132693,-0.223214,0.230689,1,0,1,1
0.143252,1.676655,0.121654,0.878964,0.098678,1.390247,1.687210,0,0,0,0
0.361745,0.926417,0.197532,0.493335,-0.289845,1.118694,0.187531,0,0,0,0
0.145448,-1.324292,1.271483,-0.220665,-1.641426,0.140114,-0.923182,0,0,0,0
0.185605,-1.975817,0.517228,-0.592052,-1.065200,0.502159,-1.145314,1,1,1,1
0.683455,0.471047,0.900296,-0.466826,-0.086575,0.616728,1.597233,0,0,0,0
0.761795,-0.702039,0.865792,-0.785329,0.551475,0.421542,-0.038261,0,1,0,0
0.409508,-0.348939,0.792806,0.131279,0.033655,-0.372950,-0.285274,0,0,0,0
0.350478,-0.623613,0.593625,0.006592,0.611548,-0.031416,-0.228066,1,0,1,1
0.444330,0.132270,-0.453381,0.540691,1.483459,0.116846,0.054649,0,0,0,0
0.371592,-0.201451,0.846293,0.569252,0.751803,0.390542,0.034944,0,0,1,0
0.475433,0.178686,-0.160661,-0.271727,-0.617324,1.043933,0.029243,0,0,0,0
0.354942,-0.037076,0.792451,-0.428306,-0.045907,-0.149248,-0.369372,0,1,0,1
0.216829,0.613151,1.256374,0.480888,0.134708,0.638611,0.302907,0,0,0,0
0.335712,0.430464,0.633068,0.438560,0.306620,0.309083,0.201995,1,0,1,0
0.397916,-0.122608,-0.065754,1.017234,0.596245,0.765991,1.622946,0,0,0,0
-0.160879,0.585850,0.128357,0.170581,0.371642,0.022048,-0.310917,1,1,0,1
0.638273,1.200957,0.348440,0.408368,0.543599,-0.473649,0.526596,0,0,0,0
0.337921,1.115602,-0.408318,0.651473,-0.934559,-0.152138,-0.132581,0,0,1,1
0.484951,-0.920200,2.121678,1.681468,-0.035452,0.929372,0.750878,0,0,0,0
0.349747,-1.532043,1.031266,0.279159,-0.085225,-0.188216,-0.059436,1,0,0,0
0.357677,1.987110,-0.105588,-0.396952,0.154699,0.181207,0.108005,0,0,0,0
0.368870,1.143729,0.158236,0.456203,-0.884273,-0.324534,-0.000130,0,1,1,0
-0.044004,0.726069,0.508230,1.179161,-0.459106,-0.767296,1.336543,0,0,0,0
-0.028174,0.898495,0.668085,0.169159,-0.423492,0.590959,-0.001950,1,1,0,1
0.358320,0.865511,-0.361502,1.058373,0.211356,-0.831375,0.813367,0,0,0,0
0.345022,0.556928,-0.062750,0.948630,-0.731461,-0.045836,0.756996,0,0,1,0
0.300230,0.424703,0.081670,0.718677,0.015949,0.241963,0.458787,0,0,0,0
0.217671,0.816041,0.845131,-0.102198,0.421088,-0.841065,0.139830,0,1,0,1
0.165793,0.601214,0.481483,1.114007,0.013450,-0.118261,0.921803,0,0,0,0
0.372831,0.686503,-0.572837,0.472409,0.001775,0.121930,0.112390,1,0,1,0
0.401870,0.246502,-0.464120,0.630435,0.752108,-0.187325,1.672885,0,0,0,0
0.056277,0.393391,0.205725,0.638455,0.736540,0.883824,0.104438,1,1,0,1
0.380373,-0.697843,-0.293886,0.804451,0.300000,1.889564,-0.723460,0,0,0,0
0.264619,-0.992583,-0.474547,0.044848,0.535729,0.433645,-1.072628,0,0,1,1
0.505339,0.005632,0.791888,0.496668,-1.218210,0.158958,0.754433,0,0,0,0
0.483653,-1.847175,0.926698,0.695644,-0.273715,0.701993,-0.641982,1,1,1,1
0.721067,0.446932,0.355517,0.361125,0.895085,1.268772,0.446298,0,0,0,0
0.621177,-0.184974,-0.117189,-0.016521,-0.310201,0.498970,0.210672,0,1,0,0
0.599470,-0.313768,0.099393,0.868927,0.729923,0.259345,0.357410,0,0,0,0
0.328809,-0.534955,-0.799839,1.034523,0.983914,-0.516149,0.182044,1,0,1,1
0.522161,0.366100,-0.020233,0.775475,0.910362,2.350097,1.563498,0,0,0,0
0.462893,0.323453,-0.737671,1.093904,-0.368380,0.426215,0.558468,0,0,1,0
0.622421,0.103281,-0.123180,0.262624,-0.402798,0.613605,0.345433,0,0,0,0
0.571484,0.169331,0.626897,0.136062,0.431776,-0.503507,0.018006,0,1,0,1
0.591500,-0.754537,1.224671,-0.752516,0.060914,1.087418,0.445217,0,0,0,0
0.627243,-0.550728,0.406288,-0.387938,0.473605,1.363970,-0.084918,1,0,1,0
0.502210,0.138250,1.094191,0.316341,0.511825,2.887716,1.163824,0,0,0,0
0.345430,-0.264898,0.638658,0.295785,0.775738,0.422238,-0.051823,1,1,0,1
0.446770,0.808886,0.024772,1.181845,1.174472,2.034467,1.198498,0,0,0,0
0.690060,-0.010678,-0.394226,-2.095737,-0.848908,2.738144,0.093333,0,0,1,1
0.443078,-0.032759,1.191940,-0.004026,-1.167971,0.721043,1.543330,0,0,0,0
0.481731,-0.381642,1.134618,-1.046878,-0.785891,0.578975,0.402128,1,1,1,0
0.715812,0.113678,1.240903,-0.066250,0.931964,1.650397,1.603481,0,0,0,0
0.599780,-0.556818,1.076868,-0.626671,-0.357801,-0.389706,0.354111,0,1,0,1
0.677527,0.120255,1.416839,-0.052101,-0.385280,0.947100,0.056096,0,0,0,0
0.525557,-0.195491,1.114268,-0.763064,-0.641753,0.044076,-0.218170,1,0,1,1
0.527749,0.075941,0.350874,-0.096405,0.539042,0.521900,1.207306,0,0,0,0
0.502056,-0.442207,0.284942,-0.092122,-0.497730,0.638904,-0.023811,0,1,0,0
0.599759,-0.130488,0.437873,0.509273,-0.386838,0.600497,0.524491,0,0,0,0
0.635856,0.066516,0.180699,-0.652371,-0.273990,0.232109,0.380582,0,1,1,1
0.516595,-0.852548,0.688345,-0.278457,1.001271,1.798817,-0.009946,0,0,0,0
0.648943,-1.357065,0.705813,-0.386839,0.927766,0.724719,0.314368,0,0,0,0
0.506246,-1.254134,0.884881,-0.587518,1.310070,-0.349476,0.364256,0,0,0,0
0.346859,-0.686354,0.952113,-0.564858,0.962939,-0.022527,0.402097,1,1,0,1
0.539086,0.879150,0.189065,0.771480,0.887115,-0.488675,1.017829,0,0,0,0
0.512733,0.063839,-0.062723,-0.070971,0.174154,0.184686,0.513994,1,0,1,1
0.599357,0.624101,-0.107077,1.461884,-0.331032,1.199325,1.161294,0,0,0,0
0.570975,-1.360540,0.685517,0.626421,0.578541,-0.233936,0.586354,0,1,1,1
0.663355,0.425300,0.851547,-0.284480,1.607144,0.425910,1.018411,0,0,0,0
0.760636,0.399390,0.701963,-0.308693,0.389378,0.504691,0.296268,0,1,0,0
0.446662,-0.270287,0.489707,-0.414978,0.184233,-0.630268,-0.250370,0,0,0,0
0.260649,-0.303696,0.110856,0.268892,0.877742,0.469329,-0.310555,1,0,1,1
0.777808,0.281901,0.165855,0.003377,0.577411,2.479497,0.539383,0,0,0,0
0.666116,-0.730625,1.159328,-0.079035,0.947958,-0.264506,0.365505,0,0,1,0
0.807821,-0.262816,0.455383,-0.291868,0.407452,-0.457089,0.452788,0,0,0,0
0.667023,-0.530902,0.245075,-0.234733,0.731359,-0.166371,0.351255,1,1,0,1
0.710164,0.171231,0.785279,0.343367,0.461543,2.777867,0.324971,0,0,0,0
0.608698,-0.279330,0.746007,0.172142,0.833814,0.555722,0.691861,0,1,1,1
0.727130,0.346726,0.587049,0.644809,0.862332,0.515336,0.662216,0,0,0,0
0.398248,-0.684400,0.381020,0.722432,1.749972,-0.569828,0.405050,1,1,1,0
0.561733,-0.266108,0.313561,0.817035,1.347515,0.724072,0.887383,0,0,0,0
0.592007,-0.866904,0.489313,0.346801,0.405405,-0.591261,-0.195364,1,0,0,1
0.938107,0.315928,0.556709,-0.112557,0.287718,0.961931,0.183185,0,0,0,0
0.498615,-0.297260,1.024570,0.280984,1.559634,-0.374129,-0.002568,1,0,0,1
0.814909,-0.158401,0.648080,0.136203,0.491803,1.030354,0.964905,0,0,0,0
0.707693,-0.289794,0.279744,-1.013113,0.740134,0.594034,0.734455,1,0,0,1
0.729457,0.312980,0.796513,-0.066467,0.153150,-0.470091,0.802057,0,0,0,0
0.480334,-0.129914,0.839901,0.496569,0.716687,-0.411023,0.041771,1,0,1,0
0.674205,-0.254888,0.677471,1.177053,0.911264,0.564706,0.598524,0,0,0,0
0.842008,-0.795191,0.872206,0.153445,1.170736,0.158877,0.759844,0,0,1,1
0.828336,0.065933,0.378785,-0.432291,0.355220,1.167502,0.852881,0,0,0,0
0.689821,-0.024328,0.946115,-0.071932,0.492754,0.630807,0.730396,1,0,1,1
0.822820,-0.150945,0.233981,-0.589021,0.447676,1.337590,0.423911,0,0,0,0
0.734680,-0.647925,0.679824,-0.405762,0.753016,-0.347972,0.206247,0,1,1,0
0.475507,-0.658760,0.509494,0.607416,1.333986,-0.201191,0.502863,1,0,0,0
0.342942,-0.586247,0.297317,-0.822759,1.481217,-0.054413,-0.066672,0,1,0,1
0.661421,-0.470685,1.018584,0.361012,0.510267,1.963265,0.697821,0,0,1,0
0.614298,-0.762831,0.649822,0.368951,0.608716,-0.706215,0.798620,1,0,0,1
0.464630,-0.361942,0.670951,0.053871,0.829593,0.956562,0.558803,0,1,0,0
0.529473,-0.503497,0.593922,-0.243611,1.301698,0.013079,0.751027,1,0,1,1
-0.501746,-2.593134,0.525897,0.540779,2.212433,-1.216242,-0.629402,0,0,0,0
-0.669676,-2.899610,0.546844,-0.109478,1.352867,-0.735305,-1.427566,0,0,0,0
-0.801019,-2.621541,0.816579,0.615433,1.831932,0.458634,-1.298062,0,0,0,0
-0.904778,-2.815839,0.958173,0.670016,1.362080,0.152966,-1.366043,0,0,0,0
-0.875278,-2.670638,0.791793,0.465345,1.840580,0.093866,-1.353869,0,0,0,0
-1.056244,-2.197331,0.703955,0.648042,1.990574,-0.901040,-1.411600,0,0,0,0
-1.030719,-2.076259,1.248750,0.145192,1.520296,1.150145,-1.345826,0,0,0,0
-1.027795,-1.662050,1.089176,-0.364454,1.585833,-0.582857,-1.408295,0,0,0,0
-1.214189,-1.486911,2.249942,0.400307,1.300966,-0.629762,-1.393121,0,0,0,0
-1.075735,-0.864135,1.089555,-0.664697,1.356397,1.045906,-1.441029,0,0,0,0
-1.337582,-1.052084,2.138494,-0.573450,0.942459,-0.212892,-1.482486,0,0,0,0
-1.422893,-1.245097,1.708032,-1.061517,1.185839,-0.710918,-1.520076,0,0,0,0
-1.347705,-0.017513,2.026602,-1.273320,0.160281,-0.275391,-1.497371,0,0,0,0
-1.439579,-0.315663,1.653938,-0.976878,0.903573,0.491232,-1.539459,0,0,0,0
-1.020244,1.027285,-0.200188,-2.508973,1.607964,1.457624,-1.464219,0,0,0,0
-0.942704,0.545430,-0.048170,-0.558127,1.871395,-0.039953,-1.498628,1,1,0,0
0.015194,0.071564,0.731199,0.292324,-0.566342,-1.062467,-0.869235,0,0,1,0
-0.096429,-0.102715,-0.068595,1.370582,-0.492766,1.288558,-0.835247,1,0,0,1
-0.133949,-0.570650,-0.194661,0.594583,-0.413946,2.040194,-1.107628,0,1,0,0
0.213289,-0.871698,-0.380399,-0.322602,-0.204285,-0.221030,-0.983589,0,0,1,1
0.109281,-0.503713,0.488324,-0.309341,-0.090659,0.895497,-0.797335,0,1,0,0
0.232837,-0.418020,0.296607,-0.270482,-0.333873,1.557939,-1.021436,1,0,0,1
0.214276,-0.537934,0.438304,-0.281973,0.032676,0.704509,-0.805930,0,0,1,0
0.321348,-0.349038,-0.121066,0.586658,0.256470,1.644388,-0.669715,1,1,0,0
0.435913,0.173207,0.787494,-0.447407,0.472410,-0.032610,-0.190758,0,0,1,1
0.522439,-0.417197,0.205019,-1.245358,-0.065175,1.935053,-0.634645,1,1,0,0
0.489726,-0.051363,0.431460,-0.385898,0.652952,-0.217814,-0.085134,0,0,1,1
0.784545,0.162270,-0.100086,-0.287617,0.789349,1.857732,0.208746,1,1,0,0
0.330419,-0.711680,-0.327740,-0.724126,-0.013706,1.750346,0.222735,0,0,0,0
-0.003631,0.198592,-0.966063,-0.076933,1.372335,-0.252514,0.085645,0,0,0,0
-0.034481,0.209256,-1.693723,-0.351961,0.068040,0.481654,-1.277719,0,0,0,0
-0.110291,-0.560551,-2.223513,-0.742763,-0.253997,1.062674,-1.302784,0,1,1,1
-0.069655,-0.661594,0.611147,0.292644,-0.241448,-0.785936,0.514157,0,0,0,0
0.247555,0.180601,-0.424463,0.826947,-0.652250,-0.232132,1.674748,1,1,0,0
0.711516,-0.471311,-0.451570,1.620475,-1.044714,-0.173697,0.776249,0,0,0,0
0.379907,-1.379339,-0.298779,0.183841,-1.016734,-0.222340,-0.664979,1,0,1,1
0.273757,-0.420950,0.065326,1.118890,0.521495,-0.821303,0.519595,0,0,0,0
0.304121,0.661291,-0.469630,1.613434,0.254849,0.358155,1.460792,0,1,0,1
0.546392,-0.420175,-0.684587,0.651717,0.005557,0.910799,0.475596,0,0,0,0
0.208621,-0.328604,-0.154380,0.459524,-0.052231,-0.292316,-0.471998,1,0,1,0
-0.096968,0.862493,-0.464737,0.293867,0.276959,-0.319999,0.802339,0,0,0,0
0.211027,1.237292,-0.914782,0.322850,0.324329,0.268423,1.542180,1,1,0,0
0.683741,0.174943,0.330708,-0.497735,-0.203751,0.030538,0.771714,0,0,0,0
0.193993,-0.543826,-0.231354,-0.149798,0.380587,-0.932181,-0.453849,0,1,1,1
0.351674,-0.070207,-0.058962,-0.286631,0.244795,-0.238378,0.561310,0,0,0,0
0.202409,0.464924,-0.845329,1.198708,0.330884,-0.489985,1.435994,1,0,1,0
0.776657,0.503521,-0.992373,0.883808,-0.777171,0.807636,0.597945,0,0,0,0
0.320853,-0.083566,0.412648,-0.578869,-0.174237,0.036738,-0.524845,1,1,0,1
-0.602836,0.668415,0.510427,-1.174753,0.084212,-0.249521,0.619508,0,0,0,0
-0.064267,1.054229,-0.489412,0.895597,0.183176,0.766708,1.616640,0,0,1,1
0.673911,-0.066372,-0.268425,0.873551,-0.747290,1.143415,0.422899,0,0,0,0
0.313459,-0.836316,0.290203,0.033146,-0.177961,-0.923958,-0.657147,1,1,1,0
0.271853,-0.062735,-0.620218,0.205257,-0.163817,-0.873947,0.536813,0,0,0,0
0.138311,0.185514,-0.513436,0.634275,-0.278663,0.358072,1.207998,1,0,0,1
0.787639,0.040587,-0.794967,0.822320,-0.146120,0.136510,0.477194,0,0,0,0
0.289833,-0.006654,0.479789,-0.146035,0.279136,-1.256297,-0.414034,0,1,1,0
-0.019588,0.253986,0.003185,0.983123,1.228115,0.071124,0.684045,0,0,0,0
0.151187,1.348739,-0.235521,-0.246553,-0.204960,0.190457,1.665568,1,0,1,0
0.842414,-0.419204,-0.298146,0.463372,0.736211,0.115983,0.659670,0,0,0,0
0.181200,-0.548942,-0.324456,-0.911770,-0.160573,-0.840806,-0.814533,1,1,0,1
0.267567,0.044726,-0.099091,0.122578,-0.094393,-1.192058,0.618262,0,0,0,0
0.282909,0.528892,-0.971009,0.820057,-0.846902,0.007131,1.241302,0,0,1,1
0.640028,0.280178,-0.797592,0.974545,-0.370559,0.146887,0.719979,0,0,0,0
0.476350,0.339218,0.358326,-0.589962,0.002170,0.241893,-0.215625,1,1,0,0
-1.340770,-0.467667,1.770686,0.329215,1.542946,-1.009926,0.385685,0,0,0,0
-0.244038,0.954934,-1.037926,0.825956,0.416700,1.419396,1.554130,0,1,0,1
0.794371,0.596509,-0.860671,0.718729,-0.486947,-0.144891,0.924502,0,0,0,0
0.167281,-0.910194,0.484338,-0.016999,0.506793,-0.733151,-0.464349,1,0,1,1
0.376245,0.203027,-0.393528,-0.040410,-0.418888,0.138607,0.574397,0,0,0,0
0.383824,0.825663,-0.424565,0.903424,-0.709677,-0.566564,1.284336,1,1,0,0
0.813046,0.025786,0.418183,0.226768,0.260669,0.164196,0.721541,0,0,0,0
0.273901,-0.146090,1.179652,0.416071,0.242166,-0.894612,-0.254372,0,0,1,1
-0.465661,1.105036,1.089041,0.058906,0.020962,-0.728691,0.611526,0,0,0,0
-0.251302,1.130126,-0.469780,0.736152,0.285222,0.697343,1.534481,1,0,0,1
0.673823,0.729884,0.076793,0.921400,-0.535474,-0.772397,0.894008,0,0,0,0
0.391315,-0.213956,0.787903,-0.364527,0.528336,-0.269065,-0.076908,1,1,1,0
0.189161,0.214988,0.470501,-0.184695,-0.502256,-0.495695,0.502267,0,0,0,0
0.307318,0.987937,-1.256688,0.621357,-0.774858,0.792858,1.329677,0,1,1,0
0.725536,0.404959,-1.601938,0.729768,-0.867803,-0.764465,0.585378,0,0,0,0
0.383969,0.087773,-0.057302,-0.014661,0.517694,-1.107994,-0.288752,1,0,0,1
-0.745119,0.683755,0.824302,-1.371657,0.147270,-0.098806,0.442905,0,0,0,0
-0.251621,1.056574,-0.795290,1.187086,0.294672,0.879244,1.603101,0,1,1,0
0.592625,0.439242,-0.566453,0.711192,-1.110025,-0.320124,0.630623,0,0,0,0
0.295307,-0.574999,-0.086682,-0.143024,-0.042547,-1.215448,-0.482760,1,1,0,1
0.385428,-1.263607,-0.725844,0.865387,0.290145,-0.948868,0.416880,0,0,0,0
0.202815,0.946928,-0.569908,0.722020,-1.107398,0.234328,1.461518,0,1,1,0
0.814479,0.231746,-1.309511,0.740483,0.067288,0.050183,0.527278,0,0,0,0
0.161461,-0.449863,0.084247,0.004435,0.478886,-1.213324,-0.768388,1,0,0,1
-0.005946,0.830628,0.080807,0.274394,-0.033145,-0.650997,0.700131,0,0,0,0
-0.134744,0.573494,-1.132928,0.596736,0.476266,0.225544,1.345169,0,1,0,1
0.769052,-0.759085,-0.143903,1.014976,-0.038902,0.434503,0.446999,0,0,0,0
0.315329,-0.023983,0.041662,-0.465464,0.276466,-0.793487,-0.445207,1,0,1,1
0.596703,-0.483310,0.004928,0.610754,0.252349,-0.101655,1.324447,0,0,0,0
0.142927,0.820682,-0.297965,0.420161,0.351503,0.963814,2.100286,0,1,1,0
0.660087,0.226163,-1.004383,1.199900,-0.511382,-0.570532,-0.051477,0,0,0,0
0.513621,0.031884,-0.326920,-0.291336,0.675558,-0.279466,0.045789,1,1,0,1
-0.670818,0.934576,0.639669,-1.042305,-0.138141,-1.029591,0.521099,0,0,0,0
0.139500,1.218059,-0.757297,-0.039213,-0.159603,1.024744,1.589409,0,0,1,1
0.738867,-1.105076,0.485137,0.691837,-0.222739,-0.299989,0.744607,0,0,0,0
0.450191,-0.777328,0.196698,0.576397,0.401944,-0.151401,-0.396012,1,1,1,0
0.351606,0.222595,-0.368470,0.098118,0.817653,0.087786,0.563763,0,0,0,0
0.323887,0.902044,-0.978918,1.124108,0.441276,0.079411,1.415307,1,0,0,1
0.566314,-0.212784,-0.257030,0.419745,0.406723,0.999622,0.584381,0,0,0,0
0.042857,-0.261114,0.205243,0.679296,0.359028,-0.473844,-0.547715,0,1,0,1
0.010915,0.599832,-0.510529,-0.680805,0.770763,-0.078772,0.721652,0,0,0,0
0.126718,1.266588,-0.392394,0.350980,-0.234372,-0.056958,1.463909,1,0,1,0
0.665115,0.378808,-0.199748,-0.015900,-0.429560,0.611894,0.676513,0,0,0,0
0.280509,-0.211275,-0.059995,-0.067600,0.414585,-0.653852,-0.263885,1,1,0,1
0.399907,-0.480055,-0.570462,-0.680803,-0.101848,0.705573,0.595376,0,0,0,0
0.349512,0.649306,-1.338209,1.128130,0.158278,0.296123,1.386497,0,1,1,0
0.738315,0.299685,-0.725007,0.592081,-0.558126,0.511590,0.603110,0,0,0,0
0.202774,-0.336212,0.165353,-0.116986,0.252363,-0.665791,-0.746812,1,0,1,1
-0.633776,0.536715,0.605257,-1.536944,0.462856,-0.519374,0.497865,0,0,0,0
0.066569,1.088933,-0.860279,0.359459,-0.114673,1.085309,1.583416,1,1,0,0
0.693020,-0.571060,-0.124999,1.172138,-1.260850,0.500585,0.394692,0,0,0,0
0.420774,-0.337112,0.335029,0.452133,-0.081477,-1.166328,-0.403369,0,1,1,1
0.307167,-0.349931,-0.249200,1.048022,0.978723,-0.038774,0.428337,0,0,0,0
0.102419,0.436399,-0.819628,1.308064,-0.233270,0.268763,1.285158,1,0,1,0
0.772128,0.107161,-0.650976,0.984580,0.187105,0.389441,0.751195,0,0,0,0
0.326534,-0.166232,0.017518,-0.347046,0.377972,-1.465707,-0.623814,0,1,0,1
-0.074040,0.353768,0.040184,1.513905,1.705637,-0.131324,0.704063,0,0,0,0
0.334950,1.075047,-0.381731,-0.159013,-0.400658,1.990679,1.591393,0,1,1,0
0.784256,0.055562,-0.509231,1.122620,0.595208,-0.653482,0.613018,0,0,0,0
0.197407,-0.629638,0.047226,0.147809,0.654865,-0.412462,-0.679367,1,0,1,1
0.328642,-0.192537,-0.303856,0.123865,0.248924,-0.324340,0.557835,0,0,0,0
0.358502,0.726684,-1.037992,1.382319,-0.155469,0.588442,1.442283,1,1,0,0
0.777452,0.348453,-0.805490,0.625030,-0.258301,0.556687,0.874974,0,0,0,0
0.369917,0.168853,0.500654,0.201908,0.702587,-0.655542,-0.262032,0,0,1,1
-1.174131,-0.446839,1.569283,0.191231,2.208062,-1.581893,0.310796,0,0,0,0
-0.187413,0.944341,-0.755984,0.857127,0.208051,1.171026,1.486846,0,1,0,1
0.798619,0.573140,-0.684503,0.990633,-0.699601,0.103167,0.793878,0,0,0,0
0.327960,-0.136907,0.782717,0.209070,0.446402,0.395933,-0.220495,1,1,1,0
0.354096,0.146361,-0.420540,0.525071,-0.228622,-0.088268,0.669592,0,0,0,0
0.382453,0.687027,-0.742539,0.886818,-0.675859,-0.586145,1.360675,1,0,0,1
0.698202,-0.130730,0.130118,0.018765,0.057587,0.079593,0.679839,0,0,0,0
0.321878,-0.150859,0.377725,-0.047647,0.349532,-0.713431,-0.395411,0,1,1,0
-0.491503,0.615884,0.316182,0.158076,0.333348,-1.157818,0.514904,0,0,0,0
-0.032737,1.154854,-0.521693,0.755525,0.229031,0.283289,1.578603,1,0,0,1
0.767968,0.115765,0.134935,-0.387999,-0.230251,-0.070261,0.853564,0,0,0,0
0.427848,-0.461140,0.784056,0.652982,0.778312,-0.105088,-0.078765,0,1,1,1
0.301382,-0.154607,0.192237,0.349957,-0.596710,0.047904,0.560973,0,0,0,0
0.485749,0.206861,-0.224123,-0.029004,-0.734050,1.599036,1.320819,1,0,1,0
0.959568,-0.317340,-0.517455,-0.306679,-0.411373,0.167094,0.583327,0,0,0,0
0.629325,-0.289229,0.295362,0.426784,-0.120391,-0.316738,-0.421158,1,1,0,1
0.676936,0.341489,-0.339738,0.936684,-0.494573,-0.684324,1.271664,0,0,0,0
-0.015770,0.076836,-0.711141,1.243635,0.499546,-0.145309,1.334126,0,1,1,1
0.815492,-0.176425,0.444566,0.693016,-0.138289,0.291736,1.239218,0,0,0,0
0.394977,-0.490314,0.088285,0.450398,-0.100547,-0.769758,1.371621,0,0,0,0
-4.413966,-0.675775,3.017109,-4.446625,1.914672,-2.160128,-2.208745,0,0,0,0
-5.328989,-4.056138,1.760069,-3.847092,1.778605,-2.212167,-2.287445,1,1,0,1
0.661500,0.125518,-0.899488,1.696685,-0.449984,-0.132710,1.209245,0,0,1,0
0.254713,-0.619561,0.287235,1.567415,0.038121,0.334086,1.176991,1,1,0,1
0.710938,0.303276,0.194531,0.759588,-0.219749,-0.570017,1.553384,0,0,1,0
0.129580,0.086021,0.015920,0.481709,0.928390,0.519421,2.371852,0,1,0,0
-0.810978,1.804910,-0.863612,0.454339,1.922841,-0.318817,-0.622375,1,0,1,1
0.564343,-0.576555,0.254427,1.237144,-0.284116,-0.285683,0.865046,0,1,0,0
0.472848,0.329324,-0.417426,1.867870,-0.421421,-0.534263,1.433831,0,0,1,0
-0.015665,-0.035430,0.526226,-1.566601,0.552242,0.736956,-0.779125,1,1,0,1
0.818956,-0.359857,0.649343,0.197278,0.410154,-0.444287,1.506554,0,0,1,0
0.330862,-0.770443,-0.199504,0.196943,0.693828,-0.036312,2.346984,1,0,0,1
-0.677994,2.089292,0.665410,-0.899658,0.468947,-1.541141,0.528698,0,0,0,0
0.176739,1.230580,-0.321408,-0.026422,-0.041148,1.484388,1.461676,0,1,1,0
0.658842,-0.428542,0.604863,1.599754,-0.220271,-0.870862,0.728407,0,0,0,0
0.388359,-0.585952,0.176363,0.663764,0.275332,0.074656,0.651352,1,1,0,1
0.457143,-0.453721,0.120917,0.548223,0.418470,-0.919021,0.463552,0,0,0,0
0.425636,-0.288610,-0.403952,0.655845,0.479233,1.218991,1.295984,0,0,1,1
0.736420,-0.551483,-0.856415,0.641522,-0.665452,-0.134389,0.687029,0,0,0,0
0.507668,-0.674333,0.047302,0.016110,-0.382715,-0.268316,-0.153055,1,1,1,0
0.271285,-0.145806,-0.499194,-0.195440,-0.198454,0.259639,0.707129,0,0,0,0
0.468870,0.616101,-0.183664,-0.617628,0.344570,-0.199978,1.485663,1,0,0,1
0.835666,-0.034555,-0.056639,0.142629,-0.905320,0.268650,0.722517,0,0,0,0
0.371774,-0.382830,-0.184249,-0.045139,0.049875,0.018431,-0.735447,0,1,1,1
0.426945,-0.339949,0.052216,-0.315628,0.464600,0.327512,0.577263,0,0,0,0
0.429173,0.104066,-0.411992,0.444606,-0.169130,-0.195217,1.265459,1,0,1,0
0.815338,0.078932,-0.943240,0.780218,-0.650883,0.227333,0.548333,0,0,0,0
0.429541,-0.174511,-0.059094,-0.345696,-0.151197,-0.276752,-0.475346,1,1,0,1
-0.416556,-0.062503,1.137878,-0.334034,-0.409873,0.516691,0.512267,0,0,0,0
0.261391,1.202192,-0.317665,0.196438,-1.097032,0.983236,1.573837,0,1,1,0
0.831301,-0.871643,0.111024,0.878047,-0.197852,0.279751,0.639456,0,0,0,0
0.385993,-0.718802,0.072694,1.076894,0.180762,-1.027562,-0.290836,1,0,1,1
0.264234,-0.606759,-0.659566,0.158999,0.186735,-0.547582,0.449011,0,0,0,0
0.113899,-0.005267,-1.037073,1.177720,0.342720,1.590962,1.165288,1,1,0,0
0.992662,0.023154,-0.544194,0.077029,0.083071,-0.115547,0.491898,0,0,0,0
0.409505,-0.225488,-0.332607,0.361171,-0.045388,-0.862094,-0.438348,0,1,1,1
0.043128,0.003465,0.363613,1.292357,1.535015,-0.255883,0.621020,0,0,0,0
0.264969,0.898198,-0.288661,-0.110628,-0.556502,1.424774,1.530887,1,0,1,0
0.864779,-0.502336,-0.850044,0.611764,-0.392323,1.410500,0.598929,0,0,0,0
0.336466,-0.486101,0.012016,-0.439320,0.105235,-0.026639,-0.709856,1,1,0,1
0.354887,-0.143723,-0.028985,0.329893,-0.465520,-0.685008,0.557788,0,0,0,0
0.411024,0.658945,-0.899856,1.084424,-0.736091,-0.069530,1.303977,0,0,1,1
0.764678,0.392212,-0.797455,0.600012,-0.540765,-0.577895,0.800076,0,0,0,0
0.516051,0.162428,0.215082,-0.102950,0.325772,0.201919,-0.279771,1,1,1,0
-1.036505,-1.408508,2.075123,0.854164,0.379195,-0.936585,0.340265,0,0,0,0
-0.098433,0.407951,-0.756865,1.141270,0.142768,1.385966,1.469838,0,1,0,1
0.878731,0.332397,-0.824481,0.346430,-1.245545,0.691310,1.014127,0,0,0,0
0.280815,-0.590115,-0.417310,0.404825,0.754221,-0.865421,-0.420979,1,0,1,1
0.382945,-0.106343,-0.367964,0.048926,-0.063675,-0.379632,0.502478,0,0,0,0
0.418948,0.722330,-0.842656,0.504429,-0.305683,-0.281012,1.233022,1,1,0,0
0.844056,-0.015931,-0.205701,0.413944,0.004554,-0.252440,0.833262,0,0,0,0
0.402325,-0.135882,0.687511,0.655777,0.433607,-0.473487,-0.201767,0,1,1,1
-0.398080,0.120986,1.544827,0.408498,-0.616856,-0.353895,0.557135,0,0,0,0
-0.089851,0.857474,-0.051963,1.004042,0.470283,0.253165,1.516665,1,0,0,1
0.741527,0.132369,0.439972,0.092584,-0.735440,-0.217348,0.875756,0,0,0,0
0.470651,-0.198257,0.164154,-0.225217,0.403797,-0.442369,-0.082501,1,1,1,0
0.184652,-0.008919,0.696405,-0.072240,-0.480806,-0.768430,0.450245,0,0,0,0
0.342244,0.597707,-1.388335,0.547274,-0.962229,0.852728,1.287621,0,1,0,1
0.820718,-0.007844,-0.937979,0.513897,-0.369224,-0.112249,0.632078,0,0,0,0
0.370804,-0.220346,-0.346672,0.569533,0.036367,-0.782292,-0.430520,1,0,1,1
-0.503094,-0.162051,1.117328,-0.550419,-0.354098,0.410209,0.407715,0,0,0,0
-0.158425,0.315496,-1.065645,0.864221,0.345583,1.368715,1.456167,0,1,1,0
0.741199,0.192495,-0.638839,0.907728,-0.852929,-0.763248,0.498112,0,0,0,0
0.379540,-0.332572,0.482648,0.132272,0.651175,-0.071592,-0.346039,1,1,0,1
0.304336,-1.295225,-0.594945,1.778602,-0.230867,-0.568302,0.383801,0,0,0,0
0.275258,0.894084,-0.573552,0.612319,-0.998534,-0.352518,1.329549,0,1,1,0
0.941927,0.161466,-0.730882,0.540076,-0.180556,1.043541,0.718706,0,0,0,0
0.277517,-0.373971,0.059782,0.557974,0.635281,-1.272443,-0.482208,1,0,1,1
0.014550,0.173602,-0.006316,-0.252808,-0.439095,-0.539992,0.669050,0,0,0,0
0.053782,0.807973,-0.917851,1.214485,0.664021,0.241885,1.604110,0,1,0,1
0.777451,-0.575325,-0.530118,1.228217,-0.164467,-0.609106,0.647057,0,0,0,0
0.350580,-0.163879,0.624895,0.311238,-0.248859,-0.115240,-0.588348,1,0,1,1
0.602150,-0.277412,0.092448,0.909334,-0.059867,0.497711,1.224314,0,0,0,0
0.183014,0.865918,-0.764202,1.280381,0.393588,0.773123,2.301149,0,1,1,0
0.709029,-0.268160,-0.674204,1.052610,-0.336500,-0.657115,-0.007640,0,0,0,0
0.514527,0.244232,-0.691523,0.287493,0.331066,-0.583436,0.014912,1,1,0,1
-0.346838,0.093756,1.300412,-1.257678,-0.648319,-0.544443,0.494366,0,0,0,0
0.201519,0.912841,-1.114294,0.374139,-0.199731,0.686916,1.596626,1,0,1,0
0.685494,-0.463124,-0.072867,1.284358,-1.303128,-0.842872,0.827677,0,0,0,0
0.446660,-0.764294,-0.262279,-0.139825,-0.709974,-0.508995,-0.446385,0,1,1,1
0.293609,-0.155470,-0.290778,0.185989,1.020553,-0.750981,0.531582,0,0,0,0
0.308243,0.816259,-1.202444,1.504527,0.357020,0.018428,1.358570,1,0,0,1
0.749264,-0.484989,-0.708592,0.450554,0.017917,0.227635,0.650226,0,0,0,0
0.188367,-0.568884,-0.533648,0.552078,0.554193,-0.763676,-0.512493,1,1,1,0
0.107117,0.342319,-0.348348,-0.648150,0.214368,-0.274213,0.789801,0,0,0,0
0.245953,0.894056,-0.296363,0.220189,-0.189622,0.868895,1.508923,0,1,0,1
0.791114,0.041869,0.100052,0.105120,-0.421196,0.431817,0.697906,0,0,0,0
0.330987,-0.136041,0.112156,0.350078,0.105952,-0.553525,-0.383999,1,0,1,1
0.299791,-0.460389,-0.729016,0.047010,-0.627217,0.227866,0.644711,0,0,0,0
0.473053,0.773559,-1.238574,0.296287,-0.994213,0.181203,1.403249,0,1,1,0
0.816420,0.126112,-0.705402,1.456160,-0.270984,0.435558,0.606695,0,0,0,0
0.239437,-0.456445,0.077873,0.227833,-0.395680,-0.512070,-0.691029,1,1,0,1
-0.416457,0.121359,1.358923,-0.716956,-0.439621,-0.661739,0.532968,0,0,0,0
0.122327,0.634871,-0.699408,1.236358,0.298145,1.862035,1.559550,0,0,1,1
0.720459,-0.586224,-1.006394,1.296664,-1.044074,0.109951,0.426583,0,0,0,0
0.273896,-1.223519,0.286134,0.817724,0.273345,0.165987,-0.361574,1,1,1,0
0.289949,-0.323275,-0.713301,-0.023906,-0.359158,-0.208872,0.414040,0,0,0,0
0.182174,0.154419,-1.023649,0.280541,0.217746,0.356715,1.247556,1,0,0,1
0.797733,-0.514694,-0.866137,0.404397,0.572305,-0.188146,0.592766,0,0,0,0
0.387624,-0.048111,0.111431,-0.324801,-0.191969,-0.584779,-0.525065,0,1,1,1
-0.041375,-0.579586,0.184446,1.083542,0.992809,-0.316257,0.635786,0,0,0,0
0.314190,0.910167,0.378857,-0.151861,-0.263810,0.823058,1.595577,1,0,1,0
0.705666,-0.481739,-0.448973,0.818379,-0.340743,0.206604,0.412692,0,0,0,0
0.297930,-0.515697,-0.131416,-0.298299,0.246424,-0.762647,-0.653301,1,1,0,1
0.298765,0.030028,-0.258365,0.587962,-0.532527,0.102364,0.609213,0,0,0,0
0.408502,0.548883,-1.083650,0.974421,-1.188311,0.469062,1.461232,0,0,1,1
0.887937,0.250493,-0.130823,0.790970,-0.193191,-0.219102,1.033774,0,0,0,0
0.444289,-0.064868,0.211887,-0.476564,0.254959,-0.185675,-0.306402,1,1,1,0
-0.930597,-1.416426,2.020042,0.432850,1.012928,-1.442559,0.302995,0,0,0,0
-0.030152,0.596666,-0.670743,1.248239,0.264568,1.848977,1.406701,0,1,0,1
0.748157,0.514272,-1.042545,1.046971,-1.086116,-0.562794,0.753451,0,0,0,0
0.394133,-0.096511,0.631869,0.184255,-0.002612,0.319183,-0.237470,1,0,1,1
0.366962,0.028935,-0.599086,0.173979,-0.342390,-0.430448,0.607346,0,0,0,0
0.373932,0.448657,-0.518599,1.337824,-0.430126,-0.415374,1.362072,1,1,0,0
0.848347,0.217945,-0.370524,0.679253,-0.556072,0.015959,0.863935,0,0,0,0
0.338093,-0.165743,-0.096725,0.710741,0.149359,-0.674985,-0.301220,0,1,1,1
-0.347795,0.121587,1.545525,-0.119259,-0.448483,-0.964831,0.424132,0,0,0,0
-0.003434,1.120662,-0.120574,0.849294,0.022304,1.069404,1.443991,1,0,0,1
0.861051,0.728791,-0.073674,0.088921,-1.331854,1.014835,1.047100,0,0,0,0
0.466493,-0.138992,0.493258,0.384532,0.528075,0.517142,-0.115635,1,1,1,0
0.274232,-0.031751,0.756814,0.341610,-0.299817,-0.530108,0.550954,0,0,0,0
0.389553,1.454006,-0.625791,0.564697,-1.149494,0.961364,1.353954,0,1,0,1
0.824620,0.066270,-1.015309,-0.280183,-0.700750,-0.787250,0.768296,0,0,0,0
0.398213,-0.218328,-0.106655,0.528310,-0.132667,-1.412534,-0.737152,1,0,1,1
0.339523,-0.925438,0.392390,0.361168,-0.648143,-0.161785,0.526624,0,0,0,0
0.041670,0.919847,-0.411029,1.228935,0.326124,0.097389,1.538204,1,1,1,0
0.872956,0.478675,-0.326717,0.871056,-0.610930,-0.652115,1.208581,0,0,0,0
0.545525,0.210163,0.468039,1.235970,-0.131216,0.943327,1.725138,1,1,0,1
0.734085,-0.566315,-0.456525,0.971449,-0.380489,0.022644,0.645821,0,0,0,0
0.428786,1.058056,0.029942,0.193614,-0.852761,-0.134982,1.401291,0,1,1,1
0.939837,0.307975,-0.041202,-0.045309,-0.039372,0.233716,1.606302,0,0,0,0
0.382743,0.110964,0.704392,0.805256,0.711188,0.414241,1.744177,1,0,0,1
0.633742,-0.044317,-0.296971,0.047329,-0.419345,0.069604,-0.318922,0,1,0,0
-0.183762,0.624304,-1.065990,-1.439424,-0.810848,-0.948972,-1.262048,1,0,1,0
0.714109,-0.801633,-1.713071,0.271489,-1.733153,-0.492613,-0.452054,0,0,0,1
-0.354723,0.728111,0.013275,-1.025132,-1.281523,-0.905615,-0.983652,1,1,1,0
0.437581,-0.810755,-0.035299,0.053862,-0.149265,1.924521,-0.231529,0,0,0,1
0.041573,0.997205,-0.333919,0.157821,0.374151,0.522950,-0.309371,1,1,0,0
0.748349,-1.486248,0.043910,0.069295,-0.512237,4.380207,-0.109949,0,0,1,0
0.572273,-1.506713,-0.142479,-1.341060,-0.701869,0.598127,-0.652328,1,1,0,1
0.215836,-0.372832,0.716513,0.316470,0.330941,0.011429,0.608712,0,0,0,0
0.503178,0.129108,-0.137415,0.099841,-0.573740,0.442946,1.545928,0,0,0,0
0.421154,-0.503160,1.274172,0.060772,-0.338727,-0.140295,-0.270152,0,0,0,0
0.712174,-0.480559,-0.205942,-0.308514,-1.449064,2.015336,-0.299428,1,1,1,1
0.281677,-0.647322,-0.019110,0.240771,-0.405737,-0.395810,0.546436,0,0,0,0
0.735217,0.263735,-0.278502,0.129908,-0.451260,1.087658,1.384834,0,1,0,0
1.013471,-0.031539,-0.373738,0.124843,0.032553,-0.215619,0.721777,0,0,0,0
0.637651,-0.120172,0.383697,0.055388,-0.013465,-0.531048,-0.083112,1,0,1,1
-0.091596,0.245386,0.068140,0.636670,-0.730030,-0.187745,0.656716,0,0,0,0
0.633813,0.368431,0.308480,-0.602319,0.264072,0.454817,1.550759,0,0,1,0
0.906089,-0.073085,-0.739509,0.350516,-0.201478,0.844186,0.618521,0,0,0,0
0.371046,-0.458768,0.064891,-0.565419,0.303575,-0.412721,-0.655618,1,1,0,1
0.095066,-0.522437,0.898286,0.777131,0.487664,-0.392790,0.421498,0,0,0,0
0.332003,0.841837,-0.969684,1.081347,-0.327097,0.499938,1.310837,0,1,0,0
0.799761,-0.022345,-1.398597,0.178511,-0.963013,-0.897753,0.295627,0,0,0,0
0.528997,-0.272909,-0.074907,0.036127,0.593074,-0.501122,-0.405663,1,0,1,1
-0.877572,-0.819235,1.551453,0.469280,0.812952,-0.504855,0.429224,0,0,0,0
-0.044737,0.728713,-0.761964,0.831569,0.485020,0.787337,1.577352,0,1,0,0
0.839857,0.376511,-0.278431,1.236538,-0.726403,0.050830,0.864794,0,0,0,0
0.664892,-0.097407,0.332790,-0.008397,0.436446,-0.448055,-0.084004,1,1,0,1
0.226270,-0.023668,0.541660,-0.336806,-1.089136,0.083540,0.442139,0,0,0,0
0.609020,0.555998,0.544793,-0.312660,-0.721475,1.174524,1.356447,0,0,1,0
0.996687,0.074483,-0.261099,0.907662,-0.184308,0.738256,0.718005,0,0,0,0
0.660932,-0.007109,0.129314,0.112364,-0.029267,-0.484716,-0.078038,0,1,1,1
0.077532,0.027621,1.626197,-0.204597,-0.793669,0.685203,0.762118,0,0,0,0
0.362778,0.915944,-0.290393,-0.154825,-0.626089,-0.306720,1.557553,0,1,0,0
0.805904,-0.000859,-1.122319,0.845596,-1.383497,1.009242,0.715747,0,0,0,0
0.798971,-0.280367,0.037351,-0.662806,-0.211660,-0.266944,-0.063589,1,0,1,1
0.319088,0.011869,-0.089463,0.003787,-0.768713,0.098176,0.485861,0,0,0,0
0.435046,0.840921,-1.051474,0.466571,-0.906728,-0.213032,1.303841,0,0,1,0
0.968914,-0.540778,0.072433,0.041436,-0.621408,-0.053552,0.616488,0,0,0,0
0.770744,-1.252914,0.354423,-0.588543,-0.331199,-0.109225,-0.214030,1,1,0,1
-0.363844,0.428278,1.337264,0.140368,-0.623692,-0.111063,0.503768,0,0,0,0
0.480300,0.308362,-0.132598,-0.396553,0.407255,2.039241,1.516987,0,0,1,0
0.794228,-0.295686,-0.028658,0.703782,-0.832104,-0.084473,0.441387,0,0,0,0
0.496649,-0.202949,-0.309912,-0.287435,-0.168951,-0.789480,-0.659794,1,1,0,1
0.249816,-0.257073,0.371227,0.322094,-0.330176,-0.994870,0.438363,0,0,0,0
0.746946,0.220240,0.022341,-0.276071,0.434667,0.926465,1.309014,0,0,1,0
0.978921,-0.416604,-0.259070,-0.151492,0.227745,0.882588,0.767333,0,0,0,0
0.772206,0.312123,0.251178,0.008792,-0.393679,0.351079,0.346715,1,1,1,0
-0.007067,0.096395,0.153938,0.217679,-0.852753,0.314083,0.675704,0,0,0,0
0.320923,0.937899,-0.238044,0.969389,-0.634721,0.538788,1.666916,0,0,0,1
0.791767,-0.574583,-0.649698,0.331587,-0.056983,-0.425884,0.564621,0,0,0,0
0.247472,-0.910441,-0.360876,-0.401124,-0.018745,-0.041874,-0.891908,1,1,0,1
0.461914,0.597576,0.533467,-0.209842,-0.527270,-0.196863,0.556966,0,0,0,0
0.451189,0.756019,-0.484330,1.065745,-0.517745,-0.452283,1.402079,0,0,1,0
1.064676,-0.648002,0.292402,-0.058076,-0.187544,0.221849,0.888198,0,0,0,0
0.752834,-1.307870,0.183758,-0.688399,0.075335,-0.892542,-0.127900,1,1,0,1
-0.461777,-0.007956,1.716557,0.488913,0.107942,-0.105558,0.523363,0,0,0,0
0.409908,0.552602,-0.239796,0.045653,-0.446384,1.430669,1.634903,0,0,1,0
0.699926,-0.268116,0.265879,0.825427,-0.035792,0.037806,0.635685,0,0,0,0
0.621833,-0.255382,0.337525,-0.304534,0.549035,-0.494641,-0.129315,1,1,0,1
0.198931,-0.291774,0.437050,0.069329,-0.373652,-1.115116,0.350963,0,0,0,0
0.659309,0.222630,-0.013751,-0.075459,-0.770940,0.642774,1.420810,0,0,1,0
1.015615,-0.157675,0.013691,0.112091,0.034265,1.299207,0.846780,0,0,0,0
0.736676,0.104910,0.026211,-0.886685,-0.421661,0.049734,-0.322410,1,0,1,1
-0.202927,-0.115406,0.495442,1.124942,-0.355694,-0.448750,0.538424,0,0,0,0
0.522832,1.128960,-0.468281,0.213818,-1.023910,0.181152,1.494459,0,1,0,0
0.793466,-0.158571,-0.652924,0.247000,-0.295914,-0.151760,0.592732,0,0,0,0
0.481627,-0.400289,0.305644,-0.793060,-0.435497,0.683227,-0.424466,1,1,0,1
0.189185,-0.292515,-0.015094,-0.259871,-0.453902,-0.344321,0.250053,0,0,0,0
0.062952,0.244035,-0.680870,1.196815,-0.424925,0.010637,1.272402,0,0,1,0
0.853645,0.168308,-0.755040,0.501025,-1.050813,-0.471080,0.797073,0,0,0,0
0.749088,-1.051016,0.571517,-0.809654,-0.503676,-0.810529,-0.337981,1,0,1,1
-0.309398,0.330390,1.994739,0.547852,-0.406244,-0.951026,0.481430,0,0,0,0
0.431832,0.818871,-0.669918,-0.585094,-0.631597,2.290771,1.582061,0,1,0,0
0.875790,-0.259265,-0.007624,-0.120903,-0.519328,0.379233,0.618290,0,0,0,0
0.543087,-0.157742,-0.228877,-0.445868,0.141569,-0.357135,-0.541925,1,0,1,1
0.332587,0.052997,-0.117228,0.864127,-0.120471,0.517855,0.580945,0,0,0,0
0.456862,0.442742,-0.500342,0.473645,-1.316872,0.251085,1.365595,0,0,1,0
0.994384,-0.210304,-0.402759,0.179786,-0.076068,0.128046,0.732622,0,0,0,0
0.745000,-0.142907,0.215058,0.144896,0.096924,0.601128,-0.025236,1,1,0,1
-0.090955,-0.274836,1.326734,0.294730,-0.115699,-0.497368,0.613573,0,0,0,0
0.494447,0.581541,0.483687,0.271388,-0.730106,0.267632,1.657889,0,0,1,0
0.948457,0.239546,0.187273,0.413682,-0.364147,1.075852,0.673239,0,0,0,0
0.502930,-0.350990,0.236860,0.199302,0.462539,-0.484472,-0.559347,1,0,1,1
0.079207,-0.247139,0.220541,1.110812,-0.348250,0.171521,0.432389,0,0,0,0
0.725461,0.999006,-1.197905,-1.311072,-1.315866,3.147296,1.419525,1,1,0,0
1.020205,-0.017736,-0.611537,-0.307015,-0.957773,0.706654,0.587718,0,0,0,0
0.685399,-0.368454,-0.025152,-0.810518,-0.338758,-0.229859,-0.366146,0,1,1,1
-0.409589,-0.174990,1.827827,-0.810554,-0.838743,-0.961054,0.471994,0,0,0,0
0.547663,0.682119,-0.371732,-0.108721,-0.728542,1.921256,1.617339,1,0,1,0
0.884463,0.196827,-0.516138,0.910286,-1.544470,0.505629,0.577233,0,0,0,0
0.791685,-0.178875,0.301828,-0.854388,-0.441319,-0.473994,-0.106548,1,1,0,1
0.244380,-0.228684,0.451654,-0.349824,-0.758219,0.072964,0.356374,0,0,0,0
0.608517,0.400944,0.038723,0.384283,-1.157079,-0.132379,1.368561,0,0,1,0
1.128433,-0.164846,0.236247,-0.059736,-0.624968,1.198287,0.783023,0,0,0,0
0.810524,-0.165629,0.172731,-1.207753,-0.673414,-0.382001,-0.168442,1,1,1,0
-0.312117,0.106759,1.131256,-0.124468,-0.254225,-0.973704,0.491117,0,0,0,0
0.154129,0.645402,-0.143436,-0.616424,-0.180612,1.532458,1.379727,0,1,0,0
0.734614,-0.302855,-0.485320,0.298693,-0.465486,-0.209928,0.311188,0,0,0,0
0.554426,-0.596550,-0.166049,-0.724270,-0.006063,-0.520920,-0.337991,1,0,1,1
0.518543,0.560255,0.058153,-0.003493,-0.636095,-0.240507,0.595137,0,0,0,0
0.501149,0.298797,-0.625651,-0.015547,0.134426,0.261836,1.404309,0,0,0,1
0.935637,-0.210038,-0.685139,-0.082311,-0.359807,0.178450,0.683223,0,0,0,0
0.809519,-1.233191,0.191337,-0.225358,0.221719,0.049851,-0.419429,1,1,1,0
-0.354647,0.207070,1.919270,0.830702,-0.355234,-0.862527,0.443396,0,0,0,0
0.405482,0.345860,0.367869,-0.929276,-0.138834,2.003891,1.484745,1,0,0,0
0.890521,-0.031636,0.230211,-0.512027,-0.501936,0.095537,0.402202,0,0,0,0
0.486091,-0.266481,0.002697,0.018535,0.660555,-0.213434,-0.410038,0,1,1,1
0.381585,0.613761,0.116244,1.008241,0.124120,1.949510,0.546492,0,0,0,0
0.532119,0.756173,-0.915453,0.534315,-0.897355,0.321171,1.456464,0,0,1,0
1.030028,0.030664,0.117143,0.136859,-0.435385,0.174917,0.952471,0,0,0,0
0.693982,-0.226354,-0.364678,-0.255846,0.347766,0.089061,0.048564,1,1,0,1
0.022706,0.384890,0.995909,-0.586084,-0.570655,-0.723144,0.536029,0,0,0,0
0.422057,0.276431,0.430516,-0.244885,-0.262903,0.353150,1.551028,0,0,1,0
0.980934,0.003059,0.169840,-0.174119,-0.518055,0.269458,0.488745,0,0,0,0
0.710290,-0.292353,-0.091390,-0.807214,-0.245941,-0.044319,-0.323188,1,0,1,1
0.211711,-0.199216,0.532920,0.235226,0.236328,-0.507737,0.402849,0,0,0,0
0.407460,1.047747,-0.952420,0.715507,-0.768298,0.497947,1.355034,0,1,0,0
1.133465,0.378083,-0.058547,-0.268103,-0.185210,1.847738,0.844129,0,0,0,0
0.703342,0.197893,0.109096,-0.706523,0.064010,-1.277129,-0.175054,1,1,0,1
-0.352864,-0.516114,1.961154,0.977035,0.857848,-1.227048,0.365127,0,0,0,0
0.559153,1.394647,-0.785852,-0.439377,-0.542583,1.117327,1.645554,0,0,1,0
0.923374,0.030864,0.134249,-0.227210,-0.798300,0.486308,0.969078,0,0,0,0
0.820452,-0.220531,-0.231204,-0.989002,0.179358,0.255067,-0.240033,1,1,0,1
0.305345,-0.445460,0.316650,0.622234,0.138145,-0.714038,0.526401,0,0,0,0
0.714921,-0.042110,0.085705,0.181751,0.401480,0.169850,1.404675,0,0,0,1
0.975287,0.142343,-0.417866,0.744488,-0.026763,0.950663,0.973944,0,0,0,0
0.785799,0.065562,0.175403,-0.936351,-0.865797,1.006567,0.147839,1,1,1,0
0.022246,0.254958,0.682492,0.088413,-0.617908,-0.758556,0.544081,0,0,0,0
0.382182,0.807905,0.373750,-0.409907,-0.365849,0.260064,1.591717,0,1,0,0
0.770474,-0.511972,-0.633436,0.187714,-0.328267,0.428135,0.700103,0,0,0,0
0.489225,-0.258805,0.118339,-0.951516,-0.161190,-0.762288,-0.473854,1,0,1,1
0.320642,0.220017,-0.045884,0.201743,-0.731613,-0.089476,0.424252,0,0,0,0
0.100736,0.284494,-0.958219,1.468016,0.213121,-0.018938,1.276370,0,1,0,0
1.019159,-0.866643,0.555282,0.340737,0.004169,0.766569,0.792405,0,0,0,0
0.642429,-1.538972,-0.171488,-0.606232,-0.240271,-0.831470,-0.362078,1,0,1,1
-0.344339,0.106346,1.662968,0.126138,0.227643,-1.133693,0.441732,0,0,0,0
0.512943,0.552183,-0.047470,-0.295655,-0.541006,1.340272,1.624921,1,0,0,0
0.903062,-0.222741,-0.107424,0.313702,-0.704525,0.950909,0.557304,0,0,0,0
0.578970,-0.345675,0.560193,-0.438224,0.544230,-0.597378,-0.299537,0,1,1,1
0.223849,-0.296665,0.292013,0.161168,-0.182490,-0.769825,0.513292,0,0,0,0
0.708193,0.163185,-0.052097,-0.184639,-0.486537,0.520281,1.351060,0,1,0,0
0.929577,-0.343923,-0.701200,-0.280296,-0.555239,-0.044276,0.466921,0,0,0,0
0.557676,-0.036543,0.506534,0.669002,-0.333459,-0.698864,-0.310615,1,0,1,1
-0.137140,-0.060680,0.409794,0.333213,-0.984319,-0.463765,0.553673,0,0,0,0
0.558877,0.905425,-0.072757,-0.438006,-0.231058,1.892940,1.571880,0,1,0,0
0.925492,-0.281724,-0.431079,-0.225254,-0.187736,0.888990,0.531282,0,0,0,0
0.355883,-0.469974,-0.390079,-0.633440,0.037053,-0.492793,-0.748984,1,1,0,1
0.099530,-0.535515,0.094052,0.558659,0.495992,-1.007740,0.328664,0,0,0,0
0.315095,0.806059,-0.639588,1.167516,-0.791652,1.714949,1.327755,0,0,1,0
0.929379,-0.170623,-0.833347,0.087142,-0.400213,0.216677,0.414992,0,0,0,0
0.440855,-0.437798,0.048946,-0.484006,0.677642,-1.034151,-0.535019,1,0,1,1
-0.829373,-0.758430,1.758369,0.099513,0.286111,-0.874053,0.427003,0,0,0,0
0.151057,0.910927,-0.533480,0.073199,-0.063264,1.333747,1.492328,0,1,0,0
0.888999,0.350802,-0.042874,1.431236,-0.641367,-0.131568,0.677382,0,0,0,0
0.645422,0.069373,0.283407,-0.522081,0.161064,0.027708,-0.093865,1,1,0,1
0.297851,0.175513,0.930309,-0.038829,-0.631114,0.345632,0.515475,0,0,0,0
0.672818,0.466550,0.741298,-0.165704,-0.306546,0.810749,1.263942,0,0,0,1
1.070771,0.061536,-0.217899,0.354791,-0.269504,0.865556,0.777670,0,0,0,0
0.688484,-0.254272,0.022199,-0.268902,0.208713,-0.292814,0.000973,1,1,1,0
0.031250,-0.129782,1.308334,-0.073021,-0.693226,-0.431278,0.778878,0,0,0,0
0.356809,0.462940,0.177161,-0.558326,-0.460713,0.003649,1.637118,0,0,1,0
0.818370,0.249384,-0.550749,1.019000,-1.082750,0.448360,0.634466,0,0,0,0
0.758693,-0.414357,0.085881,-1.186787,0.133106,-0.906936,-0.105450,1,1,0,1
0.367205,0.446274,0.076630,0.331420,-0.476274,-0.242565,0.501945,0,0,0,0
0.377062,0.237881,-0.174466,0.390030,-0.659286,-0.490402,1.271293,0,1,0,0
1.027984,-0.851088,0.528809,-0.062671,-0.548343,0.489173,0.686399,0,0,0,0
0.844882,-0.996045,0.414383,-0.451359,-0.075975,0.010888,-0.041429,1,0,1,1
-0.392880,0.289092,1.351400,0.165164,-0.186339,-0.380888,0.442093,0,0,0,0
0.492565,0.209976,0.360432,-0.268630,0.474574,1.065085,1.563152,0,1,0,0
0.808719,-0.323362,0.218884,-0.032801,-0.517952,0.901069,0.395296,0,0,0,0
0.501299,-0.183541,0.168660,-0.118740,0.353693,0.703343,-0.573940,1,1,0,1
0.209117,-0.469318,0.765512,-0.004869,0.168868,-1.443224,0.386861,0,0,0,0
0.576549,-0.158947,-0.414459,-0.142506,0.696493,0.123562,1.150884,0,0,1,0
0.980279,-0.246513,-0.261400,0.303032,-0.362540,2.063285,0.704238,0,0,0,0
0.740150,0.131613,0.120945,-0.450590,-0.389011,-0.226024,-0.037172,1,1,0,1
-0.023877,0.032929,-0.011634,0.391178,-0.775206,0.126678,0.629953,0,0,0,0
0.463709,0.393800,0.023148,0.009790,-0.568034,0.446641,1.512846,0,0,1,0
0.863580,-0.596474,-0.212298,-0.520662,-0.034873,0.184065,0.561834,0,0,0,0
0.378591,-0.520227,-0.270508,-0.337708,0.432567,0.361426,-0.752501,1,1,0,1
0.432767,0.361632,0.202542,-0.144387,-0.008632,-0.529550,0.531404,0,0,0,0
0.511906,0.729284,-0.674577,0.679721,-0.458315,-0.388456,1.419995,0,1,0,0
1.009061,-0.827594,0.643839,-0.046732,-0.511098,0.379665,0.704867,0,0,0,0
0.689999,-1.179910,0.701661,-0.001823,0.069993,-0.225230,-0.319044,1,0,1,1
-0.381414,-0.026026,1.442328,0.000714,-0.093109,-0.328070,0.521605,0,0,0,0
0.314453,0.482862,0.136480,0.452080,-0.198809,2.179937,1.590034,0,1,0,0
0.771531,-0.261416,0.014477,-0.030051,-0.336210,-0.167563,0.677469,0,0,0,0
0.529705,-0.481811,-0.111389,-0.442466,0.082850,-0.237423,-0.369869,1,1,0,1
0.156056,-0.260066,0.611387,0.800588,0.017950,-1.136817,0.373968,0,0,0,0
0.668840,0.063448,-0.289836,0.253892,-0.071020,0.433839,1.385589,0,0,1,0
0.945644,-0.072875,-0.467539,0.419897,-0.380885,0.410186,0.853390,0,0,0,0
0.706883,0.316078,0.048263,-0.285590,-0.365642,-0.160270,-0.137584,1,1,0,1
-0.123366,-0.082352,0.532986,0.652147,-0.324313,0.024283,0.536448,0,0,0,0
0.550776,0.363606,0.351210,-0.235171,0.721507,1.113002,1.617663,0,0,1,0
0.833600,-0.574343,-0.462299,-0.174239,0.109065,-0.130061,0.364375,0,0,0,0
0.590802,-0.233140,0.264543,-0.098161,0.485626,0.018770,-0.221500,1,0,1,1
0.120188,-0.374532,-0.382731,1.350898,0.418928,-0.820120,0.244875,0,0,0,0
0.143911,0.326612,-1.151107,1.060380,-0.716077,-0.616534,1.238333,0,1,0,0
0.998804,0.114420,0.075610,-0.476195,-0.501619,0.203631,1.060027,0,0,0,0
0.824950,-1.212440,0.599433,-0.903148,0.154297,-0.048942,-0.406337,1,0,1,1
-0.322051,0.244848,1.969929,-0.099382,-0.608253,-0.516456,0.475649,0,0,0,0
0.504549,0.693006,-0.812654,-0.237276,-0.867938,1.189540,1.603507,0,1,0,0
0.914615,-0.102784,0.049960,0.109326,-0.714101,-0.061395,0.742587,0,0,0,0
0.553341,-0.313690,-0.277380,-0.935946,-0.209651,0.006836,-0.295757,1,0,1,1
0.275808,0.136097,0.217166,1.284289,0.263119,0.704638,0.613479,0,0,0,0
0.558020,0.476255,-1.256091,0.749135,-0.611221,0.076879,1.333083,0,1,0,0
0.955307,-0.212855,-0.235418,0.659339,-0.204932,0.102447,0.733006,0,0,0,0
0.737130,-0.190989,0.140841,-0.383787,-0.434813,-0.728752,-0.203096,1,1,0,1
-0.023437,0.101023,0.078019,0.834277,-0.710911,-0.925502,0.590476,0,0,0,0
0.545569,0.282529,-0.230934,-0.342485,0.082269,1.278847,1.603390,0,0,1,0
0.863690,0.110588,0.230213,0.429662,-0.656927,0.596970,0.696115,0,0,0,0
0.395999,-0.249069,-0.255494,0.424445,0.027979,-0.236159,-0.345918,1,1,0,1
0.195028,-0.132999,0.568441,1.130733,0.237609,0.755951,0.430791,0,0,0,0
0.652739,0.471754,-1.568009,-1.487398,-1.798722,2.763146,1.337078,1,0,1,0
0.990474,-0.072937,-0.129536,-0.411090,-0.320385,2.184855,0.724698,0,0,0,0
0.681562,-0.478404,-0.146604,-0.809068,-0.322172,-0.304780,-0.386027,0,1,1,1
-0.458114,-0.548303,1.618663,-1.226365,-1.123225,-0.904223,0.454139,0,0,0,0
0.447959,0.556387,0.548770,0.276651,-1.143865,1.911396,1.551215,1,0,1,0
0.972386,0.144383,0.343453,-0.007308,-0.685249,0.487099,0.699321,0,0,0,0
0.792441,0.026987,0.260666,-1.044076,-0.677608,0.062445,-0.006647,1,1,0,1
0.185502,-0.252988,0.306092,0.108403,-0.879252,0.071236,0.344522,0,0,0,0
0.603903,0.322933,0.087480,-0.568832,-1.139533,0.371259,1.396379,0,0,1,0
1.045165,-0.281440,-0.287436,-0.541734,-0.603290,0.545514,0.723659,0,0,0,0
0.881501,0.159259,0.022059,-1.282768,-0.819131,-0.313463,-0.164098,1,1,1,0
-0.391427,-0.223183,1.337960,-0.189772,-0.415439,-0.734141,0.452984,0,0,0,0
0.183406,0.653756,-0.188008,-0.570906,0.033182,1.481597,1.371775,0,1,0,0
0.828001,-0.187829,0.177626,-0.265447,-0.381781,0.270836,0.482043,0,0,0,0
0.566634,-0.083662,0.271552,-0.439807,-0.366917,-0.074261,-0.419966,1,0,1,1
0.538269,0.629724,0.403339,-0.009701,0.188981,-0.284513,0.571009,0,0,0,0
0.472074,0.964641,-0.679921,0.871168,-0.713354,-0.087373,1.477868,0,0,0,1
0.938933,-0.278827,-0.336303,-0.491090,-0.777944,-0.482711,0.687019,0,0,0,0
0.807869,-1.266070,0.745208,-0.092703,-0.076844,-0.567377,-0.241119,1,1,1,0
-0.388224,0.212280,1.986276,0.865225,-0.067077,-1.319789,0.404139,0,0,0,0
0.384588,0.090759,0.178055,-0.525226,-0.289663,1.947715,1.510314,0,1,0,0
0.940167,-0.103812,-0.080072,-0.261986,-0.434693,0.020290,0.505720,0,0,0,0
0.608366,-0.105870,0.102506,-0.110670,0.440455,0.619325,-0.250100,1,0,1,1
0.426802,0.153193,0.181598,0.569352,0.445529,2.670427,0.489808,0,0,0,0
0.559184,0.734167,-0.795243,0.929781,-0.953753,0.737342,1.300355,0,1,0,0
0.995682,0.060339,0.391323,0.457526,-0.134960,0.860221,0.917233,0,0,0,0
0.653619,-0.180892,0.011979,0.155874,0.058242,-0.502015,-0.102484,1,1,0,1
-0.053819,0.008366,1.412069,-0.391946,0.022795,-0.837346,0.479139,0,0,0,0
0.424359,0.594595,0.275943,-0.693097,0.132340,1.735637,1.619590,0,0,1,0
0.966381,-0.010958,0.120646,0.136176,-0.624763,-0.038128,0.586959,0,0,0,0
0.668949,-0.311088,-0.115741,-0.556281,0.373229,0.294845,-0.188179,1,1,0,1
0.208378,-0.140646,0.261879,0.790143,-0.224272,-0.421860,0.372346,0,0,0,0
0.348681,0.719081,-0.605196,0.810242,-0.560997,-0.061455,1.152426,1,0,0,0
1.092918,0.480938,-0.361681,0.383127,-0.481045,0.360257,0.792203,0,1,0,0
0.649102,0.232510,0.441177,0.075994,0.397859,-0.850746,-0.085933,0,0,0,0
-0.618926,-1.304837,0.389262,-1.264327,-1.228152,0.051856,-1.363247,0,0,0,1
-0.248662,0.728814,-1.715827,-2.665202,-3.088981,-0.058714,-0.824087,0,0,0,0
-0.065847,-0.307387,-0.760197,-1.758055,-2.704922,-0.357341,-0.699552,0,0,0,0
0.084218,-0.583942,-0.799983,-2.218986,-0.392557,-0.104838,-0.894474,0,0,0,0
-0.623448,-1.172137,-1.972237,-0.936842,-2.755577,0.250520,-1.082097,0,0,0,0
-0.009029,-1.555216,-1.987103,-0.486301,-1.874273,0.508574,-0.867637,0,0,1,0
0.052218,-0.282911,-1.009634,-1.297510,-1.633012,4.814763,-0.751336,1,0,0,0
-0.065759,-0.661696,-0.689955,-1.234847,-2.628902,1.893267,-0.703009,0,0,0,0
-0.429155,-0.581796,-2.223232,-2.373560,-2.893287,1.153760,-1.082578,0,0,0,0
0.022876,-0.865155,-0.241621,-1.943442,-1.807895,0.595182,-0.707178,0,1,0,0
-0.887108,1.351597,-1.068633,-2.529595,-0.861183,1.507189,-1.071838,0,0,0,0
-0.913739,1.025066,-1.999419,-2.293776,-0.485979,-0.786023,-0.867272,0,0,1,0
-0.668895,0.587335,-2.833008,-1.954115,-1.412459,0.656188,-0.915693,0,0,0,0
-0.524210,-1.489488,-0.172872,-2.235887,-2.120755,-0.013206,-1.490813,1,0,0,0
-0.030934,-2.650977,-1.520650,0.116259,-2.818764,-0.231002,-0.973797,0,0,0,0
0.170312,-2.067795,-0.908372,-3.061060,-3.140200,2.063836,-1.093535,0,0,1,1
-0.695557,0.454860,-3.339527,-0.061169,-2.016164,-0.902041,-1.041408,0,0,0,0
-0.798150,-0.333439,-3.024255,0.129301,-2.395140,-0.213127,-0.987334,0,0,0,0
-0.800263,0.073901,-3.169622,-1.284314,-2.945148,-0.169324,-1.078814,0,0,0,0
-0.908651,-0.536693,-2.894655,-0.753931,-2.972908,-0.081421,-0.768885,1,1,0,1
0.117396,-0.413873,-0.983198,1.275812,-0.035867,-0.651961,0.691789,0,0,0,0
0.284118,0.304197,-1.766746,0.737633,0.075691,2.135677,1.562096,0,0,1,0
0.386940,1.367788,-1.207793,1.414420,-0.402145,-0.031328,0.367410,0,0,0,0
-1.011738,1.031901,0.785730,1.220888,0.805558,-1.294874,-0.785273,1,0,0,1
-0.449030,0.563634,2.442084,1.328949,0.518570,-0.932331,0.739691,0,0,0,0
-0.478989,0.943406,1.135142,0.702914,0.947634,0.192822,1.823378,0,1,0,0
0.480450,1.226172,-2.424765,0.914435,-0.439980,1.487927,0.577762,0,0,0,0
-0.024681,1.276293,-2.120683,1.229369,-0.818246,0.985956,-0.407066,1,1,0,1
0.077347,-0.423632,0.498853,2.008471,-0.837441,0.180492,0.599034,0,0,0,0
-0.124213,-0.359923,-1.149209,1.086996,0.043708,1.374907,1.376208,0,0,1,0
0.488487,0.966423,-1.916970,1.215968,-0.885255,0.143308,0.389802,0,0,0,0
-0.041697,1.051802,-1.572807,1.172185,-0.776678,-0.301576,-0.329212,1,0,1,0
-0.057097,0.056183,0.338720,1.321525,0.411134,0.349367,0.912525,0,0,0,0
-0.216638,1.030493,-0.198432,0.261194,0.771456,-0.461778,1.694833,0,1,0,0
0.193994,1.016564,-1.690542,1.389635,-0.029084,0.007045,0.392997,0,0,0,0
-0.319306,0.471742,-1.648236,1.925596,-0.148747,-0.667161,-0.609309,1,1,0,1
0.099694,-0.633168,-0.357744,2.225874,0.776107,-0.624013,0.634913,0,0,0,0
0.092393,-0.976568,-1.386316,2.734813,-0.055032,-0.595106,1.233136,0,0,1,0
0.195413,0.609621,-1.763901,1.189897,0.189117,0.672160,0.392147,0,0,0,0
-1.078327,1.767114,-0.189330,-0.363940,2.643702,-0.328080,-0.862363,1,0,0,1
-1.249931,-1.318789,3.105872,2.015524,2.029507,-1.099994,0.335637,0,0,0,0
-0.394088,-0.806853,0.749036,3.982469,-0.724653,-0.564014,1.687321,0,1,0,0
0.180532,1.539775,-1.496360,1.085948,0.967546,0.594599,0.499880,0,0,0,0
-0.484552,1.674419,-1.545579,0.730889,2.043897,-1.069500,-0.466477,1,0,1,1
0.145598,-0.528372,-0.778969,1.824985,0.651396,0.425325,0.621709,0,0,0,0
0.023581,0.006724,-0.504162,2.082883,0.597070,-0.005128,1.207607,0,0,1,0
0.482343,0.270017,-1.742292,1.483707,-0.497817,-0.187532,0.327208,0,0,0,0
-0.062774,-0.721590,-0.897520,2.014564,-0.962038,0.096412,-0.713196,1,1,0,0
-0.176724,-0.430369,-0.294904,2.361851,1.577538,-0.131128,0.667478,0,0,0,0
-0.253137,-0.058091,-1.191506,2.079536,2.126241,0.285782,1.678786,0,0,0,1
0.102721,1.380552,-0.701279,1.156890,-0.023916,0.895916,0.470493,0,0,0,0
-0.476485,1.962833,-0.416551,-0.029753,0.778830,-1.039987,-0.513897,1,0,1,1
0.181916,-0.292617,-1.086136,1.784697,0.785248,-0.451144,0.636588,0,0,0,0
0.256873,-0.142676,-1.901810,0.835251,-0.502737,0.376419,1.330081,0,1,0,0
0.399673,0.666605,-1.781366,1.566326,0.054171,-0.372524,0.473243,0,0,0,0
0.351770,1.295697,-1.521849,-0.844132,-1.818915,4.851125,-0.375496,1,0,1,0
-0.048234,-0.701493,-0.655564,3.516333,2.269538,1.549358,0.690995,0,0,0,0
-0.345955,-0.597897,-0.426102,2.533918,1.542776,-1.355595,1.616856,0,0,1,0
0.127410,1.356380,-1.162697,1.085890,0.537608,0.857359,0.440973,0,0,0,0
-0.383413,1.267508,-0.525274,0.653689,0.725909,-1.224816,-0.751224,1,1,0,1
-0.025097,-0.073375,0.429732,1.245704,-0.846852,-0.157006,0.500728,0,0,0,0
0.095032,-0.152252,-1.178339,1.325216,0.323545,0.005382,1.305913,0,0,1,0
0.370321,0.982607,-1.501881,1.205169,-0.720407,-0.029144,0.260891,0,0,0,0
-0.437032,2.090860,-0.778987,-0.043843,0.352238,0.277749,-0.646501,1,0,0,1
0.049822,0.260902,-0.090445,1.220999,0.428350,0.249619,0.913615,0,0,0,0
-0.008206,0.575997,-0.693067,1.036521,-0.286790,0.532938,1.714017,0,1,0,0
0.309405,1.069164,-1.568338,1.508851,-0.518010,0.783653,0.446696,0,0,0,0
-0.282133,0.446122,-1.068862,2.620982,-0.738921,-1.213701,-0.337626,1,0,1,1
0.145112,-1.004317,-0.940303,3.881499,1.024245,1.151182,0.602084,0,0,0,0
0.109268,0.136621,-1.112362,0.589061,-0.597284,0.598702,1.377283,0,0,0,1
0.502917,0.910624,-1.890067,1.311946,-0.460394,1.610909,0.589710,0,0,0,0
-0.259381,1.383462,-1.126280,0.605742,0.461202,-1.480004,-0.508082,1,1,0,0
-1.030882,-1.340310,1.877709,0.849042,2.207954,-1.174094,0.543137,0,0,0,0
0.067823,-1.466411,-1.591690,3.874958,-0.426029,5.881207,1.635997,0,0,1,0
0.075242,1.288549,-0.903177,0.919544,0.571656,0.373181,0.427093,0,0,0,0
-0.532919,1.674065,-0.871678,0.861124,2.430183,-0.934357,-0.197507,1,0,1,1
0.140070,-0.540180,-0.670147,2.431459,0.376194,-0.210498,0.621492,0,0,0,0
0.055257,-0.212162,-1.179904,0.672242,-0.002284,0.113265,1.306389,1,0,0,0
0.499925,0.903886,-1.720354,1.701030,-0.240985,0.309396,0.561511,0,0,0,0
-0.425600,1.522977,0.197111,-0.576567,0.402096,-0.917550,-0.394829,0,1,0,1
-0.187421,0.145497,0.365483,0.816940,-0.038276,-0.453753,0.812951,0,0,0,0
-0.223480,0.662308,-0.353401,0.113626,0.051407,0.155339,1.613033,0,0,1,0
0.211043,0.875643,-1.244342,1.849903,-0.511814,-0.306453,0.487527,0,0,0,0
-0.163870,0.716161,-1.166423,2.083013,-0.297874,-1.153592,-0.146265,1,0,1,1
0.218670,-0.506815,-1.154175,1.816067,0.113266,0.283109,0.695267,0,0,0,0
0.185084,-0.083254,-1.222559,1.699443,0.146314,-0.743892,1.489667,0,1,0,0
0.443619,1.227772,-1.400560,1.315753,-0.423022,0.234879,0.408814,0,0,0,0
-0.666880,0.732911,-0.852897,-0.100051,1.100053,-1.531740,-0.884418,1,0,0,1
-0.336667,0.868915,1.907638,0.571704,0.001369,-0.318928,0.859486,0,0,0,0
-0.434920,0.686322,1.269295,0.691421,-0.318484,1.471595,1.829030,0,0,0,1
0.209276,1.284732,-1.345972,0.962654,-0.058322,0.519227,0.301462,0,0,0,0
-0.790953,1.602899,-0.888332,0.665115,2.257519,-1.192620,-0.799644,1,1,1,0
0.131742,-0.654780,-0.749105,2.100731,0.971095,-0.674587,0.654219,0,0,0,0
0.176499,-0.262484,-1.970993,0.847998,-0.327158,0.505533,1.417679,0,0,1,0
0.304653,0.902529,-1.410735,1.792441,0.068297,0.166899,0.435555,0,0,0,0
0.262143,0.370267,-1.476968,0.651111,-1.574493,4.455077,-0.654056,0,1,0,1
-0.072827,0.238142,0.056108,0.794587,-0.164751,-0.514659,0.714068,0,0,0,0
-0.284909,0.110458,-0.304984,1.263824,-0.521666,-0.432770,1.735365,0,1,0,0
0.302002,0.898172,-1.275451,2.174670,-0.201591,1.073993,0.386733,0,0,0,0
-0.273396,-1.282405,-0.017240,3.281584,-1.441643,0.020217,-0.782060,1,0,1,1
0.261348,-0.429129,-1.146337,1.012183,0.790478,0.831811,0.658598,0,0,0,0
0.194749,0.144106,-1.358741,1.359501,0.117894,-0.962567,1.377873,1,0,0,0
0.426854,0.887503,-1.842625,1.133377,-0.167856,0.604693,0.602255,0,0,0,0
-0.694837,1.746098,0.310039,-0.438619,-0.271486,-1.120929,-0.687979,0,0,1,1
-0.869650,-0.948413,1.824968,0.875944,2.069336,-0.631795,0.579005,0,0,0,0
0.002056,0.765848,-0.491913,0.599071,-0.920229,-0.411203,1.492930,0,1,0,0
0.305793,0.912065,-1.206950,1.294800,-0.322104,0.343260,0.385319,0,0,0,0
-0.110762,0.926837,-0.880421,1.758620,0.419310,-1.053652,-0.275042,1,0,1,1
0.077718,-0.579955,0.512919,2.107910,0.046638,0.802745,0.405766,0,0,0,0
0.177827,-1.623401,-2.504470,1.750116,-0.241734,0.459329,1.307485,0,1,0,0
0.355808,0.879812,-1.883830,1.228057,0.501822,0.407738,0.373525,0,0,0,0
-0.635888,1.736222,-0.625136,-0.359013,1.517697,-0.925180,-0.657723,1,0,1,0
-0.056456,-0.557617,-0.986986,2.880103,1.302675,1.699916,0.747719,0,0,0,0
-0.125328,0.630271,-0.443775,1.260513,0.502563,0.859291,1.661308,0,0,1,0
0.200547,0.875321,-1.483442,1.660917,0.023150,0.823624,0.267683,0,0,0,0
-0.596562,1.303436,0.602713,1.423805,1.483839,-1.297456,-0.361095,1,1,0,1
0.225787,-0.769427,-0.758478,2.698593,0.855110,-0.551908,0.663350,0,0,0,0
0.126075,-0.145997,-1.281902,2.497535,0.821005,-1.193903,1.434413,0,0,0,1
0.518103,0.582132,-2.147825,1.726439,-0.416493,-0.193675,0.435822,0,0,1,0
-0.515648,2.163684,-0.086267,-0.485477,1.881814,-0.980557,-0.381625,1,1,0,0
-0.171091,-0.472044,-0.714451,1.530632,0.125156,-0.674436,0.698541,0,0,0,1
-0.150948,0.386214,-0.395637,1.956396,0.591786,0.680557,1.632408,0,0,1,0
0.322832,0.658349,-1.831464,2.011405,0.393114,0.661220,0.459540,0,0,0,0
0.136887,0.594440,-1.788432,2.466105,0.265464,-0.922553,-0.421571,0,1,1,1
0.170179,0.018797,1.032811,1.782808,0.279033,-0.331935,0.777869,0,0,0,0
0.034471,-0.093049,-0.898866,1.479862,-0.016886,0.255645,1.328002,1,0,0,0
0.467336,0.949944,-1.909929,0.869418,-0.235028,0.691809,0.384623,0,1,0,0
-0.214930,1.618198,-0.243117,0.513531,1.366618,-0.906413,-0.418943,0,0,1,1
0.466100,0.317912,-0.347891,0.443429,-0.285151,0.403471,0.825345,1,0,0,0
-0.099219,0.614653,-0.343593,0.775662,-0.378681,-0.667426,1.691030,0,1,0,1
0.550640,0.808705,-0.590064,0.715701,-0.414312,-0.217578,0.714604,0,0,1,0
0.488448,-0.015027,-0.805828,-0.031807,-0.201218,1.431417,-0.161998,1,1,0,1
0.637101,-0.199149,0.014208,0.541634,0.114797,0.803845,0.768623,0,0,1,0
0.314430,0.318454,-1.091181,1.775936,0.611629,-0.173504,1.500590,1,0,0,1
0.733283,0.323114,-1.350844,0.671800,0.125321,0.246267,0.589019,0,1,0,0
0.475479,0.354076,-0.446674,0.217773,-0.031725,0.587012,-0.224291,1,0,1,1
0.393844,-0.062929,0.316714,-0.067029,0.252844,-0.683329,0.697515,0,1,0,0
0.018360,0.476642,0.517329,1.280351,0.793630,0.422454,1.622805,1,0,1,0
0.571697,0.479639,-0.515681,0.706484,0.521580,0.436053,0.879579,0,0,0,1
0.493593,0.775805,-1.292865,0.449413,0.448997,0.530395,-0.006178,1,1,0,0
0.402706,-0.457238,1.085278,1.722651,0.043263,0.402618,0.763561,0,0,1,1
0.253643,-0.014312,0.138709,2.225161,-0.250698,0.657007,1.409007,1,1,0,0
0.895295,-1.265896,0.758099,0.220091,-0.203251,1.342787,0.725260,0,0,1,1
0.360495,-1.138107,1.675736,-0.807231,-0.529638,1.080251,-0.288189,1,1,0,0
-0.354225,1.044693,-1.099286,1.492148,2.592379,-1.113316,0.570596,0,0,0,0
-0.157650,0.417794,-0.568923,2.576787,1.156563,0.723269,1.645544,0,0,0,0
0.041640,0.612207,-0.358569,0.118749,0.522478,0.759037,-0.290786,0,0,0,0
0.192133,0.306179,-0.202773,-0.385927,-0.315104,-0.184647,-0.403613,0,1,1,1
0.447288,-0.595191,-0.001155,0.350769,-0.338472,-0.772180,0.581839,0,0,0,0
0.699669,-0.008821,-0.169705,0.257551,0.005010,2.149225,1.427422,0,1,0,0
0.826693,-0.164714,0.067258,0.086123,-0.539511,-0.368036,0.475712,0,0,0,0
0.310540,-0.420401,0.168466,0.110067,0.315523,-0.415044,-0.478486,1,0,1,1
-0.203490,0.116088,1.717883,0.709637,0.916532,-0.190892,0.635075,0,0,0,0
0.009707,0.135972,1.502693,1.280743,1.084714,-0.166361,1.618563,0,1,0,1
0.910594,-0.168540,-0.284502,0.314457,0.013993,0.945551,0.587848,0,0,0,0
0.629920,-0.335374,-0.379994,-0.869152,-0.675848,-0.266853,-0.293740,1,1,1,0
0.368554,-1.155041,1.377518,0.009137,-0.562730,-0.007804,0.560100,0,0,0,0
0.260644,-0.263558,0.435258,0.484716,0.688459,-0.287392,1.377149,1,0,0,1
0.913584,-0.308422,-0.962833,0.056149,-0.140359,0.570735,0.501524,0,0,0,0
0.548894,-0.009763,-0.638721,0.488054,-0.905221,-0.568464,-0.375005,0,1,1,1
-0.129162,0.566627,0.730520,0.526862,-0.627810,0.041756,0.614895,0,0,0,0
0.227257,1.168356,-0.175379,0.881383,0.272277,-0.430917,1.649269,1,0,1,0
0.834337,-0.077961,-0.359434,0.181583,-1.106228,-0.402009,0.639678,0,0,0,0
0.479385,-0.469252,-0.204716,0.047897,-0.005987,-0.341146,-0.523689,1,1,0,1
0.339908,-0.332523,-0.049894,0.272466,0.149389,-0.591567,0.439476,0,0,0,0
0.519454,-1.013566,0.181778,1.457782,-0.251817,0.546028,1.208304,0,0,0,1
0.718591,0.263433,-0.690631,1.270211,-0.570176,-0.038698,0.370892,0,0,0,0
0.273088,-0.318499,0.145527,0.253419,0.300674,-0.733345,-0.575531,1,1,1,0
-0.457064,0.079483,1.635150,0.402548,-0.370937,-0.215953,0.383096,0,0,0,0
0.019196,-0.533637,0.138019,1.986008,-0.102409,0.479092,1.509831,0,1,0,1
0.795253,0.768970,-0.437696,1.300758,-0.713636,0.360644,0.666944,0,0,0,0
0.477104,-0.284773,0.305836,0.471399,0.583824,-0.601567,-0.376004,1,0,1,1
0.271873,-0.097265,-0.235391,1.165978,0.276715,-0.398357,0.544203,0,0,0,0
0.288968,0.587097,-0.398026,1.117590,-0.225734,-0.903029,1.262073,0,1,1,0
0.849245,-0.451571,-0.444746,0.766842,-0.091209,0.548969,0.555728,0,0,0,0
0.548939,-1.405589,1.196416,0.328987,-0.133091,-0.751974,-0.468474,1,1,0,1
-0.186053,0.207505,0.570023,1.619465,0.423859,0.136083,0.498846,0,0,0,0
0.200096,0.857645,-0.570845,1.872736,0.519552,-0.300879,1.637812,0,0,1,0
0.788254,0.006176,0.106494,0.547908,-0.951805,-0.043818,0.631729,0,0,0,0
0.469314,-0.058851,0.000310,-0.143107,0.077289,-0.242784,-0.442982,1,1,0,1
0.339450,0.095468,-0.466641,0.347945,-0.435498,-0.460108,0.410993,0,0,0,0
0.521357,0.071776,-0.651839,0.882488,-0.209709,0.208515,1.331162,0,1,0,0
0.940442,0.048296,-0.353798,0.425198,-0.093128,0.304820,0.641265,0,0,0,0
0.770104,-0.387718,0.145746,-1.481249,-0.893401,2.826789,-0.213535,1,0,1,1
0.020648,0.003994,-0.033517,1.964407,0.877649,0.632402,0.628173,0,0,0,0
0.222413,-0.067227,0.943616,0.901260,0.928548,0.021486,1.589691,0,1,0,1
0.791216,0.094616,-0.100136,0.795164,-0.243802,-0.346171,0.543894,0,0,0,0
0.445679,-0.275051,0.065297,-0.297553,0.015542,-0.455935,-0.453255,1,0,1,1
0.357378,0.167263,0.524712,-0.022694,-0.037877,-0.548272,0.471624,0,0,0,0
0.373161,-0.001968,0.041502,0.283588,0.399395,0.430785,1.333984,0,1,0,0
0.776032,-0.458635,-0.333942,0.286105,-0.304024,-0.131813,0.325973,0,0,0,0
0.439442,0.057220,0.371967,-0.771562,-0.623243,0.246497,-0.478583,1,0,1,1
-0.098442,-0.013442,1.324098,0.680708,-0.552566,-0.674865,0.635887,0,0,0,0
0.217311,0.056493,-0.202922,0.765105,-0.966635,0.653454,1.569047,0,1,0,0
0.834230,-0.115045,-0.158678,0.362207,-0.192625,0.382308,0.679189,0,0,0,0
0.491736,-0.725473,-0.044924,0.261355,-0.244932,-0.219705,-0.232409,0,1,1,1
0.329989,-0.594653,-0.372827,0.963442,0.288045,0.024277,0.346804,0,0,0,0
0.309573,0.290040,-0.147713,0.996352,-0.155601,-0.056451,1.416048,1,0,0,1
0.945462,0.038950,-0.375128,0.306430,-0.900977,1.097841,0.776156,0,0,0,0
0.498779,0.081985,-0.456123,-0.852068,-1.039662,-0.588730,-0.373994,1,1,1,0
-0.424749,0.332781,2.032966,0.851558,-0.126102,-0.427626,0.477644,0,0,0,0
0.697845,-1.377167,0.399814,1.546717,0.503839,1.190265,1.556479,0,1,0,1
0.794193,-0.086994,0.444728,0.640734,0.775868,-0.326086,0.569162,0,0,0,0
0.429600,-0.301632,0.236747,0.246346,0.619859,-0.496606,-0.163536,1,0,1,1
0.300273,-0.318978,0.471458,1.076675,0.429629,-0.118015,0.563255,0,0,0,0
0.337072,0.046008,-0.196515,0.278595,0.489456,-0.715389,1.308183,0,1,1,0
0.851265,0.404539,-0.799007,1.009012,-1.004947,1.097996,0.600214,0,0,0,0
0.517799,-0.574298,0.198878,-1.003672,-0.749230,-0.621491,-0.533670,1,1,0,1
-0.206536,0.280149,0.668209,-0.202007,-0.477285,-0.467675,0.511600,0,0,0,0
0.131371,0.668544,-0.125755,0.315692,-1.164351,-0.053292,1.458633,0,0,1,0
0.700431,0.425361,-0.676195,1.595771,-1.062746,0.217670,0.856604,0,0,0,0
0.621670,-0.353948,-0.309351,-0.628440,-0.120237,0.177979,-0.060884,0,1,1,1
0.419070,-0.060718,-0.428931,0.832729,-0.432627,0.481396,0.622421,0,0,0,0
0.447563,0.523088,-0.689013,1.100603,-0.864137,-0.866843,1.374956,1,0,0,0
0.901210,0.073832,0.021506,0.460316,-0.557392,0.338607,0.740458,0,0,0,0
0.297642,-0.536871,0.001528,-0.520084,0.099371,-1.107784,-0.684079,1,0,1,1
-0.085564,0.996073,1.324440,0.388026,0.419767,-1.029763,0.668023,0,0,0,0
0.329131,0.481494,0.630554,0.296980,0.437093,1.307078,1.692321,0,1,0,0
0.798650,0.273944,0.081285,0.738536,-0.564517,0.086391,0.756405,0,0,0,0
0.392456,-0.479680,0.076768,-0.067275,0.517032,-0.600199,-0.312742,1,1,1,0
0.483882,-0.033710,-0.456161,0.710557,0.535914,0.422992,0.594375,0,0,0,0
0.447546,0.488611,-1.336043,0.985209,-0.511376,1.108618,1.369496,0,0,0,1
0.799554,0.533984,-0.758209,1.337493,-0.548641,0.493125,0.771919,0,0,0,0
0.843232,-1.254153,-0.164359,-1.499737,-0.171409,3.024179,-0.421087,1,1,0,1
-0.067600,0.558797,0.155584,-0.485866,-0.161628,-0.216941,0.654947,0,0,0,0
0.283867,1.098943,-0.640315,0.570927,-0.715370,1.898037,1.614211,0,0,1,0
0.951617,-0.201671,0.236463,0.367087,0.298911,1.168428,0.692214,0,0,0,0
0.634532,-1.343285,0.530188,0.770756,-0.119969,0.463375,-0.482645,1,0,1,1
0.423680,0.248928,-0.447103,0.107903,0.134638,-0.027306,0.547629,0,0,0,0
0.442653,0.834992,-0.453920,0.623453,-0.854189,0.283535,1.427712,0,1,0,0
0.876115,-0.148752,-0.337326,-0.438774,-0.360418,0.419648,0.676485,0,0,0,0
0.416568,-0.034090,0.047228,0.358946,0.196816,-0.268369,-0.529031,0,1,1,1
-0.172631,0.294547,0.177374,1.048026,0.608381,-0.972104,0.431025,0,0,0,0
0.249954,0.609414,-0.388835,1.435184,-0.255530,-0.332762,1.487400,1,0,0,1
0.914118,-0.272472,0.313313,0.159761,0.481024,1.151827,0.739656,0,0,0,0
0.534126,-0.427261,0.350095,0.867337,0.468725,-0.299953,-0.197297,1,1,1,0
0.328901,-0.858452,0.796539,0.448711,0.724418,-0.095497,0.395210,0,0,0,0
0.616819,-1.848410,0.728023,0.118706,0.188455,0.517804,1.333387,0,1,0,1
0.838420,0.324956,-0.500915,1.528908,-0.382431,1.035291,0.558014,0,0,0,0
0.405537,-0.507119,0.169989,0.698470,0.295486,-0.951495,-0.355835,1,0,1,1
0.061295,-0.171412,0.120976,1.825799,0.200495,-0.268574,0.514589,0,0,0,0
0.350666,0.167097,0.149996,0.788753,0.712643,0.184590,1.571698,0,1,0,0
0.781043,-0.110902,-0.015398,0.975026,-0.394761,0.219168,0.528011,0,0,0,0
0.457618,-0.594412,0.042298,0.057724,0.173024,-0.282459,-0.236494,1,1,0,1
0.296179,-0.619653,-0.574645,1.350304,-0.247316,-0.165280,0.439757,0,0,0,0
0.353710,0.117968,-0.730281,1.921073,-0.576663,0.497301,1.371555,0,0,1,0
0.837020,-0.115341,-0.439751,1.026358,-0.569177,-0.433188,0.580627,0,0,0,0
0.385638,-0.525383,0.582304,0.808348,0.485339,-0.930851,-0.383984,1,0,1,1
0.096267,-0.664974,0.487244,0.489299,-0.118704,-0.269275,0.470769,0,0,0,0
0.303114,-0.471069,0.371991,0.399127,0.466164,0.072188,1.519787,0,1,0,1
0.855330,-0.662928,0.171831,0.142073,0.341660,0.164109,0.624671,0,0,0,0
0.521655,-1.336314,0.294204,0.921591,0.825326,0.173770,-0.172018,1,1,1,0
0.566271,-0.329315,1.161584,-0.615373,0.599130,0.564684,0.543076,0,0,0,0
0.459407,-0.223755,0.743265,-0.468388,-0.167786,0.588212,1.298568,0,0,0,1
0.869051,-0.425700,0.038847,-0.127330,-0.358765,-0.065826,0.575638,0,0,0,0
0.534346,0.139301,0.839490,-0.062007,-0.086473,-1.036827,-0.446785,1,1,0,0
-0.175663,0.140768,0.414400,-1.899072,-0.609963,2.784404,-0.497787,0,0,0,0
-0.074880,-0.326663,1.041818,-1.520072,-0.883235,0.478592,-0.462513,0,0,0,0
-0.152491,-0.247934,0.397628,-1.589512,-1.631591,0.478097,-0.542232,0,0,0,1
-0.205019,-0.563133,0.433587,-0.866620,-1.458156,-0.586847,-0.620184,0,0,1,0
-0.190710,-0.305881,0.171608,-0.973954,-0.396021,0.178425,-0.694649,0,0,0,0
-0.314817,-0.657373,0.012590,0.891422,0.589862,0.163018,-0.847502,0,1,0,1
0.137878,0.503972,-0.835387,0.129799,-0.499511,-0.234458,-0.521902,0,0,0,0
0.050943,-0.158244,-0.199099,-0.183789,-0.989414,-0.896819,-0.412797,1,0,1,0
-0.227675,1.266443,0.678966,0.931050,0.969034,-0.693456,-0.280284,0,0,0,0
-0.803982,0.655098,0.616315,-0.973990,1.998101,-0.428913,-0.499579,1,1,0,0
0.142317,0.650411,-1.900634,0.297108,0.247499,-0.866302,-0.152511,0,0,0,0
-0.867167,0.817020,1.014278,-0.591359,0.592291,-0.446142,-0.320035,0,0,1,0
-1.135787,1.165082,0.651205,0.160511,1.140872,-1.489001,-1.067780,0,1,0,0
-0.928027,1.165248,0.794370,-0.742629,1.266296,-1.317158,-1.243948,0,0,1,0
-0.756254,0.378996,0.805212,-0.094698,1.483538,-1.214061,-0.571872,0,1,0,0
-0.668970,0.629080,1.439431,-0.507517,1.683949,-0.258577,-1.015973,1,0,1,1
0.223976,0.677610,-0.060687,0.131793,-0.274459,-0.791999,-0.585395,0,0,0,0
0.025823,-0.005995,-0.247728,0.667722,-0.180783,-0.361651,-0.593409,1,0,0,0
0.099442,0.666474,0.726352,0.085315,-0.706710,-0.254955,-0.731101,0,0,0,0
-0.104512,0.273571,0.001811,-0.084609,-0.463645,0.001617,-0.973681,0,0,1,1
-0.097427,1.270691,0.636858,1.175994,-0.039948,-1.116549,-0.602819,0,0,0,0
-0.141573,1.127794,0.172022,0.561937,0.659599,-0.090960,-0.477933,1,1,0,0
-0.212879,1.999266,-0.217225,0.098339,0.093638,-0.178934,-0.593976,0,0,0,0
-0.232876,1.853203,-0.138351,0.185204,0.375209,0.503283,-0.706659,0,0,0,1
-0.500872,1.949288,-0.086948,0.474450,0.725150,-0.809313,-0.445181,0,0,0,0
-0.421914,1.172071,-0.452310,-0.326839,0.083929,0.261625,-1.308472,1,0,0,0
-0.323364,1.783658,-0.146272,-0.208449,0.233367,0.052364,-0.778531,0,0,0,0
-0.479072,1.550076,0.215054,0.195723,-0.067042,0.335378,-1.003555,0,1,0,1
-0.288030,2.541513,-0.234853,-0.003655,-0.120892,-0.991171,-0.621561,0,0,0,0
-0.374217,1.981843,-0.181645,-0.443408,-0.202567,-0.238491,-0.891889,0,0,0,0
-0.378371,2.025873,0.146994,-0.094071,0.107281,-0.754618,-0.884999,0,0,0,0
-0.522368,1.751412,0.349096,-0.421059,-0.629948,-0.246968,-1.134938,1,1,0,1
-0.208026,1.864834,-0.907385,0.301547,0.026288,-0.409231,-0.586141,0,0,0,0
-0.296382,1.642373,-0.740668,-0.304968,-0.021766,0.194888,-1.215499,0,0,1,0
-0.406500,1.727823,-0.392962,0.474434,0.108676,-0.590296,-0.387303,0,0,0,0
-0.541048,1.585838,-0.513558,-0.871180,-0.499861,0.411284,-1.080059,1,0,0,0
-0.565321,1.942222,-0.649181,-0.482253,0.343796,-1.330996,-1.203957,0,0,0,0
-0.757459,1.033541,-0.800541,-1.180936,-0.908429,-0.330033,-1.502259,0,1,0,1
-0.487350,1.676587,-0.548535,-0.753133,-0.918502,-0.380065,-0.963189,0,0,0,0
-0.646094,1.564490,-0.125505,-0.775276,-0.430658,-0.680207,-0.870336,0,0,1,0
-0.719585,2.126266,0.014558,-0.296959,0.207669,-0.592588,-0.790028,0,0,0,0
-0.758155,1.616990,-0.463271,-0.498023,-0.113776,-0.867125,-0.997505,1,0,0,0
-0.592555,2.092882,-0.296569,-0.938962,-0.578637,-0.566979,-1.000381,0,0,0,0
-0.780739,1.530882,-0.280723,-0.522289,-0.499933,0.062263,-1.084360,0,1,0,1
-0.453469,2.304017,-0.634383,-0.470113,-0.768222,-0.798960,-0.877126,0,0,0,0
-0.629735,2.215394,-0.137636,-0.798033,-0.574712,0.334738,-1.062944,0,0,1,0
-0.667237,2.068050,-0.165247,-0.329297,-0.018268,-1.028148,-0.497093,0,0,0,0
-0.472170,2.167202,-0.198437,-0.833502,-0.575950,0.372197,-0.951606,1,1,0,1
-0.298086,1.591092,-1.207134,-1.163233,-1.170150,-0.328644,-1.060374,0,0,0,0
-0.526777,1.491345,-0.868872,-1.052693,0.217271,0.658086,-0.913516,0,0,1,0
-0.491910,1.798615,-0.406449,0.052038,-0.371573,-0.562483,-0.963030,0,0,0,0
-0.634808,1.543088,-0.997550,-0.886775,-0.025414,0.257703,-1.331575,0,1,0,0
-0.684214,2.039107,-0.468454,-0.572244,0.053516,-0.907686,-0.823996,0,0,0,0
-0.648207,1.967384,-0.497210,-1.069473,-0.019863,-0.038020,-0.754543,1,0,1,0
-0.481180,2.658760,-0.116723,-0.590359,-0.721764,-0.446286,-0.366856,0,0,0,0
-0.629001,2.050052,-0.642145,-0.829164,0.397219,-0.007512,-0.689371,0,0,0,1
-0.693236,2.127723,-0.352679,-0.632791,0.315456,-0.647118,-0.583005,0,0,0,0
-0.778207,1.761297,-0.315766,-1.201952,0.098764,-0.335549,-1.079394,0,1,0,0
-0.616796,2.054480,0.218764,-0.742808,0.068561,0.214179,-0.790331,0,0,0,0
-0.808097,1.782658,-0.372393,-1.056180,-0.167611,0.241183,-0.732883,0,0,1,1
-0.507539,2.365279,-0.311102,-0.320519,-0.007656,-1.158319,-0.715930,0,0,0,0
-0.463716,2.189609,-0.427542,-1.297420,-0.900880,0.695577,-1.002876,1,0,0,0
-0.532976,2.413116,-0.347606,-1.394924,-0.669639,-0.708016,-0.634094,0,0,0,0
-0.716846,1.825568,-0.409282,-1.422171,-0.917796,-0.605195,-1.010355,0,1,1,1
-0.211106,2.328322,-0.469997,0.122952,-0.632312,-0.532389,-0.750059,0,0,0,0
-0.423581,1.865702,-1.003653,-0.613076,-0.293451,-0.653504,-1.219141,0,0,0,1
-0.280611,2.572453,-0.697525,-1.256666,-0.943814,-1.069792,-0.296102,0,0,0,0
-0.596222,2.064278,-0.499462,-0.947860,-0.792846,0.868041,-0.750680,1,0,1,0
-0.542843,2.528481,-0.167386,-0.557021,-0.257698,-0.308163,-0.759953,0,0,0,0
-0.724914,2.013472,-0.327263,-1.099304,-0.145995,0.868517,-0.949638,0,1,0,1
-0.426467,2.937001,-0.314587,-1.001399,-0.022638,-0.810887,-0.487262,0,0,0,0
-0.602690,2.577567,-0.308968,-0.571396,0.348363,0.447182,-0.759513,0,0,1,0
-0.436322,2.992941,0.038158,-0.670802,-0.173503,-0.888593,-0.301014,0,0,0,0
-0.650007,2.319738,-0.097800,-0.089377,0.639197,0.149316,-0.738505,0,1,0,1
-0.582178,2.436189,-0.916948,-1.586234,-0.123399,0.205242,-0.718503,0,0,0,0
-0.710946,2.483020,-0.424424,-1.448314,-0.458240,-0.436884,-0.646926,1,0,1,0
-0.415648,2.895153,-0.620757,-0.580033,-0.207414,-0.980329,-0.767393,0,0,0,0
-0.521473,2.776370,-0.216721,-0.655519,0.128233,-0.714017,-0.770672,0,0,0,1
-0.485417,2.925049,0.489293,-0.162726,-0.305765,-1.037617,-0.543723,0,0,0,0
-0.688426,2.537348,0.248516,-0.604646,0.531617,-0.859005,-0.549522,1,1,1,0
-0.169705,2.279897,-0.704897,-0.012979,-0.652522,-0.146977,-0.344499,0,0,0,0
-0.203186,2.590114,-0.648707,-1.047507,-1.317821,-0.000907,-0.655511,1,0,0,0
-0.384257,2.339211,-0.493881,-0.557367,-0.357527,0.221503,-0.651524,0,0,0,0
-0.648166,1.529676,-1.089852,-1.502129,-0.554140,0.221375,-1.479308,0,1,0,1
-0.533060,2.578836,-0.174267,-0.505365,-0.229605,0.446219,-0.869112,0,0,0,0
-0.568499,2.393279,0.047146,-0.339066,-0.445275,-0.144821,-0.816292,1,0,1,0
-0.504621,2.753495,-0.263104,-0.157585,0.185123,-1.558946,-0.450618,0,0,0,0
-0.714303,2.387016,0.186751,-0.841978,-0.191586,-0.349834,-1.016180,0,0,0,1
-0.576552,2.762653,0.292399,-0.920100,-0.465765,-0.771790,-0.682906,0,0,0,0
-0.702095,2.074025,-0.336979,-0.738905,-0.203687,-0.607056,-1.128720,1,1,0,0
-0.519352,2.958599,0.113267,-1.439976,-0.922927,-0.283048,-0.799990,0,0,0,0
-0.697079,2.162369,0.086563,-0.853920,-0.442584,-0.773791,-1.209247,0,0,1,1
-0.358467,3.124167,-0.308196,-1.077890,-0.667868,-0.558788,-0.397236,0,0,0,0
-0.475220,2.824496,0.096790,-1.236939,-0.971549,0.092475,-0.648016,0,1,0,0
-0.503128,2.890911,0.098072,-1.301623,-0.586048,-0.793326,-0.251213,0,0,0,0
-0.490097,3.045502,0.125653,-2.212932,-0.838950,-0.019845,-0.842811,1,0,1,1
0.012865,2.822415,-0.493073,-0.724399,-1.410714,0.587583,-0.172937,0,0,0,0
-0.283146,2.298750,-0.732675,-0.895480,-0.821624,-0.083380,-0.618193,0,0,1,0
-0.402840,2.447085,-0.569745,-0.773660,-0.006138,-1.084100,-0.517953,0,0,0,0
-0.576726,1.772631,-0.883189,-1.877764,-0.993092,0.687860,-1.134559,0,0,0,1
-0.641636,2.198307,-0.306989,-1.191880,-1.032744,-1.045529,-0.893750,0,0,0,0
-0.908364,1.210884,-0.740210,-1.416355,-0.896199,-0.542095,-1.636398,1,0,1,0
-0.418863,2.637721,-0.631065,-1.368240,-0.464874,-0.883210,-0.551043,0,0,0,0
-0.561909,2.585404,-0.912297,-2.641192,-1.470937,0.058020,-0.915811,0,1,0,0
-0.494898,2.766327,-0.201873,-1.370200,-0.293722,-0.290129,-0.757486,0,0,0,0
-0.541354,2.602132,-0.310863,-1.939021,-1.108422,0.097001,-0.817853,0,0,1,0
-0.475407,2.803061,-0.072767,-1.816763,-1.129678,-0.772999,-0.635906,0,0,0,0
-0.630121,1.971371,-0.610790,-2.224328,-0.942401,0.385535,-1.000910,0,1,0,1
-0.377804,2.741849,-0.555046,-1.096126,-0.881971,-0.764941,-0.341093,0,0,0,0
-0.427179,2.451188,-0.415919,-1.870780,-1.262253,-0.457692,-0.380589,1,0,0,0
-0.462262,2.524936,0.016692,-1.244912,-0.130352,0.144730,-0.634585,0,0,0,0
-0.419622,2.598586,-0.607619,-2.246762,-1.107957,0.941663,-0.899303,0,1,1,1
-0.210009,1.731478,-0.769654,-0.914427,-0.703658,-0.219096,-0.868455,0,0,0,0
-0.404046,1.749922,-1.053544,-1.840983,-0.452236,-0.658910,-1.110477,0,0,1,0
-0.125040,3.040949,-0.624942,-1.967805,-1.736639,-0.167043,-0.376398,0,0,0,0
-0.501037,1.989022,-1.203922,-2.202798,-1.296462,0.897503,-0.941136,0,1,0,0
-0.338446,2.905176,-0.366422,-2.339354,-1.849261,-0.728876,-0.273518,0,0,0,0
-0.531242,2.477120,-0.812380,-2.255330,-0.958268,-0.907364,-0.773516,1,0,0,1
-0.224146,2.875516,-0.721693,-2.116127,-1.310234,0.415936,-0.432070,0,0,0,0
-0.592064,2.392688,-0.396687,-1.409585,-0.550147,0.175593,-0.616147,0,0,1,0
-0.408425,2.733561,-0.476098,-2.024575,-0.913978,-0.267394,-0.601193,0,0,0,0
-0.460996,2.533540,-0.453957,-2.041581,-1.036060,1.408998,-0.850104,0,1,0,0
-0.355983,3.483805,0.045727,-2.484274,-1.286017,0.505229,-0.137287,0,0,0,0
-0.490476,2.753049,-0.074858,-2.432414,-1.470755,1.040140,-0.525909,1,0,1,0
-0.282985,2.270496,-0.982874,-1.215501,-0.850435,-1.153108,-0.449229,0,0,0,0
-0.353302,2.833148,-0.743295,-2.148624,-1.168342,0.912203,-0.674041,0,0,0,1
-0.391635,2.674402,-1.233842,-3.137522,-1.640875,-0.167938,-0.565963,0,0,0,0
-0.470914,2.301257,-1.094117,-3.168333,-1.256382,0.658030,-0.639282,1,1,0,0
0.034025,2.447099,-1.347753,-2.018226,-2.029562,-0.261599,-0.601910,0,0,0,0
-0.593397,0.969051,-1.641936,-1.592744,-1.049877,-0.327601,-1.390244,0,1,0,1
-0.272325,2.570116,-1.083189,-2.844534,-1.420566,-0.904143,-0.391135,0,0,0,0
-0.237003,2.826760,-1.252642,-3.034709,-1.516780,0.105421,-0.530344,1,0,1,0
-0.485340,1.855443,-1.275118,-1.511830,-0.487813,-1.187712,-1.084728,0,0,0,0
-0.660341,2.066019,-1.081413,-3.044263,-1.604038,1.536237,-0.870433,0,1,0,1
-0.116279,3.018527,-1.779583,-2.992556,-1.419754,-0.099909,-0.182426,0,0,0,0
-0.524905,2.067236,-1.800501,-2.357812,-0.965763,0.247896,-0.810177,1,0,1,0
-0.241425,2.201161,-1.081229,-2.342884,-1.097745,-1.500934,-0.622791,0,0,0,0
-0.490883,2.219997,-1.453248,-3.312847,-1.473263,-0.659533,-0.852054,0,1,0,1
0.069124,2.102001,0.268749,-1.526182,1.160357,-0.578331,1.685746,0,0,0,0
0.011033,1.859326,-0.675155,-1.172778,0.319230,-0.688887,-0.316871,1,0,1,1
0.726145,0.643660,-0.339811,0.355880,0.631335,-0.622373,0.375019,0,0,0,0
0.573414,0.731484,-1.112169,0.106786,-0.693122,-0.446844,-0.226310,0,1,0,0
0.602039,-0.605398,-0.143241,-0.445202,-1.380617,-0.144290,-0.243873,0,0,0,0
0.471006,-0.470062,-0.113300,-1.231311,-1.763628,0.061247,-0.617153,1,1,1,1
0.828197,0.518343,-0.190859,-0.228612,-0.457546,-1.078265,1.974593,0,0,0,0
0.881807,0.344835,-0.538335,0.130471,0.197047,-0.225203,0.491245,0,0,1,0
0.856592,-0.194424,0.327382,0.893029,0.282070,-0.074759,0.813691,0,0,0,0
0.791971,0.032196,0.097856,1.010836,-0.807339,-0.782013,0.655822,1,1,0,1
0.888909,-0.347489,0.933545,0.070174,1.034783,1.012685,0.631838,0,0,0,0
0.767090,-0.464853,0.596994,0.441357,1.625780,0.108189,0.624806,0,1,0,0
0.771533,-0.278620,0.499382,-0.249572,0.972673,-0.040121,0.614968,0,0,0,0
0.435298,0.070982,0.473004,-0.381126,1.458879,-0.433778,0.760701,1,0,1,1
0.779146,-0.764360,0.860070,-0.566706,1.004186,1.358452,1.235972,0,0,0,0
0.793224,-0.506521,0.962311,-0.245145,0.792582,0.765802,0.595551,0,1,1,0
0.721348,0.561111,0.652616,-0.254022,0.834552,1.897088,0.390422,0,0,0,0
0.398601,0.717241,0.564609,-0.002415,0.844252,-0.605875,0.292603,1,1,0,1
1.061920,0.186221,0.830701,-0.374399,0.509419,0.584696,0.791867,0,0,0,0
0.725944,-0.314696,0.798259,-0.486479,0.640318,-0.441253,0.467814,0,0,1,0
0.692547,0.149530,0.184103,-0.872423,0.039765,-0.436899,0.328236,0,0,0,0
0.487715,0.612767,0.271095,-0.673395,0.346555,0.907985,0.289913,1,1,0,1
0.898918,-0.137044,0.635150,-0.982571,0.313399,0.727969,0.954866,0,0,0,0
0.848656,-0.038971,0.628445,-0.943776,-0.326469,0.082867,0.123353,0,0,1,0
0.798530,-0.453921,0.416117,0.106730,0.195291,-0.740050,0.176978,0,0,0,0
0.535440,-0.922820,1.201627,1.370516,-0.160400,0.183806,0.131986,1,0,1,1
0.714026,-0.521606,0.339213,-0.213087,1.266327,1.164673,0.364027,0,0,0,0
0.433591,-0.614181,0.624523,-0.264323,1.079844,-0.258048,-0.251737,0,1,0,0
0.853553,0.154959,0.357997,-0.689236,0.496567,-0.739291,0.235108,0,0,0,0
0.542914,0.611936,0.407916,-0.490869,-0.332892,-0.594704,0.199397,1,1,0,1
0.735078,-0.665118,0.747437,0.397788,0.895221,-0.763683,1.193505,0,0,0,0
0.809414,-0.639894,0.843684,-0.717987,0.712166,1.974763,0.407375,0,0,1,1
0.734434,0.104002,-0.145550,-0.098451,0.452064,-1.012508,0.761715,0,0,0,0
0.245654,0.291374,0.368732,-0.551361,0.157944,0.103953,0.101728,1,1,1,0
1.087466,0.316597,0.512874,-0.235244,0.599510,0.067487,0.635440,0,0,0,0
0.830548,-0.131228,-0.479449,-0.591163,-0.158607,-0.155866,0.039645,0,1,0,1
0.581338,-0.066375,0.343377,-0.354516,-0.135707,0.181865,0.921312,0,0,0,0
0.396733,0.529838,0.992838,-1.013202,0.003700,1.557011,-0.012518,1,0,1,1
0.742462,-0.145257,0.793343,-0.454374,0.623926,1.023550,1.382862,0,0,0,0
0.616030,-0.822836,0.738712,0.138133,1.245493,0.294088,0.401719,0,1,0,0
0.851019,0.457421,0.260611,-0.254844,0.697569,-0.032168,0.813013,0,0,0,0
0.219326,0.656819,0.141746,-0.070369,0.852788,-0.267487,0.498714,1,1,0,1
0.932342,-0.318053,0.445611,-0.686386,0.481493,0.521667,0.708053,0,0,0,0
0.702167,-0.370752,0.268824,-0.263473,0.415161,-0.334714,0.330150,0,0,1,0
0.917085,0.414081,0.801201,-1.105067,-0.062806,0.414503,0.611248,0,0,0,0
0.555420,0.100261,0.802442,-0.693032,0.097737,-0.686445,0.456831,1,1,0,1
0.705464,0.066593,1.699567,0.119987,0.663435,0.221888,1.100017,0,0,0,0
0.647787,-0.520732,1.463835,0.198287,1.013874,0.426252,0.970193,0,1,1,0
0.603573,0.566198,0.154535,-0.870612,-0.164618,0.584378,1.684435,0,0,0,0
0.344789,0.458519,0.156843,-0.311054,-0.289543,-0.381862,0.250094,1,0,1,1
0.908157,-0.401785,0.921607,0.495182,0.869031,0.391050,0.588666,0,0,0,0
0.754769,-0.410679,0.337079,-0.609102,0.425231,-0.038166,0.589911,0,1,0,0
0.803793,0.269721,0.920402,0.057137,0.345667,-1.270202,0.873848,0,0,0,0
0.686031,0.264724,0.271263,-0.524047,0.301589,-0.725048,0.515874,1,1,0,1
0.847508,-0.186411,0.863351,-0.946801,0.248723,0.573172,0.667978,0,0,0,0
0.756326,-0.366132,0.594358,-0.925377,-0.005957,-0.453374,-0.049287,0,0,1,0
0.779519,0.373334,0.431643,-0.774176,0.115829,-0.521962,0.336348,0,0,0,0
0.611212,0.975821,0.122819,-0.044083,0.034260,0.023618,0.339033,1,1,0,1
0.886389,-0.708074,0.414712,0.888741,1.049176,-0.258508,0.566978,0,0,0,0
0.723077,-0.569576,0.725944,-0.591102,0.885524,-0.026202,0.237403,0,1,0,0
0.915479,0.032210,-0.024592,-1.237745,0.559194,-0.276949,0.372391,0,0,0,0
0.373272,0.386793,0.559620,-0.558703,0.227701,-0.410088,0.159674,1,0,1,1
0.842336,-0.078521,0.883951,-0.716519,0.464241,0.822575,0.972896,0,0,0,0
0.703423,-0.525483,0.607136,-0.378529,1.086630,0.411758,0.400807,0,1,1,0
0.704211,0.072173,0.395762,0.926633,0.452948,0.013185,0.992074,0,0,0,0
0.354726,0.939507,0.585671,0.294630,0.160735,-0.286205,0.009371,1,1,0,1
1.049555,-0.429756,0.792383,0.015764,0.600862,-0.137659,0.469152,0,0,0,0
0.743084,-0.323294,0.153417,-0.021579,0.270943,-0.151787,0.147404,0,0,1,1
0.664220,0.408337,0.438880,0.252248,0.867205,0.824875,1.187676,0,0,0,0
0.521237,0.284153,0.510751,-1.125860,0.287179,0.086486,0.555282,1,1,1,0
0.869736,1.055089,-0.383489,0.197338,-0.496520,1.597239,0.628645,0,0,0,1
0.635593,0.528022,-0.884618,0.403666,0.031018,0.398752,0.127171,1,1,0,0
0.786898,-0.498937,-0.214394,0.768332,-0.450427,-0.218590,0.245288,0,0,1,0
0.608606,-0.206282,-0.743895,1.382717,-0.005819,-0.135406,0.285413,1,1,0,1
0.813576,-0.032180,0.722502,-0.496979,1.397592,-0.064233,0.610391,0,0,1,0
0.742612,-0.465607,0.297956,-0.254950,0.576759,0.857752,0.384974,1,0,0,1
0.759438,0.158338,0.896708,-0.231249,0.723895,-0.399882,0.481870,0,1,0,0
0.598849,0.096836,-0.011599,0.191620,0.675859,0.702401,0.079498,0,0,1,1
0.789718,-0.279446,0.470658,-0.711319,0.479642,0.014153,0.798095,0,1,0,0
0.678948,-0.808768,0.509797,-0.319606,1.102703,0.001435,0.638627,1,0,0,1
0.566630,0.632161,0.245528,-0.465043,-0.128247,1.147899,2.003146,0,0,1,0
0.443087,0.211117,-0.722973,0.577521,0.050730,0.128671,0.509323,1,1,0,1
0.999122,-0.146378,0.430020,-0.557852,0.961153,0.197558,1.079335,0,0,1,0
0.900512,-0.070879,0.148160,-1.106251,0.353060,-0.244753,0.726350,1,1,0,0
0.605605,0.102621,0.804840,-0.082500,0.816145,-0.915170,0.337133,0,0,0,1
0.625778,0.604310,-0.385742,0.027693,-0.246236,0.789064,0.030647,1,1,1,0
0.832148,0.987636,-0.565666,-0.179404,0.060504,0.613152,1.143210,0,0,0,1
0.737325,0.214368,-0.736731,0.199417,0.347928,1.590961,0.505381,1,0,1,0
0.752896,-0.244936,-0.056116,1.783410,-0.174253,-0.282027,0.630810,0,1,0,0
0.717279,-0.241059,-0.852966,1.522332,-0.261759,-0.144208,0.251526,1,0,1,1
0.844618,-0.449587,0.255085,-0.284583,1.173570,-0.232959,0.208865,0,1,0,0
0.634006,-0.709231,0.392911,-0.361792,1.372813,0.370738,-0.329056,0,0,1,1
0.958933,0.407108,0.003715,-0.959781,0.412232,-0.714682,0.251529,1,0,0,0
0.605297,0.586005,-0.387552,0.565123,0.210643,0.438035,0.259563,0,1,1,0
0.777125,-0.330276,0.725103,0.008174,1.249865,0.654577,0.171946,0,0,0,1
0.840499,-0.358180,0.340692,-1.066734,0.642263,0.312143,0.341875,1,1,0,0
0.792386,0.435680,0.005795,-0.069161,0.760451,0.028570,1.288727,0,0,1,0
0.450442,0.246132,-0.403240,0.463291,-0.090184,0.049319,-0.218938,1,1,0,1
1.019592,0.055620,0.658355,0.011095,0.968937,0.145994,0.696271,0,0,1,0
0.925710,-0.405274,0.178276,-0.519599,0.528647,-0.353954,0.546773,1,0,0,1
0.667825,0.590149,1.024475,-0.254161,0.682809,0.432773,1.290628,0,1,0,0
0.543365,0.482680,0.015623,0.113320,-0.201357,1.160533,0.306111,0,0,1,1
0.649840,0.591742,-0.223679,0.374130,0.151238,0.379474,1.435954,1,1,0,0
0.721905,0.199587,-0.530595,0.816463,0.371763,0.213659,0.263795,0,0,1,1
0.850451,0.355794,-0.721225,0.577756,0.327253,-0.270136,0.302017,1,1,0,0
0.531999,0.075239,-0.247621,0.345372,0.540877,1.682333,0.005617,0,0,1,1
1.029278,-0.297042,0.724719,-0.073996,0.921902,-0.490734,0.520319,1,1,0,0
0.859040,-0.298250,0.980896,-0.119737,0.478674,0.627264,0.400897,0,0,1,1
0.780627,-0.043858,1.200473,-0.093222,0.476900,0.895142,0.693042,1,1,0,0
0.608905,-0.140988,0.591029,-0.511384,0.444250,0.278826,0.256133,0,0,1,1
0.641842,-0.802046,1.602070,-0.362898,0.654739,0.759422,0.684757,1,1,0,0
0.731376,-0.432667,1.294879,-0.605043,0.831837,0.364975,0.111175,0,0,1,1
0.684504,0.405920,0.822193,-1.588976,0.316074,0.910428,0.622046,1,1,0,0
0.560252,-0.323914,1.039114,-0.735106,0.951758,0.928257,0.101172,0,0,1,1
0.938239,-0.090929,0.766009,-0.292788,0.540178,0.239791,0.478699,1,1,0,0
0.663292,-0.301750,0.513782,-0.993496,0.676638,0.181450,0.392242,0,0,1,1
0.631349,0.229099,0.567839,-1.136251,0.060960,0.579227,0.499232,1,1,0,0
0.590417,0.142508,0.248558,-1.104750,0.483804,0.118722,0.371842,0,0,1,1
0.380960,1.142301,-0.876586,0.836687,0.810353,0.072999,0.537220,0,0,0,0
0.225690,-0.023003,-1.965230,-0.161806,0.430111,0.307235,-1.003656,1,1,0,0
0.263495,-0.036501,-0.857068,-0.485449,0.396840,-0.082884,-0.541574,0,0,0,0
-0.034522,-0.382703,-2.884742,0.236807,0.569424,-0.647632,-0.954244,1,1,0,1
0.482567,-1.353816,0.386470,-0.911304,0.420852,-0.094790,-0.424962,0,0,0,0
0.268195,-1.953847,-0.174705,-0.553253,1.075478,-0.208599,-1.161808,0,0,0,0
0.222239,-1.698358,-0.457543,-2.135430,-0.588449,-0.082000,-1.238333,0,0,1,1
0.254085,-0.668478,-0.160580,-0.942333,0.846290,1.333392,0.321244,1,1,0,0
0.433620,-0.309180,-0.524330,-0.134173,0.809382,1.544022,-0.704534,0,0,0,0
0.019342,-0.088944,-0.477511,-0.696567,-0.028815,-0.224425,-0.993849,1,0,0,1
0.047356,1.300075,-0.117592,-0.139565,0.794847,1.050825,0.253849,0,0,0,0
0.449486,1.031165,-1.912694,0.737863,-0.410087,-0.107283,0.137836,0,1,1,1
-0.402579,1.566759,0.323741,1.851405,1.011098,-1.110670,0.688285,0,0,0,0
0.295413,0.623630,-0.631841,1.505842,-0.755674,-0.077379,0.655088,0,0,1,0
0.120851,0.303098,-0.594013,0.989362,-0.303682,-0.209496,-0.053877,0,0,0,0
0.169588,0.194633,-0.725203,0.488861,-1.406170,-0.777768,-0.573697,1,1,0,1
-0.264864,-1.983670,0.139772,1.200551,0.084645,-1.567408,0.366033,0,0,0,0
0.387520,-0.167150,-1.229571,0.861976,-0.426486,0.372940,1.471173,0,0,0,0
0.776910,-0.226130,-0.871934,1.487457,-0.594769,0.429052,0.756162,0,0,0,0
0.704719,-0.227915,-0.191982,-0.737538,-1.958848,-0.830057,-0.549808,1,1,1,0
0.031651,-1.283848,0.410841,1.042506,0.641151,-1.103859,0.412237,0,0,0,0
0.354194,0.490095,-0.745614,1.443329,-0.531622,0.952281,1.362187,1,0,1,0
0.740239,-0.370740,-0.376636,0.430434,-0.316139,0.272829,0.725730,0,0,0,0
0.439170,-0.285995,0.038419,0.697736,-0.572184,-0.208357,-0.244966,1,1,0,1
-0.345991,-0.279652,0.727138,0.573792,0.240559,-0.776871,0.523457,0,0,0,0
-0.614964,-0.464156,0.430356,2.028498,0.461061,-1.022927,1.469180,0,0,1,1
0.725417,0.102502,-0.766609,1.208028,-0.733396,-0.449821,0.771991,0,0,0,0
0.564505,-0.454487,-0.218401,-0.434214,0.022464,0.086559,-0.498938,1,1,1,0
-0.027349,-0.590627,0.404398,0.603979,-0.004290,-0.607128,0.440505,0,0,0,0
0.315891,0.197461,-0.908363,1.529897,-0.777678,0.304943,1.323058,1,1,0,0
0.802563,0.195157,-1.515953,1.117282,-0.785182,-0.206989,0.416722,0,0,0,0
0.519353,-0.011128,-0.099557,0.153488,-0.743138,0.451898,-0.258884,0,1,1,1
-0.648263,-0.776484,1.324563,0.108766,-0.004976,-1.180505,0.494246,0,0,0,0
0.075560,0.732179,-0.374766,0.848084,-0.303114,0.553952,1.602065,0,0,1,1
0.659857,0.088711,-0.669420,1.617811,-1.285272,0.188209,0.661311,0,0,0,0
0.520015,-0.132276,-0.118640,-0.148453,0.042764,0.717020,-0.364845,1,1,1,0
-0.263473,-1.497277,0.392892,1.027340,0.750568,-0.907613,0.349622,0,0,0,0
-0.052421,-0.294470,-1.057577,1.372168,-0.158134,-0.057655,1.168676,0,0,0,1
0.866127,-0.149926,-0.586160,0.725289,-0.873943,-0.645087,0.433273,0,0,1,0
0.436621,-0.191495,-0.108722,0.862688,-0.078226,-1.232273,-0.331234,1,1,0,1
-0.549076,-0.409770,1.463063,0.673965,0.193345,-0.580997,0.433254,0,0,0,0
0.258560,0.603831,-0.744037,1.188580,-0.747301,0.084399,1.521036,0,1,1,0
0.827949,0.067961,-0.573498,0.529474,-1.090836,0.258248,0.485273,0,0,0,0
0.586592,-0.076571,-0.254079,-0.497445,-0.326525,0.137913,-0.469263,1,0,1,1
-0.095502,-1.108511,0.240941,1.012704,0.921056,-1.131117,0.273993,0,0,0,0
0.508863,0.631689,-0.937867,1.001435,-0.988701,-0.199530,1.254887,1,1,0,0
0.786930,0.519326,-1.004131,1.122573,-1.455325,0.068257,0.665797,0,0,0,0
0.439927,0.011050,-0.032955,0.681320,-0.208909,0.086521,-0.220984,0,0,1,1
-0.736888,-0.970840,0.968739,0.380865,0.264543,-1.060246,0.380241,0,1,0,0
0.259234,0.611679,-0.700720,0.644298,-0.461562,0.788880,1.558745,1,0,0,0
0.493977,-0.875051,0.087810,0.781592,-0.092202,0.526197,0.755935,0,0,0,0
0.136025,-1.030179,0.405420,-0.208204,0.559610,-0.354677,-0.588592,0,1,1,1
-0.029933,-0.818790,0.266024,0.506065,0.123259,-1.219999,0.296893,0,0,0,0
0.322372,0.540441,-0.764405,1.266579,-0.526995,-0.433525,1.298506,1,0,1,0
0.807906,-0.284052,-0.278708,0.652563,-0.383053,0.114002,0.762650,0,0,0,0
0.494789,-0.387707,0.060266,0.200377,-0.183897,0.183790,-0.076564,1,1,0,1
-0.572885,-0.390566,1.375525,0.605554,0.258327,-0.550421,0.382006,0,0,0,0
0.078620,0.799033,-0.050918,1.394484,-0.158801,0.786247,1.597242,0,0,1,1
0.728735,0.034692,-0.436101,0.689737,-0.375319,-0.224077,0.649857,0,0,0,0
0.485233,-0.342623,-0.164526,0.017501,0.259744,-0.721140,-0.174948,1,1,1,0
-0.026972,-0.789159,0.416601,0.305865,0.144433,-0.993268,0.189589,0,0,0,0
0.471047,0.486728,-1.325474,1.132420,-0.625887,0.812749,1.277908,1,0,0,1
0.691094,0.047849,-1.141897,0.800624,-1.462708,0.652950,0.734983,0,0,0,0
0.495485,-0.258480,-0.333287,0.331809,-0.512795,-0.216202,-0.239548,0,1,1,1
-0.809711,-1.230064,1.436493,0.490347,0.272174,-1.074302,0.410336,0,0,0,0
-0.030038,0.112209,-0.991615,0.533646,-0.048422,-0.118674,1.519624,0,0,1,1
0.597563,0.218964,-0.360134,1.264761,-1.287569,-0.112581,0.664791,0,0,0,0
0.484778,-0.308198,0.024315,0.033173,-0.056705,1.509854,-0.452507,1,1,1,0
-0.123844,-0.942864,-0.120563,0.640988,0.232851,-1.146871,0.280484,0,0,0,0
-0.092439,-0.291514,-0.616995,1.557981,0.067620,-1.364432,1.289136,1,1,0,0
0.759891,-0.302252,-0.358711,0.974923,-0.526604,-0.434432,0.770078,0,0,0,0
0.377785,-0.502818,-0.551238,-0.014119,-0.396116,-0.318335,-0.539628,0,1,1,1
-0.654825,-0.779410,1.157350,0.636691,0.157913,-1.015881,0.359556,0,0,0,0
0.220256,0.510176,-0.390370,1.463550,-0.244495,-0.160294,1.638269,0,0,1,1
0.672457,0.140965,-0.423561,0.852113,-1.468437,-0.253347,0.516207,0,0,0,0
0.475909,-0.545115,-0.176095,0.002685,-0.113581,0.080340,-0.624739,1,1,0,1
0.197261,-0.307794,-0.306302,0.621190,0.335892,-0.540447,0.901113,0,0,0,0
0.361533,0.347795,-1.191179,1.328393,-0.757850,0.541949,1.165174,1,0,1,0
0.654623,-0.026313,-1.222776,0.845654,-1.417054,-0.100915,-0.026447,0,0,0,0
0.474240,0.090919,-0.041019,1.102140,0.058130,-0.541742,0.975876,1,0,0,1
-0.731935,-0.949124,1.767817,0.310573,0.637720,-1.303142,0.406974,0,1,0,0
0.374307,0.884021,-1.264297,0.516716,-1.133345,0.813584,1.549348,0,0,1,0
0.731084,0.418622,-0.932476,1.004492,-1.308754,-0.310389,0.643533,0,0,0,0
0.218481,-0.520076,-0.517332,-0.698800,-0.078222,-0.456007,-0.623293,1,1,0,1
0.024058,-1.009558,0.368170,0.532686,0.799484,-0.341393,0.396822,0,0,0,0
0.341098,0.714776,-0.218341,1.623000,-0.800430,0.322225,1.368271,1,0,1,0
0.834909,-0.426918,-0.352779,0.311773,-0.229667,1.021627,0.598876,0,0,0,0
0.547979,-0.169696,-0.563310,0.204364,-0.253326,-0.864575,-0.657047,0,1,1,1
-0.776246,-1.145477,0.650695,0.296859,0.729742,-0.950841,0.441902,0,0,0,0
-0.320593,0.278458,-0.339282,0.565969,-0.108109,1.241833,1.384947,0,1,0,1
0.708785,-0.524439,-0.904390,-0.030232,-0.976465,0.074054,0.693989,0,0,0,0
0.628946,-0.297357,-0.294048,0.166642,0.196498,-0.417952,0.026877,1,1,1,0
0.070985,-0.750353,0.517022,0.510948,0.583369,-0.665571,0.381621,0,0,0,0
0.284088,0.601051,-0.603190,1.044021,-0.827782,0.538359,1.370095,1,0,0,1
0.753236,0.227817,-1.070797,1.384047,-1.107648,-0.037112,0.602882,0,1,0,0
0.551488,-0.057221,-0.707058,0.139237,-0.784701,0.290505,-0.527788,0,0,1,1
-0.831538,-0.948116,1.725787,0.554887,-0.188054,-1.274138,0.403550,0,1,0,0
0.176822,0.740037,-0.826796,0.208780,-0.678346,0.749526,1.525453,1,0,1,0
0.696054,0.117840,-0.643592,1.436870,-0.882732,-0.759757,0.463146,0,0,0,0
0.549302,-0.393738,-0.133438,-0.052987,0.192708,0.345940,-0.370375,0,1,1,1
-0.243596,-1.528325,0.076054,1.068477,0.357727,0.137640,0.215833,0,0,0,0
-0.111788,-0.323887,-0.354530,1.766703,-0.168792,-0.143370,1.224681,1,0,0,0
0.873227,-0.140476,-0.418176,0.508003,-0.620414,-0.472708,0.439830,0,1,0,0
0.504789,-0.067296,0.209435,0.105747,-0.105205,-0.290402,-0.555579,1,0,1,1
-0.787798,-0.847329,1.690562,0.816075,0.395685,-1.305802,0.369066,0,0,0,0
0.152651,0.610560,-0.521184,0.581044,-0.759980,0.378862,1.422702,0,1,0,1
0.776966,0.399552,-0.491813,1.549987,-0.984786,-0.207059,0.521154,0,0,0,0
0.619259,-0.218207,-0.525846,-0.045168,0.090942,0.127053,-0.328135,1,0,1,1
0.093403,-0.587348,0.060644,0.335822,-0.096164,-0.660038,0.302945,0,0,0,0
0.327910,0.256567,-0.903784,1.407514,-0.798117,0.133381,1.337315,0,1,1,0
0.691577,-0.122694,-1.229252,1.370269,-0.582222,0.498144,0.841463,0,0,0,0
0.615851,-0.037586,-0.201518,-0.016470,0.008798,-0.448880,-0.222096,1,1,0,1
-0.873469,-1.396382,1.630719,0.474523,0.411832,-1.410757,0.291144,0,0,0,0
0.197236,0.749364,-0.223754,1.236882,-0.076466,0.254783,1.545501,1,0,0,1
0.659363,0.132160,-0.668098,1.485215,-1.253087,0.120446,0.709965,0,0,0,0
0.491619,-0.335231,-0.546350,0.211096,-0.015398,0.407614,-0.171575,0,1,1,1
-0.005551,-0.627887,0.167043,0.828753,-0.010742,-0.807849,0.363573,1,0,0,0
-0.213363,-0.402262,-0.623958,1.762985,0.238982,-0.908163,1.271721,0,1,1,0
0.793864,-0.271404,-0.389944,0.360313,-0.607297,-0.523597,0.622877,0,0,0,0
0.494519,-0.386862,-0.584896,0.347886,0.181230,-0.327584,-0.276583,1,1,0,1
-0.674941,-0.806017,1.595944,0.712005,0.389098,-1.465294,0.342247,0,0,0,0
0.221783,0.122566,-1.137185,1.074837,-0.059675,-0.167480,1.454908,0,0,1,0
0.723118,-0.129174,-0.449728,0.681118,-0.668165,-0.283349,0.818025,0,0,0,0
0.549138,0.123989,-0.025188,0.366757,0.266820,0.294694,-0.037151,1,1,1,0
-0.022113,-1.005446,0.292101,0.715168,0.291050,-0.593202,0.326393,0,0,0,0
0.241979,0.644055,-0.541393,1.496086,0.007428,0.121094,1.303162,1,0,0,1
0.804241,0.105902,-1.498554,0.317122,-0.889352,-0.525494,0.530634,0,0,0,0
0.584944,0.154186,-0.071161,0.279771,-0.337514,0.820587,-0.517495,0,1,1,1
-0.867464,-1.347363,1.892667,0.753970,0.716676,-1.317609,0.289964,0,0,0,0
-0.297558,0.147784,-0.424480,1.045355,0.494141,-1.202440,1.486593,1,0,1,0
0.639524,-0.136551,-1.039410,1.107870,-0.590761,-0.880474,0.418717,0,0,0,0
0.524884,-0.217942,-0.060481,-0.207539,-0.293969,-0.239095,-0.460395,1,1,0,1
-0.343860,-1.456294,-0.177104,1.332114,0.618807,-0.944754,0.273716,0,0,0,0
-0.177537,-0.395714,-0.978310,1.632503,-0.105680,0.260405,1.298359,0,1,1,0
0.826334,-0.322063,-0.460002,0.545948,-0.106493,-0.360810,0.579771,0,0,0,0
0.434718,-0.169022,-0.142747,0.666864,-0.571416,-0.071036,-0.519801,1,0,1,1
-0.773188,-0.830150,2.038801,1.062045,0.421467,-1.518083,0.294385,0,0,0,0
0.228105,0.641824,-0.643757,0.760645,-1.195997,0.778171,1.361118,1,1,0,0
0.741921,-0.652973,-0.114009,0.140474,-0.156611,0.919463,0.396352,0,0,0,0
0.458149,-0.254487,0.066703,-0.604480,-0.506179,-0.424955,-0.295967,0,1,1,1
0.242591,-0.316238,0.209102,1.030205,0.548067,-0.464450,1.196935,0,0,0,0
0.268570,0.534512,-0.943904,1.147619,-0.868336,-0.761721,2.122254,1,0,1,0
0.543144,-0.521198,-1.384141,0.630288,-1.384468,-0.506162,-0.227646,0,0,0,0
0.702479,0.437584,-0.965469,0.376678,-0.398772,-0.327519,0.340986,1,1,0,1
-0.450913,-2.317557,1.049577,0.958553,0.303367,-1.704546,0.254831,0,0,0,0
0.526425,0.361897,-0.946645,0.182225,-1.523603,1.530594,1.429542,0,0,0,0
0.801534,0.030651,-1.085806,1.267406,-1.134809,0.757918,0.667482,0,0,0,0
0.659444,-0.416709,-0.462082,-0.529833,-1.445775,-0.407792,-0.649572,1,1,1,0
-0.018060,-1.448185,0.426815,1.161943,0.525259,-1.000346,0.358790,0,0,0,0
0.382064,0.399242,-0.545824,1.325746,-0.770624,0.615093,1.244719,0,1,0,1
0.736330,-0.420566,-0.105779,0.775256,0.138229,1.132289,0.722773,0,0,0,0
0.321585,-0.463437,0.379233,0.472580,0.015388,-0.479452,-0.233787,1,0,1,1
-0.423172,-0.271043,0.500376,0.334228,0.030496,-0.631273,0.488915,0,0,0,0
0.058886,0.667530,-0.130848,1.270928,-0.468497,-0.210990,1.454470,1,1,0,0
0.786145,-0.270659,-0.037438,0.285705,-0.380092,-0.086687,0.756267,0,0,0,0
0.441522,-0.527318,0.071632,0.113103,-0.023202,-0.093831,-0.530093,1,0,1,1
-0.010009,-0.548904,0.193781,0.020021,-0.141048,-0.807817,0.408432,0,0,0,0
-0.019462,-0.026406,-1.051555,1.737010,0.213044,0.547572,1.240368,0,1,0,1
0.841550,0.072631,-1.210801,1.066949,-1.078467,-0.414399,0.399890,0,0,0,0
0.631359,0.168337,-0.397165,0.094395,-0.158671,0.356553,-0.255229,1,1,1,0
-0.659408,-0.952814,1.045701,0.102748,0.242467,-1.096127,0.448197,0,0,0,0
0.316119,0.633657,-0.778821,0.799560,-0.325199,1.526435,1.548248,1,1,0,0
0.667442,0.023680,-0.729562,1.464379,-1.680343,-0.335230,0.443149,0,0,0,0
0.447788,-0.291304,0.159369,0.844496,0.246993,-0.407327,-0.333212,1,0,1,1
-0.287812,-1.784581,0.174671,0.612655,1.010003,-0.895614,0.252757,0,0,0,0
-0.021200,-0.089821,-0.801052,1.558426,0.229432,-0.023816,1.086069,0,1,0,0
0.757441,-0.508455,-0.325799,0.618967,-0.536469,0.076881,0.375215,1,0,0,0
0.437542,-0.339651,0.217685,0.556489,0.100923,-0.508634,-0.302572,0,1,1,1
-0.567284,-0.638869,0.924921,0.958234,0.736170,0.025841,0.419408,0,0,0,0
0.147561,0.374417,-0.573478,0.927790,-0.943984,-0.173931,1.487535,1,0,1,0
0.666249,-0.544010,-0.417342,0.852521,-0.470471,0.461227,0.374355,0,0,0,0
0.452895,-0.255370,-0.269820,0.165623,-0.683932,-0.296149,-0.568842,1,1,0,1
-0.120296,-1.037989,0.249340,1.198020,1.096654,-0.972141,0.284530,0,0,0,0
0.268243,0.400242,-0.846675,1.460481,-0.458996,0.155407,1.201008,1,0,1,0
0.853371,0.688938,-1.004898,0.807494,-1.462401,-0.433591,0.619050,0,0,0,0
0.686521,0.121871,-0.341653,-0.289100,-0.575060,-0.199721,-0.153401,0,1,1,1
-0.692318,-0.679770,1.229249,-0.006324,-0.083206,-1.113050,0.346426,0,0,0,0
0.287897,0.718962,-0.725908,0.837203,-0.658903,1.366816,1.532038,1,0,1,0
0.631633,-0.019535,-0.617602,1.290267,-0.807806,0.257786,0.813306,0,0,0,0
0.409559,-0.392143,0.158472,0.524417,0.052166,-0.845558,-0.341825,1,1,0,1
-0.125448,-1.171747,0.380303,0.391508,0.441274,-1.206954,0.237335,0,0,0,0
-0.086019,-0.355002,-1.179562,1.478854,0.318361,-0.244075,1.214342,0,1,1,0
0.794611,-0.352832,-0.472131,0.054054,-0.142528,-0.126808,0.693558,0,0,0,0
0.496984,-0.066161,0.176378,0.230270,-0.447533,-0.619440,-0.171940,1,0,1,1
-0.592942,-0.456641,1.278859,0.444516,-0.054783,-0.697872,0.366894,0,0,0,0
0.253635,0.684974,-0.675917,1.361726,-0.491743,0.570592,1.545341,0,1,0,1
0.577036,-0.168809,-0.412807,1.361198,-0.561394,-0.409419,0.752430,0,0,0,0
0.543746,-0.256234,0.060165,0.417223,0.183579,0.167622,-0.095373,1,1,1,0
-0.089855,-0.997411,0.235779,0.457186,0.521777,-1.209112,0.164630,0,0,0,0
0.116648,0.220543,-1.230616,1.122067,-0.260818,-1.311532,1.248839,1,0,0,1
0.696455,0.176399,-0.963214,1.129110,-1.646909,0.370006,0.760019,0,0,0,0
0.630196,-0.122425,-0.640158,-0.200183,-0.303292,0.458801,-0.088370,0,1,1,1
-0.639772,-0.888895,1.051286,-0.308031,0.292427,-0.765577,0.388148,0,0,0,0
0.023735,0.675125,-0.432563,0.934623,-0.515525,0.619989,1.517341,0,0,1,1
0.702884,0.047713,-0.805741,0.876500,-1.089886,-0.142212,0.605629,0,0,0,0
0.506317,-0.227251,-0.093267,0.391693,-0.297276,1.999331,-0.365871,1,1,1,0
-0.098074,-0.668330,-0.205116,0.572651,0.087554,-1.041546,0.238545,0,0,0,0
-0.136685,-0.469967,-0.702484,1.646320,-0.064071,-0.128652,1.224533,0,1,0,1
0.793006,-0.352171,-0.528459,0.450561,-0.846616,0.152352,0.840537,0,0,0,0
0.491630,-0.175753,-0.492282,-0.321368,-0.649075,-0.214116,-0.451624,1,0,1,1
-0.730750,-0.652359,1.366175,0.795516,0.312808,-0.780158,0.372997,0,0,0,0
-0.242108,0.642403,0.768273,1.740483,-0.249280,0.078883,1.623915,1,1,0,0
0.631415,0.001264,-0.939854,1.283468,-1.482152,-0.753750,0.485101,0,0,0,0
0.384251,-0.651190,-0.133950,0.439228,-0.065468,0.576895,-0.612373,1,0,1,1
0.248058,-0.387168,-0.235995,0.189377,0.525494,-0.070234,0.939504,0,0,0,0
0.380419,0.401761,-1.004089,1.184426,-0.723228,0.879666,1.144689,0,1,0,1
0.667894,-0.429509,-0.888698,0.787827,-0.986445,-0.082466,0.084878,0,0,0,0
0.537264,0.140004,-0.387556,0.324555,0.124171,0.069620,0.984735,1,1,1,0
-0.771523,-1.004427,1.630650,0.438677,0.307064,-1.392417,0.402059,0,0,0,0
-0.006193,0.874646,-0.701668,0.396967,-0.511526,1.151226,1.460836,1,0,0,1
0.713941,0.315448,-0.944155,1.598756,-1.062910,-0.786208,0.721617,0,0,0,0
0.574135,-0.172674,-0.889313,-0.325587,-0.238039,0.117632,-0.281034,0,1,1,1
-0.216361,-1.456429,0.020968,1.295109,0.697680,-0.604370,0.379769,0,0,0,0
-0.025767,0.127596,-0.746539,1.271944,-0.044810,0.351790,1.315509,1,0,1,0
0.751275,-0.706807,-0.373399,0.378433,-0.170546,-0.256014,0.621664,0,0,0,0
0.544159,-0.274571,-0.251538,0.050233,0.073819,-0.550110,-0.654027,1,1,0,1
-0.602889,-0.630140,0.981193,0.718170,0.863462,-1.143285,0.475605,0,0,0,0
-0.137233,0.854625,-0.071156,0.911707,-0.362761,0.284762,1.411771,0,1,1,0
0.610540,0.055602,-0.431177,1.345958,-0.897003,0.064194,0.664677,0,0,0,0
0.576275,-0.292544,-0.178863,0.073207,-0.047781,0.102100,0.019203,1,0,1,1
0.050243,-0.698707,0.335765,1.115713,0.061890,-0.526331,0.337533,0,0,0,0
0.371561,0.503115,-1.120967,1.006991,-0.872506,-0.029252,1.360039,1,1,0,0
0.766103,0.159421,-1.356632,1.317843,-1.066803,-0.011760,0.497286,0,0,0,0
0.420278,-0.210955,-0.520120,0.004654,-0.803840,0.201705,-0.571517,0,1,1,1
-0.742943,-0.860202,1.879366,0.155586,0.352798,-1.440135,0.377843,0,0,0,0
-0.124413,0.796479,-0.220714,0.761339,-0.274817,-0.053520,1.475797,1,0,0,1
0.689093,0.293001,-0.702322,1.516297,-0.976968,-0.445031,0.366853,0,0,0,0
0.559859,-0.342717,-0.064549,-0.230583,0.068199,-0.220238,-0.379145,1,1,1,0
-0.274142,-1.265913,0.166568,1.416726,0.283569,-0.682017,0.204282,0,0,0,0
-0.138739,-0.279964,-0.767598,1.748735,0.177313,0.385990,1.242460,0,0,0,1
0.909291,-0.222630,-0.624752,0.004659,-0.803102,0.274555,0.449401,0,0,1,0
0.575311,0.141050,0.184920,-0.262993,-0.697365,0.086301,-0.611600,1,1,0,1
-0.816233,-1.011959,1.499725,1.045196,0.587554,-1.381917,0.343284,0,0,0,0
-0.041944,0.773117,-0.384373,0.719779,-0.240558,0.386219,1.485042,1,0,1,0
0.769707,0.408505,-0.890668,0.953503,-1.299026,0.560864,0.503094,0,0,0,0
0.605969,-0.223678,-0.456917,-0.140897,-0.431697,-0.242641,-0.380583,0,1,1,1
0.045462,-0.704662,0.220799,0.531017,0.376654,-0.754135,0.318515,0,0,0,0
0.332057,0.623572,-0.671554,1.315504,-0.735617,-0.305084,1.382245,1,0,0,1
0.715585,0.040390,-1.212505,1.575479,-0.685327,0.251146,0.833330,0,0,0,0
0.519120,-0.247032,-0.024314,0.561703,-0.040635,-0.370352,-0.174814,1,1,1,0
-0.863156,-1.243735,2.018407,0.590719,0.827680,-1.312649,0.332134,0,0,0,0
0.222501,0.533103,-0.790228,1.164962,-0.033243,0.600842,1.466662,1,1,0,0
0.663799,0.006144,-0.563035,1.102584,-0.927838,0.004243,0.733239,0,0,0,0
0.491982,-0.095805,-0.228251,0.683430,-0.271355,0.050647,-0.228884,0,1,1,1
-0.038143,-0.757648,0.439497,1.031106,0.194715,-1.153967,0.335994,0,0,0,0
0.522906,0.738058,-0.937302,1.086761,-0.849182,0.182988,1.339335,0,0,1,0
0.484540,-0.882808,-0.252808,0.626017,0.309637,-0.485155,0.459336,0,0,0,0
0.020484,-1.050372,0.406337,0.419907,0.506124,-0.842499,-0.588047,1,1,0,1
-0.655733,-0.564472,1.581421,0.669054,0.313963,-1.314471,0.355788,0,0,0,0
0.333173,0.709221,-0.564958,0.812555,-0.741894,0.483291,1.490432,0,1,1,0
0.723974,-0.279622,0.020871,0.886247,0.070627,-0.452103,0.915932,0,0,0,0
0.616128,-0.154532,0.280335,0.483013,0.422211,0.055955,0.053780,1,0,1,1
0.000721,-0.793658,0.366023,0.171719,0.529743,-0.409564,0.349378,0,0,0,0
0.403187,0.745530,-0.734697,1.763143,-0.579272,0.612650,1.364072,0,1,0,1
0.631285,-0.199985,-2.330673,0.478812,-2.006762,-0.978846,-0.489642,0,0,0,0
0.219050,0.009149,-2.454190,0.082319,-2.183797,-0.280116,-0.966424,1,0,1,0
0.102859,-1.679459,-0.121616,-0.860664,-1.848206,0.079830,-1.198964,0,0,0,0
-1.024351,0.046886,-0.920738,-0.433916,-1.446028,-1.540944,-1.637587,0,0,0,1
0.389466,0.037545,-1.282649,-0.158344,-1.955520,-0.865492,-0.617191,0,1,0,0
0.329409,-0.589527,-1.037269,-0.815004,-1.773305,2.358310,-0.824450,0,0,1,1
0.038126,-1.334362,-0.852389,-0.631072,-2.277233,0.438187,-1.290786,0,0,0,0
-0.778682,-0.238849,-0.086485,-1.107901,-2.770124,-0.778851,-1.720267,1,0,0,0
0.418384,-0.464688,-0.021436,-0.492791,-1.060193,1.727172,-0.465332,0,0,1,0
0.227589,-0.134949,-0.150851,-0.301551,-2.632775,0.405878,-0.744935,1,1,0,0
0.184780,-1.094416,0.004561,0.425423,-0.856900,-0.674033,-0.878706,0,0,0,0
-0.950108,-0.539294,0.090294,-0.628503,-1.368607,-1.249385,-1.713437,0,0,1,1
0.567625,-0.375809,-1.386064,-0.090338,-1.495601,-0.509381,-0.552925,0,0,0,0
-0.955825,0.310808,0.929542,-0.022784,-1.029989,-1.260118,-1.353537,1,1,0,1
-0.066287,-1.850743,-0.379752,-0.601740,0.227604,3.243588,-0.562120,0,0,0,0
-0.135865,0.782864,-1.149302,-1.256289,-0.284998,-0.099087,-0.644446,0,1,1,0
0.774393,-1.166587,-0.477276,-0.702244,-1.059910,4.772024,0.051073,0,0,0,0
0.775965,-1.491924,-0.073837,-0.059654,-0.195596,0.204068,-0.205475,1,0,1,1
0.093049,-0.274768,0.739799,0.775226,0.317232,-0.600439,0.609362,0,0,0,0
0.126312,-0.733251,0.325119,1.047072,-0.710608,-0.169306,1.555945,0,0,0,0
0.204993,-1.899408,-0.377050,0.284696,-0.767913,-0.393585,-1.026517,0,0,0,0
0.246926,-2.178933,-0.750811,-0.742254,-1.269531,0.679170,-0.828764,1,1,1,1
0.245204,-0.617143,0.328982,0.634156,0.063957,-0.442396,0.532507,0,0,0,0
0.447668,-0.011082,0.016864,0.711620,-0.221737,0.669061,1.378302,0,0,1,0
0.814954,-0.172044,-0.732308,0.680762,0.048556,1.030700,0.602875,0,0,0,0
0.479911,-0.095969,0.658850,0.656245,-0.289607,-0.606119,-0.210427,1,1,0,1
-0.138369,-0.073333,0.600446,1.002552,-0.266100,-0.214060,0.675323,0,0,0,0
0.320893,0.643980,0.456905,0.636740,-0.216105,1.354184,1.593162,0,1,0,0
0.842135,-0.431220,-0.593489,0.299738,0.118507,0.302748,0.547049,0,0,0,0
0.234617,-0.366013,0.168372,0.321878,-0.032528,0.244563,-0.686663,1,0,1,1
0.137165,-0.278834,0.414512,0.164893,0.314421,-0.542237,0.431957,0,0,0,0
0.038531,0.067585,-0.980826,2.261752,0.922991,0.936399,1.333770,0,0,1,0
0.854251,-0.214311,-0.763290,-0.367412,-0.678082,1.473697,0.249408,0,0,0,0
0.344021,-0.591993,-0.101590,-0.342350,0.687476,0.274409,-0.607491,1,1,0,1
-0.680200,-0.605964,1.151042,-0.082471,0.586829,-0.302207,0.470205,0,0,0,0
-0.038017,0.619651,-0.860770,0.696444,0.035679,0.402842,1.536966,1,0,0,0
0.715325,0.039750,0.048928,1.296346,-0.900388,-0.242350,0.500322,0,0,0,0
0.544176,-0.152728,0.379911,0.431929,0.817846,0.652068,-0.175305,0,1,1,1
0.251108,-0.026992,0.809922,-0.397421,-0.337135,-0.230831,0.488298,0,0,0,0
0.464515,0.224346,0.528075,-0.210883,-0.018454,-0.383733,1.278573,0,0,0,1
1.034319,-0.108098,-0.361171,0.106484,-0.246260,0.396537,0.651118,0,0,0,0
0.619310,-0.187036,0.187728,0.027613,-0.064244,-0.224687,-0.096792,1,1,1,0
-0.009210,-0.076248,1.348119,0.330734,-0.083979,0.109481,0.730800,0,0,0,0
0.294712,0.458814,-0.075716,-0.194835,-0.429521,0.728049,1.661679,0,0,1,0
0.857762,-0.172724,-0.618376,0.421614,-1.332456,1.660310,0.594799,0,0,0,0
0.655185,-0.248467,-0.017386,-0.637082,0.326128,-0.064872,-0.365200,1,1,0,1
0.385800,0.291564,-0.222042,0.154934,-0.448861,-0.103928,0.574045,0,0,0,0
0.517484,0.792401,-0.413346,0.400497,-0.612568,0.029173,1.368507,0,1,0,0
0.983644,-0.595032,0.416680,-0.068481,-0.664013,0.449676,0.539402,0,0,0,0
0.694200,-1.453831,0.685403,-0.173638,0.028897,-0.776443,-0.228630,1,0,1,1
-0.375456,0.106605,1.179717,-0.074102,0.127798,-0.039384,0.495253,0,0,0,0
0.372769,0.074638,-0.044317,-0.194122,0.541295,1.324471,1.549686,0,1,0,0
0.665175,-0.742146,-0.135438,0.148894,-0.347373,0.043023,0.328745,0,0,0,0
0.353887,-0.500360,0.502356,0.416641,0.710904,-0.238192,-0.692332,1,0,1,1
0.244148,-0.479861,0.174556,0.021659,0.180374,-0.970868,0.406627,0,0,0,0
0.518035,0.327778,0.049776,0.378164,0.247625,0.591037,1.342641,1,0,0,0
0.920239,-0.011853,-0.269670,0.445521,-0.562150,0.593958,0.756191,0,0,0,0
0.641659,-0.095128,0.688973,0.296196,0.371158,-0.321788,0.201022,0,1,1,1
-0.009605,0.284067,0.275007,0.419649,-0.832697,-0.157730,0.690916,0,0,0,0
0.275414,0.730050,-0.636942,0.665097,-1.283589,-0.073182,1.594309,1,0,0,0
0.848179,-0.152851,-0.635757,0.260191,-0.838410,-0.400319,0.592745,0,0,0,0
0.237877,-0.604233,0.264556,0.547107,0.363999,-0.083674,-0.736791,1,1,0,1
0.462379,0.585712,0.233753,-0.031880,-0.181682,-0.671595,0.552287,0,0,0,0
0.470635,0.756457,-0.462763,1.311430,-0.699643,-0.242443,1.421147,0,0,1,0
0.901233,-0.106741,-0.382745,0.882240,-0.893447,0.345381,0.792892,0,0,0,0
0.663229,-1.275702,0.656409,0.409019,0.110492,-0.249426,-0.159081,1,0,1,1
-0.337888,-0.015477,1.155303,-0.022799,0.242743,-0.261814,0.532067,0,0,0,0
0.235463,0.424264,-0.271444,0.710250,-0.422629,1.435230,1.579538,0,1,0,0
0.600932,-0.568424,0.700440,0.748753,0.416230,-0.902501,0.740224,0,0,0,0
0.442336,-0.627604,0.231995,-0.550883,0.348465,0.458238,-0.277641,1,0,1,1
0.169023,-0.370441,0.298021,0.186667,-0.016177,-0.991773,0.412600,0,0,0,0
0.416200,-0.222971,0.051128,1.015699,0.041343,0.080356,1.360035,1,0,0,0
0.851584,0.306165,-0.382945,0.508692,-1.218187,0.650324,0.868698,0,0,0,0
0.529146,-0.124815,0.238443,0.325386,0.041224,-0.247035,-0.355969,0,1,1,1
-0.137782,-0.211125,0.971457,0.577780,-0.439733,-0.109044,0.540728,0,0,0,0
0.440427,0.117790,-0.194518,-0.424043,-0.234007,1.577580,1.534430,0,0,0,1
0.612949,-0.438788,-0.715996,0.631934,0.126922,0.115002,0.586343,0,0,0,0
0.302595,-0.506654,0.424857,-0.183949,0.017444,-0.211853,-0.567203,1,1,1,0
0.229145,-0.008401,-0.359740,0.016019,-0.381500,-0.273430,0.275557,0,0,0,0
0.156373,0.385776,-1.065233,1.040294,-0.396119,-0.206552,1.270148,0,1,0,0
0.861990,0.133062,-0.157999,0.439291,-0.475761,0.287149,0.848956,0,0,0,0
0.649421,-1.319843,0.753419,-0.606184,-0.312374,-0.569412,-0.489351,1,0,1,1
-0.296023,0.217757,1.948732,0.190022,-0.187471,-0.563605,0.479549,0,0,0,0
0.362954,0.924889,-0.667511,0.637569,-0.725488,1.391635,1.639808,0,1,0,0
0.833657,-0.300157,0.144592,0.304329,-0.860398,-0.044330,0.538795,0,0,0,0
0.383876,-0.483593,0.260526,0.167586,0.681582,-0.171209,-0.623378,1,1,0,1
0.284392,0.223316,0.227599,1.209130,0.158693,0.684364,0.575820,0,0,0,0
0.428968,0.357264,-0.695239,0.736544,-1.108061,0.237471,1.385080,0,0,0,1
0.989346,0.040019,-0.577973,0.736137,-0.526218,0.427513,0.568458,0,0,0,0
0.663828,-0.017210,0.442454,0.264443,-0.315743,-0.407416,-0.031067,1,1,1,0
-0.093957,-0.254112,0.891276,0.851596,-0.633758,-0.116869,0.543587,0,0,0,0
0.337815,0.715835,-0.053630,0.659320,-0.382786,0.462157,1.613471,0,0,1,0
0.871929,0.105257,-0.043753,0.051494,-0.349330,1.464606,0.756491,0,0,0,0
0.537200,-0.168732,-0.475881,-0.002973,0.154582,-0.006877,-0.465003,1,1,0,1
0.159771,-0.382844,0.368910,0.505712,-0.335010,0.700463,0.429908,0,0,0,0
0.687175,0.819181,-1.106081,-1.447274,-1.343724,3.125629,1.415155,0,0,1,1
0.848884,0.285249,-1.159304,0.606511,-1.791209,0.187123,0.466035,0,0,0,0
0.563864,-0.543269,-0.062619,-1.027105,-0.507444,-0.024926,-0.529290,1,1,1,0
-0.298788,-0.081410,1.550081,-1.165667,-0.987391,-1.058264,0.474557,0,0,0,0
0.401105,0.372864,-0.132168,-0.734814,-1.169376,1.046930,1.589786,0,1,0,1
0.862442,-0.131423,0.320923,0.216242,-0.541479,0.948489,0.550551,0,0,0,0
0.660990,-0.447795,0.316800,-0.784691,-0.344217,-0.117104,-0.246777,1,0,1,1
0.218906,-0.137665,0.722709,0.266568,-0.746988,-0.193660,0.353293,0,0,0,0
0.442681,-0.075534,0.109010,-0.088648,-0.700839,-0.237737,1.358388,0,1,0,0
0.991707,0.225015,-0.146054,0.429050,-0.932456,0.034211,0.757062,0,0,0,0
0.722702,-0.354895,-0.042724,-0.808099,-0.329254,0.157435,-0.262257,0,1,1,1
-0.352299,0.037083,1.428932,-0.329101,-0.072378,-1.012005,0.457006,0,0,0,0
0.026406,0.525896,-0.532891,-0.034848,0.410587,0.638929,1.384680,0,0,1,0
0.664973,-0.374044,0.144183,0.138052,-0.290045,1.203168,0.262448,0,0,0,0
0.431020,-0.567524,0.250912,0.108736,-0.188352,0.196063,-0.443217,1,1,0,1
0.521474,0.788381,0.188729,-0.042754,-0.418436,-0.356877,0.668547,0,0,0,0
0.463701,0.285757,-1.010345,-0.087837,-0.133882,-0.190727,1.333837,0,1,0,0
0.909448,-0.131029,-0.309821,-0.415615,-0.710917,0.894311,0.484921,0,0,0,0
0.723727,-1.371737,0.614704,-0.202131,0.171422,-0.614314,-0.459315,1,0,1,1
-0.355412,0.133515,1.665398,0.533414,-0.154712,-0.818138,0.433704,0,0,0,0
0.335085,0.069449,0.059114,-0.882143,-0.399155,2.473711,1.490695,0,1,0,0
0.753891,-0.400713,0.162118,0.582986,-0.411593,-0.263238,0.131319,0,0,0,0
0.377646,-0.554048,0.256215,-0.055989,0.460480,-0.803861,-0.634281,1,0,1,1
0.383204,0.426434,0.027864,0.583754,0.424961,2.683293,0.495706,0,0,0,0
0.292260,0.330479,-1.123883,0.974434,-0.302287,0.030804,1.381172,0,0,1,0
0.905228,0.027650,-0.317170,0.243986,-0.780181,-0.210239,0.813147,0,0,0,0
0.568454,0.011360,0.175883,-0.186868,-0.122379,-0.421154,-0.044201,1,1,0,1
-0.056151,0.009552,0.698410,-0.454989,-0.212004,-0.794909,0.470774,0,0,0,0
0.232672,0.198636,-0.240461,0.793135,-0.019445,0.018688,1.512559,0,0,1,0
0.948895,-0.088495,0.147876,-0.478108,-0.272342,0.817764,0.433062,0,0,0,0
0.521237,-0.704910,0.209795,0.142362,0.900897,0.537810,-0.400035,1,0,1,1
0.228829,-0.005599,0.359960,0.743962,0.177182,-0.348875,0.458274,0,0,0,0
0.246389,0.802737,-0.638173,1.591030,-0.074449,0.441768,1.295257,0,1,0,0
1.008234,0.294562,0.046828,0.050420,-0.625583,1.300118,0.830044,0,0,0,0
0.507612,-0.016292,0.145037,0.693270,0.393797,-0.130067,-0.165879,1,1,0,1
-0.296377,-0.334577,1.811182,0.889752,0.351448,-1.078847,0.368984,0,0,0,0
0.426109,1.554807,-0.577376,0.076060,-1.356002,0.590751,1.626796,0,0,1,0
0.769845,-0.415179,0.250203,0.275115,-0.307735,-0.446821,0.958052,0,0,0,0
0.723409,-0.051631,-0.217558,-0.696172,0.248677,0.008155,-0.296667,1,1,0,1
0.170185,-0.281155,0.094583,1.725125,-0.199044,-0.847019,0.491953,0,0,0,0
0.492369,0.220637,-0.419730,1.331304,0.290100,0.417571,1.312359,0,0,0,1
0.866986,0.408715,-0.454688,1.288961,-0.587521,1.702655,0.796638,0,0,0,0
0.657400,0.189855,0.048947,0.432102,-0.489810,0.850723,0.167183,1,1,1,0
0.010979,0.424693,0.494545,0.347972,-0.803716,-0.827597,0.485143,0,0,0,0
0.398147,0.830927,-0.096986,0.453890,-0.547312,0.926994,1.532442,0,0,1,0
0.575003,-0.625653,-0.095806,0.735106,-0.002188,-0.011797,0.482027,0,0,0,0
0.326786,-0.271975,0.491779,0.526610,-0.394637,-0.216657,-0.587469,1,1,0,1
0.319453,-0.100115,-0.016886,0.106200,0.148412,0.269865,0.425873,0,0,0,0
0.271073,0.612974,-0.858228,1.272890,-0.627267,-0.194639,1.259759,0,0,1,0
0.940136,-0.623195,0.249740,0.907719,-0.632467,2.438155,0.760431,0,0,0,0
0.668877,-1.425712,0.643491,0.346290,-0.272696,-0.437321,-0.335071,1,1,0,1
0.069723,-0.668915,1.301805,1.672206,-0.430585,-0.798648,0.369536,0,0,0,0
0.493840,0.283575,-0.771921,0.867446,-0.915502,-0.083666,1.308350,0,0,1,1
0.798102,-0.345213,-0.468832,1.175830,-0.303184,0.246711,0.498965,0,0,0,0
0.507969,-0.834796,0.063885,0.226626,-0.016355,0.271507,-0.338322,1,1,1,0
0.241548,-0.406180,0.321426,0.764258,-0.696889,-0.256192,0.535957,0,0,0,0
0.551983,-0.096563,0.188641,0.722864,-0.166642,0.415404,1.246577,0,1,0,1
0.882337,-0.562440,-0.577815,0.026769,0.078430,1.123476,0.522922,0,0,0,0
0.489000,-0.289748,0.373249,-0.088881,-0.500846,-0.401900,-0.200131,1,0,1,1
0.095270,-0.294796,0.314302,1.504426,-0.609788,0.012924,0.458263,0,0,0,0
0.494349,0.262462,-0.389171,0.400898,0.044499,1.307058,1.321001,1,1,0,0
0.838366,-0.353079,-1.300741,-0.121434,-0.342996,0.716736,0.442595,0,0,0,0
0.309335,-0.378525,0.036195,0.022965,-0.220002,-0.828783,-0.754772,0,1,1,1
0.118469,-0.398473,-0.194743,0.806920,1.059567,-0.975557,0.294752,0,0,0,0
0.144495,0.340900,-1.221882,1.658798,0.300959,0.294396,1.327446,1,0,1,0
0.802140,-0.076392,-0.566243,0.262171,-0.257567,-0.070002,0.330271,0,0,0,0
0.448039,-0.149491,0.243096,-0.342651,0.580105,-0.741444,-0.494984,1,1,0,1
-0.287238,-1.284913,0.966128,1.954244,0.682335,-0.404556,0.306954,0,0,0,0
0.187001,0.472825,-1.538789,0.963473,-0.150583,0.725246,1.246466,0,0,1,1
0.782488,0.435125,-0.864493,1.349115,-1.107704,-0.561051,0.489153,0,0,0,0
0.430618,-0.319729,0.822375,0.358554,0.518706,-0.111497,-0.329804,1,1,1,0
0.293013,0.482295,0.885216,-0.390475,-0.974682,0.282108,0.531374,0,0,0,0
0.477165,0.886968,0.430673,0.490621,-0.665117,-0.073401,1.169602,0,1,0,1
0.962170,-0.270648,-0.647397,0.203017,-0.101303,0.689147,0.754938,0,0,0,0
0.506684,-0.062551,0.366288,0.011104,-0.819002,-0.356499,-0.031028,1,0,1,1
0.143108,-0.364319,1.268556,1.213243,-1.002776,-0.083211,0.662587,0,0,0,0
0.357561,0.336017,-0.516229,0.454256,-0.636293,0.291398,1.458754,1,1,0,0
0.935896,-0.004196,-0.722292,0.257202,-1.022347,0.506914,0.636194,0,0,0,0
0.612388,-0.443936,0.594867,-0.723885,-0.317396,-0.783586,-0.334759,0,1,1,1
0.391173,0.374906,-0.086635,0.056793,-0.903796,0.613792,0.418042,0,0,0,0
0.444861,0.332279,-0.128893,0.069165,-0.338241,-1.042405,1.284115,1,0,1,0
0.951508,-0.850979,0.449899,-0.054245,-0.179257,1.006899,0.723571,0,0,0,0
0.601857,-1.063726,0.474258,0.530291,-0.406252,-0.765098,-0.168475,1,1,0,1
0.042152,-0.127351,0.957588,1.277074,-0.149770,0.416828,0.415288,0,0,0,0
0.365363,0.065043,-0.307716,0.937331,-0.206965,0.109620,1.274033,0,0,1,1
0.774703,-0.499524,-0.200295,-0.115559,0.031222,0.677875,0.372818,0,0,0,0
0.376253,-0.283050,-0.001979,-0.312179,0.175706,0.017403,-0.735391,1,1,1,0
0.154696,-0.075143,0.192315,0.546377,-0.201358,-0.670292,0.397748,0,0,0,0
0.500585,0.280655,-0.704234,0.358496,-0.786223,-0.292152,1.220471,1,0,0,1
0.903757,-0.084779,-0.452980,0.445801,-0.527981,0.171498,0.672839,0,0,0,0
0.596228,-0.360105,0.305411,0.038423,-0.130392,-0.610855,-0.097935,0,1,1,1
0.180308,-0.395770,0.999167,0.241304,0.040448,0.206383,0.545129,0,0,0,0
0.348447,-0.068431,-0.219791,0.717297,0.684060,-0.134507,1.357117,1,0,1,0
0.915460,-0.174401,-1.000876,0.054058,-0.480382,1.025857,0.454203,0,0,0,0
0.413560,-0.252518,-0.421463,-0.251543,0.450126,-0.302184,-0.774631,1,1,0,1
0.400383,0.378684,0.368912,0.012366,-0.081532,-0.675038,0.442352,0,0,0,0
0.431235,0.808529,-0.104766,1.509449,-0.799125,0.097956,1.419420,0,1,1,0
0.954296,-0.815866,0.556860,0.014809,-0.218040,0.512700,0.693618,0,0,0,0
0.639781,-1.569193,0.384360,-0.425667,0.346161,-0.400668,-0.389425,1,0,1,1
-0.011894,-0.214024,1.082835,1.027548,-0.574272,-0.037093,0.452518,0,0,0,0
0.439175,0.620235,-0.566995,1.056153,-0.350233,0.329620,1.354777,1,1,0,0
0.752956,-0.061406,0.037424,0.721654,-0.137467,-0.053541,0.611275,0,0,0,0
0.405667,-0.028867,-0.207469,-0.159572,0.008365,-0.540106,-0.448334,0,1,1,1
0.159092,-0.229072,0.607335,0.165259,-0.211502,-1.031289,0.339074,0,0,0,0
0.529948,0.064940,-0.378055,0.571581,-0.167492,-0.552967,1.410691,1,0,0,1
0.914073,-0.465891,-0.113584,0.084556,-0.030599,0.729962,0.704798,0,0,0,0
0.533535,-0.110223,0.533919,-0.063522,-0.181338,0.067199,-0.277351,1,1,1,0
0.022852,-0.392595,0.821525,1.635305,-0.371683,-0.009210,0.491943,0,0,0,0
0.482698,0.737485,-0.602278,1.151278,-0.364314,-0.082223,1.411318,0,1,0,1
0.730660,-0.098165,-1.132502,0.622900,-0.534098,0.708600,0.631858,0,0,0,0
0.335731,-0.559307,0.506459,0.093596,0.680288,0.495617,-0.399148,1,0,1,1
0.172637,-0.498722,-0.213797,0.192421,0.511215,-0.707409,0.278448,0,1,0,0
0.227914,0.311309,-0.841826,0.939251,0.137425,0.169235,1.279206,1,0,1,0
0.746568,0.794369,-0.280077,1.367942,-1.012967,-0.373616,1.153883,0,0,0,1
0.639604,-1.205275,0.740006,0.448647,0.061196,-0.300619,1.381318,1,1,1,0
0.043158,-0.197232,1.467134,1.682656,-0.402316,-0.357944,0.387702,0,0,0,0
0.533781,0.516377,-1.275977,0.258140,-1.152974,0.804273,1.293457,0,0,1,1
0.833142,-0.267701,-0.013530,0.778288,0.145682,0.086977,0.758942,0,0,0,0
0.363955,-0.356479,0.012812,-0.354277,0.596716,-0.466069,-0.402393,1,1,0,1
0.334966,0.450713,0.075903,0.871935,-0.340633,2.030962,0.547675,0,0,0,0
0.475701,0.715834,-1.024970,0.713738,-1.101351,-0.260713,1.359061,0,1,1,0
0.859432,-0.251591,-0.541650,0.531816,-0.512364,0.289728,0.702243,0,0,0,0
0.574031,-0.367958,-0.031938,-0.156162,0.008430,-0.173813,-0.183284,1,0,1,1
0.205831,-0.266587,0.755769,0.947580,-0.317353,-0.341085,0.543526,0,0,0,0
0.453639,0.376652,-0.300980,1.064271,-0.424387,0.250285,1.364210,0,1,0,1
0.923652,0.143479,-0.398557,0.398229,-0.006684,0.513964,0.841462,0,0,0,0
0.488131,-0.334863,-0.189060,-0.079873,-0.073379,-0.800730,-0.299641,1,1,1,0
0.158572,-0.052371,0.410719,1.460252,0.199894,0.932448,0.454066,0,0,0,0
0.705065,0.777833,-1.365363,-1.767484,-1.888625,0.358300,1.341694,1,0,0,1
0.875478,0.268578,-0.677298,0.724019,-1.508940,0.987024,0.667121,0,0,0,0
0.602493,-0.158776,0.249682,-1.083089,-1.298337,-0.121000,-0.253579,0,1,1,1
-0.127903,-1.163292,1.347437,0.444742,-0.288967,-1.018396,0.329328,0,0,0,0
0.531306,0.312771,0.444891,0.531081,-1.004420,1.056140,1.358449,1,0,1,0
0.871814,0.083737,-0.706189,1.056198,-0.736102,0.273246,0.678645,0,0,0,0
0.683504,0.094915,0.231869,-0.457211,-0.674186,0.197790,-0.103084,1,1,0,1
0.147281,-0.542023,0.889681,0.210974,-0.804016,-0.384335,0.315279,0,0,0,0
0.497131,0.010771,0.195758,-0.940216,-1.271393,0.315368,1.370926,0,1,1,0
0.935005,-0.292544,-0.566498,0.543658,-0.690910,0.823929,0.694764,0,0,0,0
0.746488,-0.234129,-0.230594,-1.013214,-0.446773,0.472395,-0.279185,1,0,1,0
-0.028292,-0.254081,1.384451,0.680392,-0.315799,-0.854309,0.339921,0,0,0,0
0.257997,0.502987,-1.153864,0.289532,-0.395904,1.078767,1.124006,1,1,0,0
0.651015,-0.669677,-0.503341,0.676516,-0.011481,0.598639,0.435534,0,0,0,0
0.504769,-0.448317,-0.271575,0.844233,-0.762581,-0.001779,-0.510234,1,0,1,1
0.539401,0.551383,0.009823,-0.160396,0.220839,0.172476,0.553307,0,0,0,0
0.543204,0.329304,-0.449687,0.065468,0.336409,-0.407007,1.313871,0,1,1,0
0.798830,-0.317360,0.076935,-0.084447,-0.785576,-0.358348,0.681708,0,0,0,0
0.749893,-1.356692,-0.070105,0.743464,-0.326446,-0.183224,-0.206642,1,1,0,1
0.038395,-0.071018,1.410856,1.328294,0.054419,-0.623823,0.296158,0,0,1,0
0.525038,0.344860,0.465951,0.291406,-0.189782,1.034778,1.341139,1,0,0,1
0.741413,-0.004154,0.139196,0.668430,0.016029,-0.427568,0.644500,0,1,0,0
0.388980,-0.210784,0.207039,0.898682,0.744466,0.735046,1.339545,1,0,1,1
0.418103,-0.001306,0.528104,0.258870,0.697357,2.295373,0.478029,0,1,0,0
0.444676,0.455033,-0.160260,0.268141,-0.166220,1.318274,1.298210,1,0,0,1
0.898508,0.026124,0.449546,0.567964,-0.333639,-0.131468,1.148240,0,0,1,0
0.656301,-0.249208,-0.209202,0.116784,0.078907,0.030913,1.383434,1,1,0,1
0.128105,-0.060555,0.985706,0.562729,-0.882601,-0.762728,0.425269,0,0,1,0
0.333223,-0.248821,-0.349402,0.362200,-0.640378,-0.453717,1.381680,1,0,0,1
0.882727,0.045655,0.725502,-0.013625,-0.131927,-0.322021,0.875113,0,1,0,0
0.515804,-0.165438,0.377177,-0.239649,-0.027912,0.606626,1.361169,1,0,1,1
0.332290,-0.084610,0.566930,0.071379,-0.022421,-0.132176,0.329208,0,1,0,0
0.329288,-0.059671,0.635385,-0.024583,0.282831,-0.438418,1.272237,1,0,1,1
0.977971,0.054435,0.319623,0.197217,0.424698,1.477370,1.516954,0,1,0,0
0.498366,-0.154964,0.795990,0.397316,0.970085,-0.664136,1.453996,0,0,0,0
-0.601118,-0.872023,0.485620,-1.421774,-1.129009,-0.153314,-1.376241,0,0,0,1
-0.225131,0.594817,-2.108763,-2.765278,-3.061889,0.119268,-0.830562,0,0,0,0
-0.144409,-0.521581,-1.013884,-1.346600,-2.963162,-0.053167,-0.672814,0,0,0,0
0.077348,-0.514232,-0.448528,-2.026325,0.001118,-1.171968,-0.826747,0,0,0,0
-0.432760,-0.430066,-1.703242,-0.362730,-1.552818,0.378518,-1.151365,0,0,0,0
0.097716,-1.481492,-1.160964,-0.705965,-1.091058,2.431211,-0.694910,0,0,1,0
0.127953,-0.332732,-0.387886,-1.353890,-1.447564,5.442711,-0.753487,1,0,0,0
0.013886,-0.152067,-0.517647,-0.344817,-2.380311,2.589810,-0.705861,0,0,0,0
-0.353644,0.115390,-0.830205,-1.110607,-1.724234,0.265778,-1.173320,0,0,0,0
0.033982,-0.636894,-0.566206,-1.231108,-1.001415,-0.122490,-0.828534,0,0,0,0
-1.072321,0.879877,-0.774307,-1.319534,-0.252118,-0.172897,-1.769532,0,0,0,0
-1.176450,1.110280,-0.501266,-0.875366,-0.123602,0.298787,-1.767203,0,0,0,0
-1.366003,1.338274,-0.923053,-1.461312,0.389810,-0.117624,-1.795512,0,0,0,0
-1.278753,0.649274,-0.542476,-1.692559,-0.550898,-0.016401,-1.764509,0,0,0,0
-1.439179,2.462033,-0.978317,-2.022389,0.901213,1.249720,-1.785928,0,0,0,0
-1.419762,2.521978,-0.760925,-1.118445,1.286743,0.057867,-1.698981,0,0,1,1
0.176034,-0.670026,1.105447,0.511289,0.719180,-0.320343,0.809761,0,1,0,0
0.008703,-0.546355,1.228116,-0.436009,0.173543,0.746935,-0.470151,1,0,1,0
-0.249741,0.566917,0.507231,0.488457,0.092684,-0.186944,0.190897,0,0,0,1
-0.370986,1.174542,0.053933,-0.142512,1.161218,0.774354,-0.573935,1,1,0,0
-0.526321,1.827764,0.025077,0.252148,1.056675,0.422691,-0.146099,0,0,1,0
-0.309452,0.820026,0.202876,1.142026,0.041022,0.390385,-0.636135,0,1,0,1
-0.236867,1.730139,-0.287820,-0.277403,0.512211,0.205610,-0.002271,1,0,0,0
-0.077044,1.441479,-0.575166,0.859617,0.690934,-0.523599,-0.183999,0,0,1,1
0.185573,-0.109655,1.173990,-0.262975,2.265915,1.893077,0.423409,1,1,0,0
0.379369,-0.020883,1.347752,-1.821309,1.861965,0.563114,-0.696644,0,0,1,1
0.534660,0.268425,0.926912,-0.476965,2.393096,0.565479,0.664367,1,1,0,0
0.593795,-0.367857,0.225659,-0.364465,0.821975,0.997722,0.232391,0,0,1,1
0.442247,0.278894,0.033590,0.224644,0.305544,2.283030,0.560465,0,0,0,0
0.390345,0.661158,-1.362071,-0.051203,0.041926,0.039671,-0.470611,0,1,1,0
0.562368,-0.118123,-0.705598,1.009391,0.094343,1.769464,1.017906,0,0,0,0
0.661979,0.026122,-0.460658,0.391839,0.568063,0.099950,1.144805,1,1,0,1
1.070612,-0.420395,-0.097218,-0.361371,-0.881269,0.779798,0.898717,0,0,0,0
1.107297,-0.473246,-0.359740,-0.968669,-0.501602,-0.042594,0.769999,1,0,1,0
0.987005,-0.840069,0.864744,0.463173,0.712137,0.417072,0.682454,0,0,0,0
0.841236,-0.548170,0.046667,0.109416,-0.488147,0.607879,0.578460,0,1,1,0
0.495697,0.412975,0.272789,0.330713,0.595035,0.603664,1.424499,0,0,0,0
0.663621,0.021796,0.115618,-0.012904,0.688744,0.376455,0.643842,1,0,0,1
0.683639,-0.231188,0.066150,-0.002348,0.505342,-0.051635,0.192867,0,1,0,0
0.595704,-0.031383,-0.316083,0.307361,-0.187018,0.656282,0.430372,1,0,1,1
0.854814,-0.877524,-0.137613,-0.826342,0.753093,1.239868,0.285766,0,0,0,0
0.775072,-0.499302,-0.170009,-0.441724,0.771362,-0.177771,0.148195,0,1,0,0
1.076353,-0.117535,0.182660,-0.863456,0.212730,0.561945,0.663838,0,0,0,0
0.775412,-0.509684,0.133297,-0.067733,-0.061005,0.668774,0.132743,0,0,1,0
-0.168720,0.090583,-1.524119,-2.228375,-1.345480,1.676065,-0.869755,0,0,0,0
0.293934,0.295068,-1.311645,-0.697256,-1.732493,1.033815,-0.478349,1,0,0,0
0.150011,0.139864,-1.088052,-0.541564,-1.821465,0.137160,-0.535227,0,0,0,0
-0.110958,-0.284498,-1.833289,-0.810581,-2.226880,0.502367,-1.142927,0,1,1,1
0.902163,0.105002,0.969621,-0.315318,-0.306215,-0.110156,1.467791,0,0,0,0
0.888654,0.037501,-0.179184,0.722215,0.143852,-0.599951,0.498522,1,0,1,0
0.933760,-0.629163,-0.198531,0.352074,-0.669540,0.631524,0.587999,0,0,0,0
0.807332,-0.696910,0.499245,-0.211423,-0.035053,-0.005236,0.249449,1,1,0,0
0.519702,0.169475,0.211440,-0.130974,1.452095,0.916746,0.129521,0,0,0,0
0.336503,-0.213354,0.327408,-0.290232,0.441667,0.128154,-0.265473,0,0,1,1
0.782203,0.464841,-0.253631,0.023099,0.188378,0.085174,0.468698,0,1,0,0
0.677581,0.054719,0.342236,-0.378753,-0.048085,0.440582,0.009452,1,0,1,1
0.903348,-0.781129,0.595963,0.159066,1.621329,2.532612,0.380064,0,1,0,0
1.064559,-0.673652,-0.176231,-0.526117,0.336886,-0.357319,0.352705,1,0,1,0
1.104295,-0.682360,0.201088,-0.218074,0.114625,0.151336,0.532290,0,0,0,1
0.728914,-0.374947,0.179840,-0.254157,0.193453,-0.398313,0.197859,1,1,0,0
0.641906,0.119776,0.227938,-0.349072,0.821247,-0.034435,0.489873,0,0,1,0
0.861085,0.369893,-0.718565,-0.558954,-1.302414,-0.189138,0.419753,1,0,0,1
0.767834,0.047879,0.358193,-0.305774,0.855530,0.410230,0.318519,0,1,0,0
0.680491,0.046867,0.289045,-0.646478,0.199639,0.284059,-0.076260,1,0,1,1
0.761680,-0.582889,0.360908,-0.957062,0.339669,1.219371,1.158105,0,0,0,0
0.820026,-0.335169,0.116176,-0.221015,0.229428,-0.165672,0.142238,0,1,1,0
0.961863,0.255610,-0.286864,-0.330647,0.479589,0.595300,0.956397,0,0,0,0
0.507986,-0.358026,0.911309,-0.634290,0.651362,-0.489717,0.118376,1,1,0,1
0.657368,-0.236635,0.656499,-0.335836,0.876717,-0.104924,1.389011,0,0,0,0
0.759095,-0.226823,0.436446,-0.652609,0.435618,0.028457,0.340158,0,0,1,1
0.825511,0.716276,0.103783,-0.371906,-0.150990,-0.307500,0.392985,1,0,0,0
0.527937,-0.321852,0.187453,-0.646155,-0.015666,0.259697,0.043901,0,1,1,0
0.947870,-0.531659,1.020193,-0.319989,0.649040,2.469347,0.398574,0,0,0,0
0.831199,-0.931008,-0.072121,0.020907,0.659293,-0.424629,0.090538,1,0,0,1
1.119090,-0.380230,0.609721,-0.981691,-0.219233,0.432439,0.527225,0,0,1,0
0.767908,-0.249403,0.541614,-0.041886,0.076077,-0.596689,0.234161,0,1,0,1
0.604709,0.522200,0.516949,-0.258766,0.848901,0.602172,1.456492,0,0,0,0
0.897674,0.547129,-0.257627,-0.872527,-0.536339,1.226974,0.339410,1,0,1,0
0.841569,0.454452,0.172354,0.047035,0.251342,-0.096199,0.404334,0,1,0,0
0.742362,-0.110289,-0.131980,-0.840754,-0.267371,-0.041077,-0.140853,1,0,0,1
0.943667,-0.297931,0.487488,-0.684940,0.243609,1.826993,1.058370,0,0,0,0
0.823601,-0.482058,0.445563,0.138409,0.052935,-0.104157,0.249072,0,0,1,1
1.042456,-0.372136,0.411500,-0.447690,-0.310465,-0.391544,0.447401,1,0,0,0
0.780228,-0.334564,-0.029321,-0.095940,0.063456,-0.926180,-0.004084,0,1,1,0
0.638590,-0.318162,-0.358668,1.082208,-0.293464,0.616274,0.393029,0,0,0,1
0.536436,0.245777,0.381305,-1.363355,0.090669,0.025454,0.021735,1,1,0,0
0.977145,0.584324,-0.302094,-0.775148,0.182370,0.131825,0.507026,0,0,0,0
0.489884,0.085181,-0.023120,-0.120432,0.274860,-0.583970,-0.076879,1,0,1,1
0.966201,-0.871218,0.216036,-0.683436,0.349582,1.579779,0.362652,0,0,0,0
0.903671,-0.325862,-0.212612,-0.443954,0.427655,-0.121912,0.104898,0,1,1,1
0.957964,-0.284567,0.313620,0.308336,-0.173197,0.576020,0.511140,0,0,0,0
0.706017,-0.390135,0.323548,-0.519465,0.254034,-1.105078,0.059446,0,1,0,0
-0.441337,-1.786556,-2.026610,-1.218179,-1.323543,2.116636,-1.361215,0,0,0,0
-0.799456,0.107048,-1.472138,-2.648251,-1.000435,0.100086,-1.324449,0,0,1,0
-0.319929,-0.952679,-1.909149,-0.868855,-1.392491,0.166168,-0.939267,0,0,0,0
-0.884559,-0.170156,-1.110844,-3.462154,-2.335543,-0.784601,-1.457432,1,0,0,1
0.986264,-0.114439,0.769033,-0.348779,-0.015468,0.416151,1.253789,0,1,0,0
1.098397,0.027199,0.404301,-0.383374,-0.481044,0.310578,0.554362,1,0,1,0
1.006819,-1.015650,-0.021790,-0.235623,0.131401,-0.230780,0.489896,0,1,0,0
0.567323,-1.158365,0.255660,-0.095153,-0.053397,0.785266,-0.016635,0,0,1,1
0.398737,0.231559,0.459778,0.594174,1.532349,-0.130856,1.415959,0,0,0,0
0.699234,0.192488,0.464388,-0.226315,0.446967,-0.066098,0.366488,1,1,0,0
0.664969,-0.079780,-0.156119,-0.491085,0.569410,0.303874,0.273710,0,0,1,0
0.596554,-0.020523,0.045987,-0.140973,0.312568,0.244511,-0.049452,1,1,0,1
0.904768,-0.903979,0.281360,-0.744226,0.526525,1.705404,0.354827,0,0,1,0
0.876800,-0.446593,-0.298717,-0.310507,0.563451,-0.147015,0.281109,0,0,0,1
0.989808,-0.324696,0.098845,-0.481391,0.030595,0.649785,0.259610,0,0,0,0
0.642449,-0.341345,0.237757,-0.278278,0.440000,0.038944,-0.003089,1,1,0,0
0.735605,0.436538,0.217742,-0.471495,0.724121,2.707704,0.600435,0,0,0,1
0.802962,0.006869,0.186043,-1.188286,0.134201,1.328984,0.168124,0,0,1,0
0.736203,0.232842,-0.063924,-0.402919,0.277431,-0.225252,0.390358,0,1,0,0
0.641963,0.162499,0.235733,-0.813168,0.160681,0.941083,0.097534,1,0,1,1
0.985128,0.042682,0.707978,-1.400984,-0.046473,1.400666,1.590657,0,0,0,0
0.908516,-0.044139,0.443700,-0.068138,0.293017,0.075329,0.365787,0,1,0,1
0.850121,-0.901471,0.834986,0.290598,0.257030,-0.355321,1.248990,0,0,1,0
0.668284,-0.526538,0.077723,0.696573,0.373958,-0.303843,0.232103,1,1,0,0
0.589678,-0.144872,0.217926,-0.804159,0.689703,2.416626,0.137854,0,0,0,0
0.465327,-0.525776,0.677519,-0.767009,0.470767,0.924480,-0.068631,0,0,1,1
0.715969,0.153571,-0.005297,0.044494,0.387279,-0.918951,0.279588,0,1,0,0
0.721132,-0.070570,0.302109,-1.115817,0.526852,0.173623,0.121817,1,0,1,1
0.984293,-1.040677,0.583558,-0.155289,0.590316,3.368587,0.373033,0,1,0,0
0.974829,-0.832633,0.638201,-1.342983,0.044566,0.581182,0.288901,1,0,0,1
1.107149,-0.511371,0.412660,-0.689367,0.301712,-0.432221,0.472418,0,0,0,0
0.751080,-1.158660,-0.020978,-0.852618,0.562094,0.770969,-0.077382,0,0,1,0
-0.528472,-0.301113,-2.497530,-2.629965,-1.983574,0.473623,-0.931825,0,0,0,0
-0.313352,-0.463469,-2.468719,-1.562765,-2.343805,0.715313,-0.859969,0,1,0,0
-0.428181,-0.541506,-1.385018,-2.065119,-1.259631,0.407958,-0.849956,0,0,0,0
-1.179380,0.999822,-1.063108,-2.946665,-2.047276,0.263737,-1.640487,1,0,1,1
0.824977,-0.519131,-0.102636,-0.281217,-0.369276,1.003199,0.434796,0,1,0,0
0.894967,-0.151056,0.121156,-0.103821,-0.933367,-0.161837,0.030172,0,0,1,0
1.120708,-0.327661,0.037102,-1.095130,-0.102694,0.165333,0.534811,1,0,0,0
0.821250,-0.643638,0.224124,-1.072604,0.543809,-0.618112,0.311923,0,1,0,1
0.593186,0.311227,0.088863,-1.034710,0.002486,0.604387,0.999389,0,0,0,0
0.636047,0.085696,-0.095821,-0.640130,-0.026513,-0.858839,0.323717,1,0,1,0
0.909674,0.235829,0.449544,-0.510449,0.434515,-0.045251,0.240429,0,1,0,0
0.656910,0.255555,0.301118,0.107358,-0.088975,0.080198,0.186072,0,0,1,1
0.767714,-0.477600,1.175837,-0.131594,0.647530,2.220319,0.516151,0,0,0,0
0.799715,-0.190604,0.497198,0.350083,0.528238,1.026784,0.259397,0,1,0,1
0.950435,-0.252566,0.135786,-0.325146,0.416583,-0.087385,0.501417,1,0,0,0
0.786748,-0.191897,0.361493,-0.847125,0.081315,0.094582,-0.055010,0,1,1,0
0.574531,0.349528,0.738829,-0.555916,0.498980,1.938338,0.828625,0,0,0,0
0.737056,0.002724,0.402863,-0.377681,0.322568,-0.321779,0.091014,1,0,0,1
0.785113,0.202392,-0.176772,-0.291136,0.544315,-0.810524,0.227821,0,0,1,0
0.745425,-0.014099,-0.087768,-0.754068,0.199127,0.231560,-0.011025,0,1,0,1
1.026919,0.000211,0.617317,-0.405768,0.670359,2.758965,0.298718,0,0,0,0
0.832296,-0.641899,0.532510,-0.307195,0.520633,-1.153838,0.036627,1,0,1,0
1.131370,-0.561503,0.713833,-0.887311,-0.016913,-0.680542,0.530340,0,0,0,1
0.860345,0.247975,0.147971,-0.352798,-0.220211,-1.067355,0.161263,0,1,1,0
0.358351,-0.139347,0.501259,-0.647184,1.014016,0.586442,0.350326,0,0,0,0
0.229390,-0.781733,0.234996,-0.271293,1.218149,-0.062171,-0.144550,1,0,0,1
0.922051,0.172670,-0.181762,-0.291033,-0.093783,1.118473,0.537424,0,1,0,0
0.601121,-0.139271,0.307803,-0.101002,0.524050,0.508368,0.161274,1,0,1,0
0.960147,-0.748474,0.358423,-0.280438,0.769692,1.598779,0.513626,0,1,0,0
0.928847,-0.972092,0.114428,-0.414244,0.446761,-0.087291,0.221582,0,0,1,1
0.876524,-0.315446,0.621456,-0.764513,-0.068431,0.551147,0.396859,0,0,0,0
0.722020,0.032997,0.066830,-0.010025,0.037063,-0.898464,0.503803,1,1,0,0
-0.022480,-1.048678,-0.304676,0.228545,-0.476028,1.004963,-1.237681,0,0,1,0
-0.110837,-0.864961,-0.712683,0.081047,-1.291095,-0.012862,-1.070469,1,0,0,1
0.377459,-0.221326,-0.607687,0.441561,-1.200546,-0.596036,-0.413172,0,1,0,0
0.260901,-0.577814,-0.043770,-1.189773,-1.082804,0.165234,-0.960830,1,0,1,1
0.874144,0.306277,0.610099,-0.308725,-0.378602,3.615248,1.308629,0,0,0,0
1.138324,-0.199793,0.456069,-0.897481,-0.285138,0.423899,0.588025,0,1,1,0
0.930110,-0.698252,0.673938,0.710455,-0.041204,-0.152107,0.824555,0,0,0,1
0.822935,-0.532887,-0.129839,-0.210045,-0.001926,-0.907875,0.501566,1,1,0,0
0.461532,0.445377,0.192841,0.582511,1.168283,-0.299177,1.587967,0,0,0,0
0.665201,0.496335,0.043368,-0.069143,0.396403,0.227687,0.115154,0,0,1,1
0.557531,0.506586,0.071740,0.759698,0.186606,-0.000092,0.534473,0,0,0,0
0.390268,0.308863,-0.832699,0.538162,-0.039552,-0.430477,-0.285856,1,1,1,0
0.906502,-0.232011,0.409319,-0.384634,0.536493,2.201080,0.407324,0,0,0,0
0.845068,0.058565,-0.077833,-0.417953,-0.049199,0.673130,0.397526,1,0,0,1
0.976341,-0.217553,0.129874,-1.007432,-0.375766,0.091287,0.148632,0,1,0,0
0.714297,-0.317261,-0.298267,-1.120409,0.024478,-0.118726,0.183458,0,0,1,1
0.608345,0.578059,0.506781,-0.079831,0.905997,0.539748,0.274184,1,0,0,0
0.721583,0.103391,0.178640,-0.039825,0.545818,-0.457586,0.363608,0,1,0,0
0.745740,0.084211,-0.574078,0.243605,-0.130457,-0.038336,0.131273,0,0,1,0
0.537832,-0.224596,-0.346627,-0.318860,0.270745,0.056282,-0.103845,1,1,0,1
0.913193,-0.082163,0.430653,-1.446579,-0.172439,1.552542,0.666288,0,0,0,0
0.893978,0.004844,-0.058483,-0.461574,-0.799632,0.739832,0.383629,1,0,1,0
1.004086,-0.648907,0.320840,0.509688,0.199583,-0.362954,0.441183,0,0,0,0
0.809113,-0.705842,0.829923,0.189007,-0.130514,0.044823,0.259300,0,1,1,0
0.510003,0.624063,-0.081100,-0.460993,0.749753,0.210951,1.199675,0,0,0,0
0.401995,-0.407367,0.422847,-0.722641,0.843113,1.309310,-0.245677,1,0,0,1
0.881909,0.508066,-0.268782,-0.384809,-0.265523,0.066290,0.607969,0,1,0,0
0.542228,0.017714,-0.245709,0.168973,0.027494,-0.856660,0.029328,1,0,1,1
0.744893,-0.815162,0.349140,0.120444,1.992407,1.619954,0.433109,0,1,0,0
0.773413,-0.296632,0.219180,0.211749,-0.333354,-0.220726,0.373847,0,0,1,1
0.846956,-0.628389,-0.272204,-0.630345,0.166549,-0.700607,0.311299,0,0,0,0
0.701918,-0.604028,0.433653,-0.993872,0.078153,0.070595,0.015969,1,1,0,0
0.504176,0.322437,0.612022,-0.355234,0.271799,0.776992,1.701492,0,0,1,0
0.869257,0.106589,0.492256,-0.214676,-0.219474,0.520247,0.328872,1,0,0,1
0.759293,0.125138,0.294053,-0.204813,0.214855,-0.360569,0.189957,0,1,0,0
0.565954,0.336757,-0.198970,-0.217797,-0.801695,-0.117651,0.108424,1,0,1,1
0.580175,-0.471020,0.467060,-0.596491,0.401329,0.995216,1.142518,0,0,0,0
0.823699,-0.302467,0.045658,0.054813,-0.273482,0.384472,0.177902,0,1,1,0
0.856584,0.130015,0.154277,-0.111769,0.490304,0.392476,1.786260,0,0,0,0
0.602547,-0.625639,0.333907,-0.081230,0.791177,0.140441,-0.040007,1,1,0,0
0.462665,0.107982,0.234052,-0.478807,1.083794,0.298172,1.378727,0,0,0,0
0.602512,-0.384148,0.020548,-1.297606,0.043373,-0.954622,-0.014368,0,0,1,1
0.799197,0.647137,0.232985,0.114750,0.025233,0.336805,0.588814,1,0,0,0
0.570994,0.300972,0.014866,-0.544709,-0.356408,0.311253,-0.048059,0,1,1,0
0.731373,-0.782430,0.866264,-0.274554,0.579405,2.377491,0.194501,0,0,0,0
0.733831,-0.578830,0.275616,0.356258,0.026794,0.783028,0.197705,1,0,0,1
0.943786,-0.043567,0.045002,-0.632599,0.003978,0.405576,0.504800,0,0,1,0
0.672139,-0.241103,0.361187,-0.073367,-0.110831,-0.041906,0.206116,0,1,0,1
0.427122,0.343323,0.764930,-0.046240,1.623875,1.047577,1.464262,0,0,0,0
0.634857,0.267996,-0.002472,-0.923209,-0.333634,0.025757,-0.209058,1,0,1,0
0.766615,0.357309,-0.116608,0.006977,-0.275688,-1.005145,0.315626,0,1,0,0
0.682959,0.585962,-0.250801,0.313954,-0.106606,-0.329068,-0.055158,1,0,0,1
0.760380,-0.178137,0.779064,-0.776304,0.656215,1.082852,1.138062,0,0,1,0
0.847305,-0.274216,0.165145,-0.525107,-0.371592,-0.537629,0.093755,0,1,0,1
1.016307,0.068501,0.350521,0.068720,0.225963,-0.173437,0.498715,0,0,1,0
0.808431,-0.378964,0.492613,-0.468002,0.028414,-0.508358,-0.060585,1,1,0,0
0.462479,-0.645563,-0.208698,1.329321,0.765428,0.771433,1.538934,0,0,0,1
0.583572,0.265336,0.673725,-1.115509,0.064862,-0.387773,0.165707,1,0,1,0
0.926756,0.489630,-0.233699,-0.864705,0.138428,-0.045630,0.385765,0,1,0,0
0.667119,0.121350,-0.159800,-0.204523,0.154385,-0.300189,-0.057939,1,0,1,1
0.900984,-0.224612,0.135389,-0.482508,0.264606,1.027678,0.320729,0,0,0,0
0.803725,-0.489063,-0.331796,0.283047,0.471475,0.120881,0.020465,1,1,0,1
0.981071,-0.172327,0.002451,0.690078,-0.033767,-0.188846,0.508624,0,0,0,0
0.844792,-0.185738,0.429086,-0.173140,0.379994,-0.323951,0.206641,0,0,1,0
0.038875,-1.227416,-1.209811,-0.531916,-1.180642,1.152073,-0.923857,0,0,0,0
0.348361,-0.900008,-1.229638,-0.521284,-1.757045,0.658221,-0.515672,0,0,0,1
0.551188,-0.825423,-2.492443,-2.229193,-2.753984,0.129413,-0.332393,0,0,0,0
0.432538,-1.114457,-0.852498,-1.434278,-2.914076,0.403252,-0.664804,0,1,1,1
0.998270,0.308576,0.630762,-1.149196,-0.609566,1.628851,0.687303,0,0,0,0
0.920315,-0.468514,1.050101,-0.673079,0.174514,-0.154776,0.349189,1,1,0,0
0.881758,-1.306787,0.566365,0.015922,-0.433769,-0.756629,0.135263,0,0,0,0
0.739163,-0.927523,0.128465,-0.523099,0.162573,-0.584493,0.006494,1,0,1,1
0.528204,0.131774,0.070936,-0.273148,1.463926,-0.231846,1.272705,0,0,0,0
0.569825,-0.056284,0.096825,0.116028,0.894049,0.817557,0.410308,0,1,0,1
0.653057,0.163085,-0.185611,0.492397,-0.249635,0.660706,0.049816,0,0,1,0
0.583364,-0.084180,0.006835,-0.111679,-0.016992,-0.026480,-0.068447,1,0,0,1
0.718522,-0.948856,0.069122,-0.110306,1.209116,1.674118,0.156037,0,1,0,0
0.777923,-0.442612,0.148621,-0.459947,0.770605,-0.137037,0.191395,1,0,1,0
0.882487,0.115728,0.381254,-0.340591,0.021880,0.828122,0.275714,0,0,0,0
0.648597,-0.551113,0.348976,-0.382108,0.520173,-0.669906,-0.109436,0,1,1,1
0.659981,0.423205,0.253107,-1.105292,0.941404,1.982615,1.466462,1,0,0,0
0.833657,0.089714,0.043194,-0.320044,-0.066466,0.330672,0.178071,0,0,0,1
0.749446,0.263519,0.008564,0.062556,-0.485920,0.425494,0.161686,0,0,1,0
0.640074,-0.342089,-0.320307,-0.461001,-0.037875,-0.128397,-0.118012,1,1,0,1
0.763259,-0.300671,0.825928,-1.062188,0.470581,1.712390,1.493506,0,0,0,0
0.750234,-0.105332,0.546247,-0.253262,-0.324966,-0.746165,0.272983,1,0,1,0
0.884265,-0.584633,-0.109044,-0.289406,-0.201896,0.297134,0.064256,0,1,0,0
0.772202,-0.616662,0.485387,0.065183,0.287001,-0.479516,-0.025415,0,0,1,1
0.432185,0.523352,-0.305392,0.179026,0.515452,0.397900,1.345348,0,0,0,0
0.465247,-0.378346,0.300380,-0.092778,0.384668,0.272406,-0.419174,1,1,0,0
0.945414,0.440228,-0.246959,-0.342072,-0.589389,-0.428669,0.423454,0,0,1,0
0.701433,-0.042236,0.414559,-0.258605,0.261679,-0.108229,0.084140,0,1,0,1
0.860766,-0.801765,0.029903,0.710389,1.915533,0.547440,0.259920,1,0,0,0
0.919690,-0.821542,0.461881,-0.945569,0.560928,0.481423,0.149796,0,0,1,1
1.079403,-0.392434,-0.221204,-0.868459,0.121142,-0.411866,0.358795,0,1,0,0
0.820235,-0.297015,0.574193,-0.359884,0.169970,0.016294,0.039088,1,0,1,1
0.629047,0.863977,0.205463,-0.644892,0.372315,-0.114890,0.958815,0,0,0,0
0.779861,0.518920,-0.510649,0.105499,-0.240994,0.186528,0.244808,0,1,1,0
0.758545,0.397101,-0.459826,-0.310133,-0.597345,-0.205362,0.197963,0,0,0,0
0.692199,0.434574,0.159569,-0.400875,-0.217378,-0.270512,0.176838,1,1,0,1
0.616926,0.643075,0.414124,-0.095777,0.981452,0.331799,1.141186,0,0,1,0
0.831361,-0.098027,0.396867,-0.949278,0.018296,0.277829,0.372208,1,0,0,1
1.034448,-0.194655,-0.095195,-0.307179,0.746510,0.074544,0.291806,0,1,0,0
0.648512,-0.168656,0.069603,-0.220336,0.716922,-0.030788,0.016486,1,0,1,1
0.730222,-0.337922,-0.011265,0.486126,0.959997,0.162305,0.534329,0,1,0,0
1.018494,-0.544600,-0.270409,-0.514782,-0.068581,0.575372,0.258511,1,0,0,1
0.839691,0.154171,0.980198,0.144540,0.226452,-0.280912,0.449870,0,0,1,0
0.649905,-0.604918,0.217460,-0.638680,0.360629,-0.466643,0.107691,1,1,0,1
0.606709,-0.122645,0.553297,-0.162299,0.795160,1.952306,0.789474,0,0,1,0
0.818729,-0.027438,0.076124,-0.130468,0.813543,0.364870,0.100679,1,1,0,0
0.933038,0.648934,-0.139036,-0.602734,-0.335691,0.353967,0.608727,0,0,1,0
0.607285,0.273088,-0.074295,0.776000,0.210182,-0.849297,0.032914,1,1,0,1
0.734535,0.072512,0.130669,-0.013872,0.840552,2.199704,0.701214,0,0,1,0
0.988537,-0.087167,0.118035,-0.990846,-0.315964,0.868954,0.569781,1,0,0,1
0.905047,0.027552,-0.295019,0.674684,-0.130953,-0.086330,0.304168,0,1,0,0
0.822472,-0.243424,0.631709,-0.324347,0.233208,-0.252016,-0.075980,0,0,1,1
0.768587,-0.551233,0.537686,0.481160,0.757149,0.347130,0.912585,1,1,0,0
0.523246,-0.632143,0.435899,0.948577,1.006188,-0.108725,0.304379,0,0,1,1
0.993090,0.258746,0.091002,0.582916,-0.196103,-0.330338,0.795957,1,1,0,0
0.841911,-0.107660,0.413938,0.800631,0.395544,0.426761,0.847597,0,0,1,1
0.838905,-0.853436,0.162666,1.501982,0.275692,0.572606,0.225215,1,1,0,0
0.816849,-0.057422,0.651434,-0.380500,0.010687,0.436195,0.279649,0,0,1,1
0.976388,0.095259,-0.151811,0.537428,-0.126036,0.002033,0.596938,1,1,0,0
0.874542,0.149777,0.289692,0.067828,-0.298208,0.972962,0.194537,0,0,1,1
0.921477,-0.460756,0.564059,-0.054910,0.311828,2.435650,0.859366,0,0,0,0
0.438697,-1.012270,-0.068672,-0.785571,-0.545375,-0.187438,0.662782,1,1,1,0
1.153206,-0.529554,0.292681,0.618114,0.057959,1.207963,0.919359,0,0,0,0
0.588799,-0.109327,0.796765,-0.791191,0.239244,-0.284428,1.153767,1,1,0,1
0.555398,-0.791011,0.747640,0.200903,1.063887,2.752215,0.154076,0,0,0,0
0.763305,-0.561298,0.603298,-0.490230,0.220486,0.336684,0.099878,0,0,1,1
0.676143,-0.630170,0.457159,1.089649,1.333354,0.110616,1.178080,0,0,0,0
0.655481,-0.318494,0.767005,0.112860,0.980138,0.248151,0.656611,1,1,1,0
0.096256,-0.164465,0.874534,0.352735,-0.406625,-0.145617,0.628393,0,0,0,0
0.053229,-0.450869,0.013066,-0.034403,-0.519482,-0.357134,1.767121,0,0,0,1
0.566609,-0.613335,-0.440648,0.872636,-1.430203,0.107836,0.076404,0,0,1,0
0.122989,-0.537096,0.493411,0.613920,-0.873376,-0.396739,-0.908613,1,1,0,1
0.253448,-0.205540,0.203175,0.519472,-0.280064,-0.984453,0.464789,0,0,0,0
0.078163,-0.548077,-0.789060,0.240725,-0.582403,-0.329341,1.580501,0,1,1,0
0.671718,0.216026,-1.199971,0.432341,-1.223309,-0.095123,0.431511,0,0,0,0
-0.024164,-0.060305,0.344201,0.666300,-0.327174,-0.769558,-1.068036,1,0,0,1
-0.355234,-0.050507,0.827211,-0.147439,0.146826,-0.697874,0.637224,0,0,0,0
-0.429480,-0.125783,-0.341887,0.013765,-1.731031,-0.061245,1.625448,0,1,0,0
0.473694,-0.205362,-0.871593,1.420320,-1.302270,0.463362,-0.018319,0,0,1,0
-0.191526,-0.606673,-0.147924,-0.111298,-0.641407,-0.881254,-1.216245,1,1,0,1
0.223481,-0.201357,0.673241,0.062198,-0.034271,-0.798286,0.470682,0,0,0,0
0.028934,-0.075026,-1.039060,0.798730,-0.883440,-0.060426,1.257101,0,0,1,0
0.583678,0.123519,-1.230299,0.956041,-1.279362,-0.523511,0.089362,0,0,0,0
-0.318791,-0.599387,0.228680,1.088989,0.133279,-0.891815,-1.247371,1,1,0,1
-0.212887,0.324001,0.863215,-0.272809,-0.017852,-0.603968,0.412920,0,0,0,0
-0.388512,0.029027,-0.532462,-0.070486,-0.969029,0.337947,1.645015,0,0,1,0
0.539280,0.159630,-0.502254,1.401213,-1.420838,0.162203,0.338150,0,1,0,0
-0.245379,-0.639782,0.584394,0.550645,-0.068228,-0.713498,-1.311089,1,0,1,1
0.124801,-0.419151,0.476061,0.198970,-0.456660,-0.215474,0.414379,0,0,0,0
-0.090287,-0.361359,-1.210468,1.095437,-0.492797,-0.089363,1.260528,1,1,0,0
0.739991,0.050233,-0.561573,0.166315,-0.925910,0.105101,0.255643,0,0,0,0
-0.277149,0.082333,0.141907,0.998425,-1.182985,-1.266811,-1.231024,0,0,1,1
-0.505454,0.111039,1.795160,0.024465,-0.437633,-1.026201,0.420856,0,0,0,0
-0.625140,-0.172030,0.758152,1.561507,-0.844572,0.299036,1.505538,0,1,0,0
0.382963,0.165499,-0.603140,1.656173,-0.611666,-1.008149,0.238824,0,0,1,0
-0.361457,-0.887377,0.516863,0.650894,0.349665,-1.243151,-1.319679,1,1,0,1
0.100289,-0.449124,0.839573,0.646152,0.242143,-1.211317,0.318609,0,0,0,0
-0.096726,-0.274363,-1.110901,1.027851,-0.418289,-0.400988,1.183622,0,0,1,0
0.548602,0.287542,-1.057789,1.117283,-1.084405,-0.069558,0.214267,0,0,0,0
-0.379901,-0.845848,-0.235920,0.351253,0.257817,-0.806156,-1.327220,0,1,0,1
-0.227731,0.581708,1.068932,-0.295140,-0.155074,0.179622,0.454508,0,0,0,0
-0.469408,-0.122664,-0.063958,0.658353,-0.444881,-0.202005,1.503956,1,0,0,0
0.401533,0.236727,-0.821203,1.028147,-1.168819,-0.169298,0.354374,0,1,0,0
-0.203620,-0.538497,0.270663,0.178384,0.076438,-0.562978,-1.282213,1,0,1,1
0.074347,-0.543972,0.777279,0.467588,0.259265,-1.360974,0.338557,0,0,0,0
-0.133013,-0.424888,-1.366010,0.952089,-0.573149,-0.730743,1.228625,0,1,1,0
0.654823,0.383501,-0.999994,0.739258,-1.425180,-0.174435,0.381193,0,0,0,0
-0.342144,0.007298,0.382109,1.075250,-0.900761,-1.566825,-1.069923,1,0,0,1
-0.512930,0.200282,1.885594,0.216140,-0.209706,-1.175387,0.436522,0,0,0,0
-0.674718,-0.425553,0.067376,0.753952,-0.529689,-0.689946,1.485871,0,0,1,0
0.398300,0.353164,-0.600701,1.544993,-1.007706,-0.808454,0.290737,0,1,0,0
-0.341024,-0.779725,0.706395,0.941317,0.197831,-1.273428,-1.282705,1,0,1,1
0.135447,-0.161600,1.117662,0.812619,0.293444,-1.250321,0.314141,0,0,0,0
-0.100047,-0.187672,-1.029494,0.928748,-0.776109,-0.562785,1.220324,0,1,0,0
0.600249,0.302440,-1.218807,1.255403,-1.184943,-0.228081,0.435224,0,0,0,0
-0.494752,-0.697294,0.268564,1.000342,-0.432314,-1.219007,-1.202913,1,0,1,1
-0.244515,0.592262,1.477511,-0.105980,-0.156593,-0.298124,0.496387,0,0,0,0
-0.414175,0.154478,0.224289,0.603459,-0.654982,0.034943,1.481058,0,1,0,0
0.338449,0.010539,-0.780556,1.306852,-0.940628,-0.503559,0.147956,0,0,1,0
-0.265233,-0.536160,0.587053,0.712947,-0.257532,-0.800747,-1.313499,1,1,0,1
0.046181,-0.801338,0.424719,0.920600,0.638111,-0.884214,0.399449,0,0,0,0
-0.159008,-0.489177,-1.188325,0.848714,-0.479915,-0.497485,1.214581,0,0,1,1
0.635324,0.290523,-0.787467,0.354503,-1.139448,0.651425,0.374396,0,0,0,0
-0.373317,0.123016,0.325982,1.058989,-1.307527,-1.333648,-1.103790,1,1,0,0
-0.516641,-0.047467,1.469871,-0.072887,-0.124337,-1.102684,0.413007,0,0,0,0
-0.635901,-0.213992,0.425512,1.270578,-0.263060,-0.334379,1.433560,0,0,1,0
0.395402,0.157149,-0.676203,1.385825,-1.197074,-0.677928,0.121156,0,1,0,0
-0.319401,-0.907579,0.384429,0.626863,0.506279,-1.044091,-1.319141,1,0,1,1
0.151530,-0.215344,0.634715,1.111392,-0.000252,-0.496486,0.465633,0,0,0,0
-0.076395,-0.128379,-1.130438,0.635150,-1.112331,-0.275017,1.199571,0,1,0,0
0.516607,0.121813,-1.025151,1.414952,-0.643660,0.039971,0.291903,0,0,0,0
-0.459025,-0.738028,0.274436,0.976561,-0.579257,-1.159703,-1.354599,1,0,1,0
-0.274516,0.255566,0.984117,-0.389605,-0.142609,-1.054162,0.489891,0,0,0,0
-0.445300,0.072976,0.008886,0.884099,-0.465512,-0.688243,1.440269,0,0,0,1
0.381514,-0.150305,-0.784641,1.265913,-0.984744,-0.124368,0.260343,0,0,1,0
-0.213692,-0.411373,0.509847,0.827160,-0.036907,-0.758307,-1.269832,1,1,0,1
0.024578,-0.864562,0.455833,1.023254,0.797803,-0.451695,0.324569,0,0,0,0
-0.156261,-0.351379,-0.804326,1.302529,-0.762149,-0.795496,1.179947,0,1,1,0
0.715141,0.117698,-0.633580,0.238072,-0.840770,0.250826,0.367982,0,0,0,0
-0.357266,-0.062410,0.792895,0.835107,-1.056322,-1.272574,-1.304868,1,0,0,1
-0.545120,-0.131574,1.890902,-0.013974,-0.260118,-1.500803,0.495366,0,0,0,0
-0.607852,-0.421354,0.261888,0.518441,-0.407182,-0.013301,1.350181,0,1,0,0
0.409918,0.119566,-0.885475,1.325533,-1.015786,-0.554184,0.097414,0,0,1,0
-0.235184,-0.835024,0.542832,0.725471,0.592309,-1.144368,-1.263656,1,1,0,1
0.152305,-0.537294,0.712203,0.586667,0.882193,-1.040380,0.286830,0,0,0,0
-0.064250,-0.031203,-0.917298,0.772905,-0.928327,0.248425,1.199972,0,0,1,0
0.602883,0.176775,-1.048340,1.119274,-1.144861,0.485287,0.304652,0,0,0,0
-0.420268,-0.643592,0.372413,0.722001,-0.527181,-1.048058,-1.358492,1,1,0,1
-0.247884,0.404634,0.936629,-0.064199,-0.008601,-0.868881,0.341285,0,0,0,0
-0.457779,-0.127742,-0.192614,0.193811,-0.558620,-0.531228,1.396301,0,0,1,0
0.392684,0.031907,-0.662514,1.493617,-1.034668,0.395380,0.264730,0,1,0,0
-0.178889,-0.918491,0.311481,0.327001,0.478150,-0.604266,-1.292958,1,0,1,1
0.022967,-0.906939,0.280024,0.663656,0.792700,-0.895381,0.363733,0,0,0,0
-0.110472,-0.144167,-0.722134,1.324055,-1.118227,-0.540172,1.183171,1,1,0,0
0.623423,0.433706,-0.859451,0.519851,-1.080993,-0.179536,0.492946,0,0,0,0
-0.338966,0.041569,0.695053,1.057347,-0.816607,-1.746120,-1.266295,0,0,1,1
-0.595000,-0.401622,1.671430,0.037764,-0.204941,-1.479196,0.318449,0,0,0,0
-0.707216,-0.408970,0.330218,1.155954,-0.637877,-0.014517,1.400608,0,1,0,0
0.418229,0.169186,-0.567078,1.677302,-1.122337,0.529493,0.166697,0,0,1,0
-0.294854,-1.020361,1.107509,1.394268,0.548984,-0.595541,-1.271117,1,1,0,1
0.117596,-0.398083,0.727993,0.962903,0.256203,-0.895867,0.400384,0,0,0,0
-0.093532,-0.179157,-1.099599,0.744389,-0.916311,-0.388787,1.198589,0,0,1,0
0.537630,0.416718,-0.996220,0.913911,-0.798542,-0.781987,0.224288,0,0,0,0
-0.460392,-0.621368,0.420518,1.460085,-0.013513,-1.017271,-1.333678,0,1,0,1
-0.221407,0.457238,1.147011,-0.316211,0.429153,-0.974366,0.391331,0,0,0,0
-0.411640,0.046358,-0.175697,0.313551,-0.257329,0.073467,1.422501,1,0,0,0
0.391926,0.114577,-0.677955,1.582370,-0.744730,0.068634,0.231824,0,1,0,0
-0.393827,-0.642133,0.293057,0.652820,-0.008514,-0.450198,-1.096171,1,0,1,1
0.111562,-0.440276,0.871555,0.585659,0.324721,-0.760656,0.361710,0,0,0,0
-0.186504,-0.464330,-1.014669,1.222400,-0.384546,-0.190056,1.193082,0,1,1,0
0.639307,0.357756,-0.961991,0.431464,-1.084548,-0.184710,0.336524,0,0,0,0
-0.368879,-0.244933,0.656410,1.094658,-0.734517,-1.358170,-1.303229,1,0,0,1
-0.545708,-0.278923,1.922081,-0.420907,-0.451352,-1.453177,0.402333,0,0,0,0
-0.725767,-0.732432,-0.042886,0.570834,-0.669050,-0.013617,1.445280,0,0,1,0
0.419300,-0.209301,-0.619646,1.482060,-0.556836,0.399107,0.159399,0,1,0,0
-0.501241,-0.902094,0.708242,1.014694,0.073171,-0.943644,-1.145750,1,0,1,1
0.119398,-0.558307,0.471296,0.292868,0.296299,-0.952203,0.344356,0,0,0,0
-0.119377,-0.135758,-0.946815,1.118654,-0.651814,-0.478088,1.167650,0,1,0,0
0.515722,0.267304,-1.330854,1.052145,-0.865207,0.077178,0.165173,0,0,0,0
-0.510728,-0.696990,0.303028,1.454395,0.095154,-1.171196,-1.329632,1,0,1,1
-0.218631,0.364990,0.769616,-0.065263,-0.152913,-1.115571,0.360898,0,0,0,0
-0.527445,-0.082684,-0.238926,0.060853,-0.386462,-0.085688,1.426966,0,1,0,0
0.444815,0.293929,-0.380774,1.646462,-1.280181,-0.139438,0.460507,0,0,1,0
-0.430316,-0.838345,0.255383,1.156346,0.476484,-1.120635,-1.178895,1,1,0,1
-0.024429,-0.973332,0.408480,0.691517,0.681269,-0.758477,0.408557,0,0,0,0
-0.156263,-0.317941,-0.987609,1.409599,-0.494129,0.074940,1.193752,0,0,1,1
0.604840,0.067638,-0.930447,0.083933,-1.072209,0.032722,0.179988,0,0,0,0
-0.194973,-0.110266,0.883390,0.664358,-0.329243,-1.354455,-1.265770,1,1,0,0
-0.379145,-0.393070,1.504597,0.129276,0.198083,-0.943636,0.486417,0,0,0,0
-0.462307,-0.728443,0.024692,1.152527,-0.507347,1.053809,1.450553,0,0,1,0
0.475661,-0.174114,-0.390566,1.552039,-1.006086,-0.153440,0.301094,0,1,0,0
-0.021906,-1.107290,1.123583,0.059844,-0.156149,-0.629179,-1.240142,1,0,0,1
-0.967419,1.560620,-0.465042,-1.600775,0.591049,-0.955990,-1.540291,0,0,0,0
-0.883420,1.562772,-0.230579,-3.585453,-1.043821,0.230341,-1.596705,0,0,0,0
-0.771401,0.618305,1.110554,-0.994018,2.080819,-0.216521,-1.477704,0,0,0,0
-0.881778,-0.115347,-0.730753,-2.569322,0.233933,0.757242,-1.796383,1,1,0,0
-0.169912,0.238367,0.771273,0.172527,-0.033265,0.432600,0.473265,0,0,0,0
-0.478732,-0.149342,0.112722,0.479064,-0.814079,-0.326609,1.455559,0,0,0,1
0.000116,-0.254162,-1.390689,0.152898,-1.047317,-0.336195,-1.229804,0,0,0,0
-0.530557,-1.456305,-0.500560,-1.309803,-1.373382,-0.741598,-1.556551,1,1,1,0
-0.116666,-0.558075,0.672978,1.314526,0.547033,0.055464,0.461825,0,0,0,0
-0.145634,-0.352213,-1.038862,1.443694,-0.300121,-0.030095,1.143462,0,0,0,1
0.332975,0.800143,-1.964651,0.056005,-1.853529,-0.282865,-0.888598,0,0,0,0
-0.874708,0.479554,-0.814814,-1.383126,-1.282270,-1.589114,-1.699692,1,1,0,0
-1.049495,1.634112,0.648251,0.274630,1.042261,-1.113368,0.417424,0,0,0,0
-1.068152,1.438668,-0.130474,-0.361644,0.705294,-0.303451,1.536015,0,0,1,0
-0.235195,0.713493,-1.717852,0.145503,-0.874639,-0.809988,-1.417360,0,0,0,0
-1.122193,0.872631,-0.439947,-1.118851,-0.601774,-1.925809,-1.857657,1,1,0,1
-0.125582,-0.157133,1.205590,1.433000,0.581931,-1.041030,0.362411,0,0,0,0
-0.144060,0.010467,-1.115121,0.921619,-0.504266,-0.248534,1.149257,0,0,1,0
0.206114,0.544989,-2.463272,0.216643,-1.424295,-0.123334,-1.126361,0,0,0,0
-1.175432,0.755523,-1.193975,-1.699641,0.012707,-1.468830,-1.812589,1,0,0,1
-0.719331,1.878329,-0.195644,-0.086529,1.351222,-0.325672,0.468668,0,0,0,0
-0.971121,1.537167,-0.661270,-1.234487,0.684094,-0.707359,1.537715,0,1,0,0
-0.176077,0.882487,-1.808357,-0.109754,-0.988526,-0.272673,-1.322503,0,0,0,0
-1.187280,0.609738,-1.095239,-1.389840,-0.092591,-1.459581,-1.791994,1,0,1,1
-0.169720,-0.406664,1.172730,1.234615,0.474913,-0.663695,0.411597,0,0,0,0
-0.247632,-0.275056,-1.106307,1.492553,0.297193,-0.855816,1.202627,0,1,0,0
0.298775,0.881704,-2.147832,0.160405,-1.847272,0.117314,-0.922190,0,0,0,0
-1.126221,1.726934,-0.531014,-2.137637,-0.267969,-1.044304,-1.596883,0,0,1,1
-1.287283,2.269106,0.903207,-0.044874,2.003650,-1.343204,0.404775,0,0,0,0
-1.356441,1.889066,0.597604,-0.662717,0.996636,-0.560740,1.553110,1,0,0,0
-0.228401,1.000922,-1.869370,-0.181455,-0.572995,-0.040782,-1.342469,0,0,0,0
-1.292306,0.955702,-0.679688,-1.902934,-0.007244,-1.500533,-1.844247,0,1,1,1
-0.135516,-0.003376,1.002961,1.190025,0.444874,-1.273029,0.357317,0,0,0,0
-0.148332,-0.006230,-1.095633,1.184070,-0.433286,0.644244,1.216641,1,0,0,0
0.154376,0.448261,-2.661236,-0.016339,-1.468683,-0.117732,-1.164074,0,0,0,0
-1.266829,0.727958,-1.246189,-1.748427,0.293664,-1.429648,-1.810288,0,1,0,1
-0.713795,2.184472,0.070600,-0.277988,0.836132,-0.035498,0.480785,0,0,0,0
-0.993015,1.856692,-0.176907,-0.531804,0.983159,-0.182101,1.570876,0,0,1,0
-0.204911,0.858100,-2.111187,-0.435730,-1.482018,-0.097735,-1.400726,0,0,0,0
-1.113755,1.045148,-1.240887,-1.889803,-0.344771,-1.360636,-1.790211,1,1,0,1
-0.201973,-0.389802,1.316267,1.598631,0.477173,-1.493460,0.373198,0,0,0,0
-0.211487,-0.097516,-1.073204,1.012082,-0.546715,0.403518,1.217792,0,0,1,0
0.249463,0.749704,-2.245337,0.013305,-1.852483,-0.188568,-0.991409,0,0,0,0
-1.207322,1.624183,-0.395362,-2.006651,-0.222808,-1.524532,-1.323977,1,0,0,1
-1.123303,2.217236,0.811461,-1.021723,1.472322,-1.443920,0.455361,0,0,0,0
-1.336878,1.927332,0.292799,-0.627439,1.631345,-0.233219,1.568226,0,1,0,0
-0.270954,0.870693,-1.837620,-0.169984,-0.825569,0.288871,-1.411390,0,0,0,0
-1.221730,0.876236,-1.110037,-2.079419,0.153913,-1.440834,-1.814037,1,0,1,1
-0.106016,0.125330,1.053766,1.524821,0.454589,-1.376298,0.442098,0,0,0,0
-0.217907,-0.131480,-1.369807,0.820229,-0.470894,-0.335917,1.250417,0,1,0,0
0.161987,0.617851,-2.329073,0.494640,-1.405571,-0.180637,-1.114800,0,0,0,0
-1.359708,1.165152,-0.397576,-2.452533,-0.094566,-1.260651,-1.503415,0,0,1,1
-0.702512,2.360700,0.267956,-0.471317,0.957936,-0.600690,0.529911,0,0,0,0
-0.988007,1.602764,-0.196703,-0.491895,1.137297,-0.143945,1.558699,0,1,0,0
-0.238256,0.723335,-2.050682,-0.266678,-1.257560,-0.059582,-1.335470,0,0,0,0
-1.129795,0.433386,-1.595224,-1.740965,-0.455490,-1.394511,-1.768039,1,0,1,1
-0.035621,-0.448541,1.117571,1.517635,0.227993,1.544323,0.450953,0,0,0,0
-0.199542,-0.053890,-0.742894,1.524545,-0.323908,-0.683913,1.261081,0,1,0,0
0.199735,0.645488,-2.177885,0.319379,-1.267746,-0.035574,-1.002073,0,0,0,0
-1.219665,1.514378,-0.654075,-1.781147,-0.227154,-1.548374,-1.519264,1,0,0,1
-1.134280,2.198599,0.733513,-0.227449,1.674417,-1.181186,0.551056,0,0,0,0
-1.316312,1.979186,0.522563,-0.699661,1.176012,-0.728309,1.544869,0,0,1,0
-0.263335,0.968286,-1.798983,-0.118377,-0.888850,-0.394496,-1.422071,0,0,0,0
-1.200191,1.180927,-0.704682,-1.951164,0.344723,-1.701568,-1.844499,1,1,0,1
-0.148821,0.003843,0.551987,2.350343,-0.207838,0.758972,0.392234,0,0,0,0
-0.146189,-0.019941,-1.017126,1.165978,-0.500846,-0.839372,1.230418,0,0,1,0
0.169706,0.443210,-2.373235,0.223423,-1.503830,0.844719,-1.077596,0,0,0,0
-1.490637,0.687277,-0.840602,-2.121599,0.458427,-1.463577,-1.779428,1,1,0,0
-0.658561,2.357164,-0.359279,-0.332534,1.436897,-0.792580,0.513310,0,0,0,0
-0.955088,1.586591,-0.864334,-1.126388,0.751053,-0.203411,1.558525,0,0,0,1
-0.287445,0.526072,-2.173420,0.079819,-0.671858,0.496343,-1.365235,0,0,0,0
-1.057135,0.790009,-1.065774,-0.971962,0.199970,-1.201909,-1.686117,1,1,1,0
-0.086886,-0.807861,0.911365,0.905410,0.569235,0.933188,0.337934,0,0,0,0
-0.213130,-0.104590,-0.757716,1.629468,-0.215667,-0.439376,1.232781,0,0,0,1
0.257256,0.908748,-2.005295,0.499680,-1.281455,0.089348,-0.906400,0,0,0,0
-1.209182,1.733480,-0.186219,-2.360781,-0.457412,-1.188461,-1.687787,1,0,1,0
-1.203925,2.568726,0.788582,-0.893925,1.563788,-1.402443,0.488711,0,0,0,0
-1.334605,1.650555,0.336939,-0.634059,1.530648,0.316514,1.489344,0,1,0,0
-0.257313,0.948905,-1.736859,-0.305761,-0.883633,0.356290,-1.390803,0,0,0,0
-1.214235,0.719865,-0.839336,-2.100706,0.201576,-1.527276,-1.847816,1,0,1,1
-0.114806,-0.366715,1.050657,1.497752,0.737193,1.640738,0.385805,0,0,0,0
-0.191836,-0.280857,-1.080094,1.011123,-0.414942,-0.406732,1.264035,0,1,0,0
0.146288,0.522922,-2.328012,0.494157,-0.901794,-0.144609,-1.113024,0,0,0,0
-1.368612,1.160412,-0.604025,-1.832775,0.508054,-1.193559,-1.823397,0,0,1,1
-0.640668,2.260971,-0.105614,-0.368295,1.073574,-0.738127,0.406535,0,0,0,0
-0.954097,1.397252,-0.833993,-0.836221,0.806969,-0.530347,1.492181,0,1,0,0
-0.266183,0.633489,-2.135277,-0.253109,-1.350956,0.113530,-1.449693,0,0,0,0
-1.177783,0.388152,-1.463477,-1.488975,-0.280648,-0.999202,-1.846390,1,0,1,1
-0.121051,-0.621277,0.727214,1.169919,0.287999,1.248931,0.364196,0,0,0,0
-0.224340,-0.276171,-1.062497,1.226421,-0.318625,-0.637922,1.226789,0,1,0,0
0.251694,0.726860,-2.227180,-0.373145,-1.952852,-0.411641,-1.034998,0,0,0,0
-1.282424,1.368915,-0.726184,-2.146031,-0.617974,-0.960452,-1.729592,1,0,0,1
-1.227620,2.313269,0.936153,-0.667998,1.619500,-1.109299,0.398739,0,0,0,0
-1.354661,1.575618,0.270769,-1.145607,1.146959,1.347263,1.558788,0,0,1,0
-0.242016,1.072751,-1.569548,0.054147,-0.774143,-0.029077,-1.287539,0,0,0,0
-1.059345,0.129981,-0.030721,-1.023618,-0.233513,-1.298831,-1.821541,1,1,0,1
-0.120399,-0.048103,0.281410,1.996883,-0.090184,0.419012,0.429020,0,0,0,0
-0.141840,-0.401833,-1.123580,1.224241,-0.192511,-0.411585,1.227218,0,0,1,0
0.303982,-0.189670,-1.871606,-0.643101,-1.229296,0.234109,-1.125922,0,0,0,0
-0.433112,-1.429389,0.542484,-1.653187,-0.654820,-0.137537,-1.613814,0,0,0,0
-4.658054,-1.572707,2.633737,-4.589173,1.358574,-2.259352,-2.275375,0,0,0,0
-5.379673,-4.305651,1.455570,-4.183612,1.534627,-2.261368,-2.293691,0,0,0,0
-5.379673,-4.305651,1.455570,-4.183612,1.534627,-2.290432,-2.293809,0,0,0,0
-5.379673,-4.305651,1.455570,-4.183612,1.534627,-2.290432,-2.293657,1,0,0,0
-4.953583,-2.176938,4.172344,-0.943157,4.153556,-1.504553,-2.239710,0,0,0,0
-4.889758,-1.865794,4.539977,-0.562725,4.396658,-1.722349,-2.209051,0,1,0,0
-4.740038,-1.179057,5.187614,-0.228953,4.179810,-1.685203,-2.200244,0,0,0,0
-4.683817,-1.032571,5.108903,-0.316990,4.366478,-1.130501,-2.174850,0,0,0,1
-4.487482,-0.179952,5.752485,-0.320889,3.548553,-1.382907,-2.155524,0,0,0,0
-4.353261,0.085495,5.270104,-0.909219,3.769898,-0.504429,-2.161341,0,0,1,0
-3.907247,1.189051,4.716435,-1.909488,2.758416,-0.190169,-2.119390,0,0,0,0
-3.315808,0.633758,1.580369,-1.195095,3.169555,1.836602,-2.156790,1,0,0,0
-3.214266,1.750212,3.293112,-2.338766,0.949411,0.370700,-2.083022,0,0,0,0
-3.037988,0.823667,2.036466,-1.814198,1.439628,0.518801,-2.106275,0,1,0,0
-2.566167,1.307954,1.585080,-2.351793,0.071583,1.039466,-2.063446,0,0,0,0
-2.086835,0.356593,-1.211122,-1.771975,0.880615,1.738101,-2.072727,0,0,1,1
-0.332034,-1.025943,-1.034684,-0.703339,-1.005969,-0.456974,-1.556255,0,0,0,0
-2.010943,0.400941,-0.049040,-1.789131,0.598434,0.045668,-2.062020,0,0,1,1
-0.272372,-0.994934,-0.491301,-0.814280,-0.751845,-0.550321,-1.524992,1,0,0,0
-1.544605,-0.764522,-1.576072,-2.038265,0.136730,-0.940489,-1.947697,0,0,1,1
-0.910719,-0.346596,-1.789665,-1.413365,-1.200911,-1.067152,-1.799873,0,1,0,0
-1.375770,-0.633299,-1.041105,-3.024561,-0.255271,-0.550234,-1.977182,1,0,0,0
-0.890446,-0.066797,-0.652553,-2.096277,0.623648,-0.073224,-1.736675,0,0,1,1
-0.637809,-0.826883,-2.841936,-1.326651,-0.440753,-0.955955,-1.674412,0,1,0,0
-1.124545,-0.468474,-1.709832,-3.467449,-0.123007,0.102273,-1.757273,0,0,1,1
-0.736157,-0.831771,-1.619606,-1.943749,-0.754065,-1.046673,-1.757474,1,1,0,0
