mfcc0,mfcc1,mfcc2,mfcc3,mfcc4,onset,rms,lane0,lane1,lane2,lane3
-8.868864,-4.441371,0.192078,-2.522795,-0.080941,-1.609830,-2.805951,1,0,0,0
-0.319715,-0.127509,0.243249,0.025873,-0.494884,4.568320,-1.287721,0,0,0,0
-0.380487,-0.759128,0.307064,-1.092029,0.556195,-0.132868,-1.608216,0,0,1,0
-0.503089,-1.085337,-0.079598,-0.094263,-0.290320,0.842612,-1.370888,0,0,0,0
-1.188913,-0.665252,-0.572649,-0.088322,-0.963326,-0.655843,-1.958784,0,0,1,0
-0.905465,-0.800398,-0.792199,-0.234231,0.534756,-0.042273,-1.627264,0,0,0,0
-0.958170,-0.785374,-0.496360,-1.269282,-0.152144,-0.704471,-1.843307,1,0,0,0
-0.632767,0.642773,0.676087,-1.098447,0.176990,1.500026,-1.495677,0,0,0,0
-0.693116,0.384970,0.367720,-1.003650,-0.872187,0.010563,-1.726300,0,0,1,0
-1.494832,-1.144174,-2.071179,-1.715145,-0.463500,-0.014986,-2.072630,0,0,0,0
-1.600947,-1.533570,-1.864248,-1.386741,-0.081522,-0.607810,-2.118304,1,0,0,0
-1.247468,0.086002,-0.032477,-0.592169,0.288465,0.971303,-1.806426,0,0,0,0
-2.633476,0.506214,0.090517,0.251072,0.092230,-1.225090,-2.155024,1,0,0,0
-1.039274,0.830992,-0.211020,-1.351977,-0.236565,0.874653,-1.553919,0,0,0,0
-1.121833,0.903466,-0.170210,-1.597586,0.103600,-0.587269,-1.792586,0,0,1,0
-0.956368,1.009307,0.203126,-0.709947,1.026559,1.843350,-1.633697,0,0,0,0
-1.172435,0.789474,-0.182806,-0.770250,0.631813,-0.662102,-1.739630,0,0,0,0
-4.072135,-0.589232,-1.248313,-1.567193,0.552675,-1.374811,-2.551266,0,0,0,0
-4.865994,-1.235587,-1.904490,-0.619193,-0.739314,-0.497451,-2.695159,1,0,0,0
-1.261015,0.653109,-0.974495,-2.083709,-0.018956,2.717732,-1.698171,0,0,0,0
-1.273775,0.833542,-0.531651,-1.962294,-0.883839,-0.663624,-1.579854,0,0,1,0
-1.665115,-0.453545,-0.967001,-1.975065,-0.104578,0.421225,-1.860745,0,0,0,0
-1.811480,-1.018915,-0.678095,-1.387652,-0.130994,-0.113164,-2.052319,0,0,0,1
-1.908795,-2.090427,-1.017111,-1.469011,-0.516252,-0.040988,-1.985525,0,0,0,0
-1.904919,-1.820409,-1.265763,-0.953032,-0.073119,-0.554138,-2.114603,0,1,0,0
-1.091582,0.371256,-0.470646,-1.931840,-1.158479,3.339314,-1.667070,0,0,0,0
-1.469998,-0.626849,-1.283640,-2.010985,-0.500602,-0.495955,-2.035816,0,0,1,0
-1.609581,-0.195987,-1.343544,-1.573956,0.472828,1.018576,-1.953540,0,0,0,0
-1.977007,-1.221606,-1.672849,-1.951877,0.877991,-0.672783,-2.168848,1,0,0,0
-1.329042,0.090673,-0.749394,-2.163150,-0.365145,1.378269,-1.763333,0,0,0,0
-1.574880,-0.614048,-1.335978,-1.950215,-0.376124,-0.470931,-2.075927,0,1,0,0
-1.850419,-0.705111,-0.769114,-1.714615,0.641206,-0.031170,-1.825803,0,0,0,0
-1.925520,-1.031695,-1.468461,-1.185100,0.640467,-0.200883,-2.199565,0,0,0,1
-0.957129,1.642339,0.616263,-1.328560,0.448853,2.843176,-1.594244,0,0,0,0
-1.253197,1.299103,0.628371,-0.674932,0.796016,-0.756297,-1.772876,0,1,0,0
-1.272442,0.435573,-0.403765,-1.257630,0.937423,1.320329,-1.801421,0,0,0,0
-3.200175,4.355364,-0.511440,-1.154076,1.153357,-1.241004,-2.137809,0,1,0,0
-1.351135,0.317810,-0.297976,-1.248942,0.879964,1.553588,-1.722067,0,0,0,0
-1.544841,-0.019727,-1.016613,-1.894554,-0.183261,-0.779938,-1.968213,0,0,0,1
-0.944043,1.686253,0.311389,-0.988547,0.768790,1.411113,-1.413691,0,0,0,0
-1.170221,1.369416,0.311443,-1.201443,0.513774,-0.670384,-1.632502,0,1,0,0
-1.906013,-1.574839,-2.112307,-1.664037,0.667870,1.086420,-2.058772,0,0,0,0
-2.006478,-1.479005,-1.357172,-1.012885,0.397105,-0.464738,-2.131640,0,0,0,1
-1.435592,0.342714,0.375047,-0.634598,1.037926,1.930669,-1.806114,0,0,0,0
-3.767825,2.515000,0.643178,-0.541707,0.699314,-1.492069,-2.208989,0,0,0,1
-1.017280,1.693246,0.179500,-1.323374,-0.341788,2.208698,-1.529996,0,0,0,0
-1.349244,0.475304,-0.011481,-1.107723,0.319194,-0.482319,-1.842101,0,1,0,0
-1.215728,1.066240,0.106938,-0.886935,0.987863,1.335467,-1.742919,0,0,0,0
-1.101067,0.999050,-0.071738,-1.065686,0.181398,-0.285422,-1.734963,0,0,0,0
-5.660094,0.585930,-0.107039,-1.951424,1.358080,-1.552323,-2.702321,0,0,0,0
-6.337922,1.031132,0.349079,-1.500360,1.552264,-0.627213,-2.740869,0,0,0,1
-1.204344,0.248113,-0.652770,-1.765368,-0.893164,4.971040,-1.726370,0,0,0,0
-1.367967,0.079019,-0.706474,-1.137833,0.283650,-0.586843,-1.707570,0,1,0,0
-1.556467,-1.191982,-0.863399,-1.161886,-0.459809,1.311580,-1.855140,0,0,0,0
-1.863629,-1.870713,-1.634166,-1.838866,-0.406636,-0.475850,-2.009991,1,0,0,0
-2.005080,-2.378168,-1.282638,-1.120876,-0.256738,0.992366,-2.080294,0,0,0,0
-2.021517,-2.435625,-1.364387,-1.252513,-0.388719,-0.235497,-2.114975,0,0,1,0
-1.493861,-0.853148,-0.475434,-1.451432,-1.324650,0.256301,-1.853779,0,0,0,0
-1.405578,-0.731436,-0.869913,-1.910056,-0.861240,-0.393495,-1.936680,0,1,0,0
-1.547550,-1.533754,-0.475816,-1.230846,-0.802721,1.738578,-1.881230,0,0,0,0
-2.371592,-3.207120,-1.124850,-1.055514,-1.294316,-0.759713,-2.233109,0,0,1,0
-1.432448,-0.710607,-0.504687,-1.304003,-0.701161,1.216470,-1.888656,0,1,0,0
-1.447684,-0.030843,-0.694605,-1.312084,0.053845,-0.377133,-1.705106,1,0,0,0
-2.014907,-1.612515,-1.598287,-1.663611,-0.307675,0.407674,-2.223181,0,0,0,0
-2.020441,-1.410269,-1.320175,-1.297630,0.793545,-0.742540,-2.038012,1,0,0,0
-1.127417,1.474596,0.905685,-0.857529,0.240792,0.448063,-1.638822,0,0,0,0
-1.247028,1.407184,0.472632,-0.929718,1.338219,-0.624741,-1.722612,0,0,1,0
-1.302403,0.346059,-0.203128,-0.887429,0.906829,0.903277,-1.879589,0,0,0,0
-3.574912,3.497812,-0.015065,-0.355099,0.761430,-1.181784,-2.296522,0,0,1,0
-1.352845,0.195499,-0.477617,-1.502779,0.752471,3.655131,-1.664258,0,0,0,0
-1.654371,-0.262147,-0.773967,-1.520706,0.947704,-0.782827,-1.988650,1,0,0,0
-1.089021,1.341253,0.453886,-0.749151,0.969841,1.698741,-1.319493,0,0,0,0
-1.213510,1.096292,0.266426,-0.642520,0.884340,-0.423225,-1.759961,0,1,0,0
-1.892031,-1.329060,-1.658460,-2.084480,-0.254273,0.386938,-2.081943,0,0,0,0
-1.962862,-1.798070,-1.838130,-1.420865,0.233849,-0.483758,-2.200928,1,0,0,0
-1.301963,0.822082,0.275889,-0.742620,1.455537,2.663845,-1.667448,0,0,0,0
-3.767236,2.557361,1.043910,-0.331667,1.210737,-1.480300,-2.194444,1,0,0,0
-1.018871,1.376018,0.552887,-0.810356,0.123270,4.255508,-1.429936,0,0,0,0
-1.140838,1.538166,-0.169521,-1.502548,0.307944,-0.247287,-1.729123,0,0,1,0
-1.211430,0.696849,0.159375,-0.570362,1.562626,1.002829,-1.648916,0,0,0,0
-1.228534,0.894407,0.285392,-0.966010,0.492116,-0.443260,-1.747638,0,0,0,0
-5.537565,0.211282,0.766827,-1.152593,1.135235,-1.573360,-2.627761,0,0,0,0
-6.250655,1.302442,0.539079,-1.362467,1.839623,-0.735422,-2.731171,1,0,0,0
-1.391540,0.548591,-0.093659,-1.309536,0.350564,0.230720,-1.773013,0,0,0,0
-1.476172,0.298691,-1.172008,-1.873690,0.142747,-0.485672,-1.992475,0,0,1,0
-1.529628,-0.246281,-1.098500,-1.555782,0.392622,2.005732,-1.644206,0,0,0,0
-1.895269,-1.139085,-1.063635,-1.399573,-0.012579,-0.884176,-2.180212,0,0,0,1
-1.889287,-1.641414,-1.227644,-1.215944,-0.318448,1.613872,-2.000822,0,0,0,0
-2.159854,-2.213025,-1.068498,-0.690803,0.118866,-0.694236,-2.071653,0,1,0,0
-1.418341,-0.628865,-0.730138,-1.188657,-0.603857,1.297646,-2.003155,0,0,0,0
-1.622467,-0.803764,-0.843881,-1.387717,-0.320038,-0.397987,-1.917481,0,0,1,0
-1.478729,0.205062,-0.558315,-1.512318,0.213556,-0.091810,-1.742096,0,0,0,0
-1.930114,-0.970331,-1.163073,-1.332119,0.582157,-0.858281,-2.101281,1,0,0,0
-1.462457,-0.037856,-0.940286,-1.288178,0.379286,3.136770,-1.676320,0,0,0,0
-1.566730,-0.273086,-1.378421,-1.719877,-0.071404,-0.632613,-1.993472,0,1,0,0
-2.008762,-1.364755,-1.222218,-1.395164,0.015074,0.981681,-2.155226,0,0,0,0
-2.112778,-1.308982,-1.905271,-2.006658,0.267092,-0.509449,-2.292639,0,0,0,1
-1.096344,1.467308,1.114889,-0.437221,0.120199,2.663341,-1.506145,0,0,0,0
-1.225479,0.728592,-0.325944,-0.826042,1.612457,-0.803459,-1.778457,0,1,0,0
-1.249071,0.739559,-0.087545,-1.452484,0.493434,0.645648,-1.769203,0,0,0,0
-3.294405,4.030856,-0.268733,-0.983884,0.513335,-1.404897,-2.164795,0,1,0,0
-1.417290,-0.180658,-0.932461,-1.412903,0.721459,4.767920,-1.732750,0,0,0,0
-1.603534,-0.273937,-0.919752,-1.466547,0.657016,-0.520763,-1.914560,0,0,0,1
-0.998071,1.164914,0.198844,-1.031573,0.944186,2.352884,-1.493104,0,0,0,0
-1.100403,1.666364,0.715421,-0.892360,0.343784,-0.588568,-1.600793,0,1,0,0
-1.917795,-1.390965,-1.618091,-1.221912,0.970295,0.266844,-2.023209,0,0,0,0
-1.863186,-1.134518,-0.909745,-1.733000,0.142742,-0.353031,-2.059846,0,0,0,1
-1.485121,0.261141,-0.036937,-0.716810,1.517807,1.026945,-1.764807,0,0,0,0
-3.733510,2.203991,0.831128,-0.338635,1.366301,-1.440204,-2.200031,0,0,0,1
-1.123083,0.861105,0.251649,-0.460745,1.090349,0.251540,-1.505166,0,0,0,0
-1.090071,1.257400,-0.064459,-1.469509,0.489217,-0.457753,-1.697309,0,1,0,0
-1.251622,0.454410,-0.259233,-0.664559,1.171192,1.300398,-1.844193,0,0,0,0
-1.349360,0.513522,0.293555,-0.342045,0.485868,-0.650585,-1.836013,0,0,1,1
-3.499236,3.139681,-0.742256,-1.499697,0.355994,-1.250207,-1.134441,0,0,0,0
-5.338833,3.522121,0.589594,-1.723269,0.968610,-0.953296,-1.908091,1,0,0,0
-1.087131,0.281923,-0.165629,-1.062328,-0.604730,-0.507272,-0.738162,0,0,0,0
-1.460150,-0.571645,-0.687941,-1.440054,-0.719959,-0.584240,-1.535418,0,0,1,1
-1.429616,-0.772444,-0.867417,-1.085197,-0.099431,-0.877810,-1.168921,0,0,0,0
-1.876042,-1.758667,-0.840230,-0.975177,-0.298342,-0.805008,-1.799765,1,1,0,0
-1.151228,0.568756,1.175725,0.064336,0.595733,2.826338,-0.803692,0,0,0,0
-1.686426,-1.092407,0.344373,-0.300014,0.009611,-0.860794,-1.416345,0,0,0,0
-1.091926,0.307337,0.346773,-0.735741,-0.138532,2.310028,-1.398409,0,0,0,0
-1.493708,-0.357114,0.018189,-0.488952,0.122171,-0.299247,-1.656290,1,1,0,0
-0.893644,0.456064,0.018828,-0.701533,-0.277022,0.234052,-0.819923,0,0,0,0
-1.717584,-1.151532,1.375122,0.284446,0.080166,-0.955659,-1.336859,0,0,1,1
-0.844819,1.380843,1.113195,-0.539695,0.165080,0.005837,-0.477361,0,0,0,0
-1.306442,0.494516,0.457467,0.026557,1.598952,0.329048,-0.863982,0,1,0,0
-0.986368,1.832178,0.989037,-0.353779,1.652368,2.626426,-0.484148,0,0,0,0
-1.520723,0.708872,0.932595,0.564530,2.356288,-0.695838,-0.544637,1,0,1,1
0.275180,-0.699926,-0.181008,0.519253,1.049965,1.734184,0.894478,0,0,0,0
0.316801,-1.395754,-1.022592,0.553078,1.310103,-0.000950,-0.286225,0,1,0,0
0.201422,-1.408835,-1.324092,1.037909,-0.330367,-0.128571,-0.819390,0,0,0,0
-0.556618,-2.488941,-1.459245,2.242089,0.729940,-0.878453,-1.359026,0,1,0,0
0.212777,-0.121905,0.613052,0.707650,-0.131125,-0.618739,-0.624905,0,0,0,0
-0.006737,-0.174686,1.127278,0.663783,0.154661,-0.496241,-0.618345,0,0,1,0
0.030942,0.852692,0.220019,0.400229,-0.147430,1.440521,0.271735,0,0,0,0
-0.120694,0.584879,0.153618,0.406765,0.437471,-0.748098,-0.182917,1,1,0,0
0.018848,0.638789,-0.288776,0.274188,-0.144798,0.371500,-0.310765,0,0,0,0
-0.149586,0.834405,-0.716935,-0.038971,-0.356758,-0.470764,-0.919328,0,0,1,0
0.086764,1.224738,0.767637,0.258472,0.123993,0.996695,-0.150757,0,0,0,0
-0.584843,1.179244,-0.119705,0.735566,-0.372323,-0.692676,-0.944823,0,0,1,0
-0.236609,0.488245,-1.355831,-1.076730,-0.440649,0.540844,-1.430989,0,0,0,0
-0.304721,0.346771,-0.277443,-0.757545,0.213957,0.348979,-1.484545,0,1,0,0
-0.708086,0.197610,0.518821,0.451530,1.208798,0.097175,-0.428524,0,0,0,0
-1.222671,-0.130776,0.199260,0.266519,1.682608,-0.729186,-0.670277,0,0,1,1
-1.375060,-0.385858,-1.093419,0.356269,0.711784,0.153521,-0.656970,0,0,0,0
-2.204197,0.648746,-1.842758,0.202977,1.045827,-0.654895,-1.359309,0,1,0,0
-0.806472,-0.148476,-0.529583,0.650922,0.487662,2.753925,-1.397271,0,0,0,0
-0.919280,-0.278604,-0.787879,0.611275,0.439351,-0.184599,-1.539104,0,0,1,0
-0.665984,-0.156889,-1.034593,-0.085562,-0.154086,-0.154810,-1.660872,0,0,0,0
-1.084263,-0.082901,-1.506663,-1.450665,-0.308882,-0.704479,-1.953631,0,0,0,1
-0.192248,0.459001,-0.186259,-0.737954,-1.428131,1.047201,-1.253584,0,0,0,0
-0.286482,0.576084,-1.025058,-0.343820,-0.454376,-0.319418,-1.484483,1,0,0,0
-0.074835,0.640451,-0.442191,0.192744,0.655320,0.826314,-0.412760,0,0,0,0
-0.572677,0.412622,-0.392932,0.434272,0.858736,-0.564841,-1.001190,0,1,0,0
-0.088243,0.888156,-0.067975,-0.569231,0.060563,-0.574651,-1.196519,0,0,0,0
-0.432647,0.352001,-1.014831,-0.665379,-0.112350,-0.492855,-1.605139,0,0,0,1
-0.133014,0.221133,-1.063688,-1.511016,-1.412305,0.419533,-1.193355,0,0,0,0
-0.166546,-0.180189,-1.107107,-2.243896,-0.979424,-0.065166,-1.447465,0,0,1,0
-1.048886,-0.748214,0.033205,-0.969559,-1.227469,-0.889936,-1.674087,0,0,0,0
-1.203808,-0.753765,-0.960582,-1.121009,-0.547588,-0.538912,-2.003550,1,1,0,0
-0.048899,0.672904,0.928442,-0.487249,1.274956,1.753015,0.618072,0,0,0,0
-0.787424,0.396770,-0.735921,-0.229801,2.340094,-0.510452,0.144757,0,0,1,0
-0.440818,0.034057,-0.713808,0.574268,0.743217,1.797113,-0.876611,0,0,0,0
-1.325917,-0.160627,-0.529944,2.015183,1.331320,-0.458194,-1.147087,0,0,1,0
-0.141385,0.876191,0.287342,-0.499196,-0.680983,-0.351368,-0.588593,0,0,0,0
-0.604971,0.558302,0.028988,-0.830879,-0.335722,-0.543005,-0.802791,0,1,0,0
-0.468495,1.449814,0.463636,-0.071484,0.793666,0.638797,-0.717192,0,0,0,0
-0.583714,1.782309,0.028379,-0.580965,1.647275,-0.443434,-0.688575,0,0,1,1
-0.137964,1.681952,-0.023411,0.018290,-0.411200,-0.480901,-0.394497,0,0,0,0
-0.432646,0.926937,-1.009408,-0.111911,-0.581995,-0.724050,-1.001821,0,1,0,0
-0.072819,1.389759,0.617315,0.052564,0.874162,0.619810,-0.634737,0,0,0,0
-0.710503,1.176600,0.090214,0.761382,0.043587,-0.732391,-0.850214,0,1,0,0
-0.341713,0.505361,-1.212004,-1.060305,-0.479553,1.253634,-1.379111,0,0,0,0
-0.278548,0.247712,-0.828931,-0.781960,0.238538,0.586762,-1.422174,0,0,1,0
-0.700369,0.538785,0.336589,0.384700,1.505943,-0.176870,-0.275546,0,0,0,0
-1.306193,0.092437,0.517759,0.646226,2.083745,-0.885342,-0.535540,1,1,0,0
-0.940818,1.380563,-0.107305,-0.215310,-1.709521,-1.069826,-0.699378,0,0,0,0
-2.094892,0.138145,-2.299336,-0.334315,0.955328,-0.730722,-1.362160,1,0,0,0
-0.299184,1.008834,0.857171,0.770211,-0.551433,4.367358,-0.772862,0,0,0,0
-1.040168,-1.499529,-1.406337,0.607162,0.581151,-0.636723,-1.540373,0,0,1,1
-0.141737,-1.164064,1.818944,0.587212,1.551709,0.774743,-0.394979,0,0,0,0
-0.637875,-0.331371,-0.784303,-0.040803,-0.188201,-0.968378,-0.733548,0,0,0,1
-0.288704,-0.325908,-0.701754,-0.150091,-0.079759,3.870681,-1.198208,0,0,0,0
-0.378501,0.615915,-0.180168,0.016539,-0.146972,-0.515115,-1.305351,0,1,1,0
0.414377,1.333757,0.349486,-0.767811,-1.536344,-0.353453,0.434451,0,0,0,0
-0.079774,0.865669,0.231543,-0.063543,-0.593851,-0.262777,-0.409024,0,0,1,0
0.574359,1.243830,0.941894,-0.569306,-1.080627,0.079198,-0.086689,0,0,0,0
-0.240175,-0.041709,-1.169736,-0.896598,-1.176724,0.085910,-1.408194,1,0,0,0
0.185683,0.689240,-1.096022,-1.478931,-1.598988,0.900950,-0.730721,0,0,0,0
-0.164691,1.080210,-1.109333,-2.062187,-1.391249,-0.026142,-0.943981,0,0,0,0
-0.551634,0.764632,0.080284,-1.651760,-1.404020,0.902947,-1.325530,0,0,0,0
-1.062089,-0.779286,-0.493634,-0.945904,-0.740349,-0.441884,-1.824792,0,0,1,1
0.164559,0.436252,0.653519,0.576292,1.810437,-0.425679,1.000821,0,0,0,0
-0.232112,-0.704057,-1.466958,0.936198,1.114700,-0.553571,0.349055,0,1,0,0
-0.216015,-0.708176,-0.867394,1.468668,0.590042,0.839498,-0.789424,0,0,0,0
-0.878658,-1.044377,-1.042625,2.771553,0.743702,-0.745640,-1.007907,0,1,0,0
0.081379,-0.217182,0.136769,0.240299,-0.323424,-0.104938,-0.623504,0,0,0,0
-0.552775,-0.012218,0.616433,-0.797814,-0.136824,-0.713602,-1.286537,0,0,1,0
-0.449680,1.507782,0.357949,-0.219389,0.715951,0.860810,-0.336592,0,0,0,0
-0.496839,1.745614,-0.153239,-1.058269,0.716420,-0.614376,-0.504591,1,1,0,0
-0.195751,0.982670,0.133479,-0.324310,-0.692816,-0.107196,-0.308044,0,0,0,0
-0.113507,1.390752,-0.521592,-0.405136,-0.891174,-0.251637,-0.629798,0,0,1,0
0.074299,1.551103,1.022598,0.722797,0.678046,0.023422,-0.300922,0,0,0,0
-0.682084,1.262847,0.467380,0.645285,-0.180268,-0.833555,-0.707040,0,0,1,0
-0.261796,0.667382,-1.167462,-1.079082,-0.107058,1.382626,-1.095612,0,0,0,0
-0.346344,0.223465,-1.030852,-1.344180,-0.221371,-0.055132,-1.504961,0,1,0,0
-0.793974,0.052040,0.771665,0.318758,0.872592,0.808047,-0.482413,0,0,0,0
-1.161379,0.029054,0.390968,0.439214,1.337693,-0.802510,-0.712105,0,0,1,1
-1.373004,-0.466591,-1.328824,0.446967,1.029094,-1.196911,-0.734792,0,0,0,0
-2.021554,-0.005325,-2.391642,-0.546900,0.538868,-0.497773,-1.367570,0,1,0,0
-0.951686,-0.785555,-1.350560,0.092829,0.448808,0.718941,-1.872706,0,0,0,0
-1.105269,-0.832612,-1.968306,-0.065288,-0.164501,-0.370805,-2.011518,0,0,1,0
-0.498746,-0.272906,-1.452452,-0.104779,0.074523,-0.093683,-1.695843,0,0,0,0
-0.961522,0.418759,-0.856456,-0.582926,0.322275,-0.528872,-1.622672,0,0,0,1
-0.440613,-0.067933,-0.146999,0.727129,-0.147326,1.605057,-1.308814,0,0,0,0
-0.225360,0.951961,-0.472640,-0.061991,-0.495046,-0.529587,-1.284185,1,0,0,0
-0.149353,0.518124,0.396837,1.466818,0.576243,-0.202567,-0.422711,0,0,0,0
-0.334186,0.358852,-0.199193,0.591877,0.684313,-0.704067,-0.859464,0,1,0,0
-0.198286,-0.031920,-0.499557,-0.316010,-0.489694,-0.717425,-1.420887,0,0,0,0
-0.384181,-0.143080,-0.839478,-0.416663,-0.689371,-0.196853,-1.492798,0,0,0,1
-0.060595,-0.069854,-1.633682,-0.900611,-0.369402,0.053787,-1.429875,0,0,0,0
-0.298964,-0.119258,-1.601941,-1.601437,-1.625048,-0.504326,-1.545451,0,0,1,0
-0.947565,-1.202074,-1.700411,-1.285771,-0.351130,-0.096626,-1.930643,0,0,0,0
-1.178199,-1.250987,-1.630901,-1.293737,-0.972493,-0.416009,-1.905305,1,1,0,0
-0.027911,0.600421,1.013079,-0.085925,1.217059,-0.165036,0.848869,0,0,0,0
-0.320681,0.611645,-0.912648,-0.180553,2.005121,-0.758969,0.323672,0,0,1,0
-0.308423,-0.289522,-1.021321,0.335847,0.862325,0.530698,-0.899809,0,0,0,0
-1.142236,-1.115629,-0.928769,2.021030,2.071275,-0.861361,-1.065032,0,0,1,0
-0.124718,0.290040,0.110297,-0.462724,-0.455096,-0.862718,-1.054063,0,0,0,0
-0.348047,0.105045,-0.971115,-1.228062,-0.389008,-0.643230,-1.311398,0,1,0,0
-0.128212,1.456706,0.603271,-0.335100,0.479543,2.060405,-0.376384,0,0,0,0
-0.478825,1.243902,0.220430,-0.341202,0.575716,-0.608847,-0.780691,0,0,1,1
0.020181,0.931143,-0.014820,-0.125955,-0.866926,0.027947,-0.216025,0,0,0,0
-0.242412,0.403537,-1.874675,-0.727066,-0.993907,-0.362010,-0.692610,0,1,0,0
0.108269,1.120169,0.127423,0.215937,0.400681,0.651835,-0.370418,0,0,0,0
-0.444424,0.630307,-0.686707,0.985913,0.358286,-1.064629,-0.817601,0,1,0,0
-0.163640,0.375320,-1.384322,-0.942909,-1.046857,0.482603,-1.382689,0,0,0,0
-0.144303,0.050674,-1.722316,-1.330912,-0.471339,-0.038814,-1.261608,0,0,1,0
-0.077587,0.282195,-0.491905,0.014059,0.511347,0.333675,-0.271374,0,0,0,0
-0.283347,0.795443,-0.211311,-0.356800,0.973556,-0.596512,-0.488897,0,0,0,0
-4.518290,0.977546,0.326129,-1.297968,1.649042,-1.514878,-2.389338,0,0,0,0
-5.748741,1.301469,-0.582188,-0.958089,1.353309,-0.820910,-2.708372,0,1,0,0
-0.369002,-0.219087,0.105977,-2.274106,-1.761709,2.282220,-1.512339,0,0,0,0
-1.010703,-1.873674,-0.883722,-1.839377,-1.134900,-0.691174,-1.509570,0,0,1,0
-0.332624,0.132039,-0.452590,-2.713958,-2.469781,1.625912,-1.362652,0,0,0,0
-1.131147,-2.183170,-1.086590,-2.376687,-2.190610,-0.747470,-1.684093,0,0,0,1
-0.375447,-0.738423,-1.073588,-3.069703,-2.752085,3.405178,-1.537855,0,0,0,0
-1.150556,-2.074045,-1.449702,-2.732771,-3.041492,-0.373618,-1.466824,1,0,0,0
-0.513605,-0.967173,-1.769605,-3.204334,-2.872554,2.640638,-1.729907,0,0,0,0
-1.011433,-1.676640,-0.479347,-1.915131,-1.321676,-0.852958,-1.704415,0,1,0,0
-0.238339,-0.863676,-1.720735,-3.963052,-3.742027,2.220967,-1.405431,0,0,0,0
-1.220793,-3.000681,-1.399894,-2.162815,-1.215058,-0.870203,-1.671618,0,0,1,0
-0.313887,-0.283484,-0.461694,-2.652956,-2.482992,1.212473,-1.533419,0,1,0,0
-0.385030,0.126907,-0.715327,-2.364220,-1.685515,0.861716,-1.574987,1,0,0,0
-0.318540,0.644474,0.260268,-1.718725,-1.046336,2.064682,-1.402758,0,0,0,0
-0.950209,-0.180073,-0.002959,-1.095722,-0.099591,-0.748208,-1.626975,1,1,0,1
0.870654,0.455931,1.630809,0.767823,0.774960,2.884399,1.549254,0,0,0,0
0.776554,-0.619818,0.050785,0.675613,0.627607,-0.209492,0.919086,0,0,1,0
0.542334,-1.139967,-0.628073,0.296441,-1.203563,0.747292,-0.846124,0,0,0,0
-0.889181,-3.328301,-2.203855,0.875280,-1.490231,-0.987985,-1.789620,1,0,1,1
0.906120,0.809416,1.341190,0.275076,-0.291394,-0.026452,1.269012,0,0,0,0
0.316938,-0.025488,1.809059,0.665695,0.628342,-0.191926,1.248025,0,1,0,0
0.314769,0.707447,0.887831,0.587050,0.228087,-0.392266,0.147281,0,0,0,0
-0.016092,-0.204264,0.400200,0.572808,0.855155,-0.464950,-0.140779,0,0,1,1
0.682467,0.795352,0.032845,-0.811664,-1.204862,1.202162,0.182050,0,0,0,0
0.108335,0.633635,1.060675,0.449241,-0.454562,-0.642480,-0.258272,0,1,0,0
0.338532,1.416263,0.345830,-0.537131,-0.486997,1.014705,0.071979,0,0,0,0
-1.201976,1.730157,0.711134,2.592555,-0.000259,-1.202427,-0.467842,1,1,0,1
0.614853,0.591623,-0.077603,-0.167724,-0.626080,-0.361036,0.137767,0,0,0,0
-0.041362,-0.267968,0.063058,0.062166,0.295043,-0.420258,-0.593123,0,0,1,0
0.300197,0.685490,1.189983,0.645627,-0.152891,0.100858,0.159512,0,0,0,0
0.176260,0.941600,1.384149,0.338687,0.207833,-0.474974,0.011754,1,0,0,1
-0.876780,0.811783,1.056102,1.566741,0.039419,-0.475784,-0.116072,0,0,0,0
-1.630073,2.119221,-1.739128,1.871390,-1.503805,-0.200266,-1.050644,0,1,0,0
0.304887,0.547492,0.296604,0.648192,0.751679,2.448005,0.313190,0,0,0,0
-0.236490,-0.044107,0.674833,1.003865,0.879089,-0.774545,-0.066587,1,0,1,1
0.830969,1.007669,0.586438,0.329766,-0.104119,0.606597,0.719264,0,0,0,0
0.144842,0.675176,1.127406,0.680623,1.140063,-0.506494,0.421193,0,1,0,0
0.390932,0.165529,-0.719565,-2.038517,-1.754468,1.058879,-0.918021,0,0,0,0
-0.300160,-1.314262,-1.949636,-2.525652,-1.357071,-0.270100,-1.387242,0,0,1,1
0.356464,0.193266,1.500791,0.454934,-0.443410,3.388407,0.224948,0,0,0,0
-0.200797,-0.731651,0.149028,-0.001652,0.278547,-0.635735,-0.609391,0,0,1,0
0.069395,0.792025,0.567250,-0.630243,-0.759624,2.228120,-0.898715,0,0,0,0
-0.230207,0.378736,0.035479,-1.059419,-0.755587,-0.245689,-1.320512,1,1,0,1
0.771786,0.495000,0.688185,-0.153705,-0.136857,0.400801,0.999870,0,0,0,0
0.217630,-0.207308,1.290300,0.042492,0.846369,-0.712060,0.061951,1,0,0,0
-0.043086,0.427747,0.406581,-1.373147,-1.353469,-0.167708,-1.086372,0,0,0,0
-0.448608,-0.207910,0.273945,-0.701654,-0.832609,-0.430770,-1.080173,0,0,1,1
0.549901,0.823433,2.000508,0.180815,-0.048948,-0.546861,1.086650,0,0,0,0
0.233624,0.773807,0.102852,0.205835,0.325752,-0.432671,0.627764,0,1,0,0
0.296660,0.593691,-0.705304,-1.118177,-0.438370,0.481593,-1.032743,0,0,0,0
-2.131109,-2.100481,-1.190593,-0.124929,-1.692216,-1.252870,-2.256464,1,1,0,1
0.819505,1.822189,0.969896,-0.416883,0.098777,0.836426,1.340337,0,0,0,0
0.212606,1.319136,0.330248,-0.843467,0.536873,-0.249015,0.938238,0,0,1,0
-0.050600,1.077583,0.784676,-0.448101,0.391268,-0.028433,-0.239497,0,0,0,0
-0.450433,0.256173,1.158475,0.096509,1.204778,-0.945147,-0.265728,1,1,0,0
0.335552,1.071352,0.446432,-0.739968,-1.274899,-0.834351,0.030410,0,0,0,0
-0.017195,0.299936,0.406636,-0.581846,-0.519952,-0.452021,-0.551112,0,0,1,0
0.456200,2.042949,1.117305,-0.616523,-0.003174,1.776775,0.178591,0,0,0,0
-1.793338,1.287718,0.549578,2.878553,-0.426095,-1.324257,-0.521611,1,0,1,1
0.654547,0.368951,0.133961,-0.451303,-0.977901,0.888568,0.211201,0,0,0,0
-0.240419,-0.448976,-0.136950,0.175636,1.305487,-0.986070,-0.615251,0,1,0,0
0.623884,1.438975,1.021904,0.087992,-0.126939,0.819091,0.603908,0,0,0,0
0.241393,0.986829,0.836293,0.670231,0.446884,-0.442252,0.539258,0,0,1,1
-0.800832,2.483308,0.469239,1.020277,-1.986484,-0.869371,-0.302045,0,0,0,0
-1.562572,1.632972,-0.554539,2.179390,-1.581625,-0.215814,-1.038779,0,0,0,1
0.779928,1.812841,1.425325,0.117572,-0.851288,4.558595,1.028832,0,0,0,0
-0.255846,-0.367191,0.296014,0.129710,-0.166973,-0.678519,0.367577,1,1,1,0
0.919726,-0.220884,1.582523,0.259831,0.563389,1.575459,1.437053,0,0,0,0
0.402449,-0.058311,1.216518,0.993238,-0.681972,0.203731,0.166578,1,0,0,0
0.708244,0.938844,0.578500,-0.293471,0.846342,2.110309,0.919603,0,0,0,0
0.043499,0.643570,1.142050,0.423325,0.931179,-1.074627,0.550303,0,1,1,0
0.848800,0.952157,0.550304,-1.650571,-1.995889,-0.312871,1.338499,0,0,0,0
0.061241,-0.410267,1.093058,0.515663,0.113748,-0.502690,-0.090382,0,0,1,0
1.020985,1.811591,1.664118,-0.270839,-0.113630,2.019321,1.016602,0,0,0,0
0.058978,0.422073,1.725034,-0.122301,0.820541,-0.627753,0.268884,1,1,0,1
0.958246,1.387800,1.362479,-0.211213,-0.708703,1.894774,1.268623,0,0,0,0
0.504663,2.058670,1.185324,-0.603954,-0.854684,0.064021,0.087590,0,0,0,0
0.249896,1.521205,1.388527,-0.217869,-0.253776,0.518801,-0.215995,0,0,0,0
-0.275231,0.242759,1.375714,0.193031,0.073836,-0.353584,-0.833536,1,0,1,1
0.713017,0.392509,1.324539,0.585075,0.573948,0.316612,1.094898,0,0,0,0
0.399951,0.321514,-0.017491,1.114886,0.099721,-0.269061,1.185212,0,1,0,0
0.187272,-0.936322,-1.280504,-0.961842,-2.061027,-0.401734,-1.261494,0,0,0,0
-1.528636,-2.939112,-2.635064,0.555149,-2.324945,-1.173338,-2.008060,1,1,0,1
0.972443,1.302463,1.196701,-0.254483,-0.019499,3.001690,1.525760,0,0,0,0
0.300300,0.932459,1.797032,-0.132556,1.035591,-0.637807,0.898255,0,0,1,0
0.054239,1.251297,0.686133,-1.148688,-0.104594,0.383917,-0.458538,0,0,0,0
-0.446397,0.359471,1.279892,0.318814,1.571954,-0.583319,-0.661721,1,1,0,0
0.411605,0.784474,0.999456,-0.677063,-1.422719,0.556332,0.196307,0,0,0,0
0.105915,0.695868,0.188321,-0.925309,-1.531525,-0.554508,-0.353917,0,0,1,0
0.031228,1.691828,1.634658,0.110001,-0.838434,0.518848,0.569229,0,0,0,0
-1.502295,1.935164,0.417038,2.210095,-1.003763,-1.239341,-0.058119,1,0,1,1
0.851771,0.608502,0.318165,-0.315882,-1.215875,3.240777,0.413970,0,0,0,0
-0.301762,-0.460885,-0.350568,0.041684,1.132104,-0.797606,-0.758069,0,1,0,0
0.508548,1.138434,0.710249,0.492634,-0.026543,1.925692,0.020140,0,0,0,0
0.183384,0.754868,0.961753,0.487145,1.133468,-0.402894,-0.181593,1,0,0,1
-1.240177,0.741855,0.397480,2.366591,0.719916,-1.178636,-0.460152,0,0,0,0
-1.514325,1.821791,-0.270334,1.807433,-1.824515,-0.206329,-1.015749,0,0,1,0
0.196394,0.410818,0.621339,0.203929,-0.100613,0.221747,0.416355,0,0,0,0
-0.318989,-0.010467,1.018779,0.658172,0.619598,-0.900939,0.102652,1,1,0,1
0.954420,0.552171,0.893503,0.424405,0.601573,3.147742,0.701617,0,0,0,0
0.457010,0.315200,0.644125,0.804786,1.140167,-0.272685,0.228303,0,0,1,0
0.220422,-0.634879,-0.567059,-1.257078,-0.314279,1.000732,-1.119957,0,0,0,0
-0.097579,-1.125962,-0.354643,-0.712783,-1.006116,-0.196908,-1.202005,1,1,0,0
0.430879,-0.261417,0.092268,0.463788,-0.172916,0.320419,0.276285,0,0,0,0
0.063261,-0.625087,-0.010747,0.597216,0.219020,-0.522273,-0.514479,1,0,0,0
0.252550,0.536527,0.468052,-0.155266,-0.939638,0.183778,-0.781233,0,0,0,0
-0.136384,-0.201304,-0.776630,-0.930319,-0.348266,-0.923605,-1.341282,0,1,1,1
0.633395,0.873795,0.722011,0.611939,-0.001345,-0.822448,0.856261,0,0,0,0
-0.019000,0.208603,0.145416,0.438158,0.717179,-0.734095,-0.298920,0,0,1,0
-0.101859,-0.161622,-0.876369,-1.015765,-0.034777,1.005367,-1.372117,0,0,0,0
-0.431833,-0.631077,-0.889265,-1.137187,-0.145322,-0.633667,-1.606187,1,1,0,0
0.514506,0.379147,2.142353,0.909644,0.971262,1.227020,0.940887,0,0,0,0
0.340614,0.582801,-0.150641,-0.324041,0.971278,-0.456284,1.009529,0,0,1,0
0.075451,-0.254033,-1.111142,-0.874984,-0.036561,0.219737,-1.356820,0,0,0,0
-1.948130,-2.038713,-2.292688,-0.308231,-1.781793,-1.329118,-2.114106,1,0,1,1
0.753439,1.598884,0.882702,-0.378612,0.078037,-0.801384,1.149580,0,0,0,0
0.163508,1.165549,0.465350,-0.202813,0.469566,-0.844363,0.582160,0,1,0,0
0.006439,0.937156,0.848732,-0.552064,-0.329904,1.699622,-0.362907,0,0,0,0
-0.422020,0.550764,1.032255,-0.304992,0.817083,-0.321097,-0.625393,0,0,1,1
0.630438,1.015153,0.613721,-0.967637,-1.488771,0.985289,0.232221,0,0,0,0
0.204577,0.868947,0.738676,-0.684690,-1.321350,-0.428081,-0.223027,0,1,0,0
0.237407,1.769179,1.607294,-0.725075,-0.653283,1.392042,0.362467,0,0,0,0
-1.412621,1.951339,1.039965,1.391110,-0.595764,-1.104958,-0.204139,1,1,0,1
0.406800,-0.003325,-0.092580,-0.063392,-0.219097,-0.301426,0.105734,0,0,0,0
-0.189764,-0.205283,0.083283,0.583848,0.693854,-0.401691,-0.581893,0,0,1,0
0.452051,0.637365,0.224696,0.642907,0.563429,2.961658,0.598079,0,0,0,0
0.059664,0.485049,1.071532,0.592907,1.212373,-0.746058,0.542291,1,1,0,0
-0.840103,1.429015,0.511296,1.927604,0.253489,-0.509651,0.196114,0,0,0,1
-1.647753,2.024725,-1.369769,2.477157,-1.625581,-1.111475,-0.224744,0,1,0,0
0.468224,0.601886,0.858901,0.191697,-0.626054,1.274461,0.406753,0,0,1,0
0.092468,0.386966,1.219500,0.702653,1.075943,0.474420,0.398845,1,1,0,0
0.899636,1.202704,1.164330,0.102284,-0.159038,-0.267124,1.579329,0,0,1,0
0.522978,0.934123,0.694117,0.332885,0.579069,0.194969,1.147068,1,0,0,0
0.719859,0.451023,0.450717,-0.332383,0.532823,2.157634,0.774216,0,1,0,0
0.458587,0.567080,1.631529,-0.038649,0.221248,0.200003,0.567788,0,0,1,1
0.413694,0.069348,0.780563,0.537587,0.196867,0.695349,0.486780,1,0,0,0
0.029019,0.389344,0.917786,0.012726,0.186199,-0.406091,0.722901,0,0,1,0
0.772648,0.685173,1.639572,-0.499549,0.588783,0.736269,1.201434,0,1,0,0
0.471877,0.577996,0.823761,-0.406081,0.949969,0.017346,0.905272,0,0,1,1
1.227888,1.005578,-1.339909,-1.376396,-0.638768,-0.035372,0.704497,0,0,0,0
0.561037,1.446183,0.569641,-0.754452,-0.700788,-0.040569,0.162331,0,0,0,0
0.115333,1.363149,0.873931,-1.108971,-0.773694,-0.172319,-0.621247,0,0,0,0
-0.401976,0.170212,0.823261,-0.019270,0.176834,-0.400392,-0.814470,1,0,1,1
1.099573,-0.017583,1.049367,0.640587,0.475550,2.793558,0.999592,0,1,0,0
0.868433,-0.858266,-0.128005,0.876064,1.309005,-0.318950,0.961351,0,0,1,0
0.684170,-1.031482,-0.964731,-0.407107,-1.345486,0.742118,-0.854863,0,0,0,1
-0.458723,-2.841825,-2.796490,0.001474,-2.329813,-0.690792,-1.605183,1,1,0,0
1.174094,0.833829,0.270226,-0.499181,-0.160763,0.247931,1.512258,0,0,1,0
0.884476,0.608379,0.596377,-0.013442,-0.431289,-0.547549,1.109095,0,0,0,1
0.317082,0.146704,0.050810,-0.673259,-0.132742,0.021273,-0.461162,1,0,0,0
0.204270,-0.495752,0.079217,-0.377663,-0.111745,-0.265497,-0.627096,0,1,0,0
0.750764,0.752549,-0.128111,-0.714246,-1.039092,2.165337,0.329672,0,0,1,0
0.228798,0.207776,-0.255696,-0.367517,-0.900576,-0.442946,-0.559490,0,0,0,1
0.457991,1.400818,1.101039,-0.216666,0.372395,1.778853,0.637514,0,1,0,0
-0.958126,1.280829,0.451583,1.980614,0.974416,-0.962782,0.058243,0,0,1,1
1.070014,0.538520,-0.028190,-0.437822,-0.324111,0.042265,0.666484,0,0,0,0
0.444520,-0.382071,0.084035,0.541924,0.119326,-0.452287,-0.297026,0,1,0,0
0.359536,0.633349,0.263800,0.643009,0.249043,0.658658,0.326751,0,0,0,0
0.183252,0.473835,0.626903,0.506250,0.471153,-0.090090,0.404230,0,0,0,1
-0.681701,0.782336,0.361206,1.668794,0.382907,-0.175453,-0.150365,0,0,1,0
-1.539623,1.590846,-1.265145,2.746521,-0.750991,-0.297345,-1.021439,0,1,0,0
0.456390,1.164307,0.410989,-0.064016,-0.292160,2.645005,-0.019640,1,0,0,0
-0.237300,0.252220,0.549669,0.295951,0.481121,-0.397830,-0.479657,0,0,1,1
1.171648,0.918681,0.511733,-0.228324,-0.950959,0.457310,1.121342,0,1,0,0
0.596849,0.332609,0.814372,0.710174,-0.660433,-0.360755,0.049707,1,0,0,0
0.465688,0.431405,-1.255421,-2.258320,-2.238175,0.846153,-0.723763,0,0,0,1
-0.197816,-1.309406,-2.469197,-2.866487,-1.870375,-0.078413,-1.237457,0,0,1,0
0.432311,0.617654,0.211268,-0.059956,0.056651,-0.751805,0.700341,0,1,0,0
-0.080610,-0.626568,0.345434,0.196602,0.203656,-0.035422,-0.245626,1,0,0,0
0.179607,0.553050,-0.636596,-1.195852,-0.268876,1.772321,-0.973228,0,0,1,0
-0.128922,0.252137,0.109184,-0.828286,-0.891328,-0.389870,-1.214522,1,1,0,0
1.209329,0.871514,0.891707,-0.492638,-0.455639,1.519860,1.067656,0,0,0,0
0.680545,-0.269224,1.096882,0.131079,-0.047463,-0.273714,-0.074077,0,0,1,0
0.145416,0.621771,0.770531,-0.852034,-1.670391,0.209712,-0.724995,0,0,0,0
-0.413064,-0.615389,-0.352194,-0.358706,0.055684,-0.428832,-1.141573,1,0,0,0
0.491480,0.712610,1.696952,0.247305,0.894706,0.125638,1.158081,0,1,0,0
0.364966,1.095324,0.078215,0.478170,0.710908,-0.392223,0.827301,0,0,1,0
0.418711,0.548560,-1.212307,-1.760481,-0.970210,1.127890,-0.922656,0,0,0,1
-1.877051,-2.081990,-1.527447,-0.812178,-1.666428,-1.210653,-2.083884,1,1,0,0
1.044325,1.193054,0.314927,-0.408426,-0.236771,1.266473,1.313478,0,0,1,0
0.650706,0.374703,0.028097,-0.641209,-0.200051,-0.833080,1.049855,0,0,0,1
0.044521,0.776327,-0.297794,-1.057476,-0.091849,0.380433,-0.276791,1,0,0,0
-0.278760,0.260627,0.614441,-0.306115,0.330344,-0.159550,-0.353873,0,1,0,0
0.471843,0.647550,0.332515,-1.142974,-1.265753,-0.469817,0.095925,0,0,1,0
0.203654,0.700543,0.300731,-0.588959,-0.291233,-0.406596,-0.440343,0,0,0,1
0.460764,1.377897,0.823254,-0.136824,0.719686,2.514017,0.225188,0,1,0,0
-1.301148,1.186761,1.162320,1.617122,0.149657,-0.893389,-0.415203,0,0,1,1
1.107924,0.475028,-0.271852,-0.617358,-0.100702,1.688874,0.875524,0,0,0,0
0.232682,-0.555299,0.247746,0.545210,-0.294672,-0.568822,-0.590347,0,1,0,0
0.332987,0.508961,0.306242,1.303140,0.063773,1.215787,0.388659,0,0,0,0
0.318525,0.880736,1.082373,1.152013,0.426262,-0.020989,0.512196,1,0,0,1
-0.724560,2.265323,0.645552,1.078363,-1.137162,-0.956629,-0.246763,0,0,0,0
-1.575238,2.150124,-1.999242,2.376062,-0.979116,0.217740,-1.027640,0,0,0,1
0.845061,1.895421,1.523534,-0.007529,-0.647970,5.546654,0.992607,0,0,0,0
-0.053444,-0.150679,-0.041308,-0.457977,-0.228927,-0.569315,0.347237,1,0,1,0
1.237668,0.058996,1.291065,-0.573905,0.050644,3.376839,1.515590,0,0,0,0
0.537235,-1.037105,0.689375,0.716113,-0.339575,-0.504795,0.092407,1,0,0,0
0.647043,0.239546,0.233593,-0.549155,0.905174,2.446583,0.810492,0,0,0,0
0.211039,0.653215,1.248432,-0.169537,0.391010,-0.550702,0.510048,0,1,0,1
0.878714,1.234596,1.347687,-0.894650,-1.865216,-0.144939,1.447335,0,0,0,0
0.046934,-0.485425,0.738424,0.749251,0.527049,0.205102,0.027208,0,0,0,1
0.685219,1.638569,2.054101,-0.616498,-0.409539,1.463811,1.163662,0,0,0,0
0.250226,0.675373,1.855498,-0.117930,0.333464,-0.013295,0.287223,0,1,1,0
1.178548,1.205231,1.447562,0.014704,-0.317813,2.398775,1.593748,0,0,0,0
0.810690,1.131371,1.013585,-0.344242,-1.302912,-0.081594,0.361487,0,0,0,0
0.429555,1.892750,1.041920,-0.298353,-0.166517,-0.126936,0.403347,0,0,0,0
-0.152922,0.476577,1.171224,0.528044,0.046933,-0.208798,-0.226037,1,1,0,1
0.735281,0.770398,1.455475,0.415093,0.843831,0.099276,1.706705,0,0,1,0
0.446897,0.081289,-0.254958,0.515712,0.517789,-0.138652,1.092904,0,1,0,0
0.268383,-0.955223,-1.455196,-0.394042,-0.720459,0.521834,-1.142595,1,0,0,0
-1.211051,-2.650490,-2.604149,0.168292,-2.462225,-1.174728,-1.877301,0,0,1,1
1.215355,1.385727,0.788818,-0.223540,-0.078145,3.944480,1.623205,0,1,0,0
0.489821,0.775623,-0.010175,0.019807,-0.360414,-0.722949,1.100649,1,0,0,0
0.194637,1.267346,0.358550,-0.648984,0.856665,0.141773,-0.105418,0,0,0,1
-0.412495,0.448619,1.619962,-0.309185,1.218306,-0.738962,0.000162,0,0,1,0
0.544071,1.032959,0.850913,-0.507608,-1.079209,0.402066,0.261734,0,1,0,0
0.376845,1.188756,0.392589,-0.725547,-0.384542,-0.061191,0.146838,1,0,0,0
0.213194,1.750379,1.571137,-0.021766,-0.007979,0.289626,0.315824,0,0,1,0
-1.278845,1.581234,0.492639,1.415842,0.389280,-1.121436,-0.538418,1,1,0,0
0.984994,0.283980,-0.160695,-0.559739,-0.327286,3.470893,0.909457,0,0,0,0
0.218989,-0.602492,-0.031706,-0.189700,-0.395517,-0.487177,-0.634648,0,0,1,0
0.572881,0.847043,1.072491,1.325145,0.097444,1.786216,0.467388,0,0,0,0
0.115127,0.797798,0.959703,0.529967,0.689473,-0.520796,0.136974,1,0,0,0
-1.053255,0.626608,0.972710,1.705656,0.493951,-0.983767,-0.301942,0,1,0,0
-1.482599,2.346114,-1.595711,2.028242,-0.926293,0.055131,-1.011441,0,0,1,0
0.171817,0.769574,1.017712,1.115152,0.645663,0.795257,0.094292,0,0,0,1
-0.096037,-0.006218,0.640329,0.625606,0.873755,-0.200420,-0.371465,1,1,0,0
1.173862,0.760251,0.574822,0.100682,-0.176375,-0.350014,0.927729,0,0,1,0
0.665701,-0.060601,-0.130784,0.163674,-0.022800,-0.824297,-0.098211,0,0,0,1
0.361694,-0.051312,-0.506618,-1.085669,-1.602244,0.559057,-0.972974,1,0,0,0
-0.305124,-1.909605,-1.217556,-0.635006,-0.862866,-0.336596,-1.276952,0,1,0,0
0.692991,0.583111,-0.205515,-0.209819,-1.282796,1.155830,0.737575,0,0,1,0
0.263676,-0.534723,-0.811489,0.308623,0.585534,-0.267325,0.033700,0,0,0,1
0.270958,0.274525,-0.745249,-0.488549,-0.292089,1.068679,-0.803318,0,1,0,0
-0.235052,-0.555553,-0.446009,-0.746278,-0.235975,-0.435771,-1.123585,0,0,1,1
0.992540,0.316196,-0.377645,-0.268909,0.120789,-0.401295,0.941276,0,0,0,0
0.390722,-0.643102,-0.247949,0.060314,-0.706590,-0.818361,-0.495528,0,1,0,0
0.323122,0.394419,-0.484730,-1.110320,-1.284554,0.949596,-1.157508,0,0,0,0
-0.470840,-0.763508,-0.216738,-0.326964,-0.193205,-0.315254,-1.621235,0,0,0,1
0.676749,0.742449,1.476598,-0.524464,-0.599345,1.821017,0.987883,0,0,1,0
0.402756,1.228672,0.468262,-0.000229,-0.077094,-0.077776,1.129337,0,1,0,0
0.222460,0.197659,-0.507590,-1.066128,-1.216848,0.512722,-1.136418,1,0,0,0
-1.684708,-2.221283,-1.575974,-0.744067,-2.162674,-1.040630,-1.980594,0,0,1,1
1.020055,1.499763,0.875807,-0.372048,-0.443099,-0.428180,1.182242,0,1,0,0
0.564797,0.495814,0.206421,0.336518,-0.064065,-0.894388,0.641545,1,0,0,0
0.260859,1.259238,-0.048007,-1.359329,-0.516118,0.765244,-0.356412,0,0,0,1
-0.335543,0.448118,1.153736,-0.507890,0.165372,-0.221927,-0.599795,0,0,1,0
0.605342,0.835605,0.598525,-0.701190,-1.616725,1.171580,0.191695,0,1,0,0
0.161503,0.986369,0.045450,-1.367377,-1.029184,-0.525928,-0.345130,1,0,0,0
0.184878,1.494690,0.293038,-0.597708,-0.128718,1.047308,0.326354,0,0,0,1
-1.215276,0.886101,0.219758,0.999694,1.223356,-0.843486,-0.147052,1,0,1,0
0.969185,0.592405,0.224446,-0.461525,-0.139123,-0.439134,0.493447,0,0,0,0
0.190623,-0.948177,0.326451,0.894799,-0.187717,-0.760200,-0.613946,0,1,0,0
0.574077,1.079064,1.086429,0.918638,-0.507056,2.187028,0.557851,0,0,0,0
0.026316,0.296218,0.346697,0.983904,-0.186448,-0.635008,0.314708,0,0,1,1
-0.669951,1.755895,0.790018,0.560075,-0.130106,-0.529654,0.280401,1,0,0,0
-1.476929,2.747606,-1.120763,2.227273,-1.220968,-0.863181,-0.202437,0,0,1,0
0.518164,0.642877,0.520791,-0.181865,0.215365,0.791274,0.392707,1,0,0,0
0.258823,0.481160,1.018696,0.427676,0.692990,0.620079,0.477949,0,0,1,1
1.218961,0.957673,0.375733,-0.276335,-0.613557,-0.098666,1.532241,0,1,0,0
0.885481,0.550452,0.551131,0.336054,-0.356332,-0.107798,0.959459,0,0,0,1
0.614461,0.584449,0.846399,0.395266,0.963334,-0.737646,1.244816,0,0,1,0
0.522744,0.626789,1.138605,-0.225012,0.362730,0.160853,0.978997,1,1,0,0
0.611197,0.189634,1.034365,0.187388,-0.282304,1.239264,0.739909,0,0,0,1
0.059619,0.180477,0.452949,0.120909,0.932985,-0.412658,0.793492,0,1,0,0
0.860968,0.995643,1.195982,-0.331787,1.080997,1.935895,1.032797,0,0,0,1
0.469982,0.472115,1.104617,-0.179960,1.088375,0.345976,1.303638,1,1,0,0
1.225073,0.727497,-0.210732,-0.215681,-0.208607,-0.271795,1.137214,0,0,1,0
0.815369,0.789308,0.733437,-0.003155,-0.651569,0.121017,1.563369,1,0,0,0
0.278158,1.443662,1.047151,-0.491928,0.678776,-0.344284,0.658876,0,1,0,0
0.103629,1.095198,1.608001,0.445711,0.625699,0.533469,1.140442,0,0,1,1
0.422695,0.736768,0.641217,-0.869214,0.653139,1.567104,1.764480,0,1,0,0
0.396433,0.270113,0.740542,0.065989,0.003827,-0.673443,0.867770,0,0,0,0
0.062602,-0.356221,0.987568,-0.041352,-0.363880,-0.993688,-0.211595,0,0,0,0
-0.001493,0.198997,0.813372,-0.171743,0.030143,-0.552443,0.642923,0,0,0,0
-0.130908,0.202252,0.618961,-0.457513,0.457193,-0.628609,0.113856,0,0,0,0
-3.145479,0.697471,-0.480746,1.252077,-0.765472,-1.276059,-0.258521,1,1,0,0
0.199621,0.199595,0.711369,-0.175130,0.346105,-0.129803,1.229436,0,0,1,0
0.139598,0.324412,1.048161,-0.397910,0.101703,-0.508450,2.089159,0,0,0,0
-0.036860,-0.399712,1.491457,0.408205,0.362077,-0.184845,-0.552848,0,0,0,0
-0.032990,-0.030349,1.098259,-0.381694,-0.038634,-0.501084,0.699378,0,0,0,0
-0.227602,0.096301,0.766028,-0.768174,0.150803,-0.132128,-0.910147,0,0,0,0
-4.092747,0.470501,-0.389875,0.579197,-0.560279,-1.464665,-1.882456,0,0,1,1
0.467614,0.802329,1.205293,-0.072211,-0.395702,0.928730,1.355841,0,1,0,0
0.167447,-0.081484,0.873537,-0.199737,0.438395,-0.546070,1.240729,0,0,0,0
-0.167083,-0.220295,0.950690,-0.056725,0.051633,-0.623574,-0.719253,0,0,0,0
-0.119436,0.048270,1.055395,0.039161,0.400650,-0.405504,-0.542284,0,0,0,0
-0.452963,-0.164177,-0.134908,-1.912754,-0.654946,-0.654278,-1.362439,0,0,0,0
-4.316623,-0.133924,-0.833074,-0.225285,-1.218261,-1.483058,-2.421466,1,1,0,0
0.370704,0.594874,0.649748,-1.101043,0.018019,2.706336,1.218537,0,0,1,0
0.206962,0.111979,1.161805,-0.213066,0.027508,-0.042906,0.973838,0,0,0,0
-0.041163,-0.507454,1.337024,0.276017,-0.007650,-0.777291,-0.035621,0,0,0,0
-0.095367,-0.270127,0.701702,-0.205803,0.306193,-0.368761,-0.267970,0,0,0,0
-0.475592,-0.439656,-0.044153,-1.709750,-0.368692,-0.437483,-1.228781,0,0,0,0
-4.226156,0.251927,-0.363766,-1.378104,-1.624623,-1.355773,-2.278811,1,0,1,1
0.382115,0.063262,1.892355,0.613136,-0.064393,-0.098820,0.992802,0,0,0,0
-0.976531,0.296529,1.965364,0.268853,-0.559258,-0.754576,0.715380,0,0,1,1
0.194379,-0.084408,1.759490,-0.240574,-0.293198,2.925334,0.210209,0,0,0,0
-0.182736,0.131021,1.634740,-0.348641,1.082197,-0.634842,0.019018,0,0,0,0
-2.630680,-1.724260,2.127347,2.467960,0.708989,-1.349552,-1.502125,0,0,0,0
-4.460389,-0.995690,0.180581,0.630827,-0.340823,-0.216635,-2.646636,1,0,1,1
-0.013186,0.960461,0.752592,0.243406,1.238096,1.753598,1.036282,0,0,0,0
0.074789,0.471534,-0.177792,0.025536,1.226943,-0.596967,0.132816,0,0,0,0
0.285786,0.439008,-0.705632,0.144926,0.841289,-0.885868,-0.236618,0,0,0,0
0.125728,0.441760,-0.795047,0.038875,0.723110,-0.662778,-0.636126,0,0,0,0
-1.226801,-0.955416,-4.084306,2.900182,0.148817,-1.229497,-1.724827,0,0,0,0
-1.522274,-0.979223,-5.533096,3.755619,-0.420353,0.011922,-1.765036,1,0,1,0
0.566934,0.852071,0.640958,0.364470,0.391472,0.550327,1.394432,0,0,0,0
0.051983,-0.044581,0.259522,0.553660,0.820152,-0.915958,-0.087800,0,0,0,0
-0.588538,1.144898,-2.040524,2.061620,1.534916,-0.117916,0.053875,0,0,0,0
-1.278722,1.676720,-2.852918,2.933351,0.948459,-0.857000,-0.698008,0,1,0,1
0.595987,0.987477,-0.250602,0.892283,-0.490224,-0.486559,0.944198,0,0,0,0
-0.295488,-0.327091,-0.525917,3.054992,0.010184,-0.369598,-0.355224,1,0,1,0
0.098128,1.751804,0.379787,0.934807,-1.104461,0.341540,1.135915,0,0,0,0
-1.156740,0.472466,0.071073,2.306214,0.180989,-0.605307,-0.275474,0,0,0,0
-1.024889,0.786884,-1.913025,1.252672,0.679883,0.889091,-0.340923,0,0,0,0
-1.267038,-1.296758,-2.001843,-1.307162,-1.213932,0.205874,-2.126539,0,0,1,1
0.285966,1.535474,1.146666,-0.705008,0.694242,0.616148,1.548380,0,0,0,0
-0.088007,1.486811,1.314343,-0.215129,1.318680,-0.484750,0.476997,0,0,0,0
0.227180,1.554713,1.140013,-0.741182,-0.585452,-0.061593,-0.169588,0,0,0,0
-0.304546,0.699568,0.277770,-0.694173,0.742623,-0.700997,-0.566392,1,1,0,0
-0.677442,3.156078,-0.506350,2.890226,-1.077481,0.034724,1.274311,0,0,0,0
-1.754664,1.161707,-3.156973,3.820800,-0.770136,-1.021397,-0.655917,0,0,0,0
0.455333,-0.407504,1.794101,-0.217256,1.504921,0.899278,2.227662,0,0,0,0
0.261329,0.281675,1.704487,0.093742,0.491335,-0.262835,1.059704,0,1,1,0
-0.112858,0.994516,0.757529,1.252295,0.089168,2.280193,1.665165,0,0,0,0
-1.364253,2.148800,-1.463462,3.865458,-0.464780,-0.320193,-0.504609,0,0,0,0
0.947430,1.424630,0.265915,-0.019450,-1.838334,-0.007444,1.228262,0,0,0,0
-0.265208,-0.110383,-0.143032,2.534999,-0.358402,-0.389230,-0.044245,1,0,0,1
0.572117,0.992865,1.412687,-0.494294,-1.029925,-0.050431,0.881786,0,0,0,0
0.045489,0.660898,0.834104,-1.013595,-0.793541,-0.163027,-0.598194,0,1,1,0
0.560358,1.859413,1.448799,-0.330127,0.263729,1.009151,0.754030,0,0,0,0
0.337679,2.001827,2.233399,-0.672060,0.227421,0.379914,0.368522,0,0,0,0
-0.503916,2.576669,2.389183,0.035247,0.468005,-0.435425,0.429875,0,0,0,0
-1.623268,1.222959,2.182752,1.947804,-0.312216,-0.950872,-0.187881,1,1,0,1
0.506684,0.269309,-0.730600,-1.007643,1.250202,-0.456005,0.870300,0,0,0,0
0.477985,-0.239318,-0.486969,0.051014,0.814290,-0.549421,0.231277,0,0,1,0
0.421380,-0.043655,-0.065447,0.407921,-0.359142,-0.245315,-0.348060,0,0,0,0
0.275706,-0.615883,-0.249448,1.290942,0.886427,-0.909737,-0.595728,0,0,0,1
-0.155562,-0.384765,-0.219939,1.794363,0.649870,-0.270387,0.525828,0,0,0,0
-0.796081,-0.962025,-0.730417,0.266035,0.635013,-0.750421,-1.108708,1,0,0,0
0.563772,0.706795,-0.040103,-0.504242,1.063522,2.882191,0.744652,0,0,0,0
0.241422,0.418170,-0.179959,-1.019265,0.814205,-0.586802,0.130905,0,1,1,0
0.548793,0.443351,-0.852012,-0.097000,-1.044587,-0.116840,0.209016,0,0,0,0
0.028909,0.014030,-1.456248,1.200564,-1.119324,-0.884980,-0.893371,0,0,0,1
0.048374,-0.051755,0.111623,0.978082,0.939521,0.475198,-0.189514,0,0,0,0
-0.633645,-0.524652,-0.098790,0.219062,0.958027,-0.526416,-0.735467,1,0,0,0
-0.615904,-0.722904,-1.754517,-0.690633,0.692996,-0.039109,-0.916388,0,0,0,0
-0.827138,-1.729371,-3.042442,-2.635141,-1.796688,0.752780,-1.343213,0,0,1,0
0.310007,1.425530,2.183876,0.440941,0.728492,1.222359,1.826756,0,0,0,0
-0.035443,0.790452,1.386050,-0.026051,1.133727,-0.900065,0.738216,0,1,0,0
0.451039,0.518004,0.427006,-0.288956,0.996724,-0.056500,0.303819,0,0,0,0
0.128899,0.179955,0.195021,-0.356086,1.763763,-0.825644,-0.027030,1,0,0,0
-0.781827,0.292413,-1.975728,1.648744,0.052152,-0.939929,0.704217,0,0,0,0
-1.093876,-0.108545,-2.298588,1.845107,0.070767,-0.651875,-0.251069,0,0,1,0
0.380709,0.578613,0.705551,0.314724,1.041316,-0.119627,1.579611,0,0,0,0
0.190731,0.861536,1.059113,-0.700480,0.596468,-0.854951,1.482540,0,1,0,0
-0.199702,0.140104,0.410537,1.394687,1.295497,0.074326,0.589893,0,0,0,0
-0.471538,-0.361847,-0.046313,1.414684,2.144284,-0.498593,0.173385,1,0,0,1
0.571764,0.585847,-0.050588,0.854435,0.018110,0.274569,1.119716,0,0,0,0
-0.071664,-0.075176,-0.849772,1.881653,-0.506872,-0.417347,0.008601,0,0,1,0
0.574696,0.455117,0.918027,0.114991,0.614409,-0.439348,0.531722,0,0,0,0
0.135477,0.188871,0.858572,-0.262787,0.830444,-0.640434,0.158396,0,1,0,0
-0.278406,0.714082,-0.136946,-0.298966,0.607927,-0.451593,-0.367610,0,0,0,0
-0.576828,0.334058,-0.516440,-0.849885,-0.303344,0.185867,-0.755165,1,0,1,1
0.431879,1.026264,1.122455,-0.170315,0.182601,2.593974,1.849141,0,0,0,0
0.540369,0.500677,-0.256847,0.091036,0.853622,-0.258991,0.031397,1,0,0,0
0.370625,0.256912,-0.540837,0.466713,0.481971,-1.059277,-0.192341,0,0,0,0
0.040745,0.039355,-0.900826,0.327066,0.683684,-0.599608,-0.936616,0,1,0,0
-0.365463,1.397261,-2.505575,3.479214,0.658683,-0.039330,0.554635,0,0,0,0
-0.792493,1.362642,-2.647236,3.734678,0.138795,-0.640183,0.342296,0,0,1,0
0.484856,0.367472,0.617164,0.110475,0.020640,-0.125531,0.387353,0,0,0,0
0.299675,0.158906,-0.072972,-0.393668,0.192933,-0.679510,-0.017762,0,0,0,1
-0.071075,0.808190,-0.712755,1.018985,1.272959,0.772828,0.475320,0,0,0,0
-0.379779,0.262153,-1.880287,0.882478,2.109113,-0.428676,0.642722,1,0,1,0
0.408468,0.841090,-0.014028,1.206880,0.565912,0.870380,1.264565,0,0,0,0
-0.123476,0.199098,-1.392092,2.146356,-0.318012,-0.823738,0.361730,0,1,0,0
0.647717,0.269936,0.348879,0.101564,0.309952,0.127003,0.310365,0,0,0,0
0.257273,0.628429,0.666643,0.627107,1.220739,-1.063289,0.328823,0,0,1,0
-0.431037,1.655790,-1.125758,1.728611,0.875735,-0.749409,0.486871,0,0,0,0
-0.358212,1.327092,0.176644,1.189080,1.064492,0.340007,0.443979,0,0,0,1
0.108007,0.265403,1.099333,0.544792,1.813187,0.142959,1.543518,0,0,0,0
0.181306,0.724144,0.615640,-0.328326,0.938628,-0.112367,0.202519,1,0,0,0
-0.596609,1.334667,-1.969395,1.085827,0.987940,-0.183414,0.289497,0,0,0,0
-1.721901,0.880745,-4.531473,1.100337,1.377793,-0.277991,-1.544834,0,1,0,0
0.325644,1.146982,1.269888,0.781784,0.785027,2.616457,1.942958,0,0,0,0
0.396006,0.744066,0.220911,0.457423,0.909329,-0.237028,0.854913,0,0,1,0
-0.830651,1.786726,-1.272633,2.125917,0.835939,-0.857930,0.099658,0,0,0,0
-0.714519,1.391887,-2.141781,2.907498,0.216264,-0.067658,0.767511,0,0,0,1
0.444595,0.483862,0.136013,0.594658,1.578930,0.030612,0.706300,0,0,0,0
0.092435,0.394432,0.396631,0.568050,2.463900,-0.583134,0.862052,1,0,1,0
0.819240,0.831950,-0.240844,0.444670,1.231002,1.685460,1.412643,0,0,0,0
0.505348,0.447589,1.091467,1.058986,0.510989,-0.689387,0.404280,0,1,0,0
0.023329,0.548501,0.431658,1.973053,1.229616,-1.167224,0.432376,0,0,0,0
-0.602200,0.343068,-0.539883,2.029765,1.431535,-0.843768,0.255777,0,0,1,0
0.521057,0.900695,0.145594,-0.181619,1.439722,0.742571,0.741596,0,0,0,0
0.314927,0.644735,0.751549,0.174662,1.649027,-0.049651,0.520931,0,0,0,1
-0.422608,0.195326,-0.258639,0.095272,0.637735,-0.582620,-0.668284,0,0,0,0
-0.768072,-0.212232,0.196493,0.635843,1.140040,-0.501419,-0.976792,1,1,0,0
0.394276,0.727308,0.873504,-0.916071,-0.129264,1.195687,1.386768,0,0,1,0
0.141674,0.045019,0.852949,0.088645,0.418116,-0.563300,0.840584,0,0,0,0
-0.056236,-0.010725,1.650156,0.031556,-0.170454,-0.673993,-0.239430,0,0,0,0
-0.123510,0.096997,1.006475,-0.281095,0.257120,-0.645501,-0.397073,0,0,0,0
-0.426667,-0.207760,0.166485,-1.696280,-1.003223,-0.737204,-1.260422,0,0,0,0
-4.229336,0.778535,-0.795620,-1.725056,-0.293056,-1.488196,-2.240143,0,0,1,1
0.335133,0.753441,1.847130,-0.302563,0.695476,-0.084382,1.454632,0,1,0,0
0.172402,0.156107,1.214363,0.179558,0.384669,-0.403388,1.004709,0,0,0,0
-0.090871,-0.500619,0.954544,0.248023,0.354991,-0.692486,-0.373901,0,0,0,0
-0.139778,-0.209954,0.873260,-0.191939,0.011897,-0.570584,-0.563689,0,0,0,0
-0.462519,-0.657418,-0.283385,-1.422743,-0.992478,-0.478667,-1.358658,0,0,0,0
-4.746344,1.178654,-0.721025,-2.017935,0.065269,-1.506126,-2.509815,1,1,0,0
0.368139,0.696466,0.812550,-0.925699,0.160190,1.186338,1.301089,0,0,1,0
0.174344,0.407882,1.693213,-0.193168,-0.615715,-0.272198,1.089363,0,0,0,0
-0.002020,-0.162645,0.931123,-0.162880,-0.253910,-0.879789,-0.364077,0,0,0,0
-0.129922,-0.215471,0.980993,0.108402,0.606323,-0.670069,-0.529159,0,0,0,0
-0.422346,-0.623232,-0.599250,-2.008478,-1.174070,-0.815960,-1.338767,0,0,0,0
-4.755242,1.319848,-0.327091,-2.345021,-0.856957,-1.282752,-2.377965,0,0,1,1
0.365701,0.515447,0.471336,-0.624818,1.048266,3.157498,1.529736,0,1,0,0
0.259820,0.248156,1.016582,0.103514,0.065062,-0.641899,0.810218,0,0,0,0
-0.043666,-0.281059,1.390465,-0.080578,0.412194,-0.943995,-0.293432,0,0,0,0
-0.038058,0.120873,1.107282,-0.235489,0.035118,-0.774733,-0.474635,0,0,0,0
-0.460851,-0.467697,-0.202402,-1.460531,-0.861944,-0.908117,-1.245501,0,0,0,0
-4.444341,0.830019,0.063292,-1.997782,-1.246128,-1.485548,-2.302929,1,1,0,1
0.277295,-0.626293,1.006820,0.394685,0.200932,-0.138244,0.635847,0,0,0,0
-0.929687,0.233014,1.631621,-0.052206,-0.871804,-0.458562,0.871669,1,1,0,0
0.295320,0.095507,1.028068,-0.457858,-0.380501,3.179553,-0.244194,0,0,0,0
0.042241,0.344608,1.430377,-0.472321,0.427042,-0.256826,-0.293397,0,0,0,0
-2.483155,-1.231537,1.433068,1.111555,0.085171,-1.478938,-1.591637,0,0,0,0
-4.815472,-0.616866,-0.650496,-0.322665,-1.056873,-0.576031,-2.673077,1,1,0,1
-0.096106,0.339851,0.911554,0.487449,1.595944,1.602595,0.880562,0,0,0,0
0.066415,0.582285,-0.357011,0.344998,1.560562,-0.455183,0.276475,0,0,0,0
0.166137,0.034252,-0.946636,0.369664,1.010051,-0.773447,-0.178408,0,0,0,0
0.185094,0.165867,-1.550971,-0.144374,1.184383,-0.872160,-0.586051,0,0,0,0
-1.057290,-0.906328,-3.745795,3.054833,0.434127,-0.886876,-1.645013,0,0,0,0
-1.595599,-0.256691,-5.034385,4.139415,0.018470,0.029440,-1.805776,1,0,0,1
0.632472,0.977065,0.333301,0.469724,0.887551,0.555088,1.494424,0,0,0,0
0.017434,0.239668,0.931519,0.959766,1.228156,-0.758278,-0.019078,0,0,0,0
-0.630293,1.633966,-2.361874,1.181074,0.703599,0.198973,0.078656,0,0,0,0
-1.281526,1.876459,-2.519567,2.390802,0.292011,-0.991787,-0.404395,1,0,1,0
0.378226,0.817071,0.326374,0.939711,-0.454212,-0.760951,1.132220,0,0,0,0
-0.363061,-0.336108,-0.517015,2.850619,0.225430,-0.687256,-0.407946,0,1,0,1
-0.140815,1.343213,0.415739,1.112030,-0.992869,-0.031277,1.351709,0,0,0,0
-1.146538,0.591192,0.251923,1.952056,-0.068572,-0.906365,-0.078373,0,0,0,0
-1.040137,0.860332,-1.814500,1.200662,0.461244,0.950341,-0.332778,0,0,0,0
-1.267490,-1.279470,-2.397885,-1.570582,-1.309612,0.733755,-2.113837,1,1,0,0
0.063451,1.185921,0.588787,-0.357257,0.259682,1.533934,1.756682,0,0,0,0
-0.348783,0.414277,1.101926,-0.211129,1.428607,-0.572232,0.197118,0,0,0,0
0.074045,1.005565,1.389156,0.104977,0.727972,-0.414914,0.797473,0,0,0,0
-0.188756,1.444181,1.092267,-0.201293,1.658752,-0.502667,0.211217,0,0,1,1
-0.761071,2.922606,-0.389912,2.691657,-1.264650,-0.886469,1.416607,0,0,0,0
-1.660095,1.662238,-2.436262,4.396428,-0.689644,-0.668369,-0.431238,0,0,0,0
0.394400,1.157833,0.739180,0.256081,1.377691,1.611500,1.643633,0,0,0,0
-0.167682,1.339952,1.336344,-0.255649,1.373889,-0.517692,0.308353,0,1,1,0
-0.581893,3.155401,-0.063651,2.246542,-1.249383,0.040483,1.278271,0,0,0,0
-1.284044,2.285767,-2.085161,4.497568,0.286526,-0.890161,0.013576,0,0,0,0
0.402970,0.156433,-0.648068,0.965292,-0.158447,-0.168546,0.444076,0,0,0,0
-0.367424,-0.521016,-0.281644,2.191065,-0.230095,-0.540434,-0.921780,1,0,0,1
0.475303,0.970749,1.630831,-0.204338,-0.596398,-0.401322,1.075737,0,0,0,0
-0.104281,0.447676,1.452303,0.041423,0.783671,-0.354242,-0.386920,0,1,1,0
0.353176,1.438687,0.935575,-0.621870,1.050824,1.120491,1.184999,0,0,0,0
-0.026438,1.047772,1.476409,-0.899498,0.635998,-0.318361,-0.112369,0,0,0,0
-0.709845,1.953059,1.553829,0.222458,0.792516,-0.047020,0.758230,0,0,0,0
-1.643744,1.173512,2.066700,1.892404,-0.296320,-0.603496,0.567185,1,0,1,1
0.487379,0.296112,0.404957,-0.460957,0.022798,0.709246,1.842262,0,0,0,0
0.513220,-0.061650,0.597206,1.224264,0.468456,-0.906955,1.106026,0,0,0,0
0.631740,0.973523,0.901046,0.676494,-0.186540,-0.448941,0.917495,0,0,0,0
0.241011,-0.041338,0.018754,0.325725,0.520489,-0.821858,0.285993,0,1,0,0
0.012476,1.477741,-0.491522,0.764007,-0.609318,0.584985,1.038128,0,0,1,0
-1.362954,0.721657,-1.587823,0.641568,2.078688,-0.973323,0.649899,0,1,0,1
0.499851,-0.336885,0.668520,0.164350,0.623754,3.860352,0.991708,0,0,0,0
0.215796,-0.182181,0.528388,-0.048065,0.072281,-0.531570,-0.110783,0,0,0,0
0.235257,0.237984,0.488101,0.003315,1.138642,-0.866740,0.662810,0,0,0,0
0.033284,0.197349,0.388041,-0.351458,0.684637,-0.236751,-0.218886,1,0,0,0
0.204556,0.832568,0.599406,-0.528100,1.401847,0.041488,0.384303,0,1,0,0
-0.168142,0.811972,0.667588,-1.057216,0.565207,-0.387491,-0.023302,0,0,1,0
-1.172888,1.666254,0.024127,-0.189138,0.829794,-0.965326,0.783646,0,0,0,1
-1.696347,0.398453,-0.818316,0.529720,1.053958,-0.520041,0.167080,1,1,0,0
0.438029,-0.360915,0.882635,0.189292,0.199456,3.607070,1.414523,0,0,0,0
0.276787,0.030132,0.918142,-0.123943,0.424964,-0.574784,0.502078,0,0,0,0
0.514637,0.372612,0.013848,-0.108751,0.578617,0.178912,0.342686,0,0,0,0
0.444384,1.215444,0.779345,-0.306992,0.462999,0.450092,0.287766,0,0,0,1
0.351080,0.895834,-0.209088,-0.872562,0.593253,0.120886,0.136058,0,0,1,0
0.046730,0.928685,0.679537,-0.164795,0.545908,-0.780665,-0.228668,0,1,0,0
-0.502696,1.337277,-1.017954,0.678944,1.637463,-1.121412,0.323951,1,0,0,0
-1.404806,0.521416,-0.679036,1.086122,1.721418,-0.801874,-0.293025,0,0,1,1
0.587849,-0.372220,0.547022,0.269360,0.532844,3.823654,0.749414,0,0,0,0
0.223485,-0.295053,0.798023,0.468198,0.705589,-0.549067,0.768225,0,0,0,0
0.312323,0.431756,1.091195,-0.119462,0.943566,-0.028962,1.256649,0,0,0,0
0.081332,0.330385,0.610312,-0.354492,1.144226,-1.005358,0.367219,0,0,0,0
0.112755,0.358734,0.540044,-0.344237,1.145334,-0.271384,0.037130,0,0,0,0
0.228102,-0.289984,-0.693577,-0.224896,1.639830,0.081014,0.094162,1,0,0,0
-1.110397,-0.568650,-2.629367,-1.732272,0.869027,-0.947836,-1.579696,0,0,0,0
-1.595889,0.142634,-2.996043,-2.546352,-0.442753,-1.331952,-1.547808,0,0,0,0
-1.650081,-0.058703,-3.547669,-3.578608,-1.821732,-0.106895,-1.748139,0,0,0,0
-1.817940,0.092411,-3.414347,-3.825624,-2.120032,-0.760016,-1.830160,1,1,0,1
0.799912,-0.231805,0.021291,-0.088254,0.619611,3.012544,1.353513,0,0,0,0
0.474827,0.077319,0.744371,0.275553,0.886954,-0.352342,0.522853,0,0,0,0
0.534546,0.320396,-0.608927,-0.554362,1.371307,-0.035675,0.222088,0,0,0,0
0.264680,0.049015,0.128825,0.022226,1.190839,-0.694617,-0.404647,0,0,1,0
-0.388409,0.503960,-1.228991,0.690718,1.632928,-0.912907,-0.319006,0,1,0,0
-1.393659,-0.744453,-1.394419,1.332948,2.546964,-0.996605,-0.760470,1,0,1,0
0.568420,-0.380567,0.823479,0.619672,1.310808,0.513829,1.620220,0,0,0,0
0.363191,-0.289098,0.354461,0.316785,1.441567,-0.272816,1.307622,0,0,0,0
0.436040,-0.121680,0.514553,0.083332,1.454286,-0.367356,0.875436,0,0,0,0
0.115727,-0.269923,0.194741,0.161633,1.635956,-0.362782,0.122434,0,0,0,1
0.186099,-0.089737,-0.386621,-0.534695,1.592401,0.191445,-0.025498,0,0,1,0
-0.088890,-0.310617,0.024193,-0.128715,1.447954,-0.669997,-0.256689,0,1,0,0
-0.926403,0.125017,-0.124786,0.832896,2.517387,-1.138223,-0.303736,1,0,0,0
-1.478138,-0.795681,0.154027,1.546589,2.467592,-0.357247,-0.719593,0,0,1,1
0.525219,-0.861390,0.809499,0.972246,1.285407,1.011679,1.366794,0,0,0,0
0.475730,-0.073778,1.318213,0.450923,1.439902,-0.291447,1.252000,0,0,0,0
0.556464,0.070586,0.383074,0.329079,1.005576,0.724990,0.747307,0,0,0,0
0.437452,0.062481,0.060633,0.148391,1.356545,0.659502,0.581517,1,0,0,0
0.426228,0.415438,0.023695,-0.358101,-0.040715,0.327964,-0.133646,0,1,0,0
-0.138424,-0.652203,-0.147496,-0.593172,0.962526,-0.852978,-0.685093,0,0,1,0
-0.382525,0.736719,-0.003312,1.345029,1.013951,-0.530209,0.530921,0,0,0,1
-1.109875,-0.616331,0.030147,1.974398,1.787916,-0.667627,0.049631,1,1,0,0
0.674652,-0.274824,0.682039,0.496382,0.885493,0.477530,1.567461,0,0,0,0
0.478578,-0.442791,0.444070,0.160304,0.608062,-0.777051,0.893438,0,0,0,0
0.365441,-0.657328,0.074064,0.389713,1.697148,-0.049626,0.348242,0,0,0,0
0.195705,-0.532438,0.973656,0.632271,0.865750,-0.174654,-0.026909,0,0,0,0
0.437680,-0.067699,-0.015508,-0.103003,0.874154,0.477381,-0.484137,0,0,0,0
0.387386,-0.250092,-0.308976,-1.067900,-0.071738,-0.081128,-0.490715,0,0,0,1
-1.082218,1.238154,-1.416128,-2.777711,-2.326695,-1.222689,-1.702610,0,0,0,0
-1.287279,1.059479,-2.079451,-3.526868,-3.381620,-1.081785,-1.774155,0,0,0,0
-1.265065,1.083900,-2.112940,-3.730711,-3.377897,-1.051704,-1.814157,0,0,0,0
-1.275878,0.956629,-2.753268,-4.143222,-4.076983,-0.569589,-1.739273,1,0,1,1
0.743578,-0.450390,0.400402,-0.178570,1.198854,3.552798,1.566176,0,0,0,0
0.506431,-0.878374,0.346134,0.766342,0.962198,-0.310830,0.451234,0,0,0,0
0.502744,-0.545406,0.314480,0.590546,1.992882,0.145714,0.096563,0,0,0,0
0.093652,-0.966772,0.056742,0.033253,1.014990,-0.475544,-0.304419,0,1,0,0
-0.119782,0.066687,-0.514238,0.911795,1.792352,-0.244201,0.087288,0,0,1,0
-1.082413,-1.802101,-0.449418,2.181502,2.315204,-0.584034,-0.428830,0,1,0,1
0.692253,-0.573717,0.910483,0.414154,0.987938,0.689517,1.033333,0,0,0,0
0.362436,-0.861913,1.134025,0.807466,1.042466,-0.671640,0.804181,0,0,0,0
0.368857,-0.714363,1.467744,1.170185,1.283010,-0.823793,0.257452,0,0,0,0
0.166323,-1.111475,0.799211,1.032662,1.222165,-0.726282,-0.104949,1,0,0,0
0.270705,-0.754217,-0.129039,0.632559,1.864281,0.533359,-0.183329,0,1,0,0
-0.024847,-1.484300,-0.352011,-0.111330,1.403120,-0.477687,-0.405094,0,0,1,0
-0.965733,-1.198087,0.274082,0.682220,1.853515,-0.822421,-0.263050,0,0,0,1
-1.319577,-1.946708,0.966255,2.089288,1.720258,-0.235150,0.021317,1,1,0,0
0.801020,-0.484255,1.130479,0.784266,0.680709,1.095491,1.322769,0,0,0,0
0.435492,-1.251648,0.339744,1.089443,1.115695,-0.631665,0.682538,0,0,0,0
1.056418,-0.153654,-0.015244,0.508975,1.818369,-0.631108,0.790348,0,0,0,0
0.968743,0.156238,0.067700,0.502356,1.609549,0.167465,1.196271,0,0,0,1
0.873448,0.102707,-0.630918,0.269325,1.058129,0.307846,0.350854,0,0,1,0
0.319374,-0.473330,-0.167167,-0.324583,0.114969,-0.240703,0.071335,0,1,0,0
0.145263,0.698579,0.458436,1.385839,1.328486,-0.019084,1.161124,1,0,0,0
-0.364272,-0.342799,0.788413,1.455660,2.090069,-0.828347,0.321592,0,0,1,1
0.889850,-0.408978,1.572858,0.670180,0.812159,0.242850,1.082423,0,0,0,0
0.742815,-0.292272,1.479363,0.711714,0.361137,0.396505,0.878861,0,0,0,0
0.539524,-0.811973,1.787730,0.797546,0.950107,-0.516698,0.551612,0,0,0,0
0.483083,-0.484615,1.031979,-0.001281,0.586228,-0.218053,1.157222,0,0,0,0
0.631139,-0.010954,0.601852,-0.207224,0.798759,0.688978,1.255274,0,0,0,0
0.611415,0.185546,1.425290,0.118343,0.312920,0.171080,1.128949,1,0,0,0
-1.466280,4.137921,0.382050,0.698387,2.555543,-0.506701,1.281830,0,1,0,0
-2.158383,5.496477,-0.032805,0.884948,1.461849,-0.162567,0.985009,0,0,1,0
-2.337441,5.597130,-0.524984,1.262905,1.994216,0.150691,0.714143,0,0,0,1
-1.024942,3.273425,-0.456291,1.131202,2.977859,8.349206,1.247920,1,1,0,0
0.558021,-0.026415,-0.949444,-0.834049,0.884068,-0.103840,1.653961,0,0,1,0
0.689136,0.175253,-0.520306,-1.012056,-0.756650,-0.498308,0.065275,0,1,0,0
0.795717,0.051885,-0.271951,0.214523,-0.312660,-0.176205,0.840057,1,0,0,0
0.675509,0.538435,0.399353,0.560321,-0.136629,-0.472269,1.846309,0,0,0,1
0.739977,1.074731,-0.212553,0.765890,-0.814645,0.026063,0.718055,0,0,1,0
0.031596,0.350242,-0.777891,0.085536,-0.271025,-0.914043,-0.021137,0,1,0,0
0.407408,0.184100,0.065643,-0.144202,0.585658,1.068013,0.592869,1,0,0,0
0.064261,-0.676009,-0.255460,-1.068911,-0.048704,-0.156821,-0.819530,0,0,0,1
-0.429846,-0.596061,-0.570597,1.621734,1.125763,-0.607478,-0.208642,0,0,1,0
-0.497491,-0.605540,-0.059230,1.855485,0.974771,-0.271872,-0.231311,0,1,0,0
0.365965,-0.118623,0.413247,0.510160,0.994371,0.463296,0.794317,1,0,0,0
0.126824,-0.050400,0.977863,0.081445,0.347173,-0.480221,0.394821,0,0,0,1
0.073757,0.319118,-0.682945,0.145098,0.284775,0.636350,0.846085,0,0,1,0
-0.287207,0.185547,0.716007,-0.096772,1.262135,0.577237,0.231699,0,1,0,0
0.050629,-0.632962,0.836127,0.171168,0.378527,0.892484,0.140644,1,0,0,0
-0.040456,-0.556274,0.311409,0.016853,0.969643,-0.666088,-0.151936,0,0,0,1
-0.272918,-1.556022,-0.957968,0.473898,3.119408,-0.671996,0.515692,0,0,1,0
-0.103610,0.843888,-0.370065,0.094572,1.303027,-0.336155,-0.034148,0,1,0,0
0.360581,-0.446087,-0.521876,-0.025886,1.240395,0.180368,0.468653,1,0,0,0
-0.068875,-0.938670,-0.058462,0.457733,1.555858,-0.294832,0.001606,0,0,0,1
0.195352,0.069625,-0.145180,0.081816,0.239417,0.741236,0.140533,0,0,1,0
-0.310554,-0.381922,-0.594545,-0.424136,1.294769,-0.728775,-0.827104,0,1,0,0
0.170011,-0.987793,-0.123293,0.378607,1.573207,1.064891,0.461071,1,0,0,0
0.212935,-0.296745,0.338376,0.177990,0.754037,-1.139923,-0.254252,0,0,0,1
0.190625,-0.672982,-0.006125,0.697046,0.953962,-0.244088,-0.332941,0,0,1,0
0.028803,-0.511697,0.191030,-0.308088,0.634393,-0.408095,-0.018113,0,1,0,0
-0.429441,0.306517,0.731072,1.248247,0.820656,-1.193045,0.325530,1,0,0,0
-0.712744,0.228102,1.073131,0.621380,0.324789,-0.141156,0.157962,0,0,0,1
0.713516,-0.250850,0.147637,-0.788957,-0.012457,3.308935,0.528864,0,0,1,0
0.317180,0.365405,0.888055,-0.737098,-0.320426,-0.378119,0.196459,0,1,0,0
-0.767157,0.056655,0.816658,0.543473,1.648766,0.150273,0.183459,1,0,0,0
-0.226277,0.468309,0.027671,-1.271333,-0.965703,-0.853465,-0.120604,0,0,1,1
0.692396,0.281429,0.706719,-0.377656,-0.227447,-0.123074,1.483762,0,1,0,0
0.714569,-0.038142,-0.883260,-0.752845,-0.897366,-0.518618,-0.158024,1,0,0,0
0.735964,0.213932,-0.588518,-0.321146,-1.073610,-0.163862,0.537748,0,0,0,1
0.806001,0.464988,-0.235438,0.204486,-1.034574,-0.544451,0.428494,0,0,1,0
0.687674,0.841918,-0.357159,-0.292330,-0.704898,-0.941835,0.203076,0,0,0,1
0.108956,0.198543,-0.771742,-0.024467,0.254623,-0.510193,-0.441248,1,0,0,0
0.577384,0.212769,-0.639790,-0.223783,0.706860,1.493220,0.367216,0,1,0,0
0.251533,-0.345879,0.596359,-0.255839,0.672823,-0.375776,-0.194052,0,0,1,0
-0.495495,-0.546210,-1.552588,1.208797,0.931236,-0.586680,-0.021644,0,1,0,0
-0.540728,-0.428284,-0.917785,1.397853,0.754029,0.584059,-0.110440,1,0,0,0
0.490154,0.168173,0.586219,0.053434,0.699241,0.645860,0.407594,0,0,0,1
0.143406,-0.233019,1.063543,0.086918,0.878652,-0.514657,0.036153,0,0,1,0
-0.062213,0.687505,0.416738,0.142235,0.811692,-0.926119,0.774943,0,0,0,1
-0.297959,0.146342,0.454448,0.150084,0.909647,1.092874,-0.196940,1,0,0,0
0.090837,-0.478188,0.451144,-0.204276,1.221070,1.329948,0.362427,0,1,0,0
0.032573,-0.508407,0.668477,-0.377520,1.066871,-0.685915,0.145508,0,0,1,0
0.123910,0.394620,0.240469,0.523221,1.031641,-0.264963,0.342086,0,1,0,0
-0.094651,0.950648,1.065252,0.182641,1.030759,-0.222113,0.058398,1,0,0,0
0.529387,0.450414,1.154107,0.034181,0.386911,0.610646,0.464069,0,0,0,1
0.448643,0.315332,0.707022,-0.185720,-0.286638,-0.181600,0.113084,0,0,1,0
0.506053,1.524384,0.382269,-0.583640,-0.592214,-0.824105,0.217429,0,0,0,1
0.136745,1.415151,-0.459086,-1.445940,-0.922159,-0.397150,-0.184504,1,0,0,0
0.397966,-0.286117,0.661401,0.388962,0.579958,1.051045,0.341729,0,1,0,0
0.145691,-0.543077,0.339891,0.656408,0.950357,-0.443764,-0.062069,0,0,1,0
0.246693,-1.210731,-0.408520,0.540993,1.762679,0.203426,-0.162516,0,1,0,0
-0.018062,-0.648011,0.580883,0.782334,1.257397,0.100156,-0.100319,1,0,0,0
-0.226009,0.188876,0.861206,0.480862,-0.113795,-0.826892,0.134041,0,0,0,1
-0.451370,0.162515,0.476957,0.044731,0.306584,0.029298,0.120736,0,0,1,0
0.647019,0.515221,0.468630,-0.703941,-0.061298,-0.257581,0.487095,0,0,0,1
0.234753,-0.304210,0.196107,-0.862426,0.636606,0.114001,0.075752,1,0,0,0
-0.506085,-0.086386,1.058326,0.459661,0.754408,-0.724330,0.077473,0,1,0,0
-0.725102,-0.754522,0.955866,0.735609,1.561880,-0.273969,0.007316,0,0,1,1
0.749221,0.068156,0.107734,-0.069856,0.554446,0.495760,1.245002,0,1,0,0
0.733940,-0.602336,-2.157646,-1.071994,1.110287,-0.359688,0.621661,0,0,1,0
0.706514,-1.143896,-0.975063,0.876212,2.364581,-0.349279,0.412605,0,0,0,1
0.741268,-0.655825,-0.725346,0.269058,1.290931,-0.475444,0.318292,1,0,0,0
0.548005,-0.527737,-1.786453,0.432008,1.097486,-0.958036,0.343019,0,1,0,0
0.053091,-0.809054,-1.876657,0.766050,1.713195,-0.612671,-0.483394,0,0,1,0
0.452121,-0.708551,-0.345039,0.172503,1.583056,0.183337,0.346619,0,0,0,1
0.107359,-0.447709,-0.435666,-0.699445,1.148884,-0.598118,-0.210162,1,0,0,0
-0.395023,-1.156446,-1.462095,1.285565,1.737401,-0.463583,0.239927,0,1,0,0
-0.404788,-0.350394,-0.341678,1.158086,0.699725,-0.574826,-0.097520,0,0,1,0
0.450429,-0.638519,0.463171,0.490778,1.432022,1.449379,0.364926,0,0,0,1
0.014724,-1.158282,1.286926,0.037166,0.988716,-0.685572,-0.068524,1,0,0,0
0.141988,-0.181800,-1.212488,-0.304249,0.339326,-0.652161,-0.097819,0,1,0,0
-0.136396,0.333856,0.318237,-0.445865,0.779191,0.365039,-0.022872,0,0,1,0
0.225084,-0.440990,0.506946,-0.433661,1.414857,-0.442032,0.302284,0,0,0,1
-0.106773,-1.004745,0.372868,-0.076692,0.989373,-0.771408,-0.091364,1,0,0,0
-0.349989,-1.331782,-1.708148,0.121771,1.326514,0.108093,-0.465088,0,1,0,0
-0.059471,0.821812,-0.030345,-0.768293,0.936223,1.082835,-0.251256,0,0,1,0
0.695043,-0.207547,0.444318,-0.052474,0.653388,1.281173,0.419978,0,0,0,1
0.482145,-0.226630,0.542381,-0.003871,0.150672,-0.760499,0.184120,1,0,0,0
0.487781,0.310657,-0.644567,0.079504,0.274293,-0.850049,-0.107943,0,1,0,0
-0.099391,0.434224,-1.045978,0.133876,0.704057,-0.075411,-0.467521,0,0,1,0
0.406539,-0.569828,-0.226295,0.009880,1.443233,0.455481,0.365000,0,0,0,1
0.381654,-0.712538,-0.704219,-0.121101,1.353327,-0.492446,0.118945,1,0,0,0
0.554954,-0.530515,-0.678760,0.006674,0.501939,0.554097,0.345061,0,1,0,0
0.078373,-1.277462,-0.585298,0.025401,1.106391,-0.645735,-0.153717,0,0,1,0
-0.017026,-0.189238,0.075804,1.385003,0.833554,-0.863600,0.337418,0,0,0,1
-0.223172,-0.477515,-0.824039,0.592840,0.501893,-0.359898,-0.395545,1,0,0,0
0.733814,-0.126020,-0.321289,-0.236535,0.723552,0.413092,0.634644,0,1,0,0
0.490860,0.056757,0.191045,-0.825116,0.884317,-0.081331,0.222313,0,0,1,0
-0.329083,-0.315153,-0.109653,0.992925,1.800933,-0.562603,-0.084027,0,0,0,1
-0.317350,-0.630935,-1.341333,0.367441,1.452202,-0.531781,-0.341126,1,1,0,0
0.737918,-0.786479,-0.290483,0.296505,0.849716,-0.875356,1.442547,0,0,1,0
0.767873,-0.226902,-0.272861,-0.481334,-1.162557,0.009943,-0.365613,0,0,0,1
0.797016,0.467048,0.056411,-0.545474,-0.164810,0.141875,0.060063,1,0,0,0
0.541100,0.081740,-0.647118,-0.896168,-0.639267,-0.801095,-0.120953,0,1,0,0
0.134884,1.025204,-0.018373,0.185540,0.420219,-0.634680,0.278338,1,0,0,0
-0.046812,0.678602,-1.420037,-0.165670,1.460230,-0.033480,0.269168,0,0,0,1
0.846251,-0.168493,-0.325729,0.413196,0.940551,0.352156,1.454353,0,0,1,0
0.265509,-1.362358,-0.613271,0.342658,1.050382,-0.525302,0.815440,0,1,0,0
-0.507431,-1.404934,-0.485339,0.892907,2.151425,-1.169311,-0.590779,0,0,1,0
-0.800555,-1.817459,-1.819306,-0.002324,2.031009,-0.105843,-0.595068,0,0,0,1
0.424459,-0.483132,-0.952679,-0.519847,1.725557,1.780429,-0.060694,1,0,0,0
0.268068,-0.889940,-1.190520,0.178994,1.727743,-0.541021,-0.198769,0,1,0,0
-0.624946,-0.232660,-1.314114,1.101014,2.284567,-0.641649,-0.488630,1,0,0,0
-1.020883,-1.649975,-1.091159,0.641233,2.743322,-0.834178,-1.063587,0,0,0,1
0.658554,-0.666489,0.125786,0.390853,1.521052,0.336699,1.351700,0,0,1,0
0.302193,-1.420823,-0.842821,-0.107543,1.923424,-0.552751,1.028380,0,1,0,0
-0.071254,0.460805,-1.099539,0.133052,-0.068789,-0.600487,-0.772996,0,0,0,0
-0.641754,0.108559,-1.844833,1.181496,0.951241,-0.948203,-1.170314,0,0,0,1
-0.710729,0.076419,-1.815630,1.066700,-1.861198,1.485417,-1.193053,0,0,1,0
-0.900892,1.289918,-2.096990,-2.222574,0.012742,-0.000061,-0.943195,0,1,0,0
-3.440706,-3.290453,2.137823,-0.150442,0.870708,-0.446179,-1.762632,0,0,0,0
-3.663614,-3.842209,2.011432,-0.396867,0.435552,-0.374991,-1.765979,0,0,0,0
-3.814470,-3.993146,1.940901,-0.692739,0.753677,-0.282799,-1.778377,0,0,0,0
-3.776132,-4.237115,1.396568,0.338543,-0.002850,-0.356215,-2.023493,0,0,1,0
-0.605570,-3.179409,-2.420569,-1.326634,0.224670,8.333929,-1.738536,0,0,0,1
-0.598203,-2.185408,-2.028495,-2.795390,-0.943093,-0.528104,-1.984288,1,0,0,0
-0.954509,-2.953639,-2.803283,-1.666699,0.982940,0.120817,-1.922828,0,1,0,0
-0.577457,-1.499966,-2.416607,-2.572280,-1.290944,0.880527,-1.828473,0,0,1,0
-0.899138,-3.657756,-3.069832,-2.013063,0.703972,0.214798,-1.857535,0,0,0,0
-0.648954,-2.117446,-2.640226,-2.332245,-1.137030,0.134497,-1.826088,0,1,0,0
-0.736072,-3.410206,-3.690021,-2.232092,0.599860,-0.503775,-1.869268,0,0,0,0
-0.580515,-2.052580,-2.456763,-2.267613,-0.830340,0.283508,-1.790283,1,0,1,1
1.079651,-0.662160,0.684983,0.752713,-0.813345,0.451001,1.117011,0,0,0,0
0.927477,-0.728258,0.415989,0.575785,-0.183933,-0.412859,1.171292,0,1,0,0
0.638802,-0.927970,-0.000418,1.384941,-0.032161,-0.495198,0.405282,0,0,0,0
0.499389,-0.852122,0.586881,1.731073,0.407814,-0.525828,0.136087,0,0,1,1
0.860896,-0.671083,-0.154012,0.186776,-1.133998,0.406631,0.205234,0,0,0,0
0.337692,-1.192106,-1.156595,-0.172117,-2.290091,-0.616579,-0.771883,1,0,0,0
0.701591,-0.079599,0.551474,0.513384,-0.570194,0.419446,0.558566,0,0,0,0
0.404482,-0.729620,0.743892,0.646277,-0.668768,-0.515172,0.201219,0,1,1,0
0.892023,-0.743507,-0.374717,-0.516033,-2.483661,-0.366839,0.346533,0,0,0,0
0.671350,-0.397294,0.032920,-0.330635,-2.878104,-0.525127,-0.205636,0,0,0,1
0.057313,-0.190741,-0.096510,1.738526,-1.299002,-0.280756,0.548404,0,0,0,0
-0.311262,-0.849674,-0.319228,1.797236,-0.229484,-1.024092,0.238931,1,1,0,0
0.907618,0.424731,0.175412,-0.068970,-0.933676,1.980978,0.767144,0,0,0,0
0.578139,-0.564685,-0.648452,-0.177544,-1.274180,-0.790395,-0.296709,0,0,0,1
0.633988,0.547749,1.037682,0.408676,-0.384084,-0.394329,1.604059,0,0,0,0
-0.454551,-0.714137,0.481922,0.989139,-0.369831,-1.158880,0.862877,0,1,1,0
0.621765,-0.453724,0.936722,0.507012,-0.475099,0.722939,0.594714,0,0,0,0
0.442352,-0.810780,0.671361,0.565206,-0.451386,-0.805221,0.578955,1,0,0,0
0.395546,-0.282174,0.689252,0.384299,-0.939867,-1.239160,0.262650,0,0,0,0
-0.205324,-1.193187,0.207693,0.435149,-1.599691,-0.508580,0.100037,0,0,1,1
0.358655,-0.400925,0.645833,0.821315,-0.641410,1.697455,0.595078,0,0,0,0
0.081975,-1.226773,-0.633327,0.968636,-1.018215,-0.920122,-0.231321,1,0,0,0
0.732665,0.555500,0.862200,-0.135836,-0.767489,0.698606,0.880415,0,0,0,0
0.466735,-0.229505,0.699059,0.216253,-0.371213,-0.624841,0.383530,0,1,1,0
0.476404,-1.358849,-0.264957,0.634569,-0.725426,-0.642652,0.013152,0,0,0,0
0.017549,-1.646966,-0.688084,0.264207,-2.192897,-0.283590,-0.482532,0,0,0,1
-0.027332,0.035547,0.614030,1.745145,0.231051,-0.439995,0.472272,0,0,0,0
-0.471050,-0.359806,0.534864,2.126641,0.757140,-0.606497,0.354753,1,1,0,0
0.841144,-0.227662,0.385899,0.059964,-0.868447,-0.701414,0.383619,0,0,0,0
0.635933,-0.755814,0.254296,-0.059022,-1.373527,-0.699466,-0.084981,0,0,1,0
0.513123,-0.087779,0.591933,-0.286474,-1.118100,-0.171821,0.486195,0,0,0,0
-0.240864,-0.552111,0.763671,0.413139,-1.009988,-0.489849,0.293020,1,0,0,1
0.866193,-0.324027,0.990571,0.025465,-0.762206,0.617586,0.799455,0,0,0,0
0.504378,-1.108019,-0.152829,0.541932,0.076484,-0.469008,0.204017,0,1,0,0
0.400317,-0.388761,0.638849,-0.207688,-1.211112,-0.480456,0.140400,0,0,0,0
0.194629,0.040547,0.890588,0.216283,0.045718,-0.631562,0.087947,0,0,1,1
0.441597,-0.288307,0.328839,0.508688,-0.917706,-0.901875,0.391588,0,0,0,0
0.206296,-0.884065,-0.779367,0.147786,-1.601998,-0.370645,-0.239448,0,1,0,0
0.396614,-0.506449,0.271578,-0.053437,0.024879,0.825287,0.257162,0,0,0,0
0.184152,-0.735737,0.334588,0.136888,0.400764,-0.635591,-0.114319,1,0,0,1
0.205134,-1.529743,-0.411534,-0.784201,-1.566210,0.037247,0.204553,0,1,0,0
-0.423490,-2.805770,-1.594544,-0.746154,-1.881403,-0.075001,-0.504145,0,0,1,0
0.473831,0.143896,0.317924,-0.547042,-0.342963,0.442190,0.489121,0,0,0,0
0.062358,-0.719677,0.459908,-0.350884,0.283353,-0.611450,0.158558,1,1,0,0
0.530464,-0.747836,0.112098,0.173718,-0.306487,-0.478032,0.562070,0,0,0,0
-0.021613,-1.760311,-0.385395,0.659844,-0.668788,-0.573229,-0.275445,0,0,1,1
0.467397,0.062824,0.596904,0.103502,0.091833,0.984823,0.809660,0,0,0,0
0.240703,-0.329151,0.296381,-0.361366,0.430920,-0.643495,1.083123,0,0,0,0
0.726670,-0.437671,0.755074,0.200444,-1.293086,0.429191,0.271787,0,0,0,0
-0.401429,-2.480952,-0.865357,0.765311,0.725683,-1.199499,-0.118744,0,0,1,0
0.894132,1.241609,1.789272,0.146885,-0.802980,0.108012,1.533020,0,1,0,0
-0.389328,-0.719218,-0.064656,1.002091,-0.345163,-0.965195,0.856803,0,0,1,1
0.849512,-0.373386,0.279526,-0.671820,-0.423017,-0.296717,0.513220,0,0,0,0
0.576571,-0.954669,0.336503,-0.191842,-1.823873,-0.749688,-0.184935,0,1,0,0
0.435135,0.065891,0.847789,0.285952,-0.142613,0.285672,0.812922,0,0,0,0
-0.460570,0.323977,1.742554,1.396731,-0.676096,-1.275512,0.204088,1,0,1,0
0.996639,0.279582,1.184080,-0.336942,-1.467294,1.278134,1.550064,0,0,0,0
0.522475,-0.492270,0.914809,0.224547,-0.987479,-0.367883,0.450313,0,1,0,0
0.641701,0.333396,0.914554,-0.438298,-1.268740,-0.025699,0.497362,0,0,0,0
0.274948,-0.229977,0.358240,-0.914357,-1.076896,-0.305200,0.173616,0,0,1,1
1.085453,0.038164,0.517521,-0.861583,-1.504089,0.075709,0.748249,0,0,0,0
0.912217,-0.083188,-0.160186,-0.630837,-1.496005,-0.361148,0.199330,0,0,0,0
0.680014,0.408047,0.096664,-1.087989,-0.768069,-0.472879,0.355761,0,0,0,0
0.069582,-0.161779,-0.277547,0.291629,-0.070739,-0.448463,-0.035028,1,0,0,0
1.037583,-0.346524,0.389327,-0.108171,-0.301206,1.996121,1.039685,0,1,0,0
0.891946,-0.197729,-0.154455,-0.120258,-0.349896,-0.124908,0.956942,0,0,1,0
0.592553,-0.648822,-0.133544,-0.576987,-0.197719,-0.335614,0.091873,0,0,0,1
-0.131479,-2.035920,-1.327802,-1.373044,0.223122,-0.210093,-0.229865,1,1,0,0
0.719489,-0.213158,-0.739224,-0.456334,-1.132064,0.265353,0.963662,0,0,1,0
0.379101,-1.062827,-1.441993,-0.345375,-1.541264,-0.419673,0.387988,0,0,0,1
0.691918,0.313804,0.443304,-0.001603,0.216088,-0.090269,0.512134,1,0,0,0
0.434770,-0.219549,0.818233,-0.281589,0.260814,-0.205436,0.549754,0,1,1,0
0.776460,-0.823400,-0.227787,-0.552963,-1.239115,0.981867,0.498261,0,0,0,1
0.401312,-0.744698,-1.090134,-1.101443,-2.908601,0.048473,0.020843,0,1,0,0
0.162330,-0.366790,0.657351,-0.110908,-0.808590,0.721564,0.287555,0,0,1,0
-0.123443,-1.473716,0.752291,-0.372534,0.404893,-0.004704,-0.216010,0,0,0,1
0.771121,-0.658823,-0.501465,-1.144742,-0.538428,0.330248,0.794010,1,0,0,0
0.722698,-1.161647,-0.659965,-0.876544,-1.144539,-0.674816,-0.326178,0,1,0,0
0.712284,0.107333,0.429650,-0.235362,0.940408,-0.505377,0.793240,0,0,1,0
0.416464,0.072168,0.279536,-0.971517,-0.389778,-0.335579,1.213342,1,0,0,1
0.974972,-0.007729,0.425281,-0.402706,-0.313178,2.437724,1.090940,0,0,1,0
0.733508,-0.175406,0.342521,-0.182581,-1.073799,-0.432979,0.631505,0,1,0,0
0.908223,0.543945,0.292652,-0.780470,-0.371585,0.037435,0.665617,1,0,0,0
0.098639,-1.352722,-0.935577,-1.010213,-0.181107,-0.276622,-0.198631,0,0,1,1
0.585084,-1.470240,-0.595511,-0.134055,0.502355,0.580100,0.504628,0,1,0,0
0.538878,-1.101490,-0.828496,0.231082,-0.751417,-0.070955,0.113877,1,0,0,0
0.788642,0.189007,0.494589,-0.798269,-0.518885,-0.362631,0.813564,0,0,0,1
0.846214,0.006821,-0.379198,-0.676801,-0.102078,-0.458830,0.574482,0,1,1,0
0.808311,-0.876907,-0.803501,-0.941149,-1.303663,-0.659651,0.385353,1,0,0,0
0.173593,-1.913873,-1.091155,-0.217481,-1.104207,-0.201543,-0.160738,0,0,1,0
0.477162,0.062100,-0.192660,-0.215363,0.370477,0.683087,0.690478,0,1,0,0
0.160527,-0.775792,-0.042999,-0.004620,0.639764,0.011735,0.424053,1,0,0,0
1.004386,0.020830,-0.134814,-0.743515,-0.826675,0.499490,0.509065,0,0,0,1
0.712055,-0.298025,0.484453,0.144052,-1.111377,-0.188982,0.239274,0,0,1,0
0.460555,0.338164,0.964681,-0.318984,-0.694406,-0.562789,0.677356,0,1,0,0
0.151765,0.252355,0.495396,-0.303389,-0.418776,0.239570,0.471792,1,0,1,1
0.888630,-0.188432,1.069866,-0.046660,-0.626262,-0.252107,0.901168,0,0,0,0
0.602944,-0.927132,-1.015407,-0.460408,0.393080,-0.927338,0.113909,0,1,0,0
0.531160,-0.687639,-0.318993,-0.846716,-0.249947,-0.256727,0.030125,0,0,0,0
0.332117,-0.324592,0.101236,-0.772723,0.095564,-0.679030,0.209320,0,0,1,1
0.286093,-0.602564,0.130518,0.473327,-0.757524,0.065650,0.747560,0,0,0,0
0.143425,-1.358979,-1.517494,0.141872,-0.522614,-0.424490,-0.256935,1,0,0,0
0.438057,0.136231,0.431463,-0.516838,-0.431409,0.132424,0.538707,0,0,0,0
0.340150,-0.044463,0.283135,-1.159973,-0.745025,-0.805106,0.150646,0,1,1,0
0.256532,-0.541220,-0.474684,-0.580107,-2.126701,-0.875431,0.064615,0,0,0,0
-0.278978,-1.742013,-1.843438,-1.382111,-2.769313,-0.589204,-0.526886,0,0,0,1
0.545170,0.331209,1.099888,-0.221755,-0.678630,1.873569,0.369122,0,0,0,0
0.406016,0.098541,0.247792,-0.442874,-0.054017,-0.578815,0.422007,1,1,0,0
0.554208,-0.206156,0.713933,0.519872,0.367396,0.152472,0.593741,0,0,0,0
-0.179281,-1.777163,-0.697182,0.932745,-0.437127,-0.646465,-0.493803,0,0,1,1
0.524129,0.355848,0.581872,-1.170251,-0.316695,0.032826,1.667363,0,0,0,0
0.383207,0.046255,0.137380,-0.341676,0.352298,-0.843615,1.176348,0,0,0,0
0.709801,-0.589958,0.792925,0.211980,-0.057882,-0.544747,0.565758,0,0,0,0
-0.168904,-1.509474,0.274511,1.164017,0.123241,-0.795370,0.071099,0,1,0,0
0.654165,0.729639,0.945205,-0.164613,-0.039299,-0.816943,1.246127,0,0,1,0
-0.395130,-0.516233,1.047165,0.097120,0.690467,-0.874196,1.116296,1,0,0,1
0.931977,0.329164,0.822499,-0.518908,-0.673602,1.872918,0.838162,0,0,0,0
0.663564,-1.025206,-0.672202,-0.875297,-0.850227,-0.788350,-0.099660,0,1,1,0
0.688137,0.458563,0.617766,-0.040062,0.961474,-0.041957,0.797938,0,0,0,0
-0.163026,-0.116695,0.931662,0.483643,0.900324,-1.043455,0.496428,1,1,0,0
0.839685,-0.053091,0.879603,-0.153087,-0.586445,-0.124469,1.489965,0,0,0,0
0.438007,-0.936284,0.584106,0.104877,-0.827532,-0.623924,0.336337,0,0,1,1
0.695728,0.228729,0.235592,-1.132781,-0.064506,-0.333980,1.228351,0,0,0,0
0.597726,-0.000476,-0.545369,-1.152062,-0.734842,-0.475405,0.464596,0,1,0,1
0.936843,0.168238,0.406307,-0.784560,-0.685299,0.701958,0.982906,0,0,0,0
0.875975,0.218778,-0.369778,-1.350607,-2.141155,-0.550815,0.365321,1,0,1,0
0.660555,0.866188,0.531146,-0.656048,-0.582225,-0.064978,0.601775,0,0,0,0
-0.516966,-0.489086,0.852953,1.213420,0.814822,-1.041096,-0.160005,1,1,0,0
0.607192,0.373477,0.412291,0.198464,0.742917,0.017745,0.691147,0,0,0,0
0.569460,0.300097,-0.412673,0.058245,0.608541,-0.675173,0.312911,0,0,0,1
0.267909,-0.412785,-1.693746,-0.022126,1.298686,-0.581613,-0.463979,0,0,0,0
0.212107,0.065869,-0.226039,1.009518,2.681722,-0.565657,-0.183838,0,0,1,0
0.356427,0.987150,-0.688897,-0.211855,0.427808,0.158456,-0.226521,0,0,0,0
-0.504295,0.324801,-0.485286,-0.367756,0.034346,-0.638044,-0.787748,1,1,0,0
0.437521,1.041831,1.851022,0.727397,0.549964,0.903727,1.890376,0,0,0,0
0.444613,0.662906,-0.071823,-0.112726,1.098464,-0.520088,1.333020,0,0,0,1
-0.005052,0.681943,-0.717076,-0.900939,-0.771460,-0.572141,-0.404934,0,0,0,0
-0.906418,-1.055225,-0.986017,-1.717651,-1.931061,-0.957966,-1.107882,1,1,0,0
0.381274,0.938368,0.292781,-0.151615,1.225844,-0.400739,1.378981,0,0,0,0
0.241207,0.495101,0.301971,0.263282,1.539114,-0.490771,0.990735,0,0,0,1
-0.286783,0.658043,-0.530251,1.355115,2.368956,-0.761620,0.254990,0,0,0,0
-1.367079,-1.585301,-1.954655,-1.341545,-0.520919,-0.796777,-1.481470,1,1,0,0
0.459995,0.748100,0.909317,0.098637,0.691248,1.659196,1.136874,0,0,0,0
0.388417,0.635598,0.383336,0.343627,0.955848,-0.455859,1.124177,0,0,1,1
-0.083076,0.203885,-0.387342,0.791353,0.837146,-0.810357,0.567410,1,0,0,0
-0.582200,0.125885,0.662516,-0.274244,0.902010,1.196578,-0.056083,0,0,1,0
-1.040796,-0.925802,-0.492408,-1.412606,-1.779939,-1.056720,-0.730869,1,0,0,0
-1.067480,-0.753712,-0.361466,-1.534352,-1.935063,0.809407,-0.526047,0,0,1,1
-0.924311,0.121182,0.762841,-0.745998,-1.671249,-0.813777,-0.478367,0,1,0,0
-0.980972,0.474770,0.766220,-0.418556,-0.789635,-0.176740,-0.407228,0,0,0,1
-0.286560,0.404563,0.442107,-1.914599,-2.224553,1.015179,-0.002554,0,0,1,0
-0.572553,-0.082254,-0.432488,-1.829357,-1.981978,-0.372116,-0.362384,1,1,0,0
-0.644835,0.202793,0.456771,-0.957039,-0.894921,-0.247799,-0.430184,0,0,0,1
-0.562892,0.640828,0.710034,-0.838272,-0.772704,2.184659,0.123061,0,1,0,0
-0.650308,0.931653,1.473057,-0.492644,-0.656456,-0.536318,0.144382,0,0,0,1
-0.721493,1.201418,1.239366,-0.337542,-0.176703,1.689126,0.006122,1,1,0,0
-0.321033,0.670805,1.899991,-0.062323,-0.834054,-0.663159,-0.164918,0,0,1,0
-0.520901,0.262629,2.157719,-0.535035,0.029432,1.173259,0.452381,1,0,0,0
-0.432237,0.857301,1.266107,-0.621216,-0.784896,1.100708,-0.078071,0,1,0,0
-0.528243,1.031291,1.882293,-0.635952,-0.456730,0.400270,1.028284,1,0,1,1
1.025159,-0.385934,0.779753,0.354183,0.009375,1.701603,1.201048,0,0,0,0
0.719284,-1.580889,-0.668476,0.500487,0.401860,-0.091784,0.024503,0,0,1,0
0.757154,-0.485549,0.073506,0.820347,-0.810938,-0.447460,0.799621,0,0,0,0
0.545309,-0.680609,0.053919,0.917366,0.113434,-0.978305,0.902553,1,1,0,0
0.605115,-0.583339,-0.112828,0.654592,-0.443590,-0.847467,1.143015,0,0,0,0
0.431622,-0.912281,-0.739181,-0.109549,-1.522196,-0.456929,0.595836,0,0,1,0
0.575634,-0.665548,-0.428983,0.083358,-0.118277,0.721929,0.154408,0,0,0,0
0.325250,-0.829105,-0.437709,0.401276,0.443646,-0.497234,0.142330,1,0,0,1
0.428295,-1.378037,-1.159582,-0.147748,-1.154659,0.298967,0.558896,0,0,1,0
-0.132662,-2.610820,-1.919839,-0.491984,-1.699257,-0.378578,-0.504205,0,1,0,0
0.626828,-0.057002,0.456537,-0.121779,-0.912568,0.249919,0.240042,0,0,0,0
0.349604,-0.542200,0.310511,0.524912,0.784109,-0.686529,0.733672,0,0,1,1
0.476827,-0.505343,0.538876,-0.432441,-0.944399,-0.629692,0.780721,0,0,0,0
-0.102612,-1.848446,0.094876,0.661226,-1.012236,-0.602526,-0.336626,1,1,0,0
0.387810,0.073299,0.854483,-0.212430,0.209316,-0.984220,1.509617,0,0,0,0
0.143174,-0.369758,-0.076774,-0.604662,0.289832,-0.865628,0.979062,0,0,0,0
0.796686,-0.227620,0.504038,-0.236477,-1.255027,0.766275,0.094851,0,0,0,0
-0.537113,-2.772232,-0.550721,0.908161,0.402290,-1.173287,-0.353568,0,1,0,0
0.769147,1.081325,1.915807,0.135903,-0.991171,0.374559,1.159900,0,0,1,0
-0.554932,-0.210599,0.269975,0.779830,-1.135058,-0.670992,1.326573,1,1,0,0
0.895652,-0.118254,0.927012,-0.118319,-0.390491,0.101583,0.591010,0,0,0,0
0.669861,-0.794065,0.081663,0.122028,-0.895622,-0.820434,-0.235956,0,0,1,0
0.430615,-0.114734,0.489588,0.224916,0.051260,0.250750,0.592378,0,0,0,0
-0.446545,0.063013,1.661087,1.380025,-0.678069,-1.407771,0.105395,0,1,0,1
0.950067,0.379916,1.011991,-0.226739,-1.488914,1.844664,1.697819,0,0,0,0
0.416579,-0.726071,1.094774,0.722984,-0.380782,-0.812562,0.405067,0,0,1,0
0.739248,0.419158,0.755736,-0.278318,-1.522091,0.459863,0.545525,0,0,0,0
0.162019,-0.660285,-0.094324,-0.471033,-0.857808,-0.649890,-0.179545,1,1,0,0
1.160520,0.295066,0.251811,-0.823618,-1.481511,0.288264,0.820043,0,0,0,0
0.886660,-0.267280,0.030994,-0.605075,-1.713251,-0.427989,0.160146,0,0,0,0
0.883503,0.571351,0.275387,-1.087270,-1.087729,-0.358697,0.714112,0,0,0,0
0.003426,-0.140296,0.934847,0.676339,-0.790235,-0.515557,-0.036236,0,0,0,1
1.132379,-0.254011,0.506701,-0.596665,-0.027452,2.060658,1.699027,0,0,1,0
0.944343,0.223922,0.467225,0.000882,-0.248808,-0.193473,1.000776,0,1,0,0
0.679774,-0.602183,0.187563,-0.266898,0.278238,-0.134394,0.582119,1,0,0,0
0.097645,-0.870296,0.251846,-1.030111,-0.574719,-0.194086,0.425682,0,0,1,1
0.851848,-0.105799,-0.163211,-0.796047,-0.298302,-0.062089,1.267649,0,1,0,0
0.504273,-0.971514,-1.169729,-0.225227,-1.592902,-0.178508,0.489036,1,0,0,0
0.724270,0.017895,0.653961,-0.285930,0.064786,-0.040307,0.535180,0,0,0,1
0.449494,-0.731352,0.521650,-0.684329,0.322481,-0.082279,0.216464,0,1,1,0
0.840878,-0.916035,-0.170817,-0.506890,-1.185522,1.164339,0.604663,1,0,0,0
0.174370,-1.587276,-1.849550,-1.784203,-3.767852,-0.389421,-0.003951,0,0,1,0
0.220538,-0.330879,-0.636558,-1.346119,-2.059264,0.679268,-0.113026,0,1,0,0
-0.280375,-1.457567,-0.035356,-0.425555,-0.651392,-0.449720,-0.693927,1,0,0,0
0.919277,-0.395038,-0.111416,-1.044170,-0.810592,0.789730,0.656378,0,0,0,1
0.906656,-0.291945,0.340154,-0.644699,-0.734045,0.113535,0.479410,0,0,1,0
0.637804,0.027259,0.758663,-0.496113,0.524598,-0.624233,0.826608,0,1,0,0
0.247534,-0.283579,1.054727,-0.351416,0.645798,0.077894,1.139900,1,0,0,1
0.740230,-0.801936,-0.247067,-0.581704,-0.822776,0.206010,0.936702,0,1,0,0
0.727256,-0.119143,0.891787,0.266927,-0.356077,-0.235031,0.653276,0,0,1,0
0.861602,0.503189,-0.486203,-0.749257,0.106723,0.354459,0.713755,0,0,0,1
-0.039056,-1.339800,-0.475827,-1.005460,-0.126141,-0.359857,-0.150264,1,1,0,0
0.658029,-1.231905,-1.105244,-0.605006,0.151721,0.929162,0.760960,0,0,1,0
0.432167,-0.895284,-0.409038,0.780719,-0.863191,-0.084794,0.066542,0,0,0,1
0.895630,0.749377,0.361099,-0.696218,-1.072837,0.344326,0.928610,1,0,0,0
0.805308,-0.010458,0.251456,-0.348147,0.875407,-0.012063,0.654595,0,1,1,0
0.759018,-1.249806,-1.325372,-0.622548,-1.223613,-0.557299,0.352066,0,0,0,1
0.223701,-1.594260,-1.263190,-0.094953,-0.846941,-0.482508,-0.366619,0,1,0,0
0.514832,-0.082400,-0.139694,-0.204942,-0.183897,1.474528,0.783118,0,0,1,0
0.229573,-0.234507,-0.825477,-0.999346,-0.895020,-0.177088,0.910227,0,0,0,1
0.984027,-0.388014,-0.127285,-0.663837,-0.097919,0.638171,0.877552,1,0,0,0
0.691639,-0.306331,0.173425,0.042076,-0.254430,-0.774511,-0.099130,0,1,0,0
0.665608,0.059937,0.232833,-0.463662,0.893638,-0.055378,0.692457,0,0,1,0
0.302679,-0.091052,0.255207,-0.238366,0.876908,0.402569,0.501392,1,1,0,1
0.900767,-0.496880,0.425827,-0.460417,-0.622109,0.219185,0.621941,0,0,0,0
0.581332,-1.017934,-0.989205,-0.618502,-0.538680,-0.667573,-0.042785,0,0,1,0
0.350209,-0.555986,-0.481587,-0.677985,-0.319024,-0.077290,-0.149391,0,0,0,0
0.162428,-0.633463,0.280761,-0.115194,0.128833,-0.858285,-0.291820,1,1,0,0
0.378957,-0.458358,0.347010,0.023858,-0.559131,0.415444,0.705880,0,0,0,0
0.185073,-1.456985,-1.226369,-0.431071,-0.518776,-0.687909,-0.140664,0,0,0,1
0.563838,0.704347,0.362153,-0.317239,-0.106662,0.494954,0.721821,0,0,0,0
0.275950,0.314748,0.776415,-0.249921,0.206705,-0.818363,0.377807,0,1,1,0
0.101658,-0.815272,-0.172156,-0.295559,-2.599052,-0.691256,0.312170,0,0,0,0
-0.335146,-1.715612,-1.352736,-1.157160,-3.264253,-0.270776,-0.259611,1,0,0,0
0.417429,0.139185,0.119768,-0.748195,-0.663702,-0.551540,0.099359,0,0,0,0
0.113781,-0.747493,0.074968,-0.092130,0.040879,-0.611371,-0.278781,0,0,1,1
0.647598,-0.026056,0.390792,0.286411,-0.157086,0.265066,0.969278,0,0,0,0
0.093596,-1.649072,-1.086579,0.446834,-0.237794,-0.891798,0.287647,1,1,0,0
0.421905,-0.049051,0.851611,-0.198378,-0.215980,-0.486507,0.997057,0,0,0,0
0.271744,0.091941,1.150579,-0.377727,0.010836,-0.775788,1.314338,0,0,0,0
1.160737,0.535364,0.079274,-0.521480,-0.125763,0.380258,0.918041,0,0,0,0
0.712696,0.013933,-0.197917,0.639403,0.056229,-0.552991,0.671107,0,0,1,0
1.016560,0.526029,0.416984,0.759045,0.210432,-0.918772,1.625533,0,1,0,0
0.558167,1.042979,0.037517,-0.980375,0.318081,-0.405021,1.205271,1,0,0,1
1.047914,0.189991,0.349428,-0.293033,-0.322369,0.811585,0.756953,0,0,0,0
0.687614,-1.034413,-0.696785,-0.740153,-1.665919,-0.405759,-0.099563,0,1,1,0
0.824496,0.703201,0.980923,0.498910,0.053809,0.129208,1.540736,0,0,0,0
-0.139423,-0.197123,1.447158,1.328824,-0.224683,-1.162535,0.750395,0,0,1,1
1.124155,-0.428309,0.643240,-0.348117,-0.744871,0.820271,0.881971,0,0,0,0
0.924466,-0.420753,0.176884,-0.547095,-0.706215,-0.631072,0.851325,1,0,0,0
0.935284,-0.553329,-1.172212,-1.318402,0.204052,-0.188626,0.200160,0,0,0,0
0.967213,-0.387429,-1.362523,-1.555400,-0.427257,-0.060433,-0.115685,0,1,0,0
1.170731,0.222355,0.956729,-0.889156,-0.449982,0.938734,1.304883,0,0,0,0
1.106817,-0.238262,-0.060676,-0.406977,-0.826040,-0.334398,0.743681,0,0,1,0
1.069139,0.198035,-0.203650,-0.678773,0.080185,-0.503785,0.640251,0,0,0,0
0.343242,-0.177615,-0.166247,-0.098994,0.424462,-0.740856,0.014643,1,1,0,1
1.292550,-0.248782,0.722491,0.862103,-0.829623,0.043542,1.629442,0,0,0,0
1.086977,-1.184073,0.207064,1.202052,-0.233788,-0.631914,0.599118,0,0,0,0
0.746809,-1.083354,-0.739875,1.049968,-0.582761,-0.316688,-0.128245,0,0,0,0
0.574450,-0.822818,-0.583946,0.999141,-0.842290,-0.181516,-0.238200,1,1,0,1
0.932404,-0.045060,0.678298,1.009381,-0.453305,0.557692,0.987848,0,0,0,0
0.593208,-0.607075,-1.003213,0.430103,-1.063367,-0.416356,0.567788,0,1,1,0
0.705259,0.026087,0.792366,0.409395,-1.009498,-0.054218,1.170829,0,0,0,0
0.524555,-0.622892,0.821633,0.873751,-0.690004,0.307462,0.538364,1,0,1,1
1.149809,-0.421278,0.180125,0.139130,-1.472257,0.015134,0.808210,0,0,0,0
0.842521,-0.538325,-0.016556,0.442110,-1.849338,-0.714292,-0.032719,0,1,1,0
0.209018,0.209024,0.131243,1.348286,-1.295662,-1.014650,1.659809,0,0,0,0
-0.261754,-0.708718,-0.398532,2.017556,-0.019575,-0.979334,0.571518,1,1,0,1
0.916261,0.196605,0.573007,0.021845,-1.354663,-0.493681,0.455572,0,0,0,0
0.675832,-0.114866,0.545989,0.472929,-0.995470,-0.729245,-0.195506,0,1,1,0
0.439080,0.173269,0.997251,0.314599,-0.785151,-0.206824,0.759676,0,0,0,0
-0.283705,-0.600546,0.600137,0.619007,-0.768151,-0.680372,1.013553,1,0,1,1
1.005621,-0.538327,0.219753,0.712509,0.012955,0.153217,1.345005,0,0,0,0
0.851134,-0.498875,0.361487,0.571678,-1.001439,-0.518490,1.096890,0,0,0,0
0.532887,-0.922370,0.304835,1.051193,-0.838741,-0.611013,0.368486,0,0,0,0
0.042282,-1.658344,-0.863229,0.590416,-2.658049,-0.294943,-0.659759,1,0,1,1
0.585979,-0.241302,0.937477,1.697906,-0.244568,-0.557794,1.038954,0,0,0,0
0.275580,-0.646582,-0.102364,2.217245,-0.335666,-0.780358,0.503922,1,0,1,0
0.906171,0.708356,0.642215,-0.155394,-0.899797,1.391906,1.389694,0,0,0,0
0.529278,-0.275041,-0.181009,-0.110922,-0.277516,-0.819117,0.904678,1,1,0,1
0.829833,-0.640860,0.211728,0.348412,-0.290518,0.299671,0.578200,0,0,0,0
-0.135853,-2.829515,-1.871712,0.098492,-2.051905,-0.475585,-0.944951,0,1,0,1
-0.033920,-0.060496,0.874231,1.791540,-0.100027,-0.495655,1.262311,0,0,0,0
-0.372749,0.009347,0.651647,1.513074,-0.343266,-0.312252,1.121380,1,0,1,1
0.959965,0.276969,1.137614,0.308808,-1.112994,-0.574164,0.639769,0,0,0,0
0.762539,-0.655787,0.231712,-0.276612,-1.376885,-0.505355,0.118665,1,0,1,0
0.611215,0.326006,0.944539,-0.212429,-0.446337,0.053365,1.138683,0,0,0,0
-0.119618,-0.291414,0.891325,0.750211,-0.676814,-0.430328,0.840746,1,0,1,1
1.228188,-0.383980,0.635339,0.803137,-0.180182,1.904707,1.264232,0,0,0,0
0.752343,-1.593832,-0.676236,1.358028,-0.439357,-0.556037,0.003090,0,0,0,0
0.592612,-0.851914,-0.387130,0.816130,-0.761563,-0.461456,0.287597,0,0,0,0
0.597670,-0.390243,-0.177404,1.078433,-0.564294,-0.456304,0.290137,1,0,1,1
0.609349,-0.500123,-0.216859,0.680739,-0.732123,-0.837611,0.596663,0,0,0,0
0.286310,-1.262022,-1.169757,0.512554,-1.509084,-0.568949,-0.252684,1,1,0,0
0.535245,-0.868487,-0.947041,-0.011497,0.502422,-0.771813,0.672954,0,0,0,0
0.251173,-1.044042,0.218321,0.580732,0.060413,-0.200375,-0.315068,1,1,0,1
0.564188,-1.265540,-1.277588,0.399370,-0.876324,0.464371,0.086782,0,0,0,0
-0.136664,-3.461607,-2.629664,-0.436819,-1.098997,-0.150765,-0.981272,0,0,1,1
0.600198,-0.224025,0.586546,0.512586,1.060514,0.050165,0.831304,0,0,0,0
0.294553,-0.906304,0.049319,0.869500,1.870136,-0.610564,0.062110,1,0,1,1
0.604297,-0.598652,0.362193,0.257036,-0.086333,-0.205252,0.613425,0,0,0,0
-0.276721,-2.312461,-0.999933,1.605723,1.020182,-0.619142,-0.213262,1,1,0,0
0.368247,-0.505360,0.370286,0.378410,0.958465,-0.684737,0.998649,0,0,0,0
0.035615,-1.038755,0.448214,0.155338,1.246096,-0.466826,0.990261,0,0,1,1
1.324754,0.622236,0.998560,0.885891,-0.183783,1.414297,1.574519,1,0,0,0
0.469404,-1.419959,-0.349676,2.427314,1.184827,-0.892271,0.932995,0,0,1,0
1.137381,0.825630,1.248874,0.916350,-0.156938,0.772042,1.000036,1,0,0,0
0.215302,-1.303361,0.308442,2.436284,2.132267,-0.247779,0.634949,0,0,1,1
1.170277,-0.608531,0.904437,-0.015821,0.135712,-0.254128,1.050572,0,1,0,0
0.830307,-1.044944,0.100007,1.068311,0.517859,-0.404074,0.634579,0,0,0,1
0.579665,-0.552933,-0.014981,1.288350,1.200814,0.030189,1.708990,0,0,1,0
-0.006849,-0.111403,0.958667,1.798398,1.051775,-0.568553,1.586449,1,1,0,0
1.416644,0.629106,1.103291,-0.437701,-1.040918,1.780088,1.498912,0,0,0,1
0.810606,-0.873893,0.662127,0.793001,0.147673,-0.666402,1.501955,0,1,0,0
1.028129,1.082639,0.898253,-0.045524,-0.958729,0.102017,1.361729,0,0,0,1
0.503771,0.018442,0.332305,0.199996,-0.804302,-0.328373,1.039352,1,1,0,0
1.212599,0.608698,0.250228,-0.359376,-0.237656,0.399341,1.466933,0,0,1,0
1.103236,0.679319,0.746068,0.610546,0.190879,0.527991,1.597590,1,0,0,0
1.054562,0.741061,0.980034,-0.603821,-0.977249,-0.639270,1.929245,0,1,0,0
0.681658,0.505675,-0.186823,0.144574,-0.091690,0.462273,1.636720,0,0,1,1
1.203290,-0.006972,0.880321,0.896998,-0.013330,2.985197,1.695855,1,0,0,0
1.311057,-0.243574,-0.872656,-0.103792,-0.616937,-0.198994,0.959098,0,1,0,0
0.944273,-0.904563,-0.835329,-0.228047,-0.770504,-0.287405,0.841751,0,0,1,0
0.094650,-2.530836,-2.106460,-0.023693,-0.249171,-0.614367,0.484949,1,0,0,1
0.758828,-0.542599,-0.906555,0.143317,0.020836,0.575083,1.461513,0,1,0,0
0.639818,-0.491372,-1.082304,0.403932,-0.621303,-0.172986,1.291509,0,0,1,0
0.756124,-0.145656,-0.234900,-0.174343,-0.403296,-0.418405,1.019336,0,0,0,1
0.629705,-0.242598,0.309245,-0.434271,-0.247958,0.279984,2.037633,1,1,0,0
1.076699,-0.829912,-0.733729,-0.656149,-0.642031,-0.040684,0.708018,0,0,1,0
0.866606,-0.628367,-0.791243,-0.692488,-1.169517,-0.264604,0.371075,0,0,0,1
0.460321,-0.290861,0.667342,-0.319007,-0.318040,0.003255,1.127958,0,1,0,0
-0.053015,-2.082362,-0.917588,-0.371141,0.642534,-0.407889,0.485531,0,0,1,0
0.859534,-0.704482,-0.033540,-0.115124,0.843955,0.697908,1.066971,0,0,0,1
0.914061,-0.232976,0.692342,0.162225,-0.043026,0.468465,0.799286,1,0,0,0
0.793263,0.359543,0.698085,-0.903177,-0.159524,-0.780599,1.039782,0,1,0,0
0.539836,0.116841,-0.254682,-1.232032,-0.256870,0.001351,0.952583,0,0,1,1
1.024299,-0.960834,0.049784,0.872207,1.390216,-0.543300,1.538108,1,0,0,0
1.090078,-0.510586,-0.977258,-0.109139,-0.755167,-0.443874,1.146343,0,1,0,0
0.867014,-0.568171,-0.960082,-0.302281,-0.553117,-0.225924,0.645264,0,0,1,0
0.118045,-2.431513,-3.261616,-1.043448,-1.789061,-0.467206,-0.539714,1,0,0,1
0.864261,-0.305355,-0.314163,0.226117,-0.119080,1.056783,1.395003,0,1,0,0
0.667857,-0.410590,0.047339,0.837632,0.021053,-0.739351,0.603903,0,0,1,0
0.962541,-0.004588,-0.529282,-0.804858,-0.420312,-0.049791,0.636058,0,0,0,1
0.862398,-0.089709,-0.988677,-0.763228,-0.257352,-0.250361,0.522439,1,1,0,0
1.245182,-0.646235,-0.337239,-0.481204,-0.039427,-0.306774,0.749149,0,0,1,0
0.619106,-0.836658,0.039891,1.505282,-0.442016,-0.160369,0.225993,0,0,0,1
0.638344,0.277817,-0.251151,0.117454,0.252079,0.810698,1.153821,1,0,0,0
0.179640,-0.901627,-0.815901,-0.540037,-0.195282,-0.144952,1.169622,0,1,0,0
1.005963,-0.432305,-0.337044,-0.913232,-0.475421,1.150500,0.746680,0,0,1,0
0.719129,-0.389811,-0.547859,0.278915,-0.028460,-0.557654,0.119632,0,0,0,1
0.555309,0.189042,0.460141,0.289596,1.705943,-0.677315,1.236071,0,1,0,0
0.297764,0.444931,0.651493,-0.153726,-0.132995,0.078586,0.956352,1,0,1,1
1.204563,-0.353906,0.901427,0.344634,-0.005648,-0.199410,1.157219,0,0,0,0
1.045477,-0.948434,-0.861110,0.358587,-0.817740,-0.810185,0.211383,0,1,0,0
0.620062,-0.907336,-0.814033,-0.193486,-0.514219,-0.824865,0.167310,0,0,0,0
0.481621,-0.687126,-0.917561,-0.327383,-0.543395,-0.630713,0.224835,0,0,1,1
0.614311,-0.278645,-0.513378,0.781284,-0.714829,0.216841,1.017221,0,0,0,0
0.282446,-1.322341,-1.356723,0.306003,-1.434982,-0.660740,-0.094394,1,0,0,0
0.638898,0.151106,0.217471,0.928725,0.265404,-0.016297,0.747163,0,0,0,0
0.485803,0.187691,-0.393249,0.117587,-0.135227,-0.448575,0.100520,0,1,1,0
0.582820,-0.987826,-0.645239,-0.289566,-2.268766,-0.665279,-0.056740,0,0,0,0
0.063240,-1.734194,-2.169459,-0.675526,-3.233685,-0.401721,-0.589674,1,0,0,0
0.612713,0.279455,0.103714,-0.502395,0.123494,-0.614578,0.827315,0,0,0,0
0.191203,-0.303259,0.297904,-0.131545,0.142642,-0.648112,0.049272,0,0,1,1
0.632528,0.120505,0.565373,0.245574,-0.729270,0.738658,0.606820,0,0,0,0
-0.143938,-1.689593,-0.795051,0.592222,-0.365522,-0.717509,-0.429302,1,1,0,0
0.482455,0.109121,0.869692,-0.581482,-0.318115,-0.257509,1.221419,0,0,0,0
0.541274,0.390768,0.605613,-1.280108,-0.447851,-0.936604,1.319541,0,0,0,0
1.292571,-0.279889,0.010190,0.107567,0.252129,-0.027552,1.269033,0,0,0,0
0.836384,-0.767807,-0.882127,0.942295,-0.414871,-0.668175,0.698765,0,0,1,0
0.965383,-0.463110,-0.533776,0.365716,-0.541224,-0.219431,0.471059,0,1,0,0
0.642257,0.439032,-1.064674,-0.431217,-0.303445,-0.545922,0.347407,1,0,0,1
1.093967,-0.089612,-0.092828,-0.387912,-1.177135,1.270885,0.737726,0,0,0,0
0.734117,-1.529927,-0.688752,-0.473570,-1.027180,-0.484396,0.040878,0,1,0,0
0.762326,-0.222526,0.357513,0.773927,-0.221446,-0.149647,0.975939,0,0,0,0
0.003084,-0.666396,0.619093,1.118918,0.670610,-0.996129,0.369756,0,0,1,1
1.242920,-0.669721,-0.120782,0.083272,-0.425260,0.601737,1.008571,0,0,0,0
0.946041,-1.183252,-0.863034,-0.852372,-1.186277,-1.002652,0.352147,1,0,0,0
0.957102,-0.387900,-0.158252,-1.191880,-0.338071,-0.804506,1.554806,0,0,0,0
0.877463,-0.199178,-0.846528,-1.090696,-0.597888,-0.147081,0.944505,0,1,0,0
1.038170,-0.197472,-0.095825,-0.871757,-0.284653,0.747029,0.466781,0,0,0,0
1.059294,-0.025376,0.142288,-0.995676,-0.512568,-0.121971,0.611231,0,0,1,0
1.102511,0.269254,0.037887,-1.029341,-0.563150,-0.236905,0.993363,0,0,0,0
0.464045,-0.251999,0.008692,0.437589,0.369492,-0.424306,-0.003567,1,0,1,1
1.240923,-0.190918,0.314935,1.089592,0.008199,1.132499,1.316145,0,0,0,0
1.168354,-0.420556,-0.093313,0.888551,-0.376936,-0.190001,1.083596,0,0,0,0
0.717847,-0.670873,-0.789905,0.716641,0.934804,-0.438901,0.835601,0,0,0,0
0.401273,-0.823921,-0.404144,0.867992,-0.693564,-0.430067,-0.160291,1,0,1,1
0.736848,0.008414,0.543112,1.053247,-0.468822,-0.511240,1.075104,0,0,0,0
0.412474,-0.666215,-1.247766,0.733101,-0.942774,-0.484750,0.202067,1,1,0,0
0.512912,-0.200320,0.521474,0.948051,0.392315,0.236323,0.216169,0,0,0,0
0.317275,-0.292621,0.926445,0.902142,0.432388,-0.249857,1.153263,1,1,0,1
1.024598,-0.143898,0.359156,0.413142,-1.366594,0.142168,0.510054,0,0,0,0
0.767485,-0.358026,0.065447,0.061631,-2.033285,-0.565925,-0.296974,0,0,1,1
0.023980,0.023033,0.372968,1.047955,-0.539451,-0.907831,0.668484,0,0,0,0
-0.492404,-0.684956,-0.578813,1.104895,-0.096665,-0.429427,0.313013,1,0,1,1
0.663925,-0.081224,0.463609,-0.044908,-0.816935,-0.605211,0.092648,0,0,0,0
0.556150,-0.341486,0.250133,0.227335,-1.083476,-0.506226,-0.500821,1,1,0,0
0.481019,0.612376,0.866055,-0.075327,-0.424261,0.002828,0.918132,0,0,0,0
-0.165074,-0.183436,0.647633,0.908552,0.322982,-0.092843,0.786607,1,0,1,1
1.067691,-0.641786,0.165041,0.393191,-0.879619,0.653600,1.061500,0,0,0,0
1.102954,-0.309564,-0.200530,0.059181,-1.649414,-0.603121,0.788212,0,0,0,0
0.692862,-0.362487,-1.307830,-1.070276,-2.357155,-0.665962,-0.650586,0,0,0,0
0.309130,-0.897529,-1.403570,-0.926203,-4.058018,-0.440475,-0.731066,1,0,1,1
0.674285,-0.015900,0.414736,1.016398,-0.626487,-0.490943,0.668348,0,0,0,0
0.423444,-0.520833,-0.441403,0.992372,-0.905039,-0.824725,-0.045100,1,0,0,1
0.779819,0.199680,0.524601,-0.227130,-1.419309,0.921936,1.032952,0,0,0,0
0.458740,0.124604,0.587904,0.260687,-0.122542,-0.614143,0.333691,1,1,0,1
0.945750,-0.188688,0.523907,0.238473,-0.884845,0.207213,1.052090,0,0,0,0
0.079518,-1.564623,-0.459236,1.268268,-0.990861,-0.713824,0.468178,0,1,1,0
-0.065346,-0.444416,0.158137,1.304870,-0.074490,-0.660039,0.478141,0,0,0,0
-0.501898,0.104641,0.764476,1.224187,-0.079158,-0.426834,0.072871,1,0,1,1
0.780772,-0.104129,1.171542,0.685118,-0.319330,-0.434756,0.930260,0,0,0,0
0.776637,-0.265968,0.601168,0.285927,-0.357920,-0.384029,0.589496,0,1,1,0
0.458396,0.016237,0.651698,-0.080337,-0.307012,-0.840101,1.062203,0,0,0,0
-0.066852,-0.614228,0.059212,0.591394,-0.104738,-0.586886,0.361925,1,1,0,1
1.172890,-1.061724,-0.219858,0.459548,-0.050772,1.463542,0.874486,0,0,0,0
1.079212,-1.092796,-1.398696,0.080217,-0.617022,-0.034003,0.024512,0,0,0,0
0.752975,-0.613048,-1.064433,-0.074239,-0.967485,-0.563593,0.179654,0,0,0,0
0.295778,-0.810289,0.091192,1.111021,-0.084434,-0.566747,-0.247144,1,0,1,1
0.609627,-0.655475,-0.201742,1.098866,-0.933913,-0.696900,0.722591,0,0,0,0
0.471518,-1.061334,-1.330092,-0.136927,-1.634943,-0.697602,-0.058250,1,0,1,0
0.462501,-0.626282,0.309323,1.177878,0.747669,-0.964541,0.779495,0,0,0,0
0.315591,-0.705897,0.227249,0.955960,0.886605,-0.371901,0.009709,1,1,0,1
0.561414,-1.171429,-0.981731,0.689164,-1.145163,0.687119,0.067399,0,0,0,0
-0.143372,-2.684106,-2.638962,-0.034900,-2.250474,-0.256859,-1.049207,0,1,0,1
0.574821,-0.481592,-0.235854,-0.016322,0.500296,0.489473,0.274105,0,0,0,0
0.183924,-1.097881,-0.549172,0.038685,0.831996,-0.501875,-0.349163,1,0,1,1
0.528893,-0.584369,0.458010,0.609109,0.856560,-0.964184,0.866878,0,0,0,0
-0.266420,-2.124886,-1.066649,1.434039,0.001665,-0.690775,0.232469,1,0,1,0
0.357801,-0.552757,0.464190,0.345238,1.102912,-0.663009,0.952434,0,0,0,0
0.398387,0.079172,-0.198824,-0.429600,0.222589,-0.488284,1.181857,1,1,0,1
1.399535,0.557407,0.402896,0.255140,-0.642576,1.330657,1.370955,0,0,0,0
0.770202,-1.077149,-1.511613,0.147471,-1.156692,-0.908282,0.452339,0,0,1,1
1.353583,1.016704,0.679415,0.279762,-0.356419,0.659027,1.059744,0,0,0,0
0.557947,-0.727439,-0.836447,0.100075,-0.253374,-1.162380,0.057551,1,0,1,1
1.185998,-0.763528,-0.139944,-0.181953,0.097408,0.384583,0.934955,0,0,0,0
1.067712,-0.739487,-0.730899,0.068916,-0.561133,-0.343787,0.233626,1,1,0,0
0.575665,-0.795516,-0.773700,0.456860,0.935668,-0.243795,1.149133,0,0,0,0
-0.075022,-0.503464,0.815982,1.979902,1.107107,-1.275227,1.101343,1,1,0,1
1.401950,0.229844,0.568277,-0.927638,-1.450776,2.459770,1.024090,0,0,0,0
0.521223,-1.878795,-0.371165,0.480156,0.083884,-0.553026,-0.138741,0,0,1,1
1.027991,0.654916,0.667133,0.159161,-0.601615,0.494636,0.971703,0,0,0,0
0.142841,-0.860258,-1.555625,-0.714318,-0.835637,-0.664158,-0.562507,0,1,0,0
1.098631,0.303836,-0.166954,-1.404974,-1.876226,0.893427,0.437639,0,0,0,0
1.070806,0.150469,-0.319431,-0.426509,-0.954450,-0.273775,0.526517,0,0,1,0
1.139542,0.531887,0.413649,-0.610215,-0.637800,-0.304701,1.613375,0,0,0,0
0.539045,-0.241395,0.320370,0.502621,0.121563,-0.514538,0.429851,1,1,0,0
1.386057,-0.104393,0.670490,0.583265,-0.385672,-0.011077,1.194111,0,0,0,1
1.254818,-0.225457,0.133149,1.183388,0.011604,-0.543634,1.171559,0,0,1,0
1.307381,-0.011232,0.283536,-0.222071,-0.399194,0.088126,0.809289,0,1,0,0
0.804114,-1.154804,-1.710245,-1.531490,-2.755140,-0.435346,-0.159812,1,0,0,1
1.197190,0.314703,-0.292708,0.093564,-1.174151,0.794372,0.857633,0,0,1,0
1.171732,0.341697,-0.553799,0.109516,-0.751764,-0.073398,0.684640,0,1,0,0
1.111352,0.300134,0.574371,0.213493,-0.079360,-0.405680,1.392384,1,0,0,0
0.882640,-0.666238,-0.272221,-0.112717,-0.314214,-0.038767,1.213380,0,0,1,1
1.158193,-0.845501,-0.996941,-0.444897,-0.346137,-0.126494,0.648704,0,1,0,0
0.800827,-1.016176,-1.138626,-0.253317,-0.469197,-0.040663,0.029474,1,0,0,0
0.823210,-0.211951,0.191691,-0.437048,0.056490,0.447501,1.205722,0,0,1,0
0.163882,-1.750603,-1.461647,-0.801582,-0.812697,-0.405086,1.013202,0,1,0,0
0.942134,-0.330021,-0.277464,-0.522305,0.287803,1.302241,0.983187,1,0,0,0
0.921817,-0.166439,-0.099750,-0.560598,-0.608971,-0.448765,0.737591,0,0,0,1
0.925443,0.131335,0.235177,-0.438996,-0.182969,-0.557885,1.140593,0,0,1,0
0.438906,-1.159106,-0.110087,0.243386,0.649918,-0.382483,0.930260,1,1,0,0
1.355718,-0.203956,-0.505142,0.010475,0.574581,0.120621,1.450436,0,0,0,1
1.323559,-0.120878,-0.696023,-0.312468,-0.260955,-0.294264,1.249829,0,0,1,0
1.225159,-0.288606,0.143578,0.154455,0.402975,0.485347,1.113727,0,1,0,0
0.632846,-1.370933,-1.670222,-1.015166,-1.030663,-0.112358,0.113078,1,0,0,1
1.049487,-0.570490,-0.663326,-0.004925,0.152036,1.041537,1.254265,0,0,1,0
0.796505,-0.710464,-0.372165,0.800813,1.038731,-0.277820,0.740276,0,1,0,0
1.130502,0.132783,0.005230,0.097868,0.299872,-0.436519,0.975637,1,0,0,0
1.018891,-0.967565,-0.541944,-0.214940,0.024941,-0.370544,0.553452,0,0,1,1
1.156820,-0.864438,-0.565551,0.200560,0.796596,0.250870,0.936421,0,1,0,0
0.686436,-0.779569,0.082420,1.003185,-0.793118,-0.580577,0.385600,1,0,0,0
0.737092,0.042459,0.807693,-0.042411,-0.261452,-0.981350,1.392295,0,0,0,1
0.530527,-0.672447,-0.754877,-0.820156,-1.355072,-0.268792,1.322477,0,1,0,0
0.951706,-0.386565,-0.455157,-0.791396,-0.269986,1.216085,0.638180,1,0,0,0
0.661524,-0.330454,0.028752,0.245094,-0.391623,-0.650981,0.061575,0,0,0,1
0.711884,0.259106,0.638551,-0.177373,0.701572,-0.438369,1.457120,0,0,1,0
0.613010,-0.696631,0.622780,0.309463,0.335677,0.170700,0.845414,1,0,0,0
1.200301,-0.523159,0.186386,0.371801,-0.172818,0.055094,0.787790,0,1,0,0
1.170335,-0.187572,-0.323420,0.332246,-0.277090,0.256183,0.486991,0,0,0,1
1.071988,-0.338795,-0.412140,0.093865,-0.503808,-0.565191,0.368442,0,0,1,0
0.936822,-0.322019,-0.958893,0.006951,-0.136242,0.000241,0.106293,1,0,0,0
0.818089,-0.079128,0.140614,0.457789,-0.868913,0.365622,0.643372,0,1,0,0
0.606686,-0.426566,-0.303392,0.883884,-0.684158,-0.693924,-0.092428,0,0,0,1
0.894690,0.313607,0.462957,0.111108,0.227146,-0.069936,1.091991,0,0,1,0
0.858207,0.348113,0.357878,-0.053158,-0.819381,0.179488,0.558604,1,0,0,0
0.572113,-0.876813,-1.267266,-0.994162,-2.671090,-0.569502,-0.154212,0,1,0,0
0.279366,-1.396064,-0.419653,-0.198087,-2.350148,0.225635,-0.437398,0,0,0,1
0.791104,-0.038355,0.101223,-0.109815,-0.235559,-0.244884,0.674347,0,0,1,0
0.453987,-0.799444,0.181256,0.565921,1.247421,-0.276824,-0.262957,1,0,0,0
0.517262,-0.423102,-0.625723,-0.705187,-0.361388,0.182823,0.822439,0,1,0,0
-0.021256,-1.109262,0.122226,0.780597,-0.395054,-0.822108,0.254642,0,0,0,1
0.745468,0.251244,1.149266,-0.339945,-0.248563,0.849327,1.617149,0,0,1,0
0.657622,0.162336,0.607742,-0.373567,0.043144,-0.521421,0.446673,1,1,0,0
1.156904,-0.015994,1.079240,0.609026,-0.693749,-0.365808,1.453677,0,0,0,1
1.043501,0.406808,0.468620,0.410407,-0.673036,0.306903,1.316340,0,1,0,0
1.234174,0.577116,0.313513,-0.312291,-1.092951,-0.531489,0.904729,0,0,0,1
0.888531,0.293703,-0.023489,-0.359457,-0.857042,-0.198366,0.878907,1,1,0,0
1.297933,0.678114,0.597901,-0.134662,-0.988396,1.087023,1.377772,0,0,1,0
1.006300,-0.249746,-0.460340,-0.456124,-0.942075,-0.295963,1.205363,1,0,0,0
0.908968,0.358800,0.679248,0.132483,-0.127071,-0.081115,1.688858,0,1,0,0
0.583400,0.116821,1.380886,0.789706,-0.558973,-1.078000,1.418096,0,0,1,1
1.085967,-0.251445,0.161939,0.354448,-0.040087,0.156650,0.983163,1,0,0,0
0.892421,0.048064,1.126300,0.646519,0.115103,0.387400,1.510735,0,0,1,0
1.035652,0.114564,0.514493,-0.175278,-0.247776,-0.478470,1.262974,1,0,0,0
1.082415,0.405901,-0.035576,-0.105104,0.284035,-0.377093,0.957954,0,0,1,1
1.048308,0.389035,0.308839,-0.266605,-0.713761,-0.841570,0.929076,0,1,0,0
0.904898,0.089891,0.669269,0.200293,-0.272186,-0.287964,1.411984,0,0,0,1
0.761943,0.470544,1.437922,0.692632,0.661397,0.003681,2.132037,0,0,1,0
0.246475,0.228585,1.534989,1.178818,0.679961,-1.032509,2.106124,1,0,0,0
0.468443,0.236842,-0.123214,0.455850,0.571989,0.010504,0.821055,0,0,0,0
-0.093124,0.192871,-0.221926,-0.325723,0.860488,-0.349829,-0.502417,0,0,0,0
-0.095366,0.203880,0.215289,0.144718,1.282104,-0.403613,0.069158,0,0,0,0
0.021735,1.035382,0.752354,-0.045092,1.085626,-0.336610,0.561943,0,1,0,0
-0.335361,-0.054047,0.207543,0.382616,2.099491,-0.223456,0.576074,0,0,1,0
-0.341349,0.037486,0.368030,0.997356,1.809846,-0.110639,0.307807,0,0,0,1
-0.338931,0.061754,0.624270,0.190738,0.863055,0.296529,0.448369,1,0,0,0
-0.325640,0.136809,1.186861,0.507142,2.130087,-0.583276,0.208115,0,1,0,0
-0.351690,0.148911,0.686337,0.213766,2.108012,-0.611311,-0.273360,0,0,1,0
-0.212522,-0.215840,0.816896,0.506316,1.646714,-0.592507,-0.454158,0,1,0,0
-0.262965,-0.397627,0.231971,0.321688,1.990896,-0.588191,-0.524385,1,0,0,0
-0.343588,-0.496929,0.126020,-0.160438,1.290616,-0.658513,-0.622368,0,0,0,1
-0.333900,-0.245453,0.730232,-0.417699,0.720094,-0.725218,-0.567559,0,0,1,0
-0.425809,-0.726528,0.052367,-0.607249,1.110694,-0.557377,-0.694611,0,1,0,0
-2.195835,-1.164792,-0.775359,-0.009196,2.840014,-0.611276,-0.810904,1,0,0,0
-2.437204,-1.235602,-1.982431,0.083502,3.116559,-0.037407,-1.422977,0,0,0,1
-0.130746,1.209307,1.143666,-0.107789,0.711312,2.612657,-0.351143,0,0,0,0
-0.362238,0.453908,0.597148,-0.412430,1.147528,-0.821171,-0.957578,0,0,0,0
-0.374757,0.054902,-0.379923,-0.472406,1.172814,-0.690918,-1.023716,0,0,0,0
-0.384224,0.439167,-0.123105,-0.483840,1.042192,0.037974,-1.084797,0,0,1,0
-0.453613,-0.033382,-0.252591,-0.069545,1.384262,-0.543983,-1.231780,0,1,0,0
-0.401553,0.035689,-0.194702,-0.495841,0.716664,-0.686152,-1.144944,1,0,0,0
-0.379299,-0.080441,-0.632305,-0.186172,0.987081,-0.459426,-0.857915,0,0,0,1
-0.246862,-0.114556,-0.192561,-0.718798,0.699319,0.178394,-1.098349,0,0,1,0
-0.423137,-0.427037,0.136257,0.053461,1.128811,-0.562283,-1.179637,0,1,0,0
-0.365581,-0.049216,-0.409267,-0.501688,-0.023292,-0.405837,-1.237516,0,0,1,0
-0.371887,-0.607400,-0.005684,-0.394224,1.879717,-0.276096,-1.166957,0,0,0,1
-0.516707,-0.390634,-0.508159,-0.836557,-0.083120,-0.720825,-1.219985,1,0,0,0
-0.460874,-0.662058,-1.045180,-1.149177,0.693076,-0.103210,-1.031145,0,1,0,0
-0.443760,-0.532965,-0.234718,-0.985575,0.404507,-0.530354,-1.103553,0,0,1,0
-2.280601,-0.901900,-1.348108,-0.178528,2.142838,-1.242663,-0.993022,0,0,0,1
-2.333273,-1.288690,-1.892846,-0.232161,2.750278,0.041299,-1.386811,1,1,0,0
0.025739,1.631207,1.079578,0.201247,1.697085,2.174668,1.082870,0,0,0,0
-0.104504,1.085445,0.730131,0.341568,2.455237,-0.207286,0.603041,0,0,1,0
-0.145077,1.181916,0.682542,0.115802,1.449277,-0.624642,0.754953,0,0,0,0
-0.241764,0.968852,0.158564,-0.315782,2.056883,-0.327609,0.229110,1,1,0,0
-0.143907,1.429929,0.297429,0.202553,2.037872,-0.892128,0.511053,0,0,0,0
-0.235532,0.697514,0.352251,0.248657,1.494584,-0.619742,0.049985,0,0,1,1
0.081389,1.494881,0.498763,-0.122902,1.891207,-0.764232,0.379874,0,0,0,0
-0.146783,0.238058,0.012519,0.969516,2.794628,-0.543440,-0.109880,0,0,0,0
-0.382527,0.253653,0.851604,0.855758,2.369901,0.016764,-0.200693,0,0,0,0
-0.362386,0.505863,0.967670,-0.202003,1.434998,-0.788406,-0.384677,0,0,1,1
-0.091941,0.706842,0.156977,-0.143587,1.840923,0.494971,0.240511,0,0,0,0
-0.228906,0.558430,0.317749,0.167576,2.177659,-0.690229,-0.220136,1,1,0,0
0.017616,0.761257,0.892259,0.257514,1.544784,-0.284690,0.333671,0,0,0,0
-0.351569,0.003413,0.626023,0.257388,2.402234,-0.605708,0.242282,0,0,1,0
-1.114589,1.354711,0.702056,-0.759560,2.483657,-0.992586,-0.413279,0,0,0,0
-1.889935,0.489270,-0.284570,0.232799,5.046896,-0.325777,-0.043783,0,0,0,1
-0.246902,0.316316,-0.913035,-2.606699,-0.692812,2.553345,-1.081673,0,0,0,0
-0.804132,-0.092871,-2.473025,-0.481707,0.358073,-0.855995,-1.377979,0,1,0,0
-0.468484,-0.715736,-2.036645,-0.590297,-2.272294,0.875147,-1.194612,0,0,1,0
-0.669400,-0.089244,-2.785629,-3.030745,-1.231982,-0.315300,-0.849911,0,0,0,1
-5.143159,1.164363,-0.963774,-1.789834,0.750774,-1.609830,-2.689031,0,0,0,0
-5.799558,1.509826,-1.515833,-1.963537,1.509277,-0.398142,-2.717221,1,0,0,0
-0.441117,-0.461684,-3.430683,-2.521700,-1.209677,2.164722,-0.994417,0,0,0,0
-0.671650,-0.685319,-3.339185,-1.250234,-0.504673,-0.963153,-1.424078,0,0,1,0
-0.687901,-3.425701,-2.663729,-1.738768,-0.295074,2.680498,-1.769025,0,1,0,0
-0.737501,-2.227469,-2.682949,-3.115192,-1.555864,1.344729,-1.989569,1,0,0,0
-0.334766,-2.154216,-2.717052,-1.721621,0.335228,1.661345,-1.719290,0,0,0,1
-0.455343,-1.289753,-2.382145,-2.384463,-1.633972,0.756604,-1.728307,0,0,1,0
-0.519908,-2.883895,-2.515828,-1.756521,0.655124,0.511109,-1.752854,0,0,0,0
-0.443401,-2.293259,-1.927452,-1.745033,-0.407263,-0.083211,-1.702816,0,1,0,0
-0.378102,-2.548292,-2.918365,-2.232870,0.128505,-0.264715,-1.684498,0,0,0,0
-0.326981,-1.366854,-2.401246,-2.213342,-0.888987,0.291784,-1.677213,1,0,1,1
0.749753,-0.303140,1.036612,0.968574,0.884906,0.050849,0.975552,0,0,0,0
0.583128,-1.002152,-0.094986,0.844465,1.493733,-0.042796,1.009365,0,1,0,0
0.759118,-0.589211,-0.649973,-0.268186,-1.279352,1.190812,-0.775983,0,0,0,0
-1.089513,-3.954869,-2.929414,0.477236,-1.682567,-1.117142,-1.858121,1,1,0,1
0.988889,0.664722,1.425025,0.336408,-0.197143,1.014970,1.452547,0,0,0,0
0.601048,-0.006890,1.207533,0.092393,-0.252354,-0.632572,0.816859,0,0,1,0
0.217733,0.422477,0.818360,0.251310,-0.403291,-0.484795,-0.577782,0,0,0,0
0.017999,-0.120685,0.301888,0.483434,0.280696,-0.535325,-0.577203,1,1,0,0
0.454036,0.830159,0.272227,0.056704,-1.012461,-0.624828,0.124581,0,0,0,0
0.082480,0.665717,0.591111,0.190021,-0.507470,-0.649323,-0.476413,0,0,1,0
0.221493,1.113504,0.823510,0.219800,0.717562,1.352995,0.391857,0,0,0,0
-1.364257,1.888065,0.065926,2.524580,0.278015,-1.266162,-0.065038,1,0,1,1
0.724349,0.042394,0.284564,0.027907,0.060963,1.422036,0.587767,0,0,0,0
0.056423,-0.422398,0.139024,0.529004,-0.414879,-0.805624,-0.700110,0,1,0,0
0.493575,0.945927,1.041808,0.592854,-0.016191,1.261812,0.392997,0,0,0,0
0.103427,0.514897,0.985972,0.687630,0.187695,-0.283263,0.103199,1,0,0,1
-1.212224,0.821215,0.479697,2.462345,-0.010841,-1.365554,-0.484397,0,0,0,0
-1.686584,1.551109,-1.321026,2.474092,-1.311798,-0.444700,-1.006479,0,0,1,0
0.161591,0.628201,0.583782,0.540217,-0.446819,-0.191306,-0.082552,0,0,0,0
-0.329730,0.025878,0.804285,0.562711,0.312873,-0.351174,-0.533205,1,1,0,1
0.858427,0.547200,1.196303,0.325756,-0.457352,1.885732,1.001249,0,0,0,0
0.277841,0.020269,0.562717,0.652101,0.534044,-0.644092,-0.357006,0,0,1,0
0.462052,0.103042,-1.089949,-2.585718,-2.954003,1.624014,-0.664144,0,0,0,0
-0.211232,-1.168813,-1.907128,-1.644950,-1.401004,-0.091799,-1.369017,1,1,0,0
0.373192,0.374092,1.065277,0.177922,-0.932002,0.039806,0.764220,0,0,0,0
-0.209985,-0.448595,1.334429,1.268955,1.079370,-0.499238,0.022447,0,1,0,0
-0.026547,0.762979,0.604076,-0.863841,-1.135884,0.382946,-0.916603,0,0,0,0
-0.370173,0.058471,0.103005,-0.718872,-0.759793,-0.335011,-1.374034,1,0,1,1
0.997128,0.477283,1.010984,0.428159,0.144722,3.058179,0.887954,0,0,0,0
0.298822,-1.053601,0.509937,0.360679,0.014589,-0.264006,-0.610585,0,0,0,1
-0.004838,0.245386,-0.162144,-1.448589,-1.423705,0.369904,-1.195555,0,0,0,0
-0.544739,-0.612487,-0.507326,-0.595874,-0.687826,-0.345001,-1.373758,1,1,0,0
0.542687,0.775892,2.188201,0.765398,0.466613,0.260782,1.074754,0,0,0,0
0.277837,0.620720,0.696861,0.208830,0.998294,-0.583710,0.972259,0,0,1,0
-0.132187,-0.302130,-1.319254,-1.721571,-1.707959,-0.003652,-1.424120,0,0,0,0
-2.056261,-2.617327,-1.193081,0.343458,-1.452643,-1.070221,-2.246835,1,0,1,1
0.986220,1.435367,1.824174,0.033527,0.039317,3.689309,1.598305,0,0,0,0
0.480086,0.461018,0.293383,0.082559,-0.246576,-0.340363,0.638186,0,1,0,0
-0.135030,0.970940,0.690608,-0.404663,0.234975,0.763971,-0.386064,0,0,0,0
-0.510313,0.901804,1.659547,-0.116769,0.875093,-0.520043,-0.632972,0,0,1,1
0.524937,1.303203,0.641042,-0.810329,-1.264475,0.208975,0.148180,0,0,0,0
0.001224,0.552766,0.246510,-0.663556,-0.274579,-0.503928,-0.594183,0,1,0,0
-0.054179,1.003780,0.887665,-0.566039,0.389764,0.221748,0.112106,0,0,0,0
-1.690834,2.376243,0.206751,2.273721,-0.692450,-1.369702,-0.261750,1,1,0,1
0.910825,0.706791,0.838493,0.350275,-0.204427,3.850428,0.933667,0,0,0,0
0.001270,-0.917472,-0.152101,0.668910,-0.306810,-0.594475,-0.712714,0,0,1,0
0.438858,1.148181,0.844080,0.871425,-0.055329,0.990759,0.497903,0,0,0,0
0.123281,1.059017,0.849501,0.647451,0.914250,-0.426124,0.328895,1,1,0,0
-0.699983,2.513747,0.635453,0.479121,-1.234293,-0.721822,-0.283841,0,0,0,0
-2.044552,1.119610,-2.173509,2.275437,-0.648123,-0.269126,-1.098619,1,0,0,0
0.650781,1.617276,1.208928,0.077163,-0.459025,0.745497,1.079776,0,0,0,0
-0.162272,0.287441,1.665478,1.352839,1.033174,-0.890558,0.448572,0,1,1,1
0.868818,0.188905,1.644504,0.331269,0.364633,-0.354469,1.312839,0,0,0,0
0.446513,-0.970665,0.209491,0.704743,-0.229017,-0.260433,-0.207389,0,0,0,1
0.734300,0.086488,0.817113,0.264683,1.000559,1.338412,0.723108,0,0,0,0
0.074481,0.743165,2.066460,0.585568,0.727242,-0.360838,0.545681,0,1,1,0
0.810876,0.923039,0.974159,-0.695005,-2.397955,0.417514,1.329770,0,0,0,0
-0.031639,0.080918,1.910492,0.944430,0.551341,-0.175653,0.228541,0,0,1,0
0.777990,1.761297,2.125947,-0.696749,-1.042349,2.258317,1.048876,0,0,0,0
0.024242,0.469336,2.352415,0.124573,0.582702,-0.197109,0.297582,1,1,0,1
0.885494,1.338759,2.371477,0.378424,-0.542626,-0.517561,1.347495,0,0,0,0
0.630365,1.042453,1.262016,0.596088,-1.369609,0.041719,0.018745,0,0,0,0
0.339068,1.659739,1.107578,-0.498929,-0.818871,0.307224,-0.224514,0,0,0,0
-0.399662,0.117080,1.017572,0.018237,0.332824,-0.655423,-0.926430,1,0,1,1
0.577340,0.786404,1.737369,1.068779,0.787592,1.011848,1.542741,0,0,0,0
0.444137,0.315050,0.034312,1.576328,0.637611,-0.107207,0.857880,0,1,0,0
0.270054,-0.534173,-1.309279,-0.820995,-1.505382,0.596408,-1.155307,0,0,0,0
-1.481561,-3.029961,-2.407025,0.830197,-2.049763,-1.227268,-1.990281,1,1,0,1
0.802526,0.574961,1.580071,0.561532,-0.044360,-0.627302,1.424486,0,0,0,0
0.373177,-0.167078,1.726068,1.124944,0.711332,-0.630049,1.237851,0,0,1,0
-0.176512,0.344369,0.661963,-0.024095,0.705212,-0.215184,-0.137618,0,0,0,0
-0.395228,0.964376,2.004881,0.478724,1.607162,-0.280154,-0.072932,1,1,0,0
0.411290,0.793755,0.732153,-0.657311,-1.675797,1.278658,0.188592,0,0,0,0
-0.034189,0.792857,0.935740,-0.469192,-0.701012,-0.636611,-0.368566,0,0,1,0
0.187234,1.855207,1.864948,-0.213306,-0.154406,1.004073,0.197844,0,0,0,0
-1.508585,1.851540,1.168995,2.365921,-0.657943,-1.036772,-0.524670,1,0,1,1
0.507832,-0.172046,0.762114,0.380116,-0.014750,-0.763413,0.377341,0,0,0,0
0.017810,-0.869653,0.093897,1.152116,0.183277,-0.773187,-0.540512,0,1,0,0
0.259727,0.704526,1.327506,0.611715,0.042169,0.271982,0.435701,0,0,0,0
0.028374,0.560633,0.969347,0.945170,0.603834,-0.664215,0.123545,1,0,0,1
-1.159452,0.439280,0.263368,2.017372,1.188053,-0.764671,-0.265979,0,0,0,0
-1.735977,0.825137,-0.482985,2.594603,-0.311327,-0.115932,-1.052962,0,0,1,0
0.284667,1.073501,0.661949,0.332864,-0.290998,2.571241,-0.043844,0,0,0,0
-0.314222,-0.174488,0.805758,0.735245,1.012233,-0.938367,-0.493173,1,1,0,1
0.908615,0.105809,1.135803,1.118528,0.387927,-0.501837,0.853680,0,0,0,0
0.676433,-0.292176,0.389619,0.862001,0.508220,-0.353543,0.197382,0,0,1,0
0.031733,-0.655232,-0.465827,-1.389262,-1.307737,-0.031243,-1.325057,0,0,0,0
-0.464272,-2.036815,-1.734927,-1.705738,-2.102175,-0.506705,-1.301867,1,1,0,0
0.429345,0.032775,0.556566,0.613666,0.121414,1.687373,0.567622,0,0,0,0
-0.044748,-0.640518,0.365271,0.326286,0.293423,-0.680247,-0.486451,1,0,0,0
0.110906,0.604849,0.003918,-0.466967,-0.581602,1.701841,-0.928347,0,0,0,0
-0.205270,0.413686,0.022062,-0.555270,-0.166487,-0.526539,-1.104005,0,1,1,1
0.806497,0.409228,0.689587,0.598728,0.465137,0.035334,0.847090,0,0,0,0
0.338804,-0.278672,0.247595,0.970228,0.439394,-0.456545,-0.274264,0,0,1,0
-0.252475,-0.312769,-0.913047,-1.008478,-0.061939,-0.500013,-1.445747,0,0,0,0
-0.560252,-0.827611,-0.949008,-1.205655,-0.518534,-0.461324,-1.670672,1,1,0,0
0.561088,0.416081,2.049515,0.166280,0.411295,3.031614,1.231440,0,0,0,0
0.300803,0.678343,0.404087,0.178734,0.544822,-0.449135,0.709087,0,0,1,0
0.043324,-0.217048,-0.414142,-0.756712,-0.399278,1.448430,-1.256978,0,0,0,0
-2.265554,-2.891080,-1.900288,-0.521181,-1.696112,-1.157150,-2.097518,1,0,1,1
0.828924,1.139026,1.807233,0.462435,-0.262220,0.717233,1.249282,0,0,0,0
0.504687,0.429149,0.475818,0.182002,-0.352807,-0.549947,0.918980,0,1,0,0
-0.147146,0.853578,0.900296,-0.622483,0.578531,0.117129,-0.269142,0,0,0,0
-0.559741,0.434451,1.067735,-0.292391,0.992768,-0.392204,-0.577504,0,0,1,1
0.443366,0.736475,0.103564,-1.030306,-1.266164,3.102894,0.252414,0,0,0,0
-0.044792,0.651218,0.395495,-0.654596,-1.132890,-0.554752,-0.424934,0,1,0,0
0.188432,1.568886,0.487748,-0.520145,0.204645,1.384546,0.161825,0,0,0,0
-2.102147,1.316121,0.676411,3.398157,-0.704025,-1.220179,-0.541288,1,1,0,1
0.727708,0.306062,0.842448,0.296196,-0.116323,0.201946,0.693122,0,0,0,0
0.209125,-0.594101,0.122294,0.510746,-0.163945,-0.692473,-0.467720,0,0,1,0
0.489215,1.143609,1.302693,0.520334,-0.205985,0.462163,0.668699,0,0,0,0
-0.030359,0.400491,0.549756,0.743437,0.494710,-0.331952,0.442140,1,1,0,0
-1.165266,1.415048,0.569336,1.949231,-0.492613,-1.391164,0.144185,0,0,0,1
-1.402519,2.712125,-1.031533,2.027113,-1.467264,-0.201418,-0.081303,0,1,0,0
0.388127,0.890317,1.144116,0.577302,0.510268,2.571138,0.708150,0,0,0,1
0.037712,0.677448,1.102983,0.506669,0.179981,-0.768598,0.555263,1,1,0,0
1.111769,0.815110,1.054080,-0.253675,-0.895216,0.371061,1.693077,0,0,1,0
0.785815,0.668753,1.052665,0.753967,-0.338110,0.233592,1.069847,1,0,0,0
0.592183,0.707692,1.510332,0.377879,1.096270,0.161917,1.484997,0,1,0,0
0.330637,0.569647,1.466909,0.207243,0.344224,0.525808,0.942359,0,0,1,1
0.371030,0.615671,1.547508,0.564308,0.464606,-0.651499,0.806327,1,0,0,0
0.176657,0.608534,1.602878,0.296676,0.497051,0.036488,1.134507,0,0,1,0
0.776859,0.979692,1.533244,-0.341622,1.004245,2.286133,1.145855,1,0,0,0
0.244415,0.453305,0.846441,-0.328016,1.637018,-0.268153,1.312547,0,0,1,1
1.226068,0.695187,-0.859798,-0.956073,-0.611900,1.163978,1.145475,0,0,0,0
0.494202,0.806884,0.618205,-0.630968,-1.598500,-0.839194,-0.060886,0,0,0,0
0.035830,0.627437,0.496170,-0.760082,-0.555426,-0.278462,-0.956480,0,0,0,0
-0.316053,0.311961,0.931866,-0.366726,-0.353233,0.349601,-0.944101,1,0,1,1
1.397152,-0.745602,0.115922,1.079576,0.318270,0.545790,1.664896,0,1,0,0
1.206523,-2.001295,-0.584569,0.672040,1.172262,-0.030826,1.246202,0,0,1,0
1.262317,-1.588540,-1.206480,0.155959,-1.179951,0.361774,-0.158950,0,0,0,1
-0.306386,-4.252278,-3.583229,-0.320116,-2.155847,-0.675639,-1.227914,1,1,0,0
1.176807,-0.068669,-0.025050,0.173261,0.079307,2.007685,1.347689,0,0,1,0
1.056097,-0.229442,-0.070446,-0.217638,-1.000743,-0.253592,0.550891,0,0,0,1
0.806779,-0.228882,0.323951,0.310103,0.017968,-0.431532,0.657103,1,0,0,0
0.718486,-0.971877,-0.376865,-0.088764,-0.164435,-0.442628,0.569347,0,1,0,1
1.092455,-0.406659,-0.840815,-0.881664,-1.694264,-0.009248,0.188635,0,0,1,0
0.608821,-1.396283,-1.025074,-0.656487,-2.237879,-0.203008,-0.688670,0,1,0,0
0.588920,0.541878,0.408041,0.743083,0.262733,-0.596544,1.466815,0,0,1,0
-0.525230,-0.000466,-0.189768,1.721665,0.713587,-0.908584,0.561900,0,0,0,1
0.624113,-0.271884,-0.035301,-0.472288,-0.723998,1.774738,0.019158,1,0,0,0
0.099603,-1.754516,-1.188304,-0.882826,-2.245489,-0.235483,-1.198485,0,1,0,0
0.475431,0.572756,1.099208,0.305826,0.467354,0.836991,0.510912,0,0,1,0
0.259142,0.678527,1.230912,0.513164,-0.059909,-0.414227,-0.044207,1,1,0,1
0.437733,-1.261723,-0.139067,1.834457,-0.347760,-0.890610,0.392599,0,0,0,0
0.067186,-1.364497,-1.394043,1.878682,-0.880830,-0.264377,-0.633862,0,0,0,1
0.605201,0.017587,-0.377846,0.469292,-0.513149,0.154409,0.334550,0,0,0,0
0.110788,-0.726229,0.076271,1.140016,0.280604,-0.646560,0.057961,0,1,1,0
0.939624,0.377351,0.246379,0.189004,-0.328487,2.534989,0.634099,0,0,0,0
0.663891,-0.296070,0.121060,0.779953,-0.313873,-0.443802,-0.032363,0,0,1,0
0.832628,0.329501,-0.247302,-0.744865,-0.648128,0.413196,0.208058,0,0,0,0
0.125470,-1.193722,-1.230614,-1.014910,-1.029977,0.046361,-0.411604,1,1,0,0
0.994282,-0.319239,0.290771,0.447196,-0.460181,1.228166,0.572514,0,0,0,0
0.526879,-1.287397,-0.214843,0.860460,0.455912,-0.597687,-0.162113,0,1,0,0
0.414568,0.271776,-0.087452,0.545554,0.791340,-0.536620,0.073754,0,0,0,0
0.087138,-0.048161,0.198884,0.251258,0.249155,0.097371,-0.659442,0,0,0,1
0.954736,0.294600,0.110401,-0.297564,0.564745,2.355196,0.940984,0,0,0,0
0.538054,-0.443297,0.891657,-0.033904,0.586014,0.101050,0.480904,1,0,0,0
0.582896,-0.371762,-0.498224,-0.235400,-0.989921,0.470843,-0.303339,0,0,0,0
0.187282,-0.206171,0.484259,-0.298091,-0.242213,1.179862,-0.903927,1,1,0,0
1.206121,-0.225507,0.360241,0.885997,0.340751,0.297541,1.078007,0,0,0,1
0.905727,-0.462648,0.247591,1.552496,-0.080924,-0.271962,1.057036,0,0,1,0
0.450036,-1.376608,-2.090303,-0.653465,-1.264725,0.442979,-0.884904,0,1,0,0
-0.891259,-3.315136,-3.293004,0.470350,-2.332577,-0.736475,-1.594523,1,0,0,1
1.110744,0.874976,0.750389,0.652620,0.182767,4.059211,1.000024,0,0,1,0
0.710477,-0.312983,-0.779322,0.114028,-0.162551,-0.261745,-0.074601,0,1,0,0
0.500299,0.163588,-1.308192,-0.082408,-1.222377,-0.048573,0.700603,0,0,1,0
0.037575,-0.844992,-0.155907,1.045241,1.208129,-0.517685,-0.346553,0,1,0,1
0.901383,-0.402424,-0.363496,-0.253272,-0.934094,0.803513,0.304041,1,0,0,0
0.547546,-0.803200,-1.164877,-0.126424,-1.967149,-0.415967,-0.635275,0,0,1,0
0.601579,0.477499,-0.036344,0.002345,0.145620,-0.426458,0.916173,0,1,0,0
-0.505297,0.231451,-0.132260,2.225898,0.897123,-0.993325,0.868813,1,0,0,0
0.453189,-0.762757,0.040731,-0.407454,-1.390325,-0.242085,-0.521660,0,0,0,1
0.155739,-1.700767,-1.104349,-0.126643,-0.292621,-0.511322,-1.107796,0,0,1,0
0.453817,1.003933,1.083058,0.871920,1.007973,1.307276,1.081082,0,1,0,0
0.149612,0.409356,0.879628,0.436564,0.810186,-0.586658,0.697307,1,0,1,1
0.927154,0.473305,0.266400,1.023366,-1.717506,-0.161733,0.649406,0,0,0,0
0.004487,-1.598991,-1.647075,2.705708,-1.053369,-0.283190,-0.610521,1,0,0,0
0.831310,0.746469,0.908964,1.330372,-0.273532,1.051088,1.054567,0,0,0,0
0.294839,-0.576156,0.227131,1.850715,0.537843,-0.648428,0.489908,0,1,1,0
0.925764,-0.325136,1.092740,0.332065,0.286189,-0.012084,1.114832,0,0,0,0
0.788476,-1.090171,-0.257895,0.567411,0.366641,-0.677106,0.226952,0,1,0,0
0.940526,-0.156120,0.226224,0.877251,0.876077,0.943620,1.298351,0,0,0,0
0.547648,0.574797,1.325060,0.669672,0.197344,-0.019816,1.161274,0,0,1,1
1.161803,0.182224,0.287032,-0.210301,-1.960822,1.251988,1.315586,0,0,0,0
0.616560,-0.919049,0.610593,1.340153,0.390219,-0.852697,0.777077,0,0,1,0
1.014715,1.172176,1.151445,0.056883,-0.021118,0.146788,1.579342,0,0,0,0
0.404704,-0.140032,0.948984,0.366282,0.475309,-0.039523,0.485101,1,0,0,0
1.084037,1.015659,0.800992,-0.269013,-0.258432,-0.130464,1.183069,0,0,0,0
1.143662,1.291906,1.268168,0.003175,-0.367957,0.242472,0.847893,0,0,0,1
0.838816,1.331376,0.627471,-0.170782,-0.104581,1.186449,0.682180,0,0,0,0
0.371547,0.253221,0.925387,0.768164,1.117811,0.196089,0.074962,0,0,1,1
1.294061,-0.192133,0.556483,0.555699,0.000724,1.968154,1.166107,0,0,0,0
0.899179,-0.521872,-0.591669,0.883422,-0.194947,-0.695625,0.758070,0,0,1,1
0.905278,-0.309847,0.022147,0.634458,-0.286958,0.661685,0.326891,0,0,0,0
-0.085984,-1.823523,-1.509656,1.255767,-0.982772,-0.951092,-1.230042,1,1,0,0
1.028466,0.682214,0.813377,0.497066,-0.405736,0.121018,1.225095,0,0,0,0
0.851540,0.209698,-0.598092,0.572584,-0.491575,-0.517373,0.711219,1,1,0,0
0.760071,0.318419,0.862218,0.545178,0.217525,1.028977,0.932381,0,0,0,0
0.267099,-1.067853,-0.613130,0.014089,-0.095861,-0.729717,-0.269862,0,0,1,1
1.153304,0.157648,0.486958,-0.478878,-1.434463,1.722910,0.588960,0,0,0,0
0.604177,-0.581293,-0.503206,-0.190310,-1.982352,-0.040049,-0.505545,0,1,0,1
0.834660,0.685857,1.328607,0.140399,-0.498600,0.052424,1.318869,0,0,0,0
-0.153839,-0.338453,0.435033,2.127019,0.388656,-0.937669,0.646025,1,1,0,0
0.671195,0.287835,0.847830,0.137615,-0.450581,-0.175415,0.027694,0,0,0,0
0.228433,-1.496853,-1.078931,0.040964,-0.290603,-0.634383,-0.962949,1,0,1,0
0.737292,0.295198,1.002873,0.440233,0.313223,-0.205803,0.611126,0,0,0,0
0.442899,-0.306827,0.199713,0.556996,0.748320,0.007357,-0.205053,0,1,1,1
0.326046,-1.090603,0.378801,1.971060,-0.267358,0.630206,0.421316,0,0,0,0
-0.077555,-1.965871,-1.808583,1.695114,-1.130184,-0.853969,-1.209878,1,0,0,1
0.877132,0.148763,0.474946,0.770884,0.020071,0.564475,0.993817,0,0,0,0
0.432623,-1.068715,-0.884809,0.531696,0.141566,-0.604812,0.030751,1,1,0,0
0.852774,-0.505520,0.352584,0.825339,0.233006,0.141900,0.475088,0,0,0,0
0.943028,-0.069709,-0.106831,0.344473,-0.260840,-0.501196,0.522472,1,0,0,1
0.810146,-0.488862,0.080022,-0.222866,-0.829396,-0.318120,0.145771,0,0,0,0
0.322121,-1.969505,-1.168260,0.083703,-0.876799,-0.497025,-0.862325,0,0,1,1
1.203433,0.215351,0.592813,0.199798,-0.382172,2.659346,0.749806,0,0,0,0
0.550726,-1.398444,-0.800759,0.667834,-0.038463,0.022380,-0.235950,0,1,0,1
0.897908,0.037298,-0.082902,-0.134503,0.021775,0.875684,0.293138,0,0,0,0
0.477787,-0.263580,-0.270053,-0.048811,-0.277020,-0.409306,-0.679441,1,1,0,0
0.827490,0.131942,0.974954,0.725249,0.332611,0.392712,1.256218,0,0,0,0
0.565581,-0.633704,-0.217256,0.463132,0.117897,-0.351215,0.155485,1,0,1,0
0.535944,-0.223969,-0.324049,-0.760034,-0.532518,-0.561271,-0.031499,0,0,0,0
0.291700,-0.474337,-0.053074,0.161334,-0.950288,-0.570073,-0.870188,0,0,1,1
1.159390,-0.225141,1.083711,1.003903,0.614725,2.855081,1.120274,1,0,0,0
1.064090,0.058303,-0.184332,1.205386,-0.108237,-0.317897,0.551653,0,1,0,0
0.924751,-0.251887,-0.746245,0.333430,-0.635856,0.517519,0.336955,0,0,1,0
-0.197695,-1.703585,-0.383402,1.645119,-0.119031,-0.984666,-0.781624,1,1,0,0
1.074616,0.811342,0.472964,0.264137,-0.875915,1.020385,0.902519,0,0,0,1
0.977266,0.542187,0.125807,0.243518,-0.250073,-0.010626,0.709119,0,0,1,0
0.520344,-0.003972,0.555249,1.134647,0.149985,-0.500029,0.310464,0,1,0,0
0.508189,-0.452245,-0.002729,0.293682,0.124543,-0.110361,0.421859,0,0,1,1
1.010895,0.104226,0.016607,-0.403925,-1.690779,0.155283,0.201363,1,0,0,0
0.739991,-0.176548,0.318118,0.110577,-1.151127,-0.027268,0.177542,0,0,1,0
0.888803,0.925269,1.099968,-0.017008,-0.646986,1.114819,1.011880,1,0,0,0
-0.239354,-0.255627,0.767490,1.775748,0.898161,-1.080584,0.040524,0,0,1,0
0.397906,-0.727133,-0.011640,0.225391,-0.025955,0.527839,-0.111220,1,0,0,0
0.459081,-0.724378,0.157971,0.236024,0.052962,0.455828,0.019199,0,0,1,0
0.742708,1.196244,0.725270,0.602827,-0.042088,0.121448,1.502696,1,0,0,0
0.463340,0.167859,1.329158,1.514290,1.076413,-0.414678,1.261687,0,0,1,1
0.472361,-0.742695,-1.109640,2.255497,-0.140842,-0.422242,0.258638,0,1,0,0
0.383371,-1.096317,-1.542736,2.345651,0.003808,-0.462484,-0.348893,0,0,1,0
1.013521,-0.506673,-0.703737,0.787812,-1.185886,1.781170,0.346508,0,0,0,1
0.559347,-0.861664,0.038683,0.759204,-0.020793,-0.394526,0.069518,1,1,0,0
1.123373,0.026483,-0.193918,-0.189995,-0.906985,1.802180,0.681896,0,0,1,0
0.912261,-0.178630,0.441004,0.014711,-0.623018,-0.496659,0.344995,0,1,0,0
1.045135,-0.262334,0.010412,0.266885,-0.740219,0.081485,0.535913,1,0,0,0
0.779044,-0.871040,-0.370769,0.737757,0.603653,-0.259701,0.522864,0,0,1,1
1.081865,-0.913984,-0.033272,0.574565,0.569683,0.095420,0.826936,0,1,0,0
0.884080,-0.836161,-0.252548,0.194281,0.296431,-0.734378,0.782188,0,0,0,1
1.318904,-0.332213,-0.078597,-0.518134,0.368517,1.093213,0.884577,0,1,0,0
1.034413,-0.485568,0.098784,0.330143,0.325114,0.127380,0.575479,0,0,0,1
1.186308,0.583076,-0.234150,-1.066004,-0.898309,0.845775,1.049301,0,1,0,0
0.987286,0.516753,0.679599,-0.405000,-1.292725,-0.699462,0.662423,0,0,0,1
0.954676,-0.781953,-0.098206,-0.311860,-0.250514,-0.341375,0.186315,0,1,0,0
0.860072,-0.714036,-0.229397,0.273153,0.141399,-0.045609,0.453100,1,0,1,1
0.956742,0.100066,0.102837,1.266338,0.359852,-0.167074,1.556663,0,0,0,0
0.801183,-0.781209,-0.738501,1.154949,0.342765,-0.707565,-0.073584,0,1,0,1
0.988497,-0.051946,-0.683041,-0.231643,-0.917122,0.759163,-0.119831,0,0,0,0
0.546750,-0.648161,-0.305275,0.630064,0.230645,-0.267164,-0.193077,0,0,0,0
0.037284,0.670681,-0.528756,0.763168,0.422624,-0.294294,-0.351538,0,0,0,0
-0.381219,0.332582,-0.243633,0.642123,1.099173,-0.442051,0.708607,1,1,0,1
0.862858,-0.090047,-0.117958,0.438178,0.687926,1.018363,1.592991,0,0,0,0
0.749723,-0.059902,0.653396,1.328332,0.455886,-0.658231,0.268760,1,0,1,0
0.675935,-0.200363,-0.306966,0.506513,0.584746,-0.562291,-0.176142,0,0,0,0
0.489008,-0.410505,-0.314493,0.519164,0.633771,-0.485289,-0.179511,0,0,0,0
-0.062438,1.169852,-0.231567,0.285220,0.983623,-0.833295,0.567838,0,0,0,0
-0.374213,-0.102356,-0.185284,-0.211720,0.398857,-0.191437,-0.811439,1,0,1,1
1.009917,-0.163090,0.074605,0.800195,0.371916,2.128010,1.438645,0,0,0,0
0.731562,-0.654515,-0.127536,1.443313,0.387684,-0.730626,-0.050456,0,1,0,1
0.767476,-0.290676,-0.486827,0.544108,0.666647,0.190331,0.008060,0,0,0,0
0.564560,-0.174731,-0.261482,0.521743,0.022564,0.150569,0.038849,0,0,0,0
0.089102,1.677296,0.129612,-0.111010,-0.058335,-0.146777,0.052971,0,0,0,0
-0.454785,0.068123,-0.528481,0.206928,0.733403,-0.597229,-0.667974,1,1,0,1
1.031001,0.190925,-0.031231,0.332051,-0.025272,0.112303,1.190551,0,0,0,0
0.892968,0.169089,0.064394,1.154337,0.219697,-0.691365,0.273262,1,0,1,0
0.962486,0.502463,0.190491,0.372782,-0.883491,0.556512,-0.088733,0,0,0,0
0.415105,-0.099345,-0.089637,0.921752,0.497837,-0.881247,-0.357391,0,0,0,0
0.045607,1.293376,-0.219936,-1.060404,-0.183744,0.079687,0.079428,0,0,0,0
-0.401500,0.759365,0.022040,0.380692,0.538644,-0.657718,-0.277079,1,0,1,1
0.976589,-0.008669,0.649242,1.279762,0.309359,0.226273,1.415376,0,0,0,0
0.641504,-0.836663,-0.332583,1.344450,0.397393,-0.711402,0.074482,0,1,0,1
0.946858,0.501330,-0.275419,0.090103,-0.075368,0.051985,-0.045326,0,0,0,0
0.565235,-0.341818,-0.022267,0.969608,0.496569,-0.361068,-0.046448,0,0,0,0
0.105498,0.997496,-0.115133,-0.537309,-0.359027,-0.006522,-0.424544,0,0,0,0
-0.304474,0.289677,0.051131,-0.517621,-0.124636,-0.522885,-0.907602,1,1,0,1
0.878474,-0.012148,0.868578,0.951818,0.485223,1.867583,1.499595,0,0,0,0
0.784767,-0.222905,-0.388630,0.635684,-0.020762,-0.788782,-0.088136,1,0,1,0
0.749167,0.262915,-0.486995,0.478099,-0.185114,0.278103,-0.315265,0,0,0,0
0.549278,-0.586100,-0.744944,0.175438,0.301298,-0.177748,-0.448557,0,0,0,0
-0.185447,0.697279,-0.508977,-0.315336,0.410918,-0.299076,-0.531327,0,0,0,0
-0.267141,0.404224,-0.475561,0.122289,1.159876,-0.574609,-0.782267,1,0,1,1
1.041132,-0.306305,-0.384841,0.591073,-0.184831,0.457766,0.769182,0,0,0,0
0.795002,-0.617553,-0.365835,0.818851,0.624317,-0.189179,0.730763,0,1,0,1
0.908591,0.024008,-1.096582,0.013757,-0.107580,0.345327,0.048965,0,0,0,0
0.508702,-0.740311,-1.231796,0.220249,0.343391,-0.429596,-0.250936,0,0,0,0
0.167992,1.056957,-0.160128,-0.793280,0.283432,-0.489301,-0.705403,0,0,0,0
-0.451072,-0.562729,-0.577394,-0.358271,0.119546,-0.486111,-0.896921,1,1,0,1
0.993654,-0.015019,-0.627473,0.721815,0.615946,0.316248,1.047910,0,0,0,0
0.840978,-0.393125,-0.102863,1.298605,0.372448,-0.889712,0.376040,1,0,1,0
