mfcc0,mfcc1,mfcc2,mfcc3,mfcc4,onset,rms,lane0,lane1,lane2,lane3
-7.560705,-4.853633,1.934299,-2.738922,1.215304,-1.834230,-3.438116,0,0,0,0
-7.560705,-4.853633,1.934299,-2.738922,1.215304,-1.834230,-3.438110,0,0,0,0
-7.560705,-4.853633,1.934299,-2.738922,1.215304,-1.834230,-3.438103,0,0,0,0
-7.560705,-4.853633,1.934299,-2.738922,1.215304,-1.834230,-3.438114,0,0,0,0
-7.560705,-4.853633,1.934299,-2.738922,1.215304,-1.834230,-3.438119,0,0,0,0
-7.560705,-4.853633,1.934299,-2.738922,1.215304,-1.834230,-3.438119,0,0,0,0
-7.560705,-4.853633,1.934299,-2.738922,1.215304,-1.834230,-3.436534,0,0,0,0
-6.294707,-2.202694,2.034949,-4.000259,0.440975,6.971070,-3.397105,0,0,0,0
-2.035728,-0.988844,0.770021,-3.692481,-2.797152,-0.846094,-1.907523,0,1,0,0
0.091220,-0.660385,0.371113,0.359086,-2.375781,1.530604,0.836465,0,0,0,0
-1.731291,-4.215400,0.787035,-0.011902,-2.002125,-0.206304,-2.271867,0,0,0,0
-0.768297,-1.159390,-0.735773,-0.538081,-2.023471,1.512666,0.535447,0,0,0,0
-0.890523,-1.867761,-1.710348,0.583614,-0.997371,-0.029180,0.035016,0,0,0,0
-1.148213,-2.083136,-1.432101,1.837277,-0.570974,1.212786,-0.260661,0,0,0,0
-2.802782,-0.936560,1.597486,-0.003888,0.328408,0.813913,0.762930,0,0,0,0
-1.845738,-1.989776,0.611400,3.036840,0.295742,-0.346342,0.439062,0,0,0,0
-1.627855,-0.850567,2.226283,-0.716833,-1.169507,3.510240,-0.470135,0,0,1,1
0.599224,-0.875971,-1.068441,-0.217877,-1.003589,-0.205093,0.941679,0,0,0,0
0.309982,-0.822612,-1.013745,0.543727,-0.782996,-0.188101,0.592207,0,0,0,0
-3.548407,0.627962,1.686217,-0.457897,2.042352,-0.656354,-2.462278,0,0,0,0
-0.752938,-3.605386,0.251745,1.523593,-2.005087,1.883459,-1.865533,0,0,0,0
0.135330,-2.290860,-0.602358,-0.872621,-0.720728,1.161156,0.222691,0,0,0,0
-0.094584,-1.813818,-2.057087,0.111460,-0.736005,-0.037693,-0.281665,0,0,0,0
-0.906946,-3.982432,0.134532,1.108208,-1.869484,1.518787,-1.966481,0,0,0,0
-1.023631,-3.569762,-0.188822,-0.338248,-1.607532,3.613984,-2.342634,1,0,0,0
-0.273883,-1.298374,0.253744,0.518456,-0.715856,-1.125296,0.879327,0,0,0,0
-0.360611,-1.014416,0.375705,0.843932,-0.911592,-0.210639,0.352495,0,0,0,0
-1.047665,-1.537058,1.496185,0.265958,-2.801142,-0.628788,0.276754,0,0,0,0
-0.313703,-0.506284,-0.606331,-1.870485,-2.469309,4.322231,0.189877,0,0,0,0
0.094196,-1.219340,0.878071,-1.628205,-1.697675,1.249446,0.433498,0,0,0,0
-0.053730,-1.406665,0.758039,-1.410378,-2.873687,0.636221,-0.069474,0,0,0,0
0.523316,-1.511562,-0.876429,-0.619727,-1.809629,0.373180,-0.616426,0,0,0,0
-0.644161,-0.833771,-0.068855,0.505153,-0.093550,-0.253261,-1.529651,0,0,1,0
-1.663091,-0.451482,1.806749,0.964785,1.062561,-0.942075,-1.071419,0,0,0,0
-0.773257,-2.269126,1.429403,1.643838,-0.506192,5.658880,-1.236094,0,0,0,0
-3.996098,-0.226312,3.007551,-0.276541,1.975098,-0.569747,-2.439542,0,0,0,0
-1.082718,-2.443262,0.873875,0.565520,0.300101,3.138245,-2.202590,0,0,0,0
-3.056515,-4.362014,2.943971,0.555778,1.437826,-1.272260,-2.751090,0,0,0,0
-0.066537,-0.574494,0.605792,-1.075111,-1.029758,11.974698,-1.389849,0,0,0,0
-0.598161,-1.675709,-1.518183,-0.875300,-1.184006,0.631189,-0.480737,0,0,0,0
-0.427440,-0.558455,-2.493656,0.285954,-0.127368,2.689230,-0.295356,0,1,0,0
-3.057045,-0.365215,3.520390,-0.078352,2.052696,-0.595224,-0.720420,0,0,0,0
-0.478503,-0.220164,2.137122,0.251271,0.771515,5.823848,-0.887764,0,0,0,0
-0.643098,-1.277664,0.257182,0.238362,0.663438,0.195504,-0.905065,0,0,0,0
-1.210934,1.168565,2.114712,-1.681285,-1.660982,1.380408,-0.912430,0,0,1,0
-0.688778,-2.354817,0.466256,2.149509,2.223707,1.047337,-1.355577,0,0,0,0
-0.330728,-0.879443,-0.271091,0.643107,0.014619,4.638671,-0.489867,0,0,0,0
-2.284211,-0.045785,1.830315,-0.603905,1.484648,1.999235,-2.187921,0,0,0,0
-0.369068,0.583077,-1.583453,-0.386842,0.745321,1.925228,-0.076778,1,0,0,1
-1.883266,-1.282322,0.326157,0.825413,1.521572,-0.947108,1.281061,0,0,0,0
-3.787421,1.201613,2.508837,-0.272219,3.026819,-0.516084,-1.459476,0,0,0,0
-4.785149,0.365827,2.371258,-1.397436,3.955781,2.327176,-2.696523,0,0,0,0
-0.544694,-0.308376,-2.029019,0.390510,0.176461,7.930164,-0.126328,0,0,0,0
-1.246622,-3.540222,-0.739073,0.076717,1.397074,0.746224,0.400954,0,0,0,0
-1.792706,-2.592007,-1.867268,1.476990,0.333831,0.273122,-0.940823,0,0,0,0
-1.743410,-4.442479,0.723794,-0.353113,-0.925770,-0.115299,-2.460043,0,0,0,0
-0.088252,-0.982075,-2.518787,-0.611662,-1.414759,4.679868,0.025493,0,0,1,0
-0.124249,0.152242,-0.982000,-0.488160,-1.459856,0.166915,0.743576,0,0,0,0
-0.799055,-0.276233,1.262574,0.438372,-2.640437,-0.276778,0.858516,0,0,0,0
-1.089206,-0.715379,1.694074,-0.425393,-2.499174,-1.351527,0.185284,0,0,0,0
-1.167828,-1.479834,0.551235,-0.038644,-1.542072,-0.261130,0.417744,0,0,0,0
0.027764,-1.670683,0.155861,-1.461752,-1.794840,-0.255623,0.576066,0,0,0,0
0.067188,-0.614649,-1.278954,-0.539004,-1.627794,2.805633,0.017657,0,0,0,0
-0.729556,-1.213147,-1.594677,-0.746163,-1.582862,-0.136183,0.188768,0,0,0,0
-1.751104,0.179567,1.877912,0.609287,-0.711990,-0.183958,0.103131,0,1,0,0
-0.674659,-1.674973,1.561713,1.836063,0.322567,-0.011616,1.086699,0,0,0,0
-0.958861,-1.155237,1.112237,1.740764,0.086547,0.583844,0.159278,0,0,0,0
-0.503677,-1.396323,-0.956255,-0.216912,-0.557859,1.567221,0.887300,0,0,0,0
-1.694093,-1.152475,0.686790,0.728253,0.021412,0.156058,0.113406,0,0,0,1
-0.637397,-1.380392,0.868759,-0.253076,0.739782,-0.129727,0.749807,0,0,0,0
-0.981008,-0.892915,0.143406,-0.368928,-0.182075,-0.573809,0.494173,0,0,0,0
-1.148006,-0.463910,0.311261,-0.865701,-1.069027,1.152266,0.130079,0,0,0,0
-2.840891,-0.364512,3.724906,0.224010,-0.308621,1.656568,-1.541605,1,0,0,0
-0.671446,0.097814,-0.222167,-0.538678,0.016426,-0.273466,0.930210,0,0,0,0
-0.802266,0.103046,0.014775,0.075588,-0.455921,-0.028716,0.704871,0,0,0,0
-0.545360,0.175340,-0.319112,-0.359892,-1.475674,3.127613,-0.348251,0,0,0,0
0.083773,-0.642695,-2.035575,-1.534101,-2.255498,0.855300,-1.258959,0,0,1,0
-0.974167,-0.010124,-0.379546,-1.434728,-2.349515,-0.637039,0.470944,0,0,0,0
-1.650247,-0.078023,-0.336195,-1.194755,-2.026206,0.270642,-0.166635,0,0,0,0
-1.026707,-0.679373,-1.344870,-0.840669,-2.010446,1.691209,-0.076865,0,0,0,0
0.036000,-0.856365,-2.455711,-0.548052,-1.298067,1.295156,-0.268202,1,1,0,0
1.154428,-0.203098,-1.660556,0.687036,0.272692,2.568971,0.946753,0,0,0,0
1.105148,-0.275538,0.302111,1.899526,0.558029,0.985036,0.905815,0,0,0,0
0.958482,-0.667621,0.681368,2.273015,0.126555,1.127014,1.147118,0,0,0,0
0.478709,-1.625741,0.993892,1.114459,-0.544023,-0.263415,-0.353973,0,0,0,1
0.906243,0.106331,1.187135,-0.888940,-0.804337,0.003143,1.324638,0,0,0,0
0.733663,-0.196923,1.183852,-0.555899,-0.789180,0.140251,0.062348,0,0,0,0
0.729518,0.252769,0.234052,-0.387725,-0.890954,0.011202,1.030932,0,0,0,0
0.269213,-0.518120,0.364009,1.243408,-0.137110,0.128589,-0.301656,1,0,0,0
1.154173,-0.473432,0.520447,1.210805,0.876611,0.079684,1.087442,0,0,0,0
0.453375,-0.094643,1.274265,1.450279,0.521853,-0.608314,0.367704,0,1,0,0
0.140864,-0.740021,1.290971,1.046536,-0.894133,-0.143459,0.156096,0,0,0,0
-0.061222,-0.178057,0.437746,-0.843520,0.222339,-0.542542,-0.443485,0,0,1,0
1.102400,-0.009765,0.835809,-0.952422,-0.779114,0.472832,1.140933,0,0,0,0
0.875884,0.448509,0.003565,-0.920517,-0.032956,-0.219516,0.443463,0,0,0,0
0.528312,-0.022746,-0.143986,-0.398249,-0.591191,0.358858,0.039060,0,0,0,0
0.496774,-0.981695,0.840228,-0.011090,-0.816625,-0.745458,0.179274,0,0,0,1
0.987521,0.393419,0.401305,-1.019267,-1.252289,0.942258,0.853823,0,0,0,0
0.789974,0.473365,0.766833,-1.412803,-1.462383,-0.200413,1.083341,0,0,1,0
0.592932,0.473760,0.694198,-0.559268,-1.080718,-0.576114,0.953189,0,0,0,0
0.106149,-0.396417,2.007572,-0.391134,-1.427720,0.499715,-0.186587,0,1,0,0
0.678416,0.145997,0.081509,-0.118610,-0.293447,-0.385371,0.825885,0,0,0,0
-0.265410,-0.481926,1.727602,-0.232668,1.223774,-0.714150,-0.602823,0,0,0,0
1.070201,0.446454,-0.761220,-0.962340,-1.126032,0.117074,0.827766,0,0,0,0
0.917429,-0.056984,-0.568577,-0.835824,-0.293500,0.418089,1.103357,0,0,1,1
0.432663,-0.040193,-0.331165,1.024679,-0.145378,-0.245512,-0.026064,0,0,0,0
0.407200,-0.298551,-0.432337,2.479571,-0.247185,-0.442603,-0.017648,0,0,0,0
0.584050,-0.007325,-1.028769,1.958398,0.142530,-0.635016,0.560161,0,0,0,0
0.564150,0.387533,-0.399385,2.282918,-0.063410,-0.110209,0.861434,1,0,0,0
0.822333,-0.482755,0.561087,1.517050,-0.561049,-0.523897,0.579758,0,0,0,0
0.570573,-1.277886,1.790684,0.203740,-0.518827,0.291245,-0.082903,0,0,0,0
0.494917,0.185006,0.837873,-0.034803,-0.710104,-0.733264,0.647427,0,0,0,0
0.748926,0.461827,0.912727,-1.145702,-1.059110,-0.405912,0.599369,0,0,1,1
0.892058,0.155125,-1.405342,-0.823069,-0.604589,0.411114,1.178440,0,0,0,0
0.837303,0.280602,-1.935196,0.261000,-0.750931,0.092236,1.339103,0,0,0,0
0.795441,0.076833,-1.054425,1.367472,-0.377535,0.475825,0.295041,0,0,0,0
0.546731,0.945351,0.087844,0.681334,-0.751645,-0.776011,0.157343,0,1,0,0
0.783678,0.594110,-1.270422,0.051496,-1.344368,0.505639,1.227662,0,0,0,0
0.898027,0.811176,-1.466479,0.389248,-1.310159,0.701144,0.508872,0,0,0,0
0.298865,0.868599,-0.218566,1.668155,-0.007632,-0.233768,-0.122721,0,0,0,0
0.418708,0.989923,0.750440,0.316047,-0.117039,0.361315,0.313807,1,0,0,0
0.816890,0.238499,-0.148778,-0.667702,-1.499107,0.177133,1.239832,0,0,0,0
0.741210,-0.446581,-0.753224,-1.363731,-1.330696,0.311332,0.602658,0,0,0,0
0.881593,0.366064,-0.667707,-0.284721,-0.820173,0.105028,0.824122,0,0,0,0
0.936344,-0.352692,0.261883,0.766910,0.308814,-0.372938,-0.161419,0,0,0,0
-0.082317,0.287915,0.264604,-0.328300,0.894360,-0.833415,-0.562365,0,0,0,0
-0.035553,0.456794,0.207026,-0.327767,0.632337,0.662770,-0.603398,0,0,0,1
-0.699003,0.982005,0.434068,0.600997,0.710720,-0.511001,0.022383,0,0,0,0
-1.038035,1.661080,1.877275,-0.436706,0.927465,0.312371,0.196546,0,1,0,0
0.402130,0.302846,0.193456,-1.215000,0.755685,-0.801794,1.134507,0,0,0,0
0.025981,1.571332,-0.391689,-1.084872,-0.258711,0.015234,0.513184,0,0,1,0
0.507179,-1.154516,0.285348,1.281697,0.655484,-0.256491,0.157773,0,0,0,0
-1.080692,1.576691,0.867301,-0.906925,2.154511,-0.126478,-0.402047,0,0,0,0
-0.636466,0.357177,0.376803,-0.566752,-1.283107,-0.814337,-0.097382,0,0,0,0
-0.155049,-0.078522,-0.384458,-0.523926,-1.979467,1.877654,-0.225072,1,0,0,0
0.221337,-0.526419,0.437162,0.427866,1.033252,-0.855678,-0.315159,0,0,0,0
-0.389865,-0.451771,1.633782,-0.912034,1.287239,-0.360414,-0.344203,0,0,0,0
-0.014080,0.247214,1.385525,-1.072141,-2.430287,2.567320,0.549485,0,0,0,0
-0.471517,1.112393,-0.098063,-2.842162,-3.142668,1.740588,0.166825,0,0,0,1
0.019553,0.059906,1.207869,-0.298067,-0.939900,0.778214,-0.078270,0,0,0,0
-1.422533,0.752541,0.626875,0.009798,1.262838,-0.634206,-1.452758,0,0,0,0
-1.734910,0.646689,0.049666,-0.842406,1.340202,0.047002,-2.418661,0,0,0,0
-1.700617,1.501468,0.015002,-1.353056,1.149747,0.343428,-2.452329,0,0,0,0
-1.457785,1.560100,0.054394,-0.848094,1.444613,-0.066302,-2.119621,0,0,0,0
-1.182234,2.057634,-0.230385,-1.060492,1.672528,-0.105902,-1.646967,1,1,0,0
0.570804,-0.741621,-0.252897,0.717841,1.096527,1.054976,-0.115760,0,0,0,0
0.381333,-1.189021,-0.582013,1.187502,0.570907,-0.481599,-0.017454,0,0,0,0
0.446477,-0.964886,-0.171071,0.649630,0.279090,0.071510,-1.084638,0,0,0,0
0.160070,-1.056635,-0.149878,0.929107,0.701631,0.135896,-0.592921,0,0,0,1
0.310217,-0.553497,0.407476,0.358083,0.807779,-0.718899,-0.367888,0,0,0,0
-0.352743,-1.125482,0.977521,0.717241,0.944316,-0.149728,-1.248876,0,0,0,0
0.141199,-1.299794,0.980094,-0.119206,0.718931,0.077031,-0.879631,0,0,0,0
-0.323987,-0.775133,0.894153,0.638906,1.108898,0.026339,-0.837185,0,0,1,0
-0.290428,0.213590,0.133180,0.217229,1.043723,-0.324418,-0.390087,0,0,0,0
-0.695247,-0.301286,0.401500,-0.720612,1.068614,-0.706302,-1.278940,0,0,0,0
-0.436145,-1.851771,0.860970,0.566633,0.961591,-1.022672,-1.396661,0,0,0,0
-0.409199,-0.113319,0.149949,0.223039,0.797509,-0.945450,-1.505320,0,1,0,0
-0.601971,0.211006,0.331173,-0.006395,1.161128,-0.806093,-0.450011,0,0,0,0
-1.289338,0.626603,0.543614,0.110795,1.785821,-0.570670,-0.685866,0,0,0,0
-0.089638,-0.848951,1.642361,0.444442,1.036517,0.192410,-1.035910,0,0,0,0
-0.948893,-0.764504,0.946624,1.031197,1.281991,-0.371497,-1.995312,0,0,0,1
-0.661476,1.413071,0.054646,-1.414287,1.565679,-1.175133,0.120856,0,0,0,0
-0.952078,1.496697,0.517534,-0.228923,2.091737,-0.291923,-0.148819,0,0,0,0
0.059969,-0.693793,0.970948,0.023488,0.887001,0.483744,-0.890751,0,0,0,0
-0.600200,-0.076242,-0.135430,-0.018677,0.679948,-0.744129,-1.474064,1,0,0,0
-0.145958,0.892989,0.358788,0.127347,0.658189,-0.715733,-0.397919,0,0,0,0
-1.352372,1.442691,0.700516,-0.797922,1.898796,-0.060063,-1.314140,0,0,0,0
-0.191870,-0.991868,1.328135,0.171872,1.056198,0.078219,-0.842324,0,0,0,0
-0.998789,-0.480031,0.715632,1.284010,0.898044,-0.029463,-1.233368,0,1,0,0
-0.782915,1.277801,0.274406,-0.402230,1.538642,0.424672,-1.188763,0,0,0,0
-1.154932,1.819463,0.592864,-0.805350,1.483202,-0.784232,-0.857785,0,0,0,0
-0.627470,-2.031489,1.143278,0.354782,1.305617,-1.096551,-1.270367,0,0,0,0
-0.459367,0.458696,0.277065,0.049923,0.013418,-1.259284,-1.926846,0,0,1,0
-0.636808,0.522018,0.303395,0.347004,1.156664,-0.546281,-0.595249,0,0,0,0
-1.491268,0.793602,0.686751,-0.127159,1.773415,-0.836372,-1.167439,0,0,0,0
-0.344802,-1.282747,1.023452,0.348466,0.827645,-0.431632,-1.742504,0,0,0,0
-1.081045,-0.859770,0.481424,1.172603,0.931094,0.137132,-2.190314,1,0,0,0
-0.741464,1.312075,0.541291,-1.217745,1.643331,-0.654322,-0.753728,0,0,0,0
-1.331381,1.252960,0.287989,-0.387837,2.037645,-0.556750,-1.085680,0,0,0,0
-0.060897,-1.072979,0.418230,-0.541901,0.486055,-0.916767,-1.686673,0,0,0,0
-0.717879,-0.112402,-0.167182,-0.057634,0.886998,-0.940169,-1.867106,0,0,0,1
-0.693081,1.085850,0.618829,0.422193,1.055100,-1.188261,-0.566074,0,0,0,0
-1.786029,0.977017,1.402064,-0.104698,1.299957,-0.435529,-1.463062,0,0,0,0
-0.270255,-1.053800,1.385726,0.322926,1.047726,-0.745507,-1.093793,0,0,0,0
-0.915939,-0.444912,0.528881,0.793992,0.885051,-0.233424,-1.348832,0,0,1,0
-0.833523,1.061062,0.357477,-0.759510,1.830314,-1.360489,-0.834971,0,0,0,0
-1.317860,1.484188,0.296397,-1.234358,1.163796,-0.864550,-1.382683,0,0,0,0
-0.329983,-1.461458,1.182392,0.091568,0.739825,-1.069338,-1.332530,0,0,0,0
-0.523689,-0.145937,0.389775,0.097406,0.479534,-0.649635,-1.887756,0,1,0,0
-0.241482,1.029656,0.099271,0.542452,0.743230,-0.628061,-0.253237,0,0,0,0
-1.247638,1.519497,0.200688,-0.591025,1.768094,-0.822177,-0.622850,0,0,0,0
-0.052559,-1.129301,1.063820,0.343859,1.318227,-0.752314,-0.963092,0,0,0,0
-0.670957,0.008527,0.659844,0.331557,0.404382,-0.578118,-1.739101,0,0,0,1
-1.108277,0.949502,0.341930,-0.669454,1.995744,-1.128658,-0.571201,0,0,0,0
-1.541654,0.842823,0.707995,0.008843,2.363587,-0.024258,-0.588693,0,0,0,0
0.075996,-0.921719,1.117705,-0.571219,0.206882,-0.618953,-1.388121,0,0,0,0
-0.183840,0.496700,-0.314897,-0.257535,-0.160868,-0.914103,-1.561784,1,0,0,0
-0.227177,1.053180,-0.076666,0.531736,0.909299,-0.390831,0.276968,0,0,0,0
-0.724947,1.476095,-0.471685,-0.872577,0.521869,-0.463612,-1.560037,0,0,0,0
-0.050072,-0.897959,1.175084,0.298291,1.147338,-0.673899,-0.701641,0,0,0,0
-0.342099,0.547405,0.164701,0.163813,0.490010,-0.640165,-0.161973,0,1,0,0
0.703752,-0.882673,-0.133239,0.037059,-0.565648,0.415855,0.198827,0,0,0,0
0.495915,-0.148544,-1.082717,1.718627,-1.228152,-0.617569,0.072456,0,0,0,0
0.665951,-0.676997,-0.036478,0.953353,-0.366428,-0.086010,0.267520,0,0,0,0
0.538575,-0.331041,-0.173955,1.352520,-0.020862,0.036878,0.479046,0,0,1,0
0.590342,0.481140,-1.437983,1.135852,-0.112414,-0.488221,0.544914,0,0,0,0
0.718029,-0.272105,-0.206056,0.663418,0.675598,-0.464150,0.879454,0,0,0,0
0.514154,-0.470236,-0.132535,0.064121,0.203584,-0.886851,0.185536,0,0,0,0
0.447852,-0.408538,-0.248554,0.053552,0.352845,-0.341985,0.016564,1,1,0,0
0.539001,-0.259239,-0.533290,1.542714,-0.289632,0.643425,0.551766,0,0,0,0
0.486444,-0.620904,-1.186234,1.946288,-0.096150,-0.152100,-0.395756,0,0,0,0
0.311242,-1.205003,0.149245,0.359391,-0.026296,-0.398239,-1.427772,0,0,0,0
-0.113976,-0.112568,-0.421911,1.130321,0.222790,-0.648885,-1.415694,0,0,1,0
0.022703,0.736532,0.166451,1.002157,0.493376,-0.151000,-0.184469,0,0,0,0
-0.668017,-0.122485,-0.470689,1.300141,0.581202,-0.735194,-1.225100,0,0,0,0
0.049125,-0.672064,0.644444,0.634617,0.742526,-0.771302,-0.727169,0,0,0,0
-0.578925,-0.129880,-0.096000,1.106952,0.568366,-0.420738,-1.002665,0,1,0,0
-0.565377,1.176282,-0.359079,0.246355,1.186167,-0.682364,-0.739043,0,0,0,0
-0.929586,1.027695,-0.151091,0.349611,1.099817,-0.699299,-1.108641,0,0,0,0
-0.508585,-1.613790,0.950105,0.436359,1.077081,-1.118428,-1.287009,0,0,0,0
-0.492836,0.112549,0.106426,0.441614,0.693819,-0.408838,-1.738137,1,0,0,0
-0.659713,0.530191,-0.023679,0.134894,0.821764,-0.866425,-0.252446,0,0,0,0
-1.340480,0.904150,0.201977,0.108787,2.023288,-0.429882,-0.763035,0,0,0,0
-0.005024,-0.675113,1.431172,0.286188,0.903239,-0.294962,-0.994590,0,0,0,0
-0.983129,-0.628030,0.511398,0.813550,0.584357,-0.693814,-2.376310,0,0,0,1
-0.706774,1.611492,0.128027,-0.820033,1.866226,-1.022804,0.055734,0,0,0,0
-1.140725,1.503770,0.117908,-0.520686,2.097107,-0.548897,-0.389104,0,0,0,0
-0.058330,-0.767265,0.605658,-0.333568,0.336496,-0.222456,-1.694389,0,0,0,0
-0.675208,0.026746,-0.365473,-0.175039,0.568661,-1.009513,-1.546320,0,1,0,0
-0.513143,1.231855,0.439379,0.301513,1.254846,-0.768764,-0.537698,0,0,0,0
-1.402841,1.697961,0.661004,-1.110450,1.978687,-0.753729,-1.309892,0,0,0,0
-0.169770,-0.776996,1.297666,0.166861,0.889447,0.104023,-0.737481,0,0,0,0
-0.990039,-0.445239,0.714168,1.155475,0.949897,-0.251980,-1.230177,0,0,1,0
-0.736730,1.323454,0.412637,-0.634577,1.540667,0.588895,-0.727297,0,0,0,0
-1.312181,1.635321,0.468819,-1.145366,1.366223,-0.781205,-1.231880,0,0,0,0
-0.527917,-1.761500,1.064718,0.136168,0.747216,-0.674203,-1.513252,0,0,0,0
-0.520421,0.011364,0.165792,0.102017,0.133796,-1.342927,-1.853493,0,0,0,1
-0.452956,0.694252,0.332942,0.587295,0.905422,-0.387562,-0.472794,0,0,0,0
-1.435722,1.093874,0.716063,-0.184789,2.176428,-0.645246,-1.041637,0,0,0,0
-0.417946,-1.658293,0.658791,-0.409110,0.535762,-0.751211,-2.194432,0,0,0,0
-1.159360,-0.920778,0.310122,0.730988,0.739833,-0.423839,-2.563861,1,0,0,0
-1.014893,1.598532,0.185249,-0.855675,2.200814,-1.088131,-0.529757,0,0,0,0
-1.361615,1.586283,0.210588,-0.672641,1.873606,-0.291039,-0.605841,0,0,0,0
-0.057716,-0.819888,0.344824,-0.699572,0.101098,-0.564184,-1.707899,0,0,0,0
-0.698727,0.035284,-0.271040,-0.028697,0.738026,-0.972668,-1.618373,0,0,1,0
-0.677318,1.091173,0.161631,0.514816,1.057342,-0.758655,-0.359152,0,0,0,0
-1.773655,1.041437,1.038718,-0.165384,1.412509,-0.693312,-1.459129,0,0,0,0
-0.251375,-1.043225,1.212477,0.223024,1.080404,-0.514420,-0.961366,0,0,0,0
-0.822808,-0.296857,0.384046,0.528301,0.785144,-0.428104,-1.274810,0,1,0,0
-0.651252,1.192317,0.400582,-0.518742,1.724672,-0.488167,-0.707166,0,0,0,0
-1.205764,1.614886,0.165690,-1.156532,1.651335,-0.542271,-1.265818,0,0,0,0
-0.412700,-1.725002,1.254606,-0.014266,0.830394,-0.765719,-1.433697,0,0,0,0
-0.641630,0.021280,0.308998,0.165132,0.610782,-1.284861,-1.999239,1,0,0,0
-0.531108,0.886156,-0.014190,0.345095,1.170004,-0.865165,-0.219975,0,0,0,0
-1.359960,1.217016,0.318558,-0.801085,1.614351,-0.331338,-0.856222,0,0,0,0
-0.083598,-1.191806,1.202958,-0.095951,0.948904,-0.585795,-1.071518,0,0,0,0
-0.632882,-0.443982,0.202427,-0.035399,0.423578,-0.079005,-1.906254,0,0,0,1
-1.022641,0.704634,0.041323,-0.463810,1.873595,-0.956171,-0.328662,0,0,0,0
-1.350720,0.951634,0.462072,-0.124592,2.605164,-0.323154,-0.509258,0,0,0,0
0.036501,-1.038417,0.574082,-0.395104,0.910002,-0.629704,-1.138926,0,0,0,0
-0.820558,-0.625894,-0.479405,0.084448,0.973862,-1.150006,-1.733155,0,1,0,0
-0.096524,0.918502,0.008970,-0.126627,0.646054,-0.893240,-0.216021,0,0,0,0
-0.862436,1.939275,-0.388017,-1.012437,1.398343,-0.715930,-1.104726,0,0,0,0
-0.036804,-0.615480,0.783632,0.219442,1.229138,-0.475556,-0.747593,0,0,0,0
-0.696614,0.150586,0.111724,0.249669,0.601776,-0.806292,-1.110572,0,0,1,0
0.567239,-0.932767,0.133164,0.888224,0.493016,0.292035,-0.574662,0,0,0,0
0.028032,-0.424496,-0.633976,1.841929,0.040741,0.173838,-1.148667,1,0,0,0
0.315960,0.142778,0.108372,0.306747,0.017098,-0.194935,0.024338,0,0,0,0
-0.098746,0.718930,0.228927,0.425147,0.116015,0.122621,0.274321,0,0,0,1
0.185528,0.520021,0.115162,0.674832,0.357025,-0.296878,0.219729,0,0,0,0
-0.100216,0.060844,0.457032,0.991190,0.844725,0.412980,0.445862,0,0,1,0
0.292223,-0.196766,0.888533,0.259183,0.921057,-0.130206,-0.637427,0,0,0,0
-0.171208,-0.442244,0.507083,0.929754,0.407887,0.442982,-1.095917,1,1,0,0
0.269169,-1.068374,-0.068046,1.234583,0.548317,0.585236,-0.396836,0,0,0,0
0.325328,-0.605964,0.443748,1.209809,0.246043,0.420725,-0.330614,0,0,0,0
-0.192678,-0.236043,-0.419965,1.414498,-0.277072,-0.461532,-1.221991,0,0,0,0
-0.523833,0.283926,-0.209062,0.889604,0.224125,-0.864492,-0.911153,0,0,0,1
-0.159600,-1.586151,1.360659,0.686987,0.638881,-0.116598,-0.776551,0,0,0,0
-0.671469,-1.118192,1.144544,0.935213,1.395888,-0.520237,-0.771306,0,1,1,0
0.105837,0.154405,-0.383988,1.616248,0.829229,0.569328,-0.157378,0,0,0,0
0.016817,-0.391974,-1.038096,1.871459,-0.119293,0.170110,-0.603828,0,0,0,0
-0.130088,-0.185268,-0.501981,2.110623,0.339797,-0.195861,0.921513,0,0,0,0
-0.183081,0.466151,-0.290331,1.776142,0.196522,0.392869,-0.533676,1,0,0,0
-0.520305,0.157015,-0.632011,1.779417,0.808538,-0.890053,0.199427,0,0,0,0
-0.869139,0.402576,0.162926,1.733860,0.865302,-0.114488,-0.454629,0,0,1,1
0.095131,0.354614,-1.151119,1.593958,0.081533,1.260556,0.216793,0,0,0,0
0.107292,-0.031189,-0.383362,1.953038,0.307700,-0.176959,-0.326026,0,0,0,0
-0.218276,0.095591,-0.474030,1.381266,0.019194,-0.381273,-0.690138,0,0,0,0
-0.549856,0.534595,-0.553265,1.105759,0.361699,-0.533844,-1.127253,0,0,0,0
-0.605304,0.614906,-0.199917,1.296427,0.420975,-0.437411,-0.759761,0,0,0,0
-0.770856,0.639302,-0.368994,0.830769,0.728980,-0.229769,-0.865813,0,0,0,0
-0.726862,0.532323,0.109073,1.073212,0.471969,-0.581409,-0.821048,0,0,0,0
-1.005320,0.858022,0.124939,1.113164,0.851751,-0.189156,-1.031655,0,0,0,0
-1.175535,1.051491,0.316860,1.084043,1.122363,-0.550077,-1.171698,0,0,0,0
-1.372399,0.929613,0.159610,0.562584,1.463804,-0.521307,-1.359201,0,0,0,0
-1.307507,0.730322,0.108108,0.714256,1.304057,-0.265443,-1.282880,0,0,0,0
-0.649988,0.529191,-0.358811,0.819407,1.262035,0.372528,-1.042584,1,0,0,0
0.165917,-0.496162,-0.200995,0.220777,0.927392,-0.252560,-0.620354,0,0,0,0
-0.694582,-1.158456,2.022654,0.461550,0.930168,-0.273346,-1.054798,0,1,0,0
0.642751,0.248325,0.368861,-0.177148,0.644096,0.773091,0.983404,0,0,0,0
-0.006365,-0.675298,0.232463,0.319469,0.771677,0.150421,0.563255,0,0,1,0
0.171500,-0.773657,0.263905,0.844110,0.685445,-0.999605,0.685360,0,0,0,0
-0.086210,-2.409207,1.929677,0.830682,-0.559177,0.681396,-1.515513,0,0,0,1
0.008249,-0.309749,0.878914,1.849745,1.339707,-0.439223,0.807165,0,0,0,0
-0.159604,-2.467066,1.198841,0.889305,-1.161288,1.813477,-1.542801,1,1,0,0
0.345323,-0.977413,-0.088056,1.556685,0.705766,-0.348112,0.358530,0,0,0,0
0.191566,-1.233219,-0.489715,1.387413,0.338683,-0.377384,-0.049687,0,0,0,0
-0.022366,-0.751573,0.418819,1.787059,-0.446317,-0.779291,0.317764,0,0,0,0
-0.525865,-1.101204,-0.367485,2.073055,0.555520,-0.126035,-0.951669,0,0,1,0
0.242175,-1.481944,-0.208266,0.296155,0.181886,0.176900,0.479600,0,0,0,0
-1.130758,-0.921208,-0.434040,1.183902,0.027781,0.418191,-1.394199,0,0,0,0
-0.692358,-1.338673,-1.768706,1.284119,0.085079,0.768859,-0.308168,0,0,0,0
-0.107943,-0.602807,-0.028961,3.577675,0.457780,1.806065,1.066008,0,1,0,0
-1.863497,-3.436219,0.374816,-0.386833,0.708118,-1.059453,-2.964370,0,0,0,0
-2.709581,-1.923938,-1.304527,0.770221,0.472484,-0.268452,-2.583170,0,0,1,0
-0.109995,-1.321474,0.173888,2.434151,-0.076821,1.910099,0.111951,0,0,0,0
-0.638666,-1.245452,0.328114,2.628810,0.620365,0.169716,-0.358858,0,0,0,1
-0.983546,-1.320645,1.233421,-0.016927,1.816343,0.507263,-1.842876,0,0,0,0
-2.930544,-0.377173,0.159935,0.855540,1.989548,-0.455811,-2.857136,0,0,0,0
0.355573,-1.476013,-0.404574,0.290002,-1.358024,1.399862,-1.035780,0,0,0,0
-1.563148,-5.099572,0.437922,1.950844,-1.514491,0.082749,-1.891660,1,0,0,0
-0.474279,-1.903681,-0.414475,1.327978,3.097208,-0.674493,0.460130,0,0,0,0
-1.916553,0.695377,0.620705,0.042195,2.021400,2.723508,-1.196173,0,0,0,0
-0.632317,-1.402487,0.914380,1.194932,-1.567042,2.823083,-1.511321,0,0,0,0
-1.180806,-4.283346,-1.308965,3.027976,-0.095466,-0.296311,-1.887799,0,0,0,1
-0.403616,-0.413862,0.496266,-0.619845,1.576186,-0.628840,-0.805321,0,0,0,0
-1.150961,-1.297566,-0.570193,0.037490,0.154272,-1.079187,-2.568642,0,1,0,0
-0.796185,-1.008957,-0.387286,2.664143,1.122183,0.695954,0.332379,0,0,0,0
0.207167,-0.336863,-1.166547,1.263277,-0.083934,2.832557,0.503663,0,0,0,0
-1.201273,-3.716559,1.616451,0.108697,-0.609460,-0.903271,-2.088215,0,0,0,0
-1.684415,-4.603250,0.649587,-0.374009,-1.204709,0.086118,-2.396973,1,0,0,0
-0.497004,0.516356,-0.582726,0.372867,0.850791,0.483769,0.699629,0,0,0,0
-0.794554,0.615424,-0.572556,0.020204,1.343574,1.399997,0.957148,0,0,1,0
-0.542095,-0.686026,1.168686,-0.893982,1.263516,0.198506,-1.255647,0,0,0,0
-3.362067,0.319056,1.478441,-0.576520,1.856501,-1.583989,-2.849755,0,1,0,0
-1.721520,0.847025,0.524009,-0.323920,-0.293941,-0.600203,0.949325,0,0,0,0
-1.293703,0.818961,1.100805,-0.785267,-1.569881,0.881749,0.063282,0,0,0,1
-0.705692,-0.252593,1.757311,-1.414938,0.121724,-1.322764,1.065026,0,0,0,0
-1.046570,1.474335,0.062928,-0.989725,0.108176,0.738342,0.680785,0,0,0,0
-2.525110,2.959521,0.417599,-2.318340,3.030577,-0.580952,-0.981900,0,0,0,0
-0.929432,0.394220,0.597023,-0.044969,0.189736,-0.580159,-0.864606,1,0,0,0
-0.035888,-0.956430,-0.044779,-0.694502,0.563826,1.098588,0.420583,0,0,0,0
-1.797871,0.789287,1.029321,-1.605132,-0.366117,-1.005382,-1.224185,0,0,0,0
-1.621036,-0.457160,-0.250410,-1.259106,-1.568427,-0.168433,0.193249,0,0,0,0
-2.582265,1.641950,3.232075,-1.135585,2.432029,1.697879,0.749345,0,0,1,0
-0.760209,-2.631243,-1.099718,-1.701779,0.165251,0.140198,0.578506,0,0,0,0
-3.370663,0.894552,1.460024,-2.174054,1.559944,0.736697,-2.656990,0,1,0,0
-1.396183,-0.235448,1.146639,0.782398,-0.106021,-1.006360,0.511475,0,0,0,0
-2.955195,0.987049,2.981718,-2.426522,1.117709,-0.265185,-1.263357,0,0,0,1
-0.790775,-0.085051,2.185923,-0.084500,1.308310,-0.127163,-0.670698,0,0,0,0
-0.220024,1.463195,0.323623,-0.952342,-0.525808,0.897292,0.538985,0,0,0,0
-1.637419,0.888048,0.804950,-0.821858,-0.481586,-0.500188,-0.699270,0,0,0,0
-2.898542,1.341876,2.302124,-1.156721,0.699670,0.302641,-1.484309,0,1,0,0
-0.326273,0.050864,1.855106,-0.245310,0.264659,-1.223501,0.786758,0,0,0,0
-1.891714,2.724218,2.000239,-1.156964,2.130422,-0.658448,-0.189250,0,0,0,0
-0.613480,0.937252,-1.169264,0.479204,1.150150,-0.847571,1.011193,0,0,0,0
-1.825523,2.497049,1.835558,-1.295255,2.273206,-0.478678,-0.433773,1,0,0,0
-0.211175,-0.338880,1.154612,-0.948496,0.061507,0.040548,0.649041,0,0,0,0
-2.375735,1.796271,1.449954,-1.174635,1.225842,-0.935017,-2.156461,0,0,0,0
-1.131542,-0.552475,-1.772709,2.061915,1.245116,-0.040690,-0.773384,0,0,0,0
-2.487787,1.645193,2.913096,-0.807132,2.497230,-0.126145,0.506403,0,0,1,0
-0.875251,-1.524345,0.539404,-1.522123,-0.285651,-0.583670,0.272056,0,0,0,0
-1.184054,-0.345792,-1.429184,1.621560,1.283923,1.210995,-0.457787,0,1,0,0
-0.122916,1.156219,-1.151242,1.305681,0.051411,-0.477724,0.143407,0,0,0,0
-0.854300,2.607654,1.364854,-0.870179,0.754859,0.134789,0.163691,1,0,0,1
-0.327544,-1.332766,1.249129,0.314487,0.642905,1.230784,-1.219608,0,0,0,0
-1.569027,-1.396466,0.823260,1.434657,0.746206,0.092731,-1.766384,0,0,0,0
-0.819768,-1.677229,1.105077,-0.698422,-1.586019,0.028502,0.459701,0,0,0,0
-1.257938,-0.537718,0.763987,-0.552209,-1.386159,0.334777,-0.778934,0,0,1,1
0.518039,-0.072673,0.396115,-0.050992,-0.229920,-0.589778,0.614448,0,0,0,0
0.841802,-0.099865,-0.853137,1.650967,-1.122524,1.772615,0.175268,0,0,0,0
-0.005848,-0.399368,-0.569929,1.735647,0.038321,-0.886571,-0.620185,0,0,0,0
0.376668,-1.159768,0.705396,1.066202,-0.779892,0.615757,-0.446312,1,0,0,0
0.581870,-0.510389,-0.595726,-0.215200,0.215170,0.025528,0.227699,0,0,0,0
0.100811,-0.815258,-2.624349,-0.041620,0.443911,1.242692,0.388993,0,1,1,0
0.518700,0.506730,-0.788936,1.500203,0.319495,-0.429707,0.335416,0,0,0,0
0.459149,0.545352,-0.537603,1.467676,-0.210410,-0.482526,-0.100163,0,0,0,0
0.317249,0.169723,0.136042,1.149714,-0.567387,-0.488719,0.683358,0,0,0,0
-0.002550,-1.089336,0.259925,2.428034,-0.906121,0.583490,0.059766,0,0,0,1
0.045312,0.940377,-1.441046,-0.608057,-0.352818,1.606877,1.274459,0,0,0,0
-0.239270,-0.091036,-1.150023,-0.853442,-0.738782,0.074028,1.349794,1,1,0,0
0.485173,-0.032823,-0.439523,0.085342,0.415413,0.329910,0.161932,0,0,0,0
0.215127,-0.089726,-0.915628,2.109484,0.375186,-0.116456,0.546747,0,0,0,0
0.569785,-1.324028,-0.602761,1.982495,-1.318748,0.737609,-0.623396,0,0,0,0
0.073748,0.146455,-0.528751,1.668477,0.008985,-0.518294,0.076579,0,0,0,0
0.844988,-0.492050,0.163171,0.118529,0.084145,1.410405,0.945919,0,0,0,0
-0.071842,-0.423577,1.148516,0.729357,0.749784,-0.599932,-0.241283,0,0,0,1
0.014831,-0.757996,0.292111,0.463641,-0.006290,0.050326,-0.885480,0,0,0,0
-0.107639,1.479277,-0.203197,-0.204472,0.219337,0.126833,-0.585912,1,0,0,0
0.519131,-0.643915,0.277805,-1.100488,0.090251,-0.296496,1.177564,0,0,0,0
-0.013156,-0.033770,0.410279,-0.638277,0.569441,-0.337130,-0.715830,0,0,0,0
0.430076,-0.244631,-0.904703,1.407136,1.048325,-0.412363,0.199450,0,0,0,0
0.718077,0.144726,-1.015435,1.914305,0.115023,0.610893,1.069218,0,0,1,0
0.162448,-0.771775,0.804311,-0.641002,1.476542,0.042536,-0.584289,0,0,0,0
-0.345598,0.398881,1.887181,0.096381,1.981962,-0.052191,-0.157509,0,1,0,0
0.605388,-0.939272,-0.252370,2.121117,0.378018,0.875853,0.282207,0,0,0,0
0.110176,-0.934331,1.160571,0.673715,-0.682580,0.172971,-0.595125,0,0,1,1
0.601354,-0.539897,1.164629,0.116374,0.708859,0.096631,0.109542,0,0,0,0
0.803966,-0.847114,0.245264,1.189590,1.014914,1.074044,-0.150566,0,0,0,0
0.692507,-0.293285,-1.364321,0.551919,0.723539,0.546342,0.472777,0,0,0,0
0.405290,0.563511,-0.707477,-0.356800,-1.342714,0.895983,0.158404,1,1,0,0
0.535005,0.198960,-0.415785,0.066783,-0.532797,0.888161,0.534302,0,0,0,0
0.194361,0.047062,-0.610451,2.171576,0.061265,-0.216786,0.029925,0,0,0,0
0.286868,-0.196647,-0.384135,1.038376,-0.604668,-0.027438,1.055621,0,0,0,0
0.087470,-0.348338,-0.049279,1.038015,-1.029681,-0.329439,1.102489,0,0,1,0
0.464227,-0.446241,-0.292934,1.584519,-1.612088,-0.525633,-0.173597,0,0,0,0
0.301246,-0.663583,0.090707,1.824041,-1.570005,-0.175883,-0.284378,0,0,0,0
0.591859,-0.449903,0.025316,1.077493,-0.628489,0.757857,0.731680,0,0,0,0
0.531734,-0.639263,0.466886,0.491527,0.795689,-0.372308,1.183503,1,0,0,0
0.216784,0.194678,-0.571782,1.476403,0.926992,0.375367,0.596980,0,0,0,0
-0.026225,0.613663,1.328809,0.028163,0.764587,0.064635,0.226516,0,0,0,1
0.400838,0.141495,-1.241672,-0.423258,-0.193979,-0.612561,0.639272,0,0,0,0
0.639279,0.146488,0.263365,-0.299607,-0.336463,-0.355348,0.620646,0,1,0,0
-0.103899,0.427800,-0.137986,-0.518919,0.995773,-0.281962,-1.089542,0,0,0,0
-0.317883,0.230459,1.336893,-0.953629,0.989024,-0.757546,-0.701066,0,0,0,0
0.555406,-0.099611,0.294831,0.686238,-0.035553,-0.634134,-0.258916,0,0,0,0
0.259109,-1.242767,1.795389,-0.406705,-0.496265,-0.264940,-1.084567,0,0,1,1
0.845686,-0.424389,0.143371,0.374130,-0.375724,0.205773,0.874475,0,0,0,0
0.628996,-0.360926,0.238758,0.956588,-0.087170,-0.125590,-0.291110,0,0,0,0
0.390444,-1.269370,-0.206800,0.852182,0.049699,-0.455138,0.839983,0,0,0,0
-0.036863,-0.499769,-0.360423,1.162165,0.539973,0.034977,0.431825,1,0,0,0
0.677658,0.013294,-0.564242,0.143345,-0.445155,-0.469119,0.982118,0,0,0,0
0.272828,-0.565488,0.596072,-0.033373,0.580527,-0.231260,-0.000184,0,0,0,0
0.826810,-0.148555,-0.803990,0.108858,-0.191552,0.058881,1.336784,0,0,0,0
0.946248,-0.126536,-0.639330,-0.026793,-0.105284,0.336717,0.001097,0,0,0,1
0.944516,-0.034263,-0.744098,0.039766,-0.664273,-0.258561,1.170629,0,0,0,0
0.592180,-0.329557,-0.529967,-0.540840,0.750072,1.219931,0.527018,0,1,0,0
0.569715,0.144919,0.491406,-0.971994,-0.474829,-0.274913,0.992417,0,0,0,0
0.033283,0.163993,1.577951,-0.384979,0.425394,0.460175,0.718890,0,0,1,0
0.970790,0.181040,-0.920386,-0.025496,-0.748716,-0.287638,0.900825,0,0,0,0
0.829215,-0.173560,-0.945220,-0.147342,-0.708839,0.088395,1.152766,0,0,0,0
0.735401,0.158375,-0.370807,0.505384,-0.733493,0.318796,1.400886,0,0,0,0
0.175244,0.183625,-0.744872,-0.386969,-0.819581,1.168543,0.489601,1,1,0,0
0.838420,0.196575,-0.763998,-0.475468,-0.323403,-0.076327,1.327851,0,0,0,0
0.752412,0.311037,-1.177041,0.710518,-0.838412,0.073658,0.818371,0,0,0,0
0.437509,-0.513200,0.216026,1.819619,-0.652134,0.037476,0.434507,0,0,0,0
-0.292035,-0.091057,0.155148,2.340959,-0.282724,-0.666951,0.145464,0,0,0,1
0.342544,-0.771704,0.186593,-0.414736,-0.967108,-0.500586,-0.063024,0,0,0,0
-0.859784,-0.664077,0.104247,1.392092,-0.842914,-0.772735,-1.143021,0,0,0,0
-0.105215,-1.284988,0.238818,1.115636,-0.853083,0.247570,-0.543737,0,0,0,0
0.699683,0.179092,-2.571583,0.557398,0.321515,1.690944,1.190422,0,1,0,0
-0.753176,-1.683681,-0.462654,-2.313784,-0.160022,-0.667878,-2.392789,0,0,0,0
-0.927575,1.106026,-1.720711,-2.064879,-1.763452,-0.333018,-1.696226,0,0,1,0
-0.574640,0.508651,1.171708,-0.512095,-1.313927,-0.605887,0.610802,0,0,0,0
-0.980911,0.572208,1.062041,0.244788,-0.354961,0.557362,0.525641,0,0,0,1
0.408772,-0.386886,0.613447,-1.167451,-0.733149,-0.118147,0.148095,0,0,0,0
-0.130423,0.539739,-1.083668,-0.389611,-0.793093,-0.155795,-0.100771,0,0,0,0
-0.284766,0.586462,-0.603018,0.447027,-0.221087,-0.245754,-0.439106,0,0,0,0
-0.114013,0.338460,-0.611580,-0.810587,-0.837706,0.531041,0.155086,1,0,0,0
-0.024743,-0.175500,0.453996,-1.628805,-0.560401,-0.577594,0.464724,0,0,0,0
-0.373738,1.384674,-0.467280,-0.919681,-0.673928,1.048322,-0.034227,0,0,0,0
-0.069558,0.298080,-0.559472,0.378319,-0.418677,0.019683,0.093520,0,0,0,0
-1.840595,0.739414,1.626455,0.314898,-0.131612,-1.318746,-1.541349,0,0,1,0
0.135644,-0.211123,0.674288,-1.275172,-0.076003,-0.375426,0.298577,0,0,0,0
-0.631382,-0.375913,-0.735798,-1.222493,-1.282200,-0.648335,-0.161282,0,1,0,0
-0.309326,-0.391662,1.353703,0.757415,-0.436774,0.411995,-0.056736,0,0,0,0
-0.153748,0.138831,-1.362506,1.142770,0.875503,1.341988,0.019621,0,0,0,0
0.898463,-1.113611,-0.717964,-0.571974,-0.300320,0.168945,0.029913,0,0,0,0
-1.634435,0.717023,0.538151,-0.808482,0.488542,-1.519851,-1.443010,0,0,0,1
-0.313608,0.702988,2.377624,-0.251294,-1.770660,-0.416831,0.477849,0,0,0,0
-2.490252,0.809034,2.338809,0.344125,1.452612,-0.569364,-0.770216,0,1,0,0
0.070096,-0.018622,1.317368,-0.814253,-0.407664,0.343072,0.361448,0,0,0,0
-0.790823,0.459061,0.663091,-0.483891,-0.928677,-0.172678,-0.859757,0,0,1,0
-0.454302,-1.545100,0.662301,3.121518,0.042637,-0.868028,0.191508,0,0,0,0
-1.707775,0.223990,2.344482,0.510746,-1.166150,-0.078237,-0.495130,0,0,0,1
0.150037,-0.743528,1.167111,0.213204,0.838002,-0.644014,0.410808,0,0,0,0
-1.777244,3.073466,0.071223,-1.976517,3.063214,-0.683257,-0.751245,0,0,0,0
0.251371,0.293124,0.632558,0.851406,-0.535474,-0.815734,0.917123,0,0,0,0
0.274882,0.494332,-0.212541,0.964796,-0.403629,-0.186713,0.564308,1,0,0,0
0.370532,-0.161031,1.101005,-0.589277,-0.505775,-0.029366,0.453877,0,0,0,0
-1.349750,0.401862,1.265330,-0.366704,-0.469566,-0.666658,-0.886941,0,0,0,0
-0.479118,0.172304,0.774868,-0.826704,-2.649791,-0.359754,-1.031893,0,0,0,0
0.619211,0.173220,-0.852054,0.177997,-1.482404,3.329923,1.229721,0,1,0,0
-0.707247,-0.639303,2.268047,-1.154745,-1.574189,-0.845642,-0.876695,0,0,0,0
-2.999084,0.111741,2.048103,-1.308327,-0.300905,-0.351563,-2.540580,0,0,1,0
-0.422288,0.957484,1.108938,-1.201084,-1.198957,0.024491,0.764162,0,0,0,0
-0.813700,1.336040,0.434881,0.396615,0.149091,0.248123,-0.501495,0,0,0,1
0.474634,0.131056,1.157094,-0.681292,0.066471,0.234520,0.670683,0,0,0,0
-0.637147,0.827000,2.136903,0.255557,-2.540563,-0.581848,0.491007,0,0,0,0
-0.144708,0.711827,0.306197,-1.257243,-1.725041,1.085014,0.287736,0,0,0,0
-2.489352,1.069692,1.378024,-1.092038,0.289148,-1.219602,-2.839188,1,0,0,0
0.669237,0.244003,1.211609,0.263038,0.168537,-0.636576,0.681224,0,0,0,0
-0.204046,-0.899750,0.800972,1.940377,-1.511212,-0.166855,-0.685602,0,0,0,0
-0.080251,1.902397,0.009411,1.410488,0.479403,1.343869,1.056728,0,0,0,0
-0.545510,1.217130,1.339824,1.329506,-0.159353,-0.278923,0.354329,0,0,1,0
0.528333,0.220138,0.614357,-0.406704,-0.362859,0.662219,0.461413,0,0,0,0
-1.514501,0.854041,2.588945,-0.306015,-0.706969,-0.948483,0.245113,0,0,0,0
-0.482864,0.808838,0.484179,-1.449889,-2.255205,-0.516153,0.393743,0,0,0,0
-0.118551,1.392557,1.394496,-0.584552,-1.753479,2.882205,1.585660,1,0,0,0
-0.577786,-0.878776,0.263531,-1.768850,0.221884,-1.188332,-0.958287,0,0,0,0
-2.531453,1.377251,0.756504,-1.851214,0.871722,-0.894548,-1.470550,0,1,0,0
0.336820,0.558631,0.092668,-0.913697,-1.221736,-0.282233,1.026005,0,0,0,0
0.174095,0.735744,0.318270,-0.386246,-0.935753,1.276027,1.098779,0,0,1,1
0.196849,-0.856692,0.627481,-0.696548,-0.588238,0.553950,-0.506761,0,0,0,0
-1.145589,-0.050540,0.970987,0.971322,-0.783791,-0.419459,-1.270620,0,0,0,0
0.012675,-1.153501,0.231208,-1.661964,-1.607368,-0.494561,-0.043753,0,0,0,0
-0.603682,-0.396862,-1.008349,-1.730017,-1.744637,-0.457215,0.092732,1,1,0,0
0.919237,0.082316,0.175960,0.493486,0.036199,0.979737,0.952096,0,0,0,0
0.566320,0.056062,-0.503991,1.273231,-0.293812,-0.099515,0.824548,0,0,0,0
0.356040,-0.121345,-0.443134,1.408264,-0.237521,0.162779,-0.314631,0,0,0,0
0.415307,0.200295,-0.434779,0.360235,0.037796,-0.188596,0.678851,0,0,0,1
0.510633,-0.867000,-0.170479,0.015497,-0.127065,-0.580865,0.774832,0,0,0,0
-0.109071,-0.282617,0.130894,-0.938654,-1.138279,-0.152193,-0.442840,0,1,1,0
0.528438,0.138550,-0.448499,0.758821,-0.396939,-0.240025,1.027815,0,0,0,0
0.001406,-0.265827,-0.770244,1.580835,-0.113017,-0.879589,-0.621755,0,0,0,0
0.311317,0.528121,0.143980,0.181618,-0.950958,-0.077554,1.271323,0,0,0,0
-0.012406,0.618042,-0.431399,0.225831,-0.220802,-0.275891,1.094870,1,0,0,0
-0.368092,0.535373,0.523070,0.571834,-0.758207,-0.578151,0.442707,0,0,0,0
-0.335476,0.696798,0.147796,-0.226849,-0.997895,-0.166388,0.817954,0,0,1,1
0.487750,0.153868,-0.082847,0.423245,-0.100017,0.057603,1.020537,0,0,0,0
0.415981,0.253756,-0.948496,1.388788,-0.215040,0.101369,0.946516,0,0,0,0
0.445810,0.054271,0.003915,0.385446,-1.007842,0.030782,0.606625,0,0,0,0
0.408147,0.751901,-0.185462,0.464074,-0.916605,-0.382698,0.809008,1,0,0,0
0.793852,-0.624892,1.049629,0.487723,-0.056965,-0.503799,0.914771,0,0,0,0
0.449953,0.050700,0.262637,0.688392,0.052524,-0.734924,0.748741,0,1,0,0
0.283397,-0.262279,1.389143,-0.163916,-0.050512,-0.488364,0.066595,0,0,0,0
0.239694,1.013243,0.652487,-0.258957,-0.596596,0.798171,0.431132,0,0,1,0
0.561538,-0.140500,0.867497,-0.099349,0.022239,-0.342276,0.865291,0,0,0,0
0.099802,0.820183,-0.601234,0.523885,-0.893605,0.595882,-0.457635,0,0,0,0
0.289784,-0.217712,1.384905,-0.751693,-0.656793,0.129385,0.624148,0,0,0,0
-0.370007,1.252131,0.596986,0.751927,0.183996,-0.093456,0.874954,0,0,0,1
0.510609,0.253175,0.885584,-0.281748,-0.286081,-0.007038,0.767104,0,0,0,0
0.023356,1.334472,-0.276768,0.278065,-0.128463,-0.435100,-0.185835,0,0,1,0
0.888874,-1.151239,-0.402291,-0.095530,-0.111639,0.987821,0.154370,0,0,0,0
-0.205751,1.390459,-0.076106,-0.167024,-0.003665,-0.473120,-0.417874,0,1,0,0
0.662171,0.063789,0.638135,0.312431,-0.377540,-0.593636,0.728274,0,0,0,0
0.359578,0.962278,0.235140,0.390924,-1.108472,0.402784,0.371834,0,0,0,0
0.646185,0.337338,1.304330,-0.519821,-0.774524,1.055241,0.098972,0,0,0,0
0.476451,0.236611,0.599234,-0.352845,-1.123488,0.849816,-0.289180,0,0,1,1
0.755906,0.005175,-0.370474,-0.287374,-0.311535,0.131278,1.241535,0,0,0,0
0.669682,0.453818,-0.399063,0.838016,-0.881729,0.872733,1.006095,0,0,0,0
0.301302,0.136054,-0.543030,0.663073,-1.433909,-0.472567,0.399864,0,0,0,0
0.016119,0.317679,-0.324831,1.498929,-0.328202,-0.155649,-0.186140,1,0,0,0
0.524894,0.386007,-0.536112,0.535798,-0.467374,0.166585,0.543521,0,0,0,0
-0.066457,1.059052,-0.015387,0.390536,0.157073,-0.455803,-0.237635,0,0,0,0
0.450289,-0.481086,-0.035587,-0.016724,-0.069771,-0.798701,0.478479,0,0,0,0
0.335279,0.142110,1.176779,-0.233372,0.103871,0.713354,1.276882,0,0,1,0
0.275120,0.210256,0.691757,-0.213693,-0.719792,0.244758,0.608654,0,0,0,0
0.504988,-0.216465,1.145415,-0.540511,-0.392037,0.179836,0.991577,0,1,0,0
0.637118,0.323043,0.536654,-0.314756,-0.376643,0.071716,1.113893,0,0,0,0
0.117475,-0.004037,1.840163,0.388962,0.879063,-0.569255,-0.357875,1,0,0,0
0.663067,0.577248,0.216883,-0.432142,-0.325278,-0.269144,0.711907,0,0,0,0
0.566617,0.505548,0.723914,-0.686031,0.260496,-0.427604,0.536275,0,0,0,0
0.541977,-0.203989,0.569480,0.486596,-0.025858,-0.462256,-0.015368,0,0,0,0
0.594551,-0.602796,1.022581,0.963547,0.284877,-0.091611,0.213968,0,0,1,1
0.712137,0.267065,-0.426359,0.206482,-0.357069,-0.490062,0.981423,0,0,0,0
0.657457,-0.270928,-0.571422,0.578186,-0.696088,0.506795,0.248543,0,0,0,0
0.572698,-0.590003,-0.734592,-0.564801,-1.380850,1.916435,0.999523,0,0,0,0
0.850160,-0.132362,-2.310535,0.304300,-0.510810,0.355793,0.691765,0,1,0,0
0.505109,-0.429991,-0.521346,0.519159,0.124850,-1.127848,-0.325173,0,0,0,0
-0.019942,-1.002074,0.671477,0.666676,1.093502,-0.105763,-0.737940,0,0,0,0
0.778757,-0.452817,-0.745963,0.610876,0.106784,0.492136,0.925509,0,0,0,0
1.032477,-0.436292,-1.560148,-0.510861,-0.114209,-0.176704,0.292409,0,0,0,1
0.999638,-0.177942,-0.499332,-0.812381,-0.310116,-0.068540,0.710397,0,0,0,0
0.954734,-0.811631,-0.648475,-0.811553,0.075910,0.579513,0.644955,0,0,1,0
0.782417,-0.528535,-0.370045,-0.729098,0.305376,-0.036165,0.669982,0,0,0,0
-0.439934,0.092926,1.057074,-0.303390,1.410602,-0.335254,-0.062859,1,1,0,0
0.397935,0.423071,-0.631942,1.163569,-0.720087,-0.515160,0.618031,0,0,0,0
0.270121,-0.198490,0.034040,1.153320,-0.937158,0.155057,1.214866,0,0,0,0
0.323798,-0.612253,0.649321,0.185155,-0.689661,0.025800,1.002932,0,0,0,0
0.277415,-0.388706,0.173591,0.188009,-0.960687,0.721408,0.775439,0,0,1,1
0.841789,0.207514,-0.312499,-0.532443,-0.919291,1.282152,0.245139,0,0,0,0
0.467406,-0.083239,-0.141466,2.332696,-0.145830,-0.353825,0.291777,0,0,0,0
0.037721,-0.626685,-0.693746,1.935095,-0.274288,0.013634,-1.155990,0,0,0,0
-0.527126,-0.668091,-0.805856,1.966292,-0.139539,-0.115054,-1.931783,0,0,0,1
-0.512761,-0.750735,0.270978,1.644414,0.991171,-0.887341,-0.494541,0,0,0,0
-0.848123,0.095191,0.311681,2.218827,1.097190,-0.108502,-1.037901,0,0,0,0
-0.559010,-1.465816,1.313760,0.179837,0.880272,-0.573947,-2.147481,0,0,0,0
-0.631331,-1.374414,-0.149581,0.660700,-0.440069,-0.499561,-2.287886,0,0,0,1
-0.446337,-0.524362,0.713750,0.778434,0.468806,0.363097,-0.972090,0,0,0,0
-1.152707,0.752738,0.688070,0.893567,1.462242,-0.215903,0.039311,0,0,0,0
-0.110482,-0.535189,0.941801,-1.330871,-0.563069,-0.268345,-1.073826,0,0,0,0
-0.576630,0.447502,0.797285,-1.298042,-1.392735,0.064589,-0.595070,0,0,0,1
-0.023344,0.600236,0.698395,-1.185906,-0.510459,0.085599,0.099072,0,0,0,0
-0.373279,-1.942391,1.710719,0.480488,0.278358,-0.970425,-0.879930,0,0,0,0
-0.294742,-1.607358,1.327825,0.712113,0.914647,-0.095703,-1.059766,0,0,0,0
-1.895554,-0.309345,0.580396,0.210716,0.442056,-1.293379,-2.612703,0,1,0,0
-0.348309,-1.183668,1.522976,-0.333860,0.833679,-0.360616,-0.441233,0,0,0,0
-1.434684,-0.204910,2.490751,-0.507494,1.961815,-0.990466,-1.096593,0,0,0,0
-0.728517,-0.580693,2.161314,-1.321971,0.979828,-0.832586,-0.409390,0,0,0,0
0.037307,-0.059056,-1.387554,-1.057024,-0.836404,8.678765,-1.535677,0,1,0,0
0.175702,-1.153557,0.147060,1.129872,0.927448,4.285588,-0.622743,0,0,0,0
-0.773816,-1.835102,1.885537,0.458453,0.502276,-0.832146,-0.996422,0,0,0,0
-0.538392,-0.930026,0.210854,-1.766804,-0.399240,-0.813137,-2.119993,0,0,0,0
-2.744081,0.900021,0.123084,-1.521863,1.906178,-1.336384,-2.776071,0,1,0,0
-0.333146,-1.066058,-0.083660,-0.224035,1.861514,0.846971,-0.652991,0,0,0,0
-0.170009,-0.321191,-1.702067,0.261993,1.123563,-0.165949,-0.488539,0,0,0,0
-0.857097,-1.490900,0.758746,-1.017897,1.317155,-0.735821,-2.179894,0,0,0,0
-2.987347,1.276589,0.872351,-1.512727,2.136567,-0.700362,-2.808973,0,1,0,0
-0.310761,-0.487095,0.364197,-1.005301,1.305809,-0.379051,-0.477275,0,0,0,0
-1.080729,0.893437,1.898963,-1.548932,2.069287,0.942472,-0.120730,0,0,0,0
-0.841854,-0.889790,2.280714,-0.900596,0.438257,-0.434929,-0.388796,0,0,0,0
-1.512442,0.633257,1.697840,-0.217830,-0.228990,0.607745,-1.861435,0,0,1,0
0.187112,0.644904,0.284345,-1.837121,0.253505,1.409331,0.396846,0,0,0,0
0.131455,-0.204772,0.502205,-0.621280,1.173830,1.159735,0.065376,0,0,0,0
-0.272338,-0.663032,1.433729,-1.293978,0.051071,-0.735758,-0.426352,0,0,0,0
-0.434159,-0.124151,0.125849,-1.646793,-0.166943,4.673577,-0.212316,0,0,1,0
-1.706415,-0.530773,2.505935,-0.851549,1.356668,-1.579419,-0.810785,0,0,0,0
-0.908518,1.915175,2.367763,-1.452415,0.498040,0.983132,-0.021151,0,0,0,0
-0.609031,-0.474068,2.622826,-1.377624,-0.629750,-0.001427,-0.427990,0,0,0,0
0.154468,-0.708742,-1.387937,-0.866537,-0.396587,0.738742,-0.887162,0,0,1,0
-1.631487,-0.394264,2.682567,-1.260713,1.136021,-1.197922,-0.679819,0,0,0,0
-0.797685,-0.648401,0.505554,0.439995,1.482929,1.485918,-0.987328,0,0,0,0
-0.446631,-1.812447,-0.682815,-0.902550,1.274049,-0.333834,-2.041053,0,0,0,0
-1.087902,-0.109902,-1.614294,-1.038923,1.115920,0.746726,-2.274408,0,0,1,0
-0.600981,0.281674,2.631042,-1.034746,-0.371596,0.140395,0.393513,0,0,0,0
-0.673705,1.988338,1.215906,-2.220783,0.927788,0.725825,0.265257,0,0,0,0
-0.150217,-0.633190,0.465776,-1.311741,0.190611,-0.504027,-0.314296,0,0,0,0
-1.193761,0.303214,0.890846,-1.439036,0.784154,-1.188561,-1.334015,1,0,0,0
0.204754,-0.010632,0.658286,-0.641262,1.073361,-0.567512,0.354851,0,0,0,0
0.225336,-0.086339,0.327699,-0.115296,0.717943,0.726541,0.137360,0,0,0,0
0.207676,-1.876290,0.497849,0.513037,-1.151457,1.371167,-1.579113,0,0,0,0
-0.432163,0.662869,-0.570837,-2.571730,-0.306397,-0.783333,-0.360247,1,0,0,0
-0.639997,0.101689,2.229035,-1.097837,0.092006,0.366085,0.664462,0,0,0,0
-0.915817,1.504830,1.964481,-1.208401,0.240255,0.178253,0.365998,0,0,0,0
0.258542,-0.948910,0.135618,-0.682564,0.025091,0.844171,-0.242945,0,0,0,0
-0.722836,-0.078333,0.650651,-0.461949,-0.369762,2.737930,-0.499201,1,0,0,0
-0.671074,-0.626388,1.685227,-1.138499,0.233724,-1.337060,0.469294,0,0,0,0
-1.190051,0.705258,2.267309,-1.518779,0.320511,-0.370513,0.221256,0,0,0,0
-0.856646,-1.404882,0.929445,-1.342734,0.470607,-1.198429,-0.508670,0,0,0,0
-0.784888,-0.334038,-0.569265,0.660880,0.768362,0.145134,-0.175909,1,0,0,0
-0.156267,-0.051047,0.132663,0.386928,-0.003700,-0.205748,0.476142,0,0,0,0
-0.766232,0.372209,0.414805,0.503811,0.326547,-0.854848,0.410948,0,0,0,0
-0.381375,0.030651,0.120850,-0.926378,-0.507843,0.944393,-0.882370,0,0,0,0
-1.193358,0.036577,0.217149,-1.079406,0.715363,-0.121165,-2.230300,0,0,1,1
0.706641,-0.441007,-0.880603,1.027219,0.392269,-0.031963,-0.087755,0,0,0,0
0.526336,0.051995,-1.706711,1.486913,-0.143054,-0.182685,-0.604447,0,0,0,0
0.539736,0.310723,-1.383702,1.081311,0.136537,0.213434,0.877324,0,0,0,0
0.275716,0.181001,-1.500830,0.430883,-0.178666,0.254407,0.727452,1,1,0,0
0.579984,-0.070308,-0.372000,-0.565139,-0.366573,0.353239,0.264126,0,0,0,0
0.157392,-0.890317,0.147512,0.298044,0.548056,0.707216,0.330489,0,0,0,0
0.197708,-0.174024,-0.669388,0.259499,1.326224,1.629863,-0.006742,0,0,0,0
-0.016449,0.849251,0.573725,-0.497683,1.001912,0.156190,-0.463954,0,1,1,0
0.905372,0.172175,-0.043429,0.162926,0.696083,-0.124441,0.443592,0,0,0,0
0.476408,-0.090474,-0.221409,-0.204300,1.129691,0.211775,0.554044,0,0,0,0
0.171106,-0.055897,-0.139782,0.070616,1.885836,-0.633114,0.634542,0,0,0,0
0.718660,0.121874,0.104750,-1.075491,0.459432,1.882591,0.276920,1,0,0,1
0.447520,0.320728,0.143543,-0.364017,0.004226,0.372000,-0.494178,0,0,0,0
0.526407,-0.727063,-0.781515,-0.024979,1.197587,0.992367,-0.612886,0,0,0,0
0.708758,-1.042500,-1.054655,0.013638,1.406656,0.037777,0.154362,0,0,0,0
-0.712902,1.048145,1.100996,-0.339309,1.601337,-0.614508,-0.308849,0,0,1,1
0.084729,0.223591,0.572524,-0.125716,0.599323,-0.339612,-0.787816,0,0,0,0
0.609082,-0.364473,0.094757,-0.350430,1.014207,3.694096,-0.045585,0,0,0,0
0.684432,0.297782,-1.160973,-0.402356,1.760757,3.286863,0.763859,0,0,0,0
0.193286,-0.657463,0.397035,1.083055,-0.777615,0.179263,-0.491250,1,1,0,0
0.684781,1.383785,0.116688,-0.839371,-0.149328,1.095341,0.054592,0,0,0,0
0.286896,-0.261806,-0.160243,0.130746,1.701006,1.444037,-0.221583,0,0,0,0
0.192172,0.541111,0.976774,-0.926580,0.737853,0.896198,0.460216,0,0,0,0
-0.976275,0.452976,1.781590,-1.066694,1.639715,-0.794886,-0.865159,0,1,1,0
0.191904,0.040742,-1.313207,0.467991,0.597242,-0.020375,0.353905,0,0,0,0
0.082417,-0.162372,0.723420,-1.213951,0.322568,0.490834,-0.647133,0,0,0,0
0.192830,0.156406,-0.997425,0.560719,0.162905,-0.325844,0.544983,0,0,0,0
0.672506,0.464948,0.103357,-1.358737,0.575990,0.440237,0.160700,1,0,0,1
0.628760,0.328291,-1.621639,0.162134,0.899354,0.180159,0.091897,0,0,0,0
0.631389,0.236958,0.592646,-1.641991,-0.004585,1.006341,-0.089996,0,0,0,0
-0.308565,0.101874,1.269209,-1.099783,1.311265,-1.157801,-0.779421,0,0,0,0
-0.019106,-0.638744,-0.807191,-0.235066,0.826449,0.353872,-0.733667,0,1,0,1
1.049281,-0.526374,-0.763504,0.093913,0.498090,0.666436,0.277943,0,0,0,0
-0.098938,-0.125493,0.875486,-0.614015,1.156839,-0.480176,-0.574055,0,0,1,0
0.666558,-0.614668,0.153814,-0.298283,0.754826,0.241483,-0.286954,0,0,0,0
-0.854351,0.631173,1.557259,-1.104295,1.904264,-0.404383,-1.075590,1,0,0,0
0.800432,-1.144403,0.293065,0.575833,0.996721,0.714528,0.196805,0,0,0,0
0.234082,-0.253802,0.386249,-0.438845,0.478896,0.990141,0.562356,0,1,0,0
0.836615,0.013726,-0.333802,-0.911254,0.706408,1.084142,0.489281,0,0,0,0
0.213975,0.874283,-0.193257,-1.500848,1.349162,1.663253,0.026667,0,0,1,1
0.580954,-0.408521,0.105233,0.626335,0.827491,-0.417133,0.584852,0,0,0,0
0.375241,-0.650698,0.785523,0.810267,0.973927,-0.032844,0.523969,0,0,0,0
-0.214385,-0.404278,0.696245,0.226973,1.829966,-0.513273,0.396414,0,0,0,0
-0.207372,0.148143,0.564337,-0.232949,1.231397,-0.383784,0.686051,1,0,0,0
0.200481,0.234182,-0.588548,-0.139427,0.567465,0.442847,0.138434,0,0,0,0
0.136757,-0.733601,0.422360,-0.673191,1.339199,-0.776594,-0.659361,0,0,0,0
0.429166,0.212388,-1.416297,0.652157,1.463543,1.740040,0.380625,0,0,0,0
-0.269059,1.238418,-1.005291,-0.095621,1.460253,-0.127759,0.109265,0,0,0,0
-1.443839,0.559027,-2.332640,0.098638,1.580979,0.873878,-0.361311,0,0,0,0
-1.880823,0.010778,-1.970252,0.248280,1.343573,-0.012887,0.013958,0,0,0,0
-2.109401,-0.201352,-2.486051,0.335262,1.684090,0.488550,-0.709991,0,0,0,0
-0.552135,-0.717859,-3.150338,-0.770581,-0.347187,3.730662,-0.644270,0,0,0,0
-0.211623,-0.620518,-3.875743,-1.279373,-0.820169,0.156039,-0.591307,0,0,0,0
-0.491051,-0.771982,-3.878083,-1.163149,-1.213614,0.139892,-0.470387,0,0,0,0
-0.979050,-2.231395,-3.870256,-1.364399,-1.138276,0.121039,-0.951547,0,0,0,0
0.688234,0.242762,-1.696081,-1.261561,-2.225056,2.045011,0.542933,1,0,0,0
0.165872,-0.852455,-1.730937,-2.100768,-3.388057,0.102445,0.759249,0,0,0,0
0.004196,-1.765005,-0.036884,-1.566746,-2.828033,0.406516,-1.170367,0,0,0,0
-0.149260,-0.671592,-2.839587,-2.226716,-3.017619,0.015206,-0.100992,0,0,0,0
0.184492,-0.899820,-3.347366,-1.666083,-1.945774,0.719652,0.032682,0,0,0,1
0.042712,-1.153313,-2.652535,-0.351283,-1.887441,-0.181875,-0.522619,0,0,0,0
-0.755497,-0.591238,-0.981163,-0.588551,-1.584546,-0.055952,-0.100130,0,0,0,0
-0.403221,-0.854930,-2.084420,1.097379,-0.539084,-0.802921,0.209141,0,0,0,0
-0.742190,0.045799,-0.409361,-0.760199,-1.573810,0.063830,-0.147932,1,1,0,0
0.920138,0.568275,-1.252371,0.599268,0.021320,-0.208961,1.291325,0,0,0,0
0.929842,0.342132,-0.545216,0.928591,0.144390,0.005188,0.898999,0,0,0,0
0.413454,-0.963481,-0.290925,1.635441,0.115900,-0.072953,-0.219651,0,0,0,0
0.434920,-0.972428,-0.057756,2.191183,-0.919262,-0.063299,0.086813,0,0,1,1
1.023212,0.607518,-1.140225,-0.410807,0.527102,-0.735463,0.813650,0,0,0,0
0.595449,0.946324,-1.082101,0.113270,-0.806734,-0.402025,0.383579,0,0,0,0
0.263263,-0.229520,0.196029,0.328365,0.326908,-0.847188,-0.564947,0,0,0,0
0.351131,0.240019,-0.672361,0.878851,0.122073,0.244308,-0.211603,1,0,0,0
0.900694,0.328909,-1.675894,-0.763473,-0.043356,0.424782,0.875632,0,0,0,0
0.765360,0.295428,-1.145692,-0.026387,-0.834888,-0.247480,0.774984,0,0,0,0
1.174793,0.811966,-1.103096,-0.815998,-0.205698,0.396083,1.380462,0,0,0,0
1.013452,0.827081,-1.392760,-0.275191,-0.364787,0.218904,0.823640,0,0,1,1
0.974447,0.227949,-0.199386,-0.090579,0.116533,-0.338028,0.420182,0,0,0,0
-0.020024,0.658937,-0.268427,0.341218,1.203445,-0.519247,-0.003958,0,0,0,0
0.741916,-0.568050,0.160650,1.128372,-0.761396,0.720121,-0.115904,0,0,0,0
0.728498,-0.041084,-0.348795,0.630226,-0.244172,1.696493,0.341054,0,1,0,0
0.270639,0.791200,0.711352,-1.645786,-0.474184,-0.687018,0.885712,0,0,0,0
0.416404,0.929275,0.057037,-0.580209,-0.748400,-0.448894,0.318246,0,0,0,0
0.595686,0.762574,-0.030981,-1.208214,-0.055624,0.162639,0.180918,0,0,0,0
0.421389,0.696286,-0.536664,-0.379632,0.442978,0.458768,0.351069,1,0,1,0
1.195925,0.366260,-0.655079,-0.749028,0.034280,-0.619648,0.777610,0,0,0,0
0.609419,0.900099,-1.228019,0.517106,0.450054,-0.042398,0.010566,0,0,0,0
1.000488,-0.203440,-0.586724,0.247661,-0.724239,-0.127331,-0.095656,0,0,0,0
1.030458,-0.083231,0.368702,0.755614,-2.368717,0.136153,0.871141,0,0,0,1
0.980190,0.035006,0.635305,-1.213798,-1.241392,-0.005394,1.288887,0,0,0,0
0.561132,-0.253188,1.784971,-0.515598,-1.294244,-0.329614,0.195937,0,0,0,0
0.978731,0.820925,-0.320537,-1.471022,-1.373545,0.510158,1.063244,0,0,0,0
0.766793,0.662983,-0.963816,0.022978,-0.444315,0.554649,0.681422,1,1,0,0
1.047101,0.687542,-0.452011,0.256563,0.122437,-0.161765,1.093453,0,0,0,0
-0.027797,1.626592,1.197033,0.541513,0.156307,-0.850787,0.834057,0,0,0,0
0.915548,0.800243,-0.431373,0.198620,0.097260,-0.439631,1.462847,0,0,0,0
0.887655,1.135586,-0.274815,-0.365951,-1.058026,-0.595874,1.125242,0,0,1,0
0.881262,0.287741,-0.500403,0.097501,-0.122380,0.042254,0.917332,0,0,0,0
0.436610,1.291747,0.233985,0.009939,0.068384,0.040307,0.642574,0,0,0,0
-0.161499,0.009041,1.338926,-0.213241,0.643062,-0.758318,-0.802048,0,0,0,0
0.380367,-0.255860,1.138307,1.301445,-1.239915,0.452665,0.045118,1,1,0,0
0.860344,0.931595,-1.010802,-1.117157,-0.016644,-0.113915,0.761707,0,0,0,0
0.367164,0.739131,-0.728656,-0.224118,-0.502409,-0.049251,0.554282,0,0,0,0
0.561129,0.025220,-0.408613,0.171245,0.587947,0.127613,-0.320897,0,0,0,0
1.336971,0.312484,-1.506411,-0.299151,-0.583258,0.181344,0.979533,0,0,0,1
1.010517,0.646795,-1.121668,-1.282741,-0.262880,0.061593,1.070415,0,0,0,0
0.910659,-0.094803,0.383626,-0.340450,-1.331993,0.337430,1.211784,0,0,0,0
1.129567,0.463580,-0.036029,-0.481128,-1.094382,0.511783,1.321594,0,0,0,0
1.270930,0.747059,-0.721692,-0.495849,-1.571864,1.036325,1.261512,1,0,1,0
0.816224,-0.081737,-0.309884,-0.513220,-0.477580,-0.367441,0.430017,0,0,0,0
0.092579,0.410085,0.246439,0.411950,-0.191692,-0.633889,0.132438,0,0,0,0
0.629008,0.728229,0.347155,-0.668511,-0.768593,-0.749541,0.706481,0,0,0,0
1.144951,0.182141,-1.703636,-0.406091,-1.099552,2.044677,0.538557,0,1,0,0
0.369434,-0.121910,1.296136,-1.071609,-1.252108,-0.401158,1.276305,0,0,0,0
-1.312499,1.239936,1.402222,-0.282139,1.434977,-1.085760,-0.415294,0,0,0,0
0.740711,0.203698,0.443803,-0.546628,-0.056089,0.553499,0.962160,0,0,0,0
0.219365,0.805373,-0.203362,0.255535,0.281545,-0.718623,-0.222062,0,0,1,1
0.888266,0.097192,-0.604871,0.076446,0.132677,-0.390770,0.952238,0,0,0,0
0.975335,0.048904,-1.171618,0.857496,-0.808469,0.582515,0.281318,0,0,0,0
0.673300,-0.274405,0.772880,0.314141,-0.217159,0.052495,1.113603,0,0,0,0
0.784079,0.088380,0.880555,0.120722,-1.692181,-0.883310,0.701394,1,0,0,0
0.968752,-0.151183,0.024265,-1.636150,-1.433170,-0.414543,0.907606,0,0,0,0
0.263284,-0.586917,1.489088,-0.334854,-0.187271,-0.761651,-0.472225,0,0,0,0
0.874547,0.752659,-0.724419,-0.373491,-0.362673,-0.026195,1.270174,0,0,0,0
0.749955,0.853890,-1.197026,-0.645469,-0.527980,-0.252336,0.649690,0,0,1,1
0.874106,0.718616,-0.818651,0.047692,-0.309516,-0.362632,1.182456,0,0,0,0
0.567353,1.065874,-0.032112,0.178269,-0.419856,-0.244643,1.051869,0,0,0,0
1.048920,0.480261,-0.450868,-0.210274,-0.207841,0.675087,0.874075,0,0,0,0
0.695077,1.240335,0.308588,-0.034564,-1.061877,-0.682508,0.611209,1,1,0,0
1.073207,0.348926,-1.410981,0.403489,-0.218610,-0.234381,1.004715,0,0,0,0
1.001061,0.519873,-0.370515,0.453367,-0.346019,0.048295,0.996291,0,0,0,0
0.412890,-0.466492,0.240683,1.113824,-0.102065,0.387186,-0.276458,0,0,0,0
0.086986,-0.906745,0.031428,2.790585,-0.355635,-0.284297,-0.144335,0,0,1,1
0.761055,0.747556,-1.704175,0.399576,0.603680,-0.500770,0.883766,0,0,0,0
0.476635,0.811092,-1.404575,0.407104,0.313402,0.129921,0.424507,0,0,0,0
0.001923,-0.275669,0.712336,0.311349,0.626398,-0.577699,-0.564140,0,0,0,0
-0.073702,-0.022478,-0.514242,0.629080,0.249049,-0.234271,-0.904695,1,0,0,0
0.762406,0.843341,-1.477429,-0.832534,-0.342703,-0.300392,0.949143,0,0,0,0
0.566534,1.068952,-0.803883,-0.531744,-0.394328,-0.517680,0.724061,0,0,0,0
1.027565,0.629171,0.082491,-0.981110,-0.910231,-0.243243,1.291081,0,0,0,0
0.875954,0.838498,-0.438574,-0.322453,-0.408879,-0.316146,0.800935,0,1,0,1
1.145988,-0.171967,-0.822808,0.082544,-0.061166,-0.491937,1.035383,0,0,0,0
0.738331,-0.727181,-0.852675,0.327310,0.484589,-0.433804,-0.219483,0,0,0,0
0.595472,-0.123813,-0.683559,1.155821,0.919390,-0.355509,0.302195,0,0,0,0
0.338997,-0.819438,0.628071,-0.181212,0.510443,-0.791105,-0.323309,0,0,1,0
0.442015,-0.415461,0.754705,0.485063,0.424706,-0.103605,0.512927,0,0,0,0
-0.886485,0.948703,0.233050,0.272542,1.283718,-0.542505,-0.846293,0,0,0,0
0.723626,0.061856,0.210974,0.034823,-0.479466,0.260169,0.139082,0,0,0,0
0.172042,-0.537714,0.674999,-0.123620,0.168149,0.299984,-0.398654,1,1,0,0
0.713308,-0.025725,0.402238,0.580313,0.470166,-0.266765,0.524817,0,0,0,0
-0.518840,1.137310,1.019160,-0.102853,1.428429,-0.855635,-0.247095,0,0,0,0
0.638960,-0.001416,-0.636288,-0.690289,-0.169925,0.441833,0.711972,0,0,0,0
0.389407,0.839366,-1.251652,0.662417,0.606882,0.118598,0.159666,0,0,1,0
0.148373,0.528072,-0.496212,1.078670,1.454315,-0.093478,0.329396,0,0,0,0
-0.085710,1.392647,-0.950732,-0.168686,1.035414,0.600619,-0.257118,0,0,0,0
-0.155604,-0.058008,0.439115,0.248687,1.107284,-0.238311,-0.511243,0,0,0,0
0.119874,-0.187290,-0.296191,-0.540277,-0.101727,0.689708,-1.189299,1,0,0,1
1.092220,0.369605,-0.483337,-0.015181,-0.284913,-0.635722,0.687384,0,0,0,0
0.804533,0.707322,-1.242979,0.446946,0.219771,-0.153927,0.480834,0,0,0,0
0.741759,0.452441,-0.235794,0.321816,0.045755,-0.562925,0.191686,0,0,0,0
0.336792,-0.316560,0.776927,0.233040,-0.204632,-0.502836,-0.378256,0,0,1,0
1.262180,0.781782,-0.122489,-1.626863,-1.326025,0.084183,1.346215,0,0,0,0
0.624426,0.684422,0.183094,-0.222567,-0.649636,-0.096510,1.146454,0,0,0,0
0.571579,0.229140,0.212052,-0.668366,-1.054413,-0.423262,1.169684,0,0,0,0
0.603890,0.580820,-0.380626,-0.067356,-0.702309,0.447226,0.598261,0,1,0,1
0.784963,-0.309958,-0.512692,1.275838,1.180778,-0.978641,0.528221,0,0,0,0
0.443889,0.754135,-1.184263,1.405009,0.585228,-0.062938,0.714410,0,0,0,0
0.834030,0.295731,-0.526254,1.113140,0.568843,0.166178,0.864785,0,0,0,0
0.881072,0.508928,-0.774103,0.745126,-0.353072,0.766582,0.438174,1,0,0,0
0.772968,0.822443,-1.247502,-1.637069,0.133388,-0.197794,1.098789,0,0,0,0
0.657117,1.470104,-1.861902,-0.355936,0.111442,0.221026,1.052260,0,0,0,0
1.119485,0.546950,-0.355330,0.018741,-0.611922,0.708725,0.832654,0,0,0,0
0.492810,-0.453795,0.870771,0.470444,-0.437460,-0.255838,-0.244373,0,0,1,1
0.822216,-0.020508,0.512286,0.227364,-0.340866,1.115689,0.714061,0,0,0,0
1.082683,-0.349689,-0.666174,0.087761,-0.727715,0.578297,0.273498,0,1,0,0
1.177707,0.564779,-0.615978,-1.131433,-1.810117,0.403470,1.068206,0,0,0,0
0.906008,0.604508,-0.290133,-0.866594,-1.716891,0.974534,1.348435,1,0,1,0
0.643521,0.644134,-1.151453,-0.076536,-1.738109,1.011669,1.511143,0,0,0,0
0.520612,0.517872,-0.332305,0.795897,-0.840429,-0.108142,0.217099,0,0,0,0
1.135071,0.179011,-0.450768,-0.263244,-1.168368,-0.408160,0.606052,0,0,0,0
1.233558,-0.094467,-0.850189,0.175374,-1.270830,0.427338,0.473096,0,1,0,0
1.089913,0.401648,-1.075443,-0.841147,-1.392695,-0.485605,0.997690,0,0,0,0
0.843291,0.037866,-0.284360,-0.048994,-0.529073,-0.315769,-0.059730,0,0,0,0
0.899375,0.282299,1.101666,-0.786255,-1.261156,-0.573215,0.240327,0,0,0,0
1.264087,0.168737,-0.246878,0.156351,-1.770739,0.753448,1.551057,0,0,0,1
1.223238,0.161058,-0.412414,-0.719182,-1.566958,0.286771,1.249832,0,0,0,0
0.888730,-0.636125,-0.190828,0.151504,-1.897096,-0.436129,0.334466,0,0,0,0
1.332573,0.400928,-0.161718,-0.878222,-1.420646,-0.022959,0.962425,0,0,0,0
1.371171,0.069536,-1.160358,-0.178655,-0.959944,0.619280,0.897157,1,0,0,0
1.157007,0.022790,-1.080237,-0.181732,-0.652847,0.168461,1.433698,0,0,0,0
0.890230,0.976209,-0.376164,0.604166,-0.421655,0.046280,1.077453,0,0,0,0
1.205945,0.133036,-0.178099,0.346586,-0.356460,0.332746,1.241052,0,0,0,0
0.862984,1.035270,0.169285,-0.147993,-1.315076,0.014316,0.941919,0,0,1,1
1.197351,0.097072,-0.557921,-0.838390,0.278274,0.467220,1.091533,0,0,0,0
1.045864,-0.240998,-0.025349,0.205307,0.109738,-0.106834,0.745101,0,0,0,0
0.384911,-1.288741,0.759133,1.193749,0.589410,-0.893051,-0.505466,0,0,0,0
0.471930,-1.709625,0.947880,1.696716,-0.132415,-0.147050,-0.000744,1,1,0,0
0.982366,0.280132,-0.649496,-0.708590,0.593476,-0.465936,0.792339,0,0,0,0
0.664299,0.275477,0.011080,-0.687463,-0.176069,0.236204,0.420278,0,0,0,0
0.197475,-0.367219,0.535234,-0.359724,0.533740,-0.875748,-0.562083,0,0,0,0
0.391089,-0.712661,-0.109215,0.470909,0.579227,1.182891,-0.275456,0,0,0,1
0.860459,0.679860,-0.820282,-1.404781,-0.152944,0.212375,0.807689,0,0,0,0
0.588538,-0.127100,-0.044300,-0.505137,0.035483,0.126731,1.018534,0,0,0,0
1.329405,0.431663,-1.034038,-0.907623,-0.225932,0.371237,1.093959,0,0,0,0
0.929946,0.428750,-1.538196,-0.426311,-0.241820,-0.038149,0.861006,1,1,0,0
1.179105,-0.124556,-1.249541,-0.257745,0.226247,-0.439865,0.842040,0,0,0,0
0.243790,0.281879,-0.149654,-0.222847,0.676675,-0.695264,-0.651532,0,0,0,0
0.628302,-0.973248,0.566939,0.524192,-0.476818,-0.042589,-0.622895,0,0,0,0
0.606967,-0.328407,-0.006913,0.994973,-0.601593,-0.413070,-0.432375,0,0,1,0
0.433538,0.161771,-0.615241,-1.101536,0.466972,0.680219,1.265729,0,0,0,0
-0.422592,1.408557,0.609694,-0.928017,-0.403879,0.301346,0.056075,0,0,0,0
0.770875,0.100001,-0.182522,-0.636838,-0.890137,0.052749,0.485882,0,0,0,0
0.112170,0.784622,-0.454324,-0.453454,0.745238,0.825694,-0.080292,0,1,0,1
1.054255,-0.138159,-0.671912,-0.255412,0.283310,-0.491679,0.647415,0,0,0,0
0.640057,0.864814,-0.970574,0.207921,0.377364,-0.521326,-0.053873,0,0,0,0
0.687468,0.266963,-0.027898,-0.346212,-0.583935,-0.726394,-0.417269,0,0,0,0
1.163568,0.282115,0.288444,0.013386,-2.189086,-0.093459,0.957308,1,0,0,0
1.186450,0.087822,-0.188615,-0.652619,-1.139689,0.353981,1.232692,0,0,0,0
0.681721,-0.369222,0.935421,-0.606129,-1.256506,0.444236,0.357934,0,0,0,0
0.979765,0.589142,-0.360003,-0.887656,-1.685452,1.029595,1.295808,0,0,0,0
0.641513,0.671409,-1.260593,-0.348831,-0.072410,0.237719,0.320753,0,0,1,1
1.121055,0.296488,-0.788011,-0.073699,0.363063,-0.461845,1.312920,0,0,0,0
0.769068,0.564892,-1.258791,1.362805,0.410972,-0.147534,0.517046,0,0,0,0
1.090752,0.162342,-0.852207,0.714648,0.326496,1.285903,0.995122,0,0,0,0
0.617893,0.617605,-0.151421,0.731941,-0.168349,0.224502,0.840617,0,1,0,0
0.886599,0.220940,-0.549064,-0.989973,0.115410,-0.284371,1.058346,0,0,0,0
0.358105,1.279906,0.034163,0.275936,0.043545,-0.124809,0.640364,0,0,0,0
-0.276165,0.194033,1.361198,0.074299,0.582841,-0.975514,-0.721982,0,0,0,0
0.533921,-0.010151,0.634716,1.138387,-0.863719,0.228926,0.057574,0,0,1,1
0.638888,0.728347,-0.332030,-0.512258,0.533125,-0.320744,0.770818,0,0,0,0
0.424622,0.992301,-0.394121,-0.192938,0.102173,0.094910,0.631046,0,0,0,0
-0.067372,-0.066628,0.735681,0.255021,0.917910,-0.204974,-0.459139,0,0,0,0
0.480106,0.244399,-0.225086,0.397387,0.225327,0.815990,-0.081153,1,0,0,0
1.221506,0.572265,-1.026858,-0.724844,-0.192491,0.617392,1.012698,0,0,0,0
0.836647,1.410934,-0.318205,-0.214920,-0.579194,-0.458291,1.041828,0,0,0,0
1.256655,-0.105578,-0.607053,-0.073951,-0.779960,-0.208660,0.961508,0,0,0,0
0.969935,-0.075594,-0.277344,-0.576948,-1.310977,-0.144786,0.650165,0,1,0,1
1.166467,0.292653,-0.702860,-0.386595,-0.239253,0.846821,1.183914,0,0,0,0
0.408929,1.016635,-0.088589,-0.731667,-0.648978,0.181683,0.314526,0,0,0,0
1.056535,0.616952,-0.455975,-0.151099,-0.958505,-0.139362,0.445242,0,0,0,0
0.946224,-1.163237,-0.559572,1.357082,-0.525755,-0.244814,-0.055382,0,0,1,0
0.048298,-0.578032,0.399978,1.562535,1.746351,-0.612598,0.738341,0,0,0,0
-1.287885,0.689629,1.515955,0.196316,1.368269,-1.367598,-0.568677,0,0,0,0
0.533635,0.691745,0.425530,-0.616774,-0.347972,-0.458745,0.839966,0,0,0,0
0.441084,-0.324271,-0.151073,0.760325,0.078769,0.034991,-0.374086,1,1,0,0
1.075892,0.170455,-0.757003,-0.318403,0.388872,-0.063764,1.165006,0,0,0,0
0.797677,1.100399,-0.651588,0.686829,0.106304,0.469199,0.831352,0,0,0,0
0.649337,0.492134,-0.328439,-0.570771,-0.551466,-0.927965,0.498382,0,0,0,0
0.795818,1.027841,0.321574,-0.509608,-1.348155,-0.555998,0.688273,0,0,0,1
1.070285,-0.612050,-0.051752,-0.916847,-1.259532,0.085363,1.102081,0,0,0,0
0.422520,-0.379064,1.158010,-1.058851,-0.591012,-0.779538,-0.247096,0,0,0,0
1.041753,0.747610,-0.373323,-0.776447,-1.345934,0.002370,1.549896,0,0,0,0
0.682223,0.792302,-0.545586,0.389026,-0.198077,0.227300,0.683563,1,1,0,0
1.025320,0.608867,-1.172397,-0.527366,0.034888,0.248932,0.902365,0,0,0,0
0.570030,1.425936,-0.915262,-0.579499,-0.425884,-0.147598,0.823825,0,0,0,0
0.931800,0.611087,-0.687225,-0.166084,0.090074,-0.327945,0.850415,0,0,0,0
0.675293,0.744069,-0.009500,0.456479,-0.518899,0.528127,0.565175,0,0,1,1
0.933908,0.609001,-1.529337,0.154015,-0.284563,0.162297,1.086920,0,0,0,0
0.852839,0.653870,-0.991955,0.975171,-0.620790,0.031890,0.718484,0,0,0,0
0.421566,-0.592934,0.255643,1.055213,0.040249,0.397818,-0.246734,0,0,0,0
0.354014,-0.677221,0.495425,2.056900,-0.260443,-0.082281,-0.059102,1,1,0,0
0.869475,0.724344,-1.499348,-0.124218,0.363066,0.123590,0.778304,0,0,0,0
0.351881,0.794234,-1.703956,0.115714,0.166212,0.087274,0.318022,0,0,0,0
0.311503,-0.188943,-0.441757,0.156745,0.665255,-0.009344,-0.543414,0,0,0,0
0.800989,-0.198038,-1.155180,-0.229153,-0.369195,0.891470,-0.019749,0,0,0,1
0.822679,0.924876,-1.365331,-0.740384,-0.335812,-0.247655,0.823329,0,0,0,0
0.836997,1.094281,-1.081238,-0.593036,-0.721939,-0.360053,0.982591,0,0,0,0
1.013395,0.705418,-0.146006,-0.887852,-1.148440,-0.083909,1.362678,0,0,0,0
0.826478,0.762512,-0.669797,-0.560727,-0.460255,-0.053049,1.154586,1,0,1,0
1.012188,0.314515,-0.659396,-0.650035,-0.565746,-0.731128,0.948740,0,0,0,0
0.730221,-0.233770,-1.046549,0.913392,0.227838,-0.486736,0.131546,0,0,0,0
0.784786,-0.662545,0.306137,0.835633,-0.209930,0.212193,0.251891,0,0,0,0
0.352591,-1.004192,0.923148,-0.122935,-0.456236,0.799973,-0.147018,0,1,0,0
0.538747,0.441933,0.873318,-1.029747,0.659861,-0.410956,0.973084,0,0,0,0
-0.973138,0.544250,1.143712,0.307136,1.420037,-1.065373,-0.711729,0,0,0,0
0.465137,-0.949282,0.802346,0.128072,-0.317353,0.788786,-0.208645,0,0,0,0
0.224310,-0.935299,1.177528,-0.144561,0.048124,-0.535385,-0.496071,0,0,1,1
0.605967,0.250798,0.594352,0.380299,0.747026,-0.662824,0.935722,0,0,0,0
-0.242122,1.193935,0.185289,-0.396695,1.241910,-0.299243,0.129005,0,0,0,0
0.631142,0.395080,-0.708270,-0.785290,0.448405,-0.205003,0.837365,0,0,0,0
0.291734,0.777374,-0.110044,0.516940,0.817327,-0.620505,-0.219224,1,0,0,0
0.502115,-0.313419,0.475452,0.569286,0.243705,-0.501281,0.905672,0,0,0,0
0.265044,-0.113505,0.853149,-0.844307,0.326274,0.313199,-0.226887,0,1,0,0
0.135973,0.611669,1.410143,-1.183278,-0.580582,-0.489837,1.048766,0,0,0,0
-0.071448,0.408246,1.319713,-1.784353,-0.450394,0.175691,0.142977,0,0,1,1
0.785276,0.406306,-1.196625,-0.447095,-0.833116,0.339112,0.960951,0,0,0,0
0.861984,0.695990,-1.125527,0.504250,-0.523698,-0.249988,1.184769,0,0,0,0
0.617771,0.669839,0.167353,0.049059,-1.145111,-0.347434,0.796720,0,0,0,0
0.990418,0.891331,-0.131095,0.542966,-0.424717,0.084921,1.072958,1,1,0,0
0.905647,0.221042,-0.810501,-0.488503,-1.447494,-0.263957,0.684160,0,0,0,0
1.228426,0.535832,0.052879,0.743750,-1.890085,0.197444,1.106678,0,0,0,1
0.944187,-0.822973,0.677923,1.189018,-0.384883,-0.092627,0.801911,0,0,0,0
0.688220,0.520200,-0.187921,0.824749,-0.309958,-0.147899,0.322806,1,0,1,0
0.870112,0.757275,0.408205,0.330802,-0.702459,-0.574876,0.809223,0,0,0,0
1.272340,0.097154,0.627494,0.074694,-0.775136,1.804137,1.012493,0,0,0,0
1.113271,0.594006,-0.519878,0.127805,-0.756423,0.329397,1.211118,0,0,0,0
0.094964,0.414620,0.193969,0.047633,0.690746,-0.087394,-0.066477,0,1,0,0
1.213472,0.381972,1.035076,0.233933,-0.759509,-0.261050,0.836025,0,0,0,0
1.013507,0.367585,0.590659,-0.450059,-0.619431,1.265376,1.687540,0,0,1,0
0.668465,1.116172,1.317748,-1.325819,-0.696688,-0.210612,0.756276,0,0,0,0
0.431351,1.020476,1.169215,-0.808286,-0.119784,-0.361308,0.552131,1,0,0,1
1.030243,0.835735,-0.648127,-0.782090,-0.335044,-0.403047,0.962686,0,0,0,0
0.700954,0.293639,0.371064,-0.681447,0.273707,-0.533835,0.233285,0,0,0,0
0.825327,-0.168463,0.689853,0.079843,0.303960,1.189443,0.659441,0,0,0,0
0.530694,1.039811,1.204697,-0.217833,-0.184810,0.444830,0.188259,1,1,0,0
1.180910,0.519332,-0.224686,0.277060,-0.995571,-0.140195,0.672770,0,0,0,0
1.348298,0.248345,-0.323594,-0.026384,-1.275683,2.883091,1.080882,0,0,0,1
0.550128,0.281092,-0.425563,0.994810,-0.170722,-0.627918,0.630625,0,0,0,0
0.333991,0.367524,0.051235,1.404619,0.245895,-0.678530,0.941123,0,0,1,0
1.138623,0.279173,-0.606422,-0.951208,-0.579274,0.031692,0.821099,0,0,0,0
1.026378,0.258785,0.332944,-1.044118,-0.604701,-0.762450,0.340957,0,1,0,0
0.910302,0.144867,-0.535023,0.484266,-0.072393,2.817524,0.694381,0,0,0,0
1.210474,0.080265,0.927547,-0.101924,-0.619776,0.490211,1.251321,1,0,0,1
0.978185,-0.053510,-1.116634,-0.762990,-0.233295,-0.107454,0.949852,0,0,0,0
1.081714,0.476209,-0.233241,0.533416,-0.583720,1.173539,0.552256,0,0,0,0
1.084537,-0.394885,-0.735938,-0.162606,-0.383977,-0.621533,0.959137,0,0,0,0
0.537956,0.917796,-0.396357,0.572247,-1.343342,-0.188675,0.265158,0,0,0,1
1.060127,0.234736,-0.892950,-0.858587,-0.407211,-0.107369,0.827807,0,0,0,0
0.547124,1.185233,-0.608725,-0.273778,-0.834942,-0.126510,-0.006341,0,0,0,0
1.083059,0.420044,-0.358575,-0.573218,-0.331565,-0.628325,0.741924,0,0,0,0
0.626229,1.110053,0.016380,0.547111,-1.384160,-0.399786,0.268431,1,1,0,0
1.226823,-0.080751,-0.699556,-0.515523,-1.125153,2.285186,1.330255,0,0,0,0
1.074219,0.357172,-1.773601,-0.019111,-0.759392,0.438822,0.872849,0,0,0,0
0.848445,-0.027774,-0.507629,0.712983,-1.081812,-0.191243,-0.677939,0,0,0,0
0.099755,-0.864659,-1.251260,1.025507,-0.212102,-0.657903,-1.438308,0,0,0,1
0.144515,0.093408,-0.182014,1.054289,0.369141,-1.004542,-0.353504,0,0,0,0
-0.371964,-0.271757,-0.513528,1.494887,0.490974,0.007698,-1.272086,0,0,0,0
0.172408,-1.069475,0.480612,0.358300,0.503576,0.103605,-0.986467,0,0,0,0
-0.339680,-0.385327,-0.076385,1.269347,0.276395,-0.461128,-1.058678,0,0,1,0
-0.244395,0.727508,-0.451979,0.774472,0.703904,-0.247679,-0.783414,0,0,0,0
-0.579186,0.732724,-0.554991,0.509780,0.997347,-0.284547,-1.164070,0,0,0,0
-0.183220,-1.838237,0.404741,0.195184,1.217150,-1.099499,-1.010937,0,0,0,0
-0.299709,-0.023447,-0.260302,0.834085,0.863268,-0.725896,-1.596984,0,1,0,0
-0.430185,0.226115,-0.615805,0.353332,1.211897,-0.354320,-0.155346,0,0,0,0
-0.941296,0.928995,-0.314528,0.408364,2.014907,-0.091600,-0.815168,0,0,0,0
0.156193,-0.583826,1.201934,0.284262,0.958635,-0.447379,-0.529522,0,0,0,0
-0.888981,-0.643089,-0.165659,0.732677,1.361725,-0.552859,-1.886585,0,0,0,1
-0.724454,1.556845,-0.601457,-1.261006,1.664528,-1.165713,-0.620654,0,0,0,0
-1.004744,1.545602,-0.157693,-0.419693,2.349289,-0.781291,-0.816092,0,0,0,0
0.017015,-0.764507,0.715851,-0.157547,0.670074,-0.167097,-1.356242,0,0,0,0
-0.582847,0.122024,-0.480440,-0.527851,0.469408,-0.484287,-1.271324,1,0,0,0
-0.435740,1.348313,0.264893,0.443259,0.862625,0.234620,-0.383132,0,0,0,0
-1.189758,1.855894,0.363192,-1.083541,1.707568,-0.441041,-1.262647,0,0,0,0
-0.048515,-0.873271,1.173813,-0.230445,0.884493,0.753166,-0.913911,0,0,0,0
-0.813862,-0.266937,0.610652,0.769041,0.896454,-0.236809,-1.490872,0,1,0,0
-0.663989,1.202882,0.580350,-0.489873,1.420133,0.054398,-0.476473,0,0,0,0
-1.253009,1.720372,0.248212,-1.102743,1.124265,-1.335469,-1.406667,0,0,0,0
-0.464465,-1.799074,0.985340,-0.134256,0.605414,-0.723864,-1.523973,0,0,0,0
-0.570387,0.079262,0.202993,-0.096360,0.254974,-0.927985,-1.900123,0,0,1,0
-0.865139,0.837488,0.288156,0.403808,1.146390,-0.774095,-0.655507,0,0,0,0
-1.581263,0.857970,0.477554,-0.365362,2.033567,-1.048825,-1.046516,0,0,0,0
-0.366741,-1.443480,1.337610,0.463770,1.265275,-0.854795,-1.915092,0,0,0,0
-1.200775,-1.077212,0.414369,1.122042,1.239133,-0.302322,-2.451987,1,0,0,0
-0.912422,1.292607,0.463094,-1.066870,1.914717,-0.264028,-0.816906,0,0,0,0
-1.244045,1.373212,-0.061134,-0.753786,1.925114,-0.086638,-1.074292,0,0,0,0
0.014104,-0.854156,0.650890,-0.361477,0.169019,-0.091645,-1.618403,0,0,0,0
-0.637921,-0.061928,-0.226349,-0.065734,0.643249,-1.028369,-1.724015,0,0,0,1
-0.418379,0.914617,0.324855,0.101231,1.031536,-0.684395,-0.417250,0,0,0,0
-1.647439,1.172169,1.229245,-0.319352,1.042434,-0.537910,-1.407431,0,0,0,0
-0.303438,-1.254543,1.119933,0.149378,0.975571,-0.502429,-1.062917,0,0,0,0
-1.030056,-0.459936,0.595617,0.929358,0.770613,-0.292608,-1.339996,0,0,1,0
-0.887545,1.601061,0.260603,-0.625524,1.682735,-0.952160,-0.735306,0,0,0,0
-1.339396,1.486740,0.620500,-0.956295,1.246982,-0.538915,-1.426524,0,0,0,0
-0.354137,-1.302919,1.211136,0.056890,0.390436,-0.906089,-1.398768,0,0,0,0
-0.675892,-0.192438,0.185498,0.310483,0.523420,-0.828077,-1.956860,0,1,0,0
-0.407331,1.211181,-0.393949,0.166347,0.593006,-1.018687,-0.165491,0,0,0,0
-1.330774,1.508605,0.339006,-0.744417,1.777517,-0.823292,-0.566377,0,0,0,0
0.006346,-0.999576,1.230644,0.145823,1.057433,-0.565781,-0.874573,0,0,0,0
-0.710930,-0.423414,0.328358,0.465875,0.788004,-0.753396,-1.803178,0,0,0,1
-0.966693,0.639834,0.558617,-0.645875,1.937875,-0.949892,-0.070254,0,0,0,0
-1.454674,1.048219,0.830756,-0.001994,2.069758,0.052494,-0.753543,0,0,0,0
0.010416,-0.786653,1.056386,-0.236216,0.361948,-0.029212,-1.240476,0,0,0,0
-0.447812,0.555582,-0.016471,-0.506716,-0.088978,-0.932261,-1.671656,1,0,0,0
-0.523036,1.159246,0.634767,0.001096,0.760545,-1.099129,-0.173378,0,0,0,0
-0.788969,1.423443,-0.328075,-0.501671,1.304959,-0.514595,-1.488221,0,0,0,0
0.450291,-0.599637,-0.678549,-0.077043,0.471635,0.434555,-0.706481,0,0,0,0
0.285781,-0.290151,0.111610,0.736167,0.273620,-0.795981,-0.298963,0,1,0,1
0.841847,-0.794241,-0.278944,0.434411,0.121021,0.671971,0.415280,0,0,0,0
0.472358,-0.091420,-0.998981,1.462670,-0.667992,-0.682154,0.095901,0,0,0,0
0.628448,-0.431473,0.227580,1.320377,-0.211077,-0.534487,0.338361,0,0,0,0
0.765159,-0.860535,0.196183,1.805473,-0.526546,0.238103,-0.120880,0,0,1,0
0.649430,0.105893,-0.904155,0.375734,0.235715,0.294800,0.760569,0,0,0,0
0.467971,0.815700,-0.472698,0.532810,0.639825,-0.855538,0.967842,0,0,0,0
0.723036,-0.204062,0.468468,-0.361526,-0.019163,-0.092218,0.648738,0,0,0,0
0.870443,-0.719473,-1.683400,1.215977,-0.676469,0.879705,-0.518997,1,1,0,0
0.517011,-0.779162,-0.461835,1.429676,0.695238,0.102721,-0.005300,0,0,0,0
0.133349,-0.051243,-0.613889,1.579382,-0.127625,0.105123,-0.413003,0,0,0,0
0.278824,-1.067148,0.079696,0.613905,-0.204351,-0.652463,-1.215548,0,0,0,0
0.019131,-0.290244,-0.890314,1.252464,-0.009629,-0.577951,-1.480541,0,0,1,0
-0.168512,0.854324,-0.436291,1.005493,0.701256,-0.241860,-0.191078,0,0,0,0
-0.964243,0.163791,-0.113693,1.441415,0.829559,-0.419577,-1.287705,0,0,0,0
0.054979,-1.103036,0.782212,-0.090184,0.739761,-0.451504,-0.719275,0,0,0,0
-0.274893,-0.032492,-0.456022,1.504816,0.634052,-0.470134,-1.069161,0,1,0,0
-0.409320,0.753646,-0.229634,0.430925,1.349001,-0.212772,-0.380989,0,0,0,0
-1.041743,1.186687,0.061188,-0.272844,1.158657,-0.860968,-1.269094,0,0,0,0
-0.431935,-1.724781,0.879833,0.115038,0.947037,-1.171761,-1.398584,0,0,0,0
-0.373116,0.181323,0.067235,0.647089,0.407156,-0.993308,-1.445255,1,0,0,0
-0.773563,0.616640,0.147312,0.203768,1.284535,-1.266078,-0.519207,0,0,0,0
-1.462801,0.973270,0.178317,0.271008,1.759347,-1.219562,-0.769705,0,0,0,0
-0.054122,-0.556916,1.830853,0.577891,0.934357,-0.177445,-0.782877,0,0,0,0
-0.931535,-0.484558,0.452168,0.963173,0.846018,-0.701892,-2.270129,0,0,0,1
-0.694116,1.783598,-0.038332,-1.002253,2.009668,-1.065759,-0.101350,0,0,0,0
-1.171854,1.697070,0.420803,-0.521091,2.176187,-0.462783,-0.502279,0,0,0,0
0.027545,-0.883024,0.858538,-0.120366,0.675629,0.357627,-1.663966,0,0,0,0
-0.688467,-0.045521,-0.296859,-0.204958,0.492383,-0.991703,-1.396609,0,1,0,0
-0.383637,1.319102,0.331306,0.434246,0.796931,-0.229170,-0.291657,0,0,0,0
-1.305022,1.707816,0.446749,-1.121820,1.795923,-0.366733,-1.247039,0,0,0,0
-0.089638,-0.961228,1.193834,-0.172575,0.787911,1.029271,-0.922431,0,0,0,0
-0.928989,-0.390619,0.513432,1.108000,1.001351,-0.252934,-1.394884,0,0,1,0
-0.904536,1.643668,0.344425,-0.592554,1.942421,-0.067549,-0.799835,0,0,0,0
-1.311262,1.698570,0.349472,-1.244139,1.334493,-0.307652,-1.284905,0,0,0,0
-0.618963,-1.981777,0.869521,0.233491,0.997358,-1.027558,-1.373680,0,0,0,0
-0.679146,-0.007363,0.065307,0.163476,0.322932,-0.913526,-1.894079,0,0,0,1
-0.725348,0.728139,0.332793,0.255761,1.182226,-0.345219,-0.592923,0,0,0,0
-1.594882,1.039602,0.321903,-0.427991,2.057806,-0.886806,-0.902981,0,0,0,0
-0.313874,-1.089487,1.380166,0.317068,0.681822,-0.671986,-1.887391,0,0,0,0
-1.082206,-1.007462,0.302171,0.831005,1.037840,-0.482358,-2.336477,1,0,0,0
-0.889000,1.447383,0.600268,-0.778363,1.763092,-0.997545,-0.501432,0,0,0,0
-1.264435,1.610845,-0.097178,-0.656964,1.859986,0.074135,-1.058455,0,0,0,0
-0.015119,-0.936510,0.730011,-0.457501,0.336214,0.052850,-1.653564,0,0,0,0
-0.651614,0.038575,-0.274895,-0.021626,0.550289,-0.967245,-1.570628,0,0,1,0
-0.808129,1.140546,0.747562,0.317050,1.114241,-1.170061,-0.591960,0,0,0,0
-1.798886,0.920667,1.607982,-0.016511,1.435831,-0.534557,-1.541217,0,0,0,0
-0.219661,-1.073286,1.229602,0.043329,0.729806,-1.132050,-1.160559,0,0,0,0
-0.900683,-0.399951,0.589246,0.584979,0.805266,-0.311176,-1.290679,0,1,0,0
-0.864309,1.202781,0.149326,-0.907581,1.707746,-1.191306,-0.836782,0,0,0,0
-1.332037,1.562991,0.453072,-1.188547,1.576941,-0.612621,-1.321225,0,0,0,0
-0.373466,-1.342964,1.136591,0.042175,0.512657,-1.049410,-1.159108,0,0,0,0
-0.642748,-0.000945,0.261256,0.290427,0.307936,-1.158752,-1.688801,1,0,0,0
-0.318025,0.815405,0.172038,0.473343,1.087897,-0.734013,0.079213,0,0,0,0
-1.236610,1.310182,0.364174,-0.335269,1.817933,-1.053676,-0.550032,0,0,0,0
0.080109,-0.717026,1.286954,0.149462,0.836530,-0.878147,-0.897009,0,0,0,0
-0.598792,-0.362700,0.258680,0.266079,0.749724,-0.225233,-1.754980,0,0,0,1
-0.873433,0.709141,-0.164765,-0.124436,2.049728,-1.241067,-0.300157,0,0,0,0
-1.156194,0.796138,-0.094175,0.223027,2.119579,-0.443144,-0.626442,0,0,0,0
0.010046,-0.976341,0.380222,-0.129313,0.705472,-0.964344,-1.258328,0,0,0,0
-0.709696,-0.609504,-0.864926,0.278101,0.633402,-0.589914,-1.692370,0,1,0,0
-0.256627,0.690067,-0.446768,0.267360,0.916321,-0.965120,-0.583407,0,0,0,0
-0.503186,1.131423,-0.549138,-0.094806,1.163157,-0.291603,-1.037200,0,0,0,0
0.623882,-0.753448,-0.509520,-0.393195,0.834105,0.227805,-0.603408,0,0,0,0
0.542215,-0.420899,-1.868117,0.264580,-0.001750,-0.379281,-0.383696,0,0,1,0
0.887855,-0.822323,-0.838197,1.179581,-0.421946,0.331591,0.129631,0,0,0,0
0.606586,-1.779759,-0.746125,2.646800,-0.924434,-0.240838,-0.305126,1,0,0,0
0.921714,-0.199018,-1.056822,0.957984,0.659947,-0.479142,0.847934,0,0,0,0
0.060698,0.436793,0.431220,0.638108,-0.281103,-0.187792,0.499811,0,0,1,1
1.020294,0.881884,0.366064,-0.010091,-0.733750,0.341133,1.306729,0,0,0,0
0.721518,0.996847,0.523542,0.260404,-1.146324,-0.523402,1.507059,0,0,0,0
0.896172,0.386676,0.370328,-0.330764,-1.056449,0.432621,0.779871,0,0,0,0
0.967662,-0.461389,-0.854026,0.442271,-0.339731,0.100598,0.356525,1,1,0,0
0.795006,0.006198,0.110757,1.371011,-0.035044,0.735576,0.738192,0,0,0,0
0.633366,-0.268696,0.857642,0.183038,-0.764803,-0.119350,1.013069,0,0,0,0
-0.345937,1.355320,-0.661101,-0.413253,0.250088,-0.871749,0.615149,0,0,0,0
-1.696387,0.517905,0.380242,-0.044769,1.091203,-0.013714,-1.222678,0,0,1,0
0.629475,-1.019581,-0.456654,1.543160,-0.364851,-0.421585,0.649743,0,0,0,0
0.017952,-0.719291,-1.430702,2.482978,-0.930237,1.153109,0.514557,0,0,0,0
-0.416716,0.166789,0.482090,-0.008219,-0.130623,-0.159422,-0.412361,0,0,0,0
-0.144996,0.216253,-0.281667,1.091975,2.242392,1.082226,1.666267,1,0,0,1
1.460040,-0.509617,-1.538683,-1.004748,-0.047298,0.874713,1.167428,0,0,0,0
-0.701754,1.062622,0.119518,-0.632920,-0.006635,0.320335,0.521559,0,0,0,0
-0.908056,0.900986,0.873589,-0.890458,-1.048724,-0.165707,0.269487,0,0,0,0
-0.932771,-0.151706,-0.615142,-2.308732,0.786812,-0.646898,-0.750939,0,1,0,0
0.852517,-0.889214,-0.711063,-0.094206,-0.593839,0.700897,0.901743,0,0,0,0
0.810883,-1.731443,-0.746536,-0.450286,-0.576108,3.444634,0.568563,0,0,0,0
0.120501,0.246260,-0.466375,-0.049794,-0.651849,-0.826175,0.802814,0,0,0,0
0.379936,-0.508510,-1.226440,2.428986,1.349939,1.024391,1.415761,0,0,1,1
0.418902,1.077827,-1.085968,1.155485,-0.867395,-0.136788,1.101535,0,0,0,0
-0.646916,0.855421,0.686460,-0.656765,0.513389,0.819560,1.147284,0,0,0,0
-0.544507,0.596290,-0.179803,-0.235281,0.000866,-1.069378,0.637945,0,0,0,0
-0.984958,0.842144,0.955843,-0.233290,0.045764,0.623113,-0.582034,1,0,0,0
0.902834,-1.265972,0.749432,1.480518,-1.210148,0.121659,0.926701,0,0,0,0
0.445498,-1.560617,1.539693,2.613588,-0.759838,2.104993,1.836835,0,1,0,0
0.121704,1.494002,0.160633,0.987630,-0.361316,-0.062286,1.875939,0,0,0,0
-0.083405,0.318430,-0.623041,0.556789,0.136042,0.916724,0.687779,0,0,1,0
1.133280,-0.466558,-1.401384,-1.249968,-0.360576,0.470873,1.020668,0,0,0,0
-0.917385,-2.945857,2.746319,1.481253,-0.366636,-0.717586,-0.157468,0,0,0,1
-0.324356,0.984981,1.553320,0.217221,-0.565706,-0.201503,2.281438,0,0,0,0
-0.183409,1.130268,0.198732,0.694681,-0.217859,1.681833,1.077344,0,1,0,0
0.628669,-0.946644,-0.002597,0.482077,0.320957,-0.241209,0.627351,0,0,0,0
0.094278,-1.081327,0.030171,3.055884,-0.128997,-0.373645,0.814259,0,0,0,0
-0.306235,-0.483941,-0.549806,2.688814,1.464772,-0.282305,0.748682,0,0,0,0
-0.436353,-1.076978,0.004604,1.209390,1.139282,-0.084418,-0.634555,0,0,1,1
0.522346,-1.787766,0.578548,1.966300,0.822535,-0.237444,0.982019,0,0,0,0
-0.354901,-2.595555,1.978396,3.429245,1.228395,1.729766,0.439917,0,0,0,0
-1.383446,-3.652599,2.569464,1.266403,-0.095126,2.997322,-0.657416,0,0,0,0
-0.705126,-0.960725,-0.221282,-1.073950,-0.188051,-0.534319,-1.026630,1,0,0,0
0.491877,-1.250023,-0.281509,1.500451,-0.914362,0.437440,0.692795,0,0,0,0
-0.061657,-0.347930,0.178048,3.173378,-1.011686,0.804573,-0.399323,0,0,0,1
-0.276259,-0.591025,0.366459,1.817405,-0.545849,-0.609427,0.007784,0,0,0,0
-0.845676,-0.275278,-0.205972,-0.473815,0.083509,12.296727,-0.674426,0,1,0,0
1.377225,-0.619726,-1.662219,-1.439662,-0.582675,0.897695,1.132037,0,0,0,0
-2.089059,-0.639830,2.249798,0.106823,0.858499,-1.480526,-1.369288,0,0,0,0
-0.709307,0.120062,2.569118,0.427853,-1.969172,-0.056437,-0.097925,0,0,0,0
-0.849554,-0.403060,-1.987179,-1.182048,0.009241,7.902911,-1.059115,0,0,1,0
0.878637,-1.021989,-0.469334,0.303635,0.375309,-0.273272,1.165454,0,0,0,0
1.222290,-1.671650,-0.234391,0.245477,-0.462257,1.499050,-0.010070,1,0,0,0
0.590441,0.404761,0.202514,0.958948,0.030971,-0.649592,0.789805,0,0,0,0
1.030440,0.433476,-0.348831,0.719658,-0.854001,0.866881,0.709105,0,1,0,1
0.608665,-0.161887,-1.397418,1.690174,0.205832,0.756003,0.937672,0,0,0,0
0.213282,0.117627,-0.243810,1.227384,0.479936,-0.460336,0.726740,0,0,0,0
-0.519729,0.958523,0.671902,-0.175047,-1.206853,0.053852,0.878021,0,0,0,0
-0.723279,1.290309,0.603432,-1.026167,-0.768748,-0.024066,0.565334,0,0,1,0
0.683117,-1.274180,-0.677763,2.391553,0.562305,-0.792574,1.082147,0,0,0,0
0.653699,0.259618,-1.092118,3.984250,0.704478,0.400023,2.133332,0,0,0,0
0.052646,1.379330,-0.344442,0.201149,0.079777,0.813525,1.091499,0,0,0,0
-2.803798,1.726534,2.439586,-0.580836,1.749118,-0.771339,-0.273330,1,1,0,0
1.519915,-0.612246,-1.442721,-0.982517,-0.322023,1.498864,1.710979,0,0,0,0
-0.028472,1.372967,0.282365,-1.009116,-2.504336,1.215579,1.017888,0,0,0,0
-0.561772,0.845388,1.298219,-0.786296,-2.262592,0.211453,0.814362,0,0,0,0
-1.852817,1.795267,2.027618,-1.380161,-0.436277,-0.234325,-0.832451,0,0,0,1
0.275530,0.588870,-0.763113,-1.140755,-0.468644,-0.273667,0.455395,0,0,0,0
0.322162,-0.638807,-1.192153,1.028712,-1.094267,3.535499,-0.048542,0,0,0,0
-0.548599,-0.340652,-1.042590,2.279087,0.555080,0.168564,-0.362459,0,0,0,0
0.421760,-2.005367,-0.057545,0.480694,-1.276597,4.880612,-0.660184,1,1,0,0
1.194770,-0.310251,-0.145245,-0.287313,-0.715688,0.014151,1.192607,0,0,0,0
1.215701,-0.255434,-0.071969,-0.363273,-1.068377,0.345559,1.207416,0,0,0,0
0.181669,0.071982,-0.126820,-0.134034,-0.881675,-1.221682,-0.392171,0,0,0,0
-0.506526,0.618016,-1.646156,-0.314138,0.360138,-0.166613,-0.789140,0,0,1,1
0.677748,-1.541693,-1.389206,0.561868,0.057771,0.034772,0.738205,0,0,0,0
0.107401,-0.563321,-2.388312,1.863716,-1.237658,1.216998,0.342588,0,0,0,0
-1.195886,0.968845,-1.897671,-1.052249,0.654588,-0.135733,-0.253849,0,0,0,0
-1.640553,1.161680,0.002105,-1.253622,0.284853,-1.076771,-0.487379,1,0,0,0
0.952213,-0.995604,-2.584796,-1.839065,0.102386,1.500279,1.157780,0,0,0,0
-0.280686,-0.616290,-1.534488,0.124275,-0.125042,1.873985,-0.134205,0,0,0,0
-0.767139,-0.882908,-2.127950,1.866458,0.873091,-0.489838,0.274831,0,0,0,0
-0.215484,-1.525084,-0.563289,1.301363,0.390012,4.164506,-0.377035,0,0,0,1
0.358357,-0.999671,-1.732075,-1.165456,0.481166,0.410508,0.808211,0,0,0,0
0.108222,-2.774162,0.200450,1.085388,-0.033654,5.925702,-1.092210,0,1,0,0
-0.757121,-0.696799,0.033164,2.923185,1.514282,-0.394560,0.185678,0,0,0,0
-0.275480,0.231832,-1.185549,1.854353,0.737353,0.968939,0.471472,0,0,1,0
-0.900449,-0.595215,-0.583841,2.437503,-1.990894,-0.555888,0.060469,0,0,0,0
-1.533242,-1.280452,1.289157,0.436188,0.400283,-0.499717,-0.358616,0,0,0,0
-0.790842,-2.856980,0.492441,2.692056,-0.970291,0.255364,-0.673611,0,0,0,0
-0.571324,-2.358052,-1.455014,2.551681,0.463861,1.891978,-0.897649,1,0,0,0
0.169243,-1.583364,0.681589,2.501575,-1.698155,-0.797329,0.508960,0,0,0,0
0.500972,0.999657,0.128667,1.895935,-1.789492,3.961051,1.927071,0,1,0,0
-1.068473,1.022295,0.324889,1.289721,2.177065,0.074798,0.575391,0,0,0,0
-0.053214,0.781150,0.230047,0.052331,-0.270400,1.200848,0.647638,0,0,1,1
1.152191,-0.359858,-1.736731,-1.453068,-0.021023,1.309950,1.105212,0,0,0,0
0.376075,-0.450159,-0.186001,0.545688,0.227972,0.257593,0.224106,0,0,0,0
-1.796235,0.422329,-0.587683,-0.297109,1.554900,-0.689617,-0.915666,0,0,0,0
-0.945556,0.614585,-0.032113,0.004415,1.265351,7.527269,0.837541,1,0,0,0
0.744363,-0.357636,-0.461659,-0.239235,-0.003841,-0.763682,0.829498,0,0,0,0
0.930769,0.110110,-0.798507,1.035609,-2.237412,1.200545,0.414087,0,1,0,0
-0.264368,0.249048,0.150774,0.612479,-1.039460,-0.309865,0.374198,0,0,0,0
0.630802,-0.773221,-1.284631,-0.346742,0.132879,-1.038537,-0.118381,0,0,1,0
1.123398,0.094297,-0.275432,-0.033895,-0.467470,0.632402,1.418386,0,0,0,0
0.940229,-0.506441,-0.605497,0.102394,-0.249738,0.982092,1.503359,0,0,0,0
0.463349,0.138835,-0.514683,0.352002,-1.010222,-0.179923,1.000571,0,0,0,0
0.702143,0.339525,0.336625,-0.142604,-1.615958,-0.126545,-0.037174,0,1,0,0
0.790649,-0.648791,0.246617,0.884913,-2.175383,-0.199764,0.308357,0,0,0,0
0.439097,-1.308124,-0.449344,3.160039,-1.081176,0.512548,-0.443226,0,0,0,1
0.317531,-0.074976,-0.104622,2.690626,0.963685,-0.088629,1.625884,0,0,0,0
-0.105457,0.350390,0.303679,1.169108,1.498666,-0.937882,0.452066,1,1,0,0
1.601257,-0.154572,-0.996104,-1.054427,-0.296203,-0.073753,1.303545,0,0,0,0
0.793287,0.943422,-1.441195,-0.867293,-0.424816,0.600900,1.354800,0,0,0,0
0.156221,0.540132,-0.252786,-0.346577,-0.212317,-0.207793,1.114667,0,0,0,0
0.350175,1.571190,0.128454,0.173895,-0.672611,-0.416563,0.755491,0,0,1,0
1.131882,0.117100,-0.239972,0.422956,-1.034174,-0.335801,1.344606,0,0,0,0
0.281964,-1.120955,1.768415,0.646408,-0.399225,3.617431,-0.135783,0,1,0,0
0.603872,-0.188411,0.125353,0.477441,-0.361508,-0.628723,1.547367,0,0,0,0
0.343284,0.570061,0.526960,1.659777,-0.038367,0.365933,1.640912,0,0,1,1
0.786875,0.653176,-1.651757,0.153789,-1.208654,0.040983,1.222801,0,0,0,0
0.852690,-0.010062,-1.438083,0.378883,-0.660047,-0.092845,1.572014,0,0,0,0
0.762230,-0.368126,0.034379,1.155742,0.202401,0.117771,1.084267,0,0,0,0
0.899169,-1.273897,0.451864,0.757252,-0.087916,0.402231,0.365645,1,0,0,0
0.976902,0.099040,-0.756005,1.166077,-1.414223,0.225696,1.297980,0,0,0,0
0.834123,0.563043,-0.686698,3.222661,-0.320496,-0.748257,1.768446,0,0,1,0
0.446761,0.295471,-0.463067,2.069564,1.351505,-0.151004,1.501068,0,0,0,0
0.986349,0.298742,-0.084261,-0.315478,-0.074484,2.111631,1.086219,1,1,0,0
1.305005,-0.512633,-1.182364,-0.658836,-0.170261,1.175230,1.409543,0,0,0,0
0.835907,0.304803,-1.132761,-0.136421,-0.902169,-0.253947,1.330350,0,0,0,0
0.646201,-0.447270,-0.787310,1.330514,-0.080368,0.251315,0.423624,0,0,0,0
0.404139,0.853186,-0.076016,-0.306314,-0.852577,-0.577774,0.573121,0,0,1,1
1.292242,-0.125160,-1.296023,-0.916272,-0.930149,0.512819,1.363203,0,0,0,0
0.946377,-0.066708,-0.303641,-0.923495,-0.067895,-0.171067,1.434061,0,0,0,0
0.888111,-0.182613,-0.540586,-0.650566,-0.150650,0.146514,1.212622,0,0,0,0
1.175851,0.225329,-0.393150,-0.268083,-0.069170,0.948090,1.080369,1,1,0,0
0.939673,-0.650558,0.224542,0.021776,-0.087482,0.074425,0.606588,0,0,0,0
0.896955,-1.299449,-0.387011,0.823930,0.683310,0.255644,-0.228630,0,0,0,0
0.168391,-1.769089,-0.008567,0.511911,0.417795,0.066432,-1.416858,0,0,0,0
-0.146987,-1.669371,-0.087776,0.511826,0.668066,-0.062584,-1.939328,0,0,1,0
0.343329,-1.451672,0.961713,0.373201,0.455546,-0.546893,-0.795323,0,0,0,0
-0.600901,-1.664045,1.473981,0.723339,0.976111,-0.862422,-0.954892,0,0,0,0
-0.027829,-0.451833,0.883720,-0.516728,0.881321,-0.337897,-0.387317,0,0,0,0
-0.575819,-0.814094,-0.218658,-1.065602,0.118783,-0.331358,-1.906783,0,1,0,0
-0.292502,-1.771347,1.293579,-0.288953,0.790086,-0.514240,-0.778546,0,0,0,0
-0.819740,-1.758664,1.089076,-0.193972,0.755564,-0.674750,-1.477878,0,0,1,0
-0.924753,-0.847243,2.089228,-0.384524,0.947093,1.075157,-0.150574,0,0,0,0
-1.656117,-1.242184,1.405865,-0.011464,1.862827,-1.126119,-1.531508,1,0,0,1
0.352859,-0.447775,1.095981,-0.689670,0.162606,-0.505485,-0.542574,0,0,0,0
-0.491750,-0.234063,1.183181,-1.565623,0.389861,-0.666478,-1.738974,0,0,0,0
-0.434692,-0.061592,1.580208,-1.124241,1.026576,-1.198123,-0.778653,0,0,0,0
-1.155472,0.382258,1.178247,-0.533790,1.622697,-0.413577,-1.085339,1,0,0,0
-0.339933,-1.241816,1.175123,-1.094109,0.389946,2.088489,-1.656985,0,0,0,0
-0.999312,-1.318843,1.236797,-0.987560,0.800049,-0.896607,-2.048632,0,1,0,0
-0.549865,0.093523,1.541359,-1.261326,0.980779,-0.992381,-0.438881,0,0,0,0
-1.227959,0.816015,0.986122,-1.551027,1.466108,-0.742188,-1.538948,0,0,1,1
0.119097,-0.752715,1.314825,-0.614012,0.598922,-0.653682,-0.276403,0,0,0,0
-1.123096,-0.863750,1.951577,-0.811998,1.188087,-0.922411,-0.911572,1,0,0,0
-0.617305,-0.271088,1.703211,-1.396319,0.439462,-0.626748,-0.832565,0,0,0,0
-1.285221,-0.354053,1.043038,-0.917322,1.163424,-0.504114,-1.373167,0,0,0,0
-0.104384,-0.727190,1.590984,-0.739709,0.411951,-1.180551,-0.750391,0,0,0,0
-0.793484,-0.786395,1.168203,-1.562982,0.522432,-0.704781,-2.199650,0,0,0,1
-0.631787,-0.089954,1.697868,-1.246872,1.338247,-1.340302,-0.776944,0,0,0,0
-1.341374,1.332664,0.891757,-1.070081,1.978538,-0.493702,-0.786972,0,0,1,0
0.007874,-0.833587,1.287327,-0.241697,0.641560,-0.054486,-1.341690,0,0,0,0
-1.279547,-0.851849,1.844283,-1.494423,0.244084,-0.516947,-2.400356,0,1,0,0
-1.367572,-1.415551,1.647739,-1.825820,0.479486,-0.331143,-2.395795,0,0,0,0
-2.632309,-1.693120,1.017816,-0.774566,0.965089,-0.957860,-3.032109,1,0,0,1
-0.152522,-0.625523,1.534635,-0.571721,0.560993,-0.506443,-0.020164,0,0,0,0
-0.628463,-0.010380,1.415525,-1.011220,0.915875,-0.199416,-0.623397,0,0,0,0
-0.916201,-0.853890,1.610597,-1.346539,0.747991,-1.124876,-2.093853,0,0,0,0
-1.622450,0.569631,0.587432,-1.480774,1.375472,-0.844625,-2.047487,0,1,0,0
-0.099950,-1.393949,0.863479,-0.466021,0.725244,-0.931506,-0.891753,0,0,0,0
-1.315976,-1.164482,2.342425,-0.596266,1.145233,-0.592639,-1.126550,0,0,1,0
-0.350797,-0.052162,1.196906,-0.904302,1.453577,-0.518929,-0.722008,0,0,0,0
-0.890111,0.109745,-0.086091,-1.792855,0.033425,-1.007592,-2.019895,0,0,0,1
-0.533197,-1.555600,1.358012,-1.076858,0.478230,-0.086476,-0.972959,0,0,0,0
-1.259282,-1.317722,1.133598,-1.527033,0.522491,-0.166331,-1.473008,0,1,0,0
-1.138155,-0.306316,2.559597,-0.972059,0.956188,-1.038556,-0.166639,0,0,0,0
-2.198077,0.546253,1.041295,-1.588661,0.860470,-0.728021,-1.408239,0,0,0,0
0.074656,-0.789722,1.368941,-0.270730,0.846990,-0.267283,-0.590468,0,0,0,0
-0.985846,-0.532144,1.637950,-1.587229,0.721087,-0.717752,-2.151979,0,0,1,0
-0.403695,-0.278854,1.409044,-0.892332,1.703754,0.866506,-0.698977,0,0,0,0
-1.419677,1.066224,1.214140,-0.575205,1.826935,-1.027784,-1.224694,0,0,0,1
-0.471590,-1.673470,1.195572,-1.404438,0.185125,0.489427,-1.860003,0,0,0,0
-0.960439,-1.183186,1.060606,-1.474842,0.488717,-0.966588,-1.811422,1,0,0,0
-0.663269,-0.349393,1.530637,-1.098239,1.281812,-1.289273,-0.724191,0,0,0,0
-1.503128,0.932259,0.922424,-1.310416,1.216276,-1.262994,-1.500216,0,1,1,0
0.006292,-0.701350,1.238173,-0.344190,0.740040,-0.853540,-0.210318,0,0,0,0
-0.987990,-0.457909,1.891636,-1.498525,0.954701,-0.801238,-0.662659,0,0,0,0
-1.320671,-0.993911,2.163112,-0.172865,1.001169,1.135926,-1.129639,0,0,0,0
-1.912835,-0.936915,1.392346,-0.267400,1.522510,-0.961778,-1.671386,1,0,0,0
-0.367284,-1.179752,1.872426,-0.416977,0.485669,-0.180923,-0.816519,0,0,0,0
-0.824011,-0.572747,0.907902,-1.375069,0.937270,-0.398124,-2.032747,0,0,0,1
-0.629180,0.277151,1.516074,-1.331507,1.387747,-0.184516,-0.279772,0,0,0,0
-1.280742,1.706357,1.043180,-1.431069,1.890566,-0.766135,-0.665526,0,1,0,0
-0.963676,1.145465,-0.213199,-0.564707,1.334303,-0.150674,-1.380167,0,0,0,0
-2.948363,1.673307,1.017345,-1.475912,1.644241,-1.387123,-2.693446,0,0,0,0
-3.686964,1.485161,1.834979,-1.771605,2.555362,-0.256339,-2.837271,0,0,0,0
-4.440563,0.993777,2.072902,-3.083515,2.348878,-0.874059,-3.155910,0,0,1,1
-0.054018,-0.370304,-0.545262,1.308615,0.857933,0.205037,0.030554,0,0,0,0
-0.116966,-0.896067,-1.000203,1.922120,0.202350,0.239346,-0.580122,0,0,0,0
-0.192589,-0.596062,-0.916587,1.543696,-0.220323,0.422944,-1.515354,0,0,0,0
-0.533453,-0.721797,-1.000142,1.517241,-0.019405,-0.642206,-1.911392,1,1,0,0
0.200604,-1.555229,0.631844,0.514553,0.472318,-0.465032,-0.770661,0,0,0,0
-0.762918,-1.715175,1.303248,1.172711,0.989145,-0.726763,-1.037733,0,0,0,0
-0.032289,-0.217969,0.988644,-0.321011,0.712430,0.150613,-0.305239,0,0,0,0
-0.858389,0.100640,-0.462081,-0.423774,0.241016,-1.014551,-2.070365,0,0,1,0
-0.417899,-1.668329,1.052416,-0.403359,0.648778,-0.343778,-0.615310,0,0,0,0
-0.921358,-1.636227,0.911085,-0.298102,0.387347,-0.318253,-1.443481,0,1,0,0
-0.811018,-0.677464,1.799272,-0.477450,1.029146,-1.007424,-0.495034,0,0,0,0
-1.944260,-0.962033,0.838121,0.451236,1.805640,-1.095380,-1.549864,0,0,1,1
0.015045,-0.727611,1.287802,-0.239406,0.834100,-0.121480,-0.711428,0,0,0,0
-0.929127,-0.945632,0.990386,-0.995476,1.348366,-0.596248,-2.350803,0,0,0,0
-0.462824,-0.399475,0.794239,-0.888848,1.530573,-1.419865,-0.910177,0,0,0,0
-1.279482,0.488739,0.940639,-0.443179,2.054078,-0.648038,-1.216351,1,0,0,0
-0.443683,-1.601137,1.147957,-0.996851,0.619781,0.353294,-1.768622,0,0,0,0
-1.026264,-1.208751,1.197620,-0.956326,0.779730,-0.755352,-1.974834,0,0,1,0
-0.564140,-0.169098,1.601752,-1.110648,0.964462,-1.000062,-1.061964,0,0,0,0
-1.436875,0.979941,0.347411,-1.153516,1.727359,-0.908932,-0.321121,1,1,0,0
-0.020172,-0.083469,0.651734,0.375173,0.773627,-0.862831,-0.135801,0,0,0,0
-0.527435,-0.764834,1.896995,-0.312791,0.519340,-0.815921,-0.548800,0,0,0,0
-0.835859,-0.779298,2.321724,-0.500569,1.453337,-0.314657,-0.737092,0,0,0,0
-1.039547,0.168879,1.544064,-0.568102,1.464006,-0.915278,-1.218256,0,0,1,1
0.260905,-0.306423,-0.236196,1.476777,0.326768,0.645645,-0.421162,0,0,0,0
0.045710,-0.440170,-0.993506,0.662015,-0.736088,-0.018331,-1.616302,0,0,0,0
-0.255911,-0.809561,0.795119,0.763115,-0.067788,-0.868977,-0.402727,0,0,0,0
-1.142170,-0.292835,0.646440,2.025120,0.324856,-0.043435,-0.810698,1,1,0,0
0.216310,-0.124522,-0.603122,1.552635,0.309643,-0.624998,-1.037410,0,0,0,0
0.058730,-0.618944,-1.347278,1.507164,-0.833340,-0.549752,-1.499775,0,0,0,0
-0.026015,-0.622445,-1.177569,1.047007,-0.918099,-0.372219,-1.740517,0,0,0,0
-0.560068,-0.923347,-1.033617,1.524401,-0.433455,-0.233378,-2.028984,0,0,1,0
0.127960,-0.111361,-1.267006,1.760521,0.017465,-0.156794,-0.076241,0,0,0,0
-0.058848,-0.516730,-0.377777,2.208265,0.208942,-0.437739,-0.439666,0,0,0,0
-0.275848,-0.190276,-0.642046,1.434085,0.041218,-0.444330,-0.499987,0,0,0,0
-0.521275,0.431548,-0.037109,1.920305,0.443806,0.006979,-0.728803,0,0,0,1
0.178827,-0.346171,0.338055,0.375419,0.305258,-0.541912,-0.634001,0,0,0,0
-0.199364,-0.939462,0.896606,0.466676,0.365972,-0.213772,-0.858126,0,0,0,0
-0.244210,-0.266505,0.975951,0.038168,0.709913,-0.699657,-0.244436,0,0,0,0
-0.562680,-0.212697,1.261895,0.152660,1.419128,-0.564193,-0.360937,0,1,0,0
-0.107649,-0.094038,0.419383,0.128417,0.846025,-0.651932,-0.340812,0,0,0,0
-0.350599,-0.753403,0.839848,-0.263539,1.099490,-0.096037,-0.965840,0,0,0,0
-0.496923,-0.177301,1.114956,0.156693,1.215800,-0.704663,-0.398615,0,0,0,0
-0.757191,-0.146265,1.194714,-0.253948,1.844296,-0.048057,-0.646327,0,0,1,0
-0.027114,-0.349477,0.598111,0.046757,1.158782,-0.658156,-0.776950,0,0,0,0
-0.134852,-0.606441,0.831131,-0.755635,0.837000,0.297417,-1.015799,0,0,0,0
-0.438146,-0.175768,0.792774,-0.313526,1.486914,-0.804934,-0.360704,0,0,0,0
-0.589134,0.684562,1.373614,-0.758685,1.703020,0.439908,-0.756397,1,1,0,0
-0.043069,0.096301,-0.508015,0.828927,0.786662,0.411511,-0.622596,0,0,0,0
0.088871,-0.209296,-0.808769,2.172947,-0.066868,0.052718,-0.535678,0,0,0,0
-0.132893,-0.349137,-0.639391,1.742379,0.201344,0.182376,-0.590933,0,0,0,0
-0.256267,0.211866,-0.162829,2.021557,-0.012907,-0.569460,-0.823386,0,0,0,0
-0.460759,0.265504,-0.445952,1.665362,0.471439,-0.261819,-1.229193,0,0,0,0
-0.739736,0.548036,-0.196951,1.275452,0.574275,-0.311063,-1.225432,0,0,0,0
-0.911755,0.854752,0.061727,1.291322,0.861847,-0.440735,-1.102420,0,0,0,0
-1.049655,0.875580,-0.253379,1.116322,1.167811,-0.330980,-1.246422,0,0,0,0
-1.206199,1.242216,0.217029,0.864919,0.804154,-0.152641,-1.136450,0,0,0,0
-1.455450,1.242943,0.040815,1.179931,1.526999,-0.063695,-1.396374,0,0,0,0
-1.513777,1.674236,0.182178,0.570322,1.514472,-0.410085,-1.369521,0,0,0,0
-1.692496,1.861938,0.430995,0.575861,1.704427,-0.466878,-1.221699,0,0,0,0
-1.833064,1.839104,0.028086,0.056371,1.857234,0.252743,-1.143944,0,0,0,0
-2.069683,1.991624,0.288262,0.209920,2.287155,-0.255598,-1.266303,0,0,0,0
-2.278706,2.056890,0.377944,0.245127,2.651005,-0.533191,-1.290115,0,0,0,0
-2.402616,2.183059,0.537522,0.039516,2.736304,-0.235977,-1.321924,0,0,0,0
-1.101037,0.685199,0.036019,0.571544,1.322678,2.070019,-1.375059,0,0,0,0
-0.295198,0.122128,-1.000133,0.828998,0.596586,1.274974,-0.919174,0,0,0,0
-0.666731,0.314053,-0.542121,0.925517,1.014254,-0.337831,-0.825810,0,0,0,0
-1.129315,0.379547,-0.018524,0.374893,0.912827,-0.207288,-1.194469,0,0,0,0
-2.605177,1.987746,1.537459,-0.366856,2.836984,-1.092397,-1.256729,0,0,0,0
-1.862511,1.658219,1.700626,-1.675593,0.920813,-0.740358,-0.561965,0,0,0,1
0.035620,0.831574,1.600061,-0.481153,-0.960235,0.524060,0.743869,0,0,0,0
-1.375709,0.805972,1.930244,-0.159308,0.707029,-0.402932,0.259257,0,0,0,0
-0.197190,0.105129,1.189119,-0.822080,-1.020638,0.629151,0.707343,0,0,0,0
0.012417,-2.236850,0.414302,3.743006,0.598624,1.080299,-0.061396,0,0,0,0
0.127756,-0.131729,0.115501,0.274629,0.869494,0.846271,0.710133,0,0,0,0
-1.359843,0.357266,2.675137,0.274191,0.902662,-1.367316,0.215379,0,0,0,0
-0.204223,0.159134,0.686855,0.194745,0.324334,0.356183,0.749854,0,0,0,0
0.115823,-2.116589,-1.018259,2.754300,0.869451,0.990000,-0.388510,0,0,0,0
-0.753700,-0.875908,1.016882,1.836403,1.924213,-0.235664,0.628861,0,0,0,0
-1.783457,-0.700685,1.806320,1.044176,1.545620,-0.036456,-1.551267,1,1,0,0
-0.493685,-0.129632,0.137702,-0.673723,-0.375755,-1.449739,0.511653,0,0,0,0
-0.824864,0.041499,0.377692,-2.147083,-0.863851,0.170771,0.456961,0,0,0,0
-1.166690,-0.529035,0.359335,-1.714230,-1.149484,-0.907324,0.692869,0,0,0,0
-1.010338,-1.164553,1.348229,-0.873974,-1.547878,0.303849,-1.065844,0,0,0,0
-1.178271,-2.098121,0.491707,-0.441667,-1.956929,-0.278868,-1.836817,0,0,0,0
-0.890966,-1.793291,-2.216192,0.807613,-0.154548,0.131554,-2.161660,0,0,1,0
-0.963588,-0.872165,-0.264553,0.362284,-0.053485,0.104646,0.345762,0,0,0,0
-2.847689,0.671402,-0.560086,-2.427588,1.888154,0.053820,-2.887048,0,1,0,0
-0.407476,-0.368076,0.045182,-0.880277,-0.955254,0.251427,0.493856,0,0,0,0
-0.508578,-0.278399,0.145792,-1.283276,-1.782754,-0.185466,0.206254,0,0,0,0
-0.535039,-0.363598,0.149953,-1.325344,-2.091345,0.027291,0.084486,0,0,0,0
-0.418961,-0.424116,-0.375047,-2.090167,-2.321001,-0.018925,-0.190539,0,0,0,0
-2.556687,1.494205,0.090912,-2.524627,1.503525,-0.769321,-2.654383,0,0,0,0
-1.040450,-2.623301,0.772919,0.373818,-2.377964,0.311529,-1.875113,0,0,0,1
-0.706278,0.077382,-0.857298,0.201905,-0.616180,1.005242,0.230633,0,0,0,0
-1.632335,-0.117376,0.285354,-0.835376,-0.357423,-0.911401,-1.161902,0,0,1,0
-0.456831,-0.856319,-0.894444,2.418012,0.003450,-0.229869,0.426373,0,0,0,0
-0.627784,-0.559288,-1.065951,1.319969,-0.349720,-0.121398,0.631887,0,0,0,0
-1.696842,0.105368,-0.856725,-1.046353,0.647690,-0.405440,-1.778860,0,0,0,0
0.088408,-1.474729,-2.848614,-0.103789,-1.158061,6.074094,-1.373064,0,0,0,0
-0.357780,-1.523710,-2.476811,-1.089984,-1.153230,-0.615924,-1.965822,0,0,0,0
-1.448526,-0.301130,1.088517,-3.870143,-1.683466,-1.054676,-1.752646,1,0,0,0
-0.847336,-0.909246,1.392172,-2.216828,-1.799295,-0.064424,-1.390708,0,0,0,0
-1.327129,0.296360,0.089283,-4.191031,-1.823443,-0.005419,-0.834228,0,0,0,1
-0.360550,0.151562,0.956943,-1.339784,-2.769386,-0.291186,0.305168,0,0,0,0
-0.531440,-0.036385,0.672762,-1.420524,-1.399619,0.152585,0.318777,0,0,0,0
-0.654753,0.072800,0.590805,-1.798279,-1.936966,0.646974,0.542444,0,0,0,0
-1.095908,-0.053308,1.163355,-2.034461,-1.575823,0.096389,0.510003,0,1,0,0
-0.970593,-0.584808,1.453792,-1.866821,-1.607879,-0.181440,0.243119,0,0,0,0
-2.217442,0.593282,0.684229,-2.444839,-0.171549,-0.781870,-2.193397,0,0,0,0
-1.396584,-1.034241,0.485571,-2.624800,-2.724335,-0.070014,0.297966,0,0,0,0
-3.118884,1.185462,-0.186434,-3.440021,1.114969,-0.847105,-2.040774,0,0,1,1
0.111631,-0.564666,-0.457732,-0.754746,-0.492472,-0.072134,0.235771,0,0,0,0
-0.146742,-0.267621,-0.605304,-1.096751,-0.773252,0.168229,0.413500,0,0,0,0
-0.554602,-0.724116,-0.723313,-1.720348,-0.849167,0.186582,0.322786,0,0,0,0
-0.301987,-0.015697,0.060124,-2.023697,-1.140655,0.646148,-0.093682,0,0,0,0
-0.284807,-1.790663,-0.632579,0.703613,-2.432765,-0.367440,-1.690583,0,0,0,0
-1.930002,0.053143,0.122060,-1.552717,0.345403,-0.374007,-2.586857,1,0,0,0
-0.402648,-0.337666,-0.840855,-0.493967,-0.523614,0.129548,-0.122846,0,0,0,0
-2.498905,1.803127,-0.401322,-2.659983,1.523053,-0.796708,-2.712217,0,1,0,0
0.232367,0.164860,-1.446989,-0.409915,-0.434022,-0.090445,0.669590,0,0,0,0
-0.007594,0.185224,-1.520714,-0.358713,-1.129422,-0.509748,0.328027,0,0,0,0
-0.157095,-0.061899,-0.805668,-0.477143,-1.259018,-0.185165,0.272317,0,0,0,0
0.053631,-0.329507,-1.319272,-0.583584,-1.472847,0.371838,0.103192,0,0,0,0
0.079445,-2.467833,-2.323826,1.535702,0.022800,1.610434,-1.082935,0,0,0,0
-0.261836,-2.071418,-2.397144,1.488761,-0.323045,-0.425567,-1.488022,0,0,0,1
-0.779184,-0.281587,-1.281019,0.592519,0.210863,0.690476,-0.437389,0,0,0,0
-1.099258,-0.982411,-0.104113,0.551332,-0.585013,0.448605,-1.381770,1,0,0,0
-0.259528,-0.856899,-0.822855,1.917741,0.492489,-0.148348,0.705419,0,0,0,0
-0.557365,-0.955371,-1.356018,1.506818,0.058026,-0.644800,-0.026731,0,0,0,0
-0.429776,-0.909370,-1.398079,1.547379,0.215259,-0.245291,-0.260655,0,0,0,0
-0.643053,-0.636227,-1.419592,-0.515596,-0.115635,1.098355,-1.829523,0,0,0,0
0.473490,-1.395200,-3.303809,-1.162466,-1.080706,2.297443,-0.914310,0,0,0,0
0.481084,-1.402866,-3.122277,-1.079646,-1.150302,0.102901,-1.034555,0,0,0,0
-0.324121,-0.663802,-2.811965,-1.368586,-0.333874,0.239879,-1.751105,0,0,0,0
0.688697,-2.071629,-2.063774,0.548625,-1.168974,1.967313,-0.896660,0,0,0,1
0.380718,-0.591474,-0.177204,2.567650,0.124596,0.290842,1.843774,0,0,0,0
0.056929,-0.283005,-0.327355,0.673883,0.884735,-0.248850,0.313096,0,0,1,0
0.448107,-1.592888,-0.138479,2.184067,-1.543152,-0.043383,-0.499654,0,0,0,0
-0.150286,-2.968782,-0.380805,1.875705,-2.045764,-0.497452,-1.289242,0,1,0,0
0.410511,-0.059497,-1.037415,1.454624,0.289696,-0.139294,0.727148,0,0,0,0
0.301869,-0.093105,-1.202119,1.661813,0.108482,0.741273,0.985697,0,0,0,0
0.360437,-0.598400,-1.041169,1.198487,0.256314,-0.246146,0.691781,0,0,0,0
0.119258,-2.072526,-0.321748,0.926629,0.089266,-0.022215,-0.502657,1,0,0,1
1.091132,-0.246013,-0.487040,0.384566,0.616006,-0.172752,0.907988,0,0,0,0
0.973827,0.036190,-0.523289,0.116066,0.336563,-0.016903,0.810317,0,0,0,0
0.903218,-0.184136,-0.185796,-0.762820,-0.137817,0.477758,0.821312,0,0,0,0
0.504684,-1.461951,1.590473,1.361412,-0.521108,0.221508,-0.163328,0,0,0,1
1.134108,-0.970029,0.701504,0.717355,0.407542,0.526061,0.582415,0,0,0,0
0.533474,-1.435914,2.053636,0.451798,-0.388484,0.340652,-0.045317,0,0,0,0
0.955335,-0.273349,0.769495,0.042836,-0.248009,0.714629,0.980291,0,0,0,0
0.806393,-0.214693,0.329755,0.202994,-0.054016,-0.433244,1.506598,0,1,0,0
0.765179,-0.217305,0.815402,0.013415,0.225090,0.115331,0.841122,0,0,0,0
0.331060,0.701938,1.439199,-0.828565,0.391478,-0.486120,0.302777,0,0,0,0
0.772473,0.668145,0.755204,-1.577937,-1.102114,0.253249,1.448481,0,0,0,0
0.628846,0.747368,0.985074,-0.813404,-1.432028,1.037366,0.796760,0,1,0,0
0.636980,0.412462,1.123797,-0.942086,0.161525,-0.048303,0.549597,0,0,0,0
0.078186,0.675246,1.961515,-1.064033,0.671957,-0.785645,0.422416,0,0,0,0
0.910923,0.534826,-0.295495,-1.451752,-0.546186,-0.174437,0.763393,0,0,0,0
0.434943,0.689062,-0.643608,-1.067572,0.218868,-0.214544,0.878123,0,0,1,0
0.645449,-0.216206,-0.506943,-1.232472,0.169244,0.199137,1.342024,0,0,0,0
0.054343,0.899478,1.244327,-1.755099,0.389328,0.095722,-0.399449,0,0,0,0
0.428787,0.439544,-0.214863,-0.910548,0.209191,-0.624070,0.399693,0,0,0,0
-0.070639,1.536241,-0.124938,-0.624820,1.621345,0.010286,-0.100909,0,0,1,0
0.663673,-0.277037,-0.107053,0.206807,0.184494,-0.448474,1.176038,0,0,0,0
0.427071,0.438145,0.524419,-0.023868,1.359270,0.301462,0.181882,0,0,0,0
0.852535,0.197980,0.147401,0.453470,1.194140,0.623663,0.715764,0,0,0,0
0.774478,-0.862780,0.643475,2.858667,0.236658,0.602662,0.571764,1,0,0,0
0.805881,0.077360,-0.390029,-0.820251,-0.115488,0.444493,1.269941,0,0,0,0
-0.328989,0.121582,0.880203,-1.227064,0.995914,-1.047005,-1.099909,0,0,0,0
0.655394,-0.173157,-0.439253,-0.684366,0.349827,-0.721066,0.951023,0,0,0,0
0.757341,0.790944,-0.798503,-0.961529,-1.072898,1.814451,0.878315,1,0,0,0
0.943071,-0.342078,0.140708,-1.112484,-0.014766,-0.211172,0.887207,0,0,0,0
0.082835,0.307621,1.417119,-0.678239,0.289540,-0.725813,-0.067366,0,0,0,0
0.632971,0.217064,-0.024853,-0.751188,0.161748,0.184741,0.773574,0,0,0,0
-0.466047,1.591413,1.098158,-0.559912,0.010311,-0.093052,0.300893,0,0,1,1
0.756688,0.644771,-1.446745,0.551135,-0.153934,-0.472931,0.856835,0,0,0,0
0.758604,0.454097,-2.005688,0.692200,-0.343117,0.444172,1.076042,0,1,0,0
0.654575,0.440418,-1.061768,0.475982,-0.473913,-0.583522,0.772353,0,0,0,0
0.437923,0.134552,-1.188131,1.020484,-0.424731,-0.564349,0.943962,1,0,0,0
0.750877,-0.428394,-0.205871,-0.160810,-0.298144,-1.095385,0.972460,0,0,0,0
0.649702,-0.186196,-0.063311,0.296399,0.051242,-0.296345,1.157312,0,0,0,0
0.558939,0.438049,-0.914144,0.179374,-0.137675,-0.606591,1.088060,0,0,0,0
0.357961,0.410522,-1.802778,0.399313,-0.147240,-0.296347,1.278824,0,1,0,0
0.366231,0.169707,-0.751194,0.063773,-0.285509,-1.275995,1.238601,0,0,0,0
0.399980,0.147060,-0.514920,-0.362543,0.195145,-0.303164,1.252611,0,0,1,0
0.306285,0.745516,-0.693124,-0.258245,-0.105080,0.026162,1.225121,0,0,0,0
0.075792,0.969022,-0.989632,-0.161728,-0.214291,-0.138151,1.369758,0,0,0,1
0.717308,0.648807,-0.835614,-0.643189,-0.710597,-0.057300,0.854511,0,0,0,0
0.925642,-0.133809,-1.152294,-0.102153,-0.139664,0.295150,0.677109,0,0,0,0
0.384170,-0.243784,0.187004,0.090823,-0.060993,0.269276,0.237017,0,0,0,0
-0.677114,0.813506,-0.038372,-0.101375,1.174039,-1.065091,-0.965349,1,0,1,0
0.099401,0.401753,-0.680133,1.742248,-0.068647,-0.099570,0.308766,0,0,0,0
0.008436,-0.005229,-0.145029,1.769940,-0.040978,0.075571,-0.398391,0,1,0,0
-0.131269,0.298920,-0.454141,1.473283,0.176673,-0.461414,-0.523436,0,0,0,0
-0.574985,0.820622,-0.020192,1.590028,0.777619,-0.533439,-0.969533,0,0,0,1
0.206133,-0.905069,0.890760,-0.238914,0.785967,-0.499725,-0.565372,0,0,0,0
-0.120224,0.133408,1.223886,0.556498,1.005610,-0.223602,-0.437669,0,0,0,0
-0.389849,0.414490,-0.173866,0.534007,1.368601,-0.022445,-0.436322,0,0,0,0
-0.736914,1.566377,-0.366333,0.198754,1.071739,-0.588107,-0.638641,0,1,0,0
0.104343,-0.864397,0.789882,-0.987316,0.700933,-0.241552,-0.478892,0,0,0,0
-0.520389,-0.172136,0.947711,-0.548196,1.522084,0.326637,-0.720299,0,0,1,0
-0.748004,0.931387,0.587386,-0.047472,2.076743,-0.453721,-0.542665,0,0,0,0
-0.764864,0.865953,-0.877879,0.398774,1.274725,0.107986,-0.767594,1,0,0,0
0.045105,-0.598487,-0.035615,0.082987,0.935719,0.142135,-0.042988,0,0,0,0
-0.274993,-0.823192,1.252433,-0.087266,1.325366,-0.545299,-0.598221,0,0,0,0
-0.355216,0.527425,0.767472,-0.069173,1.262232,-0.847092,-0.426709,0,0,0,0
-0.016833,0.289466,1.356265,-0.409290,0.496762,1.099481,-0.352146,0,0,1,1
0.801241,-0.339728,-1.122244,0.159082,-0.179073,-0.298940,0.720288,0,0,0,0
0.686059,-0.307669,-1.246950,0.682240,-0.289092,-0.242357,0.937831,0,1,0,0
0.340437,-0.332316,-1.222958,0.814785,0.325914,-0.118657,1.060023,0,0,0,0
0.259767,0.095008,-1.295238,1.174652,0.351950,-0.825192,0.926508,1,0,0,0
0.716248,0.037061,-0.881602,0.193008,0.107082,-1.025693,0.688816,0,0,0,0
0.487197,-0.224010,-0.816824,-0.145465,-0.320992,-0.435471,0.669066,0,0,0,0
0.393667,0.244232,-0.635483,-0.143044,0.397736,-0.694264,0.663475,0,0,0,0
0.552559,-0.087270,-0.393062,0.421289,0.902155,0.318658,0.235750,0,1,0,0
0.602030,-0.045796,0.145470,0.876536,1.549780,-0.220922,0.639194,0,0,0,0
0.067539,0.552649,-0.635994,0.966138,1.347647,-0.472272,0.151284,0,0,1,0
-0.029319,0.439447,-0.171164,0.185232,1.470221,-0.107875,0.627024,0,0,0,0
-0.188128,1.227593,-0.662517,1.233562,1.656863,-0.504991,0.828379,0,0,0,1
0.177459,0.515822,-1.185564,1.063851,0.911478,-0.535898,0.561185,0,0,0,0
0.042891,0.465886,-0.279582,1.890575,1.931484,0.199860,0.853768,0,0,0,0
-0.121165,0.749439,-0.800384,0.954652,1.523797,-0.312270,0.045064,0,0,0,0
0.228575,1.031402,0.880883,-0.225959,1.075515,-0.010394,0.382602,1,1,0,0
0.570601,-0.099530,-0.986405,0.131591,0.518816,-0.083682,0.545429,0,0,0,0
0.564942,-0.431947,-0.930839,0.904359,0.499696,-0.235422,0.968737,0,0,1,0
0.319976,-0.103596,-1.114874,0.943056,0.128541,-0.850332,1.102725,0,0,0,0
0.546258,0.217572,-1.307758,0.963192,0.024193,0.681849,0.824689,0,1,0,0
0.863878,-0.216629,-1.453056,0.550509,0.228745,-0.353803,0.002418,0,0,0,0
0.919193,-0.613301,-0.755623,-0.128214,0.611000,0.744761,-0.156569,0,0,1,0
0.204486,0.132525,0.100948,-0.179372,0.558683,-0.046810,-0.081095,0,0,0,0
0.737663,0.127019,1.101900,-0.064664,-0.288015,0.015588,0.515282,0,0,0,1
1.038468,-0.052222,0.280851,-1.148112,-1.376605,0.400450,0.838613,0,0,0,0
0.537224,-0.339744,1.808614,-0.096424,-0.742758,0.007969,-0.021738,0,0,0,0
0.356337,0.294842,-0.656951,-1.231181,-0.467246,0.006377,0.723672,0,0,0,0
0.345128,0.670708,-1.970418,0.184117,-0.321505,1.011464,0.430403,1,0,0,0
0.600622,0.622205,-0.649114,1.629427,0.712885,0.080859,1.034158,0,0,0,0
0.351775,0.256473,0.932973,1.341787,1.029229,0.075726,0.680839,0,0,0,0
0.474073,-0.054009,-0.135001,1.592274,0.452051,0.170133,0.206602,0,0,0,0
0.009362,0.064234,1.786618,1.079806,1.097310,0.665280,0.623702,0,0,1,1
0.959553,0.471847,-1.267185,0.056433,0.136152,0.096788,0.773383,0,0,0,0
0.948527,0.502941,-0.447052,1.274450,-0.338806,-0.143910,0.810927,0,0,0,0
0.473631,-1.126768,0.307682,1.632159,0.188099,-0.650652,-0.371729,0,0,0,0
0.454566,-1.055321,0.214629,1.897347,-0.716781,0.184722,0.156994,1,1,0,0
0.838479,0.481835,-1.130694,-0.377222,0.187120,-0.297055,0.985563,0,0,0,0
0.657857,0.840128,-0.713521,0.328865,-0.541072,-0.080232,0.645678,0,0,0,0
0.763084,-0.190258,-0.759410,0.140863,0.597123,-0.118698,-0.261507,0,0,0,0
1.227280,-0.088575,-1.062463,0.190215,-0.019300,0.567069,1.011812,0,0,0,1
0.835029,0.488420,-1.470560,-0.782200,-0.293580,-0.756664,0.862359,0,0,0,0
0.827070,-0.208896,-0.816540,0.117382,-0.308539,0.151871,0.878256,0,0,0,0
1.113519,0.336629,-1.024784,-0.418142,-0.321599,0.371841,1.216482,0,0,0,0
1.040770,0.994288,-1.003671,-0.684490,-0.658691,-0.091894,1.064567,1,1,0,0
0.992829,0.361789,-0.261539,-0.303051,0.239640,-0.175663,0.968253,0,0,0,0
0.480425,1.378247,-0.291831,0.335076,0.416409,-0.795843,1.027916,0,0,0,0
0.829547,-1.262187,-0.441801,1.049189,-0.861604,1.004497,0.052599,0,0,0,0
0.572260,-0.751874,-0.892921,1.792066,-0.386192,-0.168453,0.278780,0,0,1,0
0.232234,0.492374,-0.275155,-2.122145,0.646727,-0.368640,1.575638,0,0,0,0
-0.645248,1.286688,0.321762,-1.062211,0.676733,0.542432,-0.605552,0,0,0,0
0.538077,0.581514,-0.615619,-1.092974,0.244599,-0.680531,0.898757,0,0,0,0
0.337418,0.259990,-0.800175,0.571511,0.448773,0.325125,0.505204,0,1,0,1
1.018129,0.383153,-0.444566,-0.493855,0.390263,-0.047643,0.647241,0,0,0,0
0.600173,1.425736,-0.471058,0.348253,-0.030991,-0.598349,0.268924,0,0,0,0
0.619252,-0.045838,0.806488,0.170057,-0.767387,-0.265924,1.390266,0,0,0,0
1.230989,0.364727,-0.121550,0.725497,-2.498223,0.987659,1.183831,1,0,0,0
1.098042,-0.252798,0.912399,-1.232728,-1.352804,1.354430,1.503070,0,0,0,0
0.660156,-0.232231,1.659711,-0.455726,-1.460519,0.562701,0.734993,0,0,0,0
0.861433,0.587489,-0.387048,-1.802449,-1.044749,0.078555,0.896264,0,0,0,0
0.828198,0.563135,-1.211769,-0.180480,-0.069129,0.816477,0.883951,0,0,1,1
1.055440,0.210705,-0.676548,-0.147095,0.862988,-0.413781,1.159652,0,0,0,0
0.256199,0.819236,0.863074,0.944149,0.504910,-0.473384,0.607305,0,0,0,0
0.807570,0.478132,-1.045201,0.130004,0.643885,-0.223399,1.018861,0,0,0,0
0.735183,1.022469,0.028734,0.008348,-0.884351,-0.076082,0.496208,1,1,0,0
0.931052,0.379503,-0.745004,-0.648755,0.052030,-0.528789,0.643582,0,0,0,0
0.336736,1.558979,0.653628,-0.386930,-0.050513,-0.179192,0.455720,0,0,0,0
0.019264,0.414117,1.151225,-0.294389,0.227815,-0.163446,-0.791406,0,0,0,0
0.688097,0.137235,0.359726,1.064921,-1.223398,1.373727,0.322438,0,0,1,1
0.629589,0.863650,-0.706859,-0.680426,0.444998,-0.082363,0.774311,0,0,0,0
0.525348,1.156522,-0.339528,-0.619916,0.284123,0.376375,0.648804,0,0,0,0
-0.078414,0.001491,1.310829,-0.284269,0.658818,-0.760043,-0.796083,0,0,0,0
0.480681,0.267586,0.159013,0.516177,-0.317475,-0.011801,0.107192,1,0,0,0
0.834059,0.405606,-0.798507,-0.914500,-0.020376,0.303678,0.659940,0,0,0,0
0.733168,0.414021,-0.444828,-0.392707,-0.470608,0.518473,0.891213,0,0,0,0
1.203001,0.718969,-1.207719,-0.133750,-0.174387,0.151675,1.046710,0,0,0,0
1.111682,0.810040,-1.681910,-0.512979,-0.363958,0.391927,0.989320,0,1,0,1
1.065086,0.187013,-1.346244,-0.577216,-0.135331,0.112933,0.618038,0,0,0,0
0.334907,0.843402,-0.947271,0.064648,-0.067820,-0.086985,-0.820284,0,0,0,0
0.842358,0.454897,-0.257160,0.043428,-0.448735,-0.487903,0.617365,0,0,0,0
0.989809,0.329755,-1.010610,0.212116,-0.901110,0.307883,0.308816,0,0,1,0
-0.202984,-0.062140,0.910333,-0.962487,0.006586,-0.348854,0.202387,0,0,0,0
-0.826061,1.680654,0.501242,-0.108704,0.773445,-1.271841,0.157121,0,0,0,0
0.602926,0.387299,-0.311386,-0.151951,0.927994,0.305725,0.606216,0,0,0,0
0.866912,0.086032,-0.946314,0.779249,0.318229,-0.609345,0.532542,1,1,0,0
1.113003,0.248427,-0.722360,-0.723554,0.053571,-0.053446,0.887794,0,0,0,0
1.110466,-0.079244,-0.474426,0.617111,-0.285204,0.018021,0.484678,0,0,0,0
0.217619,0.070164,-0.402121,0.388931,0.687331,-0.435870,-0.394461,0,0,0,0
1.153046,0.121760,0.403933,-0.007614,-1.446006,1.280609,1.061152,0,0,0,1
0.905198,-0.618004,0.203594,-0.953115,-1.220405,0.196648,0.436897,0,0,0,0
0.413116,-0.904294,0.663203,-0.034013,-1.090699,-0.393614,-0.087483,0,0,0,0
1.009780,0.604534,-0.917546,-0.681627,-0.243337,-0.094594,1.433029,0,0,0,0
0.948793,1.045748,-1.404156,-0.726612,-0.346044,0.457972,1.087694,1,1,0,0
1.053988,0.379770,-0.499941,0.377032,0.296389,0.182936,1.200310,0,0,0,0
0.726879,0.793336,-0.778569,0.771365,-0.522456,-0.851137,0.887484,0,0,0,0
0.919458,0.182845,-0.591910,0.090939,-0.088195,-0.507715,0.732449,0,0,0,0
0.649768,1.157922,0.867187,0.068350,-1.091603,0.030632,0.883523,0,0,1,1
0.960474,0.598180,-1.328565,-0.172222,-0.187111,0.386208,0.694672,0,0,0,0
0.667859,0.308218,-0.451772,1.151505,-0.321925,0.032011,0.469617,0,0,0,0
0.435123,-0.519169,0.404261,1.347709,0.101908,-0.113826,-0.406099,0,0,0,0
0.613684,-0.558877,0.560696,1.886000,-0.744622,-0.439673,0.339662,1,1,0,0
0.708098,0.338350,-0.815389,-0.645408,-0.052970,-0.212543,0.714536,0,0,0,0
0.599010,0.969001,-0.403884,0.333119,-0.358002,0.606962,0.922155,0,0,0,0
0.085022,-0.182947,0.786838,0.538206,0.768902,-0.345381,-0.708593,0,0,0,0
0.937967,0.363345,-0.349063,0.216875,-0.359471,1.626399,0.782326,0,0,0,1
0.995466,0.820416,-1.192921,-0.818866,-0.209080,-0.088581,0.710043,0,0,0,0
0.947047,0.369686,-1.063569,-0.438064,0.119649,-0.047042,1.066053,0,0,0,0
0.991389,0.774126,-0.143006,-0.630363,-0.748458,0.940791,1.277326,0,0,0,0
0.847881,1.092644,-0.531376,-0.616535,-0.956938,-0.072886,0.893683,1,0,1,0
0.948784,-0.095196,-0.403197,-0.436825,-0.389201,-0.327074,0.991794,0,0,0,0
0.417653,0.770991,-1.190715,0.086224,0.769828,-0.317934,0.124027,0,0,0,0
0.836164,-0.629241,-0.058966,1.153713,-0.205830,0.628880,0.292997,0,0,0,0
0.337343,-0.705638,0.302829,-0.190615,-0.365226,-0.547658,-0.162619,0,1,0,0
-0.386753,0.220916,1.271485,-0.997136,1.199863,-0.209760,-0.337585,0,0,0,0
-1.228112,1.046543,1.026826,-0.005403,1.688520,-0.449135,-0.476297,0,0,0,0
0.723220,-0.353499,0.259062,0.306319,-0.828684,0.675984,0.038977,0,0,0,0
0.154919,-0.978075,0.800394,0.194983,-0.500745,-0.577384,-0.624085,0,0,1,1
0.651663,-0.009204,0.771927,0.763803,0.455150,-0.511812,0.508468,0,0,0,0
-0.698964,1.411148,0.681840,-0.737495,1.774468,-0.630192,-0.441427,0,0,0,0
0.356168,0.330442,-0.449805,-0.834096,0.206734,-0.715749,1.413991,0,0,0,0
0.288967,0.782023,-1.347803,-0.622782,-0.315097,0.515636,0.058610,0,1,0,0
0.607010,-0.438714,-0.910863,0.705395,1.607968,0.271741,0.826299,0,0,0,0
-0.659897,1.229866,-0.029535,-0.088121,1.211526,-0.446979,-0.810182,0,0,0,0
0.044260,0.338061,0.103080,-0.834896,0.416180,-0.154260,0.110536,0,0,0,0
-0.136653,0.238899,-0.876880,-0.220715,0.334099,-0.007012,-1.207051,1,0,0,1
0.955618,0.276437,-0.928869,-0.538203,-0.041667,-0.619172,0.905365,0,0,0,0
0.730944,0.862642,-0.820414,-0.287112,-0.318292,1.011912,0.247389,0,0,0,0
0.520411,0.160890,0.393846,-0.177114,-0.933824,-0.122309,-0.391525,0,0,0,0
0.600249,-0.053524,-0.214905,0.423521,-0.049611,-0.035961,-0.202090,0,1,0,0
0.964313,0.600590,-0.560428,-1.724591,-0.302812,0.514619,1.052718,0,0,0,0
0.606511,1.449195,-0.469531,-0.570110,-0.831718,0.904960,1.368265,0,0,0,0
0.509826,0.237481,0.009247,-0.896875,-0.819248,0.028020,1.178009,0,0,0,0
0.516148,0.623991,-0.916138,-0.158051,0.052420,0.119905,0.483895,1,0,1,0
0.863114,-0.146449,0.070064,0.840088,0.789988,-0.475415,0.917046,0,0,0,0
0.504135,0.652287,-0.474634,1.696318,0.504877,-0.558624,1.047658,0,0,0,0
0.803191,-0.151439,-1.018044,1.313389,0.837608,-0.248031,0.630678,0,0,0,0
0.842040,0.473274,-1.442259,0.524638,0.051648,0.206432,0.474306,0,0,0,1
0.677888,0.629378,-1.254601,-1.855681,0.687877,-0.533570,1.088169,0,0,0,0
0.470524,1.261937,-1.588116,-0.588268,0.538196,1.256855,0.876221,0,0,0,0
0.883507,0.570147,-0.303411,-0.239188,0.004815,0.876169,0.972812,0,0,0,0
0.487943,0.003157,0.794005,0.439964,-0.602966,-0.394982,-0.020071,1,0,0,0
0.939054,0.120277,0.641165,0.207205,-0.107739,0.033902,0.546405,0,0,0,0
0.966299,-0.417935,-1.266933,-0.030757,-0.790466,0.076481,0.612743,0,0,1,0
1.023955,0.620857,-0.730548,-2.099411,-1.673339,-0.053758,1.176335,0,0,0,0
0.611251,1.056213,-0.323989,-1.433110,-1.197813,0.093809,1.187837,1,1,0,0
0.519480,0.166204,-0.916677,0.164963,-0.763748,0.148163,1.466734,0,0,0,0
0.466348,0.377586,-0.486161,0.789472,-1.113314,0.523726,0.300170,0,0,0,0
1.025737,-0.093465,-0.953240,0.057859,-0.611325,0.292026,0.920770,0,0,0,0
0.924050,0.110189,-0.705609,0.068458,-1.012453,-0.083430,0.539938,0,0,0,1
0.859702,-0.113798,-0.847222,-0.458645,-0.305746,-0.345257,1.251917,0,0,0,0
0.749533,0.519857,-1.271402,-0.464042,-0.424175,-0.610615,0.362791,0,0,0,0
0.855431,-0.075537,-0.027144,-0.953831,-0.837319,-1.020790,0.665290,0,0,0,0
1.152183,0.167260,-0.395114,0.048994,-1.076061,0.567340,1.304183,1,0,0,0
1.193201,-0.248626,-0.761526,-1.468696,-1.672924,0.152172,1.209473,0,0,0,0
0.984621,-0.913291,0.214670,0.701952,-1.307002,0.228344,0.176310,0,0,0,0
1.201858,0.535021,-0.687042,-0.918322,-0.900131,-0.667592,1.085255,0,0,0,0
1.097901,0.774983,-1.107724,0.113855,-0.990435,0.100244,0.710776,0,0,1,0
1.245993,0.370425,-0.544162,-0.390675,-0.039869,-0.107152,1.363809,0,0,0,0
0.897866,0.525079,-0.884082,0.354827,0.139650,0.357529,1.027060,0,0,0,0
1.129729,0.120680,-0.481019,-0.079748,0.389257,-0.105501,1.288712,0,0,0,0
0.810091,0.920435,-0.037725,-0.104399,-1.089655,0.193936,0.975750,1,1,0,0
1.074832,-0.080056,-0.772311,-0.206160,-0.057661,0.232823,0.538653,0,0,0,0
0.985006,-0.335946,0.285112,0.320471,-0.248892,-0.059423,0.624423,0,0,0,0
0.328049,-1.484288,0.713017,1.159184,0.709547,-0.502310,-0.594897,0,0,0,0
0.290862,-1.461569,0.610592,2.218120,-0.524240,-0.038588,-0.514616,0,0,1,1
0.963872,0.201185,-0.471157,-0.946416,0.202592,-0.380575,0.653370,0,0,0,0
0.851767,0.152745,0.032280,-0.602396,0.103409,-0.370166,0.578711,0,0,0,0
0.278184,-0.450809,0.542736,0.007696,1.025222,-0.641609,-0.722562,0,0,0,0
0.868914,0.024781,-1.230284,0.075037,0.356652,0.750314,0.281414,1,0,0,0
1.012207,0.013348,-1.098041,-1.032302,0.392453,-0.487751,0.906133,0,0,0,0
0.766229,0.763063,-0.602404,-0.827619,0.034392,-0.439700,0.960759,0,0,0,0
1.158281,0.513237,-0.206504,-1.006280,-0.953380,-0.510211,0.631819,0,0,0,0
0.693603,0.934883,-1.142269,-0.842102,-0.453554,0.295651,0.956113,0,0,1,1
0.886590,0.260146,-0.091185,-0.760119,-0.150239,-0.585044,0.919437,0,0,0,0
0.632075,1.219174,-0.209260,-0.362647,0.262869,-0.240389,0.872985,0,0,0,0
0.651290,0.498321,0.035477,-1.146348,-0.694613,0.578692,0.463990,0,0,0,0
0.512208,0.331824,-0.715729,-1.374399,-0.011085,-0.295834,0.188712,0,1,0,0
0.289682,0.266000,0.315301,-1.517992,-0.063498,-0.590436,0.841963,0,0,0,0
0.104886,1.163192,0.159555,-0.859216,0.111209,0.219141,0.283314,0,0,0,0
0.652384,0.797310,-0.114273,-1.328347,-0.685500,-0.826479,0.832496,0,0,0,0
0.165622,0.681089,-0.857963,-0.224142,0.521481,0.325577,-0.123939,1,0,1,0
0.987165,0.406708,-0.490931,-0.265911,0.002412,-0.136043,1.002122,0,0,0,0
0.731307,0.843623,-0.610206,0.475595,-0.211751,-0.094422,0.383907,0,0,0,0
0.852366,-0.062395,-0.370740,-0.131622,0.041530,0.250659,0.697328,0,0,0,0
1.156172,0.723180,-0.997491,-0.787516,-1.202545,0.450218,1.177560,0,0,0,1
0.998513,0.039919,0.624034,-1.218168,-1.287260,0.019941,1.279334,0,0,0,0
0.871316,0.010025,0.954654,-0.768482,-1.936917,0.601547,1.235608,0,0,0,0
0.902654,0.783536,-0.232166,-0.735872,-1.050906,0.486530,1.086936,0,0,0,0
0.894441,0.050997,-1.122399,0.891061,-0.717825,0.653902,0.673621,1,1,0,0
1.102088,0.668168,-0.208303,0.100774,0.209793,-0.307421,1.033283,0,0,0,0
0.519448,1.267698,0.254275,0.272324,-0.412124,-0.443675,1.278057,0,0,0,0
0.902271,0.140548,-0.495715,0.652186,-0.206391,-0.017941,0.443125,0,0,0,0
0.630020,0.623562,0.206486,1.291146,0.294631,0.103643,0.893639,0,0,1,0
0.685298,0.628577,-0.392357,-0.217536,0.332835,-0.408560,0.567532,0,0,0,0
0.174655,1.104719,0.745345,0.749501,0.667869,-0.171348,0.692422,0,0,0,0
-0.108879,-0.244210,1.168387,-0.054211,0.791478,0.076988,-0.861522,0,0,0,0
0.686149,-0.150856,0.415288,1.866011,-0.851732,1.553650,0.623070,1,1,0,0
0.737455,0.638192,-0.562913,-0.721663,0.406585,-0.094269,0.912632,0,0,0,0
0.078391,1.476729,0.291602,-0.377687,0.085570,-0.018060,0.329365,0,0,0,0
-0.228184,-0.138151,0.755335,-0.241054,0.904868,-0.400252,-0.856110,0,0,0,0
0.967607,0.530486,-0.554696,-0.144867,-0.622433,3.644318,1.000584,0,0,0,1
1.173785,0.444265,-1.722327,-0.385700,-0.512737,-0.281834,0.950246,0,0,0,0
0.962020,0.977629,-1.236540,0.192901,-0.888652,-0.794044,1.058403,0,0,0,0
1.038499,0.314573,-0.487770,0.089794,-0.556922,0.143242,1.068700,0,0,0,0
0.950857,0.810191,-0.691466,-0.227918,-0.474239,0.275999,1.294416,1,0,1,0
1.072988,0.308284,-1.256340,-1.093540,-0.496882,0.042223,0.995334,0,0,0,0
0.564764,0.722491,-0.406380,-0.109059,-0.178916,-0.397119,0.268747,0,0,0,0
0.651287,0.799867,0.171230,-0.555705,-0.685575,-0.217021,0.593987,0,0,0,0
1.087544,0.520582,0.131024,-0.943739,-1.484049,1.348572,0.513917,0,1,0,0
-0.325010,0.688907,1.471710,-1.219108,0.611776,-0.570413,-0.225776,0,0,0,0
0.245819,-0.347497,0.390342,0.756813,0.279856,-1.209058,0.222876,0,0,0,0
0.423394,0.781311,0.711036,-0.558516,-0.580992,-0.480273,0.726137,0,0,0,0
1.085719,-0.058669,-0.453232,0.588205,0.142583,1.014637,0.623542,0,0,1,1
1.280306,-0.479153,-0.256187,0.328196,-0.486339,-0.503979,0.495392,0,0,0,0
1.136914,-0.275284,-0.287326,0.076537,-0.529875,0.324276,0.403843,0,0,0,0
0.406485,0.499356,0.508819,-0.907479,-0.489592,0.041337,-0.137337,0,0,0,0
1.575865,0.553497,-0.239846,-1.069444,-1.653352,0.617876,1.423262,1,0,0,0
1.127987,-1.254806,0.420753,-0.645834,-1.576552,0.322530,0.829766,0,0,0,0
0.453996,-1.274828,0.980728,-0.111839,-1.035987,-0.507988,-0.089481,0,0,0,0
0.820482,0.778616,-0.191914,-1.883057,-1.189458,-0.066658,1.537585,0,0,0,0
0.728092,0.867907,-1.380396,-0.453637,-0.204309,-0.221707,1.145293,0,0,1,1
0.973641,0.181050,-0.889743,0.721726,0.462031,-0.632486,1.018480,0,0,0,0
1.006306,1.223178,-1.897244,1.043694,0.077357,0.588038,1.254129,0,0,0,0
1.175465,-0.011168,-0.843228,1.471820,0.582192,0.216632,0.676048,0,0,0,0
0.223487,0.803791,0.960480,1.094252,0.370199,-0.156919,0.659067,1,1,0,0
0.655133,0.245966,-1.933147,0.605002,0.148992,-0.122951,0.492472,0,0,0,0
0.702410,0.211703,-0.297666,1.250939,-0.613968,-0.578714,0.754624,0,0,0,0
0.424509,-0.581537,0.344923,1.290756,0.097427,0.771634,-0.399064,0,0,0,0
0.515039,-0.621603,0.817162,1.572725,-0.699707,0.013890,0.603456,0,0,1,1
0.944647,0.070800,-0.645645,-0.475354,-0.003770,0.504621,0.765483,0,0,0,0
0.731771,0.397855,-0.726355,0.222850,0.041416,-0.130789,0.801023,0,0,0,0
0.207044,-0.707764,0.357964,0.939463,0.918895,-0.539105,-0.664758,0,0,0,0
0.327387,-0.364601,-1.149626,1.082261,0.680514,0.072973,-0.219883,1,0,0,0
0.695670,1.082774,-1.128319,-0.131603,-0.403299,-0.091758,0.824558,0,0,0,0
1.086901,0.241476,-0.762713,-0.701131,-0.268577,1.024742,1.253918,0,0,0,0
1.126779,0.872130,-1.183809,-0.749438,-0.644450,0.776489,1.464938,0,0,0,0
0.841241,1.271850,-0.786154,-0.491816,-0.336705,-0.338564,1.150046,0,1,0,1
1.187177,0.054792,-1.112472,0.412219,0.445959,-0.710053,0.790986,0,0,0,0
0.549308,0.369324,-0.178411,0.484591,0.274006,-0.576054,0.062997,0,0,0,0
0.813105,0.101556,-0.355284,0.131968,0.236198,0.422250,0.291921,0,0,0,0
0.470201,-0.659308,0.878241,-0.622858,-0.121928,0.008304,-0.242899,0,0,1,0
0.610982,0.069586,0.326458,-0.274982,0.638057,0.065857,0.758599,0,0,0,0
-0.998059,1.104814,0.970577,-0.265514,1.139241,-0.962330,-0.461008,0,0,0,0
0.598997,-0.577894,0.343420,-0.413846,-0.523843,0.040755,-0.519942,0,0,0,0
0.076334,-0.504354,0.981233,-0.284561,-0.211312,-0.705570,-0.658614,1,1,0,0
0.684956,-0.169483,0.208602,0.746975,1.143104,-0.258331,0.515999,0,0,0,0
0.431556,0.403549,-0.219442,0.345715,0.881470,1.704067,0.108041,0,0,0,0
0.601224,0.465143,-1.513022,-0.888936,0.739918,0.027375,0.614256,0,0,0,0
0.169161,0.416602,-0.823978,0.455352,0.791449,-0.076487,0.733870,0,0,0,1
0.219818,0.649696,-1.027025,1.217500,0.900013,-0.088766,0.609443,0,0,0,0
0.238470,0.429424,0.339525,-0.917369,0.591493,1.542332,-0.512083,0,0,1,0
0.157410,0.804206,-0.145243,-1.157460,0.203221,-0.018599,1.530954,0,0,0,0
-0.026382,0.556956,0.201465,-1.326663,0.207163,0.061523,-0.691285,1,1,0,0
0.812290,0.727702,-1.887833,0.627614,0.347049,-0.076871,0.972338,0,0,0,0
0.871777,0.769428,-1.953561,0.536075,-0.023299,0.176870,0.744888,0,0,0,0
0.682162,0.467759,-0.969251,0.119527,-0.409125,-0.174526,0.795596,0,0,0,0
0.679367,0.957562,-0.290459,0.621815,0.039728,-0.402922,1.396632,0,0,1,1
0.889159,0.823180,-0.738337,-0.039842,-1.330966,-0.341272,0.991607,0,0,0,0
1.024599,0.170965,0.118080,0.858309,-1.961683,0.928566,0.542135,1,0,0,0
1.153624,0.356330,0.420749,0.882207,-0.791454,0.826322,1.384487,0,0,0,0
0.708613,0.862245,0.163644,0.746093,-0.415583,0.004135,0.739668,0,1,0,1
0.778308,0.569231,0.540409,0.321467,-0.312642,-0.722998,0.295936,0,0,0,0
1.286217,0.328477,0.250448,0.121455,-0.996489,0.713737,1.089261,0,0,0,0
0.930426,0.573846,-0.229341,-0.361136,-0.359551,-0.404913,1.125288,0,0,0,0
0.769893,0.129932,0.435396,-0.653528,-0.151611,-0.022100,0.159735,0,0,1,0
0.899120,0.564401,0.911225,-0.365915,-0.170395,-0.107489,0.441051,0,0,0,0
0.934179,0.376634,0.606460,-0.634946,-1.063149,0.550293,0.898129,0,1,0,0
0.599804,0.940455,0.997924,-1.192649,-1.185141,0.430809,1.187137,0,0,0,0
0.372882,1.063390,0.467623,-0.784789,0.268380,-0.823578,0.596915,1,0,0,1
0.940071,1.353229,-1.217053,-1.064064,-0.593899,-0.127825,1.344565,0,0,0,0
0.613515,0.595212,0.118622,-0.255589,0.395333,-0.539472,0.078844,0,0,0,0
1.016809,-0.033214,0.200742,-0.052304,-0.585460,1.801209,0.904345,0,0,0,0
0.007673,0.886667,0.618711,-0.360082,1.171615,-1.091968,0.062371,0,0,1,1
0.946038,0.951806,-0.880465,-0.090386,-1.088073,-0.644401,0.694974,0,0,0,0
1.237500,0.990728,-0.855905,-0.208177,-1.081499,1.901904,1.173525,1,0,0,0
0.812502,0.553142,-0.692346,0.417684,-0.022083,0.291534,0.502160,0,0,0,0
0.448001,0.363930,-0.498626,0.689000,0.097145,0.077032,0.441496,0,1,0,0
1.165514,0.330958,-0.713875,-1.251395,-0.133468,-0.495345,0.981964,0,0,0,0
0.666628,0.783760,-0.072773,-0.088902,0.263841,0.009612,0.383524,0,0,0,0
0.952800,0.236949,-0.257520,0.053996,-0.009174,0.729489,0.637918,0,0,0,0
1.129201,0.819569,0.434756,-1.088606,-1.080316,-0.519108,1.145449,1,0,0,1
0.705336,0.730648,-2.115217,-0.573304,-0.626806,-0.479512,1.281276,0,0,0,0
0.978673,1.182729,-2.096576,0.373893,-0.490827,0.354335,1.232460,0,0,1,0
1.095737,0.372647,-1.380272,0.408516,-0.373781,0.238348,0.768918,0,0,0,0
0.732689,-0.580640,0.099075,1.339968,0.520899,0.394743,0.109507,0,1,0,0
0.625036,0.228548,-1.700722,0.300667,0.069738,0.067545,0.449679,0,0,0,0
0.616040,0.145805,-0.954598,1.085370,0.312625,0.066876,0.318387,1,0,0,0
0.491504,-0.081799,-0.555727,1.545575,0.896129,0.121192,0.697872,0,0,0,0
0.029643,-0.098819,-0.267502,0.497130,0.862706,-0.558998,-0.213731,0,0,1,1
-0.611175,-0.443784,-1.290780,0.797079,0.533734,0.902898,-0.124010,0,0,0,0
-0.945827,-1.279496,-0.870913,0.916453,-0.295816,-0.641439,0.134103,0,0,0,0
-1.141247,-0.601596,-0.824667,0.625214,-0.181426,1.287439,-1.571569,0,0,0,0
-1.870232,-2.191983,0.005484,0.461863,0.291301,-0.389097,-2.791295,0,1,0,0
-0.800313,-1.166352,-2.881421,-0.846434,1.063469,0.208584,0.523637,0,0,0,0
-1.627115,-1.994327,-2.937944,0.103414,0.815139,2.121935,0.062831,0,0,0,0
-2.122635,-2.079641,-2.803547,-0.186355,1.203297,0.660073,0.478964,0,0,0,0
-2.214733,-2.043838,-1.757270,-1.183256,0.287098,1.511754,-0.653409,1,0,0,0
-2.032914,-2.703419,-3.782186,-0.504393,1.094583,2.195173,0.531415,0,0,0,0
-2.057207,-3.030574,-2.319290,-0.894970,1.681474,1.823734,0.000183,0,0,0,0
-2.509456,-3.814871,0.578208,-0.046605,-0.159516,1.513903,-2.776818,0,0,0,0
-2.522258,-5.789927,0.331888,-0.671058,-0.565440,-0.106284,-2.673786,0,0,0,1
-1.550550,-1.507168,-3.193808,-1.964865,0.087253,0.250427,-0.450315,0,0,0,0
-2.652806,-3.262210,-4.343414,-0.452600,1.022257,2.403975,0.427159,0,0,0,0
-1.566208,-3.376852,-2.600880,-0.078632,-0.237435,4.727128,-1.192023,0,0,0,0
-2.610668,-3.700645,-1.945077,-2.869490,0.634951,-0.477615,-2.898141,0,1,0,0
-2.093808,-2.709106,-2.892507,-1.786957,-1.151287,0.108987,-0.288644,0,0,0,0
-2.533455,-3.473446,-1.969839,-1.311361,-1.484460,0.182013,0.115695,0,0,0,0
-3.537953,-2.295429,-0.564389,-0.903080,1.538971,0.387274,-2.412750,0,0,1,0
-1.074826,-1.962161,-4.828604,-2.168393,0.430646,0.910730,-0.187929,0,0,0,0
-1.726436,-2.818125,-3.202453,-1.088754,-0.100355,1.530097,-0.506050,0,0,0,0
-3.181513,-2.059138,-1.112158,-2.259923,-0.115437,-0.905338,-2.332347,1,0,0,0
-1.775585,-3.312825,-3.648356,-2.031099,-0.854434,1.400648,0.418389,0,0,0,0
-1.600483,-3.506086,-4.053824,-2.319609,-0.271209,1.071232,-0.413524,0,0,0,1
-2.165810,-3.832206,-3.200772,-1.005631,-0.284285,0.734873,0.320764,0,0,0,0
-4.169595,-0.344520,-0.015911,-3.478895,1.136178,1.849637,-2.801632,0,0,1,0
-1.915196,-2.657717,-1.923042,-1.160177,-1.910955,2.383319,-1.312653,0,0,0,0
-1.839516,-1.322904,-0.841136,0.072197,0.450808,1.571374,-1.620028,0,1,0,0
0.289978,-1.651615,-1.786942,0.189418,-0.198266,1.416960,-0.243061,0,0,0,0
-1.737527,-1.699769,-1.267828,-1.682126,-0.932431,0.342666,-0.001777,0,0,0,0
-0.612714,-2.724806,-1.903630,-1.249379,-1.279135,1.979952,-2.024272,0,0,0,0
0.071616,-2.939322,-3.176246,-0.889544,-1.790667,1.369565,-1.454802,0,0,1,1
0.667116,0.359722,-1.945077,0.965180,0.109149,-0.021821,1.350446,0,0,0,0
0.886854,-0.018422,-0.626200,1.154825,-0.261083,0.524669,1.350294,1,0,0,0
1.086695,-0.383302,-0.659157,0.181432,-0.354677,-0.438778,1.366092,0,0,0,0
0.558043,-0.055647,-0.273744,0.622261,-0.606381,-0.215545,0.895303,0,0,1,0
0.814552,0.332002,-0.444781,0.479113,-1.066528,-0.500201,1.370479,0,0,0,0
0.672738,0.741930,0.132953,-0.134869,-1.624702,0.379356,1.446063,0,0,0,0
0.829816,0.014712,-0.114710,-0.442002,-1.705409,0.202082,0.418400,0,0,0,0
0.333125,-0.774756,-1.468371,0.892517,-0.194368,-0.093682,0.686282,0,1,0,0
0.784032,0.608981,-0.785685,0.375900,-0.547755,-0.903558,1.460941,0,0,0,0
0.173012,0.670484,-0.841938,0.664391,0.235206,-0.673897,0.371213,0,0,0,1
0.827658,-0.286070,0.065496,-1.019470,-1.126863,-0.589473,1.225117,0,0,0,0
0.692617,0.338128,-0.503094,-0.517759,-1.488210,0.059390,0.560820,0,0,0,0
0.484136,0.850201,-0.923344,-0.048686,-0.514743,-0.381403,0.575383,0,0,0,0
0.484185,0.199582,-0.931833,0.870464,-0.101382,-0.230657,0.491538,0,0,1,0
1.303523,-0.020398,-0.510102,0.125109,-0.661810,-0.574010,1.375298,0,0,0,0
0.740707,-0.162244,0.060863,0.534097,-0.403098,-0.725507,-0.512295,1,0,0,0
0.435304,0.514553,-0.051111,-0.983801,-1.270298,-0.768660,1.358765,0,0,0,0
0.402381,0.713443,0.475982,-0.295528,-1.634714,-0.380933,0.745006,0,0,0,0
0.499905,-0.238667,0.471765,-1.381680,-0.231976,0.233790,-0.714688,0,0,0,0
0.029085,0.043606,-0.371153,0.253668,0.038833,-0.224500,-0.999111,0,0,0,1
0.872608,0.329561,-0.502623,0.446559,-0.254971,-0.435922,0.772180,0,0,0,0
0.173595,1.334327,0.441699,0.183491,-0.380507,-0.221610,-0.050860,0,1,0,0
0.935681,-0.027185,0.920623,-0.510466,-1.381071,0.825388,0.895069,0,0,0,0
0.358411,0.028102,0.257943,0.022157,-1.678921,-0.111193,0.473697,0,0,0,0
0.401460,1.059147,-0.100404,-1.278093,-0.625514,0.136128,-0.238469,0,0,0,0
0.092931,0.534257,-0.611708,0.367067,-0.294097,0.604021,-0.135867,1,0,0,0
0.898389,-0.575831,0.155975,0.468295,-0.371673,-0.443142,1.155977,0,0,0,0
-0.111193,0.733151,0.268490,-0.462866,-0.569861,-0.888550,-1.005225,0,0,1,0
0.523098,0.617019,0.291621,-0.767685,-1.608670,-0.500025,1.603346,0,0,0,0
0.459699,1.105677,0.853254,0.059040,-1.830127,-0.103016,1.063270,0,0,0,0
0.802106,0.179518,1.572181,-0.673226,-1.506590,-0.173231,0.700002,0,0,0,0
0.204744,0.373481,0.215942,-0.076418,-1.008684,-0.411861,-0.496944,1,1,0,0
1.012134,-0.341271,-1.698700,0.316828,0.278867,1.110856,0.374633,0,0,0,0
-0.260809,0.445176,-0.606321,0.684240,0.593452,-1.145537,-0.281561,0,0,0,1
0.774713,-0.919044,-0.247103,0.505180,-0.062595,-0.503116,0.813111,0,0,0,0
0.020395,0.807498,0.427973,-0.377042,-0.702369,-0.544540,-0.043066,0,1,0,0
0.405080,1.012610,0.717127,-0.189115,-1.202978,-0.619971,1.427709,0,0,0,0
0.305713,0.897337,0.906696,-0.183450,-2.180379,-0.530631,0.507029,0,0,0,0
0.136729,-0.627102,1.065771,-0.629813,-0.078628,-0.959582,-1.034903,0,0,0,0
0.341547,-0.097733,-0.097795,1.366980,-0.723089,-0.398738,-0.140276,0,0,1,0
0.847788,0.053848,-0.651387,1.132425,-0.118343,0.721539,0.723723,0,0,0,0
-0.501933,1.344828,0.650475,-0.615075,-0.008142,-0.510325,-0.463884,1,0,0,0
0.662516,-0.160252,1.283298,-0.638627,-1.590089,-0.296874,0.962359,0,0,0,0
0.564417,0.651007,0.723742,-0.583748,-1.759911,-0.348783,0.600532,0,0,0,0
0.394072,0.909999,-0.098652,-0.456408,-0.656142,-0.284750,0.179089,0,0,0,0
-0.036881,0.683653,-0.000576,0.567227,-0.258184,0.341294,-0.630707,0,1,0,0
0.931476,-0.528602,-0.136696,0.257985,0.430212,-0.876762,0.560522,0,0,0,0
1.256717,0.279103,-0.540283,-0.852527,-1.032500,2.046249,1.309600,0,0,0,1
0.692314,1.071474,0.443889,-1.350405,-2.578182,-0.477686,1.588850,0,0,0,0
0.283853,1.084035,0.584798,-0.554636,-2.160886,0.347771,1.975716,0,0,0,0
0.684341,0.313617,0.466176,-1.306095,-0.635918,-0.250078,-0.267514,0,0,0,0
0.653799,-0.112714,-1.330634,0.321388,-0.506860,-0.225993,0.810062,1,0,0,0
1.067479,0.306513,-0.983387,0.342286,-0.727751,-0.721228,1.457368,0,0,0,0
0.404466,1.869582,-0.027806,-0.266273,-0.904869,-0.927839,1.109325,0,0,0,0
0.701382,0.303315,1.148287,-1.051151,-1.259928,-0.265171,0.982252,0,0,0,0
0.421411,0.473845,0.879836,-0.254031,-1.196376,0.394780,1.086249,0,0,0,1
0.822593,0.711873,-1.127659,-0.250604,-0.251239,-0.174593,0.973427,0,0,0,0
0.166207,0.668816,-0.189973,-0.011502,-0.503753,-0.575608,-0.457550,0,0,1,0
0.755673,-0.084046,0.211738,-0.293510,-0.340391,-0.157685,1.219577,0,0,0,0
0.500187,0.543950,-0.152072,0.179614,-0.172822,-1.093151,0.385182,0,1,0,0
0.744981,1.155246,-1.251107,0.038868,-0.783063,-0.062451,1.481320,0,0,0,0
0.572043,1.441399,0.176303,-0.642194,-1.870834,0.356220,1.452799,0,0,0,0
1.171172,-0.844146,-0.073225,-0.287324,-1.957838,-0.233543,0.591569,0,0,0,0
0.696270,-0.975495,-1.048587,0.742891,-1.774035,-0.462931,-0.894075,0,0,1,1
1.064890,-0.503352,-1.281424,-0.041185,-0.273852,0.674951,1.153887,0,0,0,0
0.649916,0.651407,-0.759357,1.090521,-0.722503,-0.675212,1.725879,1,0,0,0
1.128566,-0.267123,-0.704475,-0.243242,-0.991130,0.851100,1.509336,0,0,0,0
0.788671,0.086466,-0.468382,0.146936,-1.419020,-0.565719,1.066706,0,0,1,0
0.874419,0.446889,-0.283205,-0.103554,-1.566443,-0.506248,1.248113,0,0,0,0
0.957105,0.822068,-0.241856,0.127778,-2.100251,-0.191217,0.846011,0,0,0,0
0.812680,0.161290,0.403282,-0.451701,-0.800266,-0.090652,0.038821,0,0,0,0
0.447213,0.545133,0.109788,0.520549,-0.718332,-0.071313,0.674573,0,1,0,0
0.900142,0.532554,-1.046713,0.306076,-0.803783,-0.587717,1.227045,0,0,0,0
0.148945,1.718264,-0.379941,-0.815804,-0.787248,-0.085805,0.968861,0,0,0,1
0.825585,0.252244,0.265819,-1.462857,-1.846558,-0.407341,1.592787,0,0,0,0
0.647307,0.457672,-0.407642,-1.197887,-1.731213,-0.003569,1.284873,0,0,0,0
0.417409,1.108271,-0.385189,-0.545666,-1.652553,-0.823538,0.539622,0,0,0,0
0.706158,0.625739,-0.492929,0.313917,-0.768717,-0.133341,0.200794,0,0,1,0
1.097592,-0.340620,0.111380,0.723049,0.246692,-0.328118,1.246352,0,0,0,0
0.139503,1.024318,0.009460,-0.061978,-0.405373,-0.661020,-0.306761,1,0,0,0
0.901408,0.940259,-0.053550,-0.472688,-1.694113,0.212801,1.822099,0,0,0,0
0.405796,0.892039,0.388106,-0.441379,-1.553420,0.044756,1.301658,0,0,0,0
0.568647,-0.161333,0.676852,-1.647221,-1.264776,-0.124401,0.863906,0,0,0,0
0.856280,0.759563,-0.638969,-0.309924,-1.264278,0.653065,1.125012,0,0,0,1
1.049387,0.760458,-0.700723,0.368301,-1.107689,-0.255921,1.455446,0,0,0,0
0.189465,1.439462,0.432267,-0.000893,-0.644775,-0.641705,0.791528,0,1,0,0
0.786642,-0.174584,0.819824,-0.398299,-1.643937,-0.727583,1.304502,0,0,0,0
0.595406,0.702112,0.390267,-0.579012,-2.099510,-0.130958,1.627525,0,0,0,0
0.460204,1.413422,-0.096733,-1.063568,-0.952960,-0.594920,0.594797,0,0,0,0
0.481812,0.923913,-0.283270,0.051163,-1.040890,-0.387193,1.071608,1,0,0,0
1.303000,0.024068,-0.431434,-0.214092,-1.021392,-0.113452,1.167449,0,0,0,0
0.436328,0.565261,0.482223,-0.661945,-0.961208,-0.916349,0.360564,0,0,1,0
0.652936,0.735061,0.345753,-0.334392,-1.496289,0.431036,1.252354,0,0,0,0
0.502820,1.024864,0.217553,-0.532068,-1.939895,0.235706,1.276303,0,0,0,0
0.944217,0.251270,1.098363,-1.195642,-1.695459,-0.502768,1.673657,0,0,0,0
0.559868,-0.026065,-0.770081,-0.539266,-1.044135,-0.207344,-0.803415,1,1,0,0
0.955794,-0.364581,-1.658052,0.670625,-0.031448,0.203126,0.169609,0,0,0,0
-0.520750,0.889899,-0.482447,0.581910,0.787575,-0.452470,-0.481706,0,0,0,1
1.138402,-0.089374,-0.233066,0.139331,-0.575290,-0.299060,1.074998,0,0,0,0
-0.053546,0.773126,0.379705,0.081267,-0.298269,-0.848724,-0.438997,0,1,0,0
0.598830,0.925683,0.160457,-0.468775,-1.480709,-0.419381,1.275907,0,0,0,0
0.210585,0.931731,0.677040,-0.546374,-1.528585,-0.620813,0.031572,0,0,0,0
0.211279,-0.159941,1.554702,-0.652816,-0.719744,-0.872939,-0.860149,0,0,0,0
0.340270,0.318042,-0.373556,0.793106,-0.465274,-0.042540,-0.303510,0,0,1,0
0.612191,0.261047,-0.060505,0.744756,-0.500364,-1.156064,1.430402,0,0,0,0
-0.356613,1.544919,0.419705,-0.588138,0.022566,-0.872809,-0.699735,1,0,0,0
0.699793,-0.181397,0.725558,-1.006077,-1.552484,0.371779,0.665434,0,0,0,0
0.496825,0.693457,0.311969,-0.495840,-1.605295,0.247656,0.650936,0,0,0,0
-0.024927,1.388788,0.407358,-0.695044,-0.166009,-0.865550,-0.358681,0,0,0,0
0.287498,0.476396,-0.266887,1.160527,0.072263,0.430185,-0.284574,0,1,0,0
0.769917,-0.440342,0.210843,-0.096578,-0.197850,-0.782120,1.665341,0,0,0,0
-0.072931,1.166835,0.458104,-0.982744,-0.948002,-0.544545,0.211288,0,0,0,1
0.485754,0.971764,0.428726,-0.742122,-1.497075,-0.167514,1.660897,0,0,0,0
0.091687,1.029612,1.050998,0.069853,-1.261378,0.083465,1.076129,0,0,0,0
0.278790,-0.048896,0.917877,-0.771583,-0.608213,-0.486534,-1.221327,0,0,0,0
0.055268,0.333295,-0.443516,-0.407244,-0.487482,-0.344661,-1.452219,1,0,0,0
0.851857,0.523674,-0.502148,0.331149,-0.268985,-0.196194,1.386203,0,0,0,0
0.425150,0.947423,-0.331499,-0.300945,-0.511802,0.357185,0.003586,0,0,1,0
0.686742,0.018584,1.040647,-1.153751,-1.182262,0.228692,0.991038,0,0,0,0
0.733913,0.364805,-0.415284,-0.551102,-1.799318,-0.308188,1.237462,0,1,0,0
0.527688,0.411361,0.523564,-0.877827,-1.371581,-0.182619,1.168185,0,0,0,0
0.652460,-0.023040,-0.345938,0.299286,-1.327618,0.132344,1.431416,0,0,0,0
0.950506,-0.093806,0.308356,-0.393583,0.117026,-0.349990,1.434733,0,0,0,0
0.309015,0.330455,0.969218,-1.054331,-1.336985,-0.018809,1.002103,0,0,0,1
0.605444,0.722369,0.924340,-0.829035,-1.425629,-0.416398,1.576875,0,0,0,0
0.485781,0.958294,0.944112,-0.485003,-2.094087,-0.031270,1.570851,0,0,0,0
1.112088,-0.172935,0.627253,-1.395091,-2.198696,-0.182895,1.000265,0,0,0,0
0.668377,-0.641221,-0.863344,-0.059248,-1.113160,0.512264,0.848759,1,1,0,0
1.137597,-0.885316,-1.345269,0.725432,-0.430074,0.220932,0.271028,0,0,0,0
0.539382,0.032642,-0.955963,1.531731,-0.334214,-0.779945,-0.215946,0,0,1,0
1.211983,-0.319559,-0.272035,0.053226,-0.705995,0.251373,1.283534,0,0,0,0
0.026437,0.325448,-0.166882,0.433394,-0.457727,-0.628437,-0.666051,1,0,0,1
0.645674,0.876713,0.302143,0.431719,-1.004228,-0.965078,1.174032,0,0,0,0
0.429564,0.491554,0.062341,-0.441138,-1.804104,-0.158272,1.098410,0,0,0,0
0.622466,0.325701,0.478878,-0.899120,-0.831739,0.156382,-0.527212,0,0,0,0
0.503506,-0.100393,-0.475972,0.985751,-0.624299,0.626570,-0.065089,0,1,0,0
0.845155,0.311843,-1.051285,0.755015,-0.738469,-0.345997,1.040052,0,0,0,0
-0.198339,1.680975,0.042014,-0.082619,0.059351,-0.723597,-0.570609,0,0,0,1
0.832239,0.095292,0.709683,-1.223116,-0.922692,0.232239,1.016823,0,0,0,0
0.649194,0.405326,0.571305,-0.700352,-1.366797,-0.608610,1.053185,0,0,0,0
0.207217,1.074978,-0.597115,-0.805679,-0.340740,0.331785,0.047316,0,0,0,0
-0.012963,1.256269,-0.320446,0.364070,-0.255048,-0.014249,-0.489717,1,0,0,0
0.965591,-0.243053,0.240805,0.381781,0.342310,0.121041,1.127289,0,0,0,0
-0.078164,0.693400,0.001644,0.297319,0.025367,-0.561008,-0.525253,0,0,1,0
0.474441,0.745671,0.009401,-0.551041,-1.462062,-0.064200,1.605725,0,0,0,0
0.342671,0.817640,0.555089,-0.105065,-1.482350,-0.620381,1.052381,0,0,0,0
0.432566,0.052740,0.428809,-1.612620,-0.593862,-0.682562,-1.117090,0,0,0,0
0.427456,0.598617,-0.493757,0.369748,-0.940597,0.503527,-0.336857,1,0,0,1
0.923049,0.588334,-0.473782,0.734006,-0.516447,-0.728349,0.929813,0,0,0,0
-0.165332,1.954783,0.331473,0.121319,0.329498,0.741080,0.095761,0,1,0,0
0.804954,-0.059440,0.415278,-1.330763,-1.678486,-0.413248,1.132204,0,0,0,0
0.391065,0.426826,0.300071,-0.535567,-1.667968,0.064899,1.082737,0,0,0,0
0.307936,0.879960,-0.385025,-1.076098,0.208787,-0.400927,-0.192244,0,0,0,0
-0.077283,0.525692,-0.151827,0.370148,0.092204,0.346700,-0.736741,0,0,1,0
1.097041,-0.351034,0.056547,0.196993,-0.407396,0.439249,0.687817,0,0,0,0
0.107909,0.737601,-0.163305,0.199985,-0.046244,-1.331334,-0.472202,1,1,0,0
0.339321,0.917172,0.202690,-0.380727,-0.414298,-1.131288,0.884268,0,0,0,0
0.494203,1.477602,0.909867,-0.300607,-1.421254,0.705773,1.253518,0,0,0,0
0.714177,0.225539,0.944247,-0.774055,-0.884022,0.328403,0.416091,0,0,0,0
0.006460,0.852766,0.440083,-0.311654,-0.800640,-0.425639,-0.701509,0,0,1,1
0.929193,-0.014961,-1.055393,0.283856,-0.020835,0.345211,0.053409,0,0,0,0
0.279470,0.565063,-1.375995,0.925672,0.149473,-0.820587,0.019110,0,1,0,0
1.102989,-0.659164,-0.524393,0.548630,-0.254501,-0.336966,1.125866,0,0,0,0
0.085640,0.732750,-0.134870,-0.257737,-0.205906,-0.700881,-0.669454,1,0,0,1
0.578691,0.853995,0.353191,-0.707643,-1.213112,-0.501321,0.920182,0,0,0,0
0.465031,0.834641,0.062467,-0.634325,-1.488009,-0.197756,0.340598,0,0,0,0
0.500276,0.001583,1.038513,-1.201115,-0.649442,-0.249205,-0.723024,0,0,0,0
0.573966,0.505571,-0.407108,0.696774,-0.285366,0.095013,0.164449,0,0,1,0
0.811267,0.397022,-0.662237,1.311460,-0.418662,-0.370145,1.305180,0,0,0,0
-0.205328,1.885368,0.297992,-0.735349,-0.147127,-0.927508,-0.019985,1,0,0,0
0.800318,-0.228791,0.837316,-0.954983,-1.665953,-0.188571,1.146558,0,0,0,0
0.401248,0.286349,0.141765,-0.776699,-1.360952,-0.513127,0.380419,0,0,0,0
0.040647,1.499985,0.149760,-0.363520,0.159508,-0.844441,0.002445,0,0,0,0
0.271968,0.720498,-0.599862,0.870256,-0.412310,0.840777,-0.299730,0,0,0,1
1.000335,-0.055487,0.079966,0.497489,-0.178868,-0.617263,1.249819,0,0,0,0
-0.015674,1.135940,0.355599,-0.138552,0.043557,-0.374758,-0.662921,0,1,0,0
0.631900,1.276878,0.376607,-0.547445,-1.771954,0.117986,1.073110,0,0,0,0
0.292857,1.117425,0.714076,0.022957,-1.157065,-0.815149,0.785789,0,0,0,0
0.685894,0.320004,0.633821,-1.151828,-0.287964,-0.573914,-0.571155,0,0,0,0
0.176359,0.207828,-0.451746,-0.256311,-0.488595,-0.331449,-1.227500,1,0,0,1
1.062715,0.265116,-1.083864,1.231881,-0.250809,-0.441445,1.177434,0,0,0,0
-0.397548,2.152896,0.381348,-0.223708,0.743632,-1.096999,-0.701008,0,0,1,0
0.863444,0.446289,0.871695,-0.699434,-0.788446,-0.173051,1.270561,0,0,0,0
0.481578,0.937891,0.479983,-0.319175,-1.324433,-0.381953,1.237152,0,0,0,0
0.468443,1.101046,0.000762,-1.551724,-0.501729,-0.488935,-0.118800,0,0,0,0
0.492755,0.538006,-0.130663,-0.071337,-0.655958,0.123397,-0.108042,0,1,0,0
1.115743,-0.166374,-0.099972,-0.409142,0.206227,-0.220287,0.814035,0,0,0,0
-0.012484,0.921341,-0.109649,-0.315066,0.003024,-0.450659,-0.899369,0,0,1,1
0.600575,0.894400,0.239388,-0.888034,-0.859847,-0.380244,1.269425,0,0,0,0
0.390567,1.405738,-0.075907,-0.762221,-1.680941,0.130098,0.994866,0,0,0,0
1.044409,-0.039924,0.000750,-0.931426,-1.072298,-0.072396,-0.115225,0,0,0,0
0.584927,0.119395,-0.912000,-0.408725,-1.070353,0.473968,-0.763826,1,1,0,0
1.156515,-0.794504,-1.183374,0.868838,0.170373,0.044585,0.511192,0,0,0,0
0.385115,0.254429,-0.740800,1.460589,-0.281679,-0.957400,0.058530,0,0,1,0
0.984318,-0.499610,-0.250812,0.126844,-0.926622,-0.497063,0.885581,0,0,0,0
0.140895,0.264769,-0.248303,0.235170,-0.449576,-0.714548,-0.872431,1,0,0,1
0.547299,0.969041,0.534300,0.239442,-1.140814,-1.014160,1.132052,0,0,0,0
0.429592,0.780923,0.494202,-0.003635,-1.521793,0.133652,0.884906,0,0,0,0
0.462389,-0.131373,0.661813,-0.858929,-0.466223,-0.545147,-0.831831,0,0,0,0
0.373958,0.157665,-0.495861,0.621370,-0.622339,0.370690,-0.045234,0,1,0,0
0.988452,0.138456,-0.698968,1.451936,-0.383073,-0.593287,0.821061,0,0,0,0
-0.221191,1.850320,0.299162,-0.436740,-0.330665,-0.081535,-0.002061,0,0,0,1
0.862231,-0.178151,0.514022,-0.774461,-1.209623,-0.197516,1.079089,0,0,0,0
0.393138,0.125396,0.192674,-0.686859,-1.257607,-0.762522,0.386176,0,0,0,0
0.181648,1.407126,0.109177,-0.563736,-0.377772,-0.492774,0.268225,0,0,0,0
0.478360,0.761133,-0.422677,0.835942,-0.197611,0.363028,0.150730,1,0,0,0
0.957737,-0.336967,0.089812,0.011206,-0.167933,-0.618141,1.063348,0,0,0,0
-0.061401,1.262698,0.760393,-0.175837,-0.176983,-0.469368,-0.540684,0,0,1,0
0.377775,0.672537,0.125241,-0.308104,-0.987665,-0.712522,1.412975,0,0,0,0
0.127690,0.768346,0.643599,0.106002,-1.087440,0.575156,0.718278,0,0,0,0
0.459938,-0.087660,0.606282,-1.261782,-0.579157,-0.511978,-1.049934,0,0,0,0
0.361102,0.634752,-0.458694,0.271193,-0.326863,0.174253,-0.645127,1,0,0,1
0.859210,0.366339,-0.300440,0.789311,-0.105619,-0.409376,0.953142,0,0,0,0
-0.489249,1.464920,0.330873,0.168611,0.769153,-0.545890,-0.607704,0,1,0,0
0.662077,-0.136978,0.225364,-0.762937,-1.676806,0.293691,0.668241,0,0,0,0
0.395062,0.527054,0.692232,-0.594514,-1.891442,-0.406977,1.024655,0,0,0,0
0.351061,1.113296,-0.233146,-1.398595,-0.335040,-0.111896,0.042816,0,0,0,0
0.359246,0.862226,-0.565123,0.396382,-0.260698,0.027322,-0.031333,0,0,1,0
1.036862,-0.172191,-0.035872,0.249810,-0.961208,0.165378,1.302573,0,0,0,0
0.197604,1.021155,0.090328,-0.304221,0.058255,-0.690014,-0.303049,1,1,0,0
0.555278,0.774993,0.167815,-0.447194,-1.058384,-1.072904,0.936953,0,0,0,0
0.719783,1.119594,0.102807,-0.523644,-1.546464,0.242297,1.001361,0,0,0,0
0.846396,0.163222,1.156634,-0.793476,-1.423210,0.189846,0.457419,0,0,0,0
0.107697,0.694756,-0.025280,-0.791830,-0.755855,-0.137020,-0.694266,0,0,1,1
1.013209,0.018832,-1.623450,0.506087,-0.108751,0.397275,0.418780,0,0,0,0
-0.497186,1.581326,-0.388349,-0.091047,0.964674,-1.110858,-0.083022,0,1,0,0
1.169119,-0.122537,-0.547137,-0.037452,-0.647630,0.030507,1.244452,0,0,0,0
-0.061544,0.793836,0.247492,0.160013,0.003010,-0.587378,-0.904449,1,0,0,1
0.558328,0.705653,0.120893,-0.426601,-0.753010,-1.053065,1.267106,0,0,0,0
0.292171,0.948309,0.878534,-0.132762,-1.508416,-0.264061,0.856940,0,0,0,0
0.382315,0.038055,0.665876,-0.974428,-0.462188,-0.809369,-0.914550,0,0,0,0
0.618172,0.467751,-0.478697,0.693102,-1.043676,1.026940,0.063348,0,0,1,0
0.633641,0.038072,-0.496110,0.429037,-0.501956,-0.858553,0.996625,0,0,0,0
-0.646425,1.845701,0.404493,-0.325827,0.668453,-0.798970,-0.398120,1,0,0,0
0.647687,-0.168231,0.619920,-1.185106,-1.339821,-0.406542,1.050287,0,0,0,0
0.504415,0.476749,0.516339,-0.654786,-1.471408,-0.199886,1.075473,0,0,0,0
0.149495,0.995843,0.104469,-0.155461,0.005365,-0.542421,0.085873,0,0,0,0
0.100340,1.099739,0.221868,0.450341,-0.086082,1.466961,-0.116621,0,0,0,1
0.903418,-0.131781,0.149444,-0.103546,-0.498564,-0.586901,1.037766,0,0,0,0
-0.081368,0.947108,0.193187,-0.380857,-0.029408,0.131739,-0.260470,0,1,1,0
0.981910,0.115504,0.517962,-0.303256,-0.918220,0.792842,1.113163,0,0,0,0
0.787188,0.626723,-0.324807,0.628308,-1.757024,0.096441,1.466319,0,0,0,0
0.661274,0.092352,-0.368958,0.227541,-1.011144,0.396126,-0.746268,0,0,0,0
0.620595,0.113838,-0.662224,0.737243,-0.802307,-0.432779,-0.481837,1,0,0,0
0.770794,0.625524,-0.093201,0.587928,-0.310494,-0.826558,1.239333,0,0,0,0
0.194263,1.628592,-0.514944,0.185979,-0.470870,-1.121697,-0.107210,0,0,1,0
0.995911,0.325331,0.760348,-0.855759,-0.946173,0.100607,1.467248,0,0,0,0
0.691639,0.836916,-0.013902,-0.290198,-1.484571,0.046533,1.139269,0,0,0,0
0.902346,0.303286,-0.609173,-0.427906,-1.156365,-0.307610,0.450339,0,0,0,0
0.697322,-0.023025,-0.810654,1.033251,-0.461783,0.218023,0.620994,0,0,0,1
0.892585,0.219940,-0.482572,0.047919,-0.434935,-0.589153,0.929121,0,0,0,0
0.058022,0.951276,0.224396,0.462066,-0.074134,-0.974064,0.319281,1,1,0,0
0.840806,0.765639,-0.612746,-0.455452,-1.343873,-0.532622,1.180776,0,0,0,0
0.844028,0.638004,-0.513491,0.634695,-1.442941,0.305039,1.511701,0,0,0,0
1.152450,0.482086,-0.515767,-0.686999,-1.632948,0.314443,0.786512,0,0,0,0
1.004762,0.237481,-1.532917,-0.624634,-1.864991,0.155801,0.270740,0,0,1,1
0.591589,0.110564,-1.507830,1.458418,-0.025174,-0.492639,0.413778,0,0,0,0
0.084433,-0.249154,-0.384994,1.867474,-0.110069,-0.153238,-0.398605,0,0,0,0
-0.207082,-0.166066,-0.844254,1.250041,-0.341636,-0.765393,-0.967573,0,0,0,0
-0.455498,0.428259,-0.390731,1.624565,0.432740,-0.111986,-0.891176,1,0,0,0
-0.123852,-1.774817,0.859466,0.515417,1.227127,-0.063808,-0.586630,0,0,0,0
-0.465577,-1.312701,1.245525,0.980875,1.085866,-0.002296,-0.914165,0,1,1,0
0.023822,-0.220482,-0.871097,0.854180,0.412722,0.724327,-0.073001,0,0,0,0
0.170681,-0.027909,-0.961091,1.893058,-0.092628,0.159059,-0.281666,0,0,0,0
-0.074529,-0.055928,-0.614890,1.886975,0.322217,-0.380055,0.688139,0,0,0,0
-0.253561,0.302861,-0.469152,1.662486,0.244919,-0.033831,0.027372,0,0,0,1
-0.532422,0.233045,-0.329773,2.060835,0.673689,-0.758885,0.418600,0,0,0,0
-0.874562,0.284530,-0.088004,1.400687,0.640879,-0.423186,-0.558780,1,1,0,0
0.068954,0.185501,-1.087292,1.988703,0.631611,0.658729,0.074049,0,0,0,0
0.045839,-0.204594,-0.803902,1.646442,0.271953,-0.431794,0.038155,0,0,0,0
-0.318495,-0.171728,-0.600822,1.544018,0.150173,-0.701420,-0.468751,0,0,0,0
-0.479451,0.665275,-0.466983,1.053568,0.374515,-0.005113,-0.856077,0,0,0,0
-0.528912,0.729619,-0.347185,0.723814,0.106206,-0.239179,-1.162005,0,0,0,0
-0.666706,0.772183,-0.218764,1.134021,0.769907,0.196115,-0.956291,0,0,0,0
-0.519971,0.621461,0.053722,1.144453,0.613901,-0.351001,-0.621533,0,0,0,0
-1.036678,0.899142,-0.119875,1.000646,1.089486,-0.881238,-0.822299,0,0,0,0
-1.077400,1.399052,-0.097062,0.849603,1.110887,-0.666593,-0.888487,0,0,0,0
-1.397818,1.774136,-0.227038,0.584144,1.998588,-0.507953,-0.594689,0,0,0,0
-1.324666,2.013733,0.124266,0.382469,1.942411,-0.458342,-0.689064,0,0,0,0
-1.549598,2.349351,0.042936,0.473205,2.066882,-0.829840,-0.885492,0,0,1,1
-0.540808,-0.892086,0.890022,0.721026,1.274678,-0.098172,-0.336348,0,0,0,0
