mfcc0,mfcc1,mfcc2,mfcc3,mfcc4,onset,rms,lane0,lane1,lane2,lane3
-3.865678,-4.449222,1.600273,-1.673234,0.037194,-1.544855,-2.320164,1,0,0,0
-0.735043,1.853523,-0.184183,-2.623710,1.648470,2.977476,-1.026306,0,0,0,0
-1.212758,1.546547,1.135875,-2.846871,0.914689,-0.615518,-1.307282,0,0,0,0
-1.701896,-0.596182,-0.417041,-1.621043,2.711097,0.849406,-1.852683,0,0,0,0
-2.790976,-2.133588,1.144416,-2.075963,0.998643,-0.049005,-2.285033,0,1,0,0
-2.104633,0.234923,2.893186,-1.822357,0.485342,-0.685105,-1.810534,0,0,0,0
-2.367446,-0.525668,2.669731,-1.508350,0.881625,-0.883605,-1.968342,0,0,1,0
-0.896077,1.339865,-0.485072,-2.458175,2.133384,-0.715529,-1.187302,0,0,0,0
-1.411882,1.098871,1.175973,-2.717763,0.841357,-0.973672,-1.477053,0,0,0,0
-3.038107,-2.282869,2.177919,-1.452807,1.052394,-1.102639,-2.258464,0,0,0,0
-3.063180,-2.760809,1.214241,-1.920972,0.686755,-1.014641,-2.299306,0,0,0,1
-0.846779,1.568464,-0.396818,-2.741671,2.064666,-0.077238,-1.172303,0,0,0,0
-1.184263,0.908386,0.080980,-2.253296,1.594323,-0.472189,-1.558573,0,0,0,0
-2.381873,-0.680096,2.620480,-0.932947,1.667289,-0.693678,-2.160116,0,0,0,0
-2.621444,-1.625171,1.635909,-1.376224,1.731394,-0.723114,-2.232580,1,0,0,0
-0.762818,1.590791,-0.424321,-2.350862,1.846227,0.399380,-1.160889,0,0,0,0
-1.559868,1.116397,2.091830,-2.039269,1.217391,-0.414013,-1.664702,0,0,0,0
-1.822485,0.032126,1.256175,-1.730404,1.794619,0.706612,-2.047325,0,0,0,0
-2.758677,-1.845433,1.688340,-1.799336,0.846104,1.544653,-2.282338,0,0,1,0
-1.731491,0.930571,2.245309,-2.586194,0.749939,-0.311702,-1.801148,0,0,0,0
-2.457025,-0.458989,3.210664,-1.513072,0.530970,-0.729447,-2.035708,0,1,0,0
-1.122928,1.606124,0.955643,-2.428174,1.736462,1.051487,-1.341923,0,0,0,0
-1.207684,1.580105,1.178651,-2.734955,1.181599,-0.853923,-1.410439,0,0,0,0
-1.399791,1.442538,1.774137,-2.567358,1.200348,-1.028320,-1.504426,0,0,0,0
-1.515018,1.379894,2.149482,-2.600518,0.945603,-0.315072,-1.536845,0,0,0,0
-1.485918,1.175929,1.807402,-2.282002,1.145828,-0.597921,-1.597032,0,0,0,0
-1.256765,1.176399,0.852719,-2.458467,1.141686,-0.738479,-1.614703,0,0,1,0
-0.546718,1.703399,-1.105251,-2.502638,1.942196,-0.620668,-1.335510,0,0,0,0
-0.532973,1.794185,-0.966956,-2.375025,2.269745,-0.431220,-1.287217,0,1,0,0
-0.473660,0.978212,-1.776581,-1.370307,2.032767,-0.418815,-1.321153,0,0,0,0
-0.699798,0.741278,-1.745237,-1.942123,2.033846,-0.110631,-1.353686,0,0,0,0
-0.508912,1.114201,-1.611968,-1.486874,2.319525,0.247280,-1.418787,0,0,0,0
-0.377804,1.373642,-1.565500,-1.486037,2.046902,0.224683,-1.273244,0,0,1,0
-0.352134,1.410602,-1.761072,-1.762238,2.076241,1.080337,-1.147846,0,0,0,0
-0.581310,1.495495,-1.147272,-2.152909,2.317058,-0.575544,-1.290535,0,0,0,0
-0.694795,1.767168,-0.568409,-2.704555,1.922308,-0.756361,-1.260829,0,0,0,0
-0.866828,1.375313,-0.552780,-2.510253,2.204095,-0.968579,-1.455756,1,0,0,0
-0.302407,1.391126,-2.173834,-2.313414,1.904170,0.455326,-1.082327,0,0,0,0
-0.360038,1.452142,-2.008457,-2.346046,2.067962,-0.152914,-1.162588,0,0,0,0
-0.532954,1.511036,-1.427113,-2.360673,2.400711,-0.557491,-1.297951,0,0,0,0
-0.692668,1.363246,-1.192244,-2.666424,2.085029,-0.334213,-1.284867,0,0,0,1
-0.445712,1.485811,-1.733533,-2.358195,2.094043,-0.204021,-1.221148,0,0,0,0
-0.557902,1.589470,-1.268713,-2.488863,2.226305,-0.626093,-1.273783,0,0,1,0
-0.497246,1.596479,-1.519561,-2.733475,1.948189,-0.618460,-1.204203,0,0,0,0
-0.650038,1.747541,-0.822571,-2.702743,2.169413,-0.706186,-1.264077,1,0,0,0
-0.308502,1.191701,-2.204036,-2.014782,1.693524,-0.049486,-1.160168,0,0,0,0
-0.409701,1.610157,-1.562256,-2.502143,1.561615,-0.624813,-1.248201,0,1,0,0
-0.295476,1.018683,-2.571298,-2.095840,1.823815,0.096741,-1.130474,0,0,0,0
-0.405973,1.284724,-1.989767,-2.225726,1.924117,-0.600551,-1.209323,0,0,0,0
-0.658141,1.566277,-0.988276,-2.646051,1.798026,0.100171,-1.516380,0,0,0,0
-2.190691,-1.396919,-0.424566,-2.901672,1.431199,-0.472519,-2.231309,0,0,0,0
-2.450812,-1.889042,-0.277031,-3.033426,0.984739,-0.593309,-2.259369,0,0,0,0
-2.522932,-2.040786,-0.250321,-3.059980,0.837529,-0.221634,-2.266977,0,0,0,0
-2.638374,-2.166111,0.246277,-2.441372,1.214013,-0.350210,-2.278385,0,0,0,0
-2.673800,-2.094644,0.387026,-2.954465,0.386738,0.028566,-2.283084,0,0,0,0
-2.821452,-2.458235,0.464072,-2.555546,0.784822,0.209626,-2.288361,0,0,0,0
-2.947909,-2.614069,0.670013,-2.675395,0.495986,-0.171634,-2.289843,0,0,0,0
-0.233742,0.233556,-0.130902,-1.158582,-0.834850,3.035204,-0.117117,0,0,0,0
-1.075829,-0.690179,0.631523,-0.329800,-1.194241,-0.465372,-0.628035,0,0,0,0
-1.129653,0.314633,1.215704,-2.200672,-1.817815,0.223332,-0.616510,0,0,0,0
-0.457635,-3.923764,-0.218121,1.600650,-2.242873,11.558742,-1.619401,0,0,0,0
-0.321452,-1.833554,-1.560972,1.483121,1.358825,5.744358,-0.691076,0,0,0,0
-1.002691,-1.103270,0.977339,-0.092422,-2.230525,1.101153,-0.732950,0,0,0,0
-1.109401,-0.909391,0.607300,-0.841217,-1.816114,0.517525,-1.274186,0,0,0,0
-1.103339,0.182061,0.883076,-0.973070,0.205520,0.418827,-0.459440,0,0,1,1
0.751752,0.581490,-0.799488,-0.302489,0.019415,-0.068748,1.560804,0,0,0,0
0.773244,0.000173,-1.225007,0.467758,-0.631260,0.462179,0.777730,0,0,0,0
0.781590,-0.163286,-0.986470,0.878723,-0.840332,-0.058941,0.374818,0,0,0,0
0.781920,-0.271313,-1.008953,0.627038,-1.245488,-0.145137,0.711986,1,0,0,0
1.099327,-0.448464,-0.746835,1.218332,-0.956397,0.106631,1.300344,0,0,0,0
0.746440,-0.175001,-0.897144,0.812934,-0.760261,-0.188715,0.733625,0,0,0,0
0.663660,-0.152595,-0.959595,0.746422,-1.108529,-0.393810,0.871540,0,0,0,0
0.656370,0.001634,-0.790786,0.773863,-1.252088,-0.181730,0.887073,0,1,0,0
0.529174,0.333243,-0.735923,0.759938,-0.653073,0.498972,1.518098,0,0,0,0
0.516599,0.401666,-1.067113,0.711907,-0.398172,0.306600,0.544281,0,0,0,0
0.580591,0.667744,-0.972797,0.451678,-0.059931,0.292354,0.722098,0,0,0,0
0.386646,0.413285,-0.805759,0.886511,0.185362,-0.062916,0.307941,0,0,0,1
1.179145,-1.241317,0.082378,1.032932,-1.012730,-0.019653,1.233414,0,0,0,0
0.530898,0.321702,-0.266459,0.525338,-0.261979,1.989265,0.867211,0,0,1,0
0.479711,1.074217,-1.309955,0.007845,-0.177680,-0.024537,1.262846,0,0,0,0
0.389896,0.675288,-1.377458,0.463402,0.104965,0.486668,0.322562,0,0,0,0
0.404880,0.358704,-1.098930,0.547970,-0.246533,-0.557911,0.004092,0,0,0,0
0.425017,0.412524,-0.851673,0.543134,-0.660941,-0.287964,0.302912,1,0,0,0
0.451721,0.361256,-0.519709,0.628138,-0.789682,-0.874199,0.897327,0,0,0,0
0.352985,0.581315,-0.247809,0.227116,-0.817863,-0.525551,0.522190,0,1,0,0
1.042498,-0.494300,-0.721411,0.978808,-0.963028,0.434938,1.426853,0,0,0,0
0.574172,0.241230,-0.531965,0.651615,-1.013728,0.018920,0.489404,0,0,0,0
0.314563,0.809909,-0.578235,0.053019,-0.220405,-0.182209,0.129484,0,0,0,0
0.228460,0.638855,-0.436665,0.026024,0.010810,-0.424043,-0.110657,0,0,0,0
0.181506,0.804139,0.057512,0.262054,-0.126986,-0.230906,-0.122576,0,0,0,0
0.160143,0.953929,0.062206,-0.001719,-0.325527,0.490470,-0.108670,0,0,0,1
0.102681,1.060815,-0.915926,-0.082177,1.022293,0.851601,0.888623,0,0,0,0
-0.213820,1.161716,-0.841611,-0.684891,1.916174,0.094918,-0.144264,0,0,1,0
0.923900,-0.683340,-0.510751,1.357033,-0.351133,-0.225801,1.278521,0,0,0,0
0.224820,-0.180592,-0.453806,0.819270,0.043341,-0.357986,-0.214450,0,0,0,0
0.780940,0.692421,-0.789000,-0.223850,-0.675325,0.141506,0.616312,0,0,0,0
0.365634,1.129121,-1.288663,-0.484267,-0.629856,0.645947,0.616856,1,0,0,0
0.566672,0.583453,-0.995504,0.308788,-0.156301,0.331205,1.383114,0,0,0,0
-0.180190,1.790712,-0.500448,-0.717472,1.604950,-0.745648,-0.683284,0,0,0,0
0.581070,0.184113,-1.272709,0.791737,-0.654252,0.291141,0.030189,0,0,0,0
0.376048,0.706483,-1.045319,0.204837,-0.621214,0.220211,-0.005251,0,1,0,0
1.071260,-0.320781,-0.185366,1.338624,-0.641612,0.843103,1.184626,0,0,0,0
0.481251,-0.059572,-0.543424,0.784833,-0.109426,-0.636781,-0.258613,0,0,0,0
0.165437,1.601000,-0.742287,-0.643740,1.050387,-0.414679,0.633687,0,0,0,0
0.365334,1.302845,-1.082376,-0.372351,-0.295780,0.427649,0.475154,0,0,0,0
0.569290,0.706792,-1.184594,0.184769,-0.286663,0.018074,0.430022,0,0,0,0
0.473643,0.630701,-0.952101,0.416710,-0.330691,-0.721342,0.412982,0,0,0,0
0.440347,1.100709,-1.010895,0.059359,0.014144,0.051662,0.599597,0,0,0,0
0.252098,1.016509,-0.792642,-0.216064,-0.135656,0.090264,0.157623,0,0,1,0
0.939477,-0.820537,-0.319471,1.624057,-0.666061,0.462577,1.125403,0,0,0,0
0.261171,-0.019752,0.372409,1.205296,-0.669135,-0.495792,0.131385,0,1,0,0
0.513399,0.992631,-0.595836,-0.030996,-0.648397,0.566887,1.539323,0,0,0,0
0.523188,0.733836,-0.586889,0.699606,-0.215094,-0.158364,0.765593,0,0,0,0
0.158616,1.104183,-0.237215,0.260902,0.862599,-0.074686,0.175511,0,0,0,0
-0.168274,1.464710,-0.018013,-0.184199,1.565886,-0.512154,0.796420,1,0,0,0
0.492554,0.908175,-0.642565,0.110746,0.022125,-0.159981,1.290821,0,0,0,0
0.385579,0.528521,-0.619151,0.439241,0.309829,-0.006654,0.679681,0,0,0,1
1.061460,-0.898365,-0.352585,1.559465,-1.350313,2.691106,0.992332,0,0,0,0
0.214017,-0.372166,-0.028980,1.187511,-0.297498,-0.262478,-0.059426,0,0,0,0
0.698195,0.743832,-0.933685,0.253790,-0.486540,-0.624638,0.498336,0,0,0,0
0.487282,1.300790,-0.374998,-0.009276,-0.193786,-0.137462,0.471696,0,0,0,0
0.255708,1.331681,-0.246887,0.053471,0.414042,-0.651689,0.334031,0,0,0,0
0.062645,1.386416,0.283118,-0.120309,0.279229,0.012288,0.364520,0,0,1,0
0.322183,1.668800,-0.678098,-0.587238,0.595020,-0.203791,1.106271,0,0,0,0
0.435900,1.368573,-0.696373,-0.284758,-0.154548,0.107485,0.485555,0,1,0,0
1.118425,-0.251937,-0.331334,1.121590,-1.277292,0.905673,1.194262,0,0,0,0
0.474772,0.194232,-0.432363,0.658934,-0.437873,-0.376357,0.170773,0,0,0,0
0.307801,0.947639,-0.636606,0.270794,0.387217,-0.467235,0.289672,0,0,0,0
0.161453,1.346179,-0.704362,-0.204185,0.923671,-0.281269,0.173815,1,0,0,0
0.570720,0.531947,-1.130512,0.697063,-0.439854,-0.152450,1.812429,0,0,0,0
0.316137,0.863672,-0.914902,0.029059,-0.569673,-0.099648,0.633940,0,0,0,0
0.045521,0.419219,-0.520719,0.344035,-0.137281,-0.379075,0.176198,0,0,0,0
-0.095323,-0.041120,0.045702,0.798016,-0.696463,0.101141,0.169364,0,0,1,0
1.007800,-0.300264,-0.655028,0.954236,-0.809550,-0.571970,1.622677,0,0,0,0
0.577275,0.188283,-0.838433,0.364961,-0.799741,-0.616463,0.353682,0,0,0,0
0.121822,0.312166,-0.377538,0.921624,-0.249128,-0.107672,0.480953,0,0,0,0
-0.280922,0.189160,0.373154,0.923125,-0.106439,0.190604,0.219167,0,0,0,0
0.948318,-1.798400,-0.249985,1.343347,-1.525547,4.257944,-0.108366,0,0,0,0
0.853633,-1.698788,-0.198971,1.197106,-1.616533,0.092214,-0.372744,0,0,0,1
0.372100,1.230069,-0.816763,0.084378,0.643494,-0.108308,1.940691,0,0,0,0
0.448025,0.982250,-0.416130,0.418401,0.080167,-0.566700,0.652648,0,1,0,0
0.961537,-0.578348,-0.278914,1.496914,-0.720441,0.188203,1.324098,0,0,0,0
0.421494,0.285112,0.151320,0.688685,-0.501750,-0.641010,0.618944,0,0,1,0
0.257547,1.191466,-0.944895,-0.039009,0.381165,-0.418366,1.223690,0,0,0,0
0.268154,0.452394,-0.934418,0.849262,0.139974,0.245652,0.020145,0,0,0,0
0.243553,0.226827,-0.573544,0.873636,-0.163271,0.261973,0.059973,0,0,0,0
0.108577,0.542776,-0.478659,0.649766,0.022635,-0.321447,0.236178,1,0,0,0
0.336159,0.751312,-0.434004,0.584891,-0.317743,-0.794727,1.625851,0,0,0,0
0.181496,0.623255,-0.362436,0.791987,-0.197610,-0.636056,0.568943,0,0,0,1
0.953911,-0.247229,-0.252719,1.100785,-0.569207,-0.853785,1.508647,0,0,0,0
0.606577,0.192238,-0.648453,0.502913,-0.373247,-0.109523,0.102099,0,0,0,0
0.202695,1.050791,-0.230459,0.006538,-0.031087,0.377857,0.364411,0,0,0,0
-0.086871,1.653113,0.348440,-0.553509,0.878232,0.336226,0.789125,0,0,0,0
-0.091323,1.124840,0.321799,0.254376,0.785599,-0.480403,0.258718,0,0,0,0
-0.483068,1.727192,0.666668,-0.783343,1.841026,-0.362875,0.005202,0,1,0,0
-0.210642,1.362120,-0.698547,-0.665175,1.815653,-0.305148,0.386345,0,0,0,0
-0.088074,1.269638,-0.168947,-0.399982,0.967881,0.191934,-0.150020,0,0,1,0
1.009585,-0.545979,-0.275172,1.278569,-0.550327,0.581547,1.024094,0,0,0,0
0.324488,-0.451309,-0.621319,0.768252,0.015830,-0.655762,-0.400493,0,0,0,1
0.403039,1.127912,-0.901477,0.243074,0.504444,1.489171,1.114513,0,0,0,0
0.411072,0.188318,-1.322344,0.723772,0.108137,0.503796,0.321991,0,0,0,0
0.612105,-0.245004,-0.821884,0.611992,-1.044541,0.239813,0.294604,0,0,0,0
0.563851,-0.204521,-0.442721,1.256690,-0.851751,-0.454372,0.153772,0,0,1,0
0.292400,0.724067,-0.400381,0.742941,0.042626,0.073899,1.403650,0,0,0,0
0.321015,0.667418,-0.758905,0.643597,-0.431459,-0.161126,0.207276,0,1,0,0
1.149663,-0.179688,-0.318806,0.995884,-0.491240,-0.443850,1.632828,0,0,0,0
0.604530,0.407572,-0.516755,0.817923,0.249346,-0.379610,0.707994,1,0,0,0
0.487159,0.515649,-0.822930,0.788025,0.170605,-0.290197,1.286312,0,0,0,0
0.447946,0.934368,-0.422022,0.137073,-0.081231,0.238453,0.494306,0,0,0,0
0.405221,1.054146,-0.593726,-0.005090,-0.094978,-0.055762,0.450314,0,0,0,0
0.161410,1.157479,-0.045373,-0.133739,-0.134639,-0.030687,0.349832,0,0,0,1
0.385935,1.210853,-0.862069,0.424087,0.289368,-0.463979,0.626479,0,0,0,0
0.469018,0.744974,-0.798028,0.364442,-0.211779,0.201398,0.260854,0,0,1,0
0.971413,-0.657787,-0.295996,1.227011,-0.462693,-0.303397,0.986861,0,0,0,0
0.255661,-0.060530,0.077225,1.259045,0.528464,-0.554210,0.286018,1,0,0,0
0.498201,1.000908,-1.170637,-0.274196,-0.044250,0.082142,0.774042,0,0,0,0
0.458661,1.238466,-1.056565,-0.200098,0.019380,0.233484,0.647475,0,0,0,0
0.529401,0.867800,-0.608302,-0.199774,-0.659484,-0.146765,0.558942,0,0,0,0
-0.430323,2.094631,0.039131,-1.489709,1.781004,-0.151839,-0.339942,0,0,1,0
0.504130,1.030518,-0.904470,0.291875,0.125100,-0.648535,1.044535,0,0,0,0
0.545606,0.605753,-0.536199,0.044210,-0.544866,0.499088,0.452873,0,1,0,0
0.930489,-0.787024,-0.250300,1.407637,-0.505703,-1.003651,1.198932,0,0,0,0
0.566862,-1.546019,-0.123648,2.000973,-1.300788,-0.124443,-0.074412,0,0,0,0
0.584556,1.220862,-1.716898,-0.335771,0.104937,0.733963,0.876065,0,0,0,0
0.371761,1.415550,-1.344792,-0.764231,0.007329,-0.469720,0.741420,1,0,0,0
0.514839,0.827773,-0.268129,0.502885,-0.629539,-0.041993,1.720785,0,0,0,0
0.385584,1.032865,-0.594416,0.094115,-0.698460,0.726124,0.516498,0,1,0,0
0.571381,0.637088,-0.948850,0.588235,-0.211895,0.081379,0.612151,0,0,0,0
0.210164,1.313282,-0.750968,-0.014367,0.742116,-0.179422,0.120444,0,0,0,1
0.986998,-0.753369,-0.189703,1.489878,-0.227719,-0.441813,0.922226,0,0,0,0
0.421329,-0.211531,-0.479771,0.853777,0.248036,-0.578824,-0.034962,0,0,0,0
0.006755,1.082003,-0.771028,-0.372035,1.132268,0.042720,-0.015488,0,0,0,0
0.229056,-0.631142,-0.319194,1.422000,-0.780897,-0.777274,-0.539185,1,1,0,0
0.679155,0.710481,0.018561,0.443144,-0.304067,-0.664332,0.856176,0,0,0,0
0.688490,0.011248,-0.247753,0.933297,-0.350127,-0.000531,0.744242,0,0,0,0
0.633205,-0.178899,0.152719,1.477062,-0.356465,-0.257073,0.554417,0,0,0,0
0.729537,-0.139817,0.163517,1.079283,-0.964004,-0.046429,0.421818,0,0,1,0
0.858492,-0.630426,0.197595,1.407123,-0.087405,-0.130654,1.519787,0,0,0,0
0.598308,-0.965303,-0.651997,1.636894,-0.131422,-0.220830,-0.234172,0,0,0,0
0.591024,0.143802,-0.822989,0.803214,0.385778,0.796761,0.976724,0,0,0,0
0.371552,0.243146,-0.465728,0.696470,0.101920,-0.575812,0.736473,1,0,0,0
0.296850,0.819771,-0.726833,0.348097,0.514043,-0.494129,0.860022,0,0,0,0
0.313127,0.754977,-0.559976,0.674498,0.260311,-0.195848,0.767790,0,0,0,0
0.426129,0.679916,-0.900210,0.419149,-0.120706,0.143088,0.724566,0,0,0,0
-0.047333,0.296851,-0.829762,0.470893,0.883156,-0.437799,-0.455577,0,0,1,0
1.114777,-0.180926,-0.560841,0.446506,-1.287525,0.693250,1.532089,0,0,0,0
0.610620,0.000664,-0.746853,0.317455,-0.934330,-0.408734,0.351185,0,1,0,0
0.310761,1.047632,-0.637187,-0.018453,0.021455,-0.505195,1.386158,0,0,0,0
0.307104,1.024460,-0.688198,-0.044883,-0.055935,0.406759,0.693534,0,0,0,0
0.388924,0.905353,-0.496248,-0.035523,-0.578444,-0.301233,0.422799,0,0,0,0
0.343798,0.728513,-0.531622,0.081337,-0.933546,0.086721,0.314284,0,0,0,1
0.418634,0.640017,-0.701857,0.441904,-0.384896,-0.899220,1.549807,0,0,0,0
0.452208,0.737827,-0.921588,0.196404,-0.414334,-0.289260,0.562166,1,0,0,0
1.060522,-0.219400,-0.408751,0.789540,-0.787362,-0.548280,1.520852,0,0,0,0
0.616510,0.344336,-1.014842,-0.050955,-0.771181,-0.372980,0.380001,0,0,0,0
0.390112,0.968189,-0.652186,0.007137,-0.346936,-0.276610,0.740951,0,0,0,0
0.023485,1.131254,-0.111566,-0.299720,-0.107206,0.125724,0.300445,0,0,0,0
0.168222,0.376984,-0.437134,0.557728,-0.376363,-0.481978,0.751592,0,0,0,0
0.084434,0.602183,-0.362520,0.102410,0.084443,-0.105505,0.619796,0,1,0,0
0.304340,1.089325,-0.506547,-0.004722,0.272455,-0.486384,0.921748,0,0,0,0
-0.426486,1.696994,-0.222166,-0.944038,2.196753,-0.507714,-0.143329,0,0,0,1
1.127844,-0.210538,-0.299198,0.584853,-0.966125,0.351180,1.540457,0,0,0,0
0.588029,-0.061590,-0.695828,0.542862,-0.802021,-0.601856,0.358426,0,0,0,0
-0.130655,1.265287,-0.606465,-0.631547,0.993800,0.320093,-0.298239,0,0,0,0
-0.512701,1.716946,0.403494,-1.169282,1.529584,-0.558456,-0.192890,0,0,1,0
0.486966,0.858925,-0.747796,0.393045,0.024691,-0.443285,1.561285,0,0,0,0
0.655109,0.339171,-0.658343,0.191014,-0.592295,0.683267,0.318528,0,0,0,0
0.441852,0.367909,-0.017696,1.003958,-0.701473,0.133420,0.176847,0,0,0,0
0.351660,0.302044,0.133147,0.778223,-1.149148,-0.015489,0.129504,0,1,0,0
1.057075,-0.313773,-0.165608,1.045851,-0.902677,-0.417683,1.396702,0,0,0,0
0.612730,0.275419,-0.613821,0.571024,-0.744680,-0.190893,0.248553,0,0,0,0
0.621968,0.397217,-0.794489,0.866611,-1.097495,2.711607,0.743915,0,0,0,0
0.451191,0.662370,-0.435606,0.165343,-0.612338,-0.084525,0.364236,1,0,0,0
0.598550,0.823358,-0.646970,0.447832,-0.274833,0.488100,1.092279,0,0,0,0
0.496338,0.710534,-0.497452,0.170474,-0.842762,-0.175015,0.655394,0,0,0,0
0.558857,0.854051,-0.683998,0.121695,-0.734813,-0.416808,0.533172,0,0,0,0
-0.035558,1.008056,0.355757,-0.101371,-0.287853,0.022902,-0.233296,0,0,1,0
0.986822,-0.543181,-0.164395,1.130407,-0.661388,1.310327,0.905199,0,0,0,0
0.226510,-0.396836,0.276128,1.130250,-0.478230,-0.680735,0.064978,0,1,0,0
0.367892,0.772744,-0.802740,0.290504,0.227931,-0.231839,1.206303,0,0,0,0
0.294761,0.870944,-0.156645,-0.093934,-0.067291,0.226328,0.715115,0,0,0,0
0.282418,0.553436,-0.178754,0.401360,-0.264911,-0.515053,0.815884,0,0,0,0
0.075900,0.846445,0.232568,0.254528,0.346382,-0.036566,0.702031,0,0,0,1
0.342092,0.386618,-0.401464,0.580466,-0.026904,-0.825111,0.853615,0,0,0,0
0.405538,0.165239,-0.506094,0.660316,-0.276267,0.909108,-0.058136,0,0,1,0
1.011572,-0.326924,-0.269190,1.172147,-0.545603,-0.414087,1.177166,0,0,0,0
0.497555,-0.117275,-0.395004,0.818439,-0.297097,-0.514226,-0.205901,0,0,0,0
0.484891,0.522350,-1.092418,0.182964,0.050280,0.078428,0.010511,0,0,0,0
0.563685,0.134355,-0.728253,0.842041,-0.100121,0.050040,0.048382,0,0,0,0
0.314748,0.606711,-0.542150,0.482311,0.473050,-0.560798,0.189973,0,0,0,0
-0.066104,1.239816,-0.299728,-0.375892,0.664712,-0.306746,-0.067922,1,0,0,0
-0.181584,1.452597,-0.611842,-0.676415,1.589723,-0.262255,0.131468,0,0,0,0
-0.109279,1.290711,-0.383170,-0.423685,1.194161,0.037184,0.309612,0,0,1,0
0.954849,-0.859861,-0.425133,1.352872,-0.529946,0.118214,1.052180,0,0,0,0
0.432296,-0.514058,-0.876731,0.817186,-0.218404,-0.428658,-0.535602,0,0,0,0
0.768396,0.965488,-0.923773,0.021110,-0.812559,-0.481756,0.559915,0,0,0,0
0.456892,1.134829,-1.561200,-0.479358,-0.557211,-0.354048,0.618237,0,1,0,0
0.426821,0.508705,-1.209066,0.032091,-0.311019,-0.472256,1.249250,0,0,0,0
0.560774,0.346034,-1.099131,0.454795,-0.639817,0.783379,0.395490,0,0,0,0
0.616153,0.213316,-0.712624,0.256044,-1.072896,0.805233,0.722147,0,0,0,0
0.318397,0.475640,-0.166272,0.333648,-1.374893,-0.724321,0.250055,0,0,0,1
1.152894,-0.396026,-0.579060,0.776752,-1.149007,-0.174531,1.533700,0,0,0,0
0.563254,0.382903,-0.590176,0.397792,-0.307335,-0.389625,0.245129,0,0,0,0
0.581111,-0.099897,-0.813732,0.764366,-0.576236,0.105529,0.045384,0,0,0,0
0.474274,0.078691,-0.978265,0.770842,-0.413716,-0.129519,-0.174404,0,1,0,0
0.474355,0.130112,-0.931814,0.800111,0.348425,-0.451262,1.690247,0,0,0,0
0.550212,0.138157,-0.755071,0.617611,-0.621795,0.085563,0.251482,0,0,0,0
0.416281,1.013723,-0.551980,-0.093460,-0.031437,-0.317722,0.855064,0,0,0,0
0.410736,0.939518,-0.651367,0.100830,-0.489063,0.559430,0.425388,1,0,0,0
0.850942,-0.721841,-0.214526,1.712442,-0.466705,0.302507,1.038138,0,0,0,0
0.137789,-0.380884,-0.035320,1.214562,-0.052818,-0.521765,0.245566,0,0,1,0
0.509457,1.019533,-1.337132,-0.229423,-0.644793,-0.049262,1.282466,0,0,0,0
0.527263,0.633437,-1.187635,0.182508,-0.403808,-0.342021,0.416746,0,0,0,0
0.395832,0.252372,-1.275303,0.204309,-0.030879,-0.212746,0.281006,0,0,0,0
-0.132422,1.419278,-0.180934,-0.833286,0.943558,0.136630,-0.068358,0,1,0,0
0.564455,0.624484,-0.582473,0.709236,0.122358,-0.330635,1.327027,0,0,0,0
0.566785,0.593013,-1.031514,0.130497,-0.231681,0.075584,0.451030,0,0,0,1
0.966490,-0.508024,-0.032048,1.258298,-0.552793,-0.646080,1.112565,0,0,0,0
0.384711,-1.791665,0.310481,2.218174,-1.472483,0.017967,-0.193564,0,0,0,0
0.641674,1.041591,-1.269660,0.217606,-0.069902,0.273770,0.761005,0,0,0,0
0.448056,1.094579,-1.239776,0.032149,0.030280,-0.497757,0.704859,0,0,0,0
0.599532,0.903537,-0.673503,0.355321,-0.751908,-0.006440,0.585945,0,0,0,0
0.464205,1.126307,-0.452195,0.050960,-0.523455,-0.055218,0.619702,0,0,0,0
0.468769,1.265483,-0.624807,-0.043211,-0.313780,0.104857,0.576194,0,0,0,0
0.262086,1.223034,-0.402177,-0.199413,-0.011381,-0.125055,0.278006,0,0,0,1
1.111687,-0.375173,-0.557013,0.688276,-0.978408,0.345458,1.352666,0,0,0,0
0.649185,0.379323,-0.626788,0.274833,-0.657437,-0.270269,0.302476,0,1,0,0
0.389141,1.228104,-0.548411,-0.152251,0.419516,0.071411,1.103515,0,0,0,0
0.162503,0.700119,-0.901673,-0.018658,0.430707,0.204696,-0.376883,0,0,0,0
0.402144,0.661533,-1.090760,0.370514,0.557910,-0.002076,0.946995,0,0,0,0
0.377471,0.753771,-0.868138,0.120035,0.056889,0.462426,0.654970,0,0,0,1
0.390262,1.186954,-0.480409,0.132948,-0.262188,-0.136988,1.323436,0,0,0,0
0.317124,0.892071,-0.274076,0.076485,-0.536708,-0.067856,0.660796,1,0,0,0
1.008727,-0.400278,-0.022100,1.164153,-0.460850,-0.106209,1.169525,0,0,0,0
0.440610,0.139330,-0.554036,0.682948,0.282209,-0.651535,0.004867,0,0,0,0
0.582456,0.020740,-0.642754,1.072680,-0.269998,0.299426,0.602776,0,0,0,0
0.507845,0.007401,-0.588205,1.286574,-0.335704,0.510812,0.450496,0,0,1,0
1.026630,-0.279089,-0.171085,1.176285,-0.550297,-0.576819,1.238302,0,0,0,0
0.459278,0.010699,-0.754069,0.683960,-0.107957,-0.558716,-0.067835,0,0,0,0
0.378675,0.815336,-0.832494,0.502493,0.056247,-0.548130,1.197791,0,0,0,0
0.379274,0.761116,-0.668048,0.627268,-0.204597,-0.011126,0.606252,0,1,0,0
0.675419,-1.011471,-0.336466,1.144294,-1.160317,0.275802,0.706047,0,0,0,0
0.706650,-0.978995,-0.786411,1.152705,-1.392567,-0.316167,0.000619,0,0,0,1
1.119230,-1.021245,0.408000,-0.172159,-0.532818,0.810591,1.074704,0,0,0,0
1.102126,-1.124341,0.365363,0.234258,-0.633035,0.072113,0.708999,0,0,0,0
0.792860,-1.192442,0.780459,-0.289664,0.253166,-0.287128,-0.249674,0,0,0,0
-0.551745,-1.197561,1.316217,0.455504,0.034724,-0.471121,-1.510371,0,0,0,0
-1.671716,-0.977044,0.562846,-0.867888,0.560061,-0.602329,-2.158581,0,0,0,0
-2.219141,-1.258518,0.396685,-2.012487,1.701539,-0.416921,-2.243386,0,0,0,0
-2.528535,-1.796654,0.551599,-2.236939,1.429355,-0.457710,-2.274805,0,0,0,0
-2.678401,-2.197367,0.387995,-2.390213,1.177626,-0.568574,-2.279881,0,0,0,0
-2.731580,-2.219324,0.583331,-2.394758,1.006808,-0.471274,-2.281257,0,0,0,0
-2.862275,-2.497880,0.642914,-2.304504,1.068603,-0.409792,-2.289965,0,0,0,0
-0.585762,0.182063,1.335052,0.330491,-1.106894,4.951248,-0.923292,0,0,0,0
-1.172875,-0.449095,1.268978,0.298270,-0.175899,-0.115569,-0.405632,0,0,0,0
-0.938461,-0.532836,1.019696,0.133033,-0.972915,0.518402,-0.546138,0,0,0,0
-1.289604,-2.475730,1.707413,0.175467,-1.134055,-0.336631,-1.839943,0,0,0,0
-0.445439,-0.969469,-0.660483,-0.029502,-1.805929,0.113017,-0.565192,0,0,0,0
-0.738405,-0.624049,-0.332909,-0.633758,-1.343907,-0.334849,-0.748500,0,0,0,0
-2.755790,-1.209147,3.217717,-1.069185,0.897827,-1.326855,-2.034641,0,0,0,0
-3.040392,-2.231756,2.414954,-1.122588,1.305097,-0.555670,-2.166014,0,0,0,1
0.429741,0.049333,-0.297926,-0.430013,-0.510435,0.439446,0.199230,0,0,0,0
-0.013415,0.166727,-0.196872,-0.159141,-0.664459,0.252750,-0.298296,0,0,0,0
-0.241725,0.365118,-0.227790,-0.907685,-0.132577,-0.494212,-0.651414,0,0,0,0
-0.591232,-0.675886,-0.534748,-0.862645,-0.464703,0.047807,-0.937919,0,1,0,0
-0.094371,-1.029318,-0.040437,0.030502,-0.504164,0.829274,-0.769887,0,0,0,0
-0.532128,-0.961565,-0.283196,-0.412898,-0.555057,-0.159611,-0.822921,0,0,1,0
0.092541,0.164961,0.084755,-0.609633,-0.905883,-0.396545,-0.160139,0,0,0,0
-0.376683,-0.069851,0.423608,-0.343685,-1.024545,0.251264,-1.078597,0,0,0,0
-0.789786,-0.909939,0.208981,-0.285843,-0.581744,-0.408961,-1.304520,0,0,0,0
-1.088522,-1.687136,-0.550303,-0.637603,-0.485725,0.855007,-1.664162,1,0,0,0
0.575562,-0.226667,-0.299522,0.067507,-0.854913,0.032988,-0.283427,0,0,0,0
-0.207292,-0.222796,-0.088573,0.277117,-0.295254,-0.185139,-1.201000,0,0,0,0
-1.079297,-1.019840,0.262773,0.449450,0.601827,-0.202651,-1.424243,0,0,0,0
-1.547266,-1.484918,-0.168487,-0.539395,0.667954,0.312198,-1.998513,0,0,0,1
0.679316,0.071335,-0.408871,-0.571504,-1.242948,1.045767,-0.041603,0,0,0,0
-0.087523,-0.164632,-0.353364,-0.342779,-0.450717,-0.983726,-0.622557,0,0,0,0
-0.559443,-0.824914,-0.320953,-0.225382,-0.246024,-0.393012,-0.808510,0,0,0,0
-0.872165,-1.601405,-1.017619,-0.524691,-0.353353,-0.359404,-1.066095,0,0,1,0
0.046196,-0.822334,-0.419515,0.340798,-1.195330,0.613439,-1.134204,0,0,0,0
-0.390340,-0.804818,-0.499170,0.442295,-0.506691,-0.500989,-1.239894,0,1,0,0
0.383677,-0.962549,0.068587,0.007838,-0.958334,0.765292,-0.992686,0,0,0,0
0.121722,-0.491004,-0.517560,-0.308581,-0.811223,0.016736,-0.916087,0,0,0,0
-0.066964,-0.010850,-0.399049,-0.289140,-0.630537,-0.719415,-0.729166,0,0,0,0
-0.208512,-0.005637,-0.365634,-0.302210,-0.417281,-0.271707,-0.910116,0,0,0,0
-0.420360,-0.002039,-0.004503,-0.337599,-0.541919,0.361589,-1.400398,0,0,0,0
-0.686206,0.687310,0.185961,-0.868074,0.233354,-0.510255,-1.327622,0,0,0,0
-0.193592,1.270055,-1.667102,-1.685361,1.229474,0.692831,-1.121772,0,0,0,0
-0.394350,1.485074,-1.195327,-1.824666,1.725801,-0.151412,-1.123479,0,0,1,0
0.902748,-0.786542,-0.544450,0.872226,-0.355393,1.082946,1.105663,0,0,0,0
0.303616,-0.745278,-1.065152,0.652727,0.070649,-0.615428,-1.079474,0,0,0,0
-0.175233,0.868847,-1.195913,-0.541034,1.311984,-0.253439,-1.150174,0,0,0,0
0.493290,1.300483,-1.215298,-0.102710,0.187651,1.248431,0.437923,1,1,0,0
0.735228,0.047370,-0.725459,0.867663,-0.150964,0.495232,1.497323,0,0,0,0
1.115235,-0.802817,-0.482661,1.285377,-1.361496,0.336451,0.514971,0,0,0,0
0.873692,-0.450500,-0.926012,0.972164,-0.482476,-0.653383,-0.112360,0,0,0,0
0.938481,-0.412886,-0.800720,0.958255,-1.153223,0.120172,0.503286,1,0,0,0
0.987966,-0.066062,-0.342355,0.974602,-0.793392,0.330393,0.655035,0,0,0,0
0.664671,-0.379422,-0.865272,0.933422,-0.286228,0.050224,-0.119951,0,0,0,0
0.812470,0.141298,-0.970318,0.884288,0.065135,-0.233406,0.532491,0,0,0,0
0.606645,0.065942,-0.782809,0.705909,-0.537220,-0.201128,-0.026917,0,0,1,0
0.513403,0.706908,-0.912221,0.656082,-0.138716,-0.635516,0.279404,0,0,0,0
0.389473,0.121954,-0.972395,1.174397,0.458285,-0.550946,0.363880,0,1,0,0
0.455903,0.314150,-1.032318,1.010751,0.013248,-0.647515,0.430881,0,0,0,0
0.427193,0.614487,-0.997875,0.373970,-0.313364,-0.019405,0.036158,0,0,0,1
0.727715,-0.373909,0.199426,1.641173,-0.142436,0.811087,1.737656,0,0,0,0
0.346061,0.194862,0.190967,0.957353,-0.421076,0.113055,0.458061,0,0,0,0
0.472882,1.540816,-1.167667,-0.424615,-0.159731,-0.626988,0.792916,0,0,0,0
0.441342,1.252641,-1.247994,-0.294289,0.017137,0.281716,0.588008,0,1,0,0
0.076274,1.791507,-0.084072,-0.317034,0.598453,-0.160775,0.464637,0,0,0,0
-0.160745,1.374304,-0.220347,0.095752,1.209255,-0.342337,-0.235133,0,0,0,0
0.449858,0.945386,-1.049115,-0.048082,0.066353,0.000335,0.718555,0,0,0,0
0.442001,0.818742,-0.885101,0.137485,-0.301496,-0.077680,0.633254,0,0,1,0
0.725235,-0.220062,0.255897,1.218873,-0.189635,-0.844249,1.034647,0,0,0,0
0.180460,-0.082024,0.088501,0.818500,-0.001526,-0.757921,-0.345109,0,0,0,1
0.340873,1.294768,-1.292993,-0.443497,0.602073,0.048196,0.730973,0,0,0,0
0.381305,1.536606,-1.251839,-0.807013,0.259261,-0.248731,0.682624,1,0,0,0
0.393040,-0.027886,-0.335500,1.151619,-0.472386,-0.789047,1.010034,0,0,0,0
0.677102,-0.960115,0.681947,1.607338,-2.185007,0.937279,0.205762,0,0,0,0
0.453836,1.143412,-1.029085,-0.374783,-0.171157,-0.605384,0.400740,0,0,0,0
0.311643,1.127923,-0.702805,-0.638500,-0.544186,0.263235,0.322938,0,0,1,0
0.957456,0.306666,-0.281162,0.612213,-0.918563,-0.514416,1.444306,0,0,0,0
0.527546,0.275704,-0.480080,0.571834,-0.262061,0.259846,0.545871,0,1,0,0
-0.098535,1.230473,-0.646505,-0.192536,1.656217,-0.450060,0.152534,0,0,0,0
-0.093325,1.478187,-0.565635,-0.654468,1.213858,-0.243490,0.129846,1,0,0,0
0.533857,0.335532,-0.882128,0.945909,-0.304078,0.370655,0.862342,0,0,0,0
0.540363,0.048768,-0.779122,0.312801,-0.885245,-0.522554,-0.042627,0,0,0,0
0.107581,-0.368088,0.023818,0.906773,-0.688491,-0.366117,0.550600,0,0,0,0
-0.114057,-0.768055,0.397155,1.078976,-0.811839,-0.125255,0.031182,0,0,0,1
0.978927,-0.133884,-0.170973,0.709210,-0.687908,-0.129748,1.015644,0,0,0,0
0.502176,0.326886,-0.564569,-0.056864,-0.443689,-0.127214,0.704408,0,0,0,0
0.278046,0.365847,-0.210069,0.054417,-0.411182,0.011790,0.177017,0,0,0,0
0.267437,0.529961,0.013202,-0.007510,-0.603604,0.523660,0.241246,1,0,0,0
0.829124,-1.755873,0.575436,1.509013,-1.155086,-0.496638,0.826558,0,0,0,0
0.618403,-1.500128,0.452861,1.477808,-1.511538,-0.459246,-0.123612,0,0,0,1
0.350345,1.271749,-0.782452,-0.296200,0.119370,-0.067615,0.870363,0,0,0,0
0.142175,1.185593,-0.599349,-0.185193,0.436959,-0.379823,0.477496,0,1,0,0
0.758141,-0.238137,0.092107,1.199837,0.053008,-0.513820,1.448434,0,0,0,0
0.180484,-0.129172,-0.070522,0.915852,-0.094623,-0.237992,-0.366045,0,0,0,0
0.449756,0.683616,-1.021366,0.157632,-0.124733,-0.447973,0.851347,0,0,0,0
0.336392,0.448200,-0.847735,0.707622,0.260007,-0.407752,0.501052,0,0,1,0
0.404816,0.127715,-0.123568,1.025558,-0.768054,1.157279,0.689050,0,0,0,0
0.449370,0.003407,-0.197395,0.980365,-1.161062,-0.078705,0.565987,1,0,0,0
0.466959,-0.171620,-0.708361,0.780225,-0.221353,0.222509,-0.044900,0,0,0,0
0.480387,-0.039224,-0.229788,1.101619,-0.459406,-0.302229,0.259450,0,1,0,0
0.917969,-0.354332,0.010816,1.547975,-0.490612,0.165175,0.983368,0,0,0,0
0.567405,0.138254,-0.388509,0.783038,-0.283239,0.339440,0.313184,0,0,0,0
0.228703,0.798275,-0.410162,0.119482,0.191876,0.141414,-0.199119,0,0,0,0
-0.188779,1.423204,-0.410217,-0.798172,1.091484,-0.548149,-0.362653,0,0,0,1
-0.343919,1.292545,-0.062267,-0.565394,1.346467,-0.807500,0.621428,0,0,0,0
-0.544119,1.692752,0.116412,-1.380631,1.599681,-0.982355,-0.742216,0,0,0,0
-0.112683,0.704685,-0.741621,0.207544,1.239384,-0.395361,0.738374,0,0,0,0
-0.297281,0.709183,-0.277455,0.194548,1.494392,-0.120592,-0.145153,1,0,0,0
0.701094,-0.366971,-0.102665,1.302360,0.078105,0.116765,1.443308,0,0,0,0
0.748980,-1.653189,-0.448312,1.786492,-1.234941,0.027069,0.076240,0,1,0,0
0.467925,0.323397,-1.166084,0.194105,0.340061,-0.246630,0.924845,0,0,0,0
0.361418,0.346407,-0.943401,0.173139,0.280854,0.125235,-0.189239,0,0,1,0
0.952529,-1.609098,-0.116892,1.732595,-1.179454,1.701022,0.379264,0,0,0,0
0.788420,-1.424099,0.067026,1.533379,-1.300262,-0.072898,-0.012643,0,0,0,0
0.445153,0.811884,-0.631643,0.526941,-0.521592,0.296781,0.930066,0,0,0,0
0.288355,0.601157,-0.348940,0.522535,-0.684766,-0.262001,0.545022,1,0,0,0
0.868500,-0.275349,-0.305504,1.090818,-0.156222,-0.464300,0.657546,0,0,0,0
0.492036,-0.125719,-0.665616,0.670582,0.057290,-0.379773,-0.356334,0,0,0,0
0.523598,1.616694,-0.509703,-0.140926,-0.016247,-0.391058,0.821124,0,0,0,0
0.488165,0.957245,-0.748319,0.333754,-0.296671,-0.228386,0.833351,0,0,1,0
0.203174,0.969390,0.095780,-0.554426,0.387131,-0.734010,0.519116,0,0,0,0
0.133717,0.118764,0.392488,-0.292639,-0.213551,-0.991001,-0.588524,0,1,0,0
0.694538,0.259741,-1.001666,1.037900,0.067964,0.627934,0.994772,0,0,0,0
0.438608,0.290671,-0.780026,0.852848,0.035920,-0.342303,0.297001,0,0,0,1
0.569703,-0.887884,0.219701,1.605975,-0.231271,-0.746402,0.932207,0,0,0,0
-0.011569,-0.800378,0.140599,1.280485,-0.028493,-0.583880,-0.172204,0,0,0,0
0.831567,1.491487,-0.473887,-0.413752,-1.044470,0.131369,1.470850,0,0,0,0
0.669279,1.297928,-1.042605,-0.739763,-0.716608,0.732649,0.847779,1,0,0,0
0.492500,0.817726,-0.601080,-0.353744,-1.312715,-0.222056,0.799628,0,0,0,0
-0.073329,0.631229,0.560844,-0.129895,0.540377,-0.803222,-0.317637,0,1,0,0
0.773379,1.347446,-0.719856,-0.454288,-1.029078,0.180043,0.992467,0,0,0,0
0.782658,1.038011,-1.146204,-0.649337,-0.887569,0.548891,0.706639,0,0,1,0
1.059912,0.246070,-0.184931,0.136580,-1.662934,0.097142,0.934159,0,0,0,0
0.345008,-0.506248,-0.004385,1.241365,0.171726,-0.626471,-0.320011,0,0,0,0
0.602777,1.117378,-0.950146,-0.252547,-0.421879,0.679121,0.857374,0,0,0,0
0.651713,0.875923,-1.049321,-0.299265,-0.705812,-0.175899,0.788011,0,0,0,1
0.426812,1.538547,-0.825365,-1.057910,-0.543532,-0.359770,1.122263,0,0,0,0
-0.020144,1.669101,-0.272466,-1.279683,0.344170,-0.382362,-0.091792,1,0,0,0
0.200664,1.478218,-1.087080,-0.715818,0.952882,-0.351149,0.278612,0,0,0,0
-0.216405,1.926488,-0.404585,-1.085403,2.051891,-0.316332,0.284668,0,1,0,0
0.988537,-0.202772,-0.264843,1.135225,-0.813572,-0.082215,0.955371,0,0,0,0
0.425251,0.488031,-0.066167,0.647081,-0.547662,-0.488297,0.407897,0,0,0,0
0.237037,1.409336,-0.079625,-0.097480,0.035312,-0.395961,0.561148,0,0,0,0
0.362379,1.399195,-0.187858,-0.534569,-0.377644,0.284658,0.294937,0,0,1,1
0.753649,0.353402,-0.655157,-0.177737,-0.484202,0.391290,1.129920,0,0,0,0
0.868963,0.037225,-0.609608,0.467153,-0.808986,-0.074919,0.810902,0,0,0,0
0.864783,-0.333625,-0.399698,0.680175,-1.125822,0.514945,0.590646,0,0,0,0
0.796636,-0.461703,-0.019092,0.787817,-1.158319,0.262791,0.326494,1,0,0,0
1.001367,-0.340401,-0.349172,1.071464,-0.330474,-0.246715,1.040006,0,0,0,0
0.855378,0.329122,-0.582433,0.386389,-1.046496,-0.280226,0.580656,0,0,0,0
0.703445,0.160186,-0.525810,0.282073,-0.899381,-0.495547,0.907921,0,0,0,0
0.600120,0.224181,-0.446318,0.043350,-1.161214,-0.020067,0.558402,0,1,0,0
0.404900,0.939185,-0.879300,0.242069,0.098879,-0.389610,0.713623,0,0,0,0
0.496925,0.830879,-0.703024,0.067827,-0.739957,0.246568,0.772519,0,0,1,0
0.478751,0.804080,-0.964568,0.093805,-0.447468,-0.408003,0.452804,0,0,0,0
0.161453,0.784806,-0.248044,0.334068,-0.072037,0.279618,-0.001121,0,0,0,1
1.033862,-0.094783,-0.282556,0.617178,-1.278200,-0.405706,1.436502,0,0,0,0
0.725504,-0.148586,-0.554767,0.621807,-0.877214,-0.367300,0.454988,0,0,0,0
0.776684,0.467150,-0.785188,0.319753,-0.734513,-0.199378,0.757756,0,0,0,0
0.814062,0.129234,-0.828483,0.626572,-1.196387,1.610094,0.438940,0,0,1,0
0.682397,0.153187,-0.021342,0.913322,-1.081350,-0.160220,1.391397,0,0,0,0
0.728564,0.040951,-0.357310,0.993499,-1.273911,-0.304420,0.457502,1,0,0,0
0.708449,-0.112181,-0.898618,0.724120,-0.646543,-0.308071,0.833065,0,0,0,0
0.624949,-0.021978,-0.670411,0.961526,-0.831727,0.064040,0.553439,0,1,0,0
1.083444,-0.209033,-0.218097,0.895417,-1.393534,-0.427643,1.396332,0,0,0,0
0.833738,-0.282820,-0.645810,0.968077,-1.087187,-0.496940,0.436920,0,0,0,0
1.081891,-1.556841,-0.274479,2.045003,-1.580306,1.871866,0.155519,0,0,0,0
0.802580,-1.191244,-0.186872,1.556929,-1.294131,0.482478,-0.124979,1,0,0,0
0.522843,0.135985,-0.149860,0.173213,-0.048124,-0.155687,1.440820,0,0,0,0
0.430348,-0.346867,0.040361,0.541652,-1.111975,0.709206,0.587966,0,0,0,0
0.588536,0.112643,-0.071422,0.587289,-0.904313,-0.022514,0.588086,0,0,0,0
0.225590,0.666545,0.092740,0.149086,-0.155138,0.430477,0.081624,0,0,1,0
0.997009,0.260990,-0.010230,0.588105,-1.098805,-0.277419,1.631653,0,0,0,0
0.571881,-0.404687,-0.465981,0.873643,-1.121459,-0.371144,0.293967,0,1,0,0
0.580203,0.219484,-0.759829,0.626889,-0.328331,0.249268,0.246535,0,0,0,0
-0.348818,1.699227,0.346688,-0.563290,1.616367,-0.796575,0.080253,0,0,0,1
0.377313,1.127366,-0.912839,-0.308696,0.576957,0.526551,1.196571,0,0,0,0
0.381136,0.417265,-1.048927,0.414052,-0.210382,0.290111,0.360913,0,0,0,0
0.001332,1.413643,-0.374556,-0.940487,-0.051178,-0.687459,0.016800,0,0,0,0
-0.699808,2.342970,0.766360,-2.140510,2.226440,-0.572410,-0.420412,1,0,0,0
0.981536,-0.174443,-0.394790,0.594834,-0.864961,1.144407,1.098004,0,0,0,0
0.486848,0.530554,-0.078553,0.431051,-0.580940,-0.345298,0.706859,0,0,0,0
0.301121,1.055293,-0.890049,-0.074126,-0.159353,0.557717,0.832298,0,0,0,0
0.319265,0.768354,-0.500885,0.325183,-0.315597,0.147408,0.634213,0,1,0,0
0.485341,0.996773,-0.929650,0.058787,-0.470849,0.114912,0.800380,0,0,0,0
0.417267,0.773746,-0.198549,0.111825,-0.758947,0.085063,0.620486,0,0,1,0
-0.058358,1.685425,-0.255931,-0.210085,1.460267,-0.590919,0.769769,0,0,0,0
0.287698,-0.692087,0.182267,1.410007,-0.859897,3.423943,-0.081763,0,0,0,1
0.969383,-0.074533,0.192771,0.888445,-0.595459,-0.049137,1.663876,0,0,0,0
0.328004,-0.013700,0.050291,0.901216,-0.258258,-0.331478,0.952987,0,0,0,0
0.519122,0.671893,-0.453321,0.588745,-0.089854,-0.437793,0.863783,0,0,0,0
0.440953,0.467643,-0.573500,0.377619,-0.199919,-0.356612,0.606448,0,0,1,0
0.222841,0.722795,-0.225261,0.682697,0.119477,-0.776843,1.500705,0,0,0,0
0.144983,0.868529,-0.076196,0.639062,0.039038,-0.078740,0.610630,1,0,0,0
0.431585,0.698392,-0.999277,0.467874,-0.240043,-0.093523,0.680272,0,0,0,0
0.408261,0.709502,-0.373110,0.565354,-0.296526,-0.439325,0.426792,0,1,0,0
0.940478,-0.336624,-0.067453,1.132985,-0.566648,1.756755,1.104796,0,0,0,0
0.386653,-0.198176,-0.060326,1.317931,-0.054993,-0.645035,0.417311,0,0,0,0
0.438280,0.748148,-0.977384,0.285952,0.178229,0.175157,0.510237,0,0,0,0
0.389070,1.107236,-0.732655,0.041342,0.275073,1.035006,0.450268,1,0,0,0
0.208982,1.262601,-0.284756,-0.350911,-0.048304,-0.645271,0.644752,0,0,0,0
-0.444826,1.795404,0.278173,-0.939191,1.861739,-0.317879,-0.056916,0,0,1,0
-0.074089,1.175469,-0.973122,-0.325198,1.475983,-0.627154,-0.173648,0,0,0,0
-0.085490,1.186356,-0.508032,-0.595818,1.009208,-0.622766,-0.552674,0,0,0,1
0.865965,-0.491897,-0.203916,1.225510,-0.382543,-0.765777,0.862792,0,0,0,0
-0.172313,-0.723689,0.411857,1.338748,0.180001,0.088019,-0.003996,0,0,0,0
0.523323,0.956093,-0.265793,0.346942,0.072177,0.238356,1.014070,0,0,0,0
0.667651,0.605341,-1.320186,0.205114,-1.025257,2.024185,0.475135,0,0,1,0
0.550785,0.459067,-1.120243,0.322996,-0.322138,-0.450387,0.912833,0,0,0,0
-0.112408,1.533893,-0.812311,-0.451224,1.782494,-0.364976,-0.143624,0,0,0,0
0.740459,-0.784210,-0.244585,1.076106,-1.210753,-0.044194,0.216891,0,0,0,0
0.458811,0.422571,-0.865159,0.152460,0.090516,1.378970,0.174804,0,1,0,0
1.041351,0.034319,-0.282576,0.613762,-1.009021,0.031283,1.045514,0,0,0,0
0.371320,0.288140,-0.407081,0.497543,0.179539,-0.675182,0.464600,0,0,0,0
0.585476,0.139328,-0.530015,0.885620,-0.265202,0.298748,0.551082,0,0,0,0
0.446060,0.311964,-1.099971,0.533881,-0.096773,-0.385160,-0.360153,0,0,0,1
0.275041,0.470996,-0.987168,0.491525,0.730208,-0.871686,0.337587,0,0,0,0
-0.221071,1.521662,-0.294026,-1.130589,1.645488,-0.767418,-0.155278,0,0,1,0
0.659990,0.365128,-1.021912,0.567500,-0.186159,0.553758,0.703827,0,0,0,0
0.116760,1.445997,-0.763418,-0.244795,0.680551,-0.273548,0.226237,1,0,0,0
0.772765,-0.262750,-0.255090,1.247139,-0.294035,-0.557208,1.035731,0,0,0,0
0.217667,-1.108817,0.185254,0.532599,-0.436650,0.145252,-0.040293,0,0,0,0
0.563459,0.926218,-1.392621,-0.270622,-0.225750,-0.541842,1.091342,0,0,0,0
0.381913,1.014351,-0.727646,0.057519,-0.002033,0.520962,0.573705,0,1,0,0
0.626692,-1.028723,0.352705,1.566650,-1.416747,-0.067112,0.881112,0,0,0,0
0.251236,0.654897,-0.405185,0.359067,0.688937,0.452683,0.691189,1,0,0,0
0.579281,0.909207,-0.917609,0.730375,-0.267504,0.095834,0.664184,0,0,0,0
0.580067,0.374585,-0.890769,0.277638,-1.398581,0.587437,0.373447,0,0,0,1
1.097343,-0.223679,-0.126016,0.724977,-1.173541,1.642053,1.107639,0,0,0,0
0.279309,-0.057510,0.218668,1.257447,-0.550374,-0.391294,0.253762,0,0,0,0
0.477344,1.092164,-1.375547,-0.135373,-0.015092,-0.176554,0.712118,0,0,0,0
0.416889,1.249059,-1.221429,-0.456241,-0.161951,-0.187824,0.356465,0,0,1,0
0.513245,1.031009,-0.898058,-0.346372,-0.775665,0.332063,1.066193,0,0,0,0
0.504768,1.017021,-0.568428,0.067261,-0.763464,-0.265083,0.341291,1,0,0,0
0.599174,1.027207,-0.488662,0.312375,-0.528106,-0.279140,0.678512,0,0,0,0
0.402227,1.273529,-0.416619,-0.243225,-0.310367,0.006394,0.344803,0,1,0,0
1.068344,0.085658,-0.254984,0.682661,-0.894271,0.206693,1.258148,0,0,0,0
0.453986,0.342965,-0.579027,0.508528,-0.203474,-0.529371,0.686966,0,0,0,0
0.231851,1.050597,-0.766550,-0.013568,0.615716,-0.736440,0.545986,0,0,0,0
0.164963,0.965697,-0.544844,0.253030,0.167959,0.766765,-0.022572,1,0,0,0
0.419150,0.421111,-1.072556,1.008126,0.396996,-0.177264,0.780807,0,0,0,0
0.296452,0.805308,-0.578647,0.833368,0.973659,0.017453,0.824154,0,0,0,0
0.830939,-1.233384,-0.351344,2.085568,-0.929143,2.464202,0.394406,0,0,0,0
0.594606,-0.503120,-0.238912,1.837653,-0.581461,-0.370452,0.181749,0,0,0,1
1.049937,-0.049713,-0.600406,0.534104,-1.051681,0.617843,1.010444,0,0,0,0
0.680470,0.111575,-0.675535,0.770555,-0.342714,-0.523972,0.266908,0,1,0,0
0.698283,-0.913414,-0.179156,1.263928,-0.985724,0.497532,0.007442,0,0,0,0
0.083028,1.048882,-0.677918,-0.465036,0.631807,-0.659048,-0.303910,0,0,1,0
1.037121,-0.228267,-0.225834,0.819837,-0.802663,-0.535482,1.480111,0,0,0,0
0.454253,-0.053907,-0.740999,0.354697,-0.168122,-0.375318,-0.447767,0,0,0,0
0.582063,0.238892,-1.109354,0.736963,0.137055,1.228880,0.380406,0,0,0,0
0.264150,0.561169,-1.236077,0.516210,0.998786,-0.013230,0.380380,0,0,0,1
0.863211,-1.280732,-0.174316,1.507842,-1.202669,1.579912,0.809209,0,0,0,0
0.898247,-1.172377,-0.113789,1.391823,-1.687855,0.519618,0.016034,1,1,0,0
1.287073,-0.588292,0.421377,0.046064,-0.457463,0.583064,1.538707,0,0,0,0
1.307721,-1.228058,0.279521,0.152050,-1.186413,-0.196103,0.860644,0,0,0,0
0.887658,-1.369173,1.163352,0.123514,0.229072,0.420817,0.343830,0,0,0,0
-0.410434,-1.256926,0.887013,0.281024,0.689670,-0.758490,-1.612468,0,0,0,0
-1.713758,-1.629344,0.779242,-0.217326,0.266701,-0.748775,-2.138427,0,0,0,0
-2.358221,-1.853298,0.829592,-1.015954,1.313052,-0.542456,-2.220273,0,0,0,0
-2.589999,-1.782188,1.105181,-1.686749,1.707083,-0.061058,-2.210211,0,0,0,0
-2.870784,-2.257993,1.415696,-1.644754,1.291462,-0.000615,-2.262640,0,0,0,0
-2.987439,-2.496875,1.323007,-2.045358,0.813592,-0.064366,-2.294723,0,0,0,0
-3.089021,-2.758841,1.238063,-2.070452,0.890178,-0.533019,-2.297608,0,0,0,0
-3.209376,-2.988604,1.451370,-1.752539,0.893762,-0.280000,-2.304304,0,0,0,0
-3.265957,-2.928796,1.816096,-1.872086,0.356376,0.874105,-2.304147,0,1,0,0
0.721388,-1.067003,-0.336863,1.191321,-0.393296,0.377079,0.939538,0,0,0,0
0.864802,-1.716566,0.001812,1.303451,-0.498660,1.495721,1.128207,0,0,1,0
0.454132,0.002128,-0.516841,0.120120,-1.338519,0.768396,0.856151,0,0,0,0
0.058131,-0.901542,-1.272127,0.473991,-0.992992,0.188396,-0.065211,0,0,0,0
-0.704038,-0.676394,-0.535453,0.023820,0.331940,0.332528,-1.620234,0,0,0,0
-0.481841,-0.094990,0.665188,-0.508788,-1.424955,0.572417,-0.440593,0,0,0,1
0.714025,0.899281,-0.615608,-0.142668,-0.316415,-0.322627,1.407494,0,0,0,0
0.964539,-0.264559,-1.049084,0.525722,-1.017564,-0.088460,0.682570,0,0,0,0
1.044061,-0.785951,-0.965526,0.538110,-1.008064,0.254033,0.511399,0,0,0,0
0.884112,-0.515584,-0.815475,0.274883,-1.166632,-0.425052,0.187086,0,0,0,0
0.861121,-0.353052,-0.647923,0.512971,-1.275322,0.516277,0.464333,0,0,0,0
0.700340,-0.110486,-0.404527,0.629604,-1.131440,-0.319154,0.443932,1,0,0,0
1.152987,-1.137419,0.133933,-0.028162,-0.452257,1.201915,0.492730,0,0,0,0
1.042372,-1.199496,-0.371594,-0.031808,-0.842805,0.542053,0.567978,0,0,0,0
0.984775,-1.134721,-0.361053,0.123140,-0.837374,0.082781,0.387664,0,0,0,0
0.893439,-1.273070,-0.216188,0.203115,-0.994614,0.090581,0.344930,0,0,0,0
0.700859,-0.722775,0.222590,0.350712,-0.471668,0.480102,0.021017,0,0,0,0
0.884631,-1.731531,0.284425,1.158639,-1.070741,0.791730,-0.083966,0,0,1,0
0.738426,0.068415,-0.568613,0.265670,-0.739174,-0.023195,0.964089,0,0,0,0
0.725053,-0.227636,-0.786369,0.418277,-0.595050,-0.500440,0.565376,0,0,0,0
0.806428,-0.256269,-1.283105,0.429205,-0.793158,0.372568,0.467562,0,0,0,0
0.661745,-0.395108,-1.367589,0.817658,-0.754451,-0.221399,0.550960,0,0,0,0
0.524610,-0.515601,-0.801640,1.040528,-0.238639,0.217722,-0.258549,0,0,0,0
0.925044,-1.826469,0.113545,1.638666,-1.412982,1.618646,-0.065277,0,1,0,0
1.063863,-0.966261,0.229609,0.036335,0.040058,0.584523,1.479054,0,0,0,0
1.143575,-1.326515,0.226443,-0.106516,-0.762608,0.381516,0.665681,0,0,0,0
1.028024,-1.314618,0.169776,0.199732,-0.779303,-0.098174,0.566953,0,0,0,0
0.821307,-1.124653,-0.034994,0.738278,-1.040970,-0.558362,0.527625,0,0,0,0
0.802321,-0.848255,0.086724,0.578162,-0.272373,0.575737,0.663442,0,0,0,0
0.794157,-0.452803,0.049008,0.530163,-0.246396,1.015169,0.995206,0,0,0,1
1.081332,-0.314246,-0.253185,1.013446,-0.764728,1.300534,1.057140,0,0,0,0
0.769175,0.026095,-0.210561,0.687525,-0.964541,0.025850,0.666671,1,0,0,0
0.488633,0.582594,-0.193889,0.770881,-0.394745,0.322687,1.432657,0,0,0,0
0.343586,0.739441,-0.136651,0.354998,0.351506,0.054076,0.668802,0,1,0,0
0.510592,1.119995,-0.405189,0.137569,-0.457253,-0.251502,0.573803,0,0,0,0
0.623882,0.098159,0.228052,0.168756,-0.508040,0.120853,0.446627,0,0,1,0
0.314446,0.833226,0.169911,0.150707,-0.022798,-0.594399,0.388106,0,0,0,0
0.116128,-0.134893,-0.010704,0.451843,0.291078,-0.589797,-0.629093,0,0,0,1
0.789754,0.207173,-0.824595,0.431935,0.294381,0.309569,1.434734,0,0,0,0
0.759598,0.364148,-0.977655,0.104095,-0.906540,0.290602,0.622310,0,0,0,0
0.752659,0.231591,-0.606178,0.881053,-0.670946,-0.005069,0.683748,0,0,0,0
0.662137,0.088167,-0.574078,0.931216,-0.466594,0.271653,0.585822,0,0,0,0
0.549224,0.118128,-0.550400,1.036131,-0.547439,0.009477,0.137877,0,0,0,0
0.261353,-0.290864,-0.702801,1.293344,-0.017772,-0.006653,-0.037587,1,0,0,0
1.051452,-0.938717,0.129460,-0.318199,-0.757715,-0.063124,0.948887,0,0,0,0
1.044427,-1.175991,-0.017075,0.311273,-0.763133,0.444719,0.839934,0,0,0,0
1.029667,-1.345019,0.109886,0.127959,-0.539872,0.538133,0.444391,0,0,0,0
0.880444,-1.088597,-0.073225,0.503657,-0.735607,0.172213,0.366903,0,0,0,0
0.860206,-0.873305,-0.266574,0.699590,-0.529746,0.044093,0.376459,0,0,0,0
0.684654,-0.616829,-0.005165,0.527291,-1.097522,-0.433775,0.357249,0,0,0,1
0.543516,0.159091,-0.329078,0.039261,-0.024285,-0.352595,1.137253,0,0,0,0
0.805713,-0.358702,-0.787997,0.718938,-0.917195,0.231508,0.325753,0,0,0,0
0.933351,-0.446509,-0.655672,0.547466,-1.120231,0.641064,0.580529,0,0,0,0
0.830054,-0.338717,-0.404208,0.940923,-0.524508,0.801246,0.097412,0,0,0,0
0.873976,-1.323042,-0.127497,1.740516,-1.212622,0.559838,-0.172082,0,0,0,0
0.692340,-0.285439,-0.285192,0.603638,-0.957762,0.117309,0.195877,0,1,0,0
1.187260,-0.963285,-0.202746,-0.730626,-0.507715,2.073062,1.169257,0,0,0,0
1.151563,-1.220911,0.013883,-0.243936,-0.884831,-0.392229,0.397597,0,0,0,0
1.024989,-1.408230,0.007617,0.096980,-1.041803,0.276500,0.466066,0,0,0,0
1.017361,-1.037275,0.087716,0.407154,-0.692080,-0.363652,0.468869,0,0,0,0
0.667196,-1.159582,0.250073,0.252378,-0.493628,-0.595084,-0.391238,0,0,0,0
0.715536,-1.036951,0.037767,0.486171,-0.511038,-0.021991,-0.081293,0,0,1,0
1.030554,-0.273061,-0.368932,0.756492,-0.673537,1.055685,1.009790,0,0,0,0
0.783264,-0.145362,-0.451930,0.367371,-0.972824,-0.020237,0.448531,1,0,0,0
0.564904,0.553750,0.051305,0.832823,-0.660847,1.164799,1.165721,0,0,0,0
0.377422,0.724834,0.162378,-0.031005,-0.303084,0.293138,0.282518,0,1,0,0
1.093028,-0.100310,-0.243744,0.945652,-0.984921,0.808292,1.196953,0,0,0,0
0.540114,0.359057,0.100065,0.959183,0.063567,-0.213192,0.385992,0,0,1,0
1.284247,-1.161773,-0.273790,1.603324,-0.958517,1.258995,1.338946,0,0,0,0
0.747115,-1.942517,-0.200997,2.071344,-1.197174,0.049149,-0.424670,0,0,0,1
0.566783,0.238545,-1.197026,-0.163859,0.626915,-0.037004,0.711181,0,0,0,0
0.686858,0.221358,-0.687547,0.456675,-0.604961,0.384193,0.510141,0,0,0,0
0.659974,0.083512,-0.520597,0.790174,-0.697936,0.078428,0.089449,0,0,0,0
0.595679,-0.476362,-0.560530,1.426868,-0.408430,-0.030590,-0.161377,0,0,0,0
0.574619,-0.029307,-0.260960,1.019391,-0.568068,0.013329,-0.194614,0,0,0,0
0.410735,-0.108745,-0.070669,1.281039,-0.390934,-0.178452,-0.243591,1,0,0,0
1.071058,-0.806918,0.514835,0.261809,-0.837157,1.513830,1.729810,0,0,0,0
1.123691,-1.301603,-0.046980,-0.197378,-0.698907,0.506051,0.850352,0,0,0,0
1.135428,-1.164829,0.160068,-0.395437,-0.874516,1.074200,0.645811,0,0,0,0
0.926984,-1.083513,0.362220,0.331641,-1.102833,-0.564397,0.537444,0,0,0,0
0.914632,-0.833393,0.343995,0.177374,-0.810278,0.365690,0.587659,0,0,0,0
0.687652,-0.437623,0.182626,0.434857,-0.625817,-0.486273,0.727640,0,0,0,1
0.762833,-0.010281,-0.720057,-0.060959,-0.193395,-0.075457,0.417653,0,0,0,0
0.783923,-0.126212,-0.852199,0.325658,-0.806772,0.118915,0.771933,0,0,0,0
0.807064,-0.030583,-0.834055,0.438033,-0.794072,-0.085458,0.505735,0,0,0,0
0.714832,0.429458,-0.854401,0.507775,-0.823166,0.142031,0.595932,0,0,0,0
0.619982,0.318017,-0.853559,0.457996,-0.914719,0.194056,0.334464,0,0,0,0
0.606084,0.321264,-0.501944,0.483399,-1.079362,-0.264980,0.497351,0,1,0,0
0.979819,-0.586383,0.251880,-0.492019,-0.634776,1.115573,1.426422,0,0,0,0
1.017208,-1.244467,0.337196,0.179498,-0.488911,0.106964,0.640401,0,0,0,0
0.964564,-0.872161,0.044680,0.500160,-0.925960,0.314670,0.532336,0,0,0,0
0.717930,-1.007189,0.153315,0.788886,-0.690269,-0.339168,0.778711,0,0,0,0
0.505768,-0.616135,-0.045609,1.217837,-0.034411,-0.589524,-0.282089,0,0,0,0
0.743793,-0.824017,0.201399,0.608106,-0.470369,-0.211356,-0.079120,0,0,0,1
1.195793,-0.100893,-0.299942,0.817760,-0.593601,1.436465,1.023148,0,0,0,0
0.873825,0.165242,-0.688974,0.417269,-0.687488,-0.683986,0.448012,0,0,1,0
0.535966,0.585721,-0.193578,0.575406,-0.128246,-0.375767,0.788207,0,0,0,0
0.368913,0.419474,-0.612379,0.554234,0.506381,0.143162,0.380671,1,0,0,0
0.500316,0.692559,-0.746200,0.533673,-0.761361,0.161779,0.679193,0,0,0,0
0.446291,0.210018,-0.302147,0.635774,-0.141143,0.168101,0.641343,0,1,0,0
0.361077,0.482812,-0.106648,0.600244,0.065019,-0.560382,0.976750,0,0,0,0
0.475182,0.443129,0.029289,0.101390,-0.561091,0.295400,0.511886,0,0,1,0
0.534168,0.201999,-0.055238,0.193342,0.065684,-0.562591,0.915974,0,0,0,0
0.802131,0.311708,-0.686875,0.718380,-0.764188,0.324967,0.701676,0,0,0,0
0.751375,0.269163,-0.557510,1.119759,-0.677392,0.485280,0.679695,0,0,0,0
0.761830,0.137912,-0.544219,1.093307,-0.723600,-0.172967,0.577609,0,0,0,0
0.726282,0.160664,-0.441203,1.014296,-0.929356,0.065706,0.526771,0,0,0,0
0.646207,0.114012,-0.649424,1.039648,-0.794680,-0.267722,0.437183,1,0,0,0
1.062880,-0.567038,0.027282,0.231526,-0.972205,0.303590,0.841235,0,0,0,0
1.143655,-1.023313,0.531700,0.432735,-0.590042,-0.254611,0.546089,0,0,0,0
1.170138,-1.123611,0.387049,0.289055,-0.764424,0.448241,0.484309,0,0,0,0
0.989127,-1.033154,0.414062,0.614297,-1.204182,-0.188724,0.368860,0,0,0,0
0.969374,-0.800126,0.380641,0.446990,-0.784951,-0.227505,0.452186,0,0,0,0
0.816687,-0.610822,0.283887,0.623664,-0.723896,-0.043456,0.602042,0,0,0,1
0.735185,0.137058,-0.143207,0.439291,-0.373008,-0.400750,0.878678,0,0,0,0
0.653174,-0.049259,-0.387714,0.758906,-0.503637,-0.102771,0.956843,0,0,0,0
0.710139,0.034088,-0.337306,0.913353,-0.762749,0.126124,0.672687,0,0,0,0
0.654305,-0.033666,-0.612010,1.261963,-0.401198,-0.188410,0.665870,0,0,0,0
0.640336,-0.033481,-0.633126,0.877322,-0.457322,-0.274014,0.558884,0,0,0,0
0.581498,-0.303439,-0.458460,0.855917,-0.130528,-0.474543,0.474902,0,1,0,0
0.885721,-0.628713,0.619982,0.234226,-0.399858,0.283223,1.405138,0,0,0,0
1.105127,-0.837212,0.404229,0.016341,-0.744366,-0.150982,0.669037,0,0,0,0
1.040634,-0.832730,0.336316,0.156260,-0.507763,0.345480,0.376757,0,0,0,0
0.857937,-0.494672,0.257083,0.143241,-0.548805,-0.233362,0.207280,0,0,0,0
0.773675,-0.642178,0.782379,0.439143,-0.431146,0.278756,-0.059485,0,0,0,0
1.067703,-0.456720,0.573168,0.378023,-1.033284,0.228223,0.515495,0,0,1,0
1.002195,-0.660523,-0.655892,1.068756,-0.571763,0.090406,0.326685,0,0,0,0
0.683776,-0.212668,-0.296924,0.447963,-0.466084,0.100955,-0.160239,0,0,0,1
0.776890,-0.474446,-0.073406,1.094515,-0.491303,0.977175,1.025797,0,0,0,0
0.842857,-0.666790,-0.214639,1.095620,-0.319596,-0.523573,1.211631,1,0,0,0
1.165955,-0.375855,-1.019023,0.657157,-1.072938,0.213234,1.105595,0,0,0,0
0.674796,-0.373659,-0.697364,0.405467,-0.631643,0.415397,0.278020,0,1,0,0
0.994076,-0.188228,-0.138930,1.031287,-1.010380,0.030378,1.587277,0,0,0,0
0.313029,-0.683395,0.078155,0.577000,-0.128315,-0.658061,-0.758395,0,0,1,0
0.764424,0.358533,-1.555615,-0.015073,-0.439952,0.262626,1.188961,0,0,0,0
0.841287,0.028819,-1.289252,0.497980,-0.725228,0.192812,0.582386,0,0,0,0
0.860561,-0.014930,-1.137479,0.462370,-1.093441,0.437357,0.740021,0,0,0,0
0.786756,-0.146126,-0.709927,0.794035,-0.945811,0.016129,0.319012,1,0,0,0
1.040275,-1.188744,0.043228,1.501187,-0.902061,-0.426860,0.837326,0,0,0,0
0.656761,-1.207184,-0.203419,1.884260,-1.227264,0.042716,-0.369872,0,1,0,0
1.137872,-0.975450,-0.051253,0.142227,-0.481960,1.742290,1.620486,0,0,0,0
1.104379,-1.240244,-0.251631,-0.310778,-0.959005,-0.096581,0.566919,0,0,0,0
1.008344,-1.090158,-0.036846,-0.252648,-1.329209,-0.108821,0.534910,0,0,0,0
0.821300,-1.291447,0.096646,-0.027562,-1.393778,-0.451436,0.451651,0,0,0,1
1.079113,-0.368524,-0.108980,0.692238,-1.200479,0.648637,1.057173,0,0,0,0
0.713494,-0.729806,0.060911,0.708954,-1.188835,-0.104775,0.376139,0,0,1,0
0.598814,0.280354,-0.947276,-0.052905,-0.109191,-0.540073,1.243766,0,0,0,0
0.638795,0.201618,-0.459296,0.366644,-0.384194,0.167276,0.540470,0,0,0,0
0.612316,0.188260,-1.318461,0.532706,-0.428682,-0.067626,0.646867,0,0,0,0
0.594697,0.296685,-1.140624,0.777451,-0.337808,0.297877,0.627012,1,0,0,0
1.025761,-0.169128,-0.020800,1.215193,-0.602751,-0.691527,1.443031,0,0,0,0
0.421933,-0.232875,-0.193439,1.215607,-0.055500,-0.917016,-0.431193,0,1,0,0
0.903506,-0.738005,0.063647,-0.020572,-0.039966,0.717699,1.439613,0,0,0,0
0.898241,-1.482340,0.277376,0.177627,-0.450235,-0.061536,0.606526,0,0,0,0
0.842582,-0.983904,-0.150396,0.300840,-0.383366,0.374918,0.499546,0,0,0,0
0.698588,-0.981553,0.194175,0.766761,-0.181117,-0.630580,0.897951,0,0,0,1
0.341143,0.204198,-0.057735,0.503932,-0.064960,-0.782800,0.903030,0,0,0,0
0.773094,-0.535007,0.478880,0.644717,-0.312620,0.188525,0.741961,0,0,1,0
1.014086,-0.300335,-0.433554,1.059179,-0.623483,0.679381,1.214848,0,0,0,0
0.694339,0.316605,-0.573574,0.063152,-0.635229,0.171177,0.818233,1,0,0,0
0.396038,0.600961,-0.086456,0.802872,-0.068359,0.142588,1.092651,0,0,0,0
0.177353,0.584744,-0.012404,0.787580,0.897796,0.292994,0.607738,0,1,0,0
0.437543,1.162627,-0.289177,0.376089,-0.408043,0.064399,0.728549,0,0,0,0
0.531644,0.680062,-0.351263,0.022233,-0.203383,0.215841,0.427146,0,0,0,1
-0.063400,1.014903,-0.052396,0.015294,0.816486,-0.571912,0.451633,0,0,0,0
0.095507,-0.227724,0.134763,1.081280,0.437716,-0.696394,-0.161519,1,0,0,0
0.542600,0.567586,-0.304382,-0.185734,-0.229697,-0.104585,0.992197,0,0,0,0
0.513587,0.443046,-0.579625,0.590983,-0.347537,0.184731,0.668991,0,0,0,0
0.517072,0.448345,-0.957284,0.711822,-0.043577,0.777748,0.080574,0,0,0,0
0.317640,-0.260095,-0.629386,1.745240,0.446381,-0.413449,-0.094363,0,0,1,0
0.894942,-0.462187,-0.089830,1.330800,-0.500868,-0.034158,0.433803,0,0,0,0
0.447162,-0.509397,-0.279828,1.319439,-0.562381,-0.167484,-0.443743,0,0,0,1
1.113940,-0.850832,0.100275,-0.353016,-0.268437,0.869481,1.471852,0,0,0,0
0.940059,-1.220883,0.116649,0.293328,-0.853997,0.314212,0.708687,0,0,0,0
0.863148,-1.323720,0.391214,0.336097,-0.897083,0.152486,0.493353,0,0,0,0
0.840201,-1.400624,0.148868,0.534987,-0.682205,0.620230,0.360512,0,1,0,0
1.016956,-0.964177,-0.255493,1.120463,-0.822400,1.860462,0.109981,0,0,0,0
0.442466,-1.145909,0.021288,0.933135,-0.359944,-0.095906,-0.568989,1,0,0,0
0.853699,0.117854,-0.704869,0.287269,-0.326176,-0.423156,1.513196,0,0,0,0
0.934049,-0.326944,-0.888098,0.981639,-0.491139,0.570651,0.549212,0,0,0,0
0.821576,-0.868184,-0.831170,1.270233,-0.503563,0.198758,0.377734,0,0,0,0
0.742725,-0.541276,-0.532327,1.374353,-0.827865,-0.162556,0.729980,0,0,0,1
1.012036,-0.403059,-0.342569,1.061218,-0.870909,0.130113,1.588756,0,0,0,0
0.572249,-0.161829,-0.223201,1.506281,-0.412656,-0.453889,0.631611,0,0,1,0
0.555885,0.326365,-1.067733,0.512529,-0.247855,-0.344888,0.550212,0,0,0,0
0.583884,0.223778,-0.675687,0.693096,-0.391552,-0.101063,0.598490,0,0,0,0
0.535312,0.049790,-0.790978,1.122422,0.103937,-0.209255,0.667204,0,0,0,0
0.542685,0.328469,-0.769102,0.869654,-0.274505,-0.505520,0.453985,1,0,0,0
0.074294,0.480282,-0.316245,0.891050,0.305400,-0.686246,0.406270,0,0,0,0
0.739460,-1.340536,-0.116316,1.882489,-1.348164,0.288885,0.421819,0,1,0,0
1.020590,-0.224678,-0.160230,0.934957,-0.471247,-0.076505,1.660159,0,0,0,0
0.750307,-0.127514,-0.378204,0.358819,-1.263099,-0.509964,0.475118,0,0,0,1
0.877678,0.185685,0.049152,1.182724,-0.923113,1.206857,1.224076,0,0,0,0
0.844164,-0.609598,-0.165943,1.673035,-0.495533,0.997508,0.899815,0,0,1,0
1.190342,-0.534442,-0.546354,1.057714,-0.688451,1.368585,1.407795,0,0,0,0
0.432249,-0.182854,0.205170,1.096941,-0.254828,-0.350039,-0.052149,1,0,0,0
0.904420,-0.922399,0.338390,1.180326,-0.175159,0.900916,0.881164,0,0,0,0
0.403782,-0.740882,-0.016679,0.893921,-0.329615,-0.122746,-0.308160,0,0,1,0
0.665659,0.360590,-1.039473,0.123781,-0.420252,-0.286864,0.906330,0,0,0,0
0.743229,-0.017737,-1.202612,0.733065,-0.638947,-0.131361,0.486611,0,0,0,0
0.791727,-1.296078,-0.573146,1.329740,-1.005159,1.352733,-0.243083,0,0,0,0
0.535952,-0.221121,-0.820659,1.113073,-0.370095,0.220652,-0.246956,0,1,0,0
0.913430,-0.512842,-0.064444,1.165144,-0.455858,-0.540117,1.182815,0,0,0,0
0.406351,-0.298611,-0.382661,1.213391,-0.191529,-0.319445,-0.238396,1,0,0,0
1.126592,-0.861529,0.107906,-0.311780,-0.416414,0.871823,1.460223,0,0,0,0
1.049384,-1.152626,0.001540,-0.123410,-0.830748,-0.090784,0.499447,0,0,0,0
0.940661,-1.184032,0.069673,0.015812,-0.801485,0.098178,0.458061,0,0,0,0
0.808851,-1.131876,-0.032843,-0.000245,-0.916157,0.307684,0.512719,0,0,0,1
1.003422,-0.577857,-0.014433,0.959385,-0.780980,0.652847,0.940671,0,0,0,0
0.521962,-1.005041,-0.029580,0.886804,-0.693533,-0.076588,-0.285226,0,0,1,0
0.733344,0.371418,-0.867040,0.082853,-0.576584,0.550438,0.851352,0,0,0,0
0.841289,0.122651,-0.818247,0.170320,-0.557516,0.917733,0.635951,0,0,0,0
0.582645,0.236517,-0.656789,0.523745,-0.398994,0.018953,0.515845,0,0,0,0
0.663896,0.233621,-0.889637,0.635368,-0.457370,-0.268783,0.440307,1,0,0,0
1.019513,-0.208057,-0.157063,0.895065,-0.955767,0.057988,0.970626,0,0,0,0
0.454219,-0.304620,-0.422224,1.152172,-0.235490,-0.235892,-0.310427,0,1,0,0
1.043567,-1.057640,0.243759,0.128968,0.122170,2.500998,1.214904,0,0,0,0
1.061916,-1.192897,0.067162,0.084113,-0.350322,0.038374,0.649186,0,0,0,0
0.935389,-1.035036,0.131500,0.262876,-0.714243,0.105886,0.489950,0,0,0,0
0.813434,-0.746160,1.036408,0.787940,-0.348130,0.958660,0.980420,0,0,1,0
0.276326,-0.747822,0.775923,0.445742,0.418602,-0.406035,0.587540,0,0,0,0
0.665049,-0.741780,0.196867,0.488051,-0.470177,-0.263615,0.502105,0,0,0,1
1.026189,-0.019080,-0.204828,0.543755,-0.958104,-0.085600,1.375858,0,0,0,0
0.644125,0.066411,-0.190492,0.240586,-0.015217,-0.530831,0.318886,0,0,0,0
0.273890,0.745197,-0.419933,0.283921,0.481017,-0.204274,0.727314,0,0,0,0
0.255171,0.443616,0.135133,0.161718,0.075027,0.306702,0.478470,1,0,0,0
0.635158,-0.064052,-0.473446,1.065908,-0.590187,-0.117818,0.541072,0,0,0,0
0.511546,-0.026128,-0.476050,0.889407,0.320736,-0.054459,0.386750,0,0,0,0
0.772727,-1.663643,0.605587,1.437058,-1.384369,0.845520,0.924538,0,0,0,0
0.318303,-1.191447,-0.397957,1.602478,-1.342349,-0.252041,-0.524128,0,1,0,0
1.108642,0.025961,-0.149584,0.803343,-1.185414,0.406370,1.322336,0,0,0,0
0.686810,0.573360,-0.438560,0.455517,-0.883463,-0.166456,0.581288,0,0,0,0
0.451929,0.805931,-0.547040,0.444626,-1.050119,-0.742024,0.458111,0,0,0,0
0.453341,0.584959,-0.716027,0.248883,-1.200565,-0.423743,0.252503,0,0,1,0
0.928927,0.087390,-0.404743,0.650847,-1.240231,0.873051,1.035628,0,0,0,0
0.494330,0.524221,-0.586275,0.287115,-1.194712,-0.465481,0.224734,1,0,0,0
1.188968,-0.236142,-0.648949,0.862520,-0.803794,0.064819,1.331708,0,0,0,0
0.654611,0.605809,-0.581893,0.575273,-0.679434,-0.415256,0.543134,0,0,0,0
0.393169,1.060100,-0.386169,0.264227,-0.464898,-0.931092,1.180349,0,0,0,0
0.378944,0.751973,-0.493571,0.110105,-0.934251,0.097160,0.247304,0,0,0,1
1.034278,-0.059943,-0.282967,0.852484,-1.033571,-0.720363,1.350430,0,0,0,0
0.653401,0.403473,-0.475472,0.525575,-1.035034,-0.507785,0.660265,0,0,0,0
0.313090,0.903226,-0.530182,0.214420,-0.463247,-0.601062,1.146773,0,0,0,0
0.270185,0.742527,-0.744656,0.217706,-0.805946,-0.496604,0.329948,0,1,0,0
0.357525,1.066084,-0.543012,0.610770,-0.330929,-0.197420,0.776559,0,0,0,0
0.416867,1.192407,-0.638219,0.128733,-0.762085,0.491409,0.687024,0,0,1,1
1.440156,-1.020327,0.547894,0.374969,-0.961692,1.108718,1.104586,0,0,0,0
1.339378,-1.396562,0.205620,0.281160,-0.785760,-0.178303,0.591534,0,0,0,0
0.818707,-0.902171,0.253507,-0.280145,-0.286449,-0.155832,0.011943,0,0,0,0
-0.115771,-0.570107,-0.572484,-0.680916,-0.956464,0.071119,-0.660315,0,0,0,0
-0.690620,0.478270,0.391517,-1.214014,-0.274283,-0.118485,-1.179732,0,0,0,0
-1.384247,-0.132602,0.839184,-0.820621,1.098416,0.106442,-1.860723,0,0,0,0
-1.882653,-0.620264,0.481185,-1.724431,2.059460,-0.563681,-2.078430,0,0,0,0
-2.290739,-1.731678,-0.274567,-2.338912,1.467047,0.518315,-2.251525,0,0,0,0
-1.291664,-2.962498,-1.150895,0.772781,-0.835043,-0.997151,-1.985542,0,0,0,0
-2.435051,-2.010866,-0.411316,-2.743639,1.248835,-0.045119,-2.263685,0,0,0,0
-2.514693,-2.193278,-0.365413,-2.533054,1.695837,0.232154,-2.265812,0,0,0,0
-2.630570,-2.350097,-0.139828,-2.506639,1.382302,-0.323976,-2.279455,0,0,0,0
-2.692246,-2.473720,-0.189859,-2.654004,1.340911,-0.163939,-2.279864,0,0,0,0
-2.664168,-2.300627,0.076016,-2.511454,1.374920,-0.098385,-2.280823,0,0,0,0
-2.636432,-2.208966,0.162593,-2.424788,1.442463,-0.301878,-2.282041,0,0,0,0
-2.889720,-2.799861,0.110032,-2.518714,1.082094,-0.288818,-2.290943,1,0,0,0
0.106254,-0.405153,-0.748761,-0.168807,-0.573281,-0.185430,-1.080901,0,0,0,0
-0.257458,-0.024305,-1.028893,-0.448258,-0.384604,-0.677510,-1.303190,0,0,0,0
-1.430358,-1.485843,0.234735,0.500273,0.776938,-0.926867,-1.912242,0,0,0,0
-2.181838,-3.049543,-0.797721,-0.667335,0.463180,-0.568381,-2.242958,0,0,1,0
-0.863897,-2.342580,0.648964,1.306788,0.712941,-0.160155,-1.503616,0,0,0,0
-1.025584,-1.295969,-0.638553,0.617016,1.332646,-0.523881,-1.536108,0,1,0,0
0.111606,-0.617479,-0.357277,-0.156779,-0.413003,-0.451093,-1.138872,0,0,0,0
-0.267572,-0.025833,-0.603301,0.023986,0.010570,-0.693861,-1.400334,0,0,0,0
-1.418718,-2.181501,-0.766126,0.611259,1.294241,-1.009551,-2.019713,0,0,0,0
-1.861727,-2.788257,-1.209702,-0.313287,1.163265,-0.172464,-2.174852,0,0,0,1
-0.273437,-0.315831,-0.159540,0.094936,0.455977,1.106652,-1.082236,0,0,0,0
-0.675341,-0.025449,-0.363845,-0.579837,0.558758,-0.505248,-1.374855,0,0,0,0
-1.437473,-1.060880,0.012612,0.071701,1.777582,-0.783795,-1.945195,0,0,0,0
-2.021748,-2.205340,-0.802703,-1.241912,1.370026,-0.438030,-2.213882,1,0,0,0
-0.263236,-0.982225,-0.531056,0.189513,-0.315957,-0.481060,-1.599753,0,0,0,0
-0.594628,-0.419304,-0.430315,-0.163096,-0.176155,-0.748130,-1.684479,0,0,0,0
-1.013534,-0.478990,0.001394,-0.163742,0.669050,-0.727443,-1.891105,0,0,0,0
-2.131076,-2.865567,-0.891729,-0.851824,0.996463,-0.439838,-2.226895,0,1,0,0
-0.716483,-2.459535,0.769427,1.122744,-0.058123,0.384877,-1.531262,0,0,0,0
-1.114154,-1.732139,0.446584,1.250371,0.279260,-0.729655,-1.492175,0,0,1,0
-0.024582,-1.505020,0.082701,0.967445,-0.543831,-0.118492,-1.308886,0,0,0,0
-0.407188,-0.519185,-0.034677,0.586314,-0.598800,0.519991,-1.428000,0,0,0,0
-0.618353,-0.314940,-0.021576,0.695373,0.203755,-0.385192,-1.467788,0,0,0,0
-0.938656,-0.418552,0.238104,0.490606,0.690318,-0.267843,-1.535515,0,0,0,0
-1.036424,-0.084404,0.592422,0.117623,0.718907,-0.302120,-1.600761,0,0,0,0
-1.142162,0.033998,0.889047,0.116675,1.096061,-0.472324,-1.560333,0,0,0,0
-0.871210,0.235775,-0.090297,-0.254429,1.116896,-1.191614,-1.029208,0,0,0,0
-0.883304,0.525242,0.015299,-0.587519,1.237459,0.242587,-1.324437,0,0,0,0
-0.090436,-1.670639,1.063447,-0.255686,0.195804,-0.594118,-1.232840,0,0,0,0
-0.799420,0.307517,-0.301506,-0.839757,1.058741,-0.508991,-1.562920,0,0,0,0
-1.098890,0.379419,-0.462956,-1.723840,1.268003,-0.706335,-1.258528,0,0,0,0
-1.407413,0.222623,0.215213,-1.980231,0.918725,0.459652,-1.729868,0,0,0,1
-0.221393,-0.227512,0.847386,0.745869,0.795124,-0.499257,1.553780,0,0,0,0
-0.446170,-0.111259,0.686626,0.848032,0.947081,0.052598,0.280681,0,0,0,0
-0.805855,-0.237755,0.796779,0.807637,1.199039,-0.753438,-1.037415,0,0,0,0
-0.911935,0.165956,0.651863,0.294303,1.408578,0.149172,-1.132817,1,0,0,0
0.094655,-0.581275,0.501550,0.275693,0.465345,-0.497392,-0.399047,0,0,0,0
-0.710426,1.384907,0.610572,-0.498828,2.327200,-0.585671,-0.208020,0,0,0,0
-0.909169,1.054315,0.816736,-0.750216,1.879403,-1.035555,-0.167991,0,0,0,0
-1.481602,0.370104,1.401992,-0.344829,2.652684,-0.046543,-0.291355,0,0,0,1
-1.177918,0.545111,1.716140,0.027755,1.760170,-1.071289,0.869085,0,0,0,0
-1.418974,0.565645,1.120797,-0.711466,2.720938,-0.894740,-0.584728,0,0,1,0
-0.143387,-1.063410,0.750799,0.827418,0.525478,-0.741945,-0.470963,0,0,0,0
-0.969973,1.344995,1.068571,-0.526923,2.805830,-0.352648,-0.328976,0,0,0,0
-0.851789,-1.149657,2.380433,0.016232,0.519738,-0.084246,-1.473790,0,0,0,0
-2.253427,-0.954549,1.532363,-1.132067,1.920311,-0.873386,-2.082017,1,0,0,0
-1.328603,0.340285,2.888859,0.246019,1.179297,-0.986671,1.260603,0,0,0,0
-1.771982,0.826093,3.076049,-0.601118,2.212073,-0.405051,0.116333,0,1,0,0
-0.630584,-1.770718,1.581765,1.123862,0.559287,-1.121839,0.456349,0,0,0,0
-1.552637,-0.130274,1.380389,0.056188,2.183763,-0.863966,-1.161214,0,0,0,0
-0.683608,-0.455509,1.262650,-0.039650,1.758471,-0.787238,-0.678870,0,0,0,0
-1.288087,1.153104,1.210630,-1.390478,2.778496,-0.521900,-0.485067,0,0,0,0
-1.499034,-1.093830,2.406744,0.053856,0.911112,-1.163433,-1.669552,0,0,0,0
-2.488603,-0.861794,2.608793,-1.218636,1.571620,0.212732,-1.955560,0,0,1,0
-0.522693,-0.039336,1.138147,-0.129593,0.875789,-0.877527,0.328725,0,0,0,0
-1.197802,1.346247,1.719352,-1.140136,1.748920,-0.020374,-0.151710,0,1,0,0
-0.653330,0.944948,0.479789,-0.109386,2.383215,-1.091959,1.122953,0,0,0,0
-1.019502,1.503481,0.955380,-1.047861,3.058474,-0.786806,-0.284893,0,0,0,0
-0.387603,0.574937,0.467120,-0.427142,1.375365,-0.598496,-0.451562,0,0,0,0
-1.060986,1.010510,0.038275,-1.740914,2.113596,2.431605,-1.274327,0,0,0,1
0.318967,-0.532653,0.493186,0.548877,0.584413,-0.917865,0.049627,0,0,0,0
-0.739276,1.928404,0.948939,-1.002178,2.186036,0.404304,-0.176043,0,0,1,0
-0.997041,0.211931,0.677310,-0.602164,1.900238,-1.207370,0.354401,0,0,0,0
-1.253382,0.862372,0.473068,-1.790361,2.391717,1.244509,-1.070668,1,0,0,0
-0.643026,0.793045,1.293399,-0.144182,1.522348,-0.776035,0.365703,0,0,0,0
-1.129628,1.765676,1.773217,-1.566030,2.015992,-0.930628,0.298387,0,0,0,0
-1.161497,0.341839,2.148122,-0.387295,1.107421,-0.908370,-0.978915,0,0,0,0
-1.266593,1.152353,1.135351,-1.452330,2.551413,0.083309,-1.149837,0,0,0,1
0.174016,-0.348348,0.705793,0.640234,0.786140,-0.167700,-0.183733,0,0,0,0
-0.784003,1.759104,0.863275,-1.144366,2.535312,-0.263196,-0.056124,0,0,0,0
-1.476002,-0.041016,2.495753,0.328112,1.156835,-1.343406,-0.392228,0,0,0,0
-1.856424,0.414579,2.313087,-1.363325,1.735232,-0.654143,-1.227281,1,0,0,0
-1.011693,0.215963,2.010393,0.038314,1.264628,-0.628107,0.288546,0,0,0,0
-1.472405,1.310418,2.251968,-1.548987,2.068353,0.281255,-0.056853,0,1,0,0
0.263815,-0.796015,0.830279,0.615006,0.312858,-1.019487,-0.025077,0,0,0,0
-0.918400,1.188321,0.879121,-0.444986,2.717811,-0.560812,-0.015782,0,0,0,0
-0.314737,-0.093248,0.304900,-0.735604,1.189258,-0.479061,-0.250201,0,0,0,0
-1.345369,0.787413,0.485835,-2.307976,1.795364,-0.353602,-1.356610,0,0,0,1
-0.795023,0.673837,1.662551,-0.302127,1.320825,-0.752238,1.233759,0,0,0,0
-1.374513,1.476210,2.204120,-1.414020,2.221344,-0.644064,0.097583,0,0,1,0
-0.413742,-0.603793,0.649026,0.450526,0.558567,-0.820971,-0.166217,0,0,0,0
-1.137037,0.585478,0.817260,-0.427305,1.531117,-0.852309,-0.666917,0,0,0,0
-0.028237,0.485085,0.344619,-0.344956,1.526630,-0.720799,-0.259249,0,0,0,0
-0.591055,1.752904,0.147275,-0.814753,2.714238,-0.365849,-0.292515,0,0,0,0
-0.426386,-0.044010,0.848689,-0.492129,1.213612,-0.553446,-0.726360,0,0,0,0
-1.364579,0.307496,0.440727,-1.063133,2.137225,-0.951942,-1.269750,0,1,0,0
-0.485374,-1.320219,1.222252,0.728581,0.426855,-1.113393,0.603288,0,0,0,0
-1.106719,0.714006,0.552956,-0.683611,2.243134,1.072414,-0.771106,0,0,1,0
-0.411699,0.870704,0.231557,-0.062702,2.085801,-0.695994,1.279656,0,0,0,0
-0.855624,1.774221,0.497344,-1.721069,2.861935,-0.404498,-0.016794,0,0,0,0
-0.450745,0.537962,1.102601,-0.896577,1.140624,-0.346001,-0.372181,0,0,0,0
-1.408505,0.997714,1.757079,-0.676640,2.817226,4.793789,-0.407867,1,0,0,0
0.408722,-0.500229,0.566265,0.510746,0.705241,-0.900725,0.203966,0,0,0,0
-0.513975,1.573178,-0.108608,-0.678332,2.445802,-0.161587,-0.218891,0,1,0,0
-1.035539,-0.190096,1.608052,0.165128,1.552920,-1.127223,0.462718,0,0,0,0
-1.646069,0.148596,1.403554,-0.500563,2.476338,-0.018550,-0.501165,0,0,1,0
-1.038704,0.480710,2.080493,0.466710,1.422121,-0.861829,0.524289,0,0,0,0
-1.597135,0.745938,2.522752,-0.037278,2.564999,-0.652728,-0.069605,0,0,0,0
-1.412409,-0.644355,2.474639,0.659025,1.508596,-1.292463,-1.333750,0,0,0,0
-1.731958,0.341741,1.862113,-0.712753,2.716855,-0.312048,-1.480384,1,0,0,0
0.048744,-0.515498,0.600431,0.855078,0.397537,-1.080108,-0.397251,0,0,0,0
-0.856247,1.136927,0.605074,-0.311738,2.621994,-1.190774,-0.428734,0,0,0,0
-1.263201,-0.326918,2.165400,0.546476,1.631707,-1.194005,1.144419,0,0,0,0
-2.051216,0.124668,3.013193,-0.238893,2.511686,-0.515111,-0.217832,0,0,1,0
-1.117367,-0.562689,2.337801,0.682808,1.461577,-0.761225,1.265840,0,0,0,0
-1.709966,0.714374,2.345735,-1.136266,2.094581,1.882578,-0.702221,0,1,0,0
0.017121,-0.857680,0.509552,0.640793,0.578999,-0.652447,-0.249558,0,0,0,0
-0.984112,1.158398,0.878345,-0.668931,2.343788,-0.691423,-0.283913,0,0,0,0
-1.046585,-1.310999,2.017396,-0.072380,0.583942,-0.675261,-1.478097,0,0,0,0
-2.620416,-1.460642,2.075528,-1.161791,1.626362,-0.397345,-2.058717,1,0,0,0
-1.180518,-0.244102,2.406286,0.415144,1.226361,-0.408828,-0.573422,0,0,0,0
-1.996640,0.417739,3.326276,-0.345242,2.375871,-0.945647,-0.533027,0,0,0,1
-0.615005,-2.161619,1.927346,0.923267,0.638893,-1.219119,-0.388854,0,0,0,0
-1.490661,-0.395787,1.022065,0.289470,2.329945,-0.759904,-1.332202,0,0,0,0
-0.792585,0.080402,1.296100,-0.373614,1.474000,-0.372709,-0.491049,0,0,0,0
-1.336659,1.341992,1.872433,-1.053594,2.833027,-1.109797,-0.227425,0,0,0,0
-1.867263,-1.117138,3.773779,1.465949,1.578106,-0.418661,-0.416042,0,0,0,0
-2.547298,-1.079713,2.539058,-1.046401,1.654538,-0.469571,-0.872210,0,1,0,0
-0.413029,-2.694493,1.963969,0.694630,0.385396,-1.120631,-1.400658,0,0,0,0
-1.644423,0.034592,2.566398,-0.649713,0.064633,2.558680,-0.505494,0,0,1,0
-0.621292,0.851876,0.874857,0.141866,1.873941,-0.926069,0.130920,0,0,0,0
-0.990978,1.625471,1.006824,-1.242078,2.844578,-0.589075,0.020388,0,0,0,0
-1.370908,-1.767522,2.481814,0.271101,0.248982,-1.194575,-1.214425,0,0,0,0
-1.494845,-0.055292,-0.009078,-1.260931,2.539073,-0.620485,-1.417358,0,0,0,1
0.792274,-2.095627,1.633172,0.664847,-0.747856,0.383649,0.004084,0,0,0,0
0.414156,-1.857998,1.767673,0.937836,-0.697584,-0.128616,0.046325,0,0,0,0
-0.033609,-2.216144,1.708741,1.232944,-0.148792,-0.403653,-0.267317,0,0,0,0
-0.357728,-2.686322,1.498344,0.278221,-1.227622,-0.348282,-0.398789,1,0,0,0
-0.629698,-0.076174,0.689091,0.135232,0.825341,-0.770738,0.036587,0,0,0,0
-0.669563,0.033027,0.410702,-0.091446,0.577002,-0.372406,0.326835,0,0,0,0
-0.963807,-0.160631,0.325876,-0.059107,0.724803,-0.579936,-0.786588,0,0,0,0
-0.959414,0.120086,0.024490,-0.279906,1.119008,0.776148,-0.776400,0,0,0,1
0.165115,-1.211325,1.544186,0.240879,0.211242,-0.759276,-0.154979,0,0,0,0
-0.733442,0.949177,0.690300,-0.369174,0.910129,-0.338070,-0.414578,0,0,0,0
-0.666981,-0.940626,0.944034,-0.089187,0.830740,-0.061940,0.310327,0,0,0,0
-0.976910,0.769261,0.460135,-0.850792,1.067323,-0.434371,-0.738890,0,1,0,0
-0.646331,-0.792100,2.296889,0.258436,0.507760,-0.090246,0.566571,0,0,0,0
-1.209870,0.863791,1.412477,-0.351705,1.962168,-0.259698,-0.123056,0,0,0,1
0.266009,-1.195484,0.545635,0.371037,0.903906,-0.737019,0.077484,0,0,0,0
-0.650077,1.284998,0.193631,-0.371802,2.294242,-0.544876,-0.082218,0,0,0,0
-0.958157,-0.715425,1.915041,0.319199,1.215686,-0.783903,-0.506880,0,0,0,0
-1.511584,0.314793,1.117302,-0.759434,2.470127,-0.034108,-0.435124,0,0,1,0
-0.247343,0.378589,0.827580,-0.473501,1.238997,-0.141769,0.458425,0,0,0,0
-0.880430,1.525501,0.795151,-0.792505,2.497949,-0.557359,0.222981,1,0,0,0
-0.456950,-0.554053,0.719183,0.705181,0.233592,-0.903994,-0.105521,0,0,0,0
-1.215964,0.770754,1.318698,-0.552892,1.699590,-0.966009,-1.001688,0,0,0,0
-0.283777,0.496643,0.952042,-0.150417,1.780621,-0.591157,0.184588,0,0,0,0
-0.861175,1.729761,0.724798,-1.082680,2.885785,-0.633182,0.097907,0,0,0,0
-0.755242,-0.519520,1.778796,-0.178621,0.409796,-0.106746,-0.897635,0,0,0,0
-1.949685,-0.526112,1.114762,-1.011890,2.315704,-0.990235,-1.719889,0,0,1,0
-0.100422,-1.152213,1.238109,0.548085,0.080796,-0.397160,-0.265990,0,0,0,0
-1.414426,0.013499,1.819380,0.462441,1.585980,-0.576210,-0.384487,0,0,0,1
-0.299895,-0.469026,1.331406,0.095803,1.389045,0.020013,0.751474,0,0,0,0
-1.038151,1.492174,1.182635,-0.891857,2.803012,-0.443085,-0.466643,0,0,0,0
-0.760617,-0.337003,2.099056,0.281828,1.199577,-0.027038,-0.369396,0,0,0,0
-1.632509,-0.041630,0.974936,0.000210,3.932247,-0.191141,-0.451243,1,0,0,0
0.376627,-0.926642,0.688241,0.255067,1.073563,-0.844037,0.115878,0,0,0,0
-0.494340,1.560017,0.013744,-0.620577,2.360200,-0.464184,-0.121565,0,1,0,0
-0.495395,-0.744512,2.285920,0.358537,0.846532,0.560887,0.879087,0,0,0,0
-1.211556,1.243692,1.013489,-1.930218,1.867082,0.600541,-0.388112,0,0,1,0
-0.018532,-0.808369,0.951150,0.202639,0.055901,1.517514,0.096925,0,0,0,0
-1.094405,0.764901,1.373178,-0.248970,1.459937,-0.780409,0.091748,0,0,0,0
-1.295941,-0.977626,2.274532,-0.179692,0.550408,-1.000553,-0.602455,0,0,0,0
-1.746809,0.215437,1.688989,-1.152862,1.928031,-0.467657,-1.109518,0,0,0,1
0.291454,-0.246749,0.247164,-0.099954,0.399374,-0.535595,0.142709,0,0,0,0
-0.612399,1.571512,0.268942,-0.717620,2.314439,-0.824896,-0.000310,0,0,0,0
-0.887919,-0.481182,1.343535,-0.147412,0.824796,-0.986608,0.109381,0,0,0,0
-1.392945,0.361184,0.276250,-2.272575,0.584328,-0.889015,-0.774916,1,0,0,0
-0.885381,0.333146,1.905429,0.121616,0.991300,-0.283588,1.409470,0,0,0,0
-1.630901,1.136264,2.947536,-0.917117,1.800966,-0.581730,-0.153801,0,1,0,0
0.068777,-0.743358,0.493218,0.490008,0.346549,-1.206148,-0.423290,0,0,0,0
-1.017635,1.209697,1.041494,-0.830458,1.799949,-0.261014,-0.134496,0,0,0,0
-0.618580,-0.399157,1.084413,-0.284548,0.752976,-1.300059,-0.074331,0,0,0,0
-1.221079,0.928925,0.683813,-1.539287,2.046400,-0.615366,-0.876868,0,0,0,1
-0.320675,0.066808,1.414848,-0.271140,1.225096,0.391884,0.657120,0,0,0,0
-1.065885,1.929340,1.593801,-1.986111,1.780806,-0.718527,-0.209899,0,0,1,0
0.103610,-0.791992,1.112550,0.043466,0.143491,0.151408,0.607616,0,0,0,0
-0.887998,1.184534,0.809601,-0.840799,1.689753,-0.041828,-0.714515,0,0,0,0
-0.306000,0.961403,0.821413,-0.620482,1.132143,-0.202052,-0.401408,0,0,0,0
-0.548319,2.020802,0.064791,-1.497576,2.254256,2.019482,-0.312098,0,0,0,0
-0.800088,-0.461114,1.209963,-0.757884,0.253726,-1.137505,-1.152395,0,0,0,0
-1.572105,0.516570,0.917482,-2.278702,1.658013,-1.124197,-1.602377,1,0,0,0
-0.150464,-1.113485,0.679104,0.111526,0.004476,-0.902510,0.136142,0,0,0,0
-1.064899,0.810205,0.949772,-0.857870,1.067879,-0.798818,0.173285,0,0,0,1
-0.356520,1.031576,0.728168,-0.156852,1.413444,-0.716230,0.863014,0,0,0,0
-0.765107,2.017183,0.722848,-1.534789,2.508006,-0.505742,-0.337657,0,0,0,0
-1.226262,0.283584,2.565550,-0.419550,0.884314,-0.991502,-0.150034,0,0,0,0
-1.099765,0.767807,0.324819,-0.697642,2.801576,0.075514,-0.011457,0,0,1,0
0.300213,-0.447961,0.575390,0.435995,0.261089,-0.806210,0.106758,0,0,0,0
-0.637723,1.507398,-0.073015,-0.935147,2.788187,-0.721867,-0.199387,0,1,0,0
-0.840424,0.452374,1.000637,-0.404577,0.986428,-0.974628,0.208691,0,0,0,0
-1.699473,0.555746,1.715787,-1.722649,1.974199,-0.818122,-0.414187,1,0,0,0
-0.572907,0.141963,1.072557,-0.400550,0.976149,-0.460492,0.890489,0,0,0,0
-1.241697,1.303507,1.482389,-1.466450,1.864520,-0.524781,-0.043456,0,0,0,0
-1.128195,0.039937,1.877906,-0.451544,0.899577,-0.780290,-0.887823,0,0,0,0
-1.528252,0.843322,1.738833,-1.331931,2.201787,-0.301695,-0.941968,0,0,0,1
0.237304,-0.807571,1.072897,0.231877,-0.010307,-0.745269,-0.068828,0,0,0,0
-0.831341,1.373230,0.667763,-0.920811,2.340209,-0.505254,-0.150091,0,0,0,0
-1.458588,-0.072826,1.947037,-0.238055,1.007404,-1.147342,0.587202,0,0,0,0
-1.885609,0.036683,1.520388,-1.811259,1.668642,-0.214764,-1.413698,1,0,0,0
-1.134772,0.346554,1.827680,-0.290362,0.910955,-0.858503,-0.336494,0,0,0,0
-1.641332,1.065661,2.920311,-0.751593,1.995174,-0.560720,0.043846,0,1,0,0
-0.018401,-0.664071,1.154634,0.414197,-0.152148,-1.197415,-0.020748,0,0,0,0
-1.155021,1.131435,1.371047,-1.079331,1.801262,-0.447057,-0.043554,0,0,0,0
-1.551017,-1.914944,2.656045,-0.219731,-0.448943,-1.153765,-1.184518,0,0,0,0
-2.751505,-1.539105,2.461930,-1.297982,1.100413,0.368777,-2.093557,0,0,0,1
-1.170794,-1.030627,2.984790,0.713307,0.863245,-0.924600,1.071318,0,0,0,0
-2.058855,0.105285,2.739002,-0.862692,2.198182,-0.446176,-0.270539,0,0,1,0
-0.200106,-1.550239,0.802416,0.608404,0.973836,-0.913292,0.281828,0,0,0,0
-0.968148,0.775827,0.101835,-1.076738,1.737573,-0.827347,-0.714298,0,0,0,0
-0.241710,0.888665,0.584471,-0.603476,1.578109,-0.837168,0.074064,0,0,0,0
-0.726960,2.077833,0.636463,-1.557047,2.641689,-0.366301,0.072757,0,0,0,0
-0.932373,0.137312,1.737549,-1.679794,-0.582752,-1.407847,-0.900780,0,0,0,0
-1.776326,0.565050,1.745569,-2.484565,1.361042,-0.375764,-1.451105,0,1,0,0
-0.429446,-0.772794,1.280354,0.351514,0.457015,-1.010873,0.065615,0,0,0,0
-1.126515,0.953036,1.069358,-0.779953,2.060644,-0.407650,0.068796,1,0,0,0
-0.634987,1.028122,0.393081,-0.525809,1.792910,-0.823105,0.074348,0,0,0,0
-0.998444,1.775244,0.999549,-1.769156,2.674908,-0.634154,0.076305,0,0,0,0
-0.528912,0.251680,0.757241,-0.182946,1.373527,-0.442323,0.056411,0,0,0,0
-1.214277,1.009852,0.834407,-1.458385,1.692899,0.321213,-0.571519,0,0,0,1
0.268770,-1.085860,1.078836,0.079449,0.237804,-0.395324,-0.565372,0,0,0,0
-1.022776,1.228607,0.950596,-1.170128,2.234322,-0.596276,-0.520461,0,0,1,0
-0.456239,-0.300556,0.744955,-0.019916,1.646593,-0.652422,0.949955,0,0,0,0
-0.793106,1.260839,-0.056030,-0.692947,3.018320,1.569166,-0.394886,1,0,0,0
-0.189242,0.012695,0.871667,-0.126611,1.233954,-0.306589,1.097924,0,0,0,0
-0.995038,1.460152,0.938781,-1.054805,2.618807,-0.728492,0.463145,0,0,0,0
-0.757568,-0.093919,1.499876,-0.588520,0.905388,-0.870372,-0.243036,0,0,0,0
-1.398673,1.132042,1.547587,-1.943016,1.549854,-0.371004,-0.904961,0,0,1,0
0.251955,-0.782909,1.149174,0.381304,0.872812,-1.195463,0.313073,0,0,0,0
-0.608406,1.621565,0.618019,-0.626311,1.968731,-0.303317,0.138888,0,0,0,0
-0.646976,0.487827,0.725430,-0.816820,1.077795,-0.664559,0.137547,0,0,0,0
-1.027521,1.361794,0.705750,-1.379266,2.328787,-0.115883,-0.453643,1,0,0,0
0.132367,-1.154451,1.381908,0.555377,0.505787,-0.839849,-0.133484,0,0,0,0
-0.844555,1.326747,1.194301,-0.374468,1.872586,-0.480556,-0.073614,0,0,1,0
-0.418642,0.421709,0.864171,-0.297184,1.563082,-1.126729,1.251598,0,0,0,0
-0.888434,1.761972,0.828762,-1.427404,2.502570,1.258074,0.115467,0,1,0,0
-0.407837,-0.317213,0.887286,-0.242649,1.398879,-1.061264,0.729536,0,0,0,0
-1.027034,1.579621,1.046550,-1.466347,2.243981,0.108572,-0.414575,0,0,0,1
0.544269,-1.640779,0.972431,0.539777,0.252322,-0.148434,0.981186,0,0,0,0
0.709059,-1.995585,1.185463,0.716964,-0.210823,0.136834,-0.039656,0,0,0,0
-0.548027,-2.369572,1.810385,0.005368,0.007237,-1.164641,-1.267737,0,0,0,0
-1.638120,-0.669667,1.303667,-0.883529,0.229386,-0.493780,-1.617697,0,0,0,0
-2.640200,-1.766897,1.486451,-1.651347,1.072354,-0.789346,-2.221912,0,0,0,0
-2.817682,-1.920137,1.853943,-1.722257,0.863886,-0.312711,-2.269198,0,0,0,0
-3.007968,-2.376569,1.808580,-1.608617,1.084751,-0.603622,-2.291177,0,0,0,0
-3.121030,-2.525262,2.036888,-1.628248,0.699794,-0.672580,-2.299705,0,0,0,0
-2.971832,-2.180207,2.199757,-1.605348,0.403751,0.132074,-2.183215,0,0,0,0
-0.906979,0.579685,1.940694,-0.071849,-0.778906,2.089672,-0.795323,0,0,0,0
-0.619020,0.030824,-0.080863,-0.912164,-1.426232,0.167209,-0.826926,0,0,0,0
-2.332097,-2.559362,1.156740,0.457402,0.950260,0.020456,-2.042266,0,0,0,0
-1.221368,-5.739095,0.149454,1.230074,-3.503908,0.043959,-1.689527,0,0,0,0
-1.188821,-5.135800,-0.103061,1.496502,-2.583550,1.823716,-1.801530,0,0,0,0
-0.318353,-0.082211,-0.512574,-0.929518,-0.785223,2.115287,-0.749405,0,0,0,0
-0.989006,-1.286251,0.078635,0.451932,-0.104408,0.343977,-0.872058,0,0,0,0
-2.227613,-1.331174,2.056668,-0.467158,1.470948,0.037800,-1.905756,0,0,0,0
-1.717893,-2.523701,-0.275333,-1.871745,-0.161392,1.476341,-2.073438,1,0,0,0
0.148134,0.077804,-0.271112,-0.280476,-1.224748,1.983647,0.038522,0,0,0,0
-0.241719,-0.182716,-0.461282,-0.486924,-1.376654,0.030019,-0.524856,0,0,0,0
-0.502844,-0.500215,-0.329682,-0.700729,-1.450085,-0.534009,-0.664865,0,0,0,0
-0.788399,-1.397471,-1.018676,-1.672615,-2.247991,-0.692403,-0.631405,0,1,0,0
-0.388268,-0.815652,0.038662,0.083355,-1.704692,-0.775806,-0.667060,0,0,0,0
-0.542521,-0.965642,-0.349419,0.262444,-1.990158,0.199460,-0.575389,0,0,1,0
-0.272143,-0.327261,-0.165679,0.287858,-1.009930,-0.202422,-0.811528,0,0,0,0
-0.737005,-0.586077,-0.471337,-0.245057,-0.865780,-0.235568,-1.358108,0,0,0,0
-0.859191,-0.848242,-0.237974,-0.558006,-1.429681,0.202745,-1.361245,0,0,0,0
-1.612859,-1.551824,0.251433,0.133523,0.230542,-0.589415,-1.896676,0,0,0,1
0.031571,-1.370870,-0.343437,0.831531,-1.560830,-0.139849,-1.260871,0,0,0,0
-0.384148,0.200333,-0.038946,0.075880,-0.182544,0.315737,-0.933905,0,0,0,0
-1.242822,-0.371944,0.242787,-0.034548,1.016148,-0.721815,-1.963456,0,0,0,0
-1.887356,-1.535145,0.186877,-0.155890,1.671176,-0.643457,-2.139291,1,0,0,0
0.061042,-0.227524,0.197789,-0.101729,-1.032528,0.796723,-0.061159,0,0,0,0
-0.449227,-0.608957,0.543920,0.782457,-0.737564,-0.415923,-0.548425,0,0,0,0
-0.579073,-0.697329,0.210157,0.177063,-0.371357,0.107134,-0.630719,0,0,0,0
-1.040917,-1.560774,-0.141000,-0.316367,-1.658718,0.357751,-0.588287,0,0,1,0
-0.183499,-0.361271,0.122398,0.054004,-1.128649,0.638287,-0.534059,0,0,0,0
-0.696206,-0.518979,0.218143,0.429052,-0.616009,-0.721913,-0.817728,0,1,0,0
0.243642,-0.812133,-0.211563,0.414107,-0.389612,-0.080157,-0.931390,0,0,0,0
-0.097527,-0.025071,-0.406879,0.444463,-0.384094,-0.622139,-0.782336,0,0,0,0
-0.328046,0.303624,-0.410609,0.039424,-0.094775,-0.332899,-0.930357,0,0,0,0
-0.538156,0.369814,-0.137849,-0.153625,0.204437,-0.685746,-1.395821,0,0,0,0
-0.675199,0.532714,0.155753,-0.276815,0.617606,-0.547223,-1.414263,0,0,0,0
-0.823459,0.489289,0.116851,-0.536841,0.866186,-0.547265,-1.614422,0,0,0,0
-0.536448,0.903433,-1.164855,-1.466547,1.360916,-0.363017,-1.357912,0,0,0,0
-0.634949,1.196041,-0.552344,-1.571958,1.455538,-0.364419,-1.407868,0,0,1,0
0.975902,-0.638531,-0.531078,0.679562,-0.804405,-0.094740,1.099687,0,0,0,0
0.204134,-0.769674,-0.953766,0.696297,-0.054199,-0.743470,-1.201384,0,0,0,0
0.201924,0.967496,-1.254214,-0.013958,0.424631,0.122202,0.637987,0,0,0,0
0.679392,1.347612,-1.342238,-0.658087,-1.400671,2.425238,0.723728,1,1,0,0
0.645888,0.451483,-0.582173,-0.420197,-0.201323,0.349429,1.551169,0,0,0,0
0.866314,-0.350673,-0.998384,0.942534,-0.171159,0.533680,0.643780,0,0,0,0
0.931409,-0.318950,-0.489379,1.250742,-0.524805,0.411000,0.863230,0,0,0,0
0.911799,-0.584763,-0.460032,1.365120,-0.601439,0.092612,0.591819,1,0,0,0
0.999812,-0.102288,-0.533737,1.060918,-0.558653,-0.677484,1.063191,0,0,0,0
0.694708,0.006417,-0.687299,0.912471,-0.304460,-0.140616,0.293410,0,0,0,0
0.721467,0.149976,-1.016080,0.798670,-0.350688,-0.037015,0.509512,0,0,0,0
0.731573,0.070873,-1.016232,0.692629,-0.403581,-0.285752,0.357475,0,0,1,0
0.307623,0.925104,-0.683582,0.612863,0.819957,-0.485706,1.181738,0,0,0,0
0.345219,0.715267,-0.625498,0.680298,0.384583,-0.282799,0.442231,0,1,0,0
0.639222,0.622423,-1.406589,0.100712,-0.698536,-0.151470,0.521734,0,0,0,0
0.531111,0.680858,-0.967445,0.571307,-0.343018,0.236189,0.557881,0,0,0,1
0.863956,-0.143080,-0.242716,0.933416,-1.021603,0.698822,0.632605,0,0,0,0
0.100608,-0.364080,-0.446468,0.837985,0.004505,-0.685300,-0.451937,1,0,0,0
0.531644,0.996487,-1.316027,0.095343,0.188257,-0.413016,0.681903,0,0,0,0
0.298433,0.986796,-1.116512,-0.039812,0.423613,-0.437013,0.112224,0,1,0,0
0.779201,-1.052427,0.078210,1.176970,-1.011505,3.890818,0.378808,0,0,0,0
0.587543,-0.686463,0.245853,1.793314,-1.022808,0.013161,-0.135411,0,0,0,0
0.509702,1.052157,-1.049046,0.366422,0.309120,0.450450,0.949203,0,0,0,0
0.397257,1.181386,-0.954236,0.326446,0.426543,-0.014203,0.425666,0,0,1,0
0.861441,-0.380298,-0.450817,0.780452,-0.610772,-0.475016,1.503556,0,0,0,0
0.502733,-0.124091,-0.653094,0.847123,-0.843690,-0.090922,0.635658,0,0,0,1
0.449801,0.511329,-1.298345,0.350498,-0.057858,-0.436395,0.451306,0,0,0,0
0.492787,0.795854,-0.886711,0.113329,-0.475682,0.618879,0.415095,1,0,0,0
0.209242,0.837498,-0.473311,0.400188,0.080260,-1.000885,0.373325,0,0,0,0
0.165561,0.682002,0.182899,0.357563,0.038575,-0.075812,0.139479,0,0,0,0
0.419741,0.939581,-0.720334,0.479829,0.226501,-0.849184,0.963718,0,0,0,0
0.327180,1.081721,-0.585629,0.120110,0.382212,-0.095613,0.532858,0,0,1,0
0.849592,0.007110,-0.498072,0.780850,-0.545082,0.119779,1.139919,0,0,0,0
0.310605,-0.309119,-0.456863,0.816547,0.068544,-0.310008,-0.174256,0,1,0,0
0.041639,1.336946,-0.767324,-0.025185,1.750803,0.007304,0.391801,0,0,0,0
0.843930,-1.489586,-0.631107,1.256385,-1.313728,0.284145,-0.129424,1,0,0,0
0.436884,0.785046,-0.737488,-0.152078,0.033134,0.021816,0.789596,0,0,0,0
0.349152,0.760755,-0.617871,-0.211286,-0.225078,0.192118,0.632995,0,0,0,0
-0.133335,-0.281584,0.255608,0.857087,-0.708298,-0.285474,-0.014953,0,0,0,0
-0.096762,-0.288215,0.175362,0.855042,-0.875482,-0.060963,0.229174,0,0,0,1
0.896271,-0.199468,-0.676375,0.595324,-0.668035,-0.723678,1.353215,0,0,0,0
0.483274,0.305552,-0.620359,0.605492,-0.476029,0.082689,0.751257,0,0,0,0
0.338497,0.254599,-0.618675,0.643060,-0.539391,0.081019,0.674796,0,0,0,0
0.309279,0.092039,-0.215837,0.753168,-1.184865,-0.150275,0.442572,1,0,0,0
0.604864,1.202499,-0.693580,0.011226,-0.289380,0.435883,1.514818,0,0,0,0
0.593692,-0.059541,0.069052,0.367071,0.063736,1.504678,0.023526,0,0,0,1
0.345892,1.374978,-1.004894,-0.216150,0.386779,-0.037387,0.998299,0,0,0,0
0.123253,1.187687,-0.615489,0.317411,0.730272,-0.642589,0.595207,0,1,0,0
0.823897,-0.408103,-0.438264,1.179627,-0.246010,-0.361712,1.188618,0,0,0,0
0.104452,-0.182610,-0.098276,0.788865,0.053873,-0.603570,-0.451694,0,0,0,0
0.479418,0.774744,-0.720239,0.436212,-0.193456,-0.953336,0.777902,0,0,0,0
0.463491,0.514153,-0.155147,0.604851,-0.847535,0.122722,0.614336,0,0,1,0
0.273409,0.331496,0.317815,0.798441,-0.947571,-0.466541,1.252736,0,0,0,0
0.310714,0.285911,0.312892,1.014512,-0.974846,-0.286295,0.632925,1,0,0,0
0.349304,0.592187,-0.288176,0.568704,-0.483945,-0.979439,1.216432,0,0,0,0
0.204542,0.525120,-0.234769,0.563659,-0.465248,0.504094,0.367268,0,1,0,0
0.887685,-0.252731,-0.278931,1.179458,-0.382874,-0.903207,1.024007,0,0,0,0
0.417344,0.137769,-0.678635,0.811992,-0.167546,-0.451747,-0.323908,0,0,0,0
0.142689,1.118303,-0.375691,0.253366,-0.007190,-0.381601,0.359991,0,0,0,0
0.067873,1.196943,-0.038294,0.083215,0.147764,0.105675,0.270715,0,0,0,1
-0.112280,1.022146,0.039468,0.185731,0.725041,0.214121,1.046420,0,0,0,0
-0.494109,1.610548,0.376974,-1.132885,1.243090,-0.207026,-0.313256,0,0,0,0
0.003791,1.413449,-0.951411,-0.672823,1.480298,-0.700350,-0.123880,0,0,0,0
0.013871,1.317460,-0.435858,-0.125767,1.108486,-0.403401,-0.270918,1,0,0,0
0.857498,-0.660026,-0.356792,1.177932,-0.038040,1.389264,1.072978,0,0,0,0
0.309511,-0.107490,-0.464021,0.728221,0.242196,-0.502040,-0.218517,0,1,0,0
1.281883,-1.152870,0.411366,-0.086258,-0.691271,0.195392,0.728603,0,0,0,0
1.205388,-1.231657,0.028476,-0.543055,-1.273913,0.316395,0.516869,0,0,1,0
0.607545,-0.397779,-0.282718,0.045778,-0.101571,-0.727388,0.665904,0,0,0,0
-0.022289,0.748265,-0.036732,-0.195786,1.115833,-0.433744,-0.176211,0,0,0,0
0.582851,0.527279,-0.192286,-0.006500,-0.840549,0.828810,0.487142,0,0,0,0
0.377122,0.990781,-0.658304,0.222058,-0.522011,0.372561,0.315895,1,0,0,0
0.949378,0.057034,-0.151565,0.823994,-0.380633,-0.249906,1.523484,0,0,0,0
0.268984,0.108339,-0.581002,0.248518,0.142507,-0.685073,-0.336671,0,0,0,0
0.472233,1.653275,-0.593237,-0.166699,-0.194635,0.330215,0.732853,0,0,0,0
0.410813,1.279828,-0.978753,0.090456,0.059171,-0.083565,0.615468,0,0,1,0
0.288392,0.871587,-1.097041,-0.062905,-0.123280,-0.204936,0.499254,0,0,0,0
0.446446,0.706419,-0.724577,0.418409,-0.889085,0.160330,0.234632,0,1,0,0
0.585256,0.981260,-1.444249,0.290749,0.142448,-0.243105,0.657881,0,0,0,0
0.465855,0.823190,-0.803036,0.679488,-0.293280,-0.530663,0.672993,0,0,0,1
0.732859,-0.328247,-0.377781,1.091055,-0.360270,-0.516892,0.651216,0,0,0,0
0.608712,-0.992838,-0.062576,1.400343,-1.121689,-0.733700,-0.201612,0,0,0,0
0.767048,1.232182,-1.189974,0.028109,-0.257131,-0.100530,0.945054,0,0,0,0
0.689754,0.536542,-0.865556,0.375938,-1.050250,0.813352,0.678072,1,0,0,0
0.572365,0.733374,-0.524499,0.248824,-1.052709,-0.196443,1.228353,0,0,0,0
0.394075,1.033730,-0.392782,-0.396532,-0.763661,0.701847,0.396765,0,1,0,0
0.408445,0.956050,-1.023397,-0.160697,0.130485,-0.424692,0.724358,0,0,0,0
0.431025,1.016143,-1.026989,0.050966,-0.246246,-0.736847,0.547758,0,0,1,0
0.855802,-0.743613,-0.017469,1.083600,-0.477835,-1.010628,0.895337,0,0,0,0
0.493434,-0.993367,0.299914,1.016845,-0.992827,-0.180789,-0.174721,0,0,0,0
0.662588,0.714413,-1.451308,0.188334,-0.404612,0.114128,0.687541,0,0,0,0
0.328291,1.099453,-1.164654,-0.380197,0.218416,0.059024,0.447441,0,0,0,1
0.414618,1.267126,-1.035989,-0.112780,0.176773,0.288594,0.510630,0,0,0,0
0.411175,1.136616,-0.597818,0.295829,-0.104075,0.020455,0.254366,1,0,0,0
0.577891,0.754260,-1.161661,0.269583,-0.362009,-0.311272,0.439006,0,0,0,0
0.080622,1.745422,-0.094891,-0.302095,0.799171,-0.597860,0.431810,0,1,0,0
0.914216,-0.530962,-0.310834,1.284232,-0.497519,0.374399,1.173209,0,0,0,0
0.114332,-0.498169,0.040252,1.150754,-0.177386,-1.045587,-0.324470,0,0,0,0
-0.178944,1.176338,-0.006920,0.177221,1.412198,-0.148735,0.219487,0,0,0,0
0.174968,1.718079,-0.600075,0.032674,1.094615,-0.150335,0.744689,0,0,1,1
0.694344,0.693626,-0.538116,0.141200,-0.271293,0.249585,0.967989,0,0,0,0
0.877332,-0.168831,-0.758941,0.850654,-1.142166,0.147456,0.579667,0,0,0,0
0.917195,-0.295881,-0.492711,0.700554,-1.256957,-0.016139,0.580770,0,0,0,0
0.928196,-0.313223,-0.153689,0.904865,-1.250895,0.576762,0.392499,1,0,0,0
0.920161,-0.352079,-0.355563,0.882274,-0.533045,-0.148441,0.987153,0,0,0,0
0.626457,-0.613974,-0.670043,0.941346,-0.722169,0.123859,-0.472980,0,0,0,0
0.644312,-0.037623,-0.640324,0.717175,-0.152686,-0.740454,0.746040,0,0,0,0
0.653220,0.231664,-0.335225,0.807219,-0.489870,-0.003400,0.664377,0,1,0,0
0.450517,0.788793,-0.776627,0.361165,-0.040120,-0.428689,0.860867,0,0,0,0
0.475262,0.676037,-0.292875,0.790897,-0.308619,0.085183,0.973254,0,0,1,0
0.960612,-1.224600,-0.747836,1.363740,-1.622058,0.589685,0.024056,0,0,0,0
0.903951,-1.572759,-0.807265,1.315781,-1.412095,1.304727,-0.432049,0,0,0,1
1.078475,-0.269027,-0.711423,0.769030,-0.988831,0.530823,1.360021,0,0,0,0
0.668816,-0.141382,-1.059167,0.573594,-1.052909,-0.341993,0.612424,0,0,0,0
0.866601,0.307094,-1.369220,0.050948,-0.759248,-0.098966,0.986799,0,0,0,0
0.496590,0.938113,-0.888894,0.212289,-0.632313,-0.185452,0.466452,0,0,1,0
0.373730,0.892962,-0.540207,0.419873,-0.626359,-0.907590,1.284237,0,0,0,0
0.375775,0.750944,-0.841522,0.097176,-0.679266,0.046073,0.453419,1,0,0,0
0.548595,0.718247,-1.400014,-0.113188,-0.667084,-0.439804,0.906719,0,0,0,0
0.325634,1.021882,-1.052414,-0.189857,0.114646,-0.119519,-0.024584,0,1,0,0
1.043729,-0.209030,-0.637642,1.149565,-0.837440,0.062397,1.224117,0,0,0,0
0.755375,0.071652,-0.921199,0.838349,-0.842443,0.067552,0.513914,0,0,0,0
0.463575,0.300040,-0.627570,0.841696,-0.632828,-0.715450,0.299717,0,0,0,0
-0.017296,0.712794,0.335675,0.339031,-0.065978,-0.428745,0.062017,0,0,0,1
0.671466,0.108378,-0.586378,1.052134,-0.513940,-0.532136,1.673007,0,0,0,0
0.423462,-0.337587,-0.606706,0.786979,-0.653292,-0.414466,0.557814,0,0,0,0
0.579171,0.089184,-0.679491,1.069225,-0.482178,-0.503360,0.548706,0,0,0,0
0.582844,-0.176482,-0.391319,1.038630,-1.024399,-0.492352,0.145050,0,0,1,0
1.012685,-0.020440,-0.170945,0.859892,-0.751233,-0.158980,1.589509,0,0,0,0
0.542090,0.001993,-0.503262,0.598282,-0.601268,-0.706657,0.368184,0,1,0,0
-0.140400,1.543681,-0.187564,-0.242745,1.654578,-0.670385,-0.091851,0,0,0,0
-0.359397,1.466317,0.100051,-0.438244,1.760333,-1.078070,0.106117,0,0,0,1
0.586865,0.848355,-0.976446,0.364362,-0.294125,0.173085,1.286765,0,0,0,0
0.558815,0.346045,-0.814149,0.699311,-0.545807,-0.509014,0.434334,0,0,0,0
-0.047554,1.660196,-0.125954,-0.473628,0.850187,-0.335308,0.231668,0,0,0,0
0.542270,-0.935715,1.150826,1.083768,-1.947577,6.813422,0.217851,1,0,0,0
0.949389,-0.295654,-0.201677,1.074776,-0.286958,-0.575196,1.122463,0,0,0,0
0.552670,0.324446,-0.603913,0.591299,0.067489,-0.636485,0.260362,0,0,0,0
0.376158,0.682363,-0.409015,0.752455,-0.525584,-0.602303,0.308365,0,0,0,0
0.332955,0.718550,-0.481643,0.442168,-0.805629,-0.350146,0.493531,0,1,0,0
0.045197,1.663520,-0.667935,-0.424356,1.383953,-0.038514,0.311253,0,0,0,0
-0.083244,1.775866,-0.276356,-0.481609,1.216507,-0.235730,0.496940,0,0,1,0
0.635769,-1.046588,0.267061,1.315092,-1.471238,0.100173,0.421422,0,0,0,0
-0.014330,-1.877176,0.390267,2.194737,-1.664366,-0.300398,-0.232875,0,0,0,1
0.961052,-0.258702,0.010351,1.031369,-0.382116,1.052294,1.454311,0,0,0,0
0.378894,-0.215310,-0.507333,0.910362,-0.097318,-0.150742,0.705328,0,0,0,0
0.407952,0.508616,-0.738569,0.482258,-0.372312,-0.304292,0.368570,0,0,0,0
0.232010,0.618306,-0.661704,0.501794,-0.352151,-0.407224,0.753322,0,0,1,0
0.091945,0.838323,-0.332916,0.414844,-0.017185,-0.413156,0.932698,0,0,0,0
0.266399,0.605650,-0.081231,0.758741,-0.189370,0.083166,0.505356,1,0,0,0
0.524367,0.617440,-0.616058,0.747276,-0.606128,-0.011763,0.629768,0,0,0,0
0.485407,0.302328,-0.458482,0.952038,-0.314362,0.119232,0.309226,0,1,0,0
0.962229,-0.295987,-0.001756,1.414480,-0.402441,-0.317655,1.628047,0,0,0,0
0.356687,-0.233637,-0.289789,1.294470,0.056502,-0.744100,0.494102,0,0,0,0
0.579899,0.562913,-1.003629,0.988530,0.218489,0.242275,0.647600,0,0,0,0
0.558470,0.224764,-1.012723,0.939712,-0.156962,0.952279,0.259477,1,0,0,0
0.417425,0.370469,-0.727035,0.900950,-0.088727,-0.186520,1.004035,0,0,0,0
0.407574,0.386601,-0.412888,0.889334,-0.957402,-0.515755,0.582737,0,0,1,0
-0.124335,1.395206,-0.370897,-0.361848,1.283445,-0.016615,0.261327,0,0,0,0
-0.290941,1.443730,-0.217193,-0.252193,2.029012,0.127135,-0.065417,0,0,0,1
0.956782,-0.626206,-0.851260,0.750312,-0.351420,0.425482,0.743532,0,0,0,0
0.251622,-0.246551,-0.615850,0.778107,0.423623,-0.631330,-0.069175,0,0,0,0
0.866488,1.150335,-0.549560,-0.006981,-1.005397,0.699450,0.907023,0,0,0,0
0.437587,0.850836,-1.586226,-0.312082,-0.292529,1.303969,0.696915,0,0,1,0
0.173427,0.894633,-0.509031,-0.053126,0.951568,0.574159,0.617209,0,0,0,0
-0.094137,1.262353,-0.513921,-0.227980,1.305538,-0.450059,0.369192,0,0,0,0
0.528522,0.294472,-0.955973,0.874557,-0.225272,0.035392,0.598303,0,0,0,0
0.532047,0.261460,-0.591649,0.810365,-0.527798,0.173126,0.819686,0,1,0,0
0.988174,-0.171057,-0.411458,0.977227,-0.342951,-0.750666,0.979995,0,0,0,0
0.398126,0.146873,-0.665340,0.438520,0.000302,-0.552420,-0.466426,0,0,0,0
0.668175,0.588055,-0.997119,0.883949,-0.324750,0.774956,0.988724,0,0,0,0
0.400657,0.794465,-0.771922,0.513287,-0.218345,-0.227469,0.878306,0,0,0,1
0.254610,1.121951,-0.838877,0.187499,1.256562,-0.444732,0.671669,0,0,0,0
-0.280487,1.840738,-0.445671,-0.865411,2.156736,-0.175260,-0.329253,0,0,1,0
0.573801,1.023884,-0.946121,0.313172,-0.028790,0.707246,0.613940,0,0,0,0
0.582402,0.487720,-1.089642,0.697138,-0.440420,1.042167,0.283968,1,0,0,0
1.012338,-1.024100,-0.364914,1.393097,-1.305003,2.502405,0.652910,0,0,0,0
0.649014,-0.654063,-0.669147,1.468485,-1.513964,-0.479381,-0.027186,0,0,0,0
0.556883,1.155705,-1.374307,-0.233909,-0.302336,-0.340424,0.948767,0,0,0,0
0.313532,1.104609,-1.121136,-0.299395,-0.239995,-0.054629,0.886815,0,1,0,0
-0.081513,0.808543,-0.409925,-0.466292,0.392380,-0.839809,0.036432,0,0,0,0
-0.290405,1.762924,-0.502617,-1.422119,1.537443,0.178883,0.051782,0,0,1,0
0.578100,0.801875,-1.252737,-0.124386,-0.633699,-0.269236,0.953753,0,0,0,0
0.381399,1.190926,-0.860787,-0.312704,-0.761035,-0.239401,0.340040,0,0,0,1
0.897587,-0.410442,-0.292031,1.109553,-0.356623,-0.080518,0.691164,0,0,0,0
0.342803,-1.238232,-0.327101,1.871879,-0.602335,-0.647534,-0.592672,0,0,0,0
0.736825,1.277118,-1.113129,-0.152127,-0.023360,1.365236,0.960907,0,0,0,0
0.658412,0.835995,-0.910247,0.047481,-0.460707,0.572813,0.554341,0,0,1,0
0.575816,0.909388,-0.723779,0.328470,-0.351602,-0.579594,0.911215,0,0,0,0
0.483789,0.927259,-0.577304,0.291218,-0.436583,-0.177301,0.422039,1,0,0,0
0.914104,-1.012792,-0.361252,1.192482,-1.377795,4.139622,0.099090,0,0,0,0
0.542140,-0.620808,-0.663504,0.925477,-0.913187,0.120588,-0.669246,0,1,0,0
1.055331,-0.057106,-0.568893,0.732512,-0.705923,0.893557,1.205272,0,0,0,0
0.643456,0.481165,-0.883234,0.187548,-0.379340,-0.358206,0.418681,0,0,0,0
-0.096637,1.614083,-0.391946,-0.429890,1.616522,0.021362,0.326049,0,0,0,0
0.791457,-1.099477,-0.572807,1.352840,-1.166274,4.394325,-0.155999,1,0,0,0
0.665419,0.849590,-1.176481,0.167490,-0.430503,0.761631,0.807672,0,0,0,0
0.348166,1.251802,-1.003207,0.099281,0.386859,-0.018103,0.770224,0,0,0,0
0.481984,0.432955,-0.420821,0.720994,-0.517032,0.033473,0.535447,0,0,0,0
0.327292,0.687584,-0.354798,0.239626,-0.391763,-0.196408,0.434694,0,0,0,1
0.898813,-0.372897,-0.850115,0.904453,-0.081198,-0.630323,0.908257,0,0,0,0
0.399656,0.309606,-0.543800,0.793513,0.342066,-0.225299,-0.025911,0,1,0,0
0.579472,0.304186,-0.802159,1.015609,-0.161954,-0.440429,0.617248,0,0,0,0
0.415501,0.369579,-0.669450,0.789567,-0.473955,0.753896,0.245591,0,0,1,0
0.942807,-0.285222,-0.350581,0.855089,-0.568866,-0.610556,0.913438,0,0,0,0
0.898945,-1.180443,-0.562462,1.690131,-1.866944,1.245122,-0.006738,0,0,0,0
0.373404,1.227401,-1.050330,-0.197990,0.717340,-0.685283,0.947569,0,0,0,0
0.326939,1.209056,-0.747247,0.147159,0.705730,0.078883,0.764494,1,0,0,0
0.010380,1.743764,-1.156016,-0.608155,2.072377,0.024911,0.091602,0,0,0,0
0.535612,0.249498,-1.062339,0.875232,-0.319639,-0.203142,0.364123,0,0,1,1
1.100858,-1.061602,0.407423,-0.181280,-0.372673,1.033895,1.373871,0,0,0,0
1.182351,-1.254418,0.193297,0.119965,-0.752940,-0.182939,0.514912,0,0,0,0
0.713693,-1.287809,1.316236,0.011085,-0.229474,-0.365621,0.019206,0,0,0,0
-0.510006,-1.228649,1.042744,0.200149,0.324842,-0.069982,-1.635463,0,0,0,0
-1.698671,-1.215714,0.272148,-0.768590,0.785072,-0.895740,-2.173525,0,0,0,0
-2.270863,-1.225757,0.783365,-1.798071,1.597268,-0.417366,-2.246202,0,0,0,0
-2.313036,-1.246265,0.725468,-2.086413,1.723649,0.464102,-2.233466,0,0,0,0
-2.611381,-1.919184,0.608992,-2.394147,1.294335,0.154977,-2.273532,0,0,0,0
-2.688999,-2.086319,0.642998,-2.393477,1.098038,-0.375932,-2.286012,0,0,0,0
-2.825955,-2.324594,0.697658,-2.670016,0.665904,-0.565088,-2.291450,0,0,0,0
-2.872924,-2.287671,1.064743,-2.458975,0.595155,-0.432827,-2.295071,0,0,0,0
-2.927740,-2.429666,1.086199,-2.322276,0.656425,0.173042,-2.296915,0,0,0,1
0.767139,-0.845909,-0.191597,1.084837,-0.637426,-0.190859,1.370548,0,0,0,0
0.792769,-1.144142,-0.029185,1.418267,-0.634382,2.244017,0.801074,0,0,1,0
0.350615,0.160437,-0.577813,0.319766,-0.807127,0.952484,0.820341,0,0,0,0
0.004311,-0.749386,-1.269070,0.397376,-1.163633,0.667439,0.070094,0,0,0,0
-1.124655,0.178619,0.990895,-1.131775,-0.206029,-0.196334,-1.670526,0,0,0,0
-1.505572,-0.367224,1.230770,-1.499419,-0.368594,0.663099,-1.346226,1,0,0,0
0.808715,0.881555,-1.015953,-0.270423,-0.502493,0.340767,1.097190,0,0,0,0
0.942615,-0.429547,-1.163397,0.559401,-0.407803,0.403134,0.647985,0,0,0,0
1.105151,-0.453535,-0.609476,0.455087,-0.614437,0.538311,0.652103,0,0,0,0
1.023351,-0.509968,-0.616482,0.803882,-0.790891,0.753725,0.615100,0,0,0,0
0.929873,-0.306471,-0.653297,0.684391,-0.681880,-0.051373,0.646510,0,0,0,0
0.781822,-0.203182,-0.723582,0.565918,-0.992730,-0.309022,0.425656,0,0,0,1
1.100949,-0.826018,-0.148229,-0.195221,-0.569571,0.743206,0.558578,0,0,0,0
1.060878,-0.970815,-0.494452,-0.183700,-1.294006,0.700140,0.591208,0,0,0,0
1.137924,-1.040748,-0.096546,-0.159883,-0.921038,0.228816,0.395547,0,0,0,0
1.054661,-0.629623,-0.177411,-0.009574,-1.166153,-0.243850,0.692662,0,0,0,0
0.832678,-0.614600,-0.072516,0.313732,-0.622330,0.500004,-0.065658,0,0,0,0
0.915693,-1.396862,0.112535,1.118431,-1.312316,0.219816,-0.182825,0,1,0,0
0.833587,0.746183,-0.816873,-0.253598,-0.560958,-0.478467,0.604605,0,0,0,0
0.852896,0.358239,-1.063370,0.268305,-0.811731,-0.068765,0.732857,0,0,0,0
0.744922,0.428086,-0.906113,0.430700,-0.926601,-0.430276,0.508762,0,0,0,0
0.721256,0.403877,-1.228918,0.458859,-0.820530,-0.097611,0.551583,0,0,0,0
0.658286,0.164196,-1.019235,0.451889,-0.350714,0.444247,-0.244841,0,0,0,0
0.869128,-1.085700,-0.774907,1.245154,-1.075843,1.118737,-0.142024,0,0,1,0
1.101035,-0.652620,0.428453,-0.194278,-0.107915,1.205623,1.316154,0,0,0,0
1.152882,-0.896538,0.145450,-0.095199,-0.828727,-0.049106,0.790529,0,0,0,0
1.056178,-1.107529,0.032776,-0.140618,-0.970843,0.144075,-0.012791,0,0,0,0
1.019160,-0.962798,-0.191866,-0.103382,-1.245445,-0.516622,0.273243,0,0,0,0
0.867848,-0.306173,-0.232339,0.790370,-0.457677,0.539975,0.763297,0,0,0,0
0.925572,-0.880802,0.388742,0.756696,-0.514451,0.049392,0.967547,1,0,0,0
1.022436,-0.443714,-0.619418,1.102298,0.014627,0.087723,1.156006,0,0,0,0
0.875864,0.209524,-0.605128,0.480069,-0.584749,0.011011,0.561806,0,1,0,0
0.588739,1.343517,-0.479414,0.138981,-0.225113,-0.018054,1.080609,0,0,0,0
0.309365,1.166112,-0.238811,0.516715,0.411520,-0.184576,0.662819,0,0,1,0
0.477345,1.403226,-0.944646,0.104330,0.083293,0.096061,0.491297,0,0,0,0
0.518740,0.851330,-0.396397,0.145765,-0.059380,0.244486,0.694611,0,0,0,1
0.275502,1.093067,-0.662008,-0.242781,0.458906,0.246990,0.071770,0,0,0,0
0.152825,0.887261,-0.281300,-0.095157,0.533862,0.222696,0.528209,1,0,0,0
0.680632,0.539683,-0.627489,0.153905,-0.007515,-0.537527,0.952548,0,0,0,0
0.673841,0.410905,-0.818657,0.364165,-0.075600,0.241221,0.487190,0,0,0,0
0.732141,0.368008,-0.888101,0.669428,-0.439132,0.278862,0.717464,0,0,0,0
0.772490,0.223295,-0.705257,0.807337,-0.535108,-0.293901,0.662803,0,0,0,0
0.767486,0.482898,-0.803678,0.710667,-0.577458,0.168935,0.635593,0,0,0,0
0.451226,-0.239462,-1.035534,0.809258,-0.081019,-0.219676,-0.025859,0,0,0,1
1.137457,-0.903775,-0.030230,-0.383891,-0.532790,0.850337,1.159529,0,0,0,0
1.073471,-1.100438,-0.165306,0.034581,-0.551376,0.243112,0.502619,0,0,0,0
1.054820,-0.758521,-0.338933,0.342953,-0.350370,0.451879,0.965211,0,0,0,0
0.945258,-0.707771,-0.383604,0.082769,-0.973804,-0.176276,0.552874,0,0,0,0
0.961272,-0.219951,-0.258515,0.243659,-1.132128,0.074180,0.587017,0,0,0,0
0.826322,-0.155822,-0.289538,0.435047,-0.743460,-0.876777,0.616572,0,1,0,0
0.705906,0.534995,-0.385801,-0.262641,0.042172,0.545450,1.258121,0,0,0,0
0.907831,-0.357645,-1.117197,0.158081,-0.446462,0.525272,0.625946,0,0,0,0
0.876793,-0.358009,-0.844599,0.377657,-1.029371,0.137398,0.481790,0,0,0,0
0.894483,-0.468960,-0.778021,0.641568,-1.138923,-0.136907,0.448993,0,0,0,0
0.769137,-0.443867,-0.811974,0.646561,-0.414315,-0.518559,-0.155217,0,0,0,0
0.755674,-1.126295,-0.284667,1.301351,-1.410900,-0.663446,-0.376570,0,0,1,0
1.212610,-0.688677,0.125455,-0.394771,-0.457065,0.790051,1.375071,0,0,0,0
1.199174,-1.085494,-0.067352,-0.074624,-0.814633,0.960043,0.643923,0,0,0,0
1.057327,-0.924221,0.140957,-0.286533,-1.466247,-0.085694,0.615757,0,0,0,0
1.028536,-0.903438,-0.178440,0.090065,-1.085187,0.279572,0.508753,0,0,0,0
0.584787,-0.519132,-0.334197,0.604732,-0.612530,-0.379530,0.083443,0,0,0,0
0.755705,-0.923202,0.376844,0.757526,-0.754705,-0.296985,0.473974,1,0,0,0
1.146011,-0.423476,-0.347195,0.678724,-0.538866,0.747408,1.121636,0,0,0,0
0.892748,0.180354,-0.985546,0.072303,-1.051128,0.097534,0.783474,0,1,0,0
0.612609,1.033387,-0.495622,0.416687,-0.200338,0.168200,0.811436,0,0,0,0
0.339214,1.304658,-0.255530,0.227141,0.205712,-0.344248,0.610001,0,0,0,1
1.001310,-0.046782,-0.459151,0.765124,-0.826716,-0.002356,1.251409,0,0,0,0
0.511622,0.264195,-0.407643,0.487920,0.088220,0.005316,0.097692,0,0,1,0
1.093142,-0.859063,-0.525116,1.696082,-0.842405,0.753317,0.938838,0,0,0,0
0.952439,-1.307749,-0.306614,1.817938,-1.567272,-0.499287,-0.112679,0,1,0,0
0.701771,0.431952,-0.741270,-0.225410,0.118630,0.706708,0.924160,0,0,0,0
0.734150,0.092030,-0.611672,0.347791,-0.322127,0.237781,0.236295,0,0,0,0
1.025794,-0.802476,-0.703717,1.673767,-1.093439,1.347247,-0.010506,0,0,0,0
0.693349,-0.309983,-0.359082,1.027060,-0.358334,-0.082824,-0.182262,0,0,0,0
0.768290,-0.062735,-0.548646,0.781664,-0.564607,0.902949,-0.008875,0,0,0,0
0.572005,-0.309402,-0.302259,0.905337,-0.518180,-0.220964,-0.193938,0,1,0,0
1.089861,-0.845929,-0.121501,-0.569270,-0.362609,1.158129,1.340837,0,0,0,0
1.102215,-1.145274,0.177951,-0.385546,-0.770012,0.316569,0.678008,0,0,0,0
1.082086,-0.720384,0.205162,0.185736,-1.076002,0.255258,0.486659,0,0,0,0
0.956403,-0.653814,-0.012573,0.229120,-1.477428,-0.470232,0.329081,0,0,0,0
0.942496,-0.424381,-0.025783,0.205636,-1.152286,0.188700,0.370649,0,0,0,0
0.843401,-0.228007,-0.171316,0.211641,-1.422457,-0.075022,0.247171,0,0,0,1
0.818439,0.320657,-0.833042,0.283795,-0.157337,-0.020938,0.849723,0,0,0,0
0.812136,0.059760,-0.754679,0.367352,-0.554884,0.270321,0.545331,0,0,0,0
0.734680,0.426158,-0.842982,0.720991,-0.992522,0.047482,0.499708,0,0,0,0
0.650912,0.474017,-1.309310,0.608844,-0.478728,-0.287529,0.648074,0,0,0,0
0.547082,0.380280,-0.927501,0.594665,-0.594711,0.023068,0.505818,0,0,0,0
0.703807,0.367336,-0.668693,0.491316,-0.941372,1.026197,0.486164,1,0,0,0
1.067951,-0.243808,-0.189326,-0.028321,-0.425680,0.510913,1.210569,0,0,0,0
1.046779,-0.851027,0.047019,-0.062200,-1.018168,0.346704,0.549374,0,0,0,0
1.031092,-1.025466,0.162363,0.314608,-0.583535,0.044911,0.256287,0,0,0,0
0.883582,-0.727102,0.069963,0.486707,-0.849700,-0.148789,0.602493,0,0,0,0
0.737586,-0.597800,-0.277743,0.474759,0.084963,0.626746,-0.161651,0,0,0,0
0.861515,-0.513142,0.398620,0.664637,-0.610243,-0.098696,0.086872,0,0,0,1
1.174303,0.086604,-0.466621,0.352517,-0.916337,0.825177,1.447004,0,0,0,0
0.780622,0.137627,-0.942775,0.187715,-0.871379,-0.465873,0.375097,0,0,1,0
0.507499,1.023422,-0.555970,0.298638,0.003827,0.001766,1.262568,0,0,0,0
0.339650,1.054328,-0.412238,0.746408,0.346770,0.294313,0.871562,0,1,0,0
0.610171,1.032367,-0.622850,0.394585,-0.215532,0.263903,0.730470,0,0,0,0
0.647061,0.910521,-0.577754,-0.030176,-0.689211,0.788439,0.599446,1,0,0,0
0.558684,1.283634,-0.354105,0.136529,-0.037459,-0.529481,0.660983,0,0,0,0
0.540693,0.833664,-0.273672,-0.322705,-0.278633,0.285456,0.439180,0,0,0,1
0.566155,0.785421,-0.372613,-0.217157,0.298215,-0.258780,0.882745,0,0,0,0
0.822188,0.698374,-0.837454,0.526098,-0.660272,0.415447,0.597916,0,0,0,0
0.816574,0.520103,-0.962313,0.715166,-0.452697,0.176031,0.755050,0,0,0,0
0.707450,0.340857,-0.809667,0.588728,-0.793061,-0.418744,0.410461,0,0,0,0
0.757402,0.517920,-0.877825,0.858449,-0.483425,-0.298904,0.714161,0,0,0,0
0.588536,0.447272,-0.449274,0.832466,-0.520505,-0.240681,0.577200,1,0,0,0
1.004663,-0.625454,0.109952,-0.206516,-0.707974,1.182947,1.211832,0,0,0,0
0.984045,-0.552463,-0.360535,0.267758,-0.970562,-0.192379,0.427315,0,0,0,0
0.952503,-0.301364,-0.257554,0.189026,-0.569137,0.476251,0.478787,0,0,0,0
1.000961,-0.500201,-0.097628,-0.009185,-0.575667,-0.379967,0.406468,0,0,0,0
0.927635,0.076939,-0.716488,0.183440,-0.847354,0.195309,0.439667,0,0,0,0
0.833079,-0.181066,-0.339848,0.447718,-0.681450,-0.717230,0.513518,0,0,1,0
0.740630,0.525960,-0.817316,0.434339,-0.367025,-0.402885,1.304643,0,0,0,0
0.835760,0.225587,-0.715118,0.512605,-0.704762,0.006008,0.730599,0,0,0,0
0.812424,0.393529,-0.750355,0.585372,-0.567383,0.438763,0.711971,0,0,0,0
0.784973,0.421252,-0.570549,1.027454,-0.938734,-0.373670,0.817446,0,0,0,0
0.758753,0.288955,-0.744183,0.774764,-0.608561,-0.059569,0.603932,0,0,0,0
0.752527,0.023858,-0.646341,0.577653,-0.715679,0.090252,0.683740,0,1,0,0
1.132966,-0.908043,0.379669,-0.076283,-0.303109,2.288048,0.747516,0,0,0,0
1.150491,-0.822271,0.177938,-0.087534,-0.847361,-0.106132,0.477791,0,0,0,0
1.103324,-0.923808,0.389335,0.116508,-0.545614,0.276919,0.687512,0,0,0,0
0.980095,-0.834095,0.583265,0.135693,-0.380270,-0.059342,0.155539,0,0,0,0
0.841872,-0.835502,0.215947,0.602713,-0.410937,0.521018,0.111393,0,0,0,0
0.615493,-0.373585,0.204459,0.753404,-0.523611,-0.054409,0.032970,0,0,0,1
0.493881,0.570815,-1.047599,0.365653,0.324732,-0.432083,0.135118,0,0,0,0
0.699821,-0.170527,-0.254320,0.031928,-0.234436,0.420562,0.026772,0,0,0,0
0.727418,0.139708,-0.338259,0.330573,-0.139959,0.761934,0.314145,0,0,0,0
0.748331,-0.145681,-0.075123,1.373751,-0.117720,0.674959,0.961279,0,0,1,0
0.998546,0.008462,-0.503701,0.728366,-0.451237,0.139060,1.313702,0,0,0,0
1.070452,-0.118289,-0.649881,0.585368,-1.159398,0.363503,1.066691,0,0,0,0
1.045832,-0.177137,-0.458312,0.715750,-1.163480,-0.467053,1.467631,0,0,0,0
1.130815,-0.417746,-0.259056,1.019001,-1.224048,0.579445,1.025909,1,0,0,0
0.829217,0.273419,-1.165653,0.537837,-0.140852,-0.428498,0.501060,0,0,0,0
0.961200,-0.115975,-0.962098,0.593405,-0.939816,0.280744,0.680257,0,0,0,0
1.018000,-0.507790,-1.070627,0.511072,-0.626408,0.277902,0.543314,0,0,0,0
0.919604,-0.350771,-0.483699,0.564200,-0.874337,0.355637,0.311185,0,0,1,0
1.131886,-0.692317,-0.216508,1.302695,-1.109087,0.623749,0.691635,0,0,0,0
0.793979,-1.210035,-0.311836,1.580922,-1.359029,-0.303562,-0.484004,0,1,0,0
1.154249,-0.962811,-0.069888,-0.327887,-0.635722,0.332021,0.864526,0,0,0,0
1.137149,-1.210737,-0.165502,-0.419245,-0.968979,0.058112,0.549030,0,0,0,0
1.107894,-1.062587,0.369855,0.069874,-1.350946,0.060461,0.386994,0,0,0,0
0.948805,-0.994489,0.361655,0.505010,-0.807042,-0.380594,0.366429,0,0,0,1
1.177626,-0.379385,-0.358371,0.512628,-1.276161,-0.076898,1.091592,0,0,0,0
0.820901,-0.412897,0.113873,0.574209,-1.037304,-0.787559,0.419950,0,0,1,0
0.714846,0.585288,-0.785812,0.329506,-0.117117,-0.062976,1.264300,0,0,0,0
0.854193,0.052014,-0.532841,0.302068,-0.292139,0.335011,0.643798,0,0,0,0
0.704078,0.257005,-1.216697,0.290058,-0.393098,0.755536,0.652677,0,0,0,0
0.683932,0.605678,-0.970836,0.766249,-0.474908,-0.019543,0.676066,1,0,0,0
0.994588,-0.268590,-0.382851,1.165505,-0.230749,-0.469132,1.653068,0,0,0,0
0.501229,-0.296855,-0.261753,0.852562,-0.112483,-0.669734,-0.240436,0,1,0,0
1.018056,-0.647088,0.219615,0.008273,0.044826,1.359475,0.893348,0,0,0,0
1.002367,-1.145599,0.055303,0.421955,-0.510508,-0.304188,0.514525,0,0,0,0
0.888273,-1.097128,0.074053,0.456570,-0.467636,0.638234,0.298087,0,0,0,0
0.939002,-1.002481,-0.098008,0.339846,-0.322137,0.600859,0.617148,0,0,0,1
0.517880,0.559482,-0.336642,0.362951,0.000253,0.045816,0.975518,0,0,0,0
0.546610,-0.173722,0.453348,0.851833,0.076848,-0.243677,0.438252,0,0,1,0
1.061657,0.012700,-0.236098,0.789459,-0.464161,-0.327761,1.468926,0,0,0,0
0.799689,0.127238,-0.303441,0.480040,-0.565591,0.098603,0.573351,1,0,0,0
0.425941,1.244898,-0.380180,0.004168,0.319202,-0.118019,1.101564,0,0,0,0
0.228801,0.795915,-0.266120,0.278306,0.704783,0.262504,-0.139267,0,1,0,0
0.582362,1.378049,-0.635273,-0.091866,-0.110322,0.129016,0.612174,0,0,0,0
0.680440,0.702057,-0.298078,-0.065014,-0.066855,0.329550,0.447243,0,0,1,0
0.305367,1.210421,-0.823465,-0.396249,1.021693,0.383059,0.304987,0,0,0,0
0.653854,-0.432394,-0.200272,1.192294,-1.230280,1.212897,-0.083140,0,0,0,1
0.547655,1.020429,-0.266534,-0.242256,0.035647,-0.002943,1.309655,0,0,0,0
0.610257,0.744202,-0.654761,0.433937,-0.486287,0.331702,0.664550,0,0,0,0
0.554536,0.477583,-0.943052,0.665015,0.338293,0.382362,0.163118,0,0,0,0
0.540940,0.366347,-0.834374,0.819917,-0.028490,-0.331434,0.052432,0,1,0,0
0.868825,-0.120578,-0.587558,0.990834,-0.236360,0.708987,0.701746,0,0,0,0
0.673640,0.067617,-0.578737,0.907954,-0.351239,-0.138068,0.017757,1,0,0,0
1.074886,-0.684343,-0.245532,0.035027,-0.405882,0.447725,0.740287,0,0,0,0
1.010827,-0.836097,-0.056101,-0.048748,-1.436741,0.273076,0.838432,0,0,0,0
1.068930,-1.113192,0.235745,0.168824,-0.826597,0.786976,0.684937,0,0,0,0
0.727879,-1.221320,0.221792,0.879716,-0.713654,-0.254697,0.440670,0,0,0,1
1.050298,-0.547342,-0.055674,1.038770,-0.466612,0.365004,0.614312,0,0,0,0
0.687555,-0.301038,-0.233452,0.871546,-0.432017,-0.094463,-0.403093,0,0,1,0
0.875957,0.239631,-0.942979,0.202349,-0.307289,0.037448,1.518155,0,0,0,0
0.921676,-0.261324,-1.235888,0.845953,-0.108745,0.410763,0.433640,0,0,0,0
0.985681,-0.276318,-0.733028,0.817536,-0.769481,0.588350,0.523997,0,0,0,0
0.847018,-0.130646,-0.819751,1.055265,-0.740390,-0.017826,0.648983,1,0,0,0
1.072799,-0.238079,-0.403616,0.913198,-0.819546,0.233638,1.714011,0,0,0,0
0.715587,0.105363,-0.422670,0.886669,-0.520439,-0.384271,0.694533,0,1,0,0
1.005252,-1.063401,0.138370,-0.152170,-0.177204,1.839574,0.675297,0,0,0,0
0.961257,-0.844449,0.457621,0.254584,-1.164888,0.027608,0.750802,0,0,0,0
0.907204,-0.786969,-0.066934,0.309346,-0.233000,0.124775,0.617126,0,0,0,0
0.780661,-1.241345,0.033605,-0.012729,-0.437502,0.229068,-0.200629,0,0,0,1
0.827551,-1.369170,0.300722,1.452527,-1.029020,1.044289,0.796605,0,0,0,0
0.785007,-1.449206,0.717286,1.087910,-1.806922,-0.290433,0.155935,0,0,1,0
1.126253,-0.243650,-0.705383,0.476533,-1.051784,1.482864,0.797537,0,0,0,0
0.836917,0.230076,-0.390291,0.328510,-0.637277,0.296103,0.703113,1,0,0,0
0.310304,1.111246,-0.170349,0.115917,0.305867,-0.577172,0.963954,0,0,0,0
0.150323,0.837522,-0.521848,-0.107730,0.272319,0.421985,-0.343065,0,1,0,0
1.173654,-0.167782,-0.488993,0.790330,-0.748190,0.768941,1.359985,0,0,0,0
0.454083,0.284555,0.032379,0.597289,-0.014600,-0.544929,0.585283,0,0,0,1
1.078160,-0.351495,-0.065426,1.271733,-0.589598,0.112679,1.318517,0,0,0,0
0.402057,0.164702,0.161569,0.736002,-0.348465,-0.561793,-0.167055,1,0,0,0
0.702709,0.806869,-1.113237,0.025185,-0.090718,-0.239864,1.196409,0,0,0,0
0.788382,0.249254,-1.287879,0.503798,-0.414659,0.330002,0.185481,0,0,0,0
0.853452,-0.890189,-0.371586,1.285957,-1.050126,0.480920,-0.184611,0,0,0,0
0.526468,-0.180737,-0.391286,1.182400,0.119730,-0.941663,-0.259323,0,0,1,0
0.979956,-0.360382,-0.353888,0.945699,-0.469239,1.369266,0.694459,0,0,0,0
0.489153,-0.226966,-0.411302,1.050886,-0.499267,-0.644925,-0.484696,0,1,0,0
1.160648,-1.040641,0.192162,-0.338701,-0.522658,2.525257,0.972571,0,0,0,0
1.099563,-1.111387,-0.058907,-0.404949,-1.054990,-0.204642,0.747136,0,0,0,0
1.020971,-0.912575,0.514890,0.055929,-0.898577,0.600191,0.513156,0,0,0,0
0.921126,-1.012375,0.489962,-0.017990,-0.864270,-0.313960,0.569350,1,0,0,0
1.106303,-0.569923,-0.468370,1.044301,-0.345934,0.413228,0.950793,0,0,0,0
0.707578,-0.664151,0.026633,0.862311,-0.434731,0.384251,-0.304207,0,1,0,0
0.729987,0.048171,-1.028884,-0.279826,-0.122137,-0.010704,1.033371,0,0,0,0
0.802786,0.093486,-1.019914,-0.268504,-0.586862,0.180890,0.384425,0,0,0,0
0.736300,0.341654,-0.854820,0.366729,-0.742885,0.367178,0.603981,0,0,0,0
0.642030,0.336436,-1.072001,0.389596,-0.454210,-0.441861,0.604587,0,0,1,0
0.952895,-0.123325,-0.019845,0.883592,-1.062720,-0.563423,1.349288,0,0,0,0
0.416503,-0.199703,-0.508621,1.089409,0.169537,-0.592680,-0.192816,0,0,0,1
0.905330,-0.744700,0.170024,0.516988,0.319044,-0.464552,1.241799,0,0,0,0
1.112205,-1.176733,-0.125327,-0.169475,-0.788557,0.653589,0.448872,0,0,0,0
1.023708,-1.048062,-0.060731,0.001152,-0.661585,0.545594,0.250907,0,0,0,0
0.964769,-0.692729,0.232309,0.236896,-0.796263,-0.160986,0.294478,1,0,0,0
0.407631,-0.157989,-0.344915,0.501247,-0.062959,0.623046,0.529485,0,0,0,0
0.513084,-0.120436,0.144313,0.336132,0.070842,-0.223096,0.096280,0,1,0,0
1.109376,0.232380,-0.435916,0.525750,-0.702219,0.053946,1.578942,0,0,0,0
0.784871,0.215991,-0.433073,0.547779,-0.377058,-0.158522,0.330894,0,0,0,1
0.354661,0.918329,-0.488427,0.167910,0.765019,0.199600,0.867527,0,0,0,0
0.402960,0.406262,0.072235,0.808788,0.245611,0.517364,0.402636,0,0,1,0
0.631985,0.267738,-0.890698,1.071595,0.230670,-0.253913,0.359543,0,0,0,0
0.615779,0.206099,-0.513217,0.944438,-0.240618,0.083952,0.414692,1,0,0,0
0.974521,-1.185639,0.217410,1.500538,-0.976993,0.095962,0.517129,0,0,0,0
0.185448,0.233073,-0.684255,0.436329,-0.360441,-0.460789,-0.815074,0,1,0,0
1.185398,0.070116,-0.412829,0.754382,-0.898968,0.005113,1.710586,0,0,0,0
0.715964,0.220161,-0.699359,0.217592,-1.057399,0.139877,0.495095,0,0,0,0
0.597621,1.364823,-0.374979,0.021712,-0.477149,-0.538099,0.906853,0,0,0,0
0.447819,0.993477,-0.377491,-0.213723,-0.581307,-0.387921,0.365111,0,0,0,1
0.961012,0.056798,-0.522488,0.779004,-0.592551,0.426019,0.932518,0,0,0,0
0.630609,0.784094,-1.048565,-0.080955,-0.476162,-0.107279,0.344554,0,0,1,0
0.950737,0.060859,-0.674521,0.639008,-0.762809,0.336913,0.807011,0,0,0,0
0.680321,0.757852,-0.508926,0.311263,-0.583285,-0.054843,0.567077,0,0,0,0
0.522816,1.045413,-0.749477,0.179539,0.075415,0.187090,0.558919,0,0,0,0
0.368641,0.962356,-0.734806,-0.164047,-0.500947,0.247475,0.421061,1,0,0,0
1.101910,0.127907,-0.478623,0.562364,-0.983076,0.821569,1.187992,0,0,0,0
0.626645,0.740847,-0.792169,0.078773,-0.340028,-0.026005,0.582634,0,0,0,0
0.446969,0.781836,-1.296093,0.175588,-0.160724,-0.594178,0.525940,0,0,0,0
0.406195,1.058440,-1.136067,-0.139025,-0.422820,-0.622369,0.378072,0,1,0,0
0.542847,0.986396,-1.114928,-0.038933,-0.404381,0.358604,1.249571,0,0,0,0
0.521379,0.933395,-0.999578,-0.140490,-0.624023,-0.339121,0.393256,0,0,1,1
1.285354,-0.498387,-0.068064,0.163791,-0.119076,0.685172,1.577712,0,0,0,0
1.363817,-1.235248,0.700266,0.213069,-0.963386,0.686112,0.535647,0,0,0,0
0.975142,-0.736057,0.412352,-0.719371,-0.754476,-0.714310,0.012099,0,0,0,0
-0.096861,-0.118921,0.110964,-0.468881,-0.340848,-0.613909,-1.252269,0,0,0,0
-0.880934,0.676830,-0.051969,-1.798088,0.094190,-0.166000,-1.798500,0,0,0,0
-1.558146,-0.095903,0.001625,-2.029436,1.543645,-0.214710,-2.094127,0,0,0,0
-1.694528,-0.899004,-0.692807,-1.991951,1.210649,-0.761778,-2.118187,0,0,0,0
-2.055032,-1.107911,-0.108473,-2.283493,1.732924,-0.322740,-2.223920,0,0,0,0
-2.192149,-1.449137,-0.315104,-2.657093,1.492242,-0.199366,-2.238015,0,0,0,0
-2.414229,-1.943460,-0.349298,-2.613397,1.649233,-0.516135,-2.261191,0,0,0,0
-2.446469,-1.896288,-0.210803,-2.827157,1.341398,-0.010447,-2.260325,0,0,0,0
-2.561638,-2.163234,-0.266657,-2.966882,1.166637,0.094613,-2.272026,0,0,0,0
-2.677082,-2.352254,-0.035996,-2.637169,1.463159,0.081587,-2.275948,0,0,0,0
-2.701401,-2.497764,-0.226721,-2.722287,1.336466,-0.252063,-2.279484,0,0,0,0
-1.411079,-2.420772,-0.809494,-0.902418,-0.128837,0.043098,-2.198232,1,0,0,0
-0.846978,-0.492011,-0.909253,-1.533614,-1.057948,2.710685,-1.100692,0,0,0,0
-1.187416,-1.171758,-0.802856,-2.047476,-1.652059,0.456040,-1.126250,0,0,0,0
-1.412768,-1.136756,0.301206,-1.700715,-1.406606,0.132716,-1.147093,0,0,0,0
-1.572998,-0.951459,0.923230,-1.476733,-1.083329,0.102012,-1.358851,0,0,0,0
-1.173710,-1.262162,1.685810,-0.213167,-1.269512,1.353754,-1.483664,0,0,0,0
-1.029447,-3.707819,0.244334,0.202990,-1.273008,0.047067,-2.082543,0,0,0,0
-0.549783,0.222162,-0.486765,-1.665386,-0.608679,2.790205,-0.642077,0,0,0,1
-0.409955,0.280233,-0.847982,-1.106792,-0.260058,1.188255,-1.022209,0,0,0,0
-0.268156,0.748517,-1.016954,-1.379389,0.090880,-0.843307,-0.994183,0,0,0,0
-0.402949,0.746460,-0.881590,-1.522234,0.449111,0.583313,-1.067949,0,0,0,0
-0.666367,0.874575,-0.186930,-1.855143,0.492670,-0.638201,-1.181485,0,0,0,0
-0.810521,0.797215,0.043682,-1.770423,0.710171,-0.442331,-1.340567,0,0,0,0
-0.916421,0.653030,0.189776,-1.804855,0.284981,-0.520719,-1.423417,0,0,0,0
-0.918991,0.608854,0.133788,-1.713813,0.197915,0.018430,-1.528248,0,0,0,0
-1.215602,0.816867,1.016678,-1.829379,0.604507,-0.068514,-1.600816,0,0,0,0
-0.672753,-1.309007,0.351108,0.287336,-1.949901,2.159258,-1.785388,0,0,0,0
-0.678131,-1.615270,0.703109,0.549159,-2.073401,-0.060629,-1.829893,0,1,0,0
-0.880233,0.861570,0.495967,-2.174493,-0.541443,-0.402759,-1.299396,0,0,0,0
-0.686789,0.061612,-0.022370,-1.597968,-1.210937,-0.289153,-0.958655,0,0,0,0
-0.796000,0.187619,0.093229,-1.661918,-1.346678,0.560258,-0.944573,0,0,0,0
-1.020432,-0.062061,0.593359,-1.025781,-1.316475,-0.597619,-1.035841,0,0,0,0
-1.113669,-0.108260,0.418890,-1.500670,-1.370207,-0.558233,-0.884730,0,0,0,0
-1.462530,-0.275005,0.898449,-1.008458,-0.293800,-0.261792,-1.674547,0,0,1,0
-0.741414,0.160905,-0.192303,-1.167070,-1.159452,6.533399,-0.916112,0,0,0,0
-0.588931,0.659931,0.095175,-0.920852,-0.346218,1.963845,-0.996315,0,0,0,0
-1.104387,0.360193,0.535574,-1.310925,1.686830,-0.463372,-1.739845,0,0,0,0
-0.813472,0.078681,-0.024024,-0.436920,1.238247,-0.444223,-1.522657,0,1,0,0
-0.754008,-0.061367,0.133980,0.018468,0.538992,-0.186587,-1.435030,0,0,0,0
-0.944152,0.288050,0.346979,-0.571016,1.032005,-0.649620,-1.444060,0,0,0,0
-1.186395,0.590935,0.901126,-1.444462,1.377478,-0.589756,-1.471913,0,0,0,0
-1.443007,0.497732,1.333405,-1.416668,2.123129,-0.802097,-1.587170,0,0,0,0
-1.539528,0.916277,1.662653,-2.207671,1.772738,-0.671545,-1.602009,0,0,0,0
-1.718715,0.751800,1.957166,-2.146378,1.707979,-0.681741,-1.764624,0,0,0,0
-1.788758,0.664948,2.053312,-2.139606,1.861727,-0.689404,-1.846642,0,0,0,0
-1.939402,0.408498,2.359258,-1.726715,2.189485,-1.184701,-1.879321,0,0,0,0
-2.043005,0.171906,2.240383,-2.065797,1.719010,-0.968242,-1.961844,0,0,0,0
-2.216435,-0.073839,2.758938,-1.545734,1.647374,-0.821035,-1.975400,0,0,0,0
-2.225997,0.065422,3.188662,-1.352672,1.362195,-1.199474,-1.994209,0,0,0,0
-2.291458,-0.053585,3.277957,-1.272327,1.383685,-0.719822,-2.000058,0,0,0,0
-2.384648,-0.272773,3.246416,-1.337107,1.250344,-0.848198,-2.029051,0,0,0,0
-2.411935,-0.231644,3.532649,-1.149560,1.221681,-0.855336,-2.031033,0,0,0,0
-0.850226,-2.389765,0.278642,2.145380,0.018068,6.625778,-1.937908,1,0,0,0
0.185906,0.498014,-0.971299,-1.062311,-0.752200,5.088896,-0.373627,0,0,0,0
-0.804588,0.308644,0.003104,-1.186357,-0.047186,-0.413290,-0.646370,0,0,0,0
-0.941969,0.200412,0.313726,-1.574945,0.118660,0.003332,-1.430179,0,0,0,0
-0.714113,-0.051260,-0.039555,-1.357643,-0.533678,2.750104,-0.649943,0,0,0,0
-0.880546,-0.493301,-0.661218,-1.105445,-0.197997,-0.761207,-0.736665,0,0,0,0
-0.907026,-0.951269,-0.714062,-1.195697,-0.878949,0.303720,-0.535134,0,0,0,0
-0.670645,-4.109542,1.367465,0.992185,-2.294166,4.098686,-1.789901,0,0,0,0
-1.074427,-4.727757,1.433559,0.390319,-2.725730,-0.140787,-1.809998,0,0,0,0
-0.902109,-1.091690,0.094775,-1.211987,-1.298296,1.643999,-1.073742,0,0,0,1
-1.026389,-1.751745,-1.380048,-0.732888,-0.745880,1.338778,-1.115353,0,0,0,0
-0.844261,-1.312314,-0.688835,-0.101521,-0.679673,3.432045,-0.919641,0,0,0,0
-0.456579,-0.443298,-0.619006,-0.015639,-0.359276,-0.518020,-0.789752,0,0,0,0
-0.271703,0.212716,-0.245905,-0.416744,-0.108455,0.961299,-0.517073,0,0,0,0
-0.288822,0.347944,-0.080674,-0.684530,-0.596544,-0.546607,-0.395621,0,0,0,0
-0.388428,0.426751,0.142986,-1.114474,-0.875324,-0.819855,-0.521369,0,0,0,0
-0.515316,0.267913,0.279171,-0.913811,-0.797446,-0.533783,-0.472767,0,0,0,0
-0.643374,0.258601,0.644876,-0.552526,-0.591664,-0.882062,-0.461178,0,0,0,0
-0.687541,0.103870,0.751181,-0.597332,-0.462523,-0.400369,-0.516669,0,0,0,0
-1.704802,0.921482,2.446244,-2.409686,0.610202,-1.074279,-1.696051,0,1,0,0
-1.056029,-0.074363,0.976385,-0.629469,-0.291513,7.052856,-1.422293,0,0,0,0
-0.734776,0.011910,0.587955,-0.506202,-1.207367,-0.169155,-1.204441,0,0,0,0
-0.631210,-0.173956,0.158945,-0.106397,-0.251707,1.413644,-1.039403,0,0,0,0
-1.105462,-0.313461,1.247633,-0.092470,-0.296649,-0.538319,-1.249328,0,0,0,0
-1.136311,-0.517446,1.342657,0.003877,-0.778137,-0.250170,-1.344731,0,0,0,0
-1.244901,-0.757099,0.932435,0.126195,0.049066,-0.309038,-1.309081,0,0,0,0
-1.415940,-1.173939,1.040227,-0.026360,-0.472790,-0.444910,-1.335971,0,0,0,0
-1.277939,-0.593276,0.888083,-0.980792,-0.676283,2.202896,-1.192591,0,0,1,0
-0.631441,0.076569,-0.522260,-1.680392,-1.064551,1.181487,-0.747746,0,0,0,0
-0.606878,0.275457,0.490108,-0.666551,-0.649044,0.021748,-0.728101,0,0,0,0
-0.537184,1.199048,0.199734,-0.946095,0.539972,-0.244994,-0.968005,0,0,0,0
-0.619064,1.107185,0.546719,-1.003135,0.277452,-0.666555,-0.882693,0,0,0,0
-0.936611,1.219422,0.722856,-1.604290,1.213114,-0.674491,-1.287409,0,0,0,0
-0.856247,0.675663,0.783122,-0.625999,0.544377,-0.357465,-0.918977,1,0,0,0
-0.940879,0.571234,1.103053,-0.860550,-0.010270,0.049988,-1.328139,0,0,0,0
-0.960360,0.525858,1.097764,-0.715551,-0.035156,-0.019576,-1.367463,0,0,0,0
-1.125165,0.460099,1.598845,-0.796190,0.064150,-0.158965,-1.159934,0,0,0,0
-1.188973,0.691062,1.759657,-1.147183,0.028990,-0.365075,-1.210254,0,0,0,0
-1.330873,0.733374,2.054582,-1.218600,0.005917,-0.555520,-1.321123,0,0,0,0
-1.371774,0.806756,2.316697,-1.469385,-0.405443,0.618243,-1.233878,0,0,0,0
-1.438049,0.844945,2.751148,-1.574673,-0.563838,0.157546,-1.260046,0,0,0,0
-1.661061,0.637787,3.360889,-1.430815,-0.508612,-0.572034,-1.302642,0,0,0,0
-1.751336,0.631318,3.352320,-1.669570,-0.364964,-0.620549,-1.363938,0,0,0,0
-1.862450,0.680072,3.537278,-1.812306,-0.458274,-1.028991,-1.373150,0,0,0,0
-1.910871,0.800912,3.822518,-1.724696,-0.578250,-0.705072,-1.419659,0,0,0,0
-2.074657,0.685028,4.016478,-1.675338,-0.339781,-0.913954,-1.598902,0,0,0,0
-2.184473,0.296320,3.862560,-1.504494,-0.159936,-0.936302,-1.659928,0,0,0,0
-2.208236,0.415874,3.893728,-1.671351,0.091828,-0.922618,-1.760670,0,0,0,0
-2.351588,0.173502,4.262565,-1.157561,0.186009,-0.967499,-1.801190,0,0,0,0
-2.381976,0.076090,4.113080,-1.299864,0.135916,-0.834647,-1.798691,0,0,0,0
-2.487007,-0.170920,4.141982,-1.023028,0.488875,-0.830464,-1.869262,0,0,0,0
-2.513658,-0.192129,4.194787,-1.085451,0.286428,-0.850008,-1.899360,0,0,0,0
-2.612609,-0.437858,4.222031,-0.912302,0.316372,-1.227733,-1.939557,0,0,0,0
-2.584936,-0.416090,4.104589,-1.000105,0.311578,-0.986997,-1.958103,0,0,0,0
-2.296865,-0.394464,2.846984,-0.998851,1.341142,2.837597,-1.965670,0,0,0,0
-2.408746,-0.533615,2.951516,-1.182048,1.253783,-0.780638,-1.980269,0,0,0,0
-2.568741,-0.698673,3.573741,-0.755864,0.779340,-0.681113,-1.982204,0,0,0,0
-0.887918,-0.715386,0.217897,0.381303,0.820948,8.008398,-0.948935,0,0,0,1
-0.900588,-0.842579,0.671808,-0.088816,-0.607766,1.857586,-0.906331,0,0,0,0
-1.388014,-0.647343,0.789990,-1.819082,-1.401721,0.242809,-1.147620,0,0,0,0
-1.634859,-1.176812,1.499431,-1.390835,-1.947603,0.432881,-1.300785,0,0,0,0
-2.439683,-1.560551,2.230744,-0.610298,1.175999,0.404256,-1.379549,0,1,0,0
-1.160017,0.004203,0.683976,-1.737024,-0.532579,0.426039,-1.191938,0,0,0,0
-1.288263,-1.175580,-0.248846,-1.763515,-1.641774,-0.277918,-0.881073,0,0,0,0
-0.906239,-0.563487,-0.420690,-1.775494,-1.264174,0.411879,-0.895902,0,0,0,0
-0.880681,0.013427,0.584714,-1.180967,-0.496930,1.271402,-0.929096,0,0,0,0
-0.610468,0.731127,0.345584,-1.460142,-0.094811,1.775711,-1.051569,0,0,0,0
-0.827655,0.755231,0.391742,-1.576749,0.241553,-0.139684,-1.304249,0,0,0,0
-1.126359,1.060706,0.648215,-2.285334,0.947455,-0.530390,-1.537095,0,0,0,0
-1.242454,1.070164,0.967619,-2.425146,0.724656,-0.530357,-1.614663,0,0,0,0
-1.380675,1.052378,1.100924,-2.853703,0.904479,-0.892450,-1.725398,0,0,0,0
-1.482754,0.932842,1.327761,-2.582774,1.085062,-0.616181,-1.754453,0,0,0,0
-1.591123,0.894162,1.757182,-2.614056,0.574240,-0.585374,-1.891862,0,0,0,0
-1.566269,0.597486,1.489492,-2.757704,0.294385,-0.172556,-1.844244,0,0,1,0
-1.017163,0.842078,-0.146522,-3.035821,0.271955,1.350108,-1.617003,0,0,0,0
-1.154488,0.090244,0.348129,-2.305313,-0.817318,0.023893,-1.255179,0,0,0,0
-1.042562,0.099124,0.284428,-1.812349,-0.743845,-0.042868,-1.112261,0,0,0,0
-0.974778,-0.210122,0.425669,-0.954326,-1.074019,-0.232697,-1.000626,0,0,0,0
-1.300412,-0.779936,1.041118,-1.004624,-0.105542,2.627031,-2.051947,0,0,0,0
-1.144398,0.462888,0.145992,-1.200063,1.833187,-0.184536,-1.658476,1,0,0,0
-0.803892,0.692869,0.226017,-1.387998,0.105442,0.680094,-1.243493,0,0,0,0
-0.670138,0.926896,0.657730,-1.498427,-0.514417,0.339731,-1.161142,0,0,0,0
-1.002131,0.326161,1.066245,-0.701649,0.045728,-0.572421,-1.212070,0,0,0,0
-1.157523,0.371384,1.322021,-1.096293,-0.206796,-0.070917,-1.233886,0,0,0,0
-1.208446,0.380457,1.596772,-1.157634,-0.280826,-0.060821,-1.122597,0,0,0,0
-1.592414,-0.252699,1.886406,-0.645886,0.122057,-0.554717,-1.937466,0,0,0,0
-1.601534,-0.107479,1.656818,-0.596738,0.874602,-0.186238,-1.786704,0,0,0,1
-1.514390,-0.318131,1.546186,0.036460,0.759441,-0.068621,-1.643200,0,0,0,0
-1.542974,-0.311438,1.698539,-0.184929,0.371920,-0.527791,-1.741289,0,0,0,0
-1.812690,-0.155580,2.422405,-0.550637,0.425652,-0.632218,-1.735779,0,0,0,0
-2.154964,-0.260500,3.251020,-0.839999,0.471124,-0.451628,-1.784620,0,0,0,0
-2.304680,-0.224617,3.599906,-0.980041,0.452090,-0.446069,-1.961077,0,0,0,0
-2.379950,-0.133820,3.825668,-1.034888,0.629482,-0.673905,-1.937370,0,0,0,0
-2.398114,-0.200317,3.754486,-0.973014,0.654131,-0.700920,-1.957913,0,0,0,0
-2.585004,-0.526777,3.861390,-0.949261,0.769355,-0.789977,-2.025776,0,0,0,0
-2.643133,-0.661921,3.857320,-0.939627,0.776807,-0.808144,-2.106113,0,0,0,0
-2.678212,-0.655490,4.199277,-0.485828,0.964179,-1.004795,-2.109358,0,0,0,0
-2.790237,-0.964706,4.142402,-0.355547,1.024657,-0.968201,-2.122278,0,0,0,0
-2.489234,-0.799130,3.102249,-0.807584,1.075992,0.127132,-2.140100,0,0,0,0
-2.371698,-1.019771,2.325320,-0.788393,1.308731,0.000245,-2.161058,0,0,0,0
-2.625342,-1.123089,2.906734,-1.008482,1.171193,-0.263910,-2.169956,0,0,0,0
-2.180331,-2.430537,2.894304,0.690000,-0.419490,2.008907,-2.162335,0,1,0,0
-1.394235,-2.287070,1.314526,0.297693,-0.884819,0.266952,-2.142738,0,0,0,0
-1.002091,0.796858,0.796374,-1.859835,-0.546239,2.701732,-1.389879,0,0,0,0
-1.692484,0.106628,2.405427,-1.197672,-0.847348,-0.462551,-1.424392,0,0,0,0
-2.252780,-0.212588,2.948786,-1.227165,1.010280,-0.727168,-1.550496,0,0,0,0
-2.291905,-0.423464,2.758666,-1.157185,1.118038,-0.032810,-1.533184,0,0,1,0
-1.853134,-1.113134,1.547628,0.177032,0.796746,0.787110,-1.629031,0,0,0,0
-1.892230,-1.736421,1.402660,0.962340,0.916554,-0.773386,-1.564573,0,0,0,0
-1.944482,-2.042118,1.116322,1.015230,0.755689,-0.602932,-1.527349,0,0,0,0
-1.731135,-1.301629,0.880577,-0.421797,-0.229751,-0.178658,-1.599764,0,0,0,0
-1.646752,-4.774224,1.078872,1.926912,-2.492983,0.933355,-2.039989,0,0,0,0
-1.927701,-5.124818,0.096931,1.830114,-1.919702,-0.730036,-2.100080,0,0,0,0
-1.037370,-0.779535,-0.315601,-1.183742,-0.670278,20.388855,-1.963042,1,0,0,0
-1.332465,0.652813,0.806904,-2.209897,0.571693,-0.839782,-1.637279,0,0,0,0
-1.473705,0.713189,1.291898,-2.646590,0.271912,-0.572713,-1.675568,0,0,0,0
-1.559087,0.480907,1.442154,-2.274393,0.362941,-0.607750,-1.668853,0,0,0,0
-1.418884,0.648673,1.059303,-2.510546,0.289543,-0.607596,-1.677093,0,0,0,0
-1.156601,0.798565,0.348461,-2.333277,0.708123,-0.679170,-1.545654,0,0,0,0
-1.182021,0.931320,0.731967,-2.325361,0.657668,-0.967889,-1.623188,0,0,0,0
-1.411722,0.705960,0.995703,-2.568556,0.559953,-0.560109,-1.702655,0,0,0,0
-1.105701,0.901895,0.007181,-2.583264,1.076913,-1.041509,-1.673490,0,0,0,0
-1.265834,0.429674,-0.051927,-2.180599,1.298998,-0.859316,-1.735077,0,0,0,0
-1.420822,0.459203,0.588541,-2.258581,1.099603,-0.899275,-1.790390,0,0,0,0
-1.383467,0.691086,0.751544,-2.607369,0.756478,-0.466304,-1.754352,0,0,0,0
-1.453412,0.425542,0.921716,-2.410564,0.172373,-0.379729,-1.801969,0,0,0,1
-0.947999,0.895345,-0.038661,-2.017966,0.836264,-0.135875,-1.587262,0,0,0,0
-1.141558,0.702444,0.631429,-1.797166,0.677322,-0.623444,-1.625728,0,0,0,0
-1.206840,0.619146,0.562698,-2.031117,0.648495,-0.613346,-1.681331,0,0,0,0
-1.254513,0.762508,0.831939,-2.269834,0.304549,-0.276265,-1.613903,0,0,0,0
-1.363251,0.801350,1.365812,-2.297779,0.105203,-0.619449,-1.671299,0,0,0,0
-0.910945,1.005292,-0.059231,-2.125159,0.900602,4.436269,-1.452095,0,0,0,0
-0.990971,1.085509,0.373044,-2.295325,0.504504,-0.427617,-1.428015,0,0,0,0
