mfcc0,mfcc1,mfcc2,mfcc3,mfcc4,onset,rms,lane0,lane1,lane2,lane3
-3.518510,-1.306114,-0.591069,-3.843845,0.491790,-0.548041,-2.251245,1,0,0,0
-1.621898,1.048708,1.543417,-0.117502,1.720627,1.932367,-1.708720,0,0,0,0
-1.590112,1.257279,0.777992,0.339979,1.632107,-0.483853,-1.685986,0,0,0,0
-1.402456,1.666910,0.783603,0.441340,1.406727,-0.122766,-1.616683,0,0,0,0
-1.026453,0.048978,1.019673,0.426804,0.959089,0.499747,-1.692701,0,0,0,0
-0.755024,0.849264,0.169949,0.250824,1.778450,-0.480238,-1.317359,0,0,0,0
-0.844207,0.757080,-0.494340,0.177500,1.620073,-0.399714,-1.525443,0,0,0,0
-0.526161,1.040388,-0.617008,0.358655,0.411278,1.059347,-1.428058,0,0,0,0
-0.860886,1.224281,-1.092505,0.485446,0.819191,-0.478959,-1.546324,0,0,0,0
-1.039170,2.204469,-0.007910,0.441960,1.454863,0.174026,-1.327516,0,0,0,0
-1.071976,1.409229,-1.261175,0.434040,1.025459,0.029798,-1.632636,0,0,0,0
-0.721514,0.698527,-0.385164,0.921694,0.464476,0.072833,-1.319367,0,0,0,0
-0.960099,0.867607,-0.794056,0.432529,1.042473,-0.194666,-1.544807,0,0,0,0
-0.977222,1.588446,-0.712066,0.963614,1.192740,-0.567027,-1.465115,0,0,0,0
-1.150474,0.911993,-1.386399,0.461646,0.540399,-0.318849,-1.637746,0,0,0,0
-0.867605,0.649866,-0.611016,0.839057,0.406385,0.013055,-1.365292,0,0,0,0
-1.204863,0.444303,-1.024455,0.017526,0.922720,-0.106861,-1.654534,0,0,0,0
-1.053092,1.276412,0.152522,0.281221,0.119067,-0.187445,-1.515554,0,0,0,0
-1.026068,0.767920,-1.164045,-0.172474,-0.394337,-0.104660,-1.681245,0,0,0,0
-0.905968,0.463619,-0.511701,0.204148,0.412579,-0.077267,-1.468413,0,0,0,0
-1.088510,0.472048,-0.611097,-0.100383,0.625162,-0.422485,-1.568227,0,0,0,0
-1.097776,1.375571,-0.574277,0.661614,0.816428,-0.731909,-1.552468,0,0,0,0
-1.443662,0.593939,-1.131200,0.383418,0.927126,-0.401495,-1.682357,0,0,0,0
-0.580428,0.872962,-0.037255,0.173530,-0.903917,-0.179827,-1.336489,0,0,0,0
-0.946376,0.469007,-1.017267,-0.344521,-0.313646,0.204647,-1.527969,0,0,0,0
-0.993888,1.188016,0.840879,-0.313574,-0.323524,-0.355172,-1.278037,0,0,0,0
-1.039879,0.281102,-1.275274,-0.624611,-0.194705,0.391134,-1.721102,0,0,0,0
-0.701668,0.912628,0.067171,0.154976,-0.281644,-0.003990,-1.453859,0,0,0,0
-0.732129,0.757986,-0.986016,-1.180055,-1.199560,0.061459,-1.407047,0,0,0,0
-0.624819,1.632171,-0.023785,-0.365638,-0.939674,-0.290466,-1.214233,0,0,0,0
-0.873268,1.356997,-0.176256,-0.490155,-0.548205,-0.320730,-1.435272,0,0,0,0
-0.769482,1.659919,-0.346324,-0.618496,-0.640143,-0.021114,-1.414915,0,0,0,0
-1.120282,1.424225,-0.524254,-1.314401,-0.742535,-0.546493,-1.608940,0,1,0,0
-0.963935,1.714155,0.370653,-1.087195,0.151812,-0.287567,-1.443854,0,0,0,0
-1.006695,1.295695,-0.729562,-0.656846,-0.082354,0.541966,-1.709886,0,0,0,0
-0.943133,1.875386,-0.067642,-0.157212,0.326890,-0.310931,-1.413060,0,0,0,0
-0.949597,0.830200,-0.141591,-0.488478,0.052903,-0.299408,-1.580307,0,0,0,0
-0.589566,1.233734,0.001922,-0.345557,0.483177,-0.254380,-1.295684,0,0,0,0
-0.771099,1.120231,-0.337292,-0.529765,0.694705,-0.165218,-1.585987,0,0,0,0
-0.735019,1.206220,-0.314071,0.099171,0.257651,0.918537,-1.522333,0,0,0,0
-1.073543,1.557860,-0.386961,-0.698582,0.675992,-0.534538,-1.565297,0,0,0,0
-1.185317,2.159031,-0.231282,-0.612521,1.438228,-0.234724,-1.523244,0,0,0,0
-1.304604,1.703529,-0.917032,-0.916000,1.108134,-0.304174,-1.740021,0,0,0,0
-0.930497,0.581706,-0.173874,-0.464021,-0.112149,0.127955,-1.510769,0,0,0,0
-1.125686,1.046648,0.141195,0.116255,0.858736,0.198118,-1.478887,0,0,0,0
-1.011389,2.161954,0.047396,0.281356,1.583355,-0.192284,-1.278933,0,0,0,0
-1.569818,1.345616,-0.395337,-0.930990,1.022921,-0.572354,-1.732043,0,0,0,0
-1.118611,0.595808,0.147324,-0.065288,0.112509,-0.465016,-1.505769,0,0,0,0
-1.493677,0.413710,-0.063468,-0.663476,0.561419,-0.542787,-1.594299,0,0,0,0
-1.068314,1.277248,0.509659,0.069728,-0.448105,-0.367659,-1.447628,0,0,0,0
-1.173093,1.195357,-0.473788,-0.797447,-0.386263,0.093364,-1.682461,0,0,0,0
-0.734830,1.070220,0.207781,-0.795498,-1.314118,-0.364757,-1.122620,0,0,0,0
-1.014826,0.425007,-0.012636,-0.078905,0.001655,-0.087907,-1.563581,0,0,0,0
-0.673643,1.371539,-0.987201,-0.134774,0.506625,0.109793,-1.275978,0,0,0,0
-1.060374,0.921664,-0.984707,-1.166182,-0.390359,0.072478,-1.558432,0,0,0,0
-0.855656,0.824938,0.709149,0.200111,0.126264,-0.272086,-1.460355,0,0,0,0
-1.384175,0.640225,0.160850,-0.467685,0.701218,-0.502371,-1.620394,0,0,0,0
-1.267911,1.036852,1.146337,-0.470888,0.162175,-0.577831,-1.455784,0,0,0,0
-1.213329,0.460214,-0.310749,-0.822552,0.691598,0.243236,-1.626451,0,0,0,0
-0.723181,1.049536,-0.125319,-0.946614,-1.012318,-0.162235,-1.388463,0,0,0,0
-0.879568,0.645872,-0.668609,-1.044551,-0.703839,0.168070,-1.370790,0,0,0,0
-0.641623,1.584543,-0.566098,-0.706209,0.626484,-0.380657,-1.318328,0,0,0,0
-0.957280,1.380361,-0.020638,-0.851871,-0.557293,-0.469943,-1.471914,0,0,0,0
-0.908868,1.922336,0.179503,-1.052142,-0.902442,0.005355,-1.115698,0,0,0,0
-1.215333,1.263905,-0.295202,-1.436637,-0.923066,-0.094606,-1.606869,0,0,1,0
-0.728749,1.195592,0.570408,-1.208277,0.157324,1.018923,-1.475040,0,0,0,0
-0.878474,1.551192,0.029214,-0.196492,0.214238,0.472020,-1.462719,0,0,0,0
-0.913100,1.753469,-0.182949,-0.475910,0.174932,-0.066534,-1.460304,0,0,0,0
-0.968287,1.029008,-0.122595,-0.765280,0.223734,0.406355,-1.656804,1,0,0,0
-0.451278,0.941639,-0.957134,-0.578899,1.330622,-0.445297,-1.281929,0,0,0,0
-0.715361,1.020942,-0.402789,-0.699339,1.028962,0.329830,-1.519777,0,0,0,0
-0.519234,1.085866,-0.473933,-0.427799,-0.047466,0.549391,-1.354057,0,0,0,0
-0.685291,1.380075,-0.937497,-0.573083,0.065516,-0.399193,-1.422669,0,0,0,0
-0.911302,2.004521,-0.611309,-0.196559,1.305906,0.212485,-1.379345,0,0,0,0
-1.080101,1.546909,-0.779165,-0.454890,1.219196,0.218165,-1.570172,0,0,0,0
-0.634218,1.066740,0.408880,-0.299712,0.070072,-0.094498,-1.256416,0,0,0,0
-0.836613,1.080290,-0.181489,0.257481,1.316862,0.045099,-1.423774,1,0,0,0
-0.855625,1.778510,-1.458377,-0.047991,1.634423,-0.332243,-1.369643,0,0,0,0
-1.306285,1.285173,-0.962665,-0.559915,1.142316,0.392179,-1.696048,0,0,0,0
-0.773577,0.724825,-0.057724,-0.401464,0.054614,-0.221313,-1.354215,0,0,0,0
-1.304676,0.442836,-0.791012,-0.862101,1.101424,-0.304263,-1.666499,0,0,0,1
-0.779871,1.539733,-0.340604,-0.350097,-0.076745,-0.353945,-1.358725,0,0,0,0
-1.002878,1.040027,-0.782040,-0.449232,-0.087623,-0.143918,-1.661904,0,0,0,0
-0.697713,0.742178,0.085838,-0.422290,0.328616,-0.216079,-1.278932,0,0,0,0
-1.044331,0.700070,-0.159278,-0.489609,0.817663,-0.164372,-1.508410,0,1,0,0
-0.938354,1.424721,-1.883406,0.637722,2.795592,-0.556688,-1.385468,0,0,0,0
-1.344380,1.301469,-0.453180,-0.569398,1.374965,-0.389578,-1.629205,0,0,0,0
-0.675696,1.058170,-0.007875,-0.294668,-0.986287,0.166640,-1.282324,0,0,0,0
-0.883627,0.845877,-0.366356,-0.416623,-0.272433,-0.011615,-1.472357,0,0,0,0
-0.939667,1.161332,0.001805,-0.989176,0.369251,-0.341228,-1.441680,0,0,0,0
-1.038419,0.726282,-0.393819,-1.228893,0.338004,-0.208852,-1.525141,0,0,0,0
-0.615015,1.061799,0.057130,-0.702023,-0.953433,-0.299640,-1.226651,0,0,0,0
-0.850981,0.531679,-0.749439,-0.843446,-0.437396,-0.101878,-1.197587,0,1,0,0
-0.412416,1.259528,-1.350221,0.103644,0.240591,-0.296228,-1.266521,0,0,0,0
-0.802200,1.492999,-0.096451,-0.828894,-0.962299,-0.395162,-1.246767,0,0,0,0
-0.843843,1.728595,0.057186,-1.062486,-0.776333,-0.382867,-1.183392,0,0,0,0
-1.132437,1.205039,-0.083893,-0.627688,-0.393365,-0.404574,-1.525758,0,0,0,1
-1.056706,1.892162,0.254515,-0.694879,0.725111,-0.370074,-1.491573,0,0,0,0
-1.111830,1.916037,0.242192,-0.993833,0.199467,0.202167,-1.630931,0,0,0,0
-1.103546,2.198265,0.401854,-0.963424,0.558320,0.323265,-1.228163,0,0,0,0
-1.218124,1.650324,-0.057686,-0.559256,1.121683,-0.066427,-1.590312,1,0,0,0
-0.544777,1.390426,-1.067529,0.437148,1.515210,-0.310537,-1.360812,0,0,0,0
-0.997633,1.084183,0.549744,-0.833675,0.538578,-0.039442,-1.608972,0,0,0,0
-0.735066,0.914993,0.296796,-0.971412,-0.218299,0.651770,-1.659231,0,0,0,0
-0.716396,0.423323,0.266286,-0.878241,-0.502717,1.191454,-1.617988,0,0,1,0
-0.526424,0.653496,0.386208,-0.512633,-0.115999,1.379094,-1.485406,0,0,0,0
-0.495770,0.388965,0.199528,-0.848019,-0.360729,1.049056,-1.653973,0,0,0,0
-0.372845,0.607663,0.135957,-0.365409,0.153044,0.142537,-1.541168,0,0,0,0
-0.338735,-0.003568,-0.450196,0.078824,0.723962,-0.117711,-1.571508,0,1,0,0
-0.090301,0.111588,-0.613717,0.633698,0.906455,-0.381159,-1.397801,0,0,0,0
-0.127570,-0.475421,-0.804519,-0.050575,0.362058,-0.156098,-1.571118,0,0,0,0
0.046619,-0.119022,-0.073684,0.536374,0.615946,-0.008268,-1.199758,0,0,0,0
-0.061047,-0.494534,-0.486761,0.057883,0.784832,-0.096302,-1.153954,1,0,0,1
-0.119627,0.249649,-0.279435,1.280928,1.853499,-0.519917,-0.040968,0,0,0,0
0.029044,-0.050080,-1.042208,0.344841,0.915779,-0.031783,-0.771508,0,0,0,0
-0.031422,-0.226165,-1.027905,0.150544,0.362961,0.393692,-1.239161,0,0,0,0
-0.039566,-0.487784,-1.991964,-0.111397,-0.613658,0.381949,-1.271736,0,0,0,0
0.095152,-0.234933,-1.841680,0.401239,-0.432409,-0.513452,-1.300231,0,0,0,0
-0.114611,-0.048227,-1.430208,0.201942,0.174190,-0.155182,-1.520725,0,0,1,0
0.048029,0.158053,-0.932663,1.046698,0.990510,-0.578031,0.050322,0,0,0,0
0.214595,-0.021152,-1.196492,0.746552,0.633595,0.239433,-0.422593,0,0,0,0
0.146218,-0.214141,1.060713,0.152765,1.481022,-0.615451,0.364492,0,0,0,0
0.216403,-0.506220,0.625105,-0.094092,0.764657,1.205281,-0.340214,0,1,0,0
0.342952,-0.001536,0.263775,0.456976,1.147970,-0.336975,-0.012306,0,0,0,0
0.579019,-0.321989,0.248340,0.219783,0.446951,0.249755,0.000188,0,0,0,1
0.519428,-0.289926,0.014597,1.705815,0.299661,-0.407288,0.023116,0,0,0,0
0.548023,0.017741,0.476399,1.176509,0.010847,-0.135848,0.745081,0,0,0,0
0.639848,-0.404108,0.359965,0.543871,-0.468742,-0.206153,0.827689,0,0,0,0
0.468390,-1.037942,0.399630,0.310039,-0.419245,-0.560143,-0.920883,1,0,0,0
0.370425,0.175617,0.847840,0.725539,0.226317,0.475202,-0.124945,0,0,0,0
0.373577,0.233719,-0.000569,0.021457,-0.075056,0.445765,-0.135884,0,0,0,0
-0.185738,0.884110,0.693526,0.896362,1.188197,-0.269542,-0.141973,0,0,0,0
-0.289354,0.956189,0.499786,0.729035,1.671086,0.037075,-0.009234,0,0,1,0
0.262824,-0.073780,0.221364,1.159278,0.521982,-0.344348,-0.285613,0,0,0,0
0.062059,-0.214409,-0.255152,1.445545,0.379750,-0.120406,-0.622056,0,0,0,0
-0.118440,0.546504,0.851712,1.076406,0.102778,-0.070302,-0.639775,0,0,0,0
0.620840,-0.547672,-1.209292,0.253115,-0.012939,0.069655,-0.519475,1,0,0,0
0.475531,-0.439160,-0.373737,0.822239,-0.187190,-0.372005,-0.693369,0,0,0,0
-0.660506,1.521039,-0.519093,0.634635,1.695254,-0.425155,-0.915862,0,0,0,0
-0.364324,1.219087,-0.207435,-0.038594,0.604393,0.010146,-1.080921,0,0,0,0
0.277132,-1.197064,1.223954,1.177176,-1.460740,1.831027,-1.019571,0,0,0,1
0.275285,0.444907,0.230267,0.659326,-0.681634,0.229617,-0.260675,0,0,0,0
-0.182808,0.429867,0.522120,1.709297,-0.022703,0.119051,-0.408880,0,0,0,0
0.221914,0.464919,0.601286,0.926174,0.386908,0.744094,-0.094141,0,0,0,0
-0.927707,1.350848,1.000330,0.248918,1.406234,-0.614379,-0.854748,0,0,1,0
0.054846,0.199602,0.948078,-0.273048,-0.690851,-0.137166,-0.201768,0,0,0,0
0.172560,0.187548,-0.182545,-0.642183,-0.728247,0.462581,-0.641103,0,0,0,0
0.003250,0.448491,1.253423,0.798341,-0.208484,0.271461,-0.155110,0,0,0,0
-0.349634,-0.656085,2.532158,0.401018,-0.477354,-0.510859,-0.622118,0,1,0,0
-0.017337,0.584695,0.737027,1.235292,0.766572,0.136077,-0.400624,0,0,0,0
-0.268415,0.074945,0.537516,1.549702,1.176485,-0.106568,-0.468074,0,0,0,0
-0.262051,0.006320,0.562700,1.050280,-0.297944,-0.235719,-0.621307,0,0,0,0
0.153659,-1.182814,-1.311116,1.243849,0.540880,0.945093,-0.916847,0,0,1,0
-0.037785,1.085409,-1.691792,0.733149,0.634461,-0.465546,-0.794156,0,0,0,0
-0.614528,1.040686,-0.332322,0.837915,1.528660,0.192081,-0.955480,0,0,0,0
-0.654145,0.992428,-0.186223,0.009441,1.134508,-0.294748,-1.355223,0,0,0,0
-0.165921,-1.530746,0.806134,0.975779,-2.723730,2.744474,-0.982901,1,0,0,0
-0.356702,0.372120,1.893086,0.378199,-1.176558,0.226463,-0.956097,0,0,0,0
-0.977850,1.588881,1.252476,0.181733,0.771045,1.918706,-0.627712,0,0,0,0
0.346681,0.262847,1.133069,0.192455,-0.782191,-0.093103,0.034738,0,0,0,0
-1.065636,1.463205,1.556945,0.501354,2.118688,-0.044037,0.175805,0,1,0,0
0.358034,0.062460,0.621947,1.749797,0.576931,0.594819,0.330172,0,0,0,0
0.309688,-0.310639,0.596622,2.079940,1.002012,-0.138527,0.256318,0,0,0,0
-0.708091,1.026276,1.091472,0.013842,0.643967,-0.970465,-0.951869,0,0,0,0
0.186982,-1.359642,1.942033,2.439533,-2.112380,1.948805,-0.101725,0,1,0,0
0.191438,0.155143,-0.076902,2.107858,-0.099411,-0.266126,-0.508340,0,0,0,0
0.129609,-0.176019,0.083864,1.894391,-0.198191,-0.196954,-0.135438,0,0,0,0
-0.671933,0.688431,1.940651,0.619497,-0.708507,-0.050017,-0.651069,0,0,0,0
-0.026582,-0.921709,2.000637,1.217285,0.414905,-0.387842,-0.387524,0,0,1,0
0.501367,0.459699,0.356030,-0.205076,-1.042680,0.454508,0.074769,0,0,0,0
0.262874,0.415943,1.039919,0.214633,-0.265447,-0.269427,0.230189,0,0,0,0
-0.931940,1.392634,0.612867,-0.601589,1.032946,-0.826967,-1.431535,0,0,0,0
0.113868,-1.680090,0.620169,2.545994,-2.500929,1.584998,-0.794742,0,0,1,0
0.319826,0.773935,0.079731,0.998984,-0.524546,0.827149,0.071248,0,0,0,0
0.162590,0.493103,1.123605,0.423847,-0.610556,-0.111699,0.321756,0,0,0,0
-0.978397,1.834489,1.181065,-0.698944,0.769292,-0.844253,-0.756937,0,0,0,0
-1.322841,2.415392,1.584545,-0.461389,1.066600,-0.222173,-0.254214,1,0,0,0
0.215047,0.146074,0.558912,0.106507,-1.507763,0.136200,-0.133514,0,0,0,0
-0.134512,-0.191333,0.726206,0.122686,-1.430083,-0.345640,-0.141642,0,0,0,0
-1.106979,2.137594,1.044429,-0.238850,1.596163,-0.894292,-0.832241,0,0,0,0
-1.438766,1.604490,1.810770,-0.661088,1.912113,-0.483980,-0.540178,1,0,0,0
0.270796,0.417388,0.697755,0.200775,-1.206795,-0.095271,0.056276,0,0,0,0
0.015798,0.157323,1.420405,0.273330,-1.036663,-0.634235,0.181313,0,0,0,0
-1.308487,1.824262,1.368479,-0.377586,0.809937,-0.829019,-1.026141,0,0,0,0
-1.994409,1.750951,1.219612,-1.720784,1.572655,-0.609134,-1.845929,0,0,1,0
0.331734,0.794902,0.407953,-0.411827,-0.903901,0.015505,0.498977,0,0,0,0
0.287901,0.664241,0.772090,0.375792,-0.948398,-0.372118,0.404228,0,0,0,0
0.006762,0.725013,0.864025,-0.119239,-1.111024,-0.572670,-0.396617,0,0,0,0
0.108806,0.100154,0.086754,0.110619,-0.863018,1.871103,-0.439972,0,1,0,0
0.393498,-0.342598,-1.906015,0.878202,0.042226,-0.193933,-0.895089,0,0,0,0
-0.034502,-1.829828,1.772727,-0.228250,-1.505965,1.114667,-1.089552,0,0,0,0
-0.123786,0.380184,0.314521,-0.776260,-0.704483,1.010173,-0.284706,0,0,0,0
-1.079187,0.541858,1.044337,-1.175269,-0.156277,-0.320223,-0.357533,0,0,0,1
0.234536,0.353439,0.333536,-0.180159,0.209476,0.157495,-0.309438,0,0,0,0
0.135915,0.364157,0.387433,0.167065,-0.304479,0.250411,-0.463766,0,0,0,0
0.069888,0.507145,0.893468,-0.792477,-0.315452,0.408910,-0.325275,0,0,0,0
0.147419,-1.293065,2.415416,1.024975,-1.096469,-0.436838,-1.169118,1,0,0,0
0.302284,-0.632195,0.560018,2.246439,-0.523943,0.556677,-0.907864,0,0,0,0
-0.316796,0.359296,0.113083,1.264981,-0.026979,-0.392806,-0.721976,0,0,0,0
-0.178559,0.524134,1.059900,1.593467,0.301890,-0.181516,-0.550063,0,0,0,0
0.113837,-0.066421,0.341652,1.630216,0.277861,0.115226,-0.796613,0,0,0,1
0.075456,0.297296,1.253252,0.573035,-0.883277,2.083380,-0.966787,0,0,0,0
0.084810,-0.390868,2.478257,0.145353,-2.046756,2.726460,-0.960341,0,0,0,0
-0.133864,1.502928,-0.420699,0.672359,-0.295997,1.366423,-0.718331,0,0,0,0
-1.180936,2.078130,0.484576,-0.676896,0.422597,-0.298519,-1.446432,0,0,1,0
0.135844,0.630292,0.452242,-0.182002,-0.205424,-0.479924,-0.149534,0,0,0,0
0.076286,-1.181789,3.387151,0.682371,-2.293078,1.465381,-0.863631,0,0,0,0
-0.401728,1.365132,1.245334,-0.496008,0.560770,-0.221837,-0.095041,0,0,0,0
-1.515644,2.173967,2.091602,-0.519300,0.753706,-0.322048,-1.330227,0,1,0,0
0.112331,0.177360,-0.147792,0.653770,0.347569,-0.192139,-0.278931,0,0,0,0
-0.004073,0.002099,0.007531,-0.134476,-1.328938,1.417047,-0.511637,0,0,0,0
-0.069981,0.731768,1.047771,0.288143,-0.808287,-0.220803,-0.137978,0,0,0,0
-0.466471,0.374276,1.822036,0.422739,-0.592397,-0.455391,-0.575511,0,0,1,0
0.073809,0.104467,0.473488,1.059744,0.853007,0.627018,-0.310514,0,0,0,0
-0.313474,0.123697,0.544489,1.583368,0.914882,-0.600780,-0.564359,0,0,0,0
-0.367038,0.036327,1.433282,1.035451,0.018235,-0.436162,-0.480604,0,0,0,0
0.016980,-1.014996,-0.459221,-0.045098,0.514829,3.599434,-1.063253,0,1,0,0
0.229971,-0.020913,0.292437,0.896231,-0.771690,1.373847,-0.896906,0,0,0,0
-0.702800,1.541059,0.408949,-0.273264,0.359591,-0.723495,-1.083962,0,0,0,0
0.194672,0.480026,0.629698,0.527618,-0.108759,-0.181065,-0.133423,0,0,0,0
-0.845648,1.755659,0.546719,-0.232156,0.470943,0.240639,-1.074184,0,0,0,1
0.421884,0.396201,0.295808,0.661854,-0.263185,-0.172966,0.027524,0,0,0,0
0.241721,0.430512,0.320173,1.121314,0.465095,-0.231641,0.114698,0,0,0,0
0.334510,0.181941,0.329365,1.073040,-0.005740,-0.136285,-0.110516,0,0,0,0
0.087954,-0.040530,0.379800,0.562771,-0.311645,-0.072962,-0.165695,1,0,0,0
0.428439,-1.227114,2.061634,1.138551,-0.892220,-0.361053,-0.682447,0,0,0,0
0.446529,-1.606654,1.130829,2.288931,-0.232524,0.159973,-0.547351,0,0,0,0
0.091865,0.771871,-0.402283,2.192754,0.913536,-0.054699,-0.063642,0,0,0,0
-0.229053,0.473013,0.756490,1.942322,1.476699,-0.022371,0.127013,0,1,0,0
-0.684865,1.563922,-0.704609,1.242247,1.623349,-0.818104,-1.058944,0,0,0,0
-0.084827,-1.803567,2.365540,0.762845,-1.292435,7.191488,-1.266934,0,0,0,0
0.149504,0.569160,0.187424,0.406939,-0.964164,0.724097,-0.016300,0,0,0,0
0.183613,-0.127266,0.021675,-0.111360,0.034261,0.167774,-0.149909,0,0,1,0
0.447544,0.881188,-0.320815,0.468752,-0.489140,0.383967,-0.119989,0,0,0,0
-0.604806,1.824857,0.288841,-0.249299,0.568479,-0.392315,-0.862154,0,0,0,0
0.273646,0.273620,0.386522,1.202564,0.958668,0.486785,-0.228131,0,0,0,0
-0.078473,0.967939,-0.373026,0.517324,0.458097,0.089322,-0.470206,0,0,0,1
-0.115127,1.350510,-1.304961,0.996836,1.076235,-0.112420,-0.359366,0,0,0,0
-0.189612,1.644901,-0.683050,0.400219,1.126636,-0.450270,-0.674041,0,0,0,0
0.361106,0.727483,0.319718,0.043826,0.837736,-0.224474,-0.042033,0,0,0,0
0.358177,0.114486,0.579004,0.867840,0.553657,0.194340,-0.062572,1,0,0,0
0.098337,0.897356,0.747115,1.109221,1.474499,-0.619606,1.010525,0,0,0,0
0.003399,0.752017,-0.088150,1.326818,0.897981,0.408577,0.115796,0,0,0,0
0.427833,0.291899,-0.153253,1.081357,0.384708,0.258290,0.152746,0,0,0,0
0.196815,0.728928,-0.149912,1.378822,0.268811,-0.454007,0.175376,0,0,1,0
0.455312,0.365508,0.034066,1.441888,0.241065,-0.362044,0.172848,0,0,0,0
-0.316909,0.802240,1.006403,0.969545,0.434684,-0.458272,-0.337764,0,1,0,0
0.275900,0.994342,0.446491,0.998739,-0.056720,-0.250192,0.948755,0,0,0,0
0.236424,0.494145,0.336120,1.363789,-0.166667,-0.216598,0.551658,0,0,0,0
0.339700,0.609639,0.063745,0.612609,-0.626509,0.092670,0.423504,0,0,0,0
0.815250,0.085257,-0.320439,0.983091,0.195049,0.357792,0.641099,0,0,0,1
0.818019,0.127833,-0.188195,0.666665,0.039398,0.129837,0.956371,0,0,0,0
1.037909,-0.887447,0.908758,0.656677,-0.314582,0.427440,0.793511,0,0,0,0
0.799547,-0.214885,0.060705,0.943126,-0.361791,-0.388038,0.546271,0,0,0,0
0.627828,0.540297,0.230057,1.403474,-0.204791,-0.274235,0.954466,0,0,0,0
0.449651,-0.543930,1.498048,0.687191,-0.857261,-0.103366,0.320129,0,0,0,0
0.510872,-1.074683,1.385492,-0.299715,0.588331,0.674523,-0.519768,1,1,0,0
0.594547,0.766222,0.067910,-0.915830,1.033578,-0.014157,1.408933,0,0,0,0
0.415372,0.466834,-0.055613,-1.094230,0.830679,0.521586,1.114061,0,0,0,0
0.479819,0.591007,0.349909,-0.824522,0.989358,-0.292314,0.492991,0,0,0,0
0.532150,0.491877,-0.006211,-0.973314,1.014339,-0.296324,0.556456,0,0,1,0
0.898548,-0.039777,-0.015342,0.791451,0.666698,-0.228918,0.429855,0,0,0,0
0.408935,0.977094,0.325235,-0.995681,1.878591,-0.520281,-0.219817,0,1,0,0
0.380929,0.506684,0.787812,-0.157327,1.345721,-0.193716,-0.165387,0,0,0,0
0.435021,0.036495,1.024943,0.326376,0.644894,-0.394963,-0.269122,0,0,0,0
0.151871,0.803280,0.844117,-0.938762,1.461641,-0.653378,-0.887543,0,0,0,0
-0.139866,1.127122,1.112287,-1.517215,1.673415,-0.380434,-0.456149,1,0,0,0
0.346669,1.056329,1.428663,-0.393163,0.199603,-0.156684,1.127770,0,0,0,0
0.381863,0.680057,1.026118,-0.483455,-0.035420,-0.261387,0.772703,0,0,1,0
1.109588,-0.372948,0.193733,0.398483,-0.083357,-0.116658,0.350392,0,0,0,0
0.604588,0.074961,1.105703,-1.172235,0.133435,-0.575803,-0.053774,0,0,0,0
0.594899,0.496026,1.716644,-1.241889,-1.006887,-0.140994,0.339814,0,0,0,0
0.436685,0.037029,2.224933,-0.603110,-0.272555,-0.278567,0.082389,0,1,0,0
0.357217,0.384395,0.989755,-0.332366,-0.017942,-0.416757,1.311008,0,0,0,0
0.148267,0.390559,1.322064,-0.063769,0.521827,-0.005957,0.758132,0,0,0,1
0.311110,0.587565,1.777197,-0.561697,-0.454673,-0.662882,1.568852,0,0,0,0
0.250782,0.492488,2.260322,-0.027608,0.027599,-0.271942,0.685868,0,0,1,0
0.844290,-0.398254,-0.328341,1.442991,0.852851,-0.960302,-0.159954,0,0,0,0
-0.000468,0.888988,0.611253,-0.329779,0.711263,-0.125346,-0.082902,1,0,0,0
0.125315,0.900815,1.121178,-0.029129,-0.693177,-0.887066,1.449866,0,0,0,0
0.206042,1.032678,0.899265,0.310726,-0.674682,-0.144490,0.864574,0,0,0,0
0.440667,0.897782,0.580843,-0.353229,-0.895887,-0.430280,0.280114,0,0,0,0
0.284244,0.581544,1.047407,-0.024070,-0.999516,-0.215937,0.070738,0,0,0,0
0.461920,0.854513,0.927921,-0.373517,-0.878460,-0.540099,0.255661,0,0,0,0
0.188184,0.739108,1.964927,-0.435226,-0.668670,-0.740881,-0.015412,0,0,0,1
1.030017,-0.224822,-0.247854,0.378087,0.200510,0.300258,0.307674,0,0,0,0
0.929303,-0.631523,1.173016,0.393072,-0.627980,0.194212,0.278739,0,0,0,0
0.641688,0.803556,0.122999,-0.795927,0.158096,0.210926,0.390832,0,0,0,0
0.585226,0.476137,0.419330,-0.479161,0.641639,-0.118148,0.080951,0,1,0,0
0.580325,0.600814,0.271867,-0.033589,0.743416,-0.240131,1.314958,0,0,0,0
0.414677,0.644666,0.222488,0.432593,1.496797,-0.161006,0.779511,0,0,0,0
0.347472,1.134959,0.747726,-0.551004,0.843465,-0.458659,0.060294,0,0,0,0
0.688710,-0.003559,0.445704,-0.190447,1.275189,1.322400,0.201866,0,0,1,0
0.886935,-0.217012,-0.109515,1.327027,0.878637,-0.131050,0.298643,0,0,0,0
-0.102388,1.151014,0.378475,-0.398988,1.896978,-0.372755,-0.049829,0,0,0,0
-0.001718,0.965938,0.734056,-0.563843,1.465265,-0.706382,-0.596611,0,0,0,0
0.361470,-0.009860,0.481888,0.872212,0.306311,-0.116080,-0.038623,0,0,0,0
0.148106,0.332356,0.540686,0.239584,0.633620,-0.675184,-0.694463,0,0,0,0
-0.203091,1.094548,0.707132,-0.252220,1.735813,-0.456083,-0.039553,1,0,0,0
0.001366,0.311700,1.802801,0.128893,0.420711,-0.297796,0.739724,0,0,0,0
0.451865,-1.048309,1.893202,0.878717,-0.708803,3.206895,0.899754,0,0,0,1
0.995825,-0.751919,0.012470,1.827037,0.819353,-0.429069,0.191308,0,0,0,0
0.389062,-0.926466,1.981496,0.027545,-0.494494,0.479515,-0.200371,0,0,0,0
0.639330,0.127977,1.436753,-0.404696,-0.274063,-0.350677,0.087458,0,0,0,0
0.669560,-0.084452,1.329645,-0.344734,-0.169473,-0.270908,0.190701,0,0,1,0
0.648980,-0.103199,-0.232586,-0.035400,0.564748,-0.374858,1.571540,0,0,0,0
-0.293318,0.456734,1.161893,-0.998336,1.435777,-0.725217,0.490537,1,0,0,0
0.465461,0.405939,0.763802,-0.597635,0.396824,-0.329457,1.379470,0,0,0,0
0.414095,0.640559,1.249326,-0.061999,0.333567,0.240207,1.041376,0,1,0,0
0.924911,-1.208222,0.553343,1.598766,0.397976,0.237506,-0.045913,0,0,0,0
0.682097,-0.977648,2.313732,0.148831,-1.278522,-0.240670,-0.188171,0,0,0,1
0.461902,0.511908,1.022628,0.679949,0.055516,0.450745,1.587722,0,0,0,0
0.329480,0.622611,1.169078,0.202660,0.147017,-0.463601,1.144308,0,0,0,0
0.383262,0.498138,1.253832,0.105205,0.008993,-0.568156,0.306188,0,0,0,0
0.264256,0.448133,0.920644,0.046494,0.059549,-0.566398,0.516919,0,0,0,0
-0.099397,0.580258,1.569822,-0.602065,-0.308778,-0.464553,-0.828070,0,0,0,0
-0.105705,-0.469465,2.417719,0.135282,0.192601,-0.404668,-0.882207,0,1,0,0
1.112534,-0.050148,-0.867031,0.265388,-0.239518,0.142176,0.200257,0,0,0,0
0.507192,0.307341,1.209859,0.325713,0.381633,-0.552916,-0.155655,0,0,1,0
0.471585,-0.046314,1.081191,-0.016384,0.287836,-0.558339,0.013267,0,0,0,0
-0.024072,0.532004,1.577627,-0.012545,0.112218,-0.530421,-0.162938,0,0,0,1
0.675656,0.066838,1.021258,-0.108583,0.615206,-0.450973,1.532070,0,0,0,0
0.621731,-0.018672,0.756666,-0.002793,0.565724,0.355703,0.912937,0,0,0,0
0.848326,-0.681639,1.090330,0.375440,-0.501642,-0.248357,-0.131771,0,0,0,0
0.834966,-1.312437,1.810927,1.079766,-0.702337,-0.251055,-0.405545,1,0,0,0
0.877978,-0.230038,-0.061456,1.016319,0.732998,0.232590,0.339531,0,0,0,0
0.426687,0.260581,0.555940,0.208100,-0.347976,0.055112,0.033287,0,0,0,0
0.433622,0.760140,0.941907,-0.118714,-0.252402,-0.592523,0.315465,0,0,0,0
0.233892,0.777449,1.005052,0.269963,0.462306,0.086366,0.026344,0,0,0,1
0.565460,0.369039,0.091061,0.410306,0.054015,-0.330899,-0.018752,0,0,0,0
0.640255,0.494561,0.158564,0.726244,-0.594044,0.014124,0.149970,0,0,0,0
0.455214,0.573164,0.880626,1.216861,-0.164585,-0.611290,1.145377,0,0,0,0
-0.128550,0.908401,1.785137,0.283839,0.967078,-0.629774,0.506284,0,0,1,0
1.040644,0.037921,0.093432,0.895785,-0.356993,0.286131,0.254373,0,0,0,0
-0.205568,0.852498,1.781355,-0.606206,0.895010,-0.764918,-0.631609,0,1,0,0
0.616780,0.249381,1.135383,0.107206,-0.705505,-0.445932,0.410006,0,0,0,0
0.013378,0.679486,1.845035,0.025200,-0.012236,-0.283426,-0.424074,1,0,0,0
0.478601,0.436742,1.047214,0.103399,-0.814505,-0.120360,1.458392,0,0,0,0
0.391782,0.284349,0.438703,-0.168767,0.149482,0.026433,0.911971,0,0,0,0
0.400839,0.225403,0.761079,1.091882,-0.283261,-0.544887,1.386877,0,0,0,0
0.624708,-0.998636,1.380103,2.589589,-0.780800,0.441676,0.781960,0,0,0,1
0.936301,-0.079043,0.004198,1.419355,0.178731,-0.097509,0.550335,0,0,0,0
0.369046,0.872269,0.578832,0.345784,-0.433373,-0.560522,0.746476,0,0,0,0
0.206620,1.014648,0.994430,0.770062,-0.708140,-0.959503,1.546913,0,0,0,0
0.193305,0.558124,0.309216,0.837023,-0.562295,-0.229766,0.853359,1,0,0,0
0.425387,0.564040,-0.501080,0.025034,-0.011087,0.380975,0.448260,0,0,0,0
0.453577,0.680777,-0.255530,0.135440,-0.664682,0.466788,0.254196,0,0,0,0
0.444615,0.574559,0.167024,-0.218502,-0.924849,-0.071123,1.411991,0,0,0,0
0.483156,0.524780,0.787235,0.042923,0.021056,0.065274,1.146050,0,0,1,0
1.002358,0.077360,-0.545059,0.533318,0.529808,-0.043286,0.237771,0,0,0,0
0.686975,0.396140,-0.187995,-0.290557,0.137268,-0.575225,-0.008652,0,0,0,0
0.301528,1.014576,0.171450,-0.950229,1.191231,-0.102604,-0.309260,0,0,0,0
0.255175,1.176259,0.855835,-1.332751,0.611994,0.152620,0.404209,0,1,0,0
0.747285,0.211318,0.466168,0.292361,1.247909,-0.495820,1.205084,0,0,0,0
0.431796,0.433159,0.472940,-0.009161,0.695942,0.904705,0.707594,0,0,0,1
0.887089,0.224116,-0.067991,0.482080,-0.384139,0.149625,0.114318,0,0,0,0
0.763109,-0.008849,-0.296346,0.010166,-0.214571,-0.081271,0.289637,0,0,0,0
0.956936,-0.025699,-0.268442,0.692808,-0.434775,-0.142762,0.607662,0,0,0,0
0.815041,-0.794563,1.330460,0.176568,-0.833597,0.135764,-0.003557,0,0,1,0
0.781098,0.407714,0.086600,0.944223,-0.525534,-0.077440,0.646323,0,0,0,0
0.609065,0.282600,-0.299384,-0.067147,-0.451031,-0.231868,0.461933,0,0,0,0
0.809825,-0.955482,1.764174,0.450161,-0.384149,0.113401,-0.195698,0,0,0,0
0.716082,-0.940849,1.224571,0.058752,-0.915019,-0.410582,-0.369783,0,1,0,0
0.572666,0.205843,0.226648,0.325394,-0.463767,0.218673,1.153257,0,0,0,0
0.299140,0.548986,0.601606,0.016908,-0.091955,0.152241,0.620988,0,0,0,0
0.815791,-0.091180,-0.054779,1.252030,-0.329545,-0.494789,0.673329,0,0,0,0
0.299823,0.881050,0.101306,1.196715,1.426930,-0.475594,0.479811,1,0,0,0
0.619012,0.129366,-0.490859,0.581434,0.057406,-0.574360,0.536563,0,0,0,0
0.422830,0.194628,-0.136111,-0.266732,-0.310678,0.107961,0.289124,0,0,0,0
0.395008,0.710988,0.772805,1.029278,1.079029,-0.455456,1.630722,0,0,0,0
0.197938,0.798005,0.781454,0.861085,1.302122,-0.179908,0.653290,1,0,0,0
0.558615,0.568809,-0.458470,0.474981,0.497013,-0.568502,1.239270,0,0,0,0
0.468768,0.604195,0.410907,0.943183,-0.148312,-0.200074,0.858283,0,0,0,0
0.944071,-0.049167,0.225226,1.347509,0.463636,-0.514394,0.205267,0,0,0,0
0.671377,0.148102,0.095799,0.835479,0.953807,-0.558870,0.146381,0,0,0,1
0.800964,-0.041702,0.100538,0.456921,0.471937,0.126164,1.258943,0,0,0,0
0.675797,0.343344,0.633285,0.035156,0.053251,-0.159038,0.933358,0,0,0,0
0.958428,-0.011199,-0.395714,0.106426,0.175505,-0.525472,0.472571,0,0,0,0
0.886565,0.076268,-0.369824,0.282555,0.535206,-0.119053,0.376006,0,0,0,0
0.624044,-0.000932,-0.017755,0.526827,0.373663,-0.638984,0.861332,0,0,0,0
0.605371,-0.194970,0.155387,-0.256685,0.154607,-0.088073,0.513554,0,0,0,0
0.952203,-0.402033,-0.478005,0.446260,0.226200,-0.421282,0.635708,0,0,0,0
0.800733,-0.237298,-0.087549,-0.130735,0.749037,-0.330854,0.305446,0,0,0,0
0.891862,0.085003,0.461188,-0.475184,0.663769,-0.245561,0.612837,0,0,0,0
0.661825,-0.499678,0.680442,-0.561676,1.205725,-0.417270,-0.033808,0,0,0,0
-1.268719,-0.492360,-1.439126,-0.436530,0.413675,-0.829811,-1.602586,0,0,0,0
-3.436984,-1.328571,0.177679,-1.897499,1.480842,-0.605717,-2.234844,0,0,0,0
-4.462521,-2.792280,1.589287,-0.972740,1.480633,-0.548532,-2.297712,0,0,0,0
0.035389,-2.421104,-2.551861,-1.789999,-0.780409,4.190963,-1.076788,1,0,0,0
0.686390,-0.167906,-1.068838,-1.167903,-0.077237,1.839496,-0.570372,0,0,0,0
0.043898,-0.602687,-0.468486,-1.489907,-2.043706,-0.614459,-0.240550,0,0,0,0
-1.320223,-0.975639,-0.598867,-0.491113,0.856869,-0.144366,-1.356827,0,0,0,0
-4.210329,-2.124317,1.914933,-1.002989,1.970017,-0.901631,-2.295015,0,0,0,0
-4.450047,-2.761371,1.464331,-1.485626,0.878227,-0.869728,-2.304933,0,0,0,0
-0.084809,-2.452352,-2.948440,-1.989577,-1.306336,6.087359,-1.277164,0,0,1,0
0.291499,-0.162246,-0.619950,-0.942345,-0.560367,1.344010,0.034607,0,0,0,0
0.141671,-0.129991,-0.375442,-1.129516,-1.131006,-0.449641,-0.041073,0,0,0,0
-0.126779,-0.164456,-0.483629,-0.554376,-1.309680,-0.488886,-1.184250,0,0,0,0
-3.196455,-1.917473,-0.680316,-1.357042,0.316696,-1.135803,-2.269160,0,0,0,0
-3.558291,-2.150220,-0.135752,-0.926781,1.570834,-0.022494,-2.273717,0,0,0,0
-2.052957,-2.667467,-0.412780,0.329759,0.222131,1.405529,-2.040354,1,0,0,0
0.100820,-0.492343,-0.782295,-1.258522,-0.384623,-0.176010,-0.479244,0,0,0,0
0.100812,-0.515025,-0.386321,-0.640378,-0.059324,-0.589807,-0.670174,0,0,0,0
-0.423564,-0.278466,-0.323445,-0.329242,0.430090,-0.751188,-1.365908,0,0,0,0
-2.117713,-0.531425,-3.960866,-0.871159,4.070051,-0.555015,-1.952313,0,0,0,0
-3.692400,-1.889912,-0.274616,-2.464094,1.499577,-0.564831,-2.285108,0,0,0,0
-3.027300,-3.029012,-1.900935,-1.208002,0.339818,0.963006,-2.251107,0,0,0,0
-4.455783,-2.855647,1.133225,-1.570935,1.274664,-0.760322,-2.294985,0,0,0,0
-1.941081,-2.407219,-1.684502,0.249190,0.855384,3.050550,-2.015792,0,0,0,1
-0.433027,-1.964598,0.038772,-1.902946,-1.480369,1.249525,-0.413771,0,0,0,0
-0.916027,-0.747451,-1.057062,-1.022814,-0.648537,-0.182818,-0.764473,0,0,0,0
-0.885948,-2.158583,-1.256212,-2.271364,-0.879148,0.433117,-0.552629,0,0,0,0
-0.538444,-1.675525,-1.289433,-2.789923,-1.629587,0.294766,-0.814184,0,1,0,0
-0.436834,-2.459244,-1.555519,-1.959012,-1.341948,0.427740,-0.457467,0,0,0,0
-0.679643,-2.132661,-1.463212,-2.490381,-2.226769,-0.526716,-0.798379,0,0,0,0
-1.126545,-2.633510,-0.515386,-3.083674,-1.323602,-0.219780,-1.903431,0,0,0,0
-4.503072,-2.929894,1.083232,-1.793406,0.891771,-1.241983,-2.301150,0,0,0,0
-3.632057,-2.208495,-0.575873,-2.348926,0.998393,0.076332,-2.275850,0,0,0,0
-4.544755,-2.999050,1.224881,-1.515046,1.034481,-1.107662,-2.307608,0,0,0,0
-4.095836,-1.770708,2.349193,-0.867794,1.680783,-1.241983,-2.282808,0,0,0,0
-0.283616,-1.794172,-0.486432,-0.394656,-1.619821,6.639508,-1.331233,0,0,1,0
-0.142191,-0.696174,0.155088,-0.435519,-1.899028,-0.147047,-0.485896,0,0,0,0
-0.160885,-0.728762,0.463661,-0.781391,-2.713577,-0.342586,-0.551071,0,0,0,0
-0.906105,-1.716110,-0.144782,-1.312010,-1.375873,0.237986,-1.789574,0,0,0,0
-3.759252,-1.751535,0.551651,-1.946986,0.266414,-0.906128,-2.283375,0,0,0,0
-3.927843,-2.736950,1.421563,-0.114385,0.142830,0.849193,-2.195033,0,0,0,0
-0.857884,-3.910053,-2.093485,0.632757,-2.158486,1.718265,-1.498166,0,1,0,0
-0.054611,-1.112439,-0.866999,0.191704,0.164894,2.523612,-0.847198,0,0,0,0
-0.104285,-1.471034,-0.724420,0.340076,0.305327,-0.040512,-0.915466,0,0,0,0
-1.020749,-2.023389,-1.446895,-0.687918,0.200621,-0.115263,-1.874578,0,0,0,0
-3.875836,-1.840673,0.644567,-1.835970,1.271280,-1.220173,-2.295495,0,0,0,0
-2.764751,-1.736571,1.104700,-0.164892,0.480105,1.867336,-2.174575,0,0,0,0
-0.321892,-3.107986,-2.087527,-0.300894,0.515098,1.159653,-1.289729,0,0,1,0
0.080844,-0.483114,-0.758384,-0.846496,-0.593628,-0.734065,-0.307711,0,0,0,0
-0.108899,-0.519915,-0.609356,-0.847305,-2.100226,0.077076,-0.333196,0,0,0,0
-0.852563,-0.214092,-1.976174,-1.845633,-1.469601,-0.738790,-1.830021,0,0,0,0
-2.874415,-1.593017,-0.516247,-1.689364,0.404161,-0.286915,-2.247481,0,0,0,0
-2.954635,-2.496239,-0.932519,-1.283514,0.195620,0.242276,-2.239560,0,0,0,0
-1.534177,-2.404090,-0.020470,-1.333156,-1.282674,7.375384,-2.023909,1,0,0,0
-0.767167,-1.086276,0.760843,-1.518355,-2.691944,0.032368,-0.328879,0,0,0,0
-0.948929,-1.116616,0.776969,-1.566722,-2.762013,0.136439,-0.308131,0,0,0,1
0.221291,-0.645945,-0.027345,-1.205695,-2.415016,1.203521,-0.171646,0,0,0,0
0.011033,-0.939511,-0.397938,-0.916979,-1.883436,-0.165137,-0.345843,0,0,0,0
0.216960,-0.841606,-0.586146,-1.229683,-1.988372,0.180361,-0.349773,0,0,0,0
-0.133138,-0.886786,-0.401522,-0.978325,-2.889794,-0.172335,-0.546461,0,1,0,0
-0.152570,-0.708832,-0.421031,-1.010823,-2.945138,0.254567,-0.608456,0,0,0,0
-0.263447,-0.710704,0.293761,0.211223,-2.088003,-0.354706,-0.953211,0,0,1,0
-0.169248,-0.470169,1.093701,-0.311790,-1.812147,0.839467,-0.405878,0,0,0,0
-0.276777,-0.542244,0.562357,-0.007710,-1.116124,-0.355058,-0.616873,0,0,0,0
-1.891703,-0.982547,0.124801,-0.739564,-0.748883,-0.541761,-1.983192,0,0,0,0
-2.852929,-1.358910,-0.196533,-1.445940,0.341623,0.458864,-2.256787,0,0,0,0
-4.496443,-2.862952,1.400262,-1.388925,1.152650,-1.050666,-2.305842,0,0,0,0
-1.117612,-4.443911,-1.793266,1.357971,-2.060892,5.467050,-1.446734,0,0,0,1
0.453925,-0.611606,-1.032362,-1.168198,-0.889101,2.461014,-0.385944,0,0,0,0
-0.040995,-0.549518,-0.709355,-1.425496,-1.837710,-0.415870,-0.254472,0,0,0,0
-0.511581,-1.130322,-1.014230,-1.978657,-0.429515,-0.186206,-1.049880,0,0,0,0
-3.027772,-0.650046,-0.244228,-2.231914,1.088618,-0.950969,-2.233816,0,0,0,0
-4.542296,-2.990593,1.239423,-1.500667,1.047985,-1.140555,-2.306391,0,0,0,0
-2.333259,-2.525135,-0.720449,0.129220,0.083288,3.606840,-2.154065,1,0,0,0
0.197802,-0.533970,-0.625235,-0.409116,-0.839686,2.305752,-0.374994,0,0,0,0
0.049189,-0.651064,-0.592679,-0.315222,-0.918166,-0.369761,-0.128412,0,0,0,0
-0.857672,-1.102812,-0.512645,-0.624991,0.097977,-0.225227,-1.624603,0,0,0,0
-2.661144,-0.703407,-2.737878,-3.393941,0.768034,-0.371133,-2.201694,0,0,0,0
-3.692026,-1.782912,0.511266,-1.171092,1.423775,0.599227,-2.288262,0,0,0,0
-0.341829,-1.948649,-1.965198,-1.641021,0.266946,0.039501,-1.596080,0,0,0,1
0.200730,-0.588548,-1.102078,-1.617448,-1.259658,0.180037,-0.193716,0,0,0,0
-0.007055,-0.442993,-1.363997,-1.991296,-2.147896,-0.571669,-0.325991,0,0,0,0
-0.361803,-0.230312,-0.825409,-1.359476,-1.438118,-0.253404,-1.430221,0,0,0,0
-1.051794,-0.405391,-4.652363,-1.971306,-0.503327,0.138879,-1.767477,0,0,0,0
-3.016305,-2.715524,-1.695736,-1.603056,-0.238258,0.782286,-2.245417,0,0,0,0
-2.862843,-3.030997,-2.193748,-0.518331,0.242977,0.155632,-2.232606,0,0,0,0
-4.375077,-2.449445,2.036099,-0.838191,1.600869,-1.192363,-2.303128,0,0,0,0
-1.784064,-1.261139,0.606672,0.287477,0.142882,-1.101481,-1.962234,0,1,0,0
-0.656085,-1.847156,-0.998653,-1.207599,-2.493473,-0.736106,0.052474,0,0,0,0
-0.490837,-2.113843,-1.612420,-1.487701,-1.827553,0.501952,-0.338066,0,0,0,0
-0.353438,-2.460808,-0.438275,0.262968,-0.923351,0.460998,-0.667684,0,0,0,0
-1.400929,-1.658846,0.109442,-0.528199,-1.675369,-0.361464,-1.197829,0,0,1,0
-0.163247,-2.909164,-2.068109,-1.997311,-1.404978,0.585192,-0.701332,0,0,0,0
-0.646489,-2.517150,-1.302781,-2.904762,-2.395559,-0.183640,-0.774517,0,0,0,0
-1.140766,-2.106838,-0.783992,-2.213274,-0.648812,-0.240006,-1.620539,0,0,0,0
-3.901152,-2.863696,0.150094,-1.652979,1.515489,-1.013461,-2.250899,0,0,0,0
-2.748885,-2.899337,-1.984745,-0.805305,0.643889,0.400555,-2.223609,0,0,0,0
-2.795010,-2.774807,-1.473900,-1.015750,0.505918,0.286473,-2.240254,0,0,0,0
-4.419346,-2.590863,1.865138,-0.955974,1.461871,-1.034765,-2.299721,0,0,0,0
-0.766864,-0.876552,-0.617983,0.207633,0.209767,5.659858,-0.378122,0,0,0,1
-0.090740,-1.848569,-1.165648,-1.062565,-0.774438,-0.242327,-0.274991,0,0,0,0
-0.468243,-1.695937,-0.858950,-1.218968,0.613852,-0.557082,-0.474760,0,0,0,0
-0.962003,-1.386356,-1.103424,-2.042889,1.309621,0.272572,-1.183047,0,0,0,0
-0.244520,-1.676089,-1.187924,-1.973676,-0.959729,-0.770485,-1.313991,1,0,0,0
-0.321059,-1.972037,-1.189475,-2.274769,-2.057519,-0.060367,-0.462960,0,0,0,0
-0.572516,-2.247140,-0.905984,-2.431389,-1.860215,0.380926,-0.956100,0,0,0,0
-0.901358,-2.300998,-1.521037,-1.009087,-1.248600,0.670878,-0.714443,0,0,0,0
-1.059234,-1.066624,-0.256438,-3.590712,-2.205931,-1.239369,-1.427818,0,0,1,0
-0.850184,-2.212174,-1.511538,-1.928698,-1.945940,-0.578387,-0.329395,0,0,0,0
-2.586976,-3.290483,-0.950074,-1.072642,0.395260,-1.201489,-1.819981,0,1,0,0
-0.320916,-1.044518,-1.107215,-1.888085,-2.792344,-0.154562,-0.391414,0,0,0,0
-0.734748,-1.414572,-0.154924,-2.301715,-2.262706,-0.080053,-0.153396,0,0,0,0
-0.787070,-2.366666,0.986154,0.135515,-2.990586,-0.388840,-0.796651,0,0,0,0
-0.977764,-3.681213,-1.188441,0.215200,-2.509621,0.120927,-1.623996,0,0,0,1
-0.994019,-1.416561,-0.527518,-1.955976,-1.630676,-0.239581,-0.332163,0,0,0,0
-0.847456,-1.477568,-0.292662,-2.309032,-2.180043,0.452795,-0.254493,0,0,1,0
-0.671563,-1.534632,-1.037909,-2.100216,-1.579171,-0.032089,-0.233898,0,0,0,0
-1.304583,-1.619910,-0.767110,-0.856638,-0.864233,-0.014000,-1.128118,1,0,0,0
-0.829855,-2.208449,-1.269416,-0.085935,-0.843063,-0.136002,-0.697180,0,0,0,0
-1.041057,-0.829842,-1.405631,-1.302679,-1.688204,0.318192,-0.900859,0,1,0,0
-0.276768,-2.286694,-1.725033,-3.299671,-1.654551,0.379445,-0.346281,0,0,0,0
-0.221539,-2.225637,-1.213185,-2.913735,-1.597404,0.688674,-0.679867,0,0,0,0
-0.398281,-2.506434,-1.466906,-2.804894,-1.255971,-0.264960,-0.650938,0,0,0,0
-0.690698,-1.512737,-0.891436,-1.291879,-0.516989,-0.022562,-1.150749,0,0,1,0
-0.370623,-3.046013,-1.352089,-2.027561,-0.312269,-0.019334,-0.635527,0,0,0,0
-0.323011,-3.720457,-1.390470,0.047156,-1.421535,1.520411,-1.285486,0,0,0,1
-0.234197,-2.024682,-0.725219,-1.960395,-1.204967,0.747303,-0.247302,0,0,0,0
0.314117,-2.685253,0.282660,-2.577923,-1.082497,-0.590284,-0.285905,1,0,0,0
-0.295260,0.086715,1.410843,0.673934,-0.260393,-0.567821,2.152089,0,0,0,0
-0.917028,-0.452184,0.979907,0.241766,0.982690,-0.694653,1.384237,0,0,0,0
-2.016069,0.598151,1.331707,-1.181878,0.562017,-0.864653,-1.644391,0,0,0,0
-1.747736,-0.059441,0.762613,0.449145,0.876496,0.320013,-1.605660,0,0,1,0
0.348662,0.317833,0.274789,0.877300,0.729018,0.413884,1.781269,0,0,0,0
-0.027288,-0.095178,0.850002,-0.196549,0.088235,-0.353365,0.416667,0,0,0,0
0.046484,-0.697951,0.587456,0.889458,0.854380,0.685668,-0.311668,0,0,0,0
0.094373,-0.945181,-1.032192,0.898523,1.474515,-0.010135,-0.223218,1,0,0,0
-1.321116,0.761153,0.773900,1.551521,3.249095,-0.908463,1.563130,0,0,0,0
-2.728074,0.837135,2.564544,0.047397,3.231645,-0.473610,0.292777,0,0,0,0
0.319450,0.053159,-0.293806,0.970314,0.644646,1.250607,-0.019784,0,0,0,0
0.280440,0.144671,0.012306,1.231016,0.863112,-0.467008,0.082115,0,0,1,0
0.146813,-0.023607,0.753983,2.199072,0.978519,-0.451952,1.222237,0,0,0,0
-1.427006,-0.694573,2.851830,1.074937,2.364834,-0.049538,0.059775,0,0,0,0
-2.329725,0.419091,1.785067,0.997878,1.741708,-0.125383,-1.692317,0,0,0,0
-0.362555,-3.067749,-0.019446,2.702045,-0.035357,1.025143,-1.225442,1,0,0,0
0.084985,0.663756,-0.068492,1.139165,1.571746,0.851709,1.638498,0,0,0,0
-0.129211,-0.143416,-0.239293,1.285472,1.477689,-0.381995,0.584606,0,0,0,0
-0.089776,-0.310996,0.097944,1.627780,1.330749,-0.155948,-0.464873,0,0,0,0
-0.827522,0.076764,-0.474760,2.041559,1.687037,-0.105754,-0.563822,0,0,1,0
-1.840261,3.001929,3.316789,-0.657608,2.938728,-0.909617,1.816831,0,0,0,0
-1.862227,0.173829,1.373089,2.805926,2.438053,0.965217,0.521471,0,0,0,0
-1.759595,-0.150025,1.749543,2.902056,2.392506,-0.229422,-1.350298,0,0,0,0
-2.232635,1.783608,2.639296,-0.426933,3.408822,0.196697,-0.988708,0,1,0,0
0.388128,1.223957,-1.318124,0.543690,1.286908,4.383961,1.585738,0,0,0,0
-0.797881,-0.634082,0.678183,2.118480,0.809779,-0.758494,-0.071302,0,0,0,0
-0.244848,-0.741957,0.743780,2.071718,1.457104,0.451054,0.798899,0,0,0,0
-0.283918,-0.850280,0.414956,1.009461,0.941623,0.722169,0.105190,0,0,0,1
-0.456921,0.665989,1.654507,-0.052475,1.555668,-0.143328,1.806389,0,0,0,0
-0.776700,0.316260,1.862253,0.881508,0.149119,-0.441024,1.192282,0,0,0,0
-0.225668,-0.826190,-0.218783,0.910626,-0.304899,1.234449,-0.782790,0,0,0,0
0.084716,-1.182024,-1.867554,0.824923,0.237622,0.493614,-1.015231,1,0,0,0
-2.363141,1.880409,3.458505,0.082441,2.953871,-1.124456,1.617884,0,0,0,0
-1.206653,-0.706697,0.935297,2.468504,0.979297,2.006884,0.274384,0,0,0,0
-2.227437,0.633248,1.673732,-0.571937,1.535985,-0.846324,-1.811490,0,0,0,0
0.333760,-1.761120,-1.668077,0.486859,0.289856,3.667866,-1.041592,0,0,0,1
0.325774,-0.062803,0.897003,0.639868,-0.166819,-0.221124,1.633658,0,0,0,0
-0.055705,-0.488023,1.155188,1.162481,-0.668362,-0.355291,0.871811,0,0,0,0
0.099775,-1.314266,0.669128,1.206970,0.551491,0.274236,-0.399311,0,0,0,0
-0.254403,-0.744994,-0.891357,1.005598,0.642071,-0.128651,-0.606564,0,1,0,0
-2.332121,1.509645,3.183913,0.727607,2.978647,-1.023550,1.684793,0,0,0,0
-1.592458,0.565146,2.178781,0.936215,2.234498,1.663578,0.855564,0,0,0,0
0.193539,-0.247930,1.069993,0.975108,-0.334609,0.586026,0.687833,0,0,0,0
0.137533,-0.278492,1.195858,0.628775,-0.489618,-0.269881,0.153052,0,0,0,1
0.039437,-0.051836,0.801352,1.433106,0.291279,-0.427209,1.790669,0,0,0,0
0.010929,-1.113899,-1.473607,1.190588,1.155311,0.393857,0.537428,0,0,0,0
-1.228218,0.131066,-0.939842,1.407229,2.240803,-0.806938,-1.551214,0,0,0,0
-1.199758,-0.774599,1.968921,2.561748,1.518752,1.229390,-0.903207,0,1,0,0
-0.052356,0.406825,0.681690,1.116657,0.546516,-0.456411,1.868346,0,0,0,0
-0.168817,0.066152,0.924887,0.561176,-0.745342,-0.095453,0.618746,0,0,0,0
0.206261,-0.454967,0.229231,1.073335,-0.082358,0.312280,-0.296597,0,0,0,0
-0.805329,-0.018860,-0.447054,1.341588,0.718482,-0.471529,-0.522284,0,0,0,1
-0.852518,1.166891,1.028982,1.109966,1.836754,1.230050,1.780564,0,0,0,0
-2.072304,1.545879,2.393811,0.182930,2.443313,-0.685143,0.395173,0,0,0,0
-0.430183,-0.404565,2.480827,0.104956,-1.906118,0.307312,0.042815,0,0,0,0
-0.882529,-0.211004,2.806005,-0.097140,-0.842379,-0.167060,-0.381300,1,0,0,0
-0.169176,0.554480,1.743410,0.165036,-0.910763,-0.116016,1.762530,0,0,0,0
-0.099458,0.141039,1.493040,0.249096,-0.660473,-0.069589,1.112219,0,0,0,0
0.080381,0.087734,1.257926,-0.045235,-0.972512,0.146108,0.357406,0,0,0,0
-0.060867,0.177927,1.596212,-0.021555,-1.370576,0.050473,0.432260,0,0,1,0
-0.010589,0.528815,0.677362,0.948849,0.116018,-0.142530,1.689334,0,0,0,0
-0.408600,0.246225,1.504927,1.103724,-0.224063,-0.302034,0.920739,0,0,0,1
-0.034693,0.164058,1.784247,1.182916,-0.797251,0.996939,-0.132632,0,0,0,0
-0.084102,0.129245,1.188818,0.809628,-0.059914,-0.363184,0.036145,0,1,0,0
-0.008880,-0.063955,0.677199,1.353770,0.484009,-0.380900,1.788830,0,0,0,0
-1.836126,0.973029,1.713047,0.864827,2.747061,-0.414441,1.030018,0,0,0,0
-1.376633,-0.534047,0.749797,1.128589,0.863989,0.444551,-1.814836,0,0,0,0
-1.242307,-0.075359,-0.055087,0.437988,2.190213,-1.009906,-1.826977,0,0,1,0
0.436899,0.292017,-1.213815,0.717032,1.031285,0.498570,1.574477,0,0,0,0
0.163138,-0.251438,-0.502369,1.147607,1.299096,-0.230696,0.675214,0,0,0,0
0.003678,-0.882705,0.518417,2.161846,1.175775,0.130957,-0.329189,0,0,0,0
0.435930,-0.918903,-1.771455,1.641356,1.045039,0.129102,0.468300,0,1,0,0
-1.829795,0.932629,2.404683,1.159080,2.878601,-1.016226,1.632342,0,0,0,0
-2.051110,-0.302129,1.028849,0.665916,3.182814,-0.038226,0.491716,0,0,0,0
0.558918,-0.066309,0.131627,0.701917,0.619335,0.614335,0.241533,0,0,0,0
0.214034,-0.322762,0.074313,0.953104,0.676041,-0.406578,0.396625,0,0,1,0
0.214552,-0.258418,0.129900,2.003241,0.806318,-0.197645,1.648832,0,0,0,0
-0.049721,-1.144888,-1.281238,0.909127,1.123232,-0.246629,0.374023,0,0,0,0
-1.216030,-1.608709,1.786075,2.112190,1.509487,-0.123451,-1.602104,0,0,0,0
-0.136584,-2.979455,0.221294,2.293612,0.478696,-0.216508,-1.196258,0,1,0,0
0.046125,0.372227,0.020037,1.200769,1.842526,0.048734,1.547868,0,0,0,0
-0.011808,-0.373133,-0.373004,0.604411,1.302503,-0.115996,0.953218,0,0,0,0
0.372909,-0.500384,-0.187407,1.369861,0.734340,-0.003055,-0.168899,0,0,0,0
-0.197442,-0.336951,-1.745528,0.817891,1.378004,-0.287193,-0.616709,0,0,0,1
-0.671896,1.140814,-0.211585,1.398481,3.450674,-0.686132,1.228012,0,0,0,0
-0.927438,-0.981022,1.097730,2.723433,1.987161,0.306903,-0.103044,0,0,0,0
-1.463992,-0.242345,1.454023,1.576952,3.299847,-0.471196,-0.768063,0,0,0,0
-1.037003,0.380154,2.024124,1.557848,2.744707,0.188475,0.255884,0,1,0,0
-0.212490,-0.149860,1.311645,1.274603,0.415913,-0.622308,1.528434,0,0,0,0
-0.578892,-0.597019,0.686121,0.613291,0.763052,-0.376869,0.932085,0,0,0,0
-0.241602,-0.589863,1.008901,0.969046,0.838055,2.012434,0.490538,0,0,0,0
-0.696740,0.217797,0.641044,0.371325,1.890747,0.452779,0.033498,0,0,1,0
-0.022091,-0.057180,-0.044610,1.722315,1.840332,-0.337032,1.482321,0,0,0,0
-0.437841,0.017240,0.670139,0.533461,0.869238,-0.316146,1.045571,0,0,0,0
0.213784,-1.299977,-0.422504,0.493994,0.901600,0.342828,-0.916570,0,0,0,0
-0.485895,-0.970579,-0.847978,0.537995,1.916157,-0.262735,-1.426908,1,0,0,0
-1.105684,-0.255225,2.056194,2.104247,2.132210,-0.806587,1.982326,0,0,0,0
-1.052040,-1.166444,1.339292,2.167716,1.977634,0.045225,0.912340,0,0,0,0
-1.222912,-0.963413,1.082960,0.487889,2.284358,-0.445048,-1.579202,0,0,0,0
-0.179010,-2.691924,1.140036,0.614775,1.013747,-0.489767,-1.408170,0,1,0,0
0.277629,0.013591,0.077982,0.382998,1.200243,-0.404120,1.503470,0,0,0,0
-0.475702,-0.608442,0.791450,0.786944,0.849664,0.380384,0.998200,0,0,0,0
-0.225262,-1.316474,1.179458,1.822381,1.112736,-0.007392,-0.692178,0,0,0,0
-0.701111,-0.650752,1.144090,1.048796,2.248510,0.236677,-0.267714,0,0,1,0
-0.232123,-0.505759,0.652594,2.086647,1.399490,-0.817378,1.434477,0,0,0,0
-0.353670,-0.841558,0.134178,0.700118,1.981211,0.442502,0.782094,0,0,0,0
-0.289355,-0.329950,1.172750,0.004570,1.572810,0.801141,-0.874948,0,0,0,0
-0.113751,-2.016862,1.557816,1.483938,1.745056,0.210262,-0.382417,0,0,0,1
0.128411,-0.087504,0.246527,2.649815,2.567287,-0.389979,2.125509,0,0,0,0
-0.037298,-0.050219,0.503598,1.464490,2.063572,-0.269408,0.738627,0,0,0,0
0.260307,-0.404433,0.071382,0.374149,1.650578,-0.229612,0.003281,0,0,0,0
0.504783,-0.204773,0.104406,-0.093667,1.062759,0.331945,0.181788,0,1,0,0
0.038111,0.186757,1.496573,1.187742,2.391057,-0.571409,1.741250,0,0,0,0
-0.003411,-0.134479,0.652182,0.708557,2.430242,0.150090,0.930319,0,0,0,0
0.603396,-0.400486,0.416967,-0.104928,0.446562,0.905186,0.000789,0,0,0,0
0.316279,-0.948392,-0.287526,-0.300221,0.558226,-0.005938,0.259266,0,0,1,0
0.231063,-0.892563,0.544279,1.695914,1.112013,-0.542396,1.577416,0,0,0,0
0.027628,-1.049258,0.985982,0.166370,1.638845,-0.309932,0.951480,1,0,0,0
0.382269,-0.495501,0.962106,-0.436291,1.418219,-0.598543,0.721334,0,0,0,0
0.158556,-0.669711,1.360897,0.101065,2.498384,-0.178616,-0.172714,0,0,0,1
-0.002494,-1.569170,-2.662485,-1.388827,-0.575906,1.060414,-0.200823,0,0,0,0
-0.445345,-2.168301,-2.337763,-1.765071,-2.386491,0.125990,-1.091875,0,0,0,0
-0.673659,-1.257134,-2.156161,-0.589165,-0.563613,0.317428,-1.777963,0,0,0,0
0.063313,-0.217479,-2.450915,-1.101245,-1.105890,2.543777,-1.096691,0,0,1,0
0.772188,-1.253450,-0.809140,-1.707486,-1.618775,0.759561,0.228397,0,0,0,0
0.115696,-1.352847,-1.263661,-1.102312,-0.906149,0.026747,-0.102326,0,0,0,0
0.101890,-1.610365,-0.981537,-0.419592,-0.417789,-0.284592,-0.137506,0,0,0,0
0.140104,-0.236589,-0.969231,-0.941130,-2.033438,-0.260140,0.054755,1,0,0,1
1.024072,0.052093,0.613739,-0.999230,-0.459690,-0.256134,1.086270,0,0,0,0
0.684679,0.415508,-0.276339,0.101157,-0.530764,0.061651,0.926233,0,0,0,0
0.703497,0.178810,-0.262747,-0.339917,-0.704134,-0.115146,0.397993,0,0,0,0
0.550960,-0.403358,-0.677271,-0.755729,-0.434505,0.007997,-0.042934,0,0,0,0
0.831251,-0.180689,-0.495514,0.855640,0.060233,-0.004034,0.800511,0,0,0,0
0.593409,0.639758,-0.202605,-0.419238,-0.932393,0.422651,1.144102,0,0,0,1
0.704065,0.739978,-0.318538,-0.332197,-1.012880,0.159083,0.420047,0,0,0,0
0.482659,-0.062247,-0.888610,-0.613890,-1.028784,-0.106461,-0.004607,0,0,0,0
0.564371,0.344487,-0.755904,-0.742361,-1.526292,-0.501241,0.178311,0,0,0,0
0.579142,0.286140,-0.710877,-0.775785,-1.151581,-0.074928,0.270033,0,0,0,0
0.444067,0.609612,0.336599,0.185214,-0.159850,-0.255387,1.034721,0,0,0,0
0.278424,0.561044,0.127699,-0.048607,-0.515747,-0.022678,1.139425,0,1,0,0
0.814853,-0.194757,-0.742742,0.629394,-0.408820,-0.270839,0.520310,0,0,0,0
0.479885,0.425388,-0.598789,-0.212684,-1.164929,0.115645,0.251337,0,0,0,0
0.628973,0.717063,-0.285118,-0.097708,-0.646402,-0.564987,0.447681,0,0,0,0
0.556082,0.527209,0.309288,0.435994,-0.809842,-0.318775,0.481621,0,0,0,0
0.561635,0.409264,0.120274,0.427421,-0.057912,-0.752622,1.176844,0,0,0,0
0.583255,0.777295,0.242632,-0.364889,-0.905846,-0.062998,0.903165,0,0,1,0
0.613724,0.907551,0.161852,-0.384026,-0.589349,-0.281464,0.519136,0,0,0,0
0.479207,0.803651,-0.227278,-0.465365,-1.001131,-0.551064,0.457950,0,0,0,0
1.046275,0.012985,-0.284990,0.866309,-0.112171,-0.662054,0.612647,0,0,0,0
0.509049,0.773105,0.038644,0.642524,0.011260,-0.288800,0.241913,0,0,0,0
0.422886,0.326428,-0.589746,-0.290712,0.083780,-0.654298,0.923889,0,0,0,0
0.363171,0.538183,0.135909,-0.438807,-0.265292,-0.434670,0.856836,1,0,0,0
0.411548,0.565788,-0.297709,-0.595114,-0.572063,-0.212238,0.410608,0,0,0,0
0.383199,0.412799,-1.107967,-1.020139,-0.974891,-0.199198,-0.010236,0,0,0,0
0.454738,0.464106,-0.161964,-0.684660,-0.294611,-0.414841,1.043728,0,0,0,0
0.411423,0.489279,0.223013,-0.531908,-0.175258,-0.077053,1.167596,0,0,0,1
0.916683,0.315459,-0.280890,0.189497,-0.184356,-0.080668,0.452389,0,0,0,0
0.658776,0.681592,-0.484127,-1.073928,-0.666625,-0.234156,0.384129,0,0,0,0
0.577922,0.712891,0.080043,-0.192460,-0.392669,-0.352420,0.715975,0,0,0,0
0.626923,0.588030,0.088609,-0.254791,0.498529,-0.028485,0.681051,0,1,1,0
0.468837,0.516367,-0.582231,0.311690,0.210662,-0.493345,0.959384,0,0,0,0
0.443406,0.744146,-0.484202,-0.125233,0.701945,-0.066074,1.344349,0,0,0,0
0.629140,0.248197,-1.387616,-0.716595,1.109177,-0.197307,-0.113415,0,0,0,0
0.304848,0.753255,-1.420377,-0.949406,0.079376,-0.506349,-0.559934,0,0,0,1
0.912203,0.546710,-0.309169,0.629643,-0.402157,0.021054,1.132422,0,0,0,0
0.115452,1.581577,-0.282453,-0.070530,1.631734,-0.499212,1.186592,1,0,0,0
0.644523,0.668923,-0.980515,0.600934,-0.626418,-0.130245,0.380226,0,0,0,0
0.600637,0.385320,-1.043254,-0.073941,-1.353401,-0.021272,0.316132,0,0,0,0
0.539310,0.457719,-1.246358,0.130753,-1.171240,-0.384529,0.499774,0,0,0,0
0.496693,0.552505,-1.005540,-0.428136,-1.363313,-0.208728,0.410105,0,0,0,0
0.235055,0.765897,0.678450,0.156244,0.681028,-0.621903,1.227560,0,0,0,0
0.510272,-0.688551,1.607523,1.480158,-0.950140,0.130951,2.072991,0,1,0,0
0.868593,0.412838,-0.358661,1.182202,0.275175,-0.087921,0.525213,0,0,0,0
-0.020153,0.522584,-0.636828,-0.042585,0.981102,-0.564404,-1.113957,0,0,1,0
0.620062,0.464741,-0.585817,0.769463,0.214768,-0.296634,0.210726,0,0,0,0
0.539116,0.775538,-0.247281,0.796518,0.293677,-0.255110,0.494402,0,0,0,0
0.529842,0.731341,-1.004417,0.527172,0.183793,-0.437456,0.995737,0,0,0,0
0.041038,1.003980,-0.503092,0.345212,0.941838,0.433706,1.578223,0,1,0,0
0.279884,0.695323,-0.038944,0.441646,0.682886,0.162406,-0.026325,0,0,0,0
0.290610,0.543313,-0.298851,-0.891303,0.630303,0.186120,-0.392241,1,0,0,0
0.898649,0.234747,-0.533416,0.818395,0.228202,-0.379721,0.837676,0,0,0,0
0.351102,1.102939,0.303264,0.143405,1.022275,-0.280760,0.630986,0,0,0,1
0.422004,0.242462,0.515180,0.369979,0.592109,0.116473,1.002903,0,0,0,0
-0.044711,0.711746,0.451122,0.208100,0.681103,-0.664909,0.451786,0,1,0,0
0.533318,0.638653,-0.452650,-0.570787,-0.747627,0.144327,0.486452,0,0,0,0
0.253102,0.319958,-0.833742,-1.420062,-0.548841,0.090016,0.073033,0,0,0,0
0.368027,0.527175,0.054381,-0.008840,-0.081402,-0.677064,0.825837,0,0,0,0
0.740791,-0.151820,0.199060,0.378751,0.413739,1.040070,1.383864,0,0,1,0
1.074463,0.223156,-0.510845,0.523655,-0.100071,0.174451,0.848297,0,0,0,0
0.699383,0.507513,-1.082335,-0.522859,-1.169566,-0.110776,0.321780,0,0,0,0
0.826750,0.598990,0.100568,-0.061289,-0.259604,-0.146565,0.903371,0,0,0,0
0.918904,0.587577,0.116805,-0.207043,-0.622502,-0.011331,0.518225,1,1,0,0
1.068640,0.251215,-0.762896,-0.207333,-1.004396,0.030134,0.995795,0,0,0,0
0.704995,0.738135,-0.421007,-0.091533,-0.845614,-0.306052,1.119309,0,0,0,0
0.707293,0.101420,-0.520076,-0.896067,-1.129720,0.108997,0.207768,0,0,0,0
0.560875,-0.126146,-0.506792,-1.197921,-0.802925,-0.106462,0.235016,0,0,0,0
0.948538,-0.000188,0.006991,0.790744,0.099788,0.120144,0.678508,0,0,0,0
0.682323,0.626304,0.365282,-0.367378,-0.782104,-0.466096,0.498273,0,0,0,1
0.773545,0.641402,-0.332134,-0.839261,-1.004039,0.294874,0.358235,0,0,0,0
0.528965,-0.005135,-0.651705,-0.848209,-1.103960,0.043992,-0.342238,0,0,0,0
0.456792,0.085210,-1.127629,-1.298392,-1.983176,-0.555331,0.544361,0,0,0,0
0.421461,0.099827,-0.806700,-1.262694,-1.758654,-0.390364,0.265126,0,0,0,0
0.447730,0.454357,0.606654,0.451468,0.004530,-0.359775,1.021369,0,0,0,0
0.560348,0.471632,0.644904,0.514891,0.285053,0.040721,1.262070,0,0,1,0
0.849048,0.215389,-0.447933,0.332636,-0.466834,-0.255978,0.700152,0,0,0,0
0.426352,0.270790,-0.594840,-0.606494,-1.511765,0.325287,-0.099714,0,0,0,0
0.610742,0.761227,0.515699,-0.079834,-0.714852,-0.225488,0.864501,0,0,0,0
0.572965,0.926810,0.689022,0.260658,-0.652880,-0.581379,0.675197,0,0,0,0
0.538025,0.591821,0.213713,0.158777,-0.351466,-0.363950,1.195521,0,0,0,0
0.612163,0.728110,0.725204,-0.096446,-0.519102,-0.281615,0.743806,0,1,0,0
0.552690,0.643862,-0.199774,-0.526018,-1.247027,-0.215510,0.131965,0,0,0,0
0.366389,0.323967,-0.840345,-0.808365,-1.244490,-0.137781,0.412303,0,0,0,0
0.927081,0.010024,-0.423831,0.840053,-0.285900,-0.471549,0.678553,0,0,0,0
0.507694,0.655357,0.446727,0.803091,0.439513,-0.302874,0.138756,0,0,0,0
0.460578,0.691254,0.034552,-0.036877,0.270998,-0.523923,1.100500,0,0,0,0
0.338975,0.346154,-0.089395,-0.440468,-0.240952,-0.271825,1.076043,1,0,0,0
0.383235,0.506565,-0.642319,-0.908378,-1.155983,-0.566061,0.173120,0,0,0,0
0.279316,0.148088,-1.018114,-1.022099,-1.260063,-0.485751,-0.350633,0,0,0,0
0.516015,0.944919,0.779828,-0.369799,-0.389882,-0.278754,1.199667,0,0,0,0
0.350201,0.545149,1.102122,0.042848,0.248531,0.088517,1.695464,0,0,1,0
0.894704,0.323258,-0.238418,0.319571,-0.588561,-0.222021,0.586365,0,0,0,0
0.460504,0.314599,-0.514724,-0.632411,-0.480589,-0.311722,0.101800,0,0,0,0
0.613210,0.656808,0.178616,-0.598247,-0.610654,-0.095205,0.093622,0,0,0,0
0.598411,0.448318,0.028621,-1.043703,-0.437325,0.168510,0.626340,0,1,0,1
0.572040,0.603473,-0.593263,-0.014199,-0.208751,-0.614285,1.227018,0,0,0,0
0.522217,0.669928,-0.308320,-0.122084,0.777316,-0.004884,0.866432,0,0,0,0
0.581464,0.558522,-1.045134,-0.267341,1.227123,0.014340,0.053064,0,0,0,0
0.914344,-0.911342,0.663212,-0.419842,-0.923536,0.576466,-0.418082,0,0,1,0
0.982592,-0.190358,-0.766781,1.279694,0.677213,0.116082,0.595173,0,0,0,0
0.796584,-0.635193,1.648200,-0.527893,0.371677,0.971658,0.031490,1,0,0,0
0.471903,0.547578,-0.862732,0.610360,0.213649,0.103564,1.038481,0,0,0,0
0.575531,0.260307,-0.202404,0.932418,-0.241014,-0.054381,0.829107,0,0,0,0
0.553212,0.068937,-0.861128,0.147384,-0.523552,-0.429420,0.273770,0,0,0,0
0.248038,0.601356,-0.567823,-0.639844,-0.107554,-0.341964,-0.067005,0,1,0,0
0.548979,0.710238,-0.096561,0.863518,-0.038552,-0.317277,0.985562,0,0,0,0
0.532203,-0.955655,1.316043,0.710046,-0.741881,-0.530218,0.760136,0,0,0,1
0.898703,-0.149920,-0.149122,1.415903,0.415428,0.114962,0.576334,0,0,0,0
-0.069570,0.562701,-0.640774,-0.019606,0.604401,-0.725645,-1.117067,0,0,0,0
0.573203,0.740320,-0.320388,0.008174,0.765318,-0.130047,0.789607,0,0,0,0
0.459709,0.644449,-0.261423,0.028066,0.878834,-0.091212,1.093442,1,0,1,0
0.868858,0.104476,0.243764,1.198597,0.651307,-0.344926,1.091028,0,0,0,0
0.921649,-1.148035,1.648088,0.468796,-1.063036,1.013364,-0.000132,0,0,0,0
0.632479,0.864540,0.133797,0.517884,0.254784,-0.129106,1.341644,0,0,0,0
0.449542,0.301216,0.621077,0.296499,0.455768,-0.151169,0.983483,0,1,0,1
0.944128,0.082377,-0.288458,1.017947,0.553586,0.228767,0.579810,0,0,0,0
0.528380,0.366211,0.260857,0.601381,0.252495,-0.454854,0.913974,0,0,0,0
0.405481,0.455613,-0.150781,0.442316,0.806469,-0.478342,1.826703,0,0,0,0
0.494586,0.225075,-0.453829,1.456154,0.570576,0.243814,1.138730,0,0,1,0
1.001013,0.277691,-0.405355,0.664096,-0.253234,-0.201200,0.837086,0,0,0,0
0.632137,0.435647,-0.322140,-0.270600,-0.707701,-0.673611,0.101713,1,0,0,0
0.729922,0.250607,-0.436631,0.897677,-0.326973,-0.303364,1.078116,0,0,0,0
0.779968,0.342869,-0.470181,0.497655,-0.172814,0.355013,0.838035,0,0,0,1
0.961052,0.024998,-0.158010,0.740687,-0.232090,0.352001,0.762553,0,0,0,0
0.643055,0.695958,0.079430,0.407176,-0.552915,-0.463741,0.915260,0,1,0,0
0.676137,0.324065,-0.244720,0.382378,-0.025828,-0.493574,0.644736,0,0,0,0
0.618999,0.678885,-0.085836,-0.293597,-1.375392,-0.453564,0.708011,0,0,1,1
0.779905,-0.484504,0.256565,-0.490614,1.412941,-0.496352,0.993641,0,0,0,0
0.497507,0.072622,-0.043295,0.473683,1.287465,-0.081894,1.337037,0,0,0,0
0.592295,0.033430,0.055699,-0.705096,0.181369,0.138616,-0.202225,0,0,0,0
0.510592,-0.275921,-0.107970,-0.458329,0.651118,0.247931,-0.787039,1,0,0,0
1.077598,-0.205671,-0.410964,-0.059046,0.376297,0.214862,0.428992,0,0,0,0
0.787406,0.273239,0.047983,-0.988982,-0.156779,-0.240141,0.314285,0,0,0,1
0.799199,0.043621,0.012776,-0.194257,0.251775,0.387640,0.086860,0,0,0,0
0.755067,-0.291808,-0.697551,-0.799240,-0.415503,0.115710,0.339268,0,0,0,0
0.443049,0.206387,-0.665395,-0.291566,0.290157,0.044726,-0.809811,0,0,0,0
0.443126,-0.145781,-0.819597,-0.537471,0.153613,-0.424100,-0.586613,0,0,0,1
0.515734,0.415087,0.214220,0.644018,0.484800,-0.649255,0.960291,0,0,0,0
0.433834,0.309475,0.243223,0.321209,0.544858,-0.021753,1.172117,0,0,0,0
0.875025,-0.238862,-0.213237,0.875797,1.154427,0.009238,0.412153,0,0,0,0
0.536477,-0.471826,0.034864,-0.410373,0.518273,-0.188292,-0.780377,0,0,0,1
0.700420,-0.113623,-0.334245,-0.186391,0.627726,0.000183,0.193270,0,0,0,0
0.647486,-0.106243,0.477534,-0.059310,0.965773,-0.213791,-0.018187,0,0,0,0
0.332864,0.156505,0.230792,-0.251390,1.716835,-0.657588,1.429803,0,0,0,0
0.361469,-0.052370,0.490162,-0.374288,1.069643,0.524192,1.249623,0,0,0,1
0.632857,-0.084631,-0.182851,-0.446434,0.343100,-0.144044,0.838692,0,0,0,0
0.617174,-0.452683,-0.206345,-0.757566,0.355800,-0.209974,-0.421898,0,0,0,0
0.845113,-0.180338,-0.303184,1.490579,0.954410,-0.372269,0.644601,0,0,0,0
0.411763,0.165040,0.302097,0.404487,0.515939,-0.368134,1.132440,0,1,0,0
0.609179,0.238854,0.101406,0.105084,0.179319,-0.407647,1.254782,0,0,0,0
0.562716,0.262129,0.159855,-0.004245,0.153488,-0.769970,0.718749,0,0,0,0
0.731763,0.046257,0.063624,-1.108055,-0.119434,-0.305293,0.177063,0,0,0,0
0.790182,-0.072654,-0.161180,-1.210108,-0.241515,0.153435,0.371144,0,0,0,1
0.671206,0.519599,0.329942,-0.586842,0.212963,-0.242744,0.998216,0,0,0,0
0.598344,0.559601,0.581980,-0.937059,0.044111,0.337795,1.765471,0,0,1,0
0.964680,0.175019,-0.146015,0.237115,0.159817,-0.096846,0.679990,0,0,0,0
0.834294,0.501918,-0.200637,-0.838934,-0.749972,-0.029402,0.214438,1,0,0,0
0.863217,0.709634,0.038854,0.223476,-0.091222,-0.315957,0.268922,0,0,0,0
0.762244,0.653434,0.146308,0.237138,0.044002,-0.064145,0.303075,0,1,0,0
0.697620,0.363617,0.090117,-0.177743,0.181061,-0.242915,0.977294,0,0,0,0
0.580571,0.309756,0.301382,0.207314,0.456013,0.320954,1.168044,0,0,0,0
0.692364,0.160861,-0.180281,-0.379226,0.358088,0.087491,0.188208,0,0,0,0
0.656718,0.126935,-0.145126,-0.885724,0.343726,-0.006135,0.093256,0,0,0,1
0.914699,0.283509,0.011779,0.808403,0.634003,0.034727,1.562090,0,0,0,0
0.569551,0.505807,0.443341,-0.157484,0.274381,0.246550,1.610758,1,0,0,0
0.759178,0.169340,-0.202189,-0.876939,-0.143817,0.569313,0.857429,0,0,0,0
0.577434,-0.246190,-0.147848,-0.801317,-0.560186,-0.218920,0.569502,0,0,0,0
0.291059,0.347936,-0.958769,-0.654396,0.231803,-0.422428,-1.071207,0,0,0,0
0.277941,-0.134395,-1.114789,-1.352879,-0.100382,-0.518432,-0.825169,1,0,0,0
0.549668,0.513949,0.146005,0.110510,-0.106725,-0.489469,1.137111,0,0,0,0
0.303553,0.256874,0.775964,0.736464,0.987995,-0.421033,1.943989,0,0,0,0
0.673923,-0.648014,-0.131700,0.726070,1.388999,-0.372152,0.082242,0,0,0,0
0.279381,-0.693228,0.155056,-0.847826,0.937935,0.039348,-1.056589,1,0,0,0
0.731851,0.064354,0.593761,-0.448325,0.419092,-0.297497,0.901330,0,0,0,0
0.513569,-0.002543,0.873709,0.199699,0.987261,-0.329683,0.548209,0,0,0,0
0.383660,0.207651,0.361992,-0.573980,1.226923,-0.376667,0.587298,0,0,0,0
0.383633,0.042397,0.913115,-0.151439,1.602111,0.100619,1.287881,1,0,0,0
0.727765,-0.289749,-0.205380,-0.636369,0.289413,-0.122285,0.312045,0,0,0,0
0.650222,-0.509602,-0.083096,-1.139146,-0.084506,-0.015826,-0.326794,0,0,0,0
0.904145,-0.095592,-0.064150,1.498533,1.184643,-0.223930,0.899474,0,0,0,0
0.362798,0.071915,0.702520,0.256968,1.051842,-0.305593,1.244633,0,0,1,0
0.529325,0.248306,0.370111,0.453684,0.101049,-0.323868,0.959852,0,0,0,0
0.394593,-0.055805,-0.256675,0.114218,0.003494,-0.476307,0.645432,0,0,0,0
0.652507,-0.489678,0.114856,-0.869693,0.234437,-0.330534,-0.106823,0,0,0,0
0.631738,-0.239687,-0.222094,-1.920016,-0.900130,-0.056810,0.277558,0,1,0,0
0.697068,0.422657,0.340074,-0.672253,-0.090601,-0.394513,0.928099,0,0,0,0
0.912305,0.615995,0.305314,-0.771602,0.097197,-0.180176,1.486981,1,0,0,0
1.173127,0.035080,0.138054,0.047621,-0.039687,-0.180337,0.756082,0,0,0,0
0.875628,0.010501,-0.004816,-1.225371,-0.964799,-0.089672,0.303271,0,0,0,1
0.790279,0.495622,0.675940,0.295961,-0.205619,-0.339674,0.874547,0,0,0,0
0.647714,0.464732,0.056179,0.194446,0.101928,-0.442608,0.698337,0,0,1,0
0.785914,-0.151429,0.171517,0.438284,0.434241,-0.538206,0.732416,0,0,0,0
0.597523,-0.017254,0.259079,0.582945,0.939544,-0.181312,1.018856,0,0,0,0
0.720336,-0.360549,0.395527,-0.321477,0.168560,0.004591,-0.214085,0,0,0,0
0.664194,-0.688604,-0.156801,-0.707424,0.249982,-0.203568,-0.507685,0,1,0,0
1.101469,-0.321724,-0.020209,0.333272,0.581300,0.138535,0.722762,0,0,0,0
0.859910,0.492544,0.370816,-0.530678,-0.108792,-0.080892,0.622071,0,0,1,0
0.849806,-0.032525,-0.226615,-0.519549,0.064120,-0.130067,0.573299,0,0,0,0
0.648087,-0.706104,-0.370762,-0.638212,-0.406184,-0.025055,-0.463123,0,0,0,0
0.387430,0.129033,-1.015277,-0.854410,0.065416,-0.461315,-0.869766,0,0,0,0
0.249201,0.137232,-0.982680,-0.806811,0.099186,-0.336924,-0.711360,0,0,1,0
0.513077,0.289877,0.472438,0.858423,0.485145,-0.468893,1.124104,0,0,0,0
0.473516,0.256662,1.037928,0.953772,1.187137,-0.228983,1.789113,0,0,0,0
0.741445,-0.584622,0.026507,0.979889,1.456487,-0.259853,0.156259,0,0,0,0
0.260567,-0.465803,-0.309736,-0.803514,1.088973,-0.103668,-1.116368,0,0,1,0
0.739810,-0.026511,0.440444,0.157594,0.569350,-0.217634,0.679723,0,0,0,0
0.690282,-0.027343,0.701071,-0.065477,0.741409,-0.357531,0.609163,0,0,0,0
0.482390,0.057491,0.475490,-0.436322,1.336941,-0.436524,0.751166,0,0,0,0
0.300276,0.294924,0.502060,-0.083099,1.706308,-0.407780,1.026142,0,0,1,0
0.582537,-0.450851,-0.061957,-0.379708,-0.070843,-0.589667,-0.189221,0,0,0,0
0.540125,-0.864904,-0.722177,-1.435455,-0.691872,0.012676,-0.191995,0,0,0,0
0.790044,-0.672151,-0.295307,1.420086,1.066888,-0.369563,0.600293,0,0,0,0
0.322860,0.577429,0.259202,0.516286,1.633045,0.004423,0.035799,1,0,0,0
0.606537,0.134392,0.117153,0.193737,0.183016,-0.689989,1.158783,0,0,0,0
0.514371,-0.000740,0.066100,-0.477260,-0.141676,-0.315149,0.660044,0,0,0,0
0.731490,-0.237556,-0.311121,-1.229600,-0.375397,-0.406534,-0.168526,0,0,0,0
0.742180,-0.303747,-0.236253,-1.328769,-0.848445,0.078572,0.386163,0,0,0,1
0.725689,0.721207,0.707053,-0.697650,0.097902,-0.394285,1.126520,0,0,0,0
0.650502,0.546692,0.569376,-0.556405,0.615931,0.155390,1.349595,0,0,1,0
1.036706,0.246392,-0.276203,-0.423457,-0.203182,0.398163,0.558450,0,0,0,0
0.715256,-0.179328,-0.342177,-1.161812,0.035154,-0.229091,0.109516,0,0,0,0
0.791455,0.153681,0.264697,-0.922000,-0.544769,0.151470,0.613026,0,0,0,0
0.990762,-0.729361,0.633788,-0.976010,-0.164601,0.544122,-0.391284,1,0,0,1
0.836543,0.070528,-0.436195,-0.114501,0.237347,0.042442,1.160586,0,0,0,0
0.693681,0.412824,-0.465293,-0.127482,0.511667,0.248211,0.862176,0,0,0,0
0.595644,0.330758,-0.489664,-1.046603,0.265799,-0.393394,0.646374,0,0,0,0
0.645953,0.031659,-0.848944,-1.152103,-0.134048,-0.221272,0.371852,0,0,0,0
1.014990,-0.266612,-0.288003,0.676269,1.180299,0.418190,0.784245,0,0,0,0
0.888898,-0.205536,-0.720340,-0.683802,0.608911,0.241179,0.551766,0,0,0,1
0.719656,0.256986,-0.064820,-1.164887,-0.052208,0.010759,1.170431,0,0,0,0
0.543215,0.287706,-0.380815,-0.860718,0.529456,-0.025705,0.676750,0,0,0,0
0.631097,0.208826,-0.967690,-1.316341,-0.629170,0.050323,0.253433,0,0,0,0
0.552870,-0.059012,-1.331264,-1.529038,-0.853852,-0.030011,-0.023849,0,0,0,0
0.717391,0.815957,-0.687184,-0.375170,0.142795,-0.157730,1.182624,0,0,0,0
0.489348,0.974114,-0.321865,0.030406,0.172065,0.077006,1.315772,0,1,0,0
0.960502,-0.156168,-0.094901,-0.182426,0.212684,0.154055,0.497697,0,0,0,0
0.938647,-0.183202,-0.658509,-1.024298,-0.305521,0.524223,-0.116878,0,0,1,0
1.001427,-1.055995,-0.003091,0.783131,-0.305767,0.848242,0.190924,0,0,0,0
0.947324,-1.239467,0.339031,1.236759,-0.039702,-0.141843,0.100492,1,1,0,0
1.034389,-0.363827,-0.098671,0.620309,1.067070,0.072433,0.792800,0,0,0,0
0.807894,-0.218071,0.239939,0.421437,1.107221,0.155117,0.392424,0,0,0,0
0.819524,-0.056649,0.071051,-0.376388,0.725628,-0.088239,0.888915,0,0,0,0
0.640357,-0.128517,0.320651,0.035490,1.058892,-0.500654,0.912990,0,0,0,0
0.996455,-0.202935,-0.099764,0.599141,0.651209,-0.260941,0.442273,0,0,0,0
0.794530,0.202134,-0.006215,0.022761,0.511623,-0.117005,0.191469,0,0,1,0
0.737275,-0.115479,0.199959,0.711674,0.271812,-0.474880,1.135775,0,0,0,0
0.517192,-0.103037,0.644099,0.849724,1.376896,-0.380570,1.233567,0,0,0,0
1.088341,-0.314128,0.105700,0.400811,0.408385,-0.133656,0.227462,0,0,0,0
0.708773,-0.570019,0.615492,0.586266,0.402879,-0.347816,0.450197,0,0,0,0
0.844023,-0.763445,1.178142,1.042888,0.045468,-0.525619,1.353492,0,0,0,0
0.875967,-0.817053,1.064879,0.116238,0.492244,0.457255,0.796723,0,1,0,0
1.045337,0.000046,-0.298101,-0.153644,0.381407,0.328266,0.991892,0,0,0,0
0.843313,0.622424,0.248036,-0.685139,0.635033,-0.353907,1.374792,0,0,0,0
0.824383,0.340955,0.309465,-0.942250,0.659239,-0.585402,1.306126,0,0,0,0
1.049013,-0.830839,0.569694,-0.592130,0.133072,0.139868,1.040055,0,0,0,1
0.779658,0.225167,0.026827,0.044981,0.770491,-0.189046,1.520169,0,0,0,0
0.437450,0.409876,-0.429484,0.498206,-0.191624,-0.372830,0.597116,0,0,0,0
0.677746,0.583936,-0.304688,0.109522,-1.462357,-0.412727,0.799099,0,0,0,0
0.485049,0.386741,-0.615460,0.382360,-0.360080,-0.162711,0.438296,1,0,0,0
1.137515,-0.109108,-0.408527,0.509399,-0.534050,-0.141645,0.711893,0,0,0,0
0.475608,0.476749,-0.527738,-0.388376,-1.042594,-0.227435,0.100760,0,0,0,0
0.448237,0.135201,-0.721666,0.392743,-0.195082,-0.433453,-0.159371,0,0,0,0
0.017169,0.387414,-0.634139,0.142454,-0.111619,-0.741751,-0.639322,0,0,1,0
0.257952,0.711699,0.149967,0.457275,-0.219214,-0.380250,1.651229,0,0,0,0
-0.115442,1.036024,-0.294876,0.551891,-0.442259,0.158017,0.899233,0,0,0,0
-0.051056,1.252834,-0.100700,1.568523,0.044419,-0.523277,-0.090866,0,0,0,0
-0.397923,1.598187,-0.056379,0.513077,0.918458,-0.426182,-0.203327,0,1,0,0
0.882669,-0.258214,-0.915056,1.281699,0.908036,-0.051035,0.867185,0,0,0,0
0.034653,-0.090526,-0.209580,1.149628,-0.559757,-0.416013,-0.667507,0,0,0,0
0.393207,0.676299,-0.096095,0.501752,0.421329,0.186173,0.173842,0,0,0,0
0.312286,0.576602,-0.976626,0.600067,-0.374544,0.334124,-0.002445,0,0,0,1
-0.217236,1.150829,0.389158,1.037124,-0.376300,-0.512018,1.529946,0,0,0,0
-0.597793,1.521226,0.149875,1.015025,1.096637,-0.341967,0.716277,0,0,0,0
0.035110,0.423074,0.219968,2.030332,0.521771,-0.351270,-0.290315,0,0,0,0
-0.538241,0.999721,0.193605,1.216624,1.334346,-0.469792,-0.248140,1,0,0,0
0.999663,0.065121,-0.832737,1.141700,0.675388,0.098930,0.717239,0,0,0,0
-0.047713,1.099379,0.535949,0.600827,0.458576,-0.361337,0.207779,0,0,0,0
0.575099,-1.039853,0.192077,2.573340,0.290086,-0.091085,-0.180217,0,0,0,0
-0.789428,1.084321,0.293894,0.049950,0.979299,-0.704657,-1.395170,0,0,1,0
0.356147,0.154348,-0.167289,1.831542,0.599679,0.033670,1.388595,0,0,0,0
0.299617,0.008184,-0.048416,2.340043,0.717126,-0.166118,0.715888,0,1,0,0
0.112332,0.389082,0.358568,1.437168,-0.430851,-0.738757,1.873554,0,0,0,0
-0.050830,0.266487,0.756386,1.252588,-1.218866,-0.245535,0.430876,0,0,0,1
0.968918,-0.096958,-0.198194,1.678403,0.610374,0.186084,0.672118,0,0,0,0
0.229487,0.470633,-0.307538,0.668807,0.603047,-0.158807,0.322366,0,0,0,0
0.545202,0.288977,0.131511,0.225791,-0.331503,0.283078,0.032511,0,0,0,0
-0.202079,0.362380,-0.508068,1.014552,0.919869,-0.589789,-0.593326,0,0,1,0
0.301468,0.589825,0.142988,0.395188,0.738519,0.711318,2.116983,0,0,0,0
-0.131235,1.247452,-0.217981,-0.000774,0.143145,0.121248,0.575283,0,0,0,0
0.057221,0.950704,0.785632,0.002503,-0.685606,-0.228204,0.069527,0,0,0,0
-0.334852,0.888074,-0.397388,0.837058,0.303736,0.092640,-0.861303,1,0,0,0
0.928497,-0.197558,-0.580884,0.830245,-0.131504,-0.128998,0.330603,0,0,0,0
-0.408187,0.659486,0.035479,0.159206,0.653677,-0.703811,-1.169918,0,0,0,0
0.264534,0.339495,0.283159,0.910403,0.312896,0.082552,-0.485728,0,0,0,0
-0.469623,0.967743,-0.326756,0.871584,0.585144,0.258471,-0.394124,0,0,0,1
0.037888,0.675138,0.375244,0.405480,-0.086890,-0.358108,1.831722,0,0,0,0
-0.130231,0.650058,0.347371,-0.194882,0.595112,0.160098,0.598666,0,0,0,0
-0.401772,1.111477,0.388543,1.423884,0.529203,-0.442140,0.138306,0,0,0,0
-0.644955,1.425737,-0.146347,0.783635,1.336374,-0.119933,-0.066374,0,1,0,0
0.836481,-0.351659,-0.720251,1.125209,0.396310,-0.208110,0.403017,0,0,0,0
-0.520748,0.172487,-0.158308,0.521866,1.223757,-0.543309,-1.202923,0,0,0,0
0.093174,0.818018,0.320429,-0.143842,0.900592,-0.434311,-0.248464,0,0,0,0
0.328670,-0.052684,-0.694945,0.002907,0.244865,0.240645,0.161876,0,0,1,0
0.007343,0.909023,0.147132,0.401589,0.765318,-0.647890,1.821057,0,0,0,0
-0.652766,1.266388,0.541553,0.784803,1.439206,-0.836995,0.992771,0,0,0,0
0.294584,0.512190,-0.595747,0.858050,0.425403,0.271975,-0.044036,0,0,0,0
0.327753,-1.824499,0.966194,1.077120,-0.831935,0.567364,-0.838762,0,0,0,1
0.987862,-0.241532,-0.346821,1.815536,1.143510,0.066755,0.626728,0,0,0,0
-0.108018,0.212242,0.243151,1.420500,0.967212,-0.470428,-0.675746,0,0,0,0
0.358907,0.248050,-0.243279,1.683446,0.648105,0.133692,0.371047,0,0,0,0
-1.106133,1.550639,0.067014,-0.312358,1.631577,-0.801824,-1.130725,1,0,0,0
0.197735,0.669401,-0.047723,1.666086,0.483784,-0.167225,2.028804,0,0,0,0
0.226096,-0.262647,-0.275913,2.555382,0.323560,-0.043076,0.799439,0,0,1,0
0.028843,-0.317490,1.329589,2.102336,0.160830,-0.329524,1.816222,0,0,0,0
0.090424,-1.719307,0.582420,1.608644,-0.228169,0.205051,0.313558,0,1,0,0
0.985614,-0.266218,-0.578399,1.315250,0.637912,-0.104209,0.640374,0,0,0,0
0.440219,0.351216,-0.711471,1.241170,0.495763,0.073347,-0.471755,0,0,0,0
0.264493,0.729132,0.629820,-0.034792,-0.265575,-0.411943,0.050811,0,0,0,0
-0.243253,-0.494347,2.298491,-0.334839,0.685445,-0.330606,-0.943534,0,0,0,1
0.395550,0.369757,-0.437260,0.899315,0.005990,0.702755,1.659235,0,0,0,0
0.235439,0.372706,0.025773,1.190146,-1.562538,0.276172,0.985425,0,0,0,0
0.022474,0.758683,1.008094,1.052815,-1.337262,-0.348138,-0.224710,0,0,0,0
-0.313974,-0.017214,1.185818,0.926788,0.216230,-0.208179,-1.148774,1,0,0,0
0.948091,-0.606972,-0.579802,1.485986,0.387087,-0.367936,0.448824,0,0,0,0
-0.380633,0.525966,0.286973,0.680780,0.961312,-0.752080,-1.206163,0,0,0,0
-0.690347,2.246423,1.164126,0.001733,0.876431,-0.673693,-0.513934,0,0,0,0
-0.973283,1.895389,0.395888,0.234287,1.829314,-0.095905,-0.823223,0,0,1,0
0.326906,1.068302,-0.524929,0.248429,0.439006,-0.062289,1.707476,0,0,0,0
-0.149759,0.751035,0.484369,-0.249743,-0.512833,-0.014279,1.020748,0,0,0,0
0.083821,-0.512394,2.371754,0.031180,-0.090008,-0.348580,-0.419180,0,0,0,0
-0.274445,-0.234598,1.851957,1.127015,0.021149,-0.587459,-0.732372,0,1,0,0
0.958172,-0.418654,-0.131523,2.110347,0.748138,-0.582745,0.797007,0,0,0,0
-0.513704,0.389184,0.376508,1.047395,1.809708,-0.898693,-0.533955,0,0,0,0
0.120821,0.480860,0.407469,1.292896,-0.945939,0.231130,-0.089279,0,0,0,0
-0.068569,0.339869,1.066750,1.962390,-1.072910,-0.396716,-0.225523,0,0,0,1
-0.062311,0.871380,0.603770,0.617382,-1.155259,-0.291852,1.839710,0,0,0,0
-0.673816,0.968690,1.007639,-0.025396,0.912335,-0.758764,0.747440,0,0,0,0
-0.269366,0.867910,2.420779,-0.382050,0.061762,-0.066697,-0.042868,0,0,0,0
-0.390839,-0.066474,2.578267,-0.431847,0.963851,-0.334505,-0.336339,1,0,0,0
0.931273,-0.589528,-0.338307,1.921852,1.242435,-0.284496,0.293890,0,0,0,0
-0.051506,0.458234,0.366173,0.989018,0.781074,-0.367274,-0.412781,0,0,0,0
-0.427016,1.610209,0.863224,0.574835,0.829653,-0.306402,-0.490870,0,0,0,0
-0.339420,0.613937,-0.598659,0.968320,1.127071,-0.660928,-1.229422,0,0,1,0
0.495421,0.673439,-0.740030,0.367395,-0.169757,-0.161467,1.776287,0,0,0,0
0.695391,-0.979446,1.115931,-0.467136,-0.170058,0.337615,0.647090,0,1,0,0
0.463538,-0.345608,0.467149,1.142895,0.486414,0.488302,1.828664,0,0,0,0
0.342600,-0.158845,0.248545,2.922851,0.614032,0.309167,0.602306,0,0,0,1
1.009612,-0.506664,-0.272446,1.499465,0.405550,-0.449296,0.488917,0,0,0,0
-0.078931,0.760502,0.722547,0.355701,0.780766,-0.927355,-0.639701,0,0,0,0
-0.376471,1.463733,0.755285,0.167586,0.391962,-0.666966,-0.448765,0,0,0,0
-0.871518,1.572067,0.462857,0.030912,2.045479,-0.848087,-0.880333,1,0,0,0
0.478269,0.335123,0.477270,1.631966,0.101422,-0.180817,2.067824,0,0,0,0
0.487637,0.577181,0.251835,0.429708,0.401347,-0.150151,1.266898,0,0,0,1
0.604639,-0.390038,1.264030,0.700124,0.249345,-0.342601,0.131104,0,0,0,0
-0.071918,0.726950,1.022470,1.160470,0.320106,-0.546171,-0.369595,1,0,0,0
1.080043,-0.550808,0.136837,1.627705,0.796612,-0.037099,0.276660,0,0,0,0
0.060616,-0.141592,0.780217,0.281510,-0.003003,-0.500131,-0.953279,0,0,0,0
0.612470,0.207284,0.247119,1.498345,-0.046874,0.280619,0.432139,0,0,0,0
0.506483,0.355123,-0.177207,0.653074,0.287287,0.006146,0.120997,0,0,1,0
0.534194,-0.225817,1.021253,0.635230,0.821321,0.585382,1.891205,0,0,0,0
-0.231820,0.682035,0.901444,1.142655,0.886907,-0.492157,0.770364,0,1,0,0
0.274900,-0.638224,2.178635,0.727815,0.739697,-0.364932,-0.090860,0,0,0,0
0.173761,-0.453675,1.007197,0.418873,0.647517,-0.237207,-0.329851,0,0,1,0
0.999789,-0.495903,-0.007370,2.060742,0.930484,-0.152597,0.994484,0,0,0,0
0.663191,-0.473833,0.439239,0.740741,0.281021,0.358470,0.263904,0,0,0,0
0.631055,-0.468603,1.024850,1.405872,0.998419,0.156885,0.015258,0,0,0,0
0.251339,-0.357633,1.378778,0.710769,0.918618,0.156081,-0.529661,1,0,0,0
0.388508,0.569506,-1.219119,0.971174,2.249419,0.063928,1.868813,0,0,0,0
-0.819593,1.254445,0.108027,0.261021,1.608683,-1.079369,0.571018,0,0,0,1
0.198329,0.637474,-0.495783,1.757677,1.147536,-0.287417,-0.283582,0,0,0,0
0.153625,1.272908,-1.772463,0.318766,0.367876,-0.157935,-0.166812,0,1,0,0
1.045831,0.157914,-0.774653,0.667202,0.604787,-0.306391,0.849757,0,0,0,0
0.220980,0.410511,-1.107952,0.661915,0.825184,-0.372874,-0.509668,0,0,0,0
-0.434897,1.596107,-0.016416,0.675104,1.574557,-0.645191,0.104694,0,0,0,0
-0.750306,1.442459,-0.037096,0.292391,1.673525,-0.595789,-0.399456,0,0,1,0
0.553266,0.610771,-0.462523,1.312790,1.034801,-0.384702,1.420557,0,0,0,0
0.222158,0.920310,-0.645474,0.892938,-0.493652,0.068462,0.643432,1,0,0,0
0.157030,0.714338,-0.057237,1.408118,1.374810,-0.336471,1.358574,0,0,0,0
0.930804,-0.227192,-2.000765,0.629610,0.460945,3.308785,0.721053,0,0,0,1
1.139676,-0.025313,-0.488050,0.519835,0.053351,-0.372666,0.640982,0,0,0,0
0.791901,0.125089,-0.473409,0.752892,0.342741,0.128996,0.454521,0,0,0,0
0.612320,0.516119,-0.914117,0.966813,0.880443,-0.185644,0.226148,0,0,0,0
0.391978,0.519374,-1.195120,1.331686,0.311203,0.142538,-0.475515,0,1,0,0
0.567209,0.469783,0.303353,-0.498414,0.200903,-0.322391,1.044633,0,0,0,0
0.183117,0.321368,0.406327,0.118269,0.638574,-0.035038,1.605451,0,0,0,0
0.169219,0.088068,0.001407,-0.445902,0.574909,0.878073,1.023412,0,0,0,0
0.222026,-0.046385,-0.167487,-0.801080,0.771414,0.500638,0.902889,0,0,1,0
0.442477,-0.087053,-0.212732,-0.177127,1.323644,-0.218340,0.717858,0,0,0,0
0.396463,-0.304896,-1.512407,0.031286,1.944624,0.537995,0.517305,0,0,0,0
0.550369,0.095577,-0.815087,0.776552,1.949724,-0.222308,0.340914,0,0,0,0
0.061215,-0.358565,-0.263202,0.375227,0.213964,0.371273,-0.191147,1,0,0,0
0.259493,0.782136,-1.315950,0.014258,-0.242397,-0.782309,0.075028,0,0,0,0
0.203731,0.546890,-0.660477,0.049792,-0.975370,-0.343089,-0.136778,0,0,0,0
0.151079,0.076365,-0.369533,-0.243001,-1.083492,0.153407,-0.311425,0,0,0,0
0.347178,-0.369442,-1.149410,0.293350,-0.431750,0.580942,-0.481139,0,0,0,1
0.162981,0.167827,-0.777517,-0.020261,0.082416,0.270476,-0.690607,0,0,0,0
-0.175902,0.935686,-0.369126,-0.416843,0.089848,0.624593,-0.900586,0,0,0,0
0.577372,0.748949,-1.456950,-0.120287,-0.316221,-0.213916,-0.199358,0,0,0,0
0.535073,-1.726239,0.442302,0.005217,-0.967243,0.042574,-0.906562,0,0,1,0
0.233501,0.302571,-0.169612,-0.775909,-0.853985,0.982354,-0.156951,0,0,0,0
0.442552,-0.178204,-0.316857,-1.108163,-1.021243,0.291101,-0.211906,0,0,0,0
0.278148,0.370655,0.799222,0.133235,-0.396233,-0.348408,1.340473,0,0,0,0
0.147684,-0.197677,-0.417132,-0.609298,-0.747389,-0.239823,0.586844,0,1,0,0
0.453286,0.582277,0.525156,0.373216,0.195540,-0.357709,1.130026,0,0,0,0
0.234527,0.030069,1.049873,0.826417,0.034389,-0.023997,1.361297,0,0,0,0
0.358173,0.054484,0.523356,0.283664,-0.382732,0.682103,0.782420,0,0,0,0
0.206069,-0.219789,0.623761,-0.019023,-0.163707,0.050371,0.602449,0,0,0,1
0.595511,0.875697,0.656154,-0.298765,-0.447864,-0.130796,0.603190,0,0,0,0
0.336623,0.610476,0.808989,-0.261845,-0.168843,-0.116499,0.980087,0,0,0,0
0.310850,0.620786,0.634749,-0.440112,-0.347494,-0.121183,0.794325,0,0,0,0
0.225149,0.529174,0.361919,-0.092120,-0.300631,-0.267197,0.937934,1,0,0,0
0.181505,0.527034,0.760343,0.344750,0.365206,0.266416,0.787271,0,0,0,0
0.275851,0.665263,1.010348,0.030950,-0.268703,-0.010686,0.864955,0,0,0,0
0.127041,0.650758,1.983980,0.836512,-0.659507,0.195282,1.203147,0,0,0,0
0.002133,0.844068,1.553835,0.054837,-0.024618,0.132757,0.341845,0,1,0,0
-0.140988,0.948777,2.415517,-0.236972,0.003623,-0.341954,1.179417,0,0,0,0
-0.109034,0.486823,2.283853,-0.374247,-0.142383,0.007139,1.537609,0,0,0,0
-0.009491,0.359386,1.542359,-0.236049,0.708775,-0.193847,1.071375,0,0,0,0
-0.140981,0.751704,1.599716,-0.295661,0.320811,-0.405465,1.017080,0,0,0,0
-0.087413,0.630098,1.565986,-0.231609,0.497390,-0.017395,0.762820,0,0,0,0
0.051223,0.242981,1.057963,-0.324260,1.101249,-0.010379,0.539140,0,0,0,1
-0.771672,0.757352,2.439833,-0.990182,1.278664,-0.821322,-0.050123,0,0,0,0
0.018135,-0.949118,0.459727,1.527117,-0.036842,0.186393,-0.236511,0,0,1,0
0.216318,0.194389,1.000238,0.522554,-1.687097,-0.694983,0.073988,0,0,0,0
0.037698,0.726678,0.109196,0.014969,-1.080098,-0.203064,-0.307836,0,0,0,0
-0.072282,0.440322,0.135007,0.217508,-1.072220,-0.252410,-0.455383,0,0,0,0
0.132775,-0.000029,-0.861923,0.246721,-1.206502,-0.028724,-0.668273,0,0,0,0
-0.022587,0.161767,-0.214629,1.077145,-0.400875,-0.464611,-0.855985,0,0,0,0
-0.992089,1.374095,0.422002,-0.743887,-0.334790,-0.564737,-1.272502,0,1,0,0
-0.167189,1.485920,-0.893604,1.442156,0.690787,1.010956,-0.653517,0,0,0,0
-0.018279,0.754430,-1.119179,1.544310,-0.430539,0.725513,-0.575176,1,0,0,0
0.335001,0.265029,-0.355996,-1.290197,-1.323192,0.752345,0.139580,0,0,0,0
0.317908,-0.028397,0.184403,-0.316688,-1.444879,0.406906,-0.025875,0,0,0,0
0.250089,0.076869,0.830630,-0.480745,-1.911509,-0.559626,0.058636,0,0,0,0
0.252807,-0.472050,0.114113,-0.975271,-2.008877,-0.048283,0.316967,0,0,0,1
0.371591,0.296334,0.987158,0.242364,-0.422570,0.141121,0.988670,0,0,0,0
0.216289,0.583644,1.283968,0.477764,-0.392211,-0.163717,1.505453,0,0,0,0
0.203324,0.275974,1.472856,0.589100,-0.660862,-0.123435,1.295667,0,0,0,0
0.127969,-0.148843,1.494580,0.621350,-0.449485,-0.346243,0.926486,0,1,0,0
0.424018,0.619781,1.081180,-0.228616,-0.545199,0.186576,0.502148,0,0,0,0
0.312746,0.587382,0.841352,0.077611,0.186047,0.237407,0.523556,0,0,0,0
0.163156,0.847830,0.832131,0.626656,1.064267,-0.015953,0.887355,0,0,0,0
-0.917123,1.747029,1.048702,-0.146125,0.852300,0.344209,0.344372,0,0,1,0
0.163755,0.459951,0.605998,1.416935,0.977744,0.600770,0.550868,0,0,0,0
0.013569,0.270422,0.824109,1.562665,0.592205,-0.079616,0.726642,0,0,0,0
0.061209,0.280562,0.831349,1.654479,1.058066,-0.056353,1.138583,0,0,0,0
-0.034033,-0.175872,0.920251,1.704731,0.866700,-0.225840,0.350234,1,0,0,0
0.171145,0.111255,0.748651,1.017569,0.638774,-0.103943,0.844343,0,0,0,0
-0.055794,0.601849,1.218068,0.472190,0.083868,-0.237139,1.155798,0,0,0,0
-1.038704,1.095219,2.394370,0.245764,1.822934,-0.635319,0.722071,0,0,0,0
-1.186060,1.086361,2.165272,1.027860,1.043337,-0.384439,0.729398,0,0,0,1
-0.043975,0.074806,1.690167,1.147761,1.068298,0.808815,0.816039,0,0,0,0
-0.502072,0.552607,1.901475,0.202265,1.790620,-0.392342,0.672818,0,1,0,0
-0.004738,-0.036828,1.211545,1.255236,1.890879,2.012629,0.442578,0,0,0,0
-0.047452,-0.412843,0.945978,1.798771,1.700948,-0.026578,0.351301,0,0,0,0
0.357884,0.497132,-0.613014,0.401696,0.918915,-0.327544,-0.241947,0,0,0,0
0.216774,0.404068,-0.761166,-0.170510,0.697737,0.049088,-0.614525,1,0,0,0
-0.523990,1.663047,0.883754,0.097840,1.097290,-0.634080,-0.151154,0,0,0,0
-0.755399,1.378524,0.887556,0.409001,1.484487,-0.082349,-0.313891,0,0,1,0
-0.001261,0.105717,1.186469,0.556690,-0.083356,-0.573513,0.027967,0,0,0,0
-0.043105,-0.159031,0.877489,0.099593,-0.252158,-0.389911,0.040910,0,0,0,0
-0.476779,0.815459,0.380033,0.278214,0.788186,-0.263654,-1.243884,0,0,0,0
-0.935545,1.023990,0.668973,0.226657,0.373519,0.243463,-1.092131,0,0,0,0
-0.466487,0.570872,-0.369399,0.097958,0.084110,-0.242763,-1.405486,0,0,0,0
-0.880463,1.009751,0.850713,-0.916698,-0.869817,-0.179066,-1.580602,0,0,0,1
0.326404,-1.436800,1.968024,2.438771,-0.053438,-0.005149,0.766233,0,0,0,0
0.185897,-2.214318,0.867826,2.230648,-1.007255,0.315135,-0.638487,1,0,0,0
-0.043454,0.391733,0.473450,2.055942,1.439060,-0.802768,1.177323,0,0,0,0
-0.075653,-0.147908,0.584916,1.797785,2.086106,-0.048061,1.246635,0,0,0,0
-0.336073,0.791280,1.284660,0.925303,0.936269,-0.187303,0.254004,0,0,0,0
-0.297560,0.701072,0.646616,1.368433,0.494021,0.256072,0.346956,0,0,1,0
0.540408,0.603018,0.346198,0.409894,-1.397404,-0.550776,0.803208,0,0,0,0
0.447838,0.470382,0.374533,0.636422,-1.104187,0.387369,1.042225,0,0,0,0
0.420121,0.195349,-0.407964,1.386122,-0.788172,-0.177423,0.698752,0,0,0,0
0.615873,-1.463857,-0.209041,1.853152,-0.816740,-0.299080,1.303013,0,1,0,0
0.461344,0.267240,-0.700749,0.117346,0.163898,-0.197364,1.065444,0,0,0,0
0.407861,0.469712,0.053524,0.330872,-0.335064,-0.314795,1.160528,0,0,0,0
0.481466,0.270779,0.879702,1.073479,-0.406411,-0.196323,0.952996,0,0,0,0
0.541714,-0.197322,0.401197,0.805373,-0.328015,0.362125,0.996307,0,0,0,1
0.339705,0.240859,0.479854,0.842866,-0.272480,-0.436485,1.090890,0,0,0,0
0.538903,-0.519937,0.339760,1.599944,-0.591895,0.077465,0.811761,0,0,0,0
0.608093,0.187702,0.643860,1.128593,-0.469849,0.488275,0.710889,0,0,0,0
0.668955,0.274513,0.764277,1.050467,-0.523305,-0.162609,0.768961,0,0,0,0
0.643223,0.369220,0.332635,0.923763,-0.660335,-0.215841,0.859788,0,0,0,0
0.564093,0.146005,0.508262,1.280828,0.355319,-0.239802,0.707359,0,0,0,0
0.665517,-0.187863,-0.772326,0.289336,0.107129,0.077076,0.414237,0,0,0,0
0.474798,-0.329659,-0.992206,0.430291,-0.058846,-0.427500,0.017048,0,1,0,0
0.459464,0.335792,-0.852253,0.070896,-0.199196,-0.525061,-0.257831,0,0,0,0
0.159413,0.314830,-0.535861,-0.219879,0.574054,0.078903,-0.726287,0,0,0,0
0.093948,0.374092,0.510009,0.855942,0.183124,-0.354409,-0.656627,0,0,0,0
-0.143797,0.290348,-0.022957,-0.382233,0.733306,-0.082739,-0.868717,0,0,1,0
0.233061,-0.077704,-0.238446,0.721441,0.195268,-0.012005,-0.864631,0,0,0,0
0.373922,-1.561388,-0.498905,1.507818,-0.931381,0.641124,-0.897800,0,0,0,0
0.527693,0.030779,-0.567035,1.006840,0.119825,0.361221,-0.193540,0,0,0,0
0.513569,-0.344713,-0.944468,0.318981,-0.045072,0.458457,-0.371501,1,0,0,1
0.680588,-0.306448,-0.507754,1.159038,0.548905,-0.815150,0.566419,0,0,0,0
0.540986,-0.774309,-0.607206,0.103721,0.018846,0.185487,-0.195687,0,0,0,0
0.747043,-0.198554,-0.876558,0.173298,-0.236642,-0.398805,0.095319,0,0,0,0
0.592518,-0.427841,-0.207662,0.699307,0.239560,-0.343393,-0.683920,0,1,0,0
0.865988,-0.274282,-0.257052,1.211839,0.706985,-0.627773,1.000041,0,0,0,0
0.634084,-0.484697,-0.221217,0.780554,0.982125,0.039479,1.357672,0,0,1,0
0.993884,-0.848933,-0.461139,1.053164,0.640217,-0.447935,1.179473,0,0,0,0
0.828419,-0.969399,-0.367677,0.436992,0.925509,0.068657,0.945982,0,0,0,0
0.296607,0.328447,-0.087531,0.670080,-0.170151,-0.289238,1.828916,0,0,0,0
0.372970,0.082567,-0.369605,0.760175,-0.703692,-0.153533,0.922249,0,0,0,1
0.833765,-0.515520,-0.801200,1.046003,0.111204,-0.208484,0.918516,0,0,0,0
0.793679,-0.135865,-1.112382,0.299211,-0.653981,0.594352,0.847136,0,1,0,0
0.823844,0.215357,-0.848428,0.244776,-1.202012,-0.484354,1.089475,0,0,0,0
0.747895,-0.297927,-0.600594,0.478383,-0.895262,0.041965,0.596894,0,0,0,0
0.703390,0.201263,-0.325844,0.293827,-0.534911,-0.241632,0.653810,0,0,0,0
0.781933,-0.084846,-0.086571,0.059341,-1.485273,0.736639,0.624261,1,0,0,1
1.103099,-0.059956,0.122686,-0.332749,-0.218240,-0.397753,1.111097,0,0,0,0
0.949139,0.053315,0.050885,-0.085464,-0.548177,0.198438,0.944233,0,0,0,0
0.832895,-0.043572,-0.291351,-0.268124,-0.750470,-0.274861,0.333010,0,0,0,0
0.639642,-0.736267,-0.914798,-0.824981,-0.991640,0.016635,-0.071615,0,0,0,0
0.940148,-0.209799,-0.266982,0.705539,-0.117871,-0.334807,0.516500,0,0,0,0
0.699860,0.279766,-0.145305,-0.068052,-0.424215,-0.195166,1.048769,1,0,0,0
0.769743,-0.011079,-0.496884,-0.079392,-0.994737,-0.085286,0.178133,0,0,0,0
0.672999,-0.028101,-0.249407,-0.038254,-1.293860,-0.072905,0.457128,0,0,0,0
0.658042,0.269415,-0.290987,-0.488590,-1.498508,-0.225320,-0.178557,0,0,0,0
0.607688,0.242205,-0.549882,-0.643546,-1.495820,-0.275089,0.330560,0,0,0,0
0.446264,0.320428,0.029938,0.472755,-0.534222,-0.212973,1.243638,0,0,0,0
0.481659,0.391001,0.415128,0.258237,-0.685264,-0.400120,1.702191,0,0,1,0
0.857906,-0.117463,-0.400109,0.817843,-0.440005,-0.273651,0.381176,0,0,0,0
0.678827,0.207240,-0.706619,-0.511039,-0.974602,0.166380,0.139496,0,0,0,0
0.704138,0.552317,-0.042184,0.165600,-0.616975,-0.383176,0.366418,0,0,0,0
0.594923,0.646249,0.465272,0.386394,-0.764216,-0.248664,0.498802,0,0,0,0
0.526798,0.593938,0.365126,0.358609,-0.463397,-0.590365,1.347487,0,0,0,0
0.479154,0.467005,0.304682,0.254053,-0.149608,-0.107409,1.492196,0,1,0,0
0.748162,0.512745,-0.257854,0.443416,-0.689768,0.088794,0.204939,0,0,0,0
0.573158,0.471857,-0.397515,-0.018246,-1.010392,-0.109538,0.367490,0,0,0,0
1.009200,-0.030025,-0.260750,0.897029,0.030626,-0.441610,0.610313,0,0,0,0
0.540197,0.598037,-0.328969,0.896451,-0.006235,-0.226133,0.740846,0,0,0,0
0.528632,0.672233,-0.612005,0.210924,-0.072735,-0.492316,1.066527,0,0,0,0
0.451190,0.575884,0.000945,0.494621,-0.017360,-0.215088,0.849124,0,0,0,1
0.416398,0.685139,-0.669293,-0.462599,-0.715932,-0.511808,0.293627,0,0,0,0
0.534702,0.378511,-0.799757,-0.615252,-0.890182,-0.441055,-0.113300,0,0,0,0
0.532914,0.560698,-0.314244,-0.746835,-0.389773,-0.518245,1.206612,0,0,0,0
0.728376,0.168363,0.032824,-0.529706,0.231831,0.544826,0.545756,1,0,0,0
0.980888,0.435423,-0.142174,0.501453,-0.532236,-0.069305,0.521752,0,0,0,0
0.641077,0.520804,-0.560174,-0.469540,-0.829632,-0.400235,0.212031,0,0,0,0
0.779751,0.578255,-0.119917,-0.017655,-0.423245,-0.128973,0.261916,0,0,0,0
0.773304,0.402206,-0.267331,-0.124845,0.058835,-0.159518,0.153847,0,1,1,0
0.597235,0.571812,-0.569434,0.862562,0.074679,-0.468975,0.771799,0,0,0,0
0.522008,0.949996,-0.447860,0.711328,0.212686,-0.406366,1.016136,0,0,0,0
0.735176,0.478418,-0.934045,-0.194095,-0.147722,0.176732,0.367647,0,0,0,0
0.796871,0.612161,-1.725715,-1.219379,-1.566644,0.051784,0.449653,1,0,0,0
1.083264,0.337006,-0.464803,0.310060,-0.489421,-0.109050,0.521149,0,0,0,0
0.504582,0.671361,0.564140,0.480211,0.479907,-0.357553,0.703117,0,0,0,1
0.792212,-0.042139,-0.360489,0.876870,-0.062349,0.056225,0.269811,0,0,0,0
0.587962,0.132563,-0.935847,-0.146820,-1.415985,-0.317325,0.295953,0,0,0,0
0.519542,0.160213,-1.232883,0.306204,-1.353508,-0.318101,0.070466,0,0,0,0
0.547181,0.118226,-1.268137,-0.188273,-1.146072,-0.125838,-0.086600,0,0,0,0
0.494633,0.621685,0.261172,0.595695,0.141539,-0.162869,1.302451,0,0,0,0
0.586646,-0.933539,1.587362,1.245007,-0.427596,-0.357618,2.061985,0,0,1,0
0.885388,0.171769,-0.221589,1.284155,0.102208,0.172082,0.760674,0,0,0,0
0.128117,0.454093,-0.403547,-0.134840,0.138023,0.060129,-0.826800,0,1,0,0
0.726476,0.128480,-0.448313,0.958230,0.515737,0.572039,0.644221,0,0,0,0
0.359464,0.386843,-0.256429,0.610762,0.072902,-0.402653,0.919464,0,0,0,0
0.504346,0.620493,-0.467976,0.301249,-0.157711,-0.480003,1.033885,0,0,0,0
0.488527,1.222874,-0.776229,-0.501030,-0.598773,-0.041683,1.042961,0,0,1,0
0.427413,0.678844,-0.475180,-0.294758,0.326864,0.272977,-0.009397,0,0,0,0
0.304481,0.532862,-0.679221,-0.646012,0.161433,0.394704,-0.405593,0,0,0,1
0.982173,0.117592,-0.337144,0.882521,0.245551,-0.129632,1.028652,0,0,0,0
0.351843,1.064282,0.140728,0.162718,0.897894,-0.167091,0.942260,1,0,0,0
0.456188,0.326852,0.545971,0.600809,0.983120,0.035606,1.056395,0,0,0,0
0.403473,-0.617859,1.222697,-0.238369,0.361143,-0.303247,0.458666,0,0,1,0
0.586861,0.009142,-0.621447,-0.446822,-0.743045,-0.214749,0.359464,0,0,0,0
0.350008,0.083820,-1.007570,-0.968845,-1.560704,-0.009024,0.223279,0,0,0,0
0.210197,0.718824,0.302940,0.411962,1.262527,-0.611445,1.131591,0,0,0,0
0.375672,0.362822,0.447276,0.732610,0.319280,0.148997,2.166168,0,1,0,0
1.050787,0.398602,-0.866143,0.650983,-0.391829,0.056287,0.962048,0,0,0,0
0.848579,0.393826,-0.817274,-0.353401,-1.199651,-0.414108,0.386721,0,0,0,0
0.759450,0.592731,-0.036073,-0.428623,-0.446098,0.204601,1.008309,0,0,0,0
0.826075,0.341630,0.376683,-0.530124,-1.284295,-0.138521,0.760383,0,0,1,1
1.133796,-0.061452,-0.620746,-0.394342,-1.106720,-0.316504,0.917603,0,0,0,0
0.804191,0.341124,0.357489,-0.179385,-0.073922,-0.026861,0.776660,0,0,0,0
0.706612,-0.163283,-0.286529,-0.872981,-1.394621,0.253631,-0.106588,0,0,0,0
0.639266,-0.489950,-0.654800,-1.069940,-1.576545,-0.266271,-0.181710,0,0,0,0
0.988268,-0.206806,-0.034764,0.942270,-0.081919,0.048708,0.245149,0,0,0,0
0.673979,0.389995,0.258711,-0.221469,-0.516070,-0.127421,0.633243,1,0,0,0
0.602368,-0.014611,-0.298473,0.435820,-1.666486,0.125229,-0.169383,0,0,0,0
0.594294,-0.089051,0.048197,-0.777449,-1.623052,-0.011598,0.274563,0,0,0,0
0.559264,-0.057846,-0.815922,-0.914454,-2.054100,-0.660996,0.143454,0,0,0,0
0.475978,0.005852,-0.708947,-1.049272,-2.054229,-0.239816,0.660216,0,0,0,0
0.409686,0.392612,0.603025,0.508066,-0.444873,-0.510960,1.259941,0,0,0,0
0.447115,0.675218,0.772818,0.676883,-0.382452,-0.070106,1.744521,0,1,0,0
0.887808,-0.120527,-0.067569,0.875124,0.018953,-0.186514,0.453447,0,0,0,0
0.520447,0.130075,-0.265613,-0.471250,-1.345034,0.127346,-0.149844,0,0,0,0
0.563810,0.669335,0.924823,0.109188,-1.103813,-0.154928,0.555709,0,0,0,0
0.639185,0.582794,0.823331,0.170803,-0.527662,-0.273158,0.298479,0,0,0,0
0.559449,0.502881,0.553406,-0.046474,-0.806443,-0.433614,1.095648,0,0,0,0
0.618685,0.529567,0.666894,-0.141718,-0.466956,-0.377817,0.475965,0,0,1,0
0.637128,0.468283,0.023704,-0.128267,-1.462736,-0.433496,0.090685,0,0,0,0
0.465188,0.098113,-0.661759,-0.628204,-1.635098,-0.199289,0.173027,0,0,0,0
0.995355,0.075429,-0.351457,0.787435,-0.515796,-0.460899,0.668359,0,0,0,0
0.414584,0.682255,0.211651,0.711747,-0.183598,-0.524973,0.097969,0,0,0,0
0.527523,0.744735,0.045568,0.110211,-0.162007,-0.142349,1.057714,0,0,0,0
0.452896,0.583016,0.148393,-0.129035,-0.672497,-0.548478,0.901959,0,0,0,1
0.528620,0.626415,-0.348438,-0.554125,-1.209364,-0.594195,0.174272,0,0,0,0
0.587656,0.306936,-1.345189,-0.854247,-1.017106,-0.052343,-0.003285,0,0,0,0
0.555283,0.856536,0.574892,-0.563608,-0.496886,-0.430426,1.268027,0,0,0,0
0.378588,0.784543,0.659801,0.248004,-0.092077,-0.051309,1.387135,0,1,0,0
1.012044,0.281043,-0.221214,0.410409,-0.663209,-0.229532,0.618434,0,0,0,0
0.641285,0.609531,-0.260463,-0.608041,-1.151647,-0.573376,0.277876,0,0,0,0
0.749992,0.723684,-0.187718,-0.368945,-0.551960,0.274070,0.351658,0,0,0,0
0.679478,0.656260,0.384098,-0.405427,-0.393741,0.203519,0.513893,1,0,1,0
0.636906,0.543409,-0.633426,0.351160,-0.134707,-0.520579,1.050014,0,0,0,0
0.255589,0.799420,-0.573516,0.443410,-0.095433,-0.589631,1.597040,0,0,0,0
0.321644,1.119875,-0.218340,-0.149328,0.387504,-0.613663,0.267742,0,0,0,0
0.909727,-0.554289,0.891740,-0.128810,-1.194002,1.928503,-0.010535,0,1,0,0
1.034110,0.042264,-0.748477,1.421714,0.348064,0.172745,0.806055,0,0,0,0
0.719106,-0.313706,0.981214,1.032273,-0.805560,0.107206,0.525250,0,0,0,1
0.503909,0.461553,-0.274853,1.083774,0.786643,-0.273353,1.040698,0,0,0,0
0.574453,0.465990,-0.040971,1.258512,0.167237,-0.016044,0.966722,0,0,0,0
0.582651,0.278525,-0.976585,0.222485,-0.495346,-0.253449,0.196313,0,0,0,0
0.215107,0.493320,-0.715961,0.184760,-0.017268,-0.547963,-0.246373,0,0,1,0
0.455920,0.777118,-0.343550,0.853030,1.012805,-0.353207,1.459018,0,0,0,0
0.402984,0.150321,0.121940,1.355044,0.571709,-0.161975,1.605966,1,0,0,0
0.917240,0.051920,-0.545723,1.239572,0.757340,0.130127,0.899090,0,0,0,0
0.070715,0.430180,-0.097496,-0.001531,0.863812,-0.580335,-1.026729,0,0,0,0
0.671142,0.396898,-0.676289,0.700759,0.532238,0.471805,0.445263,0,0,0,0
0.572461,0.988553,-0.707695,-0.051527,0.008410,0.489633,0.705137,0,1,0,1
0.784652,0.052771,-0.434778,0.901973,0.364409,-0.548229,0.866524,0,0,0,0
0.741267,-0.804656,0.876081,1.627732,-0.904980,0.818167,0.256098,0,0,0,0
0.619422,0.497686,-0.177003,0.391314,-0.041662,-0.022172,1.212629,0,0,0,0
0.523531,0.617829,-0.204151,-0.133466,-0.420726,-0.395148,0.685109,1,0,1,0
0.921564,0.164653,-0.605373,0.560931,0.259753,-0.020727,0.685045,0,0,0,0
0.439225,0.339405,-0.049133,0.224586,0.002491,-0.073680,0.435511,0,0,0,0
0.457538,0.547799,-0.430461,0.267858,0.115088,-0.582364,1.435643,0,0,0,0
0.586821,0.196863,-0.332417,1.224525,0.095779,0.324539,1.008157,0,1,0,0
0.971816,0.464468,-0.296523,0.662413,-0.359906,-0.304373,0.850345,0,0,0,0
0.538426,0.604800,-0.438531,0.135607,-0.265030,-0.631928,0.185782,0,0,0,1
0.635988,0.359179,-0.634879,0.879417,-0.118146,-0.500771,1.162428,0,0,0,0
0.643326,0.092119,-0.871844,0.702852,-0.359311,1.020238,0.870720,1,0,0,0
0.857320,0.132568,-0.412339,0.271248,-0.629863,0.005877,0.965086,0,0,0,0
0.605524,0.790402,-0.757997,0.092385,-0.378818,-0.280131,1.126029,0,0,1,0
0.585996,0.579623,-1.055096,0.623480,-0.084386,-0.410695,0.871581,0,0,0,0
0.783927,0.515711,-0.351436,0.239274,-0.607410,0.456224,0.688729,1,1,0,0
0.810674,-0.566848,-0.284452,0.088945,0.862311,-0.238886,1.315139,0,0,0,0
0.353795,0.070528,-0.276620,0.863924,1.238308,-0.198556,1.429465,0,0,0,0
0.613588,0.066971,-0.395308,-0.552703,0.275539,0.265482,-0.014788,0,0,0,0
0.534722,-0.058349,-0.283713,-0.919561,0.717294,0.292652,-0.748440,0,0,0,1
0.972633,-0.330730,-0.271227,0.193688,0.554548,-0.218199,0.714370,0,0,0,0
0.763341,0.030174,0.169740,-0.104581,0.109255,-0.374439,0.868981,1,0,0,0
0.752957,-0.010460,0.190826,-0.503194,0.053477,0.309327,0.443636,0,0,0,0
0.784278,-0.294424,-0.300835,-1.004618,-0.306498,0.294149,0.281071,0,0,0,0
0.394758,0.390865,-0.488374,-0.042593,0.083800,-0.150008,-0.755915,0,0,0,0
0.260411,0.531072,-1.024234,-0.679797,0.250030,-0.217422,-0.584831,1,0,0,0
0.469337,0.069443,-0.273750,0.837178,0.099722,-0.475246,0.679462,0,0,0,0
0.541853,0.180483,0.223789,0.217042,0.484066,0.247653,1.335211,0,0,0,0
0.775445,-0.469104,-0.264866,0.752647,1.260050,-0.429120,0.157862,0,0,0,0
0.324049,-0.299414,-0.287446,-0.540457,1.349139,-0.101526,-0.905744,1,0,0,0
0.759606,-0.145438,0.241903,0.222914,0.639619,-0.367094,0.483904,0,0,0,0
0.419452,0.102325,0.681487,0.315810,0.794837,0.051672,0.884914,0,0,0,0
0.490299,0.107818,0.222683,-0.583564,1.365835,-0.355545,1.085558,0,0,0,0
0.277722,0.450769,0.268963,-0.611951,1.122851,-0.095861,1.169482,1,0,0,0
0.766882,-0.167161,0.348546,-0.268778,-0.157718,-0.428933,0.505540,0,0,0,0
0.700921,-0.334069,-0.156488,-0.613971,0.025796,0.042334,-0.107511,0,0,0,0
0.852254,-0.332470,-0.509632,1.418439,1.083368,-0.577392,0.819914,0,0,0,0
0.135185,0.509127,-0.307223,0.693825,1.343828,-0.509245,1.476643,0,0,1,0
0.631499,0.176922,-0.006805,0.265892,-0.226765,-0.566748,0.921519,0,0,0,0
0.622876,0.239534,0.089498,-0.102122,-0.561607,-0.175669,0.676341,0,0,0,0
0.845897,-0.218523,0.090401,-1.008036,-0.325630,-0.236986,0.004494,0,0,0,0
0.782720,-0.124241,-0.217105,-1.086021,-0.542951,-0.094535,0.405050,1,0,0,0
0.711564,0.487999,-0.154540,-0.857118,-0.403672,-0.259970,1.022813,0,0,0,0
0.802191,0.420861,0.486180,-0.865848,0.317957,0.482588,1.278921,0,1,0,0
0.967762,0.421110,-0.400563,0.015729,-0.339802,-0.355872,0.825173,0,0,0,0
0.741102,0.440142,-0.399779,-0.833350,-0.511265,-0.295568,0.324071,0,0,0,1
0.812746,0.795865,-0.461034,-0.219437,-0.038277,-0.389949,0.335281,0,0,0,0
0.649483,0.670322,-0.445077,-0.130073,0.537105,-0.342261,0.037397,0,0,1,0
0.748068,0.135121,0.317608,-0.090229,0.415135,-0.249484,1.036740,0,0,0,0
0.454839,0.235581,0.352591,0.001379,1.047873,-0.222907,1.113044,0,0,0,0
0.776851,-0.015236,0.075134,-0.771949,0.963574,0.524110,0.074916,0,0,0,0
0.744802,-0.162809,-0.113435,-0.895206,-0.345838,-0.317633,-0.397665,1,0,0,0
1.071829,-0.098899,-0.186826,-0.218517,0.332735,0.178303,1.059384,0,0,0,0
0.787524,0.262555,-0.041170,-0.656036,-0.257400,0.283485,1.087572,0,0,0,1
0.945712,-0.085763,-0.143201,-0.954317,-0.203556,0.132208,0.532286,0,0,0,0
0.670372,-0.431957,-0.241294,-0.830318,-0.519166,0.081150,-0.026329,0,0,0,0
0.277336,0.200182,-1.090719,-0.919073,0.384378,-0.314114,-1.044049,0,0,0,0
0.070908,0.361098,-1.241836,-1.007961,0.096472,-0.262139,-0.923172,0,0,0,1
0.392533,0.388016,-0.058008,0.451207,-0.299062,-0.621260,0.985516,0,0,0,0
0.345790,0.228569,0.770029,0.665468,0.628423,0.215130,1.993131,0,0,0,0
0.723028,-0.499838,0.051195,0.870776,1.247518,-0.312897,0.465459,0,0,0,0
0.310978,-0.174653,-0.514066,-1.190658,0.621058,-0.114644,-1.112056,0,0,0,1
0.587165,0.175664,0.526224,-0.136835,-0.128997,-0.317681,1.177789,0,0,0,0
0.555986,0.152919,1.034611,0.724239,0.483981,-0.431134,0.753934,0,0,0,0
0.438621,0.094640,0.832399,-0.409087,1.285721,-0.340437,0.940046,0,0,0,0
0.411925,0.363612,0.773324,-0.121438,1.912331,-0.011319,0.612169,0,0,0,1
0.812762,-0.295052,-0.156107,-0.673328,-0.336567,-0.342828,0.147964,0,0,0,0
0.729864,-0.580078,-0.141799,-0.644594,-0.176659,0.068189,-0.475531,0,0,0,0
0.999480,0.020800,-0.089267,1.153854,0.688082,0.075684,0.674231,0,0,0,0
0.360951,0.538325,0.363923,0.001175,0.924910,-0.575462,0.018136,0,1,0,0
0.422404,-0.117552,0.119641,1.047545,0.363916,-0.650229,1.136403,0,0,0,0
0.446584,-0.058497,-0.438451,0.013920,-0.626362,-0.524033,0.641281,0,0,0,0
0.681938,-0.655122,0.017949,-0.744458,-0.121544,-0.418311,-0.146179,0,0,0,0
0.675390,-0.394064,-0.203428,-1.268974,-1.025949,0.038146,0.257831,0,0,1,0
0.658478,0.353131,0.010537,-0.992676,-0.409118,-0.246934,1.206006,0,0,0,0
0.582585,0.651332,0.676271,-0.791730,-0.170902,-0.384501,2.063663,0,0,0,1
1.052407,0.174235,0.095994,0.329934,-0.078079,-0.049022,1.017077,0,0,0,0
0.870256,-0.003937,0.274688,-0.985557,-1.215992,-0.278801,0.506500,1,0,0,0
0.728433,0.418642,0.353404,-0.174568,-0.529736,0.130659,0.267296,0,0,0,0
0.726147,0.503480,0.346644,0.034830,-0.090781,-0.351723,0.442800,0,1,0,0
0.852316,-0.165015,0.213823,-0.109901,-0.086028,-0.203501,1.127764,0,0,0,0
0.650487,0.225593,0.301244,0.300472,0.683462,-0.386254,0.897506,0,0,0,0
0.687527,-0.239699,-0.455871,-1.147146,-0.426191,0.312589,0.037660,0,0,0,0
0.845833,-0.453835,-0.300793,-1.248456,-0.352779,-0.185980,0.229984,0,0,1,0
1.038769,-0.247751,-0.238346,-0.054473,0.079013,0.210754,1.040156,0,0,0,0
0.980037,0.033155,-0.160255,-0.463795,-0.177500,-0.147920,0.628870,0,1,0,0
0.853883,-0.413676,-0.485073,-0.794873,-0.249208,0.194823,0.266346,0,0,0,0
0.619353,-0.652489,-0.279652,-0.677903,-0.189881,0.013994,-0.671786,0,0,0,0
0.462533,0.188198,-1.150375,-0.892860,-0.227667,-0.328183,-0.800973,0,0,0,0
0.411998,0.031985,-1.568782,-0.887234,-0.000470,-0.376871,-0.585756,0,1,0,0
0.611174,0.329239,0.005661,0.565816,-0.238890,-0.603249,1.257338,0,0,0,0
0.389778,0.444512,0.615901,0.694875,0.000931,-0.280882,1.559944,0,0,0,0
0.773447,-0.402174,0.065330,0.786323,1.008027,-0.395321,0.351821,0,0,0,0
0.318265,-0.274305,-0.531821,-0.939860,0.806537,-0.354795,-1.046418,0,1,0,0
0.765272,-0.108389,0.310726,-0.029042,0.066241,-0.200618,0.596918,0,0,0,0
0.691584,-0.053414,0.778675,0.172011,0.647528,0.417165,0.248892,0,0,0,0
0.463013,0.147569,0.292235,-0.457274,1.294576,-0.648977,0.802018,0,0,0,0
0.324255,0.240062,0.134738,-0.256846,1.373325,-0.276301,0.957151,0,1,0,0
0.806540,-0.549890,0.050558,0.171310,0.263122,-0.342887,-0.117896,0,0,0,0
0.569331,-0.800864,-0.300361,-0.502552,-0.465441,0.026410,-0.337701,0,0,0,0
0.939279,-0.509815,-0.417766,1.134195,0.680613,-0.417378,0.384766,0,0,0,0
0.438063,0.589512,0.086001,0.254900,1.318262,-0.550308,-0.007346,0,0,0,1
0.537408,-0.150797,0.142341,0.309583,0.356566,-0.362727,1.107878,0,0,0,0
0.439643,0.009557,-0.118969,-0.404581,-0.124616,-0.498630,1.091144,0,0,0,0
0.731366,-0.082262,-0.309390,-1.204254,-0.795462,-0.427859,0.725064,0,0,0,0
0.676861,-0.459093,-0.525246,-1.442449,-0.867113,0.166549,0.358201,1,0,0,0
0.688594,0.488742,0.662037,-0.584622,-0.493016,-0.545206,1.377665,0,0,0,0
0.589197,0.579855,0.841299,-0.417449,0.290214,-0.233572,1.458671,0,1,0,0
1.101135,0.107613,-0.005361,0.087770,0.036751,0.358312,0.687355,0,0,0,0
0.729121,-0.067805,-0.750378,-1.424879,-0.641707,-0.335618,0.143111,0,0,0,0
0.855957,0.515509,0.165521,-0.836760,-0.262472,0.374201,0.354902,0,0,0,0
1.065518,-0.609765,0.134533,-0.691636,0.063725,-0.058112,-0.130666,1,0,0,1
0.876595,0.084662,-0.626350,-0.391976,0.111922,0.032601,1.128695,0,0,0,0
0.620215,0.435108,-0.304298,-0.082265,0.625290,-0.052445,1.213062,0,0,0,0
0.601711,0.270031,-0.372303,-0.941759,0.476829,-0.214340,0.879276,0,0,0,0
0.548491,-0.014833,-0.949613,-0.969888,-0.164394,0.064873,0.228770,0,0,0,0
0.963293,-0.372923,-0.386023,0.321218,0.474932,-0.002704,0.802047,0,0,0,0
0.896229,-0.297450,-0.678867,0.079302,1.163135,0.762625,0.874413,1,0,0,0
0.753589,0.388785,-0.030482,-0.975346,-0.029346,0.124814,1.179697,0,0,0,0
0.570925,0.431458,-0.439308,-1.175610,0.305843,0.023539,0.782996,0,0,0,0
0.565032,0.147335,-1.259634,-1.314976,-0.312401,-0.316653,0.031432,0,0,0,0
0.550549,0.136128,-1.430177,-1.585069,-0.989098,0.011337,0.243705,0,0,0,0
0.701453,0.763262,-0.508624,-0.329150,0.231462,-0.325647,1.074043,0,0,0,0
0.562265,0.904000,-0.439299,0.270874,0.408783,0.213519,0.858189,0,0,1,0
0.962639,-0.280551,-0.305739,-0.049816,0.358771,-0.269987,0.267876,0,0,0,0
0.869876,-0.097074,-0.535790,-1.149790,-0.177620,0.406346,-0.104988,0,1,0,0
1.025220,-0.819758,-0.060759,1.124029,-0.043076,0.273147,0.209238,0,0,0,0
0.810676,-1.525173,0.100429,1.419474,-0.039277,-0.147613,0.026848,0,0,1,1
1.059568,-0.519465,-0.225250,1.091653,1.205856,0.039999,0.545595,0,0,0,0
0.858981,-0.254122,0.110808,-0.021731,0.912121,-0.089085,0.392275,0,0,0,0
0.931822,0.001471,0.008504,-0.480277,0.438733,-0.264026,1.040050,0,0,0,0
0.661173,0.170210,0.210067,-0.269655,0.312782,-0.060894,0.905918,0,0,0,0
0.977473,-0.177819,-0.146803,0.113970,0.336560,0.036432,0.478841,0,0,0,0
0.646146,0.307105,-0.004325,0.164406,0.557994,-0.515290,0.616557,0,1,0,0
0.625838,-0.104602,0.056163,0.676421,0.419692,-0.160326,1.268535,0,0,0,0
0.598624,0.067271,0.568323,0.671574,1.062866,0.170122,1.372283,0,0,0,0
1.119418,-0.292355,0.136059,0.549294,0.950261,0.108648,0.736185,0,0,0,0
0.716460,-0.359464,1.093939,0.531495,0.688445,-0.055940,0.365975,0,0,0,0
0.815700,-0.824970,1.372976,1.234062,-0.088646,-0.891087,1.360857,0,0,0,0
0.794155,-0.849900,1.141716,0.212684,0.779977,0.870433,0.987927,0,0,1,0
1.161823,0.320790,-0.116994,-0.119520,-0.007407,0.033411,0.964695,0,0,0,0
0.831433,0.391199,0.903023,-0.128843,0.760610,-0.506416,1.248833,0,0,0,0
0.882415,0.008630,0.270097,-0.930792,0.674268,0.045325,0.717496,0,0,0,0
0.952723,-0.518456,0.471376,-1.212474,0.170934,-0.302776,0.453527,1,0,0,0
0.620770,0.114662,-0.126411,-0.116518,-0.526784,1.069292,0.469511,0,0,0,0
0.528667,0.307851,0.125186,-0.265699,-0.037657,-0.023717,0.630777,0,0,0,0
0.364193,0.143395,0.628207,0.183473,-0.116288,0.220926,0.178664,0,0,0,0
0.298422,0.027431,0.487494,-0.255099,-0.418159,-0.051307,0.461370,0,0,0,0
0.464044,0.533683,0.602827,-1.106039,-0.989390,0.041180,0.657006,0,0,0,0
0.435426,0.135195,0.757629,-0.278908,-0.790961,0.357318,0.299137,0,0,0,0
0.410026,-0.146193,0.388090,-0.432403,-0.897523,0.117681,0.477629,0,0,0,0
0.485596,-0.328637,0.448729,0.103245,-0.663569,-0.092333,-0.055019,0,0,0,0
0.290427,-0.112162,0.851920,-0.360054,-0.604376,-0.058536,0.482798,0,0,0,0
0.193154,-0.311088,0.662540,-0.105769,-0.656839,0.156379,0.137839,0,0,0,1
0.302257,-0.149966,0.837804,0.166191,-0.712141,-0.147585,0.233948,0,0,0,0
0.510559,-0.897419,0.725792,1.027878,-1.656379,0.003474,0.132188,0,0,0,0
0.120983,0.338176,0.935620,0.195886,-0.302368,-0.562971,0.185028,0,0,0,0
-0.164281,0.775594,0.765885,0.166248,0.142518,-0.477990,0.324139,0,0,1,0
-0.000963,0.515840,0.719900,-0.164564,-0.460748,-0.283325,-0.018696,0,0,0,0
0.049020,0.613879,0.603466,-0.032434,-0.416178,-0.061950,-0.352945,0,0,0,0
-0.148299,0.592894,0.911008,-0.209399,-0.402784,-0.164742,-0.399902,0,0,0,0
-0.469700,1.074438,0.763076,-0.448401,0.131677,-0.343739,-0.694874,0,1,0,0
-0.240762,0.575223,1.312168,0.073509,-0.496258,0.936058,-0.399979,0,0,0,0
-0.766188,0.895599,1.094624,-0.513365,-0.173262,-0.446529,-0.422328,0,0,0,0
-0.790961,1.394986,0.064024,-0.605707,0.198463,0.127863,-0.310584,0,0,0,0
-0.989746,1.287020,0.383391,-0.328782,0.870138,-0.116245,-0.272024,0,0,0,1
0.009615,0.265957,1.295422,-0.278134,-0.768715,1.804546,-0.210915,0,0,0,0
-0.324698,0.225138,1.229276,0.132886,-0.011790,0.302196,-0.358867,0,0,0,0
-0.013872,0.499319,-0.294571,-1.031519,0.165558,0.695923,-0.395559,0,0,0,0
0.068740,0.565661,-0.691903,-1.021799,0.205946,0.343207,-0.096402,1,0,0,0
0.143734,0.814442,0.437625,-0.248426,-0.233565,0.380207,0.194656,0,0,0,0
-0.000578,0.885100,1.631352,0.101551,0.362206,-0.187361,0.038121,0,0,0,0
-0.168699,0.434754,0.934674,-0.099605,-0.182445,-0.086455,-0.553314,0,0,0,0
-0.675845,0.411964,-0.614549,-1.374929,-0.803310,-0.237054,-1.044057,0,0,1,0
-0.304325,1.821695,-0.373279,0.141962,0.843637,0.655114,-0.395447,0,0,0,0
-0.762120,2.364641,0.189593,-0.155618,1.271740,-0.590446,-0.419322,0,0,0,0
-1.093347,2.699287,0.749190,-0.545992,1.698352,-0.271514,-0.546264,0,0,0,0
-1.199220,2.631222,0.819824,-0.710814,1.713975,-0.247940,-0.857671,0,0,0,0
-1.224143,2.771055,1.084517,-1.076325,1.444654,-0.302544,-0.780674,0,0,0,0
-1.203315,2.870221,0.228952,-1.742809,2.275850,-0.158757,-1.138615,0,0,0,0
-0.823199,1.453495,-0.159339,0.551196,0.513150,0.808129,-1.271176,0,0,0,0
-0.483285,0.177246,-0.146595,1.626377,0.127154,0.155142,-1.323838,0,0,0,0
-1.272866,1.782751,0.854516,0.192107,1.445361,-0.588149,-1.350167,0,0,0,0
-0.301748,0.262917,-0.381858,1.663211,0.614294,3.888233,-1.379428,0,0,0,1
-0.656064,0.736844,1.935004,-0.161135,0.551367,0.190210,-1.028116,0,0,0,0
-1.516342,2.135564,1.805568,-1.079872,2.135862,-0.679972,-1.450134,0,0,1,0
-1.646798,2.108980,0.938004,-1.544612,2.179827,-0.374441,-1.719567,0,0,0,0
0.292103,-1.368879,0.684594,-1.021275,-0.040010,11.856333,-1.199476,0,1,0,0
-0.442795,0.572621,2.021172,-0.144674,0.415688,-0.103861,-0.232075,0,0,0,0
-1.167838,1.269431,1.764530,0.191329,1.388339,-0.385044,-0.239125,1,0,0,0
-0.604357,0.264100,1.016430,1.551640,0.799617,0.118282,-0.342084,0,0,0,0
-0.244094,-1.148128,1.363503,3.103951,-0.175193,0.041711,-0.509524,0,0,0,0
-0.448014,-1.655101,3.248714,2.299857,-1.625187,-0.064762,-0.748611,0,0,0,0
-0.622108,-1.615363,3.423970,2.139284,-1.104755,0.026851,-0.777173,0,0,0,1
-0.503268,0.259966,1.332399,0.768980,0.229415,0.708906,-0.569186,0,0,0,0
-0.815984,0.884035,1.547563,0.886515,-0.186387,0.607921,-0.462034,0,0,0,0
-0.998906,0.818977,1.864560,0.481461,0.436010,-0.185249,-0.443759,0,0,0,0
-1.326504,0.609064,2.644486,0.725958,0.017698,-0.184451,-0.426269,0,1,0,0
0.008734,-0.319306,0.979693,0.673551,0.551021,-0.108964,-0.217508,0,0,0,0
-0.285754,0.099491,1.191521,0.901536,0.026279,0.561427,-0.175042,0,0,1,0
0.467118,0.206829,0.144952,0.749264,-0.480666,0.404929,0.255895,0,0,0,0
0.216595,-0.470660,0.618118,1.024592,0.017947,0.203618,0.200243,0,0,0,0
0.375555,-0.097696,0.723476,0.829293,-0.160031,0.802501,-0.120188,0,0,0,0
0.277379,-0.257985,1.195261,1.025461,-0.236313,-0.099623,-0.281471,0,0,0,0
0.140249,-0.021231,1.214044,1.018191,-0.193711,-0.307998,-0.118989,0,0,0,0
0.188374,-0.116043,1.401835,1.072024,-0.094351,-0.152273,-0.058294,0,0,0,0
-0.644050,0.632429,1.926033,0.856287,0.219282,-0.280479,-0.381650,0,0,0,0
0.264113,-1.191212,0.116489,1.506892,1.106245,-0.361658,-0.899192,1,0,0,1
0.043508,0.591396,-0.316428,-0.036889,0.977604,0.080610,-0.293092,0,0,0,0
-0.200847,0.886912,1.354085,0.153492,-0.279816,-0.257159,-0.514033,0,0,0,0
-0.426275,0.404856,1.774709,-0.321121,-0.219670,-0.224270,-0.577878,0,0,0,0
-0.018283,0.194301,1.663979,0.727489,-0.243082,0.227893,-0.430479,0,0,0,0
0.094633,-0.341428,1.217138,0.586180,-0.016218,0.066598,-0.898357,0,0,0,0
0.006977,-0.240968,0.516250,-0.137346,0.165087,-0.046056,-1.124826,0,0,0,0
-0.254969,1.109103,0.717488,-0.305608,-0.202834,-0.431373,-1.010158,0,0,0,0
-0.345421,1.169525,-0.208879,0.120183,0.989460,-0.305780,-0.946204,1,0,0,0
0.227180,0.361306,0.632884,0.230372,0.533511,0.322103,-0.369114,0,0,0,0
-0.236426,1.287106,0.676260,-0.117331,-0.412049,0.552323,-0.094214,0,0,0,0
-0.407990,1.219637,1.446722,-0.325043,0.130607,-0.506280,-0.618003,0,0,0,0
0.394244,-1.984462,1.315058,2.116508,-0.577194,6.259277,-0.831500,0,1,0,0
0.343383,-2.001826,1.401710,2.607172,-0.597573,0.091147,-0.728961,0,0,0,0
0.109760,-1.607928,2.349790,1.695777,-1.688739,-0.007190,-0.898892,0,0,1,0
0.061101,0.558925,0.750211,0.702044,-0.703351,0.346080,-0.163013,0,0,0,0
0.000645,0.437152,1.111422,0.584410,-1.283851,-0.281676,0.068227,0,0,0,1
0.029043,0.514424,0.338761,0.191030,-1.385770,-0.092078,-0.204454,0,0,0,0
-0.563984,-1.035797,1.519125,1.301347,-0.166483,-0.307561,-1.237834,0,0,0,0
-0.032448,-2.063387,2.866994,2.536337,-2.068026,0.210880,-0.705879,0,0,0,0
-0.440913,0.440607,1.327182,1.535663,-1.218595,-0.265692,-0.839256,1,0,0,0
-0.172273,0.671734,1.047657,0.178981,-1.573043,-0.191592,-0.600712,0,0,0,0
-0.632746,0.350917,1.601155,1.292265,-0.867817,-0.370911,-0.614989,0,0,0,0
-0.209848,-1.282423,2.414672,2.288034,-2.137789,1.871176,-0.938440,0,0,0,0
-0.310353,-0.595460,1.304896,2.204630,0.682616,-0.589527,-0.629443,0,0,1,0
-0.342661,0.255109,1.916930,1.023859,0.301125,-0.715783,-0.090842,0,0,0,0
-0.520233,0.234826,2.988874,1.216090,-0.307360,-0.189037,-0.217559,0,0,0,0
-0.439561,0.868419,0.995682,1.817809,1.023401,0.789262,-0.356973,0,1,0,0
0.216733,0.279453,1.210885,1.412765,0.321305,1.351526,-0.164141,0,0,0,0
-0.166258,0.222891,1.359487,1.447067,0.663572,-0.599590,-0.562130,0,0,0,0
-0.654588,-0.304250,0.617439,0.848033,-0.343272,-0.054678,-0.692974,0,0,0,1
-0.178588,0.752972,0.837413,1.062387,0.735372,0.618829,-0.508105,0,0,0,0
-0.160244,0.636545,1.592866,1.605458,0.632935,-0.128548,-0.485406,0,0,0,0
-0.343848,0.368813,1.671314,1.279954,0.747660,0.281737,-0.647959,0,0,0,0
-0.542082,0.331494,2.406310,1.703689,0.404972,-0.083688,-0.593234,0,0,0,0
-0.781163,0.478108,2.455973,1.242761,-0.213164,-0.389798,-0.766619,0,0,0,0
-0.811197,0.575940,2.778747,1.227748,0.517460,0.284056,-0.868568,0,0,0,0
-1.351422,1.699461,2.522157,0.916511,1.257903,-0.441018,-0.744009,0,0,0,0
0.042501,-0.711957,0.807372,1.974622,0.808351,0.406607,-0.983273,1,0,0,0
-0.092906,-0.417905,1.130652,0.599458,0.080566,-0.252642,-0.357456,0,0,0,0
-0.509875,-0.331629,1.465658,-0.533872,0.670854,0.170142,-0.731663,0,0,0,0
-0.653561,0.840681,1.449921,-0.981212,-0.689549,0.944493,-0.877040,0,0,0,0
-0.450789,-0.239933,1.991157,0.350304,-0.496292,2.698644,-1.128493,0,0,1,0
-0.324579,-0.241633,1.109813,1.042812,0.345282,-0.609861,-0.754696,0,0,0,0
-0.366572,-0.147097,1.685680,1.033025,-0.057957,-0.072652,-0.823028,0,0,0,0
-0.423801,-0.358676,1.174100,0.831730,-0.162725,0.152305,-0.927356,0,0,0,0
-0.464147,-0.749170,1.144373,0.296436,-0.117381,-0.212023,-0.857778,0,1,0,0
-0.429076,0.098252,1.447908,0.293259,0.160366,-0.394287,-0.651814,0,0,0,0
-0.352094,0.356947,1.129154,0.214933,0.751723,-0.017622,-0.460839,0,0,0,0
-0.531162,0.047686,1.969646,0.437036,0.020434,-0.273574,-0.589047,0,0,0,0
0.147452,0.129961,-1.141479,0.270869,1.042575,0.287531,-0.579689,0,0,0,1
0.060046,0.431066,-0.760383,0.192148,0.721699,0.432757,0.082805,0,0,0,0
-0.132722,0.412382,-0.067720,0.356360,0.522952,-0.399518,0.097738,0,0,0,0
0.398861,-0.938147,-0.487342,0.626390,-0.472905,1.418551,-0.738574,0,0,0,0
-0.192481,-0.477485,0.969259,0.252296,-0.830634,-0.256137,-0.893446,0,0,0,1
-0.117424,1.745387,-0.596572,-1.365526,-1.201274,0.026927,0.332743,0,0,0,0
-0.134363,1.210708,-0.244343,-1.273216,-0.212735,0.534808,-0.588628,0,0,0,0
-0.776709,1.444436,-0.587045,-0.390957,0.376019,-0.391282,-0.820270,0,0,0,0
-0.946986,1.850771,-0.011579,-0.882076,0.698217,0.340744,-1.194174,1,0,0,0
0.175619,0.558997,-1.127896,0.929709,-0.112368,0.575951,0.328167,0,0,0,0
-0.257436,1.038129,0.070500,0.524018,-0.709073,-0.274044,-0.196451,0,0,0,0
0.211993,-0.870713,1.460609,0.416812,-1.441357,0.025975,-0.651859,0,0,0,0
-0.170271,-0.704312,1.132383,0.512741,-0.347447,0.045391,-1.036602,1,0,0,0
-0.155429,0.988336,-1.032639,0.582721,1.183706,0.047962,0.181100,0,0,0,0
-0.343325,0.395407,-0.533830,0.957652,0.530677,-0.418318,-0.232927,0,0,0,0
-0.133026,1.183100,-0.270396,0.739571,0.494648,-0.340792,1.554784,0,0,0,0
-0.129304,0.694100,0.270190,-0.538031,0.228920,-0.009754,1.205407,0,0,0,0
0.067602,1.081866,0.884694,0.800359,-0.146158,-0.150675,0.646737,0,0,0,0
0.735416,-0.426283,0.959233,1.423452,-1.855283,3.123970,0.351418,0,0,1,0
0.618531,0.910771,-0.354344,0.877447,-0.174759,0.293581,1.470106,0,0,0,0
0.537830,0.854067,-0.224473,-0.368528,-0.182117,-0.032839,0.772571,0,0,0,0
0.366050,0.856776,-0.198459,0.345764,0.065804,0.455589,0.184086,0,0,0,0
0.942468,-1.099809,-0.295400,1.612852,-0.747468,0.135133,-0.202367,0,0,0,0
0.270377,0.964237,-0.515306,0.548916,1.751796,-0.087500,1.456222,0,0,0,0
-0.356151,1.134492,0.768093,0.609339,0.017411,-0.486151,0.812370,0,0,0,0
0.554350,-0.465922,-0.754066,1.029089,0.063881,0.936856,-0.131635,0,0,0,0
0.427324,-0.112212,-0.606938,1.266678,0.921506,-0.118459,-0.497863,0,0,0,0
0.469024,0.629149,0.040529,0.342025,0.297113,0.387314,1.375892,0,0,0,0
0.073589,0.294148,1.307342,-0.159003,-1.151537,-0.166198,0.788617,0,0,0,0
-0.062127,0.360207,0.238074,0.648187,0.422397,0.203817,-0.150825,0,0,0,0
-0.520099,0.729725,0.628270,0.705425,0.546184,-0.590963,-0.705065,0,0,0,0
0.300099,0.329115,-0.222776,1.215977,0.232080,-0.368858,1.355665,0,0,0,0
0.067650,-1.105656,0.954075,2.811618,-0.924542,-0.543251,0.684123,0,1,0,0
0.198690,0.606117,-1.552281,1.221305,0.656000,1.491960,0.370496,0,0,0,0
-0.228021,0.870512,-0.194184,0.099920,0.060626,-0.585827,0.012093,0,0,0,0
0.767130,-0.105869,0.099268,1.122335,-0.473759,0.100082,1.181682,0,0,0,0
0.489210,0.024150,-0.154212,0.329743,-0.715576,0.199395,0.715799,0,1,0,0
0.688099,0.681687,-0.361062,-0.176507,-1.550990,1.015064,0.544294,0,0,0,0
0.018183,1.142814,0.040471,-0.662868,-0.345357,0.126462,-0.584433,0,0,0,0
0.483921,0.898566,-0.287348,0.513429,-1.164476,0.647355,1.208172,0,0,0,0
0.439832,0.689771,-0.710619,0.319663,-1.345104,-0.232111,1.197523,0,0,1,0
0.794453,0.526589,-0.772468,0.587418,-0.316385,0.276106,0.638479,0,0,0,0
0.779790,0.399176,-0.020608,0.212633,-0.988340,-0.303384,0.651000,0,0,0,0
0.629521,0.055292,1.005171,0.825026,-0.614053,0.180434,1.325088,0,0,0,0
-0.131770,-0.220230,0.865209,-0.187193,-1.436178,-0.046716,0.532559,0,0,1,0
0.117744,1.352389,-1.003956,0.792612,0.734585,0.367815,-0.156196,0,0,0,0
0.029614,1.263688,-0.120391,1.175606,0.171583,-0.060667,0.244485,0,0,0,0
-0.221771,1.468616,-0.011086,1.302308,0.611287,-0.510674,1.588090,0,0,0,0
-0.154752,1.700311,0.470079,1.281523,0.313853,-0.076890,1.077413,0,0,0,0
0.153289,1.093456,0.200823,0.919579,-0.096668,0.044660,0.244054,0,0,0,0
-0.257680,1.230790,0.861270,0.586702,-0.450295,-0.264333,0.344799,1,0,0,0
0.688101,0.454888,0.102249,1.181340,-1.081592,0.354530,1.234105,0,0,0,0
0.690508,-0.643433,0.605562,2.421199,-0.440391,0.886709,0.875212,0,0,0,0
0.562286,0.673527,-0.342377,1.218221,0.637831,-0.300776,0.060011,0,0,0,0
0.074455,1.402272,0.063596,0.510378,0.248172,-0.078574,-0.187871,0,0,0,1
0.421612,0.612262,-0.207961,0.377035,-0.004656,-0.098935,1.664556,0,0,0,0
-0.435430,0.523164,1.210170,0.584727,-0.256261,0.584308,0.934829,0,0,0,0
0.145484,0.629266,0.845488,1.040697,-0.174633,-0.026939,-0.337317,0,0,0,0
-0.308372,1.299998,1.273213,0.951746,0.371836,-0.091880,-0.379836,0,1,0,0
0.280739,0.270926,0.792178,1.819187,-0.715432,-0.169430,1.608731,0,0,0,0
0.333667,0.167949,0.781479,1.234215,-0.833954,-0.001065,1.207654,0,0,0,0
0.429298,0.338047,0.212265,0.687644,0.448333,0.454193,-0.133213,0,0,0,0
-0.366201,1.485379,1.695956,0.791915,0.251742,-0.176675,-0.319163,0,0,1,0
0.556437,0.493251,-0.683978,0.352209,-0.162092,0.133752,1.362423,0,0,0,0
0.460553,0.139510,0.586852,0.554084,-0.700957,-0.076346,0.547585,0,0,0,0
0.063943,0.682823,1.141911,0.126565,-0.353263,0.572625,-0.119611,0,0,0,0
-0.602079,1.232934,1.538057,0.556781,0.085432,-0.295259,-0.641472,0,1,0,0
0.480488,0.758133,0.068739,0.497567,-0.833514,-0.270453,1.351233,0,0,0,0
0.259860,0.002240,0.460109,0.566241,-0.626905,-0.122468,1.246026,0,0,0,0
-0.334615,0.849927,0.710214,0.297810,-0.213394,-0.473164,-1.093620,0,0,0,0
-0.684652,1.083508,1.186919,0.077554,0.282231,0.845708,-1.055766,1,0,0,0
0.371768,0.855437,0.318595,1.288477,-1.285180,0.175453,1.550578,0,0,0,0
0.426333,0.629401,-0.191282,0.627747,-1.618859,0.352076,0.705773,0,0,0,0
0.453340,0.494083,0.767362,0.558001,-1.340357,-0.124555,0.206146,0,0,0,0
0.521082,0.144116,0.470536,1.081644,-0.863637,0.237058,-0.006678,0,0,1,0
0.486983,0.058243,-0.192757,1.025616,0.802511,-0.337163,1.572076,0,0,0,0
-0.452005,1.062794,0.112071,0.729206,0.736696,-0.018888,0.701484,0,0,0,0
-0.730046,1.559516,0.303691,0.195939,0.597047,0.144031,-0.781016,0,0,0,0
0.250187,-0.444731,0.229882,0.050714,1.238551,-0.541769,-0.559163,0,0,0,1
0.343190,0.331475,0.442079,1.062229,0.457377,-0.089412,1.657906,0,0,0,0
0.026813,0.566948,0.922286,0.209920,0.149467,0.180918,0.805647,0,0,0,0
-0.178616,0.859251,1.358832,0.380233,-0.031754,0.156303,-0.302878,0,0,0,0
0.047818,0.316865,0.879610,0.722240,0.513102,-0.458448,0.020281,1,0,0,0
-0.016059,0.896757,-0.219837,0.525808,1.325977,-0.767960,1.988617,0,0,0,0
-0.650652,1.192122,0.923392,0.052050,1.452547,-0.026583,0.561323,0,0,0,0
0.105821,0.142638,-0.061735,0.917202,0.241728,-0.185668,-0.225391,0,0,0,0
0.043373,0.078564,0.323440,1.330253,0.462407,-0.380567,-0.498263,0,1,0,0
0.258793,-0.073610,0.453631,1.628296,1.459466,-0.344179,1.651441,0,0,0,0
-0.032989,0.627099,0.501584,-0.705679,1.146532,0.422287,0.487536,0,0,0,0
-0.081899,0.149484,0.811384,0.382459,-0.710252,0.197259,-0.412886,0,0,0,0
0.210057,-0.220531,0.584366,1.691581,-0.090054,0.377573,-0.471890,0,0,0,1
0.164853,0.910787,0.143434,1.112311,1.252010,-0.092473,1.611978,0,0,0,0
-0.322887,0.179299,1.052448,1.138959,0.594473,-0.182807,0.620837,0,0,0,0
0.031730,-0.164207,0.518355,1.676819,0.831482,4.067319,-0.256255,0,0,0,0
-0.008214,-1.200122,2.564604,-0.520818,-1.075210,1.205178,-0.982766,0,0,1,0
-0.012766,0.229264,1.512111,1.090262,0.718700,-0.697402,1.868362,0,0,0,0
-0.096626,-0.260955,0.509929,0.983920,0.871856,0.280098,0.545121,0,0,0,0
0.168705,-0.377470,0.758860,-0.556222,0.509098,-0.180895,-0.281034,0,0,0,0
0.001705,0.076811,0.065162,0.059056,1.217271,1.554879,-0.245778,0,1,0,0
-0.094975,0.758973,0.167461,0.214125,1.642903,-0.635808,1.773774,0,0,0,0
-1.147966,1.626441,0.602698,-0.766709,1.733832,-0.558346,0.524736,0,0,0,0
0.286460,-0.051145,0.363719,1.122570,0.269117,-0.193243,-0.102808,0,0,0,0
-0.762009,1.818165,1.440346,-0.061684,0.666844,-0.459827,-0.078492,1,0,0,0
0.243167,0.525876,1.406170,0.592492,0.055861,3.497134,1.736733,0,0,0,0
0.053443,0.185979,1.522746,0.063815,-0.574673,0.361906,0.280925,0,0,0,0
-0.309582,1.434520,0.668410,1.147772,1.203272,-0.386015,0.402196,0,0,0,0
0.308447,0.102440,1.571543,0.541769,-0.630157,1.632816,-0.197328,0,0,0,1
0.227573,0.363819,0.278289,1.661977,0.841257,-0.319640,1.543622,0,0,0,0
0.122713,-0.139034,0.751442,1.579924,0.100498,-0.019885,0.580431,0,0,0,0
0.347830,0.594478,0.356200,1.013616,0.121446,0.464633,-0.288640,0,0,0,0
-0.572676,1.689301,1.001045,-0.330374,0.667655,-0.764107,-0.699496,0,1,0,0
0.154873,0.691739,1.691103,1.211910,-0.280172,0.213331,1.695373,0,0,0,0
-0.100260,0.633122,1.506271,1.111943,-0.415902,-0.170318,0.760124,0,0,0,0
0.116152,0.580218,1.781209,0.508486,-0.120449,0.290125,-0.244687,0,0,0,0
-0.105713,0.426965,2.126148,0.506270,0.186403,-0.145957,-0.524964,0,0,1,0
0.122494,0.543980,0.277981,1.071777,1.314615,-0.300165,1.652991,0,0,0,0
-0.236014,0.991724,1.874208,0.424331,0.332957,-0.255760,0.655358,1,0,0,0
0.392211,0.006055,1.122002,0.491933,-0.471527,1.270318,-0.238898,0,0,0,0
0.224835,-0.002545,0.787323,0.435081,-0.318193,-0.128723,-0.413717,0,0,0,0
0.089241,0.453102,0.374476,0.197728,0.250412,-0.073408,1.657443,0,0,0,0
-0.531735,1.064472,1.981965,0.173894,0.056771,-0.171954,0.405541,0,0,0,0
-0.366489,0.730668,0.663059,-0.463034,0.372792,0.382421,-1.125089,0,0,0,0
-0.462306,0.688995,1.367273,0.048576,0.977378,0.179230,-1.132661,0,0,0,1
0.484965,0.225411,0.630778,1.270151,0.253633,-0.185098,1.652204,0,0,0,0
0.156177,0.316331,0.978736,0.091878,0.181416,0.439615,0.561078,0,0,0,0
0.327408,0.052285,0.892947,0.066484,0.847666,0.287355,-0.164946,0,0,0,0
0.628632,0.785081,0.273608,-0.160684,0.708534,0.290133,0.494958,0,0,0,0
0.298464,-0.243907,-1.778959,-3.005128,-1.017547,-0.076259,-0.260954,0,0,0,0
-0.112241,-1.575510,-1.678370,-0.255119,-1.492248,-0.297686,-0.856938,1,0,0,0
-0.091868,-1.645090,-1.517897,-1.810186,-2.503593,0.033637,0.260987,0,0,0,0
-0.391634,-1.923881,-1.327343,-1.448146,-1.313494,0.402971,-0.466781,0,0,0,0
0.265385,-0.967414,-1.557681,-1.524596,-0.855169,1.680563,-0.336227,0,0,0,0
-0.240374,-1.673844,-2.330263,-1.235151,-1.102630,-0.417211,-1.533236,0,0,0,0
-0.626795,-1.070704,-1.891522,-2.020308,-1.023284,-0.647307,-1.150083,0,0,0,0
-1.146351,-2.134573,-2.023894,-1.272699,-0.284071,-0.056816,-1.781090,0,0,0,0
-0.652949,-0.935726,-1.702259,-1.627226,0.317341,1.558879,-0.919559,0,0,0,0
-1.159161,-1.829348,-2.112648,-2.779255,-1.189606,-0.408335,-1.437978,0,0,0,0
-0.946802,-1.811455,-2.978271,-1.805924,0.168497,-0.281156,-1.246531,0,0,0,0
-1.486201,-2.592413,-1.284540,-1.418993,-1.028722,-0.387304,-2.108579,0,0,0,0
-0.774601,-1.344978,-2.697109,-3.478308,-2.391770,0.310617,-0.182796,0,0,0,0
-0.859585,-1.349061,-2.481629,-3.508423,-2.602288,-0.224503,-0.323278,0,0,0,0
-1.201966,-1.989923,-1.811206,-1.992999,-1.440123,-0.036265,-1.640262,0,0,0,0
-0.816528,-2.850554,-4.613501,-0.728793,-0.403835,2.530294,-1.254107,0,1,0,0
-1.547106,-0.868698,-4.681124,-1.786447,0.277012,-1.044304,-1.859011,0,0,0,0
-0.695450,-1.276424,-3.278920,-2.003645,-1.923932,-0.725784,-1.060503,0,0,0,0
-1.169931,-0.875317,-2.404372,-3.299990,-3.029329,-0.331846,-1.079128,0,0,0,0
-1.385435,-1.670623,-2.220584,-2.545351,-2.580815,-0.446141,-1.814803,0,0,0,0
-1.585608,-1.986446,-1.944316,-3.030845,-2.550416,-0.991186,-2.046341,0,0,0,0
-1.540856,-1.943056,-1.821958,-2.673323,-2.736235,-0.209934,-2.037944,0,0,0,0
-1.333023,-2.210502,-2.295029,-2.914416,-3.162715,0.218157,-2.008908,0,0,0,0
-1.508983,-2.430301,-2.066901,-2.664952,-2.904912,-0.659728,-2.054414,0,0,0,0
-1.448766,-2.400479,-2.219141,-2.583790,-2.607609,0.500284,-2.034232,0,0,0,0
-1.516361,-2.592503,-1.963838,-2.420769,-2.899653,-0.365979,-2.022059,0,0,0,0
-1.641153,-2.533891,-2.155473,-2.512459,-3.002775,-0.630721,-2.040787,0,0,0,0
-1.595096,-2.654739,-1.959969,-2.249774,-2.918667,0.066413,-2.054316,0,0,0,0
-1.298935,-2.295563,-2.684530,-2.082351,-2.691404,0.101605,-2.000383,0,0,0,0
-1.469965,-2.393693,-2.079398,-2.390677,-3.411968,0.429405,-2.038420,0,0,0,1
-1.130274,-1.865268,-2.132067,-2.428597,-2.419634,4.635221,-1.817976,0,0,0,0
-1.600286,-2.574658,-2.442752,-2.382393,-2.290414,-0.120010,-2.098976,0,0,1,0
-2.062865,-1.970871,-1.547980,-2.032111,-2.090547,-0.816035,-2.151199,0,0,0,0
-4.381830,-2.575769,1.407588,-1.832178,0.545523,-1.144862,-2.302475,0,0,0,0
-4.390357,-2.569530,1.518363,-1.741426,0.457043,-1.135678,-2.301534,0,0,0,0
-4.386624,-2.574381,1.465081,-1.772801,0.514617,-1.019720,-2.300503,0,0,0,0
-4.445766,-2.711638,1.477552,-1.571188,0.723232,-1.195799,-2.303809,0,0,0,0
-4.473396,-2.791434,1.418548,-1.513787,0.880254,-1.058915,-2.305256,0,0,0,0
-4.499688,-2.862313,1.372544,-1.492890,0.926779,-1.204786,-2.307298,0,0,0,0
-4.485845,-2.834567,1.343585,-1.585633,0.824600,-1.162202,-2.306540,0,0,0,0
-4.500342,-2.879421,1.281919,-1.640202,0.777056,-1.193621,-2.306733,0,0,0,0
-4.516365,-2.918347,1.288344,-1.543120,0.936740,-1.141708,-2.307880,0,0,0,0
-4.522534,-2.936856,1.265094,-1.564969,0.904884,-1.219775,-2.308114,0,0,0,0
-4.536882,-2.981671,1.209871,-1.588110,0.917012,-1.237313,-2.308703,0,0,0,0
-4.532330,-2.964512,1.245642,-1.547123,0.954283,-1.202756,-2.308754,0,0,0,0
-4.545876,-3.003451,1.214443,-1.530286,1.013221,-1.241983,-2.309054,0,0,0,0
-4.126704,-2.844970,1.968056,0.023540,0.574471,-0.821703,-2.191726,0,0,0,0
-0.478859,-2.762692,-2.645177,0.331986,-2.295391,2.974611,-1.435976,0,0,0,1
0.283930,-0.046531,-0.527655,-0.612407,-0.923342,0.310642,-0.048125,0,0,0,0
0.081771,-0.310702,-0.447936,-0.009675,-1.371926,-0.650534,-0.508909,0,0,0,0
-1.069558,-1.991129,0.542664,-1.074497,-1.172801,-0.398243,-1.732887,0,0,0,0
-3.345219,-1.087182,0.228290,-2.537043,0.551173,-0.102928,-2.271331,0,0,0,0
-3.863253,-1.956913,0.967497,-1.940917,0.449218,-0.150258,-2.290194,0,0,0,0
-1.746699,-0.267900,-0.233397,-0.147425,1.552299,15.935982,-1.369177,0,1,0,0
0.070929,-0.541823,-0.170834,-0.533735,-1.256379,0.334756,-0.070092,0,0,0,0
0.114851,-0.373419,-0.145675,-0.188763,-1.291365,-0.347791,-0.355538,0,0,0,0
-0.282028,-0.508046,-0.530278,-0.582059,-1.264551,-0.417508,-0.534413,0,0,0,0
-4.217170,-2.023281,2.342940,-0.813535,1.705146,-1.123643,-2.283025,0,0,0,0
-4.402896,-2.884615,1.054544,-1.446064,0.950213,-1.092742,-2.302990,0,0,0,0
-1.334373,-3.409245,-3.277334,0.797303,0.506360,-0.980196,-1.796082,0,0,0,1
0.205765,-0.619714,-2.058998,0.031763,0.464257,1.222139,-0.521014,0,0,0,0
0.074790,-0.888103,-1.530231,-0.405519,-0.730338,-0.502388,-0.450058,0,0,0,0
-0.321175,-0.686500,-0.146193,-0.313603,0.248944,-0.631560,-0.785133,0,0,0,0
-2.645550,-1.005580,-0.849383,-1.097870,1.822422,-0.828040,-2.167794,0,0,0,0
-3.192500,-1.051088,0.037412,-1.415229,1.802505,2.228958,-2.275379,0,0,0,0
-4.269055,-2.505430,0.870040,-2.002848,1.061833,-0.945168,-2.300159,0,0,0,0
-4.455315,-2.762982,1.374625,-1.550236,0.974414,-0.645539,-2.302120,0,0,0,0
-4.362682,-2.947948,0.719882,-1.613987,1.409962,-0.744280,-2.298673,1,0,0,0
-0.823119,-1.536673,-1.059585,0.208523,0.036091,0.267108,-1.137986,0,0,0,0
-0.564136,-2.333289,0.210555,0.453713,-0.676189,0.936914,-1.474860,0,0,0,0
-0.463280,-2.393474,-1.600618,-0.543637,-0.897894,0.133142,-0.613951,0,0,0,0
-0.562241,-2.052680,-1.203306,-0.813823,-1.138810,-0.106932,-0.857410,0,0,1,0
-0.831562,-1.948124,-0.758302,-1.860424,-2.352215,0.513903,-0.283337,0,0,0,0
-0.873220,-2.010398,-0.755851,-1.943336,-3.049339,-0.120199,-0.579097,0,0,0,0
-0.912854,-1.518897,-1.508770,-1.260120,-1.711949,-0.071988,-1.799318,0,0,0,0
-1.428968,-1.508677,-1.843160,-1.122585,-1.919350,-0.469166,-2.015181,0,0,0,0
-3.907129,-2.216055,0.314322,-1.345666,1.341113,-1.045312,-2.285216,0,0,0,0
-2.374463,-1.785165,-2.480272,-1.300403,-0.311534,-0.070276,-2.195518,0,0,0,0
-4.094087,-2.074826,1.164884,-2.318518,-0.035519,-1.094472,-2.258585,0,0,0,0
-0.047063,-2.125349,-4.513865,-1.462356,-1.197849,2.680487,-0.655507,0,1,0,0
0.134921,-0.254118,-1.146276,-0.547742,-1.709168,0.033191,-0.416089,0,0,0,0
-0.037747,-0.462558,-0.981605,-0.229248,-1.236770,-0.180981,-0.598103,0,0,0,0
-1.179171,-0.945490,-0.581725,-1.109471,-0.904351,-0.509316,-1.789926,0,0,0,0
-2.507309,-1.561923,-1.231562,-0.921273,0.173000,-0.568361,-2.239855,0,0,0,0
-3.705938,-2.323010,0.622948,-1.011259,0.317173,-0.436587,-2.288484,0,0,0,0
-3.220940,-1.916428,0.052413,-1.156256,0.760648,0.541659,-2.269270,0,0,1,0
0.119031,-0.164233,0.028707,-0.279856,-1.897486,0.083707,0.033377,0,0,0,0
0.125270,-0.196109,0.138159,-0.416059,-1.661447,-0.503810,-0.239548,0,0,0,0
-0.403571,-1.133650,-1.648166,-0.919667,-1.535532,-0.233450,-1.538639,0,0,0,0
-1.546688,-1.000395,-1.652032,-0.866567,-1.219261,-0.186117,-2.046805,0,0,0,0
-3.393708,-3.594493,1.274632,0.935046,-0.020592,0.749289,-2.246111,0,0,0,0
-0.657252,-4.278411,-1.511260,1.624809,-1.439526,0.927528,-1.299467,0,1,0,0
0.062997,-0.339293,-0.033750,-0.424477,-0.529307,0.939491,-0.531070,0,0,0,0
-0.051682,-0.285849,-0.061490,-0.309402,-2.178710,-0.543970,-0.696011,0,0,0,0
0.054524,-0.743694,-1.900407,-0.993208,-1.093972,0.316361,-1.104570,0,0,0,0
-3.643599,-1.804414,-0.067822,-1.346424,1.992455,-1.136417,-2.260506,0,0,0,0
-2.879093,-1.485869,-0.996994,-1.838299,0.212117,-0.401437,-2.242465,0,0,0,0
-1.556007,-1.618506,-1.261087,-1.448859,-1.850904,10.140182,-2.048497,0,0,0,1
-0.890044,-1.273791,1.681603,-0.133893,-1.904782,-0.441868,-0.425660,0,0,0,0
-1.075509,-0.955043,1.351244,-1.137252,-1.892891,0.111812,-0.734936,1,0,0,0
-0.220155,-0.297693,0.252941,-1.321841,-1.996025,0.801198,0.134912,0,0,0,0
-0.109992,-0.594216,-0.657478,-1.609799,-2.766702,-0.261820,0.053247,0,0,0,0
-0.243532,-0.468479,-0.522787,-1.877522,-3.006046,-0.048623,-0.355962,0,0,0,0
-0.237597,-0.657837,-0.857126,-1.775689,-2.329285,-0.321999,-0.437955,0,0,1,0
-0.057945,-0.081275,-0.605636,-1.576707,-2.180682,0.288104,-0.188322,0,0,0,0
-0.193689,-0.470150,0.136582,-0.489731,-1.884200,-0.438487,-0.701256,0,1,0,0
0.004092,0.259595,0.690207,-0.593353,-1.842891,0.659218,-0.285993,0,0,0,0
-0.162305,-0.172063,1.100384,0.107246,-1.777160,-0.587888,-0.645588,0,0,0,0
-1.463769,-0.796417,-2.229499,-1.555893,0.134352,0.922314,-2.010990,0,0,0,0
-3.323533,-1.627820,-0.263895,-1.494552,1.341904,-0.466635,-2.272774,0,0,0,0
-3.938779,-2.171547,0.018539,-2.277047,1.285587,-0.993401,-2.288898,0,0,0,0
0.057516,-1.465075,-0.418911,-2.506483,-1.226317,21.779451,-1.479503,1,0,0,0
0.181619,-0.509283,-0.726136,-0.285030,-0.897315,0.368885,-0.180736,0,0,0,0
0.027066,-0.632562,-0.401050,-0.689184,-1.350285,-0.145162,-0.520313,0,0,0,0
-0.310781,-1.179410,-0.870434,-0.578671,-1.045595,-0.403756,-1.334202,0,0,0,0
-1.937841,-1.350993,-1.602908,-0.537750,-0.554025,-0.710815,-2.092778,0,0,0,0
-4.304055,-2.611592,1.730041,-1.064836,1.288468,-0.948306,-2.299408,0,0,0,0
-0.637855,-1.473492,-0.214031,-3.202090,-2.224779,0.293585,-1.560007,0,0,0,1
0.195668,-0.003419,-0.640009,-0.009154,-0.662695,0.431922,-0.114358,0,0,0,0
0.177244,-0.355766,-0.692859,-1.228228,-1.170945,-0.303211,-0.198675,0,0,0,0
-0.589950,-1.188555,-0.931546,-1.711458,-1.643515,-0.324901,-1.363883,0,0,0,0
-3.423195,-1.612641,0.775368,-0.680856,1.203315,-1.037285,-2.279003,0,0,0,0
-4.296064,-2.598767,1.229485,-1.741731,0.943276,-1.026786,-2.283466,0,0,0,0
-0.661396,-3.083181,-2.307854,2.003890,-1.102692,2.889939,-1.400570,1,0,0,0
0.215222,-0.217850,-1.931236,-0.712339,1.000742,1.596845,-0.284056,0,0,0,0
0.109571,-0.219138,-1.035297,-0.583686,0.233699,-0.428153,-0.476058,0,0,0,0
-0.227647,-0.536862,-1.109864,0.047324,0.261141,-0.282334,-1.461093,0,0,0,0
-2.422118,-0.661282,-1.517934,-0.367070,2.355995,-0.994551,-2.182751,0,0,0,0
-3.375279,-2.429594,-1.771899,-1.346812,1.843611,1.457505,-2.259851,0,0,0,0
-2.460676,-2.079407,-2.684673,-0.540344,1.122322,0.277260,-2.183923,0,0,0,0
-3.218812,-1.872128,-1.309236,-1.897817,1.426284,-0.264954,-2.257501,0,0,0,0
-2.287906,-0.620632,0.023566,0.070308,0.773333,7.163828,-2.108482,0,0,1,0
-0.841091,-1.372103,-1.909272,-2.174583,-1.722855,-0.060408,-0.767332,0,0,0,0
-1.053222,-1.582802,-1.059041,-1.982475,-1.533595,-0.146973,-0.952673,0,0,0,0
-0.648517,-1.900101,-1.825792,-1.610444,-1.576901,1.549612,-0.524359,0,0,0,0
-1.812761,-1.415340,-1.139480,-1.834486,-0.530157,-0.938207,-1.299677,0,1,0,0
-0.709583,-2.571046,-1.836500,-0.692738,-0.730048,0.351298,-0.537847,0,0,0,0
-0.782794,-2.239244,-1.672796,-1.437962,-1.801517,0.111011,-0.495005,0,0,0,0
-0.287465,-1.604464,-2.513619,-0.983802,-0.827769,1.224189,-1.421785,0,0,0,0
-2.745974,-1.166844,-0.217307,-0.448838,0.729358,-1.035481,-2.212002,0,0,0,0
-3.122244,-2.532587,-2.232821,-0.806339,1.539188,4.860489,-2.245906,0,0,0,0
-2.189993,-2.441095,-3.739500,-0.423421,0.127735,0.796509,-2.117490,0,0,0,0
-2.269084,-1.781733,-2.912948,-1.126609,0.411055,0.148420,-2.174729,0,0,0,0
-2.044596,-3.012853,-1.579355,-0.829357,-1.395657,1.141127,-1.914554,1,0,0,0
-0.570084,-2.040232,-1.792853,-1.723275,-2.316479,0.457283,-0.166172,0,0,0,0
-1.485095,-2.133807,-0.447081,-1.415120,-1.740961,-0.195390,-1.211963,0,0,0,0
-1.108400,-2.065067,-1.769463,-1.249694,-1.265525,-0.397275,-0.526754,0,0,0,0
-1.918385,-1.377780,-1.260006,-1.214905,-1.404448,-0.099793,-1.158427,0,0,0,1
-1.437668,-0.689087,-1.786103,-1.468624,-1.156119,0.300419,-1.067118,0,0,0,0
-1.564552,-2.554110,-1.344756,-1.112067,-0.311174,1.069851,-1.203264,0,0,1,0
-1.328815,-0.445388,-1.233174,-1.588406,-0.705442,1.592818,-1.426517,0,0,0,0
-2.598139,-1.676307,-0.936280,-2.225059,0.634364,0.165713,-1.896023,0,1,0,0
-0.570708,-1.518098,-2.686814,-0.672623,-0.034829,-0.194256,-0.390722,0,0,0,0
-0.811215,-2.034643,-2.864222,-0.796999,-0.275925,0.407612,-0.558354,1,0,0,0
-0.913139,-2.099299,-2.411891,-1.466767,-1.921902,0.403674,-0.010450,0,0,0,0
-1.918830,-1.785547,-0.318341,-1.791087,-0.118369,-0.168705,-2.099126,0,0,0,0
-1.818640,-2.369190,-0.548616,-2.060476,-0.051018,0.467647,-2.147107,0,0,0,0
-1.519634,-2.814042,-0.633029,-2.323421,-0.503184,0.261216,-2.111820,0,0,0,1
-0.336949,-2.437022,-1.488346,-1.688078,-1.499108,-0.370617,-0.006142,0,0,0,0
-0.215065,-2.544031,-1.366195,-2.045123,-1.303000,-0.075837,-0.181463,0,0,0,0
-0.272916,-2.584537,-1.552706,-3.054793,-1.820576,-0.024307,0.031273,0,0,0,0
-0.320663,-2.246859,-1.335875,-2.508853,-1.809621,-0.290119,0.033728,0,0,0,0
-0.037777,-1.725312,-1.072903,-2.531988,-2.381003,-0.142257,-0.004250,0,0,0,0
0.164085,-1.476016,-1.636193,-2.634880,-1.133032,0.938795,-0.867395,0,1,0,0
0.648123,-1.630046,-2.610336,-2.914752,-0.930751,1.004633,0.767095,0,0,0,0
0.371621,-1.981763,-2.419001,-2.469887,-1.403521,0.027615,-0.313213,0,0,0,0
0.359985,-1.948105,-2.412997,-2.263296,-1.429680,0.039380,-0.209447,0,0,0,0
0.428801,-1.340515,-1.783892,-2.381927,-1.322466,0.231462,-0.376383,0,0,0,0
0.689303,-0.285923,-1.375256,-1.924724,-1.892637,-0.044534,-0.060292,0,0,0,0
0.588681,-0.613006,-1.640427,-1.542984,-0.793609,-0.060609,0.008937,0,0,0,0
0.665565,-1.085084,-1.901324,-1.573985,-0.299189,0.206433,0.102276,0,0,0,0
0.862422,-0.981041,-0.973698,-0.936292,-1.643383,-0.057684,0.144314,0,0,0,0
0.949717,-0.246104,0.109332,-1.643653,-1.000784,0.172918,0.392425,0,0,0,0
0.711241,0.046427,-0.331883,-0.997936,-1.721073,-0.144967,0.235619,0,0,0,0
0.715483,-0.041187,-0.862900,-1.638212,-1.763599,-0.124951,0.304370,0,0,0,0
0.596683,-0.159853,-0.857569,-1.370563,-1.451650,-0.006269,0.132950,0,0,0,0
0.637186,-0.311925,-0.466046,-1.590502,-1.399443,0.103969,0.196615,0,0,0,0
0.682921,0.159233,-0.532160,-1.644807,-1.601422,0.017380,0.589744,0,0,0,0
0.598582,0.303462,-0.165778,-0.974112,-1.852620,0.161337,0.224709,0,0,0,0
0.531596,0.359958,-0.374395,-1.591591,-1.939228,-0.340698,0.754147,0,0,0,0
0.638243,0.213376,-0.813076,-1.402912,-1.550743,0.044739,0.258427,0,0,0,0
0.601213,0.527551,-0.225590,-1.532740,-1.635050,-0.088486,0.570636,0,0,0,0
0.534376,0.335504,-0.406618,-0.633279,-1.388191,-0.199745,0.266719,0,0,0,0
0.525251,0.383668,-0.708361,-1.169517,-1.623512,-0.343190,0.503260,0,0,0,0
0.580946,0.435145,-0.551361,-0.499532,-1.457020,-0.344158,0.315216,0,0,0,0
0.556437,0.178301,-0.650746,-1.266952,-1.428595,-0.176389,0.197360,0,0,0,0
0.565819,0.169245,-0.789452,-0.692774,-1.285099,0.663699,0.390984,0,0,0,0
0.550202,0.058052,-0.827129,-1.037099,-1.471651,-0.231417,0.286595,0,0,0,0
0.668353,0.017597,-0.849206,-0.732935,-1.257421,-0.038801,0.231124,0,0,0,0
0.659127,-0.219596,-0.929556,-1.219948,-1.329833,-0.105342,0.065365,0,0,0,0
0.679162,0.243388,-0.912255,-0.564848,-1.085493,-0.216643,0.253464,0,0,0,0
0.616851,0.162628,-0.754270,-0.699311,-0.981185,0.070665,0.613757,0,0,0,0
0.755591,0.399435,-1.995790,-0.350182,-0.544645,-0.456396,0.307557,0,0,0,0
0.578773,0.220134,-1.248686,-0.528455,-1.241971,-0.367138,0.331894,0,0,0,0
0.695746,0.327105,-1.897951,0.116663,-0.527181,-0.172896,0.342835,0,0,0,0
0.716024,-0.141258,-1.767624,0.768883,-1.392351,0.137580,0.343745,0,0,0,0
0.865702,0.235383,-0.442288,-0.441003,-0.743431,-0.239146,0.519126,0,0,0,0
0.784626,0.168479,-0.471948,-0.853243,-0.774045,0.110912,0.548758,0,0,0,0
0.823653,0.250952,-1.123477,1.240368,-1.079335,-0.255270,0.520103,0,0,0,0
0.896703,0.257048,-1.413296,0.788594,-1.061511,0.476363,0.298879,0,0,1,0
0.807355,0.314746,-0.785595,0.195509,-1.367405,-0.103759,0.374637,0,0,0,0
0.910301,0.330429,-0.958211,0.412890,-0.676153,-0.408989,0.010624,0,0,0,0
0.794090,0.460602,-1.611333,0.072379,-1.304413,-0.641478,0.513823,0,0,0,0
0.969882,0.518180,-1.880023,-0.031834,-1.362163,0.068300,0.293919,1,1,0,0
1.174723,-0.662186,0.359883,-1.430928,0.519620,0.158259,0.818973,0,0,0,0
1.115066,-0.931648,-0.328382,-0.774267,0.551264,0.293306,0.353384,0,0,0,0
0.914634,-0.907965,-0.634695,-1.316979,-0.179012,-0.365421,-0.354824,0,0,0,0
1.053203,-0.705177,-1.021808,-1.603040,-0.980597,0.391838,0.026288,0,0,0,1
1.132736,0.100188,-0.495413,-0.594718,-0.022212,-0.084819,0.866420,0,0,0,0
0.551823,0.092333,-0.155366,-0.410340,0.750448,0.089087,1.446901,1,0,0,0
0.763923,-0.137171,-0.924452,0.327722,0.209262,0.141831,0.578882,0,0,0,0
0.908524,-0.264892,-0.947953,-0.919002,-1.218923,0.409188,0.313035,0,0,0,0
0.919952,-0.021333,-0.968306,-0.546699,-1.105592,-0.088507,0.006619,0,0,0,0
0.643021,0.092182,-1.171033,-0.657769,-0.036975,-0.343457,-0.236729,0,0,0,0
1.010642,-0.961630,0.951429,-0.195017,0.118262,0.118112,0.634398,0,0,0,0
0.763364,-0.879612,0.913743,0.617159,0.114274,0.147375,1.777440,0,1,0,0
0.941620,0.162711,-0.589785,0.613907,0.427089,-0.330348,0.567520,0,0,0,0
0.526473,0.425813,-1.142950,-0.791753,0.534907,-0.293812,-0.769053,0,0,1,0
0.929534,0.384755,-1.085577,0.276878,0.208518,0.201882,0.422491,0,0,0,0
0.894261,0.318676,-0.719758,0.098413,-0.499631,-0.169151,0.662624,0,0,0,0
0.876905,0.645238,-1.386627,-0.031350,-0.227266,-0.486085,0.791880,0,0,0,0
0.690820,0.945609,-0.679900,0.171706,-0.290827,-0.288046,1.100626,0,1,0,0
0.749820,0.706128,-1.013502,-0.421208,-0.456631,0.194944,0.404516,0,0,0,0
0.597114,0.503653,-0.934432,-0.416421,0.041007,-0.353225,0.017737,1,0,0,0
0.952190,0.350965,-0.372231,0.894967,-0.034601,-0.042780,0.994119,0,0,0,0
0.520530,1.007098,-0.005304,0.771913,1.211721,-0.121423,1.189455,0,0,0,1
0.627919,0.415063,-1.234471,-0.010237,0.259649,-0.587006,0.005694,0,0,0,0
0.289985,0.442496,-1.607109,-0.302771,-0.370773,-0.514501,-0.567322,0,1,0,0
0.704666,0.458866,-1.612171,-1.193418,-2.148817,-0.020670,0.505405,0,0,0,0
0.717974,0.141524,-1.339051,-0.536590,-1.672666,-0.283825,0.410926,0,0,0,0
0.618624,0.906446,-0.569520,0.068600,-0.437567,-0.437756,0.941264,0,0,0,0
0.340386,0.903027,0.633786,0.273434,-0.025371,-0.051135,2.295723,0,0,1,0
0.939755,0.431511,-0.386849,0.561094,-0.297904,-0.268008,0.928435,0,0,0,0
0.609303,0.269002,-1.298874,-0.530074,-1.528936,-0.191131,0.558906,0,0,0,0
0.750162,0.691296,-0.641133,0.055165,-1.086505,0.209626,0.778082,0,0,0,0
0.812787,0.691028,-0.317417,0.241901,-1.358613,-0.266386,0.694869,1,1,0,0
0.799167,0.506682,-0.766370,0.044317,-0.887873,-0.119737,1.164896,0,0,0,0
0.664573,0.712671,-0.812798,-0.224023,-0.368641,-0.182813,1.304392,0,0,0,0
0.616740,0.381415,-1.046856,-0.429948,-0.913734,-0.083239,0.041536,0,0,0,0
0.619064,0.146348,-1.122133,-0.951565,-1.426504,0.155688,0.235524,0,0,0,0
0.937292,0.266356,-0.422170,0.779412,-0.700085,-0.193804,0.605461,0,0,0,0
0.679398,0.937828,-0.244865,-0.056701,-0.724981,-0.423114,0.718353,0,0,0,1
0.552714,0.649538,-0.324606,0.035143,-0.646475,-0.422510,0.256569,0,0,0,0
0.581727,0.408618,-0.976949,-0.910749,-1.556044,-0.085885,0.583384,0,0,0,0
0.629384,0.281262,-0.943036,-0.571104,-1.433862,-0.346986,0.068876,0,0,0,0
0.560116,0.193453,-1.454063,-0.810476,-1.388255,-0.176228,0.061702,0,0,0,0
0.498123,0.589485,0.006303,0.778597,-0.200617,-0.508293,1.041707,0,0,0,0
0.591898,0.584061,0.819283,0.438385,0.434263,0.173926,1.753403,0,0,1,0
0.880527,0.295036,-0.270855,0.915279,-0.061825,-0.394886,0.668142,0,0,0,0
0.595718,0.356341,-0.920741,-0.442251,-1.153897,-0.334274,-0.194449,0,0,0,0
0.648613,0.724863,-0.114078,0.254213,-0.434266,-0.130875,0.306640,0,0,0,0
0.615342,0.741436,-0.174921,0.206825,-0.686897,-0.407171,0.491994,0,0,0,0
0.595646,0.646361,-0.264842,0.401617,-0.336032,-0.492853,0.873450,0,0,0,0
0.598247,0.616147,-0.041047,-0.305722,-1.039277,0.264992,0.867200,0,1,0,0
0.627003,0.636002,-0.473069,-0.181023,-0.618159,-0.103561,0.045016,0,0,0,0
0.460720,0.339258,-0.959724,-0.857954,-1.199529,-0.181458,0.312100,0,0,0,0
1.032225,0.114423,-0.531120,0.791162,0.096725,-0.304365,0.693981,0,0,0,0
0.533455,0.788464,0.061417,0.606519,0.162545,-0.448276,0.414820,0,0,0,0
0.484566,1.023399,-0.107254,-0.157804,-0.169485,-0.518801,1.095230,0,0,0,0
0.447066,0.606689,-0.189028,-0.370885,-0.220860,-0.248811,0.712549,1,0,0,0
0.556771,0.624669,-0.924720,-1.042906,-1.400796,-0.698085,0.183653,0,0,0,0
0.573230,0.611159,-0.817308,-1.214755,-1.421916,-0.096214,0.167899,0,0,0,0
0.568758,0.977643,0.246409,-0.003513,-0.873940,-0.200893,0.943816,0,0,0,0
0.715535,0.698873,0.503498,-0.026108,0.352260,-0.157800,1.073855,0,0,1,0
1.000897,0.356037,-0.654369,0.301737,-0.522396,-0.249121,0.464617,0,0,0,0
0.509569,0.255519,-0.953849,-0.977032,-1.338594,-0.371541,0.239654,0,0,0,0
0.750941,0.756695,-0.301209,-0.284543,-0.727659,-0.476907,0.231844,0,0,0,0
0.559117,0.662470,-0.332967,-0.483120,-0.790169,0.247169,-0.281252,0,1,0,1
0.565191,0.515995,-1.079610,0.370403,0.131284,-0.353025,0.834777,0,0,0,0
0.318842,1.189050,-1.196522,0.516481,-0.003181,-0.126592,0.604480,0,0,0,0
0.460005,0.522974,-0.219319,-0.056247,-0.218626,-0.556899,-0.556174,0,0,0,0
0.792204,-0.901214,-0.313627,-0.635911,-1.386504,0.853257,-0.471425,0,0,1,0
1.052058,-0.047772,-0.932170,1.193771,0.298662,0.220595,0.601030,0,0,0,0
0.811548,-0.578980,0.144958,0.284161,-0.119120,0.395744,0.201499,1,0,0,0
0.600891,0.646288,-0.973283,1.220888,0.424626,-0.112387,1.177051,0,0,0,0
0.638799,0.298956,-0.671083,0.968992,0.440757,-0.019314,0.809451,0,0,0,0
0.657128,0.228494,-1.501566,-0.149150,-0.825881,-0.279943,0.283783,0,0,0,0
0.244105,0.932500,-1.702915,-0.908215,0.371808,-0.250878,-0.370343,0,1,0,0
0.525354,0.420397,-0.383639,0.959708,0.525181,-0.611624,1.015684,0,0,0,0
0.705878,-0.971310,0.542823,1.125742,-0.372100,1.001556,1.059906,0,0,0,1
0.970172,0.042797,-0.909797,0.817908,0.436748,0.544151,0.552943,0,0,0,0
0.082193,0.709129,-1.308272,-0.562807,0.059356,-0.069847,-1.053517,0,0,0,0
0.632234,0.526118,-0.665355,-0.547888,-0.103814,0.115131,0.153925,0,0,0,0
0.563023,0.924936,-1.218288,-0.357412,0.524027,0.175132,0.516517,1,0,1,0
0.974133,0.086563,-0.108366,1.238807,0.767538,0.066261,0.308402,0,0,0,0
0.873586,-1.100854,0.110839,0.551282,-0.798762,-0.360574,-0.251769,0,0,0,0
0.481523,0.819335,-0.741146,0.581509,0.634343,-0.284123,1.051642,0,0,0,0
0.483794,0.761923,-0.776824,0.152780,0.209227,-0.021053,1.004721,0,1,0,1
0.821344,0.287951,-0.795224,0.408687,0.186952,0.186261,0.780235,0,0,0,0
0.417651,0.789300,-0.862065,0.063630,0.331268,-0.402646,0.858517,0,0,0,0
0.374945,0.942258,-0.957426,0.433720,0.520686,-0.784195,1.465431,0,0,0,0
0.409513,0.439318,-1.051428,1.654893,0.792168,0.040957,0.764735,0,0,1,0
1.017929,0.265708,-0.553464,0.090841,0.303440,-0.102652,0.926387,0,0,0,0
0.788579,0.552878,-0.135213,-0.449932,0.236807,-0.147644,0.571524,1,0,0,0
0.734762,0.823245,-0.965506,0.596543,-0.417223,-0.470894,1.087274,0,0,0,0
0.705618,0.883053,-0.951768,0.381998,-0.463218,0.198868,0.819408,0,0,0,1
0.926097,0.224332,-0.623358,0.431914,0.264803,-0.041991,0.788763,0,0,0,0
0.687335,0.796559,-0.583804,0.237163,-0.245753,-0.327763,1.065210,0,1,0,0
0.625818,0.915707,-0.789540,0.319079,-0.082717,-0.623317,0.828781,0,0,0,0
0.554257,0.807313,-0.432183,0.882675,-0.199337,-0.146939,0.510808,0,0,1,1
0.905798,-0.632055,0.779683,-0.471779,1.363320,-0.166537,0.802823,0,0,0,0
0.755532,-0.489243,0.640349,0.026769,1.537246,-0.223305,1.229725,0,0,0,0
0.821243,-0.518419,0.272016,-0.792658,0.212965,0.016168,0.080371,0,0,0,0
0.955821,-0.932353,-0.006405,-0.723048,0.194561,0.176250,-0.518950,1,0,0,0
0.984752,-0.067861,-0.145297,0.287832,0.598147,-0.315254,0.656267,0,0,0,0
0.805518,0.180518,0.035030,-0.362043,0.473641,0.228631,1.268948,0,0,0,1
0.879150,0.025888,-0.320019,0.108323,0.045849,0.582079,0.555713,0,0,0,0
0.794522,-0.347522,-0.924595,-0.126274,-0.394840,0.311980,-0.293250,0,0,0,0
0.601839,-0.008927,-1.081837,-0.906623,0.300648,-0.080522,-0.394171,0,0,0,0
0.589932,0.077077,-0.729253,-0.340248,0.452366,-0.176454,-0.483588,0,0,0,1
0.800141,0.077204,-0.388406,-0.046361,0.306754,-0.485910,0.979551,0,0,0,0
0.595422,0.076956,0.340967,0.535535,0.251693,0.389765,1.061081,0,0,0,0
0.730011,-0.192365,-0.833141,0.784685,0.557561,-0.402269,0.160116,0,0,0,0
0.436585,0.261069,-0.991992,-0.240949,0.293094,-0.234290,-0.458460,0,0,0,1
0.701082,0.242093,-0.279233,0.134239,-0.163204,0.058751,0.819809,0,0,0,0
0.734277,0.134482,-0.036196,0.309834,0.516387,-0.211328,0.535052,0,0,0,0
0.265114,0.586394,-0.566852,0.172176,1.066211,-0.425783,1.106673,0,0,0,0
0.281609,0.858859,-0.419152,0.073311,1.022123,-0.160370,0.894901,0,0,0,1
0.756044,0.319205,-0.423880,0.128154,-0.160860,-0.066692,0.305720,0,0,0,0
0.644877,-0.167847,-0.384121,-0.383653,-0.583385,0.230504,0.553013,0,0,0,0
0.940357,-0.090682,0.003645,1.368768,0.537436,-0.639270,0.434248,0,0,0,0
0.256293,0.702438,-0.389872,0.596272,0.881443,-0.445900,1.110010,0,1,0,0
0.733374,0.260808,-0.140857,0.044391,-0.144191,-0.647549,1.195207,0,0,0,0
0.683519,0.141423,-0.022396,0.597258,-0.128536,-0.309301,0.662818,0,0,0,0
0.816152,0.265170,-0.548292,-0.542753,-0.561602,-0.501701,0.281391,0,0,0,0
0.863708,0.090969,-0.981394,-1.192261,-1.027361,0.015721,0.417347,0,0,0,1
0.804852,0.635658,-0.114954,-0.442174,-0.554803,-0.253998,1.385288,0,0,0,0
0.750399,0.672617,0.084047,-0.370877,-0.710193,-0.129306,1.292555,0,0,1,0
1.016264,0.438483,-0.347920,0.404242,-0.500211,0.159845,0.826925,0,0,0,0
0.814067,0.643570,-0.540285,-0.515841,-0.957627,-0.201852,0.467541,1,0,0,0
0.820822,0.640213,0.034712,-0.029441,-0.293259,0.143512,0.526658,0,0,0,0
0.687994,0.670324,-0.288832,0.369982,0.164694,-0.175051,0.223886,0,1,0,0
0.748086,0.429630,-0.377858,0.494508,-0.260128,-0.459008,0.682975,0,0,0,0
0.512808,0.390619,-0.024675,0.679893,0.626443,-0.108524,1.360609,0,0,0,0
0.612182,0.908197,-0.241048,-0.142534,-0.005910,-0.134538,0.447767,0,0,0,0
0.842810,-0.166456,-0.588227,-0.581349,-0.716423,0.463881,0.002215,0,0,0,1
1.075329,0.206419,-0.340822,0.309549,0.385954,-0.115825,1.093825,0,0,0,0
0.931738,0.590013,0.039700,-0.425694,-0.092392,0.038051,0.705281,1,0,0,0
0.923139,0.362500,-0.437705,-0.082357,-0.311862,0.250548,0.613162,0,0,0,0
0.640328,0.112459,-0.955196,-0.225084,-1.375620,0.486047,0.527022,0,0,0,0
0.325957,0.696987,-1.314142,-0.318553,-0.347229,-0.495947,-0.401705,0,0,0,0
0.212538,0.794831,-1.387271,-0.416695,-0.108219,-0.469864,-0.472916,1,0,0,0
0.719883,0.278873,-0.140712,0.435902,0.012612,-0.032726,1.099870,0,0,0,0
0.413795,0.094459,0.127428,0.521568,0.295720,0.152071,1.859346,0,0,0,0
0.623545,0.014961,-0.370553,1.409793,0.812240,-0.733641,0.175109,0,0,0,0
0.174757,0.615502,-1.109443,-0.483420,-0.383384,-0.269861,-0.712202,1,0,0,0
0.667282,0.279813,-0.105907,0.574596,0.200693,0.045520,0.857798,0,0,0,0
0.669789,0.177134,0.306122,0.742159,0.264328,-0.459741,0.577952,0,0,0,0
0.095365,1.219389,-0.079216,0.852534,0.880638,-0.468347,1.182316,0,0,0,0
-0.070738,0.917987,-0.064773,1.318764,1.744400,-0.585786,1.081946,1,0,0,0
0.618379,-0.085304,-0.281293,0.083208,-0.432936,-0.184251,0.411883,0,0,0,0
0.524361,-0.474524,-0.539716,-0.180115,-0.381331,-0.054971,0.307188,0,0,0,0
0.790257,0.067926,-0.229575,1.344888,0.497829,-0.043461,0.248714,0,0,0,0
0.187944,0.696534,-0.404592,0.838447,1.711010,-0.565467,0.053543,0,0,1,0
0.593095,0.005799,0.089667,0.662766,0.377493,-0.408039,1.119756,0,0,0,0
0.567733,-0.121137,-0.368006,0.268531,0.189401,-0.461659,0.736767,0,0,0,0
0.732551,-0.164558,-1.217380,-0.592781,-0.868635,0.009645,0.240781,0,0,0,0
0.948130,0.082318,-0.845643,-1.059440,-1.330786,0.295680,0.715947,1,0,0,0
0.858139,0.562927,-0.226931,-0.431474,-0.596830,-0.135246,1.325338,0,0,0,0
0.848131,0.595303,0.126269,-0.789732,-0.393111,-0.162819,2.073014,0,1,0,0
0.933799,0.472276,-0.196459,0.544377,0.114249,-0.300990,0.735826,0,0,0,0
0.715861,0.528855,-0.978192,-1.120550,-0.875940,-0.194916,0.450993,0,0,1,0
0.591518,0.835527,-0.032473,0.017498,0.043456,-0.121878,0.190460,0,0,0,0
0.375852,1.157147,-0.970903,-0.356662,0.275496,-0.145343,0.125829,0,0,0,1
0.775260,0.517874,-0.580582,0.467161,-0.203858,-0.088009,1.018874,0,0,0,0
0.811910,0.718350,-0.416100,0.419399,0.000380,-0.381448,0.680536,0,0,0,0
0.683403,0.506000,-1.403902,-0.297899,-0.222422,-0.214855,-0.088093,0,0,0,0
0.963218,-0.269500,-0.411431,-0.521496,-0.601544,0.028576,0.069690,0,0,1,0
1.073510,0.195177,-0.503521,-0.227211,0.260662,-0.075132,0.720244,0,0,0,0
0.897509,0.445953,0.048339,0.048112,0.152714,0.088668,0.861213,0,1,0,0
0.922286,0.223170,-0.631227,-0.066545,-0.350232,-0.038991,0.554222,0,0,0,0
0.783988,-0.011642,-0.922169,-0.466672,-1.209430,-0.053347,0.472492,0,0,0,0
0.561145,0.241578,-1.440556,-0.365230,-0.465300,-0.326141,-0.069521,0,0,0,0
0.479663,0.329338,-1.525476,-1.159381,-0.393717,-0.098586,0.117242,0,1,0,0
0.782829,0.298030,-0.545366,-0.096495,-0.376584,-0.219244,0.963114,0,0,0,0
0.770410,0.479645,0.143556,0.235567,0.128543,0.306772,1.785232,0,0,0,0
0.755152,-0.058711,-0.989286,0.525129,0.389049,-0.172513,0.499001,0,0,0,0
0.435431,0.443831,-1.254267,-0.412036,-0.349026,-0.303435,0.074333,0,1,0,0
0.850057,0.393383,-0.416131,-0.112183,-0.297702,0.255032,0.702931,0,0,0,0
0.790289,0.169069,-0.324740,-0.283376,0.174313,-0.105510,0.460833,0,0,0,0
0.367681,0.933318,-0.675170,-0.228908,0.800928,-0.709318,1.001688,0,0,0,0
0.373115,0.887617,-0.713999,0.065123,0.505081,-0.493365,0.800033,0,1,0,0
0.788395,0.088841,-0.463614,-0.487717,-0.612459,0.200300,0.283570,0,0,0,0
0.772436,-0.110705,-0.453964,-0.819034,-0.934464,-0.216498,0.465313,0,0,0,0
0.855060,-0.092469,-0.449571,0.846072,0.536031,-0.432891,0.724521,0,0,0,0
0.585370,0.671064,-0.130576,0.446847,0.884638,-0.310953,0.488551,1,0,0,0
0.722876,0.395205,0.039936,0.164027,0.093916,-0.511207,1.313366,0,0,0,0
0.606997,0.136613,-0.339454,-0.163867,-0.489759,-0.440943,0.822357,0,0,0,0
0.822272,0.288751,-0.761442,-0.658049,-0.696496,-0.473241,0.523638,0,0,0,0
0.845519,0.119814,-0.713916,-1.129201,-0.680919,-0.004276,0.633442,0,0,0,1
0.733901,0.334538,-0.452299,-0.447839,-0.223183,-0.319655,1.059473,0,0,0,0
0.806872,0.523683,0.149059,-0.250779,0.153132,0.248085,1.259868,0,0,1,0
0.934099,0.217769,-0.745074,-0.009615,-0.466055,-0.075847,0.639040,0,0,0,0
0.736685,0.070941,-1.250128,-1.157404,-0.995121,-0.158280,0.261821,0,0,0,0
0.795317,0.740906,-0.430733,-0.294232,-0.229389,-0.266476,0.424312,0,0,0,0
0.841881,0.518546,-0.851577,-0.729815,-0.079635,-0.458993,0.051514,1,0,0,1
0.722220,0.539729,-1.005701,0.080681,0.042397,0.055038,1.206278,0,0,0,0
0.520478,0.862991,-0.721402,-0.205418,-0.208718,0.224896,1.470903,0,0,0,0
0.612050,0.850537,-0.519328,-0.093322,0.039651,-0.007513,0.410097,0,0,0,0
0.580847,0.640105,-0.961564,-0.614228,-0.255854,0.209685,0.379978,0,0,0,0
0.855216,0.103500,-0.712347,0.441428,0.077896,-0.196727,0.671927,0,0,0,0
0.735466,0.213770,-1.018006,0.036607,0.392241,-0.028506,0.399953,0,0,0,1
0.479193,0.784548,-0.707429,-0.513697,-0.391141,0.091670,1.257622,0,0,0,0
0.520635,0.481366,-1.201128,-1.030908,-0.184340,0.410693,0.919961,0,0,0,0
0.593052,0.465289,-1.115385,-1.425892,-1.189941,0.084877,0.168913,0,0,0,0
0.556244,0.219591,-0.899809,-0.959176,-0.493316,0.190109,0.329362,0,0,0,0
0.520369,0.542307,-0.207977,0.334394,-0.526785,-0.205170,0.990598,0,0,0,0
0.516212,0.475630,-0.690382,0.251475,0.724619,-0.442793,1.246147,0,1,0,0
0.769736,-0.262012,-0.923519,0.658207,1.199761,0.076590,0.543635,0,0,0,0
0.636914,0.422492,-1.365672,-0.912386,0.777573,-0.412370,-0.420154,0,0,1,0
0.446683,0.348226,-0.540828,0.429979,1.494923,-0.098962,0.112087,0,0,0,0
0.775748,-0.693341,-0.201149,1.418501,0.558067,-0.039011,0.276871,1,1,0,0
0.663035,0.611174,-0.087332,0.937779,1.220438,-0.221876,1.028069,0,0,0,0
0.566477,0.498727,0.379032,0.300426,1.194782,-0.378203,0.533488,0,0,0,0
0.679710,0.735412,-0.204436,-0.794439,0.479660,-0.447274,0.435812,0,0,0,0
0.456664,0.628250,0.096039,-0.398512,1.195438,-0.047269,0.362380,0,0,0,0
0.608908,0.363000,0.370432,-0.234460,0.859206,-0.537911,0.472969,0,0,0,0
0.442080,0.305638,0.671874,-0.172803,1.662217,0.570455,-0.151472,0,0,1,0
0.442434,0.019099,0.137958,0.394724,1.284970,-0.330582,0.534286,0,0,0,0
0.418196,-0.059688,0.296550,0.744572,2.318524,-0.187568,0.320943,0,0,0,0
0.642927,0.269617,0.655325,0.158867,1.494931,-0.504746,0.090624,0,0,0,0
0.385787,-0.396926,1.019860,0.402040,1.373689,-0.342861,-0.009084,0,0,0,0
0.597682,-1.452126,1.227361,0.718409,0.525908,-0.415779,-0.030225,0,0,0,0
0.973773,-1.271054,1.230813,-0.092435,0.869534,0.288021,0.147917,0,1,0,0
