mfcc0,mfcc1,mfcc2,mfcc3,mfcc4,onset,rms,lane0,lane1,lane2,lane3
-11.703388,-4.219853,1.296294,-3.452297,1.738353,-1.375446,-3.723719,0,0,0,1
0.321022,0.522969,-0.164945,-0.910048,1.774004,3.961748,-0.033481,0,0,0,0
-0.852616,0.745429,0.919329,-0.334452,0.914653,-0.731092,-0.300241,0,0,0,0
0.988401,-0.545395,-0.928227,-1.055385,-0.585099,0.701303,0.242772,0,0,0,0
-0.070317,0.416743,0.471758,-0.754142,0.602680,-0.960145,-0.065894,0,0,1,0
0.687336,0.062430,0.269342,-1.036720,-0.208769,0.775371,-0.221476,0,0,0,0
-0.783177,-0.167668,0.551003,-1.051801,0.343170,-1.007655,-0.296843,0,0,0,0
0.909303,-0.563621,-1.134009,-1.379609,0.192979,0.225120,-0.069550,0,0,0,0
-0.328018,0.012441,0.891594,0.124642,0.379027,-0.786901,-0.089769,0,1,0,0
0.339174,0.416223,0.237942,-2.405529,-0.333188,0.727454,-0.269542,0,0,0,0
-0.311656,0.473477,0.116503,-2.128021,0.090601,-0.517469,-0.488256,0,0,0,0
0.928698,-0.656152,-1.394867,-1.117178,-0.350027,0.829106,0.309027,0,0,0,0
-0.292266,0.190713,0.292716,-1.371746,-0.095894,-0.861540,-0.374014,0,0,0,0
0.258823,-0.721704,-0.403760,-0.963399,1.437509,-0.490752,-0.490380,0,0,0,0
-0.285293,-0.018077,-0.572992,-1.386785,2.193907,-0.321484,-0.381298,0,0,0,0
0.998748,-0.907411,-1.166196,-1.062927,-0.008683,0.725638,0.457251,0,0,0,0
-0.090067,-0.094528,0.293171,-0.522761,0.334801,-0.644862,-0.498072,0,1,0,0
0.532699,0.396833,0.099979,-0.517696,0.713038,0.335508,-0.393951,0,0,0,0
-0.695524,0.401410,0.896178,-0.468636,1.183675,-1.006855,-0.444854,0,0,0,0
0.882740,-0.746886,-0.899145,-0.830735,0.025629,0.958797,-0.099055,0,0,0,0
-0.141873,-0.132118,0.859652,0.000482,0.226288,-0.851646,-0.114028,1,0,0,0
0.234054,-0.912696,0.589426,-0.334439,0.777336,-0.590757,-0.633254,0,0,0,0
-0.256440,0.416406,0.526079,-2.097936,-0.486279,-0.721120,-0.131761,0,0,0,0
0.878158,-0.193028,-1.087053,-1.158881,-0.364976,0.374359,0.284179,0,0,0,0
-0.438300,0.379045,0.866532,-0.783228,0.044247,-1.062194,-0.410484,0,0,1,0
0.288260,0.394569,0.223817,-1.872997,-0.446040,0.317772,-0.194043,0,0,0,0
-0.430245,0.191416,-0.433397,-1.286723,2.401540,-0.763496,-0.538446,0,0,0,0
0.914928,-0.310168,-0.950042,-0.790879,-0.201836,0.599748,-0.369161,0,0,0,0
-0.403584,-0.156196,0.703377,-0.323601,-0.404525,-0.892441,-1.043374,0,0,0,0
0.281627,-0.818652,-0.315496,-1.412747,1.169410,0.818611,-0.294575,0,0,0,0
-0.467597,-0.142907,0.058039,-1.147896,1.051676,-0.559823,-0.203153,0,0,0,0
0.858966,-0.498250,-0.945375,-0.812502,-0.029592,0.435767,0.126942,0,0,0,0
-0.215973,0.096468,0.696269,-0.219430,0.047601,-0.917335,-0.127775,0,0,1,0
0.325984,0.448560,-0.268653,-1.480827,1.260664,-0.064797,-0.118190,0,0,0,0
-0.827561,0.953107,0.628572,-1.080076,1.228163,-0.745632,-0.401068,0,0,0,0
0.975982,-0.423665,-1.025302,-1.242222,-0.641276,0.432409,-0.244939,0,0,0,0
-0.035102,0.550235,0.341139,-1.144873,0.164966,-1.044600,-0.325493,0,1,0,0
0.784548,0.034512,-0.408256,-1.739014,0.846012,0.315671,-0.079948,0,0,0,0
-0.318447,0.419125,-0.650233,-1.410191,1.934549,-0.640135,-0.687688,0,0,0,0
0.824080,-0.449423,-1.213540,-1.067077,0.134165,0.094250,0.229328,0,0,0,0
-0.189643,-0.037983,0.627540,-0.230524,0.477067,-0.697740,-0.495052,1,0,0,0
0.251901,-0.309948,0.130294,-1.848505,0.771721,-0.364993,-0.335071,0,0,0,0
-0.077004,0.617925,-0.563678,-2.521057,1.058886,-0.539427,-0.363393,0,0,0,0
0.865296,-0.729638,-1.353655,-1.338078,0.236197,0.753097,0.231859,0,0,0,0
-0.097420,0.221371,-0.244770,-1.851602,0.808906,-0.893240,-0.564258,0,0,0,0
0.219572,-0.836132,-0.597664,-1.119842,1.660045,-0.058557,-0.449101,0,0,0,0
-0.441549,0.004449,-0.238126,-1.146445,1.998671,-0.422337,-0.248104,0,0,0,0
0.982171,-1.255235,-1.236535,-0.924329,-0.101409,0.736845,-0.184348,0,0,0,0
0.109770,-0.485479,0.123232,-0.215440,0.684330,-0.558922,-0.835933,1,0,0,0
0.662479,0.057720,0.112452,-0.919793,-0.095479,0.165962,-0.216769,0,0,0,0
-0.446234,0.004512,0.108278,-0.515363,0.363914,-0.634003,-0.574346,0,0,0,0
0.765667,-0.714661,-0.942509,-1.098635,0.091224,-0.063644,0.466125,0,0,0,0
-0.056658,-0.433534,0.302153,0.045128,0.596907,-0.822233,-1.094385,0,1,0,0
0.125571,-0.469451,-0.173372,-1.615216,1.386847,-0.240728,-0.287814,0,0,0,0
-0.313333,0.204398,-0.360435,-2.178722,1.192993,-0.406050,-0.606992,0,0,0,0
0.785327,-0.098311,-1.361373,-0.961430,0.929471,0.286488,0.532126,0,0,0,0
-0.515421,0.015516,0.738093,-0.239980,0.821286,-0.911310,-0.644945,0,0,1,1
0.802457,0.447162,-0.187406,-1.873435,-0.204114,0.236087,-0.315000,0,0,0,0
0.073010,0.155329,-0.878853,-1.761018,0.805539,-1.104233,-0.744327,0,0,0,0
1.140720,-0.182032,-1.128040,-1.403817,-1.005421,0.265674,0.078333,0,0,0,0
0.048565,0.649419,0.196589,-1.631880,-0.901028,-1.032185,-0.744240,0,0,0,0
0.540789,0.121827,-0.534678,-1.419223,0.293543,0.132591,-0.583507,0,0,0,0
0.049593,1.232972,0.148825,-1.719177,0.744969,-0.570137,-0.676016,0,0,0,0
1.100556,-0.073102,-1.058171,-1.037552,-0.591613,0.822795,0.108430,0,0,0,0
0.582795,-0.217148,-0.154766,-1.002647,-0.566404,-0.950607,-0.906544,1,0,0,0
0.403793,0.319654,-0.214580,-0.914261,2.000864,-0.287014,-0.294522,0,0,0,0
-0.737707,1.211666,0.623514,-1.349426,0.785884,-0.939224,-0.591598,0,0,0,0
0.903929,-0.507770,-0.877838,-0.930604,1.091724,0.259152,-0.049805,0,0,0,0
-0.488568,0.049987,1.091281,-0.747512,0.265171,-1.130343,-0.603692,0,1,0,0
0.397777,0.199304,0.019453,-1.301593,0.302106,-0.133503,-0.175808,0,0,0,0
-0.611046,0.642537,0.535555,-1.098726,0.556193,-0.854886,-0.593619,0,0,0,0
1.110549,-0.571165,-1.336613,-1.291274,0.423026,0.473880,0.335135,0,0,0,0
-0.176635,0.047773,1.011010,-0.339100,-0.237108,-0.851112,-0.525918,0,0,1,0
0.510050,-0.113266,0.236154,-1.563967,0.510466,0.567994,-0.291620,0,0,0,0
-0.248900,0.642741,0.188986,-2.355053,-0.442971,-0.640071,-0.449432,0,0,0,0
1.007113,-0.641685,-1.384450,-1.282994,-0.090896,0.787039,-0.031630,0,0,0,0
-0.375191,0.301577,0.416088,-1.093329,0.702427,-0.965568,-0.039862,0,0,0,0
0.396253,-0.814735,-0.012721,-0.375949,1.558075,0.600802,-0.386881,0,0,0,0
-0.135644,0.105695,-0.952764,-1.533054,2.188202,-0.352505,-0.632548,0,0,0,0
1.060793,-0.815108,-1.390728,-0.946743,0.249094,0.337947,0.364713,0,0,0,0
0.153339,0.002454,0.242297,-1.078710,-0.656843,-0.855337,-1.176071,0,0,1,0
0.618002,-0.450822,0.176607,0.161033,1.339070,1.144789,-0.315092,0,0,0,0
-0.643851,0.441940,0.974258,-0.833087,0.487322,-0.987649,-0.775861,0,0,0,0
0.910895,-0.429693,-0.865806,-0.572168,-0.329945,0.470340,-0.263567,0,0,0,0
-0.156556,0.265263,0.704927,-0.957783,-0.452201,-0.875011,-0.639119,0,0,0,1
0.059617,-0.558351,0.521812,-0.662961,0.741111,0.558503,-0.906109,0,0,0,0
-0.349202,0.822477,0.676656,-1.928656,-0.546621,-0.645309,-0.436991,0,0,0,0
0.943249,-0.350491,-1.581587,-1.117990,0.457562,0.342121,-0.232641,0,0,0,0
-0.266219,0.181804,0.365908,-0.916877,1.120707,-0.825894,-0.154906,0,1,0,0
1.211501,-0.081471,-1.038005,-0.921402,-0.182458,1.167836,0.191874,0,0,0,0
-0.124791,0.456003,-0.679995,-2.085457,-0.032970,-0.977121,-0.431224,0,0,0,0
1.006746,-0.368916,-0.992153,-0.558296,0.781769,0.366056,0.102009,0,0,0,0
-0.685959,-0.493532,0.400455,-0.363559,0.146861,-0.969953,-0.101875,0,0,0,0
0.468689,-0.950792,-0.022287,-0.780681,1.342327,0.416379,-0.223481,0,0,0,0
0.135685,0.083920,-0.662038,-2.167706,1.427851,-0.624339,-0.481779,0,0,0,0
1.060196,-0.015052,-1.034820,-0.617815,0.561382,0.717576,-0.119721,0,0,0,0
0.089805,-0.119521,-0.172212,-1.201039,-0.056987,-1.033566,-1.376042,0,1,0,0
0.283859,0.250342,0.847644,0.048382,1.809727,0.243549,-0.458745,0,0,0,0
-0.717828,0.813973,1.020265,-0.853490,1.543658,-0.580450,-1.510336,0,0,0,0
1.017790,-0.336381,-1.156718,-0.678130,1.484525,0.941530,0.395697,0,0,0,0
-0.311151,0.447809,0.088255,-1.273645,1.795576,-0.752342,-0.449880,0,0,0,0
-0.050350,-1.084150,-0.326088,-0.112551,1.664805,1.297246,-0.118129,0,0,0,0
-0.781507,0.870058,1.225842,-0.352650,-0.029067,-1.144322,-1.155206,0,0,0,0
1.078114,-0.365979,-1.290954,-0.865031,0.408310,1.060724,-0.063773,0,0,0,0
-0.489454,0.890553,0.476061,-0.691771,1.644513,-1.029496,-0.990306,0,0,0,1
0.260109,-0.068242,0.027257,-0.308547,2.240497,0.817881,-0.227214,0,0,0,0
-0.778516,1.484657,1.121756,-0.846492,0.488746,-0.931263,-0.712105,0,0,0,0
1.149288,-0.211403,-1.224631,-1.201690,0.938631,1.475126,0.336483,0,0,0,0
-0.256116,0.521012,0.511324,-0.996042,0.516578,-1.153540,-0.410905,0,0,1,0
0.874983,0.088515,0.223947,-0.442309,0.151369,1.263998,-0.190018,0,0,0,0
0.444659,1.003082,-0.313262,-1.717710,-0.055166,-1.042844,-0.432128,0,0,0,0
1.231159,-0.263845,-1.115486,-0.712751,0.310864,0.111576,0.180369,0,0,0,0
-0.175476,0.312914,0.007746,-1.129596,0.396130,-1.098701,-0.616378,1,0,0,0
0.240267,0.072258,-0.406900,-0.721587,0.805383,0.224111,-0.282797,0,0,0,0
-0.299650,-0.699213,0.216027,-0.468140,0.942429,-0.200154,-0.856404,0,0,0,0
0.940513,-0.798850,-0.862375,-1.206510,-0.712198,0.337490,-0.068383,0,0,0,0
0.184530,0.012884,-0.565160,-1.125083,0.837546,-0.906149,-0.546068,0,0,0,0
0.261522,0.028589,0.249337,-0.710885,0.858747,0.494640,-0.473523,0,0,0,0
-0.055882,-0.004204,0.192202,-0.695474,0.959197,-0.604057,-1.078612,0,0,0,0
1.246571,0.812761,-0.583569,-0.824281,-0.107150,0.794044,0.242086,0,0,0,0
-0.440888,0.805969,1.046113,0.509166,1.609880,-0.706294,-1.069568,1,0,0,0
1.205656,0.895607,-0.688615,-1.034297,-0.722237,1.652631,0.687864,0,0,0,0
-0.359954,1.371873,0.270441,-0.818286,0.422678,-1.083940,-0.609050,0,0,0,0
1.289146,-0.011841,-0.666877,-0.613985,-0.531757,1.613929,0.693060,0,0,0,0
-0.446843,0.380055,0.651969,-0.315845,-0.262415,-0.953158,-0.671282,1,0,0,0
1.346742,0.046678,-0.415817,-0.583988,-0.779994,1.832325,0.700017,0,0,0,0
0.142859,0.397489,-0.138655,-0.565886,-0.759335,-0.967322,-0.322112,0,0,0,0
1.184368,-0.170835,-0.471251,-1.185400,-0.992971,0.883153,0.420713,0,0,0,0
-0.223569,-0.639578,1.364585,0.366086,-0.774159,-0.898839,-0.505566,0,0,0,1
0.316534,-0.116036,0.278309,-1.061108,0.949303,0.199084,-0.220878,0,0,0,0
-0.845889,0.647909,0.985276,-0.497523,0.659896,-0.760425,-0.606705,0,0,0,0
1.058073,-0.633340,-0.893335,-1.002575,-0.789058,0.649839,0.631753,0,0,0,0
-0.143944,0.128655,0.776454,-0.168672,0.022371,-0.985997,-0.810776,0,0,1,0
0.480161,-0.362285,0.563971,-1.122587,-0.800981,0.982157,-0.045292,0,0,0,0
-0.711334,0.009064,0.377017,-1.267898,0.474346,-0.921869,-0.260307,0,0,0,0
1.056167,-0.895253,-1.300349,-1.154182,-0.267007,0.927253,0.029688,0,0,0,0
0.078204,-0.192256,0.879570,0.591852,0.014536,-0.741529,-0.089274,0,1,0,0
0.653818,-0.589719,0.393772,-1.863272,-0.568059,0.999647,-0.141567,0,0,0,0
0.021733,-0.373651,0.599301,-1.785114,-0.808404,-0.361734,-0.193693,0,0,0,0
1.164761,-0.938732,-1.190739,-0.743170,-0.644001,0.703874,0.305063,0,0,0,0
-0.162814,0.095942,0.167502,-1.008129,-0.305528,-0.901508,-0.261687,0,0,0,0
0.547231,-1.578604,-0.164981,-0.309873,1.196391,-0.210498,-0.413934,0,0,0,0
-0.157854,0.103657,-0.664565,-1.296147,2.144521,-0.496794,-0.231956,0,0,0,0
0.908123,-0.922281,-1.180781,-0.806178,-0.336636,0.432158,0.632056,0,0,0,0
-0.080515,-0.445023,0.260801,-0.320640,0.424280,-0.832199,-0.386948,0,1,0,0
0.559069,-0.137177,0.576945,-0.642581,0.437431,0.090438,-0.325141,0,0,0,0
-0.640071,0.076494,0.915244,-0.173078,1.298609,-0.965197,-0.526456,0,0,0,0
1.011627,-0.984043,-0.923221,-0.593120,-0.204902,1.140306,0.382562,0,0,0,0
-0.146979,-0.575488,0.806537,0.120525,-0.203764,-0.779718,-0.196479,1,0,0,0
0.130431,-1.155414,0.748747,-0.207747,0.344334,-0.271853,-0.433321,0,0,0,0
-0.081886,-0.191617,0.752152,-1.591926,-1.088984,0.107246,-0.157886,0,0,0,0
1.025566,-0.441628,-0.836419,-0.622861,-0.311730,0.754749,0.346288,0,0,0,0
-0.202945,0.182353,0.671822,-0.359335,-0.013147,-0.913359,-0.174780,0,0,1,0
0.638104,-0.423871,0.231777,-1.460026,-0.642971,0.520981,-0.098032,0,0,0,0
-0.126646,-1.048842,0.031670,-1.404424,1.240448,-0.538008,-0.327704,0,0,0,0
1.047713,-0.484019,-0.607988,-0.174034,-0.034358,0.222255,-0.125697,0,0,0,0
-0.241386,-0.267514,0.608685,0.051020,-0.379379,-0.960016,-1.002011,0,0,0,0
0.632336,-1.318492,-0.037219,-1.120831,0.576397,0.918567,-0.200926,0,0,0,0
-0.179662,-1.024339,0.452044,-0.782616,0.647720,-0.252059,-0.115747,0,0,0,0
0.910772,-0.845756,-1.013607,-0.643745,-0.164049,0.202006,0.188727,0,0,0,0
-0.277975,-0.011957,0.678623,0.067582,-0.009178,-0.988245,-0.170406,0,0,1,0
0.255294,-0.085886,0.069403,-1.655854,0.532639,0.168584,0.082942,0,0,0,0
-0.742218,1.054448,0.493750,-1.176696,1.273049,-0.880668,-0.421837,0,0,0,0
1.054330,-0.496034,-1.005377,-1.321263,-1.042788,0.853325,0.034483,0,0,0,0
-0.014361,0.123431,0.501755,-0.786619,-0.158193,-0.892799,-0.349699,0,1,0,0
0.559713,-0.579219,-0.361230,-1.517712,0.318130,0.652783,0.083081,0,0,0,0
-0.578828,0.378828,-0.297396,-1.691808,1.740237,-0.793574,-0.483977,0,0,0,0
1.101113,-1.268111,-1.023845,-0.568246,-0.326724,0.732433,0.422499,0,0,0,0
-0.185924,-0.078034,0.849667,0.289629,0.562555,-0.922585,-0.414038,1,0,0,0
0.414612,-1.288002,0.238148,-0.978467,0.596376,-0.249776,-0.195067,0,0,0,0
0.352881,-0.376900,0.097710,-2.331750,0.333620,-0.385007,0.020501,0,0,0,0
1.153900,-0.979140,-1.168134,-1.140687,-0.237723,0.215711,0.296890,0,0,0,0
0.016142,0.111807,-0.346199,-1.387598,0.635266,-1.001146,-0.290058,0,0,0,0
0.261658,-1.052707,-0.326796,-1.200146,1.413759,-0.063938,-0.238914,0,0,0,0
-0.503343,0.110100,-0.220708,-0.904706,1.692312,-0.670836,-0.299010,0,0,0,0
0.993616,-1.371944,-1.469522,-0.827890,-0.053747,0.658196,-0.046027,0,0,0,0
-0.017377,-0.488038,0.068574,-0.245381,0.465814,-0.688324,-0.900330,1,0,0,0
0.531458,-0.463210,0.370569,-1.111429,-0.457970,0.328109,-0.102286,0,0,0,0
-0.450309,0.164650,-0.012055,-0.535246,0.299668,-0.426155,-0.584787,0,0,0,0
0.887711,-1.284872,-0.910057,-0.744145,-0.187171,0.636865,0.540677,0,0,0,0
-0.145731,-0.491635,0.543305,0.158461,0.458709,-0.701113,-1.055242,0,1,0,0
0.458185,-1.319949,0.068058,-1.100321,0.606204,0.138427,-0.172638,0,0,0,0
0.025960,-0.656903,-0.171477,-2.176328,0.278335,-0.104913,-0.325757,0,0,0,0
1.025517,-0.304954,-1.171981,-0.580883,0.609590,0.422449,0.560884,0,0,0,0
-0.268544,-0.199597,0.231394,-0.089488,0.795324,-0.994352,-0.620189,0,0,1,1
1.111629,-0.179228,-0.210033,-1.884926,-0.392106,0.338767,-0.193097,0,0,0,0
0.429836,-0.942041,-0.427152,-1.442425,0.342359,-0.913613,-0.497462,0,0,0,0
1.325355,-0.546107,-0.841947,-1.040329,-1.178362,-0.014056,0.216960,0,0,0,0
0.188871,0.558434,0.219501,-1.480026,-1.260569,-0.966329,-0.707411,0,0,0,0
0.700809,-0.454656,-0.185817,-1.460094,-0.309093,-0.204148,-0.426719,0,0,0,0
0.339706,0.052526,0.490560,-1.263537,0.170466,-0.152986,-0.514757,0,0,0,0
1.135275,-0.453778,-0.981205,-1.111343,-0.770719,0.847612,0.061790,0,0,0,0
0.635608,-0.198234,-0.196555,-0.954087,-0.306510,-0.895624,-0.737497,0,0,0,1
0.395817,-0.234523,0.128003,-1.144346,1.214298,-0.232495,-0.034327,0,0,0,0
-0.709912,1.100639,0.622958,-1.541066,0.583723,-0.954182,-0.626288,0,0,0,0
1.091388,-0.994617,-1.134154,-0.303353,0.175255,0.831912,0.371795,0,0,0,0
-0.263841,0.014560,0.706244,-0.497134,-0.337599,-1.138133,-0.492953,0,0,1,0
0.700837,-0.367729,0.459537,-1.176942,0.070771,0.141474,-0.014777,0,0,0,0
-0.708444,0.379244,0.488473,-0.883062,0.560251,-1.138140,-0.400232,0,0,0,0
1.268530,-1.131995,-1.203090,-0.948130,0.203242,0.868868,0.278338,0,0,0,0
0.148086,-0.112953,0.824082,-0.180391,0.249642,-1.029451,-0.390051,0,1,0,0
0.600112,-0.851276,0.251663,-0.683629,0.666134,0.657127,-0.340958,0,0,0,0
0.238608,-0.193138,0.730592,-2.160126,-1.017160,-0.501420,-0.271467,0,0,0,0
0.948374,-0.899688,-1.517403,-1.350278,-0.188666,0.413082,-0.127751,0,0,0,0
-0.284160,-0.194078,0.633969,-0.578865,0.008914,-1.057115,-0.084792,0,0,0,0
0.314674,-1.054183,0.044918,-0.478404,1.016578,-0.171171,-0.225977,0,0,0,0
-0.140261,-0.136590,-0.732095,-1.193570,1.651241,-0.528246,-0.777126,0,0,0,0
1.102892,-1.119757,-1.389703,-1.189057,0.071318,0.851071,0.527403,0,0,0,0
0.039829,-0.253909,0.323312,-1.064551,-0.832671,-0.873182,-1.301091,0,1,0,0
0.627020,-0.762820,0.478643,0.390681,1.098319,1.013846,-0.045155,0,0,0,0
-0.768982,0.372017,1.145974,-1.139632,0.577145,-0.885778,-0.647459,0,0,0,0
1.098828,-0.973116,-0.451225,-0.632618,-0.401570,1.489705,0.115053,0,0,0,0
0.093544,-0.041773,0.497753,-0.546638,-0.185325,-0.827020,-0.437246,1,0,0,0
0.427510,-1.255159,0.754417,-0.622778,0.067178,0.674249,-0.627332,0,0,0,0
-0.016582,-0.206555,1.053386,-1.128079,-1.499749,-0.399708,-0.114176,0,0,0,0
1.177525,-0.729917,-1.072557,-0.591029,0.246904,0.130231,-0.004102,0,0,0,0
-0.039548,0.185716,0.092234,-0.868195,0.730647,-0.899711,-0.223164,0,0,1,0
1.328751,-0.806073,-0.595975,-1.135254,-0.123939,1.030908,0.154154,0,0,0,0
0.048656,-0.289315,0.025741,-1.852418,-0.222452,-0.723318,-0.361534,0,0,0,0
1.078028,-0.873815,-1.014066,-0.571440,0.169231,0.263031,0.282924,0,0,0,0
-0.517961,-0.624111,0.639164,-0.055950,-0.092379,-1.038179,-0.165953,0,0,1,0
0.440189,-0.933020,-0.224442,-1.209409,1.352830,0.238399,-0.171416,0,0,0,0
0.168073,-0.548682,-0.491492,-1.582942,1.037843,0.011811,-0.434366,0,0,0,0
1.095955,-0.511950,-1.281752,-0.497798,-0.090615,1.012049,0.063510,0,0,0,0
0.027492,-0.252734,-0.010471,-1.025340,-0.665071,-1.009404,-1.369908,0,1,0,0
0.240787,-0.626026,0.869017,0.326444,1.197475,0.464549,-0.199344,0,0,0,0
-0.900924,0.765980,0.888846,-0.853197,1.321597,-0.890100,-1.434033,0,0,0,0
1.226928,-0.410424,-1.192615,-0.376221,0.851892,2.040987,0.563606,0,0,0,0
0.128980,-0.257546,-0.059069,-1.232025,1.533403,-0.814491,-0.380110,0,0,0,0
0.496486,-1.328277,0.260003,0.356472,1.140604,1.451025,-0.142191,0,0,0,0
-0.782356,0.652984,0.974915,-0.578509,-0.031436,-0.941944,-1.340314,0,0,0,0
1.221936,-0.694127,-0.852981,-0.306439,0.412039,1.703671,0.127809,0,0,0,0
-0.230730,0.511627,0.242501,-0.286266,1.039262,-0.992638,-0.792961,0,0,0,1
0.357673,-0.519635,0.267552,0.057470,1.928426,0.405444,-0.226638,0,0,0,0
-0.229966,-0.286673,1.579368,-0.668848,-0.502020,-0.280488,-0.541453,0,0,0,0
1.270156,-0.572977,-1.091174,-0.802261,0.277445,1.062317,0.502319,0,0,0,0
-0.222987,0.389004,0.488831,-0.375396,0.051618,-1.175938,-0.411450,0,1,1,0
0.993865,-0.240658,0.234986,-0.891771,-0.002852,1.168883,-0.041927,0,0,0,0
0.258153,1.076762,-0.536029,-1.901594,0.346239,-0.934880,-0.369359,0,0,0,0
1.319773,-0.558199,-1.073644,-0.729121,0.058326,0.963110,0.462594,0,0,0,0
-0.151723,0.219229,0.048061,-0.678320,0.285036,-1.166624,-0.486373,1,0,0,0
0.513814,-0.714351,0.070689,-0.418824,0.734032,0.962149,-0.192339,0,0,0,0
-0.246180,-0.427323,0.273482,-0.512385,0.847756,-0.251014,-0.716156,0,0,0,0
1.149989,-1.274259,-0.944609,-0.950244,-0.684292,0.609718,0.134655,0,0,0,0
0.048491,-0.354482,-0.413388,-0.515387,0.623993,-0.848547,-0.438762,0,0,0,0
0.681640,-0.267618,0.297300,-0.995977,-0.002566,0.293398,-0.377880,0,0,0,0
0.296689,-0.754565,0.496900,-0.243169,0.320224,-0.362888,-0.714656,0,0,0,0
1.335649,0.457940,-0.324523,-0.521980,-0.309578,1.273964,0.467845,0,0,0,0
-0.359487,0.182790,1.290249,0.823634,1.133702,-0.895920,-1.042611,0,0,0,1
1.241175,0.325787,-0.621040,-1.202473,-0.723270,0.701946,0.779323,0,0,0,0
-0.500323,1.626503,0.363066,-0.535075,0.214656,-1.119377,-0.622311,0,0,0,0
1.234406,-0.290703,-0.693442,-0.627933,-0.863510,1.311740,0.789405,0,0,0,0
-0.476039,0.496100,1.084252,0.361660,-0.872771,-1.069236,-0.709506,0,0,0,1
1.292390,-0.409133,-0.271660,-0.928531,-0.764731,1.330681,0.799635,0,0,0,0
0.266788,-0.479640,0.801273,-0.619328,-0.641005,-0.529343,-0.259962,0,0,0,0
1.232078,-0.879404,-0.426649,-0.731904,-0.935632,1.232985,0.671030,0,0,0,0
-0.033859,-0.949167,1.053521,0.038756,-0.908913,-0.935997,-0.458250,1,1,0,0
0.666922,0.189380,-0.720654,0.157842,1.830203,1.372502,0.476944,0,0,0,0
0.077037,-0.851891,-0.234922,1.309522,1.117007,-0.810535,-0.326923,0,0,0,0
0.561862,-0.376773,-0.399649,0.009200,0.253682,-0.448885,0.081553,0,0,0,0
0.556127,-0.138901,-0.474048,-1.106897,0.032515,-1.020887,0.496287,0,0,0,0
0.665850,-0.432690,-1.308467,0.205438,0.490719,-0.476949,-0.243749,0,0,0,0
-0.073104,-1.352988,-2.376381,-1.032143,-0.775256,-1.039591,-1.247997,0,0,0,0
-0.263141,-0.610136,-1.271859,0.319877,0.428085,-0.444230,-1.500243,0,0,0,0
-1.584131,-1.306856,-0.411502,-0.110885,-0.585990,-0.930319,-2.145182,0,0,1,0
0.378035,1.335346,-1.151525,-0.342513,-0.185155,-0.006438,-0.930009,0,0,0,0
-0.244870,0.442751,-1.884198,-0.896503,-1.024380,-0.744540,-1.311771,0,0,0,0
-0.330763,0.868997,-0.712845,0.102712,0.001715,-0.572016,-1.444478,0,0,0,0
-0.882115,-0.491864,-1.492940,-0.881717,0.030554,-0.873287,-1.890860,0,1,0,0
-0.333006,0.854556,-1.911700,0.338224,-0.208199,0.367209,-1.296127,0,0,0,0
-0.764502,0.330569,-2.156338,-1.396778,-1.914350,-0.684777,-1.660611,0,0,0,0
-0.443200,2.266071,-2.226158,0.008025,-2.055693,0.709023,-1.158638,0,0,0,0
-1.096343,0.795916,-2.721937,-1.450204,-1.377545,-0.878163,-1.704260,1,0,0,1
0.799504,-0.128696,-0.883094,-0.366427,1.873049,1.651309,0.160516,0,0,0,0
-0.297238,-0.553191,-0.564446,0.316383,3.398874,-0.662070,-0.312807,0,0,0,0
0.324034,1.169474,-0.966445,-1.888431,1.284515,-0.221890,-0.379261,0,0,0,0
0.309559,1.159204,-0.856655,-1.670089,1.300416,-0.943601,-0.226796,0,0,0,0
0.219884,2.039852,-1.917550,1.059894,-0.033223,-0.284581,0.157853,0,0,0,0
-1.003289,1.381542,-2.773912,0.089102,-0.370178,-0.855668,-1.395606,0,0,0,0
-1.046056,1.806360,-2.094734,0.774418,1.184560,0.509074,-1.161704,0,0,0,0
-1.933143,1.618919,-1.601476,-0.461059,1.582008,-0.721086,-1.633391,0,1,0,0
0.052295,1.754630,-1.847379,-0.301594,-0.271034,0.699043,-1.076892,0,0,0,0
-0.332085,1.341862,-2.150104,-0.760454,0.016035,-0.767147,-1.344572,0,0,0,0
-0.539941,1.600110,-1.004104,-0.240951,0.322106,-0.291186,-1.597295,0,0,0,0
-1.054528,0.303624,-1.666325,-1.643726,0.760238,-0.766407,-1.933203,0,0,1,0
-0.228690,1.201966,-1.914928,-0.322544,0.658517,0.789617,-1.328993,0,0,0,0
-1.079975,0.816130,-2.010735,-1.150064,-0.442048,-0.684256,-1.695408,0,0,0,0
-0.909926,2.145374,-1.966893,-0.215625,-1.739512,0.781590,-1.481419,0,0,0,0
-1.168391,1.193437,-2.431557,-1.477651,-1.583096,-0.633751,-1.712333,1,0,0,1
0.364357,-0.197504,-0.804654,-0.033713,2.212246,2.209161,0.425337,0,0,0,0
-0.288861,0.822520,-0.906281,-0.323511,2.570710,-0.861120,-0.578876,0,0,0,0
0.097267,1.011282,-0.667155,-0.799275,1.574877,-0.444206,-0.191378,0,0,0,0
0.075389,1.141016,-0.432649,-1.109745,1.093861,-0.842106,0.365343,0,0,0,0
0.069094,2.222973,-2.966159,0.570219,-0.968798,-0.507885,-0.666208,0,0,0,0
-1.481747,-0.035612,-2.271130,-3.075566,0.743935,-0.186821,-2.118899,0,0,0,0
-1.017839,1.348747,-2.532152,0.799842,1.333875,0.982946,-1.593196,0,0,0,0
-2.993835,2.103376,-1.827561,-0.370309,0.590970,-0.873156,-2.115341,0,0,1,0
0.171522,1.153273,-1.108739,-0.740860,-0.112213,0.227763,-0.994848,0,0,0,0
-0.534467,1.741736,-2.726828,-0.192291,-1.685035,-0.923957,-1.367758,0,0,0,0
-1.090234,1.799385,-1.821062,1.341222,-0.073392,-0.493037,-1.625430,0,0,0,0
-1.536590,0.240315,-2.059129,-0.034339,-1.071646,-0.733173,-2.029076,0,1,0,0
-0.355451,0.219615,-1.254704,0.505883,0.020672,0.930400,-1.089676,0,0,0,0
-1.059963,-1.089821,-2.358779,0.089055,-1.730346,-0.485858,-1.646506,0,0,0,0
-0.668026,1.828018,-2.170965,-0.076802,-2.513195,0.351363,-1.466657,0,0,0,0
-1.818247,0.414845,-1.497558,-0.336934,-1.584432,-0.751334,-2.108975,1,0,0,1
0.769351,-0.436775,-0.690667,-0.220807,1.903906,2.371547,0.035514,0,0,0,0
-0.137186,-0.566956,-0.706084,0.257302,0.985432,-0.813113,-0.551290,0,0,0,0
0.788801,-0.002724,-1.090217,-0.833876,1.808137,-0.269000,-0.208823,0,0,0,0
0.190774,1.154594,-0.957287,-1.316236,1.171377,-0.736011,-0.643520,0,0,0,0
0.459041,-0.075623,-1.381888,-0.590812,1.497886,-0.350949,-0.609180,0,0,0,0
-0.209015,-1.095751,-0.633255,-1.099438,0.115702,-1.002416,-0.006692,0,0,0,0
-0.138883,0.570158,0.090790,0.305268,1.798665,0.000451,0.592908,0,0,0,0
-0.622183,0.138497,0.715011,-0.511545,1.370163,-0.967449,-0.528903,0,1,1,0
0.935869,0.228393,-0.696060,-1.627875,-0.406115,0.311042,-0.264225,0,0,0,0
0.670365,0.598759,-0.730067,-1.013312,0.514744,-0.743460,-0.341745,0,0,0,0
0.184548,1.009028,0.408513,-0.007040,0.788791,-0.793210,-0.860836,0,0,0,0
0.152393,0.530889,-0.148311,-0.848952,0.571289,-0.777870,-0.863361,0,0,0,1
0.345994,0.499392,0.507558,1.028504,1.857547,0.344130,-0.134983,0,0,0,0
-0.105923,1.040966,-0.445187,-0.535342,1.289291,-0.764048,-0.080643,0,0,0,0
-0.082804,-0.131452,0.546417,1.226340,1.627214,-0.409821,-0.531163,0,0,0,0
0.297343,-1.155718,0.107965,0.021775,0.285884,-0.548995,-0.836482,1,1,0,0
0.685720,0.612881,-0.306520,-0.439482,2.149827,-0.000548,0.167263,0,0,0,0
-0.393284,0.134498,-0.334160,0.300892,2.757384,-0.893827,-0.576528,0,0,0,0
0.159414,1.652288,-0.410718,-1.565303,1.346505,-0.620244,-0.033931,0,0,0,0
0.099885,0.601202,-0.902437,-1.659029,1.450521,-0.690193,0.398736,0,0,0,0
0.497055,0.698142,-1.833106,-0.259277,0.584271,-0.345692,-0.612636,0,0,0,0
-0.904479,0.566479,-3.325293,-1.057024,0.967492,-0.666197,-1.542552,0,0,0,0
-1.013852,1.906653,-2.680003,0.897939,0.032832,0.037682,-1.701655,0,0,0,0
-2.979434,2.475951,-1.988809,0.198038,0.906887,-0.494188,-2.213775,0,0,1,0
0.131763,2.309798,-1.498851,-0.141271,-0.573650,1.331539,-0.911053,0,0,0,0
-0.539637,1.915378,-2.572514,-0.669436,-1.121653,-0.624182,-1.372286,0,0,0,0
-0.656974,2.140704,-1.548474,0.953763,-0.063419,-0.296134,-1.451249,0,0,0,0
-0.921594,0.329210,-2.016397,-1.267133,0.678910,-0.454130,-1.888632,0,1,0,0
-0.428530,1.132110,-1.820800,-0.008798,0.278713,0.740386,-1.378862,0,0,0,0
-0.904694,0.767579,-2.008008,-1.596048,-1.831570,-0.566319,-1.722353,0,0,0,0
-0.337308,2.351416,-2.179659,-0.565701,-2.383489,1.024848,-1.209340,0,0,0,0
-1.075141,1.145827,-2.314118,-1.977351,-0.786652,-0.809588,-1.750068,1,0,0,1
0.803847,0.156487,-0.800320,-0.221270,1.807260,2.025467,0.019479,0,0,0,0
-0.214211,-0.014144,-0.447423,0.147340,3.076907,-0.751979,-0.583099,0,0,0,0
0.417742,1.391338,-0.864496,-1.550153,0.975993,-0.659771,-0.390578,0,0,0,0
0.244197,0.723987,-0.950727,-1.865264,1.009535,-0.642252,-0.184904,0,0,0,0
0.378522,1.188488,-1.532656,-0.086397,0.716306,-0.292205,-0.055908,0,0,0,0
-0.682021,0.682304,-2.153621,-0.600571,0.629624,-0.849803,-0.928070,0,0,0,0
-1.064837,2.413761,-2.525746,1.478724,0.685571,0.747723,-1.195625,0,0,0,0
-2.142796,1.755374,-1.928573,-0.531122,1.555560,-0.576127,-1.397653,0,1,0,0
0.019525,2.163195,-1.914118,-0.362202,-0.499282,1.532888,-0.966988,0,0,0,0
-0.294733,1.504977,-2.244373,-0.853564,-0.307330,-0.723625,-1.300485,0,0,0,0
-0.559743,1.565853,-0.950815,-0.113513,0.714986,-0.432970,-1.517565,0,0,0,0
-0.987206,0.607383,-1.771410,-1.577983,0.285902,-0.715939,-1.946793,0,0,1,0
-0.135971,1.017413,-1.797567,0.069868,0.739471,1.144718,-1.283721,0,0,0,0
-0.899866,0.643165,-1.925318,-1.575849,-0.859172,-0.796293,-1.687437,0,0,0,0
-0.792378,2.387679,-1.952650,-0.138179,-1.631417,0.869926,-1.384820,0,0,0,0
-1.120967,1.115833,-2.271137,-1.788523,-1.216790,-0.601912,-1.704070,1,0,0,1
0.050380,-0.031209,-0.731617,0.467369,2.948640,0.006729,0.144047,0,0,0,0
-0.174025,0.627306,-1.192850,-0.386379,2.350894,-0.648610,-0.589984,0,0,0,0
0.438011,1.029235,-0.605996,-0.338696,1.945841,-0.191010,0.345346,0,0,0,0
0.269493,0.453415,-0.431284,-0.928170,1.602590,0.097811,-0.163818,1,0,0,0
0.651496,0.900728,-1.503445,-0.553138,0.402616,0.001168,0.000932,0,0,0,0
-0.406574,0.158006,-0.611067,-1.679491,2.129233,-0.499013,-0.779195,0,0,0,0
0.335808,-0.345869,-0.347274,0.536120,2.021820,1.300509,-0.162380,0,0,0,0
-1.118994,1.065662,1.197657,-0.784398,0.848163,-0.664596,-0.647900,0,0,0,1
0.732966,0.585737,-0.392607,-0.617234,0.843408,0.840866,-0.337682,0,0,0,0
0.106744,0.519556,-0.551008,-0.582827,0.987763,-0.676087,-0.384825,0,0,0,0
0.244256,0.251467,0.452722,0.442986,1.650146,-0.317661,-0.480763,0,0,0,0
-0.398260,0.142948,0.127271,0.284361,1.594626,-0.589529,-0.654739,0,1,1,0
0.941846,-0.431662,-0.625412,-0.936770,-0.443159,0.965860,-0.242331,0,0,0,0
0.460463,-0.063960,-0.294041,-0.194953,0.076042,-0.685549,-0.563366,0,0,0,0
0.632176,0.404530,-0.059279,-0.655719,0.237791,-0.185402,-0.378440,0,0,0,0
-0.490342,0.148229,0.470865,0.406032,1.141865,-0.831188,-0.807680,0,0,0,1
0.367756,-0.112623,-1.141020,-0.361897,2.079563,-0.078781,-0.034681,0,0,0,0
-0.400618,-0.118409,-0.475361,-0.443715,2.764403,-0.765021,-0.452682,0,0,0,0
0.544342,0.410512,-1.203595,-1.665470,1.162444,-0.243946,-0.162974,0,0,0,0
0.227294,1.344664,-1.225367,-1.539722,1.237240,-0.688987,-0.385773,0,0,0,0
0.619631,0.436729,-0.823594,-1.211561,1.585603,-0.041882,0.271295,0,0,0,0
0.221027,-0.119294,-0.252835,-1.901801,0.123769,-0.961543,-1.299175,0,0,0,0
0.042029,1.000355,-0.411424,0.179678,1.481824,0.516095,0.077194,0,0,0,0
-0.746973,0.255991,0.508059,0.922002,2.950433,-0.860613,-0.701781,1,0,0,0
0.836764,1.343697,-0.731545,-1.483944,-0.064517,0.427491,0.601934,0,0,0,0
0.243644,2.228372,-1.596720,-1.960778,0.999897,-0.804353,0.007834,0,0,0,0
0.840603,1.369680,-0.667729,-1.107727,0.760814,0.305481,0.616814,0,0,0,0
-0.604934,2.300176,-0.722244,-2.232654,1.073576,-0.918083,0.415481,1,0,0,0
0.857722,0.575082,-0.286051,-0.650575,0.437797,1.306743,0.370945,0,0,0,0
-0.160225,0.853293,-0.571592,-0.972508,0.699059,-0.511075,0.001920,0,0,0,0
0.242167,0.866790,0.670150,0.834910,1.132742,0.094546,0.753718,0,0,0,0
-0.763053,0.884459,0.996389,-0.359122,-0.574716,-0.895215,-0.100392,0,0,1,1
0.596663,0.201762,-0.387928,0.689175,2.294236,0.832802,0.415899,0,0,0,0
0.354700,-1.104634,-0.202649,1.495723,0.831594,-0.598930,-0.074406,0,0,0,0
0.782309,-0.277347,-0.544260,0.386543,-0.399440,-0.570250,0.250383,0,0,0,0
0.543952,-0.278338,-1.044827,-0.779899,0.113954,-0.768388,0.525906,0,0,0,0
0.910183,-0.375715,-1.608493,0.540995,0.657241,0.013186,0.143213,0,0,0,0
0.081663,-0.904442,-1.938425,-0.133648,-0.098340,-0.941228,-0.914232,0,0,0,0
0.161551,-0.076758,-1.109601,0.478570,0.126425,-0.108200,-0.837480,0,0,0,0
-0.808293,-0.866543,-1.109059,1.527101,-0.803546,-0.288707,-1.004377,0,1,0,0
0.808812,0.717846,-1.162637,-0.016354,-0.799858,1.522732,-0.415506,0,0,0,0
0.048614,0.685961,-1.576892,-0.089781,-1.135050,-0.844371,-1.037653,0,0,0,0
0.515086,1.003965,-1.234684,1.225388,0.308674,-0.059486,-0.465159,0,0,0,0
-0.344923,0.025237,-1.149471,0.276730,0.095660,-0.976358,-1.411733,0,0,1,0
0.417241,0.600573,-1.079063,0.992058,-0.606435,0.659137,-0.771676,0,0,0,0
-0.282978,0.624134,-1.716902,0.553254,-1.322205,-0.158619,-1.133373,0,0,0,0
-0.063327,1.607490,-1.643141,0.604371,-1.366353,0.495829,-0.738184,0,0,0,0
-0.110044,0.973600,-1.776746,0.218712,-1.130379,-0.254705,-1.097376,1,0,0,1
0.565679,-0.325366,-1.004605,-0.052698,2.136028,0.556229,0.069513,0,0,0,0
-0.214000,-0.205532,-0.484698,0.699637,2.899129,-0.626889,-0.459766,0,0,0,0
0.601438,1.239430,-0.717873,-0.861556,0.471418,-0.103007,-0.187947,0,0,0,0
0.267007,1.018721,-0.983683,-1.570138,0.870221,-0.668307,-0.180969,0,0,0,0
0.742227,1.002289,-1.461740,0.646724,0.454922,0.016085,0.450892,0,0,0,0
-0.570336,1.335390,-2.684679,0.254478,-0.711989,-0.991586,-1.283465,0,0,0,0
-0.063360,0.500180,-1.091981,1.036394,0.661066,0.789608,-0.588428,0,0,0,0
-0.697196,0.405883,-1.762563,1.351077,0.163762,-0.079867,-0.825474,0,0,1,0
0.652097,1.284681,-1.818631,0.137817,-0.536936,1.855234,-0.426521,0,0,0,0
0.299766,0.657297,-1.634551,0.360835,-0.651073,-0.738768,-0.705627,0,0,0,0
-0.099634,2.131032,-0.809098,1.293955,0.114305,-0.443244,-0.903376,0,0,0,0
-0.554058,0.979092,-1.243485,-0.372499,0.679736,-0.729499,-1.459217,0,1,0,0
0.444909,0.452681,-2.029514,1.163298,0.444817,0.329047,-0.479862,0,0,0,0
-0.659522,1.280866,-1.735047,-0.400536,0.107154,-0.579143,-1.381201,0,0,0,0
-0.326668,1.138503,-1.540805,0.818331,-0.963105,0.673451,-0.933896,0,0,0,0
-0.149842,0.861288,-1.673565,0.275571,-0.773538,0.094174,-1.036170,1,0,0,1
0.331989,0.054311,-0.617731,0.651571,2.603630,0.634690,0.457518,0,0,0,0
0.187208,0.126064,-1.134116,0.684812,1.686688,-0.663756,-0.166277,0,0,0,0
0.341114,0.494992,-0.949438,-0.043863,0.891624,-0.544881,-0.024573,0,0,0,0
0.155567,0.629568,-0.469554,-0.740827,1.205280,-0.718679,0.425114,0,0,0,0
0.699495,0.950268,-2.384555,0.730990,-0.078991,0.049168,0.075153,0,0,0,0
-0.310981,-0.698780,-1.493229,-1.383400,0.602425,-0.318733,-1.479456,0,0,0,0
-0.406958,1.719782,-2.330422,2.112241,0.367287,1.565583,-0.820712,0,0,0,0
-1.345064,1.436599,-2.526391,2.388116,-1.762325,-0.244841,-1.206433,0,1,0,0
0.369673,1.579699,-1.717112,0.562972,-1.065194,1.162031,-0.534821,0,0,0,0
-0.243905,1.920845,-2.140818,0.250386,-1.209205,-0.889268,-1.090130,0,0,0,0
0.155630,0.901077,-1.630582,1.680849,-0.076511,-0.273403,-0.733584,0,0,0,0
-1.032133,0.508255,-1.399003,1.194279,-0.486509,-0.757221,-1.510556,0,0,1,0
0.065245,0.043668,-1.007463,0.880374,-0.767411,0.448498,-0.748870,0,0,0,0
-0.492034,0.437682,-2.062104,1.628588,-1.244516,-0.475696,-1.136149,0,0,0,0
-0.098362,1.013018,-1.438768,0.789463,-1.574113,0.363087,-0.970665,0,0,0,0
-0.567894,-0.140220,-0.955479,1.245306,-0.850151,-0.196051,-1.300181,1,0,0,1
0.541539,-0.333080,-0.863306,0.155319,1.964104,0.740103,0.239411,0,0,0,0
0.040212,-0.182316,-0.784642,-0.220356,1.042659,-0.747868,-0.662291,0,0,0,0
0.752307,-0.052404,-1.061712,-0.640203,0.886309,-0.119671,-0.162007,0,0,0,0
0.219418,1.186194,-1.021379,-1.157426,1.247638,-0.711178,-0.572743,0,0,0,0
0.948966,0.103207,-1.262583,0.473705,1.110689,0.448743,0.151287,0,0,0,0
-0.069018,-0.489034,-0.838131,-1.106016,0.534824,-1.003005,0.036327,0,0,0,0
0.280115,-0.016128,-0.150041,0.831680,1.460576,0.280915,0.800571,0,0,0,0
-0.328458,-0.060172,-0.000395,0.788791,0.569946,-0.514225,-0.086170,0,1,1,0
1.277238,-0.243820,-0.461809,-0.739967,-0.438882,0.491192,-0.017315,0,0,0,0
0.863660,0.371177,-0.745394,-0.504875,-0.170319,-0.959860,-0.224480,0,0,0,0
0.310107,0.798090,0.484380,0.130796,1.029458,-0.601171,-0.695792,0,0,0,0
0.139581,0.637503,-0.053400,-0.640296,0.321428,-0.813400,-0.253281,1,0,0,0
0.817371,0.151793,-0.147188,1.624928,0.938590,-0.159579,0.226726,0,0,0,0
0.170412,0.807225,-0.319270,-0.146176,1.508108,-0.646661,-0.363727,0,0,0,0
0.185709,-0.385594,0.551840,1.758406,0.378237,-0.088448,-0.350304,0,0,0,0
0.599288,-0.822035,-0.194757,0.404233,0.372822,-0.359938,-0.301583,0,0,1,1
0.548761,0.496516,-0.385461,0.082749,2.346812,0.004615,0.408833,0,0,0,0
0.068094,-0.263731,-0.593803,1.185333,1.674637,-0.526410,-0.141405,0,0,0,0
0.418165,0.500229,-0.614604,-0.173742,0.555310,-0.535669,0.079409,0,0,0,0
0.241214,0.896176,-0.942578,-1.424616,1.084502,-0.880410,0.341159,0,0,0,0
0.730568,0.252755,-2.006179,0.824235,0.908846,0.081487,0.028039,0,0,0,0
-0.289974,0.327185,-2.406386,-0.235387,0.301218,-1.027590,-1.172207,0,0,0,0
-0.171635,0.810457,-1.545970,0.473299,0.250758,-0.011439,-0.967782,0,0,0,0
-1.157011,1.030178,-2.346454,2.091026,-1.284954,-0.089140,-1.149453,0,1,0,0
0.845354,0.937851,-0.974634,-0.412881,-0.675256,2.398734,-0.348667,0,0,0,0
-0.204238,1.544315,-1.674012,-0.212622,-0.015178,-0.777650,-1.160536,0,0,0,0
0.257227,0.809995,-1.414248,1.723887,0.024214,0.075989,-0.662662,0,0,0,0
-0.525182,0.543421,-1.334585,-0.058377,1.036695,-0.769107,-1.466357,0,0,1,0
0.061857,0.461598,-1.230734,0.786721,0.093421,0.457127,-0.976901,0,0,0,0
-0.251022,0.732831,-1.524413,0.203006,-0.976630,-0.248780,-1.131190,0,0,0,0
0.018447,1.807186,-1.671161,0.313219,-1.192419,0.930505,-0.717900,0,0,0,0
-0.052736,0.884937,-1.706233,0.215485,-0.886679,-0.264270,-1.075146,1,0,0,1
0.563289,-0.191865,-0.965390,-0.133006,2.112720,0.928421,0.130608,0,0,0,0
-0.224731,-0.305982,-0.627064,0.597772,3.188013,-0.658974,-0.415994,0,0,0,0
0.559143,1.317446,-0.725706,-0.777380,0.587972,-0.155114,-0.322992,0,0,0,0
0.390833,0.946470,-0.906832,-1.428967,0.697600,-0.808564,-0.152548,0,0,0,0
0.817982,0.634188,-1.284371,0.780555,0.811690,0.148662,0.439475,0,0,0,0
-0.423686,0.938289,-2.505255,-0.066903,-0.122134,-1.077829,-1.120253,0,0,0,0
0.043927,0.529741,-1.282328,1.474231,0.288877,0.700679,-0.644691,0,0,0,0
-0.542378,0.337637,-1.665079,1.162149,0.043383,-0.321986,-0.895312,0,0,1,0
0.499042,1.250729,-1.389613,0.219188,-0.194648,0.338602,-0.631972,0,0,0,0
0.244329,1.050116,-1.616893,0.142081,-0.662267,-0.669118,-0.799783,0,0,0,0
-0.424599,2.406809,-1.080332,1.177826,-0.059452,-0.177458,-1.061759,0,0,0,0
-0.705555,1.124320,-1.198706,-0.297702,1.195104,-0.584737,-1.561979,0,1,0,0
0.503924,0.661699,-1.863040,1.429075,0.329121,0.855711,-0.452411,0,0,0,0
-0.659306,1.419123,-1.792816,-0.358018,-0.176809,-0.798764,-1.380490,0,0,0,0
-0.249874,1.251251,-1.503999,1.053691,-1.170697,1.072976,-0.860365,0,0,0,0
-0.102492,0.627380,-1.692945,0.484462,-0.583697,0.097431,-0.968685,1,0,0,1
0.495828,-0.063937,-0.341483,0.333187,2.275207,1.359782,0.604500,0,0,0,0
0.145820,-0.024510,-1.142057,0.642790,1.536884,-0.672413,-0.270317,0,0,0,0
0.768473,0.165712,-0.500026,0.284769,1.034030,0.014794,0.646709,0,0,0,0
0.424475,0.238210,-0.404191,-0.489096,1.065997,-0.297077,-0.087241,0,0,0,1
0.951558,0.578336,-1.560898,0.379575,0.903758,0.078016,0.481814,0,0,0,0
-0.029419,-0.219019,-0.536450,-0.858651,1.483710,-0.861408,-0.349816,0,0,0,0
0.601592,-0.096758,-0.405881,0.455137,1.809523,1.418052,0.106874,0,0,0,0
-0.252377,-0.088026,0.272073,1.116186,0.326499,-0.701235,-0.877122,1,0,0,0
0.807150,0.586367,-0.547544,-0.098978,0.338252,0.014765,0.131731,0,0,0,0
0.337750,0.656556,-0.697782,-0.003340,1.190444,-0.852993,-0.086078,0,0,0,0
0.695892,0.165331,-0.277006,1.146728,1.004406,-0.060538,0.209623,0,0,0,0
-0.198414,-0.238784,0.277473,0.854206,0.790631,-0.623652,-0.421883,0,1,1,0
0.960638,-0.498823,-0.495731,-0.283316,-0.253535,0.814561,-0.157081,0,0,0,0
0.568484,-0.037369,-0.536222,0.310088,0.127475,-0.665132,-0.619418,0,0,0,0
0.696831,0.259907,0.036691,-0.099795,0.011061,0.056474,0.010988,0,0,0,0
-0.063984,-0.439747,0.096387,1.345335,0.207592,-0.493550,-0.315856,1,0,0,0
0.654237,-0.504879,-0.868604,-0.200503,1.177521,0.737608,0.238129,0,0,0,0
-0.379731,-0.327535,-0.644550,0.311624,2.317197,-0.942248,-0.468268,0,0,0,0
0.825315,0.104038,-1.166293,-0.787054,0.956814,0.172362,-0.023327,0,0,0,0
0.240746,1.475472,-1.247446,-1.508456,0.974347,-0.799476,-0.372959,0,0,0,0
1.212678,0.397532,-0.977387,0.147637,0.944734,0.382716,0.724012,0,0,0,0
0.205854,0.326823,-0.822294,-1.820115,0.196066,-0.894337,-0.888634,0,0,0,0
0.349847,0.281446,-0.436151,0.386683,0.927300,-0.106851,0.276887,0,0,0,0
-0.126208,-0.127585,0.212545,0.826265,1.575574,-0.833600,-0.205444,0,0,0,1
0.867829,0.969145,-1.145264,-0.964455,-0.348841,-0.046570,0.637368,0,0,0,0
0.696110,1.293008,-1.602156,-1.061146,-0.481106,-0.354673,0.218738,0,0,0,0
0.711140,1.274156,-0.729418,-0.888745,0.515059,0.093529,0.402924,0,0,0,0
-0.274106,2.323025,-0.859539,-1.771884,0.346930,-0.904837,0.157045,0,0,0,1
0.962697,0.025813,-0.860173,0.659990,0.540255,0.960440,0.508867,0,0,0,0
-0.144077,1.536793,-0.728050,-0.684093,0.767925,-0.533787,-0.162242,0,0,0,0
0.741511,0.609316,0.178058,1.087402,0.738865,1.115540,0.660557,0,0,0,0
0.135350,0.160065,0.148972,0.687201,-0.998198,-0.579679,0.464957,1,1,0,0
0.819848,0.465972,0.049632,-0.599500,0.532067,0.798268,0.188007,0,0,0,0
0.758122,0.158287,-0.305740,-0.014504,-0.634880,-0.354991,0.278496,0,0,0,0
1.537534,-0.336529,-0.927800,-1.251476,-0.680775,0.121852,0.605654,0,0,0,0
0.608428,-0.104241,-0.198301,-0.811052,-0.619876,-0.671002,-0.037284,0,0,1,0
1.119979,-0.800177,-0.087273,0.301884,-0.318230,0.119293,0.192912,0,0,0,0
0.214771,-0.940974,-0.040820,1.252698,0.311388,-0.784960,-0.349067,0,0,0,0
1.085481,-0.189575,-0.676543,-0.296895,0.270169,-0.139164,0.197411,0,0,0,0
0.352185,-0.629056,0.462549,1.070155,0.284405,-0.926711,-0.542645,0,1,0,0
0.734025,-0.684682,-0.119732,0.267504,0.305563,-0.159655,-0.041727,0,0,0,0
0.210267,-0.139964,1.019245,1.046434,-0.492032,-0.572645,-0.446011,0,0,0,0
1.380560,-0.083677,-1.016891,-0.430885,-0.444933,0.817517,0.552847,0,0,0,0
0.419756,-0.254758,0.394837,0.740288,-0.414453,-0.775914,-0.323128,1,0,0,0
0.972660,-0.592884,-0.243029,0.328229,0.697757,0.924922,0.105284,0,0,0,0
0.761724,-0.364000,-0.893800,0.205908,1.338309,-0.454452,0.020096,0,0,0,0
1.377725,-0.491636,-0.642364,-0.415116,-0.367379,0.297726,0.320354,0,0,0,0
0.417737,-0.350011,-0.125749,0.428106,-0.356581,-0.726277,-0.223568,0,0,0,1
0.783253,0.737129,0.378083,-0.351562,0.030338,0.452625,-0.033105,0,0,0,0
-0.068987,0.273240,0.365864,-0.472651,0.691693,-0.861972,-0.555027,0,0,0,0
1.341112,-0.126678,-0.537040,-0.336725,-0.317481,0.426967,0.355689,0,0,0,0
0.494629,-0.128844,0.442458,0.304361,0.228593,-0.712124,-0.241023,0,0,0,0
1.118743,-0.187288,-0.269281,0.515022,0.035953,0.931879,0.342315,0,0,0,0
0.171188,0.024993,0.103500,0.408847,0.251936,-0.771102,-0.359319,0,0,0,0
1.216746,0.058538,-1.014867,-0.895417,0.183593,0.423701,0.401753,0,0,0,0
0.371717,-0.235058,-0.169033,0.776316,0.334626,-0.711675,-0.436195,0,0,0,1
0.806899,-0.261183,0.237126,0.279839,0.225812,0.474126,0.116273,0,0,0,0
0.262834,-0.295537,0.355342,0.659403,-0.259282,-0.552788,-0.318870,0,0,0,0
1.276569,-0.012805,-1.143525,-0.623773,-0.301408,1.243379,0.558715,0,0,0,0
0.142531,0.253650,0.264037,-0.835026,-0.356990,-0.611779,-0.607518,0,0,0,0
1.248878,-0.376208,-0.472153,0.604017,0.561530,1.141939,0.407986,0,0,0,0
0.047859,-0.174021,0.379447,-0.142161,0.015583,-0.692224,-0.396608,0,0,0,0
1.211272,-0.267836,-0.716004,-0.494703,-0.237618,0.962582,0.270082,0,0,0,0
0.851057,-0.451104,0.058733,-0.303146,-0.500680,-0.646625,-0.165372,1,0,0,1
0.812032,0.764505,0.313196,-0.413425,-0.089003,0.196266,0.150571,0,0,0,0
0.170624,0.125796,0.353196,0.656248,0.654699,-0.537625,-0.273063,0,0,0,0
1.520074,0.093144,-0.465739,-0.565620,-0.418351,0.216258,0.290046,0,0,0,0
0.063898,0.270354,0.759817,0.050228,0.787541,-0.605076,-0.465883,0,0,1,0
0.989096,-0.469015,-0.818623,-0.318430,0.163649,0.241024,0.160414,0,0,0,0
0.057921,0.581154,0.793797,-0.157876,-0.124998,-0.492415,-0.538081,0,0,0,0
1.202204,0.171683,-0.633603,-0.606392,0.397492,0.434487,0.356043,0,0,0,0
0.554771,-0.138854,0.081778,0.086638,-0.583301,-0.602080,-0.019287,0,1,0,0
0.802399,-0.275153,0.174314,-0.517836,-0.755093,0.166897,0.031024,0,0,0,0
0.148833,-0.350673,0.309298,0.009019,0.573714,-0.453398,-0.447046,0,0,0,0
1.406282,0.024958,-0.682540,-0.453309,-0.187055,1.331262,0.545626,0,0,0,0
0.177175,0.579186,0.444054,-0.703023,-0.472569,-0.744994,-0.432087,0,0,1,0
0.989751,-0.465773,-0.343472,0.235193,0.895859,1.101705,0.145683,0,0,0,0
0.313126,-0.314197,0.157081,1.142818,1.001853,-0.559329,-0.102081,0,0,0,0
1.514335,0.060707,-1.113934,-0.493522,-0.749797,0.732481,0.474767,0,0,0,0
0.590499,-0.825991,-0.040525,0.565557,0.136991,-0.542269,-0.042590,1,0,0,1
0.922547,0.086842,0.059705,0.058535,0.351102,0.566463,0.015087,0,0,0,0
-0.172513,-0.216608,1.042902,0.319392,0.271189,-0.705954,-0.344267,0,0,0,0
1.019303,0.047439,-0.485097,-0.425738,-0.078631,0.240328,0.261043,0,0,0,0
0.196494,-0.398860,0.605614,0.046777,0.239425,-0.581332,-0.778980,0,0,0,0
1.036120,-0.497130,-0.056662,0.444910,0.665641,0.920383,0.252993,0,0,0,0
0.180396,0.162491,0.302125,-0.296970,0.114605,-0.730243,-0.314160,0,0,0,0
1.176690,-0.337394,-0.740838,-0.665601,-0.305655,0.258331,0.302082,0,0,0,0
0.343594,-0.291139,-0.174711,0.220343,0.206337,-0.767129,-0.408065,1,0,0,0
0.968966,0.133589,0.038832,-0.506735,-0.246134,0.280682,0.049324,0,0,0,0
0.482966,-0.166741,-0.018879,0.272889,0.424643,0.293299,-0.387941,0,0,0,0
1.292326,0.147342,-0.579629,-0.051201,0.168370,1.623163,0.397592,0,0,0,0
0.262755,0.222381,0.051388,-0.310898,0.030244,-0.506989,-0.533465,1,0,0,0
1.062432,-0.544162,-0.049030,0.908030,0.279690,1.145157,0.240050,0,0,0,0
0.582289,-0.307660,0.117797,-0.452535,0.543608,-0.434915,-0.363088,0,0,0,0
1.432040,-0.240423,-0.547469,-0.265028,-0.546278,0.983081,0.436026,0,0,0,0
1.080570,-0.227688,0.399894,-0.288560,-1.104883,-0.446565,-0.047588,0,0,1,1
0.881382,1.451377,0.209200,-0.505518,0.383820,0.293166,0.173152,0,0,0,0
0.389442,-0.462565,-0.322476,0.800603,0.382546,-0.808923,-0.671558,0,0,0,0
0.946797,-0.026913,-0.635435,-0.023057,-0.099925,-0.060066,1.211066,0,0,0,0
0.067828,0.326269,0.599205,0.268043,0.981638,-0.791633,0.953419,0,1,0,0
1.158631,-0.117213,-0.070968,0.259521,0.116430,0.634350,0.355155,0,0,0,0
0.314910,-0.056124,0.241150,0.410117,0.876754,-0.991881,-0.505954,0,0,0,0
1.159305,0.147550,-0.717086,-0.125720,0.172509,0.225859,0.665674,0,0,0,0
0.542268,-0.312351,0.729938,1.200139,0.291310,-0.878583,0.439379,0,0,0,1
1.040396,0.063819,0.381084,-0.218003,-0.062690,0.277449,0.219873,0,0,0,0
0.175425,-0.467458,0.643713,0.665399,0.972114,-0.812937,-0.579122,0,0,0,0
1.173602,-0.284453,-0.858695,-0.136772,0.455519,1.130586,1.221637,0,0,0,0
0.223386,0.346911,0.526990,0.306723,0.833589,-0.702755,0.721543,0,0,1,0
0.988026,-0.203391,-0.049913,0.402196,1.572222,1.367820,0.279612,0,0,0,0
0.633473,-0.261941,0.148855,0.736431,0.082261,-0.745880,-0.155959,0,0,0,0
1.312554,-0.195363,-0.734818,-0.296261,-0.936016,-0.106436,0.357141,0,0,0,0
0.698189,-0.305288,-0.244335,0.859815,0.360494,-0.657221,-0.297603,1,1,0,0
0.610756,0.010614,0.273099,-0.065344,0.213859,-0.187032,-0.095195,0,0,0,0
0.462757,-0.026889,0.140910,-0.421152,-0.024045,-0.572771,-0.281342,0,0,0,0
1.107330,0.305815,-0.713991,-0.459829,0.085046,-0.063406,1.454752,0,0,0,0
0.187109,0.864404,0.027797,-0.454258,0.137107,-0.361283,1.375482,0,0,0,0
1.048745,0.321371,0.085094,0.437296,0.066257,0.968056,0.280928,0,0,0,0
0.439888,0.214301,0.409548,-0.488231,0.411178,-0.546225,-0.447470,0,0,0,0
1.233901,-0.371133,-0.726381,-0.207660,-0.385934,0.282138,0.153031,0,0,0,0
0.687199,0.335920,-0.006939,-0.597886,0.113551,-0.735335,0.958090,0,1,0,0
1.312534,0.537734,-0.812475,-0.008409,-0.247623,0.714632,0.669920,0,0,0,0
0.520373,-0.548280,0.008579,0.840707,-0.073802,-0.687476,-0.386018,0,0,0,0
1.003959,0.535305,-0.189145,0.486363,0.076975,0.044999,1.243197,0,0,0,0
0.277772,-0.096220,0.409896,0.228758,0.729977,-0.599443,1.094530,0,0,1,0
1.259926,0.189922,0.258489,0.619618,1.069602,0.938824,0.367327,0,0,0,0
0.589241,0.072175,0.156019,-0.270187,0.143531,-0.716877,-0.250261,0,0,0,0
1.309341,0.273355,-0.298336,-0.049643,-0.600170,-0.062085,0.218881,0,0,0,0
0.700562,0.194414,0.339818,0.183263,-0.426758,-0.822562,0.126086,1,0,0,1
0.623673,0.810544,0.194430,-0.414157,0.556878,-0.023079,-0.141710,0,0,0,0
0.655087,-0.037972,-0.169525,0.489194,-0.163854,-0.720363,-0.211355,0,0,0,0
1.124426,0.482370,-0.569740,0.088143,0.811810,0.095204,1.310573,0,0,0,0
-0.214729,1.287042,1.056548,1.408764,0.649882,-0.650333,0.975020,0,0,0,0
1.040760,-0.173025,-0.152808,0.547316,0.699011,0.969091,0.308765,0,0,0,0
0.464905,-0.207190,0.064334,0.702418,0.487737,-0.723788,-0.307225,0,0,0,0
1.356687,0.848918,-0.278020,0.067265,0.162158,0.246279,0.464998,0,0,0,0
0.594523,1.087945,0.454303,0.905164,0.001207,-0.962849,0.930672,1,0,1,0
0.647052,0.913620,0.242457,0.175117,0.158301,-0.275571,0.344477,0,0,0,0
0.284880,0.347147,0.486586,-0.045097,0.700826,-0.911723,-0.648238,0,0,0,0
1.149751,0.656281,-0.237178,0.663282,0.647991,1.185388,1.559318,0,0,0,0
0.214431,0.861678,1.065247,1.086184,0.650359,-0.595235,1.074788,0,0,0,0
1.128153,0.174876,0.119493,0.728647,0.953366,1.140083,0.284368,0,0,0,0
0.327364,-0.291205,0.226526,1.670026,1.605568,-0.659422,-0.102323,0,0,0,0
1.278315,0.724234,-0.770697,-0.213831,-0.326408,0.089199,0.705850,0,0,0,0
0.597366,0.394987,0.066964,0.293267,-0.245017,-0.777173,0.633572,1,1,0,0
0.630826,1.127240,0.353839,-0.310652,1.204476,-0.060789,0.050973,0,0,0,0
0.071776,-0.464464,0.528421,0.280936,0.850441,-0.616455,-0.662464,0,0,0,0
0.527815,1.542522,0.753747,0.300580,0.584196,0.028913,0.287579,0,0,0,0
-0.136973,0.966763,0.950150,-0.198283,1.291381,0.032094,0.077799,0,0,0,0
0.149314,1.686468,-0.182005,-0.381319,0.075585,0.686259,-0.730473,0,0,0,0
-0.632161,0.939300,-0.475850,-0.919631,1.016453,-0.382028,-1.671026,0,0,0,0
0.080075,1.998140,-0.637433,-1.366045,1.476483,1.662420,0.055424,0,0,0,0
-0.379672,2.158665,-1.161157,-1.508768,2.865200,-0.520863,-0.081842,0,0,0,0
-0.037148,1.521097,-1.473071,-0.925870,-0.034715,1.120616,-0.921141,0,0,0,0
-0.912896,0.074473,-1.513710,-1.106529,1.685748,-0.026639,-1.396073,0,0,0,0
0.005859,1.749403,-0.848579,-1.658235,1.224157,1.671348,0.048081,0,0,0,0
-0.226696,1.769674,-0.180847,-1.301396,1.903549,-0.314323,-0.457255,0,0,0,0
0.394644,1.458747,-1.454087,-2.514252,0.335033,1.739016,-0.621574,0,0,0,0
-0.364929,-0.020816,-2.297796,-2.863136,1.398086,-0.764423,-1.339776,0,0,0,0
-0.257905,1.680669,-0.334641,-0.012891,1.861624,0.079004,-0.275554,0,0,0,0
-0.255152,1.758771,-0.415843,-1.451732,2.042235,-0.036908,-0.596582,0,0,1,1
0.931043,0.358040,0.486290,0.894037,1.005685,0.939552,0.852262,0,0,0,0
0.674528,0.122447,0.202569,0.440448,-0.035461,-0.444096,0.579060,0,0,0,0
1.624557,0.222850,-0.882956,-0.660717,0.002861,0.136159,1.146369,0,0,0,0
0.800793,-0.068788,0.219141,-0.119174,-0.796165,-0.584402,0.483264,0,1,0,0
1.279177,-0.174035,0.033547,0.611200,0.384834,0.921114,0.876085,0,0,0,0
0.510236,-0.328442,0.495441,1.232879,0.166714,-0.867681,0.459474,0,0,0,0
1.380940,-0.260837,-0.486599,0.201641,0.429885,0.076579,0.782267,0,0,0,0
0.429173,0.305552,0.207594,0.897384,-0.351188,-0.934145,0.026823,0,0,1,0
1.068456,-0.127226,0.529581,1.186321,0.119376,0.418117,0.773698,0,0,0,0
0.836034,-0.186666,0.469961,0.877610,-0.268372,-0.712879,0.289121,0,0,0,0
1.565058,0.263774,-0.419974,-0.049099,-0.066621,0.690760,0.885234,0,0,0,0
0.971498,0.255081,0.098577,0.605463,0.129352,-0.812930,0.243972,0,0,0,1
1.034230,0.133302,0.069615,0.795849,0.928850,0.214436,0.579862,0,0,0,0
0.993309,0.571811,-0.494223,0.593791,1.416444,-0.638127,0.168977,0,0,0,0
1.343947,0.140432,-0.680689,0.491028,-0.009177,0.232046,0.731554,0,0,0,0
0.619905,0.129548,0.508037,0.624834,-0.067950,-0.707060,-0.071986,1,0,0,0
0.947946,0.007631,0.458239,0.718914,1.141440,0.134044,0.453005,0,0,0,0
0.420058,0.395344,0.952873,0.300892,0.051445,-0.839073,-0.102869,0,0,0,0
1.440564,0.350566,0.026834,0.076758,-0.453188,0.289643,0.503829,0,0,0,0
0.680404,0.288336,0.718803,0.912308,-0.215563,-0.265611,-0.001784,0,0,0,0
1.493461,0.491768,0.215841,0.599446,0.394933,1.055846,0.833733,0,0,0,0
0.559334,0.398451,0.256893,-0.050960,-0.297164,-0.656921,0.035953,0,0,0,0
1.581813,0.226796,-0.392934,-0.700517,-0.571665,0.470914,0.866071,0,0,0,0
0.586007,-0.078664,0.148996,0.565557,0.195680,-0.776603,-0.079499,1,0,0,0
1.277538,0.311400,0.234308,0.624933,-0.407146,0.510753,0.733352,0,0,0,0
0.728781,-0.325419,0.488268,1.493715,0.057545,-0.623422,0.007235,0,0,0,0
1.567770,0.017256,-0.809785,0.154441,-0.097530,0.634314,0.663850,0,0,0,0
0.360045,0.930015,0.492682,0.116072,0.257491,-0.535650,-0.335200,0,0,0,0
1.205006,-0.607054,-0.233124,1.209935,0.941112,0.520704,0.636082,0,0,0,0
0.240168,-0.248547,0.635463,0.306750,0.023845,-0.909367,-0.206487,0,0,0,0
1.268460,0.030580,-0.411758,0.160187,0.376504,0.465927,0.575947,0,0,0,0
0.722334,-0.105429,0.005110,-0.042885,-0.605631,-0.754295,0.098208,1,0,0,1
0.955954,0.588076,0.545056,0.569754,0.439094,0.820602,0.653238,0,0,0,0
0.238504,0.073580,0.290795,0.794541,0.730000,-0.763439,-0.017949,0,0,0,0
1.391309,0.058051,-0.487373,0.151367,0.065473,0.627557,0.762011,0,0,0,0
0.646998,0.118195,-0.018096,-0.091128,-0.207691,-0.196896,-0.206744,0,1,0,0
1.230183,0.541201,-0.165263,0.520803,0.713064,1.417590,0.731887,0,0,0,0
0.253193,0.529468,0.493744,-0.190844,-0.986722,-0.927582,-0.252266,0,0,0,0
1.584617,0.032745,-0.210444,-0.017539,0.211104,0.922672,0.822139,0,0,0,0
0.750156,0.284775,0.164382,0.379639,0.262613,-0.876386,0.567318,0,0,1,0
1.129060,0.447787,0.598708,0.283838,-0.114742,0.170178,0.689926,0,0,0,0
0.741275,-0.224139,-0.204277,0.369464,0.246611,-0.650131,0.210887,0,0,0,0
1.406865,-0.209778,-0.858053,-0.133926,-0.054939,0.540187,0.875266,0,0,0,0
0.361175,0.699791,0.591046,0.227378,-0.298327,-0.702218,0.146525,0,1,0,0
1.155547,0.395017,-0.101694,0.982196,0.656086,0.482760,0.534617,0,0,0,0
0.600845,0.879809,0.808813,0.734825,0.464651,-0.834305,0.338427,0,0,0,0
1.576674,0.473112,-0.438242,-0.184160,-0.234632,0.870149,0.836102,0,0,0,0
0.491663,0.012013,0.032138,0.834669,-0.285100,-0.662018,0.465296,1,0,0,1
1.102229,0.238535,0.591468,0.769606,0.838019,0.842615,0.684921,0,0,0,0
0.357564,0.758901,1.124543,0.091657,-0.648201,-1.017304,0.407250,0,0,0,0
1.300528,-0.159522,-0.381989,-0.174553,-0.049279,0.826104,0.639840,0,0,0,0
0.799685,0.561762,0.455000,0.261714,-0.349111,-0.439546,0.067799,0,0,0,0
1.340828,-0.013665,0.097230,0.616982,0.760639,1.070750,0.807332,0,0,0,0
0.387232,0.710692,0.647251,0.586905,-0.005109,-0.958189,0.417269,0,0,0,0
1.521830,0.239038,-0.381792,-0.169888,-0.489442,0.331850,0.736606,0,0,0,0
0.624645,-0.055107,0.205983,0.255605,-0.327979,-1.078274,0.077436,0,0,0,1
1.351123,0.421780,0.438327,0.237875,-0.592964,0.073146,0.722114,0,0,0,0
0.553259,-0.075169,0.402006,0.751582,0.339027,0.083255,0.119834,0,0,0,0
1.331349,0.309306,-0.274002,-0.015019,0.272034,0.913466,0.780572,0,0,0,0
0.246369,-0.003960,0.287845,1.218386,0.918600,-0.385235,-0.379517,0,0,0,1
1.109165,-0.058033,0.274320,1.180407,0.605127,0.757641,0.585766,0,0,0,0
0.721753,-0.041282,0.356491,0.750852,0.551410,0.023019,-0.009931,0,0,0,0
1.354480,0.204963,-0.302685,0.201920,-0.344080,1.360956,0.577280,0,0,0,0
1.021229,-0.154407,0.076429,0.210241,-0.212902,-0.079786,0.536745,1,1,0,0
1.024571,0.625728,-0.165177,-0.272279,0.081356,0.956420,0.437913,0,0,0,0
0.617862,-0.209905,-0.063492,0.419899,-0.216850,-0.642003,-0.344962,0,0,0,0
1.193448,-0.409979,-0.479512,0.170218,-0.059287,0.069071,0.629276,0,0,0,0
0.847928,0.845568,0.237793,0.594708,-0.002304,-0.647351,0.229159,0,0,1,0
1.346973,0.269102,-0.168521,0.229356,-0.205589,0.959251,0.722478,0,0,0,0
0.453432,-0.097341,0.258874,0.585620,0.218596,-1.096039,-0.302670,0,0,0,0
1.489619,0.047416,-0.422196,-0.053484,-0.244551,0.115923,0.688737,0,0,0,0
0.740508,0.289947,0.650070,1.109025,-0.390543,-0.885903,0.292657,1,0,0,0
0.954582,0.241324,-0.202694,-0.136344,0.050782,-0.173609,0.288063,0,0,0,0
0.522831,-0.582814,0.115979,-0.205130,0.116247,-0.610173,-0.481334,0,0,0,0
1.191570,-0.091032,-0.880180,0.069496,0.063826,0.582220,0.744050,0,0,0,0
0.398985,0.462744,0.601283,0.518511,0.158007,-0.565717,-0.038657,0,1,0,0
1.338354,-0.102464,-0.155499,0.216700,0.344644,0.854806,0.520197,0,0,0,0
0.686384,0.046521,0.233462,0.373319,-0.181195,-1.002658,-0.141498,0,0,0,0
1.404299,0.209980,-0.295932,-0.123773,-0.861413,0.159228,0.903411,0,0,0,0
0.662963,0.204152,0.108697,0.954237,-0.038188,-0.847561,-0.168231,0,0,1,1
1.115381,-0.271432,0.307290,0.495042,-0.148879,0.455301,0.462279,0,0,0,0
0.384998,0.242107,0.220565,0.099093,0.598490,-0.656453,-0.255978,0,0,0,0
1.489278,0.529018,-0.265380,0.035441,0.027993,0.358720,0.824516,0,0,0,0
0.842620,0.679041,-0.201978,0.355292,-0.607799,-0.417962,0.326993,0,0,0,0
1.377623,0.810961,0.336341,0.293771,-0.651605,1.109044,0.609144,0,0,0,0
0.540784,0.353584,0.204773,-0.562369,-0.335639,-0.843450,-0.223773,0,0,0,0
1.269299,-0.217382,-0.543331,0.239344,0.125835,-0.022057,0.700488,0,0,0,0
0.856794,1.206285,0.168095,-0.606887,-0.376081,-0.862912,0.418625,0,0,1,0
1.402388,0.273168,-0.584400,-0.672220,-0.437784,-0.022525,0.613154,0,0,0,0
0.654990,-0.279278,0.208846,0.953635,-0.025290,-0.708588,-0.304023,0,0,0,0
1.185414,0.310287,-0.538839,0.274989,0.214088,0.279967,0.802688,0,0,0,0
0.481487,0.477708,0.369679,0.413494,-0.032811,-0.278449,0.245547,0,1,0,0
1.394207,0.015793,-0.144444,0.333960,0.306848,1.073027,0.590368,0,0,0,0
0.538927,0.242479,-0.131110,-0.410782,-0.250530,-0.913896,-0.206583,0,0,0,0
1.269083,-0.295902,-0.285143,0.037571,-0.184019,0.291714,0.574953,0,0,0,0
0.926613,0.350856,0.139291,0.070561,-1.414367,-0.787490,0.158204,1,0,0,1
0.958444,0.617861,0.327795,0.065098,-0.201884,0.242085,0.354909,0,0,0,0
0.574535,0.289421,-0.125914,0.263033,-0.515753,-0.813797,-0.218804,0,0,0,0
1.278994,0.344662,-0.727896,0.256742,0.077345,0.265222,0.812585,0,0,0,0
0.789026,0.993019,0.597727,1.348025,0.552805,-0.661927,0.445776,0,0,0,0
1.174372,-0.034506,-0.036672,0.851879,0.512992,1.361292,0.602762,0,0,0,0
0.691337,0.107804,0.455644,0.072239,-0.304655,-0.857879,0.004066,0,0,0,0
1.211413,0.627457,-0.148611,0.653855,0.538923,0.045430,0.548480,0,0,0,0
0.833521,0.892162,0.344184,0.515233,-0.433271,-0.971286,0.428694,0,1,0,1
0.852086,0.525675,-0.016659,0.033674,-0.258000,-0.199501,0.252175,0,0,0,0
0.582482,0.400649,0.408388,0.221902,0.250757,-0.315978,-0.387259,0,0,0,0
1.301352,0.262569,-0.512086,-0.005269,-0.214788,0.891079,1.077864,0,0,0,0
0.338213,0.612097,0.768227,0.789370,0.443619,-0.506321,0.343370,0,0,0,0
1.094496,0.140201,-0.139594,0.406895,0.518945,1.058452,0.507490,0,0,0,0
0.546547,0.053501,0.422221,1.322053,0.972786,-0.894501,0.094020,0,0,0,0
1.483511,0.417579,-0.589127,-0.309008,-0.285688,0.544597,1.061890,0,0,0,0
0.780581,0.823549,0.829427,0.405710,-0.955834,-0.734544,0.517422,0,0,1,1
1.028300,0.505231,0.294651,-0.019922,0.418936,0.035765,0.187737,0,0,0,0
0.150814,0.056356,0.432479,0.627165,0.510792,-1.013747,-0.606400,0,0,0,0
0.666245,0.495825,-0.140716,0.961890,-0.000328,-0.064021,0.409330,0,0,0,0
0.607824,0.472562,0.615224,0.950580,-0.148839,0.294659,-0.310395,0,0,0,0
0.867273,0.766208,0.029793,0.220442,0.139861,0.990009,-0.218771,0,0,0,0
-0.400668,1.036547,-1.451958,0.522136,-1.115620,0.499675,-1.339219,0,0,0,0
0.467899,1.592615,-0.431102,-0.568628,0.202261,0.877360,-0.023084,0,0,0,0
0.303955,1.661344,-0.581045,-0.494837,1.505513,0.020601,-0.295707,0,0,0,0
0.281962,0.080625,-1.511620,-0.818900,0.156153,0.811151,-0.724976,0,0,0,0
-0.234506,-0.024907,-2.144259,-0.788632,-0.838958,0.890671,-1.067840,0,0,0,0
0.563639,1.409487,-0.420762,-0.575281,-0.189668,0.996482,0.086018,0,0,0,0
0.249425,1.290801,-0.466939,0.154453,0.022191,0.127637,-0.481256,0,0,0,0
0.746828,0.338647,-1.566558,-1.424703,-0.149800,1.753659,-0.460242,0,0,0,0
-0.072083,0.734468,-2.118530,-1.943346,0.787679,-0.864711,-1.104722,0,0,0,0
0.704564,0.971963,-1.022012,0.036765,0.787225,0.734263,-0.215997,0,0,0,0
0.448919,1.214374,-0.634969,0.072183,-0.333623,1.307333,-0.348436,1,1,0,0
0.928032,0.039158,-0.386422,-0.312560,1.445519,2.653895,0.836329,0,0,0,0
-0.099067,0.143459,-0.058219,0.520218,-0.737799,-0.958351,0.238742,0,0,0,0
0.363405,-0.312812,0.436264,0.454499,-0.136067,0.123204,1.518819,0,0,0,0
-0.082619,0.059844,-0.127142,0.355262,0.231671,-0.776138,0.945920,0,0,1,0
-0.259756,-1.907655,1.136064,1.731581,0.833336,-0.043817,0.717828,0,0,0,0
-1.312017,-1.275192,1.812094,1.887403,-0.471133,-1.039667,0.457358,0,0,0,0
-0.653636,-1.392379,1.760725,1.901070,0.249862,0.506893,1.169412,0,0,0,0
-0.943089,-0.536548,1.895886,1.552008,-0.267991,-0.784520,1.080508,0,0,0,0
0.037878,-0.289493,0.549750,0.657942,1.434217,0.977128,0.554769,0,0,0,0
-1.324424,-1.884345,2.674557,1.355889,0.202468,-0.632972,0.386710,0,0,0,0
-0.749669,-0.915351,1.627272,1.488928,-0.117201,0.817682,1.091808,0,0,0,0
-1.384430,0.172858,1.839864,1.944559,-0.065344,-1.037113,1.103559,0,0,1,0
0.308686,-1.494173,0.280737,0.519256,1.122813,2.251933,0.729846,0,0,0,0
-2.025085,-0.630308,1.550400,0.678309,0.162502,-1.119383,0.279589,0,0,0,0
-0.658045,-1.082569,1.813111,1.854171,0.343718,1.932881,0.991058,0,0,0,0
-1.227470,-0.071956,2.014072,1.369599,-0.558730,-0.956660,1.340187,1,1,0,0
0.364898,-1.153754,0.559030,0.262755,1.300357,2.717792,0.480618,0,0,0,0
-1.983542,-0.437710,1.627744,0.817629,1.227674,-1.209255,0.325844,0,0,0,0
-0.350506,-0.998963,1.589533,0.772958,0.052722,3.003511,0.605652,0,0,0,0
-1.351316,0.133626,2.192784,1.415774,0.379137,-0.754673,1.214797,0,0,1,0
-0.657383,-1.672056,1.593092,0.853585,1.899504,0.863264,0.662935,0,0,0,0
-1.431058,-1.515073,2.603481,0.474868,-0.099091,-0.231971,0.413526,0,0,0,0
-0.911267,-0.519831,1.925254,1.822486,0.606585,0.813329,0.361971,0,0,0,0
-1.674906,0.728523,1.968592,1.852444,0.523008,-0.926000,1.047038,0,0,0,0
-0.230221,-0.645715,0.902614,0.115576,1.845246,1.504040,0.472674,0,0,0,0
-1.669713,-1.708746,2.963435,0.358292,0.162281,-0.421066,0.315559,0,0,0,0
-0.806409,-1.319425,1.867405,1.695454,0.460394,1.359801,0.127510,0,0,0,0
-1.316063,0.405945,1.790139,0.955861,0.377102,-1.054577,0.458316,0,0,1,0
0.518585,-0.984597,-0.170552,-0.353442,1.343702,2.665587,0.764105,0,0,0,0
-1.819162,-2.764818,2.249377,0.463193,0.175285,-0.812939,0.360733,0,0,0,0
-0.526501,-0.812236,2.496014,2.042682,0.713937,2.294913,0.917386,0,0,0,0
-1.210101,0.164544,1.800399,1.190265,-0.137721,-0.856462,0.285117,1,1,0,0
0.493278,-0.140268,0.664634,-0.111746,0.734588,3.029702,0.471856,0,0,0,0
-1.956078,2.350785,1.538208,-0.035884,0.550597,-1.036368,0.402099,0,0,0,0
-0.521640,-0.196580,1.888121,0.565625,-0.397557,0.417959,-0.704107,0,0,0,0
-1.389247,0.531843,1.773870,0.621318,-0.297208,-1.115349,-0.708331,0,0,1,0
-0.434593,-1.589499,1.008650,0.859826,1.292468,0.830596,0.701082,0,0,0,0
-2.221654,0.715107,2.475831,0.091786,0.159627,-0.956355,0.327704,0,0,0,0
-0.857125,-1.435196,1.627224,1.214139,-0.408742,1.123195,-1.020316,0,0,0,0
-1.090472,-0.129855,1.699043,0.843057,-0.486696,-0.746975,-1.262541,0,0,0,0
0.147797,-0.355703,0.781801,0.421331,1.411748,1.921579,0.574495,0,0,0,0
-1.705898,-1.309402,3.304070,0.236381,0.436332,-0.356692,0.341727,0,0,0,0
-0.752432,-1.247164,1.710886,1.043543,-0.249804,1.254249,-0.665961,0,0,0,0
-1.288486,0.045079,1.875734,0.817032,-0.785394,-1.148986,-1.582686,0,0,1,0
0.363135,-0.977756,0.406933,0.346520,0.718448,2.329561,0.786114,0,0,0,0
-2.153085,-0.131903,1.608726,0.145164,0.646786,-1.215411,0.232057,0,0,0,0
-0.667952,-0.929981,1.903307,1.565931,-0.082281,2.201998,0.083612,0,0,0,0
-0.933355,0.255808,1.797227,1.170439,-0.812533,-0.959352,-0.918592,1,1,0,0
0.512287,-0.929342,0.368883,-0.172764,1.359462,2.748791,0.548705,0,0,0,0
-2.045201,-0.479258,1.940728,0.549695,0.458744,-1.156013,0.407904,0,0,0,0
-0.631284,-0.731998,2.318433,1.413508,0.541535,1.030253,0.060738,0,0,0,0
-1.080635,0.160050,2.025049,1.401211,-0.706077,-0.759531,-0.736523,0,0,0,0
-0.645222,-1.611922,1.752173,1.242846,1.835634,1.088252,0.681951,0,0,0,0
-1.505398,-2.093187,2.598956,0.859448,-0.594867,-0.209604,0.374903,0,0,0,0
-0.783222,-0.273088,2.293077,2.021887,0.567808,1.134683,0.368697,0,0,0,0
-1.528400,1.628877,1.925697,1.466819,-0.967397,-1.081478,-0.384157,0,1,0,0
-0.211892,-1.220945,0.853241,0.299839,2.086824,2.046201,0.497327,0,0,0,0
-1.946410,-1.939823,3.341434,0.461769,0.104479,-0.606933,0.350684,0,0,0,0
-0.716652,-0.676618,2.162339,1.653052,0.650708,1.669430,0.583328,0,0,0,0
-1.324854,0.589253,2.142768,1.111040,-0.332740,-1.188561,-0.104592,1,0,0,0
0.742264,-0.681827,-0.277917,-0.384341,1.035455,2.612826,0.764681,0,0,0,0
-1.512193,-2.378696,2.301049,0.324716,0.038443,-0.636273,0.329588,0,0,0,0
-0.639383,-1.220033,2.288252,1.707356,0.038272,1.965942,0.464671,0,0,0,0
-0.991575,0.455989,2.178720,1.437206,-0.318189,-0.950924,0.149660,0,0,1,1
-0.339271,-0.381421,1.005188,0.862324,1.586046,0.481291,0.494325,0,0,0,0
-2.181689,2.221098,2.034053,0.095362,0.512905,-0.910596,0.408765,0,0,0,0
-0.404917,-0.106595,1.729579,0.746988,0.041025,1.197883,0.228879,0,0,0,0
-1.210423,0.871513,2.000363,0.717712,0.310379,-1.008965,-0.222902,0,1,0,0
-0.274919,-1.182935,1.294315,0.563784,1.098407,1.542592,0.661174,0,0,0,0
-2.102711,0.340266,2.183205,0.304094,0.098358,-1.078105,0.263814,0,0,0,0
-0.717616,-0.548629,2.023516,0.760320,0.423659,1.721130,0.178223,0,0,0,0
-0.780298,0.172413,2.080087,1.025124,-0.372330,-0.752420,-0.260090,0,0,0,0
0.363874,-0.249865,0.633258,0.319112,0.724372,2.031068,0.585879,0,0,0,0
-1.569693,-1.482157,3.012182,0.142408,-0.379805,-0.632396,0.385813,0,0,0,0
-0.727969,-0.692947,1.835025,1.225360,-0.082211,1.931187,0.387511,0,0,0,0
-1.259666,0.597742,1.937357,0.841127,-0.402762,-1.053779,-0.193892,0,1,0,0
0.513769,-0.792475,0.505515,0.384817,0.907631,2.551962,0.624995,0,0,0,0
-2.129685,-0.164182,1.533195,0.198629,1.293683,-1.221165,0.280191,0,0,0,0
-0.525283,-0.920601,2.112423,1.622245,0.267265,2.395895,0.686997,0,0,0,0
-1.096069,0.259434,1.967942,1.058668,-0.690402,-0.668113,0.088177,0,0,1,1
0.010864,-1.166742,0.588216,0.100694,1.499124,0.733166,0.659033,0,0,0,0
-2.449820,0.129598,1.194255,0.786918,0.442854,-1.099468,0.363479,0,0,0,0
-0.738386,-0.675534,1.968998,0.965584,0.230384,1.399095,0.668200,0,0,0,0
-1.135955,-0.189132,2.208968,1.513027,0.208963,-0.770582,0.268990,0,1,0,0
-0.393062,-1.681133,1.066163,0.533599,1.750780,1.724529,0.646241,0,0,0,0
-1.356125,-1.836166,2.398462,0.834848,-0.015157,-0.230117,0.269755,0,0,0,0
-0.957618,-0.255541,2.101880,2.064715,0.808516,1.202606,0.932162,0,0,0,0
-1.553029,0.866992,2.042799,1.419051,-0.193521,-1.059869,0.649100,0,0,0,0
-0.037372,-0.866359,0.981970,0.136170,2.117805,2.422280,0.518787,0,0,0,0
-1.608943,-1.904196,2.819561,0.211166,0.444702,-0.543464,0.405102,0,0,0,0
-0.908961,-1.243900,1.783660,1.656167,0.384147,1.684726,0.912062,0,0,0,0
-1.651412,0.136968,2.030373,1.314416,0.483587,-0.987258,1.108798,0,1,0,0
0.593033,-0.513126,0.308879,-0.125285,1.139612,3.322084,0.529614,0,0,0,0
-1.548947,-2.521336,2.108830,0.012661,0.038739,-0.809963,0.388645,0,0,0,0
-0.793425,-0.525450,2.606293,2.105008,0.947193,0.122580,0.911655,0,0,0,0
-1.280696,0.099497,2.214044,1.222296,-0.380548,-0.606186,0.983110,0,0,1,1
-0.347423,-0.317325,0.789574,0.540454,1.556085,0.924072,0.441476,0,0,0,0
-2.181664,2.480058,1.769506,-0.255481,0.852465,-0.927274,0.314708,0,0,0,0
-0.602068,-0.355865,1.796685,0.830368,0.105916,1.585056,0.821881,0,0,0,0
-1.720630,0.177110,2.324244,1.417952,0.174875,-1.010801,1.092983,0,1,0,0
-0.230677,-1.215644,1.213132,0.832806,1.413276,2.186600,0.583357,0,0,0,0
-2.120699,0.553892,2.236874,-0.268145,0.225342,-1.144009,0.278220,0,0,0,0
-0.732474,-1.375156,1.690460,1.108610,0.089166,2.149537,0.406536,0,0,0,0
-1.236282,-0.208607,1.951467,1.333829,-0.332180,-0.963421,0.922586,0,0,0,0
0.267421,0.442616,0.509015,0.276205,0.797615,2.845574,0.702280,0,0,0,0
-1.602970,-1.791826,3.329343,0.351466,-0.098329,-0.550741,0.398451,0,0,0,0
-0.590448,-0.965089,1.663320,0.659393,-0.914607,1.594931,-0.214777,0,0,0,0
-1.491793,0.265477,1.690777,1.074240,-0.425297,-0.990907,0.509174,0,1,0,0
0.552775,-0.638485,0.467235,0.273733,1.103600,3.002610,0.781695,0,0,0,0
-2.333366,0.195263,2.025022,-0.009638,0.597105,-1.154635,0.302568,0,0,0,0
-0.881527,-1.014211,1.752652,1.360222,0.290847,0.695661,-0.728103,0,0,0,0
-1.265316,-0.345422,1.695367,1.023803,-0.078204,-0.568919,-0.057401,0,0,1,1
0.028163,-1.332101,0.471270,0.507698,1.080868,1.381904,0.814699,0,0,0,0
-2.220167,-0.284979,2.035557,0.443534,0.662301,-1.022229,0.380127,0,0,0,0
-0.723607,-1.648418,1.877000,1.157775,-0.543379,1.451574,-0.979829,0,0,0,0
-1.444255,-0.255099,1.552388,1.880564,-1.085895,-0.789256,-1.009193,0,0,0,0
-0.184842,-1.446339,1.043187,0.639203,2.321947,2.232396,0.779202,0,0,0,0
-1.332080,-2.282222,2.588190,0.761925,-0.274598,-0.329308,0.415980,0,0,0,0
-0.813834,-0.413762,1.830877,1.594951,0.135891,1.134585,-0.607151,0,0,0,0
-1.601379,0.439220,1.706281,0.742340,-1.084571,-1.017910,-1.863360,0,0,1,0
0.254366,-0.641047,0.250278,-0.022170,2.458394,2.924056,0.560694,0,0,0,0
-2.894982,1.069402,2.126619,0.097328,1.805114,-1.133449,0.314345,0,0,0,0
-0.575036,-0.840562,2.053634,2.500647,1.113862,3.877707,0.849339,0,0,0,0
-1.291468,0.102678,1.824985,1.750045,1.533607,0.726000,0.592099,0,0,1,0
0.186027,-0.640162,0.322666,-0.456181,1.224415,0.894285,0.526989,0,0,0,0
-1.796149,-2.102233,2.148076,0.374244,0.026756,-0.784648,0.339593,0,0,0,0
-0.888038,-0.420661,2.599699,2.252943,1.353047,0.749608,0.826761,0,0,0,0
-1.600161,-0.353490,2.101608,1.044591,0.339076,-0.443622,0.720880,1,1,0,0
0.169003,-0.581596,0.591061,0.937249,0.965907,1.612776,0.507556,0,0,0,0
-0.781546,-0.789078,0.433071,2.708089,-0.737268,-0.782083,0.455906,0,0,0,0
-0.174201,-1.072216,1.189093,1.891644,0.058777,0.527200,1.051265,0,0,0,0
-0.780507,-1.429686,1.202507,1.684218,-0.340785,-0.878585,0.034999,0,0,1,0
0.212810,-1.571966,0.506664,1.390237,1.135107,1.959500,0.942834,0,0,0,0
-1.200570,-1.452234,1.356735,1.968220,0.149251,-1.086989,0.409235,0,0,0,0
-0.557545,-1.291854,1.414343,1.321229,0.158524,0.733932,1.423758,0,0,0,0
-0.573184,-0.746774,1.082226,2.026777,-0.124927,-0.791331,0.806695,0,0,0,1
0.474407,-0.384627,0.328936,0.752115,1.079214,1.886219,0.549552,0,0,0,0
-1.087670,-2.090810,2.194494,1.879228,0.978926,-0.815900,0.447294,0,0,0,0
-0.301612,-1.324244,0.763252,1.688902,1.050379,1.179345,1.679577,0,0,0,0
-1.269254,-0.228311,1.437221,2.214563,0.004101,-0.964830,1.307172,0,0,0,0
0.228969,-1.284746,0.115857,0.380795,0.937650,0.648252,0.779427,0,0,0,0
-1.480809,-0.856935,0.615852,1.810050,0.875520,-0.577050,0.419284,0,0,0,0
-0.840055,-1.399272,1.489774,1.954767,0.769843,1.094261,1.828942,0,0,0,0
-1.189088,-1.036983,1.376968,2.130400,-0.062798,-0.595145,1.502877,1,0,0,1
0.016089,-1.295804,0.358970,0.529701,1.635433,1.799144,0.535931,0,0,0,0
-1.991282,-0.756519,1.633273,1.415215,1.279849,-1.094024,0.202030,0,0,0,0
-0.734704,-1.556202,1.483480,1.199567,0.723845,2.152981,1.635572,0,0,0,0
-1.300203,-0.811778,1.634047,1.385045,0.214328,-0.700094,1.600539,0,0,1,0
0.063792,-1.708450,0.409971,1.407975,2.322174,2.665253,0.732941,0,0,0,0
-1.065653,-2.123906,2.033549,0.911362,0.460294,-0.627801,0.416936,0,0,0,0
-0.677757,-0.392690,1.277741,2.933050,0.375739,1.275505,1.179460,0,0,0,0
-1.337809,0.170245,0.696063,2.066507,1.195410,-0.729272,1.816288,0,1,0,0
0.380297,-0.682857,0.524057,0.585962,1.714896,3.149801,0.519008,0,0,0,0
-0.812995,-1.878831,1.593308,1.669771,1.086776,-0.626299,0.476761,0,0,0,0
-1.016904,-1.503544,1.701685,1.785150,0.781392,0.048596,1.087510,0,0,0,0
-1.810939,0.035235,1.762164,1.665091,1.167055,-0.956361,1.729814,0,0,0,0
0.521284,-1.141316,-0.497566,-0.075212,1.318929,1.094788,0.766101,0,0,0,0
-1.647526,-2.324042,1.989511,1.102671,0.760327,-0.694481,0.354467,0,0,0,0
-0.719269,-1.405391,2.066224,2.867212,1.426749,1.268424,1.284328,0,0,0,0
-1.008808,-0.103054,1.323709,1.943539,0.562226,-0.232853,0.820725,1,1,0,0
0.144124,-0.278407,0.722790,0.075378,1.268352,1.929285,0.413021,0,0,0,0
-1.343188,1.287550,0.390339,1.859415,0.711178,-0.731001,0.307635,0,0,0,0
-0.199961,-0.744888,1.451387,1.490911,0.068693,1.558056,-0.109665,0,0,0,0
-1.186986,-0.026894,1.272402,1.504361,0.547815,-0.999753,0.462845,0,0,1,0
0.366849,-1.293017,0.385662,0.887898,1.253811,2.875901,0.903704,0,0,0,0
-1.727893,0.013380,1.387697,1.093512,0.403631,-1.108738,0.265611,0,0,0,0
-0.462864,-1.764332,1.387124,1.327814,-0.027765,1.571027,-0.662901,0,0,0,0
-0.724062,-0.704151,1.125431,2.386907,0.802429,-0.797703,-0.365385,0,0,0,1
0.644885,-0.072012,0.284900,0.401390,1.052275,2.045800,0.649546,0,0,0,0
-1.493894,-1.588312,2.055055,1.400627,0.944540,-0.502136,0.349243,0,0,0,0
-0.220067,-1.323777,0.411641,1.499618,0.534863,0.802658,-1.297331,0,0,0,0
-1.083776,-0.306469,1.280138,0.937808,-0.538126,-0.931920,-1.631882,0,0,0,0
0.387241,-1.272013,0.016870,0.439353,0.550273,1.031707,0.912588,0,0,0,0
-1.545816,-0.572544,0.294428,1.481334,1.408500,-0.868259,0.309301,0,0,0,0
-0.493776,-1.394551,1.487172,1.955912,0.611142,1.698059,-0.393597,0,0,0,0
-0.886514,-1.227530,1.349932,1.947074,-0.598624,-0.370713,-1.709003,1,0,0,1
0.175068,-1.123706,0.319649,0.447865,1.542580,1.944916,0.663429,0,0,0,0
-1.900754,-0.460595,1.686069,0.909034,0.915342,-1.155484,0.318181,0,0,0,0
-0.590812,-1.114010,1.887152,2.088174,1.020743,2.196872,0.332469,0,0,0,0
-1.079087,-1.101568,1.427576,1.146180,-0.250446,-0.666221,-1.722252,0,0,0,0
0.336988,-1.308010,0.502734,0.807073,2.025408,2.568481,0.758813,0,0,0,0
-1.098556,-2.328462,2.197768,1.006039,0.202585,-0.691871,0.414087,0,0,0,0
-0.515773,-0.093845,1.514900,2.693135,0.319776,0.590431,0.740808,0,0,0,0
-1.003551,0.381291,0.752637,2.353358,0.960222,-0.742894,-0.563772,1,0,0,1
-0.455941,-1.205520,0.574984,1.170920,2.207402,0.308431,0.446155,0,0,0,0
-1.407002,-2.208360,1.422782,1.860725,1.235722,-0.196348,0.489743,0,0,0,0
-0.857861,-1.037182,2.037242,2.069041,0.255330,0.757598,0.834369,0,0,0,0
-1.548607,-0.346894,1.700436,1.384157,0.874659,-1.046804,-0.213396,0,0,1,0
0.766748,-0.565492,-0.458344,-0.249116,1.186257,1.455881,0.950392,0,0,0,0
-1.426666,-2.200217,1.723714,0.695417,0.896748,-0.722832,0.291104,0,0,0,0
-0.764814,-1.605099,1.912437,2.443409,0.809092,1.812979,1.180048,0,0,0,0
-0.909277,-0.352830,1.023426,2.118198,0.626099,-0.459841,0.575394,1,1,0,0
0.112735,-0.661268,0.530260,0.572821,1.461071,2.424629,0.549300,0,0,0,0
-1.340559,1.450325,0.546509,1.906679,0.646356,-0.837022,0.403258,0,0,0,0
-0.252934,-0.598516,1.506357,1.479860,0.063598,1.347767,1.135024,0,0,0,0
-1.241159,-0.067403,1.105560,1.298063,0.872471,-1.161892,0.887768,0,0,1,0
0.453064,-0.440162,0.665963,0.646692,1.226824,3.318133,0.633052,0,0,0,0
-1.668319,-0.114391,1.215472,1.025335,0.516469,-1.149935,0.357030,0,0,0,0
-0.600396,-1.195558,1.533162,1.259700,0.393340,1.134786,0.976880,0,0,0,0
-0.859046,-0.480256,0.839732,1.494993,0.407743,-0.709834,1.143948,0,0,0,1
-0.031066,-0.436602,0.616262,0.925474,1.332244,0.646367,0.474287,0,0,0,0
-1.251715,-1.504048,2.091875,0.822112,0.343559,-0.375944,0.409128,0,0,0,0
-0.351013,-1.098520,0.615466,1.907713,0.742312,1.205339,0.875649,0,0,0,0
-1.312440,-0.074308,1.500945,2.023927,0.153492,-1.019075,0.943524,0,0,0,0
0.476809,-1.287744,0.099804,0.511579,0.603471,1.764621,0.832374,0,0,0,0
-1.600785,-0.504720,0.478998,1.914097,1.140938,-1.095322,0.241961,0,0,0,0
-0.512714,-1.610668,1.238377,1.763398,0.015406,1.699585,0.652162,0,0,0,0
-0.798099,-0.236809,1.293767,1.656950,-0.743970,-0.736248,0.765348,1,0,0,1
0.416161,-0.975698,0.333343,0.072577,1.263134,2.240025,0.636428,0,0,0,0
-2.031647,-0.712283,1.387442,0.689139,1.552942,-1.199745,0.328061,0,0,0,0
-0.489352,-1.340999,1.480750,0.923133,-0.049425,2.472578,0.300259,0,0,0,0
-0.956116,-0.284663,1.516740,1.375931,-0.008559,-0.934320,0.442491,0,0,1,0
0.348567,-1.219124,-0.083249,0.746299,1.845584,2.686006,0.641856,0,0,0,0
-1.039987,-2.085649,1.956718,1.107989,0.239028,-0.744368,0.412136,0,0,0,0
-0.713391,-0.125827,1.504433,2.737858,-0.134271,0.487584,-0.097823,0,0,0,0
-1.033155,0.411174,0.675932,1.469454,0.163180,-0.610118,-0.086877,0,1,0,0
-0.243199,-1.060895,0.647975,1.184313,1.694781,0.932879,0.645304,0,0,0,0
-1.221844,-1.807148,1.489324,1.679714,1.190691,-0.204101,0.372698,0,0,0,0
-0.615451,-0.898083,1.695377,1.819851,-0.322675,0.815788,-0.340081,0,0,0,0
-1.095086,0.548136,1.582912,1.099273,0.310825,-0.902936,-0.572018,0,0,0,0
0.621551,-0.892201,-0.153903,-0.310768,1.343749,1.741495,0.865071,0,0,0,0
-1.388827,-2.439571,1.602591,0.349164,0.838401,-0.522067,0.337511,0,0,0,0
-0.328759,-1.004302,1.837682,2.495951,0.755743,2.148072,0.930896,0,0,0,0
-0.668539,0.009193,1.235346,2.157756,0.817671,-0.525014,0.485382,1,1,0,0
0.340611,-0.772672,0.687806,0.077054,1.155874,2.359745,0.518372,0,0,0,0
-1.298259,1.510967,0.373100,1.848039,0.831652,-0.803145,0.398650,0,0,0,0
-0.011031,-0.314394,1.380928,1.224592,-0.070485,1.402593,0.406424,0,0,0,0
-0.861282,0.717009,1.567102,1.455261,0.012783,-0.822870,-0.169886,0,0,1,0
0.587726,-0.438560,0.444381,0.218256,1.190029,2.626403,0.566739,0,0,0,0
-1.828129,0.275508,1.295947,0.861188,0.665394,-1.049695,0.334165,0,0,0,0
-0.537316,-0.630668,1.736904,1.270287,0.451532,1.169708,0.308461,0,0,0,0
-0.564475,-0.444596,1.050604,1.929754,0.532791,-0.644594,0.155799,0,0,0,1
0.180413,-0.149785,0.640627,0.479781,1.382912,0.696573,0.599030,0,0,0,0
-1.403071,-1.523306,2.038288,1.143584,0.714414,-0.336442,0.333841,0,0,0,0
-0.030600,-0.624934,0.818380,1.416851,0.681460,1.686858,0.549623,0,0,0,0
-1.200237,0.397399,1.651578,1.301585,0.445173,-1.071042,0.085528,0,0,0,0
0.472625,-0.964223,0.015619,0.535825,0.833562,1.847844,0.781764,0,0,0,0
-1.496316,-0.610447,0.471904,1.689848,1.219941,-1.041122,0.311675,0,0,0,0
-0.327857,-1.275691,1.245081,1.868680,0.195526,1.774456,0.500671,0,0,0,0
-0.598803,-0.109297,1.377398,2.068091,0.017567,-0.958934,0.365109,1,0,0,1
0.561206,-0.868100,0.385805,0.412217,0.857622,2.263004,0.680847,0,0,0,0
-1.898811,-0.539384,1.406464,0.878161,1.145930,-1.149827,0.342589,0,0,0,0
-0.502640,-1.472179,1.676221,1.996965,0.952420,2.164832,0.375199,0,0,0,0
-0.913865,-0.022216,1.893919,1.431302,-0.067985,-0.964669,0.348134,0,0,0,0
-0.068675,-1.594946,0.332942,1.801308,2.701843,0.500921,0.761548,0,0,0,0
-1.456110,-2.153187,2.163033,1.133021,0.040821,-0.522127,0.405589,0,0,0,0
-0.587089,0.165028,1.501117,2.712403,0.385136,0.923622,0.055792,0,0,0,0
-0.939865,0.841043,0.994575,1.751458,0.563042,-0.704342,0.089814,1,0,0,1
-0.114895,-0.925447,0.285811,0.785740,2.282836,1.408607,0.558279,0,0,0,0
-1.823601,-0.104935,0.196091,2.463069,1.339873,-0.929829,0.280564,0,0,0,0
-0.614923,-0.900870,2.493491,2.594783,0.562552,1.796283,0.887615,0,0,0,0
-1.261302,0.642967,2.188112,1.724665,0.603489,0.049625,0.700596,0,1,0,0
0.912967,-0.502387,-0.227358,-0.190569,1.148569,1.648629,0.634093,0,0,0,0
-1.413925,-2.686348,1.772771,0.836865,0.477432,-0.612689,0.401946,0,0,0,0
-0.441484,-0.970032,1.654131,2.485530,0.652821,2.285264,0.779912,0,0,0,0
-0.639270,0.310052,1.391355,2.130438,0.863362,-0.528048,0.435800,0,0,1,1
1.133276,1.048953,-0.352559,0.100568,-1.829900,2.200878,0.939948,0,0,0,0
-0.234682,1.113315,0.969776,1.359014,-1.936827,-1.072656,0.573136,0,0,0,0
-0.201821,0.095470,0.480080,0.761299,-1.381033,-0.361619,0.065444,0,0,0,0
-0.344556,1.425905,0.204024,1.351066,-1.826202,-0.849982,-0.144894,0,0,0,0
0.188808,0.764109,0.292123,0.912115,-0.863595,-0.063358,0.035579,0,0,0,0
-0.032911,0.900579,0.766325,0.479412,-1.545660,-0.927027,0.101280,0,0,0,0
-1.602057,-1.478466,0.269280,-0.158571,-2.681659,-1.130214,-2.278729,0,0,0,0
-1.716673,-0.671301,0.839935,-0.322992,-3.413272,-0.660338,-2.254702,0,0,0,0
-0.378667,-1.227007,-2.008758,-1.160560,-1.114877,1.115400,-1.551752,0,0,0,0
-1.912926,-0.189708,0.324585,0.454764,-2.637032,-0.902618,-2.343382,0,0,0,0
-2.183248,0.113572,-0.473227,0.670549,-2.491369,-0.887631,-2.467074,0,0,0,0
-1.897205,-0.265990,0.286076,0.016467,-1.689766,-0.740514,-2.371103,0,0,0,0
-0.157554,-2.208638,-1.101408,-0.600920,-1.431355,1.448542,-1.252099,0,0,0,0
-1.999109,0.280850,-0.323112,-0.471247,-1.314145,-1.145997,-2.334818,0,0,0,0
-0.764053,-0.388047,-1.098866,-1.685583,-2.903799,-0.631100,-1.878428,0,0,0,0
-1.710281,-0.016504,0.998535,-1.051504,-1.308861,-0.766144,-2.154989,0,0,0,1
0.042488,-0.606888,-1.433291,-2.903652,-2.042353,1.157610,-1.344264,0,0,0,0
-2.160068,0.686302,-0.433933,-1.495406,-1.490468,-0.792957,-1.708242,0,0,0,0
-1.672953,-0.436149,-0.708018,-0.595684,-1.140244,0.516682,-1.661771,0,0,0,0
-2.149600,-0.215929,-0.480346,-2.751701,-0.247997,-0.800362,-1.938390,0,0,0,0
-1.232268,-0.595381,-1.453924,-0.887734,-1.851076,0.763254,-1.593095,0,0,0,0
-2.316589,0.433537,-0.973861,-2.525643,-0.038714,-0.865761,-1.637777,0,0,0,0
-2.279380,0.530895,-1.242878,-2.372252,-0.989123,-0.693358,-1.749038,0,0,0,0
-2.310554,1.577387,-1.335532,-2.443315,1.452565,-0.590466,-2.077972,0,0,0,0
-0.850090,-0.982894,-1.468959,-1.770164,-0.716393,0.918963,-1.756270,0,0,0,0
-2.375155,1.309069,-0.566416,-2.586952,0.275337,-0.815748,-1.336150,0,0,0,0
-3.477574,1.152071,-0.537943,-3.013249,-0.043865,-0.968741,-1.361002,0,0,0,0
-3.027649,2.024610,-1.181870,-2.043060,-1.603671,-0.355522,-1.934977,0,0,0,0
-0.138260,-0.066233,-2.312220,-1.113391,-1.440212,0.463242,-1.663161,0,0,0,0
-1.590982,-0.134739,0.384635,-2.115363,0.864292,-0.907358,-2.383961,0,0,0,0
-2.582336,2.057340,0.321338,-2.607715,0.332529,-0.542240,-2.118536,0,0,0,0
-2.804655,2.794048,-1.052136,-2.383462,0.507218,-0.913594,-2.487359,1,0,0,0
-0.111204,-0.737185,-1.188416,-1.335926,-1.104855,3.415215,-1.793868,0,0,0,0
-2.520677,2.425496,-0.272629,-0.802714,-0.109974,-0.989566,-2.500270,0,0,0,0
-3.204797,4.082469,-1.687057,-1.631567,-0.065450,-0.603363,-2.260140,0,0,0,0
-3.375324,4.275282,-1.297230,-1.496232,-0.862174,-1.031602,-2.458708,0,0,0,0
-1.218264,-0.443205,-1.770988,0.481306,-0.845073,1.327896,-1.984741,0,0,0,0
-2.921721,3.398311,-0.745147,-0.200728,-0.311006,-0.870602,-2.579487,0,0,0,0
-3.279244,4.190637,-1.643273,-1.134289,0.062577,-0.972808,-2.565283,0,0,0,0
-3.487933,4.292589,-1.312370,-2.003912,0.408158,-1.061285,-2.701194,0,0,0,0
-0.550034,-0.084193,-1.825767,-1.048409,-0.574562,2.272051,-1.610568,0,0,0,0
-3.073139,3.376522,0.102808,-0.483980,-0.298092,-1.028363,-2.394411,0,0,0,0
-3.410128,4.722815,-0.872210,-2.328855,-0.945808,-0.873084,-2.495743,0,0,0,0
-3.500610,4.380347,-0.440585,-1.659701,-0.386411,-1.044653,-2.501017,0,0,0,0
-0.030270,-1.058968,-1.267863,-0.572653,-1.812472,-0.478206,-1.957935,0,0,0,0
-1.267946,-1.634932,0.782638,-0.633944,-0.655640,-0.924550,-2.076761,0,0,0,0
-1.512132,-0.046743,0.319113,1.618449,-2.979282,-0.598901,-2.127270,0,0,0,0
-1.989868,1.856032,-0.367596,-1.323093,-0.923847,-0.564140,-2.506226,1,0,0,0
-0.392777,-0.394291,-1.399908,-2.426034,-1.845826,0.316533,-1.536220,0,0,0,0
-1.834595,1.433293,-1.368835,-1.074957,-0.574303,-0.895448,-1.892178,0,0,0,0
-1.611665,-0.551924,-0.069130,-0.124454,-1.504800,0.201530,-1.831409,0,0,0,0
-1.098055,-3.774558,1.472857,-1.171155,-2.388957,-0.941216,-1.564157,0,0,0,0
-0.274965,-1.836621,-0.487304,-0.877519,-1.152100,0.562802,-1.616295,0,0,0,0
-1.729825,-0.030659,-0.726690,-1.450440,2.058189,-0.764406,-1.875908,0,0,0,0
-1.202339,-1.087787,-0.768936,0.569356,1.121477,-0.235014,-1.443289,0,0,0,0
-1.591729,0.625366,-1.544332,-3.151527,0.728907,-0.492546,-1.741137,0,0,0,0
-0.175589,-0.269720,-1.361280,-2.174167,-1.133432,0.942293,-1.380312,0,0,0,0
-2.407961,1.548783,-1.664413,-0.911570,0.845683,-0.893513,-1.696450,0,0,0,0
-1.910764,-0.769605,-0.762795,0.749161,-0.348871,0.152911,-1.233414,0,0,0,0
-2.740515,1.297735,-0.550232,-0.643601,1.269101,-0.753309,-1.993353,0,0,0,0
-0.078953,-0.224805,-1.327193,-1.059478,0.117094,2.110407,-1.461263,0,0,0,0
-1.714300,-0.226549,-1.106313,-0.440709,1.807655,-1.014584,-1.672432,0,0,0,0
-1.864262,-0.712756,-0.709840,1.215521,0.561499,-0.924113,-1.529224,0,0,0,0
-2.257253,-0.003092,-0.906710,-0.558582,1.095448,-0.848572,-1.671479,0,0,1,0
-0.611259,-0.011094,-0.525301,-0.886936,-0.650838,1.010449,-1.698118,0,0,0,0
-1.509411,0.578562,0.499514,-1.122269,-0.407301,-0.757317,-2.390551,0,0,0,0
-1.512723,0.399436,-1.178610,-0.294450,-0.257182,-0.347187,-2.111610,0,0,0,0
-2.187457,1.570060,-0.444602,-1.088159,0.604730,-0.772121,-2.495285,0,0,0,0
-1.021545,0.086223,-1.049217,0.734007,-1.198530,1.913400,-1.860286,0,0,0,0
-2.212538,2.074203,-0.314197,0.043344,-0.711113,-1.066008,-2.536074,0,0,0,0
-2.360588,1.402504,-0.479620,-0.589045,-0.059224,-0.642803,-2.370649,0,0,0,0
-2.325189,1.594289,-0.236685,-0.291275,0.276685,-0.681538,-2.440400,0,0,0,0
-0.266063,-1.134530,-1.378832,-0.934669,-0.491531,2.028236,-1.452878,0,0,0,0
-1.244983,-1.380459,0.698488,0.227934,1.151585,-0.882856,-2.107446,0,0,0,0
-1.651508,0.984867,-0.609654,0.063937,1.303497,-0.872028,-2.149041,0,0,0,0
-2.476410,1.951247,-0.170670,-0.448312,0.625038,-0.896481,-2.374530,0,0,0,0
-0.353172,-0.500128,-2.299615,-1.527498,-0.507806,2.336602,-1.296080,0,0,0,0
-1.871043,0.837179,-1.847718,-1.127362,-0.298319,-0.986730,-1.590187,0,0,0,0
-2.375744,1.247171,-0.485689,-1.081751,-1.117961,-0.357733,-1.702117,0,0,0,0
-2.295945,1.386255,-0.361216,-0.656435,-1.604360,-0.863240,-2.051140,0,0,1,0
-0.638568,-0.681913,-0.998750,-0.990714,-0.384323,0.755114,-1.571597,0,0,0,0
-2.095231,1.230706,-1.006588,0.105877,-1.424543,-0.782113,-1.654984,0,0,0,0
-1.820572,1.299439,-1.499917,-2.145499,0.047192,-0.809871,-1.904966,0,0,0,0
-1.810368,-5.004290,0.945724,1.241097,-3.801265,-0.824371,-1.410561,0,0,0,0
-0.468724,-2.151312,-0.537747,0.103625,-0.973053,1.168233,-1.473966,0,0,0,0
-1.566257,0.680868,-0.852228,-1.246995,-1.586969,-0.821269,-1.903269,0,0,0,0
-2.229528,1.026532,-1.563449,-0.811672,-0.719190,-0.835949,-1.925676,0,0,0,0
-1.767854,-0.603361,-0.771552,-1.673484,0.712220,-0.277769,-1.700535,0,0,0,0
-0.333576,-0.867258,-1.497508,-1.155849,0.271079,0.979453,-1.389026,0,0,0,0
-1.675806,0.654909,-0.401758,-0.058188,-0.589198,-0.998554,-1.788372,0,0,0,0
-2.363304,0.552919,-0.745179,-0.545848,-1.394072,-0.871737,-2.197086,0,0,0,0
-2.320021,1.099225,-1.109570,-2.563583,-0.613387,-0.768181,-2.058578,0,0,0,0
0.266443,-0.228729,-0.947397,-1.161389,-0.806859,1.582145,-1.496868,0,0,0,0
-1.550039,0.382368,-0.408215,0.368445,-0.813009,-1.033856,-2.476255,0,0,0,0
-2.246968,1.636497,-0.192961,-1.058928,-0.957630,-0.883417,-2.254459,0,0,0,0
-2.893829,2.850387,-1.060606,-1.034151,-0.216065,-0.953334,-2.541333,0,1,0,0
-0.215271,-0.783100,-1.027999,-0.930784,-0.656269,1.407513,-1.657495,0,0,0,0
-1.363901,0.274087,0.282457,0.116679,-1.495435,-0.969172,-2.341647,0,0,0,0
-2.234970,2.308034,-0.771074,-0.666192,-2.435233,-0.464220,-2.319135,0,0,0,0
-2.411729,2.366828,-1.324463,-0.482315,-1.741281,-0.870504,-2.532932,0,0,0,0
-0.387064,-0.823819,-0.790168,0.159000,-0.874435,2.692478,-1.485915,0,0,0,0
-1.548112,0.121407,0.152314,0.296794,-1.585181,-1.089794,-2.313311,0,0,0,0
-1.954470,0.413614,0.094525,-0.121264,-1.774436,-0.499777,-2.471322,0,0,0,0
-2.046928,1.113357,-0.634853,-0.658131,-1.122103,-0.935364,-2.637099,0,0,0,0
-0.169957,-0.179604,-1.304476,-0.402095,-0.834489,2.764570,-1.363912,0,0,0,0
-1.519531,-0.487188,0.706198,0.731121,-1.252386,-1.051750,-2.175109,0,0,0,0
-1.772427,0.548050,0.572339,-0.574882,-2.702738,-0.557612,-2.415527,0,0,0,0
-1.878780,1.033525,0.312221,-0.750625,-1.662658,-0.862633,-2.385174,0,0,0,0
0.016991,-1.571343,-0.816286,-0.428118,-0.986285,0.767665,-1.444457,0,0,0,0
-1.233387,-0.890367,0.280197,0.860576,-0.689430,-1.085601,-2.207251,0,0,0,0
-1.298221,0.131792,0.414629,0.618191,-2.156921,-0.465509,-2.107741,0,0,0,0
-2.409826,1.947496,0.869498,-1.178145,-1.259616,-1.099784,-1.761309,0,1,0,0
-0.107597,-0.442972,-0.789721,-1.465424,-1.986849,1.538097,-1.517268,0,0,0,0
-1.057763,0.061974,-0.382368,-1.367418,-2.054122,-0.918922,-1.802016,0,0,0,0
-1.437460,-3.593275,2.369095,-1.722046,-1.549483,-0.107479,-1.379836,0,0,0,0
-1.700027,-2.969544,2.119980,-1.044753,-2.521340,-0.900461,-1.884065,0,0,0,0
-0.298321,-0.470553,-0.892269,-0.207874,-0.828959,1.229386,-1.403824,0,0,0,0
-1.209180,-1.326046,-0.349666,0.643687,1.024839,-1.022715,-1.758367,0,0,0,0
-1.387435,-0.697456,-1.302532,0.940496,0.274401,-0.626113,-1.310597,0,0,0,0
-1.942789,0.692407,-0.524666,-0.792397,0.876655,-0.369847,-2.400119,0,0,0,0
-0.050788,-0.349275,-0.340886,-0.809554,-2.159904,0.751450,-1.310209,0,0,0,0
-1.294997,-0.688100,-0.434070,-0.801745,-1.105943,-0.880971,-1.775672,0,0,0,0
-1.150850,-0.107571,-1.494944,-0.646622,-0.367685,0.044660,-1.580833,0,0,0,0
-2.030709,0.336553,-1.418012,0.230262,1.434316,-0.773218,-1.806203,0,0,0,0
0.098524,-2.022704,-0.911369,-1.124401,-0.662758,0.883522,-1.203325,0,0,0,0
-1.228583,-1.595226,-0.371046,0.527142,1.011054,-1.092921,-1.581584,0,0,0,0
-1.884540,-1.442758,-0.728273,0.104438,0.913386,-0.890766,-1.421139,0,0,0,0
-1.966044,-0.581102,-0.941418,0.302774,1.664029,-0.982702,-1.677642,0,0,1,1
0.755146,-0.136593,0.031362,-0.339380,-2.257134,1.971705,-0.299221,0,0,0,0
-0.003818,-1.418554,0.172637,0.200340,-2.887107,-0.994700,-1.210960,0,0,0,0
-0.116911,-1.385467,-0.880045,-0.518037,-2.616461,0.060055,-1.329256,0,0,0,0
-0.608635,-0.465460,-0.397955,-1.067618,-3.507350,-0.562321,-1.673970,0,0,0,0
0.656428,-0.118485,-0.191494,-0.056096,-1.836510,1.042902,-0.292639,0,0,0,0
-0.170904,-1.500158,0.135291,0.236825,-1.833638,-1.049477,-1.445283,0,0,0,0
-0.443760,-1.773187,-0.508614,-0.463024,-2.824395,-0.869573,-1.580634,0,0,0,0
-0.236329,-0.150096,-0.428370,-0.816591,-1.349702,-0.739593,-1.751133,1,0,0,0
0.633972,0.766090,-0.213955,-0.095230,-1.427667,0.941951,-0.564034,0,0,0,0
-0.143209,-0.688217,0.194625,-0.056373,-2.151585,-0.962369,-1.522835,0,0,0,0
-0.597959,-0.415292,-0.424774,-0.542778,-2.147253,-0.800145,-1.844831,0,0,0,0
-0.744373,-0.200477,-1.023493,-1.470083,-1.842063,-1.141822,-2.121939,0,0,0,0
0.587831,-0.276521,-0.556150,-0.279830,-2.556777,0.317520,-0.456341,0,0,0,0
-0.361791,-0.213973,-0.311002,0.113482,-2.026398,-1.035710,-1.699699,0,0,0,0
-0.486239,-1.307642,-1.231051,0.138042,-1.651990,-0.711087,-1.621604,0,0,0,0
-0.058952,-1.422211,-0.913225,0.510632,-1.928083,-0.886477,-1.210718,0,1,0,0
0.537285,0.134078,0.213362,-0.447633,-1.674033,0.335035,-0.504913,0,0,0,0
-0.202444,-0.108553,-1.047795,-0.514534,-1.461308,-0.874980,-1.407389,0,0,0,0
-0.273841,-0.662186,-1.479839,-1.497466,-1.638996,-0.777430,-1.517967,0,0,0,0
-1.001603,0.540767,-1.597801,-2.155230,-1.929189,-0.891819,-1.894551,0,0,0,0
0.456173,0.734742,-0.749573,-0.940573,-1.695659,1.607279,-0.640908,0,0,0,0
-0.122784,-0.366446,-0.764788,-0.951257,-1.871153,-0.863080,-1.439882,0,0,0,0
-1.081572,-0.934867,-1.348819,-1.514788,-2.784489,-0.952001,-1.662168,0,0,0,0
-0.897825,1.643487,-1.538859,-0.472336,-2.937313,-0.580936,-1.674676,0,0,1,0
0.616462,1.133300,-0.068718,-0.555709,-1.512877,1.596496,-0.512791,0,0,0,0
-0.434879,-0.029949,-0.526589,-1.090204,-1.849936,-0.680262,-1.709920,0,0,0,0
-0.769595,-0.262717,-1.214350,-2.160516,-0.931939,-0.548085,-1.697350,0,0,0,0
-1.076325,0.471308,-1.303698,-2.588665,-1.205048,-0.876681,-1.853847,0,0,1,0
0.530082,0.929332,-0.715582,-1.405999,-1.776305,0.745236,-0.666334,0,0,0,0
-0.443015,-0.550073,-0.565875,-0.755104,-1.974961,-1.073182,-1.629795,0,0,0,0
-0.160906,1.681048,-0.279450,-1.827319,-2.593454,-0.005286,-0.789123,0,0,0,0
-0.316737,0.396762,-0.906467,-2.124667,-2.378545,-1.031249,-1.533326,1,1,0,0
0.785816,0.480135,-0.047447,-0.442476,-1.660995,0.632718,-0.530070,0,0,0,0
-0.269459,-0.258084,-0.283658,-0.550327,-1.668462,-0.973964,-1.696547,0,0,0,0
-0.427204,0.416144,-1.011321,-1.856371,-2.086247,-0.398682,-1.685824,0,0,0,0
-0.851727,1.081168,-1.189629,-1.797194,-1.958103,-1.017166,-1.969820,0,0,0,0
0.572320,0.533358,-0.454665,-0.226771,-1.106833,2.062817,-0.435243,0,0,0,0
-0.244625,0.456202,-0.295632,-0.521719,-2.571015,-1.108107,-1.716407,0,0,0,0
-0.522034,-0.002090,-1.653004,-1.971612,-2.029499,-0.555427,-1.924865,0,0,0,0
-1.005885,0.351786,-1.388044,-1.641920,-1.394663,-0.892251,-2.143442,0,0,0,1
0.553192,0.292217,-0.258756,-0.572960,-1.602900,0.304986,-0.853808,0,0,0,0
-0.113830,-0.268886,-0.649995,0.033699,-1.945826,-1.061523,-1.633190,0,0,0,0
-0.676963,-1.185330,-1.000274,-0.948706,-2.024770,-0.985819,-1.973476,0,0,0,0
-0.332707,0.750334,-0.981068,-1.518625,-1.985707,-0.801041,-1.660764,0,0,0,0
0.744020,-0.254461,-0.418439,-0.917543,-1.759496,0.392863,-0.462417,0,0,0,0
-0.305748,-0.047726,-0.250440,-0.528376,-1.051607,-1.115632,-1.610408,0,0,0,0
-0.064024,-1.983923,-0.447572,-1.987502,-1.002813,-0.665494,-1.371316,0,0,0,0
-0.782102,0.572062,-0.612405,-1.341207,-0.539072,-0.975399,-1.994625,0,0,1,0
0.604344,0.508069,-0.119824,-0.455270,-1.899503,1.060160,-0.595180,0,0,0,0
-0.369212,-0.769533,-0.590006,-0.429417,-0.953316,-1.037052,-1.550503,0,0,0,0
-0.505631,-3.466267,0.993514,-1.824326,-2.977575,-0.264687,-1.138783,0,0,0,0
-0.597145,-1.176631,0.909259,-2.166350,-1.757465,-0.971858,-1.406575,0,0,0,0
0.709912,0.315839,-0.425359,-0.818366,-1.422308,1.111125,-0.469145,0,0,0,0
-0.331128,-0.445289,-0.055388,-0.135370,-1.445380,-1.120573,-1.775460,0,0,0,0
-0.449830,-0.829484,-1.795564,-0.351451,-0.881490,0.143693,-1.028588,0,0,0,0
-0.340276,-0.067782,-1.049293,-2.762438,-1.128994,-0.559356,-1.559711,0,1,0,0
0.440883,0.678334,-0.282813,-1.207232,-2.175929,-0.240458,-0.783017,0,0,0,0
-0.419958,-0.193940,-0.935076,-1.069331,-2.306053,-1.114018,-1.424803,0,0,0,0
-0.266537,0.642951,-1.172940,-2.043008,-2.846220,-0.088307,-1.167657,0,0,0,0
-0.546756,2.010529,-1.400574,-1.895581,-3.119222,-0.382941,-1.144173,0,1,0,0
0.490669,0.282883,-0.946453,-0.954637,-1.949991,0.021091,-0.755886,0,0,0,0
-0.591007,-0.297152,-0.577526,-0.531160,-2.402481,-1.083739,-1.539105,0,0,0,0
-0.458726,0.624525,-1.272306,-2.483234,-3.914751,-0.247407,-0.794957,0,0,0,0
-0.683197,0.538789,-1.036634,-2.026840,-1.576210,-0.918745,-1.841829,0,0,1,1
0.710056,0.643789,-0.123046,-1.174426,-1.896901,1.093490,-0.531969,0,0,0,0
-0.081291,-0.190065,-0.260934,-0.933293,-1.927875,-1.026851,-1.616127,0,0,0,0
-0.582314,-0.037823,-1.930648,-1.544921,-1.768661,-0.676274,-1.823069,0,0,0,0
-0.818167,0.602100,-1.881774,-1.320732,-0.762633,-0.632278,-1.940627,0,0,0,0
0.429323,0.914723,-1.044645,0.242699,-1.705643,1.507595,-0.697371,0,0,0,0
-0.269422,-0.075409,-0.329211,-0.454718,-2.032011,-0.944520,-1.662756,0,0,0,0
-0.702980,-0.388332,-1.587447,-0.889679,-1.269191,-0.309535,-1.664301,0,0,0,0
-0.927442,1.228574,-2.010836,-0.585116,-1.240141,-0.986838,-2.032903,0,1,0,0
0.499428,0.457089,-0.325332,0.163181,-1.641393,0.804783,-0.701829,0,0,0,0
-0.290892,-0.024967,-0.641127,0.156239,-1.329504,-0.847687,-1.722304,0,0,0,0
-0.600168,-0.673309,-0.792380,-0.566720,-1.878440,-0.922706,-1.850316,0,0,0,0
-0.734619,0.093559,-1.706007,-1.181697,-2.077138,-0.982546,-1.942408,0,0,0,0
0.578926,-0.294025,-0.420276,-0.318604,-1.869512,0.967728,-0.379421,0,0,0,0
-0.163510,-0.460164,-0.343547,0.069342,-1.665203,-1.126122,-1.590275,0,0,0,0
-0.248398,-0.522662,-1.349133,-0.913707,-2.482790,-0.121677,-1.490319,0,0,0,0
-0.678941,0.987803,-1.053983,-0.973811,-0.986307,-0.944529,-1.927060,1,0,0,0
0.618862,0.232046,-0.038909,-0.782552,-1.519908,1.179492,-0.457219,0,0,0,0
-0.259016,-0.380739,-0.103292,-0.704320,-1.844224,-1.026377,-1.405150,0,0,0,0
-0.360922,-0.734494,-1.589244,-1.065225,-2.480444,-0.651761,-1.404417,0,0,0,0
-1.031241,0.401559,-2.476155,-0.235523,-1.838630,-0.894303,-1.538082,0,0,0,0
0.650283,0.805818,-0.154462,-0.422395,-1.863677,1.427135,-0.461618,0,0,0,0
-0.303433,-1.062803,-0.879189,-0.322382,-1.410966,-0.606855,-1.402440,0,0,0,0
-0.821847,-1.238115,-1.449262,-1.253635,-2.286178,-0.872462,-1.408773,0,0,0,0
-0.549340,0.335614,-1.683552,-1.252911,-1.367471,-0.717586,-1.660678,0,1,0,0
0.357880,0.520651,-0.303027,-0.523138,-1.680752,0.422471,-0.781456,0,0,0,0
-0.275980,-0.286919,-0.468684,-0.612376,-2.215635,-0.952801,-1.474988,0,0,0,0
-0.704981,-0.507779,-1.043020,-1.227064,-2.580082,-0.917281,-1.550320,0,0,0,0
-0.581032,-0.232593,-1.349894,-1.448888,-1.447070,-1.004826,-1.483987,0,1,0,0
0.835818,0.343000,-0.371669,-0.816026,-1.957954,0.939915,-0.446743,0,0,0,0
-0.305444,-0.704732,-0.466411,-0.036510,-2.061184,-1.063731,-1.728161,0,0,0,0
0.299412,1.111926,-0.652996,-1.670336,-2.694812,0.508563,-0.688720,0,0,0,0
-0.456318,-0.324640,-0.442139,-0.016833,-1.131382,-0.913222,-1.834875,0,0,1,1
0.498585,0.772292,-0.405579,-0.911844,-1.869076,1.268615,-0.591434,0,0,0,0
-0.270484,-0.562641,-0.430427,-0.713635,-2.709938,-1.066160,-1.486065,0,0,0,0
-0.695445,-1.104309,-1.450746,-1.644799,-2.766397,-0.803868,-1.370007,0,0,0,0
-0.890982,0.387355,-1.686322,-0.366698,-2.872125,-0.614633,-1.451413,1,0,0,0
0.345424,0.278959,-0.665648,-1.231703,-2.250965,0.285652,-0.798650,0,0,0,0
-0.374524,-0.998425,-0.932126,-0.601879,-2.523958,-0.958912,-1.443514,0,0,0,0
-0.848685,-1.168839,-1.531189,-1.479012,-2.973822,-0.893643,-1.574731,0,0,0,0
-0.650383,1.146824,-2.136293,-0.480150,-2.023031,-0.718299,-1.639255,0,1,0,0
0.346019,0.646207,-0.717506,-0.883501,-1.444100,0.455090,-0.702339,0,0,0,0
-0.480658,0.050919,-0.698585,-0.283908,-2.693858,-1.029592,-1.619642,0,0,0,0
-0.957138,-1.130118,-1.271349,-1.989174,-2.733103,-0.683480,-1.471023,0,0,0,0
-0.869170,0.105116,-1.277524,-1.066184,-2.840115,-0.711857,-1.653552,0,0,1,0
0.630867,-0.247119,0.116142,-0.281422,-2.084047,1.395052,-0.237632,0,0,0,0
-0.148748,-0.292224,-0.678006,0.518982,-2.251770,-1.087997,-1.538571,0,0,0,0
-0.003988,-0.354884,-1.070523,-1.571207,-3.527050,0.066319,-1.312845,0,0,0,0
-0.481663,0.047350,-0.761633,-0.124365,-2.430626,-0.981586,-1.806271,0,0,0,1
-1.635327,-1.485167,-1.505935,-2.664456,0.570618,-0.236115,-1.729959,0,0,0,0
-2.922308,-2.130760,-2.291463,-1.592055,-0.490047,-0.814215,-1.738036,0,0,0,0
-2.666030,-2.579330,-2.722673,-2.774693,1.555751,-0.731926,-1.892141,0,0,0,0
-1.654061,-3.340625,0.079164,-1.651438,0.260084,-0.136139,-1.922634,0,0,0,0
-2.474951,-1.637841,0.361497,-4.772302,-1.656052,-0.256759,-1.594844,0,0,0,0
-3.146644,-4.465628,-1.675581,-1.893077,0.081649,-0.536757,-1.510795,0,0,0,0
-3.164632,-4.479603,-2.192959,-3.751936,0.111327,-0.131928,-1.461183,0,0,0,0
-3.552554,-2.160150,-0.838843,-3.339583,0.606656,-0.838423,-2.234259,0,0,0,0
-1.695990,-0.868075,-2.122681,-4.205671,-1.260924,0.508209,-1.585320,0,0,0,0
-4.442751,-4.536375,-3.206044,-4.124958,1.226520,-1.130232,-1.516234,0,0,0,0
-2.651956,-4.587518,-1.770363,-1.498458,1.700829,-0.463255,-1.380786,0,0,0,0
-3.032857,-9.196501,-1.069949,-2.045892,-0.450385,-0.979590,-1.264499,0,0,0,0
-0.573828,-4.816555,0.276552,-1.162728,-1.020223,1.374816,-1.038607,0,0,0,0
-1.299343,-4.936341,1.487595,-1.945754,-0.864047,-0.772152,-0.995385,0,0,0,0
-2.188117,-4.816555,0.696899,-2.061927,-1.586967,-0.709669,-1.689005,0,0,0,0
-2.042449,-4.617834,0.851691,-2.008480,-2.324975,-1.211840,-1.628078,1,1,0,0
1.166372,0.796420,0.137243,0.465840,-0.205986,3.539367,1.192448,0,0,0,0
-0.038305,0.037878,0.530644,1.368029,-0.984030,-0.774550,0.859401,0,0,0,0
0.573357,1.330837,0.682013,1.353961,-0.837226,-0.006851,1.466620,0,0,0,0
-0.173857,0.075681,0.891295,0.974921,-0.042118,-0.860388,0.430695,0,0,1,0
0.831888,0.621772,0.610975,0.672643,-0.182706,0.536305,1.401545,0,0,0,0
-0.212518,-0.038755,1.173221,1.295024,-0.209955,-0.801283,0.710619,0,0,0,0
0.695540,1.101564,1.111112,0.327041,-0.505577,0.441202,1.118648,0,0,0,0
-0.088171,-0.017389,1.144785,1.355446,-0.437212,-0.748008,0.289428,0,0,0,1
0.873395,1.242903,-0.346170,0.670447,-0.154576,0.870707,1.597358,0,0,0,0
-0.276658,0.661191,0.852913,0.864577,-0.224059,-0.963451,0.524767,0,0,0,0
0.693083,1.971364,-0.105661,1.321215,-1.140347,1.059548,1.607264,0,0,0,0
-0.439776,0.560308,1.028174,0.844222,-0.164606,-0.774360,0.375727,0,0,0,0
1.205567,0.425753,0.479691,0.449811,-0.203785,1.542778,1.359237,0,0,0,0
-0.270592,0.090273,0.679795,1.300903,0.100403,-0.950383,0.868711,0,0,0,0
1.085681,1.206274,0.335644,0.180857,-0.735035,0.523108,1.333507,0,0,0,0
0.083220,0.398619,1.214682,1.100629,-0.118263,-0.818300,0.822138,0,0,1,1
0.974283,1.647711,-0.273846,0.132565,-1.122643,1.027821,1.073514,0,0,0,0
-0.421645,0.446212,0.266932,-0.112162,-0.539359,-0.810155,0.537174,0,0,0,0
0.625872,1.119123,0.599480,0.318268,-0.125814,0.506804,1.535570,0,0,0,0
-0.186246,-0.218345,0.426373,0.273701,0.246253,-0.711577,0.870486,0,1,0,0
0.949005,1.039209,0.447335,0.355405,0.108497,0.968618,1.438622,0,0,0,0
-0.238100,-0.244324,0.152100,0.386437,0.413130,-0.840927,0.531084,0,0,0,0
0.640764,1.780309,0.540367,0.947491,-0.540969,0.405595,1.446309,0,0,0,0
-0.083256,0.295519,0.111673,0.747275,0.840302,-0.520406,0.636673,0,0,1,0
0.880470,1.023174,0.288817,0.186261,0.003462,0.861771,1.536884,0,0,0,0
-0.407871,0.762972,0.493697,0.833960,-0.235968,-0.688538,0.894201,0,0,0,0
0.631446,1.435974,0.703365,-0.400675,-0.878803,1.508193,1.454967,0,0,0,0
-0.702135,0.671757,0.943557,-0.215651,-0.324050,-0.963429,0.158069,0,0,1,0
1.228687,0.707452,0.252502,0.018554,-0.141776,1.125643,1.348149,0,0,0,0
-0.175170,-0.148906,0.561642,0.006648,0.437641,-1.160568,0.431174,0,0,0,0
0.790088,1.295160,0.886828,0.267159,-0.452890,0.914856,1.073727,0,0,0,0
1.021734,1.029417,0.259690,-0.160240,-1.252797,0.027637,0.911036,1,1,0,0
0.477162,1.501215,0.365831,0.477761,-0.132237,0.346567,1.047699,0,0,0,0
-0.387030,0.696359,0.279811,0.933627,-0.167861,-0.815449,0.432846,0,0,0,0
0.382741,1.719172,0.304512,0.560483,-1.012604,0.242667,1.093482,0,0,0,0
-0.564507,0.007663,0.700972,0.751802,0.149222,-0.772693,0.299484,0,0,0,1
0.854052,0.457162,0.343674,0.499293,-0.183461,1.121495,1.209262,0,0,0,0
-0.544405,0.056944,0.664531,0.022946,-0.178172,-0.855753,0.340344,0,0,0,0
0.730030,1.387303,0.802910,-0.067399,-0.363467,1.013392,1.337571,0,0,0,0
-0.327218,-0.368586,0.490780,0.887033,0.448316,-0.733243,0.461422,0,0,1,0
0.718745,1.208962,0.179841,0.727243,0.097613,1.046363,1.373865,0,0,0,0
-0.705111,0.847882,0.911779,0.810970,0.332978,-1.035752,0.788408,0,0,0,0
0.845757,1.366003,0.547689,0.215971,-0.416961,1.211876,1.285954,0,0,0,0
-0.719902,0.873018,0.836031,0.577391,-0.344102,-1.065295,0.401312,0,0,0,0
1.337210,0.630468,0.433007,0.175597,-0.747720,1.756594,1.484065,0,0,0,0
0.009181,-0.795118,0.759294,0.932632,0.367219,-1.031406,0.856406,0,0,0,0
0.990506,1.034352,0.843104,0.526115,-0.616898,0.714572,1.313827,0,0,0,0
-0.240622,-0.342802,0.187324,0.313853,0.103911,-0.457593,0.632785,0,0,1,1
0.661617,0.942278,0.405940,0.242382,-0.500530,0.251757,1.441260,0,0,0,0
-0.286519,0.101266,0.077180,-0.421240,-0.139647,-0.906118,0.707531,0,0,0,0
0.522317,1.320881,1.006501,0.515665,-0.084856,0.790574,1.319532,0,0,0,0
-0.350543,-1.443756,1.495576,-0.168203,0.268361,-0.761464,0.780401,1,0,0,0
0.908498,0.361517,0.375759,0.372236,0.090768,0.969339,1.493440,0,0,0,0
-0.338539,-0.395234,0.226276,0.562930,1.263517,-0.904328,0.683439,0,0,0,0
0.814725,1.712205,0.755721,0.833421,0.160739,0.804663,1.561923,0,0,0,0
-0.233118,0.474357,-0.639453,0.608849,0.202781,-0.633387,0.649673,0,1,0,0
0.913098,1.458847,0.486786,0.007462,0.028388,0.826584,1.580550,0,0,0,0
-0.586441,0.424382,-0.259657,0.713044,0.403426,-0.659320,1.044946,0,0,0,0
0.753272,1.350561,0.500353,0.489798,0.430468,1.226895,1.405528,0,0,0,0
-0.504307,0.425522,0.636574,0.678075,0.731351,-0.817451,1.067888,0,0,1,0
1.137657,1.053523,0.380076,0.669659,0.256593,1.631492,1.532281,0,0,0,0
-0.315232,-0.232829,-0.133369,0.713718,0.973537,-0.988409,1.012151,0,1,0,0
0.937791,0.969046,0.191195,0.280518,0.162695,0.331298,1.030827,0,0,0,0
0.891060,0.865543,0.170941,0.295229,-0.105868,-0.489177,1.216917,1,0,0,1
0.614594,1.610678,0.593627,0.326239,-0.272069,-0.437353,1.321027,0,0,0,0
-0.013511,-0.375616,0.709738,1.285656,-0.830850,-0.772082,1.151346,0,0,0,0
0.833555,0.768397,0.605018,0.867827,-0.214610,0.454874,1.687164,0,0,0,0
-0.362063,-0.311468,0.728957,1.021362,-0.008066,-0.891447,0.566122,0,0,1,0
0.775967,0.439839,0.597087,0.740003,0.220941,1.200409,1.494241,0,0,0,0
-0.442553,-0.149362,0.713690,0.918871,-0.231775,-1.083700,1.162243,0,0,0,0
0.746347,1.117624,0.910763,0.451578,0.014275,0.763207,1.488624,0,0,0,0
-0.161172,-0.470279,0.890413,1.499087,0.469558,-0.661973,0.617606,0,1,0,0
0.976113,1.417604,0.215219,0.319914,-0.178788,1.080282,1.640968,0,0,0,0
-0.389891,-0.663283,0.885256,1.236065,0.613156,-0.623132,1.171619,0,0,0,0
0.790149,1.712627,0.304467,0.821244,0.000063,0.708323,1.497656,0,0,0,0
-0.509146,0.317327,0.861578,1.224528,0.667302,-0.915726,1.007944,0,0,0,0
1.210225,0.828164,0.046644,0.114095,-0.005860,1.750855,1.273230,0,0,0,0
-0.401577,-0.589119,-0.515170,0.757533,0.963815,-0.686405,0.550088,0,0,0,0
0.378634,1.072786,0.746810,0.510926,-0.028237,0.434069,1.399564,0,0,0,0
-0.146152,-0.212281,0.539693,0.582934,-0.140869,-0.658717,1.190209,1,1,0,0
0.716946,0.940732,0.558444,0.414011,-0.188157,0.662175,1.375244,0,0,0,0
-0.626814,-0.314878,0.292234,0.305757,0.287941,-0.761929,0.820931,0,0,0,0
0.692986,1.247857,0.845074,0.037617,0.113923,0.966217,1.636823,0,0,0,0
-0.388559,-2.932109,0.734595,0.463903,-0.642894,-0.771916,1.104906,0,0,1,0
0.942879,0.599649,0.411432,0.580154,0.228206,1.182649,1.514254,0,0,0,0
-0.193593,-0.105391,0.283205,0.320217,-0.185844,-0.777613,0.608564,0,0,0,0
0.585896,1.893522,0.299493,0.224619,-0.465616,0.835699,1.416131,0,0,0,0
-0.242938,-0.347204,-0.151620,0.447242,0.483043,-0.605317,0.739998,0,0,0,1
0.846830,1.774323,-0.169785,0.249162,-0.388837,1.339704,1.494227,0,0,0,0
-0.518608,0.496598,0.266445,1.190101,0.054832,-0.969834,1.077742,0,0,0,0
0.611333,1.621281,0.707801,0.116919,-0.608259,0.853365,1.347606,0,0,0,0
-0.518292,0.082887,0.305289,-0.224245,0.026676,-0.962467,0.648743,0,0,0,1
0.928897,0.856431,0.258889,0.327176,0.785828,0.453545,1.507426,0,0,0,0
-0.634018,-0.275557,0.155560,1.025829,0.273804,-1.032738,0.754226,0,0,0,0
0.498489,1.288990,0.893717,0.165280,-0.676195,0.717763,1.397415,0,0,0,0
0.488178,0.996333,0.572739,0.462852,-0.334363,0.412352,1.322428,1,1,0,0
0.802022,1.063757,0.546423,0.296944,0.062304,0.842961,1.474329,0,0,0,0
-0.265151,0.298212,0.375288,1.238955,0.295678,-0.480127,0.574268,0,0,0,0
0.669485,1.449268,0.611321,0.166902,-0.271265,0.831184,1.262736,0,0,0,0
-0.634239,0.266073,0.600163,0.360047,0.186739,-0.969938,0.513845,0,0,1,0
1.092489,0.907241,0.574006,0.406914,-0.457293,1.978594,1.614607,0,0,0,0
-0.601696,-0.228387,0.844617,0.476470,-0.211616,-1.047159,0.695338,0,0,0,0
0.621373,1.242995,0.895805,-0.110641,-0.451467,1.186561,1.268383,0,0,0,0
-0.187752,0.079771,0.644746,0.828349,0.102621,-0.764623,0.701999,0,0,0,1
1.015694,1.278475,-0.007977,0.406573,-0.299125,1.345651,1.357854,0,0,0,0
-0.643277,0.119868,1.021302,0.930871,-0.244562,-1.067147,0.536020,0,0,0,0
0.836772,1.605991,0.328090,0.674636,-0.267352,1.179936,1.180554,0,0,0,0
-0.600745,-0.145900,0.469614,0.552846,-0.165499,-0.767878,0.099774,0,0,0,0
0.884631,0.162827,0.692211,0.749069,-0.369574,0.496129,1.396451,0,0,0,0
-0.155662,-0.968337,0.394943,0.950210,0.140261,-0.722757,0.352925,0,0,0,0
0.663030,1.104974,1.025912,0.273456,-0.295566,0.700361,1.277592,0,0,0,0
-0.301298,0.129923,0.950801,0.975859,-0.261188,-0.791977,0.864087,0,0,1,1
0.716949,1.639915,0.161863,0.183415,-0.828549,0.997182,1.331567,0,0,0,0
-0.298230,0.137349,0.068475,-0.825569,-0.739061,-0.887954,0.281283,0,0,0,0
0.708218,0.026621,1.496524,-0.370161,-0.753463,1.177213,1.338286,0,0,0,0
-0.401787,-1.082629,1.467706,0.237230,-0.529080,-0.736923,0.608595,0,1,0,0
1.126638,0.739358,0.228106,0.027865,-0.140414,1.441118,1.269877,0,0,0,0
0.802775,0.980735,-0.043593,0.146311,-0.282439,-0.063634,1.004954,0,0,0,0
0.859626,1.734961,0.122174,0.762494,-0.067524,0.090423,1.133036,0,0,0,0
-0.421578,0.339535,-0.071019,1.561659,0.928580,-0.763992,0.079831,0,0,1,0
0.990393,1.605795,0.282247,0.503138,-0.797218,0.818000,1.341557,0,0,0,0
-0.348615,0.480650,0.311652,0.266539,-0.137230,-0.800991,0.698296,0,0,0,0
0.484271,1.140489,0.675466,0.730527,0.468418,0.254548,1.277654,0,0,0,0
-0.572327,-0.590245,-0.044614,1.295277,1.502413,-0.980753,0.934865,0,1,0,0
1.076840,0.386060,0.279637,0.162855,0.180432,0.816128,1.349774,0,0,0,0
0.643350,1.154008,0.404387,0.472339,0.364618,-0.149027,1.356420,0,0,0,0
0.723977,1.054949,0.481092,0.123489,0.197480,0.399593,1.321242,0,0,0,0
-0.189788,-0.508446,0.168413,1.221496,1.089853,-0.536918,0.613388,1,0,0,1
0.931514,0.721164,0.707808,0.498962,-0.955635,1.093444,1.481093,0,0,0,0
-0.030471,-0.607212,0.215433,1.110902,-0.753196,-0.834112,0.977947,0,0,0,0
1.409480,0.489028,-0.133063,0.186239,-0.150785,1.284885,1.538621,0,0,0,0
-0.078780,-0.079000,0.159511,0.897649,-0.835448,-0.832281,0.522313,0,1,0,0
1.145268,0.369737,0.767220,0.457083,-0.204227,1.550586,1.587571,0,0,0,0
-0.347695,-0.865303,0.564071,0.992185,-0.329489,-1.015595,0.938401,0,0,0,0
1.448393,0.585976,0.106417,0.271579,-0.564066,1.074630,1.632305,0,0,0,0
0.168889,0.004613,0.573170,1.019396,-0.022340,-0.856934,0.681482,0,0,1,0
1.196512,0.531194,0.634942,0.575455,-0.098631,0.620885,1.666621,0,0,0,0
-0.213202,-1.013576,0.681306,0.584062,-0.190132,-0.702652,0.631603,0,0,0,0
1.133925,0.604996,0.145559,0.364376,-0.011784,0.428178,1.406914,0,0,0,0
-0.232692,-0.529218,-0.205038,0.474105,0.337383,-1.017036,1.076152,0,0,0,0
0.852380,0.672183,0.663621,0.726500,-0.251142,0.793315,1.504819,0,0,0,0
-0.445101,-0.840978,0.324426,1.425451,0.273328,-0.872740,0.872691,0,0,0,0
1.293647,0.298635,-0.021296,0.276073,-0.192872,1.097481,1.604632,0,0,0,0
0.077209,-1.212040,-0.122986,1.874042,0.270695,-0.984308,1.225173,1,1,0,0
0.808623,1.029301,1.138600,0.537844,-0.073386,1.001604,1.652155,0,0,0,0
-0.390294,-0.262854,-0.081696,0.154518,0.896822,-0.808594,0.835970,0,0,0,0
1.321820,0.703195,0.077628,0.190647,-0.003613,1.619941,1.670914,0,0,0,0
-0.128944,-0.041199,0.182748,0.440569,-0.191317,-0.753858,1.392765,0,0,1,0
1.078582,0.732275,0.405304,-0.106172,-0.280901,1.497544,1.516827,0,0,0,0
-0.104389,-0.684805,0.847991,0.041037,0.273999,-0.941808,1.066133,0,0,0,0
1.355392,0.721287,-0.100442,0.158749,-0.045656,1.114328,1.495678,0,0,0,0
0.012676,0.393549,-0.177178,0.669632,-0.017876,-0.969351,1.175109,0,1,0,0
0.647483,0.915071,0.882109,0.608821,0.094533,0.125506,1.608242,0,0,0,0
-0.326179,-0.824799,0.429099,-0.045215,-0.077786,-0.650647,1.151872,0,0,0,0
1.036724,0.662066,0.022712,-0.144158,0.097616,0.610609,1.609454,0,0,0,0
-0.407694,-0.523260,0.076923,0.123567,0.442759,-0.989631,1.243305,1,0,0,0
1.058812,0.712855,0.375813,0.201543,0.242426,1.118930,1.790038,0,0,0,0
-0.427414,-1.097918,0.762231,-0.487146,-0.378085,-0.797113,1.295342,0,0,0,0
1.210752,0.651682,-0.018338,-0.198440,-0.698014,1.219052,1.797701,0,0,0,0
0.736883,1.050431,0.246788,-0.170790,-0.829713,-0.407191,1.568734,0,0,1,1
0.820572,0.607647,0.966556,0.227110,0.008640,0.704889,1.723692,0,0,0,0
-0.495983,-0.239001,0.293512,1.224508,1.039693,-0.858953,1.317924,0,0,0,0
1.306799,1.021243,-0.082331,0.039960,-0.529401,1.676914,1.703429,0,0,0,0
-0.166306,0.120308,0.093550,0.354141,-0.239269,-1.018100,0.954991,1,0,0,0
1.162888,0.557331,0.897083,0.767259,-0.221067,1.522725,2.042035,0,0,0,0
-0.290248,0.408392,0.220698,0.197461,-1.000471,-1.065349,1.377297,0,0,0,0
1.424291,0.708244,0.151524,-0.159983,-0.387563,1.368927,1.706297,0,0,0,0
-0.118065,-0.750112,-0.361894,0.510334,0.117182,-1.089021,1.353380,0,1,0,0
0.561917,0.595993,0.350565,1.172893,0.189541,0.359550,1.788172,0,0,0,0
-0.246080,-1.253454,0.311502,0.541352,0.596391,-0.748077,1.321898,0,0,0,0
0.966597,0.991286,-0.160524,0.607555,-0.154242,1.029084,1.640771,0,0,0,0
0.038739,0.067920,0.285398,0.311582,-0.128703,-0.815664,1.123383,0,0,0,0
0.839844,0.481954,0.837560,0.744426,-0.494609,0.562916,1.702610,0,0,0,0
-0.290806,-0.594888,0.106225,0.501688,1.001314,-0.870757,1.180482,0,0,0,0
1.330286,0.067357,0.062083,-0.291319,-0.146938,1.180607,1.645667,0,0,0,0
-0.067752,-0.389323,0.036232,0.454290,0.478412,-1.042109,1.104464,1,1,0,0
0.799282,0.817695,0.177321,0.810581,-0.176887,0.999385,1.846581,0,0,0,0
-0.554546,-0.505676,0.160147,0.304298,0.631233,-0.868371,1.300474,0,0,0,0
1.261781,0.150495,0.403340,-0.290490,0.061708,1.365228,1.632550,0,0,0,0
-0.164264,-0.974928,0.930595,0.526172,0.222781,-0.810916,1.474845,0,0,0,1
1.069413,0.708330,0.449314,0.417729,0.363850,1.462547,1.666513,0,0,0,0
0.011533,-0.615897,1.104060,0.257003,0.515257,-0.891936,1.464381,0,0,0,0
0.988358,1.043224,-0.249636,0.185000,0.479707,0.579146,1.656210,0,0,0,0
0.026279,0.156201,-0.304496,-0.188234,-0.101708,-0.848725,0.836387,0,0,1,0
0.608252,0.721003,0.801646,0.285279,0.275173,0.006693,1.678714,0,0,0,0
-0.392419,-0.709326,0.262820,0.042636,0.273871,-0.605589,1.058181,0,0,0,0
1.076380,0.710747,-0.106791,0.016700,0.060069,1.233817,1.730792,0,0,0,0
-0.326506,0.057928,0.052757,0.261029,0.213109,-1.084759,1.044949,0,1,0,0
0.905225,0.653963,0.350162,0.816783,-0.294069,1.424495,1.748694,0,0,0,0
-0.347450,-1.204634,0.609245,-0.302033,-0.810304,-0.665252,0.944543,0,0,1,0
1.341736,0.897962,-0.135275,-0.427885,-0.892066,1.569263,1.720167,0,0,0,0
0.892113,0.805561,-0.020428,-0.121442,-0.802898,-0.780231,1.234044,1,0,0,1
1.019052,0.760974,0.639367,0.100849,0.031237,-0.065106,1.617470,0,0,0,0
-0.001407,-0.411377,0.553433,1.416877,0.119270,-0.936859,0.922986,0,0,0,0
1.397178,1.025067,-0.233252,0.469245,-0.644864,1.169752,1.797488,0,0,0,0
0.032107,-0.210065,-0.290802,0.504713,-0.740770,-0.834591,1.035261,0,1,0,0
1.255029,0.222881,0.448028,0.331677,-0.156960,0.783593,1.514913,0,0,0,0
-0.183846,-0.903115,-0.223327,0.539916,-0.400856,-0.922821,1.039441,0,0,0,0
1.091141,0.664248,-0.073042,0.035680,-0.106733,0.842306,1.622145,0,0,0,0
-0.124225,-0.802828,-0.254125,0.705995,0.379422,-0.975728,0.698271,0,0,1,0
0.779351,0.653254,0.626611,0.907847,-0.182704,0.657152,1.514013,0,0,0,0
0.102860,-0.968336,0.552926,1.007365,0.442548,-0.622680,1.073791,0,0,0,0
1.263166,0.586062,0.146267,0.261517,-0.118341,1.109765,1.559283,0,0,0,0
-0.292064,-0.171318,-0.440249,0.975674,0.293467,-1.030679,0.651223,0,0,0,0
0.820269,0.228665,0.784370,0.653464,-0.470573,1.365082,1.522007,0,0,0,0
-0.093931,-0.492936,0.220074,1.291533,0.103010,-0.899093,1.061220,0,0,0,0
1.396894,0.659216,-0.222698,0.050842,-0.223650,1.665526,1.533411,0,0,0,0
0.155632,-0.361709,0.394920,1.135857,0.077593,-0.940921,0.826736,0,0,1,1
0.937553,0.567094,0.668985,0.276278,-0.369112,1.375187,1.395690,0,0,0,0
-0.422081,-0.418290,0.448196,0.402647,0.337768,-0.820062,0.914765,0,0,0,0
1.369292,0.908270,0.060166,0.619431,-0.812276,1.386699,1.404886,0,0,0,0
0.080131,-0.067709,0.041603,0.486959,-0.188383,-0.945824,0.648445,0,1,0,0
1.003206,0.189181,0.514824,0.655887,0.100127,0.501102,1.330820,0,0,0,0
-0.111656,-1.497818,0.381128,0.657945,0.590436,-0.473442,0.405843,0,0,0,0
1.173517,0.699830,-0.155430,0.552130,-0.068756,0.715105,1.465595,0,0,0,0
-0.067285,-0.530650,-0.502101,0.889723,0.350363,-0.836429,0.648817,1,0,0,0
0.960742,0.551750,0.329998,0.424521,-0.042433,0.868637,1.347084,0,0,0,0
0.002771,-0.736920,0.514668,0.059122,-0.062265,-0.479432,0.802760,0,0,0,0
1.285139,0.663513,-0.126204,0.125035,-0.760560,1.223157,1.492417,0,0,0,0
-0.082604,-0.481561,-0.522180,-0.171452,-1.113459,-1.082736,0.379706,1,0,0,0
1.362032,0.468006,0.225600,0.381575,-0.193530,1.392374,1.578493,0,0,0,0
-0.133036,-1.711128,0.376090,0.558752,-0.313089,-0.818286,0.791882,0,0,0,0
1.477845,0.217075,-0.161181,-0.241218,-0.989954,1.683442,1.447904,0,0,0,0
0.997326,0.606347,0.200925,0.309114,-0.861037,-0.297271,0.986382,0,0,1,1
1.055108,0.950866,0.585478,-0.221602,-0.623726,0.668551,1.398172,0,0,0,0
-0.090566,-0.016660,0.090978,0.741331,-0.407125,-0.988734,0.538622,0,0,0,0
1.598846,0.348560,-0.316772,-0.112279,-0.702788,1.399369,1.504979,0,0,0,0
-0.116512,-0.531850,-0.471488,0.243453,-0.255038,-0.988464,0.246550,0,1,0,0
1.008468,0.110451,0.144315,0.346461,-0.296514,0.573146,1.330037,0,0,0,0
-0.138845,-0.747305,-0.607153,0.015698,-0.237229,-0.981056,0.154065,0,0,0,0
1.252126,0.704297,-0.139764,0.008483,-0.364760,0.985767,1.366646,0,0,0,0
0.184460,-0.891190,-0.376385,0.474491,0.334722,-0.898419,0.320318,1,0,0,0
0.892022,0.823978,0.228437,0.429806,0.180336,0.570635,1.466206,0,0,0,0
-0.054705,-0.871156,0.496175,-0.143995,-0.380425,-0.570938,0.770576,0,0,0,0
1.441175,0.496221,-0.148328,-0.461469,-0.837450,1.532650,1.479274,0,0,0,0
-0.089446,-0.462874,-0.121765,-0.032177,-0.698325,-0.994017,0.794484,0,0,0,0
1.145318,0.548862,0.558007,0.273909,-0.748849,1.572920,1.541063,0,0,0,0
0.031921,-0.744899,-0.157346,0.594946,-0.185273,-1.061565,0.649083,0,0,0,0
1.451667,0.520223,-0.063665,-0.063498,-0.783096,1.325742,1.386162,0,0,0,0
0.405545,-0.570098,0.227109,1.102575,-0.466975,-0.970591,0.552437,1,1,0,0
1.334195,0.463678,0.506503,-0.270251,-0.521243,1.142159,1.321333,0,0,0,0
-0.044497,-0.085203,0.497575,0.197456,-0.561051,-1.049608,0.497016,0,0,0,0
1.341302,0.199795,-0.117016,0.013759,-0.410587,0.519277,1.456769,0,0,0,0
-0.052460,-0.723051,-0.133267,1.000096,0.560661,-0.983769,0.269494,0,0,0,1
0.973746,0.454946,0.583594,0.060829,-0.304832,0.788396,1.658492,0,0,0,0
0.765840,0.328904,0.468740,0.123657,-0.744500,0.081161,1.213250,0,0,0,0
1.228913,0.679705,-0.147425,-0.206847,-0.528304,0.825525,1.105254,0,0,0,0
0.176517,-0.227065,-0.136155,0.824829,0.432871,-1.023288,0.739560,1,0,0,0
1.128659,0.229551,0.343344,0.027193,-0.607582,0.982093,1.370282,0,0,0,0
-0.193763,-0.603052,0.340878,1.156444,0.463542,-0.888563,0.467587,0,0,0,0
1.260800,0.560513,-0.114812,-0.600073,-0.942179,1.477944,1.723564,0,0,0,0
0.118393,-0.592591,0.092905,0.067564,-0.978087,-0.870253,0.240551,0,0,0,1
1.247579,0.033470,0.511326,0.119752,-0.390739,1.354835,1.450365,0,0,0,0
0.930636,-0.061186,0.455016,0.222221,-0.826846,0.075065,0.919226,0,0,0,0
1.488021,0.207375,-0.217954,-0.155580,-0.787411,0.620722,1.108006,0,0,0,0
0.380287,-0.941138,0.067820,0.878053,-0.149925,-0.957846,0.672537,0,1,1,0
0.955560,-0.753793,0.266226,-0.038816,-0.319421,0.565159,0.727756,0,0,0,0
-0.149975,-1.224013,1.287074,1.302300,-1.282369,-0.842071,0.567813,0,0,0,0
1.239731,-0.439331,-0.460783,-0.259016,-1.251999,0.321670,0.365546,0,0,0,0
-0.295396,0.537530,0.822281,1.205915,-1.679610,-0.957770,-0.525225,0,0,0,0
0.613997,-1.159906,0.262726,0.312844,-0.477565,0.949693,0.999485,0,0,0,0
-1.068026,0.222487,1.467978,1.535345,-1.389870,-1.032040,0.350213,0,1,0,0
1.248268,-0.307120,-0.414351,-0.199735,-1.252632,1.621119,0.446197,0,0,0,0
0.400448,0.172295,1.008971,0.605148,-0.671527,-0.949324,-0.154995,0,0,0,0
0.747320,-0.149760,0.257122,-0.116015,0.082220,0.920754,0.883279,0,0,0,0
-1.474637,0.782247,0.836457,1.681938,-1.514096,-0.898237,0.260231,0,0,1,0
1.281093,-0.598119,-0.534933,-0.703373,-1.112541,2.573022,0.665386,0,0,0,0
0.313166,0.081664,0.740323,0.473980,-0.430730,-1.056201,-0.324525,0,0,0,0
1.053361,-0.262277,0.551711,0.053002,-0.969553,0.956602,0.993160,0,0,0,0
-1.440495,0.666285,0.568722,1.400173,-0.199253,-1.238992,0.258189,0,0,0,0
1.303562,-0.896852,-0.611863,-0.410416,-0.462218,1.318400,0.969191,0,0,0,0
0.385221,0.060254,1.182325,0.872765,-0.074964,-1.024766,-0.034067,1,0,0,0
0.529460,0.436593,0.590711,-0.082170,0.054977,-0.286773,0.889193,0,0,0,0
-0.321908,-0.280179,0.312739,0.593337,-0.566764,-0.860043,0.596578,0,0,0,0
1.256499,0.070389,-0.458310,-0.250035,-0.372389,0.231564,0.786917,0,0,0,0
-0.494031,0.954398,0.657639,0.302734,0.409922,-1.077783,0.056868,0,1,0,0
0.633871,-0.190744,0.728185,0.258969,-0.081345,0.903081,0.849670,0,0,0,0
-0.369182,-0.556711,0.062413,0.334668,0.434989,-0.965137,0.646284,0,0,0,0
1.171408,-0.315555,-0.504770,-0.146354,-0.186791,0.742765,1.056941,0,0,0,0
-0.334690,1.109311,0.294251,0.337409,0.681550,-1.165521,-0.336961,0,0,1,0
0.735268,-0.130738,1.094226,-0.088214,0.248906,1.527020,0.793800,0,0,0,0
-0.490575,0.645379,0.517005,0.271831,-0.656105,-0.867695,0.801427,0,0,0,0
1.143194,-0.264702,-0.409738,-0.412539,-0.444792,1.007079,0.876084,0,0,0,0
-0.381435,1.324465,0.522342,-0.000568,-0.267109,-0.878223,0.480887,0,0,0,0
1.010522,-0.285259,0.079696,-0.149537,0.716966,2.179086,0.686551,0,0,0,0
0.023261,-0.083167,0.252036,0.204075,-0.262940,-0.461473,0.515018,0,0,0,0
1.126248,0.154945,-0.010181,0.555936,-0.608125,0.557657,0.956627,0,0,0,0
0.456269,0.428427,0.274463,-0.084461,0.127568,-0.808957,0.950868,0,0,1,0
0.523793,-0.054803,0.753495,0.425505,0.172257,0.092295,0.767557,0,0,0,0
-0.473089,0.022713,0.838059,0.241927,-0.162753,-0.803740,0.538447,0,0,0,0
1.063349,0.062805,-0.266223,-0.451844,-0.593958,0.763402,0.648247,0,0,0,0
-0.605329,1.448001,0.710579,0.333804,-0.263624,-0.909078,0.081637,0,0,0,0
0.552135,-0.146113,0.526517,0.645466,0.266057,1.781386,0.787657,0,0,0,0
-2.044833,2.533119,0.556111,0.669652,0.981868,-1.008644,0.183566,0,0,1,0
1.205316,-0.722320,-0.735444,-0.224313,-0.214102,2.667835,0.621447,0,0,0,0
-0.086729,0.060615,0.511422,0.103739,-0.483342,-1.058578,-0.203749,0,0,0,0
0.766412,0.147427,0.484505,0.055760,0.678594,0.884329,0.724034,0,0,0,0
-1.818094,3.021921,0.726768,1.205454,-0.418193,-0.946523,0.337576,0,1,0,0
0.976415,-0.608773,-0.751456,-0.782872,-1.243060,3.531328,1.008994,0,0,0,0
0.120352,0.011891,0.540743,-0.085036,-0.535432,-1.007087,0.327625,0,0,0,0
1.168052,-0.257409,0.559305,-0.219883,-0.574166,1.011195,0.620154,0,0,0,0
-0.979893,-0.767397,1.119811,0.260506,0.701526,-1.083270,0.402132,0,0,0,0
1.096994,-0.284611,-0.539258,-0.162781,-0.991109,1.736226,0.805777,0,0,0,0
-0.088886,0.080923,0.755592,0.345305,-0.082629,-1.112861,0.469963,0,0,0,1
0.802867,-0.167187,0.370880,-0.675680,-0.944255,-0.094484,0.869350,0,0,0,0
-0.089997,-0.247103,0.339368,0.588695,0.002569,-0.798683,0.621941,0,0,0,0
1.167773,-0.537622,-0.582786,-0.093553,-0.404746,0.606608,0.533683,0,0,0,0
-0.285844,-1.534201,1.835092,0.243465,-0.025338,-1.087013,0.615426,0,0,1,0
0.816852,-0.872889,0.705115,-0.176904,-0.235091,1.149796,0.822545,0,0,0,0
-0.041306,-0.166842,0.320971,0.203326,1.354042,-0.863429,0.529796,0,0,0,0
1.200887,-0.247544,-0.578608,-0.340831,-0.522393,0.862171,1.058412,0,0,0,0
-0.422742,1.395354,-0.563669,-0.028602,0.187100,-1.023990,0.445375,1,0,0,0
0.882032,-0.007092,0.530642,-0.309511,-0.534656,1.993178,0.835057,0,0,0,0
-0.245593,-0.287944,0.155578,-0.434897,0.374492,-0.965912,0.645832,0,0,0,0
1.150273,-0.405990,-0.553843,-0.101331,0.458974,0.969766,1.030963,0,0,0,0
-0.387512,0.748124,0.256203,0.809555,1.009042,-0.951142,-0.422008,0,1,0,0
1.028374,0.070812,0.519035,-0.017822,0.289718,2.842647,0.832816,0,0,0,0
0.327921,-0.033714,0.179281,-0.428924,-0.104977,-0.621725,0.664244,0,0,0,0
1.276968,0.075717,-0.775996,-0.250519,0.516929,0.517624,0.530344,0,0,0,0
0.277689,0.785044,0.294293,0.574957,0.034901,-0.877769,0.452890,0,0,1,1
0.607021,-0.489876,0.974590,0.675476,0.418820,0.483413,1.045649,0,0,0,0
-0.266165,-0.217219,0.760419,0.404270,-0.682218,-1.007037,0.428515,0,0,0,0
1.119463,-0.090871,-0.473374,-0.478608,-0.477166,0.608630,1.311951,0,0,0,0
-0.531338,1.190568,0.565449,0.477998,0.677569,-1.084448,0.743542,0,0,0,0
0.552338,-0.705656,1.109653,0.799827,0.371489,2.138248,0.893194,0,0,0,0
-1.437475,2.388617,0.334286,0.763957,-0.032281,-1.092182,0.268012,0,0,0,1
1.174381,-0.686929,-0.350984,-0.507644,-0.528845,3.054352,1.293046,0,0,0,0
-0.012525,0.053404,0.546882,0.554471,0.175147,-1.111683,1.108957,0,0,0,0
0.702680,-0.384431,0.771734,0.370168,0.067874,0.976353,0.758692,0,0,0,0
-0.973030,-0.462333,1.198860,1.023079,1.483080,-1.075794,0.352693,0,0,1,0
1.111512,-0.406850,-0.280533,-0.210498,-0.346588,2.353160,1.148457,0,0,0,0
0.048417,-0.304349,0.358660,0.432152,0.570843,-1.047910,1.291372,0,0,0,0
0.891905,-0.716638,-0.058500,-0.361520,0.804744,1.155249,0.802490,0,0,0,0
-1.567640,1.362187,-0.921279,-0.178002,0.948215,-0.802150,0.539872,0,0,0,0
1.114825,-0.287813,-0.598982,-1.052616,-0.910801,1.305722,1.018751,0,0,0,0
0.008933,-0.126028,0.679352,0.074551,-0.385059,-1.068316,1.171938,0,1,0,0
0.606617,-0.341220,0.814763,0.340685,0.295788,0.256280,0.715881,0,0,0,0
-0.278793,-0.613773,-0.048943,-0.652072,-0.664725,-0.792668,0.513818,0,0,0,0
1.005619,-0.677129,-0.648198,-0.475520,-0.423924,0.645542,1.188810,0,0,0,0
-0.571524,-1.636646,0.640344,1.854381,-2.736626,-0.936530,-0.421570,1,0,0,0
0.758012,-0.355507,0.756535,0.132058,-0.361801,1.490483,0.928976,0,0,0,0
-0.244458,0.662241,-0.531310,0.118947,-1.364541,-0.815710,0.592580,0,0,0,0
1.049550,-0.690662,-0.775124,-0.786678,-1.100547,0.610407,1.077225,0,0,0,0
-0.376774,0.229008,-0.231437,-0.269475,0.426623,-1.004657,1.006705,0,0,1,0
0.915647,0.033312,0.592380,0.349269,0.337950,2.376400,0.819204,0,0,0,0
-0.279280,0.345762,0.260013,0.555453,-0.647534,-0.990873,0.650073,0,0,0,0
1.322634,-0.207946,-0.996781,-0.510077,-0.925899,0.530638,0.642989,0,0,0,0
-0.411052,0.828676,-0.428947,-0.217073,-0.078280,-0.972160,0.539895,0,0,0,0
0.943791,0.326509,0.682262,-0.409041,-0.462483,0.709049,0.978976,0,0,0,0
0.152418,-0.147974,0.277986,-0.544241,-0.288535,-0.735354,0.624731,0,0,0,0
1.119483,0.586155,0.211747,-0.081616,0.178755,0.563467,1.092032,0,0,0,0
0.171398,0.597226,0.908264,0.125616,-0.766161,-0.917110,0.798239,0,1,0,0
0.708921,-0.419182,0.891837,0.536235,0.490166,0.695992,0.828414,0,0,0,0
-0.521197,0.733880,0.502442,1.344286,-0.869288,-1.009809,0.339725,0,0,0,0
1.250498,-0.019886,-0.276803,-0.547493,-0.594120,1.110613,0.955166,0,0,0,0
-0.772635,0.375596,0.253235,0.217914,-0.201213,-1.053258,-0.721208,0,0,0,0
0.704838,-0.026369,0.984527,0.582643,0.804406,2.541486,0.873232,0,0,0,0
-0.997505,0.270773,0.966213,0.998174,0.130387,-1.089331,0.338720,0,1,0,0
1.012105,-0.675130,-0.429096,-0.351769,-0.417762,2.624259,1.040047,0,0,0,0
-0.006959,0.280276,0.654011,0.645551,0.653929,-1.030582,0.609811,0,0,0,0
0.920151,-0.351461,0.641549,0.452022,0.578678,1.241697,0.679354,0,0,0,0
-1.119840,-0.035327,1.284921,1.236961,-0.015037,-0.956516,0.373718,0,0,1,0
1.071997,-0.230202,-0.584697,-0.455916,-0.952542,2.421688,1.091274,0,0,0,0
-0.112685,0.054268,1.069869,0.352798,-0.187308,-0.996951,0.608893,0,0,0,0
0.514171,-1.006407,-0.001653,0.051037,0.014398,0.124178,0.848011,0,0,0,0
-1.209161,-0.338074,0.614793,1.327905,0.338816,-0.919138,0.276300,0,0,0,0
1.123865,-0.239403,-0.075820,-0.152536,-0.239681,1.999344,0.573104,0,0,0,0
-0.124113,0.585146,0.830042,0.619798,-0.152974,-1.074980,0.314023,1,0,0,0
0.744721,0.097946,0.652168,-0.133404,-0.849397,0.640824,0.804305,0,0,0,0
-0.035070,0.183802,-0.113616,-0.476730,-0.737759,-0.833303,0.538543,0,0,0,0
1.389039,-1.163752,0.110886,-1.088767,-0.215945,0.543641,0.895506,0,0,0,0
-0.432306,-1.330661,1.766292,-0.160209,-0.307305,-1.125417,-0.129971,0,1,0,0
0.766415,-0.516141,0.379044,0.045172,0.188232,1.810859,0.923079,0,0,0,0
-0.093449,-0.645550,0.426225,0.593370,1.060305,-0.946424,0.609289,0,0,0,0
1.325356,-0.076960,-0.189999,-0.094526,-0.251584,0.310534,1.025862,0,0,0,0
-0.553838,0.637334,0.044338,0.754132,1.360746,-0.908492,1.096261,0,0,0,1
0.891903,0.495017,1.009459,0.427678,-0.879052,1.830923,0.690935,0,0,0,0
-0.302331,-0.586963,-0.012534,-0.090659,-0.043792,-1.028529,0.627738,0,0,0,0
1.127046,-0.002775,-0.213226,0.179856,1.063704,0.124665,1.181703,0,0,0,0
-0.662782,0.805428,0.304640,1.877756,2.398696,-0.856818,0.515137,0,0,0,1
0.865828,-0.508175,0.429880,-0.369837,-0.087940,1.236048,0.791947,0,0,0,0
0.312261,-0.191399,0.354681,-0.160635,-0.193465,-0.590342,0.610927,0,0,0,0
1.208009,-0.120694,-0.169624,0.125502,-0.050868,0.499046,1.243842,0,0,0,0
0.373568,0.388505,0.250103,0.372028,0.859689,-0.950136,0.622192,1,1,0,0
1.003750,-0.641661,0.703594,0.481311,-0.274584,0.976685,0.847207,0,0,0,0
0.183512,-1.734274,0.530709,1.313501,-0.104466,-0.927246,0.681771,0,0,0,0
1.310236,-0.626153,-0.491228,-0.484868,-1.253231,0.358814,1.096218,0,0,0,0
-0.016496,0.010932,0.499860,0.837913,-0.780690,-0.957453,0.113809,0,0,0,0
1.266636,-0.684002,0.433221,0.419472,-0.126479,1.985093,1.255590,0,0,0,0
-0.423949,-1.108383,0.202640,1.502410,0.100355,-1.094068,0.525933,0,1,0,0
1.258735,-1.076045,-0.283153,-0.587824,-1.212684,1.235927,1.330925,0,0,0,0
0.603329,-0.036881,0.634834,0.875076,-0.645661,-0.983770,0.698509,0,0,0,0
1.008426,-1.079116,0.743484,0.750458,0.063343,0.302154,0.716706,0,0,0,0
-0.585808,-0.420023,0.491268,1.275959,0.132472,-1.127470,0.358408,1,0,0,0
1.117945,-0.627767,-0.653458,-0.213075,-0.494162,0.890370,1.254895,0,0,0,0
0.176197,0.007132,0.631368,0.595352,-0.161742,-1.093109,0.696588,0,0,0,0
0.812256,-1.055364,0.641469,1.067331,0.216379,0.299380,0.992116,0,0,0,0
-0.630229,-0.333809,-0.072897,1.193022,-0.344000,-0.802395,0.395676,0,0,0,0
1.212694,-0.828153,-0.158216,-0.067191,-0.473659,1.764829,1.351027,0,0,0,0
0.600898,-0.876188,0.124854,1.171930,-0.232280,-1.030322,0.960823,0,0,0,1
0.935514,-0.552310,0.879018,0.907809,-0.203971,0.343247,0.885012,0,0,0,0
-0.018938,-1.139906,-0.391459,0.085541,0.658247,-0.842875,0.589207,0,0,0,0
1.304873,-0.112414,-0.509409,-0.553307,-1.028285,0.770947,1.150504,0,0,0,0
0.098162,0.359056,0.667338,0.411707,0.114998,-1.011362,-0.000833,0,0,1,0
1.065732,-0.649395,0.261031,0.218706,0.334316,1.877083,0.955673,0,0,0,0
0.174139,-0.827350,0.146466,0.138613,-0.181590,-0.911632,0.704107,0,0,0,0
1.233787,-0.893101,-0.363686,-0.045677,-0.236916,-0.026438,0.586724,0,0,0,0
0.060220,0.395938,-0.082023,0.694312,0.288329,-1.048575,0.734899,0,1,0,0
0.737184,-0.428571,0.509222,0.084254,-0.257711,0.490457,0.828402,0,0,0,0
0.148930,-0.707577,0.357511,0.488654,-0.008741,-0.701940,0.603785,0,0,0,0
0.996029,-0.092738,-0.293960,-0.946450,-0.449201,0.499876,1.010467,0,0,0,0
-0.460761,0.786066,-0.123454,0.049238,0.379389,-1.001359,-0.497038,0,0,0,0
1.192986,-0.511012,0.156640,0.163774,-0.236390,1.659625,1.152420,0,0,0,0
0.152222,-0.575403,0.007366,-0.339154,-0.080465,-0.507290,0.516301,0,0,0,0
1.272314,-0.304622,-0.132214,-0.257670,-0.671857,0.844115,1.056104,0,0,0,0
0.604259,0.457845,0.332555,0.152658,-0.934863,-0.823068,0.801913,0,1,0,0
0.842800,-0.459052,0.928422,0.653309,0.045362,0.773837,0.671438,0,0,0,0
-0.000676,-0.449837,0.198280,0.829731,0.521363,-0.767201,0.618538,0,0,0,0
1.389014,-0.341714,-0.433425,-0.296878,-0.135290,0.912506,1.144279,0,0,0,0
-0.096042,0.480176,0.020582,0.120604,-0.089842,-1.079232,0.082303,0,0,0,0
1.143991,-0.293216,0.480374,0.514550,0.094875,2.058988,0.838981,0,0,0,0
-0.310263,0.067376,0.112581,-0.006282,-0.333444,-0.809414,0.407067,0,1,0,0
1.146941,-0.098093,-0.371884,-0.304394,-0.546840,1.341404,0.949958,0,0,0,0
0.476205,-0.552523,0.139921,0.237057,-0.129812,-0.989885,0.236740,0,0,0,0
0.722332,-0.022464,0.575118,0.744941,-0.236833,0.244143,0.887406,0,0,0,0
-0.617777,-0.183522,-0.104766,1.455645,-0.276117,-0.977243,0.402585,0,0,1,0
1.291617,-0.421055,-0.191653,-0.523973,-0.888991,1.339225,0.881153,0,0,0,0
0.476113,0.044999,0.125950,0.351331,-0.325692,-1.004510,0.083683,0,0,0,0
1.017622,-0.682603,0.650586,0.858503,0.728160,0.443816,0.966300,0,0,0,0
-0.595157,0.038701,-0.123995,1.217560,0.608315,-0.839794,0.343689,0,0,0,0
1.411221,-0.587718,-0.067058,-0.258037,0.232618,1.121142,1.177342,0,0,0,0
0.548579,0.052871,0.164355,0.213247,-0.063755,-0.927213,0.312266,1,0,0,0
1.014371,-0.845316,0.616899,-0.142199,-0.559759,0.830269,0.909670,0,0,0,0
0.034710,-0.707389,0.235582,0.330487,1.179207,-0.999217,0.568889,0,0,0,0
1.190318,-1.494483,0.399404,-0.471482,-0.848561,0.666012,1.069865,0,0,0,0
-0.282152,-0.337054,0.808909,0.828078,-0.422361,-0.865064,0.361613,0,1,0,0
1.196037,-0.272755,0.112869,-0.233115,-0.330082,2.210618,0.792721,0,0,0,0
0.006982,-0.857433,0.299174,0.739475,0.319723,-1.016156,0.513756,0,0,0,0
1.248370,-0.344014,-0.587308,-0.091747,0.623802,0.490467,1.141974,0,0,0,0
0.186426,0.637804,-0.422416,-0.257828,0.287638,-0.758861,-0.030959,0,0,0,1
0.893062,0.020312,0.506557,-0.307822,-0.412901,0.575045,0.829794,0,0,0,0
-0.115480,-0.733266,0.212375,0.752702,0.783759,-0.894800,0.607215,0,0,0,0
1.171640,-0.894668,-1.021226,-0.824568,-0.752964,0.892968,0.858223,0,0,0,0
-0.324009,0.308345,-0.304685,-0.088511,0.613440,-1.170515,-0.096901,0,0,1,0
0.973337,-0.232499,0.244583,0.600770,0.070480,1.503192,0.770329,0,0,0,0
0.201213,0.520480,0.267250,-0.507378,-0.568967,-0.889314,0.632830,0,0,0,0
1.228344,0.019342,-0.263321,-0.813089,-1.099420,0.783008,0.919344,0,0,0,0
0.579994,0.164332,-0.178527,0.123447,-0.099544,-0.870152,0.876584,1,0,0,0
0.997355,-0.630088,0.494538,-0.313302,-1.287738,0.847566,0.836315,0,0,0,0
0.253173,-0.326491,0.534826,0.276876,-0.291729,-0.854574,0.725714,0,0,0,0
1.146203,-0.821106,-0.722990,-0.320680,-0.239192,0.832170,1.025642,0,0,0,0
-0.100606,0.327217,-0.318759,0.319173,0.716487,-1.074309,0.950942,0,0,0,0
1.214635,-0.937735,-0.046333,0.657502,0.191437,1.596577,0.945306,0,0,0,0
-0.538801,-0.248324,-0.115364,0.607405,0.494991,-1.135267,0.373998,1,0,0,0
1.235363,-0.088098,-0.737815,-0.794991,-1.309857,1.373300,0.875989,0,0,0,0
0.244471,-0.892599,0.071753,0.901783,0.575170,-0.900847,0.989228,0,0,0,0
0.825728,-0.396120,0.101749,0.630970,-0.401192,0.432339,0.757842,0,0,0,0
-0.561845,-0.201163,0.173924,1.368257,0.835198,-0.865923,0.385873,0,1,0,0
1.241499,-0.975032,-0.601229,-0.579003,-0.514827,1.900900,0.778500,0,0,0,0
0.414126,-0.460940,0.327564,0.584431,0.198282,-0.984036,0.644001,0,0,0,0
0.973822,-1.014745,0.837106,1.272753,0.837338,0.884985,1.167104,0,0,0,0
-0.399001,-0.549850,0.096137,1.134964,0.743165,-1.014897,0.457789,0,0,0,0
1.467835,-0.738618,-0.787481,-0.681468,-1.082535,1.829712,0.663876,0,0,0,0
0.451337,-0.622723,0.268121,1.193901,-0.941156,-0.900171,0.237517,0,0,1,0
0.967944,-0.505684,0.945995,1.033365,0.405432,0.777864,0.997776,0,0,0,0
-0.059152,-0.543217,0.390298,0.220591,-0.375716,-0.976207,0.535309,0,0,0,0
1.468547,-0.770085,-0.242634,-0.176083,-0.412893,0.402338,0.968829,0,0,0,0
0.048406,0.013383,-0.078794,0.407348,0.125602,-1.104153,0.493283,0,0,0,1
1.064098,-0.962025,0.396293,-0.001213,-0.583147,0.867884,1.118642,0,0,0,0
0.205058,-1.015059,0.119701,0.281069,-0.074855,-0.831486,0.718412,0,0,0,0
0.980243,-0.437901,-0.358105,0.049057,0.149869,0.389239,1.363926,0,0,0,0
-0.216894,-0.026950,-0.549243,0.552087,0.412451,-0.844906,0.399756,0,1,0,0
0.892029,0.043569,0.676529,0.531336,0.028632,1.607831,0.875519,0,0,0,0
0.117946,-0.685996,0.060672,0.849392,0.250186,-0.823057,0.673764,0,0,0,0
1.244173,-0.457004,-0.563626,-0.476528,-0.916342,0.049713,0.549153,0,0,0,0
-0.317431,-0.183999,-0.195015,-0.396442,-0.315189,-1.150448,1.245408,0,0,0,0
1.183091,-0.654118,0.447022,0.640149,0.313027,1.734083,1.063858,0,0,0,0
0.265498,-0.917615,0.288289,0.403869,-0.754531,-0.807574,0.597828,0,0,0,0
1.315566,-0.093371,-0.142466,0.219571,-0.267129,0.706335,1.502418,0,0,0,0
0.483557,-0.176468,0.408430,0.729648,-0.236107,-0.858944,0.681264,0,1,0,0
0.937907,-0.198836,0.535688,-0.049840,-0.560933,0.639316,0.722150,0,0,0,0
0.089430,-0.528640,-0.085141,0.757428,-0.881124,-0.935334,0.695786,0,0,0,0
1.136452,-0.548500,-0.671549,-0.406669,-0.273858,0.500854,1.236920,0,0,0,0
-0.391385,-0.245179,-0.215114,0.661057,0.646130,-1.167464,0.988370,0,0,1,0
0.956432,-0.532434,0.308202,0.205480,-0.140682,0.873043,0.977642,0,0,0,0
-0.796859,-0.116322,-0.488321,0.566635,-0.108046,-1.082240,0.369086,0,0,0,0
1.027062,-0.314765,-0.416693,-0.463311,-0.637684,1.411269,1.381399,0,0,0,0
0.433362,-0.324198,0.574485,0.712582,0.238850,-0.600229,0.846900,1,0,0,0
0.808670,0.013066,0.368316,0.398331,0.499046,0.429445,0.583032,0,0,0,0
-0.702328,0.636814,-0.595875,0.903815,-0.212623,-1.108953,0.253440,0,0,0,0
1.407690,-0.210539,-0.076118,-0.297879,-0.963103,2.189086,1.279288,0,0,0,0
0.188090,-0.436976,0.065762,0.378745,-0.276452,-0.983636,-0.089463,0,0,0,0
0.949376,-0.614485,0.841527,0.932647,0.087322,0.540728,0.968794,0,0,0,0
-0.169942,-0.423486,-0.095910,1.052233,-0.294906,-0.972584,0.568299,0,0,0,0
1.182577,-0.696565,-0.269058,-0.289638,-1.163036,1.067164,0.994706,0,0,0,0
0.346659,-0.234307,0.826489,1.126506,0.137284,-1.015844,1.198051,1,0,0,0
1.064669,-0.445537,0.490086,0.109215,-0.539504,0.345859,0.847317,0,0,0,0
0.269272,-1.094291,0.454235,-0.029239,-0.184424,-0.941614,0.651883,0,0,0,0
0.934291,-0.972393,-0.632251,-0.612092,-0.223820,0.126833,1.269833,0,0,0,0
-0.268436,-0.486986,0.156664,0.736824,0.135752,-0.937824,1.127194,0,0,1,0
1.039533,-0.450521,0.378831,0.174595,-0.012621,1.245464,1.099444,0,0,0,0
-0.268082,-0.547599,0.040599,0.275399,0.252539,-0.925261,0.553415,0,0,0,0
1.336002,0.080494,-0.580529,-0.274371,-0.950420,1.091052,1.552259,0,0,0,0
0.426501,-1.104966,-0.248492,0.089869,-0.511361,-0.683804,0.001185,0,1,0,0
1.086906,-0.347480,-0.027096,-0.112485,0.099889,0.649760,0.910366,0,0,0,0
-0.271966,-0.135928,0.001488,0.757805,-0.071909,-0.858736,0.414732,0,0,0,0
1.356541,0.338215,-0.414182,-0.584547,-0.580168,1.478257,1.449260,0,0,0,0
0.250906,-0.123787,0.337232,0.274237,-0.480254,-0.506659,0.839570,0,1,0,0
1.376782,-0.449666,0.066359,-0.271413,-0.327462,0.691169,0.932239,0,0,0,0
