mfcc0,mfcc1,mfcc2,mfcc3,mfcc4,onset,rms,lane0,lane1,lane2,lane3
-3.512351,-4.970677,0.456131,-1.060586,0.799379,-1.581806,-2.170274,0,0,1,0
-1.456289,1.138637,1.690426,-2.460861,-0.956504,-0.319836,-0.634045,0,0,0,0
-1.636391,0.566528,1.437929,-2.547940,-1.136211,-1.406604,-0.763837,0,0,0,0
-1.484234,0.976764,1.459548,-2.670847,-1.423755,-0.880084,-0.607513,0,0,0,0
-1.737577,0.329082,1.470234,-2.591626,-1.774206,-0.685767,-0.907134,0,0,0,1
-1.526984,1.001633,1.716837,-2.634486,-1.870931,-0.742111,-0.183184,0,0,0,0
-1.774349,0.324882,1.663770,-2.522895,-2.065636,-1.129057,-0.575171,0,0,0,0
-1.917429,-0.075361,1.629562,-2.441037,-2.217857,-0.921292,-0.907314,0,0,0,0
-2.087198,-0.557624,1.632497,-2.146392,-1.759697,-0.769979,-1.105693,0,1,0,0
-1.712933,0.378780,1.423706,-2.670925,-1.918476,-0.738282,-0.116612,0,0,0,0
-2.043797,-0.511539,1.412835,-2.407890,-1.860140,-0.867470,-0.658193,0,0,0,0
-1.755440,0.200978,1.244894,-2.773823,-1.858599,-1.350813,-1.024465,0,0,0,0
-1.915015,-0.281332,1.089549,-2.785075,-1.923868,-0.971725,-1.395017,1,0,0,0
-1.611004,0.605088,1.332057,-2.731667,-1.570955,-1.124091,-0.744263,0,0,0,0
-1.852855,-0.085023,1.178347,-2.739762,-1.826504,-0.905044,-1.333849,0,0,0,0
-1.587418,0.589046,1.148665,-2.817666,-1.254552,-0.400568,-0.912033,0,0,0,0
-1.898403,-0.195578,1.228987,-2.620392,-1.665142,-0.709727,-1.151138,0,0,0,1
-1.347678,1.457774,1.717344,-2.614994,-1.210752,-0.455740,-0.653829,0,0,0,0
-1.511165,1.036033,1.740721,-2.485836,-1.182703,-0.291752,-1.182515,0,0,0,0
-1.596851,0.752778,1.578036,-2.593503,-1.401148,-0.673400,-1.281949,0,0,0,0
-1.725285,0.524918,1.886548,-2.240678,-1.265369,-0.941254,-1.448952,0,1,0,0
-1.530044,0.900545,1.611826,-2.373186,-0.614743,-0.917163,-1.377617,0,0,0,0
-1.689960,0.460603,1.526607,-2.413983,-0.885803,-0.882356,-1.545953,0,0,0,0
-1.835845,0.089717,1.572474,-2.277929,-0.935115,-1.050867,-1.572586,0,0,0,0
-1.980811,-0.233439,1.758504,-1.994269,-0.853586,-1.185971,-1.680438,0,1,0,0
-1.676924,0.489142,1.573521,-2.261500,-0.536257,-1.233321,-1.164230,0,0,0,0
-1.858108,-0.068075,1.374348,-2.299458,-0.699321,-0.796396,-1.443681,0,0,0,0
-1.645750,0.514372,1.460972,-2.315617,-0.508990,-1.432933,-1.132128,0,0,0,0
-1.896238,-0.135173,1.561337,-1.915958,0.032755,-0.720558,-1.329107,1,0,0,0
-1.734147,0.399058,1.722487,-2.149144,-0.718382,-0.794782,-0.772062,0,0,0,0
-1.940975,-0.259816,1.461501,-2.146832,-0.621053,-0.692692,-1.371498,0,0,0,0
-1.622329,0.535206,1.245808,-2.711918,-1.151534,-0.976015,-1.131497,0,0,0,0
-1.923666,-0.224633,1.347843,-2.439655,-1.270674,-0.991181,-1.478852,0,0,0,1
-1.321454,1.455574,1.567646,-2.650097,-0.868977,-0.403005,-0.522144,0,0,0,0
-1.615313,0.628930,1.425256,-2.620190,-1.261970,-1.000426,-1.095599,0,0,0,0
-1.650427,0.525275,1.426549,-2.518904,-0.964935,-0.844301,-1.241889,0,0,0,0
-1.750249,0.290587,1.486532,-2.442668,-1.080075,-0.957644,-1.426912,0,0,1,0
-1.589401,0.481721,1.009720,-2.636989,-0.305834,-0.573021,-1.328638,0,0,0,0
-1.831910,-0.220780,0.834492,-2.674840,-0.724356,-0.999157,-1.280412,0,0,0,0
-1.940958,-0.527182,0.765884,-2.703148,-0.921340,-0.952850,-1.412060,0,0,0,0
-2.083676,-0.816503,1.005740,-2.396724,-0.768438,-0.874974,-1.494422,0,0,1,0
-1.731750,0.114195,1.022325,-2.584706,-0.617894,-0.322596,-1.336864,0,0,0,0
-1.933827,-0.442566,0.952051,-2.540052,-0.821672,-0.156895,-1.314791,0,0,0,0
-1.654151,0.525028,1.465204,-2.465566,-0.917113,-0.900864,-0.854181,0,0,0,0
-2.022529,-0.584380,1.125863,-2.486398,-1.248298,-0.857717,-1.429162,0,1,0,0
-1.772343,0.154110,1.285613,-2.602712,-1.326194,-1.023795,-1.157615,0,0,0,0
-1.979332,-0.442025,1.160613,-2.567528,-1.452058,-0.507451,-1.490847,0,0,0,0
-2.203204,-1.042268,1.191173,-2.305661,-1.310134,-0.849593,-1.856790,0,0,0,0
-2.409416,-1.525754,1.433813,-1.823719,-0.870256,-0.727066,-1.996048,0,0,0,1
-1.393344,1.230461,1.399739,-2.894722,-1.427325,-0.819352,-0.286755,0,0,0,0
-1.515939,0.889351,1.361076,-2.829675,-1.408304,-0.861863,-0.734272,0,0,0,0
-1.434491,1.034347,1.246413,-2.854881,-1.178396,-1.121793,-0.434496,0,0,0,0
-1.680080,0.391410,1.226732,-2.773241,-1.396308,-1.027660,-0.845334,1,0,0,0
-1.518458,0.885830,1.385813,-2.796771,-1.485893,-0.997294,-0.153367,0,0,0,0
-1.715429,0.397918,1.497137,-2.532887,-1.368601,-1.008442,-0.519915,0,0,0,0
-2.005172,-0.388832,1.478273,-2.327870,-1.558574,-0.850350,-1.251167,0,0,0,0
-2.148376,-0.840204,1.347378,-2.207686,-1.245116,-0.896059,-1.482607,0,0,1,0
-1.114342,1.982278,1.388029,-3.185849,-1.667995,-0.763656,-0.690965,0,0,0,0
-1.284106,1.507015,1.375455,-2.958331,-1.282697,-1.085563,-0.913425,0,0,0,0
-1.394387,1.243314,1.445098,-2.844754,-1.357510,-0.926469,-1.114903,0,0,0,0
-1.509086,1.006133,1.587658,-2.718347,-1.515946,-0.965868,-1.328054,0,0,0,0
-1.670958,0.501003,1.419488,-2.690357,-1.532976,-0.997711,-1.443239,0,0,0,0
-1.785227,0.193267,1.462844,-2.478605,-1.311887,-1.008753,-1.584347,0,0,0,0
-1.920806,-0.149303,1.514038,-2.332821,-1.293713,-1.229198,-1.691982,0,0,0,0
-2.082006,-0.607590,1.453722,-2.230094,-1.217087,-0.969091,-1.745541,0,1,0,0
-1.269460,1.558465,1.462473,-2.839784,-1.246095,-0.676679,-0.724953,0,0,0,0
-1.548290,0.796212,1.433890,-2.622470,-1.250225,-1.303536,-0.850252,0,0,0,0
-1.449835,1.012540,1.285374,-2.879858,-1.582385,-0.930419,-0.710575,0,0,0,0
-1.699444,0.357606,1.285536,-2.749065,-1.784116,-0.593294,-0.997025,0,0,0,1
-1.463260,1.144117,1.685951,-2.623978,-1.640905,-0.721717,-0.231525,0,0,0,0
-1.784467,0.263575,1.582183,-2.565578,-2.076823,-1.120705,-0.562424,0,0,0,0
-1.933970,-0.190034,1.449541,-2.558841,-2.250635,-0.985653,-1.031355,0,0,0,0
-2.043825,-0.447273,1.580295,-2.290436,-1.938651,-0.993291,-1.265229,0,0,1,0
-1.742121,0.303782,1.423290,-2.667464,-1.984573,-1.061219,-0.131283,0,0,0,0
-1.986776,-0.407486,1.268554,-2.594374,-1.953099,-1.041706,-0.783335,0,0,0,0
-1.715431,0.319024,1.281181,-2.772961,-1.890119,-1.020350,-1.016579,0,0,0,0
-1.843392,-0.096607,1.091126,-2.804895,-1.854990,-0.571943,-1.353764,1,0,0,0
-1.567791,0.710902,1.339615,-2.694505,-1.368769,-0.648261,-0.719200,0,0,0,0
-1.798922,0.052402,1.229689,-2.598362,-1.368276,-0.600027,-1.238727,0,0,0,0
-1.525886,0.685145,0.984360,-2.988628,-1.415237,-0.742670,-0.877458,0,0,0,0
-1.917876,-0.295928,1.103258,-2.704021,-1.714676,-1.305635,-1.145416,0,1,0,0
-0.984443,2.336803,1.498744,-3.018237,-1.079459,-0.361830,0.144836,0,0,0,0
-1.104907,2.028879,1.472608,-3.066478,-1.430944,-0.736571,-0.452246,0,0,0,0
-1.233989,1.689683,1.507196,-2.898108,-1.311893,-0.919347,-0.689021,0,0,0,0
-1.330732,1.551350,1.757561,-2.735015,-1.443615,-0.802386,-0.972096,0,0,0,1
-1.129399,1.981188,1.575212,-2.841678,-0.990832,-0.808527,-0.918104,0,0,0,0
-1.225648,1.821073,1.807445,-2.612060,-0.917871,-1.040417,-1.080152,0,0,0,0
-1.284907,1.678363,1.847012,-2.545709,-0.977389,-0.806963,-1.200370,0,0,0,0
-1.443516,1.232264,1.824815,-2.400588,-1.019022,-0.662034,-1.370337,0,0,0,1
-1.287200,1.526465,1.657434,-2.387313,-0.417550,-0.273407,-0.927427,0,0,0,0
-1.393757,1.148164,1.565513,-2.175016,-0.141198,-0.499652,-1.240545,0,0,0,0
-1.295964,1.222898,1.336215,-2.156418,0.020421,-0.734110,-1.221223,0,0,0,0
-1.555152,0.275894,1.015639,-1.850717,0.356606,-0.538883,-1.462293,0,0,1,0
-1.288878,0.984135,1.083539,-2.088484,-0.384558,-0.289957,-0.626453,0,0,0,0
-1.488989,0.034937,0.536140,-1.831021,0.236186,-0.116012,-1.242256,0,0,0,0
-1.217090,0.674640,0.337452,-2.309844,-0.269118,0.015089,-1.092029,0,0,0,0
-1.205994,0.244937,0.073282,-1.818047,-0.045828,0.849858,-1.375631,0,1,0,0
-0.660189,2.067878,0.486492,-2.359793,-0.406151,0.132055,-0.068434,0,0,0,0
-0.849377,1.404082,0.376685,-2.157888,-0.556360,-0.272889,-0.666560,0,0,0,0
-0.896438,1.164684,0.417918,-1.856160,-0.418305,-0.253862,-0.809878,0,0,0,0
-0.939632,0.851028,0.226154,-1.797706,-0.587653,0.156128,-1.008208,1,0,0,0
-0.836499,0.809707,-0.130892,-1.794409,-0.352183,-0.188311,-1.161090,0,0,0,0
-1.009199,0.220063,-0.265094,-1.749425,-0.574421,-0.305821,-1.276274,0,0,0,0
-1.067860,-0.256351,-0.414523,-1.452988,-0.903974,-0.437543,-1.474581,0,0,0,0
-1.092837,-0.442922,-0.434670,-1.195146,-0.515078,-0.353007,-1.537656,1,0,0,0
-0.840149,0.029566,-0.515403,-1.357092,-0.649487,0.166076,-1.142981,0,0,0,0
-0.959699,-0.530425,-0.758235,-1.192279,-0.553077,0.171205,-1.185295,0,0,0,0
-0.664716,0.087472,-0.513836,-1.100444,-1.188651,-0.082892,-0.574414,0,0,0,0
-0.885811,-0.711549,-0.511777,-0.736012,-0.892126,0.370256,-1.184206,0,0,1,0
-0.619694,-0.334967,-0.717156,-0.885376,-1.539763,-0.453848,-0.973403,0,0,0,0
-0.731234,-1.096898,-1.025211,-0.644276,-1.483540,0.079173,-1.325111,0,0,0,0
-0.808663,-1.644131,-1.114692,-0.263024,-0.797865,0.158847,-1.567501,0,0,0,0
-0.734117,-1.578884,-1.190510,-0.290920,-1.181498,-0.150246,-1.698058,0,0,0,1
-0.478593,-1.162658,-1.049828,-0.171742,-1.333601,0.117567,-0.596881,0,0,0,0
-0.592700,-1.837786,-1.254177,0.063280,-1.246618,0.171616,-1.254619,0,0,0,0
-0.262745,-1.311946,-1.434414,-0.258133,-2.045642,-0.026459,-0.735897,0,0,0,0
-0.376562,-1.891698,-1.447174,0.074813,-1.859891,0.851791,-0.998214,0,1,0,0
-0.217896,-2.011508,-1.527657,0.387337,-1.730686,-0.061211,-1.014138,0,0,0,0
-0.291762,-2.667931,-1.900969,0.234976,-2.030504,0.501260,-1.123517,0,0,0,0
-0.313631,-3.205517,-2.086603,0.360812,-1.857206,-0.163436,-1.485784,0,0,0,0
-0.299908,-3.699009,-2.027385,0.648666,-2.148717,0.687838,-1.666644,0,0,1,0
0.046307,-3.181179,-2.024060,0.696022,-1.945680,0.550383,-0.845986,0,0,0,0
-0.144134,-4.071385,-2.356704,0.644253,-2.458204,0.819813,-0.941440,0,0,0,0
-0.120861,-4.333912,-2.842322,0.554546,-2.194156,0.264101,-1.077167,0,0,0,0
-0.088817,-4.402332,-2.761501,0.659710,-2.058258,0.487226,-1.183335,0,0,0,0
-0.165315,-4.753451,-2.861514,0.555720,-1.948882,1.121688,-1.333519,0,0,0,0
-0.180560,-4.626885,-2.759111,0.768766,-1.841332,0.812173,-1.390063,0,0,0,0
-0.101538,-4.674674,-3.147009,0.460223,-1.686099,1.019018,-1.373505,0,0,0,0
-0.756743,-3.403492,-2.021006,0.406532,-0.499688,0.700321,-1.716732,1,1,0,0
1.045765,-0.292863,-1.254653,1.605700,-0.045962,0.500782,1.678045,0,0,0,0
0.823783,-1.021182,-0.922173,1.890760,-0.358333,0.922424,0.404010,0,0,1,0
1.018858,-0.729128,-0.886618,1.367715,-1.380520,0.680255,0.561358,0,0,0,0
0.871735,-0.868004,-0.810916,1.553930,-0.926858,0.531154,0.035626,0,0,0,1
1.174936,-0.347664,-1.403676,1.120782,-1.002852,0.132611,0.288625,0,0,0,0
0.968161,-0.627782,-1.156004,1.164044,-1.128321,0.463616,0.022611,0,0,0,0
0.877538,-1.074683,-1.299985,1.284929,-0.577789,-0.418197,0.111529,0,0,0,0
0.586922,-1.274075,-0.764523,1.629218,-0.772976,-0.373054,-0.366475,0,0,1,0
0.914225,-0.652163,-0.960778,1.348758,-0.830005,0.472141,0.899329,0,0,0,0
0.762869,-1.079672,-0.883337,1.608610,-1.125481,0.466386,-0.437141,0,1,0,0
0.858304,-0.861666,-1.358414,1.195685,-1.211410,-0.478056,-0.446856,0,0,0,0
0.656940,-1.113913,-1.222801,1.384213,-0.903985,0.345298,-0.744867,0,0,0,1
1.105542,-0.272816,-1.642307,1.080219,-0.537731,0.249201,0.148716,0,0,0,0
0.759013,-0.883927,-1.312900,1.403490,-0.676324,0.488396,-0.124000,0,0,1,0
0.705045,-0.277584,-0.999401,1.175275,-0.667607,-0.194088,0.337652,0,0,0,0
0.522098,-0.831663,-1.151947,1.266243,-0.772632,-0.144024,-0.828798,1,0,0,0
0.929334,-0.362146,-0.803051,1.063638,-0.762971,0.330920,0.142010,0,0,0,0
0.516030,-0.279372,-0.856988,1.374489,-0.641617,-0.216904,-0.137424,0,0,0,0
0.428169,-0.384615,-0.372512,1.525492,-0.332257,0.543945,0.324685,0,0,0,0
0.274300,-0.416998,-0.671110,1.405083,-0.587305,-0.167735,-0.710113,0,1,0,0
0.928119,-0.172273,-1.320866,1.212800,-0.283141,-0.228362,-0.075990,0,0,0,0
0.293732,-0.276163,-0.889478,1.234141,0.545657,-0.437871,-0.473511,0,0,0,0
0.650712,-0.126329,-0.537900,1.181194,-0.105518,-0.322575,0.818217,0,0,0,0
0.252236,0.089623,-0.717620,1.310617,0.822066,0.234614,0.395630,0,0,0,1
0.548104,-0.046700,-0.420404,1.213325,0.194396,0.046824,0.737696,0,0,0,0
0.064818,0.083124,-0.496611,1.069311,0.456651,0.272641,-0.631031,0,1,0,0
0.750130,0.340659,-0.608671,0.775756,-0.471753,-0.988974,0.188576,0,0,0,0
0.254689,0.641736,-0.666756,0.712502,0.124640,-0.631271,-0.285602,0,0,1,0
1.019785,0.021333,-1.157603,0.956907,-0.352273,0.014520,0.126153,0,0,0,0
0.231118,0.216288,-0.844113,0.749773,0.224819,-0.073832,-0.623052,1,0,0,0
0.634647,0.312135,-0.889434,0.396561,-0.366722,-0.167888,-0.063772,0,0,0,0
0.080333,1.053775,-0.474822,0.097801,0.481509,-0.306117,-0.386160,0,1,0,0
0.433965,0.693662,-0.181806,0.544164,-0.053630,-0.871745,0.586017,0,0,0,0
-0.143263,1.290693,-0.053684,-0.005671,0.674644,-0.323089,-0.526528,0,0,0,0
0.423859,-0.232521,-0.208880,0.727659,-1.091909,1.319278,-0.337136,0,0,0,0
-0.278436,1.050059,-0.175688,-0.149071,0.972224,-0.285941,-0.545045,0,0,0,1
0.974354,0.178296,-1.303524,0.915796,-0.444217,0.196385,0.437087,0,0,0,0
0.145411,0.577711,-0.441970,0.557304,0.318687,-0.002610,0.102654,0,0,0,0
0.393436,-0.171794,-0.228892,0.659256,-0.636086,-1.005419,0.094285,0,0,0,0
-0.357965,1.075064,0.469661,0.273633,1.064408,-0.378341,-0.195092,0,0,1,0
0.371762,0.775769,0.204841,0.798287,0.199667,-0.202467,1.217646,0,0,0,0
-0.349099,1.891585,0.812898,-0.290869,1.122514,-0.435998,-0.072110,1,0,0,0
0.269477,0.329330,0.112154,0.615172,-0.802455,-1.020660,-0.129914,0,0,0,0
-0.530034,1.627023,0.871476,-0.505292,0.844143,-0.638694,-0.454062,0,1,0,0
0.961044,0.142993,-1.041543,0.977428,-0.600872,-0.040520,0.651248,0,0,0,0
0.171168,0.780125,-0.398736,0.383156,0.091259,-0.791789,-0.084242,0,0,0,0
0.405708,0.511078,0.172014,0.741487,-0.328720,0.220738,0.590048,0,0,0,0
-0.397446,1.549038,0.634642,-0.216589,1.050149,-0.579495,-0.566144,0,0,1,0
0.432648,0.093440,-0.267982,0.450235,-0.719258,-0.451304,-0.035613,0,0,0,0
-0.689708,1.495217,0.850269,-0.748339,1.240259,-0.682326,-1.057141,0,0,0,1
0.099092,-0.004158,0.098005,0.569061,-0.628963,-0.591153,0.149762,0,0,0,0
-0.970775,1.038164,0.888624,-0.770513,1.698766,-0.891289,-1.257783,0,1,0,0
0.862608,-0.282850,-1.342058,0.781468,-0.804461,0.445944,-0.318937,0,0,0,0
0.023928,0.386872,-0.599647,0.255601,0.034324,-0.181515,-0.743166,0,0,0,0
0.560328,-0.261058,-0.424662,0.745313,-0.052357,-0.160428,-0.025392,0,0,0,0
-0.460446,1.198567,0.394324,-0.059406,1.760206,-0.453142,-0.571199,0,0,1,0
0.290598,0.227952,0.161805,0.735828,-0.531374,-0.614966,0.438280,0,0,0,0
-0.744828,1.641476,0.967227,-0.849952,1.586512,-0.166151,-0.765924,0,0,0,0
0.418463,0.659383,-0.223813,0.457644,0.088002,-0.351380,0.653429,0,0,0,0
-0.594581,2.229030,0.865577,-1.123079,2.376935,-0.722280,-0.548115,1,0,0,0
0.662906,-0.168514,-1.045866,1.007517,-0.255682,-0.261992,-0.365029,0,0,0,0
0.019560,0.387301,-0.228878,0.745468,0.633017,-0.416351,-0.373946,0,0,0,0
0.621519,0.142889,-0.319486,0.763363,-0.475717,0.256714,-0.355357,0,0,0,0
-0.403184,1.336356,0.261170,-0.255595,1.565617,-0.390371,-0.725664,0,0,0,1
0.486317,0.742086,0.031664,0.754966,0.371133,-0.341643,1.757714,0,0,0,0
-0.642590,2.072210,1.394714,-0.588521,1.658023,-0.625159,0.462646,0,0,1,0
0.323480,0.442580,0.016894,0.443238,-0.871071,-0.268200,0.507836,0,0,0,0
-0.694484,2.147417,1.182559,-1.191841,1.548544,-0.649947,-0.162114,1,0,0,0
0.823773,0.115514,-1.244405,0.740065,-0.536535,-0.468033,0.220680,0,0,0,0
0.083244,0.876983,-0.174409,0.286432,0.117697,-0.003973,-0.120730,0,0,0,0
0.225005,0.313959,-0.006550,0.272529,-0.754461,-0.255420,-0.280798,0,0,0,0
-0.511890,1.298305,0.578537,-0.328279,1.063038,-0.669139,-0.424761,0,1,0,0
0.480866,0.578649,-0.169761,0.496840,-0.320409,-0.562208,0.849227,0,0,0,0
-0.541189,2.012307,0.812336,-1.015282,1.220871,-0.519296,-0.624898,0,0,1,0
0.392584,0.161758,-0.434104,0.259319,-1.231679,-0.598025,-0.554606,0,0,0,0
-0.762348,1.776198,0.819365,-1.545036,1.013668,-0.496460,-0.879935,1,0,0,0
0.840843,0.098995,-1.223323,0.792548,-0.484177,-0.612179,0.048641,0,0,0,0
0.021203,0.569382,-0.381405,0.228403,-0.012605,-0.369466,-0.280566,0,0,0,1
0.413583,0.845807,-0.152596,0.290441,-0.448860,-0.140806,0.789287,0,0,0,0
-0.401929,1.721753,0.656278,-0.412790,1.048097,-0.838105,-0.447415,0,1,0,0
0.685375,0.297491,0.029674,0.623428,-0.735208,0.367959,0.395474,0,0,0,0
-0.674538,1.998419,1.297969,-0.858655,1.068039,-0.775863,-0.063686,0,0,0,0
0.140092,0.017427,0.449398,0.867874,-1.013189,0.981187,0.355546,0,0,0,0
-0.977127,1.798647,1.545389,-1.305482,1.241864,-0.688613,-0.765887,0,0,0,1
0.796432,-0.063148,-1.025021,1.054230,-0.276156,0.232841,0.033989,0,0,0,0
0.016429,0.541970,-0.406731,0.324144,0.267251,-0.644543,-0.288741,0,0,0,0
0.521569,0.437055,-0.115574,0.447616,-0.322040,0.003197,1.001982,0,0,0,0
-0.424618,1.342138,0.251007,-0.311982,1.775995,-0.924621,0.364717,1,0,0,0
0.204588,0.381921,0.124010,0.643684,-0.038204,-0.304376,0.671451,0,0,0,0
-0.893920,1.563393,1.317590,-0.670324,1.878179,-0.279599,-0.422246,0,0,1,0
0.646967,0.403641,-0.358274,0.476990,-0.875685,0.229841,0.286250,0,0,0,0
-0.584522,2.198598,0.852663,-1.264594,1.715038,-0.525889,-0.259826,0,1,0,0
0.935340,0.040783,-0.898822,0.933085,-0.267564,-0.251337,0.450184,0,0,0,0
0.010947,0.585337,-0.150290,0.520568,0.302752,-0.164037,-0.108107,0,0,0,1
0.562794,0.502935,-0.420769,0.334750,-0.730934,-0.600124,0.131411,0,0,0,0
-0.362431,1.545850,0.397664,-0.390412,1.138197,-0.939050,-0.324834,1,0,0,0
0.353308,0.561453,0.102973,0.457391,-0.292880,-0.488238,0.673090,0,0,0,0
-0.677940,2.034144,1.297123,-0.943669,1.002134,-0.491334,-0.700883,0,0,0,0
0.088733,0.290832,0.597992,0.565786,-1.172050,-0.406244,-0.333051,0,0,0,0
-0.947141,1.998595,1.821688,-1.356932,0.825413,-1.050497,-0.603685,0,1,0,0
0.878503,-0.020907,-1.186090,0.891312,-0.679826,-0.005651,0.360153,0,0,0,0
0.057566,0.661573,-0.173369,0.473501,0.109884,-0.773543,-0.050490,0,0,0,0
0.355017,-0.190148,-0.132956,0.657352,-0.686587,0.126793,0.046336,0,0,0,0
-0.603291,1.175544,0.996997,0.008704,0.846879,-0.593792,-0.283259,0,0,0,1
0.416683,0.678329,0.199184,0.820874,-0.369471,-0.148731,0.996273,0,0,0,0
-0.635666,2.128194,1.253075,-0.831730,1.365681,-0.864810,-0.211416,1,0,0,0
0.303990,0.315766,-0.173524,0.384639,-0.747353,-0.702689,-0.310962,0,0,0,0
-0.823364,1.838737,1.242074,-1.184807,1.170054,-0.884298,-0.685659,0,0,1,0
0.978683,0.253538,-1.080301,0.927762,-0.435302,-0.388753,0.651329,0,0,0,0
0.095724,0.722729,-0.318900,0.357869,0.112979,-0.650312,-0.139551,0,0,0,0
0.494813,0.517036,-0.149011,0.571820,-0.414819,0.366974,0.825026,0,0,0,0
-0.468516,1.483641,0.547188,-0.424093,1.097284,-0.656686,-0.583851,0,1,0,0
0.534289,0.180496,-0.020096,0.696658,-0.314969,-0.251128,0.216041,0,0,0,0
-0.721375,1.800999,1.196976,-0.783233,1.538192,-0.195960,-0.320532,0,0,1,0
0.257455,0.259706,0.129828,0.628303,-0.466374,-0.220622,0.458000,0,0,0,0
-0.900768,1.725854,1.358423,-0.986101,1.641218,-1.004216,-0.711867,1,0,0,0
0.774829,0.094826,-1.169852,0.776095,-0.556942,0.476643,-0.167443,0,0,0,0
-0.047423,0.683213,-0.007791,0.425209,0.149186,-0.658554,-0.741755,0,0,0,0
0.587146,-0.196136,-0.415530,0.494363,-0.689186,-0.249742,-0.318555,0,0,0,0
-0.466231,1.411831,0.492892,-0.412703,1.154307,-0.952250,-0.616609,0,0,0,1
0.271571,0.059564,0.128028,0.988180,-0.335689,-0.684358,0.692475,0,0,0,0
-0.733809,1.806473,1.223559,-0.692352,1.517485,-0.336243,-0.655335,0,0,0,0
0.273181,0.320090,0.055216,0.671062,-0.122991,-0.509873,0.488622,0,0,0,0
-0.858341,1.904402,1.318324,-1.108623,2.057973,-0.813318,-0.646815,0,1,0,0
0.671809,-0.058739,-0.995523,1.056511,-0.060979,0.053073,-0.156484,0,0,0,0
-0.129664,0.385981,0.030570,0.741566,0.797584,-0.136036,-0.607149,0,0,0,0
0.294225,0.428206,-0.022491,0.613401,-0.311327,-0.299038,-0.029972,0,0,0,0
-0.493343,1.235992,0.487863,-0.211540,1.193919,-0.529365,-0.728337,0,0,1,1
0.521630,0.792581,0.079958,0.651677,-0.021005,-0.586387,1.985593,0,0,0,0
-0.723159,1.986872,1.391606,-0.809270,1.431311,-0.973432,0.520190,0,1,0,0
0.319185,0.421302,0.132462,0.571850,-1.002365,-0.457068,0.535070,0,0,0,0
-0.715232,2.115635,1.188138,-1.295969,1.351623,-0.711131,-0.129180,1,0,0,0
0.862993,0.311448,-1.269641,0.719165,-0.333749,-0.173044,0.333706,0,0,0,0
0.095508,0.945473,-0.395627,0.001526,0.041362,-0.890383,-0.104773,0,0,0,0
0.159542,0.026695,-0.164561,0.378565,-0.464632,-0.491011,-0.145460,0,0,0,0
-0.753584,0.801612,0.652912,-0.236111,1.327394,-0.609844,-0.470779,0,0,1,0
0.458295,0.273629,-0.398528,0.681691,-0.042507,-0.554702,0.852467,0,0,0,0
-0.551978,1.787910,0.597712,-0.857263,1.795570,-0.735424,-0.445581,0,0,0,1
0.422716,0.080969,-0.591267,0.213027,-0.788106,-0.368366,-0.535925,0,0,0,0
-0.815607,1.724715,1.023334,-1.330722,1.223881,-0.666019,-0.867728,1,0,0,0
0.854358,0.161670,-1.250488,0.710209,-0.380384,-0.461304,0.187812,0,0,0,0
0.069398,0.762238,-0.404120,0.163771,0.005068,-0.413660,-0.237646,0,1,0,0
0.408430,0.661569,-0.353942,0.207721,-0.543027,-0.220092,0.630137,0,0,0,0
-0.513425,1.343203,0.405098,-0.551553,0.904046,-0.821659,-0.788448,0,0,1,0
0.425200,0.633435,0.131599,0.335180,-0.571334,-1.308073,0.530273,0,0,0,0
-0.743403,1.916048,1.382528,-0.908584,0.832008,-0.805132,-0.178631,0,0,0,0
0.141445,-0.162766,0.475313,0.891281,-1.167622,0.278015,0.330953,0,0,0,0
-0.983303,1.759269,1.588044,-1.214232,1.294191,-0.344544,-0.691352,0,0,0,1
0.843631,0.027344,-1.252285,0.879901,-0.141899,0.031493,-0.161809,0,0,0,0
0.003454,0.649905,-0.301900,0.346779,0.366508,-0.585063,-0.425764,0,0,0,0
0.520976,0.254630,-0.156159,0.516832,-0.236765,-0.565541,0.840843,0,0,0,0
-0.431167,1.454361,0.511573,-0.264268,1.489638,-0.488390,0.155794,0,1,0,0
0.237299,0.292940,0.221982,0.841518,0.172893,-0.182321,0.646937,0,0,0,0
-0.837735,1.704342,1.330157,-0.779238,1.515926,0.160453,-0.596258,1,0,0,0
0.442872,0.703348,-0.180597,0.367471,-0.539730,-1.061147,0.193590,0,0,0,0
-0.598114,2.072390,0.804264,-1.148494,1.697564,-1.311887,-0.417798,0,0,0,1
0.939784,-0.050160,-0.810381,1.010093,-0.205559,-0.760366,0.189245,0,0,0,0
0.004680,0.550644,-0.267663,0.464690,0.313959,-0.788515,-0.572594,0,0,1,0
0.540888,0.365915,-0.386787,0.398540,-0.931360,-0.305516,-0.080306,0,0,0,0
-0.341998,1.570919,0.222784,-0.591081,1.009397,-0.150218,-0.365253,0,1,0,0
0.460963,0.700640,0.068115,0.387706,-0.442691,-0.607930,0.639210,0,0,0,0
-0.746826,1.718431,1.125569,-0.874019,1.260968,-0.526722,-0.727960,0,0,0,0
0.106074,0.046010,0.295300,0.589355,-1.049984,-0.411316,-0.406759,0,0,0,0
-1.007506,1.858971,1.634077,-1.365048,1.496227,-0.561540,-0.623758,1,0,0,0
0.779866,0.265129,-1.014938,0.823500,-0.637820,-0.444324,0.243208,0,0,0,0
0.035670,0.709492,-0.062546,0.562735,0.281312,-0.283414,-0.071572,0,0,0,0
0.341422,-0.284467,-0.246079,0.744030,-0.612871,-0.269972,-0.034249,0,0,0,0
-0.605606,1.219405,0.915019,-0.109417,0.949466,-0.871839,-0.278824,0,0,1,0
0.418920,0.663130,0.289641,0.872598,-0.238690,0.480082,1.127330,0,0,0,0
-0.577225,2.239795,1.284717,-0.697070,1.611922,-1.148178,-0.087946,0,0,0,1
0.310873,0.405850,0.060756,0.485395,-1.080701,-0.988372,-0.057675,0,0,0,0
-0.793009,2.009546,1.431613,-1.206164,0.909341,-0.434271,-0.607338,0,1,0,0
0.773208,0.302531,-0.998969,0.775655,-0.410080,0.404814,0.857533,0,0,0,0
0.040944,0.830270,-0.238679,0.182453,0.119851,-0.531840,-0.122869,0,0,0,0
0.504482,0.417712,-0.121155,0.656545,-0.497802,0.606878,0.918059,0,0,0,0
-0.429599,1.590342,0.630357,-0.343782,1.127277,-0.689262,-0.603323,0,0,1,0
0.486439,-0.152954,-0.284290,0.526769,-0.447012,-0.703330,0.135462,0,0,0,0
-0.796785,1.578999,1.033533,-0.970309,1.112370,-0.308321,-1.026578,1,0,0,0
0.159225,-0.212990,-0.103516,0.755143,-0.436500,-0.921038,0.083920,0,0,0,0
-0.954150,1.374709,1.000380,-1.063528,1.542305,-0.809273,-1.177484,0,1,0,0
0.732103,-0.144887,-1.440623,0.704062,-0.396925,-0.086704,-0.147270,0,0,0,0
-0.103201,0.486301,-0.436629,0.096822,0.117375,-0.511265,-0.841261,0,0,0,0
0.317094,0.133709,-0.282436,0.535129,0.108648,-0.296806,-0.430400,0,0,0,0
-0.453301,1.347511,0.526885,-0.156163,1.523619,-0.781385,-0.634842,0,0,0,1
0.346754,0.110633,0.042359,0.797898,-0.681413,-0.482463,0.538839,0,0,0,0
-0.769174,1.626915,1.088643,-0.782620,1.476836,-0.208344,-0.852300,0,0,0,0
0.449898,0.506277,-0.220054,0.678873,0.056907,-0.170588,0.545283,0,0,0,0
-0.622324,2.078172,0.826473,-1.119982,2.245077,-0.225889,-0.661513,0,0,1,0
0.638371,-0.199327,-0.966130,1.072804,-0.174168,0.154538,-0.128827,0,0,0,0
-0.136567,0.497783,0.128319,0.756419,0.738104,-0.514840,-0.501375,0,0,0,0
0.391189,0.596509,-0.046527,0.614362,-0.101289,-0.276648,-0.351169,0,0,0,0
-0.495915,1.368235,0.469444,-0.228079,1.862663,-0.950286,-0.841130,0,1,0,0
0.295513,1.044965,0.345776,0.503643,0.422172,-0.370827,1.406403,0,0,0,0
-0.754848,1.898615,1.513349,-0.511523,1.933352,-0.697470,0.493140,1,0,0,0
0.364346,0.347887,0.043516,0.629756,-0.913945,-0.471246,0.581900,0,0,0,0
-0.773157,1.868948,1.107192,-1.089303,1.754877,-0.526066,-0.180604,0,0,0,1
0.847435,0.200464,-1.318221,0.752794,-0.381115,-0.278958,0.410905,0,0,0,0
0.074149,0.897964,-0.144046,0.311856,0.232461,0.097854,-0.145338,0,0,0,0
0.297921,0.215196,-0.259972,0.328403,-0.478278,-0.081447,0.035387,0,0,0,0
-0.595567,1.223710,0.770956,-0.221599,1.227472,-0.401308,-0.454976,0,0,1,0
0.309285,0.851540,0.071145,0.277339,-0.401838,-0.253602,0.586505,0,0,0,0
-0.555270,2.066998,0.747977,-1.072693,1.581951,-0.300534,-0.590264,1,0,0,0
0.452957,0.103634,-0.555754,0.202843,-1.340653,-0.035262,-0.499914,0,0,0,0
-0.805153,1.792660,0.995284,-1.602352,0.465634,-1.215170,-0.832661,0,0,0,1
0.852311,0.135435,-1.245211,0.640758,-0.500449,-0.821272,0.144554,0,0,0,0
0.049296,0.678672,-0.364902,0.253509,0.119635,-0.754905,-0.381382,0,1,0,0
0.500258,0.784346,-0.258454,0.350918,-0.617321,0.121041,0.791201,0,0,0,0
-0.354707,1.784577,0.538092,-0.549752,0.889781,-0.440684,-0.625520,0,0,1,0
0.529212,0.588680,0.151847,0.428320,-0.616418,-0.501608,0.129962,0,0,0,0
-0.669451,2.100502,1.285654,-1.050708,0.903322,-0.978328,-0.117471,0,0,0,0
-0.047377,0.275022,0.781641,0.760199,-0.747119,0.109736,0.120628,0,0,0,0
-1.092474,1.566039,1.602221,-1.182680,1.536240,-0.411057,-0.793385,1,0,0,0
0.864841,0.040207,-1.194828,0.933392,-0.382587,-0.120055,0.048809,0,0,0,0
0.052966,0.712678,-0.290645,0.403720,0.423123,-0.066825,-0.193536,0,0,0,0
0.569880,0.249441,-0.036408,0.589001,-0.114537,0.274957,0.701866,0,0,0,0
-0.449461,1.440640,0.413560,-0.343159,1.682033,-0.539597,0.334344,0,0,1,0
0.273232,0.277426,0.075463,0.891460,0.164947,-0.310933,0.608773,0,0,0,0
-0.900047,1.481543,1.296749,-0.591624,1.886478,-0.449976,-0.488941,0,1,0,0
0.415089,0.599199,-0.128876,0.430346,-0.408746,-0.718297,0.189364,0,0,0,0
-0.634290,2.139217,0.951975,-1.040058,2.238993,-0.990147,-0.341527,0,0,0,1
0.715569,0.083047,-0.868286,0.961090,-0.049212,0.125821,0.000327,0,0,0,0
0.000374,0.583051,-0.168039,0.566183,0.390482,-0.592270,-0.427001,0,0,1,0
0.647709,0.496688,-0.616905,0.299182,-0.692016,0.261004,0.154364,0,0,0,0
-0.319363,1.707368,0.257552,-0.610733,1.172632,-0.629311,-0.288956,1,0,0,0
0.504016,0.593241,-0.011747,0.428642,-0.480424,-0.382910,0.727930,0,0,0,0
-0.742470,1.859529,1.282137,-0.884622,1.095348,-0.188323,-0.638591,0,0,0,0
0.167895,0.225280,0.346070,0.367117,-1.514576,0.217389,-0.316382,0,0,0,0
-0.920936,2.165389,1.704814,-1.653278,0.777869,-1.064043,-0.630252,0,0,0,1
0.810913,0.291356,-0.991956,0.781865,-0.707601,-0.491780,0.381321,0,0,0,0
-0.000509,0.838345,-0.072614,0.321005,0.275667,-0.887604,-0.080624,0,0,0,0
0.437083,-0.204065,-0.326698,0.523841,-0.915599,0.192946,-0.134308,0,0,0,0
-0.649515,1.218826,1.064804,-0.121949,0.703923,-0.489380,-0.394423,1,0,0,0
0.459375,0.522596,-0.009538,0.935289,0.034400,-0.058363,1.198986,0,0,0,0
-0.608786,2.106932,1.124326,-0.866459,1.534353,-0.785139,-0.142306,0,1,0,0
0.372706,0.206685,-0.090294,0.417989,-1.221319,-0.380859,-0.200641,0,0,0,0
-0.811806,1.896032,1.332448,-1.233594,0.941195,-0.706221,-0.704017,0,0,1,0
0.791227,0.359864,-0.899504,0.963950,-0.387248,0.483063,0.910391,0,0,0,0
0.029587,0.849206,-0.135189,0.218181,0.016209,-0.610167,-0.057316,0,0,0,0
0.302688,0.690489,0.059444,0.332223,-0.484561,-0.159330,0.379300,0,0,0,0
-0.500205,1.551013,0.711872,-0.489063,0.945677,-0.155171,-0.596447,0,0,0,1
0.582394,0.066974,-0.213222,0.747400,-0.133061,-0.651669,0.350758,0,0,0,0
-0.763083,1.680047,1.206557,-0.698954,1.633254,-0.554654,-0.254560,0,1,0,0
0.284900,0.150840,0.268250,0.817463,-0.626900,-0.564273,0.496734,0,0,0,0
-0.814915,1.619245,1.167836,-0.840392,1.768238,-0.853841,-0.784278,1,0,0,0
0.802674,0.102964,-1.245680,0.747712,-0.450638,0.546588,-0.262771,0,0,0,0
0.156959,0.550121,-0.486126,0.220090,0.430762,-0.245312,-0.674783,0,0,0,0
0.606303,0.086779,-0.599264,0.394757,0.044025,-0.575329,-0.027033,0,0,0,0
0.147208,0.379378,-0.416858,0.214402,1.175756,0.480710,-0.427734,0,0,1,0
0.354672,0.328035,-0.154744,0.545801,0.131008,-0.401501,0.289525,0,0,0,0
-0.422011,1.237015,0.494020,-0.479023,1.472339,-0.100923,-0.767279,0,0,0,0
0.312721,0.113592,-0.079457,0.672425,-0.183701,-0.513274,0.475024,0,0,0,0
-0.818408,1.870366,1.231196,-1.134955,1.699472,-1.087726,-0.704202,0,0,0,1
0.904398,-0.080027,-1.147687,0.699530,-0.598516,0.802030,0.229194,0,0,0,0
0.445736,0.365526,-0.565053,0.125738,-0.066777,-0.435669,-0.136188,0,0,0,0
0.294935,0.103063,-0.176604,0.673400,-0.273823,-0.151436,-0.304012,0,0,0,0
-0.585135,1.212380,0.582768,-0.397681,1.219995,-0.498091,-0.983709,0,1,0,0
0.385194,-0.597500,-0.634994,-0.023266,-1.325404,0.506750,-0.329084,0,0,0,0
0.169275,-1.349343,-0.639843,0.360830,-1.291022,-0.083849,-0.226584,0,0,0,0
0.024927,-1.593465,-0.583848,0.303054,-1.184210,0.034014,-0.291939,0,0,0,0
-0.129630,-1.584706,-0.440650,0.320393,-1.094618,0.268152,-0.379002,1,0,0,0
0.029928,-1.141530,-0.992959,-0.259701,-0.736222,-0.794513,-0.571753,0,0,0,0
-0.538303,-1.406613,0.176030,0.070557,-1.128572,0.200763,-1.036223,0,0,0,0
-1.293492,-2.098830,0.455167,0.376540,-0.759923,-0.693737,-1.879876,0,0,0,0
-1.486921,-2.382369,0.502771,0.566971,0.278057,0.155542,-1.952568,0,0,1,0
-1.076966,-1.493518,-0.191393,-0.002003,0.001375,-0.840321,-1.513955,0,0,0,0
-1.600842,-1.886595,0.754335,0.100037,-0.254955,-0.507864,-1.747366,0,0,0,0
-1.875212,-2.090139,1.070010,0.139180,-0.246792,0.284496,-1.861199,0,0,0,0
-2.090629,-2.422398,1.045650,0.171281,0.368417,-0.069607,-1.934550,0,0,0,0
-0.793688,-0.875513,0.913280,-0.773176,-2.532746,1.558681,-0.470174,0,0,0,0
-2.042965,-1.089251,1.824149,-0.652820,-0.444358,0.450656,-1.951940,0,0,0,0
-0.117274,-0.858950,-1.715237,-1.916437,-1.133472,4.574522,-1.180416,0,0,0,0
-0.555036,-0.950525,-0.902709,-1.497727,-0.913435,-0.104210,-1.366117,0,0,1,0
-0.451235,-1.537277,-0.684981,-0.396479,0.368449,-0.903883,-1.085528,0,0,0,0
-0.554137,-1.789747,-0.204229,-0.176865,-0.266391,-0.029711,-1.008096,0,0,0,0
-0.656578,-1.657977,-0.198435,-0.312359,-0.087319,-0.140618,-0.945345,0,0,0,0
-0.668527,-1.498918,-0.078584,-0.186769,0.194274,-0.144498,-0.906023,0,1,0,0
-0.450253,-1.230821,-0.396418,-0.407541,0.322796,-0.639584,-0.824081,0,0,0,0
-1.214280,-1.102350,0.920608,-0.727215,0.006376,-0.532870,-1.327059,0,0,0,0
-2.083428,-1.142485,1.380782,-1.185971,0.577720,-0.923008,-1.786592,0,0,0,0
-2.420523,-1.770088,1.419034,-1.008342,0.742333,-0.081734,-1.927135,0,0,0,1
-1.607526,-1.329216,-0.255801,-0.941672,0.430455,-1.519569,-1.599537,0,0,0,0
-2.272348,-1.379033,1.377155,-1.290249,0.138819,-0.525531,-1.858107,0,0,0,0
-2.504913,-1.847747,1.552704,-1.249212,-0.079428,-0.722367,-1.926212,0,0,0,0
-2.512812,-1.913379,1.419545,-1.336808,0.094265,-0.249860,-1.973433,0,0,0,0
-0.750845,-1.569357,-1.239136,-1.710949,-2.159144,0.078519,-0.986870,0,0,0,0
-0.963269,-1.777160,-1.069509,-1.773332,-2.391792,0.082553,-0.696330,0,0,0,0
-0.943150,-1.424687,-0.350771,-1.938449,-1.439471,0.509209,-1.379914,0,0,0,0
-2.068927,-1.899207,1.250300,-1.638778,-0.617521,0.064858,-1.599918,1,0,0,0
0.108635,-0.825716,-1.660291,-1.376258,-0.331877,0.916783,-0.552453,0,0,0,0
-0.265394,-1.048646,-1.273988,-1.564016,-1.063555,0.076361,-0.495536,0,0,0,0
-0.515663,-1.939959,-0.427502,-0.852890,-0.866971,1.542285,-1.068423,0,0,0,0
-0.574297,-1.991373,-0.048008,0.306253,-0.188904,1.095536,-0.982248,0,0,1,0
-1.011839,-0.801170,-0.388793,-0.965552,1.755066,-1.282361,-1.421395,0,0,0,0
-1.999303,-0.869533,1.001691,-1.488033,0.965267,-0.717171,-1.863046,0,0,0,0
-2.247396,-1.302877,1.368275,-1.222113,1.069910,-0.207887,-1.922022,0,0,0,0
-2.369703,-1.549141,1.580365,-0.926597,1.117256,-0.168287,-1.954005,0,1,0,0
-1.424767,-0.894028,-0.345555,-0.935624,1.026606,-1.565336,-1.545953,0,0,0,0
-2.106206,-1.002450,1.347306,-1.265762,0.446269,-1.238694,-1.809979,0,0,0,0
-2.280092,-1.375526,1.404858,-1.219157,0.620388,-0.128185,-1.923279,0,0,0,0
-1.931316,-1.683837,0.785436,-1.608313,0.279389,-0.429112,-1.918410,0,0,0,0
-0.211015,-0.844574,-1.948536,-1.733960,-1.033374,2.108703,-0.928445,0,0,0,0
-1.059321,-0.720017,0.447341,-1.335448,0.062207,0.826705,-1.600625,0,0,0,0
-0.287787,-1.461793,-1.466221,-1.640394,-1.766974,7.090461,-1.068931,0,0,0,0
-0.960611,-4.819901,0.962148,-0.549931,-2.490427,2.553771,-1.760843,0,0,0,1
-0.224184,-0.534284,-0.750676,-1.441361,-0.964693,-0.926814,-0.930391,0,0,0,0
-0.353101,-0.517096,-1.126125,-1.696681,-1.121736,2.644059,-0.751828,0,0,0,0
-0.416950,-0.863015,-0.835156,-1.346900,-1.500679,-0.005791,-0.580597,0,0,0,0
-0.676285,-0.999833,-0.523527,-1.496610,-1.527188,0.466013,-0.824363,0,1,0,0
-0.978447,-1.041154,-0.946411,-1.359269,0.591151,-1.331947,-1.470293,0,0,0,0
-2.039827,-0.964647,1.095610,-1.662074,0.377572,-0.576456,-1.864437,0,0,0,0
-2.318108,-1.428337,1.351020,-1.453363,0.410689,-0.631977,-1.951162,0,0,0,0
-2.429489,-1.852014,1.260753,-1.488586,0.267686,-0.190797,-1.990601,0,0,1,0
-1.647862,-1.192440,-0.238960,-1.097467,0.880375,-1.295613,-1.523567,0,0,0,0
-2.244783,-1.375089,1.166327,-1.484816,0.253691,-0.744109,-1.816638,0,0,0,0
-0.931517,-4.029419,-0.652282,0.378527,-1.900242,15.415169,-1.854924,0,0,0,0
-0.782099,-4.277929,-0.850825,0.642923,-2.101512,1.552909,-1.842166,0,0,0,0
-1.296326,-3.158325,0.174331,0.738142,0.046257,1.106388,-0.907699,0,0,0,0
-2.538074,-2.152880,1.463470,-0.825218,0.595365,-1.349123,-2.021867,0,0,0,0
-1.048987,-1.112723,0.420468,-1.522494,-2.285858,1.168782,-1.086075,0,0,0,0
-2.073433,-1.114999,2.443155,-0.603048,0.094823,0.647373,-1.319164,0,1,0,0
-0.513357,-0.693508,-0.290891,-0.611485,1.090777,1.314819,-0.924747,0,0,0,0
-0.976231,-1.909035,0.854604,0.606843,0.361183,0.497059,-0.670194,0,0,0,0
-1.588884,-1.604556,1.634961,0.024148,0.219987,-0.030115,-1.212605,0,0,0,0
-2.085164,-2.103129,1.764461,-0.127698,0.743596,-0.497177,-1.776445,0,0,1,0
-1.243744,-0.281820,-0.783882,-1.404911,2.426510,-1.235384,-1.618717,0,0,0,0
-2.193039,-1.228957,1.328403,-1.141346,1.103971,-0.996139,-1.848456,0,0,0,0
-2.413304,-1.550027,1.732680,-1.021111,0.633558,-0.353673,-1.934511,0,0,0,0
-2.605492,-2.003757,1.843346,-0.758006,1.064518,-0.374623,-1.963458,1,0,0,0
-1.522431,-1.012742,-0.249839,-0.725392,1.748330,-1.343966,-1.520333,0,0,0,0
-2.279089,-1.338318,1.629240,-0.890054,0.881798,-0.915187,-1.719676,0,0,0,0
-2.516336,-1.816529,1.792582,-0.844821,0.716334,-1.414251,-1.843473,0,0,0,0
-2.664213,-2.147152,1.884303,-0.705629,0.928304,-0.991399,-1.934441,0,0,0,0
-1.463388,-0.870535,1.817390,-1.099297,-2.022355,1.140121,-1.384731,0,0,0,0
-2.578192,-1.816379,2.068730,-0.814628,0.292253,-0.901172,-1.995579,0,0,0,0
-0.976049,-1.293188,-0.028218,-1.479979,-2.130434,1.760148,-0.988904,0,0,0,0
-1.333143,-2.228830,1.227032,-0.012917,-2.542200,3.755970,-1.698085,0,0,1,0
-0.258323,-1.545549,-1.507386,-0.148788,0.357320,-0.298080,-0.682407,0,0,0,0
-0.832568,-2.123893,-0.757336,0.219588,0.598109,-0.310548,-0.708600,0,0,0,0
-1.877098,-1.221429,1.075087,-0.672757,1.155672,2.249235,-1.759388,0,0,0,0
-1.904748,-2.189413,0.809458,-0.406270,-0.080193,-0.450342,-1.965055,0,1,0,0
-0.342153,-1.172621,-0.682761,-0.628600,-0.089397,0.523777,-0.860363,0,0,0,0
-0.532981,-1.510317,-0.072548,-0.379663,-0.597447,-0.389326,-0.757721,0,0,0,0
-0.546551,-1.294342,0.109978,-0.262641,-0.235939,-0.221848,-0.870651,0,0,0,0
-0.893014,-1.522972,0.114327,-0.453871,0.085838,-0.292627,-1.104699,0,0,0,1
-0.805574,-1.189951,-0.187959,-0.666497,-0.381498,-1.312279,-1.213452,0,0,0,0
-2.018656,-1.182792,1.387347,-1.283286,-0.054584,-1.095576,-1.763856,0,0,0,0
-2.501784,-1.935315,1.414130,-1.222359,-0.141065,-0.661847,-1.883661,0,0,0,0
-2.644845,-2.207511,1.604523,-1.011484,0.222820,-0.985707,-1.953856,0,0,0,0
-0.937893,-1.281500,0.253596,-1.255930,-2.129282,0.583809,-0.938044,0,0,0,0
-0.938377,-1.103578,0.312824,-1.504527,-2.739077,0.487005,-0.866487,0,0,0,0
-2.503533,-1.760840,1.648049,-1.332662,-0.334301,-0.922415,-2.053687,0,0,0,0
-0.741562,-3.729010,-0.579289,0.194085,-1.940114,2.279342,-1.990902,1,0,0,0
-0.448818,-1.155235,-0.837449,-0.693558,1.259354,-0.383944,-1.055376,0,0,0,0
-0.914487,-2.080872,0.321240,0.294697,0.574354,-0.776689,-1.117325,0,0,0,0
-1.258398,-1.987831,0.770006,0.396516,0.623926,-0.035148,-1.282313,0,0,0,0
-1.413133,-1.847606,1.131577,0.087234,1.074465,0.608370,-1.376642,0,1,0,0
-0.720751,0.146762,-0.108164,-1.341706,0.178930,-0.068649,-1.198341,0,0,0,0
-1.281978,-0.401850,1.408477,-1.137091,-1.128461,-0.879297,-1.249462,0,0,0,0
-1.250721,-0.344062,1.932050,-1.044205,-1.568521,0.074520,-1.155003,0,0,0,0
-2.097174,-1.258148,2.186553,-0.762240,0.400918,0.204486,-1.254587,0,0,1,0
-0.700838,-1.697026,-0.278220,0.315663,0.387929,0.335248,-0.984591,0,0,0,0
-1.214811,-1.924357,0.736071,0.465114,0.512122,-0.606731,-1.113374,0,0,0,0
-2.281177,-1.369570,1.669678,-0.830548,0.454989,-1.057168,-1.896421,0,0,0,0
-1.174532,-4.458595,1.235340,0.038612,-2.610222,2.417526,-1.700126,0,0,0,0
-0.885360,-2.318201,0.088910,0.057762,-0.334762,2.567090,-0.886793,0,0,0,0
-1.033369,-2.423413,0.121810,-0.053052,-0.100396,0.164141,-0.734977,0,0,0,0
-1.435720,-2.311769,0.833245,-0.156915,-0.201120,-0.201847,-1.072356,0,0,0,0
-2.257460,-2.249087,2.359823,-0.390758,0.296264,-0.076323,-1.524507,1,0,0,1
0.020944,-0.319011,-0.710507,-0.869017,-0.223458,-0.984776,-0.989039,0,0,0,0
-1.521688,-0.000513,1.152448,-1.197078,0.673368,-1.234559,-1.587989,0,0,0,0
-0.436089,-0.898496,0.062436,-0.342687,-0.265749,2.078799,-1.086785,0,0,0,0
-1.847718,-0.345945,1.920420,-0.892353,0.755605,-0.989309,-1.775799,0,0,0,0
-0.373995,-0.680010,-0.511998,-1.363775,-1.339187,1.523629,-1.112937,0,0,0,0
-0.218351,-0.668070,-1.106180,-1.517600,-1.801617,1.577242,-0.741929,0,0,0,0
-0.441691,-0.570457,-0.592905,-1.542366,-1.762203,0.561288,-0.864303,0,0,0,0
-0.420859,-0.545326,-0.575101,-1.722588,-2.208109,-0.380993,-0.884424,0,0,0,0
-0.898979,-0.588394,0.050762,-1.978015,-2.107978,-0.235390,-1.326738,0,0,0,0
-1.598794,-0.803767,0.889306,-2.325170,-1.649679,-1.385310,-1.729048,0,0,0,0
-2.371550,-1.495846,1.330092,-1.812392,-0.546123,-1.182200,-2.055663,0,0,0,0
-2.544804,-1.882584,1.506622,-1.521231,-0.288917,-1.136391,-2.094698,0,0,0,0
-2.659198,-2.227464,1.444922,-1.381056,0.014810,-0.727006,-2.104364,0,0,0,0
-2.700583,-2.373442,1.345555,-1.450515,-0.131506,-0.991840,-2.118104,0,0,0,0
-2.846971,-2.759786,1.431941,-1.115752,0.345437,-1.141234,-2.131110,0,0,0,0
-2.888239,-2.922243,1.281684,-1.228494,0.241558,-0.664058,-2.135581,1,1,0,0
0.066894,0.858412,0.383846,-0.621884,0.582621,-0.456149,1.046447,0,0,0,0
-0.447245,0.311638,1.382209,-0.231396,-0.123900,-0.332393,0.112058,0,0,0,0
-0.739176,0.173466,1.810469,-0.355124,-0.219541,-0.437365,0.096290,0,0,0,0
-0.827852,0.462397,1.909017,-0.946892,-0.683024,0.094892,-0.071936,0,0,1,0
-0.442336,0.484621,0.668492,-0.997503,0.747042,-0.565237,-0.214616,0,0,0,0
-0.762836,0.473319,1.966241,-0.879260,-0.519034,0.249330,-0.278535,0,0,0,1
-0.409949,0.574103,0.714728,-0.677269,0.110373,-0.865157,-0.363342,0,0,0,0
-0.969504,0.428199,2.047468,-0.952148,-0.532255,-0.471252,-0.619864,0,0,0,0
-0.542786,0.716692,1.366260,-0.370542,1.356496,-0.460224,0.817422,0,0,0,0
-0.821275,-0.303189,1.762651,-0.016392,1.304760,0.160013,-0.640239,0,1,0,0
-0.048692,-0.328240,0.135727,0.289558,1.090335,0.325261,-0.062948,0,0,0,0
-1.466000,0.094319,1.995656,-0.557714,1.862488,-1.145746,-1.020113,1,0,0,0
0.067839,0.388347,-0.704230,-0.665608,1.061358,0.827129,-0.539176,0,0,0,0
-1.658620,0.409418,2.104698,-0.730035,1.847149,-1.012946,-1.097165,0,0,0,0
-0.372929,-0.317408,0.692050,0.107968,1.227041,1.270395,-0.864569,0,0,0,0
-1.282166,-0.310874,1.628713,-0.001462,2.357323,-0.534877,-1.050767,0,0,1,0
0.027342,0.364553,0.516589,-0.067211,1.142177,-0.281218,0.780346,0,0,0,0
-0.541129,-0.710175,1.312573,0.560715,1.126948,0.180019,-0.229955,0,0,0,0
-1.002144,-0.604118,2.103754,0.317488,1.361129,-0.645400,-0.743689,0,0,0,0
-2.021802,-0.502519,2.894023,-0.082753,2.106998,-0.802133,-1.154031,0,1,0,0
-1.091957,1.016732,0.678923,-0.984066,3.323701,-1.100865,-0.950101,0,0,0,0
-1.890590,0.156799,2.649385,-0.394979,2.345863,-1.311809,-1.089914,0,0,0,1
-1.170128,0.450806,0.701118,-0.227697,3.639642,-0.494803,-0.991883,0,0,0,0
-1.920996,0.159004,2.868007,-0.198576,2.372317,-1.355054,-1.170343,0,0,0,0
-1.403010,0.154305,1.030368,-0.072969,4.050927,-1.002209,0.230588,0,0,0,0
-1.875949,-0.315357,1.981196,0.012594,3.717522,-0.882702,-1.234952,0,0,1,0
-1.082979,1.561482,1.089661,-1.777816,2.054293,-1.028832,-1.009599,0,0,0,0
-1.804595,0.376072,2.537691,-0.693053,1.892617,-0.859023,-1.171275,1,0,0,0
0.019572,0.005323,-0.077813,0.551089,1.655427,1.606546,0.327699,0,0,0,0
-0.663890,-0.534011,1.295842,0.955770,1.862594,-0.839433,-0.295173,0,0,0,0
-1.984910,-0.205236,2.887977,0.433117,2.970459,-0.854969,-0.849671,0,0,0,0
-0.804386,-3.185460,2.513522,1.833302,-0.586663,1.867697,-0.942353,0,0,0,1
0.017327,-0.636018,0.336712,1.010787,1.113993,-0.010340,0.773842,0,0,0,0
-0.332149,-0.810951,0.768610,1.147542,0.977847,0.529712,0.148355,0,0,0,0
-0.696857,-0.879757,0.980674,1.139172,1.447733,-0.024791,0.146999,0,0,0,0
-0.660365,-0.760749,0.933731,0.896125,1.031037,-0.113020,0.082750,0,1,0,0
-0.382308,-0.320721,0.148507,0.701740,1.897927,-1.330575,-0.009335,0,0,0,0
-0.610032,-0.509852,1.077737,0.924655,0.997562,0.074057,0.006452,0,0,1,0
-0.308592,0.033940,0.559417,0.410577,0.717856,-0.846073,-0.114746,0,0,0,0
-0.495575,-0.584755,1.335874,0.472230,0.453600,-0.656488,-0.223277,0,0,0,0
-0.413402,-0.015265,1.521962,0.788214,1.521161,-0.638393,0.703026,0,0,0,0
-0.730773,-0.803843,1.261744,0.222639,1.717964,0.463246,-0.747804,0,0,0,1
0.289428,-0.093954,-0.971906,-0.728038,-0.301702,0.538084,0.068322,0,0,0,0
-0.864641,0.712393,1.833888,-0.762901,0.688472,1.347560,-0.608714,1,0,0,0
-0.096280,0.466722,0.134982,-0.502323,0.570050,1.908777,-0.549099,0,0,0,0
-1.568410,0.586355,2.021690,-0.849714,1.721874,-0.780264,-1.015138,0,0,0,0
-0.878752,0.325081,1.729192,-0.612551,-0.564097,1.868585,-0.604669,0,0,0,0
-0.473353,0.410943,1.008365,-0.776959,-0.573395,1.722551,-0.751031,0,0,1,0
-0.089786,0.318668,0.457974,0.151159,1.595525,-0.921557,0.355363,0,0,0,0
-0.347320,0.047747,0.819448,0.220387,1.466607,1.173650,-0.573721,0,0,0,0
-0.333930,-0.373548,0.599070,0.303637,1.217269,-0.094026,-0.517882,0,0,0,0
-0.320521,-0.469060,0.365144,0.306884,1.351311,-0.451964,-0.519308,0,1,0,0
-0.507826,0.017042,0.530851,-0.452018,1.527079,-0.834042,-0.843068,0,0,0,0
-1.198294,0.080122,2.002880,-0.465289,1.439790,-0.781712,-1.224930,0,0,0,1
-0.975700,0.775874,0.939091,0.079778,2.871987,-0.797986,-0.651570,0,0,0,0
-1.657660,0.603357,2.619172,-0.193550,2.285333,-0.621183,-0.890446,0,0,0,0
-1.256404,0.819240,1.524961,-0.111038,3.531525,-0.789564,0.621931,0,0,0,0
-1.739471,0.141853,2.229103,0.022764,3.311338,-0.953633,-1.051575,0,0,1,0
-1.088339,0.876343,0.524232,-0.923610,3.379002,-0.445712,-0.920878,0,0,0,0
-1.055970,-0.280250,1.618189,-0.554441,1.305497,-1.017588,-0.977781,1,0,0,0
0.392388,1.134227,-0.647231,-0.642854,1.118104,0.179931,0.670672,0,0,0,0
-1.535848,0.558394,1.952375,-0.371039,2.846926,-1.392109,-0.930837,0,0,0,0
0.172953,0.237914,-0.659824,-0.957163,0.470330,4.958240,-0.603311,0,0,0,0
-0.879961,-2.313796,1.390627,1.439355,-0.350406,1.157487,-1.018053,0,1,0,0
-0.261302,0.796919,-0.071994,0.117361,2.515166,-0.388070,0.778802,0,0,0,0
-0.748652,-0.700472,0.959515,1.501692,1.907579,-0.032602,-0.256636,0,0,0,0
-1.100849,-0.709533,1.311771,0.958200,1.959005,-0.912287,-0.429700,0,0,0,0
-1.619119,-0.688377,2.197322,0.625898,1.978847,0.048147,-0.782029,0,0,1,0
-1.206315,0.418973,0.444354,-0.716229,3.251143,-0.991929,-0.901089,0,0,0,0
-1.980233,-0.325817,2.321728,-0.240559,2.493109,-0.880902,-0.979897,0,0,0,1
-1.289263,0.188582,0.819098,-0.323643,2.582164,-1.042255,-0.907603,0,0,0,0
-1.836145,0.070724,2.652807,-0.175705,2.130321,-1.045094,-1.000742,0,0,0,0
0.335341,0.505131,-0.303638,-0.476462,0.728607,3.450342,0.934996,0,0,0,0
-0.268047,0.213303,0.482143,-0.459099,0.145074,-0.936658,-0.449568,0,1,0,0
-0.643792,0.687921,0.644588,-1.020695,1.733963,-0.995544,-0.878418,0,0,0,0
-0.947904,-0.677798,2.259682,0.468113,0.817787,0.306351,-0.619769,1,0,0,0
0.004107,0.112049,-0.405685,-0.638735,0.514743,-0.199319,-0.438051,0,0,0,0
-1.259860,0.525479,1.592920,-0.633416,1.880910,1.187601,-1.059972,0,0,0,0
-0.089535,-0.456571,-0.434281,-0.472193,0.242089,3.799418,-0.632348,0,0,0,0
-0.813522,-1.356583,0.911461,1.090015,1.892293,0.755612,-1.008872,0,0,0,1
0.061820,0.777159,0.278892,-0.315855,0.664163,1.432008,0.696933,0,0,0,0
-0.727263,0.666549,1.734437,-0.473317,0.899224,-0.909190,-0.363906,0,0,0,0
-1.598805,0.550697,2.146705,-0.543374,2.193083,0.342093,-1.025236,0,0,0,0
-1.956060,0.071630,2.899619,-0.192947,2.061130,-0.375343,-1.136711,0,1,0,0
0.052885,0.339180,-0.302435,-0.679051,0.726345,9.538661,-0.664379,0,0,0,0
-0.113828,0.155885,0.036214,-0.440815,0.109759,-0.181196,-0.513294,0,0,1,0
0.168151,0.564746,-0.390182,-0.724200,-0.002121,-0.272878,-0.203459,0,0,0,0
-0.016076,0.335317,0.124363,-0.663460,-0.515823,0.063460,-0.272399,0,0,0,0
-0.700178,0.683384,1.229819,-0.631308,1.315453,-1.112735,0.099817,0,0,0,0
-1.661082,0.079864,1.715503,-0.427171,3.049551,-0.192342,-1.264545,1,0,0,0
-1.021158,1.544500,0.874745,-1.736407,2.121674,-1.114066,-0.998956,0,0,0,0
-1.408313,0.068629,1.983564,-0.605966,1.806837,-0.521836,-1.150560,0,0,0,1
0.228284,0.827123,-0.584175,-0.616320,0.753909,0.625196,-0.233690,0,0,0,0
-0.095094,0.443046,0.522240,-0.420738,-0.010697,-0.254245,-0.149229,0,0,0,0
-1.526055,0.318864,2.195085,-0.315746,1.992186,-0.026092,-0.850450,0,0,0,0
-1.238382,-0.462706,1.519167,-0.015971,1.293309,-0.039848,-0.957899,0,1,0,0
-0.124317,0.172978,0.982487,-0.205106,1.276211,-0.218228,0.674377,0,0,0,0
-0.554020,-0.320425,1.380765,0.235560,1.220025,-0.057717,-0.522323,0,0,0,0
-0.349923,-3.341368,0.886789,2.361939,-0.154001,4.908359,-0.801794,0,0,0,0
-0.740939,-3.746660,1.727952,2.127124,-0.764001,0.419222,-0.901809,0,0,0,1
-0.228727,-0.715016,-0.352341,0.891726,1.871253,-0.000162,-0.464931,0,0,0,0
-0.669862,-1.223956,0.700788,1.405041,1.675829,-0.691727,-0.499592,0,0,1,0
-0.839579,-0.436382,0.650980,0.482169,2.112099,-1.448704,-0.864452,0,0,0,0
-1.350258,-0.671519,1.323663,0.508796,1.824199,-0.152374,-1.181384,0,0,0,0
0.178267,0.362324,-0.384757,-0.464269,0.874478,0.978191,0.463301,0,0,0,0
-0.172862,0.190579,0.264919,-0.583146,0.319377,-0.289981,-0.444647,1,0,0,0
0.018289,-1.906479,0.874444,0.139279,-0.872841,2.557369,-0.763306,0,0,0,0
-0.401944,-3.083973,1.921265,0.700800,-0.770279,0.212580,-0.893979,0,1,0,0
0.264166,0.286399,-0.710019,-0.517533,-0.432351,-0.371829,-0.352320,0,0,0,0
-0.008050,-0.175947,-0.367715,-0.219927,-0.228182,0.307046,-0.293974,0,0,0,0
-0.120021,-0.263250,0.269569,0.046312,-0.130156,0.153313,-0.697234,0,0,0,0
-0.632390,-0.630699,0.858155,0.819585,0.534052,1.065179,-0.586592,0,0,1,1
0.071995,-0.380991,-0.028262,0.913153,1.420430,0.527893,0.509446,0,0,0,0
-0.292090,-0.823985,0.568479,1.211947,0.951391,-0.220654,-0.613942,0,0,0,0
0.338706,-2.113007,-0.084166,1.321829,-0.805786,0.707306,-0.740328,0,0,0,0
0.135080,-2.401672,0.362856,1.754925,-1.165160,0.573431,-0.818423,0,1,0,0
0.128037,-0.647609,-0.409793,1.544732,1.411901,0.318774,0.265836,0,0,0,0
-0.045547,-0.987420,0.018563,1.606744,1.180658,0.001810,-0.209983,0,0,0,0
0.400972,-2.018747,0.496969,1.539047,-1.116065,1.896239,-0.676593,0,0,0,0
0.207853,-2.062233,1.068454,1.256992,-0.608734,0.631520,-0.715964,1,0,0,1
0.905302,0.415312,-0.873759,0.122667,-0.933310,0.212043,1.226410,0,0,0,0
0.830649,0.156474,-0.514341,0.605043,-1.110025,0.287030,0.484696,0,0,0,0
0.874686,-0.255081,-0.330029,0.987219,-0.941333,0.005546,-0.133288,0,0,0,0
0.567190,-0.760299,-0.041750,1.717073,-0.734371,0.937668,-0.148051,0,0,1,0
1.108736,-0.249158,-0.703594,1.040323,-1.257899,1.299744,1.110103,0,0,0,0
1.222229,-0.209721,-0.725574,0.791741,-1.882642,0.851669,0.801586,0,0,0,0
1.116425,-0.638130,-0.339224,1.337013,-1.621646,-0.007948,0.740976,0,0,0,0
1.154145,-0.615113,-0.275097,1.417115,-1.346323,0.264862,0.966437,1,1,0,0
1.322586,0.003176,-0.979371,0.784068,-0.522380,0.528402,1.977196,0,0,0,0
1.284854,-0.267604,-1.158594,0.870073,-1.336135,0.996012,1.409649,0,0,0,0
1.298142,-0.330209,-0.710548,1.194664,-1.514507,0.437850,1.559746,0,0,0,0
1.121644,-0.579654,-0.824884,1.142349,-1.434492,0.379390,0.656327,0,0,1,0
1.357625,0.069427,-0.917021,0.948426,-1.276770,0.022428,1.442286,0,0,0,0
0.959095,-0.713329,-1.033316,1.314426,-0.815298,-0.013364,0.091926,0,0,0,1
1.235506,-0.617232,-1.164223,0.765014,-1.120641,0.544808,0.893858,0,0,0,0
1.164874,-0.469985,-1.257393,0.735974,-1.578235,0.617825,1.035256,1,0,0,0
1.154665,0.213815,-0.952267,0.856298,-1.076088,0.184647,1.570873,0,0,0,0
0.982635,-0.335406,-1.022206,0.848314,-1.524933,0.351391,0.332110,0,0,0,0
1.109210,-0.396663,-0.952977,0.879078,-1.658669,-0.564538,0.159472,0,0,0,0
0.782840,-1.664194,-0.973322,1.234104,-0.628326,-0.110553,-0.822943,0,1,0,0
1.316810,-0.050922,-0.846553,0.816508,-0.338281,0.494769,1.886299,0,0,0,0
1.038837,-0.197349,-0.942111,0.787817,-0.729929,-0.001524,1.113403,0,0,0,0
1.013061,-0.382728,-0.860571,0.857269,-0.813753,0.001954,1.187066,0,0,0,0
0.767142,-0.491705,-0.863498,1.042264,-0.399720,-0.524990,-0.136567,1,0,0,0
1.361528,0.239463,-0.853982,0.129122,-0.604213,0.378437,1.986522,0,0,0,0
0.942189,-0.029303,-0.912144,0.382200,-0.734658,-0.172996,0.940028,0,0,0,0
1.004107,-1.260744,-0.224440,1.082421,-1.151481,0.384171,0.157920,0,0,0,0
0.789175,-1.609710,-0.367385,1.450161,-1.156503,0.199562,-0.146196,0,0,1,0
1.108755,0.173492,-1.349999,0.776750,-0.672843,-0.019380,1.671460,0,0,0,0
0.332256,0.177369,-0.992526,0.647539,0.542063,-0.318629,-0.567805,0,1,0,0
1.190408,0.108593,-0.815474,0.573906,-0.285064,0.576688,1.594805,0,0,0,0
1.086623,0.419303,-1.184898,0.187058,-0.575000,0.604248,1.514745,0,0,0,1
0.605233,0.801654,-0.785857,0.290183,0.698792,-0.471720,1.305041,0,0,0,0
0.139651,0.345825,-0.721855,0.449566,0.846644,-0.226812,-0.038484,0,0,0,0
0.722889,-0.035646,-0.352967,0.893325,0.245078,-0.864445,0.658623,0,0,0,0
0.608104,-0.058549,-0.513854,0.829874,-0.015150,0.700592,0.470503,0,0,1,0
1.295586,-0.301568,-1.100668,0.388849,0.075133,0.968557,1.580714,0,0,0,0
0.813206,-0.112589,-1.449810,-0.013191,0.052878,0.146094,0.494520,0,0,0,0
1.042202,0.233141,-0.959440,0.209613,-0.276298,-0.080334,1.015346,0,0,0,0
0.595318,-0.117119,-0.361980,0.683698,0.069232,0.465819,0.485779,1,0,0,0
0.969506,-0.041844,-0.466596,0.872521,0.871098,0.048369,1.601673,0,0,0,0
0.432832,0.339111,-0.184936,0.483916,0.930858,0.068073,0.106146,0,0,0,0
0.965617,0.154894,-0.861734,0.118176,-0.466377,1.453006,1.320676,0,0,0,0
0.380030,-0.314910,-0.342550,0.684560,0.014638,0.190628,0.194432,0,0,0,1
1.160572,0.770781,-0.977697,0.336873,-0.694024,-0.062743,2.077917,0,0,0,0
0.444688,0.911339,-0.070638,0.314004,0.137532,-0.235101,0.530238,0,0,0,0
1.007841,-0.432610,-0.862348,0.433427,-0.185538,0.339936,0.957465,0,0,0,0
0.615020,-0.422635,-0.392045,0.945305,0.042177,0.458086,0.313129,0,1,0,0
0.813739,0.153674,0.270254,0.183720,0.025710,0.911479,2.968321,0,0,0,0
0.127755,1.100294,0.008292,-0.045004,0.907121,-0.440681,0.026607,0,0,0,0
0.677587,-0.211536,-0.382125,0.742593,-0.074509,0.161855,0.370595,0,0,0,0
0.339109,-0.435413,-0.161156,0.992928,0.194139,-0.255489,-0.306345,0,0,1,0
1.173110,0.245971,-1.065837,0.395742,-0.030769,0.206936,2.242492,0,0,0,0
0.413908,0.122565,-0.213044,0.551177,0.114433,0.232495,-0.102598,0,0,0,0
0.996658,0.454961,-0.584360,0.139168,-0.864051,0.145372,1.061744,0,0,0,0
0.621508,-0.231103,-0.170324,0.861433,-0.269806,0.356416,0.528761,1,0,0,1
1.017115,0.385187,-0.682795,0.114597,0.336678,0.882504,1.605204,0,0,0,0
0.825597,0.538855,-1.083458,-0.525084,-0.418869,1.175278,0.679671,0,0,0,0
0.505327,-0.236429,-0.208158,0.774277,0.111394,0.025817,0.072982,0,0,0,0
0.420648,-0.446566,-0.119105,0.952928,0.055911,0.341390,-0.171696,0,1,0,0
1.052352,0.287669,-0.943643,1.092041,-0.098952,0.145825,1.342492,0,0,0,0
0.417315,0.885918,0.058068,0.464797,0.084088,-0.096459,0.104243,0,0,1,0
0.993161,-0.386327,-0.596370,0.780086,-0.228208,0.663861,1.049908,0,0,0,0
0.716418,-0.579856,-0.724524,0.970212,0.302279,0.288473,0.250779,1,0,0,0
0.591536,0.416656,-0.468431,0.691703,0.933464,-0.913545,1.026180,0,0,0,0
0.338781,0.398700,-0.115086,0.641500,1.188666,0.149374,0.111771,0,0,0,0
0.884167,-0.044113,-0.374342,0.552770,-0.630859,-0.117006,0.668279,0,0,0,0
0.700648,-0.319016,-0.169401,1.010140,-0.079243,1.607564,0.242025,0,0,0,1
1.293326,0.074576,-0.910318,0.264360,-0.084177,0.188966,1.269620,0,0,0,0
0.884407,0.264931,-0.938187,-0.111355,-0.251771,0.118587,0.455992,0,0,0,0
0.709012,0.166948,-0.464925,0.582529,0.208783,-0.295206,0.163473,0,0,0,0
0.581293,0.116541,-0.373652,0.532215,0.081126,0.126865,-0.095499,0,0,1,0
1.071397,0.882533,-0.860382,0.098518,0.330362,-0.281690,2.133870,0,0,0,0
0.774194,0.878955,-1.078970,0.032100,0.662805,-0.059139,1.683387,0,0,0,0
1.030918,0.219741,-0.727017,0.263678,-0.289807,0.975728,1.833684,0,0,0,0
0.496840,0.001543,0.010883,0.717168,-0.377336,0.497598,0.677943,1,0,0,0
1.219841,0.421185,-1.181212,0.220098,-0.271258,0.164906,1.752005,0,0,0,0
0.690894,0.360382,-0.077324,0.206536,-0.127869,1.614229,0.253263,0,0,0,1
1.013785,-0.494607,-0.824839,0.717818,0.275959,0.381416,0.360067,0,0,0,0
0.877495,-0.193366,-0.942458,0.706842,0.105528,0.639973,0.497366,0,1,0,0
0.784033,0.526259,-0.546160,0.184477,0.665835,-0.748295,1.493101,0,0,0,0
0.521586,0.153428,-0.085943,0.231149,0.249887,0.030506,0.396505,0,0,0,0
0.623109,-0.103983,-0.483829,0.371234,-0.354557,-0.523890,-0.404864,0,0,0,0
0.270651,-0.644717,-0.243050,0.761379,-0.244562,-0.101834,-0.811827,0,0,1,0
1.234035,0.077536,-0.739552,0.653722,-0.700731,0.687322,1.898332,0,0,0,0
0.751355,0.477101,-0.748559,0.145560,-0.322321,-0.490103,1.189135,0,0,0,0
0.972738,0.409611,-0.748415,0.237051,-0.814762,-0.110823,0.736296,0,0,0,0
0.607894,0.300431,-0.157029,0.595187,-0.397612,0.497714,-0.108976,0,0,0,1
1.254515,0.520782,-0.468526,0.054641,-0.383731,0.286304,2.022542,0,0,0,0
0.797957,0.525441,-0.549030,0.058194,-0.754368,0.509756,1.050052,0,0,0,0
0.896371,-0.722676,-0.487254,0.783681,-0.783030,0.079809,0.332222,0,0,0,0
0.769700,-1.053691,-0.666811,1.008563,-0.587340,0.781108,0.047231,0,1,0,0
1.086362,0.402154,-1.383165,0.876214,0.195043,0.560240,1.761521,0,0,0,0
0.682232,0.489015,-0.659080,0.314650,0.604223,1.357425,0.865358,1,0,0,0
1.132417,0.390816,-0.640164,0.290450,-0.442310,0.796960,1.865214,0,0,0,0
1.005419,0.525134,-0.504405,-0.007971,-1.079481,0.365434,1.975184,0,0,1,0
0.687947,1.352334,-0.232884,-0.116914,0.319593,-0.511987,2.004242,0,0,0,0
0.322217,0.832401,-0.215756,-0.451670,0.221136,0.101617,0.565364,0,0,0,0
0.996965,0.548475,-0.354013,0.406847,-0.692426,-0.895309,1.325481,0,0,0,0
0.492674,0.033213,-0.171582,0.779221,0.260629,0.256047,0.505456,0,1,0,0
1.192354,-0.241449,-1.235006,0.246593,0.180942,-0.402041,1.758232,0,0,0,0
0.848278,0.020994,-1.299434,-0.039920,-0.098693,0.204451,1.072975,0,0,0,0
0.757004,0.150617,-0.505086,0.578707,0.075781,0.079256,0.278770,0,0,0,0
0.735706,-1.574382,0.218328,0.955757,-0.907143,2.428692,0.193351,0,0,0,1
0.873197,-0.005850,-0.194261,0.532238,0.360860,0.027168,1.384380,0,0,0,0
0.210870,0.025353,-0.230541,0.446548,1.169377,0.055373,-0.294034,0,0,0,0
0.888482,-0.221255,-0.502471,0.852432,0.020234,0.950814,0.997948,0,0,0,0
0.363166,-0.199130,0.083257,0.826763,-0.275820,-0.356516,0.248443,1,0,0,0
1.120522,0.774965,-1.174763,0.508605,-0.085061,0.232316,1.439320,0,0,0,0
0.191411,0.483951,-0.298512,0.341919,0.724136,-0.488547,-0.030286,0,0,0,0
0.875450,-0.427555,-0.172675,0.722476,-0.255854,0.009494,1.442599,0,0,0,0
0.665241,0.072665,-0.246387,0.641990,-0.560770,0.289351,0.637331,0,0,1,0
1.014345,0.918530,-0.884434,0.001959,-0.102404,0.998740,1.651975,0,0,0,0
0.473863,0.994821,0.045240,-0.344312,0.049416,0.061404,0.118229,0,0,0,0
1.188126,0.166400,-1.153913,-0.119831,-0.351247,0.713274,1.380248,0,0,0,0
0.294372,-0.537690,-0.446700,0.621648,-0.040280,-0.775552,-0.419903,0,1,0,0
1.158771,0.158672,-1.179152,0.308057,-0.155269,0.397661,1.752511,0,0,0,0
0.806361,0.579796,-1.206850,-0.104619,-0.189172,-0.409819,0.597603,0,0,0,0
1.099396,0.404169,-0.864884,0.038217,-0.861213,0.713569,0.943912,0,0,0,0
0.438909,-0.054206,-0.304872,0.589050,-0.083930,0.097788,-0.015937,1,0,0,1
1.190885,0.490690,-0.859392,0.367997,0.154729,1.027725,1.526496,0,0,0,0
0.831614,0.430911,-1.045080,-0.308707,0.322007,0.506152,0.578442,0,0,0,0
0.591744,-0.106890,-0.142938,0.767338,0.024618,-0.093873,0.194689,0,0,0,0
0.382425,-0.215069,-0.080144,0.829195,-0.042085,0.209897,-0.045217,0,0,1,0
1.182896,0.298692,-1.289318,0.397661,-0.336531,-0.111676,1.458152,0,0,0,0
0.842242,0.572693,-1.092281,-0.235702,-0.523558,-0.209363,0.880298,0,0,0,0
0.945215,-0.368617,-0.524136,0.429635,-0.509712,0.313772,0.252687,0,0,0,0
0.555693,-0.404631,-0.593259,0.733962,-0.146803,0.229823,-0.266185,1,0,0,0
0.880626,0.844948,-0.271745,0.302074,0.343974,0.224916,1.630979,0,0,0,0
0.605631,0.141580,-0.049874,0.145421,0.054814,0.216631,0.281507,0,0,0,0
1.040895,-0.944266,0.157385,0.415145,-1.205529,0.011503,0.045930,0,0,0,0
0.799517,-1.209557,0.742619,0.343514,-0.804024,-0.172202,-0.438949,0,1,0,0
1.253926,0.379627,-1.270326,0.128826,-0.246134,1.697983,1.672827,0,0,0,0
0.878017,0.465873,-1.254217,-0.216065,-0.285413,0.016686,1.092800,0,0,0,0
0.983755,0.508811,-0.397440,0.045456,-0.998178,-0.199789,1.220159,0,0,0,0
0.375790,-0.306954,-0.230948,0.758728,0.069666,0.131902,-0.505660,0,0,1,1
1.052255,0.569970,0.309040,0.517298,0.276189,0.209396,2.683948,0,0,0,0
0.639882,0.782729,-0.094279,0.093634,0.507825,-0.644915,1.620698,0,0,0,0
0.842918,0.379443,-0.278776,0.699853,-0.155034,0.374745,1.871396,0,0,0,0
0.431938,-0.100535,-0.203028,0.642029,-0.050981,0.330927,0.526429,0,1,0,0
1.002862,0.237753,-0.905343,1.094796,0.387018,-0.037854,1.556175,0,0,0,0
0.413404,0.800817,-0.243275,0.271529,0.312738,0.138950,0.094069,1,0,0,0
1.063170,-0.423458,-1.103196,0.310496,-0.346057,0.190594,0.597343,0,0,0,0
0.949869,-0.348237,-1.041845,0.526188,-0.310646,0.153766,0.546745,0,0,0,1
0.846311,0.671701,-0.344491,0.161922,0.705714,-0.617934,1.563610,0,0,0,0
0.610820,-1.021257,1.200894,0.041224,-1.276115,1.820328,-0.339037,0,0,0,0
0.933878,-1.249520,0.180418,0.223770,-1.296124,-0.333924,-0.491585,0,0,0,0
0.584013,-1.951623,0.398431,0.481858,-0.966165,-0.008560,-0.804087,0,0,1,0
1.237734,0.165191,-1.201143,0.485895,0.021077,0.664653,1.690575,0,0,0,0
0.932992,0.584278,-1.355294,-0.291073,-0.152459,-0.288191,1.299389,0,0,0,0
0.951770,0.146162,-0.720011,0.075828,-0.574951,0.262600,0.214036,0,0,0,0
0.442496,-0.216897,-0.468459,0.577630,0.016926,-0.324656,-0.440344,0,1,0,0
1.303859,0.452734,-0.638410,0.028809,-0.649463,0.726324,1.957771,0,0,0,0
0.791946,0.329027,-0.727040,0.078849,-0.441415,-0.705119,0.705054,0,0,0,0
0.897837,-1.216059,-0.132123,1.108975,-1.499190,-0.184700,0.089570,0,0,0,0
0.740126,-0.093777,-0.295777,0.938290,-1.048630,2.773730,0.659001,1,0,0,0
1.023699,0.406684,-1.127434,0.512623,-0.565067,0.302919,1.556946,0,0,0,0
0.133695,0.347269,-0.503099,0.250870,0.506709,-0.535356,-0.516599,0,0,1,0
1.097943,0.034902,-0.385161,0.610734,-0.076988,1.019092,1.665972,0,0,0,0
0.872677,0.149549,-0.581710,0.512819,-0.423117,-0.356545,1.636449,0,0,0,1
0.735489,0.563436,-0.331328,0.468873,0.594731,0.066361,2.266490,0,0,0,0
0.389274,0.402385,0.050455,0.306299,0.249716,0.062713,1.099712,0,0,0,0
0.670762,0.151687,-0.343290,0.677850,0.294653,-0.544965,0.538230,0,0,0,0
0.431018,-0.031417,-0.040616,0.798853,-0.010771,0.525220,0.388506,0,1,0,0
1.164620,-0.042963,-0.847809,0.580730,-0.011043,0.542722,1.375549,0,0,0,0
0.671787,0.030011,-0.538192,0.390263,-0.063731,-0.436445,0.506550,0,0,0,0
0.635097,-0.001249,-0.482485,0.510407,0.082696,-0.418870,0.637830,0,0,0,0
0.453799,-0.416722,-0.407027,0.758618,0.304606,0.195156,0.456865,0,0,1,0
0.995557,-0.059300,-0.044510,0.274930,0.218415,0.793934,1.876864,0,0,0,0
0.548326,0.351522,-0.150950,0.205210,0.353853,0.528297,0.377206,0,0,0,0
0.819622,0.416428,0.098526,0.321957,-0.946155,0.162652,1.310171,0,0,0,0
0.451485,0.061060,0.077512,0.757559,-0.271626,0.641807,0.319637,1,0,0,0
1.223260,0.545445,-1.333752,0.194191,-0.052837,1.363339,1.909491,0,0,0,0
0.361545,0.559657,-0.128348,0.209270,0.223263,0.033453,0.232962,0,0,0,0
1.030005,-0.020429,-0.883046,0.270641,-0.221121,0.002026,1.233173,0,0,0,0
0.637844,0.017429,-0.338032,0.830536,0.148717,0.625268,0.633945,0,0,0,1
0.891839,0.693753,-0.466984,0.415758,0.693907,1.024455,1.856198,0,0,0,0
-0.041998,1.530079,-0.018559,-0.174445,1.501422,-0.823773,-0.038704,0,0,0,0
0.984337,0.182179,-0.606472,0.660803,0.009439,0.092456,0.963274,0,0,0,0
0.770726,-0.148209,-0.540502,0.684789,0.019458,0.446210,0.337344,0,1,0,0
1.145296,0.043404,-0.869206,1.170043,0.494460,-0.365665,1.760875,0,0,0,0
0.357571,0.079531,-0.575968,0.479090,0.458886,-0.486106,-0.264969,0,0,0,0
0.918675,-0.124544,-0.282791,0.492250,-0.440169,0.659600,1.341271,0,0,0,0
0.680336,-0.006734,-0.000579,0.529886,-0.509900,0.030215,0.671009,1,0,0,1
1.045900,0.543415,-0.720311,-0.072198,-0.174478,-0.375482,1.203732,0,0,0,0
0.895323,-0.159882,-0.398094,0.291564,-1.033883,0.254818,-0.183361,0,0,0,0
0.782354,-1.648971,-0.332758,1.430428,-0.882980,0.081608,-0.139748,0,0,0,0
0.696930,-0.264672,-0.270620,1.155061,-0.392997,1.684207,0.016736,0,0,1,0
1.103466,0.615082,-1.321629,0.520040,-0.322433,0.234021,1.275529,0,0,0,0
0.696683,0.744743,-0.665460,-0.020582,-0.318876,-0.577552,0.375844,0,1,0,0
1.104936,-0.131010,-0.265038,0.582896,-0.589259,1.116169,1.381651,0,0,0,0
1.024577,-0.152287,-0.236077,0.593452,-0.876574,-0.170830,1.490922,1,0,0,0
0.898285,0.531387,-0.053110,0.068407,-0.127349,-0.736229,1.669872,0,0,0,0
0.017938,0.845608,0.137216,-0.141091,1.257053,-0.215888,-0.341182,0,0,0,0
0.673376,0.322666,-0.215601,0.357363,-0.309355,0.516363,0.559928,0,0,0,0
0.568673,0.227045,-0.157303,0.731579,-0.026093,0.050016,0.210549,0,0,1,0
1.138874,0.132379,-0.563662,0.518485,-0.817720,-0.019486,1.583347,0,0,0,0
0.709779,0.246550,-0.492011,0.174041,-0.767389,-0.190235,0.647698,0,0,0,0
0.779214,0.275044,-0.491935,0.434345,-0.042207,-0.269154,0.215676,0,0,0,0
0.423002,-0.118429,-0.175019,0.972303,0.539449,0.606601,-0.231089,0,0,0,1
0.977451,0.705179,-0.444540,0.310741,0.477121,-0.102422,2.183265,0,0,0,0
0.696334,1.072777,-0.550949,-0.146884,0.374026,-0.245268,1.477375,0,0,0,0
0.863621,0.637284,-0.175880,0.250171,-0.897857,-0.001772,1.632002,0,0,0,0
0.383084,-0.195349,-0.370331,0.668952,0.251026,0.397430,0.669134,0,1,0,0
1.165392,0.551488,-1.016463,0.292769,-0.627623,0.951689,1.626993,0,0,0,0
0.717056,1.181198,-0.735273,-0.236620,-0.435609,0.110327,0.967527,1,0,0,0
1.058930,-0.071522,-0.763628,0.155997,-0.678269,0.003285,1.239563,0,0,0,0
0.837124,-0.144763,-0.578839,0.080946,-0.514243,-0.003045,1.295654,0,0,1,0
0.723545,0.856550,-0.010176,-0.328159,-0.039749,-0.515498,1.985403,0,0,0,0
0.268763,0.910441,0.100007,-0.613401,0.289307,0.930365,0.098821,0,0,0,0
0.638781,0.169102,-0.474867,0.264836,-0.594814,0.019752,-0.269864,0,0,0,0
0.393856,-0.470790,-0.416364,0.531031,-0.027172,-0.115031,-0.539152,0,0,0,1
1.277585,0.404454,-1.273507,0.427379,-0.214967,0.937637,1.515808,0,0,0,0
0.767912,0.270983,-0.575548,0.126838,-0.062471,0.142243,0.428337,0,0,0,0
1.085222,-0.923704,0.150504,0.352253,-1.195865,0.452462,-0.112248,0,0,0,0
0.865873,-1.217808,0.739914,0.268026,-0.818311,0.416170,-0.259427,1,0,0,0
1.317006,0.195457,-0.683360,0.108350,-0.168991,0.809881,1.745078,0,0,0,0
0.846922,0.600502,-1.164306,-0.142910,-0.208373,-0.582534,0.709306,0,0,0,0
0.920304,0.245805,-0.473194,0.100513,-0.761653,0.732312,1.013319,0,0,0,0
0.388280,-0.275955,-0.110185,0.805157,-0.250594,0.423353,0.018234,0,0,1,0
1.084752,0.474737,-1.482413,0.637887,0.128488,-0.230227,1.858223,0,0,0,0
0.181162,0.536140,-0.415307,0.341704,0.888284,-0.747531,-0.032983,0,0,0,1
1.102080,0.104690,-0.700557,0.590537,-0.191408,-0.179949,1.856528,0,0,0,0
0.893975,0.161737,-0.531062,0.655628,-0.403072,0.370869,1.816190,0,1,0,0
0.750870,0.767008,-0.578681,0.326619,0.698979,-0.079502,1.901286,0,0,0,0
-0.112210,0.609882,-0.258491,0.072500,1.502055,-0.512867,-0.209780,0,0,0,0
0.737579,0.322909,-0.104631,0.734458,-0.135538,-0.200519,0.784486,0,0,0,0
0.436523,-0.097908,-0.025307,0.865633,0.122539,0.477895,0.435643,0,0,1,0
1.161539,-0.026413,-0.764838,0.432435,-0.356459,-0.294720,1.650618,0,0,0,0
0.720815,0.100714,-0.830294,0.214799,-0.581470,0.061408,0.893822,0,0,0,0
0.661346,0.169065,-0.343449,0.551772,0.082889,-0.430302,0.511369,0,0,0,0
0.598302,0.064072,-0.415913,0.363203,-0.331451,0.697939,0.230179,1,0,0,0
0.994950,0.609102,-0.167187,0.121809,-0.078735,-0.046886,1.612474,0,0,0,0
0.621563,0.887714,-0.273457,-0.087185,0.169520,0.621019,0.274826,0,0,0,0
0.825466,0.428687,-0.285913,0.442699,-0.801766,1.378472,1.508261,0,0,0,0
0.495399,0.068940,-0.000928,0.592902,-0.696690,0.434018,0.538557,0,1,0,0
1.117808,0.660779,-1.289788,0.450429,-0.319685,-0.269105,1.755137,0,0,0,0
0.145910,0.803026,-0.404255,0.449796,0.765053,-0.834343,0.037954,0,0,0,0
1.058213,0.025360,-1.102289,0.208028,-0.121082,0.503980,1.279213,0,0,0,0
0.812570,-1.583361,-0.631079,1.449852,-0.525137,0.567341,0.223438,0,0,1,0
0.801355,0.843303,-0.754695,0.915629,1.091836,0.507381,1.547165,0,0,0,0
0.003440,1.123328,0.046757,0.064307,1.330567,-0.734618,-0.246965,0,0,0,0
1.027072,0.314148,-1.132125,0.104312,-0.643768,0.526182,1.497599,0,0,0,0
0.482876,-0.102241,0.041847,0.710939,-0.567661,0.705499,-0.126637,0,0,0,1
1.151526,-0.043726,-0.909420,1.165779,0.382392,0.244162,1.787183,0,0,0,0
0.739439,0.305201,-0.637569,0.814433,0.473932,0.004177,0.417373,0,0,0,0
1.106735,0.550876,-0.713288,0.150113,-0.636798,0.670924,0.845181,0,0,0,0
0.588094,0.280596,-0.264165,0.462089,-0.515105,0.554328,0.330677,1,1,0,0
0.903309,0.627363,-0.293376,0.521238,0.647012,0.361595,1.775609,0,0,0,0
0.596077,0.480227,-0.006427,0.535856,0.386389,0.069550,1.050248,0,0,0,0
0.707584,0.119412,0.058476,0.717447,-0.680918,0.077352,0.898406,0,0,0,0
0.314850,-0.250371,0.001864,0.889043,0.277875,-0.108774,-0.058459,0,0,1,0
1.053360,0.300581,-1.360529,0.331757,-0.451042,0.192069,1.405845,0,0,0,0
0.136755,0.597535,-0.589557,0.168150,0.250517,-0.234652,-0.504348,0,0,0,1
1.158123,-0.206457,-0.473007,0.391068,-0.508617,0.880375,1.156129,0,0,0,0
0.983393,0.109391,-0.694780,0.403161,-0.478392,0.464026,1.154081,1,0,0,0
0.762955,1.008167,-0.287701,-0.103048,0.326974,-0.203011,1.770051,0,0,0,0
0.471161,0.676680,-0.696560,-0.518569,0.647204,0.175378,0.398656,0,0,0,0
0.997702,0.485521,-0.724877,0.159872,-0.533531,-0.600232,0.927728,0,0,0,0
0.819983,0.372634,-0.766163,0.157884,-0.426286,0.084400,0.351311,0,1,0,0
1.081083,0.228695,-0.944577,0.566856,-0.203810,-0.569882,0.963869,0,0,0,0
0.666323,0.433684,-0.767261,0.048708,-0.035388,0.141985,0.491011,0,0,0,0
0.826926,0.461042,-0.359943,0.247339,-0.679693,-0.137817,0.403387,0,0,0,0
0.580595,0.072360,-0.095524,0.463322,-1.075290,0.277403,-0.158055,1,0,0,1
0.986826,0.123175,-0.688452,1.177347,-0.332415,-0.167279,1.633638,0,0,0,0
0.729554,-0.665380,-0.467839,1.569922,-0.756676,0.291904,0.254620,0,0,1,0
0.879060,-0.770734,-0.621355,1.296008,-1.192187,-0.004752,0.423140,0,0,0,0
0.799191,-0.754196,-0.533983,1.266491,-1.566088,0.534033,0.063334,0,1,0,0
1.075568,-0.327805,-1.021430,1.022320,-1.291741,0.181529,0.563622,0,0,0,0
0.824725,-0.425492,-0.773608,1.034009,-1.288318,0.340368,0.110606,0,0,0,0
0.764846,-0.679702,-0.744718,1.158913,-1.054542,0.275468,-0.024997,0,0,0,0
0.482482,-0.965402,-0.330457,1.546518,-0.899559,0.588401,-0.225909,1,0,0,0
0.733045,-0.310689,-0.757975,1.023764,-0.749294,-0.141492,0.566361,0,0,0,0
0.482136,-0.485081,-0.557394,1.101082,-1.051306,0.180691,-0.695046,0,1,0,0
0.579543,-0.576699,-1.073391,0.912400,-0.917764,-0.301081,-0.796049,0,0,0,0
0.309831,-0.654058,-0.653601,1.007012,-1.004212,0.484949,-0.979517,0,0,0,1
0.854423,-0.045881,-1.244551,0.875950,-0.404071,-0.045272,0.120322,0,0,0,0
0.424603,-0.124290,-0.657275,0.954756,-0.562784,0.080695,-0.024697,0,0,1,0
0.535646,0.223775,-0.686661,0.747238,-0.630101,-0.278415,0.601919,0,0,0,0
0.189635,-0.172969,-0.715242,0.746966,-0.373261,-0.439776,-0.762050,0,1,0,0
0.770302,0.081994,-0.376013,0.703796,-0.752861,0.463500,0.253984,0,0,0,0
0.085567,0.163131,-0.298651,0.889185,-0.057931,-0.346251,-0.379170,0,0,0,0
0.231530,-0.237662,-0.138499,1.057045,-0.552055,0.252338,0.130299,0,0,0,0
-0.113873,-0.034417,-0.108279,0.958806,-0.092475,0.069211,-0.856968,0,0,0,1
0.722060,-0.048445,-1.058543,0.967860,-0.280671,-0.108649,-0.287574,0,0,0,0
0.091035,0.315746,-0.591989,0.635332,0.421521,-0.538135,-0.543481,0,0,0,0
0.510908,0.356688,-0.364741,0.626690,0.067623,-0.421696,1.008305,0,0,0,0
-0.020654,0.671874,-0.274128,0.630365,0.916063,0.155742,0.310879,1,0,0,0
0.221661,0.259401,-0.095037,1.033246,0.349883,-0.710595,0.552648,0,0,0,0
-0.210541,0.675929,0.252823,0.688605,0.633851,-0.187567,-0.415314,0,0,1,0
0.652815,0.589659,-0.459363,0.569651,-0.302465,-0.067458,0.236653,0,0,0,0
-0.018166,1.157471,-0.162037,0.048036,0.198320,-0.593464,-0.337620,0,0,0,1
0.856191,0.001942,-0.924655,0.841087,-0.257405,-0.032896,0.126613,0,0,0,0
0.073366,0.638218,-0.481670,0.420363,0.371306,-0.684261,-0.478293,0,1,0,0
0.523795,0.523512,-0.719533,0.192305,-0.475939,-0.201121,-0.340373,0,0,0,0
-0.218599,1.266320,-0.061046,-0.312336,0.867456,-0.375947,-0.619913,1,0,0,0
0.406886,0.805729,-0.088970,0.383309,-0.196743,-0.756996,0.597455,0,0,0,0
-0.438947,1.420672,0.473908,-0.384019,0.890936,-0.481850,-0.697378,0,0,0,0
0.289738,-0.081233,-0.094008,0.641969,-0.901061,1.592232,-0.348662,0,0,0,0
-0.531495,1.458310,0.633044,-0.519755,1.137098,-0.561079,-0.522166,0,0,1,0
0.798929,0.085320,-1.037170,0.939979,-0.498633,-0.582897,0.048028,0,0,0,0
-0.000747,0.784068,-0.113347,0.413380,0.230005,0.285599,-0.093903,0,0,0,0
0.251210,-0.067523,-0.116240,0.610491,-0.478063,-0.197876,0.190608,0,0,0,0
-0.568030,1.266343,0.806424,-0.160047,1.038347,-0.756131,-0.179127,0,1,0,0
0.349964,0.841580,0.390124,0.739629,-0.190682,0.469499,1.009976,0,0,0,0
-0.533418,2.020174,1.182264,-0.565256,1.232874,-0.926147,-0.142799,0,0,0,1
0.270771,0.598518,0.030729,0.357242,-0.927304,-1.039901,-0.065024,0,0,0,0
-0.777217,1.684037,1.223558,-0.877178,1.101666,-0.723774,-0.609994,0,0,1,0
0.881749,0.204206,-0.971077,0.815321,-0.665811,-0.335237,0.558871,0,0,0,0
0.056104,0.881439,-0.165025,0.315517,0.227906,-0.521132,-0.190218,0,0,0,0
0.364108,0.443811,0.061748,0.691913,-0.332840,-0.195003,0.685041,0,0,0,0
-0.467413,1.631662,0.745086,-0.333915,1.139395,-0.761646,-0.642227,1,0,0,0
0.360291,0.027981,-0.139637,0.420087,-0.581462,-0.697944,-0.372367,0,0,0,0
-0.828783,1.361725,0.862805,-0.958160,1.083993,-0.506039,-1.156914,0,1,0,0
0.114444,0.038076,0.089093,0.629541,-0.525640,-0.731723,0.023383,0,0,0,0
-0.951594,1.484658,1.148438,-1.038849,1.715213,-0.900199,-1.132663,0,0,1,0
0.654767,0.032272,-1.285410,0.573236,-0.628277,-0.184722,-0.185956,0,0,0,0
-0.033370,0.522605,-0.386270,0.263660,0.276664,-0.116771,-0.547780,0,0,0,0
0.510409,-0.243080,-0.459169,0.583055,0.070763,0.345965,-0.400067,0,0,0,0
-0.493289,1.380946,0.433376,-0.342127,1.686676,-0.559403,-0.833575,0,0,0,1
0.687528,0.840216,-0.204798,-0.175877,-1.436726,0.606061,0.841272,0,0,0,0
0.056196,1.560683,0.604044,-1.435571,-0.676191,-0.168509,-0.242813,0,0,0,0
0.667674,0.939420,-0.228580,-0.075585,-0.781293,-0.133667,0.598552,0,0,0,0
0.034814,1.713693,0.532386,-1.289277,0.102019,-0.078510,-0.162142,1,0,0,0
0.811711,0.209080,-0.958746,0.709516,-0.378396,0.075064,0.118709,0,0,0,0
0.286650,0.954196,-0.150859,-0.135699,-0.345303,-0.210440,0.080521,0,0,0,0
0.578157,0.972358,-0.247408,-0.105439,-0.659832,0.166045,0.183353,0,0,0,0
0.114948,1.421075,0.220823,-0.740532,-0.027481,-0.332256,-0.096932,0,0,1,0
0.762629,1.030063,-0.289185,0.071667,-0.588249,-0.058042,1.518966,0,0,0,0
0.126551,1.557348,0.423779,-0.942099,0.185201,-0.736856,0.621980,0,1,0,0
0.335716,0.423501,0.020559,0.323282,-0.966661,-0.003397,0.300645,0,0,0,0
-0.652590,1.816440,1.071064,-1.286286,1.305783,-0.128810,-0.389968,1,0,0,0
0.819289,0.349930,-1.126605,0.669198,-0.558999,0.050582,0.306648,0,0,0,0
0.014063,0.957932,-0.117374,0.214618,0.289407,-0.776079,-0.156624,0,0,0,0
0.174324,0.253507,-0.037580,0.373351,-0.411080,-0.034250,-0.063982,0,0,0,0
-0.581799,1.410175,0.776952,-0.452803,1.096302,-0.342830,-0.321469,0,0,0,1
0.463814,0.496835,-0.244751,0.469019,-0.428204,0.036474,0.743394,0,0,0,0
-0.584056,1.851554,0.618005,-1.085436,1.409841,-0.723087,-0.904505,0,0,1,0
0.336192,0.056247,-0.656292,0.108247,-1.064846,-0.754128,-0.643890,0,0,0,0
-0.876974,1.717235,1.135024,-1.532037,0.538242,-0.823898,-0.936827,1,0,0,0
0.764702,0.178204,-1.107384,0.747587,-0.421792,-0.426585,0.140595,0,0,0,0
-0.001881,0.699558,-0.280759,0.183745,0.036610,-0.543498,-0.177963,0,1,0,0
0.445282,0.922525,-0.350658,0.127030,-0.333556,0.104627,0.697544,0,0,0,0
-0.410057,1.770834,0.503222,-0.642741,1.077636,-0.989614,-0.573514,0,0,0,1
0.398386,0.761783,0.209181,0.232672,-0.797691,-0.764279,-0.081515,0,0,0,0
-0.641089,1.993882,1.131993,-0.954827,1.014752,-0.452479,-0.219639,0,0,0,0
0.211221,0.072824,0.383116,0.756134,-1.083536,0.749375,0.357366,0,0,0,0
-1.030926,1.677214,1.629108,-1.156705,1.439807,-0.704544,-0.826665,1,0,0,0
0.835803,0.194222,-1.152936,0.783805,-0.407317,0.174167,0.068181,0,0,0,0
-0.063467,0.663645,-0.124644,0.377293,0.347538,-0.156902,-0.324788,0,0,0,0
0.441277,0.231747,-0.045360,0.558901,0.105721,0.174373,0.799738,0,0,0,0
-0.457613,1.435306,0.362528,-0.448046,1.640266,-0.612522,0.499376,0,0,1,0
0.165400,0.281123,0.184081,0.709341,-0.040630,-0.519189,0.573603,0,0,0,0
-0.899921,1.492962,1.205083,-0.711118,1.899747,-0.333019,-0.428635,0,1,0,0
0.314847,0.659201,-0.036979,0.428378,-0.366002,-0.975706,0.156485,0,0,0,0
-0.633195,2.105209,0.929185,-1.036070,2.076293,-0.836194,-0.182548,0,0,0,1
0.837487,-0.066200,-0.729234,1.037779,-0.162476,-0.134382,0.180493,0,0,0,0
-0.061975,0.518710,-0.112671,0.617694,0.605231,-0.110620,-0.480936,0,0,1,0
0.535994,0.512155,-0.458482,0.352383,-0.700361,0.182526,-0.144202,0,0,0,0
-0.362283,1.620349,0.296749,-0.576306,1.207309,-0.297717,-0.474892,1,0,0,0
0.430275,0.809872,0.106715,0.382049,-0.506111,-0.680390,0.542160,0,0,0,0
-0.765815,1.835728,1.301422,-0.882989,1.105647,-0.391322,-0.672912,0,0,0,0
0.057437,0.275388,0.596909,0.505261,-1.237366,-0.822546,-0.278844,0,0,0,0
-0.935062,2.116666,1.782888,-1.524767,0.769464,-0.869706,-0.547184,0,1,0,0
0.874608,0.058082,-1.182573,0.901108,-0.417044,-0.252841,0.247803,0,0,0,0
-0.009971,0.628878,-0.135829,0.417892,0.206800,-0.638025,-0.147854,0,0,0,0
0.377802,-0.201381,-0.387185,0.492491,-0.574003,-0.645778,-0.179981,0,0,0,0
-0.620499,1.260583,0.884598,-0.250785,0.851033,-0.548969,-0.387655,0,0,1,0
0.420295,0.677118,0.225931,0.760393,-0.321647,-0.028221,1.255200,0,0,0,0
-0.587128,2.183575,1.150707,-0.870667,1.498514,-0.942677,-0.133340,0,0,0,1
0.303406,0.405783,-0.151124,0.270961,-0.979478,-0.367602,-0.165957,0,0,0,0
-0.825318,1.821701,1.347199,-1.134257,0.817982,-0.585159,-0.607158,1,0,0,0
0.753114,0.401591,-0.894727,0.739957,-0.380386,0.328975,0.996142,0,0,0,0
0.161622,0.970151,-0.324758,0.178459,-0.002871,-0.182573,-0.016664,0,0,0,0
0.536843,0.604452,-0.089482,0.375309,-0.804679,0.054367,0.729206,0,0,0,0
-0.478658,1.472875,0.460773,-0.480023,1.344616,-0.936134,-0.685763,0,0,1,0
0.570938,0.319113,-0.080618,0.485524,-0.307648,-0.077498,0.565746,0,0,0,0
-0.718311,1.872670,1.221090,-0.781706,1.696439,-0.050504,-0.135255,0,1,0,0
0.266081,0.378674,0.203759,0.604706,-0.574772,-0.439388,0.402144,0,0,0,0
-0.905301,1.907427,1.517740,-1.131185,1.515511,-0.963982,-0.688561,0,0,0,1
0.756487,0.218450,-1.007096,0.772595,-0.708917,0.559132,-0.190958,0,0,0,0
-0.056735,0.739296,0.017385,0.404629,0.252452,-0.548467,-0.711313,0,0,0,0
0.337195,0.303614,-0.106545,0.294513,-0.319156,-0.313332,-0.069523,0,0,0,0
-0.457300,1.549304,0.755569,-0.258950,1.101048,-0.566855,-0.454758,1,0,0,0
0.346342,0.162748,0.123338,0.823453,-0.810682,-0.336706,0.607913,0,0,0,0
-0.801514,1.611927,1.155094,-0.705857,1.572776,-0.752366,-0.886032,0,0,0,0
0.253082,0.246732,0.085284,0.663043,-0.330240,-0.323969,0.313491,0,0,0,0
-0.828961,2.021726,1.369076,-1.238098,1.696684,-0.749444,-0.744459,0,0,1,0
0.664102,-0.090620,-1.090041,1.004053,-0.232133,-0.186775,-0.112461,0,0,0,0
-0.171897,0.413423,0.037520,0.715286,0.892677,-0.491412,-0.628035,0,0,0,0
0.290390,0.414388,-0.056632,0.577005,-0.186250,-0.509944,-0.213934,0,0,0,0
-0.597959,1.179724,0.666799,-0.168211,1.486311,-0.792453,-0.891938,1,0,0,1
0.577234,0.758718,-0.078941,0.587359,-0.046436,-0.480943,1.595084,0,0,0,0
-0.713092,1.916063,1.294044,-0.753484,1.573600,-0.839423,0.382427,0,1,0,0
0.362300,0.435571,-0.055794,0.410468,-1.034505,-0.337459,0.492690,0,0,0,0
-0.717318,2.080263,1.175086,-1.264029,1.240665,-0.972773,-0.236511,0,0,1,0
0.858638,0.359474,-1.159447,0.731848,-0.396285,-0.432276,0.412199,0,0,0,0
0.107452,1.047141,-0.300573,0.150251,0.237643,-0.336688,-0.002344,0,0,0,0
0.196520,0.262343,-0.067996,0.370320,-0.550338,-0.409815,-0.005870,0,0,0,0
-0.702740,1.036390,0.752420,-0.323881,1.179829,-0.878026,-0.397972,0,0,0,1
0.260082,0.707302,-0.215394,0.255768,0.010020,-0.326734,0.291529,0,0,0,0
-0.616114,1.736276,0.527818,-0.894008,2.194031,-0.772479,-0.695959,0,1,0,0
0.422599,0.082555,-0.542258,0.221667,-1.127528,-0.475933,-0.575274,0,0,0,0
-0.755056,1.832398,0.983423,-1.427075,0.755143,-0.662850,-0.926985,1,0,0,0
0.868327,0.212303,-1.197169,0.736764,-0.443256,-0.849823,0.288193,0,0,0,0
0.031775,0.640347,-0.400819,0.132881,0.021088,-0.348554,-0.183047,0,0,0,1
0.367473,0.433505,-0.476376,0.266687,-0.448967,-0.279857,0.697411,0,0,0,0
-0.510055,1.311871,0.283922,-0.726121,0.746782,-0.308173,-0.751457,0,0,1,0
0.441487,0.555292,0.029611,0.223648,-0.650922,-0.726798,0.207420,0,0,0,0
-0.791587,1.962040,1.540451,-0.973092,0.800181,-0.838128,-0.333423,0,0,0,0
-0.068822,0.159733,0.655226,0.666782,-0.584507,-0.253836,0.141533,0,0,0,0
-1.034636,1.628588,1.604356,-1.127714,1.461955,-0.273185,-0.847414,0,1,0,0
0.800470,-0.054871,-1.033125,1.012254,-0.538081,0.045248,-0.301494,0,0,0,0
-0.079932,0.402929,-0.191302,0.628934,0.584095,-0.506316,-0.606208,0,0,0,0
0.531155,0.243080,-0.045100,0.612818,-0.057848,-0.587656,1.207921,0,0,0,0
-0.403241,1.532161,0.426070,-0.304121,1.698302,-0.575156,0.527312,0,0,0,1
0.236322,0.330795,0.199677,0.817190,0.107094,-0.080925,0.602787,0,0,0,0
-0.825009,1.780906,1.353056,-0.772799,1.651500,-0.501819,-0.453671,1,0,0,0
0.436096,0.694647,-0.094065,0.427667,-0.540169,-0.855372,0.177149,0,0,0,0
-0.607709,2.348920,1.094963,-1.232202,1.640149,-1.074193,-0.243667,0,0,1,0
0.951741,-0.034150,-0.873876,0.877026,-0.366868,-0.662587,0.347305,0,0,0,0
-0.004727,0.556034,-0.234504,0.488401,0.238434,-0.906084,-0.460932,0,0,0,1
0.560942,0.288609,-0.587868,0.480075,-0.695370,0.088893,-0.294101,0,0,0,0
-0.316531,1.557082,0.122216,-0.572159,1.084190,-1.056678,-0.581562,0,1,0,0
0.423236,0.425958,0.026271,0.627705,0.088916,-0.568990,0.603444,0,0,0,0
-0.694224,1.881473,1.088141,-0.951777,1.311911,-0.594205,-0.562035,0,0,0,0
0.192795,0.163789,0.178237,0.472950,-1.066586,0.045373,-0.395222,0,0,0,0
-0.899813,2.062958,1.500003,-1.606940,1.040749,-0.810855,-0.644223,0,0,1,0
0.796745,0.244771,-1.089712,0.841508,-0.407615,-0.408367,0.181218,0,0,0,0
-0.051766,0.848458,-0.006154,0.261672,0.278289,-0.681149,-0.147920,0,0,0,0
0.424842,-0.055489,-0.201327,0.694317,-0.713114,0.203449,-0.209835,0,0,0,0
-0.582849,1.375495,1.027892,-0.136315,0.851461,-0.332639,-0.443049,1,0,0,0
0.454107,0.650438,0.174330,0.897636,0.034810,0.348253,1.160595,0,0,0,0
-0.587420,2.237649,1.281079,-0.797384,1.434080,-1.037929,-0.072405,0,0,0,1
0.388384,0.389111,-0.054602,0.451648,-1.000196,-0.752541,0.052401,0,0,0,0
-0.761617,2.034539,1.455903,-1.149409,0.814329,-0.141853,-0.474063,0,1,0,0
0.838917,0.446635,-1.080436,0.669076,-0.449553,0.354815,0.840005,0,0,0,0
0.044971,0.943729,-0.189809,0.120801,0.055261,-0.420637,-0.186211,0,0,0,0
0.291395,0.828034,0.256735,0.443310,-0.447654,-0.431422,0.453336,0,0,0,0
-0.436325,1.639076,0.652794,-0.410170,1.090670,-0.617761,-0.582508,0,0,1,0
0.543477,0.011211,-0.321069,0.394362,-0.725317,0.016772,-0.029324,0,0,0,0
-0.724110,1.726250,0.994180,-0.984503,1.091666,-0.992882,-1.058067,1,0,0,0
0.215651,-0.125573,-0.079690,0.754677,-0.588508,-0.544796,0.156953,0,0,0,0
-0.994459,1.301043,1.103268,-0.927047,1.798793,-1.004470,-1.167345,0,1,0,0
0.706441,-0.040892,-1.186626,0.725712,-0.705473,-0.131779,-0.401956,0,0,0,0
-0.077695,0.563774,-0.329949,0.171690,0.283811,-0.725101,-0.636203,0,0,0,0
0.391832,0.111614,-0.322870,0.400289,-0.154716,-0.581495,-0.501304,0,0,0,0
-0.492333,1.405233,0.449933,-0.431839,1.611344,-0.485805,-0.837391,0,0,0,1
0.342670,0.057728,0.119458,0.854054,-0.743959,-0.428621,0.547663,0,0,0,0
-0.864198,1.382363,1.177857,-0.554248,1.635851,-0.283691,-0.911455,0,0,0,0
0.493659,0.479345,-0.289401,0.610347,-0.010624,-0.033813,0.511355,0,0,0,0
-0.566960,2.172829,0.844455,-1.018839,2.185776,-0.692317,-0.650906,0,0,1,0
0.646225,-0.210193,-0.961747,1.090358,0.022106,-0.278786,-0.040744,0,0,0,0
-0.102784,0.520127,0.034416,0.710052,0.780258,-0.088053,-0.325948,0,0,0,0
0.400739,0.439425,-0.111984,0.598059,-0.331528,0.150670,-0.435191,0,0,0,0
-0.461770,1.441070,0.372616,-0.373681,1.827039,-0.566827,-0.773410,0,1,0,0
0.336310,1.070398,0.295573,0.624987,0.425443,-0.369991,1.564366,0,0,0,0
-0.731578,2.023591,1.587222,-0.589481,1.705761,-0.384916,0.375476,1,0,0,0
0.366241,0.221707,-0.051625,0.594174,-0.949268,-0.004083,0.544507,0,0,0,0
-0.655184,2.188475,1.036945,-1.327751,1.438278,-0.784240,-0.210883,0,0,0,1
0.911828,0.231383,-1.244731,0.672532,-0.608566,-0.471265,0.391845,0,0,0,0
0.107872,1.056068,-0.045002,0.323129,0.092509,-0.420058,0.005149,0,0,0,0
0.315877,0.340798,-0.081844,0.343835,-0.565089,0.198940,-0.052848,0,0,0,0
-0.517080,1.478414,0.800053,-0.370809,0.971530,-0.690311,-0.459501,0,1,0,0
0.338086,0.822493,-0.111531,0.244825,-0.373294,-0.334779,0.500284,0,0,0,0
-0.566698,1.929410,0.745244,-0.966083,1.420169,-0.626279,-0.781856,0,0,1,0
0.191330,0.405837,-0.298589,-0.095771,-1.000435,-1.075725,-0.694067,0,0,0,0
-0.822632,1.719763,1.046881,-1.372241,0.851845,-0.968257,-1.022484,1,0,0,0
0.866950,0.102950,-1.012977,0.815557,-0.551032,-0.472581,0.341167,0,0,0,0
0.058043,0.737948,-0.369458,0.170613,-0.029960,-0.752025,-0.268957,0,0,0,1
0.526837,0.634955,-0.403110,0.319564,-0.497851,0.375808,1.067331,0,0,0,0
-0.362902,1.754600,0.517317,-0.496088,1.080359,-0.534058,-0.497501,0,1,0,0
0.479593,0.617319,0.341602,0.476558,-0.583406,-0.488774,0.483145,0,0,0,0
-0.724511,1.928259,1.233571,-0.943973,1.138122,-0.653384,-0.206448,0,0,0,0
-0.023948,0.160807,0.591083,0.786652,-0.704963,0.229758,0.188516,0,0,0,0
-1.026530,1.715342,1.514199,-1.333226,1.323327,-0.612963,-0.904538,0,0,1,0
0.653609,0.108326,-0.907061,0.987066,-0.346500,-0.177138,0.070148,0,0,0,0
-0.014964,0.526817,-0.273928,0.455620,0.458629,-0.186284,-0.394568,0,0,0,0
0.622804,0.281256,-0.036069,0.590630,-0.172526,0.598266,1.073624,0,0,0,0
-0.476904,1.392952,0.414265,-0.342607,1.682197,-0.818659,0.349980,1,0,0,0
0.257220,0.165398,0.084917,0.872074,0.243079,-0.293365,0.879307,0,0,0,0
-0.929856,1.441620,1.366621,-0.550255,2.034231,-0.338553,-0.452529,0,1,0,0
0.416654,0.519756,-0.224236,0.445437,-0.480510,-0.982784,0.190963,0,0,0,0
-0.636098,2.166832,1.004653,-0.982501,2.380681,-1.006262,-0.286932,0,0,0,1
0.802234,0.274950,-0.868987,0.807342,-0.276576,0.056825,0.213832,0,0,0,0
-0.078681,0.632268,-0.087783,0.440303,0.467705,-0.350112,-0.341540,0,0,1,0
0.632087,0.296233,-0.579812,0.376982,-0.830273,0.340674,-0.096769,0,0,0,0
-0.363462,1.516452,0.198378,-0.593567,1.145538,-0.601568,-0.409738,1,0,0,0
0.546539,0.558654,-0.174035,0.330136,-0.554607,-0.728288,0.958051,0,0,0,0
-0.655515,2.022503,1.166221,-0.997438,1.092915,-0.507614,-0.521451,0,0,0,0
0.195776,0.236311,0.450735,0.563868,-1.487274,0.105144,-0.222638,0,0,0,0
-0.928057,2.119957,1.764308,-1.511142,0.879867,-0.675063,-0.507734,0,0,0,1
0.756549,0.098639,-1.155734,0.739685,-0.659872,-0.428284,0.246724,0,0,0,0
0.005003,0.779915,-0.050178,0.359414,0.094419,-0.619411,-0.239156,0,0,0,0
0.138981,0.060342,0.015357,0.471186,-0.634707,-0.878373,0.098056,0,0,0,0
-0.644796,1.058654,0.904033,0.002401,0.989371,-0.430722,-0.229024,0,1,0,0
0.504105,0.637660,0.132506,0.774434,-0.486665,0.540452,1.249614,0,0,0,0
-0.611965,2.142502,1.227781,-0.822324,1.394282,-0.859223,-0.137060,0,0,1,0
0.387979,0.132818,-0.204006,0.468313,-0.942982,-0.765845,-0.242410,0,0,0,0
-0.793818,1.795533,1.229141,-1.106918,1.065998,-0.904156,-0.629181,1,0,0,0
0.820799,0.317345,-1.084584,0.748709,-0.484027,-0.156762,0.654095,0,0,0,0
0.023649,0.807965,-0.210861,0.250179,0.167964,-0.543602,-0.212016,0,0,0,0
0.340520,0.685413,0.055024,0.320793,-0.571787,0.107912,0.444868,0,0,0,0
-0.518492,1.398967,0.579112,-0.424531,1.148081,-0.558246,-0.697718,0,0,0,1
0.345277,0.463876,0.074319,0.456339,-0.151923,-0.187003,0.588962,0,0,0,0
-0.681532,1.779462,1.041675,-0.694441,1.962615,-0.326712,0.015894,0,1,0,0
0.327534,0.038197,0.080981,0.826494,-0.558501,-0.276789,0.494439,0,0,0,0
-0.895607,1.697633,1.451525,-0.787104,1.679956,-1.021297,-0.626366,1,0,0,0
0.794962,0.047109,-1.003701,0.875455,-0.606667,0.719056,-0.183157,0,0,0,0
0.002136,0.763473,-0.063195,0.432864,0.065659,0.082834,-0.532481,0,0,0,0
0.408425,0.038832,-0.161695,0.409730,-0.423040,0.232775,-0.011804,0,0,0,0
-0.395563,1.293552,0.258195,-0.307720,1.519363,-0.659057,-0.480727,0,0,1,0
0.273701,0.355348,0.118148,0.673601,-0.025037,0.000168,0.353379,0,0,0,0
0.047729,0.499813,-0.288499,0.047269,0.994696,1.164070,-0.756167,0,0,0,0
0.496131,0.158504,-0.252352,0.618911,-0.277404,-0.379894,0.501427,0,0,0,0
-0.506514,1.429256,0.734675,-0.678975,1.165114,-0.613762,-0.738931,0,0,0,1
0.697777,-0.290736,-1.012043,1.166115,0.049249,-0.299357,-0.021818,0,0,0,0
-0.166097,0.264429,-0.033336,0.825142,1.028960,-0.595386,-0.490955,0,0,0,0
0.342537,0.106979,-0.166544,0.710973,-0.083454,0.004974,-0.209020,0,0,0,0
-0.542310,0.809508,0.728088,-0.368516,0.942954,-0.386935,-1.033449,1,1,0,0
0.844148,-1.377082,-0.564540,1.420834,-0.711745,-0.009936,0.249757,0,0,0,0
0.399892,-2.018360,-0.404273,1.592384,-1.383523,-0.565490,-0.336416,0,0,0,0
0.224170,-2.444577,-0.585333,1.571851,-1.243815,0.254061,-0.480019,0,0,0,0
0.046335,-2.670915,-0.407227,1.515115,-1.461205,0.370486,-0.741624,0,0,1,0
0.241345,-2.499872,-1.226107,1.096982,-0.956014,-0.514733,-0.836915,0,0,0,0
-0.240611,-2.743954,-0.467234,1.416814,-1.112953,0.654250,-1.344663,0,0,0,0
-0.341559,-2.317482,-0.086127,1.835870,0.175689,-0.766008,-0.241607,0,0,0,0
-0.716259,-3.118755,-0.194661,2.071883,0.706657,0.450941,-1.743291,0,0,0,1
0.314343,-1.363166,-1.636838,0.933384,-0.537586,0.406826,-1.316299,0,0,0,0
-0.545117,-2.384466,-0.944887,0.954429,-0.578021,-0.294698,-1.694798,0,0,0,0
-0.989642,-2.667941,-0.384350,1.086498,-0.259808,0.386233,-1.876963,0,0,0,0
-1.126940,-2.760028,-0.326805,0.791486,-0.046077,-0.171544,-1.896636,0,1,0,0
0.128370,-1.316927,-0.258369,1.239889,0.115283,0.690080,0.033587,0,0,0,0
-0.537365,-1.357004,0.421353,0.577221,0.584525,-0.624993,-1.055445,0,0,0,0
-1.509972,-1.611909,1.526744,0.975996,0.788821,-0.160390,-1.433798,0,0,0,0
-1.706497,-1.663987,1.577703,0.688340,0.776637,0.167379,-1.530374,0,0,1,0
-0.468497,-0.632293,-0.596775,-1.049256,-0.330358,0.153783,-1.345562,0,0,0,0
-0.889980,-0.761746,0.765075,-1.098870,-1.826546,1.236322,-0.986165,0,0,0,0
-1.295290,-1.010093,1.173140,-1.098978,-1.612977,-0.246117,-1.243914,0,0,0,0
-1.484689,-0.978837,1.498806,-1.081608,-1.489530,0.622119,-1.554070,1,0,0,0
-0.325881,-1.689085,-0.174729,1.122629,0.177370,-0.379378,-0.325845,0,0,0,0
-1.734688,-0.308825,1.421229,-0.575864,2.111299,-0.847142,-1.676760,0,0,0,0
-2.084246,-0.960286,1.619082,-0.620572,1.803796,-0.509637,-1.842277,0,0,0,0
-2.364262,-1.361264,1.996026,-0.705974,0.977284,-0.333276,-1.908612,0,0,0,1
0.263117,-1.130896,-2.133048,0.399153,-0.780225,-0.474643,-1.335251,0,0,0,0
-0.732035,-1.571803,-1.223965,0.105803,-0.282171,-0.534644,-1.747901,0,0,0,0
-1.338559,-1.672327,-0.415077,0.013848,0.244764,0.687854,-1.892211,0,0,0,0
-1.076516,-2.394655,-0.816008,-0.767926,-0.757624,0.049093,-1.937673,0,0,0,0
-0.269585,-2.531075,-1.569939,-0.556003,-2.923466,1.711853,-0.982037,0,0,0,0
-0.869044,-1.816408,-0.969482,-1.578124,-1.919704,0.092390,-0.901312,0,0,0,0
-2.304298,-1.861305,0.784604,-1.377491,0.184577,-1.092870,-2.055331,0,0,0,0
-1.209445,-1.911225,0.358370,-1.659249,-3.284273,1.506137,-1.928011,0,1,0,0
-0.196831,-0.031222,0.022318,-0.608285,0.266452,0.117604,0.317782,0,0,0,0
-0.497000,-0.312989,0.807904,-0.666530,-1.165144,0.400945,-0.248226,0,0,0,0
-0.899085,-0.444130,1.124599,-0.891222,-1.166332,-0.046275,-0.283431,0,0,0,0
-0.936998,-0.486139,1.038991,-1.263342,-1.710734,0.121084,-0.260980,1,0,0,0
0.064510,-1.474195,-0.592615,0.333564,-1.714301,-0.367236,-0.321179,0,0,0,0
-0.764586,-0.443449,0.724295,-1.295023,-1.814336,-0.484031,-0.365706,0,0,0,0
-0.618386,0.100971,1.061361,-0.465209,0.394191,-0.815532,0.259131,0,0,0,0
-1.004769,0.018977,1.278204,-0.865852,0.048389,-0.230919,-0.978642,0,0,1,0
0.479799,-0.640472,-1.461566,0.302342,-1.265611,0.232458,-0.818340,0,0,0,0
-0.496195,-1.078687,-0.726923,0.380889,-0.346053,-0.340081,-1.454620,0,0,0,0
-0.334763,-0.868758,-0.438677,-0.598756,-1.249019,4.232375,-0.920373,0,0,0,0
-0.710993,-0.737360,0.112434,-0.991988,-1.255917,0.936521,-1.207256,0,1,0,0
-0.236756,-2.181102,0.356757,1.772694,-0.013365,0.404757,0.138557,0,0,0,0
-1.246316,-0.798592,1.180879,-0.124504,1.492551,0.364600,-1.565878,0,0,0,0
-0.738747,-0.340835,1.098018,-0.581412,-1.349818,2.839223,-1.181516,0,0,0,0
-1.960794,-0.833041,1.923427,-0.748708,0.206684,-0.924092,-1.995994,0,0,0,1
-0.039463,-0.118077,-1.054783,-1.312810,0.076410,-0.754769,-0.934147,0,0,0,0
-0.296669,-0.712309,-0.992467,-1.332414,-0.591046,0.025954,-0.995232,0,0,0,0
-0.767363,-0.634028,0.226696,-1.372377,-0.788680,0.252622,-1.163851,0,0,0,0
-1.016788,-0.627714,0.236619,-1.737081,-0.577111,0.663518,-1.348914,1,0,0,0
0.013630,-1.785153,-0.667173,0.999931,0.142321,0.074611,-0.071174,0,0,0,0
-1.648874,-0.032170,1.344290,-0.852597,2.173289,-0.380426,-1.728947,0,0,0,0
-1.965958,-0.437184,1.785023,-0.911914,1.607781,-0.274404,-1.853913,0,0,0,0
-2.251635,-1.037449,1.913898,-0.964931,1.167164,-0.174992,-1.938235,0,0,1,0
0.259485,-1.206123,-2.100288,0.413530,-0.870750,0.301243,-1.390780,0,0,0,0
-0.730408,-1.571793,-1.197565,0.128750,-0.236448,-0.452271,-1.802313,0,0,0,0
-1.297406,-1.555965,-0.428624,0.030020,0.517620,-0.023503,-1.920601,0,0,0,0
-0.519902,-3.341994,-0.556266,0.465767,-1.549736,-0.201799,-1.891280,0,0,0,0
-0.440997,-3.668269,-0.455704,1.488904,-1.431911,2.441752,-0.860228,0,0,0,0
-1.614262,-1.221157,1.096537,-0.212711,0.682216,-0.048257,-1.285191,0,0,0,0
-1.273911,-3.111674,0.224859,1.005372,0.526368,4.958931,-1.107220,0,0,0,0
-1.366517,-2.384689,0.358851,0.242368,0.914688,1.718666,-1.195394,1,0,0,0
-0.419215,0.842187,0.415342,-0.931714,1.624588,-0.286521,0.015959,0,0,0,0
-0.779936,0.388719,1.646496,-0.480552,-0.275514,-0.153528,-0.763748,0,0,0,0
-1.170338,-0.247682,2.120799,-0.391063,-0.478470,-0.397078,-0.990993,0,0,0,0
-1.777616,-0.634516,2.211317,-0.674207,0.055532,-0.710590,-1.733631,0,0,1,0
-0.482736,-2.339147,-0.817636,0.809049,-0.051147,-0.461568,-1.637216,0,0,0,0
-2.081016,-1.009114,1.562504,-0.782937,1.421802,-0.769971,-1.847308,0,0,0,0
-1.628690,-0.348020,0.916350,-0.318445,3.730576,-1.104056,-0.124273,0,0,0,0
-2.134223,-1.155642,1.498151,-0.271484,3.405283,-0.489930,-1.843525,0,1,0,0
0.349121,-0.921507,-1.811995,0.752255,-0.290566,-0.107764,-1.270686,0,0,0,0
-0.660546,-1.420073,-0.948168,0.522395,0.185456,-0.344924,-1.663394,0,0,0,0
-1.294025,-1.558083,-0.265877,0.239807,0.917330,0.159804,-1.879591,0,0,0,0
-0.744186,-4.058240,0.058519,1.396964,-0.959450,9.593034,-1.844852,0,0,0,1
-0.372351,-2.469445,0.657558,1.999796,0.446451,0.440814,-0.109342,0,0,0,0
-1.603202,-0.903833,1.796424,0.318188,2.034154,-0.267026,-1.460388,0,0,0,0
-1.036489,-0.877754,0.036037,-0.960264,-0.439717,4.004913,-0.932834,0,0,0,0
-1.040225,-0.819380,0.502776,-1.153555,-1.452526,1.319894,-0.941004,0,0,1,0
-0.428753,-0.141758,-0.644046,-1.545012,-0.350929,-0.524620,-0.490875,0,0,0,0
-0.823412,-0.759779,0.632594,-1.099930,-1.327767,0.724170,-0.707292,0,0,0,0
-1.162229,-0.367677,1.310948,-1.020198,-0.119548,2.198900,-1.292835,0,0,0,0
-1.863839,-0.712713,2.367544,-1.105576,-0.401630,1.192782,-1.214583,0,1,0,0
0.008897,-1.636887,0.119777,1.601482,0.476336,0.078737,0.082426,0,0,0,0
-0.829562,-1.709002,1.019804,1.238098,1.634429,-0.027421,-0.692587,0,0,0,0
-1.453049,-1.472378,1.649485,0.546625,1.315587,-0.742553,-1.111051,0,0,0,0
-1.896262,-1.744577,1.722665,0.338203,1.636833,0.163422,-1.627628,1,0,0,0
0.385672,-1.049245,-2.133771,0.491779,-0.838324,-0.372183,-1.271660,0,0,0,0
-0.610968,-1.553334,-1.380405,0.062524,-0.605827,-0.057651,-1.768727,0,0,0,0
-1.342433,-1.837797,-0.529162,0.038016,0.312332,0.617491,-1.926325,0,0,0,0
-1.616414,-1.836262,-0.251257,-0.222646,0.621442,0.010395,-1.987192,0,0,0,0
-0.252825,-2.610355,-0.933170,0.003585,-3.174060,1.036137,-0.758662,0,0,0,0
-1.075223,-1.368214,0.208325,-1.327985,-2.167678,0.338769,-0.640579,0,0,0,0
-1.843589,-0.715107,1.522591,-0.812509,0.331510,2.720733,-1.797614,0,0,0,0
-0.896498,-5.242903,-0.410973,1.119683,-2.358301,8.203527,-1.769197,0,1,0,0
-0.020401,-0.726049,-0.491902,0.746406,1.257526,-0.190230,-0.141526,0,0,0,0
-0.788893,-0.872611,0.415437,0.982479,1.884053,-1.242113,-1.189862,0,0,0,0
-1.687689,-1.262782,1.683025,-0.007252,1.427638,-0.377729,-1.841965,0,0,0,0
-2.232637,-1.663926,1.922329,-0.278565,0.939746,0.118280,-1.927133,0,0,1,0
0.112062,-1.399028,-0.479745,0.349579,-2.260298,0.814514,-1.069735,0,0,0,0
-0.974563,-0.350034,1.379557,-0.932448,-1.827325,-0.901125,-0.966540,0,0,0,0
-0.729816,0.238439,1.281149,-0.388144,0.472511,-0.913135,0.015479,0,0,0,0
-1.728413,-0.450957,2.098989,-0.221553,2.059897,-0.112357,-1.297684,1,0,0,0
0.625741,-0.857675,-1.257579,0.651748,-0.833441,1.050133,-0.987388,0,0,0,0
-0.061755,-1.140957,-0.484300,0.255197,-0.708997,-0.820818,-1.228181,0,0,0,0
-1.118798,-1.138884,0.019055,0.234625,0.461076,-0.322647,-1.859674,0,0,0,0
-1.512353,-1.398445,0.158664,0.018882,0.908216,0.292997,-1.924830,0,0,0,1
0.284430,-1.309115,-0.119690,1.045203,-0.612177,1.055632,0.254585,0,0,0,0
-0.502020,-1.510396,0.808115,0.702213,-0.541777,-0.633772,-1.427949,0,0,0,0
-0.693219,-4.102321,0.246756,1.849820,-1.494141,-0.950159,-1.774761,0,0,0,0
-1.152299,-1.896363,0.373579,0.979711,1.182522,-0.925269,-1.392983,0,1,0,0
0.125563,1.047217,-0.156882,-0.903419,0.748396,-0.021343,0.021363,0,0,0,0
-0.443303,0.525077,0.622424,-0.970609,0.363002,-0.573170,-1.185311,0,0,0,0
-0.898749,-0.300785,2.032533,-0.594861,-0.644208,-0.594309,-1.296892,0,0,0,0
-1.453550,-0.348924,2.295047,-0.653025,0.800775,0.203888,-1.561277,0,0,0,1
0.649637,-1.181454,-1.729186,0.372521,-1.493910,1.913864,-1.115838,0,0,0,0
-0.424048,-1.244344,-0.805625,0.285885,-0.471912,0.204282,-1.620871,0,0,0,0
-0.429126,-0.907563,-0.810776,-1.025501,-0.831077,2.485650,-1.366197,0,0,0,0
-0.512529,-0.866235,-0.629100,-1.347677,-0.836753,0.698913,-1.158744,0,0,0,0
-0.671035,-0.582862,-0.312852,-1.705532,-1.140178,-0.225028,-1.278654,0,0,0,0
-0.776018,-0.660691,-0.236112,-1.950252,-1.526403,-0.489524,-1.309329,0,0,0,0
-1.204980,-0.884207,0.248119,-2.033953,-1.586934,-0.434569,-1.621092,0,0,0,0
-1.778381,-1.190347,1.041034,-1.754643,-0.951856,-0.662626,-1.955051,0,1,0,0
0.193745,-1.928347,-2.118487,0.410947,-1.394723,0.091531,-1.572509,0,0,0,0
-0.387262,-4.012027,-0.875446,0.442150,-2.366038,3.616303,-1.744596,0,0,1,0
0.259026,-1.382216,-1.941217,0.601314,-0.569011,-0.212533,-1.318389,0,0,0,0
-0.837809,-2.410984,-1.646014,0.092165,-0.514975,0.416273,-1.961814,1,0,0,1
0.575490,-0.309817,-0.718122,0.275997,-0.357395,2.754209,0.853866,0,0,0,0
0.165990,0.130257,-0.512750,-0.573792,0.239279,1.120156,0.090027,0,0,0,0
-0.084774,-0.046581,-0.211652,-0.472677,0.226078,-0.224991,-0.009188,0,0,0,0
-0.227170,-0.839277,0.374178,-0.068734,-0.025900,0.863800,-0.273416,0,0,1,0
0.350180,-1.298385,-0.391607,0.790381,-0.102088,-0.234838,-0.420334,0,0,0,0
-0.535467,-0.852681,0.901739,1.129914,1.930014,1.105170,-0.485400,0,1,0,0
-1.164261,0.392305,0.637929,-0.581657,2.264903,-0.893330,-0.891841,0,0,0,0
-1.625080,0.364472,2.001543,-0.627764,1.862773,-0.872925,-1.003556,1,0,0,0
0.486024,-0.791051,-0.782313,1.398173,0.367938,0.717079,0.501690,0,0,0,0
-0.550561,-0.701544,-0.107605,1.138972,1.586456,-0.238066,-0.915289,0,0,0,0
-0.531387,0.468576,-0.192963,-0.099638,1.615057,-0.671091,-0.881006,0,0,0,0
-1.217921,-0.213490,0.969801,0.359166,1.748744,-0.505836,-0.934518,0,0,1,0
0.552253,-0.668163,-0.593697,0.250334,-0.755433,-0.008957,-0.487537,0,0,0,0
-1.326057,0.069453,1.671601,-0.357022,1.461590,-1.451824,-1.086187,0,0,0,0
-0.060386,0.391168,-0.641693,-0.884115,0.720241,0.727561,-0.839779,0,0,0,0
-1.668183,-0.137637,2.006761,-0.374065,1.836431,-0.156392,-1.137417,0,0,0,1
0.397039,-0.882904,0.036268,1.134741,-0.114367,1.001934,0.794992,0,0,0,0
-0.651144,-1.153352,1.149475,1.323954,1.751038,-0.489526,-0.019954,0,0,0,0
-0.821046,-1.053543,1.411534,1.298227,1.755213,-0.202028,-0.188759,0,0,0,0
-1.204348,-1.142929,1.974770,1.171315,1.849943,0.062989,-0.432681,1,0,0,0
-0.019094,-1.413119,0.052724,1.257247,0.123739,-0.174538,-0.676496,0,0,0,0
-1.743702,0.188790,2.318920,-0.310839,2.341074,-1.413047,-1.138850,0,0,1,0
-1.103311,0.566065,0.616270,-0.348626,3.283958,-0.976618,-0.996384,0,0,0,0
-1.854450,0.126891,2.575793,-0.143511,2.735424,-0.385086,-1.142938,0,1,0,0
0.340916,-0.864007,-0.903352,1.389592,0.454387,0.172666,-0.095086,0,0,0,0
-0.623953,-0.801257,-0.148156,1.068495,1.649330,-0.233323,-1.242055,0,0,0,0
-0.465249,0.610766,-0.103563,-0.185989,1.025324,-0.690223,-0.986470,0,0,0,0
-1.213651,-0.283080,1.176188,0.680173,1.729748,-0.355288,-1.169281,0,0,0,1
0.405140,-0.628280,-0.186305,0.665448,-0.927195,0.565913,-0.189066,0,0,0,0
-0.646751,0.054012,1.733119,0.120587,0.019960,-0.850540,-0.402731,0,0,0,0
-1.736198,0.177883,2.553233,0.057005,2.045683,-0.898703,-0.822385,0,0,0,0
-0.935331,-0.596630,1.884408,-0.277813,-0.819517,-0.361697,-0.935599,0,1,0,0
0.308645,-0.448465,0.285053,0.598849,-0.775764,-0.084299,0.962376,0,0,0,0
-0.416658,0.231895,1.343690,-0.181307,-0.472357,0.202635,0.228136,0,0,0,0
-1.028528,0.111913,2.041369,-0.431180,0.195784,-0.520999,-0.270761,0,0,0,0
-1.218209,0.168204,2.584323,-0.678207,-0.275932,-0.037660,-0.705278,0,0,1,0
-0.124457,-2.087499,-0.227062,1.493697,0.046806,0.529773,-0.933189,0,0,0,0
-1.815163,-0.021951,2.203646,-0.473018,2.004461,-0.725046,-1.109446,1,0,0,0
-1.190184,0.292319,0.879593,-0.139069,2.268878,-1.400787,-1.017242,0,0,0,0
-1.879024,0.095291,2.587305,-0.354982,1.871514,-0.892698,-1.169170,0,0,0,1
0.416699,-0.796011,-0.802260,1.492783,0.536614,0.496052,0.309813,0,0,0,0
-0.552386,-0.633021,0.073661,1.300020,1.640198,-0.345446,-0.745204,0,0,0,0
0.229440,0.206228,-0.221790,-0.197573,-0.035787,3.134836,0.189793,0,0,0,0
-0.934904,-0.275272,1.366298,0.512104,1.012375,-1.011641,-0.714961,0,1,0,0
0.483715,-0.720021,-0.310630,0.587264,-1.524206,2.620089,-0.485055,0,0,0,0
-1.165132,0.219513,1.949628,-0.095281,1.013306,0.249912,-0.854464,0,0,0,0
-0.094636,-0.003009,-0.291528,-0.592778,0.531688,7.828099,-0.761874,0,0,0,0
-1.893760,-0.099944,2.399943,-0.256536,2.107278,-0.626124,-1.108538,1,0,0,0
0.439369,-0.303784,-0.442634,0.357298,-0.410648,0.766478,0.512599,0,0,0,0
-0.405359,0.391503,0.405973,-0.656782,0.786970,1.391860,-0.826134,0,0,0,0
-0.532593,-0.085560,0.521756,-0.615902,0.382108,0.776821,-0.732058,0,0,0,0
-0.464535,-0.025476,0.217206,-0.777309,0.277035,0.556883,-0.706341,0,0,0,1
0.151589,-0.998487,-0.581655,0.386332,-0.695397,-0.662120,-0.790423,0,0,0,0
-1.374257,0.467240,1.945965,-1.121516,1.026546,-1.046334,-1.238881,0,0,1,0
-0.869041,0.870701,0.608146,-0.137560,2.834047,-0.999594,-0.642427,0,0,0,0
-1.634792,0.814716,2.781701,-0.399565,1.834747,-1.079365,-0.855239,0,1,0,0
0.434239,-0.861929,-0.805181,1.488381,0.507295,0.721958,0.573352,0,0,0,0
-0.549768,-0.714787,-0.168159,1.145643,1.669072,-0.615911,-0.992372,0,0,0,0
-0.670346,0.092049,-0.203999,0.202627,2.385229,-0.486187,-0.852236,0,0,0,0
-1.211978,-0.429170,1.015928,0.659291,2.013721,-0.753149,-0.965800,1,0,0,0
0.439423,-0.098836,-0.297299,0.474040,-0.075564,0.533397,0.521222,0,0,0,0
-1.283657,0.021415,1.416590,0.046416,2.187735,-1.489610,-0.904917,0,1,0,0
-0.114708,-1.533881,0.824288,1.318855,-0.208862,0.652558,-0.503416,0,0,0,0
-1.396816,-0.311840,2.084288,0.057005,1.994706,0.235388,-0.651776,0,0,0,1
0.457386,-0.253057,0.045199,0.683973,-0.828419,1.091085,0.836889,0,0,0,0
-0.655801,0.489694,1.758111,-0.270429,-0.252122,-0.557794,-0.465824,0,0,0,0
-1.038955,0.474598,2.211321,-0.445237,1.005371,0.753779,-0.534865,0,0,0,0
-1.146618,-0.734216,1.901125,0.310070,1.984183,8.365998,-0.557549,0,0,1,0
-0.211040,-1.798687,-0.275745,1.284803,0.456564,0.044687,-0.838928,0,0,0,0
-1.964048,-0.269772,2.323493,-0.417669,2.223761,-0.892286,-0.985314,0,1,0,0
-1.315031,0.137794,0.986477,-0.037960,2.908017,-1.344652,-0.914034,0,0,0,0
-1.892928,-0.025377,2.405097,-0.372049,2.245871,-1.043569,-1.030377,1,0,0,0
0.480659,-0.909087,-0.699382,1.541895,0.462380,1.247382,0.464899,0,0,0,0
-0.570609,-0.856313,-0.157706,1.240157,1.634823,-0.526074,-0.935686,0,0,0,0
-0.506904,0.470411,-0.284962,-0.053997,1.704492,-0.631049,-0.916205,0,0,0,0
-0.366969,-1.168943,0.300465,0.067923,-0.029914,-0.453589,-0.955061,0,0,1,0
0.296010,-1.368398,-0.019949,0.983894,-0.028213,0.326265,-0.123396,0,0,0,0
-0.608724,0.154551,0.964444,-0.000525,1.681425,1.181790,-0.652533,0,0,0,0
-0.127389,-0.339393,0.007295,-0.594441,-0.058577,3.492196,-0.185027,0,0,0,0
-0.160544,-1.031124,0.124021,0.217157,0.681287,0.836719,-0.771391,0,1,0,0
0.321654,-0.691883,0.246929,1.292525,0.369092,0.200137,0.763289,0,0,0,0
-0.533949,-0.662628,1.334400,1.365754,1.924567,-0.762859,0.011228,0,0,0,0
-0.451711,-0.755188,1.157138,1.119470,1.486736,1.263513,-0.117054,0,0,0,0
-1.673229,-0.209956,3.068191,0.136075,2.149635,-0.305864,-0.923582,0,0,1,0
0.439258,-0.960331,-0.852015,0.409858,-0.553675,1.853445,-0.754113,0,0,0,0
-0.821968,0.424598,1.498944,-0.434244,1.728814,0.042268,-0.915489,1,0,0,0
0.309210,0.361683,-0.755404,-0.523343,0.886427,3.021634,-0.501552,0,0,0,0
0.023086,0.352777,-0.151804,-0.961162,0.120142,-0.412020,-0.760758,0,0,0,1
0.613946,-0.517579,-0.966802,0.821211,-0.438136,-0.197684,0.162188,0,0,0,0
-0.271964,-0.371358,-0.161144,0.401225,0.325335,0.276022,-1.253247,0,0,0,0
-0.576090,0.488618,-0.008004,-0.178728,1.155106,-0.525891,-1.073988,0,0,0,0
-1.017328,-0.211463,1.154810,0.512921,1.600936,0.922312,-1.040201,0,0,1,0
0.367418,-0.794628,0.201294,0.947157,-0.445659,1.598863,-0.085192,0,0,0,0
-0.494206,-0.527795,1.538353,0.667223,0.837019,-0.685123,-0.192296,0,0,0,0
-1.698764,-0.038233,2.641381,0.246406,2.036383,-0.067663,-0.811376,0,0,0,0
-1.506780,-0.399831,1.963334,-0.212420,2.400816,-0.399031,-0.975798,0,1,0,0
0.513273,0.118795,-0.655314,0.156222,-0.193177,0.968231,0.515672,0,0,0,0
-0.166753,0.412743,-0.163011,-0.545988,0.839205,-0.658011,-0.378652,0,0,0,0
-0.180157,0.347069,-0.088580,-0.951741,0.722653,0.176679,-0.452575,0,0,0,0
-0.411999,0.278268,0.084044,-1.157102,0.707244,0.205495,-0.675395,1,0,0,0
0.206149,-0.546085,-0.436554,0.113697,-1.060118,-0.010468,-0.773735,0,0,0,0
-1.489587,0.378025,1.578902,-1.043020,1.720243,-1.208396,-1.108044,0,0,0,0
-1.031179,0.496640,0.523038,-0.405572,2.327981,-1.254022,-0.997179,0,0,0,0
-1.740905,0.416472,2.338557,-0.828970,1.521420,-0.790243,-1.199911,0,0,0,1
0.636682,-0.595400,-0.551835,1.253964,0.198890,1.117441,0.700898,0,0,0,0
0.088877,-0.465606,0.365131,0.937561,0.510098,-0.064016,-0.405812,0,0,0,0
0.052261,0.134663,0.062019,-0.163106,0.680796,-0.580826,-0.568493,0,0,0,0
-0.357577,-0.607787,0.911832,0.454102,0.906808,0.325417,-0.671513,0,0,1,0
0.087636,-1.461658,-0.024913,1.524445,0.267374,-0.194560,-0.444067,0,0,0,0
-0.647572,-0.961235,1.144139,1.139359,1.534956,0.258731,-0.408406,0,0,0,0
-0.428672,-2.852859,0.528099,2.255729,-0.000507,1.715055,-1.020070,0,0,0,0
-1.462887,0.392306,1.792125,-0.476246,1.867654,3.406278,-1.039964,1,1,0,0
0.747083,-0.668703,-0.725408,1.145646,-0.034402,-0.077415,0.371330,0,0,0,0
0.128751,-0.471750,0.143678,0.778254,0.699389,0.313077,-0.559688,0,0,0,0
0.311956,-2.151759,0.408742,1.160055,-1.109494,0.893641,-0.709835,0,0,0,0
-0.191822,-2.442656,1.747056,0.801516,-0.964183,0.518262,-0.907176,0,0,1,0
0.431609,-0.441540,-0.194037,0.633206,-0.679119,0.280241,0.324683,0,0,0,0
-0.264412,0.552288,1.142663,-0.451475,-0.279101,-0.234298,-0.133208,0,0,0,0
0.757225,-0.347609,-0.759587,0.817277,-0.797935,-0.024478,-0.047652,0,0,0,0
-0.209976,-0.184665,0.108462,0.911898,0.784266,-0.037177,-0.768155,0,1,0,1
1.061103,0.144236,-0.971039,0.221440,-0.607071,1.593911,1.281826,0,0,0,0
0.586029,0.706474,-0.341831,-0.446831,0.419803,0.116050,0.620423,0,0,0,0
0.801197,-0.011979,-0.514819,0.458953,-0.606319,-0.600149,0.083979,0,0,0,0
0.309222,0.825912,0.321738,-0.317143,-0.221647,0.728645,0.100231,1,0,0,0
1.128151,0.347772,-0.467412,0.764541,-0.887776,1.425517,1.458661,0,0,0,0
0.815200,0.607991,0.122840,0.214151,-0.300257,0.055633,1.032996,0,0,0,0
0.992975,0.596703,-0.034619,0.592496,-0.822627,0.315865,1.112643,0,0,0,0
0.298142,1.855082,0.943403,-0.627083,0.190028,0.115134,0.968441,0,0,1,1
1.414759,0.056163,-1.172121,0.801568,-0.780050,1.205035,1.903706,0,0,0,0
1.351648,-0.422783,-1.591705,0.764030,-1.018541,0.280554,1.405645,0,0,0,0
1.300276,-0.453838,-1.036187,0.995280,-1.455835,0.649122,1.489839,0,0,0,0
1.240851,-0.487866,-1.108275,0.805444,-1.652353,0.762300,0.858065,0,1,0,0
1.310401,-0.115851,-0.877841,1.247783,-0.954658,0.326435,1.562896,0,0,0,0
1.029343,-0.649902,-0.962523,1.400813,-0.912632,-0.650169,-0.011976,1,0,0,0
1.227177,-0.789703,-1.045017,0.996135,-0.655561,1.512186,0.735133,0,0,0,0
0.988092,-1.097186,-1.008423,1.218786,-0.676749,-0.125270,0.803769,0,0,0,1
1.130401,-0.198208,-0.639236,1.139704,-0.767124,0.289057,1.609859,0,0,0,0
0.859493,-0.467075,-0.957636,1.250859,-0.898977,-0.136572,-0.060020,0,0,0,0
1.024464,-0.927353,-1.179487,1.145929,-0.876403,-0.255776,-0.413513,0,0,0,0
0.723121,-1.680616,-1.053453,1.421108,-0.666366,0.304991,-0.887522,0,0,1,0
1.315161,-0.040880,-0.990936,1.184317,0.071678,0.251869,1.789223,0,0,0,0
1.061322,-0.306867,-0.940299,1.225292,-0.339392,-0.218820,1.233130,0,0,0,0
1.126970,-0.165413,-0.942906,0.847014,-0.675533,0.155157,0.821670,0,0,0,0
0.661778,-0.768215,-0.957356,1.176797,-0.110828,0.182934,-0.505812,0,1,0,0
1.291310,-0.070470,-0.408525,0.916615,-0.185094,0.041786,1.791372,0,0,0,0
0.915138,-0.099134,-0.584082,1.005612,-0.747516,-0.247733,1.107472,0,0,0,0
0.609544,-0.785037,-0.739806,1.115633,0.091047,-0.197788,-0.084217,0,0,0,0
0.924638,-0.597531,-0.655204,1.296132,-0.895273,2.774592,0.767283,1,0,0,0
1.182933,-0.025224,-1.513874,0.415151,-0.306069,0.003973,1.646661,0,0,0,0
0.833371,0.213394,-1.333120,-0.144838,-0.522439,1.053238,-0.009560,0,0,1,0
1.137727,-0.033206,-0.460925,0.616541,-0.497444,-0.085103,1.486671,0,0,0,0
0.944901,-0.414757,-0.770303,0.641320,-0.095002,0.097532,1.237374,0,0,0,1
0.876662,0.423385,-0.200796,0.604255,-0.113407,0.127573,1.738856,0,0,0,0
0.289563,0.417965,-0.455877,0.726729,0.712803,-0.485351,0.164877,0,0,0,0
0.762078,0.020743,-0.455850,0.865953,0.162319,-0.660058,0.485284,0,0,0,0
0.601688,-0.369219,-0.676236,0.823884,0.273174,0.431080,0.168952,0,1,0,0
1.219489,0.176491,-1.179089,0.330494,-0.153714,0.486987,1.929495,0,0,0,0
0.695077,-0.301427,-1.119752,0.235471,-0.094384,-0.374008,0.301459,0,0,0,0
0.962027,-1.208894,0.083598,0.480905,-0.899776,0.231686,0.382006,0,0,0,0
0.812301,-1.379873,0.139956,0.805713,-0.932204,0.345705,0.283983,0,0,1,0
0.943817,0.040840,0.027570,0.528779,0.393359,0.033544,1.659296,0,0,0,0
0.301348,0.251808,-0.375549,0.390996,1.115675,-0.057155,-0.103763,0,0,0,0
0.971491,0.384003,-0.737660,0.165869,-0.536153,1.442670,1.263452,0,0,0,0
0.488439,-0.114590,-0.093434,0.801897,-0.323952,0.109040,0.230550,0,0,0,1
1.132149,0.486343,-0.893361,0.277443,-0.236641,-0.150191,1.671530,0,0,0,0
0.690009,-0.418758,0.243504,0.381847,-0.439102,0.541050,0.279976,0,0,0,0
1.046304,0.028773,-0.157106,0.592372,-0.406389,0.846620,1.126217,0,0,0,0
0.787878,-0.203683,-0.249709,0.791793,-0.322753,0.310099,0.587541,0,1,0,0
0.823354,0.966071,-0.324756,0.089001,0.532914,2.404785,1.831722,0,0,0,0
0.597189,0.975718,-0.185133,-0.446972,0.170521,0.220411,0.548814,0,0,0,0
0.602371,-0.035798,-0.115118,0.838952,-0.020440,-0.535630,0.192840,0,0,0,0
0.418263,-0.308604,-0.026212,0.967398,-0.091581,0.781624,-0.044500,1,0,0,0
1.021319,0.120125,-0.532728,0.800185,-0.079983,-0.180031,1.514255,0,0,0,0
0.329572,0.317078,-0.150123,0.782164,0.559677,0.476131,-0.109623,0,0,0,0
0.930916,0.214851,-0.565958,0.214523,-1.076335,0.319099,0.948455,0,0,0,0
0.441975,0.005531,0.018050,0.853793,-0.039736,-0.056563,0.118719,0,0,1,1
0.942393,0.432182,-0.242709,0.300731,-0.077119,0.021329,1.635720,0,0,0,0
0.626408,0.099955,-0.111955,0.301496,-0.410917,0.944204,0.111488,0,0,0,0
0.807649,-1.499190,-0.187603,1.143465,-1.016921,0.289476,-0.168589,0,0,0,0
0.750744,-0.493164,-0.342083,1.172504,-0.298336,1.680213,0.078088,0,1,0,0
1.099184,0.521116,-0.951071,0.492276,-0.363598,0.430619,1.337030,0,0,0,0
0.345184,0.969266,-0.305753,0.261763,0.215637,-0.328195,0.093523,1,0,0,0
1.112669,0.117387,-0.458704,0.226952,-1.075313,0.534654,0.971042,0,0,0,0
0.934872,0.253029,-0.589256,0.177333,-0.897064,0.524321,1.517978,0,0,0,1
0.502572,1.142372,-0.101994,-0.005313,0.344694,-0.777762,0.849724,0,0,0,0
0.005434,0.910104,0.026236,-0.188004,1.124897,0.010701,-0.231268,0,0,0,0
0.706786,0.122616,-0.427760,0.532215,0.087729,-0.089041,0.521366,0,0,0,0
0.528136,0.197468,-0.131256,0.660670,-0.259774,0.815074,0.108298,0,0,1,0
1.051285,-0.399499,-0.484390,0.855516,0.065200,0.384806,1.439792,0,0,0,0
0.606579,-0.326845,-0.627622,1.006436,0.938273,0.132542,0.394377,0,0,0,0
0.887417,0.118850,-0.612766,0.617668,-0.118907,0.256357,0.591085,0,0,0,0
0.529763,-0.095453,-0.091852,0.881995,0.014070,0.027108,-0.193261,0,0,0,1
0.954578,0.592096,-0.251349,0.531744,0.642568,0.167626,2.137261,0,0,0,0
0.373479,1.219901,-0.334919,-0.060409,1.042979,-0.314815,0.793135,0,0,0,0
0.656948,0.156185,-0.233618,0.593485,-0.118560,0.280200,1.208588,0,0,0,0
0.396042,-0.244164,-0.313418,0.679899,0.030133,0.739735,0.275439,0,1,0,0
1.145808,0.615716,-0.693098,0.634722,-0.653916,0.938877,1.689459,0,0,0,0
0.741380,-1.048230,1.126579,0.407946,-0.824880,0.305904,0.067314,1,0,0,0
1.136772,-0.177917,-1.193594,-0.095958,-0.529682,0.995596,1.016754,0,0,0,0
0.975450,0.130145,-1.406551,-0.266649,-0.544242,-0.138277,1.301554,0,0,1,0
0.492908,1.553092,-0.469979,-0.600267,0.790408,-0.742033,1.206605,0,0,0,0
0.007909,1.250833,0.008180,-0.638159,1.092083,-0.130331,-0.427012,0,0,0,0
0.619425,0.085757,-0.511104,0.253816,-0.222781,-0.511294,-0.415725,0,0,0,0
0.444992,0.033045,-0.147813,0.423070,-0.818388,0.482720,-0.445266,0,0,0,1
1.325937,0.283634,-1.036264,0.413223,-0.497636,0.746522,1.720758,0,0,0,0
0.853394,0.595903,-1.124207,-0.050334,-0.274786,-0.360721,0.661554,0,0,0,0
0.999665,0.228860,-0.890625,0.050124,-0.755933,-0.258801,0.428601,0,0,0,0
0.666977,0.299895,-0.327926,0.428467,-0.592315,0.125160,0.032402,1,0,0,0
1.333912,0.447815,-0.775969,-0.153248,-0.186167,0.806935,2.098363,0,0,0,0
0.811178,0.349556,-0.487105,-0.087509,-0.298413,-0.286606,1.169286,0,0,0,0
0.628732,0.071347,-0.230053,0.375908,-0.540027,-0.821175,0.046480,0,0,0,0
0.305686,-0.425301,-0.192810,0.734526,-0.282805,0.088508,-0.219958,0,0,1,0
1.022005,0.562807,-1.012595,0.507227,-0.458551,0.004745,1.971055,0,0,0,0
0.347561,0.675610,-0.357503,0.322640,0.436582,0.476092,0.411588,0,0,0,1
1.115264,-0.009367,-0.468101,0.500738,0.026165,2.289473,1.440705,0,0,0,0
0.801248,0.108893,-0.525522,0.597506,-0.238244,0.250709,1.235925,0,1,0,0
0.639844,0.745106,-0.379221,0.261199,0.592696,0.062661,2.174501,0,0,0,0
0.329806,-0.041692,-0.047094,0.386887,0.077851,-0.109095,0.350283,0,0,0,0
0.959609,-0.901252,0.346365,0.847095,-0.870281,-0.411631,0.460734,0,0,0,0
0.670251,-1.325852,0.653746,0.891373,-0.709833,0.192640,0.183201,0,0,1,0
1.121764,-0.117595,-0.826141,0.776503,0.305107,-0.082658,1.297290,0,0,0,0
0.704844,0.093401,-0.700422,0.325754,-0.122824,0.223103,0.279896,0,0,0,0
0.586177,0.018210,-0.298838,0.632130,-0.139371,-0.843130,0.124860,0,0,0,0
0.502068,-0.239708,-0.474869,0.675423,0.167099,0.456167,-0.045614,1,0,0,0
1.038037,0.254766,-0.695356,-0.012599,0.129792,0.751057,1.415604,0,0,0,0
0.700657,0.595291,-0.708062,-0.071154,-0.190129,1.536468,0.250275,0,0,0,0
0.679418,-0.154564,-0.342197,0.968710,0.303124,0.052925,0.734778,0,0,0,0
0.559135,0.158311,-0.020710,0.619552,-0.498765,1.137513,0.737155,0,1,0,0
0.924700,0.966568,-0.790311,0.726716,-0.224399,-0.531256,1.272328,0,0,0,0
0.289808,1.084990,-0.257486,0.377278,0.335498,-0.463737,0.279849,0,0,0,0
0.940531,-0.016984,-0.726513,0.237147,-0.528865,0.858035,0.846414,0,0,0,0
0.737959,-1.584899,-0.146038,1.168690,-0.547730,0.382820,0.045871,0,0,0,1
0.655186,0.857380,0.114177,0.442472,0.616223,-0.021535,2.031217,0,0,0,0
0.329621,0.972110,0.097287,-0.065280,0.217070,0.284039,0.190740,0,0,0,0
0.949015,0.224697,-0.814586,0.038981,-0.807385,0.729608,1.126065,0,0,0,0
0.284919,-0.558266,-0.205920,0.895927,-0.038848,-0.315471,-0.442013,0,0,1,0
1.095278,0.084329,-1.011222,0.627618,0.368192,-0.051513,1.462709,0,0,0,0
0.343830,0.323481,-0.505499,0.502381,0.648798,-0.364251,-0.073720,0,0,0,0
0.972773,0.520208,-0.069504,0.168305,-1.099076,-0.055971,1.224905,0,0,0,0
0.501912,0.179813,-0.039055,0.793269,-0.100580,-0.457465,0.089553,1,1,0,0
1.084449,0.575354,-0.717938,0.023047,0.401940,1.016723,1.889343,0,0,0,0
0.802179,0.701805,-0.844288,-0.149968,0.210283,0.216463,1.473669,0,0,0,0
0.957191,0.157780,-0.627499,0.128543,-0.832095,-0.106116,0.766266,0,0,0,0
0.630745,-0.375561,-0.074067,0.852646,-0.236387,0.387926,0.496274,0,0,0,1
0.735335,0.294768,-1.011899,0.931816,0.132361,-0.258765,0.935292,0,0,0,0
0.103440,0.723085,-0.390142,0.378698,0.443862,0.044883,-0.305137,0,0,0,0
1.083548,-0.113398,-0.732049,0.173927,-0.766077,0.790771,0.840913,0,0,0,0
1.067401,0.523072,-1.263347,-0.171407,-0.998823,1.236452,0.384073,0,0,1,0
0.582517,0.675988,-0.060205,0.698415,1.285473,-0.202106,1.428270,0,0,0,0
0.380578,0.299737,-0.234667,0.464571,1.149978,0.640913,0.242236,0,0,0,0
0.679720,0.058650,-0.337349,0.526418,-0.156718,-0.714085,0.101538,0,0,0,0
0.779019,-1.320163,0.157493,0.624543,-1.318596,1.914933,-0.573795,0,1,0,0
1.120144,0.159824,-0.682701,0.798515,0.246397,0.011955,1.344279,0,0,0,0
0.628349,0.201937,-0.716263,0.406114,0.330802,0.391081,0.348833,0,0,0,0
0.669440,0.108807,-0.432299,0.431325,-0.111800,-0.412439,0.129744,0,0,0,0
0.480904,-0.178206,-0.316842,0.687882,-0.105112,-0.015971,-0.600466,1,0,0,1
0.946122,0.912197,-0.592782,0.127899,0.738479,-0.038313,2.331162,0,0,0,0
0.708025,1.085898,-0.995179,-0.262233,0.725162,-0.342587,1.482282,0,0,0,0
0.598418,0.125017,-0.182800,0.364469,-0.477293,0.154176,0.977540,0,0,0,0
0.700371,-1.471786,0.325978,0.923605,-1.238871,3.482705,0.452465,0,1,0,0
1.014555,0.666336,-0.626168,0.842873,-0.267435,0.037501,1.485562,0,0,0,0
0.363858,0.939322,-0.193642,0.216826,0.123329,-0.270546,0.079977,0,0,1,0
0.931744,-0.552154,-0.867498,0.661564,0.208265,0.388899,0.560182,0,0,0,0
0.649823,-0.788117,-1.047124,0.920170,0.728918,0.104351,0.292224,1,0,0,0
0.510384,1.081226,-0.498826,0.229841,1.229374,-0.418699,1.132985,0,0,0,0
0.038196,1.283841,-0.138011,-0.239498,1.361072,0.294164,-0.405366,0,0,0,0
0.590557,-0.071385,-0.503080,0.350469,-0.285266,-0.592706,-0.582067,0,0,0,0
0.165552,-0.729715,-0.323050,0.807515,0.142719,-0.278837,-1.040674,0,1,0,0
1.070248,0.181152,-0.638676,0.694951,0.005835,-0.050506,1.597845,0,0,0,0
0.664649,0.474332,-0.618642,0.259396,0.046677,-0.435381,1.233430,0,0,0,0
0.601323,-0.089977,-0.430435,0.476159,-0.035376,0.282514,-0.318298,0,0,0,0
0.619955,-1.108310,0.080389,0.563297,-1.034073,2.734872,-0.566558,0,0,1,0
1.202647,0.136722,-0.092222,0.348108,-0.427853,0.541932,2.093198,0,0,0,0
0.656367,0.440623,-0.386282,0.469258,-0.246198,-0.263129,1.084658,0,0,0,0
0.846442,-1.248060,-0.204599,1.091111,-1.727256,0.136653,0.175135,0,0,0,0
0.662609,-1.487481,-0.239049,1.264997,-1.293010,0.832203,-0.246634,0,0,0,1
0.975266,0.361038,-1.167803,0.729511,-0.501412,0.217313,1.680807,0,0,0,0
0.055804,0.365826,-0.640691,0.308914,0.792279,-0.500776,-0.490892,0,1,0,0
1.164535,0.203795,-1.062827,0.257052,-0.386475,-0.306880,1.763814,0,0,0,0
0.975153,0.382745,-1.123006,-0.016649,-0.598088,0.210778,1.730802,1,0,0,0
0.541427,1.056146,-0.683320,-0.228660,1.145848,-0.423654,1.688834,0,0,0,0
-0.115253,1.035491,-0.159061,-0.265137,1.374174,0.093058,0.059201,0,0,0,0
0.728694,0.042878,-0.435033,0.671265,0.200910,-0.577307,0.447485,0,0,0,0
0.498530,-0.214782,-0.319501,0.690476,-0.031263,0.066587,0.178644,0,0,0,1
1.106573,0.053537,-0.611095,0.673934,-0.376923,0.518067,1.555227,0,0,0,0
0.689460,0.247159,-0.568965,0.422669,-0.227298,-0.201026,0.352536,0,0,0,0
0.956860,-0.806071,-0.174287,0.824604,-1.453264,-0.663059,0.469547,0,0,0,0
0.714245,-1.303115,-0.562984,1.268735,-0.607336,0.290662,0.330215,0,1,0,0
1.011319,0.175387,-0.554787,0.641413,0.833851,0.435026,1.726077,0,0,0,0
0.282318,0.385092,-0.159567,0.472238,1.240064,0.050102,0.121596,0,0,0,0
0.842711,0.473273,-0.345724,0.425617,-0.704670,1.088150,1.064741,0,0,0,0
0.541800,0.201229,-0.036078,0.557492,-0.581598,0.242187,0.376721,0,0,1,0
1.103330,0.645968,-1.363191,0.323093,-0.196740,0.340282,1.791870,0,0,0,0
0.223047,0.856315,-0.256304,0.405686,0.776045,-0.114939,0.497441,0,0,0,0
0.902059,0.075699,-0.337172,0.695003,-0.195776,0.066152,1.271111,0,0,0,0
0.772173,-1.276981,-0.499844,1.214769,-0.855341,0.632842,0.354448,1,0,0,0
0.682425,1.142735,-0.310161,0.846458,1.039880,0.680363,1.784893,0,0,0,0
0.546279,-0.727280,1.004249,0.376525,-0.789747,-0.021750,-0.059241,0,0,0,0
0.932860,0.057992,-1.125810,0.027752,-0.250966,-0.014215,0.558673,0,0,0,0
0.621822,-0.029823,-0.740621,0.116447,-0.724436,0.483235,0.215516,0,0,0,1
1.062848,0.223651,-0.607339,0.765496,-0.154825,-0.413945,1.687394,0,0,0,0
0.379991,0.210813,-0.566288,0.585517,0.461747,-0.442825,-0.158045,0,0,0,0
0.927197,0.337333,-0.934711,-0.045779,-0.743544,0.033393,1.168558,0,0,0,0
0.733473,-0.852619,0.345246,0.763317,-0.685088,0.283191,0.273060,1,1,0,0
0.873639,0.411887,-0.461877,0.104234,-0.211163,0.112420,1.278731,0,0,0,0
0.578211,0.615873,-0.460794,-0.220140,-0.602427,1.113365,0.456433,0,0,0,0
0.725290,0.308317,-0.184083,0.298875,-1.146551,0.401235,0.985351,0,0,0,0
0.710969,0.326313,-0.209583,0.176380,-1.329055,0.950724,0.722834,0,0,1,0
1.057063,0.416013,-0.964566,0.822523,-0.037113,0.259824,1.518855,0,0,0,0
0.102699,0.652413,-0.254675,0.562445,0.804240,-0.572766,0.025310,0,1,0,0
1.105332,-0.384894,-0.519476,0.474003,-0.712337,-0.005394,0.594937,0,0,0,0
0.806806,-0.160060,-0.766679,0.413958,-0.392436,0.670726,0.591573,0,0,0,1
0.460758,0.616171,-0.157671,0.127060,0.507722,-0.781687,0.979304,0,0,0,0
-0.126274,0.767720,-0.056979,-0.153761,1.352342,-0.622284,-0.305607,0,0,0,0
0.622312,0.124657,-0.380750,0.363895,-0.145748,-0.479421,0.191735,0,0,0,0
0.487570,0.044158,-0.035543,0.777858,0.254359,0.920031,-0.087329,0,0,1,0
1.250586,0.062205,-0.744513,0.721379,0.319112,-0.097606,1.453889,0,0,0,0
0.853952,0.186897,-0.775350,0.467537,-0.147670,-0.034970,0.289518,0,0,0,0
0.916260,0.526134,-0.463083,0.263909,-0.291157,-0.541579,0.745188,0,0,0,0
0.622027,0.388249,-0.151557,0.632389,-0.216147,0.562458,-0.031574,1,0,0,0
0.966369,0.599090,0.143459,0.546807,0.416509,0.159288,2.749597,0,0,0,0
0.558355,0.945052,0.008466,0.189268,0.653258,-0.465719,1.473099,0,0,0,0
0.847571,0.422930,-0.035553,0.439538,-0.612109,0.042565,1.790690,0,0,0,0
0.470500,0.155161,-0.037561,0.512580,-0.405268,-0.042464,0.739092,0,0,1,0
1.035159,0.737634,-0.929199,0.577175,-0.396304,0.367294,1.624476,0,0,0,0
0.284556,0.881515,-0.147809,0.255101,0.410167,-0.543179,-0.055092,0,0,0,1
1.036466,-0.225083,-0.642336,0.464105,-0.400487,0.559782,0.766803,0,0,0,0
0.751968,-0.070827,-0.718825,0.500750,-0.168401,0.290164,0.727693,0,1,0,0
0.439063,1.235155,-0.218988,-0.130947,0.933845,-0.736754,1.265325,0,0,0,0
-0.044947,1.307859,-0.008205,-0.370800,1.397431,-0.402915,-0.416346,0,0,0,0
0.603618,0.058710,-0.417302,0.285372,-0.494350,-0.738021,-0.574043,0,0,0,0
0.207176,-0.653930,-0.098946,0.672982,-0.304601,0.278557,-0.870914,1,0,0,0
1.181434,0.393313,-0.770685,0.581225,-0.385532,0.415341,1.693515,0,0,0,0
0.727202,0.889896,-0.870160,-0.210630,-0.388320,-0.225806,1.457873,0,0,0,0
0.842679,0.266632,-0.522801,-0.033717,-1.225341,-0.037490,0.811482,0,0,0,0
0.536061,0.050492,-0.411169,0.456289,-0.371143,-0.110327,-0.558452,0,0,0,1
1.205437,0.167251,-0.147618,0.496446,-0.163705,0.963398,1.961171,0,0,0,0
0.662743,0.376574,-0.234274,0.555997,-0.353777,-0.495081,1.082496,0,0,0,0
0.804359,-1.258534,0.392135,0.786086,-1.357667,-0.540598,0.065176,0,0,0,0
0.570093,-1.657389,0.470874,0.746557,-0.821432,0.163957,-0.185132,1,0,0,0
1.108552,0.447422,-1.526150,0.308305,0.169477,0.206067,1.813493,0,0,0,0
0.867344,1.016782,-0.725330,-0.633357,-0.984154,1.100490,0.645950,0,0,1,0
1.157522,0.297559,-0.510040,0.224934,-0.789357,-0.565258,1.648223,0,0,0,0
0.997516,0.000371,-0.532620,0.360454,-0.724866,0.409320,1.407098,0,1,0,0
0.830424,0.659431,-0.293685,0.078149,0.209135,0.478791,1.904665,0,0,0,0
-0.021465,0.575039,-0.220838,-0.139702,1.232571,-0.280496,-0.126922,0,0,0,0
0.807842,0.329034,-0.406133,0.543375,-0.256586,-0.349645,0.444213,0,0,0,0
0.467764,-0.006667,-0.256894,0.673719,0.027083,0.675864,0.308918,1,0,0,0
1.110230,-0.266232,-0.690792,1.135192,0.671584,0.043635,1.776948,0,0,0,0
0.636202,-0.291969,-1.086309,0.837907,0.842330,-0.519324,0.595399,0,0,0,0
0.921369,0.394512,-0.667565,0.518464,-0.031036,-0.496236,0.721060,0,0,0,0
0.468509,0.035893,-0.379112,0.598117,0.044414,0.674614,0.010902,0,0,0,1
1.073011,0.432508,-0.851776,-0.029927,0.486910,-0.214789,1.368797,0,0,0,0
0.439654,0.928895,-0.118178,0.035600,0.249066,-0.532399,0.010304,0,0,0,0
0.912493,0.568631,-0.524007,0.064287,-0.868651,0.120654,1.200837,0,0,0,0
0.522405,0.242759,-0.015385,0.560829,-0.551569,0.914041,0.478152,1,0,0,0
1.068564,0.543009,-0.973273,0.492462,-0.315977,-0.244033,1.659845,0,0,0,0
0.214761,0.812082,-0.390251,0.397635,0.813952,-0.919987,0.453070,0,0,0,0
0.905466,-0.392486,-0.568912,0.988373,0.372462,0.262353,0.795491,0,0,0,0
0.749948,-1.512085,-0.565291,1.503032,-0.212697,0.760847,0.179203,0,0,1,0
0.711122,0.967892,-0.223592,0.742693,0.460995,0.639670,1.972909,0,0,0,0
0.024586,1.306270,0.048524,-0.231611,1.117178,-0.335075,-0.151895,0,0,0,0
0.844040,0.138231,-0.489809,0.583234,-0.605297,1.373223,0.681473,0,0,0,0
0.315834,-0.499278,-0.106235,0.862139,-0.082880,0.380870,-0.406878,0,1,0,0
1.125338,0.217465,-0.662568,0.679750,-0.175684,-0.468757,1.833756,0,0,0,0
0.729363,0.208720,-0.387009,0.439384,-0.319686,0.114750,0.210694,0,0,0,0
1.019548,0.410536,-0.564718,0.535197,-0.562605,0.566554,0.734402,0,0,0,0
0.434406,-0.116505,-0.250545,0.750958,0.137797,0.660328,0.323301,1,0,0,1
1.048473,0.574850,-0.663583,0.212798,0.256719,0.240833,1.541097,0,0,0,0
0.681169,0.575790,-0.560656,-0.005088,0.193311,0.056247,0.596986,0,0,0,0
0.435170,-0.340814,-0.244501,0.589658,-0.266883,-0.142825,-0.241414,0,0,0,0
0.381351,-0.499911,-0.349735,0.741542,-0.146893,0.081096,-0.502400,0,0,1,0
0.894111,0.327274,-0.581664,0.658782,-0.499836,0.735077,1.033152,0,0,0,0
0.198728,0.777525,-0.600005,0.210983,0.528772,-0.288897,-0.409316,0,1,0,0
1.131673,0.001136,-0.527028,0.391162,-0.704648,0.474196,1.208003,0,0,0,0
0.925442,0.307339,-0.511411,0.454732,-0.812459,-0.061712,0.915034,0,0,0,1
0.685239,1.065359,-0.307089,-0.012627,0.557216,-0.645584,1.871375,0,0,0,0
0.421178,0.863853,-0.366039,-0.332522,0.533956,0.601574,0.451161,0,0,0,0
1.017798,0.661614,-0.856601,-0.184820,-0.904601,-0.712536,1.394030,0,0,0,0
0.796776,0.523899,-0.667594,0.069056,-0.759427,0.363032,0.200231,1,0,0,0
1.115125,0.270838,-1.204070,0.172876,-0.547188,-0.654952,1.111531,0,0,0,0
0.659620,0.524491,-1.115200,-0.284881,-0.221830,0.952220,0.295821,0,0,0,0
0.763655,0.355776,-0.666977,0.077892,-0.687094,-0.483114,-0.080405,0,0,0,0
0.447773,0.061389,-0.125146,0.268754,-1.114342,-0.057123,-0.407328,0,0,1,1
1.107266,-0.103907,-0.963436,0.907723,-0.203912,-0.425518,1.571378,0,0,0,0
0.889224,-0.576821,-1.163562,1.052978,-0.710331,0.052601,0.387360,0,0,0,0
0.885728,-0.802512,-0.876706,1.288555,-1.028775,0.251217,0.676420,0,0,0,0
0.757329,-0.943390,-0.909921,1.196358,-0.967092,1.042880,0.099000,0,1,0,0
1.034888,-0.476760,-1.123264,1.179762,-0.799086,-0.122397,0.292951,0,0,0,0
0.789842,-0.712368,-0.858745,1.202291,-0.921600,0.148804,-0.182061,0,0,0,0
0.833716,-1.050736,-1.238246,0.873686,-0.244085,0.094354,-0.249601,0,0,0,0
0.585187,-1.221044,-1.452987,0.975843,-0.316212,0.862560,-0.570233,0,0,0,1
0.859750,-0.271883,-1.177600,0.946514,-0.038654,-0.599111,0.802059,0,0,0,0
0.591208,-0.572245,-1.102029,0.928821,-0.450753,0.855864,-0.526697,0,0,1,0
0.732301,-0.469423,-1.327747,0.881265,-0.231088,-0.215300,-0.098941,0,0,0,0
0.319579,-1.021744,-1.275250,1.033380,0.239062,-0.265428,-0.928183,0,1,0,0
1.029507,-0.599311,-1.508837,0.696903,-0.166303,0.414960,0.299763,0,0,0,0
0.595752,-0.342516,-1.306028,0.764781,-0.077885,-0.224595,-0.188180,0,0,0,0
0.724985,0.183990,-0.935911,0.494049,-0.401549,-0.508469,0.542935,0,0,0,0
0.409936,-0.012520,-1.083955,0.698555,0.068076,-0.589834,-0.695780,1,0,0,0
0.903580,-0.261405,-0.816837,0.544481,-0.192517,-0.250051,0.283749,0,0,0,0
0.458117,-0.041180,-0.786057,0.578469,-0.439339,-0.550954,-0.166086,0,1,0,0
0.654254,0.236546,-0.915880,0.479006,-0.347433,-0.393525,0.941059,0,0,0,0
0.249376,0.366864,-0.843490,0.347836,-0.215267,-0.138490,-0.201833,0,0,1,0
0.824368,-0.045122,-1.644449,0.472902,-0.516635,-0.455765,0.035333,0,0,0,0
0.239476,0.261801,-1.506896,-0.073964,0.003825,-0.546909,-0.404296,0,0,0,1
0.914078,-0.025751,-1.057767,0.172882,-0.311877,-0.604116,0.976041,0,0,0,0
0.417930,0.444516,-0.906718,0.150552,0.411527,0.068968,0.429971,1,0,0,0
0.551439,0.538504,-0.645250,0.416623,-0.060862,-0.691008,0.975327,0,0,0,0
0.075258,0.683892,-0.911472,0.052934,0.911989,0.623320,-0.096131,0,0,0,0
0.668137,0.075212,-0.653750,0.649331,-0.118198,0.063159,0.210737,0,0,0,0
0.088147,0.805955,-0.757454,0.232132,0.929689,0.348400,-0.100433,0,1,0,0
0.985957,-0.759819,-1.297356,0.632794,0.399940,-0.504946,0.148914,0,0,0,0
0.310468,-0.513988,-1.297846,0.273630,0.392156,-0.397158,-0.553638,0,0,0,0
0.475972,0.011556,-0.723488,0.546824,0.042274,-0.208209,0.299064,0,0,0,0
-0.057947,0.877479,-0.722644,-0.050556,1.486859,0.097039,-0.015437,0,0,0,1
0.721101,0.028566,-0.447439,0.441002,0.638721,-0.115482,0.641855,0,0,0,0
0.144914,0.370720,-0.423681,0.004720,0.696347,0.314091,-0.503121,0,0,0,0
0.368749,0.455553,-0.422563,0.249637,-0.059747,0.297940,0.348125,0,0,0,0
-0.171945,1.336829,-0.311495,-0.394168,1.395419,-0.418702,-0.067253,1,0,0,0
0.907173,0.206119,-1.263972,0.730675,-0.321158,-0.200032,0.566794,0,0,0,0
0.188835,1.028457,-0.533527,0.137257,0.410423,-0.286065,0.252785,0,0,1,0
0.752802,-0.313287,-0.857669,0.376305,-0.079767,0.023653,0.176919,0,0,0,0
0.207811,0.341595,-0.574986,0.146591,0.711903,-0.267915,-0.054066,0,1,0,0
0.591599,0.681386,-0.396584,0.547912,0.240707,-0.407248,0.979373,0,0,0,0
-0.054321,1.687995,-0.201490,-0.318658,1.381275,-0.481094,-0.177829,0,0,0,0
0.392324,0.399561,-0.370650,0.600861,0.265020,-0.417045,-0.007923,0,0,0,0
-0.222761,1.266185,-0.120130,-0.461707,1.446057,-0.534372,-0.384736,0,0,0,1
0.819674,-0.200717,-1.112760,0.698486,0.230228,0.537680,0.982712,0,0,0,0
0.301857,0.256412,-0.784873,0.241826,0.295194,0.063002,-0.216147,0,0,0,0
0.691508,0.503940,-0.570347,0.296120,-0.405158,-0.103850,1.096338,0,0,0,0
0.019356,1.369757,-0.382062,-0.257555,0.878543,-0.080385,0.151960,0,0,1,0
0.708590,-0.248621,-0.659481,0.410339,-0.452202,-0.132545,0.447684,0,0,0,0
0.119542,0.197477,-0.336762,0.097364,0.056400,-0.456278,-0.726304,0,1,0,0
0.433325,0.210748,-0.701096,0.367403,-0.037996,-0.814269,0.476326,0,0,0,0
-0.265721,1.388490,-0.265642,-0.568472,1.815933,-0.944612,-0.265847,1,0,0,0
0.752779,0.063584,-1.414146,0.479244,-0.527154,-0.149888,0.407825,0,0,0,0
0.070053,0.680430,-0.467905,0.150999,0.744362,-0.478408,-0.235408,0,0,0,1
0.953882,-0.610721,-0.937915,0.305123,-0.136379,0.086381,-0.063918,0,0,0,0
0.244136,0.294171,-0.894358,0.006219,0.581395,-0.357616,-0.697380,0,0,1,0
0.507710,0.046515,-0.730873,0.520920,0.484435,-0.249790,0.870384,0,0,0,0
-0.261805,1.076747,-0.513127,-0.419428,1.946431,-0.722047,-0.246931,0,0,0,0
0.586000,0.782291,-0.480525,0.334789,0.249641,-0.057444,0.835405,0,0,0,0
-0.115362,1.929994,0.143928,-0.605379,1.650466,-0.047259,-0.125089,1,0,0,0
0.887846,-0.472946,-0.821266,0.780260,-0.169382,0.149699,-0.017258,0,0,0,0
0.281650,-0.039582,-0.528564,0.369986,0.408166,-0.304008,-0.680406,0,1,0,0
0.551784,0.676199,-0.768496,0.154368,-0.087827,0.044351,-0.079222,0,0,0,0
-0.080289,1.557214,-0.289451,-0.281036,1.840717,-0.201082,-0.262385,0,0,0,1
0.950857,0.376083,-0.382071,0.385951,0.341934,0.333144,1.853913,0,0,0,0
0.236165,1.173319,-0.482749,-0.231123,1.070120,-0.248222,0.613885,0,0,0,0
0.485668,0.507633,-0.297128,0.324989,-0.390333,0.038949,0.964966,0,0,0,0
-0.261184,1.704070,-0.090382,-0.854358,1.681495,-0.315430,0.195186,0,0,1,0
0.828091,0.140273,-1.364027,0.593445,-0.243825,0.467359,0.220126,0,0,0,0
0.180414,1.149322,-0.421167,0.021353,0.383401,-0.158636,-0.138826,0,0,0,0
0.647201,-0.316150,-0.773062,0.287603,0.264590,0.998363,-0.239911,0,0,0,0
0.239070,0.367710,-0.901503,-0.068491,1.186424,-0.175279,-0.556974,0,1,0,0
0.455985,0.933127,-0.560648,0.157071,0.580018,-0.306457,0.732601,0,0,0,0
-0.213190,1.577641,-0.147446,-0.598115,1.741587,-0.346925,-0.275704,1,0,0,0
0.611045,0.255916,-0.927385,0.107277,-0.292192,-0.363615,-0.359447,0,0,0,0
-0.372585,1.386809,-0.333914,-1.001402,1.475477,-1.118553,-0.781812,0,0,0,1
1.009090,-0.289701,-1.286440,0.548970,-0.235524,-0.114320,0.583971,0,0,0,0
0.334793,0.432580,-0.813287,0.222487,0.559768,-0.847929,0.177247,0,0,0,0
0.688442,0.784643,-0.708422,0.118674,-0.189410,0.331355,0.856262,0,0,0,0
0.019515,1.743727,-0.348027,-0.647133,1.173172,-0.042194,-0.361234,0,1,0,0
1.000175,0.096842,-0.496371,0.270598,-0.373975,-0.807500,0.627069,0,0,0,0
0.324182,0.424176,-0.450164,0.293749,-0.129272,-0.337361,0.044013,0,0,1,0
0.584793,0.206739,-0.788195,0.344217,-0.492518,-0.429138,1.067574,0,0,0,0
-0.190572,1.110402,-0.440880,-0.656891,0.878048,0.048691,-0.231511,1,0,0,0
0.875744,0.042273,-1.380774,0.687324,-0.189338,-0.254498,0.434888,0,0,0,0
0.078447,0.402728,-1.082939,-0.015003,0.730210,-0.219243,-0.024955,0,1,0,0
0.823544,-0.076778,-0.876480,0.271649,-0.200424,-0.124865,0.991363,0,0,0,0
0.283512,0.614848,-0.740944,-0.055969,0.519349,-0.747755,0.358587,0,0,0,1
0.468342,0.297234,-0.779829,0.348901,0.142764,-0.723596,0.762468,0,0,0,0
-0.294134,0.939629,-0.602323,-0.615725,1.560523,-0.027279,-0.362065,0,0,0,0
0.538462,0.628409,-0.469240,0.453793,-0.094559,-0.113893,0.428998,0,0,0,0
-0.081856,1.273423,-0.086425,-0.202381,1.257031,0.443382,0.065921,0,0,1,0
1.047320,-0.601684,-1.231250,0.742655,0.376977,-0.381342,0.585829,0,0,0,0
0.381110,-0.299442,-1.133912,0.430760,0.370429,-0.298653,-0.255384,0,0,0,0
0.554683,0.189958,-0.652094,0.489127,-0.235016,-0.197447,-0.038522,0,0,0,0
-0.121118,1.282961,-0.379323,-0.220962,1.612165,-0.515348,-0.175934,1,0,0,0
0.797464,0.056385,-0.372371,0.471424,0.310932,-0.259322,0.628323,0,0,0,0
0.154847,0.451777,-0.295208,0.099884,0.918525,-0.384235,-0.424730,0,0,0,0
0.333346,0.580765,-0.044764,0.410303,-0.381984,-0.255877,0.386730,0,0,0,0
-0.300957,1.726033,0.176745,-0.687227,1.529089,-0.598254,0.064965,0,0,0,1
0.773520,0.505167,-0.947972,0.785022,-0.497826,-0.773136,0.323370,0,0,0,0
0.211210,0.883955,-0.490425,0.233726,0.321712,-0.200012,0.203786,0,1,0,0
0.830604,-0.268728,-0.843205,0.367238,-0.233922,0.535586,0.500620,0,0,0,0
0.222477,0.396435,-0.592337,0.008504,0.225879,-0.018360,0.060718,0,0,1,0
0.685186,0.783324,-0.622666,0.393600,-0.339034,-0.520781,1.080302,0,0,0,0
-0.087129,1.806953,-0.144490,-0.661221,1.005290,-0.531210,-0.153374,0,0,0,0
0.404007,0.223957,-0.389776,0.517859,-0.346711,-0.214758,-0.348711,0,0,0,0
-0.230010,1.525674,-0.317630,-0.778874,1.409961,-0.087922,-0.507467,0,1,0,0
0.851631,-0.274570,-1.050986,0.630940,-0.109674,0.280485,0.815458,0,0,0,0
0.213891,0.251099,-0.528539,0.275954,0.439355,-0.552482,-0.234238,1,0,0,0
0.545415,0.676591,-0.433764,0.136460,-0.093208,-0.316634,0.577957,0,0,0,0
0.096395,1.360751,-0.495227,-0.217526,1.113622,-0.233757,-0.084656,0,0,0,1
0.838362,-0.224963,-0.684715,0.458937,-0.186987,-0.517098,0.637440,0,0,0,0
0.167772,0.159908,-0.417533,0.257555,0.946768,0.087870,-0.041037,0,0,1,0
0.497688,0.295801,-0.511367,0.409936,-0.278909,0.026407,0.669917,0,0,0,0
-0.171617,1.575392,-0.212489,-0.673810,1.239964,-0.850717,-0.445658,0,0,0,0
0.775407,0.135195,-1.182250,0.636023,-0.741892,0.165045,-0.281693,0,0,0,0
0.081925,0.789360,-0.533699,0.085149,0.256875,-0.393211,-0.576973,0,1,0,0
0.825081,-0.135425,-0.787557,0.208355,-0.422599,0.432397,0.037915,0,0,0,0
0.366890,0.624847,-0.745773,0.015300,0.259491,-0.529167,-0.367524,0,0,0,1
0.635527,0.322920,-0.575235,0.417726,0.167726,-0.130493,1.355057,0,0,0,0
-0.115086,1.017505,-0.584135,-0.498445,1.781576,-0.297303,-0.355620,0,0,0,0
0.744730,0.555148,-0.742375,0.154990,-0.027340,-0.468281,1.067204,0,0,0,0
-0.077530,1.409837,-0.885323,-0.922461,1.435632,-0.263057,-0.854319,1,0,0,0
0.961170,-0.485750,-1.457842,0.334459,-0.364625,-0.646921,-0.169305,0,0,0,0
0.263275,0.033083,-1.288616,-0.099521,0.719395,0.485542,-0.804933,0,1,0,0
0.523701,0.514636,-0.814880,-0.095985,-0.593435,-0.325178,-0.210569,0,0,0,0
-0.119138,1.441678,-0.588552,-0.785047,1.128920,-0.984069,-0.698763,0,0,1,0
0.680388,0.530684,-0.520710,0.381810,0.469352,-0.199116,1.283591,0,0,0,0
0.142120,0.843917,-0.543778,-0.114715,1.207081,-0.575199,0.195757,0,0,0,0
0.512118,0.365975,-0.271217,0.399568,-0.605410,0.345163,0.806805,0,0,0,0
-0.226126,1.745798,-0.157891,-0.893864,1.561994,-0.558919,-0.009028,1,0,0,0
0.918580,0.346732,-1.364672,0.618048,-0.165755,-0.531435,0.258271,0,0,0,0
0.172266,0.838245,-0.916661,-0.053638,0.762567,-0.108850,-0.116749,0,0,0,0
0.623908,-0.713665,-0.985530,0.224655,0.646400,-0.028782,-0.214767,0,0,0,0
0.034920,-0.235126,-1.076649,0.153002,1.691883,-0.162540,-0.439353,0,0,1,0
0.445375,0.732134,-0.715879,0.235753,0.505403,-0.466508,0.733741,0,0,0,0
-0.188324,1.599039,-0.283209,-0.701168,1.758143,-0.504434,-0.425818,0,1,0,0
0.333858,0.394416,-0.808530,-0.018554,0.039822,-0.385314,-0.489034,0,0,0,0
-0.528033,0.877561,-0.513301,-0.856542,2.112632,-0.890223,-1.126763,1,0,0,0
1.013437,-0.336655,-1.289310,0.618522,-0.211183,-0.400849,0.236035,0,0,0,0
0.310104,0.152480,-1.014155,0.241471,0.522459,-0.621011,-0.357506,0,0,0,0
0.603364,0.303358,-0.815722,0.338468,0.020454,-0.050726,0.696802,0,0,0,0
-0.111042,1.169324,-0.620394,-0.522949,1.187708,-0.672698,-0.646753,0,0,0,1
0.917869,-0.078511,-0.489990,0.374286,-0.381847,-0.550529,0.408801,0,0,0,0
0.283006,0.291583,-0.568351,0.189814,0.067381,-0.070672,-0.121970,0,1,0,0
0.387301,0.414598,-0.597489,0.202670,-0.094958,-0.545666,0.634596,0,0,0,0
-0.188035,1.157861,-0.429793,-0.518433,1.132929,-0.486357,-0.464746,1,0,0,0
0.875234,-0.140330,-1.460087,0.535789,-0.727076,-0.573281,0.003811,0,0,0,0
0.135421,0.535108,-1.117168,-0.116597,0.389215,-0.407674,-0.415728,0,0,1,0
0.927337,-0.103126,-0.914813,0.331034,-0.145735,0.021266,0.839500,0,0,0,0
0.261088,0.475220,-0.643234,0.067487,0.721864,-0.544313,0.330357,0,0,0,1
0.561386,0.415089,-0.607127,0.473493,0.031627,-0.206285,1.221494,0,0,0,0
-0.217074,1.224971,-0.430698,-0.598122,1.248827,0.146023,-0.074953,0,0,0,0
0.485310,0.428103,-0.361232,0.560408,-0.060182,-0.508668,0.168525,0,0,0,0
-0.150346,1.407834,-0.240499,-0.410517,1.442614,-0.733359,-0.077793,0,1,0,0
0.943095,-0.538414,-1.209733,0.588902,0.148989,-0.032485,0.048259,0,0,0,0
0.362111,-0.419326,-1.438233,0.181251,0.374514,-0.568874,-0.539683,0,0,0,0
0.685352,0.148310,-0.930894,0.352617,-0.357569,0.051321,0.297249,0,0,0,0
-0.095540,1.080011,-0.608480,-0.246780,1.609589,-0.612380,-0.004727,1,0,0,0
0.860726,-0.113803,-0.500081,0.510712,0.128724,-0.058355,0.890201,0,0,0,0
0.228880,0.568478,-0.355357,-0.020440,0.637463,-0.230081,-0.202778,0,0,0,0
0.410356,0.244591,-0.368786,0.408039,-0.351893,0.449081,0.459104,0,0,0,0
-0.331343,1.355654,-0.148482,-0.713819,1.544643,0.195933,-0.109783,0,0,0,1
0.839256,0.236115,-1.381006,0.542487,-0.205812,-0.307431,0.592655,0,0,0,0
0.123263,0.904880,-0.464929,0.026351,0.495357,-0.153390,0.122429,0,1,0,0
0.518679,-0.399514,-0.985870,0.323254,0.207031,-0.214558,0.283112,0,0,0,0
0.222880,0.357171,-0.632900,0.223223,0.786461,-0.105717,-0.088909,0,0,1,0
0.563440,0.170106,-0.481670,0.791422,0.377254,-0.205520,1.076522,0,0,0,0
-0.117026,1.536177,-0.239533,-0.329075,1.473248,-0.682278,-0.277240,0,0,0,0
0.532146,0.210125,-0.713409,0.582981,0.190140,-0.452816,-0.265470,0,0,0,0
-0.273341,1.363243,-0.155097,-0.487003,1.545237,-0.648933,-0.500989,1,0,0,0
0.901341,-0.318369,-1.055850,0.922147,0.136658,0.042758,0.700944,0,0,0,0
0.247688,0.188865,-0.505501,0.518855,0.418571,-0.470440,-0.100489,0,0,0,0
0.577358,0.635312,-0.458901,0.207450,-0.167565,-0.132516,0.806468,0,0,0,0
-0.014961,1.375136,-0.187307,-0.131187,1.052495,-0.859204,-0.083381,0,1,0,0
0.786038,-0.366433,-0.639706,0.505264,-0.361966,-0.125569,0.113248,0,0,0,0
0.156677,0.289677,-0.531712,-0.151376,0.454277,-0.400592,-0.934348,0,0,1,0
0.516209,0.275483,-0.434242,0.531023,-0.069791,-0.580726,0.933002,0,0,0,0
-0.232336,1.357145,-0.216089,-0.383758,1.829338,-0.470003,-0.239883,0,0,0,1
0.818022,-0.013962,-1.426595,0.657543,-0.421742,-0.035128,0.216009,0,0,0,0
0.215162,0.977858,-0.647241,0.049466,0.410931,-0.481290,-0.162242,1,0,0,0
0.792214,-0.317580,-0.720181,0.464701,0.009579,-0.341440,0.222107,0,0,0,0
0.297030,0.349307,-0.810616,0.173226,0.639484,-0.350773,-0.438066,0,1,0,0
0.388561,0.387670,-0.589007,0.381950,0.567507,-0.674588,0.585473,0,0,0,0
-0.244855,0.897996,-0.492605,-0.502608,1.756517,0.032722,-0.384672,0,0,0,0
0.577782,0.399150,-0.466698,0.683446,0.270325,-0.296590,0.964732,0,0,0,0
-0.103410,1.851585,-0.006710,-0.580216,1.825635,0.242401,-0.048364,0,0,0,1
1.003065,-0.494226,-0.964003,0.659718,-0.122054,-0.463585,0.026908,0,0,0,0
0.347405,0.019176,-0.613961,0.257813,0.105788,-0.107084,-0.552303,0,0,1,0
0.588361,0.234711,-0.867193,0.395227,0.341214,0.068661,-0.112086,0,0,0,0
-0.048513,1.540062,-0.385195,-0.439915,1.542861,-0.185678,-0.253848,1,0,0,0
0.746292,0.575212,-0.325028,0.475656,0.464085,-0.513565,1.692597,0,0,0,0
0.173776,1.083212,-0.325482,0.090006,1.390240,-0.468720,0.625296,0,0,0,0
0.272278,0.430858,-0.308608,0.317779,0.176230,0.287389,0.794167,0,0,0,0
-0.266288,1.674910,-0.062205,-0.877529,1.522150,-0.135246,0.172876,0,1,0,0
0.938774,0.256073,-1.316306,0.574810,-0.321523,0.078475,0.292138,0,0,0,0
0.213770,1.031013,-0.523036,0.153017,0.612467,-0.479687,-0.213732,0,0,0,0
0.728162,-0.562361,-0.751349,0.435497,0.133268,-0.081384,-0.195162,0,0,0,0
0.197980,0.184351,-0.952491,-0.006086,1.256587,0.427660,-0.586171,0,0,1,0
0.524694,0.660472,-0.753532,0.241536,0.247957,-0.120541,0.735570,0,0,0,0
-0.193433,1.469293,-0.554344,-0.850866,1.760023,-0.272453,-0.609353,0,0,0,1
0.403094,0.292923,-0.887752,-0.001341,-0.031366,-0.454669,-0.434194,0,0,0,0
-0.426894,1.451027,-0.339571,-1.111871,1.926712,-0.964823,-0.748536,1,0,0,0
1.046650,-0.453957,-1.151993,0.646203,-0.292532,0.242465,0.744954,0,0,0,0
0.401032,0.379244,-1.126732,0.041253,0.431371,-0.364564,-0.066273,0,0,0,0
0.719167,0.480923,-0.639310,0.268747,-0.254539,0.028328,0.905517,0,0,0,0
0.014194,1.513281,-0.537350,-0.501991,1.340811,-0.627246,-0.518580,0,0,1,0
0.961656,-0.230888,-0.446611,0.403867,-0.324018,-0.101046,0.572716,0,0,0,0
0.247631,0.270686,-0.439472,0.281820,0.125937,-0.764037,-0.018998,0,1,0,0
0.443990,0.389135,-0.651654,0.215645,-0.298299,-0.385030,0.791845,0,0,0,0
-0.173838,1.265885,-0.454535,-0.629021,1.348249,0.073398,-0.218310,0,0,0,1
0.739319,0.050412,-1.385391,0.769381,0.119159,-0.537813,0.438419,0,0,0,0
0.114868,0.556636,-0.859335,-0.095737,0.361196,-0.006377,-0.039432,0,0,1,0
0.935759,-0.108858,-0.781218,0.320829,-0.284881,0.641498,0.974521,0,0,0,0
0.358538,0.587636,-0.960906,-0.188976,0.400492,-0.636013,0.509022,1,0,0,0
0.600979,0.299896,-0.736829,0.382908,-0.247840,-0.545789,1.258974,0,0,0,0
-0.183911,1.161743,-0.627246,-0.664987,1.119764,-0.195519,-0.344260,0,0,0,0
0.595360,0.301239,-0.552274,0.499246,0.056909,-0.158480,0.312558,0,0,0,0
-0.107758,1.523398,-0.324444,-0.434950,1.555579,-0.240655,0.137597,0,1,0,0
0.960501,-0.442745,-1.003846,0.677301,0.249725,-0.242033,0.767170,0,0,0,0
0.370740,-0.276371,-1.094988,0.294647,0.477950,-0.715595,-0.089542,0,0,0,0
0.500149,0.352500,-0.682922,0.398639,-0.020072,-0.469563,-0.106209,0,0,0,0
-0.118713,1.016985,-0.624466,-0.120608,1.834830,-0.557078,-0.244001,0,0,0,1
0.827525,-0.223127,-0.582704,0.509099,0.228818,0.330544,0.862885,0,0,0,0
0.160608,0.246229,-0.561026,0.127878,1.159637,0.386321,-0.283859,0,0,0,0
0.441423,0.168590,-0.232002,0.541321,-0.555031,0.079697,0.264245,0,0,0,0
-0.238019,1.755258,0.132339,-0.652034,1.393847,-0.020274,0.092031,1,0,0,0
0.843074,0.272390,-1.134467,0.839531,-0.356948,-0.555809,0.453878,0,0,0,0
0.080481,0.721379,-0.429011,0.356032,0.823898,-0.670713,0.072780,0,0,1,0
0.655334,-0.228446,-0.734357,0.400125,-0.077914,0.011560,0.563611,0,0,0,0
0.208427,0.374431,-0.654736,0.082903,0.757365,-0.300823,0.033038,0,1,0,0
0.673913,0.360024,-0.469387,0.626106,-0.326131,-0.066202,1.081719,0,0,0,0
-0.098621,1.685130,-0.221315,-0.559765,1.096162,-0.817445,-0.375419,0,0,0,0
0.475056,0.015121,-0.413288,0.499584,-0.601586,-0.458705,-0.520698,0,0,0,0
-0.387275,1.138948,-0.250414,-0.547621,1.673745,0.036343,-0.688148,0,0,1,0
0.870648,-0.510983,-1.173795,0.778521,0.019366,-0.433615,0.713543,0,0,0,0
0.206905,0.001088,-0.695629,0.431142,0.446576,-0.436947,-0.235762,0,0,0,1
0.647595,0.576756,-0.597843,0.290304,-0.240848,0.070933,0.637603,0,0,0,0
-0.022138,1.228112,-0.562475,-0.266939,1.402459,-0.550888,-0.296356,0,1,0,0
0.687244,-0.056949,-0.639342,0.469569,0.219622,-0.528881,0.298159,0,0,0,0
0.169808,0.416624,-0.369400,0.101342,0.728085,-0.007034,-0.170386,1,0,0,0
0.595164,0.164304,-0.509590,0.543059,-0.421740,-0.407477,0.652095,0,0,0,0
-0.183198,1.545763,-0.251753,-0.731893,1.382823,-0.564673,-0.321621,0,0,0,0
0.841969,0.033324,-1.313897,0.614421,-0.871044,0.007937,0.141405,0,0,0,0
0.138796,0.758284,-0.582454,0.094330,0.192836,-0.189216,-0.364106,0,0,1,0
0.965075,-0.481989,-1.040454,0.206689,-0.178758,0.233230,0.164340,0,0,0,0
0.338151,0.411094,-0.841232,-0.027990,0.456042,-0.315697,-0.388109,0,1,0,0
0.557032,0.501091,-0.676865,0.369333,0.539224,-0.631070,1.291193,0,0,0,0
0.513834,-0.719677,-0.726928,0.614585,-0.650012,-0.110695,-0.366391,0,0,0,0
0.982810,-0.167148,-0.561605,0.447544,-0.858735,-0.047291,0.571258,0,0,0,0
0.739365,-0.960992,-0.321239,0.453079,-1.262326,0.196079,-0.651139,1,0,0,0
1.171399,-0.219969,-1.231394,0.489330,-0.400756,0.238322,0.625577,0,0,0,0
0.584698,0.334410,-1.017591,0.153469,0.482334,-0.414138,0.033462,0,0,1,0
0.551594,0.296102,-0.790142,0.052103,-0.893567,0.046193,-0.327092,0,0,0,0
-0.317605,1.409378,-0.033277,-0.865776,0.823616,-0.877046,-0.822194,0,0,0,1
0.583067,-0.636811,-0.493180,0.639589,-1.167100,0.646165,-0.170443,0,0,0,0
0.378948,-0.789094,0.004029,0.938652,-1.200141,0.340686,-0.093931,0,0,0,0
0.256038,-1.133762,-0.138188,1.030354,-0.743608,0.286894,-0.130542,0,0,0,0
-0.547283,-1.971379,0.550567,1.462910,-0.458711,-0.388183,-1.083316,0,0,0,0
-0.708500,-2.052096,0.705833,1.552520,-0.684722,0.602000,-1.143350,0,0,0,0
-0.872098,-2.126716,0.624868,1.456352,-0.018349,0.219836,-1.226677,0,0,0,0
-1.110411,-2.356112,0.738086,1.554131,0.418736,1.078670,-1.286343,0,0,0,0
-1.261883,-2.511083,0.876928,1.644480,0.792599,0.337488,-1.302893,0,0,0,0
-1.503994,-2.651192,1.158582,1.645214,0.701876,-0.125528,-1.378747,0,0,0,0
-1.511284,-2.989247,1.365768,1.982294,0.906609,0.225275,-1.383779,0,0,0,0
-0.921534,-4.661543,1.172083,2.545455,-0.814366,2.247575,-1.349128,0,0,0,0
-0.894743,-4.778058,0.933940,2.410098,-0.485959,1.477554,-1.405618,0,0,1,0
-0.718393,-1.999783,0.510750,1.736789,1.184595,0.692554,-0.287657,0,0,0,0
-0.746548,-1.932335,0.705539,1.594080,1.358937,-0.253925,-0.439122,0,0,0,0
-0.832642,-1.498193,0.736867,1.149577,1.527588,0.622052,-0.622807,0,0,0,0
-1.808831,-1.342584,2.208114,0.539410,1.318189,-0.012509,-1.468538,1,0,0,0
0.255800,0.511161,-0.151612,-0.645876,0.359664,2.096804,-0.199224,0,0,0,0
-0.114140,0.448532,0.228462,-0.665255,0.175625,-0.272899,-0.372765,0,0,0,0
-0.221703,0.165320,0.390612,-0.594368,-0.127271,0.646742,-0.480474,0,0,0,0
-0.435083,-0.692543,1.911825,-0.067886,-0.748374,1.202195,-0.688114,0,0,0,0
-0.430752,-0.542868,2.219559,-0.110162,-0.810749,0.942533,-0.238448,0,0,0,0
-1.970334,-0.083762,2.827789,-0.263491,1.798739,0.114416,-1.468023,0,0,0,0
-2.115076,-0.300305,3.034477,-0.232713,1.529343,-0.771397,-1.515264,0,0,0,0
-2.276896,-0.728187,2.922765,-0.206169,1.561153,-0.429803,-1.573355,0,0,0,0
-2.374120,-1.022523,3.034133,0.119474,2.117301,-0.585162,-1.626605,0,0,0,0
-2.539532,-1.419099,2.978770,0.305729,2.608212,-0.503179,-1.679633,0,0,0,0
-2.520787,-1.352279,2.937123,0.102296,2.146807,-0.646427,-1.710755,0,0,0,0
-1.820948,-0.719132,3.052548,-0.095196,0.993836,9.875845,-1.554022,0,1,0,0
-0.233529,-0.807080,-0.492601,-0.990416,0.381278,2.270346,-0.525993,0,0,0,0
-0.279888,-0.936653,-0.683710,-0.916037,-0.466885,0.403444,-0.470438,0,0,0,0
-0.622083,-0.669142,1.114111,-0.927231,-0.301234,0.788670,-0.914804,0,0,0,0
-1.596549,-0.720675,2.359531,-0.527961,0.747593,-0.084306,-1.553559,0,0,1,0
-0.059455,-0.213718,0.323447,0.778130,1.468520,1.378115,-0.324242,0,0,0,0
-0.458440,-0.621141,1.219628,1.186337,0.988231,-0.069953,-0.457309,0,0,0,0
-0.640677,-0.599218,1.130264,0.924479,1.777133,-0.199024,-0.630756,0,0,0,0
-1.547168,0.226966,2.734311,-0.189279,1.627186,-0.038374,-1.140429,0,0,0,0
-0.666420,0.334033,1.638299,-0.454892,-0.721273,2.078138,-0.210789,0,0,0,0
-0.558878,0.184209,1.488232,-0.621939,-1.057402,0.024478,0.004735,0,0,0,0
-0.642813,0.147246,1.247263,-0.603894,-0.464870,0.115465,-0.674565,0,0,0,0
-1.798266,-0.275233,3.242481,-0.178961,0.714057,-0.796638,-1.300145,0,0,0,0
-0.022518,-0.355584,-0.511417,-1.000521,0.261748,4.174142,-0.030507,0,0,0,0
-0.084361,-0.496119,-0.298904,-0.856807,-0.138866,0.684036,0.157272,0,0,0,0
-0.210529,-0.572471,-0.395500,-0.873890,0.008987,1.450757,-0.207624,0,0,0,0
-0.266717,-1.208288,0.506972,0.025473,-0.064018,1.360575,-0.615692,0,0,0,1
-0.508997,-1.664265,0.330441,0.815219,0.578219,1.838161,-0.710158,0,0,0,0
-0.488800,-1.484889,0.445062,0.851132,-0.119544,0.580789,-0.197734,0,0,0,0
-0.794736,-1.369085,0.684697,0.378598,0.852003,-0.070788,-0.933344,0,0,0,0
-0.869767,-1.317759,0.618539,0.376157,1.645709,0.913523,-1.320873,0,1,0,0
0.127120,0.271101,-0.349567,-0.891113,0.837834,1.236837,-0.122757,0,0,0,0
-0.180750,0.121493,0.487856,-0.721256,0.579256,0.373603,-0.477426,0,0,0,0
-0.522200,-2.854514,2.830680,0.611734,-1.341393,-0.237454,-1.083448,0,0,0,0
-0.724072,-2.918271,2.677097,0.684292,-0.873244,0.490999,-1.225422,0,0,0,0
0.187571,-0.125397,-0.867199,-0.746896,0.023855,4.888826,-0.079330,0,0,0,0
-0.540106,-0.010792,0.989286,-0.758735,-1.082071,-0.017939,-0.639070,0,0,0,0
-0.833560,-0.078452,1.849640,-0.709851,-0.769959,1.750365,-0.165640,0,0,0,0
-0.817524,-0.339979,2.252735,-0.688261,-1.074894,0.327352,0.207592,0,0,0,0
-1.185157,0.258780,2.271374,-0.823841,-0.779195,0.057468,-0.431706,0,0,0,0
-1.996147,-0.158792,2.664355,-0.801909,0.874837,-0.276998,-1.461237,0,0,0,0
-2.193920,-0.746018,2.549350,-0.603239,1.457341,0.052820,-1.496387,0,0,0,0
-0.744180,-2.833619,0.034877,0.997200,-0.006747,0.972609,-1.509068,1,0,0,0
-0.740685,-1.396662,0.496843,1.229835,1.343024,1.572827,-0.819132,0,0,0,0
-0.738453,-1.402642,0.815155,1.096965,1.247477,0.148105,-0.732997,0,0,0,0
-1.271288,-1.194888,1.867134,0.839437,1.262565,-0.141817,-1.225374,0,0,0,0
-2.385030,-1.317705,2.591190,0.240613,2.235052,-0.663832,-1.628413,0,0,0,1
-0.025354,0.384259,0.339871,-0.330678,-0.021920,0.401036,-0.473237,0,0,0,0
-0.476342,0.191474,1.726346,-0.350888,-1.145048,0.185009,-0.283466,0,0,0,0
-0.882167,0.355897,2.287305,-0.547385,-0.749073,0.018753,-0.606979,0,0,0,0
-1.282555,0.207091,2.773366,-0.711255,-0.426683,-0.556375,-1.130278,0,0,0,0
-2.051314,-0.117073,2.984434,-0.337896,0.874685,-1.221999,-1.496210,0,0,0,0
-2.214087,-0.408434,3.223812,-0.137019,1.013169,-0.808776,-1.530187,0,0,0,0
-2.203256,-0.359246,3.207331,-0.230094,1.039021,-0.893858,-1.551995,0,0,0,0
-2.345587,-0.693487,3.353529,0.068081,1.350361,-1.318596,-1.588089,0,0,0,0
-2.448206,-1.045746,3.204019,0.170286,1.842825,-0.847542,-1.612672,0,0,0,0
-2.547458,-1.294048,3.284427,0.373428,1.989437,-1.165173,-1.629520,0,0,0,0
-2.542372,-1.302551,3.213477,0.284824,1.872207,-1.335282,-1.646242,0,0,0,0
-2.085133,-1.063101,2.804994,0.335514,1.684779,2.533378,-1.626289,0,1,0,0
-0.857677,-1.872655,0.886851,1.425495,1.069389,0.507538,-0.811521,0,0,0,0
-0.874299,-1.655222,1.005870,1.600774,1.092081,0.507250,-0.815988,0,0,0,0
-0.930415,-1.388432,1.080603,0.912979,1.869915,-0.042906,-0.972778,0,0,0,0
-2.345313,-1.346030,2.412851,0.265702,2.238468,-1.130514,-1.689372,1,0,0,0
0.171498,0.335742,-0.044364,0.033816,0.930881,0.396534,-0.120150,0,0,0,0
-0.131596,-0.018120,0.684446,0.430686,0.619742,-0.613512,0.062193,0,0,0,0
-0.377181,-0.261062,0.945074,0.524155,0.773514,-0.732736,-0.094469,0,0,0,0
-1.596221,-0.152028,2.692171,0.054790,1.542192,-0.528758,-1.289189,0,0,0,0
-1.968351,0.022515,3.071086,0.102741,1.850160,-0.571784,-1.382899,0,0,0,0
-2.072251,-0.240439,2.988444,0.072786,2.125731,-1.146732,-1.452819,0,0,0,0
-2.180613,-0.439106,3.146700,0.153285,1.893484,-0.848091,-1.526778,0,0,0,0
-2.382953,-0.896788,3.268390,0.351061,2.156109,-0.911970,-1.572350,0,0,0,0
-2.457579,-1.105184,3.242389,0.386670,2.194190,-1.074912,-1.627183,0,0,0,0
-2.541980,-1.360341,3.201975,0.529658,2.546996,-1.038800,-1.662348,0,0,0,0
-0.966986,-4.118191,2.357492,1.187671,-0.575788,8.998260,-1.562400,0,0,0,0
-0.858857,-4.174161,1.910670,0.895654,-0.823711,1.128273,-1.576094,0,0,0,1
-0.937263,-0.388122,1.830620,-0.642556,-1.151297,-0.082799,-0.778491,0,0,0,0
-0.874775,-0.641673,1.809794,-0.350624,-1.177712,0.505330,-1.025234,0,0,0,0
-1.984475,-0.804776,3.008870,-0.647643,-0.244535,-0.984406,-1.754707,0,0,0,0
-1.109251,-1.158526,1.570602,-0.910176,-2.073354,0.695209,-1.780901,0,0,1,0
-0.073607,0.510296,0.776480,-0.320239,-0.046783,0.489175,-0.158175,0,0,0,0
-0.498957,0.339574,1.849314,-0.224502,-1.109707,-0.181410,-0.312562,0,0,0,0
-0.721838,0.281330,1.792793,-0.130742,-0.264135,-0.548454,-0.491931,0,0,0,0
-1.867387,0.400794,3.050542,-0.458557,1.226519,-1.295912,-1.259870,0,0,0,0
-0.127948,-0.289446,0.280340,0.470762,0.388643,1.331122,-0.522265,0,0,0,0
-0.197810,-0.799530,0.522041,0.534275,0.125864,-0.132610,-0.355844,0,0,0,0
-0.227664,-0.893764,0.544610,0.827431,0.286354,0.282853,-0.187666,0,0,0,0
-1.810973,-0.607432,3.068295,-0.034464,1.164804,-0.709568,-1.364616,0,0,0,0
0.024675,-0.333997,-0.560018,-0.971313,0.344936,2.229499,0.099642,0,0,0,0
-0.084198,-0.652912,-0.337043,-0.617853,0.076860,0.272958,0.164620,0,0,0,0
-0.202224,-0.607718,-0.560699,-0.819431,0.274732,1.401102,-0.068421,0,0,0,0
-0.273443,-0.996474,0.433057,-0.155864,-0.045676,1.337769,-0.757009,1,0,0,0
-0.334813,-1.228789,0.538733,0.723575,0.213887,5.237262,-0.462027,0,0,0,0
-0.561873,-0.991438,0.577114,0.487125,0.635328,-0.196089,-0.053014,0,0,0,0
-0.841806,-0.518580,1.374774,0.180722,0.217015,0.427323,-0.884990,0,0,0,0
-2.024912,-0.358333,2.387523,-0.512356,1.484320,-0.817364,-1.746527,0,1,0,0
0.127581,-0.052786,0.169970,0.072563,0.165370,0.353769,0.401867,0,0,0,0
-0.154943,-0.444043,0.530428,0.375420,0.343727,0.196269,0.048803,0,0,0,0
-0.243380,-0.406771,0.563786,0.237136,0.671782,0.807130,-0.378585,0,0,0,0
-0.190043,-0.871413,0.681418,0.416062,0.773824,0.548551,-0.133156,0,0,0,0
-0.417667,-1.167003,1.149262,1.224035,0.459537,1.574661,0.034861,0,0,0,0
-1.249623,-0.156842,1.817460,-0.011948,1.837864,1.224322,-1.114366,0,0,0,0
-0.471347,-0.892094,0.632490,0.368358,0.527605,3.178693,0.393946,0,0,0,0
-0.637356,-0.889611,1.046090,0.365228,0.563385,0.318945,0.294816,0,0,0,0
-1.848720,0.103037,2.838839,0.005588,1.813678,0.991074,-1.567863,0,0,0,0
-2.036117,-0.153900,3.046348,0.022724,1.515176,0.160977,-1.627255,0,0,0,0
-2.111630,-0.345606,3.075089,0.158654,1.760802,-0.827080,-1.651885,0,0,0,0
-0.454714,-2.265477,0.461723,1.293730,-0.134212,16.437577,-1.663761,0,0,0,1
-0.687475,-1.313184,0.834011,1.592171,1.535110,2.183700,-0.457238,0,0,0,0
-0.574098,-1.614589,0.951257,1.616598,1.046015,0.374289,-0.242574,0,0,0,0
-0.850450,-3.595650,2.691605,1.082504,-1.168332,0.249307,-1.576707,0,0,0,0
-0.755500,-3.660123,2.523628,1.183964,-1.278924,1.259309,-1.604589,1,0,0,0
-0.127570,1.043882,0.810645,-0.947324,0.288444,0.236110,-0.316232,0,0,0,0
-0.550614,0.627402,1.662043,-0.517274,-0.486929,0.081687,-0.100576,0,0,0,0
-0.993400,0.253281,2.405810,-0.610812,-0.540602,-0.779687,-0.547127,0,0,0,0
-1.527201,-0.057053,2.986567,-0.581450,-0.235765,-0.176973,-0.972149,0,0,0,0
-2.118492,-0.454454,3.003253,-0.137989,1.257014,-0.604642,-1.049837,0,0,0,0
-2.333651,-0.837070,3.101940,0.014302,1.598755,-0.721103,-1.126694,0,0,1,0
-1.250401,0.207248,0.401556,-0.843633,3.069888,-1.103381,-1.074467,0,0,0,0
-1.894295,-0.236485,2.039118,-0.517857,2.355044,-0.721111,-1.162046,0,0,0,0
-2.194331,-0.810067,2.263687,-0.381222,2.555503,-0.736248,-1.233284,0,0,0,0
-2.323470,-0.981975,2.646900,-0.097690,2.379621,-0.845598,-1.297978,0,0,0,0
-2.477252,-1.305316,2.781929,-0.011534,2.166444,-0.645789,-1.333630,0,0,0,0
-1.356729,-1.705374,0.958195,-0.328054,0.405093,-0.307996,-1.369395,0,1,0,0
-0.060943,0.046964,-0.249161,-0.707265,-0.473684,-0.347911,0.003219,0,0,0,0
-0.197790,0.079878,-0.235176,-0.771171,-0.742940,-0.114173,0.239341,0,0,0,0
-0.269871,-0.275106,0.728875,-1.115907,-0.804230,0.970880,-0.734408,0,0,0,0
-1.693280,-0.525439,2.334766,-0.751587,0.837125,-0.375614,-1.292046,0,0,1,0
0.250198,0.510554,-0.487341,-0.933758,0.531522,2.664174,-0.191346,0,0,0,0
0.161428,0.217316,-0.339639,-0.863915,0.044549,0.467005,0.099905,0,0,0,0
-0.796649,0.737274,0.819086,-1.159099,0.641209,-0.955745,-0.901129,0,0,0,0
-1.533473,0.353534,2.076170,-1.134933,0.959946,-0.747583,-1.301919,0,0,0,0
-1.930740,-0.027455,2.402436,-0.700267,1.765530,-0.300521,-1.426265,0,0,0,0
-2.048750,-0.215248,2.561545,-0.678899,1.677996,-0.367126,-1.487511,0,0,0,1
-1.282074,0.273323,0.906654,-0.244976,2.913371,-1.410986,-1.229447,0,0,0,0
-1.879869,-0.118090,2.293367,-0.193248,2.588585,-0.757624,-1.423468,0,0,0,0
-2.145684,-0.576738,2.666620,0.027663,2.676770,-0.919647,-1.496218,0,0,0,0
-2.270328,-0.779738,2.847272,0.082290,2.526937,-0.747627,-1.587010,0,0,0,0
-2.419979,-1.125885,2.918058,0.175500,2.546512,-0.867444,-1.650679,0,0,0,0
-2.503362,-1.329239,2.939004,0.198150,2.414779,-0.793289,-1.713295,1,0,0,0
0.023855,-0.059499,-0.328944,-0.567532,0.370170,1.703621,-0.022152,0,0,0,0
-0.062549,-0.233764,0.210138,-0.697909,-0.550253,0.866388,0.104085,0,0,0,0
0.054955,-0.518695,0.178314,-0.864689,-0.862008,0.971489,0.059096,0,0,0,0
-0.111921,-0.025826,0.882432,-0.428948,-0.273787,2.104744,-0.869996,0,1,0,0
0.000721,-0.280485,0.175632,0.229301,1.166592,0.861401,-0.177540,0,0,0,0
-0.441641,-0.602705,1.177588,0.795322,1.179299,0.300117,-0.376463,0,0,0,0
-1.424422,0.072070,2.343497,-0.075436,1.977425,0.132948,-1.133324,0,0,0,0
-0.480454,-3.082454,2.104033,1.357321,-1.665494,9.335010,-1.247520,0,0,1,0
-0.554810,-0.976883,1.167028,0.670895,-0.040637,2.012512,-0.441863,0,0,0,0
-0.575395,-0.670098,1.245927,0.685139,0.082320,0.763924,-0.196593,0,0,0,0
-0.396191,-0.278767,0.953395,0.427362,0.898850,-1.014623,-0.374358,0,0,0,0
-0.841420,0.163293,2.175215,-0.231537,0.023427,0.636276,-0.540625,1,0,0,0
-0.522296,0.118167,1.862987,-0.254455,-0.978437,2.020554,0.050104,0,0,0,0
-0.615512,0.008639,1.679151,-0.267844,-1.174012,0.440658,-0.034849,0,0,0,0
-0.831147,0.577254,2.328667,-0.885180,-0.889491,-0.299551,-0.884818,0,0,0,0
-1.604121,0.109433,3.460311,-0.289009,0.416773,0.689419,-1.164254,0,1,0,0
-0.252192,-0.979400,0.078411,0.932506,0.824042,0.962756,-0.292618,0,0,0,0
-0.359744,-1.220865,0.423686,1.136134,0.557363,0.760543,-0.205717,0,0,0,0
-0.653548,-0.333431,1.105271,0.430814,0.800693,-0.517321,-1.125228,0,0,0,0
-1.677223,-0.593289,2.702257,0.089240,1.289965,-0.689815,-1.329961,0,0,0,1
-0.056824,-0.188473,0.181208,0.657692,1.530282,1.291545,-0.104998,0,0,0,0
-0.505705,-0.789816,0.936693,1.274269,1.630978,-0.431475,-0.088718,0,0,0,0
-0.908528,0.486644,2.561302,0.087320,0.636516,0.953673,-0.680411,0,0,0,0
0.047121,-1.584349,1.134724,1.523040,-0.813702,6.063022,-0.795267,0,0,1,0
-0.587397,-0.955529,1.391898,0.520405,0.187045,-0.392553,-0.368229,0,0,0,0
-1.479121,-0.143271,2.292581,-0.003032,1.576819,-0.415646,-1.033113,1,0,0,0
-0.571675,-0.841455,0.775447,0.421178,0.748718,1.661090,-0.138844,0,0,0,0
-0.974096,-0.665152,1.857531,0.391227,0.232757,0.451460,-0.698280,0,0,0,0
-1.162783,0.363864,0.916313,0.098455,3.046309,-0.890569,-1.346672,0,0,0,0
-1.747256,0.224993,2.363762,-0.217937,2.164563,-0.221950,-1.497383,0,0,0,0
-1.898239,0.117465,2.838082,-0.127466,1.672459,-0.376384,-1.610367,0,0,0,0
-1.872401,-0.205402,3.133215,-0.167827,1.143755,3.709752,-1.567792,0,1,0,0
-0.537255,-0.064633,0.608910,-1.037490,0.235545,1.760236,-1.155263,0,0,0,0
-0.683150,-0.144640,0.760452,-0.989986,-0.298540,-0.546271,-1.111395,0,0,0,0
-1.214467,0.006578,2.006183,-1.078465,0.112299,-0.217462,-1.502307,0,0,0,0
-2.121485,-0.368188,3.104557,-0.318804,1.187667,0.326537,-1.704835,0,0,1,0
-0.088099,0.599512,0.201655,-0.855741,0.558670,0.291549,-0.581042,0,0,0,0
-0.327876,0.071204,0.766335,-0.400186,-0.083096,-0.202359,-0.345606,0,0,0,0
-0.576496,-0.048625,1.105182,-0.343380,0.148809,-0.094424,-0.517684,0,0,0,0
-1.175438,-0.046015,1.847637,-0.506837,0.651481,-1.187076,-1.170972,0,0,0,0
-2.073032,-0.287501,2.707915,-0.449306,1.223965,-1.059249,-1.529074,0,0,0,0
-2.201220,-0.452579,3.009826,-0.284381,1.234582,-1.116657,-1.574167,0,0,0,1
-1.314864,0.244916,0.442077,-0.872643,3.186689,-1.389213,-1.342967,0,0,0,0
-1.813582,0.025267,1.992595,-0.739933,2.145525,-0.908173,-1.393472,0,0,0,0
-2.041697,-0.347623,2.388578,-0.469268,2.248199,-1.067475,-1.464890,0,0,0,0
-2.257470,-0.689305,2.850828,-0.154330,2.025985,-0.541829,-1.531212,0,0,0,0
-2.331427,-0.850552,2.969815,0.039715,2.158445,-0.757875,-1.559348,0,0,0,0
-2.442961,-1.065992,3.172954,0.259586,2.141691,-0.497065,-1.603062,0,1,0,0
-0.095196,0.039203,-0.191121,-1.050532,0.271485,0.284609,-0.585781,0,0,0,0
-0.337106,-0.124573,0.085549,-0.972888,-0.383832,0.371252,-0.611659,0,0,0,0
-0.809824,0.090461,1.453407,-1.229795,-0.264236,-0.214471,-1.202749,0,0,0,0
-2.029423,-0.287001,2.502686,-0.753919,1.063766,0.334330,-1.607194,1,0,0,0
-0.093613,0.487999,0.651852,-0.250292,0.628162,1.059926,-0.165742,0,0,0,0
-0.301688,0.017250,0.992289,0.216946,0.684027,-0.072286,-0.130885,0,0,0,0
-0.424839,0.007760,1.180374,0.146124,0.818983,-0.448758,-0.223425,0,0,0,0
-0.816376,0.134112,1.849707,-0.017627,0.920816,-0.410117,-0.711076,0,0,0,0
-1.440789,0.071382,2.322589,-0.266798,1.653007,-1.169316,-1.231584,0,0,0,0
-1.970902,-0.072721,3.045930,-0.206134,1.505045,-1.073185,-1.362165,0,0,1,0
-1.283826,0.134364,0.794486,-0.043159,3.366804,-1.474491,-1.133959,0,0,0,0
-1.996828,-0.237147,2.678349,0.091235,2.698128,-0.768913,-1.360218,0,0,0,0
-2.178312,-0.646816,2.791662,0.244907,2.794623,-0.691657,-1.455909,0,0,0,0
-2.294783,-0.899435,2.885984,0.343760,2.788389,-0.965758,-1.525357,0,0,0,0
-2.347533,-1.193310,2.654312,0.433338,3.170359,-0.959319,-1.594730,0,0,0,0
-2.078718,-0.982563,2.080446,0.283330,2.718080,0.017791,-1.646385,0,1,0,0
-0.239888,-0.336859,0.060301,-0.143028,-0.202167,-0.277264,-0.606617,0,0,0,0
-0.526509,-0.510819,1.028825,-0.239936,-0.906948,-0.689556,-0.334913,0,0,0,0
-0.559534,-0.223384,0.901136,-0.631348,-0.915293,0.110977,-0.353440,0,0,0,0
-0.048569,0.095909,0.439379,-0.565920,-0.467707,3.356944,-0.810208,0,0,0,1
-0.278155,-0.317373,0.784065,0.676805,1.242694,0.741789,0.123999,0,0,0,0
-0.511720,-0.801083,1.296764,0.988700,0.854381,0.192610,-0.039614,0,0,0,0
-0.741207,-1.350428,1.507716,1.330479,1.066634,-0.472838,-0.443281,0,0,0,0
-0.574825,-0.998901,0.767811,-0.015007,0.115058,0.340200,-1.020373,0,0,1,0
0.145561,-0.052885,-0.361415,-0.356594,-0.530988,2.307412,0.675375,0,0,0,0
0.172774,0.185315,-0.578812,-0.533507,-0.743184,0.167210,0.957530,1,0,0,0
-0.018956,0.021819,0.243647,-0.337330,0.512599,-0.649085,-0.423269,0,0,0,0
-0.453437,-1.349155,0.803680,0.581632,-0.382751,-0.229849,-1.055020,0,1,0,0
0.366391,-0.458106,-0.290806,0.321128,0.488942,3.477872,0.525591,0,0,0,0
0.194451,-0.557292,-0.105130,0.440934,0.348457,0.063780,0.228429,0,0,0,0
0.026568,-0.497844,-0.136437,0.420009,0.206066,-0.034819,-0.138956,0,0,0,0
-0.931736,-0.330812,0.969463,0.507850,0.772910,0.123175,-1.243162,0,0,0,1
-0.007619,-0.368576,-0.211892,0.035185,-0.375818,0.122781,0.345237,0,0,0,0
-0.210704,-0.919515,0.393297,0.374439,-0.944912,-0.164355,0.400959,0,0,0,0
-0.755918,-0.844396,0.650142,0.614643,0.237350,2.127376,-1.267469,0,0,0,0
-0.934759,-1.258786,0.452273,1.007035,0.642002,0.215113,-1.421066,0,1,0,0
0.293116,0.228261,0.273170,0.347891,-0.352093,0.360951,0.359300,0,0,0,0
0.058797,-0.049964,0.533255,0.558925,-0.590235,0.305043,0.230155,0,0,0,0
0.132122,-0.364303,0.408166,0.514877,-1.062737,0.199009,0.437978,0,0,0,0
0.316663,-0.373864,0.021420,0.523242,-0.837935,1.845228,0.633795,0,0,1,0
0.459402,-0.816122,-0.183226,0.862020,0.095779,0.709334,0.559225,0,0,0,0
0.494336,-0.826073,-0.426376,1.097574,0.098882,0.453775,0.813144,0,0,0,0
0.552775,-0.701258,-0.106050,0.901225,-0.702629,1.982148,0.343849,0,0,0,0
0.296150,-1.026272,-0.165023,1.502306,-0.140862,-0.154003,-0.797497,0,0,0,1
0.997887,-0.322679,-0.934079,0.705573,-1.129826,-0.124117,1.137122,0,0,0,0
1.038132,-0.238545,-0.869703,0.710702,-1.579263,0.817730,1.089903,0,0,0,0
1.020811,-0.475099,-0.612219,1.108519,-1.350767,0.467475,0.820848,0,0,0,0
1.102553,-0.653125,-0.723139,1.054783,-1.086645,0.243405,0.329757,1,0,0,0
1.227868,-0.431607,-0.647977,1.158770,-1.583895,-0.167701,0.627611,0,0,0,0
1.264785,-0.531532,-0.575694,1.009538,-1.409985,0.615796,0.871540,0,0,0,0
1.287735,-0.118233,-0.399927,1.029766,-1.193038,0.504582,1.231414,0,0,0,0
-0.033985,3.170582,0.959013,-1.179800,0.965308,0.785794,1.558379,0,1,1,0
1.420986,-0.011563,-1.051554,1.051000,-0.823107,0.772176,2.276852,0,0,0,0
1.275255,-0.388504,-1.204927,1.207954,-1.106975,0.827123,1.602671,0,0,0,0
1.256273,-0.557369,-0.838649,1.168365,-1.530305,0.662541,1.627389,0,0,0,0
0.925838,-1.130116,-1.143188,1.549959,-0.476672,0.442406,0.388353,0,0,0,1
1.503578,-0.013525,-1.089850,0.833340,-1.245390,1.095579,1.843370,0,0,0,0
1.111774,-0.632315,-1.114854,1.264321,-1.014039,-0.340368,0.152065,0,0,1,0
1.253428,-0.625589,-1.286574,0.739835,-1.428505,0.674632,0.966176,0,0,0,0
1.104987,-0.758919,-1.405990,0.740832,-1.492909,-0.148433,0.946702,1,0,0,0
1.082474,-0.333936,-1.227403,1.010364,-0.852844,-0.365150,1.309500,0,0,0,0
1.023153,-0.574247,-1.028332,1.217327,-1.144203,0.094406,0.512037,0,0,0,0
1.096440,-0.632366,-1.125273,1.076539,-1.115290,-0.410889,-0.079293,0,0,0,0
1.086673,-0.487427,-0.918548,0.978452,-1.817126,0.345256,0.082322,0,1,0,0
1.338726,-0.029137,-0.907580,0.865900,-0.505555,0.241626,1.795729,0,0,0,0
1.094697,-0.116974,-1.267117,0.687937,-1.349297,0.208800,0.725241,0,0,0,0
1.217868,-0.321673,-1.344483,0.661864,-1.124504,-0.105423,0.562297,0,0,0,0
0.913530,-0.462984,-1.013666,1.153392,-0.823882,0.745357,-0.240907,0,0,0,1
1.252246,-0.268174,-0.769838,0.609095,-0.374720,0.504434,1.783524,0,0,0,0
0.872833,-0.134150,-0.986359,0.612629,-1.057548,0.345833,1.142094,0,0,0,0
0.938128,-0.460581,-0.833078,0.797511,-1.140295,0.135782,0.380547,0,0,0,0
0.717516,-0.603256,-0.896579,1.051412,-0.704477,0.368861,-0.135968,1,0,0,0
1.163541,0.055706,-1.611165,0.296663,-0.454390,0.430328,1.393493,0,0,0,0
0.651376,0.249125,-1.050107,0.473969,-0.162396,1.511906,-0.106281,0,1,0,0
1.290337,-0.069190,-0.984604,0.348219,-0.521393,0.836241,1.671022,0,0,0,0
1.079925,-0.026104,-1.298356,0.389228,-0.352824,-0.126360,1.415956,0,0,1,0
0.521969,0.456732,-0.654230,0.617506,0.747549,-0.779982,1.704374,0,0,0,0
0.163752,0.170486,-0.829615,0.820410,1.029923,0.318676,0.014109,0,0,0,0
0.824953,-0.055325,-0.563830,0.853331,0.068050,-0.651386,0.614716,0,0,0,0
0.587793,-0.393195,-0.553240,1.035206,0.310298,0.231400,0.291498,0,0,0,1
1.056929,-0.455809,-0.826239,1.356399,0.888711,-0.167415,1.809565,0,0,0,0
0.693775,-0.441326,-0.741175,1.038611,0.754762,-0.089496,0.915803,0,0,0,0
0.918973,0.031959,-0.653270,0.808742,0.276764,0.060014,0.638362,0,0,0,0
0.556278,-0.639212,-0.614836,0.855619,0.242078,0.942074,0.118108,1,0,0,0
1.046074,-0.210009,-0.478740,0.884807,0.692685,1.261592,1.652231,0,0,0,0
0.551592,0.252652,-0.309387,0.467682,0.849477,0.284621,0.557578,0,0,0,0
0.756582,0.052713,-0.180439,0.638516,-0.493817,0.566978,0.842960,0,0,0,0
0.724007,-1.576259,0.317508,1.126443,-0.937069,0.125728,0.151299,0,1,0,0
1.038181,0.391012,-0.750151,0.798939,-0.273794,-0.532214,1.987604,0,0,0,0
0.333267,0.849989,-0.280205,0.485231,0.482763,0.261241,0.277330,0,0,0,0
0.962169,-0.112741,-0.369041,0.707122,-0.387440,0.787191,0.755729,0,0,0,0
0.528823,-0.622268,-0.512537,0.999947,0.215057,-0.073684,-0.047974,0,0,1,0
0.907270,1.046060,-0.162459,0.172163,-0.004350,0.422908,2.100282,0,0,0,0
0.020966,1.458682,-0.174664,-0.145227,1.243965,-0.870716,-0.172473,0,0,0,0
0.858983,0.082393,-0.612007,0.134470,-0.720672,-0.252786,0.282268,0,0,0,0
0.450833,-0.487488,-0.167030,0.785368,-0.628543,0.303448,-0.256531,1,0,0,0
1.211552,0.286890,-1.079598,0.328258,-0.244618,0.487162,1.893322,0,0,0,0
0.399543,0.277488,-0.696253,0.481442,0.638175,-0.458756,-0.046794,0,0,0,0
1.096937,0.330688,-0.726368,0.437750,-0.612687,-0.295114,0.904550,0,0,0,0
0.489517,-0.251498,-0.170138,0.717572,-0.405645,-0.161651,0.025046,0,0,1,1
0.922629,0.000007,-0.693435,0.921094,0.476164,-0.100197,1.047852,0,0,0,0
0.679619,-0.335822,-0.599943,1.006842,0.185200,0.728176,0.346473,0,0,0,0
0.737368,-0.166256,-0.521013,0.756162,0.212510,0.616327,0.401522,0,0,0,0
0.691507,-0.060376,-0.114434,0.630452,-0.372779,2.351067,0.096264,0,1,0,0
1.233706,0.574119,-1.148964,0.223791,-0.340446,0.140640,1.609913,0,0,0,0
0.482977,0.905729,-0.141429,0.273110,0.216754,0.016181,0.474316,1,0,0,0
1.221687,-0.242525,-1.065808,0.048015,-0.534240,0.143719,1.180378,0,0,0,0
1.019968,-0.195724,-1.112915,-0.076954,-0.706781,1.240544,1.449341,0,0,0,1
0.515563,1.115928,-0.416865,-0.105083,0.530252,-1.028318,1.084507,0,0,0,0
-0.068498,0.937981,-0.003898,-0.208671,1.524997,0.070550,-0.155036,0,0,0,0
0.674543,-0.011608,-0.482902,0.688286,0.195566,-0.413773,0.208317,0,0,0,0
0.535443,-0.060680,-0.078996,0.824272,-0.085231,0.884470,-0.047788,0,1,0,0
1.232649,0.148750,-0.563021,0.439041,-0.403039,0.078255,1.687634,0,0,0,0
0.761872,0.247852,-0.361547,0.290499,-0.323293,-0.514931,0.929466,0,0,0,0
0.849278,0.270015,-0.451202,0.468574,-0.584300,-0.238511,0.690034,0,0,0,0
0.547078,-0.017100,-0.287944,0.734085,0.047631,0.566134,-0.209809,0,0,1,0
0.949300,0.379740,-0.455635,1.337825,0.930765,0.469429,2.516821,0,0,0,0
0.726300,0.377206,-0.479608,0.824356,1.052727,0.103693,1.414711,0,0,0,0
0.873184,0.011427,-0.278460,0.942155,-0.216325,0.105706,1.631127,0,0,0,0
0.551676,0.132203,-0.245199,0.508410,-0.284038,1.424191,0.788716,1,0,0,0
1.176620,0.516162,-0.975823,0.574363,-0.136760,-0.081096,1.808341,0,0,0,0
0.243176,1.010948,-0.356365,0.440910,0.737088,-0.445908,-0.131809,0,0,0,1
1.212958,0.072649,-0.969119,0.040551,-0.579104,0.558762,1.036367,0,0,0,0
1.071333,0.253842,-1.291473,-0.183645,-0.597174,0.377204,1.169572,0,1,0,0
0.480515,1.543943,-0.345579,-0.581009,0.699968,-0.573150,1.285458,0,0,0,0
-0.056714,1.275920,-0.093463,-0.666158,1.256032,-0.258488,-0.369445,0,0,0,0
0.643066,-0.018269,-0.454096,0.328265,-0.580347,-0.533757,-0.536771,0,0,0,0
0.413757,-0.504591,-0.353988,0.378134,-0.767850,-0.036969,-0.849593,0,0,1,0
1.221548,0.488308,-0.779853,0.560304,-0.549190,0.441065,1.901036,0,0,0,0
0.795742,0.841218,-0.781667,0.018684,-0.534463,-0.508639,1.253651,0,0,0,0
0.898406,0.449141,-0.453483,0.008060,-1.050602,0.037460,0.116540,0,0,0,0
0.561854,0.082939,-0.446649,0.526476,-0.301841,0.291156,-0.500016,0,1,0,0
1.306398,0.279440,-0.498186,0.050407,-0.325419,0.342538,2.310988,0,0,0,0
0.690593,0.523062,-0.260695,0.126841,-0.675998,-0.506661,1.144926,0,0,0,0
0.740259,0.220395,-0.212330,0.303890,-1.067109,-0.205541,0.731847,0,0,0,0
0.301240,-0.568897,-0.266459,0.839696,-0.200272,0.182229,-0.292343,0,0,0,1
1.068503,0.417591,-1.210730,0.532703,-0.117176,-0.026951,1.804669,0,0,0,0
0.224169,0.569642,-0.407333,0.304657,0.611492,-0.221551,0.245270,1,0,0,0
1.166889,0.175135,-0.638766,0.504496,-0.167826,1.505871,1.746218,0,0,0,0
1.024929,0.045087,-0.818420,0.513904,-0.456330,-0.141108,1.315755,0,0,1,0
0.505766,1.008432,-0.241923,0.092893,0.786359,-0.227355,1.657720,0,0,0,0
-0.147895,0.527370,-0.312315,-0.199529,1.642269,-0.301175,-0.235486,0,0,0,0
0.719208,0.170571,-0.379869,0.644074,-0.030238,-0.678442,0.587290,0,0,0,0
0.728090,-0.924151,0.284886,0.862487,-1.003553,3.047519,0.380989,0,1,0,0
1.018756,-0.284300,-0.716066,0.952466,0.543812,0.169513,1.712754,0,0,0,0
0.627827,-0.038476,-0.719193,0.694292,0.221921,0.059305,0.492882,0,0,0,0
0.786009,0.223042,-0.381592,0.572267,-0.372737,-0.681172,0.367122,0,0,0,0
0.552019,0.003781,-0.117918,0.826201,-0.086166,0.568454,0.200734,0,0,0,1
1.050786,0.356094,-0.090144,0.351111,0.216054,0.530630,1.676406,0,0,0,0
0.607181,0.344980,-0.245177,0.362292,0.359195,1.236723,0.459704,0,0,0,0
0.750476,-0.102037,-0.398870,1.140637,0.336828,0.352023,0.916387,0,0,0,0
0.450062,0.044426,0.214894,0.902948,-0.278741,0.859443,0.453487,0,0,1,0
1.090582,0.699406,-1.137091,0.693096,0.040952,-0.351377,1.316583,0,0,0,0
0.747807,0.508375,-0.395251,0.344431,-0.104270,0.592136,0.498420,0,0,0,0
0.930876,-0.308406,-0.493439,1.094094,0.539573,0.083006,0.844833,0,0,0,0
0.525449,-0.526019,-0.469728,0.881238,0.151884,-0.299126,0.133736,0,1,0,0
0.831008,0.932729,-0.338408,0.404553,0.862097,-0.112410,1.449062,0,0,0,0
0.226089,1.367897,0.052348,-0.233195,0.656283,0.150276,0.223507,0,0,0,0
0.818040,0.087591,-0.518263,0.580210,-0.557355,0.269472,0.573578,0,0,0,0
0.408228,-0.273244,-0.163395,0.763576,-0.179602,0.018798,-0.289234,0,0,0,1
1.116756,0.278783,-0.947780,0.478172,-0.117166,0.331786,1.818939,0,0,0,0
0.448227,0.576303,-0.345356,0.305298,0.012649,0.332169,0.009189,0,0,0,0
1.151000,0.417058,-0.860052,0.157787,-0.916025,0.397380,0.833895,0,0,0,0
0.667466,0.355038,-0.140321,0.536208,-0.514057,-0.306771,0.393371,1,1,0,0
1.004668,0.872031,-0.597936,0.058374,-0.040544,0.152419,1.967964,0,0,0,0
0.640518,1.012525,-0.175781,-0.074807,-0.429472,0.358887,0.836705,0,0,0,0
0.717862,0.068591,-0.356798,0.160701,-1.201370,-0.106096,0.329554,0,0,0,0
0.339812,-0.472243,-0.214856,0.742798,-0.235004,0.606272,-0.448928,0,0,1,0
1.016959,0.670724,-1.245126,0.414983,-0.416065,-0.266823,1.650161,0,0,0,0
0.499986,0.815682,-0.921666,-0.185777,-0.385934,-0.754557,0.268421,0,0,0,0
0.914037,-0.345152,-0.296918,0.518257,-0.353449,0.565447,0.613938,0,0,0,0
0.603068,-0.108242,-0.306709,0.747166,-0.330809,0.009619,-0.102017,1,0,0,0
0.834577,1.244701,-0.528846,-0.370629,0.108115,0.145386,1.863779,0,0,0,0
0.623808,0.993982,-0.959626,-0.754528,0.238226,-0.490821,0.550632,0,0,0,0
0.983275,0.426748,-0.787592,0.069211,-0.944319,0.068131,0.371218,0,0,0,0
0.420306,-0.211826,-0.342305,0.533573,-0.135079,-0.020483,-0.640964,0,1,0,0
1.140607,0.032769,-0.722276,0.427986,-0.453087,0.308935,1.391189,0,0,0,0
0.690387,0.336783,-0.790265,0.013279,-0.577398,-0.198233,0.443545,0,0,0,0
0.897735,0.442444,-0.494155,0.130004,-0.965168,-0.146428,0.888680,0,0,0,0
0.673777,0.255888,-0.451474,0.381195,-0.438603,0.751282,-0.301105,0,0,1,1
1.064654,0.978972,-0.466797,-0.064856,0.002842,0.899512,2.605002,0,0,0,0
0.690511,1.236558,-0.533456,-0.239171,-0.091120,-0.349276,1.712814,0,0,0,0
0.928237,0.619216,-0.357622,0.153315,-1.064501,-0.094766,1.672228,0,0,0,0
0.710518,0.318775,-0.482247,0.048521,-0.908611,0.765270,1.001516,0,1,0,0
0.858131,0.866591,-0.877864,0.772932,0.095829,-0.289360,1.236695,0,0,0,0
0.231969,0.975734,-0.527474,0.223366,0.507358,0.002886,-0.045013,1,0,0,0
1.130379,-0.279351,-1.269133,-0.126425,-0.644013,0.813664,1.019024,0,0,0,0
0.882739,-0.098080,-1.567575,-0.197504,-0.709740,0.165432,1.286443,0,0,0,1
0.403908,1.204463,-0.749429,-0.454626,1.291539,-0.573496,1.300140,0,0,0,0
0.006552,1.412467,-0.166525,-0.628825,1.264906,0.601965,-0.360714,0,0,0,0
0.627080,-0.063412,-0.550197,0.392285,-0.212255,-0.134022,-0.381217,0,0,0,0
0.377685,-0.505934,-0.088685,0.739547,-0.247346,0.062286,-0.284650,0,0,1,0
1.179710,0.054984,-0.780538,0.866276,-0.373376,0.411624,1.648151,0,0,0,0
0.656697,0.214756,-0.899341,0.576547,0.678801,-0.171455,0.904335,0,0,0,0
0.670971,-0.015363,-0.577287,0.416050,-0.253362,-0.548022,-0.299781,0,0,0,0
0.688940,-1.309923,-0.260526,1.117209,-1.491959,2.172772,-0.524361,0,1,0,0
1.256372,0.437193,-0.385881,0.564710,-0.170576,0.848594,2.115574,0,0,0,0
0.560998,0.423804,-0.140797,0.518682,-0.298220,-0.250240,0.545366,0,0,0,0
0.950970,0.401511,-0.869237,0.271011,-0.783432,0.058670,1.085467,0,0,0,0
0.655729,-0.003840,-0.561738,0.337102,-0.856874,0.943284,0.650310,1,0,0,0
0.899187,0.306013,-1.128564,0.587317,-0.517267,0.026660,1.211404,0,0,0,0
0.146358,0.617975,-0.383297,0.394332,0.624267,-0.071667,-0.314576,0,0,1,0
1.135283,0.192832,-0.710729,0.358648,-0.450833,-0.044798,1.703120,0,0,0,0
0.911267,0.514654,-0.412263,0.368300,-1.020467,0.444763,1.777046,0,0,0,1
0.615603,0.907203,-0.408109,-0.058954,0.472422,-0.136875,2.013179,0,0,0,0
-0.030803,1.040705,-0.083661,-0.275564,1.121798,0.387754,0.053113,0,0,0,0
0.929700,-1.003553,0.073491,1.076907,-1.091384,0.402573,0.382464,0,0,0,0
0.725408,-1.185265,0.064423,0.947620,-1.320963,0.112217,0.142775,0,1,0,0
1.128993,-0.338905,-0.740718,0.826209,0.437665,0.282764,1.389966,0,0,0,0
0.650670,-0.036313,-0.701109,0.577591,0.242478,-0.179741,0.735593,0,0,0,0
0.831472,0.273903,-0.325384,0.602279,-0.331420,-0.560765,0.888956,0,0,0,0
0.575017,0.093609,-0.353356,0.513424,0.062686,1.283124,0.386428,0,0,1,0
0.914503,0.204280,-0.383181,0.984504,1.151235,-0.420450,1.514326,0,0,0,0
0.472301,0.623934,-0.146032,0.304789,0.459514,0.339506,0.121387,0,0,0,0
0.875878,-0.108124,-0.525600,0.890106,0.020718,1.354202,0.967573,0,0,0,0
0.644809,-0.247491,-0.436015,0.980745,0.040854,0.407134,0.456361,0,1,0,0
1.144852,0.630175,-1.188280,0.360778,-0.075719,0.055531,1.854554,0,0,0,0
0.339899,1.003459,-0.390679,0.193508,0.429908,-0.213454,0.561915,0,0,0,0
0.861319,-0.087877,-0.438551,0.633939,-0.153064,-0.083898,1.031094,0,0,0,0
0.814139,-1.664782,0.261254,0.820260,-0.629546,1.065728,0.205552,1,0,0,0
0.719135,1.072152,-0.059325,-0.002864,0.375756,0.256639,1.866866,0,0,0,0
0.061656,1.259429,0.396599,-0.066286,0.894041,-0.391081,0.077933,0,0,0,0
0.848777,0.422534,-0.303729,0.491126,-0.552414,0.839675,0.813159,0,0,0,0
0.506486,-0.273770,0.019600,1.011089,-0.190892,0.740152,0.106995,0,0,0,1
1.189506,0.185561,-1.205480,0.451910,0.053638,0.649738,1.632598,0,0,0,0
0.703927,-1.519241,0.587777,0.760116,-0.367591,0.053214,-0.041612,0,0,0,0
1.104513,0.373361,-1.370461,-0.103652,-0.489638,0.862979,1.359113,0,0,0,0
0.837545,-1.211570,-0.035027,1.278752,-1.281548,0.591077,0.331536,0,1,1,0
0.903094,0.089600,-0.574378,1.067781,0.818400,0.242701,1.546578,0,0,0,0
0.580106,-0.049743,-0.382200,0.789888,0.533326,0.643647,0.060397,0,0,0,0
0.660892,-1.701099,0.493676,1.070612,-0.687680,0.448272,-0.291275,0,0,0,0
0.595227,-1.722150,0.646705,1.052328,-0.426609,0.546457,-0.369898,1,0,0,0
1.164980,0.538197,-1.477236,0.251792,-0.006064,0.679017,1.690631,0,0,0,0
0.192454,0.613539,-0.334491,0.312243,0.664262,-0.755585,-0.134454,0,1,0,0
1.084077,-0.163565,-0.602002,0.497250,-0.571185,0.653596,1.254153,0,0,0,0
0.834576,-0.145559,-0.617026,0.680928,-0.320822,0.209063,0.703874,0,0,0,1
0.464222,0.856178,-0.100511,0.170337,0.649603,-0.728727,0.992356,0,0,0,0
-0.136778,0.678984,-0.066269,-0.082275,1.530263,-0.183591,-0.221251,0,0,0,0
0.705716,0.459977,-0.294254,0.379462,-0.345463,-0.069665,0.497626,0,0,0,0
0.654231,0.360543,0.121713,0.645250,-0.212822,0.334947,0.437106,0,0,1,0
1.140150,-0.145971,-1.075409,0.843172,0.413031,-0.551375,0.968456,0,0,0,0
0.739313,0.093282,-0.770463,0.509579,0.255770,-0.380035,0.599039,0,0,0,0
0.946846,0.263194,-0.650430,0.361902,-0.126961,0.062854,1.019670,0,0,0,0
0.599544,0.152549,-0.183183,0.698504,0.017127,-0.464916,-0.042583,1,0,0,0
1.160672,0.848624,-0.845640,-0.058671,0.306977,0.256061,2.462234,0,0,0,0
0.855510,0.865548,-0.974155,-0.461865,0.780046,-0.100024,1.889333,0,0,0,0
1.024675,0.551398,-0.963767,-0.173129,-0.335848,0.378085,1.828240,0,0,0,0
0.706461,-0.048426,-0.273636,0.537061,-0.263426,0.125633,0.733384,0,0,1,0
1.053957,0.482876,-1.096345,0.940675,0.152929,0.303516,1.372478,0,0,0,0
0.316132,0.891771,-0.117196,0.459365,0.678561,-0.045308,0.184170,0,1,0,0
1.144468,-0.109795,-1.140488,-0.077676,-0.863422,1.425703,0.747267,0,0,0,0
0.912350,0.019160,-1.389627,-0.057032,-0.452173,0.192743,1.061034,0,0,0,1
0.521049,1.401922,-0.628340,-0.424284,0.845365,-0.462696,1.274708,0,0,0,0
-0.004304,1.446937,-0.040005,-0.658705,1.115990,-0.190623,-0.244397,0,0,0,0
0.615647,0.001242,-0.521054,0.351190,-0.176101,-0.333341,-0.456098,0,0,0,0
0.370462,-0.867083,-0.359748,0.724023,-0.534311,-0.237538,-0.940993,1,0,0,0
1.283506,0.334349,-0.805712,0.774181,0.111723,0.429568,1.873539,0,0,0,0
0.925383,0.394404,-0.808898,0.410614,0.208200,-0.246341,1.327624,0,0,0,0
0.981927,-0.983430,-0.159898,0.984414,-1.705698,0.785674,-0.016788,0,0,0,0
0.896409,-0.997884,-0.325326,1.169312,-1.029040,0.607485,-0.284561,0,0,1,0
1.309910,0.012055,-0.509871,0.503219,0.103389,1.611675,2.147928,0,0,0,0
0.720872,0.427567,-0.587682,0.582505,0.156219,0.129317,1.392734,0,0,0,0
0.727683,-0.009066,-0.290919,0.697657,-0.356113,-0.583555,0.503062,0,0,0,0
0.350526,-0.622218,-0.309885,0.706277,-0.498115,0.719450,-0.168962,0,1,0,0
1.111399,0.328508,-1.147144,0.924454,-0.330009,-0.082622,2.032727,0,0,0,0
0.487939,0.834017,-0.394915,0.365484,0.390036,0.817907,0.679154,0,0,0,1
1.022937,0.094680,-0.689603,0.442362,-0.162418,0.437009,1.477598,0,0,0,0
0.876838,0.222021,-0.566948,0.215306,-0.603810,0.345606,1.393262,1,0,0,0
0.430623,1.037357,-0.075414,-0.187539,0.611110,-1.096924,1.261488,0,0,0,0
-0.160728,0.668218,-0.244229,-0.319254,1.220214,0.599260,-0.154780,0,0,0,0
0.788420,0.167025,-0.483429,0.471986,-0.215184,0.370975,0.488422,0,0,0,0
0.416775,-0.222872,-0.217384,0.773181,-0.046260,0.053624,0.240527,0,0,1,0
1.201945,0.030372,-0.572800,0.606640,-0.231776,0.119690,2.177870,0,0,0,0
0.731800,0.368913,-0.710513,0.359141,-0.164099,-0.543084,1.020105,0,0,0,0
0.879112,0.546740,-0.309304,0.353388,-0.642593,-0.089776,0.526569,0,0,0,0
0.479975,-0.086514,-0.392501,0.710126,0.090180,0.907612,0.045377,0,1,0,0
0.943376,0.494730,-0.283003,-0.070838,-0.005092,-0.129559,1.537942,0,0,0,0
0.670727,0.517526,-0.146440,0.089133,-0.213494,0.349730,0.436785,0,0,0,0
0.711141,-0.099624,-0.184184,1.026897,-0.218810,0.649585,0.981223,0,0,0,0
0.625656,0.142253,0.078639,0.828496,-0.494351,1.020528,0.525461,0,0,1,0
1.176948,0.578295,-0.840953,0.473118,-0.549459,-0.070040,1.685857,0,0,0,0
0.714771,-1.381821,0.850285,0.361652,-0.844284,0.815520,0.300437,0,0,0,0
1.053783,-0.010137,-0.526112,0.563403,-0.000536,-0.180658,1.200840,0,0,0,0
0.522043,-0.359647,-0.500677,0.805264,0.153576,0.355371,0.317025,0,0,0,1
0.650168,1.303319,-0.059168,0.130191,0.564713,0.644200,1.560512,0,0,0,0
0.517761,1.014264,0.147952,0.021419,0.249168,0.808030,0.860680,0,0,0,0
0.700675,0.053927,-0.048845,0.638282,-0.717254,-0.380431,0.563924,0,0,0,0
0.323374,-0.559572,-0.068406,0.924737,-0.206477,0.478504,-0.346903,1,0,0,0
1.160826,0.037907,-0.683173,0.801316,-0.065408,0.043892,1.901821,0,0,0,0
0.663685,0.560378,-0.422158,0.052811,-0.805414,-0.186960,0.958412,0,0,0,0
0.939789,0.576095,-0.189217,0.140678,-1.128094,-0.432686,1.353689,0,0,0,0
0.551208,0.097074,-0.103981,0.840934,0.109363,0.145159,0.386773,0,1,1,0
1.019730,0.212217,-0.303424,0.841722,0.426549,0.308853,1.710513,0,0,0,0
0.549856,0.276531,-0.176703,0.655204,0.690732,-0.155714,0.540766,0,0,0,0
0.466190,-0.277028,-0.212903,0.623283,-0.172613,-0.458557,-0.210897,0,0,0,0
0.279553,-0.412854,-0.035918,0.952597,0.073818,0.017959,-0.320352,0,0,0,1
1.014773,0.353046,-0.944528,0.623960,-0.421782,0.108643,1.335105,0,0,0,0
0.652511,0.382439,-0.571420,0.114291,-0.362689,0.491686,0.627101,0,0,1,0
1.194933,-0.218973,-0.701171,0.332412,-0.682413,0.841128,0.806091,0,0,0,0
0.675795,-0.143116,-0.403718,0.783922,-0.099269,0.686777,-0.335693,1,0,0,0
0.804806,1.031859,-0.447217,0.203279,0.288075,1.013427,1.245749,0,0,0,0
0.622320,0.709266,-0.419225,0.132539,0.517275,0.272750,0.020974,0,0,0,0
0.906932,0.097669,-0.711761,0.473960,-0.343072,0.245858,0.222056,0,0,0,0
0.786141,0.355125,-0.363570,0.441742,-0.380570,1.203356,0.324167,0,1,0,0
1.241015,-0.131651,-0.901260,0.172092,-0.245221,-0.271666,0.895080,0,0,0,0
0.698773,0.170331,-0.230337,0.447665,-0.103274,-0.149254,0.296508,0,0,0,0
0.621561,-0.182716,-0.587394,0.438167,-0.085484,-0.716175,-0.166502,0,0,0,0
0.430792,-0.529907,-0.358037,0.808249,0.038012,0.091854,-0.383293,0,0,1,1
1.213837,0.194583,-0.708931,0.609251,-0.046066,0.372008,2.305180,0,0,0,0
1.042618,0.112742,-0.816375,0.465562,-1.356688,-0.175879,1.265476,0,0,0,0
1.104921,-0.007075,-0.562913,0.828308,-1.388414,-0.572553,0.966722,0,0,0,0
0.990921,-0.261814,-0.667598,0.930675,-1.272744,0.501299,0.447788,1,0,0,0
1.154185,0.239759,-0.772684,0.852799,-1.060922,0.193693,1.768607,0,0,0,0
0.672935,-0.219615,-0.636110,1.268362,-0.468128,-0.318544,-0.275214,0,1,0,0
1.109261,-0.710217,-1.146445,0.424801,-1.078963,0.198344,0.781803,0,0,0,0
0.998502,-0.428082,-0.904977,0.583617,-1.115150,0.363611,1.280808,0,0,0,1
1.063468,0.640016,-0.614387,0.212615,-0.776013,-0.064787,2.005610,0,0,0,0
0.787446,0.326571,-0.462794,0.494629,-1.261706,-0.243596,1.263203,0,0,0,0
0.985182,-0.081055,-0.651742,0.746195,-0.739971,-0.941333,0.667116,0,0,0,0
0.795259,-1.056558,-0.540349,1.068001,-0.688980,0.274404,-0.294046,0,0,1,0
1.251766,0.155967,-0.763631,0.659837,-0.039608,0.537236,2.549908,0,0,0,0
0.967781,0.136038,-0.862226,0.424489,-0.246825,-0.033306,1.667248,0,0,0,0
1.031631,-0.027382,-0.704036,0.574353,-0.914991,-0.378079,1.293168,0,0,0,0
0.743038,0.030992,-0.569623,0.661794,-0.485727,0.174851,-0.138128,1,1,0,0
1.196439,0.459687,-0.628941,-0.080873,-0.352592,0.052965,1.896781,0,0,0,0
0.913878,0.401005,-0.945040,-0.068664,-0.277813,0.012706,1.501817,0,0,0,0
0.974742,-0.852660,-0.107832,1.084292,-1.342690,0.495203,0.307655,0,0,0,0
0.885486,-1.347002,-0.336483,1.204374,-1.300317,0.691858,-0.013599,0,0,0,1
1.111632,0.326215,-1.414425,0.380453,-0.495084,-0.174411,2.677032,0,0,0,0
0.255508,0.393114,-0.935518,0.353459,0.561811,-0.713485,-0.015130,0,0,1,0
1.219761,0.447961,-0.883589,0.125732,-0.632363,0.490446,1.540286,0,0,0,0
1.059958,0.529396,-1.178076,-0.038296,-0.401432,0.872565,1.698772,1,0,0,0
0.754761,1.050060,-0.841571,-0.111423,0.782539,-0.675187,1.845388,0,0,0,0
0.761982,0.774681,-1.108595,-0.184448,0.392614,0.774334,1.282596,0,0,0,0
0.983505,0.488106,-0.378115,0.195083,-0.758063,0.028709,1.417885,0,0,0,0
0.573465,0.012654,-0.086210,0.876936,-0.215706,-0.172835,0.581699,0,1,0,0
1.302130,0.288957,-1.350164,0.465061,0.094998,0.808866,1.991562,0,0,0,0
0.750976,0.274541,-1.322162,0.039531,0.294564,-0.107494,1.487219,0,0,0,0
1.031812,0.147232,-0.884781,0.136073,-0.628644,-0.351710,0.836947,0,0,0,0
0.611182,0.096650,-0.319994,0.628981,-0.091152,0.052298,0.239614,0,0,1,1
1.112354,0.534436,-0.585717,0.667362,0.881561,-0.327417,2.330903,0,0,0,0
0.476175,0.895327,-0.402771,0.239899,1.033743,0.300869,1.025473,0,0,0,0
1.067815,0.423935,-0.717405,0.159102,-0.679605,1.223679,1.376683,0,0,0,0
0.466219,-0.114893,-0.285618,0.600703,-0.402205,-0.355524,0.505335,0,1,0,0
1.083631,0.650554,-0.898213,0.545648,-0.026162,0.138076,1.982629,0,0,0,0
0.484705,1.117478,-0.209923,0.232568,-0.020003,-0.610636,0.544685,0,0,0,0
1.166709,-0.176442,-0.902481,0.490254,0.149119,1.554759,0.745733,0,0,0,0
0.639555,-0.440913,-0.718530,0.644469,0.134272,0.003449,-0.073495,0,0,0,1
0.957193,1.056227,0.063022,-0.101531,-0.086634,1.230008,2.675223,0,0,0,0
0.235972,1.658820,0.020311,-0.259268,1.056350,-0.462075,0.476564,0,0,0,0
0.931097,0.339860,-0.594746,0.433134,-0.317620,-0.513575,1.109633,0,0,0,0
0.377774,-0.391344,-0.422775,0.662612,0.137557,-0.256314,-0.104338,1,0,0,0
1.252907,0.709344,-1.309413,0.282619,0.014901,0.284693,2.002726,0,0,0,0
0.445693,0.358463,-0.670055,0.324612,0.763187,-0.088110,0.788544,0,0,0,0
1.083206,0.312844,-0.763664,0.119580,-0.705520,1.020869,0.984063,0,0,0,0
0.715584,0.319385,-0.436628,0.425874,-0.306477,0.059118,0.281124,0,1,1,0
1.269049,0.259896,-0.812051,0.061104,-0.569432,1.091821,2.065727,0,0,0,0
0.999049,0.492278,-1.139766,-0.303471,-0.664312,1.175984,0.703432,0,0,0,0
0.671630,-0.239805,-0.141483,0.501184,-0.383696,0.297242,-0.055968,0,0,0,0
0.457893,-0.723912,-0.375101,0.812320,-0.039420,1.077953,-0.218733,1,0,0,0
1.041595,0.351405,-0.999355,1.026062,0.039090,0.095549,1.763425,0,0,0,0
0.289285,0.455081,-0.315643,0.387360,0.284004,0.409405,0.309412,0,1,0,0
1.102605,-0.357321,-0.752379,0.775234,-0.301270,1.169993,1.427208,0,0,0,0
0.904053,-0.518061,-0.731242,1.054794,-0.042484,0.553290,0.685659,0,0,0,1
0.797873,0.299517,-0.376870,0.833475,0.685650,0.017550,1.656894,0,0,0,0
0.400043,0.556032,-0.418662,0.487803,0.771674,0.163840,0.239342,0,0,0,0
0.991196,0.267630,-0.497807,0.611342,-0.312197,-0.269316,1.097498,0,0,0,0
0.740500,-0.882303,-0.332889,0.928916,-0.591195,0.461779,-0.213194,0,0,1,0
1.235528,-0.026676,-1.365552,0.365380,-0.255265,0.892184,1.230312,0,0,0,0
0.853811,0.137311,-1.226333,-0.118720,-0.475249,0.334166,0.176643,0,0,0,0
0.659617,-0.153866,-0.397908,0.702915,-0.177031,-0.485091,-0.297071,0,0,0,0
0.517106,-0.202496,-0.382156,0.677752,0.122371,-0.164548,-0.544916,1,0,0,1
1.124833,0.942193,-0.794900,0.066613,0.409283,-0.310068,2.222280,0,0,0,0
0.821251,0.721890,-1.355384,-0.095128,0.401514,-0.397375,1.408743,0,0,0,0
1.028252,0.397595,-0.664839,0.216369,-0.514209,-0.469424,1.223871,0,0,0,0
0.573516,0.139088,-0.117852,0.759324,-0.063726,0.931720,0.228560,0,1,0,0
1.180564,0.512228,-1.244592,0.450919,0.021652,0.952198,1.906302,0,0,0,0
0.692303,0.678687,-0.642787,-0.076186,-0.139103,0.534116,0.353762,0,0,1,0
1.033145,-0.643292,-1.017806,0.632469,0.019437,-0.526642,0.366513,0,0,0,0
0.778099,-0.501243,-1.041572,0.875658,0.464634,-0.016520,0.736347,1,0,0,0
0.654397,1.393296,-0.395104,0.049200,0.875659,-0.188385,1.728568,0,0,0,0
0.094530,1.394873,-0.323877,-0.297783,1.212147,-0.684411,0.074371,0,0,0,0
0.714105,0.044503,-0.594199,0.350814,-0.247491,-0.833800,0.113001,0,0,0,0
0.397456,-0.426279,-0.012453,0.865486,-0.313114,0.044179,-0.071855,0,0,0,1
1.254599,0.217595,-0.866964,0.511871,-0.064081,0.300345,2.271320,0,0,0,0
0.822231,0.611983,-0.754249,0.053168,-0.293891,0.055071,1.230387,0,0,0,0
0.967156,0.274961,-0.669683,0.112032,-0.654074,-0.989949,0.538638,0,0,0,0
0.642212,0.274866,-0.227376,0.602148,-0.413691,0.911761,-0.011121,1,1,0,0
1.032655,0.326182,-0.576906,0.027496,0.091164,0.462002,1.643193,0,0,0,0
0.719902,0.724739,-0.489183,-0.128710,-0.283541,0.225785,0.979752,0,0,0,0
0.755306,-0.596757,-0.096875,0.951772,-0.765090,-0.398653,0.440445,0,0,0,0
0.582476,-1.018872,-0.339036,1.346555,-0.094255,1.081548,0.033603,0,0,1,0
1.163954,0.317295,-1.182085,0.527100,-0.610089,0.197243,2.507104,0,0,0,0
0.614082,0.510066,-0.466605,0.138471,-0.171488,1.777593,0.956469,0,0,0,1
1.099015,0.619343,-0.469644,0.217496,-0.476079,0.221225,1.050119,0,0,0,0
0.919029,0.321569,-0.665026,0.201311,-0.794052,0.463969,1.598072,0,1,0,0
0.683760,1.329033,0.153123,-0.102412,0.030880,-0.423446,1.878874,0,0,0,0
0.233625,1.101324,0.242128,0.071033,0.367798,-0.392259,1.120732,0,0,0,0
0.805979,0.624810,-0.056656,0.326588,-0.597037,-0.070401,1.650322,0,0,0,0
0.563068,0.346654,0.017291,0.556895,-0.504669,0.375200,0.630631,1,0,0,0
1.143069,0.270134,-1.194989,0.496865,0.406724,0.260087,1.684566,0,0,0,0
0.685171,0.401401,-0.854528,0.227799,0.185043,0.215300,0.465474,0,0,0,0
1.073556,-0.676521,0.207849,0.636079,-0.916829,-0.095176,0.383079,0,0,0,0
0.889757,-1.012229,-0.084134,0.973741,-1.224378,0.295067,0.258539,0,1,0,1
1.120748,0.773087,-0.194857,0.137392,-0.012529,0.247083,2.514857,0,0,0,0
0.609528,1.049236,-0.211519,0.137921,0.436049,0.384952,1.052038,0,0,0,0
1.019653,0.467975,-0.491643,0.429693,-0.734941,0.804140,1.239023,0,0,0,0
0.421327,-0.001457,-0.078791,0.579474,-0.477649,-0.261092,0.182407,0,0,1,0
1.071198,0.697701,-1.407229,0.430639,-0.049461,0.014666,1.334912,0,0,0,0
0.315865,0.711365,-0.573197,0.157488,0.477934,-0.066258,-0.099306,0,0,0,0
1.075834,-0.370196,-0.561824,0.598247,0.138192,-0.099509,0.856943,0,0,0,0
0.754874,0.001260,-0.518358,0.441882,-0.764232,0.841636,0.373542,0,0,0,1
0.957987,1.265324,-0.654791,0.063711,0.304120,0.020457,1.950364,0,0,0,0
0.432151,1.416881,0.159769,-0.395869,0.392047,0.175570,0.475188,0,0,0,0
1.187764,0.433297,-1.139277,-0.018067,-0.432261,0.576498,1.216445,0,0,0,0
0.384858,-0.405369,-0.319311,0.752915,-0.111295,-0.625406,-0.255045,1,0,0,0
1.222644,0.383266,-1.413650,0.216756,-0.335037,0.209563,1.725427,0,0,0,0
0.830114,0.778664,-1.363836,-0.255583,-0.235027,-0.181109,0.895955,0,0,0,0
1.123997,0.544993,-0.834812,-0.070574,-1.174467,0.273839,1.372566,0,0,0,0
0.598999,0.281203,-0.345325,0.486979,-0.417715,-0.344832,0.071246,0,1,1,0
1.251484,0.115295,-0.845866,0.219711,-0.221987,1.124227,2.023164,0,0,0,0
0.866752,0.250734,-0.925639,-0.113716,-0.337450,0.332070,0.681112,0,0,0,0
0.768155,-0.068111,-0.398827,0.322701,-0.399454,0.906704,0.045528,0,0,0,0
0.501477,-0.179951,-0.257850,0.560956,-0.685046,0.057865,-0.368609,0,0,0,1
1.190100,0.585725,-1.139040,0.549872,-0.308994,-0.245623,2.056655,0,0,0,0
0.768927,0.597028,-0.961699,-0.270067,-0.288506,-0.126103,1.146734,0,0,0,0
0.879483,-0.695640,-0.649884,0.735471,-0.046693,0.094623,-0.006372,0,0,0,0
0.607737,-0.400282,-0.644210,0.624629,-0.046294,-0.191355,-0.464100,1,0,0,0
0.828610,0.767108,-0.222465,0.293072,0.020643,0.521178,1.491236,0,0,0,0
0.485119,0.436010,-0.104687,-0.074467,0.010683,-0.347675,0.013412,0,0,0,0
0.942285,-1.022941,-0.060144,0.478834,-1.206245,-0.335596,-0.115715,0,0,0,0
0.679707,-1.214733,0.702286,0.693680,-1.306986,-0.022045,-0.252869,0,1,0,0
1.375272,0.400164,-1.417916,0.105311,-0.430083,0.443920,1.978820,0,0,0,0
0.981057,0.598870,-1.644783,-0.430094,-0.378092,-0.227473,1.466806,0,0,0,0
0.870458,-0.046431,-0.715270,0.125984,-1.104557,-0.188786,-0.022185,0,0,0,0
0.355777,-0.767632,-0.465588,0.966683,0.705685,0.186204,-0.461862,0,0,1,1
1.030724,0.724491,-0.131991,0.140534,0.176832,1.092871,2.551978,0,0,0,0
0.662982,0.773693,-0.395592,0.025756,0.188741,-0.474614,1.085499,0,0,0,0
0.908848,0.515690,-0.254608,0.450118,-0.512300,-0.174638,1.562080,0,0,0,0
0.541940,0.049341,-0.167986,0.693650,-0.302701,0.261822,0.195590,1,0,0,0
1.076578,0.268485,-1.015654,1.126039,0.421147,-0.048026,1.570176,0,0,0,0
0.458352,0.745052,-0.317898,0.318190,0.161807,-0.251778,0.001898,0,1,0,0
1.031232,-0.440551,-0.879315,0.601232,0.122714,-0.680731,0.168894,0,0,0,0
0.940671,-0.328400,-1.052453,0.517909,-0.027652,1.088360,0.303292,0,0,0,1
0.832759,0.898888,-0.314897,-0.014291,0.388815,0.082243,1.458606,0,0,0,0
0.713384,-0.889527,0.820113,0.283894,-1.319587,2.918079,-0.155175,0,0,0,0
0.898841,-1.062748,0.183714,0.464171,-1.189004,-0.167531,0.307745,0,0,0,0
0.541769,-1.636019,0.528558,0.875922,-0.528709,-0.349086,-0.275611,1,0,0,0
1.328374,0.205000,-1.078423,0.272215,-0.085859,0.980750,2.112501,0,0,0,0
0.924012,0.550917,-1.227927,-0.180400,-0.288186,-0.499135,1.628489,0,0,0,0
0.959451,0.099318,-0.651163,0.124039,-0.755298,-0.416887,0.579640,0,0,0,0
0.553439,-0.188661,-0.499329,0.656978,0.055232,0.244796,-0.590813,0,1,1,0
1.189817,0.551475,-0.734443,-0.005976,0.120341,0.126486,1.989724,0,0,0,0
0.785635,0.477833,-0.715988,-0.054939,-0.074038,-0.256632,0.737441,0,0,0,0
0.934146,-1.052263,-0.248836,1.190954,-1.243770,0.210354,0.069276,0,0,0,0
0.733504,-0.047244,-0.640639,0.627977,-0.823127,1.675733,0.761583,0,0,0,1
1.044420,0.331056,-0.942977,0.404793,-1.007978,0.621547,2.125144,0,0,0,0
0.260908,0.576474,-0.543689,0.423503,0.412459,-0.184907,0.058080,1,0,0,0
1.023696,0.143989,-0.759602,0.488046,-0.051781,0.000499,1.029137,0,0,0,0
0.749778,-0.032714,-0.726400,0.538720,-0.349498,0.204464,1.273587,0,0,1,0
0.736049,1.039217,-0.197603,0.266971,0.485691,0.184176,2.376280,0,0,0,0
-0.044883,1.200000,0.087803,0.012903,1.384117,-0.404696,0.471279,0,0,0,0
0.798144,0.480578,-0.328757,0.272991,-0.485087,-0.204919,0.910074,0,0,0,0
0.521299,0.009126,-0.113424,0.752906,-0.086649,0.382293,0.565651,0,0,0,1
1.025147,0.114469,-1.112171,0.640047,0.233412,-0.350572,1.748728,0,0,0,0
0.623903,0.258584,-0.853738,0.036737,-0.265631,0.162032,0.764457,0,0,0,0
0.801135,0.256595,-0.395840,0.445389,-0.136118,-0.295197,0.795554,0,0,0,0
0.561659,-0.109635,-0.423065,0.661581,0.238313,0.251777,0.231340,1,1,0,0
1.177756,0.626604,0.003602,0.271499,0.378586,0.106770,2.953370,0,0,0,0
0.633078,1.195174,0.029027,-0.045889,0.142668,0.291364,1.538507,0,0,0,0
0.856817,0.500150,-0.273672,0.278673,-1.002587,0.219629,1.585495,0,0,0,0
0.487496,0.108749,-0.075222,0.610312,-0.660524,0.061782,0.373979,0,0,1,0
1.171648,0.609297,-1.358134,0.334009,0.088768,0.279209,1.731813,0,0,0,0
0.393694,0.826358,-0.301961,0.185835,0.575676,-0.242421,0.241372,0,0,0,0
1.066702,-0.177699,-0.981755,0.277831,-0.312277,0.347127,0.852227,0,0,0,0
0.756218,0.084237,-0.668545,0.420325,-0.335057,0.162706,0.400242,1,0,0,0
0.915712,1.103079,-0.478263,0.226514,0.767681,-0.114582,1.925240,0,0,0,0
0.023591,1.715787,-0.142344,-0.238619,1.672549,-1.003182,-0.056296,0,0,0,0
0.935409,0.241947,-0.525225,0.485017,-0.443041,-0.110030,0.947516,0,0,0,0
0.393852,-0.521309,-0.425693,0.815303,0.027359,0.045685,-0.284054,0,0,0,1
1.188493,0.267453,-0.677543,0.738912,-0.280628,0.447725,2.204474,0,0,0,0
0.748559,0.513403,-0.484311,0.241400,0.016214,-0.259208,0.757689,0,0,0,0
1.057641,0.326757,-0.653158,0.065212,-0.817631,0.280529,0.971182,0,0,0,0
0.958519,-0.946550,-0.448131,1.107171,-0.998540,0.492403,0.059747,0,1,1,0
1.197911,0.390963,-0.583158,0.803032,-0.194175,0.508989,2.049834,0,0,0,0
0.710665,0.224159,-0.531795,0.632290,-0.100931,0.496478,1.029726,0,0,0,0
0.723638,-0.183290,-0.175432,0.608926,-0.357177,1.131032,0.255617,0,0,0,0
0.447624,-0.354454,-0.361356,0.692981,-0.329046,0.546751,-0.529556,1,0,0,0
1.093772,0.294796,-1.390744,0.639204,-0.043184,-0.408304,2.128647,0,0,0,0
0.658931,0.419579,-0.854052,0.018829,-0.101492,0.202567,0.856514,0,0,1,0
1.127186,-0.447402,-0.820227,0.357802,-0.722466,0.267891,1.253713,0,0,0,0
1.047586,-0.121978,-0.649291,0.417073,-0.822101,0.376637,1.770499,0,1,0,0
1.016062,0.784037,-0.239494,0.088574,-0.338428,-0.249531,2.524491,0,0,0,0
0.125193,0.751449,-0.113409,-0.044270,0.714350,-0.370787,-0.409271,0,0,0,0
0.760814,0.136438,-0.296067,0.599758,-0.191476,-0.243340,0.888714,0,0,0,0
0.420107,-0.145426,-0.029123,0.735029,-0.362837,0.235601,-0.187774,1,0,0,0
1.191310,0.116226,-0.935224,0.511440,-0.654489,0.022526,1.488027,0,0,0,0
0.762796,0.517270,-0.999026,0.010112,-0.539780,-0.220072,0.233765,0,0,0,0
0.833527,0.167474,-0.438747,0.433794,-0.350479,-0.038745,-0.134134,0,0,0,0
0.506828,-0.098131,-0.341463,0.643568,-0.243852,0.226820,-0.583371,0,0,1,1
1.083393,0.980995,-0.436098,0.068574,-0.006611,0.185212,2.495119,0,0,0,0
0.663448,0.795200,-0.791659,-0.164038,0.124052,-0.274909,0.796195,0,0,0,0
0.822499,0.476281,-0.196245,0.413992,-0.776790,0.182839,0.908086,0,0,0,0
0.409752,-0.055854,-0.010254,0.979340,0.184630,-0.342137,0.009802,1,0,0,0
1.110617,0.558166,-1.005285,0.634831,-0.246916,0.492508,1.750481,0,0,0,0
0.582778,0.908476,-0.725795,0.053989,-0.280372,-0.717892,0.316466,0,1,0,0
1.018854,-0.406094,-0.700385,0.234708,-0.362179,-0.061277,0.426857,0,0,0,0
0.847305,-0.126324,-0.615527,0.326034,-0.468603,0.432904,0.207231,0,0,0,1
0.690836,1.161185,-0.176783,-0.337893,0.167226,-0.245782,1.722767,0,0,0,0
0.228621,1.034954,-0.025639,-0.445419,0.736429,0.111630,0.194052,0,0,0,0
0.664388,-0.192549,-0.668717,0.416081,-0.166640,-1.023313,0.017482,0,0,0,0
0.438122,-0.522099,-0.342286,0.839477,0.008131,0.022090,-0.439286,0,0,1,0
1.229274,0.242275,-0.991115,0.355378,-0.340438,0.625739,2.043351,0,0,0,0
0.832741,0.323402,-0.786133,0.187794,-0.085273,0.231460,0.900068,0,0,0,0
0.969214,-1.039069,0.004953,0.634243,-0.614554,-0.555301,-0.151863,0,0,0,0
0.839596,-1.259190,0.149692,0.455522,-0.889847,0.852100,-0.292794,1,1,0,0
1.229946,0.591058,-0.869162,-0.208188,0.132633,1.186078,2.201273,0,0,0,0
0.834151,0.694862,-1.008457,-0.068793,0.225154,0.068819,1.395999,0,0,0,0
0.981186,0.134432,-0.368923,0.415081,-0.552234,0.179927,1.007917,0,0,0,0
0.532014,-0.124854,-0.259693,0.647142,-0.389261,0.459880,0.240584,0,0,1,0
1.115472,0.194214,-1.499307,0.509207,-0.173373,1.021789,2.336624,0,0,0,0
0.302067,0.680896,-0.656002,0.055889,0.202739,-0.360495,0.191744,0,0,0,1
1.036108,0.498862,-0.279909,0.461904,-0.219601,-0.511091,1.376587,0,0,0,0
0.940299,0.455551,-0.376625,0.653861,-0.399178,-0.091609,1.581493,0,1,0,0
0.809094,1.220471,-0.087575,0.184844,0.311970,0.034600,2.435054,0,0,0,0
-0.004099,1.217462,0.162940,0.039623,1.288407,-0.540177,0.252981,0,0,0,0
0.773310,0.573488,-0.025510,0.502669,-0.369990,-0.374179,1.312802,0,0,0,0
0.545232,0.112676,-0.127267,0.712846,-0.085090,-0.114070,0.778773,1,0,0,0
1.123046,0.468248,-0.800357,0.700069,-0.024021,-0.406137,1.885381,0,0,0,0
0.641179,0.568355,-0.546437,0.335483,-0.112322,-0.299523,1.112848,0,0,0,0
0.833360,0.363972,-0.316269,0.380413,-0.678940,-0.180655,0.429507,0,0,0,0
0.535705,0.013289,-0.313336,0.615531,-0.175889,0.398024,-0.080278,0,0,1,1
1.114543,0.601107,-0.230451,0.257154,-0.121466,0.685468,2.092555,0,0,0,0
0.550509,1.169464,-0.366847,-0.216243,0.329487,0.317234,0.616769,0,0,0,0
0.877665,0.633449,-0.180154,0.221855,-1.011248,0.965000,1.295680,0,0,0,0
0.528364,0.002986,-0.114925,0.693839,-0.660316,-0.054641,0.225329,0,1,0,0
1.132191,0.696066,-1.223950,0.354595,-0.497907,-0.326172,1.652297,0,0,0,0
0.147916,0.773362,-0.576090,0.325633,0.910936,-0.950370,-0.224379,0,0,0,0
1.070363,-0.115892,-0.808719,0.351398,-0.252029,0.761222,0.629531,0,0,0,0
0.795663,-1.390993,-0.680097,1.212490,-0.705844,0.604186,-0.189798,0,0,0,1
0.813159,1.258064,-0.313603,0.456006,0.092628,0.311936,2.058133,0,0,0,0
0.134304,1.593607,0.157602,-0.202250,1.235700,-0.603656,0.298874,0,0,0,0
1.056322,0.455567,-1.164201,0.035635,-0.273232,0.538914,1.227999,0,0,0,0
0.553127,-0.189043,-0.251432,0.678799,-0.352969,1.231059,-0.088122,1,0,0,0
1.162509,0.061186,-0.943768,0.637547,-0.153851,0.095033,2.108499,0,0,0,0
0.663833,0.390347,-0.771510,0.523303,0.484199,-0.495664,0.614795,0,0,0,0
0.995561,0.178152,-0.711148,0.210470,-0.532440,-0.588450,0.659074,0,0,0,0
0.699921,0.391206,-0.505696,0.235773,-0.639397,0.358686,0.368255,0,1,1,0
1.097240,0.515494,-0.171764,0.502232,-0.627127,0.254224,2.301042,0,0,0,0
0.713286,0.584154,-0.452399,0.179401,-0.296344,0.175935,1.322392,0,0,0,0
0.868952,0.035015,-0.158894,0.427986,-1.040715,0.393024,0.673611,0,0,0,0
0.393229,-0.462719,-0.264458,0.691266,-0.560162,-0.510033,-0.406163,0,0,0,1
1.102336,0.345411,-1.077315,0.616927,-0.088509,-0.152203,2.034289,0,0,0,0
0.239883,0.774578,-0.595773,0.314731,0.729965,-0.841243,0.266807,1,0,0,0
1.150388,-0.364729,-0.758354,0.438802,-0.415073,0.168056,1.272770,0,0,0,0
0.934518,-0.269046,-0.877919,0.475393,-0.285046,0.074893,0.901724,0,1,0,0
0.790465,0.760870,-0.286900,0.075552,0.186346,-0.778619,1.469513,0,0,0,0
0.401193,0.691597,-0.279412,-0.278169,0.023973,-0.161291,0.133538,0,0,0,0
0.834529,0.041774,-0.591436,0.229253,-0.583219,-0.387565,0.699604,0,0,0,0
0.633683,-0.109932,-0.153700,0.686499,-0.490320,0.108138,-0.076221,0,0,1,0
1.134936,0.001703,-0.837338,0.748353,-0.153882,0.209738,1.524719,0,0,0,0
0.642611,0.115176,-0.693399,0.435746,0.219765,0.230404,-0.257804,0,0,0,0
0.743173,-0.299023,-0.537595,0.468406,-0.496787,-0.063728,0.127766,0,0,0,0
0.557840,-0.331146,-0.437616,0.709889,-0.282598,1.272611,-0.246714,1,0,0,1
1.312258,-0.453974,-0.610693,1.207562,-0.793104,0.199091,1.975498,0,0,0,0
1.022471,-0.842785,-0.683174,1.391634,-1.242342,0.062547,0.526483,0,1,0,0
1.016781,-0.544334,-0.342269,1.551777,-1.112811,-0.413987,0.922989,0,0,0,0
0.987688,-0.567757,-0.206455,1.348636,-1.195461,0.622192,0.801909,0,0,1,0
1.152092,-0.351701,-1.224950,0.922676,-1.067713,0.399793,0.284984,0,0,0,0
0.859567,-0.441155,-0.418192,1.146641,-0.992577,-0.237036,-0.170015,0,0,0,0
1.040343,-0.833645,-1.048979,0.705440,-0.661950,-0.263869,-0.538863,0,0,0,0
0.759054,-0.751666,-1.168344,0.762333,-0.197866,0.654061,-0.710514,0,0,0,1
0.985130,0.648136,-0.498725,0.641034,-0.564065,0.502163,1.539889,0,0,0,0
0.629044,0.575036,-0.411949,0.384365,-0.615059,-0.304438,-0.020535,0,1,0,0
0.802639,0.366034,-0.768346,0.252774,-0.840063,-0.480034,0.089280,0,0,0,0
0.338893,0.335465,-0.575959,-0.090783,-0.320288,-0.710357,-0.494800,1,0,0,0
1.192463,0.059115,-1.175700,0.482276,-0.192305,-0.070731,1.282125,0,0,0,0
0.707304,0.609077,-0.818054,0.168317,0.099540,0.176220,0.551240,0,0,1,0
0.771757,0.907899,-0.396780,0.240389,0.101692,-0.521176,1.124925,0,0,0,0
0.297424,1.302897,-0.362828,-0.138850,0.911926,-0.272393,-0.067311,0,1,0,0
1.104114,0.157941,-0.363343,0.371637,-0.673677,-0.214983,0.806655,0,0,0,0
0.508880,0.775126,-0.538907,-0.036922,0.251036,-0.269227,0.411316,0,0,0,0
0.587468,0.479110,-0.046711,0.633460,-0.497505,-0.230382,1.140791,0,0,0,0
-0.065515,0.972654,-0.378214,-0.146713,1.325578,-0.744200,-0.558357,0,0,0,1
0.936167,0.111755,-1.162400,0.939585,-0.179382,-0.169948,0.639293,0,0,0,0
0.288429,0.739402,-0.680018,0.356093,0.330193,-0.928494,-0.079900,0,0,0,0
0.837927,0.433787,-0.454404,0.358606,-0.133368,-0.085822,0.719383,0,0,0,0
0.382606,1.203187,-0.365145,0.142637,0.694481,0.232353,0.305378,1,0,0,0
0.723932,0.338573,-0.089839,0.905643,-0.093104,-0.320711,1.675951,0,0,0,0
-0.145696,1.287805,0.083637,0.070579,1.434139,-0.483576,-0.008477,0,0,1,0
0.727813,0.690420,-0.468248,0.329150,-0.711168,-0.227317,0.706260,0,0,0,0
-0.040614,1.864139,0.061465,-0.372181,1.100849,-0.834902,0.053167,0,1,0,0
1.135435,0.069861,-1.174133,0.686446,-0.145958,-0.216633,0.625090,0,0,0,0
0.486467,0.516681,-0.994205,0.352248,0.305467,-0.304655,-0.068457,0,0,0,1
0.849573,0.602859,-0.646884,0.085619,-0.524096,-0.363917,0.398220,0,0,0,0
0.157324,1.418715,-0.581226,-0.193637,1.124300,-0.410538,-0.289546,1,0,0,0
0.920157,0.636859,-0.360654,0.146686,0.158638,0.015205,1.964334,0,0,0,0
0.248689,0.960609,-0.502569,0.044654,1.166128,-0.803586,0.627297,0,0,0,0
0.581086,0.104606,-0.479572,0.447767,-0.638051,0.667363,0.463157,0,0,0,0
-0.227862,1.661020,-0.252357,-0.776421,1.703539,-0.122971,-0.327082,0,0,1,0
1.006396,0.155074,-1.232815,0.808972,-0.357060,-0.512684,0.658132,0,0,0,0
0.256511,0.795733,-0.713860,0.341592,0.628828,-0.473167,0.155605,0,0,0,0
0.762057,-0.540203,-0.810413,0.576916,0.148387,0.007270,0.320238,0,0,0,0
0.278250,0.206991,-0.771231,0.052936,1.087911,-0.621137,0.027424,0,0,0,1
0.679861,0.808445,-0.438256,0.476891,-0.019821,-0.516626,1.194294,0,0,0,0
-0.020364,1.912830,-0.079558,-0.364865,1.545993,-0.050457,-0.162693,0,1,0,0
0.557289,0.478366,-0.845596,0.047632,-0.603099,-0.929100,0.392017,0,0,0,0
-0.117749,1.536448,-0.602936,-0.665682,1.506404,-0.440484,-0.201371,1,0,0,0
1.197199,-0.143475,-1.518551,0.415573,-0.605613,-0.522049,1.048022,0,0,0,0
0.570188,0.569731,-1.165155,0.024621,0.137320,-0.462750,0.400752,0,0,0,0
0.732121,0.419393,-0.436969,0.503993,-0.212965,-0.033501,1.399674,0,0,0,0
0.088576,1.593048,-0.594296,-0.395793,1.402147,-0.687797,-0.135459,0,1,0,0
0.903848,-0.128289,-0.643592,0.346759,-0.769832,-0.183299,1.115568,0,0,0,0
0.437565,0.418696,-0.725414,0.137701,0.297211,-0.395685,-0.066375,0,0,1,0
0.535426,0.454773,-0.269649,0.217755,-0.463890,-0.520092,0.786804,0,0,0,0
-0.072676,1.373472,-0.275458,-0.569045,0.851224,-0.304645,-0.503183,0,0,0,1
0.848596,0.144097,-1.217105,0.858214,-0.314443,-0.483646,0.013831,0,0,0,0
0.180225,0.299761,-1.002771,0.395172,0.703404,-0.557964,-0.422196,0,0,0,0
0.944934,-0.730917,-0.641293,0.748074,0.001962,0.397101,0.074272,0,0,0,0
0.446533,0.041326,-0.524807,0.433379,0.551583,-0.577623,-0.563447,1,0,0,0
1.156973,0.849487,-0.829016,-0.413753,-0.834873,0.537037,2.161352,0,0,0,0
0.556104,1.305285,-0.457058,-1.135716,-0.456671,0.030259,0.702886,0,0,0,0
0.930279,0.964265,-0.630273,-0.174440,-0.454378,0.101869,1.697001,0,0,0,0
0.353175,1.194442,-0.289790,-0.887863,0.312860,-0.403653,0.307614,0,0,0,1
1.111830,-0.105710,-1.283812,0.382763,-0.569015,0.067268,0.698942,0,0,0,0
0.708655,0.478480,-1.381146,-0.420382,-0.593489,-0.080998,0.427548,0,0,0,0
1.019914,0.361520,-0.858555,0.111140,-0.985793,0.559651,0.753257,0,0,0,0
0.467793,0.957867,-0.753334,-0.763898,-0.279937,0.343659,0.157672,0,0,1,0
1.115361,0.736623,-0.648620,0.079391,-0.037552,-0.311308,2.031389,0,0,0,0
0.569157,0.860647,-0.935095,-0.417062,0.554283,-0.095088,0.259471,0,1,0,0
0.874645,0.848613,-0.704014,-0.098006,-0.643322,-0.189323,1.222367,0,0,0,0
0.557865,1.396884,-0.406734,-0.700475,0.317714,-0.517244,1.138590,0,0,0,1
1.124467,0.478295,-1.443028,0.212414,-0.900514,0.489409,1.113138,0,0,0,0
0.591420,0.670205,-0.810891,-0.220699,0.231407,-0.018936,0.611359,0,0,0,0
0.897741,-0.202690,-0.943290,0.099453,0.024819,-0.051857,0.153506,0,0,0,0
0.654716,0.413091,-1.144369,-0.234350,0.478544,-0.318418,0.140875,1,0,0,0
0.969540,0.826000,-0.706553,-0.058053,-0.421723,-0.310703,1.807837,0,0,0,0
0.506157,1.036723,-0.874905,-0.944197,0.183933,0.025923,0.840824,0,0,1,0
0.893374,0.569241,-1.121054,-0.230464,-0.861967,-0.560042,0.744053,0,0,0,0
0.373317,1.117364,-0.553134,-0.923632,0.427518,-0.324730,0.234489,0,0,0,1
1.346802,0.241614,-1.451490,0.030302,-0.614095,0.061162,1.718316,0,0,0,0
0.856742,0.845076,-0.982908,-0.164795,0.047571,-0.497371,0.797479,0,1,0,0
0.811332,0.641746,-0.875077,-0.074190,0.078039,0.172928,1.245006,0,0,0,0
0.481101,1.183803,-0.622262,-0.678146,0.205996,0.046365,0.254429,0,0,1,0
0.999392,0.386961,-0.708486,-0.233057,-0.774636,-0.124852,0.710845,0,0,0,0
0.660054,0.677717,-1.028261,-0.541961,0.056208,-0.061421,0.364222,0,0,0,0
0.800574,0.544466,-0.514052,0.125915,-0.621479,-0.749484,1.309168,0,0,0,0
0.332016,0.982504,-0.646328,-0.772109,0.188377,-0.129714,-0.140225,1,0,0,0
1.101994,0.204347,-1.427892,0.325943,-1.110718,-0.205872,0.716863,0,0,0,0
0.628228,0.863237,-0.946646,-0.444972,-0.596341,-0.364007,0.318321,0,0,0,0
1.056697,0.752922,-0.544483,0.142705,-0.337884,-0.317863,1.119306,0,0,0,0
0.644887,1.261643,-0.678468,-0.379434,0.230778,-0.230318,0.624000,0,0,0,1
1.001164,1.024624,-0.396889,-0.332377,-0.771365,0.522565,1.893677,0,0,0,0
0.372762,1.076204,-0.328063,-0.703435,0.287389,0.296674,0.877102,0,1,0,0
0.985730,0.670398,-0.782395,0.001578,-1.016694,-0.360994,1.555830,0,0,0,0
0.376546,1.326193,-0.370828,-0.892651,-0.030926,-0.137213,0.756517,0,0,1,0
1.311749,0.392361,-1.273323,0.310995,-0.715885,-0.303098,1.174262,0,0,0,0
0.814246,0.854384,-1.027301,-0.244173,-0.441359,-0.120115,0.726036,1,0,0,0
0.994160,0.685451,-0.696916,-0.079391,-1.148379,-0.361582,1.153172,0,0,0,0
0.543349,1.276570,-0.502269,-0.674492,-0.164251,0.599861,0.323878,0,0,0,1
1.186699,0.361559,-0.700433,-0.097428,-0.120035,-0.988735,2.272241,0,0,0,0
0.551388,0.500789,-0.909212,-0.481776,0.747637,0.141960,1.027232,0,0,0,0
0.661022,0.354307,-0.662740,-0.174614,-0.343617,-0.309950,0.939585,0,0,0,0
0.495139,1.060185,-0.360460,-0.897206,0.351043,-0.133737,0.878811,0,1,0,0
1.102247,-0.030853,-1.392421,0.589872,-0.422257,-0.664799,0.674514,0,0,0,0
0.591816,0.458907,-0.819970,-0.097721,-0.043256,-0.617221,0.313034,0,0,0,0
0.989923,-0.402790,-1.075098,0.093698,-0.521452,0.804754,0.380659,0,0,0,0
0.737591,0.627094,-1.292843,-0.735425,-0.212077,1.171465,0.057844,0,0,1,0
1.058575,0.732621,-0.701130,-0.154521,-0.447431,0.304548,1.930436,0,0,0,0
0.582094,1.148024,-0.393100,-0.808815,0.166517,0.009232,1.234118,1,0,0,0
0.928062,0.565400,-1.039963,-0.418904,-1.095001,-0.652036,1.113814,0,0,0,0
0.588835,1.036234,-0.657344,-1.015694,-0.139009,0.669024,0.857998,0,0,0,1
1.229205,0.266561,-1.646438,-0.063930,-1.055298,-0.002070,1.096568,0,0,0,0
0.804659,0.509116,-1.313293,-0.450908,-0.598815,-0.278918,0.704128,0,0,0,0
1.027031,0.706524,-0.394492,-0.054519,-0.974208,0.276397,1.757340,0,0,0,0
0.555373,1.160115,-0.568429,-0.603622,-0.107379,-0.442453,0.497240,0,1,0,0
1.247630,0.087878,-1.091710,-0.253634,-1.319798,0.205028,1.699371,0,0,0,0
0.873653,0.675057,-0.808427,-0.209166,-0.387947,-0.035499,0.889884,0,0,1,0
0.829550,0.264804,-0.713320,-0.073228,-0.274479,-0.297503,1.271180,0,0,0,0
0.500629,0.271806,-0.749545,-0.385952,-0.257860,0.454115,0.472182,1,0,0,0
1.084771,0.254038,-1.339070,0.359381,-0.734265,-0.087368,1.150659,0,0,0,0
0.773046,0.494840,-0.866890,-0.183292,-0.887475,0.608089,1.082308,0,0,0,0
1.125881,-0.408037,-0.727147,0.358066,-0.939964,0.695765,0.881357,0,0,0,0
0.848499,0.105215,-0.853002,0.025476,-0.551579,0.271895,0.119076,0,0,0,1
1.221026,0.364162,-0.995506,-0.164016,-0.963108,1.777798,1.912970,0,0,0,0
0.868647,0.244301,-0.758616,0.095756,-1.030172,0.533261,0.342162,0,0,0,0
1.038643,-0.089813,-0.727394,0.624808,-0.475437,-0.332845,1.706494,0,0,0,0
0.828348,-0.493064,-0.950643,0.397628,-1.027730,0.470450,0.189195,0,0,1,0
1.184674,-0.571569,-1.174676,0.498044,-1.350895,-0.038470,0.644210,0,0,0,0
1.005509,-0.996038,-1.602560,0.509608,-1.126225,0.638450,-0.182417,0,0,0,0
0.843598,-1.208277,-0.820317,0.877294,-1.564178,0.155353,0.017902,0,0,0,0
0.682477,-1.267899,-0.738873,1.042832,-0.957638,0.245330,-0.754117,1,0,0,0
-1.000527,0.997638,0.698100,-1.415144,0.159218,-0.597472,-0.913406,0,0,0,0
-1.463046,0.194202,0.702057,-1.931247,-0.401908,-0.396999,-1.080230,0,0,0,0
-1.565288,0.192835,0.731623,-2.527113,-1.337948,-0.655170,-0.562273,0,0,0,0
-1.830954,-0.217093,1.056574,-2.302866,-0.653089,-0.378777,-1.220528,0,0,0,0
-1.887357,-0.349535,0.770888,-2.912106,-1.323893,-1.364998,-1.265823,0,0,0,0
-2.153394,-0.968826,1.075474,-2.284734,-0.573940,-0.633731,-1.652751,0,0,0,0
-2.314386,-1.492042,0.815563,-2.411348,-0.856996,-0.245614,-1.832630,0,0,0,0
-2.361624,-1.606387,0.858835,-2.318293,-0.781428,-0.196914,-1.890377,0,0,0,1
-1.907165,-0.444086,0.667418,-2.902970,-0.989947,-1.544606,-1.493645,0,0,0,0
-2.250750,-1.493447,0.414069,-2.636105,-0.422016,-0.813132,-1.827990,0,0,0,0
-1.979726,-0.835149,0.160893,-3.221014,-1.030108,-1.075921,-0.841940,0,0,0,0
-2.290301,-1.789075,-0.102127,-3.035426,-0.576929,-1.171029,-1.483751,0,0,1,0
-1.996553,-0.832159,0.277546,-3.173412,-1.315498,-0.827857,-0.961612,0,0,0,0
-2.236154,-1.653103,-0.122296,-3.120560,-0.767378,-0.669742,-1.343907,0,0,0,0
-1.869080,-0.517855,0.194060,-3.384504,-1.539704,-1.066284,-0.697908,0,0,0,0
-2.285420,-1.658007,0.152212,-3.000932,-1.134654,-0.250500,-1.326460,0,1,0,0
-1.642006,0.218195,0.610300,-3.084630,-0.971081,-1.189465,-0.799342,0,0,0,0
-1.920085,-0.534040,0.585723,-2.877554,-0.897438,-0.307120,-1.146130,0,0,0,0
-2.114968,-1.098597,0.488101,-2.757216,-0.771466,-0.743413,-1.366687,0,0,0,0
-2.327838,-1.733039,0.354477,-2.614786,-0.563996,-1.149544,-1.621105,0,0,0,0
-1.831369,-0.069797,1.165441,-2.541714,-1.033589,-0.890607,-0.788924,0,0,0,0
-2.072279,-0.697836,1.199292,-2.322938,-0.898472,-0.086866,-1.033603,0,0,0,0
-2.285149,-1.483741,0.663984,-2.532020,-1.067869,-0.430498,-1.271992,0,0,0,0
-2.375858,-1.618365,0.961818,-2.214384,-1.039182,-0.771283,-1.452013,0,1,0,0
-1.978319,-0.319380,1.514762,-2.211602,-1.119495,-0.699203,-0.540395,0,0,0,0
-2.200488,-1.023613,1.224726,-2.281591,-1.323190,-0.390332,-0.989071,0,0,0,0
-1.954850,-0.199063,1.572652,-2.409941,-1.903225,-1.245721,-1.146045,0,0,0,0
-2.133701,-0.904047,1.002843,-2.652651,-1.808494,-0.635580,-1.601942,0,0,1,0
-1.957525,-0.489121,0.813427,-3.040338,-2.200267,-1.153606,-0.952737,0,0,0,0
-2.260045,-1.399257,0.665935,-2.656144,-1.376699,-0.842788,-1.329427,0,0,0,0
-2.010586,-0.768233,0.459540,-3.220783,-1.913486,-1.040854,-0.806677,0,0,0,0
-2.384623,-1.838615,0.349485,-2.838436,-1.340148,-1.200092,-1.561633,0,0,0,1
-1.754803,-0.029614,0.703031,-3.020579,-1.260543,-0.905852,-0.738560,0,0,0,0
-2.059125,-0.955580,0.450080,-2.899635,-1.126810,-0.240743,-1.137712,0,0,0,0
-2.276083,-1.591281,0.283300,-2.901719,-1.307775,-1.236497,-1.430103,0,0,0,0
-2.433298,-1.926345,0.516650,-2.548482,-0.966282,-0.449093,-1.704601,0,0,0,0
-1.980934,-0.412009,1.226234,-2.607230,-1.863131,-0.861401,-0.707711,0,0,0,0
-2.349850,-1.524068,0.974741,-2.343756,-1.392971,-0.681915,-1.038292,0,0,0,0
-2.469936,-1.912632,0.864600,-2.189474,-0.959071,-0.772376,-1.398642,0,0,0,0
-2.567372,-2.183894,0.841593,-2.141479,-1.104734,0.104403,-1.546825,0,0,0,1
-2.049403,-0.630185,1.194077,-2.457576,-1.540538,-1.048272,-0.716623,0,0,0,0
-2.331344,-1.584748,0.701267,-2.527185,-1.285153,-0.642695,-1.189001,0,0,0,0
-2.076869,-0.851644,0.760166,-2.854216,-1.785512,-1.326260,-0.950958,0,0,0,0
-2.227961,-1.409281,0.407242,-2.884971,-1.398130,-0.152079,-1.382438,0,0,1,0
-2.075137,-0.997676,0.360961,-3.127428,-1.538734,-1.390566,-0.918595,0,0,0,0
-2.425607,-2.016227,0.192971,-2.890284,-1.323864,-0.662602,-1.613925,0,0,0,0
-2.722063,-2.850210,0.134270,-2.611530,-1.142491,-1.005555,-2.023443,0,0,0,0
-2.847590,-3.151914,0.292676,-2.251020,-0.720001,-0.713789,-2.085808,1,1,0,0
-1.654470,0.315987,0.839937,-3.165504,-1.905540,-0.951764,-0.546233,0,0,0,0
-2.021581,-0.755750,0.661416,-2.886750,-1.505146,-0.491787,-1.114191,0,0,0,0
-1.808540,-0.170145,0.654536,-3.158054,-1.777413,-1.029235,-0.430333,0,0,0,0
-2.213982,-1.295568,0.515302,-3.001408,-1.948927,-0.529749,-1.333542,0,0,0,0
-2.006606,-0.778271,0.404847,-3.228778,-1.736895,-1.342322,-1.321350,0,0,0,0
-2.388504,-1.820195,0.437447,-2.742742,-1.326885,-0.044974,-1.703628,0,0,0,0
-2.529041,-2.294720,0.169429,-2.866581,-1.500969,-0.702774,-1.830278,0,0,0,0
-2.567770,-2.450403,0.050646,-2.899390,-1.485011,-0.741781,-1.936919,0,0,1,1
-1.409823,0.889090,0.594551,-3.586928,-1.958478,-0.707227,-0.220205,0,0,0,0
-1.814596,-0.248988,0.430352,-3.427588,-2.073817,-0.510375,-1.018138,0,0,0,0
-2.018355,-0.782285,0.449737,-3.271455,-2.108257,-0.470036,-1.341825,0,0,0,0
-2.244469,-1.536811,0.075633,-3.368803,-2.277926,-0.729571,-1.496060,0,0,0,0
-2.294100,-1.639688,0.170930,-3.212033,-2.072593,-1.127553,-1.684848,0,0,0,0
-2.416411,-2.056854,-0.003630,-3.118742,-1.710121,-0.578187,-1.844586,0,0,0,0
-2.602176,-2.543855,0.057120,-2.866694,-1.576587,-0.967661,-1.960496,0,0,0,0
-2.661807,-2.649524,0.237026,-2.612666,-1.412698,-1.206553,-2.021161,0,1,0,0
-1.635207,0.406566,1.079683,-2.755859,-1.394641,-0.666580,-0.515055,0,0,0,0
-1.938370,-0.420036,1.000782,-2.644810,-1.559379,-1.022689,-0.823906,0,0,0,0
-1.698837,0.197370,0.878906,-3.035444,-1.791157,-1.110164,-0.423870,0,0,0,0
-2.113298,-0.924713,0.823362,-2.815252,-2.091809,-0.747297,-1.093873,0,0,0,0
-1.861405,-0.377416,0.483211,-3.211176,-1.627748,-0.819508,-1.162984,0,0,0,0
-2.262410,-1.450917,0.483538,-2.897385,-1.662723,-0.712279,-1.608098,0,0,0,0
-2.403820,-1.888917,0.381136,-2.757453,-1.407979,-0.950109,-1.795886,0,0,0,0
-2.451665,-2.014343,0.390253,-2.700974,-1.316822,-0.742779,-1.870390,0,0,0,1
-1.963336,-0.664057,0.453254,-3.092090,-1.241877,-1.445812,-1.462137,0,0,0,0
-2.310672,-1.801282,0.010826,-2.943323,-0.680712,-0.793500,-1.864683,0,0,0,0
-2.084544,-1.118642,0.157034,-3.109595,-0.835189,-1.357787,-1.002858,0,0,0,0
-2.311091,-1.825383,-0.014352,-2.876592,-0.338896,-0.809659,-1.497937,0,0,1,0
-1.927041,-0.623090,0.318218,-3.245358,-1.476351,-0.801906,-0.854684,0,0,0,0
-2.252580,-1.678648,-0.078846,-3.103040,-0.932860,-0.980990,-1.245393,0,0,0,0
-1.806636,-0.337082,0.251586,-3.337230,-1.332734,-0.890317,-0.593754,0,0,0,0
-2.257299,-1.600345,0.089667,-3.127077,-1.411535,-0.485445,-1.244699,1,0,0,0
-1.414474,0.813427,0.583049,-3.271412,-1.016971,-0.682432,-0.555171,0,0,0,0
-1.687928,-0.029042,0.277854,-3.322535,-1.166585,-1.160986,-1.102053,0,0,0,0
-1.811652,-0.318772,0.336134,-3.279454,-1.465007,-0.518565,-1.240844,0,0,0,0
-1.975240,-0.815495,0.198015,-3.211798,-1.315979,-0.465160,-1.535716,0,0,0,0
-1.593601,0.586903,1.129663,-2.944802,-1.629885,-0.885498,-0.796144,0,0,0,0
-1.771267,0.059472,0.940380,-3.061662,-2.009754,-0.078125,-0.980410,0,0,0,0
-1.936583,-0.440590,0.810578,-3.000661,-2.003655,-1.180349,-1.372325,0,0,0,0
-2.149755,-0.934924,1.054906,-2.570075,-1.818179,-1.397178,-1.586115,1,0,0,0
-1.810771,0.122061,1.473934,-2.416696,-1.226112,-0.663200,-0.530483,0,0,0,0
-2.043363,-0.663817,1.042356,-2.601281,-1.587829,-0.547546,-0.947775,0,0,0,0
-1.872154,-0.107119,1.259350,-2.670390,-1.877439,-1.179314,-1.112001,0,0,0,0
-2.148816,-0.902752,1.158974,-2.437215,-1.636930,-0.775698,-1.610325,0,1,0,0
-1.936902,-0.460257,0.805738,-2.920404,-1.722898,-0.749745,-0.860722,0,0,0,0
-2.116915,-1.014660,0.637806,-2.862923,-1.625403,-0.654839,-1.258844,0,0,0,0
-1.971650,-0.681702,0.445741,-3.192009,-1.697560,-0.239884,-0.852144,0,0,0,0
-2.199772,-1.322163,0.385512,-3.001161,-1.488549,-0.751192,-1.509990,0,0,0,1
-1.418716,0.895024,0.763365,-3.262327,-1.367743,-1.013866,-0.416316,0,0,0,0
-1.649285,0.286332,0.791086,-3.040847,-1.279603,-0.801606,-0.876039,0,0,0,0
-1.859445,-0.371432,0.496823,-3.194154,-1.663090,-0.760955,-1.119523,0,0,0,0
-1.964242,-0.592023,0.627572,-3.066707,-1.814729,-0.733212,-1.437816,0,0,0,0
-1.736759,0.244938,1.196069,-2.912815,-2.198396,-0.685655,-0.685399,0,0,0,0
-1.973435,-0.456166,1.090366,-2.652000,-1.723269,-0.437828,-1.093734,0,0,0,0
-2.209684,-1.188041,0.834416,-2.642212,-1.686980,-1.084738,-1.301853,0,0,0,0
-2.231802,-1.313707,0.702709,-2.665426,-1.672780,-0.289975,-1.448533,0,0,0,1
-1.897669,-0.182636,1.256101,-2.628906,-1.835370,-0.580579,-0.693052,0,0,0,0
-2.199575,-1.138153,0.926509,-2.533982,-1.632252,-0.887059,-1.150406,0,0,0,0
-1.918033,-0.371709,0.896344,-2.888889,-1.799584,-0.957839,-0.784286,0,0,0,0
-2.160222,-1.105258,0.720472,-2.730108,-1.501440,-0.732568,-1.272903,0,0,1,0
-2.018979,-0.784320,0.523384,-3.064054,-1.600001,-1.173632,-0.873916,0,0,0,0
-2.298240,-1.612285,0.315176,-2.991007,-1.595642,-0.394302,-1.530363,0,0,0,0
-2.459235,-2.002024,0.455835,-2.695990,-1.479180,-0.848082,-1.993014,0,0,0,0
