mfcc0,mfcc1,mfcc2,mfcc3,mfcc4,onset,rms,lane0,lane1,lane2,lane3
-8.958273,-5.232077,2.714523,-4.991594,0.284862,-2.190666,-2.606466,1,0,0,0
-1.005433,-1.576138,0.237358,-0.228436,-0.924633,5.322776,-1.590508,0,0,0,0
-1.360556,-0.635471,-0.012792,-0.445325,-1.479226,-0.759546,-1.457181,0,0,0,0
-1.709470,-0.180227,0.709412,-0.223031,-1.305095,-0.297707,-1.571647,0,0,0,0
-1.807427,0.369294,0.672416,-0.932490,-0.751394,-0.389700,-1.693420,0,0,0,0
-0.609809,-0.890926,1.088904,0.219872,-1.709083,1.754624,-1.667285,0,0,0,0
-1.102489,-0.257397,-0.168359,0.695170,-0.835307,-0.601140,-1.694955,0,0,0,0
-1.514722,0.138166,-0.665885,-0.211329,-0.393168,-0.941127,-1.653215,0,0,0,0
-1.702498,0.377601,-0.254642,-0.747410,0.183995,-0.494442,-1.600814,0,0,0,0
-0.530886,-0.586041,1.555232,0.591881,-0.825615,1.233733,-1.198298,0,0,0,0
-0.904611,0.013580,0.176506,0.953695,-0.503575,-0.820922,-1.079231,0,0,0,0
-1.388964,0.389376,0.360269,0.576467,0.149915,-1.263072,-0.988459,0,0,0,0
-1.546076,0.186859,1.200639,0.271253,0.294081,-0.862891,-0.753375,0,0,0,0
-0.252904,-0.696849,0.822971,-0.055826,-1.002847,1.271705,-0.424831,0,0,0,0
-0.981394,-0.020514,0.455997,0.830368,-0.314492,0.139738,-0.385270,0,0,0,0
-1.435234,0.179312,0.470068,0.886561,0.399521,-0.575090,-0.329381,0,0,0,0
-1.603931,0.882569,0.874356,0.388728,-0.155032,-0.952972,-0.434393,0,1,0,0
-0.417992,-0.883611,1.026572,-0.017975,-0.894817,3.886836,-0.711031,0,0,0,0
-1.036253,-0.528453,0.426071,-0.059394,-0.766678,0.007646,-1.256339,0,0,0,0
-1.456145,0.286745,0.050204,-0.296639,-0.450078,-0.858201,-1.509867,0,0,0,0
-1.716031,0.693443,-0.136185,-0.939979,0.046530,-0.169922,-1.736716,0,0,0,0
-0.231825,-0.744317,0.949603,0.142828,-0.817081,2.625467,-1.280710,0,0,0,0
-0.687567,0.123502,-0.399556,0.207547,-0.647400,-0.530786,-1.504504,0,0,0,0
-1.221480,0.541404,-0.323069,-0.039533,-0.444632,-0.297207,-1.406709,0,0,0,0
-1.566167,0.734830,-0.075139,0.267657,0.603291,-1.224785,-1.292488,0,0,0,0
-0.182721,-0.416870,0.870451,-0.618128,-0.376089,1.831975,-0.903715,0,0,0,0
-0.711990,0.053798,0.302648,0.420174,-0.136080,-0.377394,-0.709305,0,0,0,0
-1.153414,0.357451,0.329678,-0.159277,-0.162900,-0.884719,-0.770631,0,0,0,0
-1.409947,0.603659,0.283444,-0.045338,0.625299,-0.519615,-0.443998,0,0,0,0
-0.367991,-0.431349,0.710468,-0.142571,-0.600413,1.616681,-0.344688,0,0,0,0
-0.604719,0.251538,0.317494,-0.474415,-0.102878,-0.215036,-0.457066,0,0,0,0
-1.038127,0.504548,0.572472,-0.474810,0.237281,-0.879519,-0.394305,0,0,0,0
-1.377822,0.952339,0.600758,-0.572297,0.773533,0.211700,-0.658138,0,0,1,0
-0.222063,-0.824626,0.927309,0.189772,-1.269443,2.174547,-0.985601,0,0,0,0
-0.727186,-0.383346,-0.034194,0.015312,-1.149383,-0.177142,-1.399168,0,0,0,0
-1.242972,0.110283,-0.084397,-0.105707,-0.969818,-1.170258,-1.534304,0,0,0,0
-1.431412,0.549163,0.138935,0.174158,-0.289905,-0.658138,-1.393722,0,0,0,0
-0.353596,-0.846238,0.816998,0.291552,-0.534254,1.824654,-1.202803,0,0,0,0
-0.736186,-0.196609,0.013827,0.598143,-0.580169,0.918682,-1.386544,0,0,0,0
-1.125138,0.222372,-0.657875,0.076817,0.611263,-0.399499,-1.336342,0,0,0,0
-1.159807,0.747508,0.478721,-0.191314,0.475949,0.194532,-0.978132,0,0,0,0
-0.308133,-0.488126,0.984624,0.129664,-0.374875,0.245325,-0.876480,0,0,0,0
-0.760977,0.285444,0.304001,0.332339,-0.314428,-0.158498,-0.791258,0,0,0,0
-1.433481,0.352326,0.406708,0.696258,0.317346,-1.217810,-0.490932,0,0,0,0
-1.453614,0.816836,0.653841,-0.340968,0.366697,-0.958783,-0.307129,0,0,0,0
-0.633119,-0.306047,1.549542,-0.063116,-0.741049,0.396379,-0.396490,0,0,0,0
-1.069778,0.246684,0.788411,0.701790,-0.000808,-0.521865,-0.488142,0,0,0,0
-1.519542,0.527855,1.483882,0.814003,-0.266480,-0.624422,-0.740624,0,0,0,0
-1.739385,0.536487,1.087318,0.717985,0.270997,-0.595022,-0.898794,0,0,0,1
-0.175150,-1.076502,1.006586,-0.501891,-1.523740,3.784074,-1.297993,0,0,0,0
-0.459705,-0.979799,0.069978,-0.314423,-1.530864,-0.461119,-1.585946,0,0,0,0
-0.803531,-0.239580,0.335213,0.589550,-0.643272,0.099430,-1.475435,0,0,0,0
-1.138073,0.177487,0.431641,0.344847,-0.348495,-1.140911,-1.405143,0,0,0,0
-0.547861,-0.458685,0.308837,0.431749,-0.814327,2.063394,-1.483349,0,0,0,0
-1.224752,0.133703,0.495153,0.228986,-0.890528,-0.936690,-1.578664,0,0,0,0
-1.381394,0.831421,0.224275,-0.246317,-0.841682,-0.537352,-1.576916,0,0,0,0
-1.618913,1.057269,0.398927,0.065665,0.099837,0.077097,-1.638919,0,0,0,0
-0.537108,-0.793752,0.719231,-0.640850,-1.645401,2.003822,-1.615328,0,0,0,0
-0.893641,-0.326840,0.674429,-0.367202,-0.833649,-0.292167,-1.487168,0,0,0,0
-1.328964,0.025365,0.351317,-1.058495,-0.392645,-0.678003,-1.467678,0,0,0,0
-1.670320,0.506263,0.542369,-0.745699,-0.006341,-0.483544,-1.488823,0,0,0,0
-0.628431,-0.850844,0.618612,-0.863366,-0.804196,0.746165,-1.617894,0,0,0,0
-1.099706,-0.039743,0.664908,-0.426001,-0.940428,-0.835434,-1.607335,0,0,0,0
-1.491062,0.290230,0.366445,-0.196729,-0.826625,-0.613691,-1.683642,0,0,0,0
-1.768810,0.436924,0.126257,-0.781740,-0.340945,-0.549606,-1.780932,0,0,1,0
-0.766767,-1.076150,0.730019,-1.060389,-0.918411,1.851508,-1.559834,0,0,0,0
-1.274479,-0.651717,-0.775047,-0.994141,-1.054259,-0.244222,-1.631005,0,0,0,0
-1.520753,0.081696,-0.495247,-1.606083,-1.071088,-0.143946,-1.775308,0,0,0,0
-1.866307,0.192733,0.414446,-1.224281,-0.875034,-0.395753,-1.861253,0,0,0,0
-0.514499,-0.915494,0.714666,-0.219407,-1.044407,1.509982,-1.458459,0,0,0,0
-1.057114,-0.361424,0.503620,0.856782,-0.679345,0.106143,-1.463165,0,0,0,0
-1.538251,-0.242293,0.702069,0.977991,-0.381458,-1.032311,-1.696110,0,0,0,0
-1.820509,0.036355,1.077654,0.258315,-0.148577,-0.977410,-1.762586,0,0,0,0
-0.571779,-1.138879,1.235397,0.126214,-0.870786,1.018082,-1.586629,0,0,0,0
-0.976008,-0.567995,0.788242,0.076399,-0.570424,-0.561214,-1.500541,0,0,0,0
-1.354046,0.035760,0.807146,0.288382,-0.743146,-0.797635,-1.555640,0,0,0,0
-1.515223,0.158819,0.455475,-0.612809,-0.036229,-0.749098,-1.640379,0,0,0,0
-0.339903,-0.727116,1.169599,-0.319883,-1.129930,0.961100,-1.325950,0,0,0,0
-0.772878,0.205551,0.993393,-0.234207,-1.406240,-0.717924,-1.294963,0,0,0,0
-1.250557,0.533747,0.535449,-1.033830,-1.621087,-1.067123,-1.384901,0,0,0,0
-1.500517,0.661404,0.309443,-0.946861,-0.683954,-0.884391,-1.410738,0,1,0,0
-0.388424,-0.826092,1.313873,0.137758,-1.775174,3.794701,-1.491118,0,0,0,0
-0.796031,-0.359647,0.001076,0.171451,-1.296719,-0.575859,-1.609237,0,0,0,0
-1.396602,-0.286141,0.429416,0.569585,-1.126782,-0.946359,-1.709055,0,0,0,0
-1.514771,0.398796,0.463392,0.126791,-0.551595,-0.016323,-1.598026,0,0,0,0
-0.239482,-0.728656,0.338464,-0.319424,-0.903294,2.982766,-1.453020,0,0,0,0
-0.796120,-0.154225,0.712948,0.846887,-0.600748,0.066701,-1.295485,0,0,0,0
-1.163952,0.219238,0.646690,0.554987,-0.242066,-0.953047,-1.343934,0,0,0,0
-1.275291,0.837228,0.476140,0.557982,0.556575,-0.285612,-1.217619,0,0,0,0
-0.348068,-0.643929,1.042814,0.559186,-1.052541,0.987895,-0.897153,0,0,0,0
-0.671938,0.177544,0.611998,0.418797,-0.845893,-0.176207,-0.712524,0,0,0,0
-1.249276,0.364823,0.277840,0.559192,0.288247,-1.355281,-0.479132,0,0,0,0
-1.466121,0.827170,0.078422,-0.426298,0.251695,-0.847234,-0.411816,0,0,0,0
-0.484343,-0.527702,1.657783,0.795943,-0.907310,2.024308,-0.415243,0,0,0,0
-0.823794,0.344844,0.443283,0.899467,-0.810378,0.267708,-0.500821,0,0,0,0
-1.303716,0.891560,0.770484,0.684704,-0.407829,-0.482488,-0.570849,0,0,0,0
-1.612156,1.041597,0.869262,0.623475,0.123514,-1.129403,-0.813531,0,0,1,0
-0.406470,-0.747670,0.994736,-0.734761,-1.824641,1.842770,-1.349206,0,0,0,0
-1.012897,-0.231214,-0.304739,-0.567561,-0.964650,-0.710704,-1.665305,0,0,0,0
-1.304431,0.482190,-0.380407,-0.831803,-0.712992,-1.079660,-1.561834,0,0,0,0
-1.696433,0.573369,0.163281,-1.313975,-0.740173,-0.207465,-1.749238,0,0,0,0
-0.480702,-1.006769,1.456009,-0.586251,-1.083784,1.045778,-1.523254,0,0,0,0
-0.803462,-0.442994,0.420579,-0.676160,-0.684211,-0.585040,-1.367510,0,0,0,0
-1.229071,-0.023965,0.157426,-0.663232,0.103693,-0.486975,-1.411431,0,0,0,0
-1.645790,-0.043434,0.563783,-0.557462,0.728503,-0.629243,-1.328492,0,0,0,0
-0.316022,-0.779371,1.238905,-0.728612,-1.077574,0.573719,-1.170898,0,0,0,0
-0.813255,0.007319,1.161417,-0.444154,-1.360287,-0.683427,-0.890750,0,0,0,0
-0.818267,-0.126602,0.974650,-0.424274,-0.033429,-0.449084,-0.534301,0,0,0,0
-1.228998,-0.043857,1.247446,-0.805177,0.370514,-0.910250,-0.384954,0,0,0,0
-0.317897,-0.512938,1.277143,0.019344,-0.932367,0.858610,-0.343966,0,0,0,0
-0.800426,0.260332,0.788925,0.271790,-1.219638,-0.694657,-0.508503,0,0,0,0
-1.329896,0.516634,0.777406,0.287086,-0.390232,-0.390391,-0.541695,0,0,0,0
-1.383745,0.824291,1.431169,-0.169027,-0.482361,-0.375301,-0.572046,1,0,0,0
-0.316056,-0.600072,1.049141,-1.001555,-1.165397,2.698600,-1.080146,0,0,0,0
-0.726083,-0.251531,0.245883,-0.310384,-0.949819,-0.880329,-1.458378,0,0,0,0
-1.226348,0.399957,0.052970,-0.944269,-0.489656,-1.044325,-1.660181,0,0,0,0
-1.568885,0.743586,0.408163,-0.750133,-0.134899,-0.752555,-1.694130,0,0,0,0
-0.771216,-0.480441,0.665037,-0.168660,-0.919530,1.402816,-1.710669,0,0,0,0
-1.248071,0.340821,-0.057322,-0.165199,-0.377224,-0.354626,-1.525756,0,0,0,0
-1.556853,0.688640,-0.011980,-0.344569,0.019720,-0.278459,-1.700602,0,0,0,0
-1.912909,0.723472,-0.199800,-0.487562,0.487217,-0.572789,-1.504070,0,0,0,0
-0.253946,-0.843372,0.598689,-0.779103,-1.033919,3.569044,-1.444667,0,0,0,0
-0.725093,0.227868,0.415352,0.474174,-0.694092,-0.836214,-0.874165,0,0,0,0
-1.181964,0.637260,0.503574,0.720067,-0.000506,-0.946955,-0.952064,0,0,0,0
-1.498567,0.857500,0.146733,0.188884,0.802684,-0.261382,-0.714209,0,0,0,0
-0.322699,-0.643894,1.532651,-0.293354,-1.006230,1.926808,-0.497529,0,0,0,0
-0.570541,0.117452,0.778774,0.422580,-0.906952,-0.447096,-0.254992,0,0,0,0
-1.128638,0.585132,0.804397,0.191867,-0.501277,-1.173768,-0.310721,0,0,0,0
-1.408880,0.764939,0.263721,-0.299148,0.122868,-1.299350,-0.499500,0,0,0,1
-0.423756,-0.574717,0.740096,-0.145497,-0.562963,1.007366,-0.755285,0,0,0,0
-1.049069,-0.284783,0.230912,0.356890,-1.111275,-0.886967,-1.135571,0,0,0,0
-1.357469,0.428961,0.632308,0.216603,-0.732260,-0.427572,-1.425382,0,0,0,0
-1.423769,1.047407,0.617732,-0.488927,-0.360592,0.098198,-1.427131,0,0,0,0
-0.514332,-0.807738,0.753591,0.194464,-1.077184,0.846591,-1.467725,0,0,0,0
-0.955628,0.134957,0.112588,0.440936,-0.994211,0.086224,-1.492163,0,0,0,0
-1.289369,0.424525,-0.753062,-0.394136,-0.468626,-0.902353,-1.644591,0,0,0,0
-1.630904,0.439363,-0.554054,-0.614725,0.195747,-0.586249,-1.672982,0,0,0,0
-0.615617,-0.570534,1.492694,0.974299,-1.011310,0.194679,-1.065230,0,0,0,0
-0.933332,-0.036929,0.445169,1.340497,-0.283971,-0.738773,-0.878831,0,0,0,0
-1.396975,0.292604,0.645354,0.933244,-0.072990,-0.849038,-1.027788,0,0,0,0
-1.477060,0.312566,1.060331,0.457314,0.296492,-0.719015,-0.852204,0,0,0,0
-0.366642,-0.736229,1.310423,0.193186,-1.163611,0.931327,-0.434562,0,0,0,0
-0.902494,0.111967,0.668457,0.758869,-0.552671,-0.631036,-0.310742,0,0,0,0
-1.487536,0.287787,0.475615,0.695049,-0.096998,-0.878369,-0.309922,0,0,0,0
-1.628401,0.683358,1.051631,0.126428,0.166789,-0.400186,-0.376100,0,0,1,0
-0.385100,-0.794064,1.170680,0.153427,-0.939155,4.377538,-0.675098,0,0,0,0
-0.964404,-0.525213,-0.129426,-0.095572,-0.538660,-0.191689,-1.362642,0,0,0,0
-1.450329,0.242723,0.029952,-0.107176,-0.493545,-1.094178,-1.560969,0,0,0,0
-1.796532,0.636799,0.121228,-0.871267,0.054438,-0.445948,-1.787943,0,0,0,0
-0.182866,-0.713956,0.830681,-0.059876,-0.756443,3.764207,-1.242739,0,0,0,0
-0.678746,0.094472,-0.440938,0.041171,-0.341541,-0.695502,-1.457379,0,0,0,0
-1.098661,0.512289,-0.684382,0.116762,0.179237,-0.131984,-1.392009,0,0,0,0
-1.502096,0.647159,-0.260815,0.314608,0.570140,-0.768840,-1.342061,0,0,0,0
-0.280597,-0.421986,0.661532,-0.800083,-0.564051,1.528576,-1.080596,0,0,0,0
-0.631005,-0.118701,0.266226,-0.088500,0.193898,-0.471249,-0.735984,0,0,0,0
-1.188892,0.408427,0.452344,-0.375049,-0.187674,-0.253679,-0.741503,0,0,0,0
-1.480228,0.464716,0.345018,-0.131754,0.279540,-0.828919,-0.435777,0,0,0,0
-0.484941,-0.777771,0.506028,-0.400369,-0.559182,1.270319,-0.466414,0,0,0,0
-0.732226,0.097879,0.443812,-0.329655,-0.068053,-0.325669,-0.482491,0,0,0,0
-1.069796,0.586481,0.609414,-0.268808,0.320233,-0.833986,-0.373729,0,0,0,0
-1.432591,0.999116,0.604254,-0.506449,0.762998,-0.316880,-0.642184,0,1,0,0
-0.297356,-0.883748,1.166456,0.023498,-1.117507,2.003705,-1.022869,0,0,0,0
-0.863915,-0.322589,0.522094,0.526272,-1.518532,-1.243075,-1.375090,0,0,0,0
-1.286514,0.164702,0.102594,0.038472,-0.921952,-1.015952,-1.434252,0,0,0,0
-1.513173,0.635328,0.298087,0.060371,-0.268328,-0.574069,-1.328602,0,0,0,0
-0.344614,-0.975072,0.541449,0.005895,-0.670933,1.690470,-1.303856,0,0,0,0
-0.961409,-0.500259,0.482011,0.627111,-0.707462,0.641212,-1.351538,0,0,0,0
-1.193935,0.261839,-0.074543,0.208680,-0.263387,0.275047,-1.253682,0,0,0,0
-1.197161,0.788767,0.145335,-0.123482,0.534636,0.202420,-0.953972,0,0,0,0
-0.410291,-0.772025,1.357393,0.075171,-0.822440,-0.018265,-0.906793,0,0,0,0
-0.889814,0.271855,0.910650,0.776002,-0.690414,-0.475545,-0.816942,0,0,0,0
-1.402898,0.450361,0.639048,1.206996,0.409885,-1.274218,-0.481045,0,0,0,0
-1.521136,0.920756,0.665706,-0.272717,0.382123,-1.102350,-0.327832,0,0,0,0
-0.609951,-0.375695,1.594475,-0.062658,-0.565620,0.798751,-0.401776,0,0,0,0
-1.194935,0.048531,0.960614,1.111095,-0.067056,-0.991800,-0.552171,0,0,0,0
-1.507176,0.418407,1.262882,0.946264,-0.046089,-0.335803,-0.766531,0,0,0,0
-1.652911,0.304770,1.402722,0.152602,0.261221,-1.014189,-0.949690,1,0,0,0
-0.155575,-0.976802,0.546844,-0.737624,-2.020416,2.171904,-1.447416,0,0,0,0
-0.369774,-0.878623,0.033205,-1.179585,-1.720350,-0.241508,-1.623325,0,0,0,0
-0.830916,-0.309115,0.423973,-0.219454,-0.719766,0.156930,-1.396864,0,0,0,0
-1.168876,0.026563,0.813198,0.127518,-0.214518,-0.492546,-1.316572,0,0,0,0
-0.657473,-0.606564,0.874586,0.897062,-1.197278,1.676177,-1.418958,0,0,0,0
-1.094071,-0.063093,0.498426,0.537508,-0.871819,-1.081243,-1.471221,0,0,0,0
-1.217022,0.630579,0.115636,-0.270097,-0.527385,-0.756410,-1.443504,0,0,0,0
-1.528908,0.850118,0.546065,0.198334,-0.030004,0.103672,-1.563957,0,0,0,0
-0.370099,-0.847531,0.493818,-0.974397,-1.498143,2.703404,-1.549257,0,0,0,0
-0.830572,-0.280801,0.516662,-0.578212,-0.810934,-0.514694,-1.456575,0,0,0,0
-1.235448,0.027527,0.238095,-1.349929,-0.507968,-0.847744,-1.450408,0,0,0,0
-1.552642,0.463038,0.205339,-0.825939,0.075109,-0.599720,-1.478259,0,0,0,0
-0.569904,-0.964299,0.704940,-0.850576,-0.969508,0.988207,-1.610648,0,0,0,0
-1.210544,-0.046419,0.742371,0.163602,-0.661240,-0.433039,-1.609711,0,0,0,0
-1.489655,0.276589,0.514054,-0.420628,-1.257824,-0.719801,-1.740849,0,0,0,0
-1.882940,0.352257,0.414157,-0.665270,-0.588739,-0.947618,-1.848271,0,0,0,1
-0.809789,-1.212206,0.838420,-0.981371,-1.012528,1.806649,-1.657928,0,0,0,0
-1.239916,-0.439085,-0.675735,-1.260143,-1.202590,-0.817194,-1.634826,0,0,0,0
-1.464884,0.105636,-0.614309,-1.856932,-1.135086,-0.305373,-1.777284,0,0,0,0
-1.855478,0.248882,0.094050,-1.353599,-0.658472,-0.649094,-1.840219,0,0,0,0
-0.604359,-0.870859,0.686127,-0.302506,-0.921345,1.098121,-1.474681,0,0,0,0
-1.097467,-0.365437,0.807728,0.736479,-1.113139,-0.269319,-1.472546,0,0,0,0
-1.497462,-0.213688,0.590708,0.851218,-0.495297,-0.999094,-1.686031,0,0,0,0
-1.849520,0.012634,0.930075,0.250232,-0.178541,-1.031940,-1.773642,0,0,0,0
-0.545067,-0.971444,1.001278,0.070516,-1.162280,0.760489,-1.623457,0,0,0,0
-1.052682,-0.694397,0.558295,0.416006,-0.421524,-1.142678,-1.567615,0,0,0,0
-1.506528,-0.188809,0.700065,0.018513,-0.548574,-0.543314,-1.722768,0,0,0,0
-1.675573,0.289896,0.329220,-0.586211,-0.017814,-0.902516,-1.732045,0,0,0,0
-0.644954,-0.876364,1.079368,0.164016,-1.208276,0.922911,-1.513785,0,0,0,0
-0.906614,0.079721,0.504973,-0.247422,-0.583900,-0.723459,-1.424901,0,0,0,0
-1.369609,0.162334,0.459881,-0.660312,-0.770084,-0.643225,-1.501105,0,0,0,0
-1.515636,0.163300,0.298564,-0.891409,-0.157782,-0.356610,-1.532423,0,1,0,0
-0.377205,-0.914011,0.578080,-0.039578,-1.466395,1.524390,-1.478340,0,0,0,0
-1.005360,-0.509191,0.559030,0.292850,-1.518868,-0.746993,-1.658113,0,0,0,0
-1.364645,-0.097513,0.136672,0.261138,-1.100999,-1.006433,-1.748502,0,0,0,0
-1.617202,0.523435,0.403332,-0.001061,-0.459263,0.083451,-1.621523,0,0,0,0
-0.436349,-0.764858,0.454855,-0.016804,-1.037243,2.515212,-1.473481,0,0,0,0
-0.966709,-0.003231,0.293740,0.885629,-0.546483,-0.642636,-1.383863,0,0,0,0
-1.143874,0.362903,-0.023971,0.275626,-0.624808,-0.660565,-1.329576,0,0,0,0
-1.358148,0.775333,0.565076,0.266762,-0.102044,-0.502323,-1.248982,0,0,0,0
-0.416839,-0.276170,0.794478,-0.506333,-0.931004,0.953330,-0.914929,0,0,0,0
-0.815162,0.343666,0.821033,0.111207,-0.668708,-0.250181,-0.793314,0,0,0,0
-1.283183,0.407275,0.471605,0.496676,0.302423,-0.935795,-0.545530,0,0,0,0
-1.511310,0.887588,0.176664,-0.388289,0.332637,-0.827033,-0.471537,0,0,0,0
-0.691901,-0.804321,1.077385,0.885604,-0.768713,1.170030,-0.545066,0,0,0,0
-0.905789,0.202198,0.677564,1.597580,-0.676308,-0.626889,-0.511750,0,0,0,0
-1.357272,0.788696,1.136532,1.324017,-0.232364,-0.381112,-0.568242,0,0,0,0
-1.617148,0.946260,0.613398,0.684645,0.369540,-1.566236,-0.733425,0,0,1,0
-0.393664,-0.640171,0.550713,-0.424494,-1.424844,1.852413,-1.440464,0,0,0,0
-0.934190,-0.026503,-0.083321,-1.022047,-1.360383,-0.536474,-1.600941,0,0,0,0
-1.346088,0.477008,-0.369398,-0.604385,-0.616339,-1.110421,-1.634304,0,0,0,0
-1.806081,0.484490,-0.130821,-1.394777,-0.511115,0.022947,-1.838832,0,0,0,0
-0.471628,-0.928198,1.387818,-0.977010,-1.201611,1.958432,-1.488558,0,0,0,0
-0.836700,-0.443157,0.589912,-0.509868,-0.886242,-0.701602,-1.373797,0,0,0,0
-1.241119,-0.063962,0.167086,-0.745932,0.172958,-0.910473,-1.444425,0,0,0,0
-1.654534,0.009002,0.611266,-0.598537,0.689302,-0.406018,-1.327471,0,0,0,0
-0.294135,-0.667586,1.066039,-0.823973,-1.194964,1.431671,-1.126332,0,0,0,0
-0.780073,0.014551,1.181319,-0.363807,-1.119792,-0.924972,-0.936393,0,0,0,0
-1.168091,0.551444,0.516088,-0.424145,-0.459257,-0.796456,-0.534883,0,0,0,0
-1.363558,0.733156,0.870210,-0.993931,-0.028577,-0.579555,-0.297112,0,0,0,0
-0.437450,-0.395320,1.456660,-0.372140,-1.308561,0.679411,-0.425472,0,0,0,0
-0.753469,0.169587,0.966336,-0.187548,-1.086107,-0.794510,-0.568306,0,0,0,0
-1.196820,0.836631,0.727478,-0.222848,-0.477053,-1.050014,-0.549399,0,0,0,0
-1.173865,0.808861,1.218020,-0.577772,-0.223837,-0.753340,-0.272345,1,0,0,0
-0.048694,-0.142989,1.095498,-0.053348,-1.044615,0.253937,1.152099,0,0,0,0
-0.110097,0.256610,0.354379,0.595306,-0.412605,-0.780851,1.627359,0,0,0,0
0.923964,-0.046127,-0.046791,1.278963,-1.530255,2.253166,0.907618,0,0,0,0
-0.078259,0.012721,-0.528524,0.669501,-0.490120,-0.621134,-0.258354,0,0,0,1
1.078767,-0.440440,-0.034320,1.773366,-1.245476,1.515559,1.550864,0,0,0,0
0.054308,-0.259519,-0.224275,1.178648,-0.614899,-0.433409,-0.309200,0,0,0,0
-0.824817,0.432442,-0.403854,-0.215556,-0.061865,-0.413066,-1.458145,0,0,0,0
-1.454658,0.883393,-0.451283,-0.495922,0.870335,-0.974811,-1.348991,0,1,0,0
1.198806,-0.043344,0.393651,1.059807,-1.686680,0.720377,1.910001,0,0,0,0
0.357442,0.154878,-0.410365,1.046581,-0.419919,-0.284109,-0.044781,0,0,0,0
0.321644,0.443452,0.775345,-0.329571,-0.312498,0.233327,0.634238,0,0,0,0
-0.370819,0.920862,0.130532,-0.554994,0.516796,-0.749948,0.504889,0,0,1,0
1.288091,-0.226500,0.567661,2.244974,-0.874072,0.399990,1.487462,0,0,0,0
0.496469,0.325129,-0.223953,0.388712,-1.092303,-0.689278,0.985422,0,0,0,0
1.126736,-0.148636,0.150422,1.699318,-1.228280,-0.358138,1.919977,0,0,0,0
0.220861,0.486097,-0.094367,1.023067,0.238495,-0.494274,1.344023,1,0,0,1
1.895992,-1.239166,0.915058,0.090580,-1.191312,-0.478053,1.338283,0,0,0,0
1.451287,-0.950299,0.944125,0.584549,-1.455237,-0.247091,0.331257,0,0,0,0
1.369736,-1.391505,1.551180,-0.746928,-1.541914,-0.317008,-0.572949,0,0,0,0
1.227234,-1.286964,1.290611,-0.094925,-1.619590,0.607526,-0.335619,0,0,0,0
1.007338,-1.023557,0.780647,0.426571,-1.919602,-0.740098,0.331152,0,0,0,0
0.865734,-1.420128,0.842569,0.828675,-1.259594,0.139936,-0.602187,0,0,0,0
0.603312,-1.242007,0.416060,0.250527,-2.088401,-0.767414,0.851069,0,0,0,0
0.451419,-0.892438,0.212027,0.961416,-1.593558,0.233878,-0.643181,0,0,0,0
0.345416,-0.880011,0.073712,1.969385,-1.080906,-1.067784,0.430746,0,0,0,0
0.036827,-0.754880,0.576856,2.162717,-0.618881,-0.562810,-0.441161,0,0,0,0
-0.300314,-1.014150,0.699269,2.842167,-0.387830,-0.233452,-0.222236,0,0,0,0
0.081412,-0.297815,-0.034058,1.772022,-0.199076,-0.041924,0.298149,1,0,0,1
0.999385,-0.401861,-0.314805,2.027495,-1.065003,-1.176493,1.354565,0,0,0,0
0.337971,-0.263383,-1.037480,1.140473,-0.637267,-0.017123,-0.865344,0,0,0,0
0.189107,0.406951,-1.390139,0.395409,-0.337884,0.269148,-0.781106,0,0,0,0
0.014043,0.612212,-0.877062,0.428095,-0.210473,-0.839122,-0.673167,0,0,0,0
-0.163773,0.860348,-0.833234,0.922548,0.538500,-0.893163,0.405676,0,0,0,0
-0.438305,0.242217,-1.071038,0.713944,0.614826,-0.455594,-0.550505,0,0,0,0
-0.536268,0.815563,-1.595453,0.282050,1.136080,0.244387,1.141393,0,0,0,0
-0.885619,1.096473,-1.231900,-0.061231,1.257294,-0.179874,-0.717337,0,0,0,0
-0.901789,0.942250,-1.769232,-0.480756,1.517601,-0.724924,1.276882,0,0,0,0
-0.985045,1.119485,-1.914211,-0.932552,1.858594,-0.952726,-0.976607,0,0,0,0
-1.337276,1.141989,-1.074339,-0.043620,2.390559,0.241304,-0.190620,0,0,0,0
-1.475950,1.508673,-1.070095,-0.845206,2.535969,-0.494531,-0.165337,1,1,0,0
0.984168,-0.226636,-0.027797,1.944477,-1.034456,0.077195,1.873348,0,0,0,0
0.247141,0.224024,-1.190712,0.477810,-0.463958,0.358606,-0.978875,0,0,0,0
0.054817,1.345555,-1.289220,-0.863577,-0.699604,0.537855,-0.995901,0,0,0,0
-0.277592,1.627626,-1.787843,-1.712755,-0.022232,0.711986,-1.215174,0,0,0,0
0.065751,0.899805,-0.525873,-0.241981,-0.336541,-0.407939,0.960797,0,0,0,0
-0.229620,1.500597,-1.253658,-0.955010,0.206613,-0.330605,0.369431,0,0,0,0
-0.522849,1.915332,-0.899015,-1.099952,1.164485,-0.644381,0.900099,0,0,0,0
-0.599417,2.349205,-0.850937,-1.758798,0.975828,-0.977322,0.914593,1,0,0,1
0.910813,0.018102,-0.202292,0.645939,-1.921959,-0.781855,1.182839,0,0,0,0
0.090014,0.010376,-1.071576,0.340603,-0.972736,-0.452828,-1.204127,0,0,0,0
-0.212418,0.762423,-1.261511,-0.452085,-0.105251,-0.589334,-1.390163,0,0,0,0
-0.664685,1.270915,-1.050957,-0.806100,0.782878,0.069950,-1.076551,0,0,0,0
-0.726306,1.303988,-1.339029,-0.878619,0.653955,-0.666546,-0.067215,0,0,0,0
-1.272015,1.432624,-0.967147,-0.958209,1.548444,0.760762,-0.513429,0,0,0,0
-1.334574,1.752122,-1.192654,-1.248370,1.820626,-0.721987,0.635588,0,0,0,0
-1.365040,1.775753,-0.341742,-1.071466,1.683099,1.597932,-0.911050,0,0,0,0
-1.454057,1.725650,-0.653375,-1.605589,1.447489,-0.832350,0.266223,0,0,0,0
-1.709380,2.172373,-0.208863,-1.673289,2.124522,0.378404,-0.175393,0,0,0,0
-2.288872,2.095383,0.720260,-2.073046,1.851332,-0.155410,-0.873992,0,0,0,0
-1.255914,1.369727,0.093911,-1.039725,0.803480,0.180819,-0.187539,1,0,0,1
0.823459,-0.406224,-0.072485,1.867738,-0.996054,-0.983152,1.452844,0,0,0,0
0.009358,-0.026932,-0.804359,0.450219,-0.556410,-0.299266,-1.168352,0,0,0,0
-0.440632,1.030416,-0.879426,-0.185317,-0.012602,-0.021681,-1.044631,0,0,0,0
-0.449673,1.387795,-0.681405,-0.589546,0.140092,0.076922,-0.903014,0,0,0,0
-0.857516,1.448840,-0.770745,-0.406440,0.916364,-1.015933,0.414171,0,0,0,0
-1.086241,0.968456,-0.261642,-0.456809,0.147477,0.141212,-0.743278,0,0,0,0
-1.364487,1.645197,-0.808736,-0.674937,1.927450,-0.000930,0.933685,0,0,0,0
-1.810117,1.858595,-0.235953,-1.127307,1.767328,1.038353,-1.177834,0,0,0,0
-0.711619,0.304731,-0.015647,0.662467,0.308985,1.021250,0.983507,0,0,0,0
-1.246050,0.889648,-0.568285,-0.683171,0.511333,-0.391732,-1.350468,0,0,0,0
-2.121858,0.910830,1.114761,0.106185,1.302904,-0.693066,-0.729814,0,0,0,0
-2.112374,1.601413,0.601146,-0.749338,2.076215,0.275124,-0.605936,0,0,1,1
0.985320,-0.245515,0.131023,1.801049,-1.173958,0.233239,1.850793,0,0,0,0
0.149286,0.439321,-0.268466,0.796337,-1.021385,-0.149275,-0.630456,0,0,0,0
-0.319297,0.913559,-0.486628,-0.070962,-0.443972,0.650891,-0.873052,0,0,0,0
-0.483776,1.476697,-1.447534,-1.012995,0.427114,0.634594,-1.243611,0,0,0,0
-0.642768,1.658339,-0.276749,-0.101421,0.667397,-0.823549,0.790411,0,0,0,0
-0.829432,2.050609,-0.362938,-0.151138,1.399924,-0.002262,0.883870,0,0,0,0
-1.048164,2.092292,-0.911657,-0.983155,1.807140,-1.002608,0.183913,0,0,0,0
-1.044662,1.843286,-0.536388,-1.206683,1.903609,-0.779780,1.267601,1,0,1,0
1.316253,-0.577521,0.497224,0.960905,-1.194395,-0.258520,1.350610,0,0,0,0
0.613075,-0.972287,-0.363659,0.312731,-1.382408,0.161752,-1.201179,0,0,0,0
0.553710,-0.371067,0.188934,0.061678,-1.423654,0.242974,-1.139605,0,0,0,0
0.366394,-0.507579,0.314749,0.183460,-1.628663,-0.395770,-1.016576,0,0,0,0
0.402294,-0.144546,0.709142,-0.501013,-0.920405,-0.549788,0.385827,0,0,0,0
0.073164,-0.546767,1.021667,0.143783,-0.979002,0.005838,-0.434692,0,0,0,0
-0.045633,-0.561887,1.245333,0.162120,-0.617408,-0.261580,0.930899,0,0,0,0
-0.159085,-0.212698,0.855076,-0.196772,-1.038223,-0.487019,-0.951782,0,0,0,0
-0.370116,-0.089684,0.288458,-0.101543,-0.442862,-1.395309,0.621472,0,0,0,0
-0.486403,0.152721,0.754321,-0.077130,-0.123392,-0.113119,0.034234,0,0,0,0
-1.243743,-0.103343,1.678496,0.467192,-0.404333,-0.291758,-0.758434,0,0,0,0
-0.648635,0.502667,0.829070,-0.622358,-0.453267,-0.447329,-0.051362,1,0,1,0
1.026971,-0.173119,-0.387892,1.313912,-1.261822,-1.687687,1.455129,0,0,0,0
0.180567,0.282650,-0.640046,0.069504,-1.264997,-0.156406,-0.926436,0,0,0,0
-0.345967,0.745487,-0.660304,-0.707894,-0.945339,0.259819,-0.990704,0,0,0,0
-0.384730,0.849194,-0.530305,-0.522615,-0.197128,-0.150924,-0.968936,0,0,0,0
-0.452064,0.868815,-0.353509,-0.047880,0.155611,-0.894913,0.368456,0,0,0,0
-0.926791,0.512862,-0.297176,-0.275978,0.089856,-0.397962,-0.731181,0,0,0,0
-1.061355,1.207319,-0.253369,-0.345558,0.663470,-0.648970,0.683895,0,0,0,0
-1.404723,1.258222,0.025201,-0.688200,1.150114,-0.316516,-0.929020,0,0,0,0
-1.256555,1.132864,-0.577974,-0.588846,1.534073,0.363517,1.116260,0,0,0,0
-1.613712,1.765828,-0.202897,-1.703166,1.574076,-0.279713,-0.378753,0,0,0,0
-2.349266,1.601906,1.206719,-1.070088,1.826096,-0.674811,-0.805964,0,0,0,0
-2.372640,1.935880,1.157950,-1.696525,2.409425,-0.095457,-0.339028,1,0,0,1
0.973896,-0.179070,0.198158,2.035443,-1.472245,0.591213,1.807081,0,0,0,0
0.243848,0.480387,-0.352155,0.835770,-1.114836,-0.483059,-1.005908,0,0,0,0
-0.263573,1.105313,-0.998991,-0.587699,-0.604503,0.533302,-1.133350,0,0,0,0
-0.566295,1.475986,-1.171953,-1.306144,-0.214800,0.431805,-1.259824,0,0,0,0
0.162134,1.063432,-0.261177,-0.079674,-0.664781,0.023729,1.114360,0,0,0,0
-0.307796,1.439781,-0.919332,-0.440010,0.026155,-0.697680,0.533208,0,0,0,0
-0.606397,1.735897,-1.168458,-0.811039,0.959597,-0.066096,0.964611,0,0,0,0
-0.907294,1.928077,-1.179956,-1.508270,1.400146,-1.255697,0.821092,0,1,0,1
0.937885,-0.040205,-0.219469,1.234578,-1.496758,-0.641821,1.640061,0,0,0,0
0.103653,0.268818,-0.676916,0.238177,-0.912815,-0.095019,-0.682155,0,0,0,0
-0.333461,0.963983,-0.584431,-0.372021,-0.839099,-0.245100,-1.310336,0,0,0,0
-0.575938,1.587117,-0.612552,-1.011911,0.265792,0.201033,-1.050767,0,0,0,0
-0.801552,1.226766,-0.871109,-0.525434,0.318360,-0.655074,-0.134268,0,0,0,0
-1.342810,1.324849,-0.621854,-0.838223,0.891860,0.266014,-0.673869,0,0,0,0
-1.474705,1.536310,-0.969973,-0.861513,1.806533,-0.947268,0.565110,0,0,0,0
-1.520501,1.716338,-0.208352,-0.700242,1.714745,0.166895,-0.934427,0,0,0,0
-0.986333,0.478398,-0.368382,0.077145,0.240641,-1.016038,0.522917,0,0,0,0
-1.401333,1.008197,-0.248944,-0.597531,0.988507,0.311432,-0.521210,0,0,0,0
-2.226730,1.046738,1.530006,0.637009,1.341351,-0.865729,-0.169248,0,0,0,0
-1.323909,1.091721,0.526542,-0.375113,1.073107,-0.486659,0.045739,0,1,0,1
1.172595,-0.065992,-0.273764,1.348286,-1.301052,-1.300631,1.672215,0,0,0,0
0.209103,-0.057366,-1.039874,0.250052,-0.740309,-1.134095,-0.711202,0,0,0,0
-0.097851,0.796771,-0.968962,-0.385385,-0.214485,-0.003291,-0.616267,0,0,0,0
-0.012430,1.014374,-0.867128,-0.894196,0.299470,0.013901,-0.337135,1,0,0,0
1.032708,-0.371300,-0.225227,2.068161,-0.535124,-0.746378,0.868342,0,0,0,0
0.398133,0.214379,-0.373476,0.684131,-0.412431,-1.213035,1.014027,0,0,0,0
-0.000744,0.411194,-0.481724,-0.023559,0.340819,-0.500755,1.186806,0,0,0,0
-0.342477,1.267317,-0.631384,-0.502490,0.821909,-0.051581,0.766163,0,0,1,0
1.159099,-0.016785,0.161482,1.088733,-0.796967,2.248832,1.799789,0,0,0,0
0.242832,0.199771,-0.326705,0.351778,-0.606411,-0.649549,0.506629,0,0,0,0
-0.249887,0.583449,-0.106148,0.075553,0.614379,0.111278,1.320397,0,0,0,0
-0.530997,1.144773,-0.900547,-1.609535,0.823288,-0.782702,0.370744,0,1,0,0
1.206038,-0.010875,0.233527,1.720485,-1.203592,0.391547,1.766337,0,0,0,0
0.486140,0.414367,-0.649248,0.888130,-0.385016,-1.259928,0.403144,0,0,0,0
-0.032613,0.784970,-0.542157,0.237302,-0.072918,-0.123279,1.572149,0,0,0,0
-0.394579,1.369933,-0.378694,-0.162584,0.346559,-0.600186,0.352936,0,0,0,1
1.307560,0.052779,0.080969,1.669472,-1.040154,0.244612,1.569034,0,0,0,0
0.233128,0.141583,-1.017829,-0.132597,-0.916135,-0.747086,0.909514,0,0,0,0
1.069631,0.271576,-0.344671,0.874661,-1.129593,-0.632468,1.417446,0,0,0,0
0.244428,0.721453,-0.514727,0.223572,-0.376886,-1.011826,1.209203,1,1,0,0
1.670193,-0.510283,-0.036111,1.007890,-1.086742,-0.691889,1.470797,0,0,0,0
0.851594,-0.661516,-0.607307,-0.183033,-1.543777,-0.542809,-0.761726,0,0,0,0
0.684775,-0.316190,-0.209703,0.203650,-1.413710,0.054132,-0.591684,0,0,0,0
0.688644,-0.006059,0.362147,0.525670,-0.962612,0.116904,-0.286185,0,0,0,0
0.359684,-0.224457,0.283996,-0.117568,-0.659279,-0.515512,0.471178,0,0,0,0
0.184887,-0.738340,0.140106,-0.059763,-0.499573,0.043326,-0.890633,0,0,0,0
0.216378,-0.419211,0.202117,-0.114807,-0.505802,-0.403545,0.651017,0,0,0,0
-0.130062,-0.466129,0.328932,0.277217,-0.478752,-0.590687,-0.789309,0,0,0,0
-0.193939,-0.178928,0.012261,0.459538,-0.139956,-1.168635,0.214416,0,0,0,0
-0.506986,-0.026815,0.791304,0.233420,-0.156238,-0.154081,-0.236755,0,0,0,0
-1.102049,-0.121494,1.170680,0.497744,0.031268,-0.030740,-0.780951,0,0,0,0
-0.656948,0.456654,0.658769,-0.348124,-0.156129,-0.128596,-0.133218,1,1,0,0
0.971599,-0.087970,-0.065845,1.578300,-1.595172,-1.097781,1.480849,0,0,0,0
-0.094559,-0.201898,-0.722195,0.616287,-0.659353,-0.878346,-1.150388,0,0,0,0
-0.318853,0.540710,-1.092801,-0.612234,-0.700070,0.102386,-0.930064,0,0,0,0
-0.379943,1.034042,-0.769869,-0.520132,-0.323665,0.063492,-0.849698,0,0,0,0
-0.506982,1.180095,-0.541272,-0.128527,0.127189,-0.862979,0.293213,0,0,0,0
-0.896120,0.877426,0.632606,0.177350,0.023140,-0.078657,-0.475614,0,0,0,0
-1.074121,1.408253,-0.820627,-0.964915,1.057800,-0.394177,0.854297,0,0,0,0
-1.229277,0.600370,-0.134198,-0.096246,0.603406,0.021222,-0.623317,0,0,0,0
-1.385213,1.176112,-0.367693,-0.766390,1.683437,0.435094,1.039356,0,0,0,0
-1.686174,1.528443,-0.273296,-0.849536,1.874740,-0.018319,-1.371863,0,0,0,0
-2.320616,1.482962,1.159690,-0.793277,1.594343,-0.994171,-1.029641,0,0,0,0
-2.344147,1.915796,0.848723,-1.807581,2.078895,-0.688404,-0.923706,0,1,1,0
0.938375,-0.374834,0.280686,2.331296,-0.882187,0.860081,1.842164,0,0,0,0
0.381168,0.481696,-0.293298,0.447298,-1.016486,-0.003981,-0.798012,0,0,0,0
-0.215008,1.231986,-0.458476,0.128103,-0.119897,0.314449,-0.818984,0,0,0,0
-0.605093,1.639417,-0.897822,-0.125703,1.012063,0.404959,-1.103710,0,0,0,0
-0.381330,1.453564,-0.265373,0.331072,0.202850,-0.465240,0.946524,0,0,0,0
-0.699504,1.742134,-0.742010,-0.150271,1.159701,-0.490206,0.612139,0,0,0,0
-0.723426,2.258381,-0.760517,-0.704002,1.332921,-0.975685,0.768953,0,0,0,0
-1.060415,1.998292,-0.645455,-0.927536,1.639608,-0.708924,0.871323,0,0,1,1
0.988426,-0.188211,-0.115555,1.453815,-1.446274,-0.689358,1.415304,0,0,0,0
0.037582,-0.091910,-0.969749,0.498049,-0.585626,-0.534053,-0.547302,0,0,0,0
-0.282860,0.777749,-0.957646,-0.731622,-0.494812,0.209743,-1.259696,0,0,0,0
-0.761178,0.998540,-1.051473,-0.501190,0.850206,0.215111,-1.103596,0,0,0,0
-0.545115,0.818260,-0.265431,-0.087967,0.220081,-0.171721,0.057456,0,0,0,0
-1.284822,0.861995,0.043868,0.158994,0.950629,-0.531438,-0.383506,0,0,0,0
-1.377926,1.291036,-0.672620,-0.605937,1.424519,0.301352,0.634249,0,0,0,0
-1.593181,1.571447,0.439264,-0.353235,1.713190,-0.450848,-1.061333,0,0,0,0
-1.267230,1.054983,-0.800197,-0.018141,1.437188,-0.780627,0.533076,0,0,0,0
-1.791137,1.286746,-0.363153,-0.778927,1.636301,0.122547,-0.600321,0,0,0,0
-2.444054,1.290940,0.995980,-0.050283,1.705422,-0.401692,-0.985348,0,0,0,0
-1.585327,1.021547,0.224946,-0.360048,0.791676,-0.702496,-0.421246,0,0,1,1
0.896593,-0.100702,0.207156,1.832428,-1.432559,-1.390595,1.552857,0,0,0,0
-0.039852,0.338746,-0.799295,-0.168429,-1.209934,-0.234520,-1.057228,0,0,0,0
-0.642248,0.836016,-0.941684,-0.003508,0.170129,-0.100364,-0.959918,0,0,0,0
-0.648758,1.238351,-0.493493,-0.693182,0.441871,-0.107335,-0.877289,0,0,0,0
-0.746948,0.650938,-0.436775,0.102918,0.221573,-1.052630,0.157611,0,0,0,0
-1.083968,0.435326,0.016293,0.344731,0.727237,-1.093313,-0.687568,0,0,0,0
-1.334097,1.297320,-0.454228,-0.845671,1.211942,-0.829164,0.556347,0,0,0,0
-1.104694,0.887125,0.000721,-0.277051,1.003523,-0.100140,-0.525640,0,0,0,0
-1.412779,1.403201,-0.493912,-0.595724,1.664661,0.134579,1.231793,0,0,0,0
-1.885753,1.614698,-0.384224,-1.201947,2.380918,-0.381814,-1.371807,0,0,0,0
-2.638126,1.824946,2.000345,-0.768501,2.106758,-0.919627,-0.618957,0,0,0,0
-2.456929,2.130612,0.847423,-1.512146,3.234615,-0.390047,-0.638302,0,1,1,0
1.002099,-0.317396,0.483058,2.327723,-0.942032,1.101746,1.815383,0,0,0,0
0.431415,0.283097,-0.698681,0.123030,-1.226856,0.029220,-0.889792,0,0,0,0
-0.130822,1.073225,-0.892068,-0.830012,-0.643361,1.784550,-0.911077,0,0,0,0
-0.378344,1.611989,-1.024374,-1.287145,-0.173951,-0.107492,-1.189006,0,0,0,0
0.020879,0.586674,-0.324591,-0.020668,-0.928712,0.163893,0.941538,0,0,0,0
-0.326504,1.569526,-0.542613,-0.309823,0.042211,-0.259494,0.993191,0,0,0,0
-0.553043,1.804138,-0.525463,-0.606047,0.469702,-0.891885,0.326505,0,0,0,0
-0.794311,2.001259,-0.764302,-1.299890,1.196333,-0.814822,1.534501,1,0,1,0
1.442117,-0.628567,0.270336,0.799943,-1.275498,-0.382426,1.131484,0,0,0,0
0.699840,-0.556949,0.328795,0.185076,-1.922058,-0.514322,-0.598954,0,0,0,0
0.486547,-0.356559,0.378291,-0.083716,-1.808980,0.009869,-0.927565,0,0,0,0
0.350638,-0.502453,0.568275,0.163402,-1.800724,-0.549615,-1.200688,0,0,0,0
0.325279,-0.292710,0.944405,0.511859,-1.297557,-0.317887,0.543887,0,0,0,0
0.057627,-0.657969,0.954818,0.130734,-0.776855,0.126600,-0.215682,0,0,0,0
0.032882,-0.721689,0.743395,0.194925,-0.452081,-0.517263,1.112677,0,0,0,0
-0.140026,-0.246883,0.991313,0.046017,-0.849391,-0.140571,-0.918017,0,0,0,0
-0.412402,-0.258844,0.105283,-0.069461,-0.486476,-1.280551,0.376379,0,0,0,0
-0.560048,0.122600,0.948537,0.384028,0.126721,0.420353,-0.131409,0,0,0,0
-1.230686,-0.037121,1.553094,0.315917,-0.270774,-0.816657,-0.878212,0,0,0,0
-0.788129,0.532437,0.823946,-0.595462,-0.052704,-0.305601,-0.213481,1,0,1,0
0.948296,-0.405416,-0.051395,1.767466,-1.307169,-1.010822,1.396891,0,0,0,0
0.082009,-0.177661,-0.988484,0.157005,-0.988152,-0.117941,-1.018486,0,0,0,0
-0.246520,0.731246,-0.850772,-0.194000,-0.144823,0.527927,-0.989515,0,0,0,0
-0.458218,0.892183,-0.723834,-0.302389,0.570690,-0.129093,-0.927230,0,0,0,0
-0.434946,0.949535,0.142393,0.242135,-0.077379,-1.067805,0.382939,0,0,0,0
-0.977469,0.455989,-0.316387,0.033201,0.741137,-1.228927,-0.304074,0,0,0,0
-1.091033,1.196322,-0.346165,-0.524913,0.906137,-0.332462,0.591107,0,0,0,0
-0.897386,0.633149,-0.034389,-0.472210,0.145383,-0.572685,-0.494212,0,0,0,0
-1.267803,1.386203,-0.380362,-0.467061,1.596858,-1.137973,0.576938,0,0,0,0
-1.581810,1.479095,-0.678001,-1.583478,1.582631,0.202329,-0.832078,0,0,0,0
-2.286325,1.679903,1.320125,-0.934711,1.903315,-0.859624,-0.485309,0,0,0,0
-2.453756,2.015587,1.450271,-1.371973,2.305636,-0.679343,-0.067654,1,0,0,1
0.919669,-0.253700,0.160436,1.944646,-1.304918,0.956826,1.756409,0,0,0,0
0.118260,0.235781,-0.590329,0.558811,-0.949689,-0.912046,-0.919822,0,0,0,0
-0.227283,1.204549,-0.634424,0.062454,-0.168092,0.637527,-1.031874,0,0,0,0
-0.578762,1.567126,-0.881165,-0.950053,0.234708,-0.206487,-1.192759,0,0,0,0
-0.036148,0.858238,-0.241079,0.214769,-0.337697,-0.585580,1.098266,0,0,0,0
-0.473448,1.376908,-0.702602,-0.174131,0.340358,-0.880528,0.909025,0,0,0,0
-0.825553,1.522025,-0.411873,0.037653,1.279636,-0.428783,0.404660,0,0,0,0
-1.031123,1.902655,-0.127641,-0.783698,1.014954,-1.479663,1.443922,0,1,0,1
1.427523,-0.756749,0.713811,0.928612,-0.525539,-0.334157,1.659519,0,0,0,0
0.759082,-0.398744,0.023211,0.603619,-0.990246,-0.571626,0.246540,0,0,0,0
0.550031,-0.199305,0.163756,0.366333,-0.957801,-0.073914,-0.123067,0,0,0,0
0.215411,-0.153220,0.491061,0.617957,-0.104899,-0.052344,0.127731,0,0,0,0
1.335110,-0.616868,0.858420,1.389267,-1.306300,-0.692135,0.937710,0,0,0,0
0.567938,-0.712077,0.669793,0.901717,-0.914172,-0.590927,0.800268,0,0,1,0
1.144480,-0.200379,0.458769,1.958569,-1.351162,-1.060852,1.262554,0,0,0,0
0.428906,-0.568084,0.248659,0.864506,-0.982239,-0.220754,-0.424081,0,0,0,0
0.252513,-0.746481,-0.139372,0.393942,-0.739163,-1.047158,-0.526854,0,0,0,0
0.070338,-0.680069,1.047559,0.465782,-0.032661,0.264171,-0.029752,0,0,0,0
1.269052,-0.638411,0.777341,1.143912,-0.760200,-0.941744,0.691230,0,0,0,0
0.505765,-0.500450,0.589556,0.750409,-0.681632,-0.655080,0.743915,0,1,0,0
1.051045,-0.692413,0.330848,2.085989,-0.801355,-0.864532,1.559636,0,0,0,0
0.646697,-0.578722,-0.168728,1.087329,-0.823006,0.154018,-0.055939,0,0,0,0
0.336165,-0.435001,0.740597,0.878525,-0.051046,0.966088,-0.028349,0,0,0,0
0.591450,-0.422246,0.969290,-0.195681,-0.115977,0.101315,0.107319,1,0,0,0
1.243799,-0.536643,0.922842,1.306509,-0.805333,-1.100795,1.237363,0,0,0,0
0.569479,-0.441528,0.478773,0.964320,-0.805563,-0.042030,-0.532049,0,0,0,0
2.224969,-0.090774,-0.209120,0.816673,-1.443889,-0.351137,1.180703,0,0,0,0
0.861844,-0.653712,-0.289668,1.290142,-1.094984,-0.434584,0.131376,0,0,0,0
0.508912,-0.207768,0.005673,-0.295679,-0.880452,0.258415,-0.444158,0,0,0,0
1.976848,-0.419574,0.661886,1.529180,-0.671516,6.617061,1.529091,0,0,0,0
0.694328,-0.695708,-0.101805,1.575965,-1.306428,-0.861268,-0.607020,0,0,0,0
0.354474,-0.409010,0.239193,0.506982,-1.181399,0.042390,-0.968599,0,1,0,0
1.418823,-0.838056,0.571920,2.016887,-0.231068,0.830144,1.679337,0,0,0,0
1.213661,-0.437347,-0.263369,1.020892,-1.196555,-0.474278,-0.029193,0,0,0,0
0.794180,-0.546779,-0.077208,0.737516,-1.481713,0.139150,-0.719336,0,0,0,0
0.709171,-0.978068,-0.121466,0.981363,-1.259174,-0.327947,-0.997707,0,0,1,0
0.934018,-1.086265,-0.148165,0.166094,-1.573221,1.074327,-1.009343,0,0,0,0
0.681185,-1.242565,0.248195,1.288723,-1.410036,-0.008969,-0.830993,0,0,0,0
0.631724,-1.557235,0.024956,0.971744,-1.430204,0.339870,-0.867941,0,0,0,0
0.700434,-1.631943,0.308399,1.505870,-1.075887,0.217918,-0.847134,1,0,0,1
1.633616,-1.261441,0.721537,1.216355,-1.848084,0.810100,1.019304,0,0,0,0
1.438442,-1.920556,1.757740,0.825236,-1.162840,1.159616,-0.339897,0,0,0,0
1.558318,-2.140965,2.519518,0.927347,-0.650678,-0.016129,1.021942,0,0,0,0
1.236779,-1.471297,1.119324,1.153200,-2.016668,-0.038377,0.111057,0,1,0,0
1.407242,-1.381630,1.022261,1.625521,-1.216090,-0.181956,1.208005,0,0,0,0
1.136840,-1.411997,0.297638,1.371397,-1.030227,0.947510,-0.504837,0,0,0,0
1.336605,-1.706829,2.145055,0.756457,-0.855660,0.245358,0.908644,0,0,0,0
0.752878,-1.034256,0.331773,1.482146,-1.540768,-0.872671,-0.567784,0,0,0,0
0.800458,-0.754879,-0.125113,1.165997,-1.550829,-0.414525,0.517610,0,0,0,0
0.873700,-0.632772,0.024326,0.798933,-1.114068,0.028609,0.021342,0,0,0,0
1.296824,-1.499599,1.446806,-0.061479,0.032467,0.085706,1.017103,0,0,0,0
0.613798,-0.205009,-0.652285,0.719980,-1.337108,-0.168263,-0.391363,0,1,0,0
1.141976,-0.200214,-0.278006,1.756068,-1.197134,-0.908918,1.009843,0,0,0,0
0.772710,-0.510346,-0.888093,0.453808,-0.844712,-0.806897,-0.815136,0,0,0,0
1.083842,-1.467222,0.974003,-1.101016,-0.624928,0.250547,0.537418,0,0,0,0
0.389944,0.135650,-0.814681,-0.069400,-1.001492,-0.748797,-0.664733,0,0,0,1
0.854763,0.489255,-0.180799,0.096780,0.134522,-0.074180,0.809841,0,0,0,0
0.451947,0.156068,-0.582043,0.631091,0.035694,-0.367673,-0.004454,0,0,0,0
1.007535,-1.018601,1.645129,0.102417,1.165938,0.736087,0.888820,0,0,0,0
0.411149,0.439607,-0.086512,0.454504,0.303828,0.089668,0.333868,0,0,1,0
1.048959,0.350593,-0.104005,1.415224,-0.574344,-1.450147,1.602838,0,0,0,0
0.416795,0.141452,-0.600628,0.385441,-0.251960,-0.585053,0.088037,0,0,0,0
1.052926,-1.135550,1.476812,-0.762675,0.313194,3.566890,1.380738,0,0,0,0
-0.022103,0.462419,-0.425108,-0.166933,0.579049,-0.685619,-0.632767,0,0,0,0
0.761738,-0.039038,-0.751196,1.024886,-0.291837,2.289168,1.069243,0,0,0,0
0.452367,0.628721,-0.600840,0.608446,0.035159,-0.440450,0.079451,0,0,0,0
1.206491,-1.205639,1.636621,-1.370992,0.523122,1.992182,1.293656,0,0,0,0
0.102950,0.579828,-0.929728,-0.630712,0.056838,-0.798565,-0.790814,0,0,1,0
0.894240,-0.185039,0.129416,1.817054,-1.044285,-0.058954,1.363330,0,0,0,0
0.542305,0.235102,-1.171731,0.168173,-0.339353,0.778985,-0.337748,0,0,0,0
1.005773,-1.554929,1.115400,-2.008602,0.509215,1.901714,1.049932,0,0,0,0
-0.038703,0.599904,-0.961809,-1.253494,0.288278,-0.116323,-0.893283,0,1,0,0
0.783588,0.489747,-0.313885,0.513656,-0.584259,0.801668,0.929673,0,0,0,0
0.391387,0.855055,-0.581268,0.326319,-0.287049,-0.413011,-0.012409,0,0,0,0
1.065351,-0.665375,1.861838,-0.978625,-0.339968,1.382229,1.167397,0,0,0,0
-0.138143,1.044090,0.112631,-0.359464,0.345814,-0.772531,-0.522514,1,0,0,0
1.001625,0.009303,0.173398,1.437456,-0.522633,-0.466109,1.185581,0,0,0,0
0.396780,0.530438,-0.623049,0.147454,-0.536029,-0.947479,-0.759698,0,0,0,0
0.986631,-0.958339,2.417593,-0.914405,0.408653,1.251764,0.850472,0,0,0,0
-0.082588,1.043455,-0.357263,-0.616827,0.797135,-0.394367,-0.191627,0,0,0,0
0.396111,0.871375,0.126349,-0.121436,-0.335222,-0.558157,1.021522,0,0,0,0
0.010946,1.003994,-0.032872,-0.586021,0.202630,0.047245,-0.250302,0,0,0,0
0.804238,-1.069150,1.758469,-1.013947,0.422304,-0.417806,0.831900,0,0,0,0
-0.152137,0.767825,-0.683137,-0.760414,0.230620,-0.303007,-0.382623,1,0,0,0
0.972111,-0.452997,0.120817,1.961015,-0.455119,-1.336123,1.009664,0,0,0,0
0.293523,-0.136358,-0.620662,1.344502,-0.063294,0.025037,-0.370083,0,0,0,0
0.832967,-1.010147,1.408504,-0.379040,0.821189,0.743245,1.048967,0,0,0,0
-0.111071,0.617354,-0.414240,0.263289,0.649882,-0.666317,-0.659260,0,0,1,0
0.201769,0.912578,0.978304,0.189715,0.639447,0.221196,1.064329,0,0,0,0
0.045118,1.161482,0.204170,0.000362,0.827853,0.272213,0.180348,0,0,0,0
0.541322,-1.034102,1.690689,-0.337088,0.654760,-0.038815,0.887668,0,0,0,0
-0.000016,0.948223,0.333097,0.152213,0.648775,-0.841167,0.490469,0,0,0,1
0.715735,0.164241,0.192549,1.552833,-0.537379,-1.114312,1.232800,0,0,0,0
0.284492,0.416215,0.006253,0.346644,0.042216,-0.052023,-0.437228,0,0,0,0
0.929574,-1.275343,2.035077,-1.484791,0.026104,2.422152,1.144186,0,0,0,0
-0.360515,1.086894,-0.087469,-0.835458,0.792663,-0.284131,-0.481143,0,0,0,0
0.315289,-0.171255,0.174098,1.306900,-0.228532,1.131199,1.529775,0,0,0,0
0.194543,0.431763,-0.674812,0.883348,0.185629,0.160876,-0.301616,0,0,0,0
0.978671,-1.295309,1.755467,-0.588765,0.599857,2.408544,0.969514,0,0,0,0
-0.299387,0.851114,-0.244731,-0.338353,0.540751,-0.642443,-0.499431,0,0,0,1
1.145320,-0.229641,0.278449,1.610471,-1.096482,0.903791,1.463708,0,0,0,0
0.547343,0.371061,0.164182,0.683391,-0.667313,-0.595054,0.919329,0,0,0,0
1.069133,-1.401531,2.112307,-0.839123,0.494697,1.440579,0.999869,0,0,0,0
-0.202738,0.551353,-0.362097,-0.083161,0.866884,-0.852900,0.819765,0,1,0,0
0.408460,0.531707,0.661822,0.520406,0.315418,1.031630,0.683296,0,0,0,0
-0.131253,0.509728,-0.641137,-0.285585,0.091176,-0.351768,-0.620648,0,0,0,0
0.793771,-1.195313,2.480445,-0.652559,0.356750,0.753113,0.943432,0,0,0,0
-0.324521,1.247741,0.139424,-0.568498,0.601371,-0.589557,-0.347971,0,0,1,0
0.874588,0.084927,0.233728,1.926412,-0.206698,-1.043008,1.310009,0,0,0,0
0.266104,0.477886,-0.447237,0.689155,-0.063953,-0.071489,-0.367692,0,0,0,0
0.765413,-0.849852,2.453164,-0.164138,0.735787,0.888517,0.970230,0,0,0,0
-0.418717,1.239397,-0.093698,-0.876286,1.046244,-0.465307,-0.603654,0,0,0,0
0.071949,0.816469,0.446389,0.337039,0.252604,0.249757,0.816756,0,0,0,0
-0.221039,1.045017,-0.539151,-0.249412,-0.143743,-0.075933,-0.549781,0,0,0,0
0.717492,-1.125872,2.630181,-1.064591,-0.171166,0.213286,0.616499,0,0,0,0
-0.297584,1.277357,0.074880,-0.868004,0.110454,-0.759866,-0.415179,0,0,1,0
1.043147,0.224748,-0.138618,1.529373,-1.012840,-0.837558,1.082643,0,0,0,0
0.489148,0.365248,-0.287828,0.321853,-0.598701,-0.977210,-0.455681,0,0,0,0
0.777361,-1.344200,1.557947,-1.130232,0.513780,0.048210,0.887503,0,0,0,0
-0.512652,0.549338,-0.902205,-1.201411,-0.038096,0.354428,-0.994155,1,0,0,0
0.226318,0.973325,0.264087,0.540154,0.621633,-0.387045,0.832443,0,0,0,0
0.080003,1.000378,0.236939,-0.339812,0.412823,-0.555892,0.145402,0,0,0,0
0.613243,-0.590321,1.891363,0.634565,-0.080335,-0.923095,1.093007,0,0,0,0
0.104534,0.871416,-0.120320,0.507416,0.278943,-0.373820,0.361376,0,1,0,0
0.803800,0.112468,0.204994,1.908232,-0.321989,-1.063026,1.342642,0,0,0,0
0.400573,0.573276,0.260922,0.241232,-0.276900,-0.075353,0.573202,0,0,0,0
0.747106,-0.684547,2.240399,-0.784668,0.416224,-0.876446,1.083965,0,0,0,0
-0.313645,1.379193,0.397063,-0.787797,0.746108,-0.437533,-0.113247,0,0,0,0
0.499745,0.207812,0.321734,1.046736,-0.766652,2.497611,1.106522,0,0,0,0
0.076723,0.687002,0.012912,1.072715,-0.586279,-0.665551,-0.219564,0,0,0,0
0.871114,-1.136910,2.604363,-0.530591,0.167414,2.548476,1.590910,0,0,0,0
-0.257516,1.222967,0.343341,-0.241819,0.277313,-0.526449,0.165987,0,1,0,0
0.985972,-0.060136,0.073753,1.639655,-0.813536,0.660539,1.490307,0,0,0,0
0.401379,0.247251,-0.412204,0.748565,-0.530980,-0.104988,0.121771,0,0,0,0
0.913345,-1.262833,1.968535,-0.575401,0.140836,1.313817,1.539300,0,0,0,0
-0.348423,0.578849,-0.160040,-0.469417,0.883363,-0.228904,-0.286923,0,0,0,1
0.532438,0.247169,0.131994,1.173389,-0.013374,0.158843,0.894604,0,0,0,0
0.038035,0.641621,0.611516,1.250561,0.572765,-0.591701,-0.040980,0,0,0,0
0.869943,-1.252531,2.442502,-0.274642,0.768667,0.736064,1.352025,0,0,0,0
-0.351286,0.710897,0.095898,-0.098354,0.547094,-1.158859,-0.438376,0,0,1,0
1.029958,-0.071883,0.699241,2.134844,-1.103011,-0.443491,1.369449,0,0,0,0
0.464455,0.166590,-0.426475,0.745656,-0.377840,-0.101613,-0.242500,0,0,0,0
0.998806,-1.150523,2.118720,-0.290886,1.090566,0.299189,1.049460,0,0,0,0
-0.232357,0.569671,-0.385607,-0.489376,0.531296,-0.497062,-0.761113,0,0,0,0
0.253183,0.230364,-0.178128,0.084933,-0.274840,-0.765175,0.746650,0,0,0,0
-0.187785,0.473376,0.012158,-0.341960,0.467757,-0.435692,-0.431043,0,0,0,0
0.653645,-1.304771,1.791258,-0.813742,0.276480,0.363281,0.686432,0,0,0,0
-0.437609,0.541613,-0.277831,-0.676960,0.572829,-0.937669,-0.485298,0,0,1,0
0.969980,-0.311930,0.297633,1.921193,-0.621965,-0.948374,1.053524,0,0,0,0
0.419592,-0.015403,-0.121055,0.365818,-0.610525,-0.266407,-0.776441,0,0,0,0
0.897048,-1.185722,1.752403,-1.518098,-0.118774,0.044892,0.726893,0,0,0,0
0.008532,-0.087392,0.474886,-1.038232,0.500833,-1.027182,-0.336235,1,1,0,0
1.192258,-0.837459,0.065469,1.621999,-0.097463,-1.082785,0.959146,0,0,0,0
0.834199,-0.391637,0.349759,1.593167,-0.430310,-0.548109,1.064413,0,0,0,0
1.056673,-0.497063,0.169773,1.778779,-0.915015,-1.300831,1.270328,0,0,0,0
0.579322,-0.462362,0.507007,1.630016,-0.212564,-0.507756,0.661376,0,0,0,0
0.335963,-0.322270,1.158553,1.552473,-0.197318,-0.136737,1.258273,0,0,0,0
0.746327,-0.601680,1.181163,0.393013,-0.219416,1.281210,0.271355,0,0,1,1
1.230646,-1.026765,0.115173,1.306743,-0.735474,-1.190539,1.170564,0,0,0,0
0.843167,-0.817661,0.363664,1.420097,-0.520828,-0.419220,0.777499,0,0,0,0
1.285226,-0.516243,0.336792,1.564118,-1.351110,1.136657,1.675738,0,0,0,0
0.865554,-0.351343,-0.047238,0.805268,-1.015847,-0.248177,0.788592,0,0,0,0
0.602918,-0.126642,0.479372,0.839609,-0.272641,0.200910,0.734362,0,0,0,0
0.377618,-0.349824,0.209723,0.154271,-0.270682,0.356035,1.578611,0,1,0,0
1.583378,-0.952806,1.138360,0.652020,-0.436093,0.181017,1.307916,0,0,0,0
0.897627,-0.555530,0.236016,1.626688,-0.439109,0.333209,1.628097,0,0,0,0
0.652113,-0.369156,0.200499,1.396430,-0.294799,0.171305,0.250712,0,0,0,0
0.505112,-0.355732,0.280934,1.209060,0.249850,-0.243321,1.289271,1,0,0,1
1.164505,-0.527427,1.431175,0.974792,-0.227169,1.017292,1.026374,0,0,0,0
0.648083,-0.546075,0.705775,1.131767,-0.893906,-0.485832,0.041621,0,0,0,0
1.159295,-1.292229,2.214572,-0.233466,-0.544458,0.805523,1.173074,0,0,0,0
0.570717,-0.223475,0.823251,0.524820,-1.487011,0.274586,-0.388363,0,0,1,0
1.023430,-0.206454,0.468937,1.776069,-0.875713,-0.192250,1.502135,0,0,0,0
0.719168,-0.401101,0.066871,1.031743,-0.017434,0.118484,-0.170740,0,0,0,0
1.101389,-1.310901,2.604774,-0.395334,0.169069,0.247592,1.159176,0,0,0,0
0.267236,-0.061053,0.414882,-0.252110,-0.426956,-0.496441,-0.592925,0,0,0,0
0.403895,0.042684,0.268397,-0.192329,-0.440326,-0.346946,0.565207,0,0,0,0
0.143377,0.087909,-0.122293,-0.499182,-0.443911,0.268385,-0.614198,0,0,0,0
0.752553,-1.492720,1.579490,-0.593129,0.659457,-0.100192,0.720718,0,0,0,0
0.001741,0.440579,-0.046229,-0.874382,-0.168252,-0.668570,-0.211178,0,0,1,0
1.037268,-0.081147,-0.114078,1.622239,-1.094009,-0.904840,1.033115,0,0,0,0
0.570212,0.216773,-0.538472,0.189569,-1.029014,-0.492633,-0.792984,0,0,0,0
0.654693,-0.983286,1.039059,-1.054902,-1.033694,1.213648,0.616638,0,0,0,0
-0.092381,0.298225,-0.732778,-0.729896,-0.435254,-0.510193,-0.823810,1,0,0,0
0.444165,0.554893,0.301676,0.028079,0.181433,-0.405463,0.730586,0,0,0,0
0.082341,0.485279,0.543510,-0.483594,-0.013664,-0.428439,-0.482273,0,0,0,0
0.785449,-0.834553,2.347505,-0.594152,0.529684,-0.642574,0.901543,0,0,0,0
0.120001,0.856573,0.518269,-0.079786,0.126007,-0.382021,0.159045,0,1,0,0
0.907380,0.104209,0.077897,1.925429,-0.353237,-1.231562,1.559656,0,0,0,0
0.400483,-0.172045,-0.526165,0.081595,0.546664,-0.181408,-0.002920,0,0,0,0
0.758263,-1.040514,1.800839,-1.043736,0.637266,0.050104,0.741437,0,0,0,0
-0.198952,0.480657,-0.245462,-0.254828,0.543545,-0.475159,-0.276103,0,0,0,0
0.543202,-0.120619,-0.115456,1.412529,0.004142,1.383150,0.971884,0,0,0,0
0.366162,0.690451,-0.419102,1.003436,-0.039145,-0.685848,-0.075904,0,0,0,0
0.988432,-1.148286,2.011366,-0.692655,0.396993,1.850272,1.253920,0,0,0,0
-0.219283,0.678273,-0.254386,0.043726,0.239118,-0.972931,-0.987186,0,1,0,0
0.953205,-0.111560,-0.137437,1.297155,-0.600784,0.110091,1.428300,0,0,0,0
0.340119,0.101484,-0.739740,0.396571,-0.263439,-0.493901,-0.571545,0,0,0,0
0.936961,-1.500214,1.532416,-1.256166,0.541397,2.655699,1.262406,0,0,0,0
-0.223539,0.758912,-0.704005,-1.029751,0.531472,-0.064846,-0.906962,0,0,0,1
0.684372,0.610672,0.384899,0.515009,-1.036266,0.425739,1.025801,0,0,0,0
0.016290,0.622783,-0.320826,0.778258,0.053023,-0.786865,-0.352442,0,0,0,0
0.773440,-1.081447,2.421518,-0.237941,0.119484,0.200163,1.028528,0,0,0,0
-0.125370,1.276285,0.064250,-0.243132,0.610055,-0.797040,0.074358,1,0,0,0
1.230387,-0.035478,0.375518,1.200813,-0.637583,-0.571280,1.334148,0,0,0,0
0.384043,0.030943,-0.445233,1.032098,0.089882,0.211847,-0.601289,0,0,0,0
0.860857,-1.024877,1.531234,-1.210908,-0.055630,1.435239,0.750877,0,0,0,0
-0.117385,1.044074,-0.048268,-0.837552,0.762915,-0.954507,-0.188442,0,0,0,0
0.203333,0.237710,0.327976,0.251129,0.231246,-0.824102,0.734525,0,0,0,0
0.034679,0.916402,0.296299,-0.472146,0.492114,0.090370,-0.157599,0,0,0,0
0.659403,-1.401718,2.497289,-0.402952,0.967445,0.396308,0.858349,0,0,0,0
-0.396440,0.530030,-0.293882,-1.158645,-0.202824,-0.632151,-0.647251,1,0,0,0
1.024650,-0.456432,-0.022804,1.655957,-0.962450,-0.724180,0.897407,0,0,0,0
0.489161,-0.303665,0.377079,0.635028,0.067542,-0.128854,-0.383392,0,0,0,0
0.706558,-1.609702,1.411754,-1.206335,0.373731,0.005359,0.958132,0,0,0,0
-0.168371,0.041278,0.322032,-0.651840,0.442036,-0.588761,-0.632267,0,0,1,0
0.224098,0.607389,0.217794,0.395358,1.068658,-0.366633,0.933530,0,0,0,0
-0.025949,0.599678,0.101777,0.309230,0.886503,0.534955,0.141250,0,0,0,0
0.763352,-1.139185,1.921135,-0.109297,0.998568,0.574099,1.108766,0,0,0,0
-0.176368,0.607940,0.259398,0.719746,1.018039,-0.734346,0.465999,0,0,0,1
0.737703,-0.059195,0.203497,2.274183,-0.148251,-0.817588,1.159405,0,0,0,0
0.134748,-0.140560,-0.238590,1.386821,0.200154,-0.045266,-0.641714,0,0,0,0
0.552038,-1.106813,2.222001,-0.258437,0.222936,-0.517765,0.815314,0,0,0,0
-0.174522,0.565564,0.266745,-0.146381,0.695007,-0.200213,0.124117,0,0,0,0
0.554405,-0.050601,0.064975,0.599479,-1.029699,1.898984,1.308419,0,0,0,0
0.062455,0.226757,-0.777605,-0.110465,-0.642448,-0.321199,-0.478400,0,0,0,0
0.892339,-1.691371,1.866574,-0.872061,0.385054,2.163617,0.878394,0,0,0,0
-0.221522,0.434280,-0.466736,-0.128700,0.089083,-0.128996,-0.444850,0,0,0,1
1.094743,0.007557,0.381155,1.319837,-0.652076,1.021642,1.523970,0,0,0,0
0.384454,0.163166,-0.407839,0.501767,-0.681803,0.466182,0.935601,0,0,0,0
0.728920,-0.964555,1.412083,-0.439362,-0.043405,1.753557,1.072717,0,0,0,0
-0.158425,0.927914,0.332584,-0.903831,0.791668,-0.607564,0.986807,0,1,0,0
0.441225,0.685862,0.464142,0.838142,0.311252,0.699002,1.321972,0,0,0,0
-0.062367,0.771688,0.050659,0.416395,0.154297,0.075115,-0.556815,0,0,0,0
0.892637,-1.299987,2.464710,-0.683188,0.664028,-0.208906,0.981763,0,0,0,0
-0.407631,0.721495,0.041854,-0.382245,0.763090,-0.720437,-0.439713,0,0,1,0
0.854758,-0.046957,0.444127,2.168021,-0.454080,-0.444168,1.417331,0,0,0,0
0.274151,0.396492,0.305091,0.546944,-0.393951,0.213485,-0.604911,0,0,0,0
0.740318,-1.369994,2.487247,-0.335095,0.462235,0.787468,0.730799,0,0,0,0
-0.533917,0.975414,0.622941,-0.633776,0.733276,0.256570,-0.609606,0,0,0,0
0.347471,0.223289,0.224100,0.287652,0.038726,0.254123,0.820580,0,0,0,0
-0.247657,0.397169,0.268530,0.300793,0.435220,-0.446966,-0.665862,0,0,0,0
0.706897,-1.059792,2.467400,-0.173837,0.441982,-0.237023,0.694770,0,0,0,0
-0.447433,0.498405,-0.189443,-0.385537,0.908960,-0.544087,-0.421351,0,0,1,0
0.871415,-0.087662,0.016701,2.240760,-0.633560,-0.604150,1.108895,0,0,0,0
0.364553,0.379282,-0.320222,0.801539,-0.769263,-1.036382,-0.396710,0,0,0,0
0.797495,-1.388664,1.966382,-0.901668,-0.108268,-0.205229,0.946278,0,0,0,0
-0.254815,0.663842,-1.148592,-1.174358,0.127621,0.023863,-0.957726,0,0,0,1
0.237075,0.483903,0.612631,0.473505,0.010988,-0.296548,0.957361,0,0,0,0
-0.060229,0.394636,-0.165392,-0.120823,0.462850,-0.667329,-0.084382,0,0,0,0
0.696927,-0.921432,2.170240,-0.439105,0.700092,0.073010,0.841932,0,0,0,0
0.082939,0.750846,0.432724,-0.218421,-0.212601,0.188656,0.114212,0,1,0,0
0.894104,-0.051764,0.018368,1.657885,-0.460787,-1.069868,1.409587,0,0,0,0
0.433990,0.243970,-0.277146,0.328705,-0.778235,-0.031120,0.042398,0,0,0,0
0.864969,-0.829467,1.847842,-1.113981,-0.091612,-0.250350,0.776970,0,0,0,0
-0.255121,0.559077,0.073157,-0.365764,0.791668,-0.480271,-0.067945,0,0,0,0
0.225319,-0.056644,0.051422,1.485377,-0.462945,-0.391242,0.598035,0,0,0,0
0.112433,0.223372,-0.887000,0.810536,0.234040,0.705446,-0.029961,0,0,0,0
1.029146,-1.559733,1.458701,-1.078187,0.627023,2.349342,1.381534,0,0,0,0
-0.075812,0.670425,-0.430108,-0.126302,0.316413,-0.453114,-0.116112,0,1,0,0
0.955163,-0.034864,-0.050334,1.135234,-0.756923,0.899205,1.255345,0,0,0,0
0.614017,0.462119,-0.969611,0.073775,-0.818191,-0.578218,0.103213,0,0,0,0
1.030370,-1.105763,1.617000,-1.134812,0.231370,1.062083,1.813225,0,0,0,0
-0.014985,0.869279,-0.152906,-0.423382,0.370506,-0.411632,-0.130233,1,0,0,0
1.156498,-0.270191,-0.141558,1.703132,-0.799462,0.034649,1.195046,0,0,0,0
0.723890,0.194680,-0.461687,1.007890,-0.734511,-0.448492,-0.387226,0,0,0,0
1.047199,-1.084926,1.766301,-0.369656,0.363885,1.109545,1.116039,0,0,0,0
0.070808,0.484916,-0.159055,0.372824,0.409832,-0.451084,-0.124082,0,0,0,1
1.030574,-0.086504,0.195972,1.377781,-0.782530,-0.546454,1.615635,0,0,0,0
0.532566,0.022366,-0.113078,0.647333,-0.127876,-0.812825,-0.305600,0,0,0,0
1.201209,-0.974599,1.922187,-0.991509,0.609163,2.591150,1.056288,0,0,0,0
0.164067,0.365379,0.082604,-0.283881,0.438078,0.110221,-0.426004,0,1,0,0
1.190692,0.119643,-0.023161,1.427247,-0.855793,-1.005001,1.330643,0,0,0,0
0.644327,0.042122,-0.354512,0.282209,-0.775490,-0.092494,-0.199001,0,0,0,0
0.983241,-1.142723,2.071660,-0.812539,0.124639,0.072996,0.839895,0,0,0,0
0.156086,0.093184,0.018118,-0.693596,0.058257,-0.031062,-0.607960,0,0,1,0
1.110951,-0.210604,0.212702,2.004325,-0.592168,-1.045072,1.005838,0,0,0,0
0.778543,-0.021775,-0.652069,0.741196,-0.578031,-0.271643,-0.293800,0,0,0,0
1.069421,-0.989901,0.926306,-0.314139,-0.275953,1.049712,0.959693,0,0,0,0
0.469438,-0.233062,0.273126,-1.163786,-0.263091,-0.169180,-0.412717,1,0,0,1
1.384847,-0.609034,0.433502,1.720325,-0.501994,-0.784841,0.968726,0,0,0,0
1.094475,-0.618580,0.138423,0.835237,-0.977039,0.357042,0.259482,0,0,0,0
2.590228,-0.624362,0.637944,0.610039,-0.572400,-0.221874,1.583842,0,0,0,0
1.309383,-0.624696,0.235807,0.642507,-0.729818,-0.326376,0.720040,0,0,0,0
0.995292,-0.868066,0.824573,1.134319,-0.446060,0.507150,-0.081849,0,0,0,0
1.900141,-0.770993,0.785746,0.665159,-1.160555,8.855291,1.782049,0,0,0,0
1.120465,-0.822618,0.498452,1.240947,-1.050510,0.119844,0.053856,0,0,0,0
1.146008,-1.123694,0.967548,0.208946,-0.702621,0.315487,0.244780,0,1,0,0
1.731396,-0.844419,0.122570,0.712646,-1.234148,-1.089780,1.336651,0,0,0,0
1.350232,-0.840414,0.290068,0.775637,-0.493293,-0.227363,1.274677,0,0,0,0
1.379845,-0.769904,0.631800,0.622801,-0.769082,0.565606,1.497209,0,0,0,0
1.427058,-0.874583,0.894052,0.446746,-0.346565,0.147256,1.020986,0,0,1,0
1.382479,-1.179008,1.100997,0.444286,0.011558,-0.127309,2.554155,0,0,0,0
1.310577,-1.451227,1.176447,-0.185610,-0.091108,0.376153,1.737393,0,0,0,0
1.404831,-1.203367,1.403819,-0.132561,-0.203814,-0.042127,1.357464,0,0,0,0
1.395007,-1.514739,1.762656,-0.895576,0.917664,0.725137,1.464581,1,1,0,0
2.023402,-1.425235,1.543374,-0.131951,-0.552781,0.194760,0.459828,0,0,0,0
1.660012,-1.248465,1.378596,-0.277336,-0.455778,0.277551,0.480481,0,0,0,0
1.280072,-1.370116,1.195760,-0.283773,-1.054981,0.451057,1.398171,0,0,0,0
1.218107,-1.221195,0.188888,0.514345,-1.706544,-0.476579,-0.695636,0,0,0,0
1.018798,-1.353315,0.068185,0.384622,-0.925368,-0.208229,0.828007,0,0,0,0
0.845104,-1.675149,-0.469207,0.364664,-1.094776,0.176007,-0.813882,0,0,0,0
0.541351,-1.399745,-0.707631,0.351642,-1.493364,-0.890067,0.861541,0,0,0,0
0.431134,-1.462067,-1.093750,0.829720,-0.673734,-0.508063,-0.401335,0,0,0,1
1.181836,-0.388765,-0.020163,1.959237,-0.698837,-0.569122,1.202638,0,0,0,0
0.732648,-0.349904,-0.454610,1.568349,-0.600431,-0.537406,-0.501550,0,0,0,0
0.485435,-0.220860,-0.255817,1.528282,-0.767964,-0.400064,-0.452772,0,0,0,0
0.494481,-0.068197,-1.484508,0.665918,-0.438938,-0.321135,-0.742483,0,0,0,0
0.465182,-0.424202,-1.506591,1.732769,0.174448,-0.538974,0.662796,0,0,0,0
0.338180,-0.014332,-1.530120,1.483240,0.158029,0.367702,-0.448956,0,0,0,0
0.044133,0.039908,-1.902622,0.819007,0.182823,-1.078077,0.848601,0,0,0,0
-0.236764,-0.323113,-2.184528,-0.020795,-0.223230,-0.048914,-0.654256,0,0,1,0
0.941542,-0.085703,-0.972637,1.082743,-0.581499,-1.505688,0.989550,0,0,0,0
0.640121,0.580690,-1.510463,0.651327,0.041708,-0.543142,-0.308815,0,0,0,0
0.099780,0.791429,-1.671257,0.701865,1.261325,-0.448543,0.703002,0,0,0,0
0.123525,1.190896,-1.966291,-0.389338,0.495845,0.243114,-0.565724,0,0,0,0
-0.076252,1.253319,-2.096291,-0.423352,1.171100,-0.560448,0.763433,0,0,0,0
-0.180998,1.098908,-2.325630,-1.348374,0.684006,0.510841,-0.610948,0,0,0,0
-0.400287,1.413401,-2.498149,-1.282599,1.514123,-1.091728,0.618355,0,0,0,0
0.162762,0.209637,-1.191889,-0.936395,0.489428,-0.430516,-0.317945,0,1,0,0
0.990261,-0.300727,-1.055753,1.166184,-0.598707,-1.177146,1.028627,0,0,0,0
0.506249,-0.078892,-1.553997,0.446177,-0.329945,-0.201197,-0.242885,0,0,0,0
0.080721,0.710590,-1.854053,-0.098977,0.628385,1.124762,-0.637059,0,0,0,0
-0.223631,1.200357,-1.950102,-0.114631,1.470248,0.298362,-0.644249,0,0,0,0
0.131941,0.211754,-1.535795,0.582323,0.552780,-0.168704,0.872962,0,0,0,0
-0.371570,0.684193,-2.183340,-0.080182,0.612547,-0.142171,-1.296252,0,0,0,0
-0.735162,0.887633,-2.202073,-0.679010,1.405710,-0.537092,0.670815,0,0,0,0
-0.665803,1.288053,-2.328628,-1.235607,1.438150,-0.379229,-1.050542,0,0,0,1
1.143362,-0.167990,-0.558010,2.005443,-0.256334,0.040698,1.216979,0,0,0,0
0.651931,0.529063,-1.194346,0.692424,-0.295620,-0.193410,-0.553076,0,0,0,0
0.386282,1.807039,-1.041669,0.112021,0.493571,-0.236044,0.980289,0,0,0,0
-0.252971,1.649367,-1.514686,0.093182,1.102304,-0.563088,-0.651008,0,0,1,0
-0.018118,1.545708,-1.801462,-0.648351,0.765361,0.043863,0.903190,0,0,0,0
-0.599417,1.462042,-2.326138,-1.182819,0.305198,0.655038,-0.940714,0,0,0,0
-0.530546,1.376963,-2.569713,-1.601409,0.812971,-1.035006,0.728449,0,0,0,0
-0.593008,1.487225,-2.378411,-1.397104,1.165951,-0.287799,-0.850578,1,0,0,0
1.091933,0.309329,-0.345986,1.538147,-0.353639,-0.927269,1.150805,0,0,0,0
0.439955,0.814444,-0.334442,1.418119,-0.043779,0.426652,0.202972,0,0,0,0
-0.122377,1.512999,-0.788588,0.645748,0.955621,-0.044222,0.459963,0,0,0,0
-0.486495,1.793248,-1.013264,0.185447,1.578082,0.256804,0.594487,0,0,0,1
0.406345,0.763790,-0.894337,0.539200,-0.209079,-0.968473,0.648705,0,0,0,0
-0.052649,0.565685,-2.186279,0.362289,0.524677,-0.575918,-0.639648,0,0,0,0
-0.320502,0.849637,-2.220060,-0.074522,0.536449,-0.544430,0.626625,0,0,0,0
-0.326991,1.100036,-1.808581,-0.078369,1.246863,-0.023202,-0.238335,0,1,0,0
0.925729,0.031361,-0.277639,1.908419,-0.213509,-1.296350,1.230768,0,0,0,0
0.526394,0.659493,-0.792102,0.655870,-0.121696,0.333925,0.176942,0,0,0,0
-0.112307,1.249740,-1.424430,-0.210973,1.076934,-0.823805,1.213317,0,0,0,0
-0.310319,1.276944,-2.018127,-0.891620,1.164643,-0.537881,-0.100815,0,0,0,0
-0.704162,1.467411,-2.144737,-0.939942,1.702040,-1.186854,0.949890,0,0,0,0
-0.545778,0.978411,-1.758801,-0.916495,0.620683,-0.354263,-0.823103,0,0,0,0
-0.877726,1.641123,-1.824339,-1.088067,1.445961,-1.098020,0.656814,0,0,0,0
0.103016,0.795801,-1.363697,-1.013425,-0.286957,-0.020491,-0.054814,0,0,1,0
0.977677,-0.073776,-0.026680,2.526697,0.018007,-1.398695,1.429918,0,0,0,0
0.497131,0.481100,-1.062671,0.993058,0.266180,0.411775,-0.007560,0,0,0,0
-0.053814,0.766569,-1.200652,0.737945,0.634818,-0.556769,-0.365917,0,0,0,0
-0.408472,1.394694,-1.708393,-0.250065,0.754455,0.079462,-0.616486,0,0,0,1
-0.000879,1.206366,-1.737795,0.308636,0.506078,-0.263674,1.106308,0,0,0,0
-0.413973,1.396182,-2.321308,0.039018,1.393837,0.375119,-1.084389,0,0,0,0
-0.452057,1.516059,-2.166293,-0.428446,1.200594,-0.163580,0.952157,0,0,0,0
-1.037020,1.063748,-2.281882,0.084984,2.089200,-0.853509,-1.253063,1,0,0,0
1.076618,-0.099483,-0.258173,1.797104,-0.584059,0.677370,1.265413,0,0,0,0
0.419165,0.353670,-0.835518,0.584176,0.251967,-0.031739,-0.389946,0,0,0,0
0.277034,1.099735,-1.070068,0.114665,0.813873,-0.357249,1.013209,0,0,0,0
-0.166245,1.909601,-1.294333,-0.082851,1.188913,-0.436658,-0.141291,0,0,0,0
-0.230933,1.185273,-1.314310,0.349507,1.520219,-0.358621,0.998026,0,0,0,0
-0.598373,1.510765,-1.892338,-0.828211,1.066036,0.825077,-1.147692,0,0,0,0
-0.770950,1.617072,-1.781205,-0.504329,1.829106,-0.209577,0.520744,0,0,0,0
-0.899688,1.581840,-2.130209,-1.110124,1.881284,-0.010339,-1.028395,0,0,0,1
0.909864,0.129590,-0.515850,1.424569,-0.079666,-0.769250,1.145780,0,0,0,0
0.342265,0.636979,-0.808857,0.639930,0.090374,-0.494985,0.218138,0,0,0,0
-0.099592,1.423129,-1.421083,0.200702,1.248138,0.500263,0.102218,0,0,0,0
-0.503186,1.660792,-1.162399,-0.061144,1.381379,-0.231726,0.002399,0,0,0,0
0.281176,0.289228,-0.813566,1.581834,0.343374,-0.427921,0.499569,0,0,0,0
-0.173623,0.750186,-1.314587,1.128307,0.352835,0.366833,-0.902368,0,0,0,0
-0.369130,1.152252,-1.723861,0.373456,0.854134,-1.381767,0.556393,0,0,0,0
-0.457635,0.967724,-1.685088,0.201458,1.488184,-0.102518,-0.283938,1,0,0,0
0.966323,0.110703,0.108524,1.820593,-0.486177,-1.047564,1.190061,0,0,0,0
0.357928,0.457227,-0.346372,1.495634,0.498405,-0.470676,0.455967,0,0,0,0
-0.097154,1.220976,-0.740749,1.303670,1.511341,-0.549219,1.151900,0,0,0,0
-0.385231,1.476507,-1.022855,0.251823,1.178447,-0.436582,-0.214763,0,0,0,0
-0.096726,1.179064,-0.963602,0.203074,0.099388,-0.548051,0.810600,0,0,0,0
-0.319544,1.110019,-1.118344,0.337861,1.028241,0.257701,-0.574082,0,0,0,0
-0.662392,1.636995,-1.279918,0.112979,1.976189,-1.219231,0.754740,0,0,0,0
-0.009373,0.747771,-0.790777,0.148899,0.471100,-0.241632,-0.020287,0,0,1,0
0.886367,-0.090628,-0.062614,2.395542,-0.014566,-1.197367,1.607700,0,0,0,0
0.298277,0.428525,-0.635795,1.283033,0.202506,-0.413514,0.328066,0,0,0,0
0.026241,0.981790,-1.378238,0.532352,0.371680,0.323245,0.001471,0,0,0,0
-0.337193,1.529773,-1.874823,-0.085573,0.666482,-0.693251,0.079733,0,1,0,0
0.031353,1.202656,-1.439967,0.150035,0.387600,0.095513,1.296588,0,0,0,0
-0.627957,0.993852,-1.980179,0.637572,1.623406,-0.391232,-0.973609,0,0,0,0
-0.813533,1.036367,-1.614923,0.552996,1.813438,-0.976947,1.038991,0,0,0,0
-1.011025,1.001879,-2.474624,-0.428663,1.361086,-0.433835,-0.853667,0,0,0,1
0.835930,-0.258695,-0.192901,1.797758,-0.601133,0.681840,1.392550,0,0,0,0
0.385694,0.394876,-0.657684,0.996154,-0.448651,0.122861,-0.492182,0,0,0,0
-0.009663,0.946229,-1.087253,0.279297,0.691781,-0.088410,1.027099,0,0,0,0
-0.282258,1.667954,-1.203517,-0.176200,0.320186,-0.588513,-0.401803,0,0,1,0
-0.319165,1.606313,-1.778092,-0.661323,0.765158,-0.120306,1.141535,0,0,0,0
-0.700546,1.346886,-2.219037,-0.922124,1.204415,0.057476,-1.215948,0,0,0,0
-0.770352,1.189791,-2.528113,-0.188908,2.564813,-0.641893,0.682694,0,0,0,0
-1.091904,1.155047,-1.993014,-0.447221,1.418574,-0.796358,-0.986335,1,0,0,0
0.848912,-0.166404,-0.537864,1.407317,-0.247279,-0.534128,1.340945,0,0,0,0
0.361167,0.483145,-0.810819,0.739740,-0.133770,-0.500737,0.074401,0,0,0,0
-0.125772,1.103410,-1.267006,0.307117,0.439705,-0.553807,0.149123,0,0,0,0
-0.383457,1.691127,-1.154617,-0.406029,0.821367,-0.309776,0.322624,0,0,0,1
0.269570,0.542367,-0.854241,0.678398,-0.544114,-0.196426,1.031393,0,0,0,0
-0.697301,0.172917,-1.143814,1.066270,0.010610,-0.577231,-0.923191,0,0,0,0
-1.003374,0.126454,-1.692124,0.246850,0.785716,-0.482816,0.608354,0,0,0,0
-1.065841,0.395324,-0.873538,0.340337,0.908838,0.822686,-0.583587,1,0,0,0
0.889669,0.186383,-0.436752,1.372536,-0.292410,-0.739423,0.800047,0,0,0,0
0.052333,0.496026,-0.668559,0.559857,0.079220,-0.356093,-0.759602,0,0,0,0
-0.332280,1.100831,-1.335463,-0.059087,1.060596,-0.072451,0.639886,0,0,0,0
-0.466342,0.947362,-1.646572,-0.604108,0.913125,-0.039749,-0.666655,0,0,1,0
-0.493306,1.320594,-1.221418,0.097199,0.850579,-0.374022,0.636032,0,0,0,0
-1.106989,0.537470,-0.618804,0.857977,1.044871,-0.562748,-0.830105,0,0,0,0
-1.369244,0.872021,-0.482909,0.964695,1.579498,-0.651775,0.624606,0,0,0,0
-0.680419,-0.467564,-0.328752,0.467655,0.531110,-0.076378,-0.512653,0,1,0,0
0.770415,-0.293614,0.141617,2.164774,-0.716729,-1.493533,0.769113,0,0,0,0
0.080180,-0.056734,-0.141126,2.182070,0.167992,-0.483514,-0.375259,0,0,0,0
-0.316631,0.782500,-0.642694,0.566672,0.101711,-0.871349,-0.965369,0,0,0,0
-0.619538,1.213331,-0.982298,0.084216,0.389349,0.071600,-1.162996,0,0,1,0
-0.410374,1.348942,-1.106433,0.167243,0.990574,0.154792,1.058380,0,0,0,0
-1.231057,0.954250,-0.867982,0.548188,1.469211,-0.713975,-0.770752,0,0,0,0
-1.349328,1.097743,-0.785633,0.571969,1.425077,-0.901424,0.826616,0,0,0,0
-1.480970,0.754938,-1.033496,0.309494,2.052494,-0.249530,-1.224817,1,0,0,1
1.566280,-0.795172,0.416678,1.017628,-0.582400,0.713612,1.089581,0,0,0,0
0.929571,-0.731168,-0.674290,0.700669,-0.874128,-0.345430,-0.625789,0,0,0,0
0.623060,-0.482338,0.056111,0.726772,-0.559362,-0.125306,0.963652,0,0,0,0
0.492559,-0.562912,-0.106836,1.065044,-0.626786,0.053391,-0.284750,0,0,0,0
0.312645,-0.624176,-0.050697,0.990684,-0.187982,0.227290,1.024038,0,0,0,0
-0.097494,-1.350747,-0.139839,1.080595,-0.179067,0.547973,-1.319736,0,0,0,0
-0.328248,-1.537940,0.012372,0.437592,-0.229686,-0.643035,0.742773,0,0,0,0
-0.397154,-1.012431,-0.294857,0.176811,-0.111441,-0.282087,-0.698860,0,0,1,0
0.854050,-0.389542,-0.590962,1.999745,0.189997,-0.647495,1.506739,0,0,0,0
0.270319,-0.313219,-0.556668,1.175082,0.029569,-0.619825,-0.483693,0,0,0,0
0.219166,0.481790,-1.109363,0.141182,0.176462,0.057448,-0.623867,0,0,0,0
0.070214,0.763246,-1.270713,-0.838884,-0.284331,-0.068200,-0.693652,0,0,0,0
0.339584,0.193521,-1.200059,0.449398,-0.527213,-1.033167,0.644805,0,0,0,0
0.028841,0.315968,-1.702174,0.275918,-0.035458,-0.023665,-0.823640,0,0,0,0
-0.272549,0.660531,-1.758574,-0.317549,0.509837,-1.415864,0.591275,0,0,0,0
-0.422322,0.358931,-1.903485,-0.439238,0.748197,-0.528213,-0.271502,0,1,0,0
1.073614,0.156960,-0.712010,1.070485,-0.664566,-0.862696,1.264974,0,0,0,0
0.345917,0.243065,-1.094531,0.320223,-0.355723,-0.579945,-0.617865,0,0,0,0
-0.044096,1.047450,-1.543554,-0.249232,0.929525,-0.656295,0.897523,0,0,0,0
-0.288912,1.223171,-1.213016,-0.413994,0.919460,-0.145857,-0.569030,0,0,0,0
-0.163366,0.473261,-1.229391,0.434889,0.278783,-1.129092,0.623532,0,0,0,0
-0.548334,0.663096,-1.836703,-0.305589,1.142734,-0.314894,-0.489150,0,0,0,0
-0.709577,0.982328,-1.813075,0.007813,1.907363,-1.088632,0.722894,0,0,0,0
-0.212557,0.169645,-1.222203,0.107515,0.185899,-0.131131,-0.227886,1,0,0,0
0.948110,-0.106783,-0.535489,1.544914,-0.711492,-1.452758,0.923054,0,0,0,0
0.336642,0.087147,-1.350375,0.806852,-0.265592,0.001502,-0.095968,0,0,0,0
-0.144870,0.864231,-1.391153,0.613936,0.888025,-0.527534,0.300439,0,0,0,0
-0.440980,1.058352,-1.470577,0.301156,1.161111,-0.323962,0.205279,0,0,0,0
-0.173591,1.501146,-1.312086,0.293687,1.297581,-0.023949,1.514158,0,0,0,0
-0.674709,1.038387,-2.408247,-0.791879,0.866962,-0.393193,-0.786543,0,0,0,0
-0.541351,1.491625,-1.910973,-1.173123,1.403031,-0.253451,0.846666,0,0,0,0
-0.829475,1.282747,-2.386698,-1.273685,1.161284,-0.437589,-1.194649,0,0,1,0
1.050200,0.121350,-0.453584,1.250598,-0.879154,0.864677,1.334062,0,0,0,0
0.467133,0.590966,-0.625948,1.255066,-0.174030,-0.775005,-0.126552,0,0,0,0
0.217291,1.278876,-1.105832,0.331672,0.931536,-0.462822,1.248134,0,0,0,0
-0.202654,1.496929,-1.660911,-0.020987,0.887257,-0.496020,-0.756453,0,1,0,0
-0.149714,1.514955,-1.820206,-0.382439,1.008815,-0.371180,0.749960,0,0,0,0
-0.516536,1.442265,-2.107743,-0.313408,1.505855,-0.185513,-1.047418,0,0,0,0
-0.570323,1.471354,-2.461975,-1.251903,1.501497,-0.734117,0.905554,0,0,0,0
-0.828990,1.386445,-2.278820,-0.850579,1.562854,-0.251094,-0.646758,1,0,0,0
0.950937,-0.118077,-0.342401,1.642242,-0.530905,-0.552776,1.228691,0,0,0,0
0.263620,0.463336,-0.351839,0.682445,-0.141120,-0.305222,-0.275723,0,0,0,0
-0.336552,0.890470,-1.123544,-0.189614,0.882949,-0.243592,-0.723827,0,0,0,0
-0.583414,1.630492,-1.327842,-0.814420,0.775004,0.121411,-0.848679,0,0,0,1
0.152908,0.408622,-0.875888,1.561486,0.193675,-0.910151,0.594295,0,0,0,0
-0.397008,0.836597,-0.804164,0.542413,-0.241181,0.023704,-0.720410,0,0,0,0
-0.672328,0.809891,-1.415285,-0.144177,0.852872,-1.321179,0.678214,0,0,0,0
-0.846468,0.786297,-1.623363,-0.466874,1.150960,-0.027854,-0.381639,0,0,1,0
0.907408,0.122580,-0.189841,1.928832,-0.044918,-0.976313,1.401699,0,0,0,0
0.260581,0.624424,-0.385750,1.264947,-0.227983,-0.751435,0.117249,0,0,0,0
-0.319908,1.083040,-0.338138,0.705312,1.062648,-0.437391,1.166661,0,0,0,0
-0.321816,1.649557,-0.759876,0.242863,1.201452,-0.149948,0.031079,0,0,0,0
-0.734259,1.644901,-1.316870,-0.552797,1.377896,-0.453068,1.085614,0,0,0,0
-0.829252,1.165281,-0.849559,-0.142441,1.195802,-0.217279,-0.608098,0,0,0,0
-1.257717,1.032462,-1.222650,-1.387091,1.380250,-0.708343,0.929219,0,0,0,0
-0.535470,0.614218,-1.170048,-0.173818,0.122320,-0.418367,-0.057184,1,0,0,0
1.013844,0.134652,-0.400297,1.964041,-0.033305,-1.117254,1.618452,0,0,0,0
0.155882,0.169187,-0.683560,1.595088,0.131575,-1.110754,0.343871,0,0,0,0
-0.084114,1.066606,-1.712649,0.607157,1.036175,-0.660784,0.171594,0,0,0,0
-0.104239,0.686083,-1.360597,0.107801,0.670001,-0.687387,0.149185,0,1,0,0
0.038798,0.196196,-1.211947,0.893851,0.278726,0.077297,1.047972,0,0,0,0
-0.350989,0.686747,-1.853352,0.078250,0.626168,-0.344490,-0.978689,0,0,0,0
-0.648025,0.771026,-2.350442,-0.482295,0.828570,-0.350740,0.971388,0,0,0,0
-0.746339,1.197501,-2.640812,-0.910795,1.411465,-0.932235,-1.229317,0,0,1,0
0.901527,0.153627,-0.038855,1.665394,-0.484641,0.229410,1.394090,0,0,0,0
0.378530,0.468856,-0.836858,1.125742,0.480548,0.440960,-0.135389,0,0,0,0
-0.034437,1.257496,-0.768281,0.812324,1.182939,-1.057823,1.229559,0,0,0,0
-0.482383,1.561180,-1.286030,0.170373,1.830775,0.304698,-0.515802,0,0,0,0
-0.382859,1.173020,-1.269657,0.749979,1.792534,-0.680428,0.800477,0,0,0,0
-0.818082,1.610045,-1.556434,-0.229698,1.417223,0.359659,-0.629844,0,0,0,0
-0.871676,1.611086,-1.628370,-0.270043,1.882445,-0.863837,1.033056,0,0,0,0
-1.145314,1.177573,-2.445334,-1.190428,1.626769,-0.139470,-1.182755,0,0,0,1
0.735606,-0.079142,-0.191683,1.753439,-0.002894,-0.813200,1.331593,0,0,0,0
0.227115,0.680883,-0.416722,1.150082,0.255322,-0.586881,0.248983,0,0,0,0
-0.289991,1.127644,-1.122959,0.771529,1.274790,0.032658,0.156258,0,0,0,0
-0.645250,1.529478,-1.473641,-0.096098,1.266570,-0.690381,0.010761,0,0,0,0
0.203036,0.389424,-0.859067,0.956890,-0.534483,-0.393267,0.916154,0,0,0,0
-0.165733,0.565026,-1.735843,0.465740,-0.024319,-0.611722,-0.563381,0,0,0,0
-0.659336,0.445862,-2.127666,0.408853,1.108267,-0.009630,0.762504,0,0,0,0
-0.653163,0.742232,-1.545695,0.598707,1.130024,-0.342837,-0.608524,0,1,0,0
1.028343,-0.033964,-0.355820,2.146492,0.254459,-1.064403,1.211569,0,0,0,0
0.461664,0.659844,-0.661087,0.858113,-0.026026,0.035820,0.291271,0,0,0,0
0.086189,1.410559,-0.822585,0.389997,0.897178,-0.222790,1.245463,0,0,0,0
-0.138754,1.590803,-1.233082,-0.045961,1.479325,-0.108047,-0.074212,0,0,0,0
-0.184405,1.148465,-1.014481,-0.304701,0.288248,-0.933249,0.844169,0,0,0,0
-0.501304,1.165285,-1.243005,-0.502294,0.452213,-0.453644,-0.925563,0,0,0,0
-0.662733,1.285802,-1.438216,-0.849412,0.802515,-1.090350,0.459177,0,0,0,0
-0.160486,0.617622,-1.082833,-0.305778,0.236530,-0.377137,-0.200958,1,0,0,0
0.966403,-0.025776,-0.295038,1.886136,-0.312770,-1.197744,1.463555,0,0,0,0
0.325012,0.184334,-0.560808,1.771545,0.098514,-0.042956,0.118186,0,0,0,0
-0.198139,0.824553,-0.068171,0.972150,0.422189,-0.507072,-0.166636,0,0,0,0
-0.173929,0.496403,-0.915148,0.536408,0.528712,-0.018293,-0.496456,0,0,0,0
0.111234,0.161181,-0.364653,1.251547,0.492676,0.847322,0.906222,0,0,0,0
-0.364491,0.273027,-0.781742,0.955277,0.753709,0.177835,-0.550185,0,0,0,0
-0.600212,0.359513,-0.922703,-0.151897,1.146058,-0.503699,1.070030,0,0,0,0
-0.872546,-0.122318,-1.375452,-0.877629,0.730484,-0.262789,-1.414344,0,0,1,0
1.096868,0.018479,-0.528507,1.511838,-0.627967,1.007482,1.364838,0,0,0,0
0.453080,0.187067,-0.920475,0.351902,-0.824396,0.132842,-0.564027,0,0,0,0
0.227965,0.855604,-0.862970,0.141405,0.220106,-0.730889,0.948845,0,0,0,0
-0.023352,0.883590,-0.567376,0.070250,0.394687,-1.043635,-0.178973,0,1,0,0
-0.029875,0.887529,-1.000003,-0.624344,0.532659,-0.823327,1.349197,0,0,0,0
-0.394885,0.438615,-0.890208,-1.229910,0.047157,-0.476753,-1.033861,0,0,0,0
-0.457999,0.162334,-0.790529,-0.402252,-0.044525,-1.110709,0.834479,0,0,0,0
-0.293752,0.089338,-1.270659,-1.172132,0.040327,0.544343,-0.969524,0,0,1,0
0.955150,-0.057263,-0.299640,1.160677,-0.723046,-0.326220,1.291560,0,0,0,0
0.437349,0.093562,-0.338259,0.534378,-0.646782,-0.301963,-0.293866,0,0,0,0
0.169342,0.452605,-0.555554,-0.349341,-0.722551,0.616604,-0.589290,0,0,0,0
-0.089697,0.221543,-0.260674,-0.453564,-0.335640,0.104333,-0.821950,0,0,0,1
0.431134,-0.104242,-0.870116,0.503210,-0.047369,-0.798139,0.659808,0,0,0,0
-0.023032,-0.447551,-1.014557,0.321205,0.184150,0.833555,-0.299597,0,0,0,0
0.095081,-0.061205,-1.016368,0.004200,0.383378,-1.268900,1.052562,0,0,0,0
-0.064170,-0.503130,-0.521105,-0.256987,0.422232,0.420825,-0.214137,1,0,0,0
1.142629,-0.088886,-0.604317,1.369653,-0.306460,-1.081930,0.900028,0,0,0,0
0.590681,-0.192067,-0.426339,1.240150,0.316376,0.126852,-0.309084,0,0,0,0
0.441210,-0.049752,-0.186482,-0.020955,0.137412,-0.139190,-0.545732,0,0,0,0
0.198018,-0.848756,0.112060,0.287619,0.651436,0.589663,-0.747420,0,0,0,0
0.033005,-1.154636,-0.429995,0.666170,0.424387,0.378574,-1.025429,0,0,0,0
-0.209565,-1.848983,0.174041,0.642730,-0.142056,0.414915,-1.314969,0,0,0,0
-0.138049,-2.036338,0.071825,0.546115,0.256319,0.106196,-1.311688,0,0,0,0
0.063896,-2.148567,-0.728845,0.678833,-0.195961,0.273595,-0.570019,0,0,1,0
1.155740,-0.815914,-0.023262,1.917863,-0.694448,-0.772646,0.862410,0,0,0,0
1.108288,-1.248305,0.691689,0.544143,0.100304,-0.061828,0.225531,0,0,0,0
1.198594,-0.891921,0.298228,1.552903,-0.007974,-0.726862,0.950978,0,0,0,0
1.236876,-1.370652,0.448837,0.248123,-1.237117,0.172404,0.097382,0,1,0,0
1.366602,-1.416394,1.402813,1.183130,-0.422963,-0.940365,0.822681,0,0,0,0
1.116460,-1.956454,1.415199,0.640696,-0.747805,-0.271658,-0.759193,0,0,0,0
1.716394,-1.624616,1.619361,1.292447,-0.764730,1.245089,1.544411,0,0,0,0
1.812917,-1.670242,1.933293,-0.487973,-1.189479,0.038451,0.257084,1,0,0,1
1.895086,-1.563979,1.733794,-0.313752,-1.015038,0.117318,1.318573,0,0,0,0
1.282838,-1.970295,1.783992,1.328386,-1.102575,-0.178663,-0.334586,0,0,0,0
1.049818,-2.272000,1.474744,1.843946,-1.258428,0.177703,-0.402388,0,0,0,0
0.643579,-2.151606,0.619324,2.271303,-1.811937,0.103915,-0.402368,0,0,0,0
0.580210,-2.045721,0.655996,1.812781,-1.651968,0.035690,-0.543167,0,0,0,0
0.432480,-2.229123,0.469484,2.668241,-1.631261,-0.342199,-0.624979,0,0,0,0
0.288102,-2.122608,0.390263,2.698583,-1.171066,-0.470157,-0.490998,0,0,0,0
0.021747,-2.256988,-0.194109,2.448354,-0.901948,-0.422507,-0.717329,0,0,1,0
0.254078,-1.494684,0.287336,2.829586,-0.844082,1.641059,-0.722698,0,0,0,0
0.005808,-1.474360,-0.018625,2.454885,0.029670,-0.100787,-0.789585,0,0,0,0
-0.117725,-1.712577,-0.585808,2.375933,-0.027324,-0.325489,-0.931359,0,0,0,0
-0.342359,-1.733636,-0.795888,2.261072,-0.206633,0.061939,-1.161588,0,0,0,0
-0.378600,-1.410030,-0.781839,2.191542,0.150288,-0.572928,-1.306124,0,0,0,0
-0.577959,-1.608341,-1.395926,1.691228,0.109850,-0.884224,-1.304441,0,0,0,0
-0.691144,-1.581443,-1.637222,0.940449,0.419196,-0.320591,-0.970241,0,0,0,0
-0.636677,-1.187602,-1.332440,1.629360,0.803455,0.134900,-1.134037,0,1,0,0
-0.162336,-0.366388,-1.129398,0.625294,0.259894,2.061289,-1.166940,0,0,0,0
-0.475117,-0.837185,-1.352274,0.905884,0.148384,-0.308486,-1.122613,0,0,0,0
-0.595214,-0.762249,-1.544318,0.316884,0.781638,0.547686,-1.140428,0,0,0,0
-0.646218,-0.793872,-1.493998,0.081672,0.161542,-0.355894,-1.212054,0,0,0,0
-0.564817,-0.621210,-1.861617,-0.604540,0.284721,0.636536,-1.189798,0,0,0,0
-0.695155,-0.463357,-1.611249,-0.529729,0.636916,-0.357682,-1.172164,0,0,0,0
-0.612979,-0.185236,-1.190739,-0.320000,0.248493,0.051530,-1.164742,0,0,0,0
-0.692763,-0.144713,-1.230489,-0.743594,0.334930,-0.405209,-1.190122,1,0,0,0
-0.399059,0.764632,-0.944759,-0.488711,0.611699,0.700190,-1.141463,0,0,0,0
-0.561664,0.662730,-1.067237,-0.890681,0.718430,-0.136334,-1.107204,0,0,0,0
-0.627755,0.637764,-1.074299,-1.305226,0.191471,0.005746,-1.193928,0,0,0,0
-0.702418,0.585758,-0.988398,-0.824205,0.310888,-0.300963,-1.286916,0,0,0,0
-0.514382,1.054619,-0.846578,-0.999767,0.810977,0.757897,-1.098804,0,0,0,0
-0.652688,1.253558,-0.800951,-1.921853,0.577653,-0.319070,-0.874654,0,0,0,0
-0.820980,1.082780,-0.606132,-1.203055,0.693771,0.164173,-0.902878,0,0,0,0
-0.800236,1.191894,-0.654943,-1.459038,0.639398,-0.575609,-0.948633,0,0,0,1
-0.606252,1.167147,-0.563511,-1.195289,0.786984,0.823474,-1.088887,0,0,0,0
-0.789075,1.153817,-0.414403,-1.895355,0.406212,0.087307,-1.074026,0,0,0,0
-1.002331,0.762610,-0.536613,-2.167840,0.262993,0.017242,-1.091729,0,0,0,0
-1.300974,0.266911,-0.674306,-1.691684,0.517054,-0.581762,-1.100764,0,0,0,0
-1.120453,0.602230,-0.671890,-2.468672,-0.126959,0.249453,-1.039628,0,0,0,0
-1.335041,0.852531,-0.427064,-1.874754,0.374328,-0.094418,-1.275919,0,0,0,0
-1.323936,0.830632,-0.424513,-1.794956,0.723262,-0.063215,-1.289688,0,0,0,0
-1.203732,1.110187,-0.082149,-1.943723,-0.042584,-0.375527,-1.108659,1,0,0,0
-0.839001,0.963106,-0.277234,-1.338067,-0.107772,1.140671,-1.221783,0,0,0,0
-1.032062,0.976934,0.019442,-1.461895,-0.293881,0.753099,-1.143298,0,0,0,0
-1.143143,0.692461,0.009343,-1.245427,0.040784,-0.173279,-1.205222,0,0,0,0
-1.254408,0.735036,-0.258681,-1.568876,0.221530,-0.257913,-1.278111,0,0,0,0
-1.234836,0.618164,-0.459929,-1.690818,0.075324,0.265341,-1.231695,0,0,0,0
-1.277597,0.945029,-0.224220,-1.116814,0.402296,-0.381059,-1.123701,0,0,0,0
-1.205483,1.045442,0.630464,-0.470447,0.596896,-0.336265,-1.008672,0,0,0,0
-1.398746,0.809271,0.378230,-0.890193,0.828112,-0.248267,-0.869312,0,1,0,0
-1.112516,1.441569,-0.415134,-1.344901,0.917774,1.856762,-0.892811,0,0,0,0
-1.463117,1.043751,-0.024484,-1.037363,1.362378,0.066632,-0.896562,0,0,0,0
-1.540135,1.010592,-0.113231,-0.797470,0.931191,-0.679042,-1.044663,0,0,0,0
-1.730402,0.915637,-0.363506,-0.734033,1.335167,0.346138,-1.321879,0,0,0,0
-1.961195,0.815392,0.262618,-0.020122,1.742487,-0.422708,-1.487971,0,0,0,0
-2.005873,1.170252,0.111423,-1.059733,1.568361,0.414897,-1.267624,0,0,0,0
-1.956519,1.126154,0.275233,-0.573668,1.740290,0.127989,-1.190994,0,0,0,0
-2.023910,1.164584,0.552188,-0.539368,2.011083,-0.281057,-1.158511,0,0,1,0
-0.822916,1.066652,-0.476612,-1.249011,1.379107,4.518438,-1.169542,0,0,0,0
-0.652946,0.913395,-0.102517,-1.096586,0.306094,0.774836,-1.196511,0,0,0,0
-0.832902,0.692507,-0.182881,-0.704734,0.597427,0.076417,-1.221436,0,0,0,0
-1.197748,0.583893,-0.151727,-0.560430,1.580138,-0.248868,-1.283163,0,0,0,0
-1.104502,0.923536,0.105621,-0.948579,0.869986,-0.188737,-1.204254,0,0,0,0
-1.023966,1.001294,0.094281,-0.295286,1.198671,-0.523364,-1.005954,0,0,0,0
-0.819722,1.730186,-0.004276,-0.913961,0.666029,0.859694,-0.853332,0,0,0,0
-0.589710,2.021348,0.233660,-0.778260,0.444597,1.668924,-0.491366,1,0,0,0
-0.266070,2.215271,-0.416404,-0.822612,1.679749,0.640828,1.627782,0,0,0,0
-0.480044,2.007040,-0.126066,-0.821904,1.269383,0.501887,0.174799,0,0,0,0
-0.661231,2.043280,-0.687713,-0.426967,1.837307,-0.074002,-0.320102,0,0,0,0
-0.869009,2.151694,-0.941599,-1.361487,1.614555,-0.642908,-0.566786,0,0,0,0
-0.923391,1.867843,-0.674194,-0.676538,1.935328,-0.233838,1.177797,0,0,0,0
-1.060502,1.650303,-0.328115,-0.465346,2.114678,0.091054,-0.273375,0,0,0,0
-1.382128,1.357093,-0.202337,-0.179372,2.097785,-0.081217,-0.666766,0,0,0,0
-1.511203,1.273417,0.222140,-0.207859,2.034425,-0.581900,-0.850826,0,1,0,0
-0.816102,1.715122,-0.922918,-0.539315,2.269567,0.200336,1.347058,0,0,0,0
-1.081018,1.369896,-0.409917,-0.500897,2.150979,0.912957,-0.317033,0,0,0,0
-1.093413,1.334821,-0.143327,-0.069067,2.044151,-0.310157,-0.334114,0,0,0,0
-1.294044,1.204657,-0.541113,-0.616342,1.729001,0.285013,-0.783529,0,0,0,0
-1.012973,1.537491,-0.473682,-0.646851,1.845860,-0.049791,0.694487,0,0,0,0
-0.940025,1.621160,-0.936231,-1.415335,1.579398,0.190287,0.204261,0,0,0,0
-0.999695,1.407422,-1.008186,-1.018217,1.659388,-0.239622,-0.926237,0,0,0,0
-0.904966,1.509674,-0.359272,-1.200752,1.179136,0.033303,-0.774399,0,0,1,0
-0.354341,1.285633,0.003140,-0.716669,0.650152,0.092527,0.873973,0,0,0,0
-0.555592,0.942013,-0.620326,-0.501437,0.966803,-0.058763,-0.119688,0,0,0,0
-0.642642,0.713728,-0.657313,-0.598505,1.104634,-0.208120,-0.897591,0,0,0,0
-0.680942,0.881130,-0.716180,-0.939428,0.780131,-0.197389,-0.993912,0,0,0,0
-0.648245,0.578662,-0.880269,-0.665272,1.368177,-1.151471,0.372545,0,0,0,0
-0.703055,0.890238,0.100695,0.076530,1.478356,-0.213837,0.049946,0,0,0,0
-0.768439,0.600765,0.122330,0.306486,1.760087,0.054850,-0.145874,0,0,0,0
-0.817964,0.198451,-0.041351,0.317395,1.359117,0.468151,-0.127990,0,0,0,1
-0.389819,0.765751,-0.213046,0.023915,0.875096,-0.318885,0.866972,0,0,0,0
-0.488459,0.449886,-0.563539,-0.341279,1.405986,-0.061028,-0.385943,0,0,0,0
-0.622997,0.486957,-0.203079,-0.347783,1.558305,-0.377568,-0.814273,0,0,0,0
-0.629438,0.131483,-0.599794,-0.223466,1.383661,0.121253,-0.740840,0,0,0,0
-0.433942,0.513343,-0.920249,-0.878782,1.309697,-0.581052,0.637640,0,0,0,0
-0.407173,0.409022,-1.212564,-1.054052,0.972293,-0.100923,-0.758346,0,0,0,0
-0.374900,0.474310,-0.937774,-1.640321,0.400490,-0.393355,-0.822166,0,0,0,0
-0.415340,-0.002114,-1.066561,-0.770556,0.928130,0.636033,-1.241689,1,0,0,0
0.497987,0.387445,-0.919005,-0.511938,-0.613646,1.721241,1.152728,0,0,0,0
-0.106218,0.043362,-1.042437,-0.521058,0.231964,0.397543,-0.287836,0,0,0,0
-0.259179,-0.059540,-0.874140,-0.508111,0.322731,-0.350558,0.897780,0,0,0,0
-0.164217,-0.065561,-0.965826,-0.651958,0.282623,0.322883,-0.412680,0,1,0,0
0.426874,-0.014952,-1.193153,-0.896181,-0.911029,0.565734,1.381479,0,0,0,0
-0.076246,-0.409355,-0.985274,0.197221,0.639388,-0.076420,-0.576046,0,0,0,0
-0.260971,-0.394429,-0.630787,0.242145,0.714422,0.128281,0.982554,0,0,0,0
-0.127120,-0.588884,-0.260079,0.244662,0.823765,0.328359,-0.584349,0,0,0,1
0.680380,0.020307,-0.445675,0.279289,-0.047890,-0.395219,1.055877,0,0,0,0
0.282479,-0.419565,-0.155860,-0.482472,0.336892,0.178606,-0.107442,0,0,0,0
0.014283,-0.815397,-0.277345,0.503031,0.367957,-0.194862,1.082430,0,0,0,0
0.079074,-0.934500,-0.283631,0.062809,0.285735,0.084680,-0.531312,0,0,1,0
0.649261,-0.387165,-0.341706,0.023724,-0.284079,-0.299012,1.020097,0,0,0,0
0.325424,-0.924450,-0.773237,-0.887831,-0.972950,-0.575764,-0.708135,0,0,0,0
0.381673,-0.910550,0.147941,-0.560511,-0.011080,0.083866,0.710825,0,0,0,0
0.577392,-1.429419,0.219251,-0.200180,0.339275,0.234836,-0.176349,1,0,0,0
1.573664,-1.065038,0.848656,0.174680,-0.664146,0.107436,1.279806,0,0,0,0
1.452819,-2.067500,1.822096,-0.785685,0.046841,1.217960,0.416022,0,0,0,0
2.303570,-0.267849,0.907111,-0.028098,-0.012885,0.105312,1.124557,0,0,0,0
1.694715,-1.801573,1.642666,-0.837515,0.464410,0.309840,1.840045,0,0,0,0
1.723106,-2.133762,2.984835,0.142274,0.476960,0.252334,1.937578,0,0,0,0
2.296180,-1.902826,2.528424,-0.350753,1.091187,9.689699,2.770653,0,0,0,0
1.900353,-1.886846,0.712036,-0.935617,1.873577,-0.125228,1.843106,0,0,0,0
1.653231,-1.762970,1.472955,-1.210145,1.865454,0.293325,1.534364,0,0,0,1
0.014282,0.039565,0.249314,-0.119991,2.371846,-1.181979,2.205720,0,0,0,0
-0.798119,0.868321,1.231401,1.144920,1.895043,-1.000861,2.483103,0,0,0,0
-0.993307,0.357599,1.224781,1.374624,1.717513,-0.775988,2.500734,0,0,0,0
-1.411491,-0.309609,0.639349,0.935710,1.500234,-1.627136,1.790959,0,0,0,0
-1.665506,-0.000389,1.176189,0.869636,1.812271,-1.612414,2.099629,0,0,0,0
-1.477626,-0.082485,1.678380,0.567299,2.001264,-0.456039,2.170095,0,0,0,0
-1.975409,0.023994,1.064916,1.153275,2.278489,-1.178446,1.869515,0,0,0,0
-1.991492,0.984883,1.053961,-0.011068,2.407482,0.168309,1.811288,1,1,0,0
1.386848,-1.197389,2.087366,0.194044,-0.991280,3.058827,2.506909,0,0,0,0
1.088241,-1.502569,1.503771,0.949739,-1.464508,-0.237106,-0.523598,0,0,0,0
1.441658,-2.091541,1.943558,-0.690014,-1.002558,1.721185,1.198170,0,0,0,0
1.100767,-1.410273,0.947299,0.489578,-1.648799,-0.084534,-0.454533,0,0,0,0
1.482409,-1.047048,1.284014,1.225656,-0.792376,1.026428,1.255871,0,0,0,0
1.229242,-1.230725,0.804059,0.670532,-1.346492,-0.419706,-0.451065,0,0,0,0
1.498440,-1.588325,1.931047,-0.191825,-0.925764,1.104963,1.179791,0,0,0,0
0.947563,-0.503909,-0.106182,0.733345,-1.582580,-0.209233,-0.441385,0,0,0,1
0.918297,-0.695566,0.691905,0.759707,-0.831789,0.142025,1.252135,0,0,0,0
0.664986,-0.417556,0.433690,1.113672,-0.742703,0.633353,0.034866,0,0,0,0
1.260408,-1.644340,1.212350,-0.349903,-0.328526,0.436519,0.478709,0,0,0,0
0.659597,0.192673,-0.298451,0.663523,-0.615721,-0.282496,0.469711,1,0,0,0
1.093006,-0.179291,0.048224,1.423535,-0.459437,-0.608703,2.340667,0,0,0,0
0.722855,0.291456,-0.798865,0.841939,-1.135824,-0.355687,-0.086548,0,0,0,0
1.268408,-1.148998,1.583467,-0.395662,0.344614,2.161334,1.276852,0,0,0,0
0.459156,0.620742,-0.819193,0.015738,-0.176385,0.359314,0.040696,0,0,0,1
0.644957,0.773775,-0.051323,0.695016,0.045646,-0.774510,0.467093,0,0,0,0
0.460427,0.923789,-0.110869,0.653696,0.012847,0.609082,0.232498,0,0,0,0
1.183544,-0.986089,1.176582,-0.735197,0.698921,0.750793,1.282998,0,0,0,0
0.291909,0.663291,-0.819161,-0.241932,0.072597,-0.018639,-0.019921,0,0,0,0
1.066234,0.091700,-0.319355,1.819966,-0.436196,-1.366822,1.252203,0,0,0,0
0.465060,0.072499,-1.112115,-0.560272,-0.365290,-0.100120,-0.846944,0,0,0,0
1.052941,-1.265488,1.172723,-1.133171,0.532437,0.615854,0.515873,0,0,0,0
0.258199,0.851154,-0.880834,-1.557449,0.090321,-0.568952,-0.192639,1,0,0,0
0.323390,0.827108,-0.532914,-0.682677,-0.108530,-0.729171,0.777836,0,0,0,0
0.211266,0.956345,-0.855361,-0.730190,0.483850,-0.452055,0.049741,0,0,0,0
1.041630,-0.844398,1.839564,-0.739786,0.039692,0.415239,0.978023,0,0,0,0
0.181841,0.611451,-0.765001,-0.566639,0.241705,-0.306835,0.424786,0,0,0,1
0.967276,0.031541,-0.652027,0.292323,-1.212984,-1.224932,1.577057,0,0,0,0
0.785249,0.355594,-0.583616,-0.506783,0.124420,0.594225,0.526078,0,0,0,0
1.035282,-0.752505,1.475050,-1.940889,-0.102108,0.537779,1.402003,0,0,0,0
0.202353,0.963641,-0.418887,-1.673198,0.161551,-0.048166,0.019616,1,1,0,0
1.235865,-0.395197,0.977099,-0.398625,-0.131399,1.037820,1.849046,0,0,0,0
0.879553,-0.232765,0.148093,-0.121080,-1.330799,0.195755,-0.424751,0,0,0,0
1.417878,-1.263113,1.565251,-1.160760,-0.284702,2.809428,1.232460,0,0,0,0
0.919986,-0.073769,0.254980,0.712041,-0.703680,-0.218204,-0.003163,0,0,0,0
1.199518,-0.208955,0.201638,1.663600,-0.571546,-0.201681,1.811533,0,0,0,0
0.942503,-0.182307,-0.154151,0.266516,-0.869102,0.585561,-0.186729,0,0,0,0
1.385375,-1.263527,2.262913,-0.538444,-0.080622,1.075883,1.259346,0,0,0,0
0.709167,0.184033,0.258148,-0.255375,-0.668766,0.737963,-0.166386,0,0,1,0
0.425520,0.211042,0.129236,0.581808,0.113763,-0.366411,1.149905,0,0,0,0
0.199555,0.353598,0.217674,0.061450,-0.052067,0.536524,-0.354128,0,0,0,0
1.275220,-0.861691,1.692122,-0.656192,0.096339,1.310679,1.381424,0,0,0,0
0.186989,0.540499,0.568204,-0.553868,0.114927,0.673060,0.264512,0,1,0,0
1.223281,-0.495685,0.325836,0.702224,-0.040186,-0.434256,1.163941,0,0,0,0
0.575832,0.097672,-0.034956,0.585918,0.061152,0.086515,0.296017,0,0,0,0
1.148095,-1.041714,1.725592,-1.285677,0.062742,0.542403,1.512325,0,0,0,0
0.192562,0.769720,-0.047847,0.118116,0.428075,0.498963,0.036744,0,0,1,0
0.432708,0.235699,0.528403,0.269203,0.307896,-0.584215,0.788034,0,0,0,0
-0.181115,0.546327,-0.315761,-0.635340,0.472436,0.493180,-0.746688,0,0,0,0
0.988598,-1.187831,1.520604,-0.924291,0.287901,0.400922,0.631438,0,0,0,0
0.203718,1.017754,-0.273922,-0.998197,-0.148624,-0.250909,-0.076751,0,0,0,0
0.943911,-0.001043,0.197629,1.317800,-1.213572,-1.141520,1.226957,0,0,0,0
0.515646,0.644713,-0.163104,0.438137,-0.785806,-0.655501,-0.157335,0,0,0,0
1.053387,-0.761062,1.679002,-1.030272,0.202818,1.621728,1.083997,0,0,0,0
0.031849,0.639336,-0.531494,-0.816510,-0.352582,-0.231856,-0.760172,0,1,0,0
0.225692,0.558077,-0.105057,-0.217570,0.284671,-0.841424,0.850382,0,0,0,0
-0.050977,0.643516,-0.453289,-0.428501,0.361503,-0.296187,-0.400854,0,0,0,0
1.090823,-0.924301,1.269732,-1.376879,0.050339,0.651673,0.797516,0,0,0,0
0.188975,0.177592,-0.431022,-0.481581,-0.137075,-0.159058,-0.111861,0,0,1,0
0.847522,-0.379526,-0.201854,1.904907,-0.516306,-1.220828,1.095310,0,0,0,0
0.489522,0.105375,0.010032,0.098942,-0.004963,-0.324919,0.823016,0,0,0,0
0.878135,-1.290058,0.958855,-1.021834,0.216699,-0.122395,0.513257,0,0,0,0
0.404607,-0.321867,1.080300,-0.992269,0.948605,-0.854222,1.358577,1,0,0,1
1.333069,-0.711122,1.110420,-0.955939,-0.286372,0.657139,0.572759,0,0,0,0
0.662733,-0.682744,0.710854,0.007153,-0.601326,-0.050032,-0.568271,0,0,0,0
1.363948,-1.372435,1.836850,-0.431356,-0.468686,1.328579,1.048812,0,0,0,0
0.866339,-0.211202,0.173342,0.238464,-1.434572,0.659683,-0.282244,0,0,0,0
1.284470,-0.477669,0.418068,1.104914,-0.919078,1.196882,1.576189,0,0,0,0
0.856175,-0.486339,-0.398521,0.132050,-1.292675,0.999128,-0.689266,0,0,0,0
1.405964,-1.354709,1.861582,-0.930686,-0.007925,1.722490,0.945058,0,0,0,0
0.568652,-0.332189,0.195185,-0.716008,-0.345695,0.107692,-0.380546,0,1,0,0
0.676474,-0.037389,0.823863,0.027050,0.261134,-0.454157,1.242982,0,0,0,0
0.367909,-0.094085,0.193964,-1.062820,-0.316050,0.168716,-0.802100,0,0,0,0
1.101866,-1.093859,1.835295,-1.353056,-0.689815,1.105078,0.704948,0,0,0,0
0.320963,0.748207,-0.244744,-0.836911,-0.311014,0.521313,-0.634531,0,0,0,1
0.978396,-0.063796,0.076575,1.285294,-0.641958,-0.803895,1.378266,0,0,0,0
0.640492,0.454819,-0.034796,0.715795,-1.061845,-0.418013,-0.212310,0,0,0,0
1.052980,-1.110560,1.706340,-1.101948,-0.277492,0.950405,0.885181,0,0,0,0
-0.028757,0.688583,-0.129619,-0.482064,-0.124887,-0.262383,-0.914410,0,1,0,0
0.402359,0.923470,0.133991,0.209176,0.485633,-0.013048,0.776753,0,0,0,0
0.173770,0.750987,0.505913,-0.363599,0.439742,-0.325940,-0.517567,0,0,0,0
1.113907,-0.915228,1.927927,-0.859246,0.148514,0.252106,0.757744,0,0,0,0
0.253180,1.099267,0.288063,0.014361,-0.154365,-0.212360,0.136676,0,0,0,0
1.080890,-0.060398,0.135564,1.300546,-0.492357,-0.662960,1.311014,0,0,0,0
0.352449,0.473500,0.258573,-0.023805,-0.175315,-0.541958,-0.040560,0,0,0,0
1.128882,-0.906378,1.790970,-0.918334,0.195736,0.000659,0.948802,0,0,0,0
0.144797,0.961569,0.032141,0.160789,0.286676,-0.362143,-0.029472,0,0,1,0
0.201750,0.520564,0.751979,0.083880,0.490392,-0.717031,1.040333,0,0,0,0
0.074819,0.538712,0.949603,-0.456645,0.460341,-0.114148,0.035584,0,0,0,0
0.957283,-0.807507,1.944791,-0.083507,-0.072066,-0.046486,1.395389,0,0,0,0
0.266970,0.711092,-0.479802,-0.151203,0.152070,0.162687,0.389528,1,0,0,0
0.958282,0.034462,-0.198436,1.355290,-0.949945,-1.048643,1.144166,0,0,0,0
0.300593,-0.088531,0.504965,0.614555,-0.109624,-0.702819,0.623617,0,0,0,0
0.848792,-1.118788,2.084431,-0.302536,0.413279,-0.196595,1.239296,0,0,0,0
0.518301,-0.103725,1.216471,-1.201815,0.498728,0.277278,-0.054302,0,1,1,0
1.088263,-0.369623,1.644309,0.047179,-0.372391,1.545808,1.130418,0,0,0,0
0.864272,-0.185116,0.494440,0.525650,-1.070972,-0.030902,-0.352298,0,0,0,0
1.447202,-1.116405,1.855780,-0.119018,-0.209879,2.311905,1.185686,0,0,0,0
0.883492,0.075325,0.376964,0.821059,-1.086116,-0.039294,0.055485,0,0,0,0
1.138011,-0.309837,0.540486,1.224758,-0.401376,0.791066,1.581211,0,0,0,0
1.044169,-0.018828,0.550548,0.632936,-0.579225,0.225700,-0.094534,0,0,0,0
1.421505,-1.486683,1.670064,-1.189736,-0.314631,0.834895,0.863737,0,0,0,0
0.581791,0.165362,0.470324,0.538748,-0.567348,-0.537506,-0.037389,0,0,0,1
0.448557,0.242648,0.262084,0.922402,-0.076309,-0.592414,0.925795,0,0,0,0
0.178175,0.286271,0.699903,-0.113040,-0.257798,0.010641,-0.162059,0,0,0,0
1.135350,-1.227970,1.845836,-0.904133,0.066447,1.732746,0.886019,0,0,0,0
0.217382,0.778093,0.250837,0.114566,0.065671,-0.174701,0.317642,1,0,0,0
1.049765,-0.067553,0.256840,1.922527,-0.440282,-0.425160,1.684400,0,0,0,0
0.510333,0.399157,-0.389200,0.525210,-0.798910,-0.472767,-0.042856,0,0,0,0
0.949003,-1.048650,1.536087,-0.553162,0.255965,0.265829,1.669669,0,0,0,0
0.300804,1.066063,0.401422,-0.015216,-0.062981,0.231897,0.277685,0,0,1,1
0.931399,-0.577117,0.928810,0.916386,-0.349853,0.486398,1.328198,0,0,0,0
0.760984,-0.073877,0.739377,0.719601,-0.735020,-0.927840,0.288137,0,0,0,0
0.768435,-0.116983,0.542213,0.692611,-1.001645,0.055839,1.136569,0,0,0,0
0.655745,0.004083,0.365699,0.593799,-0.722823,-0.478658,-0.016967,0,0,0,0
0.444033,-0.217071,0.455003,0.943730,-0.101321,-0.840799,0.848153,0,0,0,0
0.509019,0.298194,0.669675,-0.226075,0.169596,0.697098,0.367700,0,1,1,0
0.912765,-0.571705,1.096293,-0.100532,-0.660533,-0.755162,0.063266,0,0,0,0
0.566718,-0.506908,0.651565,1.009435,-0.496574,-1.080640,1.189296,0,0,0,0
0.613813,-0.408474,0.620373,1.627245,-0.004455,-0.251904,1.134470,0,0,0,0
0.576830,-0.259434,0.446310,1.305414,0.180482,0.569473,0.430584,0,0,0,0
0.522431,0.054249,0.700923,0.299444,-0.536269,0.013029,1.614139,0,0,0,0
0.517543,-0.156882,0.877552,-0.666510,0.034191,-0.623885,0.338998,0,1,0,0
0.938073,-0.607197,0.921052,-0.113568,-0.286025,-0.383180,1.491519,0,0,0,0
0.777361,-0.128755,0.576081,0.576496,-0.513173,-0.254398,1.623023,0,0,0,0
0.608323,-0.185224,0.997306,1.024610,-0.736097,-1.010553,1.596405,0,0,0,0
0.621880,-0.949000,0.903326,0.024596,-0.306775,-0.488209,0.176646,1,0,0,1
1.066538,-0.428699,1.106190,0.806088,-1.127383,-0.498480,1.084840,0,0,0,0
0.727947,-0.639220,0.952421,1.325768,-1.048044,-0.602618,-0.071993,0,0,0,0
1.188071,-1.935428,1.506080,-0.729331,-0.285157,2.634090,0.709754,0,0,0,0
0.744737,-0.104975,0.839444,0.943200,-1.186795,-0.032572,0.104373,0,0,0,0
1.245636,-0.051809,0.512124,1.266523,-1.054423,0.943840,1.283838,0,0,0,0
0.950505,-0.144928,0.510125,0.634799,-1.351581,-0.262650,-0.516617,0,0,0,0
1.345872,-1.424226,2.154986,-0.836920,-0.233071,2.053907,0.921064,0,0,0,0
0.465734,0.023261,0.277394,-0.199619,-1.552896,-0.520449,-0.593997,1,0,0,0
0.508028,0.079122,0.099893,0.059069,-0.981864,-0.459041,1.127149,0,0,0,0
0.445134,0.425888,0.160078,-0.174378,-0.695980,0.660762,-0.019649,0,0,0,0
1.078780,-1.293624,2.044536,-0.760083,-0.101125,1.445700,0.472827,0,0,0,0
0.161076,0.753243,0.394962,0.331060,-0.681504,0.225035,0.299036,0,0,0,1
1.003998,-0.085155,0.298511,1.457661,-1.340547,-0.274520,2.136315,0,0,0,0
0.656830,0.435342,0.219023,0.849913,-0.637050,-0.236915,0.089721,0,0,0,0
0.850767,-0.806977,1.267589,0.120512,-0.840146,1.126656,1.148885,0,0,0,0
0.129590,0.843538,-0.055358,-0.393146,-0.651957,-0.698894,0.315736,1,0,0,0
0.405273,0.796192,0.257047,0.328095,0.237872,-0.641537,0.679655,0,0,0,0
0.180906,1.172307,0.590162,-0.646663,0.240880,0.618643,0.177957,0,0,0,0
1.044992,-1.057396,2.051165,-1.294173,-0.042108,0.218395,1.243073,0,0,0,0
-0.116915,0.522327,0.237486,-0.565915,0.031270,-0.606697,-0.362509,0,0,0,0
0.960768,-0.081247,0.035045,1.542169,-0.574108,-1.019018,1.100045,0,0,0,0
0.443454,0.331341,-0.301033,0.171188,-0.746294,0.153146,-0.576975,0,0,0,0
1.037311,-0.979710,1.655234,-1.262253,-0.086343,0.448748,0.462018,0,0,0,0
0.140022,0.788853,-0.564701,-0.892415,-0.472524,-0.686324,-0.153038,0,0,0,1
0.137652,0.606955,0.392713,0.275845,0.136584,-0.977040,0.667685,0,0,0,0
0.094574,1.047844,0.013273,-0.384599,0.368740,-0.221343,0.049183,0,0,0,0
0.979340,-0.827106,2.075640,-1.043792,-0.120516,0.019999,0.911691,0,0,0,0
0.213550,0.834589,-0.261282,-0.438431,-0.440519,-0.484914,0.511766,1,0,0,0
0.989064,0.134749,-0.337869,0.744734,-0.992017,-1.174744,1.759416,0,0,0,0
0.591421,0.611239,-0.697284,-0.237971,-0.496896,-0.397375,0.386165,0,0,0,0
0.968939,-0.588595,0.924753,-0.618687,0.356309,0.013274,1.454262,0,0,0,0
0.513666,-0.080051,0.975076,-0.905221,1.087415,0.058870,0.355438,0,0,1,1
1.027831,-0.342552,0.758497,0.818902,-0.336802,-0.678447,1.183291,0,0,0,0
0.642235,-0.465056,0.455238,0.591451,-1.070041,0.045072,-0.357603,0,0,0,0
1.382451,-1.114267,1.424442,-0.019432,-0.587187,1.285874,1.350643,0,0,0,0
0.668143,-0.352348,0.263773,1.148885,-0.201575,-0.030313,-0.291392,0,0,0,0
1.397391,-0.313144,0.624629,1.024119,-0.214565,0.449291,1.678754,0,0,0,0
0.814384,-0.363324,0.123591,0.818755,-0.689858,0.702840,0.101369,0,0,0,0
1.346270,-1.486851,2.150226,-0.606534,0.192109,1.458224,1.304017,0,0,0,0
0.431368,-0.354228,0.446089,0.542669,-0.067919,-0.589045,-0.359003,0,1,0,0
0.453572,0.178405,0.359698,0.916408,-0.018575,-0.363672,1.008677,0,0,0,0
0.144344,0.172882,0.156537,0.478690,0.105478,-0.055483,0.084482,0,0,0,0
1.160864,-1.141882,2.061120,-0.476427,0.222933,1.478768,1.547117,0,0,0,0
0.209473,0.355661,0.066358,0.314865,1.055161,-0.080690,0.151720,0,0,1,0
0.989693,-0.441270,-0.062905,1.797369,-0.190814,0.059129,1.232295,0,0,0,0
0.469711,0.021907,-0.284808,0.031337,-0.271394,-0.765886,0.004246,0,0,0,0
1.063923,-1.403843,1.672617,-0.958835,0.853956,0.231637,1.453878,0,0,0,0
0.509035,0.201182,-0.052413,-0.437259,0.623200,0.275241,-0.258091,0,1,0,0
0.599499,0.259727,0.516897,-0.381163,0.228740,-0.358245,0.640112,0,0,0,0
0.053538,0.370707,-0.098446,-1.404327,1.017388,0.045677,-0.524455,0,0,0,0
1.102715,-1.111617,1.666703,-0.374184,0.775264,0.977305,0.846357,0,0,0,0
0.149735,1.060357,0.216020,-0.156896,0.025196,0.235892,0.081684,0,0,0,0
1.043432,-0.061683,0.306074,1.434050,-0.795038,-1.077475,1.352208,0,0,0,0
0.457548,0.400746,-0.243791,0.512290,-0.535463,-0.272949,-0.621139,0,0,0,0
1.089159,-0.844411,1.784111,-0.961428,-0.003528,0.378406,0.707700,0,0,0,0
0.040645,0.807377,-0.372083,0.106958,0.176955,-0.177182,-0.490680,0,0,1,0
0.237553,0.493303,-0.068650,-0.654645,-0.079098,-0.911495,0.826909,0,0,0,0
-0.166125,0.466821,0.254663,-0.869024,-0.035627,-0.244987,-0.733152,0,0,0,0
0.925764,-1.061288,1.456262,-0.422831,0.799363,0.039907,0.810309,0,0,0,0
0.242294,0.529357,0.415786,-0.824708,-0.464308,0.338141,-0.033524,0,1,0,0
1.000599,-0.088317,-0.012040,1.615201,-0.474094,-1.339377,1.177632,0,0,0,0
0.468830,0.445982,-0.017369,0.059283,-0.175717,-0.466694,0.922724,0,0,0,0
0.968041,-1.076692,0.893371,-0.179948,0.288361,0.659321,0.420961,0,0,0,0
0.568240,-0.305522,0.726014,-0.767918,0.286442,-1.246700,1.350290,1,0,0,1
1.385764,-0.703262,0.818880,0.883986,-0.431678,-1.220816,1.169572,0,0,0,0
0.951403,-0.602843,0.503767,0.315791,-0.943468,0.093740,-0.330871,0,0,0,0
1.537632,-1.305713,1.838482,-1.414846,-0.414733,2.410770,1.300234,0,0,0,0
0.957874,-0.076498,-0.313752,-0.277117,-0.912931,0.754013,-0.382467,0,0,1,0
1.307995,-0.440126,0.306432,1.384372,-0.798748,1.326221,1.475471,0,0,0,0
0.812340,-0.597099,0.083051,0.702642,-1.005773,0.045815,-0.449860,0,0,0,0
1.350364,-1.472568,1.890330,-1.133415,-0.392999,1.579774,1.172156,0,0,0,0
0.435145,-0.062005,-0.077309,-0.593253,-0.802238,0.247318,-0.620937,0,1,0,0
1.305128,-0.306743,0.382753,1.214841,-0.505667,-0.152542,1.479082,0,0,0,0
0.856531,-0.226297,0.023663,-0.547382,-0.477007,-0.316019,-0.372976,0,0,0,0
1.212658,-1.163504,1.503945,-1.383760,0.012760,0.750919,1.166158,0,0,0,0
0.346935,0.413569,-0.649920,-1.232113,-0.372393,0.356002,-0.712030,0,0,0,0
1.247477,-0.124180,0.313179,1.532107,-0.665863,-0.618462,1.186884,0,0,0,0
0.746336,-0.083134,-0.260645,-0.373632,-0.820937,0.271283,-0.542555,0,0,0,0
1.077557,-1.067931,1.337046,-1.419539,-0.390347,0.741176,0.775619,0,0,0,0
0.256197,0.613450,-0.472469,-1.728249,-0.656872,-0.178882,-0.545140,1,0,0,1
1.603537,-0.694542,1.262705,0.518557,-0.618952,-0.701132,1.186259,0,0,0,0
1.007929,-0.273516,0.849718,0.893737,-1.399788,0.048498,-0.257366,0,0,0,0
1.301336,-1.305727,1.644121,-0.480344,-0.683636,0.891163,0.578482,0,0,0,0
0.975620,-0.195466,0.202211,0.015525,-0.866890,0.193436,-0.118120,0,1,0,0
1.181494,-0.213224,0.467895,1.644005,-1.116164,-1.012475,1.141575,0,0,0,0
0.952101,-0.189766,0.536871,0.522268,-0.778832,0.086731,0.172421,0,0,0,0
1.240303,-1.227154,1.838202,0.024904,0.091822,0.816814,1.107304,0,0,0,0
0.698764,0.063096,0.359418,0.279126,-0.893758,0.142062,0.137702,0,0,1,0
1.300491,-0.500107,0.596204,0.993320,-0.207005,-1.530794,1.009980,0,0,0,0
0.815540,-0.344209,0.580691,-0.121439,-0.671465,1.051614,0.158361,0,0,0,0
1.320367,-0.786286,1.967906,-0.511868,0.218817,0.286960,1.352859,0,0,0,0
0.585342,0.746786,0.098390,-0.985044,-0.701489,-0.311948,0.327329,0,0,0,0
1.042151,-0.124363,-0.543444,0.934429,-0.920221,-1.282809,0.962848,0,0,0,0
0.703311,0.271178,0.043871,0.245540,-0.213132,-0.796683,0.493789,0,0,0,0
1.135278,-0.820406,1.465419,-1.022334,-0.110498,-0.506022,1.296847,0,0,0,0
0.726526,-0.009304,0.650876,-0.468814,0.198952,0.303758,0.269648,1,1,0,0
1.519317,-0.942000,0.689318,0.908313,-0.662591,-0.873454,0.883466,0,0,0,0
1.182106,-0.436485,-0.081239,0.694136,-1.026158,0.674226,0.663137,0,0,0,0
1.702921,-1.046957,1.556606,0.224556,-0.160236,2.326655,1.689493,0,0,0,0
1.157746,-0.068585,0.220890,0.236488,-2.094317,-0.201243,-0.219870,0,0,0,1
1.254689,-0.272853,0.508125,2.086887,-0.780466,0.840850,1.527593,0,0,0,0
1.148228,-0.132379,0.649776,0.184540,-1.236999,0.806257,-0.133898,0,0,0,0
1.845628,-1.231462,1.531210,-0.505212,-0.269508,1.400959,1.349320,0,0,0,0
1.062152,0.112225,0.278564,0.372038,-1.026733,-0.477637,-0.078531,0,0,1,0
1.208502,-0.019055,-0.016099,1.335504,-0.834769,-0.336219,1.403666,0,0,0,0
0.776772,-0.004414,-0.125758,-0.066903,-1.114256,-0.264957,-0.468688,0,0,0,0
1.682955,-1.345326,1.261385,-0.822771,-0.147148,2.078193,0.937100,0,0,0,0
0.731001,0.170117,0.067402,0.321752,-0.991670,0.254024,0.306563,0,1,0,0
1.340731,-0.444410,0.404028,1.143899,-0.023410,0.004563,1.697210,0,0,0,0
0.814160,0.228045,-0.586248,0.230428,-0.839892,0.667119,-0.176358,0,0,0,0
1.523389,-0.724775,0.508108,0.672478,-0.752160,0.131381,1.966778,0,0,0,0
0.949924,0.257289,-0.177583,0.194662,-1.093137,-0.579963,0.479311,1,0,0,1
1.672063,-0.908258,0.772592,0.103169,-0.412192,0.573312,1.817591,0,0,0,0
1.445305,-0.622677,0.187386,1.063183,-1.097300,-0.972748,0.704580,0,0,0,0
1.729478,-0.637654,0.519677,0.911175,-0.820785,-0.311110,1.709231,0,0,0,0
1.279244,-0.385925,0.516617,0.349638,-0.610366,-0.710457,0.658708,0,1,0,0
1.319439,-0.450612,0.044287,1.513527,-0.439952,-0.992861,1.595139,0,0,0,0
1.609156,-0.808281,0.630615,1.146664,-1.000247,-0.414280,1.090948,0,0,0,0
1.553975,-0.608324,-0.056948,1.091609,-0.906962,-0.933887,0.624149,0,0,0,0
1.298545,-0.601964,0.072008,0.408305,-0.346130,-0.330017,1.495023,0,0,1,0
1.617357,-1.155924,0.974633,0.748201,-0.566507,-1.080169,1.465137,0,0,0,0
1.870191,-0.826899,0.402834,1.051926,-0.819991,0.501347,1.014811,0,0,0,0
1.655733,-0.760902,0.414433,1.507171,-0.492796,-0.648720,0.631658,0,0,0,0
1.414726,-1.309047,0.533859,0.875536,-1.239701,0.073519,2.169031,0,0,0,1
1.711154,-1.390989,0.776090,1.034885,-0.716068,-0.522114,0.729794,0,0,0,0
1.871263,-1.350681,0.710685,0.172355,-0.528094,-0.697684,2.126021,0,0,0,0
1.913289,-1.333567,0.944446,0.570618,-0.639387,-1.007106,1.698636,0,0,0,0
1.905813,-1.713031,1.903769,-0.173882,-1.041631,0.051746,1.231474,1,1,0,0
1.849898,-2.238792,2.006314,0.183767,-1.305431,-0.192797,0.848293,0,0,0,0
1.101901,-2.718093,1.707255,0.753959,-1.226647,-1.403271,0.386528,0,0,0,0
1.060055,-2.607443,1.409679,1.131065,-0.797851,0.059038,0.817687,0,0,0,0
0.622251,-2.563565,1.260502,1.605446,-1.759914,0.464658,-1.071782,0,0,0,0
0.643950,-2.154106,0.023974,1.631393,-1.267298,0.120463,0.480903,0,0,0,0
0.298784,-2.692213,1.570786,2.457815,-0.583686,0.408912,-0.447004,0,0,0,0
0.400313,-1.985543,-0.336758,1.405826,-1.423294,0.128717,0.900990,0,0,0,0
-0.001872,-2.247358,0.203828,1.852676,-1.139300,0.200283,-1.413564,0,0,0,1
0.720436,-3.475469,0.700867,0.542645,-0.217765,2.386388,-1.110900,0,0,0,0
0.067383,-3.206093,0.825694,1.646427,-0.263063,-0.251193,-1.384752,0,0,0,0
-0.198051,-2.391543,-1.074006,1.830034,-0.465792,0.280891,-1.555314,0,0,0,0
-0.710705,-2.524527,-1.143770,2.135587,-0.379809,-0.001705,-1.540282,1,0,0,0
-0.015376,-0.985335,-0.925598,1.706756,-0.148401,0.618554,0.841973,0,0,0,0
-0.655525,-1.539594,-0.735475,2.428456,0.452796,-0.429929,-0.638108,0,0,0,0
-0.460317,-1.206195,-1.780764,0.967811,0.352324,1.503512,0.896343,0,0,0,0
-0.675008,-1.137207,-1.170750,1.562306,0.688449,0.329302,-1.479404,0,0,0,0
0.634296,-2.884842,0.479330,-0.019377,0.369909,0.967569,0.610978,0,0,0,0
-0.042418,-2.703466,-0.266617,-0.028901,0.549313,-0.417557,-0.985912,0,0,0,0
-0.215147,-1.070963,-0.943868,0.166046,0.599348,0.139048,0.624135,0,0,0,0
-0.746890,-0.795844,-1.091299,0.865854,1.241338,-0.200458,-1.202514,0,0,1,0
-0.840681,-0.633655,-1.535610,0.775423,1.551963,0.292964,-1.452865,0,0,0,0
-1.129395,-1.290536,-2.503141,0.034047,1.371209,0.203011,-1.760609,0,0,0,0
-0.992942,-0.808271,-2.654648,-0.875646,0.315552,-0.092128,-1.819909,0,0,0,0
-0.982856,-0.808374,-2.314551,-0.632065,0.298821,0.555033,-1.449958,0,0,0,1
0.825190,-2.464909,0.861315,-0.068848,0.623538,0.845776,0.703470,0,0,0,0
-0.228399,-2.137155,0.267739,0.130206,0.927423,-1.214221,-0.801063,0,0,0,0
-0.401454,-0.400417,-0.620706,-1.235843,1.043146,0.102615,0.619273,0,0,0,0
-0.957509,-0.155847,-0.568145,-0.023448,1.389022,-0.289340,-0.775819,0,0,0,0
-0.795738,0.599699,-1.426036,-0.900584,0.981950,-0.411369,0.739046,0,0,0,0
-1.261282,0.108179,-1.198211,-1.340716,0.889691,0.064989,-1.087431,0,0,0,0
-0.709486,1.028416,-1.335997,-0.956875,0.810939,1.308040,0.544047,0,0,0,0
-0.769055,0.288301,-0.306756,-2.329712,1.354606,-0.053367,-1.022166,1,0,0,0
1.350247,-1.777777,0.548643,-1.179719,-0.190395,2.931365,-0.850791,0,0,0,0
0.505783,-1.750001,-0.225351,-1.435272,-0.311117,1.582636,-1.220058,0,0,0,0
0.111023,-0.537366,-1.843109,-1.788108,-0.131272,0.576620,-1.348617,0,0,0,0
-0.556596,0.021157,-2.209297,-1.226373,0.763824,0.326906,-1.471887,0,0,0,1
-0.345013,1.073406,-2.230086,-1.364826,0.669752,2.060297,1.000116,0,0,0,0
-1.147555,0.643745,-2.050072,-1.802599,0.973574,-0.760957,-1.462949,0,0,0,0
-0.333190,0.794245,-2.324635,-0.250418,0.967303,2.239301,0.866498,0,0,0,0
-1.185848,1.311943,-1.163344,-1.699300,1.126771,0.429960,-0.895128,0,0,0,0
1.279068,-1.809172,-0.150038,-1.311144,-0.425499,4.822021,0.968675,0,0,0,0
-0.018918,-1.951379,1.682601,-0.637287,-0.532541,0.616552,-1.369429,0,0,0,0
-0.016193,0.026248,-0.611775,-1.299133,0.195438,0.950668,0.848721,0,0,0,0
-1.439455,0.616094,0.928392,-1.181325,1.113202,-1.052970,-1.438926,0,1,0,0
-0.265556,0.900999,-1.287349,-1.132241,0.818258,7.242182,-1.038999,0,0,0,0
-1.400858,0.706874,-0.857263,-0.164755,1.008697,2.105002,-1.314983,0,0,0,0
-0.589431,0.123570,-1.974808,-0.349573,0.325027,1.533190,-1.426741,0,0,0,0
-1.929438,0.545684,-0.466064,-1.171108,0.828758,0.260160,-1.499203,1,0,0,0
0.904444,-2.294212,0.208944,-1.684453,-0.758109,1.493292,0.804243,0,0,0,0
-0.285163,-2.044847,2.105417,0.157433,-0.274269,-0.211495,-0.897966,0,0,0,0
-0.307938,-0.478220,-0.277254,-0.379407,0.884046,1.791464,0.771427,0,0,0,0
-1.933841,0.243750,0.681730,-1.130284,1.790476,0.156523,-1.620747,0,0,0,0
-0.219621,1.013879,-2.136278,-0.504738,1.274531,0.919696,0.513656,0,0,0,0
-2.193212,1.193986,0.580060,-0.959543,2.414375,-1.635584,-1.195939,0,0,0,0
-1.024690,1.066097,-1.981696,-0.330717,1.509212,-0.201946,0.664297,0,0,0,0
-2.282699,1.178410,0.549775,-1.280705,2.669666,-0.132171,-0.974134,0,0,0,1
0.432486,-2.597355,1.204875,-0.123563,-0.507389,3.601057,-1.133238,0,0,0,0
-0.152425,-2.026694,0.058880,-0.369769,-0.818820,0.491691,-1.401980,0,0,0,0
-0.645881,-0.926187,-1.058049,-1.611731,-0.125794,0.013103,-1.478848,0,0,0,0
-1.300885,-0.112319,-0.653408,-0.299593,0.180564,-0.097457,-1.352749,1,0,0,0
-1.126566,1.237068,-2.058228,-0.757738,2.250928,-1.270455,0.579796,0,0,0,0
-1.344302,0.439283,-1.857641,-0.210075,1.620480,-0.386340,-0.794786,0,0,0,0
-1.000063,1.117727,-2.352867,-0.521082,2.208103,-0.202720,0.709158,0,0,0,0
-0.883939,-0.220077,-1.325661,-0.545169,1.810857,0.614105,-0.975774,0,1,0,0
0.259548,-2.714209,1.593294,0.523340,0.276241,0.739398,0.532148,0,0,0,0
-0.714579,-2.540924,1.821473,0.935764,-0.173294,-0.239498,-0.879013,0,0,0,0
-0.832072,-0.600297,0.144545,-0.535020,0.945371,0.904795,0.680099,0,0,0,0
-2.144885,-0.070469,1.231238,-0.527081,2.090120,-0.578941,-0.915372,0,0,0,0
-1.522936,1.160396,-1.688887,-1.055365,2.671751,1.119901,1.092411,0,0,0,0
-2.845809,1.077210,-0.503144,-2.059559,3.442455,-0.204375,-1.890651,0,0,0,0
-1.652707,1.240795,-1.399967,-0.222492,2.808338,1.757695,0.729996,0,0,0,0
-2.682936,1.460500,-0.057539,-1.903104,3.576059,-1.037914,-1.466019,0,0,0,1
-0.002451,-3.462492,1.568170,1.086398,0.133424,3.760403,-0.793971,0,0,0,0
-1.035320,-3.558398,2.229799,1.818775,0.629686,-0.578015,-0.831545,0,0,0,0
-1.256777,-1.832530,-0.148887,-0.855901,1.000986,1.279590,-1.161028,0,0,0,0
-2.537566,-0.802075,0.110329,-0.359101,1.541643,-0.972094,-1.266056,0,1,0,0
-1.558165,1.529228,-1.438356,-1.218424,2.592073,0.589379,0.846272,0,0,0,0
-2.645660,1.652376,-0.374180,-2.471000,3.607028,-0.207813,-1.105923,0,0,0,0
-1.747677,1.201195,-2.152566,-1.295505,2.940975,-0.083164,0.713725,0,0,0,0
-2.651122,1.421111,-0.587085,-2.433953,3.211054,0.040226,-1.566469,0,0,0,0
0.492984,-2.729497,1.580568,0.284622,0.256691,0.638141,0.760125,0,0,0,0
-0.707197,-2.659398,1.706376,0.331393,-0.257283,-0.206379,-0.984649,0,0,0,0
-0.793291,-0.720125,0.061451,-0.683631,1.081753,-0.094704,0.895519,0,0,0,0
-1.926067,0.643265,1.135306,-1.031687,2.122147,-0.404701,-0.794172,1,0,0,0
-2.023533,0.636413,-0.817481,0.302504,2.876420,-0.329883,-1.164071,0,0,0,0
-3.029075,-0.266800,-0.025040,0.833380,3.506106,-0.443419,-1.429813,0,0,0,0
-2.129978,0.403485,-2.392850,-1.401294,2.319004,-0.388860,-1.497326,0,0,0,0
-2.455095,-0.535551,-1.380038,-0.121416,2.604717,1.026894,-1.441729,0,0,1,0
0.385557,-2.385874,1.079592,0.620816,-0.245230,1.026659,0.411709,0,0,0,0
-0.567596,-2.686843,2.064250,0.143223,0.275888,-1.124380,-1.471477,0,0,0,0
-0.692099,-0.685769,0.171582,0.448719,2.170723,0.464229,0.452178,0,0,0,0
-1.893006,-0.096841,1.080060,0.082687,2.346839,-0.299722,-0.785869,0,0,0,0
-1.834284,1.285664,-1.473610,-0.845220,3.757870,0.268855,0.855609,0,0,0,0
-2.161107,0.444191,0.180742,-0.801699,2.004285,-0.316148,-1.214607,0,0,0,0
-1.700261,1.656379,-1.634648,-0.933804,3.895498,0.779074,0.651119,0,0,0,0
-1.666169,0.623029,0.517609,-1.466297,3.781267,-0.311464,-0.932802,1,0,0,0
1.219063,-1.646542,0.473862,-0.479072,-0.272842,4.948347,-0.485409,0,0,0,0
0.248680,-1.967072,0.202123,-0.483332,0.590176,0.911811,-0.995698,0,0,0,0
-0.178582,-0.721025,-1.347768,-0.812709,-0.068423,0.065392,-1.333697,0,0,0,0
-0.745574,-0.530924,-1.855573,-0.128436,0.860562,-0.162075,-0.749347,0,0,1,0
-0.687115,0.990897,-2.654172,-0.951994,1.462234,1.518064,0.977429,0,0,0,0
-1.547298,1.044879,-2.004456,-0.825848,2.544843,-0.426352,-1.051607,0,0,0,0
-0.461967,0.816590,-2.382905,-0.160982,0.892907,1.792230,1.011939,0,0,0,0
-1.816880,1.656280,-1.349140,-1.565521,3.044374,-0.387259,-0.907275,0,0,0,0
1.151673,-1.924525,0.224047,-0.787614,-0.301611,4.418637,1.261291,0,0,0,0
-0.298538,-2.128813,1.496935,0.049361,-0.074530,0.293644,-1.149879,0,0,0,0
-0.305305,0.408669,-0.350767,-1.075515,1.012989,2.721200,0.986057,0,0,0,0
-2.623100,1.902087,0.305069,-1.743756,3.682751,-1.316280,-1.367277,0,0,0,1
-0.300400,0.677771,-1.340545,-0.449342,1.087248,4.453554,-0.622742,0,0,0,0
-1.631195,0.678124,-1.021516,-0.180202,1.618287,2.720024,-1.133825,0,0,0,0
-0.537798,0.396077,-1.477643,0.372433,1.081373,0.244009,0.098020,0,0,0,0
-2.173397,0.559527,-0.948331,-0.056202,2.506039,0.048809,-0.581285,0,1,0,0
1.026918,-2.093695,0.254448,0.425512,-0.804911,0.927817,1.164634,0,0,0,0
-0.185388,-2.139988,1.690635,1.569159,-0.157646,-0.138700,-0.715748,0,0,0,0
-0.002310,-0.554480,0.031192,0.018317,0.049069,1.506793,0.664580,0,0,0,0
-1.419279,-0.491715,0.837361,0.650042,0.563913,-0.247432,-1.179624,0,0,1,0
0.648155,-0.576936,-0.856638,-0.057966,-0.497988,1.641088,0.825238,0,0,0,0
-1.053280,-0.580423,0.463020,1.672611,0.118804,-1.440560,-0.460020,0,0,0,0
-0.398531,0.061121,-1.409204,1.587269,0.792624,-0.294345,0.752811,0,0,0,0
-1.490171,-0.135836,0.282894,1.036708,1.167368,-0.494712,-0.799081,1,0,0,0
0.388932,-1.870780,1.346927,-0.767827,0.847353,1.312565,-0.426817,0,0,0,0
-0.463433,-1.004873,-0.098167,-0.661029,0.078830,0.400236,-0.638157,0,0,0,0
-0.485133,-0.109592,-0.966683,-0.223720,0.315587,-0.985576,-0.768685,0,0,0,0
-1.029930,0.296255,-0.574437,-0.135382,0.414227,0.530498,-0.563403,0,1,0,0
-0.448883,0.032419,-1.162224,1.651082,1.499609,-1.423339,1.519191,0,0,0,0
-0.855023,0.152896,-1.432482,0.588189,0.899918,-1.033477,0.086689,0,0,0,0
-0.628995,0.941347,-1.556749,0.589968,1.436587,-0.442978,0.955326,0,0,0,0
-0.323530,-0.536161,-0.053486,-0.714578,1.678810,-0.142216,-0.068370,0,0,1,1
0.818007,-2.295061,1.119380,0.496166,-0.198701,-0.273154,1.430743,0,0,0,0
-0.082855,-2.514405,0.768622,1.697191,-0.255652,-0.492778,-0.475492,0,0,0,0
-0.138670,-2.081019,0.611203,1.019628,-0.042360,0.483685,0.616267,0,0,0,0
-0.565381,-2.150772,0.203456,1.666085,0.124023,-0.289664,-0.568334,0,0,0,0
-0.099365,-1.352811,-0.772477,0.387184,-0.310410,0.505127,0.774189,0,0,0,0
-0.570392,-2.007394,0.730328,1.176870,0.612256,0.108998,-0.899587,0,0,0,0
0.172330,-0.771415,0.085317,1.061970,0.050606,0.648408,2.169688,0,0,0,0
-0.789966,-1.574163,0.463932,1.320644,0.408814,-0.439962,-0.707518,1,0,0,0
0.495210,-3.373335,1.368054,0.439584,0.006772,3.099937,-0.607544,0,0,0,0
-0.660188,-3.455481,1.239265,0.983864,0.756118,0.274905,-1.165905,0,0,0,0
-0.691123,-1.888720,-0.061221,-0.301846,0.589724,0.718584,-1.412342,0,0,0,0
-1.831133,-1.915023,-0.618478,0.106851,0.688910,0.314858,-1.588517,0,0,0,1
-0.683259,0.151606,-0.607091,0.369157,1.139622,-0.737628,1.930758,0,0,0,0
-1.501223,0.097236,0.362809,0.016106,0.961455,-0.782063,-0.693593,0,0,0,0
-1.125089,0.043610,-1.679016,-0.527911,1.433235,-0.085896,0.678206,0,0,0,0
-1.709177,0.197592,0.006424,-0.406970,1.695592,-0.427630,-1.476364,0,0,0,0
0.318527,-2.967521,1.355898,0.130292,0.091885,2.144009,0.677234,0,0,0,0
-0.553091,-2.709931,1.653371,0.710576,0.622010,-0.135306,-1.361914,0,0,0,0
-0.573387,-0.994082,0.135756,-1.389182,1.193055,0.040312,0.628389,0,0,0,0
-1.717519,0.141379,1.014754,-0.085282,2.121906,-0.426130,-0.948491,0,1,0,0
-1.714702,0.231830,-0.833940,0.728773,2.599910,0.365772,-1.294678,0,0,0,0
-2.229808,-0.479611,-1.059853,0.823717,2.312404,-0.495967,-1.548400,0,0,0,0
-1.824051,-0.040906,-2.146889,-0.326845,1.679721,0.553497,-1.572769,0,0,0,0
-2.357558,-0.243247,-0.637660,-0.761892,0.829881,-0.130559,-1.569564,1,0,0,0
0.468814,-2.764036,1.346222,-0.278438,0.068687,1.144142,0.599290,0,0,0,0
-0.526439,-2.291471,1.306456,0.854856,0.041734,0.135842,-0.873270,0,0,0,0
-0.741783,-0.725272,-0.174267,-0.393994,1.511774,0.581978,0.681071,0,0,0,0
-1.857837,0.146928,1.000440,-0.451799,1.718923,-0.684971,-1.441947,0,0,0,0
-1.534652,1.193217,-1.578128,-1.431421,2.196091,0.195562,0.374572,0,0,0,0
-1.964671,0.005812,-0.462360,-0.809515,1.494127,-0.491395,-0.780580,0,0,0,0
-1.604740,1.412948,-1.564755,-0.740760,3.070379,-0.432627,0.790594,0,0,0,0
-1.620253,0.532999,0.523573,-1.894378,3.107389,-0.390872,-1.176390,0,0,0,1
1.138002,-1.961801,0.317305,-0.743848,-0.146714,4.054140,-0.876801,0,0,0,0
0.138366,-1.607020,-0.522798,0.288926,-0.470192,0.783577,-1.082758,0,0,0,0
-0.159598,-0.636671,-1.309112,-0.995711,-0.069390,1.017512,-1.319897,0,0,0,0
-0.814705,-0.624256,-2.299423,-0.556353,0.921813,-0.591101,-0.880331,1,0,0,0
-0.661032,1.166928,-2.769797,-1.525609,0.915778,-0.469947,0.621743,0,0,0,0
-1.530172,1.080395,-1.703060,-0.658858,2.431877,-0.600112,-0.673208,0,0,0,0
-0.584324,0.656705,-2.550877,-0.234881,1.046303,2.796315,1.133093,0,0,0,0
-1.831551,1.235752,-1.808640,-2.100822,2.438025,0.253599,-1.550525,0,0,0,0
1.123960,-2.021669,0.080512,-0.920283,-0.287616,6.160217,0.808548,0,0,0,0
-0.289730,-2.069927,1.699979,0.204810,0.048284,1.731472,-1.286665,0,0,0,0
-0.168484,-0.532555,-0.285004,-1.473175,0.937961,1.872265,0.853835,0,0,0,0
-1.918777,0.164454,0.300969,-1.059894,2.370545,-1.202343,-1.596328,0,0,1,0
-0.370262,0.894511,-1.376086,-0.972473,1.145756,8.358054,-1.122505,0,0,0,0
-1.607196,0.507484,-1.574084,-0.842825,1.482372,2.822790,-1.643667,0,0,0,0
-0.692667,0.009334,-2.300914,-0.734950,0.448310,3.005156,-1.643893,0,0,0,0
-2.710410,-0.170567,-1.104857,-0.078007,2.097403,0.495789,-1.553525,0,0,0,1
0.942255,-2.264320,-0.030337,-1.396363,-0.469010,1.595913,0.995245,0,0,0,0
-0.441501,-2.599671,1.841106,0.627442,0.683802,-0.286746,-0.824075,0,0,0,0
-0.413739,-0.591422,-0.802304,-0.612982,0.721603,2.615942,0.667813,0,0,0,0
-1.936029,0.192058,0.918008,-0.893876,2.206201,-1.008258,-1.399433,0,0,0,0
-0.259056,1.077671,-2.475528,-1.367698,0.845512,1.732517,0.634154,0,0,0,0
-2.622278,1.242171,0.072682,-1.656074,3.327681,-1.153963,-1.462977,0,0,0,0
-1.142446,0.713221,-2.482823,-0.612806,1.545685,0.423201,0.484503,0,0,0,0
-2.460640,1.239940,0.173265,-1.981410,3.603005,-0.696263,-0.844134,1,0,0,0
0.661365,-2.692746,1.151374,-0.551858,-0.141305,3.298389,-0.965342,0,0,0,0
-0.195947,-2.070814,-0.209776,-0.023621,-0.393045,0.173297,-1.379781,0,0,0,0
-0.662941,-1.467218,-1.518550,-1.891988,-0.338674,-0.317925,-1.619899,0,0,0,0
-1.475906,-0.284527,-1.110404,-1.140471,0.187818,0.150633,-1.441495,0,0,0,1
-1.030155,1.222196,-2.286370,-0.812418,2.290557,-1.095762,0.493234,0,0,0,0
-1.492222,0.318455,-2.264814,-0.626841,1.711758,-1.170370,-1.185075,0,0,0,0
-1.063674,0.918994,-2.911278,-0.654582,2.297742,-0.172426,0.414764,0,0,0,0
-1.145349,0.043838,-1.858538,-1.103002,1.821390,0.265506,-0.934788,0,0,1,0
0.242517,-3.041610,1.369074,0.465180,-0.255633,0.557864,0.427674,0,0,0,0
-0.813126,-2.824040,1.642911,0.835467,0.962608,-1.355489,-0.931467,0,0,0,0
-0.927092,-0.812109,0.596362,-1.301525,1.834837,1.254029,0.624028,0,0,0,0
-2.135838,-0.618941,0.452963,-0.184287,1.820086,-1.004642,-0.864655,0,0,0,0
-1.951641,1.048228,-1.841270,-0.912944,3.407852,-0.241960,0.283707,0,0,0,0
-2.863475,1.615137,0.038622,-2.038919,4.038524,-0.918869,-1.506853,0,0,0,0
-1.647332,1.118144,-2.300371,-1.140200,2.707477,1.441806,0.658003,0,0,0,0
-2.752422,1.698841,0.110939,-2.157653,3.814425,0.198231,-1.362143,1,0,0,0
0.146073,-3.554254,1.264504,0.953676,0.192093,5.040302,-1.203823,0,0,0,0
-1.105929,-3.779971,1.870475,1.648377,1.151476,-0.621515,-1.773630,0,0,0,0
-1.058211,-1.850466,-0.263409,-1.604927,0.696240,0.871394,-1.952153,0,0,0,0
-2.597747,-1.328347,-0.194354,-0.910403,1.334271,-0.606725,-1.804138,0,1,0,0
-1.576237,1.669031,-0.961049,-1.154476,2.688016,0.471596,0.854604,0,0,0,0
-2.611438,1.511098,-0.119081,-1.565315,3.510315,-0.893698,-1.384210,0,0,0,0
-1.832290,1.145982,-1.932360,-1.054718,3.292394,-0.021604,0.711824,0,0,0,0
-2.639964,1.678814,0.206897,-1.534732,3.714616,0.070700,-1.006230,0,0,0,0
0.452974,-2.893242,1.173570,-0.107387,0.086614,3.054863,0.776446,0,0,0,0
-0.539771,-2.399310,1.678721,0.894719,0.179518,-0.529926,-1.449006,0,0,0,0
-0.756145,-1.166633,-0.283821,-0.705282,1.512652,0.368816,0.810761,0,0,0,0
-2.037842,0.230261,0.755332,-0.443581,2.606586,-0.205962,-1.010689,0,0,0,1
-2.003696,0.649279,-0.987074,0.143475,2.522886,0.165330,-1.425653,0,0,0,0
-2.715349,-0.220969,-1.345447,-0.417366,2.847778,0.416745,-1.732256,0,0,0,0
-1.993456,0.508860,-2.248121,-1.376632,2.087631,0.109590,-1.743864,0,0,0,0
-2.441463,-0.367021,-0.737518,-1.454794,1.712992,-0.400868,-1.584974,1,0,0,0
0.469924,-2.571850,1.857682,-0.002830,-0.360723,1.213154,0.502733,0,0,0,0
-0.427532,-2.502973,2.011534,0.474976,0.616652,-0.204125,-1.230316,0,0,0,0
-0.704225,-0.752999,-0.253722,-0.425631,1.153988,0.523895,0.491935,0,0,0,0
-1.709874,0.307907,1.020303,-0.739780,1.470430,0.297765,-1.251832,0,0,0,0
-1.630742,1.128774,-1.271041,-1.110625,2.455544,0.818920,0.552688,0,0,0,0
-2.287622,0.676050,0.201030,-0.750377,2.387843,0.263252,-1.013158,0,0,0,0
-1.533440,1.469592,-1.476473,-0.728272,3.025910,-0.126772,0.575243,0,0,0,0
-1.715938,0.545706,0.540258,-1.530305,2.483651,-0.426202,-1.449604,0,0,1,0
1.120877,-2.035400,0.742978,-1.155207,-0.244056,3.280220,-0.810948,0,0,0,0
0.229176,-1.883906,0.601272,-0.610519,0.058842,0.771346,-0.946863,0,0,0,0
0.007231,-0.799779,-1.318565,-1.163200,0.568084,0.315132,-1.273663,0,0,0,0
-0.835313,-0.312141,-2.190503,-0.562011,1.307434,0.013518,-0.729550,0,0,0,1
-0.692655,0.917368,-2.391805,-0.581576,1.328680,-0.003650,0.414314,0,0,0,0
-0.837982,0.175553,-1.372088,-0.273805,1.380977,-0.006876,-0.517849,0,0,0,0
-0.414988,0.608814,-2.147715,-0.550267,0.323646,2.805658,1.003836,0,0,0,0
-1.420442,0.925922,-0.880915,-1.513187,1.709753,0.819336,-0.803744,0,0,0,0
1.192512,-2.163130,0.319591,-0.942437,-0.160691,5.768727,1.147952,0,0,0,0
-0.199161,-1.964411,1.572629,0.310230,-0.101884,0.819804,-1.346896,0,0,0,0
-0.203304,0.240066,-1.006865,-1.223997,0.714019,2.370943,0.799305,0,0,0,0
-1.561320,0.471931,-0.139976,-0.410577,2.079952,-0.818485,-1.304409,1,0,0,0
-0.118663,0.490831,-1.553183,-0.879958,0.688097,3.881060,-0.684689,0,0,0,0
-1.029618,0.022241,-1.115528,-0.544298,0.943940,2.098226,-1.240513,0,0,0,0
-0.500010,-0.159650,-1.390328,-0.318500,1.040242,0.128623,-0.033846,0,0,0,0
-1.277992,-0.444893,-0.777252,-0.093031,1.130777,0.262889,-0.712892,0,0,1,0
1.079718,-2.550131,0.365581,-0.515289,-0.518513,0.946200,1.115904,0,0,0,0
0.279413,-1.921791,1.085399,0.924587,-0.303250,0.127968,-0.377840,0,0,0,0
0.090400,-0.554132,0.167815,0.202434,0.287410,1.597978,1.102524,0,0,0,0
-0.686704,-0.742964,-0.292667,0.771695,0.557149,0.266432,-1.207524,0,1,0,0
0.576930,-1.029637,-0.817826,-0.664075,-1.079751,1.369641,0.667462,0,0,0,0
-0.374730,-0.943420,-0.065044,0.961808,-0.384718,-0.466094,-1.264061,0,0,0,0
0.064016,-0.301744,-1.497917,-0.257944,-0.185135,-0.771727,0.509750,0,0,0,0
-0.553756,-1.089690,-0.134964,0.289401,0.712571,0.283973,-0.773282,0,0,0,1
0.671637,-2.003984,1.395726,-0.869951,0.889610,0.327567,-0.332360,0,0,0,0
0.224964,-1.285537,-0.064254,-1.471898,0.345204,0.035270,-0.815381,0,0,0,0
-0.211291,-0.452564,-0.826013,-0.877894,-0.135706,-0.634375,0.003563,0,0,0,0
-0.329308,-0.591447,-0.833191,-0.938973,-0.377502,0.349747,-0.914991,1,0,0,0
-0.039122,-0.414450,-1.209575,0.647553,1.245246,-1.144246,1.826828,0,0,0,0
-0.164380,-0.585469,-1.038856,0.940318,1.222875,0.086034,0.254133,0,0,0,0
0.091275,-0.063113,-1.060987,0.263488,1.055928,0.736163,1.272025,0,0,0,0
0.067759,-0.739375,-1.014166,-0.605041,1.197443,0.132547,-0.120175,0,0,1,0
-0.072551,-1.025885,-0.586673,0.847009,0.206733,-1.083980,0.782012,0,0,0,0
-0.272858,-1.009897,-0.095001,1.073364,0.572693,0.500162,-0.510387,0,0,0,0
-0.478111,-1.737097,-0.595444,0.961429,0.729832,0.704445,-1.046613,0,0,0,0
-0.724942,-2.164434,-0.061105,0.585361,0.617363,0.875550,-1.349447,0,0,0,0
-0.791818,-2.536774,-1.667152,0.036122,0.222911,0.553182,-1.357510,0,0,0,0
-0.491043,-2.750322,-0.824501,0.300395,-0.518628,1.531662,-0.635057,0,0,0,0
0.421101,-0.903334,0.504922,0.386928,0.184416,2.060322,1.305991,0,0,0,0
0.080038,-1.723263,0.068642,0.897729,0.340428,0.536364,-0.530257,0,1,0,0
0.600098,-1.526920,-0.307595,-0.307575,0.126080,1.811668,-0.529607,0,0,0,0
-0.364072,-3.068742,-0.319032,0.612927,0.149032,-0.551352,-1.214799,0,0,0,0
-0.400584,-3.074741,-0.929790,0.503077,-0.755967,0.705076,-1.266467,0,0,0,0
-0.091072,-3.088309,0.205773,1.414242,-0.594647,0.620854,-1.389951,0,0,0,0
0.822059,-1.941821,0.507599,1.105569,-0.368912,0.876437,1.233022,0,0,0,0
0.764757,-2.270131,1.438870,1.543040,-0.275944,0.171138,-0.440621,0,0,0,0
0.689894,-2.731154,1.331265,1.286198,-1.067828,0.693721,-0.695588,0,0,0,0
1.613883,-1.674317,1.988588,-0.830468,-1.621801,-0.291017,-0.001790,1,0,0,1
1.740093,-1.862990,1.529599,-0.194215,-1.374503,-0.068887,-0.107101,0,0,0,0
1.107001,-2.287743,1.778793,1.646244,-1.007580,-0.460449,-0.383879,0,0,0,0
0.971661,-2.213817,1.381504,1.813974,-1.022510,-0.371412,-0.300559,0,0,0,0
0.586527,-2.545487,0.973955,2.416496,-1.653942,-0.234127,-0.522129,0,0,0,0
0.525149,-2.641881,1.269328,1.687879,-1.471750,-0.383955,-0.936089,0,0,0,0
0.341055,-2.301999,0.265359,2.633792,-1.393944,-0.293705,-0.966568,0,0,0,0
0.218065,-2.265353,-0.149700,2.168042,-1.073302,-0.534079,-0.864004,0,0,0,0
-0.066312,-2.421189,-0.374193,2.130276,-1.366577,-0.209655,-1.061116,0,1,0,0
0.166586,-1.626833,0.152572,2.532634,-1.361496,1.306288,-1.015149,0,0,0,0
-0.184461,-1.747659,0.308932,2.857110,-0.915133,-0.027248,-1.002252,0,0,0,0
-0.254392,-2.021549,-0.747789,2.408615,-0.479967,-0.663016,-1.112452,0,0,0,0
-0.389066,-1.808225,-0.538146,2.267626,-0.497829,0.389639,-1.337620,0,0,0,0
-0.462933,-1.812833,-1.210547,1.823817,-0.175079,-0.709415,-1.375190,0,0,0,0
-0.606659,-1.998576,-1.930541,1.342550,-0.266198,-0.615124,-1.435023,0,0,0,0
-0.670536,-1.921806,-2.233781,0.273166,-0.547847,-0.139933,-1.400210,0,0,0,0
-0.660315,-1.403746,-1.495320,0.904518,-0.034287,0.066251,-1.354519,0,0,1,0
-0.279505,-0.594729,-1.600810,-0.269188,-0.587416,1.792756,-1.341948,0,0,0,0
-0.721855,-1.276661,-2.283482,-0.813420,-0.797133,-0.667547,-1.405711,0,0,0,0
-0.683819,-1.317282,-2.659029,-1.156829,-0.558418,0.063586,-1.329691,0,0,0,0
-0.912692,-1.281927,-2.330007,-1.095981,-0.943762,0.081141,-1.412291,0,0,0,0
-0.877562,-1.324917,-2.875591,-1.719552,-0.743149,0.520569,-1.337622,0,0,0,0
-0.969282,-1.097142,-2.725541,-1.998839,-0.598743,-0.549203,-1.319314,0,0,0,0
-0.946147,-0.861414,-2.572068,-2.153590,-0.797622,0.086646,-1.315318,0,0,0,0
-0.948977,-0.923654,-2.559884,-2.409965,-1.167016,0.264170,-1.359311,0,0,0,1
-0.653997,-0.050984,-2.413065,-2.318868,-0.767520,1.328426,-1.378923,0,0,0,0
-0.846248,-0.174453,-2.470171,-2.632727,-0.807474,0.137728,-1.254007,0,0,0,0
-0.776311,0.110345,-2.332061,-2.934816,-0.811602,-0.131825,-1.264900,0,0,0,0
-0.939705,-0.107094,-2.333685,-1.922793,-0.675860,0.336945,-1.379335,0,0,0,0
-0.845575,0.228123,-2.259073,-2.890917,-0.807307,-0.216510,-1.418741,0,0,0,0
-1.026016,0.378282,-2.359643,-3.556258,-0.797326,0.153304,-1.400884,0,0,0,0
-1.151914,0.088557,-2.374571,-3.440511,-1.080536,0.149683,-1.340028,0,0,0,0
-1.177281,0.275432,-2.053370,-3.458216,-0.851551,-0.488013,-1.327118,1,0,0,0
-0.952424,0.040401,-2.323950,-3.335972,-1.024166,0.929405,-1.446003,0,0,0,0
-1.256818,-0.017092,-2.219104,-4.143515,-1.450878,-0.236640,-1.481227,0,0,0,0
-1.501584,-0.265674,-2.149169,-4.322811,-1.267479,0.143060,-1.291801,0,0,0,0
-1.580559,-0.353763,-2.027001,-3.662222,-0.949664,-0.059408,-1.430687,0,0,0,0
-1.489205,-0.194218,-2.142790,-4.264256,-1.712071,0.183820,-1.438173,0,0,0,0
-1.685407,-0.074137,-2.036825,-4.057926,-1.297889,-0.475340,-1.548369,0,0,0,0
-1.715309,-0.350974,-2.202879,-3.801362,-1.363275,0.425744,-1.532494,0,0,0,0
-1.754029,0.102511,-1.614929,-4.266691,-1.904676,-0.592080,-1.529239,0,0,0,1
-1.209225,-0.164402,-2.125741,-3.671719,-1.952823,1.555694,-1.484396,0,0,0,0
-1.444123,-0.024337,-1.571317,-3.490561,-1.766289,0.361563,-1.335955,0,0,0,0
-1.461063,-0.060166,-1.232055,-3.278369,-1.648765,0.112466,-1.370148,0,0,0,0
-1.571910,-0.092747,-1.634059,-3.397937,-1.506289,-0.159045,-1.450919,0,0,0,0
-1.600798,-0.311589,-2.086060,-3.806620,-1.626027,0.209146,-1.380171,0,0,0,0
-1.607473,0.000339,-1.952190,-3.147535,-1.436520,-0.329615,-1.331933,0,0,0,0
-1.711426,-0.019109,-1.396876,-3.328893,-1.192671,-0.130605,-1.355314,0,0,0,0
-1.770915,-0.212031,-1.506894,-3.295375,-1.206604,-0.233075,-1.475370,0,0,1,0
-1.476260,0.571786,-1.857005,-3.203360,-0.670322,1.598295,-1.451755,0,0,0,0
-1.815946,0.262908,-1.417536,-3.049238,-0.444177,0.218947,-1.318727,0,0,0,0
-1.939558,0.043960,-1.661205,-2.912714,-0.848058,-0.508329,-1.407082,0,0,0,0
-2.139424,-0.064899,-1.840816,-2.898122,-0.486515,0.316399,-1.602830,0,0,0,0
-2.337505,-0.219543,-1.314225,-2.418553,-0.235530,-0.256625,-1.685536,0,0,0,0
-2.402063,0.295831,-1.306068,-3.176762,-0.033481,-0.304187,-1.515582,0,0,0,0
-2.360025,0.273102,-1.195620,-2.811584,0.049815,-0.109050,-1.548813,0,0,0,0
-2.468991,0.335900,-0.810884,-2.603800,0.455449,0.292340,-1.514699,0,1,0,0
-1.242622,-0.286306,-2.274138,-2.760035,0.003272,5.632455,-1.458176,0,0,0,0
-1.164506,0.056580,-1.526279,-3.302749,-1.122037,0.611857,-1.622991,0,0,0,0
-1.251056,-0.299861,-1.727095,-2.595081,-1.018932,-0.025815,-1.683826,0,0,0,0
-1.683563,-0.480946,-1.515564,-2.192486,0.302971,-0.167573,-1.839228,0,0,0,0
-1.322707,0.638471,-0.365465,-1.257796,0.559827,-0.099432,-1.748782,0,0,0,0
-1.401350,0.637016,-0.107279,-0.164762,1.146830,0.139603,-1.554511,0,0,0,0
-0.896808,1.642122,0.061703,-0.791013,0.971308,0.444708,-1.268351,0,0,0,0
-0.652969,1.783711,-0.232816,-1.117024,0.394523,1.003791,-0.918080,0,0,0,1
-0.318853,2.338644,-0.594220,-0.908224,1.755729,0.138551,1.475653,0,0,0,0
-0.578897,1.957660,-0.104868,-0.532703,1.331030,0.100743,-0.385999,0,0,0,0
-0.733806,1.917502,-0.678619,-0.391800,1.817239,-0.198916,-0.242937,0,0,0,0
-0.967028,1.977587,-1.149487,-1.102184,2.046592,-0.526264,-0.630691,0,0,0,0
-0.797475,2.104270,-0.790626,-0.872649,1.956286,0.128116,0.987300,0,0,0,0
-1.306119,1.538157,-0.375477,-0.225821,2.524696,-0.778177,-0.518122,0,0,0,0
-1.507692,1.376496,0.061364,0.171531,2.319470,-0.586060,-1.070983,0,0,0,0
-1.683223,1.174386,-0.009276,-0.254552,2.126271,-0.200449,-1.202233,0,0,1,0
-0.984169,1.700386,-1.184691,-1.193204,2.072816,1.050452,0.708529,0,0,0,0
-1.155796,1.504784,-0.390839,-0.874303,1.782315,0.208132,-0.188641,0,0,0,0
-1.250352,1.317986,-0.173920,-0.114381,2.148985,-0.541301,-0.849781,0,0,0,0
-1.440778,1.121589,-1.352919,-1.308999,1.537231,-0.465410,-1.348957,0,0,0,0
-1.249774,1.555037,-0.714743,-0.891628,2.269799,-0.343191,0.699072,0,0,0,0
-1.239978,1.852289,-0.820349,-1.257157,2.081329,-0.243423,-0.467785,0,0,0,0
-1.168368,1.973298,-1.065280,-1.837860,1.507221,-0.109543,-1.039749,0,0,0,0
-1.316591,1.499243,-0.929529,-1.507623,1.691431,-0.157511,-1.252290,0,1,0,0
-0.685530,1.243573,-0.097100,-0.386679,1.343760,0.208478,0.849874,0,0,0,0
-0.922198,1.039508,-0.788434,-1.022065,0.845698,-0.604350,-0.548559,0,0,0,0
-1.066428,0.892925,-0.474098,-0.692820,1.305850,-0.195181,-0.973761,0,0,0,0
-1.044516,0.616666,-1.126719,-1.497994,0.532844,-1.028972,-1.191322,0,0,0,0
-0.932081,1.205628,-0.781711,-0.755723,1.363616,-0.833681,0.718406,0,0,0,0
-1.187168,1.173992,-0.294593,0.124380,2.000996,-0.467417,-0.457694,0,0,0,0
-1.414836,0.787549,-0.222840,0.123943,2.254571,-0.343248,-1.224209,0,0,0,0
-1.203346,0.467315,-0.642162,-0.608790,1.225849,-0.744364,-1.083225,1,0,0,0
-0.804606,1.092222,-0.932138,-0.593607,1.602102,1.622968,1.129894,0,0,0,0
-1.106358,1.188762,-0.327550,-0.747037,1.986803,-1.191766,-0.429230,0,0,0,0
-1.417278,1.175927,-0.167930,0.030801,2.637978,-0.765792,-0.575832,0,0,0,0
-1.513453,1.219975,-0.787316,-0.543119,2.498225,0.247272,-0.948067,0,0,0,0
-1.249188,1.457903,-1.209185,-0.935816,2.409878,-0.062427,1.006996,0,0,0,0
-1.363257,1.166604,-1.197171,-1.359463,1.703295,-0.461224,-0.649586,0,0,0,0
-1.484813,1.283679,-1.514460,-1.938149,1.714512,-0.401549,-1.355671,0,0,0,0
-1.508997,1.309675,-1.396706,-1.634011,2.081172,-0.143478,-1.489885,0,0,0,1
0.139196,0.271437,-1.111190,-0.109045,-0.108195,0.567765,1.090292,0,0,0,0
-0.606039,0.644474,-1.385374,-0.692793,1.132901,-0.156424,-0.526505,0,0,0,0
-0.993825,0.947142,-1.210477,-0.697846,1.938265,-0.198060,1.201256,0,0,0,0
-1.131179,0.981182,-1.483351,-0.630341,1.682986,-0.559818,-0.411465,0,0,1,0
0.053086,0.256742,-1.030273,0.382161,0.070505,-0.469792,0.886283,0,0,0,0
-0.842746,0.665330,-1.431314,-0.456460,1.526390,-0.564039,-0.755252,0,0,0,0
-0.987070,1.011079,-1.131631,-0.428234,1.734006,-0.533968,0.805919,0,0,0,0
-1.272904,0.828770,-1.203229,-0.379495,1.588360,-1.013286,-0.544337,1,0,0,0
0.205767,0.453630,-0.590034,0.830920,-0.172028,-0.377940,1.067351,0,0,0,0
-0.623501,0.919507,-0.639783,-0.280483,1.327425,-0.831990,-0.662084,0,0,0,0
-0.930903,0.800102,-0.502936,0.095249,2.202598,-0.838021,0.754897,0,0,0,0
-0.770293,0.858921,-0.878634,-0.340720,1.545658,-0.667353,-0.366510,0,1,0,0
0.145289,0.339648,-0.797990,0.108454,-0.168231,-1.040309,0.980584,0,0,0,0
-0.569211,0.718545,-0.700341,-0.181282,1.023469,-0.814753,-0.813995,0,0,0,0
-0.714831,0.767253,-0.214293,-0.157150,1.350968,-1.410093,0.672691,0,0,0,0
-0.338504,0.076452,-0.077215,0.152616,0.483678,0.308535,-0.109495,0,0,0,1
1.433132,-0.695057,0.190772,0.356057,-0.496327,-0.739173,0.885882,0,0,0,0
1.145405,-1.896973,2.339119,-1.098700,0.062613,1.481243,0.435552,0,0,0,0
2.189404,0.345248,0.148642,-0.508887,-0.027777,0.113351,1.239234,0,0,0,0
1.496140,-1.747081,1.714458,-1.411781,0.484380,0.455357,1.793344,0,0,0,0
1.598561,-1.831758,3.208905,-0.123164,0.328619,1.543223,1.965147,0,0,0,0
2.342752,-1.820085,2.668541,-0.725230,0.823245,8.761749,2.898091,0,0,0,0
1.786186,-1.159600,0.603056,-1.661135,2.416721,-0.519152,1.877357,0,0,0,0
1.490858,-0.752421,1.462295,-1.951361,2.792432,-0.527866,1.527948,0,0,1,0
1.149270,-0.165032,0.284479,1.485872,-0.641750,0.882493,1.977068,0,0,0,0
0.043461,0.247317,0.199138,1.601915,0.390129,-0.890706,2.210130,0,0,0,0
-0.469501,0.284917,1.028205,1.241772,0.749813,0.307884,2.445508,0,0,0,0
-1.562998,0.712190,1.029731,0.585055,1.875349,-1.147148,2.305321,0,0,0,0
-1.604157,0.303409,1.629194,0.875947,2.226282,0.087849,2.150726,0,0,0,0
-2.210464,0.565143,1.529913,0.300111,2.544305,-0.551439,1.966590,0,0,0,0
-2.231852,0.155039,1.096356,1.083288,2.850118,-0.388328,1.750617,0,0,0,0
-2.091712,0.951420,0.692150,-0.711607,2.452407,-0.126227,1.302591,1,0,0,1
1.728878,-1.114124,1.241814,0.645274,-1.273885,-0.073114,2.144519,0,0,0,0
1.087710,-1.670428,1.329804,0.508236,-1.259177,0.039068,-0.864576,0,0,0,0
0.847988,-1.365751,1.299718,0.837106,-2.301238,0.159645,-1.009578,0,0,0,0
0.785114,-1.689299,0.876747,0.264946,-2.111146,0.051648,-1.095330,0,0,0,0
0.845606,-1.142540,1.506402,0.562907,-1.616451,-0.530816,0.707461,0,0,0,0
0.457152,-1.872628,1.483349,1.158494,-1.655170,-0.302764,-0.819836,0,0,0,0
0.414911,-1.363961,0.816417,0.790133,-1.810828,-0.537151,1.057586,0,0,0,0
0.192841,-1.246622,0.725033,1.463962,-1.559490,0.096852,-0.667636,0,0,0,0
0.224561,-1.129138,0.087983,1.998431,-1.022994,-0.797040,0.712511,0,0,0,0
-0.044867,-0.774582,0.651286,1.634131,-0.915423,0.183224,-0.880357,0,0,0,0
-0.372418,-1.172101,0.657306,3.127616,-0.449925,-0.520687,-0.498370,0,0,0,0
-0.121482,-0.492939,0.204704,1.981366,-0.507646,-0.334458,-0.048745,1,0,0,1
1.048713,-0.293964,-0.162777,2.086976,-1.331212,-1.326575,1.506170,0,0,0,0
0.275732,-0.271009,-1.034500,1.325028,-0.781028,-0.616054,-0.858310,0,0,0,0
0.008053,0.203558,-1.043518,0.409794,-0.817595,0.114631,-0.830036,0,0,0,0
-0.088892,0.455895,-1.048852,0.290319,-0.415046,-0.510918,-1.048010,0,0,0,0
-0.299473,0.766865,-1.086947,0.587052,0.731481,-1.259677,0.340457,0,0,0,0
-0.581702,0.130854,-1.279824,0.479233,0.521121,-0.214585,-0.856782,0,0,0,0
-0.707930,0.603761,-1.415534,0.340015,1.242440,-0.739276,0.676786,0,0,0,0
-0.855656,0.533504,-1.222525,0.275435,1.103825,-0.170368,-0.456316,0,0,0,0
-0.785896,0.696190,-1.578637,0.247615,1.542953,-1.030048,0.624185,0,0,0,0
-1.122143,0.926087,-1.712233,-0.288221,1.710264,0.612634,-0.639388,0,0,0,0
-1.263751,1.178579,-1.388935,-0.471073,1.899293,0.530447,-0.715034,0,0,0,0
-0.309111,0.745527,-0.049151,-0.707260,1.092509,-0.341366,0.411166,0,0,1,1
1.123674,-0.084291,-0.047327,1.816439,-1.112958,2.083848,1.629203,0,0,0,0
0.234634,-0.040886,-1.138000,0.270574,-0.550489,-0.015043,-0.772315,0,0,0,0
0.053476,1.099429,-1.267520,-0.616157,-0.023648,0.673856,-0.932890,0,0,0,0
-0.438418,1.394604,-1.970029,-1.561310,0.565987,0.458884,-1.119855,0,0,0,0
0.253636,1.061859,-0.685995,-0.382249,0.081997,0.257014,1.126836,0,0,0,0
-0.224133,1.556097,-1.261304,-0.481298,0.341579,0.353599,0.568830,0,0,0,0
-0.529492,1.682580,-1.439962,-1.089631,1.262912,-0.558884,0.985023,0,0,0,0
-0.693076,2.018707,-1.605086,-2.043312,1.095339,-0.911394,0.792434,1,0,0,1
1.018583,0.062813,-0.389182,0.673077,-1.497878,0.557157,1.505416,0,0,0,0
0.210995,0.400934,-0.771215,-0.095041,-1.116103,0.116571,-0.866499,0,0,0,0
-0.267270,0.978401,-1.168710,-0.837394,-0.732941,0.647514,-1.378868,0,0,0,0
-0.781761,1.424860,-0.805827,-1.142355,0.040731,0.205715,-1.154417,0,0,0,0
-0.737863,1.463983,-1.139286,-0.818638,0.294660,-0.838783,0.319901,0,0,0,0
-1.250790,1.355213,-0.582307,-0.933237,0.829298,-0.087375,-0.377384,0,0,0,0
-1.218728,1.591215,-0.880429,-0.736462,1.596071,-0.168330,0.938371,0,0,0,0
-1.414780,1.844128,-0.236228,-1.619972,0.950317,0.133040,-1.173194,0,0,0,0
-0.891251,0.460844,-0.546357,-0.309971,0.129194,-0.517453,0.513896,0,0,0,0
-1.230040,1.386922,-0.021212,-0.537970,1.068699,0.112544,-0.009972,0,0,0,0
-1.840419,1.630981,1.145512,-0.597211,1.079571,-0.186396,-0.553460,0,0,0,0
-1.770580,1.484531,0.643693,-0.611703,1.365510,-1.012462,-0.065128,1,0,0,1
0.799212,-0.261290,0.178005,1.837541,-1.486567,-1.074961,1.484830,0,0,0,0
-0.076182,0.145355,-1.212212,-0.342384,-0.993002,-0.114985,-1.113178,0,0,0,0
-0.360032,1.312232,-0.833578,-0.876533,-0.753853,0.289795,-1.023644,0,0,0,0
-0.902299,1.395360,-0.404604,-0.703491,0.296262,-0.380108,-1.142254,0,0,0,0
-0.947155,1.399472,-0.432598,-0.041064,0.535704,-0.066656,0.220022,0,0,0,0
-1.384826,1.367590,0.027821,-0.281195,0.680348,-0.543038,-0.435879,0,0,0,0
-1.530289,1.831858,-0.726079,-1.422416,1.407848,-0.440836,0.924193,0,0,0,0
-1.481728,1.089117,0.494959,-0.921592,0.860795,-0.220397,-1.037139,0,0,0,0
-1.000555,0.335966,-0.465561,0.456136,0.751637,-1.230743,0.561591,0,0,0,0
-1.481521,0.927192,0.264304,-0.010195,0.885239,0.047861,-1.244419,0,0,0,0
-2.135686,1.008767,1.026980,-0.269520,1.051642,-0.486512,-0.995219,0,0,0,0
-0.650069,0.632021,0.757637,-0.501657,0.166855,0.257605,0.333410,1,1,0,0
0.822198,-0.336010,-0.111947,1.652896,-1.005087,-1.694429,1.413534,0,0,0,0
0.127542,-0.011589,-0.650404,0.721777,-0.739983,0.004801,-0.789592,0,0,0,0
-0.110854,0.983075,-0.576738,-0.132685,-0.318395,-0.187437,-0.760655,0,0,0,0
-0.545811,1.430985,-0.966887,-0.842259,0.020764,-0.383496,-1.226589,0,0,0,0
-0.446826,2.027944,-0.555237,-1.022402,0.231953,-0.594809,1.036253,0,0,0,0
-0.776198,2.072640,-0.445103,-0.453550,1.029583,-0.795222,0.854406,0,0,0,0
-0.994182,2.113180,-0.330186,-0.798877,1.237586,-0.862062,0.843106,0,0,0,0
-1.086803,2.000679,-1.092353,-1.409047,1.325550,-0.704766,0.335540,0,1,0,1
1.358289,-0.666824,0.584940,1.144904,-1.395652,0.018295,1.669613,0,0,0,0
0.573894,-0.832875,0.526674,0.883626,-1.609935,0.327435,-1.015148,0,0,0,0
0.535898,-0.567723,0.494959,0.084181,-1.113079,-0.163635,-1.102047,0,0,0,0
0.478279,-0.285982,0.579232,0.022172,-1.697197,0.491439,-1.051806,0,0,0,0
0.178235,-0.275252,1.048073,0.392455,-0.862850,-0.533528,0.562193,0,0,0,0
0.024345,-0.739691,0.933069,-0.138256,-0.811386,-0.036283,-0.810405,0,0,0,0
-0.067887,-0.625847,0.939107,0.231437,-0.857513,-0.902421,1.055983,0,0,0,0
-0.201206,-0.204943,1.033278,0.097427,-0.867507,-0.921063,-0.689597,0,0,0,0
-0.358867,-0.216760,0.609434,0.621584,-0.484345,-1.197578,0.810807,0,0,0,0
-0.593373,-0.166596,0.661678,0.143263,-0.412641,-0.292387,-0.338835,0,0,0,0
-1.263960,-0.328809,1.551028,0.606223,-0.618565,-0.757624,-0.964604,0,0,0,0
-1.001642,0.451207,1.351553,-0.409816,-0.753951,-0.523763,-0.412697,0,1,0,1
0.911342,-0.279175,0.124878,1.812723,-1.542997,-1.126726,1.457468,0,0,0,0
0.121322,0.219336,-0.692352,0.165720,-1.022976,-0.985378,-1.098048,0,0,0,0
-0.504193,0.599150,-0.336365,0.036407,-0.678708,-0.670073,-1.090798,0,0,0,0
-0.573162,0.899995,-0.192413,-0.487728,-0.531579,0.026527,-1.192606,0,0,0,0
-0.719879,1.350285,-0.118920,-0.126279,0.508793,-0.710435,0.407461,0,0,0,0
-1.185341,1.017873,-0.214803,-1.072275,0.354132,-0.178332,-0.699097,0,0,0,0
-1.296709,1.415944,-0.138357,-0.797754,1.027180,0.478264,0.716026,0,0,0,0
-1.262473,1.166137,0.715965,-0.356229,0.739028,-0.553196,-0.922385,0,0,0,0
-0.997142,0.323947,-0.028164,0.217436,0.254048,-0.637455,0.654091,0,0,0,0
-1.446295,1.063233,0.692573,0.606947,1.359846,0.110909,-0.130934,0,0,0,0
-2.065681,1.074591,1.541741,0.497848,1.131571,-0.886168,-0.707460,0,0,0,0
-0.965740,1.012814,0.633771,-0.269891,0.456288,-1.176872,0.255125,0,1,1,0
0.804235,-0.471448,0.044255,1.746800,-1.262530,-1.030401,1.256787,0,0,0,0
0.335533,0.072917,-0.349697,0.812333,-0.994918,-0.499644,-0.960332,0,0,0,0
-0.034770,1.064291,-1.091329,-0.575054,-0.345237,0.766085,-1.009715,0,0,0,0
-0.469093,1.327102,-1.693538,-1.209511,0.270178,0.548055,-1.276071,0,0,0,0
-0.471031,1.293369,-0.545508,0.142191,0.432232,0.162881,1.105351,0,0,0,0
-0.620225,1.696363,-1.132902,-0.676894,1.105801,-0.162685,0.476025,0,0,0,0
-0.840739,1.806536,-0.989041,-0.976643,1.249030,-0.140839,1.074586,0,0,0,0
-0.787009,2.321409,-0.803504,-1.261155,1.388703,-0.956735,0.894852,1,0,1,0
0.993492,-0.224259,-0.485522,1.467139,-0.870162,-0.224968,1.125157,0,0,0,0
0.109394,0.150756,-0.650410,1.010223,-0.165964,-0.382286,-0.590195,0,0,0,0
-0.418081,0.863526,-0.815071,-0.717494,-0.747532,-0.332055,-1.248817,0,0,0,0
-0.795905,1.444620,-0.867499,-0.576350,0.482440,-0.528541,-1.167377,0,0,0,0
-0.531799,0.750283,-0.478186,-0.017457,0.204745,-0.117374,0.268034,0,0,0,0
-1.238468,1.035453,-0.318967,-0.370545,0.485813,-0.005568,-0.997069,0,0,0,0
-1.464626,1.407826,-0.242308,-0.176354,1.594362,-0.654611,0.852517,0,0,0,0
-1.726594,1.888837,-0.065517,-1.095195,2.035064,-0.479157,-1.000418,0,0,0,0
-1.450231,0.951900,-0.545241,0.056875,1.200559,-0.599017,0.619933,0,0,0,0
-1.886932,1.129850,-0.300750,-0.808949,1.088766,-0.628060,-0.706607,0,0,0,0
-2.340391,1.464798,1.294463,-0.030933,1.699550,-0.669463,-0.608941,0,0,0,0
-2.090666,1.645205,0.242503,-1.123288,2.227514,-0.186365,-0.220604,1,0,1,0
1.055366,-0.190400,-0.272442,1.185182,-1.367349,-0.740612,1.595023,0,0,0,0
0.447249,0.267240,-0.871464,0.072890,-1.097149,-0.722847,-0.780949,0,0,0,0
-0.067985,0.666623,-0.665812,-0.011861,-0.777329,-0.286288,-0.612115,0,0,0,0
-0.158918,1.059605,-0.723100,-0.868348,-0.093754,0.469015,-0.475992,0,0,0,1
1.199025,-0.112908,-0.045473,1.601879,-0.978000,-0.547926,0.780629,0,0,0,0
0.337569,0.367898,-0.176903,0.218421,-0.805435,-1.130989,0.705416,0,0,0,0
-0.120277,0.769492,-0.554638,-0.959506,0.105540,-1.058954,0.664918,0,0,0,0
-0.295348,0.701677,-0.594696,-0.945462,0.680707,-0.817069,1.137222,0,1,0,0
1.049038,-0.386926,-0.508305,1.127404,-0.854931,-1.504847,1.025183,0,0,0,0
0.271362,0.177440,-0.778416,-0.181621,-0.621087,-0.897139,0.644147,0,0,0,0
-0.221523,0.450239,-0.739929,-0.692661,0.011216,-0.441076,0.935334,0,0,0,0
-0.102881,0.912884,-0.250929,-0.803563,0.088608,-1.076232,1.149605,0,0,1,0
1.081367,0.059820,-0.603995,0.861340,-1.068515,-1.417188,1.286288,0,0,0,0
0.268156,0.144629,-0.936997,0.861183,-0.451497,-1.542120,0.888436,0,0,0,0
-0.160765,0.798889,-0.525753,-0.017242,-0.219771,0.331118,1.315218,0,0,0,0
-0.372702,1.321581,-0.501366,-0.340126,0.423927,-0.826638,0.902538,1,0,0,0
1.145008,-0.134560,-0.030681,1.748869,-0.932097,1.468468,1.347155,0,0,0,0
0.314529,0.274191,-0.723109,0.222942,-0.513725,-0.242765,0.953292,0,0,0,0
1.176484,-0.066954,-0.242496,1.640671,-0.948344,-0.189689,1.448576,0,0,0,0
0.393434,0.485729,-0.806593,0.216985,0.082528,-1.099849,1.257972,0,0,1,1
1.531324,-0.455068,0.343088,0.740709,-1.571879,0.833725,1.048575,0,0,0,0
0.994677,-0.445232,-0.186347,0.232641,-1.626046,0.305479,-0.477275,0,0,0,0
0.694234,-0.252861,0.609620,0.070808,-1.700309,0.145783,-0.463402,0,0,0,0
0.592713,-0.046412,0.858385,0.424271,-1.633794,0.443427,-0.363928,0,0,0,0
0.358949,-0.542689,0.103079,0.271359,-0.970595,-0.534246,0.677659,0,0,0,0
0.229301,-0.556978,0.513829,0.787472,-0.053306,0.012115,-0.161881,0,0,0,0
0.132490,-0.775892,0.494493,0.010256,-0.178950,-0.505007,1.045634,0,0,0,0
-0.158313,-0.310283,0.581742,-0.267956,-0.884824,-0.317297,-1.076005,0,0,0,0
-0.379222,-0.063771,0.422562,0.035018,-0.147363,-0.960173,0.497023,0,0,0,0
-0.595898,0.214373,1.032898,0.063234,-0.193905,-0.581302,-0.951815,0,0,0,0
-1.185717,-0.047396,1.648775,0.223136,-0.256117,-0.641044,-0.838545,0,0,0,0
-0.997341,0.531162,1.537750,-0.428913,-0.092773,-0.580602,-0.480677,0,0,1,1
1.014792,-0.172590,0.195929,1.690176,-1.788846,-1.032619,1.541490,0,0,0,0
0.191774,0.226604,-1.105080,-0.520884,-1.396414,-0.194403,-0.957853,0,0,0,0
-0.323861,0.789294,-0.852610,-1.225891,-1.370706,-0.527824,-0.904641,0,0,0,0
-0.555731,1.035816,-0.167970,-0.553030,-0.147442,-0.794458,-1.084766,0,0,0,0
-0.461986,0.969824,-0.000881,0.122108,-0.105967,-0.889047,0.376158,0,0,0,0
-1.047830,0.740573,-0.160332,-0.624623,-0.108213,-0.421495,-1.308548,0,0,0,0
-1.283847,1.017224,-0.449208,-0.455299,1.052070,-0.401325,0.511865,0,0,0,0
-1.309143,1.203589,0.529675,-0.426155,0.760091,-0.579916,-0.724538,0,0,0,0
-1.430490,1.116416,-0.477195,-0.866605,1.389382,-1.458868,0.532089,0,0,0,0
-1.804420,1.644576,0.359175,-1.214574,1.686454,-0.354140,-0.327337,0,0,0,0
-2.378550,1.587053,1.443128,-0.944791,1.633876,-0.733739,-0.976999,0,0,0,0
-0.849575,0.720485,0.609589,-0.515811,0.083984,-0.255508,0.093853,0,1,1,0
0.830085,-0.388802,0.134599,2.108098,-0.911017,-1.047272,1.425397,0,0,0,0
0.260959,0.561233,-0.041035,0.553620,-1.026443,0.043905,-0.835407,0,0,0,0
-0.211973,1.152405,-0.528540,0.017491,-0.053677,0.607463,-0.938491,0,0,0,0
-0.491239,1.582982,-0.765047,-0.898942,-0.114653,0.619843,-1.266425,0,0,0,0
-0.036208,0.594703,0.057551,0.669800,-0.153304,1.026954,1.072588,0,0,0,0
-0.366509,1.534345,-0.187670,0.291295,0.092189,-0.282052,0.756184,0,0,0,0
-0.770147,1.579535,-0.338136,0.094285,0.953412,-0.281390,0.810847,0,0,0,0
-1.174765,1.900583,-0.290895,-0.875951,1.282263,-0.519031,0.465945,1,1,0,0
0.972773,-0.195160,-0.170056,1.952921,-0.781601,0.268682,1.572837,0,0,0,0
0.163041,0.117145,-0.854686,0.778671,-0.313843,-0.436576,-1.010751,0,0,0,0
-0.549170,0.593494,-0.800364,-0.128557,0.038760,-0.106930,-1.449504,0,0,0,0
-0.809211,1.438543,-0.512386,0.186989,1.109612,-0.282903,-1.144614,0,0,0,0
-0.953273,1.328420,-0.474961,-0.168118,0.464032,-0.802671,0.167223,0,0,0,0
-1.552328,1.389833,-0.362450,-0.142628,1.403166,-0.312960,-0.798874,0,0,0,0
-1.608877,1.573161,-0.706061,-0.639277,1.962917,-0.434517,0.976157,0,0,0,0
-1.926099,1.730246,-0.127932,-0.938031,2.390553,0.295993,-0.900552,0,0,0,0
-0.924846,0.429402,-0.391576,0.367340,0.640035,-0.528779,0.688671,0,0,0,0
-1.452166,0.952208,-0.423580,-0.753489,1.022288,0.000620,-1.016783,0,0,0,0
-2.149909,1.130659,1.121418,-0.104686,1.374024,-0.258305,-0.931050,0,0,0,0
-2.118791,1.520902,0.346756,-1.047534,1.928334,-0.691344,-0.569315,1,1,0,0
0.759337,-0.151430,-0.177549,1.073843,-1.559615,-1.269221,1.373349,0,0,0,0
-0.003233,0.104418,-0.847638,0.625536,-0.715653,-0.460435,-1.231288,0,0,0,0
-0.523348,0.826949,-0.728554,-0.137632,0.036214,0.208339,-1.029731,0,0,0,0
-0.850274,1.268590,-0.512574,-0.463061,0.268958,-0.479065,-1.236132,0,0,0,0
-0.825916,1.578183,-0.922186,-0.341544,1.103994,-0.952097,0.375209,0,0,0,0
-1.483150,1.305816,0.045178,-0.027920,0.938310,0.175493,-0.509282,0,0,0,0
-1.488915,1.654570,-0.756697,-0.503372,1.836294,-0.140553,0.708329,0,0,0,0
-1.461368,1.253661,0.485079,-0.225833,1.299699,0.381189,-1.132855,0,0,0,0
-0.933237,0.374211,-0.221873,0.308133,0.132876,-0.570457,0.537615,0,0,0,0
-1.437471,0.848339,0.049480,0.117982,0.947955,0.374537,-0.308616,0,0,0,0
-2.207318,0.692035,1.041334,0.626709,1.497337,-0.576413,-1.149611,0,0,0,0
-0.853636,0.740575,0.801908,-0.199030,0.535130,-0.667192,0.122048,0,1,1,0
0.903386,-0.321958,-0.298609,1.636086,-1.013232,-1.481505,1.370940,0,0,0,0
0.056646,0.330476,-0.872502,0.192419,-0.413657,1.174803,-0.956345,0,0,0,0
-0.108729,1.160845,-1.159134,-1.076561,-0.303242,-0.076558,-0.921085,0,0,0,0
-0.280875,1.665424,-1.264015,-1.167219,0.258667,-0.276421,-1.109202,0,0,0,0
-0.501704,1.835824,-0.427560,-0.633829,0.651582,0.193874,0.949073,0,0,0,0
-0.714550,1.886546,-0.720734,-0.897808,1.240529,-1.008818,0.776741,0,0,0,0
-0.908605,2.055294,-0.805893,-1.037696,1.719680,-0.292989,0.693339,0,0,0,0
-0.953213,2.216619,-0.616637,-1.772910,1.207874,-0.311053,0.571297,0,1,0,1
1.444970,-0.690870,0.872397,0.908158,-1.262857,0.616519,1.787860,0,0,0,0
0.659214,-0.794659,-0.302780,0.185378,-1.444450,-0.180251,-1.103402,0,0,0,0
0.465739,-0.495858,0.274068,0.473856,-1.522006,0.843406,-1.087096,0,0,0,0
0.344051,-0.443982,0.503687,0.166727,-1.768760,0.233173,-1.155841,0,0,0,0
0.265735,-0.206751,0.612922,0.314710,-0.770920,-0.225588,0.796460,0,0,0,0
0.052170,-0.723014,0.541853,-0.157278,-0.905131,0.082376,-0.326838,0,0,0,0
-0.028814,-0.630436,1.145816,0.017642,-0.909414,-0.367082,1.273776,0,0,0,0
-0.211745,-0.271126,0.854886,0.085104,-0.944028,-0.325239,-0.899013,0,0,0,0
-0.498047,-0.332807,0.397363,0.544885,0.001496,-0.720698,0.855283,0,0,0,0
-0.575430,0.285126,0.977566,-0.183590,-0.415121,-0.995558,-0.657723,0,0,0,0
-1.277201,-0.178067,1.760909,0.261496,-0.462531,-0.882769,-0.567555,0,0,0,0
-1.082859,0.443079,1.600992,-0.110931,-0.230449,-0.487174,-0.055863,0,1,0,1
0.991310,-0.442018,-0.118616,1.672187,-1.432635,-0.891519,1.410488,0,0,0,0
0.270318,0.013638,-0.637626,-0.223179,-1.770513,0.220480,-0.991842,0,0,0,0
-0.236318,0.741506,-0.592959,-0.407929,-0.624778,-0.585947,-1.134337,0,0,0,0
-0.566833,1.187140,-0.314777,-0.456401,-0.218612,-0.364128,-1.100722,0,0,0,0
-0.713301,1.374037,-0.079119,-0.070250,0.342408,-1.302794,0.357360,0,0,0,0
-1.173566,0.890477,0.290922,-0.162998,0.810296,-0.208537,-0.873227,0,0,0,0
-1.162249,1.391427,0.032908,-0.583263,1.112283,-0.700984,0.776284,0,0,0,0
-1.392326,1.307767,0.582268,-0.443567,0.878159,-0.435775,-0.648362,0,0,0,0
-1.199212,0.926191,-0.622076,-0.177537,0.715716,-1.459572,0.644347,0,0,0,0
-1.561983,1.304774,0.077230,-0.260607,1.200498,0.730896,-0.889093,0,0,0,0
-2.136565,1.368229,1.381699,0.329329,1.318774,-0.740833,-0.456736,0,0,0,0
-1.009739,0.738865,0.741391,-0.014223,0.436442,-0.704527,0.441832,1,0,0,1
0.817520,-0.191441,-0.254442,1.311853,-1.794497,-1.539751,1.377444,0,0,0,0
0.076805,0.369668,-0.710464,0.658952,-0.614920,-0.119050,-0.893298,0,0,0,0
-0.491537,1.109294,-1.002809,-0.678199,0.376138,-0.096993,-1.174654,0,0,0,0
-0.812808,1.170651,-1.424561,-0.661537,1.133202,-0.001807,-1.306384,0,0,0,0
-0.106151,0.514652,-0.220189,0.702554,0.058811,1.044473,1.040379,0,0,0,0
-0.488316,1.242288,-0.783368,0.210880,0.899471,-0.683512,0.342779,0,0,0,0
-0.809683,1.595968,-0.528634,-0.294951,1.365922,-0.253736,1.075394,0,0,0,0
-1.216111,1.639629,-0.821949,-0.783723,2.096053,-0.226490,0.537108,1,0,1,0
1.237269,-0.907513,0.709199,1.583029,-1.058885,-0.355929,1.913501,0,0,0,0
0.376943,-0.805401,0.831329,1.669683,-0.366961,-1.160844,1.125569,0,0,0,0
0.320571,-0.362948,0.442998,0.791306,-0.852291,0.252633,0.273409,0,0,0,0
0.118138,-0.140115,0.679120,0.113544,-0.819675,0.656468,-0.250520,0,0,0,0
1.283327,-0.612250,1.021547,1.444412,-1.206950,0.134479,0.947332,0,0,0,0
0.560477,-0.717019,0.824716,1.066599,-1.025748,-0.333378,-0.073864,0,1,0,0
1.063219,-0.379908,0.508329,1.765538,-1.391664,-0.994616,1.261818,0,0,0,0
0.302853,-0.775668,0.013658,0.971588,-0.796580,-0.276577,-0.614669,0,0,0,0
0.236211,-0.564896,0.637092,1.133619,-0.371999,-0.227305,-0.064436,0,0,0,0
-0.034411,-0.693415,0.795904,0.213470,-0.193017,0.517919,-0.278033,0,0,0,0
1.204475,-0.564282,0.706883,0.971870,-1.374559,-0.263919,1.076466,0,0,0,0
0.387212,-0.556183,0.776638,1.096942,-0.570318,-0.742340,0.459935,0,0,1,0
1.092976,-0.611180,0.128137,1.979561,-0.926089,-1.208227,1.836051,0,0,0,0
0.682385,-0.448193,-0.328970,0.677372,-0.955697,-0.252842,-0.185637,0,0,0,0
0.330977,-0.307556,0.276817,0.280119,-0.861019,0.317209,-0.192891,0,0,0,0
0.431169,-0.341616,0.491585,-0.294703,-0.527704,0.354878,0.268751,0,0,0,1
1.424732,-0.645563,1.309295,0.440268,-0.584664,-0.911230,1.202135,0,0,0,0
0.600763,-0.453964,0.274003,0.648659,-0.943875,-0.809642,-0.275683,0,0,0,0
2.154975,-0.061268,0.093595,0.977371,-1.549449,0.005810,1.399608,0,0,0,0
0.792791,-0.459050,0.440231,1.459593,-1.339670,-0.449590,0.094059,0,0,0,0
0.521541,-0.169041,0.049468,-0.243205,-1.032965,-0.288335,-0.851330,0,0,0,0
1.324182,-0.139441,0.138497,1.726618,-0.606520,11.208562,1.762126,0,0,0,0
0.573243,-0.573577,0.193303,1.166731,-0.848239,0.183121,-0.361741,0,0,0,0
0.571776,-0.720407,1.050464,-0.044130,-0.870223,0.185433,-0.120057,1,0,0,0
1.310137,-0.802238,0.793195,1.207790,-1.199424,-1.257682,0.986994,0,0,0,0
0.903518,-0.569490,0.224599,1.130180,-1.639691,0.518195,-0.592791,0,0,0,0
0.531351,-0.902317,-0.045045,0.306166,-1.692360,-0.072923,-0.981424,0,0,0,0
0.572133,-1.132845,-0.163139,0.684332,-1.686404,0.038420,-1.151659,0,0,0,0
0.411792,-1.284570,-0.209927,-0.045368,-2.237618,-0.312666,-1.350337,0,0,0,0
0.265266,-1.888075,-0.256190,1.218181,-1.031622,0.075407,-1.143971,0,0,0,0
0.154697,-1.982024,0.268248,1.249353,-1.550223,-0.336327,-1.317031,0,0,0,0
0.223518,-2.229816,0.001718,1.490967,-1.469214,1.292680,-1.317542,0,0,1,1
1.775732,-1.979478,1.773229,-0.237953,-1.524556,3.353961,-0.399056,0,0,0,0
1.346442,-2.240623,1.390824,0.385429,-1.573405,1.172155,-0.328265,0,0,0,0
1.245361,-2.005085,1.207290,1.096686,-1.801736,0.197948,-0.469303,0,0,0,0
1.128210,-1.784723,0.451905,1.138464,-1.509754,-0.053763,-0.540301,0,0,0,0
1.212977,-1.270630,0.554628,1.131882,-2.026545,1.560236,-0.447300,0,0,0,0
1.125365,-1.474661,0.954027,0.889980,-2.320912,-0.197213,-0.578768,0,0,0,0
1.068204,-1.133683,0.010168,0.562486,-2.154051,0.586648,-0.792878,0,0,0,0
0.818615,-0.947148,-0.213084,0.859233,-2.169488,-1.066434,-0.798240,0,0,0,1
0.821815,-0.714969,0.015700,1.509580,-1.819015,0.313350,-0.261141,0,0,0,0
0.580492,-0.747958,0.088990,1.082278,-1.632542,0.019951,-0.046837,0,0,0,0
0.573841,-0.799078,-0.647927,1.500809,-1.185665,0.243286,-0.434389,0,0,0,0
0.656424,-0.208321,-0.317391,1.344592,-1.260599,1.004602,-0.355903,0,0,0,0
0.735266,-0.323832,-0.559711,0.924867,-1.275420,-0.691473,-0.184478,0,0,0,0
0.599051,0.085876,-0.194283,1.356058,-1.040845,-0.275394,0.018469,0,0,0,0
0.569431,-0.080412,-0.619228,1.136034,-0.553935,-0.026818,0.061143,0,0,0,0
0.299572,0.012646,-0.879542,0.801017,-0.269817,-0.166670,-0.061211,0,0,1,0
0.633098,0.508645,0.013084,0.768386,-0.211664,0.683057,-0.021301,0,0,0,0
0.619426,0.680325,-0.180287,0.316742,-0.129809,-0.095664,-0.197099,0,0,0,0
0.646149,0.262648,-0.306020,-0.087730,-0.533531,0.410342,-0.772840,0,0,0,0
0.197733,0.263174,-0.971780,0.248158,-0.168362,-0.397545,-0.918398,0,0,0,0
0.451035,0.301118,-0.193691,-0.145111,-0.185370,0.298363,-0.716077,0,0,0,0
0.313466,0.467856,-1.287994,-0.534806,-0.071030,-0.019207,-0.836684,0,0,0,0
0.401542,0.085167,-1.022611,-1.334400,-0.639535,0.156471,-0.805676,0,0,0,0
0.420085,0.851958,-0.779219,-0.788112,-0.563886,-0.085817,-0.461932,0,0,1,0
0.467294,0.553742,-0.382973,-0.313817,-0.076511,-0.237726,-0.265837,0,0,0,0
0.187069,0.821755,-0.431836,-0.755544,0.063391,-0.189778,-0.106626,0,0,0,0
0.350871,0.382677,-0.081451,-0.890614,-0.070643,-0.154169,-0.179832,0,0,0,0
0.237837,0.827011,-0.550020,0.115388,0.532375,0.196029,-0.050271,0,0,0,0
0.475717,0.814443,-0.384605,-1.368065,-0.040181,1.160368,-0.062797,0,0,0,0
0.280476,1.188336,-0.958960,-0.927234,-0.150420,0.221081,0.121850,0,0,0,0
0.413996,0.649459,-0.051985,-1.355180,0.288965,0.713640,-0.110213,0,0,0,0
0.249399,0.961694,-0.496353,-1.163622,-0.123155,-0.105757,-0.177258,0,1,0,0
1.351442,-0.681135,0.997385,-1.456372,-0.132165,2.018199,-0.064329,0,0,0,0
0.811239,-0.293265,0.450139,0.100825,-1.160845,0.018539,-0.568688,0,0,0,0
0.789410,-0.326574,-0.168813,-0.496268,-1.806176,0.102474,-0.937109,0,0,0,0
0.833282,-0.196138,-0.194619,-0.254957,-1.255794,-0.378653,-0.594953,0,0,0,0
0.672407,-0.434577,0.254215,0.595967,-0.994781,-0.314170,-0.795700,0,0,0,0
0.588906,-0.455000,0.000572,-0.011128,-0.835764,0.399834,-0.279761,0,0,0,0
0.743612,-0.425021,0.323852,0.076166,-0.458092,0.991871,-0.596302,0,0,0,0
0.542502,0.132452,-0.066946,-0.199883,-0.630299,-0.738655,-0.551662,0,1,0,0
0.443876,0.138429,-0.082132,0.033633,-0.385442,0.165869,-0.560462,0,0,0,0
0.359706,0.447206,-0.244500,-0.481592,0.285986,0.165725,-0.365654,0,0,0,0
0.484762,0.377550,-0.057261,-0.029153,-0.234201,0.960111,-0.182491,0,0,0,0
0.258380,0.412473,-0.435639,-0.699357,0.487369,-0.423242,-0.154123,0,0,1,0
0.605521,-0.134322,0.049642,-1.265156,0.566208,0.367937,-0.258419,0,0,0,0
0.019610,0.282209,-0.561885,-0.161219,0.613817,-0.063819,-0.165512,0,0,0,0
0.288886,0.486357,-0.312739,-0.812518,-0.163871,1.050962,-0.408832,0,0,0,0
0.104294,0.909628,-0.325898,-0.085416,0.853303,0.327213,-0.264093,1,0,0,0
0.391075,0.187939,-0.267003,-0.273940,-0.071408,0.436260,-0.670229,0,0,0,0
-0.197378,0.381867,0.097421,-0.806951,0.334620,0.038116,-1.094399,0,0,0,0
0.268301,0.668379,-0.300230,0.000048,0.776840,1.283363,-0.726915,0,0,0,0
0.019690,1.216633,0.154553,-1.386497,-0.173310,-0.063041,-0.741040,0,0,0,0
0.237175,0.509559,0.203076,-0.598536,-0.852503,0.055251,-0.901841,0,0,0,0
-0.091471,0.897925,0.097475,-1.007317,-0.035363,0.432402,-0.813773,0,0,0,0
0.076364,0.759094,-0.586043,-0.382845,0.275045,-0.182232,-0.801637,0,0,0,0
-0.211332,0.851079,-0.592065,-0.926649,0.437135,0.589727,-1.004155,1,0,0,0
0.050840,0.304518,-0.171243,-0.697715,-0.559782,-0.026895,-1.015196,0,0,0,0
-0.146499,0.725466,-0.938244,-0.761031,0.028470,-0.382613,-1.035274,0,0,0,0
-0.083807,0.392375,-1.087430,-0.849309,0.381693,0.247353,-0.995493,0,0,0,0
-0.195025,0.926439,-0.534565,-0.720712,-0.260297,-0.198945,-0.928573,0,0,0,0
0.397163,0.196734,-0.455948,-0.795139,-0.225014,0.193326,-0.966941,0,0,0,0
-0.206180,0.667404,-0.491795,-1.056175,-0.070278,-0.650899,-0.996107,0,0,0,0
-0.131434,0.330928,-1.014131,-1.059178,0.331453,1.788249,-0.883511,0,0,0,0
-0.104575,0.301664,0.044986,-0.858713,0.486250,1.122041,-0.902847,0,0,0,1
1.178262,-0.735288,0.460636,-1.248894,-0.837679,1.854631,-0.652423,0,0,0,0
0.743985,-0.870511,0.177084,-0.414732,-0.765019,-0.014370,-0.785884,0,0,0,0
0.810504,-0.246009,-0.027474,-0.051030,-1.666343,0.422324,-0.808659,0,0,0,0
0.593582,-0.483468,-0.053688,-0.027835,-1.833583,-0.257682,-0.840410,0,0,0,0
0.758096,-0.480543,0.290858,-0.455716,-0.595565,0.668520,-0.668830,0,0,0,0
0.585932,-0.402826,0.247440,0.192781,-1.287712,-0.333847,-0.888958,0,0,0,0
0.668131,-0.646369,-0.156207,-1.285130,-1.263905,0.491848,-1.015303,0,0,0,0
0.320835,-0.291593,-0.587065,-1.035869,-1.440575,0.461037,-1.115427,0,0,0,1
0.615815,-0.582892,0.234017,-0.753292,-0.276506,0.392158,-0.842624,0,0,0,0
0.215852,-0.020333,-0.512403,-0.617884,-0.355297,0.204740,-0.884558,0,0,0,0
0.346912,0.476063,0.020696,-0.960393,-0.817666,0.405673,-0.796655,0,0,0,0
0.000592,0.392390,-0.580087,-1.564294,-0.889598,-0.386205,-1.121967,0,0,0,0
0.247411,-0.201985,-0.218778,-0.913916,-0.774496,-0.067666,-1.044475,0,0,0,0
0.100721,0.318601,-0.591196,-1.836913,-1.658083,0.116950,-1.118563,0,0,0,0
0.251337,0.554116,-0.677258,-1.203191,-0.416689,0.360808,-1.041174,0,0,0,0
-0.250866,0.571311,-0.350694,-1.123762,-0.241175,0.294500,-1.146079,0,1,0,0
0.599522,0.446486,-0.062809,-0.848243,0.160265,2.198107,-0.465263,0,0,0,0
0.141423,0.764007,-0.191709,-0.585784,0.109481,0.044059,-0.619723,0,0,0,0
0.363354,0.600495,-0.022044,-1.042088,-0.300734,-0.272982,-0.731402,0,0,0,0
0.213839,1.195117,-0.532422,-0.782630,0.094277,1.047134,-0.475899,0,0,0,0
0.279525,0.464441,-0.198668,-0.292968,0.272372,0.741966,-0.634551,0,0,0,0
0.054794,0.596433,0.496988,-0.071332,0.718102,0.051281,-0.313923,0,0,0,0
0.334477,0.653132,-0.184148,-0.877336,0.175954,0.477534,-0.825738,0,0,0,0
-0.088259,1.081841,-0.337428,-0.892128,0.208600,0.209071,-0.463829,0,1,0,0
0.252746,0.488488,0.312524,0.002342,0.761835,-0.045284,-0.313525,0,0,0,0
0.189588,0.897312,0.389851,-1.268775,0.655019,1.477283,-0.104172,0,0,0,0
0.226679,0.765819,-0.002270,-0.475541,0.086378,0.484869,-0.226167,0,0,0,0
0.074123,1.262285,-0.292296,-1.021738,-0.136490,-0.041573,0.020473,0,0,0,0
0.213815,0.583664,0.272701,-0.072720,0.042275,0.034021,-0.013557,0,0,0,0
0.006859,0.834748,-0.015852,-0.358662,0.382279,-0.075539,0.017621,0,0,0,0
0.041440,0.104356,-0.104482,-0.587686,0.437331,0.971948,-0.250550,0,0,0,0
0.069964,1.036220,-0.284591,-0.474389,0.228954,0.426670,-0.431814,0,0,1,0
1.227785,-0.539025,0.916871,-0.707181,-0.841249,1.266320,-0.187099,0,0,0,0
0.869784,-0.063886,0.446268,0.028372,-1.154850,-0.751823,-0.232011,0,0,0,0
0.992209,-0.343045,0.437189,-0.170156,-1.140467,0.625189,-0.333237,0,0,0,0
0.688144,-0.152643,0.544788,0.931271,-1.416010,0.019627,-0.518873,0,0,0,0
0.662595,-0.235115,0.551522,1.122108,-0.561940,0.145383,-0.468031,0,0,0,0
0.735445,-0.044250,0.486614,0.670801,-0.596482,0.317295,-0.377317,0,0,0,0
0.693311,-0.361126,0.692980,0.040745,-0.960373,0.334523,-0.492650,0,0,0,0
0.611783,0.296703,0.560103,0.395433,-0.879890,-0.667559,-0.325553,0,0,1,0
0.539369,0.354544,0.230106,0.369929,-0.631161,-0.266611,-0.376648,0,0,0,0
0.265415,0.495292,0.178967,0.090180,-0.148568,0.207627,-0.370252,0,0,0,0
0.314693,0.254862,-0.050195,-0.073648,0.010372,0.327071,-0.315063,0,0,0,0
0.145578,0.686992,0.479124,0.545910,-0.207885,-0.314729,0.191584,0,0,0,0
0.272703,0.447322,0.217996,0.625985,-0.181884,0.062935,-0.092587,0,0,0,0
0.094005,0.712419,-0.228953,0.229478,0.371708,0.853603,0.065025,0,0,0,0
0.382010,0.815292,-0.021167,-0.742136,0.035785,1.118245,-0.003654,0,0,0,0
0.389049,0.997173,-0.004802,-0.183342,0.221387,-0.134010,0.158856,1,0,0,0
1.042551,-0.396683,1.388203,0.773343,-0.352317,-0.662565,1.435496,0,0,0,0
0.759083,0.089866,1.108992,0.946700,-0.730276,-0.366087,0.974072,0,0,0,0
0.593513,-0.457385,0.409899,0.759851,-0.911032,-0.200805,0.345529,0,0,0,0
0.819740,0.012324,0.214370,0.466609,-0.792027,0.218891,0.485333,0,0,0,1
0.531083,-0.039476,0.831943,1.016525,-0.331356,-0.772774,1.236486,0,0,0,0
0.440573,0.071815,0.937064,-0.470037,-0.023710,-0.168380,0.009013,0,0,0,0
0.932296,-0.732348,1.196325,-0.025584,-0.382148,0.321088,0.139259,0,0,0,0
0.699489,-0.290342,0.465778,0.726235,-0.658650,0.281088,1.667190,0,0,1,0
1.269478,-0.322599,-0.110644,1.361396,-1.133349,-1.331377,0.895585,0,0,0,0
0.878713,-0.123914,0.647497,0.931618,-0.786445,-0.648187,0.593979,0,0,0,0
1.148169,-0.045084,0.214976,0.708018,-1.145832,-1.559106,1.953587,0,0,0,0
0.835993,-0.336680,0.758652,-0.373230,-0.298592,-0.359084,0.333893,0,1,0,0
1.312514,-1.201773,0.185384,0.234464,-0.578533,-1.203788,1.607941,0,0,0,0
1.087453,0.009943,0.490446,0.716901,-1.176851,-0.477848,1.882287,0,0,0,0
1.118528,-0.543347,-0.039548,1.462676,-0.665495,0.419597,1.827338,0,0,0,0
0.777359,-0.317456,0.066589,0.632088,-1.330044,0.574007,0.182620,1,0,0,1
1.252295,-0.880097,1.612348,0.333160,-0.112570,1.155993,1.587783,0,0,0,0
0.850091,-0.525236,0.624791,0.816651,-1.494482,-0.799332,-0.042390,0,0,0,0
1.288990,-1.647389,2.188753,-0.377230,-0.286648,0.821215,0.732968,0,0,0,0
0.730886,-0.328922,0.429154,-0.053285,-1.193670,0.027457,-0.679541,0,0,0,0
1.164065,-0.429729,0.480671,1.726732,-1.140074,0.139278,0.912535,0,0,0,0
0.904892,-0.164531,0.390344,1.046255,-1.072460,0.900663,0.040241,0,0,0,0
1.164526,-1.662469,1.935261,-0.847111,-0.530424,1.382952,1.160580,0,0,0,0
0.544688,0.039590,0.042340,-0.183574,-1.527427,-0.336437,-0.770552,1,0,0,0
0.441120,-0.084280,0.049530,0.077338,-0.744160,-0.262310,0.848075,0,0,0,0
0.268195,0.000141,-0.227614,-0.262331,-0.689452,1.141554,0.148609,0,0,0,0
1.079328,-1.348934,2.029260,-1.296983,-0.468101,0.144758,0.373663,0,0,0,0
0.140888,0.413890,-0.051678,-0.512113,-0.299827,-0.308811,-0.067498,0,0,0,1
1.176380,0.227212,0.187967,1.173566,-1.121754,-1.185577,2.111594,0,0,0,0
0.459851,0.414942,-0.318407,0.397969,-1.154186,-0.654278,-0.030456,0,0,0,0
1.101806,-0.928744,1.809504,-1.011526,-0.324466,0.093450,1.212978,0,0,0,0
0.080478,0.786918,-0.395942,-0.330729,-0.074551,-0.256149,-0.129538,1,0,0,0
0.299879,0.700352,0.731263,0.665366,0.289832,-0.631306,0.546945,0,0,0,0
0.098720,1.137101,0.662613,-0.096125,0.385639,-0.014667,0.187233,0,0,0,0
1.041291,-1.059713,1.826349,-1.173015,0.292425,0.710838,1.194254,0,0,0,0
0.164697,0.760952,-0.303220,-1.415988,-0.193895,-0.449903,-0.325568,0,0,0,0
0.998906,0.011406,-0.082376,1.472253,-0.718149,-1.133141,1.013211,0,0,0,0
0.484762,0.296428,-1.136165,-0.155304,-0.498194,-0.235033,-0.562063,0,0,0,0
0.952088,-1.040907,1.306371,-1.199204,-0.227925,0.044682,0.403565,0,0,0,0
0.133284,0.712720,-0.683887,-0.760128,0.211814,-0.622178,0.024536,0,0,0,1
0.265739,0.819276,-0.066160,-0.102111,0.331349,-0.806263,0.934083,0,0,0,0
0.091921,0.670809,-0.035536,0.236614,0.523926,-0.477548,0.027170,0,0,0,0
0.993602,-0.940031,1.442133,-0.965367,0.406732,-0.309893,0.704494,0,0,0,0
0.210757,0.469168,-0.244511,-0.035392,-0.158199,-0.468234,0.444060,1,0,0,0
0.946050,0.087173,-0.333268,0.746749,-1.144209,-1.351040,1.553522,0,0,0,0
0.632899,0.489187,-0.273518,0.306096,-0.239889,-0.264209,0.538053,0,0,0,0
1.200921,-1.145900,2.094633,-1.813047,-0.092290,2.985656,1.772762,0,0,0,0
0.076286,0.771840,0.072834,-0.939381,0.098528,-0.023946,-0.281624,0,0,1,1
1.149237,-0.357961,1.506701,0.168448,-0.266850,0.688337,1.766784,0,0,0,0
0.748496,-0.176265,0.951086,0.572013,-1.010800,-0.516151,-0.127902,0,0,0,0
1.339567,-1.272628,2.133719,-0.458687,-0.427804,0.841281,1.195053,0,0,0,0
0.830708,-0.291802,0.183636,0.913599,-0.282177,-0.090384,-0.149389,0,0,0,0
1.198738,-0.279675,0.301309,1.896795,-0.770460,0.255001,1.813787,0,0,0,0
0.864319,-0.300765,0.367898,0.697321,-0.615236,0.110482,-0.102750,0,0,0,0
1.362040,-1.363680,1.899054,-0.613291,0.230946,2.123404,0.962118,0,0,0,0
0.549014,-0.107319,0.314549,0.718334,-0.495013,0.584343,-0.572989,0,1,0,0
0.460830,0.423086,0.383804,0.398823,-0.461741,-0.005690,1.044667,0,0,0,0
0.123588,0.195908,0.577976,0.145012,0.095767,0.032098,0.040876,0,0,0,0
1.079397,-0.923858,2.219083,0.209165,-0.068852,1.455324,1.513956,0,0,0,0
0.113876,0.396407,0.369334,0.035250,0.216400,-0.460595,0.041910,0,0,1,0
1.087893,-0.727209,0.266296,1.237036,-0.125678,-0.411913,1.097193,0,0,0,0
0.584690,-0.198842,-0.042761,0.620539,0.428293,-0.245677,0.260421,0,0,0,0
0.971382,-1.292982,1.308938,-1.059141,0.359963,0.954675,1.537326,0,0,0,0
0.645573,-0.309631,0.029335,-1.398143,0.771732,1.259989,-0.172399,0,1,0,0
0.524081,0.323766,0.366917,-0.341972,0.197391,-0.135304,0.614621,0,0,0,0
0.121634,0.599629,0.023806,-0.578870,0.805980,0.299856,-0.274842,0,0,0,0
0.960740,-1.050963,1.481991,-0.127877,0.768399,-0.114427,0.911170,0,0,0,0
0.301416,0.931352,-0.112100,-0.734379,0.747557,0.409314,-0.011413,0,0,0,0
1.059251,0.035099,0.094964,1.240583,-0.859836,-1.161152,1.085718,0,0,0,0
0.547053,0.381984,-0.451792,0.105152,-0.644866,-0.223927,-0.526744,0,0,0,0
0.954120,-0.678789,1.446190,-0.509725,-0.191239,0.150828,0.930288,0,0,0,0
0.149428,0.898041,-0.249354,-0.935079,-0.082194,-0.095477,-0.480262,0,0,1,0
0.334543,0.523947,-0.336898,-0.516367,0.335108,-0.899163,0.730720,0,0,0,0
0.011800,0.653624,0.032658,-0.717696,0.724131,-0.197101,-0.306578,0,0,0,0
0.964214,-0.857794,1.321165,-1.427875,0.279256,0.019789,0.808689,0,0,0,0
0.352613,0.513291,-0.977655,-1.457922,-0.956304,-0.190940,-0.050456,0,1,0,0
1.173593,-0.356308,0.285145,0.488156,-0.165217,-1.229114,1.284024,0,0,0,0
0.438957,-0.159449,0.444932,-0.037086,0.213401,-0.064824,0.816421,0,0,0,0
1.094053,-0.872588,1.370660,-0.727856,0.590534,-0.007769,0.551321,0,0,0,0
0.276020,0.758885,0.358590,-0.649677,0.294721,-0.328581,1.338964,1,0,0,1
1.676816,-0.854205,0.850118,0.578644,-0.231119,1.106799,1.034326,0,0,0,0
1.061761,-0.445146,-0.061364,0.398875,-1.021036,-0.084915,-0.416332,0,0,0,0
1.464589,-1.178000,1.927407,-0.938770,-0.651323,2.108922,0.912354,0,0,0,0
0.758564,-0.278429,0.432612,0.308780,-1.349327,0.088286,-0.348136,0,0,1,0
1.123378,-0.411038,0.672249,1.311116,-0.282859,0.096103,1.589654,0,0,0,0
0.678971,-0.486444,-0.293110,0.058188,-1.486191,0.528012,-0.534465,0,0,0,0
1.218686,-1.547970,1.815986,-1.202542,-0.448754,2.018012,0.771905,0,0,0,0
0.644498,-0.470778,0.001716,-0.764736,-0.524750,0.209231,-0.504761,0,1,0,0
1.128810,-0.095384,-0.262614,0.998478,-0.602623,-0.056418,1.320848,0,0,0,0
0.507888,-0.035604,-0.569235,-0.205372,-1.082441,0.028373,-0.589640,0,0,0,0
1.202234,-1.271683,1.415804,-1.339049,-0.203085,1.128784,0.913555,0,0,0,0
0.198681,0.436437,0.403559,-0.438095,-0.011818,-0.318159,-0.558236,0,0,0,0
1.136972,-0.233410,0.584186,0.813464,-0.286433,-0.773850,1.391350,0,0,0,0
0.635985,0.110762,-0.106995,-0.577536,-0.834703,-0.316588,-0.342737,0,0,0,0
1.001051,-1.104693,1.443534,-0.596434,-0.224955,1.011838,0.792922,0,0,0,0
0.121430,0.523322,-0.002342,-1.102147,-0.127176,0.427506,-0.568233,1,0,0,1
1.407773,-0.941336,0.644847,1.096831,-0.641247,0.180586,1.045195,0,0,0,0
0.850168,-0.876488,0.633740,1.209207,-0.579507,-0.776862,-0.408547,0,0,0,0
1.422717,-1.178936,1.717057,-0.654044,-0.234834,0.985611,0.792149,0,0,0,0
1.150074,0.347977,0.462457,-0.007116,-1.360185,0.123635,0.235144,0,1,0,0
1.250256,-0.254194,0.255480,1.928214,-0.799100,-1.093265,1.276884,0,0,0,0
1.051354,-0.587869,0.311117,0.301917,-0.716145,-0.170731,-0.199144,0,0,0,0
1.336355,-1.233845,1.568115,-0.924683,-0.195294,0.552548,0.840542,0,0,0,0
0.775386,0.360857,0.178313,0.084499,-1.174787,0.427027,0.319864,0,0,1,0
1.469752,-0.205268,0.313842,0.018690,-0.673789,-1.696463,1.021670,0,0,0,0
0.819386,-0.264237,0.794285,-0.172819,-0.583231,0.052071,0.266477,0,0,0,0
1.139845,-1.101011,1.489226,-0.458857,0.341443,-0.562903,1.264754,0,0,0,0
0.556809,0.633658,-0.318791,-0.223888,-0.703504,-0.072802,0.487756,0,0,0,0
1.136358,0.202950,-0.204642,1.021113,-1.140456,-0.917752,1.168434,0,0,0,0
0.651372,0.275940,0.001914,-0.015518,-0.327766,-0.272239,0.387358,0,0,0,0
1.168189,-0.820301,1.805466,-0.897227,-0.310832,-0.217891,1.120907,0,0,0,0
0.356995,0.704225,0.210006,0.446601,0.293653,-0.499348,-0.227700,1,1,0,0
1.574742,-0.815311,0.938230,1.213569,-0.346391,1.017768,1.522116,0,0,0,0
1.131814,-0.288872,0.262246,0.836893,-1.183269,0.488085,0.026439,0,0,0,0
1.694331,-1.491874,1.051019,-0.131799,-0.134730,2.532372,1.450869,0,0,0,0
1.084574,-0.350847,-0.085755,0.798559,-1.556094,-0.101683,0.094865,0,0,0,1
1.200161,-0.507602,0.089848,2.034192,-0.416692,0.269487,1.618321,0,0,0,0
1.047964,-0.231038,-0.002996,0.364236,-1.130472,-0.213315,-0.215913,0,0,0,0
1.842635,-1.181673,1.283120,-1.118864,-0.667981,1.219680,1.254221,0,0,0,0
0.915200,0.069871,0.265662,0.945159,-0.960451,-0.668354,-0.059828,0,0,1,0
1.204421,-0.101839,0.114129,1.794703,-0.688736,-0.547767,1.373911,0,0,0,0
0.805322,-0.038965,0.140200,0.486238,-0.885524,-0.585232,0.168922,0,0,0,0
1.823818,-1.178840,1.025602,-0.228115,0.173036,0.525601,1.270363,0,0,0,0
0.741047,-0.019197,-0.032232,0.657073,-0.560589,-0.585669,0.216628,0,1,0,0
1.055435,-0.323890,0.247989,1.225823,-0.487349,-1.126155,1.697674,0,0,0,0
0.821726,-0.001818,-0.124009,0.104657,0.252109,-0.061883,0.071755,0,0,0,0
1.595468,-0.997172,1.201937,-0.049749,0.132577,-0.225520,1.828910,0,0,0,0
0.936853,0.185886,0.255149,-0.587463,-0.850741,-0.041419,0.345192,1,0,0,1
1.670855,-0.701526,0.541526,0.744257,-0.469002,-0.020487,1.550614,0,0,0,0
1.511940,-0.342470,-0.089204,1.436908,-0.943392,-0.371788,0.712676,0,0,0,0
1.431837,-0.328690,0.169310,1.610735,-0.763538,-0.503736,1.421501,0,0,0,0
1.303482,-0.039442,0.136388,0.788858,-1.221870,-0.194366,0.798299,0,1,0,0
1.599063,-0.251873,0.515676,0.687512,-0.315236,-1.263792,1.722601,0,0,0,0
1.481288,-0.590366,0.217285,0.980208,-0.732495,-0.302810,1.020918,0,0,0,0
1.607694,-0.590121,0.139182,0.992670,-0.768159,-1.230302,0.631903,0,0,0,0
1.417961,-0.627531,0.840835,-0.166768,-0.972564,0.385481,1.525106,0,0,1,0
1.574140,-0.912522,-0.089268,1.061944,-1.058811,-0.816488,1.574583,0,0,0,0
1.863795,-0.789155,0.909210,0.338847,-0.885525,-0.688928,1.114363,0,0,0,0
1.692885,-0.928848,0.442035,1.240414,-0.347703,-1.249462,1.633018,0,0,0,0
1.518738,-1.038947,0.530217,0.695027,-1.143668,0.225488,1.283982,0,0,0,1
1.654858,-1.318285,0.806032,1.158341,-1.367626,-0.811768,1.441767,0,0,0,0
1.642641,-1.498972,1.114445,1.379507,-0.696671,-0.430600,2.142776,0,0,0,0
2.008288,-1.579668,1.208777,0.011206,-0.971830,-0.936544,0.527892,0,0,0,0
1.721869,-1.679046,1.452069,-0.346303,-0.677378,0.346311,2.283631,1,1,0,0
1.922331,-1.694430,1.879724,-0.130150,-1.079166,0.635484,0.398570,0,0,0,0
1.314378,-1.873810,2.005706,0.984149,-1.271081,0.255481,0.123764,0,0,0,0
1.449000,-2.324751,2.158941,0.475596,-0.761457,0.692894,0.702981,0,0,0,0
1.099720,-1.619869,1.527138,1.614050,-1.889826,-0.461670,-0.491786,0,0,0,0
1.502875,-1.340383,1.480248,1.880375,-0.736245,0.963219,1.165161,0,0,0,0
1.274586,-1.153301,0.609547,1.722172,-1.675546,0.513117,0.164353,0,0,0,0
1.235370,-2.126270,1.913261,0.545579,-0.985087,1.081532,1.218834,0,0,0,0
0.659018,-1.053705,0.247341,1.564609,-1.607868,-0.449603,-0.751804,0,0,0,0
0.541267,-0.956378,0.520745,2.043329,-1.350994,0.008259,1.100632,0,0,0,0
0.418995,-0.953987,0.016533,1.441631,-1.331445,-0.446067,-0.394658,0,0,0,0
1.020921,-2.120577,1.650901,0.785194,-0.082555,0.300040,0.297321,0,0,0,0
0.384602,-0.534101,0.395840,2.453076,-1.009549,-0.661277,0.066297,0,0,0,1
1.030020,-0.528794,0.122364,2.291253,-0.710753,-0.616530,2.135007,0,0,0,0
0.701227,-0.267495,-0.144016,1.600898,-0.759114,-0.092586,0.175725,0,0,0,0
1.096020,-1.513651,1.619211,-0.291280,0.029602,0.351609,1.060002,0,0,0,0
0.202783,-0.048840,-0.686599,0.953992,-0.136698,0.108959,0.269893,0,1,0,0
0.766228,0.400207,-0.216247,0.694682,0.356694,-0.050860,0.793735,0,0,0,0
0.336010,0.704391,-0.376918,0.813832,0.352314,-0.537638,-0.177411,0,0,0,0
1.320155,-0.552013,0.396934,-0.501466,0.060872,0.886601,1.091632,0,0,0,0
0.394250,0.467258,-0.449807,0.514738,0.172742,-0.843058,-0.129858,0,0,1,0
1.034847,0.111614,-0.207213,1.315778,-0.869012,-0.985468,0.933563,0,0,0,0
0.667560,0.479786,-0.778155,0.693333,-0.294788,0.090153,0.040162,0,0,0,0
1.336628,-0.755458,0.948276,-1.931881,0.053094,0.044613,0.883915,0,0,0,0
0.264031,0.431428,-1.240836,-0.896369,-0.017262,-1.250450,-0.298717,1,0,0,0
0.446889,0.706690,-0.987976,-0.800569,-0.351859,0.111975,0.633836,0,0,0,0
0.248110,0.604900,-0.627266,-0.450027,0.705521,0.063867,-0.018427,0,0,0,0
1.225406,-1.084114,0.931115,-1.569744,0.443705,1.005278,0.733220,0,0,0,0
0.177336,0.385036,-0.581220,-0.706739,-0.443407,-0.815357,0.296154,0,1,0,0
1.090904,0.044482,-1.007195,0.539753,-1.166281,-1.194443,1.636824,0,0,0,0
0.636274,0.265131,-0.111813,-0.013679,-0.053632,-0.892973,0.266941,0,0,0,0
1.077913,-0.772592,1.264952,-1.411950,0.483951,0.089707,1.559714,0,0,0,0
0.572707,0.028851,0.944548,-1.399287,0.166150,-0.174949,0.429153,0,0,1,1
1.297977,-0.423821,1.032753,-0.623404,-0.242472,1.071129,1.718841,0,0,0,0
0.742013,-0.363598,0.353384,0.163091,-1.163671,-0.675146,-0.460838,0,0,0,0
1.349278,-1.453974,1.501329,-0.926375,-0.415179,2.420454,1.133205,0,0,0,0
0.787661,-0.312784,-0.156343,0.408185,-0.607078,-0.324845,-0.495427,0,0,0,0
1.336662,-0.173442,0.204852,1.496888,-1.176071,0.696146,1.483509,0,0,0,0
0.821928,-0.412767,-0.010896,0.522914,-1.139147,0.113373,-0.910790,0,1,0,0
1.384002,-1.456194,1.931736,-0.830530,0.266557,1.471385,1.032926,0,0,0,0
0.551973,-0.138461,-0.113127,-0.106928,-0.905246,-0.310134,-0.107646,0,0,0,0
0.401538,0.248611,0.220116,-0.118090,-0.904688,-0.531376,1.110123,0,0,0,0
0.141005,0.474745,-0.047168,-0.466240,-0.632554,0.150824,-0.336048,0,0,0,0
1.336612,-0.816781,1.612039,-1.005162,-0.130901,1.687781,1.371529,0,0,0,0
0.275952,0.381691,-0.070856,-0.008872,0.018589,-0.557172,0.025903,0,0,1,0
1.026067,-0.031847,-0.612801,0.985908,-0.646177,-0.683827,1.183853,0,0,0,0
0.244203,0.442848,-0.191883,0.385832,-0.385244,-0.384625,-0.015860,0,0,0,0
0.884014,-1.148778,1.938864,-0.296967,0.360394,0.444494,1.516202,0,0,0,0
0.096222,1.023383,0.178311,-0.186102,0.520751,-0.242691,-0.004347,0,0,0,0
0.158745,0.598857,0.540670,0.397473,0.465506,-0.637063,0.822023,0,0,0,0
-0.449645,0.977363,-0.002296,0.165018,0.692637,-0.057628,-0.472734,0,0,0,0
0.720169,-1.017867,2.118166,-0.329987,0.526215,0.691417,0.962458,0,0,0,0
-0.260839,0.743172,0.188990,0.202629,0.652226,0.423724,-0.166989,1,0,0,0
1.099035,-0.132933,-0.512678,1.011144,-0.248287,-1.199363,1.073619,0,0,0,0
0.272444,0.111938,-0.162055,0.227791,-0.022416,-0.917695,-0.450936,0,0,0,0
1.147744,-0.738852,1.196247,-0.545506,0.228946,0.468212,0.820753,0,0,0,0
-0.426914,0.498489,-0.005321,-0.482929,-0.228223,-0.651369,-0.970942,0,0,0,1
0.158040,0.483709,-0.620405,-0.860744,-0.153760,-0.553415,0.548908,0,0,0,0
-0.221717,0.867266,-0.085036,-1.085576,-0.105050,-0.212926,-0.408864,0,0,0,0
0.601941,-1.204523,2.007506,-0.126971,0.235964,-0.200408,0.845229,0,0,0,0
0.096477,0.268514,0.060103,-0.604423,-0.594770,-0.065205,-0.075775,0,1,0,0
0.998238,-0.204686,-0.554652,1.221791,-0.807541,-1.462765,1.070742,0,0,0,0
0.431530,0.142457,-0.842015,0.552351,-0.239707,-0.876827,0.422435,0,0,0,0
0.679255,-1.436170,1.363692,-0.749470,0.285238,-0.026125,1.297239,0,0,0,0
0.330593,-0.259958,1.206202,-0.658243,0.548422,-0.703061,0.564363,0,0,1,1
1.316449,-0.330567,0.470199,-0.904044,-0.986296,1.342985,1.318127,0,0,0,0
0.862400,-0.660599,-0.329913,0.189029,-0.608890,-0.251936,-0.819495,0,0,0,0
1.370228,-1.368656,1.766062,-0.757465,-0.410780,2.095208,0.859452,0,0,0,0
0.744457,-0.374513,-0.182447,0.204143,-1.140344,0.461867,-0.673471,0,0,0,0
1.209650,-0.294719,0.689212,0.888182,-0.750631,0.309360,1.501429,0,0,0,0
0.834677,-0.439413,-0.433759,0.692139,-0.605902,1.163239,-0.415494,0,0,0,0
1.343701,-1.247943,1.912763,-1.804867,-0.972558,1.053245,1.012443,0,0,0,0
0.532698,0.016364,-0.378068,-0.732584,-1.083973,-1.068893,-0.517357,1,1,0,0
0.553391,0.109774,0.482695,-0.073983,-0.325981,-0.560237,1.293992,0,0,0,0
0.459589,0.577004,-0.748125,-0.679365,-0.576048,-0.260417,-0.455052,0,0,0,0
1.162081,-1.115452,1.423380,-1.255065,0.004621,1.246593,0.964239,0,0,0,0
0.245468,0.392344,-0.953676,-0.964512,-0.246921,-0.368729,-0.738964,0,0,0,0
1.117325,-0.148949,-0.429315,1.099288,-0.260666,-0.612255,1.214720,0,0,0,0
0.434779,0.124914,-0.984040,-0.212872,-0.996626,-0.099343,-1.025906,0,0,0,0
1.134441,-1.041717,1.631502,-1.510927,-0.090254,0.964586,0.828368,0,0,0,0
-0.018418,0.834987,-0.687048,-1.298424,-0.062576,-0.770384,-0.761454,0,0,0,1
0.480424,1.187667,0.098634,-0.044309,0.079591,0.325670,0.843144,0,0,0,0
0.198862,1.386710,-0.664699,-0.214151,0.017389,-0.305827,-0.334533,0,0,0,0
1.100805,-0.929574,1.202184,-0.731905,0.289359,0.028381,0.594387,0,0,0,0
0.363681,1.205544,-0.604501,-0.358576,0.255119,-0.071783,-0.095698,0,0,0,0
0.963868,0.061539,-0.027193,2.000608,-0.430240,-1.134296,1.043294,0,0,0,0
0.580661,0.537579,-1.426219,0.102462,-0.545387,-0.330681,-0.429162,0,0,0,0
1.150625,-0.914395,1.736139,-1.156897,0.309739,0.471050,0.887290,0,0,0,0
0.323388,1.035849,-1.412585,-1.241235,0.057907,-0.485652,-0.385950,1,0,0,0
0.351611,1.076791,-0.406463,-0.376879,0.072688,-0.882244,0.918210,0,0,0,0
-0.008247,0.885013,-1.082002,-0.453788,0.578450,-0.437834,-0.342629,0,0,0,0
0.912588,-0.821346,1.354720,-0.744307,0.136259,-0.640177,1.286872,0,0,0,0
0.383707,0.710841,-1.147980,-0.532818,0.131022,-0.526471,0.554621,0,0,0,0
0.940256,0.037829,-0.712348,0.900205,-0.519422,-1.092016,1.210654,0,0,0,0
0.579745,0.444568,-0.957561,0.138008,-0.153305,-0.499797,0.148735,0,0,0,0
0.919028,-1.161925,1.457554,-0.861537,0.411003,0.615023,1.190908,0,0,0,0
0.821077,0.288653,0.294991,-1.656071,0.528148,0.005806,0.097130,0,0,1,1
1.112010,-0.422855,-0.046313,-0.139265,-0.327556,-0.255268,0.734775,0,0,0,0
0.613847,-0.362215,0.380326,0.497907,-0.261933,-0.499866,0.077420,0,0,0,0
1.602350,-1.120711,1.426605,-0.639972,-0.059440,3.002854,1.260278,0,0,0,0
0.709887,-0.336961,0.098594,1.289008,-0.543516,-0.307508,-0.530257,0,1,0,0
1.272325,-0.519715,0.268875,1.154014,-0.982119,1.060580,1.374090,0,0,0,0
0.825715,-0.392517,0.399915,1.227523,-0.709108,-0.152911,-0.088616,0,0,0,0
1.422247,-1.522483,1.267775,-1.705312,-0.054661,1.872261,1.026921,0,0,0,0
0.494444,-0.237155,-0.220740,0.523017,-0.612969,-0.392085,-0.715808,1,0,0,0
0.550292,0.074917,-0.855460,-0.133077,0.106837,-0.463468,0.577567,0,0,0,0
-0.025803,0.154494,-0.288888,-0.367545,0.022432,-0.945626,-0.318509,0,0,0,0
1.363739,-0.969504,1.274193,-1.506335,0.266620,3.142816,0.680308,0,0,0,0
0.350873,0.687251,-0.729995,-0.681819,0.094372,-0.628730,-0.002502,0,0,0,1
1.092406,-0.016929,-0.133608,1.447191,-0.479833,-1.134132,1.876346,0,0,0,0
0.249495,0.194604,-0.381386,1.118521,-0.382147,-0.146030,0.069522,0,0,0,0
1.208781,-1.136848,1.238102,-1.534692,0.405316,1.533291,1.810072,0,0,0,0
0.207059,0.698084,-0.611092,0.056011,0.542436,-0.258401,0.085391,1,1,0,0
0.906940,-0.801112,0.987613,0.691240,0.493710,0.229525,1.450279,0,0,0,0
0.324506,-0.392001,1.247988,1.414983,-0.280004,-0.144300,1.048892,0,0,0,0
0.912101,-0.170163,-0.280290,0.720772,-0.327561,0.453439,0.328565,0,0,0,0
0.776277,-0.136232,0.149395,1.140086,-0.535332,-0.802960,0.906532,0,0,0,0
0.651670,0.069389,0.199026,0.340772,-0.414833,-0.651457,0.602451,0,0,0,0
0.149553,0.163800,1.305265,0.733148,0.311586,-0.526385,1.070386,0,1,1,0
1.180728,-0.530978,0.220789,-0.725903,-0.668132,-0.127345,0.369562,0,0,0,0
0.918304,-0.037224,-0.020682,0.731613,-0.548741,-0.413258,0.888618,0,0,0,0
0.705080,-0.325307,0.601351,1.730976,-0.613076,-0.627530,0.608631,0,0,0,0
0.374764,-0.352581,1.074825,1.366022,-0.127683,-0.474047,1.771201,0,0,0,0
0.667371,0.063406,-0.207992,-0.311754,-0.379489,0.006297,0.198131,0,0,0,0
0.571576,-0.079492,0.357461,-0.440481,0.284148,-0.857748,0.618235,0,0,1,0
0.923003,-0.640241,0.964084,0.503208,-0.398438,-1.139130,1.500965,0,0,0,0
0.400148,-0.327765,1.047626,0.578099,-0.994959,-0.798668,1.681740,0,0,0,0
0.538456,-0.221873,0.707373,1.049118,-1.094892,-0.662866,0.957355,0,0,0,0
0.563739,-0.640234,0.996383,0.125548,-0.775992,-0.694401,1.629623,1,0,0,1
1.134610,-0.611685,1.140775,0.588686,-0.547275,0.261613,0.443731,0,0,0,0
0.743269,-0.668199,0.801746,1.589051,-1.100700,-0.741465,0.395773,0,0,0,0
1.053286,-1.853025,2.717337,0.555954,-0.028960,2.211674,0.961579,0,0,0,0
0.401496,-0.707103,0.883527,0.984179,-0.858455,-0.237235,-0.864739,0,0,0,0
1.115731,-0.253331,0.613937,1.597651,-0.944159,0.854468,1.026088,0,0,0,0
0.682920,-0.437188,0.437132,0.431869,-1.398064,-0.088324,-0.607168,0,0,0,0
1.010255,-1.826812,2.606269,-0.405393,-0.277409,1.530731,0.904162,0,0,0,0
0.239766,-0.351480,0.488858,0.171478,-1.232982,-0.401021,-0.906943,0,0,0,0
0.245583,-0.047220,0.810081,0.096390,-1.204434,-0.123706,1.075395,0,0,0,0
-0.099272,0.048063,0.148900,0.374105,-0.715175,-0.786217,-0.567125,0,0,0,0
0.730123,-1.731246,2.036024,-0.535684,-0.121456,1.128309,0.387257,0,0,0,0
-0.229331,0.349577,0.605461,0.039468,-0.908821,0.209450,0.101272,0,0,0,0
0.840710,-0.219006,0.367912,1.533533,-1.264781,-0.286038,2.216526,0,0,0,0
0.491563,0.351496,-0.224306,0.297912,-1.130302,0.421132,-0.318197,0,0,0,0
0.690470,-1.452156,2.203177,-1.218248,-0.879948,0.950617,1.039213,0,0,0,0
-0.202140,0.830367,0.169521,-0.508053,-0.775436,-0.832754,-0.115860,0,1,0,0
0.371912,1.083560,0.030412,0.061449,0.311519,0.264499,0.578494,0,0,0,0
-0.205006,1.341513,0.667311,0.064160,0.426962,-0.263686,-0.116668,0,0,0,0
1.051235,-1.003568,2.402307,-0.707496,0.005017,0.598650,1.202607,0,0,0,0
-0.179181,0.865605,0.277389,-0.088016,0.085361,-0.466729,0.005981,0,0,0,1
0.976401,0.097244,-0.086745,1.212709,-1.086682,-1.398441,1.265098,0,0,0,0
0.362170,0.514677,-0.065767,0.062557,-0.688834,0.040347,-0.567914,0,0,0,0
1.206317,-0.748573,1.301604,-1.487663,-0.302945,0.609312,0.579282,0,0,0,0
-0.115172,0.934876,-0.018077,-0.693210,-0.063848,-0.546802,-0.294130,0,0,1,0
0.302087,0.971211,-0.538783,-0.482337,0.454245,-0.484964,0.637070,0,0,0,0
-0.310308,1.066520,-0.294255,0.324083,0.481468,-0.704576,0.182184,0,0,0,0
1.055505,-0.613265,1.424899,-0.826420,-0.126285,0.635117,0.935821,0,0,0,0
-0.076833,0.867579,0.565265,0.676825,0.009024,-0.743663,0.417332,1,0,0,0
0.933257,-0.110170,-0.328642,0.931096,-1.349741,-0.997230,1.484891,0,0,0,0
0.260103,0.210781,-0.397758,0.159397,-0.678929,-0.652460,0.250820,0,0,0,0
1.004222,-0.585510,1.729598,-1.075113,-0.429558,0.863513,1.309515,0,0,0,0
0.248336,-0.324186,1.090696,-0.547386,0.800324,-0.474100,0.399970,0,1,0,1
1.105793,-0.151569,0.888504,0.630477,-0.379987,-0.218285,1.367593,0,0,0,0
0.603676,-0.467177,0.716870,1.024855,-1.281454,-0.471124,-0.077391,0,0,0,0
1.045000,-1.808041,1.918503,-0.172700,0.079158,2.257417,1.329654,0,0,0,0
0.593233,-0.694742,0.195206,0.478373,-0.559814,-0.290226,-0.275333,0,0,0,0
1.306954,-0.182030,0.116195,1.582347,-0.970660,0.348878,1.591149,0,0,0,0
0.829896,-0.637684,-0.287052,0.720334,-0.700383,-0.588272,-0.741908,0,0,1,0
1.410437,-1.349616,1.836036,-0.983410,-0.123907,1.577164,0.983556,0,0,0,0
0.264959,-0.324785,0.121136,0.149193,-0.207293,-0.141695,-0.273631,0,0,0,0
0.251568,-0.059495,0.090728,0.350291,-0.444720,0.403736,0.913857,0,0,0,0
-0.041436,0.070509,-0.584628,-0.461549,-0.491095,0.317064,-0.422339,0,0,0,0
1.202660,-1.224934,1.785549,-1.158542,0.190221,2.625352,1.454895,0,0,0,0
0.099303,0.496648,0.001081,0.139812,0.131177,-0.154117,0.181078,1,0,0,0
1.013921,0.020637,-0.166665,1.134646,-0.886643,-0.253163,1.356881,0,0,0,0
0.264083,0.153555,-0.265496,0.983469,0.338135,-0.841920,0.045228,0,0,0,0
0.826730,-1.334371,2.274152,-0.534628,0.551139,0.682739,1.354207,0,0,0,0
-0.199621,0.517100,0.098975,-0.312422,0.339086,-0.335767,-0.280313,0,0,0,0
0.046605,0.515719,0.836368,0.605062,0.347601,-0.245675,0.465024,0,0,0,0
-0.667536,0.706924,-0.088775,0.445320,0.642262,-0.177111,-0.876620,0,0,0,0
0.849350,-1.005552,2.023432,-0.561638,0.188595,1.505525,0.564341,0,0,0,0
-0.277005,0.873183,0.132042,-0.361082,0.098985,0.124754,-0.466999,0,0,0,1
1.151030,-0.139517,-0.424860,1.214777,-0.346020,-0.892824,1.144865,0,0,0,0
0.294482,0.193716,-0.456040,0.457514,-0.406107,-0.120995,-0.393259,0,0,0,0
1.046527,-1.069779,1.484128,-0.939813,0.824342,1.557894,0.847010,0,0,0,0
-0.345744,0.600013,-0.001659,-0.198551,0.185506,-0.509206,-0.556177,0,1,0,0
0.229466,0.439958,-0.399868,-0.299349,0.428442,0.281970,0.732513,0,0,0,0
-0.314325,1.092115,-0.281231,-0.118783,0.281266,-0.341566,-0.381127,0,0,0,0
0.731334,-1.126524,1.669342,-1.307799,0.329683,-0.191501,0.912507,0,0,0,0
-0.197796,0.551209,-0.171467,-0.409334,-0.102926,-0.452292,-0.255058,0,0,1,0
1.197504,0.234765,-0.610397,0.663528,-0.794558,-0.741061,1.151617,0,0,0,0
0.248526,0.360203,-0.180615,0.470090,-0.228656,-1.277819,0.813659,0,0,0,0
0.834308,-1.067586,1.381202,-0.235764,0.366417,-0.247085,0.803722,0,0,0,0
0.516460,-0.181824,0.527942,-0.200273,0.348354,-0.835804,1.083414,1,0,0,1
1.438246,-0.688045,0.056331,1.003814,-0.494019,-1.079916,0.714074,0,0,0,0
1.031072,-0.442271,-0.196005,1.073640,-0.647984,0.508044,-0.239846,0,0,0,0
1.460102,-1.374407,1.729202,-0.727698,-0.189445,2.248136,0.888241,0,0,0,0
0.963370,-0.166712,-0.446032,-0.210102,-1.288737,0.453767,-0.228948,0,0,0,0
1.245375,-0.147816,0.124904,1.248210,-0.958914,1.348692,1.666165,0,0,0,0
0.906813,-0.306772,-0.421005,-0.142801,-1.103231,0.146488,-0.634701,0,0,0,0
1.410416,-1.287834,1.895745,-1.473660,-0.682575,1.760868,0.901534,0,0,0,0
0.439833,-0.179482,-0.467100,-0.624924,-0.643544,-0.479192,-0.306869,0,1,1,0
1.214463,-0.138256,0.071844,1.872621,-0.583771,0.425086,1.590325,0,0,0,0
0.751807,0.149592,-0.595207,-0.142063,-1.399141,-0.511474,-0.660866,0,0,0,0
1.260912,-1.044446,1.702545,-0.811559,-0.323679,1.713349,1.150274,0,0,0,0
0.205656,0.353545,-0.848816,-0.547780,-0.043210,-0.617152,-0.451016,0,0,0,0
1.124709,-0.098032,-0.162804,1.022807,-0.077738,-0.539543,1.541311,0,0,0,0
0.715628,0.479490,-1.247081,-0.387491,-0.704936,0.593714,-0.741917,0,0,0,0
1.154639,-1.058002,1.857504,-1.179019,-0.344254,2.467983,0.981343,0,0,0,0
0.150056,0.964774,-1.061271,-1.292027,0.405157,-0.909896,-0.276532,1,0,0,1
1.607439,-0.762063,0.871345,0.572058,-0.407693,-0.166931,1.488613,0,0,0,0
1.043556,-0.287049,-0.156645,0.663340,-0.958049,0.446196,-0.327932,0,0,0,0
1.489541,-1.388653,1.215249,-0.816106,-0.450370,1.325640,0.775509,0,0,0,0
1.010067,-0.056358,-0.471166,0.034405,-0.962087,-0.166642,-0.111878,0,0,1,0
1.348319,-0.104460,-0.275881,0.984273,-1.018443,-1.005361,1.221493,0,0,0,0
1.166343,-0.046481,0.415148,0.116139,-0.438919,-0.287340,-0.168780,0,0,0,0
1.356572,-1.126980,1.718549,-0.964419,-0.702070,0.373730,1.127566,0,0,0,0
0.654950,-0.007571,-0.800113,-0.623476,-0.858562,0.025531,0.061646,0,1,0,0
1.186198,0.028583,-0.411390,1.040643,-1.172368,-0.622603,1.094689,0,0,0,0
0.908938,0.258760,-0.623952,-0.469281,-0.554185,-0.085898,-0.209425,0,0,0,0
1.247460,-1.082809,0.939668,-1.344869,0.359540,0.447146,1.299209,0,0,0,0
0.420172,0.526444,-1.172004,-0.428273,0.212824,0.216925,0.411211,0,0,0,0
1.054126,0.059767,-0.621192,0.599133,-1.009412,-1.033287,1.129994,0,0,0,0
0.612366,0.193942,-1.102492,-0.498799,0.089680,-0.318469,0.125110,0,0,0,0
0.956027,-1.278615,1.305106,-0.935656,0.386088,-0.089967,1.158751,0,0,0,0
0.821123,0.003419,0.135622,-0.877215,0.391679,-0.065505,0.350549,1,1,0,0
1.491087,-0.606714,-0.334972,0.474769,-0.544962,-1.392621,1.319737,0,0,0,0
1.167721,-0.298041,0.011919,1.289631,-0.971026,0.568597,0.419955,0,0,0,0
1.573137,-0.981118,0.008706,0.203757,-0.744664,-0.199739,1.057934,0,0,0,0
1.141254,-0.300544,-0.528420,0.280760,-1.313453,0.818799,-0.237312,0,0,0,1
1.355605,-0.263817,0.026660,1.733115,-0.654978,1.363085,1.647828,0,0,0,0
0.947381,-0.662480,-0.452061,0.486626,-1.269968,-0.014610,-0.496855,0,0,0,0
1.843167,-1.188671,1.260636,-1.369710,-0.848514,1.865815,1.212836,0,0,0,0
0.954462,-0.015206,-0.332272,0.194716,-0.893863,-0.797967,-0.500724,0,0,1,0
1.252799,-0.057675,-0.251061,1.238999,-0.878085,0.498531,1.329748,0,0,0,0
0.722976,0.081388,-0.329213,0.967233,-0.345868,-0.520191,0.295535,0,0,0,0
1.738088,-1.036923,1.057814,-0.663928,-0.291721,1.417710,1.205718,0,0,0,0
0.876004,0.375247,-0.529083,-0.381870,-1.204346,-0.481623,-0.003942,0,1,0,0
1.331090,-0.048137,-0.313714,1.132022,-1.044565,-0.231777,1.658291,0,0,0,0
0.725750,-0.150846,-0.434790,0.055241,-0.515167,0.425394,-0.182399,0,0,0,0
1.740942,-1.031538,1.050851,-1.121777,0.062586,0.496648,1.955877,0,0,0,0
0.844358,0.123927,-0.747137,0.284694,-0.486409,-0.469935,0.081638,0,0,1,1
1.573320,-0.721041,0.133864,0.594144,-0.714181,-0.050789,1.716855,0,0,0,0
1.315580,-0.731242,-0.091034,1.345953,-1.383293,-0.317839,0.337624,0,0,0,0
1.563683,-0.285027,-0.145829,1.043378,-1.093610,-0.368862,1.527804,0,0,0,0
1.242254,-0.350967,0.326303,0.440499,-0.831051,0.159950,0.549001,1,0,0,0
1.418620,-0.540647,0.441245,0.795994,-0.541649,-0.260035,1.543718,0,0,0,0
1.400294,-0.548964,0.107288,1.270202,-1.225264,-0.095460,0.332846,0,0,0,0
1.599259,-0.526480,-0.166622,0.919542,-0.968388,-0.485819,1.497826,0,0,0,0
1.236977,-0.921867,0.126464,-0.094643,-0.617730,0.064739,0.511590,0,0,0,1
1.804347,-0.753905,0.239205,0.461017,-1.153332,-0.520134,1.492814,0,0,0,0
1.570272,-1.112869,0.841447,0.878666,-1.383165,-0.401176,0.612671,0,0,0,0
1.623538,-0.776300,-0.113445,1.556981,-0.913122,-0.920808,2.075180,0,0,0,0
1.373228,-1.371320,0.154177,0.885520,-1.133007,-0.433329,0.373975,0,0,1,0
1.776940,-1.411068,0.712882,0.873584,-0.682230,-0.404842,1.806632,0,0,0,0
1.710958,-1.496460,0.987693,1.081557,-0.299107,-1.073412,1.957022,0,0,0,0
1.795579,-1.687058,1.280036,0.899337,-0.476113,-0.356648,1.695492,0,0,0,0
