mfcc0,mfcc1,mfcc2,mfcc3,mfcc4,onset,rms,lane0,lane1,lane2,lane3
-1.472186,-0.271300,-0.421698,-1.122157,-1.012112,1.724788,-0.635631,0,0,1,1
0.331715,0.586616,-1.335751,0.535461,1.217367,-0.224209,0.084489,0,0,0,0
0.083901,0.339408,-0.955424,0.691010,0.283041,0.004965,-0.092308,0,0,0,0
0.038593,-0.089199,-0.793377,1.368478,0.708356,0.740097,-0.209373,0,0,0,0
0.067847,0.231960,-0.779916,0.634610,-0.018468,1.264541,-0.199175,0,0,0,0
-0.040975,0.373682,-0.247419,0.600926,0.484067,-1.559426,0.231271,0,0,0,0
-0.390488,0.845864,-0.607275,0.440607,0.361461,-0.353145,0.331643,0,1,0,0
0.034001,0.920544,-0.601355,0.203051,0.461490,0.665038,0.474504,0,0,0,0
-0.290675,0.812045,-0.584787,0.228196,1.241498,-0.383383,-0.035120,0,0,0,0
0.565062,-0.568753,1.544880,-1.164379,0.473247,-0.452443,1.393575,0,0,0,0
-0.734298,1.363703,0.354650,-0.479813,0.723496,-1.215725,-0.533425,0,0,0,0
-0.621441,0.874280,0.611497,-0.923765,1.167802,0.075902,-0.378509,0,0,0,0
-0.801791,0.619728,0.704079,-0.587775,0.884762,-0.612009,-0.688950,0,0,0,1
0.306032,0.770376,-0.716732,-1.044146,0.579458,-0.750509,0.015370,0,0,0,0
-0.450365,1.617554,-0.668521,-0.421647,1.727434,-0.363110,-0.010856,0,0,0,0
-0.776166,1.614296,-0.845430,-0.847520,1.385601,-0.024917,-0.447185,0,0,0,0
-0.720800,1.270304,-0.228607,-1.007575,1.946157,0.468537,-0.424633,0,0,0,0
-0.326888,0.239833,0.708812,-1.503906,0.824847,-0.576324,-0.389795,0,0,0,0
-1.206354,1.704368,-0.598987,-1.046192,2.159176,-0.905872,-0.684005,0,0,1,0
-0.738600,1.711852,-0.725361,-0.753843,1.301853,-0.502628,-0.112749,0,0,0,0
-0.781960,1.706266,0.118928,-0.696527,1.295672,-0.641713,-0.394197,0,0,0,0
0.040652,-0.863812,2.432078,-0.468514,0.210366,-1.250571,-0.451441,0,0,0,0
-1.284705,1.961246,0.554109,-0.490981,1.562933,-0.679417,-0.425399,0,0,0,0
-0.530432,0.434535,1.612338,-0.846274,1.115177,-0.181351,0.106765,0,0,0,0
-1.408120,2.078657,0.866133,-0.790754,1.935697,-0.396209,0.249876,1,0,0,0
0.185535,0.894391,0.701667,-0.995088,1.013403,-0.392403,0.837519,0,0,0,0
-0.976602,2.225620,-0.105427,-0.694649,1.996472,1.579908,-0.303513,0,0,0,0
-1.110893,2.038616,-0.258503,-0.673853,1.899848,-0.032005,-0.452256,0,0,0,0
-0.299167,-0.459552,1.436968,-0.682246,1.384427,-0.974949,-0.326823,0,0,0,1
0.310475,-0.976720,0.178982,0.235247,-0.399720,-1.103347,-0.600239,0,0,0,0
0.139286,-0.616542,1.164495,-0.099467,0.008021,-0.467055,-0.332041,0,0,0,0
-0.300591,-0.476394,1.180523,-0.652652,1.510949,-0.354622,-0.757426,0,0,0,0
-1.291470,0.615980,1.403438,-1.011018,1.124364,-0.305539,-1.413820,1,0,0,0
-0.296112,1.312539,-0.122052,-0.640173,1.409914,-0.173062,-0.473215,0,0,0,0
-1.204730,2.777539,-1.008854,-1.120720,2.798568,-0.124019,-0.607655,0,0,0,0
-1.247480,2.362822,-0.305945,-1.295217,2.975129,-0.370787,-0.911106,0,0,0,0
-1.569259,1.935385,-0.275145,-1.728307,2.384109,-0.852576,-1.392019,0,0,0,1
-0.675949,0.708482,0.603233,-1.170293,0.951842,-1.228289,-1.350202,0,0,0,0
-1.481671,2.456360,0.469192,-1.350136,1.334677,-1.180506,-0.942663,0,0,1,0
-0.922559,1.490544,-0.747158,-0.627122,2.451996,-1.013655,-0.670742,0,0,0,0
-1.018671,2.373163,-0.618395,-0.919919,2.381249,-1.126446,-0.375588,0,0,0,0
0.124195,-0.018245,1.508193,-0.807867,0.542070,0.073381,0.396705,0,0,0,0
-1.936057,2.420239,0.248857,-1.563869,2.828291,-0.898787,-1.533733,1,0,0,0
-1.314677,2.372133,-0.909551,-0.756387,3.700017,0.226408,-0.221058,0,0,0,0
-1.407220,1.803536,1.209009,-1.156355,2.260360,-0.626086,-0.173606,0,1,0,0
-0.262495,1.048915,-0.999602,-1.065619,1.770443,-1.374641,-0.671271,0,0,0,0
-0.883870,2.276585,-1.572858,-1.580461,2.173053,-0.882391,-1.002563,0,0,0,0
-1.282897,2.345713,-0.964945,-1.275533,2.599611,0.824825,-1.033088,0,0,0,0
-1.253243,2.375596,-0.538987,-1.686276,2.274858,-1.568698,-1.088005,0,0,0,0
-1.092165,1.518208,0.645931,-1.309429,2.219487,-1.281854,-0.798225,0,0,0,0
-1.989713,3.190038,0.393562,-2.077393,3.560740,-1.378054,-0.800159,0,0,0,0
-1.795967,3.220665,0.540132,-1.704274,3.720375,-0.069194,-0.343418,0,0,0,0
-1.226971,1.516902,1.442679,-1.227824,2.043908,-1.094033,-0.873837,0,0,1,0
-0.043979,-0.701740,1.872163,-0.831798,0.327972,-0.951839,-0.826147,0,0,0,0
-1.518119,2.022894,-0.506735,-1.094246,2.284192,-0.981864,-1.208829,0,0,0,0
-1.151845,1.654212,1.138608,-0.323167,1.954569,3.749905,-0.564361,0,0,0,0
-1.294314,0.735175,1.703116,-1.045045,1.725942,-0.589432,-1.007939,0,0,0,1
0.284841,1.005487,0.554468,-0.660920,0.250186,1.702941,1.260659,0,0,0,0
-1.324121,2.187886,-0.540126,-0.088585,2.162597,-0.705600,-0.696949,0,0,0,0
-1.017086,2.215508,-0.750045,-0.225727,3.491704,-0.749946,0.000108,0,0,0,0
0.026826,0.007070,0.660366,-0.601759,1.938434,-0.430953,-0.592348,1,0,0,0
0.445830,0.383233,0.168394,0.187543,-0.380006,-0.359206,0.148294,0,0,0,0
0.004968,-0.240094,0.774242,0.533627,0.381721,-0.984745,-0.371793,0,0,0,0
-0.327275,0.337054,-1.191407,-0.563814,0.239425,0.599671,-1.116274,0,0,0,0
-0.448489,1.200143,-1.285804,-0.522058,0.697670,-0.363707,-1.365773,0,0,1,1
0.719339,0.086975,-0.244080,0.969173,1.086870,0.077459,1.749909,0,0,0,0
0.486371,-0.336275,-0.816665,0.868682,0.416780,-0.241769,0.112033,0,0,0,0
0.279648,-0.273880,0.136529,1.090561,0.328805,-0.930791,0.694244,0,0,0,0
0.403100,0.133283,-0.297933,1.138658,-0.465087,-0.588827,-0.084881,0,1,0,0
-0.015580,0.453970,-0.298147,1.082664,0.761935,-0.529598,1.833100,0,0,0,0
-0.520559,0.740033,-0.003361,0.431374,0.565526,-0.440180,-0.569986,0,0,0,0
0.331488,0.729064,-1.079253,0.774536,0.713301,-0.215954,-0.447351,0,0,0,0
0.057664,0.567042,-1.259534,0.303306,0.585448,0.403456,-0.344360,0,0,1,0
0.390063,0.466284,-0.967377,-0.096706,0.049824,0.220571,1.109570,0,0,0,0
-0.488846,0.936812,-0.899025,-0.240892,1.749458,-0.402221,-0.866472,0,0,0,0
-0.307723,0.988086,0.203878,0.928892,0.779008,0.236567,0.292846,0,0,0,0
-0.089627,0.383985,-0.313308,0.576628,0.382656,-1.051504,-0.234903,0,1,0,0
0.619158,0.388630,-0.691928,0.572184,-0.095183,0.592533,1.701953,0,0,0,0
-0.146159,1.018971,-0.213117,0.365742,0.931929,-0.526844,0.385650,0,0,0,0
0.043439,0.369400,-0.224228,0.544451,0.135429,0.067382,-0.074581,0,0,0,0
0.221643,0.256235,0.251957,0.817547,0.406468,-0.015650,0.153433,0,0,0,1
0.061767,0.633115,-0.240688,1.019396,0.166050,-0.124333,1.216735,0,0,0,0
-0.190372,0.855606,-0.066936,0.331445,0.513682,-0.144357,-0.541007,0,0,0,0
0.187860,0.608985,-0.377494,1.002282,0.950360,-0.114771,0.279698,0,0,0,0
0.167106,0.632398,0.210364,1.249849,0.288617,0.518670,0.645384,1,0,0,0
0.184946,1.012846,0.339951,1.118956,-0.192543,-0.218056,0.940667,0,0,0,0
-0.529383,1.434512,0.452919,0.524797,1.571856,0.323416,0.212608,0,0,0,0
0.069584,0.398182,0.597758,0.550306,0.745393,1.852551,1.369047,0,0,0,0
-0.034133,0.166169,0.268581,1.471720,-0.183036,0.528745,1.326214,0,0,0,1
0.695267,0.586882,-1.241394,0.536087,0.504419,0.487902,1.788104,0,0,0,0
-0.205312,1.144612,-0.659348,0.219841,1.503370,-0.838145,0.003906,0,0,0,0
-0.142707,0.564947,-0.681105,0.835694,1.668033,0.888102,0.277444,0,0,0,0
0.243097,0.484884,-0.322291,1.059430,0.313355,0.222543,1.113634,1,0,0,0
0.734979,0.768295,-0.379863,0.630331,0.315875,0.460249,2.190905,0,0,0,0
0.607077,0.993139,-0.464698,0.860079,-0.296128,-0.417424,1.172564,0,0,0,0
0.738949,1.085587,-0.342382,0.721731,-0.300928,0.008824,2.004490,0,0,0,0
0.656783,-0.161753,1.281550,0.082908,0.000097,1.137489,0.637418,0,0,1,1
0.811480,-0.438403,-0.300041,0.673321,0.089883,0.402931,0.886576,0,0,0,0
0.683695,-0.478276,-0.186983,0.808290,-0.179579,-0.914168,0.348517,0,0,0,0
0.642515,-0.628821,0.604486,0.131660,0.752279,-1.133677,1.189022,0,0,0,0
0.322609,-0.101552,0.115791,0.493570,0.102981,-0.071749,0.875602,0,0,1,0
0.720931,-0.407733,0.489844,0.079040,0.222454,-0.000469,1.269768,0,0,0,0
-0.132589,0.464456,0.576107,0.737329,0.390243,-1.169375,0.472862,1,1,0,0
0.519905,0.504987,-1.008382,1.001314,0.507215,-0.909505,1.438609,0,0,0,0
0.466590,0.289905,-0.819775,0.646201,-0.351178,0.262867,0.180128,0,0,0,0
0.373375,-0.179341,-0.407869,1.262343,0.446747,-0.017911,-0.070157,0,0,0,0
0.105992,-0.232123,-0.540412,1.105414,0.466068,0.046482,-0.113148,0,1,0,0
0.285635,0.719096,-0.664126,0.797258,0.112719,-0.557878,2.204567,0,0,0,0
-0.262738,0.640787,-0.337465,0.666747,0.253238,-0.244472,-0.312166,0,0,1,0
0.048008,0.766292,-0.457211,0.835447,-0.052035,-0.703088,0.281612,0,0,0,0
-0.490666,1.119452,-0.363867,0.117051,0.220504,0.101405,0.739294,0,0,0,1
0.928941,-0.507619,0.076774,0.642483,0.492603,1.770124,2.134916,0,0,0,0
0.115126,0.362777,-0.383863,0.451182,-0.512999,1.095368,-0.468700,0,0,0,0
-1.478795,-0.627377,0.914327,-1.009826,1.097046,-1.745811,-2.119540,0,0,0,0
-3.153946,0.085004,-0.632482,-0.993518,1.989578,-1.004471,-2.876340,0,0,0,0
-3.348046,-0.420650,0.437279,-0.025884,2.524895,-1.531665,-1.270472,0,0,0,0
-2.134880,-0.429893,-0.945771,-0.546404,0.326266,3.764019,-2.622779,0,1,1,0
0.920217,0.255288,-0.793243,0.724638,-0.908821,-0.388922,1.627871,0,0,0,0
0.698425,-0.148900,-0.503163,1.262270,-0.245107,-0.635835,0.164849,0,0,0,0
0.537376,-0.416783,0.136161,0.782768,-0.515251,0.850827,0.038211,0,0,0,0
0.450770,-0.012199,-0.005530,1.008601,-0.161076,0.541943,0.203097,0,0,0,0
0.097463,0.104277,-0.159940,0.948093,0.188079,0.792536,0.117065,0,0,0,0
-0.108267,0.380880,0.093027,0.649690,-0.282705,-0.388406,-0.437153,0,0,0,0
-0.451222,0.222984,-0.027867,0.313574,0.338580,-0.797079,-0.716618,0,0,0,0
-0.898440,0.754868,0.128576,-0.029298,0.952188,-0.015863,-0.555392,0,0,0,0
-1.040093,0.801053,0.584276,0.620475,1.013463,-0.319757,-0.614710,0,0,0,0
-1.165105,1.196610,0.630580,0.470371,1.059969,-0.484640,-0.971885,0,0,0,0
-1.231186,1.309732,0.491799,0.253292,0.887156,0.329179,-1.019877,0,0,0,0
-1.229021,1.878182,0.677469,-0.266577,0.690366,-0.062510,-0.589587,0,0,0,0
-1.444896,1.902369,0.714537,-0.594961,0.397138,0.694777,-0.719734,0,0,0,0
-1.736386,1.847837,0.458628,-0.608554,1.125022,-0.328862,-1.146152,0,0,0,0
-1.598485,1.798607,0.629103,-0.275372,0.839519,-0.649062,-0.886291,0,0,0,0
-1.907713,2.040046,1.004803,-0.331499,2.060200,-0.581262,-0.970219,0,0,0,0
-1.647891,2.514142,0.881369,-1.129348,1.256522,0.829291,-0.674827,0,0,0,0
-1.964692,2.433178,1.219275,-1.122439,1.387728,1.183655,-1.022752,0,0,0,0
-2.044863,2.308304,0.920760,-0.994694,1.527425,-0.248294,-0.967783,0,0,0,0
-2.270915,2.152817,0.719152,-1.495647,2.013855,-0.818238,-1.282506,0,0,0,0
-2.183439,2.207591,0.685966,-1.682727,0.911009,-0.540397,-1.038655,0,0,0,0
-2.445419,2.547887,1.358798,-1.806930,1.445285,-0.105878,-1.867745,0,0,0,0
-2.352659,2.797782,1.540580,-1.326130,2.091032,-1.110151,-1.300714,0,0,0,0
-2.600043,2.394017,1.771011,-1.037143,2.249470,-0.811788,-1.523283,0,0,0,0
-2.339553,2.785134,1.624068,-1.410033,1.858152,-0.468984,-0.977217,0,0,0,0
-2.636204,2.639035,2.062719,-1.314493,1.714732,-0.518932,-1.104981,0,0,0,0
-1.778286,0.288225,2.308971,0.201799,-0.278249,-0.914466,-1.085297,0,0,0,0
-1.770393,0.365139,1.614090,0.374663,-0.701807,-0.859126,-1.150479,1,0,0,0
-1.070989,-0.087703,-0.114570,1.164823,0.224803,-0.156406,-1.058111,0,0,0,0
-1.592021,0.479264,-0.388611,0.446535,0.350998,0.258046,-1.391570,0,0,0,0
-1.982298,0.503433,-0.311008,0.352226,1.263326,-1.216810,-1.444010,0,0,0,0
-2.401218,0.582267,0.102725,0.299725,1.946272,-0.620470,-1.765293,0,1,0,0
-2.331083,1.130759,-0.058759,-0.474943,1.613687,-1.342110,-1.593192,0,0,0,0
-2.465024,1.303589,0.117664,-0.602979,2.195598,-0.677533,-1.885387,0,0,0,0
-2.629397,1.501530,0.323918,-0.728850,2.568742,-1.122157,-1.925288,0,0,0,0
-2.858490,1.409353,0.997446,-0.526496,2.333074,-1.082032,-1.975214,0,0,1,0
-2.929172,1.599973,0.634469,-0.996796,2.993968,-1.441964,-2.183492,0,0,0,0
-2.948058,1.513492,0.996376,-1.029255,2.078150,-0.209902,-2.235779,0,0,0,0
-1.609855,0.488061,1.697721,0.843366,0.603023,0.658873,-0.018095,0,0,0,0
-2.544555,0.545781,1.553942,-0.180777,1.246009,0.506277,-1.438391,0,0,0,1
-1.970580,0.377373,0.785620,-0.008165,0.706884,-1.763193,-1.809174,0,0,0,0
-2.861876,1.162692,0.941956,-0.977932,2.422114,-0.768460,-2.114269,0,0,0,0
-3.350663,1.454934,1.828912,-1.297151,2.545165,-0.191093,-2.205090,0,0,0,0
-0.799947,-4.125044,4.825870,0.138672,-1.949899,2.931546,-1.580755,1,0,1,0
-0.339602,0.410107,-0.499554,0.490193,0.146144,1.250669,-0.820459,0,0,0,0
-0.589257,-0.237424,-1.123226,0.839999,0.053241,-0.133307,-1.394003,0,0,0,0
-0.769941,-0.354133,-0.871229,1.128936,0.345465,-1.031468,-1.120183,0,0,0,0
-0.663958,-0.721778,-1.047802,0.846350,0.266831,-1.243663,-1.165471,0,1,0,0
-0.576302,-1.107416,1.043892,-0.064127,-1.723106,-0.613336,-1.879063,0,0,0,0
-0.243064,-3.151621,2.807263,-0.636771,-1.392215,-0.133180,-1.246200,0,0,0,0
-0.224573,-0.659221,-0.198207,0.261982,-0.596934,1.548867,-1.491746,0,0,0,0
-1.380543,-0.041820,-0.017520,-0.277063,0.028626,-0.362710,-2.051588,0,0,1,1
0.031933,0.000457,0.665211,-1.615931,-2.188727,0.205903,-1.021692,0,0,0,0
-1.226401,-0.075996,1.151795,-0.319564,-0.811812,-0.829931,-1.155639,0,0,0,0
-1.267404,0.168313,0.992579,-1.290283,-0.805704,-0.005118,-1.408469,0,0,0,0
-2.133296,1.542822,-0.409529,-2.082510,0.443197,-0.109855,-2.237147,0,0,0,0
-1.028210,0.768617,-0.294508,-2.600621,-0.444763,2.919731,-1.793607,0,0,0,0
-2.263919,1.621131,-0.145420,-2.410639,0.476357,-0.071563,-2.232972,0,0,0,0
-0.717253,-0.194502,1.455922,-1.502434,-1.373330,-0.107687,-0.964156,0,0,0,0
-2.698870,1.734500,1.352619,-2.487451,0.172470,-1.229817,-2.307275,0,0,0,1
-0.773886,1.102711,-1.731592,-1.291747,0.131296,0.312421,-1.407021,0,0,0,0
-1.288577,0.576155,-0.378751,-1.607050,0.248418,0.089342,-1.637640,0,0,0,0
-0.821621,0.453354,0.295448,-1.937136,-0.536175,-0.196804,-1.377663,0,0,0,0
-2.853844,2.133373,0.539453,-3.569463,1.439389,-0.548223,-2.324088,0,0,1,0
-1.209017,1.409284,-1.092140,-1.920128,0.515775,1.231781,-1.285286,0,0,0,0
-1.070826,1.232051,-1.038326,-1.584341,0.739563,-0.728090,-1.098881,0,0,0,0
-1.532377,0.652944,0.859323,-1.774785,0.336440,0.221503,-1.936079,0,0,0,0
-3.388062,1.868972,1.663729,-2.852581,2.920107,-0.564491,-2.389239,1,1,0,0
0.011613,0.450224,-0.789175,-2.905398,-1.890437,1.593369,-0.760603,0,0,0,0
-0.992808,0.340130,0.347798,-1.453187,-1.025169,-0.755278,-1.619671,0,0,0,0
-1.091800,0.381971,0.790511,-2.328409,-1.380138,0.044385,-1.726942,0,0,0,0
-2.849477,1.459611,0.781991,-2.447277,0.367786,-1.877877,-2.511341,0,0,0,0
-1.149099,-0.368329,0.716499,-1.311100,-1.380568,1.195679,-2.025684,0,0,0,0
-2.577295,1.342643,0.716866,-2.473431,0.616141,-0.939833,-2.333524,0,0,0,0
-1.262536,0.036714,1.431124,-1.564110,-1.248308,1.663524,-0.229797,0,0,0,0
-2.713688,1.549234,0.812564,-3.234750,0.964431,-1.780726,-2.232691,0,0,0,1
-0.293388,0.219250,0.341136,-1.234989,-0.059406,0.196766,-0.958046,0,0,0,0
-1.232231,-0.268722,0.990395,-0.991342,-0.505902,0.020554,-1.357941,0,0,0,0
-1.395365,0.021040,1.200910,-1.211853,-0.187751,-0.029011,-1.153077,0,0,0,0
-2.395565,1.359339,1.352358,-2.663354,1.293823,-1.352862,-1.928670,0,1,0,0
-1.129874,0.818699,0.788606,-2.824316,-0.393155,1.094857,-0.344617,0,0,0,0
-1.812252,0.998131,1.168727,-2.095940,-0.682784,-0.793271,-1.003982,0,0,0,0
-1.235911,0.636225,0.272711,-2.166974,-0.944676,-0.891226,-0.979632,0,0,0,0
-2.171046,0.444909,0.978668,-2.439444,-1.066092,0.327320,-2.059322,0,0,1,1
-0.810448,1.529536,-0.883749,-3.896810,-1.496650,1.986347,-0.109846,0,0,0,0
-1.716379,1.416089,-0.394350,-2.774762,-0.430289,0.089459,-0.761469,0,0,0,0
-1.716913,1.259499,0.520666,-2.391117,-0.504325,-0.448895,-0.751085,0,0,0,0
-2.905220,1.770014,1.056939,-2.784199,0.486984,-1.258837,-2.445189,1,0,0,0
-0.563648,0.283746,1.541301,-1.725272,-1.830058,2.061887,-0.371188,0,0,0,0
-1.377898,0.208951,0.872654,-1.695748,-0.354833,-0.441068,-0.818275,0,0,0,0
-1.582532,-0.022293,1.190794,-1.765216,-0.489141,-1.335774,-1.198599,0,0,0,0
-2.948038,1.182677,1.032122,-2.553474,1.382423,0.177666,-2.212821,0,0,1,0
-0.940439,0.698352,-0.550319,-0.419272,0.592407,-1.120754,-1.587855,0,0,0,0
-1.337695,0.387331,-0.702402,-0.671504,0.790936,1.691199,-1.688630,0,0,0,0
-0.698638,1.003382,-0.372277,-0.284965,1.010476,-0.523671,-0.926928,0,0,0,0
-0.914646,0.096477,-0.677680,-0.727890,-0.233695,-0.100740,-1.196905,0,0,0,0
-1.380069,0.182422,0.344310,-1.834355,0.300440,0.298245,-1.665436,0,0,0,0
-2.931357,1.541312,0.530414,-2.201609,2.245019,-0.597206,-2.201809,0,0,1,0
-1.210536,0.259361,0.995996,-2.221901,-1.059872,0.233794,-1.313424,0,0,0,0
-3.324548,1.782268,1.310939,-2.982070,1.478138,-0.878462,-2.505127,1,1,0,0
-0.178491,0.793333,-1.647626,-3.544773,-1.400148,0.810633,-0.159877,0,0,0,0
-0.750908,0.700958,-1.170966,-2.513018,-1.397785,0.147189,-0.910214,0,0,0,0
-0.827421,-0.121955,-1.010006,-2.552415,-0.704445,1.312301,-1.274969,0,0,0,0
-2.169393,0.785218,0.420569,-2.798817,0.094900,-1.608561,-2.302556,0,0,0,0
-1.306629,0.572871,0.570307,-0.857972,0.382746,-1.129946,-1.944300,0,0,0,0
-2.499490,2.149296,0.473899,-2.532290,1.362939,-1.273430,-2.027194,0,0,0,0
-0.890711,-0.136622,-0.038191,-1.350099,-0.070517,1.188753,-1.938587,0,0,0,0
-2.566687,1.620092,0.750660,-2.876545,1.363148,-0.272877,-1.733183,0,0,0,1
-0.159076,1.229902,-0.136670,-1.469259,0.173057,2.195451,-0.451625,0,0,0,0
-0.822402,1.368731,-0.380408,-2.611678,0.560212,-0.520749,-0.765755,0,0,0,0
-1.085074,1.161398,0.134929,-2.644909,0.443149,-0.746232,-0.697680,0,0,0,0
-1.315762,0.641228,0.242974,-1.973486,1.035005,-0.195237,-1.137203,0,0,1,0
-0.563336,0.814411,-0.706217,-3.053683,-0.762606,1.378436,-1.072427,0,0,0,0
-2.987073,2.069595,0.953234,-3.242413,2.031377,-0.080853,-2.223489,0,0,0,0
-0.750754,0.075667,0.956619,-1.123857,-1.543466,1.461433,-1.186662,0,0,0,0
-2.082306,0.821608,0.935263,-1.287854,0.837820,-1.206331,-2.038727,1,1,0,0
0.048016,0.506569,1.642553,-1.568444,-0.735294,1.330938,-0.075333,0,0,0,0
-1.092636,-0.342839,1.598237,-0.690269,0.497312,-0.770637,-1.214701,0,0,0,0
-1.177001,0.277058,1.390639,-0.594728,0.460830,0.231588,-1.369206,0,0,0,0
-2.766961,2.156691,1.269046,-2.698785,1.311401,-0.596274,-2.144932,0,0,0,0
-0.737630,0.600214,0.095711,-1.923162,-1.162288,1.940509,-1.744027,0,0,0,0
-2.576447,1.734547,1.086655,-2.564111,1.430445,-2.030584,-2.277689,0,0,0,0
-0.754057,-1.207820,1.715609,0.200477,-1.735721,1.862540,-0.844780,0,0,0,0
-2.458828,0.466631,2.427301,-1.488879,0.018908,-0.350008,-2.173602,1,0,0,0
-0.640794,1.363589,1.014913,-0.887527,0.432466,0.976265,-0.640709,0,0,0,0
-1.118029,0.250996,1.756207,-1.427665,-0.637449,0.657837,-0.903130,0,0,0,0
-0.722259,1.514160,1.280862,-1.284259,-0.403797,-0.645956,-0.587400,0,0,0,0
-1.640906,0.865164,2.443059,-1.194143,-0.559498,-0.744728,-1.720061,0,1,0,0
-0.555201,0.535286,0.229702,-0.901975,0.112959,1.228022,-1.032504,0,0,0,0
-1.304423,1.174797,0.651726,-0.480541,0.505810,-0.941891,-0.789795,0,0,0,0
-2.067707,1.646895,0.954994,-1.512574,0.473726,-1.644195,-2.068171,0,0,0,0
-2.524556,1.317567,1.294215,-0.718152,1.151046,-0.447113,-2.083654,0,0,1,1
0.091075,0.753785,0.805899,-1.595456,-0.942223,0.402828,-0.775736,0,0,0,0
-0.817289,0.481012,1.063607,0.078705,0.241754,-0.043624,-1.092360,0,0,0,0
-0.692686,0.313357,1.682413,0.375677,0.384589,-0.680888,-0.799201,0,0,0,0
-2.030703,1.662936,1.404076,-0.502434,1.807255,-0.823281,-1.158733,0,0,0,0
-0.752311,0.868512,1.167466,-0.609633,0.389139,-0.542039,-0.845113,0,0,0,0
-1.839858,2.793443,1.291365,-1.460379,2.415564,-1.924952,-0.456380,0,0,0,0
0.055771,0.208208,0.539546,-0.441353,-0.024559,1.686532,-0.240749,0,0,0,0
-1.731279,2.945345,0.832566,-1.560347,2.320828,0.621520,-1.052067,0,1,0,0
-0.431282,1.489230,0.795519,0.272433,-0.238061,0.104764,0.277427,0,0,0,0
-1.019196,1.491863,0.613204,-1.355220,0.320877,-0.215399,-0.036015,0,0,1,0
-0.334788,0.609520,0.389643,0.100445,-0.181322,0.110480,1.151375,0,0,0,0
-0.591672,0.810083,1.066569,-0.548647,-1.386366,0.102181,-0.042680,0,0,0,0
-0.207880,0.865579,0.209975,-1.149794,-0.667087,2.417066,0.234653,0,0,0,0
-0.337536,1.618488,-0.398331,-1.392153,-0.141030,0.694153,-0.419867,0,0,1,0
0.108580,1.044632,-0.651170,0.108307,0.132798,0.319713,2.652108,0,0,0,0
-0.079879,0.729622,-0.705802,-0.293739,-0.277725,0.325850,0.466117,0,0,0,0
0.199295,1.613772,-0.656888,-1.779819,-0.826256,3.133814,0.659930,0,0,0,0
-0.423399,0.548063,0.015959,-0.472810,1.232866,0.534949,-0.493779,0,1,0,0
-0.558721,0.591315,0.148900,-0.344189,0.731152,-1.069484,-0.694289,0,0,0,0
-1.586010,2.150510,-0.100249,-1.045977,1.823973,-1.359505,-1.008428,1,0,0,0
0.328319,0.605962,0.490097,-0.694124,0.129702,-0.063606,-0.064705,0,0,0,0
-0.391532,1.959475,-0.194202,-0.585691,1.083573,-0.786280,0.372329,0,0,0,0
0.207888,-0.838532,2.580359,-0.745588,-1.906117,0.818398,-0.159138,0,0,0,0
0.319349,-1.591803,4.297270,-2.026616,-0.927518,-0.313789,0.119529,0,0,1,1
0.252781,0.689756,-0.399147,0.428976,0.078001,1.241634,1.188139,0,0,0,0
0.171246,0.043034,-0.780681,0.842644,0.538939,0.855520,-0.022964,0,0,0,0
0.244772,0.204118,-0.963977,0.809873,0.089913,0.353614,0.137433,0,0,0,0
0.212194,0.739714,-1.103524,0.733934,-0.821795,-0.773459,0.376625,0,0,0,0
-0.085212,0.248414,0.366294,1.216831,0.095266,1.362111,-0.057071,0,0,0,0
-0.432291,0.820007,-0.109730,1.209211,0.485217,-0.499557,-0.336596,0,0,1,0
0.521136,0.004972,1.121028,0.035410,-0.415445,-0.226467,0.132635,0,0,0,0
-0.504186,1.034188,0.154664,0.316423,0.918356,-1.174322,-0.348189,0,1,0,0
0.310229,-0.582971,2.036381,0.569983,0.942634,0.020851,0.176352,0,0,0,0
-0.369767,0.313225,1.571531,0.506466,0.175310,1.222918,0.311435,0,0,0,0
-0.214323,0.541674,1.700844,0.877049,1.317915,-0.566007,2.008747,0,0,0,0
-1.453952,1.692518,0.701624,0.367955,1.448151,-1.651245,-0.434046,0,0,1,1
0.009374,-0.182132,1.066443,1.237773,0.169050,0.226716,0.455473,0,0,0,0
-1.117863,0.892918,1.399421,0.634927,1.157267,-0.648667,-0.025450,0,0,0,0
0.103459,-1.740525,2.810984,1.221462,-0.685883,2.168960,0.090469,0,0,0,0
-0.003660,-2.933951,3.100224,-0.186338,1.002309,0.594747,-0.792379,1,1,0,0
0.368719,0.576164,0.379738,0.299449,-0.362104,1.957333,1.896143,0,0,0,0
-0.093984,0.169337,-0.043535,0.759845,-1.584346,0.310083,-0.307801,0,0,0,0
0.095763,-0.001691,-0.101780,0.503401,-1.759316,0.310497,0.182887,0,0,0,0
0.138960,-0.031063,-0.312394,0.787786,-1.848436,-0.277151,0.384820,0,1,0,1
0.536496,-0.282255,0.888721,0.148676,-0.836603,0.524400,0.002707,0,0,0,0
-0.453400,0.175294,0.190648,0.866762,-0.201235,-0.289877,-1.008440,0,0,0,0
-0.464554,0.715121,0.039430,1.008632,1.128337,-0.870929,-0.227964,0,0,0,0
-0.786429,0.204739,0.302718,0.441612,0.703141,-0.298541,-0.675414,0,0,1,0
0.435137,-1.165936,1.847722,-0.038049,0.547783,0.354231,-0.175769,0,0,0,0
-0.551808,-0.098697,1.009774,0.241045,-0.063383,-0.381695,-0.453349,0,0,0,0
-0.305321,0.723454,0.686261,0.465302,-0.323242,-0.732543,0.688899,0,0,0,0
-0.877732,0.998494,0.376162,-0.003010,0.153609,-0.888780,-1.218305,0,0,1,1
0.377231,-0.669462,1.105642,0.212039,0.595169,0.331612,0.237517,0,0,0,0
-0.695783,0.261133,1.282225,-0.242394,0.755358,-0.743225,-0.616307,0,0,0,0
0.401448,-0.069707,1.412862,-0.098712,-0.356064,-0.370689,0.240081,0,0,0,0
-1.528892,1.351262,0.752749,-0.618901,1.382190,0.259774,-1.123844,1,0,0,0
0.532536,-0.989625,2.596208,0.783197,0.055232,0.269460,1.738645,0,0,0,0
-0.198823,-0.040565,1.113433,0.198108,0.794559,0.332431,0.081870,0,0,0,0
-0.430986,0.094169,1.451652,0.029746,0.546869,-1.564477,0.169018,0,0,0,0
-1.809247,1.861697,1.102638,-0.800229,1.499171,-2.185734,-0.355666,1,0,1,0
0.570658,-0.355325,1.360068,-0.659317,-0.169727,-0.623892,0.467856,0,0,0,0
-0.743133,0.331208,2.120566,-0.044548,0.006674,-0.819084,-0.157582,0,0,0,0
0.083324,-2.181292,3.290834,0.151151,-0.409606,-0.145388,-0.327608,0,0,0,0
-1.590272,1.224311,1.519810,0.019551,0.712134,0.033386,-0.527880,0,0,1,0
0.624449,-0.746594,2.557534,-0.656932,-0.818945,-0.292311,1.770795,0,0,0,0
-0.691887,0.090637,1.331045,-0.731376,-0.883243,0.261583,-0.380691,0,0,0,0
-0.409116,0.291174,1.368639,-0.210186,-0.651478,-1.138597,1.313511,0,0,0,0
-2.436782,1.816378,1.550499,-1.481715,2.201117,-2.128146,-1.271998,1,0,0,1
0.261901,-0.894536,2.059763,0.550282,0.353956,0.279597,-0.166367,0,0,0,0
-1.352492,0.904995,1.367172,0.550738,0.894074,-1.158245,-0.689417,0,0,0,0
-0.008023,0.250123,0.853534,-0.143526,-0.115120,1.347525,0.230407,0,0,0,0
-2.026985,1.322870,1.716523,-0.546156,0.911000,-2.191933,-0.917188,0,1,0,0
0.185883,-0.902774,2.571406,-0.731295,0.350637,-1.758476,0.706113,0,0,0,0
-1.290254,1.087604,1.698103,-1.836180,2.187519,-1.422660,-0.686228,0,0,0,0
-1.922979,1.489141,2.637957,-1.532263,2.106114,-0.771073,-0.874029,0,0,0,0
-3.018199,2.408176,3.579414,-2.064922,2.498844,-1.352317,-1.100055,0,1,1,0
0.426956,-1.025893,1.804167,0.382364,0.375836,-0.327339,0.679615,0,0,0,0
-0.579201,0.072782,1.066436,0.405356,0.402387,-0.841725,-0.538513,0,0,0,0
-0.464642,0.608513,0.493505,-0.138933,1.288734,-0.936498,0.046808,0,0,0,0
-2.048321,1.247358,1.349359,-0.236187,2.639179,-0.930655,-0.748842,0,0,0,1
0.019425,-1.654343,2.850563,-0.317331,-0.300077,0.088985,-0.305555,0,0,0,0
-0.955463,0.376486,0.999900,0.079175,-0.028352,0.770881,-0.627674,0,0,0,0
-0.510380,0.636414,0.339116,0.361246,-0.138291,0.404435,-0.011306,0,0,0,0
-2.365744,1.610672,1.749695,-1.187907,2.363027,-2.087130,-1.425267,1,0,0,1
0.677685,-0.929191,0.946636,0.303964,-0.009423,0.963054,0.641893,0,0,0,0
-0.440451,0.640391,0.361521,0.988230,0.760774,-0.777066,0.093259,0,0,0,0
-2.017399,1.720216,2.034277,-0.593878,1.700063,-2.207742,-0.756026,0,0,0,0
-0.974069,-1.091435,3.741800,-0.096932,-0.793803,0.275096,-0.750626,1,0,0,0
0.297539,-0.932646,2.188353,0.423405,1.346834,-1.737981,1.039409,0,0,0,0
-1.037025,0.759897,1.561800,-0.316354,1.608406,-1.271092,-0.204335,0,0,0,0
-1.285836,1.003313,1.411010,-0.013351,2.350271,-1.222291,-0.132520,0,0,0,0
-1.231269,0.171720,1.792702,0.348880,1.743758,-0.690404,-0.348374,0,1,0,1
0.444236,-0.764198,1.596470,0.279911,1.158716,0.779725,0.305629,0,0,0,0
-0.958750,0.751803,1.614444,0.553569,2.011613,-0.808964,-0.541121,0,0,0,0
-0.443769,0.423571,1.246552,0.215545,1.264992,-0.588640,-0.240902,0,0,0,0
-0.080758,-1.521322,2.906591,-0.991762,0.025224,-0.458964,-0.210537,0,0,1,0
0.350945,-1.087471,2.353247,0.001794,0.235604,-0.938023,1.252879,0,0,0,0
-0.333105,0.439006,0.498471,0.102119,-0.302924,-0.972383,0.007210,0,0,0,0
0.119174,0.318399,1.594591,-0.825120,0.079219,-1.004798,1.418577,0,0,0,0
-1.394568,1.568568,0.678359,-1.138836,1.412202,-1.210475,-0.967874,0,0,1,1
0.489794,-1.077888,1.091992,-0.344433,-0.377395,0.162549,-0.762366,0,0,0,0
-1.042727,0.751193,0.682924,0.148761,0.201562,-0.822540,-1.518390,0,0,0,0
-0.406699,-0.339276,1.854266,0.456160,1.429716,0.358372,0.267751,0,0,0,0
-2.207199,1.380048,1.673684,-0.365511,1.553130,-1.219209,-0.973867,1,1,0,0
0.235754,1.258722,-0.039061,-0.786415,0.058119,0.882256,2.383461,0,0,0,0
0.064005,0.891151,-0.880019,0.083554,-0.244517,-0.150678,-0.136181,0,0,0,0
0.216223,0.609108,-0.724738,0.132509,-0.438943,-0.765464,0.437916,0,0,0,0
-0.023858,0.480916,-0.522574,0.497848,-0.366620,-1.027382,0.228126,1,0,1,0
0.663786,-0.436367,1.245659,0.019132,-0.657461,-0.829562,0.713324,0,0,0,0
-0.754275,0.523885,0.970391,0.823189,0.099863,-0.917365,0.006488,0,0,0,0
-0.702047,0.567702,0.319082,-0.168811,0.549496,-0.845834,-0.551557,0,0,0,0
-0.982150,0.441099,1.022789,-0.056427,1.158505,-0.926397,-0.212852,0,0,0,1
0.737793,-0.832462,2.290181,-0.813112,-0.769468,-0.247409,0.837392,0,0,0,0
-0.194242,0.451599,1.073304,-0.639612,-0.352889,-0.423529,0.224258,0,0,0,0
-0.252336,1.007071,0.726614,-0.869989,-0.718367,-0.596727,0.872006,0,0,0,0
-1.317327,1.618348,0.161018,-0.432685,1.582016,-1.079762,-0.860510,1,0,0,1
0.567243,-0.629998,1.615658,-0.190113,0.263991,0.353869,-0.318197,0,0,0,0
-0.901613,0.897301,0.216022,0.369575,1.560303,-1.933766,-0.887537,0,0,0,0
-0.412702,0.430164,1.668438,0.265925,-0.176119,-0.073765,0.338063,0,0,0,0
-0.972697,1.140408,1.144077,0.430066,0.686572,0.616627,-0.502987,0,1,0,0
0.984387,-0.605773,1.702668,-0.357117,-0.111572,2.031645,1.623585,0,0,0,0
-0.372424,0.698312,0.845090,0.442436,0.577807,-0.499554,0.191056,0,0,0,0
-0.269367,0.522885,0.592748,0.412234,0.428717,-0.212311,0.401734,0,0,0,0
-1.308990,1.273234,0.626891,0.481481,0.833319,0.084245,-0.935874,0,1,1,0
0.878002,-0.874125,1.547532,0.186522,-0.007934,0.125149,0.865828,0,0,0,0
-0.111964,0.418783,-0.103912,0.658269,-0.234592,-0.394118,0.471625,0,0,0,0
-0.061850,0.597528,-0.378161,0.237414,-0.482679,0.831395,-0.532389,0,0,0,0
-0.714852,0.437831,0.941251,-0.400324,-0.317816,-0.605415,-1.457182,0,0,0,1
0.560438,-0.191183,2.511689,-1.030413,-0.642976,-0.316869,1.282168,0,0,0,0
-0.093380,0.091929,1.536298,-0.357837,-1.083019,1.335791,-0.041055,0,0,0,0
0.082138,-0.406073,1.752561,0.174458,-0.065674,0.081942,1.092441,0,0,0,0
-0.834110,0.731821,0.951999,0.186295,0.411935,-1.249525,-0.591473,1,0,0,1
0.890031,-0.793571,1.252067,0.134693,-0.090647,0.896753,0.581356,0,0,0,0
0.192190,0.328788,1.093831,0.510514,-0.744830,-1.200416,0.848980,0,0,0,0
-0.664047,0.489872,0.909659,0.086983,0.077522,-0.811966,-0.887156,0,0,0,0
-0.045472,-2.001983,2.132909,0.787782,0.573105,5.446151,-0.761566,0,1,0,0
0.534870,-1.126394,1.244257,0.178303,0.802400,1.331349,0.511678,0,0,0,0
-0.425123,0.411967,0.225435,1.079568,1.417549,1.544199,0.107524,0,0,0,0
-0.290807,0.954832,-0.063314,0.416420,1.223208,-1.151189,0.057845,0,0,0,0
-1.561678,2.372706,0.814177,-1.143099,1.889884,-0.929235,-0.328875,0,1,1,0
0.945949,-0.346307,0.903648,-0.536427,-0.280904,-0.210693,0.522266,0,0,0,0
-0.027505,-0.127200,0.992627,-0.623569,0.144656,-1.163024,-0.129358,0,0,0,0
0.100637,0.614876,0.331922,0.402823,0.802582,0.932526,-0.339516,0,0,0,0
-0.287440,-0.170107,1.651153,-0.619344,-0.186520,-0.096872,-0.641417,0,0,0,1
0.419123,-1.038088,2.259033,-0.571077,0.143476,-0.456041,-0.104666,0,0,0,0
-0.426153,0.733205,1.909753,-0.892951,-0.524821,-1.069190,0.230544,0,0,0,0
-0.447846,0.721582,2.285360,-0.435794,0.652115,-0.536697,0.428905,0,0,0,0
-1.566735,1.673872,2.819983,-0.781160,1.188881,-1.348867,0.204127,1,0,0,1
0.373420,-0.536889,0.990080,-0.122434,0.564583,-0.729031,0.103798,0,0,0,0
0.003071,-1.092437,2.492643,-0.345123,-0.224440,0.907943,-0.838186,0,0,0,0
0.304569,-0.805285,1.116530,0.290225,0.947085,2.267566,0.492631,0,0,0,0
0.108330,-0.355145,1.220022,1.168866,0.711614,-0.296416,0.238953,1,0,0,0
0.540079,-0.432926,1.230847,0.286185,0.552828,-0.635912,1.701482,0,0,0,0
0.211061,-1.183112,1.592919,0.633699,1.013969,0.133747,0.402813,0,0,0,0
0.142331,-0.045635,1.238306,0.923897,0.958785,-0.243120,1.131600,0,0,0,0
-0.911546,0.615264,1.159949,0.157574,0.025840,-1.577844,0.035245,0,1,0,1
0.330123,-0.413558,0.615129,0.419055,0.461224,0.603056,-0.935682,0,0,0,0
-0.084392,-1.030248,-0.118854,0.798972,-0.396037,-0.627791,-1.501646,0,0,0,0
0.210495,-0.287574,-0.697286,0.264302,-0.096161,-0.150205,-0.945894,0,0,0,0
0.358391,-0.071619,-0.422674,0.536325,-0.586305,1.962941,0.354371,0,0,1,0
0.657399,0.467842,-0.148264,0.518736,0.729680,0.111955,1.044476,0,0,0,0
0.618889,-2.139759,2.219046,-0.404114,0.175067,2.993245,-0.399608,0,0,0,0
-0.124807,-0.051723,-0.798594,1.005100,0.506486,-1.240017,0.743049,0,0,0,0
-1.061739,0.579050,-0.136041,0.162757,1.627572,-0.563951,-0.851894,0,1,0,0
0.313838,0.194625,-0.113381,-0.280752,-0.131868,0.426957,-0.052299,0,0,0,0
-0.860924,0.629736,0.744196,-0.046935,1.281132,-1.016409,-0.547327,0,0,0,0
-0.656774,0.701388,0.281345,0.227300,2.227409,0.296342,0.177314,0,0,0,0
-1.250269,1.248480,0.599739,-0.556498,1.875262,-0.204352,-0.290545,1,0,0,1
1.071903,0.664708,-0.873333,-0.224400,-1.002730,0.596582,2.083933,0,0,0,0
0.780447,-0.062618,-0.597391,0.355857,-0.992755,-0.422979,0.191850,0,0,0,0
0.883441,-0.359331,-0.352768,0.141207,-0.906917,0.265225,0.237278,0,0,0,0
0.022676,-0.060985,0.196464,0.882500,-0.438375,-0.376107,-0.377601,0,0,1,1
1.026071,-0.967198,0.270349,0.707150,0.149422,1.325277,0.711620,0,0,0,0
-0.478067,0.453397,-0.033577,0.992702,0.892099,-0.144665,-0.182822,0,0,0,0
0.574167,-0.208885,-0.143701,0.529639,0.460302,2.692561,0.282283,0,0,0,0
0.183546,-0.328138,-0.748943,0.589571,0.500112,0.655990,-0.594154,0,0,0,0
0.452130,-1.213076,0.553298,0.160413,0.422465,0.950997,-0.794039,0,0,0,0
-0.856979,0.436997,0.175959,0.176893,0.390943,0.463414,-1.230448,0,1,0,0
0.366817,0.521773,0.323655,0.078407,0.469961,-0.533249,1.249079,0,0,0,0
-0.717173,0.985652,0.323653,0.267594,0.767830,-0.721953,-0.924063,1,0,0,1
1.251040,-0.480627,0.192562,-0.995084,-0.403532,0.206894,1.246671,0,0,0,0
0.591774,0.471282,-0.640396,-0.705671,0.122263,-0.201254,0.340865,0,0,0,0
0.137855,0.480545,-0.663206,-0.232124,0.396046,-0.543373,0.328833,0,0,0,0
0.020093,0.587842,-0.943596,-0.203148,0.092881,-0.553615,0.432527,0,0,0,0
0.607370,-1.049495,0.452588,-1.260300,0.104382,-1.222751,0.492336,0,0,0,0
-0.026742,0.409641,-1.017827,-0.088204,0.368705,-1.147526,0.264037,0,0,1,0
-0.136450,0.472259,0.257168,-0.020115,0.044082,-0.297281,0.674427,0,0,0,0
-0.852117,0.940287,0.257018,-0.051323,0.654176,-0.222946,-0.488646,1,0,0,1
0.485447,-0.714440,1.052469,0.022116,0.532410,1.652636,-0.202904,0,0,0,0
-0.800833,0.479672,0.024300,0.198806,0.767612,-0.601514,-0.850879,0,0,0,0
-0.716292,1.176327,0.728479,-0.518225,1.131888,-1.336328,-0.393889,0,0,0,0
-1.324308,1.491013,0.768964,0.017585,1.364137,-0.345601,0.212254,0,1,0,0
0.786480,-1.669232,2.291481,0.127444,0.223474,-0.152980,0.905168,0,0,0,0
-1.226019,1.223899,0.667902,0.027704,1.448487,-0.836639,-0.806800,0,0,0,0
0.310381,0.406004,1.047670,0.191835,0.850428,0.494859,1.108088,0,0,0,0
-0.253494,-0.824426,1.332707,-0.077520,0.953492,1.047440,-1.115191,0,0,1,0
0.735076,-0.778937,1.657785,0.244359,0.228895,2.005880,-0.021897,0,0,0,0
-0.131038,-0.356153,1.789406,-0.287047,0.240785,-0.589044,-0.809500,0,0,0,0
-0.148886,0.224677,0.794909,0.815718,1.113703,0.243222,1.073255,0,0,0,0
-1.150364,0.951796,0.757052,-0.188342,2.215320,-1.168777,-0.433741,0,0,0,1
1.130038,-0.366741,0.658042,-1.673023,0.752332,0.450382,1.364781,0,0,0,0
0.419272,0.753303,-0.675160,-0.704383,0.869206,-0.467520,0.356690,0,0,0,0
0.162294,0.702679,-0.284838,-0.618720,1.113812,0.271154,0.236918,0,0,0,0
-1.273411,2.261448,-0.538312,-1.132914,2.835570,-1.393937,-0.238786,1,0,1,0
0.877495,-0.332850,1.359406,-0.235157,-0.376354,-0.050883,1.126006,0,0,0,0
-0.800209,1.232979,1.800467,-0.059121,-0.028683,0.495484,-0.029569,0,0,0,0
0.323425,0.383190,1.019572,-0.525504,0.237837,-0.278143,0.704787,0,0,0,0
0.052131,0.707957,1.237216,-0.272151,0.402216,1.254638,0.496095,0,0,0,0
0.419769,-0.439080,2.173820,-0.775279,0.854413,-0.210244,0.423771,0,0,0,0
0.167065,-0.347996,1.229283,-0.584070,0.324214,-0.508514,0.308446,0,1,0,0
0.228732,0.676837,1.788862,-0.422595,0.356648,-0.048239,2.103830,0,0,0,0
-0.943835,1.417783,2.137533,-1.043677,1.113970,-0.200986,-0.074666,0,0,1,1
0.968252,0.325727,0.353752,0.594801,-0.303460,0.683950,1.101122,0,0,0,0
0.965419,0.103527,-0.043407,-0.157514,-0.824649,2.733735,0.673066,0,0,0,0
0.797855,0.016058,0.666113,-0.170727,-1.104713,0.722962,0.424831,0,0,0,0
0.678680,0.270626,0.325285,-0.091089,-1.059236,-1.063690,0.421357,0,1,0,0
0.727219,-0.579379,1.255351,-0.713221,-0.113235,-0.059720,1.425607,0,0,0,0
0.074481,0.583298,-0.106171,-0.210806,-0.778909,-1.018836,0.394463,1,0,0,1
0.680909,0.196737,0.387405,0.487665,-0.705247,0.825265,0.548773,0,0,0,0
0.033682,0.632452,0.810377,0.362716,-0.527991,0.277659,0.413231,0,0,0,0
-0.513264,0.098344,0.755996,0.273142,0.173543,-0.730639,0.257805,0,0,0,0
-1.016709,1.110992,-0.342882,-0.172863,0.409933,-0.418827,-1.173734,0,0,0,0
-0.273233,1.136941,-0.304259,0.051664,-0.216836,0.279162,0.999188,0,0,0,0
-1.031149,1.062412,0.444139,0.115842,0.597016,-0.195025,-0.045386,1,0,0,0
0.124558,0.490558,-0.359580,-0.526627,-0.451496,-0.829544,0.436072,0,0,0,0
-0.887041,0.785645,-0.227844,-0.316510,0.380702,-1.303347,-1.334588,0,0,0,0
0.380966,0.170997,0.792331,0.259893,0.653603,0.277112,0.821408,0,0,0,0
-1.017599,1.696436,0.343343,-0.427741,1.435443,-0.762370,0.254065,0,1,0,0
0.469562,0.528213,0.237300,-0.327909,0.253949,1.064860,0.697803,0,0,0,0
-0.779034,1.720015,0.154267,0.095903,1.305754,-0.454639,0.187486,0,0,0,0
0.425436,0.507796,-0.353164,0.246363,0.321331,-0.063510,1.010729,0,0,0,0
-0.642400,0.795433,-0.004529,0.249940,0.693155,-0.533285,-0.813267,0,0,1,1
1.114525,-0.490144,-0.607894,0.642901,-0.481671,2.205024,0.449416,0,0,0,0
0.824825,-0.423234,-0.591040,0.968543,-0.991390,0.287174,-0.015769,0,0,0,0
0.277110,0.071182,-0.463321,0.988751,-0.708038,-0.026950,-0.367835,0,0,0,0
0.071731,0.029005,-0.617889,1.274845,0.128709,0.947299,0.449029,0,1,0,0
0.151199,0.252023,0.150144,1.815925,-0.167064,-0.084570,0.967352,0,0,0,0
-0.566609,0.176538,0.362902,1.358846,0.003094,-0.732819,-0.396490,1,0,1,0
1.115201,0.283005,-1.122994,0.232616,-0.946971,1.219639,0.764734,0,0,0,0
0.785089,-0.261501,-1.322568,0.341214,-0.843652,0.061065,0.243984,0,0,0,0
0.927785,-0.455237,-0.211686,-0.259277,-0.780226,0.284772,0.335256,0,0,0,0
0.229716,-0.182621,-0.647236,1.272231,-0.214050,0.767635,-0.143993,0,0,1,0
0.396830,0.331020,-0.143788,1.659682,0.122203,-0.332502,1.643782,0,0,0,0
-0.426982,0.297608,-0.406679,0.313183,-1.210285,-1.366375,-1.076490,0,1,0,1
0.948094,0.204679,-0.106787,-0.019048,-1.096146,1.265501,1.174157,0,0,0,0
0.675587,0.170338,-0.760346,0.551765,-1.099498,-0.670923,0.318037,0,0,0,0
0.435385,0.020517,-0.637461,0.416021,-0.708857,-0.076049,0.088677,0,0,0,0
0.388300,0.424069,-0.436472,0.511794,-0.875952,0.661589,0.079364,0,1,0,0
0.177841,0.476432,-0.189521,0.788292,-0.781318,0.021265,0.479815,0,0,0,0
-0.532196,0.411223,-1.037220,-0.120642,-0.261468,-0.970716,-1.299778,0,0,1,0
0.026176,0.680967,-0.305639,1.173747,-0.140736,-1.711878,1.568338,0,0,0,0
0.917848,-2.742750,2.710583,0.199431,-1.498454,0.740732,1.785528,1,0,0,0
0.618889,-0.050236,-0.339212,0.648062,-1.194465,0.010187,0.303743,0,0,0,0
0.097788,0.086822,-0.098855,1.118036,-0.229273,0.948934,0.435140,0,0,0,0
-0.017510,0.357822,0.109490,1.091104,0.079976,0.471050,1.314953,0,0,0,0
0.193319,-0.835347,1.378770,-0.495103,-0.142704,0.358045,-0.412547,0,1,0,1
1.209067,-0.090480,-0.207709,1.282731,-1.266316,1.000824,0.963957,0,0,0,0
0.957354,-0.324850,-0.714685,1.088118,-1.442154,0.228104,0.733681,0,0,0,0
0.963588,-0.299566,-0.478831,1.302428,-1.026242,-0.585974,0.625195,0,0,0,0
0.191236,0.160077,-0.148012,1.060204,-0.184158,-0.691997,-0.568686,0,0,1,0
0.693008,0.018300,-0.285537,0.867849,-0.786628,-0.823076,0.942908,0,0,0,0
0.506744,0.178107,-0.172356,0.974329,-0.801539,-0.653727,0.477822,0,0,0,0
-0.051210,0.760334,0.516751,0.903081,0.080013,-1.064119,0.681165,0,0,0,0
-0.093822,-0.174757,0.489685,-0.307204,-0.520357,0.789249,-1.276626,1,0,0,1
1.018722,-0.296159,-0.872871,-0.363428,-1.084535,-0.357135,0.672595,0,0,0,0
0.950601,-0.319250,-1.232663,0.034879,-0.665690,-0.505443,-0.079752,0,0,0,0
0.816231,-0.540669,-1.412617,-0.173923,-1.303692,-0.702078,0.141837,0,0,0,0
0.261545,-1.043985,-0.940050,0.773468,-0.926764,-0.786709,-0.633922,0,0,0,0
0.744155,-0.324186,-0.286606,0.781931,-0.363247,-1.139174,0.826341,0,0,0,0
0.416818,0.058824,-0.759306,0.809575,-0.781016,0.237942,-0.226601,0,0,0,0
0.428765,-0.055938,-0.597004,1.023154,-0.344004,0.253284,-0.163184,0,0,0,0
0.114108,0.049934,-0.863280,0.519673,-0.863778,0.824449,0.095782,0,0,0,0
0.627147,-0.348830,0.899603,0.154368,0.012894,-0.115438,1.120178,0,0,0,0
0.068586,0.297556,-0.605027,0.380677,-1.092394,-0.418580,-0.047452,0,0,0,0
0.450366,0.687629,-0.705147,0.399951,-0.421847,0.976768,0.597971,0,0,0,0
-0.179716,1.092413,0.556648,-0.350010,-0.192684,-0.179212,-0.269493,1,1,0,0
0.740273,-0.903529,1.629691,0.054911,0.828782,-0.039952,1.948620,0,0,0,0
0.074037,-0.049366,0.292489,0.731349,-0.574354,-1.257833,-0.332684,0,0,0,0
-0.643233,1.183694,0.211139,-0.098027,0.752588,-0.835510,-0.506760,0,0,0,0
-0.469615,0.236273,1.414715,-0.521600,1.761192,1.475925,-0.316656,0,0,0,1
0.737814,-0.239712,1.988715,-0.384204,0.460591,1.049808,1.473205,0,0,0,0
-0.380812,0.805831,0.866477,-0.106459,0.350461,0.535104,-0.074895,0,0,0,0
-0.148628,1.065030,0.318712,-0.338121,0.566503,-1.654648,0.189694,0,0,0,0
-1.278074,2.312778,0.020347,-0.972716,1.986427,-0.423955,-0.221442,0,0,1,0
0.316780,0.363255,1.459600,-0.390833,-0.227806,0.501535,1.172819,0,0,0,0
-0.260078,1.053969,1.017018,-0.483978,-0.555762,-0.180390,-0.122443,0,0,0,0
0.681543,-0.644847,1.334525,0.077552,-0.815934,-1.477463,-0.296023,0,0,0,0
0.132208,-0.978158,1.714964,-0.072966,-0.772581,-0.812732,-1.037637,0,1,0,0
0.941510,0.625527,-0.157006,-0.215887,-1.360212,0.952412,1.289573,0,0,0,0
0.350167,0.039420,0.671540,0.312349,-0.560573,0.243067,0.200350,0,0,0,0
0.310908,0.368884,-0.296394,0.462611,0.546056,-0.584094,0.685595,0,0,0,0
-0.525865,0.539491,0.682981,0.087669,1.412829,-1.067882,0.104240,1,0,0,0
0.966914,0.155071,-0.420096,0.365898,-0.694071,-0.224839,1.266767,0,0,0,0
0.366377,0.178375,-0.825493,0.775348,0.755350,-0.500907,0.102414,0,0,0,0
-0.094978,0.986896,-0.072140,0.116650,1.116605,-0.496573,0.109750,0,0,0,0
-0.771084,1.207231,-0.084219,-0.069227,1.875285,0.294702,-0.545856,1,0,0,1
1.005254,0.609463,-1.302957,0.276501,-0.849787,-0.551636,1.316380,0,0,0,0
0.873844,0.590019,-1.044683,0.520491,-0.854414,-0.272811,0.310552,0,0,0,0
0.767815,-0.227065,-0.914237,0.868406,-1.336872,-0.205279,0.107095,0,0,0,0
0.491746,-0.062042,-0.822027,1.282636,-0.956821,0.322017,-0.209497,0,0,0,0
0.852234,-0.232145,0.334317,0.355696,0.041348,1.384777,1.661653,0,0,0,0
0.281126,0.564704,-0.303019,0.960517,-0.530338,1.231967,0.009007,0,0,0,0
0.517193,0.403184,-1.113692,0.318745,-1.051327,0.533490,-0.069864,0,0,0,0
-0.397166,1.076758,-0.920274,0.150034,0.105890,-0.804729,-0.891506,0,0,0,0
0.619516,-0.663656,0.776465,-0.246830,0.576359,0.341245,1.538881,0,0,0,0
-0.465661,0.877267,-0.889418,0.277845,0.396506,-0.964428,-0.979009,0,0,1,0
0.996104,-1.357345,1.352271,0.590586,-2.366615,-1.590169,0.175860,0,0,0,0
1.088841,-1.466091,1.879482,0.559216,-2.276244,0.011588,0.222627,0,1,0,0
1.287142,-0.676858,0.525072,0.321527,0.735348,1.904264,1.437199,0,0,0,0
0.626871,0.254757,-0.474830,0.471480,-0.108470,0.426816,0.055885,0,0,0,1
0.806272,-0.092138,-0.235411,0.202099,-0.351534,0.542051,0.870123,0,0,0,0
0.615035,-0.608556,-0.478563,0.361940,-1.116600,0.675009,0.332199,0,0,0,0
0.782773,-0.788480,0.462987,1.444122,-0.575642,-0.839258,1.198571,0,0,0,0
0.592777,-1.071385,0.999509,0.631444,-0.141173,-0.668593,-0.165737,0,0,1,0
0.744534,-0.507362,-0.680457,0.831873,-0.671548,0.455342,-0.028652,0,0,0,0
0.651618,-0.285829,-0.513422,0.916234,-0.902109,0.689203,-0.080285,0,1,0,0
1.004455,-0.662440,-0.212967,1.499693,-0.691438,0.314092,0.606476,0,0,0,0
0.508030,-0.445776,0.172811,1.977068,-1.156591,-0.198366,0.099688,1,0,0,0
0.564448,-0.499673,-0.417152,1.504531,-0.793191,-1.679000,0.095249,0,0,0,0
0.765623,-0.276613,-0.028421,1.396772,-0.008677,0.033138,0.788302,0,0,0,1
0.667861,-0.454239,-1.011061,1.373183,-0.158527,1.660888,0.537004,0,0,0,0
0.374483,0.451593,-0.589449,1.024115,-0.624269,-1.042875,0.358662,0,0,0,0
0.702620,-0.112351,-0.650801,1.106564,-0.435088,-0.116434,1.327675,0,0,0,0
0.176259,-0.099839,-0.124736,1.605709,-0.186105,0.137837,0.492993,1,1,0,0
0.895917,-0.658300,-0.315355,0.392110,-1.232639,1.773001,0.270865,0,0,0,0
0.490971,-0.143729,-0.294319,0.641555,-0.854928,2.096126,0.099232,0,0,1,0
0.488560,-0.462393,-0.456976,0.711869,0.760056,0.660729,0.445635,0,0,0,0
0.179099,0.061120,-1.156364,0.415868,0.561886,-0.805260,-0.572590,0,0,0,0
-0.965268,-1.146521,1.151166,-1.824317,0.617058,-1.463495,-2.085350,0,0,0,0
-2.591850,-0.123618,0.578329,-1.262152,0.251746,-0.473687,-2.877236,0,0,0,0
-2.797432,-0.867060,0.802905,-0.275434,1.091190,-0.360419,-1.375027,0,0,0,0
-1.941470,-2.153430,-0.809060,0.276520,-0.218859,1.830091,-2.699282,0,1,0,1
0.599499,0.120477,-1.042253,1.348241,-0.004508,-0.280346,1.254918,0,0,0,0
0.455715,-0.196478,-0.818076,0.586164,0.077278,-1.591388,-1.000980,0,0,0,0
0.326223,-0.723632,-0.630305,0.986024,-0.416402,-0.511155,-1.052308,0,0,0,0
0.338826,-0.338977,-0.669524,0.298629,-0.807871,0.197739,-1.013617,0,0,0,0
0.761013,-0.990062,-0.698434,1.134283,-0.875640,0.019699,-0.560546,0,0,0,0
0.865005,-0.721182,-0.644501,0.577673,-2.355271,1.215795,-0.827748,0,0,0,0
-0.079058,-0.448748,-0.434085,0.327007,-0.532254,-0.368720,-1.491254,0,0,0,0
0.818734,-1.155699,-1.035097,1.089698,-1.588072,0.705047,-0.406469,0,0,0,0
0.466800,-1.235829,-1.367438,1.032645,-0.845111,0.786512,-0.576675,0,0,0,0
0.192375,-1.498934,0.546775,-0.078806,-1.482406,-0.113542,-1.458559,0,0,0,0
0.962790,-0.952047,-0.807789,0.077928,-3.322840,0.392390,0.087621,0,0,0,0
0.223987,-0.879935,-0.748996,0.594524,-1.579904,-0.655569,-1.025062,0,0,1,1
1.612949,-0.555594,-1.713523,-0.272529,-0.430079,1.202869,2.481509,0,0,0,0
1.302140,-1.052204,-1.136920,0.120996,-0.082952,0.670840,0.368215,0,0,0,0
1.406304,-1.356957,-0.723280,-0.075683,-0.205821,0.142918,0.860236,0,0,0,0
0.598861,-1.359048,-0.317414,0.257945,0.341791,0.521461,0.291144,1,0,0,1
0.913355,-0.593186,0.340145,0.246740,0.055499,-0.117568,0.229353,0,0,0,0
0.344527,-0.469173,-0.089905,0.851078,-0.443386,0.044202,-0.666787,0,0,0,0
1.006713,-0.279522,-0.469894,0.640659,1.064365,-0.113959,0.620045,0,0,0,0
0.475727,-0.125595,-0.022537,0.169468,-0.196734,-0.264377,-0.258677,0,0,1,0
1.347894,-0.267973,-0.456151,-0.020639,-0.479012,0.781208,1.298241,0,0,0,0
1.080929,-0.587995,0.074779,-0.205025,-0.362004,0.120747,0.222144,0,1,0,0
1.027126,-0.055723,-0.582172,0.067777,-0.137510,1.226311,1.121210,0,0,0,0
0.897874,-0.177682,-0.645024,0.687089,-0.905736,1.465242,0.520958,0,0,1,1
1.238266,-0.696799,-0.767333,0.343611,-0.749141,2.011866,0.426377,0,0,0,0
0.665178,-0.022423,-0.094250,0.778081,-0.168906,-0.892981,0.431889,0,0,0,0
0.824437,-0.472504,0.031369,0.111313,-0.827110,-0.262824,0.113832,0,0,0,0
0.050124,-0.276988,0.831916,0.013993,-0.030660,-0.406978,-0.686479,1,0,0,0
1.406508,-0.670357,-0.288015,1.045315,0.460137,-0.452902,1.431352,0,0,0,0
0.888815,-1.377417,0.260558,0.661881,0.323066,0.593559,0.218053,0,0,0,0
0.589460,-0.262085,0.172301,0.987818,0.348567,0.107231,0.127381,0,0,0,0
0.159625,-0.361267,0.014235,-0.470861,0.477584,-0.662233,-0.639823,1,1,0,0
1.457217,-0.389513,-0.684310,-0.449418,-0.226605,0.055739,0.993796,0,0,0,0
1.263751,-0.616340,-0.747516,-0.356939,0.010307,0.536338,0.499487,0,0,0,0
1.237575,-0.496436,-1.180795,-0.116614,-0.860349,0.777388,0.628019,0,0,0,0
0.784562,-1.243467,0.395909,0.001459,-1.086380,-0.528114,-0.225884,0,0,1,0
1.007876,-0.371665,-0.640074,0.815362,1.005883,0.187646,1.338705,0,0,0,0
1.054566,-1.030543,0.603640,0.531164,1.185513,-0.039719,0.566461,0,0,0,0
1.113833,-0.426774,-0.601629,0.381823,0.561101,0.029191,1.094959,0,0,0,0
0.041673,0.700056,-0.295970,-0.376656,1.502324,-0.531630,-0.343780,0,1,0,0
1.482867,-0.195321,-0.572922,0.727103,-0.553961,0.015917,1.555727,0,0,0,0
0.986528,-0.761277,-0.550657,-0.317351,-0.014542,-0.060269,0.035079,0,0,0,0
0.917539,-0.607767,-0.206908,-0.509339,-0.645063,1.734597,-0.047377,0,0,0,0
-0.188523,0.807324,0.209434,-0.654552,0.420930,-1.184417,-0.410236,0,0,0,1
1.202409,-0.073160,-0.301687,-0.133474,0.310397,0.480544,1.923754,0,0,0,0
0.774776,-0.485765,-0.543620,-0.147056,0.403687,1.301887,0.456035,0,0,0,0
0.940794,0.380486,-0.372469,-0.423991,-0.311226,0.635573,0.957386,0,0,0,0
0.110509,0.775520,0.911360,-0.814130,0.776244,-1.081192,0.171554,1,0,1,0
0.733010,0.108688,0.413042,0.081707,-0.312877,-0.196464,0.022523,0,0,0,0
0.208025,-0.467335,1.012150,-0.413926,0.296570,-0.337823,-0.841915,0,0,0,0
0.593198,-0.017325,0.509042,-0.029602,-1.481643,1.158067,-0.053900,0,0,0,0
0.040666,0.083219,0.522854,-0.721739,0.919844,-0.700496,-0.167631,0,1,0,0
0.980395,-0.247967,0.610734,0.022001,-0.629111,-0.992165,0.779529,0,0,0,0
0.754974,-0.103458,1.156237,0.127513,-0.737508,-0.857334,0.258785,0,0,0,1
0.404024,0.125487,-0.496392,0.836604,0.232005,-1.201937,0.867914,0,0,0,0
1.044963,-0.058822,-0.857006,-0.501093,0.052323,0.571756,0.475003,1,1,0,0
1.055647,-0.114542,-0.647910,-0.380723,-0.426193,0.370382,0.486513,0,0,0,0
0.391811,-0.204753,0.566071,-0.388494,0.656511,-1.653835,-0.223849,0,0,0,0
0.896597,0.189832,-0.349093,-0.209233,-0.919138,-0.854707,0.668796,0,0,0,0
-0.175864,-0.159614,0.485176,-0.445207,0.949202,-0.607377,-0.698125,0,0,0,1
1.075384,0.443659,-0.665221,0.216065,-1.587521,1.342595,1.301362,0,0,0,0
1.129396,-0.293141,0.334475,-0.474463,-0.542937,0.843313,0.427543,0,0,0,0
0.886111,0.089155,-0.088664,-0.302177,-0.512728,0.504453,0.715429,0,0,0,0
-0.065445,0.118601,0.599893,-0.388395,0.750948,-0.208739,0.108526,0,0,1,0
1.140597,-0.312355,0.179459,0.240076,-0.714986,0.170468,0.447551,0,0,0,0
0.884275,-0.717575,0.452796,0.286502,-0.244227,-0.725115,-0.150306,0,0,0,0
0.795447,-0.007705,-0.824222,-0.237007,-0.933666,0.005881,-0.057109,0,0,0,0
0.177313,0.060035,0.406497,-0.295879,0.136065,-0.648904,-0.653988,0,1,0,0
1.165655,-0.045737,-0.493164,-0.057785,-1.377648,-0.220367,1.487451,0,0,0,0
1.199711,-0.527620,-0.001969,-0.237012,-0.717853,0.906526,0.564263,0,0,0,0
0.873620,0.354863,-0.731838,0.615685,-0.644639,-0.940971,1.270819,0,0,0,0
0.013798,0.092045,0.174430,-0.407061,0.402426,-0.573889,-0.501444,1,0,0,0
1.156124,0.158331,-0.849170,-0.112718,-1.229639,0.785963,0.801777,0,0,0,0
1.079225,-0.348092,-0.591063,0.034382,0.155496,-0.110949,0.303027,0,0,0,0
0.888495,0.057645,-0.524087,-0.187091,-0.914118,1.025063,0.694303,0,0,0,0
0.211969,-0.408825,0.561072,-0.041257,-0.383623,1.509046,-0.085221,0,1,0,1
1.124464,-0.734418,-0.158051,0.930533,-0.208693,1.313523,1.166001,0,0,0,0
0.585967,-0.783581,-0.306564,1.358297,-0.159527,-1.250538,-0.154206,0,0,0,0
0.743098,-0.317081,-0.197846,0.843140,0.024523,-0.407635,-0.002202,0,0,0,0
0.161055,-0.656896,-0.861096,0.833266,-0.229497,0.161755,-0.192949,1,0,1,0
0.518218,-0.335479,-0.605055,0.237438,-0.607427,1.643543,0.335256,0,0,0,0
0.466541,-0.525845,0.834161,0.478773,0.326040,-0.146805,0.067132,0,0,0,0
0.819250,-0.225965,0.488154,0.289696,0.000368,-0.794623,0.419487,0,0,0,0
0.046145,0.180840,0.185300,0.570837,0.439702,-0.286603,0.015427,0,1,0,0
0.203460,0.439019,0.313712,0.925668,0.646607,-0.805154,1.407592,0,0,0,0
0.105037,-0.450232,1.272108,0.683012,1.457561,-0.860202,0.743130,0,0,1,0
1.130810,0.062718,-0.843002,0.184379,-0.027507,2.683575,1.287097,0,0,0,0
0.447999,-0.037382,-0.673070,-0.220469,0.656014,-0.215922,-0.506526,1,1,0,0
0.839173,-0.475327,-0.511162,0.145083,0.769225,1.249807,0.239364,0,0,0,0
0.585227,-1.092398,0.672235,0.224966,0.293317,1.010529,-0.753856,0,0,0,0
0.627431,0.070021,-0.085093,0.774980,0.557319,0.261332,0.106449,0,0,0,0
0.891642,-1.663009,1.297487,-0.558519,0.453279,0.097424,-0.185270,0,0,0,1
0.997594,-0.011494,-0.674481,0.208858,-0.121257,0.905532,2.321045,0,0,0,0
0.716686,-0.818008,-0.414510,-0.173510,0.650514,0.548100,0.024186,0,0,0,0
0.377334,-0.498452,0.912149,0.357892,1.439379,0.034236,-0.022097,0,0,0,0
0.561222,-0.841054,0.526235,0.676287,0.406984,2.049685,0.068044,0,1,0,1
0.852172,0.079647,-0.104829,1.113850,0.450702,-0.955582,0.986353,0,0,0,0
0.333621,-0.401084,1.006105,0.248702,0.029280,-0.808751,-0.105306,0,0,0,0
1.155849,0.112774,-0.971239,-0.662552,-0.516431,1.965365,0.808118,0,0,0,0
0.704063,-0.024229,0.308445,-0.090944,0.626304,0.098377,0.548530,0,0,1,0
0.445537,0.185376,0.370442,0.216099,0.596257,-0.873238,0.384324,0,0,0,0
0.320405,-0.579334,0.966586,-0.249408,0.451394,2.342427,-0.529285,0,1,0,0
0.607788,-0.103620,0.222145,0.741251,-0.012421,-0.218204,1.415046,0,0,0,0
0.543824,-0.498474,0.458753,-0.578860,1.154259,0.864165,-0.370054,0,0,1,1
0.574813,0.074780,-0.525480,0.569643,0.758235,0.487575,0.503844,0,0,0,0
0.419047,-0.559767,1.169790,-0.231179,-0.105478,-0.509666,-0.340218,0,0,0,0
0.138313,0.340388,-0.042629,0.174821,0.050827,-0.368044,-0.232903,0,0,0,0
-0.170183,-0.217149,0.630921,-0.293009,0.597262,-0.112862,-0.270163,1,0,0,0
0.988374,0.269132,1.151127,-0.280244,-0.117016,0.430626,1.566206,0,0,0,0
0.677023,-0.152458,1.668120,-0.470727,0.039963,-0.097182,0.044842,0,0,0,0
0.309257,0.472471,0.841137,-0.710649,0.201375,0.858531,0.149465,0,0,0,0
0.414396,-0.945085,1.060669,-0.480200,0.257959,0.786254,-0.421203,1,0,0,1
1.132631,-0.824241,1.577569,0.468467,-1.092175,0.139233,0.496233,0,0,0,0
1.324649,-2.067923,2.704182,-0.801474,-0.786929,-0.938915,0.331857,0,0,1,0
0.548761,0.327937,0.015925,0.229154,-0.389044,0.984068,0.289664,0,0,0,0
0.401364,0.105567,1.437073,0.016558,0.399179,1.032521,0.185287,0,0,0,0
0.824424,0.158670,0.422637,0.569777,-0.110102,-0.103266,0.659137,0,0,0,0
0.373051,-0.598281,1.563208,-0.162231,0.573973,1.778487,-0.137419,1,0,0,0
1.321769,-1.031510,1.390963,-0.139034,-0.650643,0.087282,0.967936,0,0,0,0
0.846251,-2.066729,2.708547,-1.157955,-0.458602,0.454140,-0.103370,0,1,0,0
0.976951,0.326767,0.551055,-0.040313,-1.312020,0.333465,0.604974,0,0,0,0
0.552692,-0.271473,1.125992,-0.820022,-0.964114,-0.557581,-0.398291,0,0,1,1
0.987191,0.339779,-1.354632,0.241725,-0.768936,0.049093,0.776536,0,0,0,0
0.725920,-0.145706,-0.063167,0.519438,-0.384026,0.114038,0.483410,0,0,0,0
0.644137,-0.449700,0.236205,0.038246,-0.542667,0.237796,0.007888,0,0,0,0
0.219861,0.122668,-0.187947,0.640264,-0.780612,-0.769156,-0.419456,1,0,0,0
0.235972,0.689435,-0.717997,0.786821,0.025706,-0.772876,-0.306930,0,0,0,0
0.002044,0.843111,-0.987565,0.288892,-0.028661,-0.801050,-0.287810,0,1,0,0
0.567605,0.910978,-0.810831,0.287984,-0.265018,-0.052366,0.364364,0,0,0,0
-0.093758,0.813132,-0.981476,0.112673,0.498994,-1.414226,-0.428614,0,0,1,0
0.169309,0.477100,-0.585847,0.643316,-0.182749,0.491558,-0.385299,0,0,0,0
1.077237,-1.589022,0.416751,0.956513,-1.472191,3.495714,-0.034979,0,0,0,1
1.272190,-0.167282,-0.985216,1.519177,-0.362766,-0.363416,1.618265,0,0,0,0
0.754077,-0.344386,-1.032042,1.262902,-0.227881,-0.738368,-0.224589,0,1,0,0
0.418334,0.532520,-0.866829,0.618346,-0.161445,-1.361730,0.039474,0,0,0,0
1.229515,-0.094167,-0.624728,-0.081535,-1.024897,-0.286749,1.137596,0,0,0,0
1.225946,0.434345,-0.970863,0.923976,-0.864330,0.812652,1.403174,0,0,0,0
0.872266,-0.592974,0.144587,0.733057,-0.845784,0.481451,0.176865,0,0,1,0
0.780784,-0.237877,-1.149438,1.806130,0.188929,-0.049041,0.684343,0,0,0,0
0.889613,0.465954,-0.858743,0.339538,-0.569476,0.223017,-0.035487,1,0,0,1
1.574807,-0.494018,-1.733536,0.144604,-0.676752,0.776809,1.762846,0,0,0,0
1.469353,-1.206948,-1.619874,-0.956826,-1.538482,0.207642,0.711388,0,0,0,0
1.381510,-0.782951,-1.202787,-0.702968,-1.266442,0.474144,0.568218,0,0,0,0
0.466510,-0.758046,-0.871730,0.163243,-0.627361,0.954873,-0.769479,0,0,1,1
0.704558,-0.377904,-0.183609,0.685597,-0.227401,0.995265,0.484472,0,0,0,0
0.147551,-0.131678,-0.708316,0.733758,0.281932,0.220747,-0.559277,0,0,0,0
1.205637,-0.021588,-0.867893,0.464036,-1.009673,0.531790,0.804148,0,0,0,0
0.632223,0.116709,-0.611439,0.558157,-1.129995,-0.043159,-0.272279,0,1,0,0
1.031518,-0.314119,-0.564608,0.513073,-1.558278,0.697590,1.796539,0,0,0,0
1.026560,-0.636775,0.320664,0.216970,-1.029189,0.637640,0.577359,0,0,1,0
1.189191,-1.426564,1.007248,0.208223,-1.314685,0.364210,1.825977,0,0,0,0
1.146113,-0.211893,-0.258326,-0.355550,-1.295603,0.606971,0.743439,1,1,0,0
1.347746,-0.423364,0.078154,0.224312,-0.258669,0.517437,1.534494,0,0,0,0
0.830767,-0.054071,-0.403652,0.065186,-0.547043,-0.056805,0.326452,0,0,0,0
1.150132,-0.419740,-0.520188,-0.097761,-0.279685,0.704041,1.313740,0,0,0,0
0.561019,-0.267742,-0.375574,0.395708,-0.592832,0.334673,0.271404,0,0,1,0
1.274027,-0.584732,-0.214527,0.628349,-0.634213,0.695925,1.679975,0,0,0,0
1.051818,-1.099124,0.110463,0.446386,0.137805,0.676631,0.253333,0,0,0,0
0.494966,-0.625017,-0.625487,-0.274450,-0.473912,-0.267715,-0.269081,0,0,0,0
-0.128872,0.184098,-0.271490,0.267173,0.050388,-0.568030,-0.389379,0,0,1,1
1.367399,-0.401609,-0.858019,0.222965,-1.419366,0.217639,0.749368,0,0,0,0
1.353433,-0.723827,-0.690479,-0.819160,-0.849366,0.069010,0.625080,0,0,0,0
1.136112,-0.824699,-0.802998,-0.121023,-0.021814,0.548860,1.411688,0,0,0,0
0.932074,-0.634921,-0.822033,-0.093634,0.013758,1.014137,0.736379,1,0,0,0
1.116243,-0.980800,0.081818,0.425184,-0.077002,-0.210521,0.911078,0,0,0,0
1.143307,-1.555207,0.304624,0.441011,0.760261,0.078033,0.604571,0,0,0,0
0.801702,-0.963657,-0.592980,0.569902,1.101319,0.474152,0.980106,0,0,0,0
0.795892,-1.426789,0.307705,0.372525,-1.401221,0.734245,-0.053842,0,0,0,1
1.236971,-0.550843,-1.116214,0.631213,-0.001463,1.280275,0.747430,0,0,0,0
1.154841,-1.253209,-0.000428,-0.228162,0.358051,0.322929,0.978985,0,0,0,0
1.088378,-1.137412,-0.301092,0.921854,0.443534,1.341558,0.949794,0,0,0,0
0.138767,0.093046,-0.242684,0.015301,0.727792,-0.504132,-0.239182,0,0,1,0
1.287372,-1.535072,0.249541,0.710897,-0.461743,-0.066518,1.512043,0,0,0,0
0.663558,-1.073882,0.804842,0.843272,-0.294230,-0.135378,0.435871,0,1,0,0
1.357069,-0.523849,-1.294592,0.665476,-0.754790,1.205545,0.881176,0,0,0,0
0.794628,-0.485181,-0.614234,0.960992,-0.679802,-0.229683,-0.014643,0,0,0,1
0.613379,0.036635,-0.278755,0.747019,-0.626177,0.541608,1.970691,0,0,0,0
0.276400,-0.379745,0.057263,0.955599,-0.590283,-0.543340,-0.191157,0,0,0,0
0.431591,0.022679,-1.008318,0.729290,-0.304173,0.311790,1.034724,0,0,0,0
0.143951,-1.012050,0.893826,2.404460,0.231310,0.482012,0.553093,0,1,0,0
1.111491,0.108217,-0.735291,0.730940,-0.489289,1.328392,1.407539,0,0,0,0
0.978182,0.288463,-0.951366,0.596951,-0.888237,-0.731576,0.837268,0,0,0,0
0.888023,-0.265781,-0.778819,1.146019,-1.086734,0.648106,0.365439,0,0,0,0
0.686288,-0.247306,-0.311201,0.926095,-1.335088,0.320923,0.428343,0,0,0,0
0.940577,-0.695153,0.287099,0.872110,-0.763094,0.127552,0.735417,0,0,0,0
-0.739220,0.485092,0.416941,0.746800,0.279695,-0.592013,-0.499263,1,0,0,1
1.375372,-0.318955,-1.348591,0.795520,-1.042634,0.032460,1.896016,0,0,0,0
0.961672,-0.689976,-1.837950,1.135704,-0.500501,-0.539974,0.354841,0,0,0,0
1.037545,-0.492517,-1.030373,1.100411,-1.065057,-0.107863,0.648688,0,0,0,0
1.016796,-0.590322,-1.610866,1.379270,-0.553903,0.100822,0.712658,0,0,0,0
1.054622,-0.604771,-1.112898,1.398416,-0.966182,0.983710,1.460784,0,0,0,0
0.845258,-0.588584,-1.728675,0.613313,-1.009015,-0.233641,0.835704,0,0,1,0
0.418317,0.130994,-1.386199,0.437455,0.723318,-0.221665,1.159467,0,0,0,0
0.298253,0.458840,-1.606884,0.602359,0.381334,0.025706,-0.138324,0,0,0,0
0.126616,0.136647,-1.167307,0.610729,0.094495,0.966718,-0.138067,0,0,0,0
-0.245693,0.359614,-0.533728,0.508601,-0.661782,0.403719,-0.116624,0,1,0,0
1.152438,0.085262,-0.903110,-0.209654,-0.451096,-1.054519,1.477195,0,0,0,0
0.530646,0.084884,-1.131733,0.549272,-0.402279,-0.324482,0.500273,0,0,0,0
0.186177,0.409833,-0.427390,0.644599,-0.712333,0.696460,0.138000,0,0,0,0
0.613899,-0.260457,-0.055129,1.169708,-0.297244,0.986597,0.309186,1,0,0,0
0.598254,0.668648,-0.363773,0.978511,-0.011474,-0.601860,1.024880,0,0,0,0
0.426643,0.704865,-0.677876,0.432496,-0.599196,-0.135003,0.656687,0,0,0,0
0.012694,0.859764,-0.086337,-0.092431,-0.572460,0.000608,0.509893,0,0,0,0
-0.236027,0.272160,1.022940,-0.771911,0.209205,-0.219171,-0.956333,0,0,1,1
1.036314,0.138791,-0.831563,0.450270,0.189886,0.095361,1.196208,0,0,0,0
0.666766,-0.055436,-0.878408,0.726071,-1.043224,0.071822,0.882859,0,0,0,0
0.391314,0.009310,-0.226561,1.343073,-0.173650,-0.943728,0.533342,0,0,0,0
0.091764,0.201809,-0.460624,1.173628,0.177923,0.015428,0.204130,1,1,0,0
1.005867,-0.415997,-0.348943,0.221689,-0.851799,-0.039265,0.395998,0,0,0,0
0.721469,-1.153043,-0.053629,-0.281117,-0.723581,-0.716153,-0.506001,0,0,0,0
0.663012,-0.250609,0.398260,0.168043,-0.168846,-1.420247,0.358044,0,0,0,0
-0.148492,-0.313245,0.410382,0.243971,0.529640,0.379594,-0.846646,0,0,1,0
1.053162,-0.452219,-0.281993,-0.158656,0.656211,0.907797,1.649825,0,0,0,0
0.734573,-0.670950,-0.087043,-0.260703,0.978299,-0.595456,-0.186396,0,1,0,0
0.774034,-0.111971,0.125946,-0.769295,0.423314,-1.014215,1.170418,0,0,0,0
-0.109936,0.759466,0.323056,-0.475224,1.355524,-0.747520,0.307274,0,0,1,1
0.623233,0.563760,0.165466,0.209379,-0.503230,-0.008799,0.349342,0,0,0,0
0.390232,-0.612453,1.923943,-0.360338,-0.254397,1.308843,-0.311814,0,0,0,0
0.132698,-0.457140,-0.284822,-0.295283,0.569325,0.171066,-1.261054,0,0,0,0
0.129902,-1.566755,0.995866,-0.224707,0.075873,-0.080827,-1.232050,1,0,0,0
0.412603,-0.551523,0.083424,0.683757,-0.547493,-0.265458,0.678806,0,0,0,0
0.141356,-1.315635,1.326629,0.947607,0.803722,0.109664,-0.128196,0,0,0,0
0.531824,0.021473,0.190580,0.297025,0.589911,-0.973083,0.084406,0,0,0,0
-0.459373,0.964387,-0.079896,-1.019402,1.746424,-0.483144,-0.564363,1,0,1,0
0.863055,-0.348511,0.130329,-0.178289,-0.902684,-0.713035,0.551852,0,0,0,0
0.377271,-1.378451,1.278226,-0.932991,-0.380339,0.055197,-0.333438,0,0,0,0
0.493882,-0.505389,1.096474,-0.670629,0.545529,0.299870,0.571037,0,0,0,0
0.189559,-1.407440,3.134254,-0.758332,-0.167243,2.294462,-0.099539,0,0,1,0
0.876716,0.019243,-0.363110,0.498955,0.247756,-0.174003,2.237009,0,0,0,0
0.975093,-0.742680,1.016710,-0.295211,-0.064369,-0.256813,0.676613,0,0,0,0
0.563968,-0.290721,0.067989,0.316248,0.468614,0.266335,0.034863,0,0,0,0
0.677978,-0.729232,0.740599,-0.355506,-0.078257,0.994627,-0.558130,0,1,0,0
0.912375,-0.041357,-0.106573,0.882365,-1.292490,1.306802,1.120783,0,0,0,0
0.261770,-0.736800,1.964533,-0.122805,0.148520,1.574658,-0.381223,1,0,0,1
1.122749,1.015221,-0.965773,0.818393,0.456015,2.116740,3.713994,0,0,0,0
0.925191,0.237321,-0.816363,0.802622,-0.230573,0.315330,1.953071,0,0,0,0
0.981146,0.166696,-0.467402,0.271367,-0.213445,-0.443365,1.789559,0,0,0,0
0.773703,0.248543,-0.406669,0.124741,-0.061579,-0.245822,1.862742,0,0,0,0
0.564986,0.795355,-1.219399,0.611160,0.390348,-0.371746,2.786151,0,0,0,0
0.085945,0.969547,-0.603165,0.103922,-0.173480,-0.741496,0.616580,0,1,1,0
1.554560,-0.946162,0.303015,0.203619,-1.763747,0.526238,0.716938,0,0,0,0
0.431671,0.083518,-0.811734,0.997806,-0.009676,-0.395157,0.512478,0,0,0,0
0.486696,0.332155,-0.526070,0.773928,-0.079211,0.915255,0.898396,0,0,0,0
0.235385,-0.013274,-0.344075,0.859476,0.177194,-0.238977,0.434136,0,0,0,1
1.497707,0.269549,-0.619307,-0.122795,-1.197065,0.629261,2.153957,0,0,0,0
0.636249,0.579805,-0.800905,0.508706,-0.390790,-0.034434,0.941037,0,0,0,0
0.683056,0.480814,-0.735591,0.481742,-0.465969,0.049281,1.690620,0,0,0,0
1.330758,-0.077040,-0.745746,-0.035839,-0.529608,4.263223,2.033800,1,0,0,0
1.127628,0.119913,-0.592781,-0.061237,-0.134929,0.657968,1.927200,0,0,0,0
0.790620,-0.145227,-0.964888,0.848624,-0.875432,-0.034168,1.125104,0,0,0,0
1.237677,0.189857,-0.741698,1.004711,-0.655092,2.962597,1.898056,0,0,0,0
0.163806,0.443341,-0.145547,0.095383,1.118883,-1.086144,0.659262,0,0,1,1
1.500727,-0.424594,-0.917448,0.730855,-1.293871,1.908847,1.459704,0,0,0,0
1.239699,-0.196741,-1.131992,1.494850,-1.079269,0.482577,1.567189,0,0,0,0
1.133375,-0.454816,-0.929712,1.383654,-0.965907,-0.130476,1.582449,0,0,0,0
1.007883,-0.338605,-1.471612,1.178904,-0.407904,0.185326,1.254948,0,0,0,0
0.404541,0.541259,-0.826845,0.949806,-0.000700,-0.985058,0.440317,0,0,0,0
0.094946,0.701094,-0.348387,0.944997,0.411890,0.096136,0.630008,0,0,0,0
-0.144107,0.377704,-0.394488,1.053604,0.232806,-0.975490,0.357688,0,0,0,0
-0.011154,-0.092604,0.084291,0.587360,-0.150306,0.529516,0.434751,0,0,1,0
0.734111,-0.951916,-1.290801,0.279817,0.024357,0.078908,0.633269,0,0,0,0
0.862516,-0.638094,-1.092291,0.922552,-0.921090,0.348476,0.990236,0,0,0,0
0.778723,-0.943640,-0.411520,1.562816,-1.200961,0.098531,1.077313,0,0,0,0
0.587572,-0.367227,0.655054,0.841003,-0.141322,-0.532647,3.020655,1,1,0,0
1.417564,-0.468307,-0.211604,0.599515,-0.344977,0.613998,2.309324,0,0,0,0
0.891656,-0.648109,0.358209,0.595476,-0.485704,0.551328,1.661410,0,0,0,0
1.166344,-0.800698,-0.202332,0.341023,-1.787090,0.347624,1.542902,0,0,0,0
1.089560,-1.297473,-0.288882,-0.058025,-1.063920,1.351951,0.827483,1,0,0,1
1.789221,-0.237816,-0.312479,0.134605,-1.010637,1.197758,2.584527,0,0,0,0
1.305905,-0.467707,-0.765799,0.103766,-1.613976,-0.040468,1.458090,0,0,0,0
1.336936,-0.702678,-0.411846,0.032477,-0.914480,-0.383386,1.127464,0,0,0,0
1.046443,-0.765242,-0.479969,0.516788,-1.209674,0.025718,0.705734,0,0,0,0
1.392414,-0.575629,-0.289826,-0.107163,-0.913901,1.179523,1.035966,0,0,0,0
0.733217,-0.085863,0.118700,0.216992,-1.035819,0.075100,1.205168,0,0,1,0
1.082170,-0.085451,-1.382010,1.222289,-0.331738,1.023263,2.747743,0,0,0,0
1.249759,-0.229000,-0.929395,0.170644,-0.810107,-0.763390,0.575814,0,0,0,0
0.980893,-0.427774,-0.613502,0.332508,-1.324461,-0.591721,0.738921,0,0,0,0
0.574770,-0.230312,-0.536021,0.834873,-1.010685,0.056263,1.267454,0,0,0,0
0.776849,-0.090535,-0.512479,0.864314,-1.352258,-0.877353,1.147176,0,0,0,0
0.199098,-0.337743,-0.058983,0.845456,-1.557289,-0.597383,-0.228321,0,0,0,1
0.969376,0.123246,-1.084167,0.789562,-0.169151,0.433176,2.487468,0,0,0,0
0.961813,0.193902,-1.172892,0.902133,-0.755406,-0.915931,1.949545,0,0,0,0
0.875461,0.282031,-1.245416,0.877986,-0.304526,1.121488,1.127778,0,0,0,0
0.572906,0.052042,-1.481862,0.136184,-0.464682,0.938332,0.056748,0,0,0,0
0.232249,0.416603,-0.926311,0.200334,0.199996,-0.168157,-0.116699,0,0,0,0
-0.222080,0.833797,-0.746664,0.278441,0.530730,-0.230833,0.150200,0,1,0,0
0.234945,0.891342,-0.859854,0.566214,0.543713,-0.015692,3.012897,0,0,0,0
-0.072333,0.832203,-0.580970,0.217545,0.879799,0.102659,-0.247101,0,0,0,0
-0.238769,0.393916,-0.671147,-0.057873,0.285896,0.546181,-0.662346,0,0,0,0
-0.524644,0.364923,-1.138160,0.015768,0.443866,0.239599,-1.089562,0,0,0,0
-0.695213,1.125684,-0.646641,-0.177174,1.350816,-0.447850,0.050061,0,0,0,0
-1.188324,1.346880,0.014392,-0.520563,1.756798,-0.850694,-0.993275,1,0,0,0
0.337271,0.178650,-1.026185,0.881019,0.303860,-0.710910,1.192358,0,0,0,0
-0.110578,0.336456,-1.104379,0.607960,0.711288,-0.564837,-0.626640,0,0,0,0
-0.327817,0.972101,-0.738719,0.140234,1.436592,-0.552396,0.374224,0,0,0,0
-0.978256,1.287553,-0.526022,-0.185090,2.149508,-0.465624,0.006008,0,0,0,1
0.166766,-0.180625,0.180995,0.073298,0.731103,1.292799,0.505720,0,0,0,0
-0.494730,0.667633,-0.423342,0.350011,1.463494,0.481847,-0.215614,0,0,0,0
-0.687275,0.634953,0.228342,0.610492,0.920978,0.318344,0.776233,0,0,0,0
-1.262198,1.906897,-0.383498,-1.259193,1.573169,-0.625273,-0.486654,1,1,0,0
0.737190,-0.209372,-1.118768,0.535019,-0.444979,1.182718,0.296181,0,0,0,0
0.383908,-0.218475,-1.135887,0.622834,-0.737231,0.360591,-0.398938,0,0,0,0
0.077956,-0.741556,-1.205288,0.773197,-0.235905,-0.319092,-0.962072,0,0,0,0
-0.283864,-0.990190,-1.306985,0.984636,0.028862,0.524449,-1.309183,0,0,0,0
-0.426152,-0.041853,-0.230030,1.108430,0.290460,-1.016641,-0.180048,0,0,0,0
-0.963003,0.331557,-0.237579,0.434672,0.888773,-0.839254,-1.052508,0,0,1,1
0.422002,-0.118764,-1.230047,0.346071,-0.473344,0.306826,-0.651282,0,0,0,0
0.346586,-0.846146,-0.191517,0.552871,-0.114046,-0.286021,-1.040580,0,0,0,0
0.000406,-0.660961,-0.920076,0.761888,0.003077,0.443771,-0.903740,0,0,0,0
-0.269755,-0.406123,-0.148348,1.393445,0.036624,-0.824357,-1.173627,0,0,0,0
-0.454619,0.403778,0.053406,1.272094,0.808633,0.826685,1.072915,0,0,0,0
-0.930799,-0.583631,0.960626,0.508230,0.761546,-0.270257,-1.041401,1,0,1,0
0.650423,-0.264217,-1.559343,0.518984,-0.909895,-0.043046,0.050945,0,0,0,0
0.648366,-0.379191,-1.038154,0.708941,-1.469708,-0.234301,-0.347850,0,0,0,0
0.358074,-0.360052,-1.088471,0.589613,-1.048488,-0.688740,-0.384485,0,0,0,0
0.421673,0.556968,-0.724159,0.516427,-1.464673,-0.960969,0.229208,0,0,0,0
-0.130439,0.004378,-0.746331,0.434051,-0.648876,0.321049,-0.869644,0,0,0,0
-0.330178,-0.040226,-0.515800,1.002354,0.204613,-0.524398,-0.327695,0,0,0,0
0.008964,0.658753,-0.958071,0.845427,0.109994,-0.834430,-0.097618,0,0,0,0
-0.194893,0.143091,-0.719219,0.199429,0.249628,-0.970534,-0.536252,0,1,0,0
-0.139980,0.440437,-0.470567,0.905685,0.075873,-0.902508,0.176747,0,0,0,0
-0.332349,0.869024,-0.682848,0.543431,0.964355,0.593173,-0.245671,0,0,0,0
-0.822544,1.122823,-0.273166,0.262429,1.782612,0.341138,0.787142,0,0,0,0
0.112779,-0.099425,1.092048,0.466237,-0.893436,0.347792,1.105572,0,0,1,1
0.716726,0.375439,-0.606705,0.911219,0.105737,-0.235510,1.296121,0,0,0,0
0.160468,0.230996,-0.170867,0.050751,1.114464,-0.969070,0.215932,1,0,0,0
0.527769,-0.549425,-1.072015,0.881691,0.144161,-0.433893,0.463320,0,0,0,0
0.216552,-0.317709,-0.531852,1.020678,0.310917,0.377934,-0.246138,0,0,0,0
-1.283825,-0.770594,1.593125,-1.271898,1.414789,-0.594825,-1.270345,0,0,0,0
-2.101302,0.858572,1.312565,-1.161458,-0.110836,-0.444038,-1.306971,1,1,0,0
0.519089,0.015619,-0.782447,1.336189,0.839036,-0.600261,0.889885,0,0,0,0
0.798823,-0.232836,-1.145189,0.912405,-0.422601,-0.113058,0.551318,0,0,0,0
0.170729,-0.630548,-0.536650,1.067635,0.029501,-0.684100,-0.325136,0,0,0,0
0.179968,-0.642422,-0.022684,0.822967,-0.057942,1.554877,-0.131069,0,0,0,0
-0.034750,0.243082,-0.731028,0.574816,1.038804,-0.210976,1.072777,0,0,0,0
-0.184391,0.313197,-0.705495,0.295640,0.316847,0.378103,-0.450175,0,1,0,1
0.643465,-0.141286,0.189941,0.565534,0.162899,0.284093,0.090831,0,0,0,0
0.310775,-0.176140,0.035190,0.272475,0.645620,0.355423,-0.283630,0,0,0,0
0.422504,-0.041950,-0.158511,-0.080007,0.650471,0.031115,-0.514555,0,0,0,0
-0.087995,0.375284,-0.052793,-0.467468,0.373171,-0.160399,-0.528434,0,0,1,0
0.552643,-0.748787,0.161954,-0.243433,1.350904,-1.016300,0.460719,0,0,0,0
0.112533,-0.588487,0.076572,-0.040758,1.481787,0.340719,-0.180161,0,1,0,0
0.219535,0.144456,-0.332981,0.454396,0.534984,-0.666032,1.429007,0,0,0,0
-0.248009,0.371948,-0.293539,-0.292001,0.899869,-0.624455,-0.568301,0,0,0,0
0.359159,-0.309500,-0.142223,1.002869,0.881772,-0.367537,0.029011,0,0,0,0
-0.239634,-0.236739,-0.353073,0.469910,0.986495,-0.828637,-0.439927,0,0,1,1
0.494936,-0.125489,-1.435894,1.139178,0.419476,-0.246966,-0.103723,0,0,0,0
0.500018,-0.443917,-0.807647,0.984227,0.458478,-0.506736,-0.158024,0,0,0,0
0.238873,-0.327723,-0.462200,0.697833,-0.027625,0.103057,-0.569413,0,0,0,0
0.008551,-0.399292,-0.180576,0.832646,-0.202244,-1.112333,-0.618981,0,0,0,0
-0.024726,0.354428,-0.353473,0.533422,0.974720,2.376635,0.683302,0,0,0,0
-0.385851,0.496469,-0.396291,0.829975,1.033225,-0.257735,-0.306870,1,0,1,0
0.646257,-0.308145,0.075599,0.333785,0.302501,0.116892,0.362209,0,0,0,0
0.268295,-0.158985,0.194664,-0.137164,1.062511,0.705205,-0.072372,0,0,0,0
0.150508,-0.013091,0.404113,-0.144562,0.829695,-0.844745,-0.064783,0,0,0,0
0.002021,0.495618,0.551521,0.839663,0.710361,0.067206,-0.016137,0,1,0,0
0.264602,-0.532371,-0.234021,0.894539,0.364365,0.951685,0.752574,0,0,0,0
0.256507,-0.288937,-0.231196,0.339408,0.362457,-0.192451,-0.409423,0,0,0,0
0.262294,-0.554745,-0.067232,0.501882,0.868429,1.451267,1.068436,0,0,0,0
-0.305651,-0.059842,0.658671,0.792424,1.421683,-0.175669,0.097123,1,0,0,1
0.410096,-0.255933,-0.491300,0.474175,-0.094114,-0.853411,0.184054,0,0,0,0
-0.192875,-0.196316,-0.562982,0.445431,0.652948,-0.518338,-1.067888,0,0,0,0
-0.819470,0.504751,0.348161,0.930350,0.467199,-0.335266,-0.334707,0,0,0,0
-0.768147,0.112213,0.289487,0.753515,0.749476,-1.843547,-0.653470,0,0,1,1
0.508834,-0.111768,-1.456469,0.427032,-0.161076,-0.830763,1.320357,0,0,0,0
0.382638,-0.002831,-0.430547,1.234993,-0.108147,0.586884,0.047655,0,0,0,0
0.250494,-0.376657,-0.426777,1.144196,-0.131821,-0.293540,-0.272567,0,0,0,0
0.231139,0.338448,-0.406219,0.531518,0.054864,0.231237,0.066291,0,0,0,0
0.552920,-0.003833,-0.716686,0.537764,-0.355378,0.454592,0.241198,0,0,0,0
-0.109984,0.586052,-0.630770,0.294249,0.386771,0.114426,-0.266920,1,0,0,0
-0.092537,1.001222,-0.608958,0.328957,0.540535,1.035362,0.555846,0,0,0,0
-0.233393,0.937009,-0.690067,0.460054,0.416003,-0.679119,0.103119,0,0,0,0
0.011172,0.078842,-0.488999,0.277947,0.086045,1.403914,-0.583482,0,0,0,0
-0.324165,0.763568,-0.713323,0.594597,0.563835,0.172046,-0.727514,0,0,0,0
-0.270891,0.762380,-0.936833,0.301385,1.527633,-0.629116,0.380863,0,0,0,0
-0.423626,0.966282,-1.178773,0.440109,1.281249,0.216016,-0.648409,0,1,0,1
0.381712,0.248030,-0.670731,0.356489,-0.593487,0.592223,0.091992,0,0,0,0
-0.197079,0.782051,-0.529571,0.459603,0.036091,-0.711896,-0.547116,0,0,0,0
-0.262894,0.665171,-0.661667,-0.023746,0.435180,-0.311665,-0.819290,0,0,0,0
-0.447644,0.921381,-1.031977,-0.330495,0.805418,-0.076754,-0.586361,0,0,0,0
0.029528,0.097138,-0.459342,0.136976,0.379327,0.694178,0.134640,0,0,0,0
-0.432705,0.872387,-1.133267,0.216021,0.977723,0.307194,-0.742677,0,0,0,0
-0.543952,0.708040,-0.888315,0.323403,1.368347,-0.214495,0.127321,0,0,0,0
-0.551147,0.835004,-1.614059,-0.263471,1.042012,-0.184289,-1.286880,1,0,1,0
0.276940,0.385443,-0.327234,0.630817,-0.408934,-0.303552,-0.372946,0,0,0,0
-0.345791,0.535604,-1.079735,0.195754,0.616633,0.497117,-0.144579,0,0,0,0
-0.503465,0.307366,-1.180232,0.291055,1.200602,-0.947290,-0.996138,0,0,0,0
-0.566849,0.609651,-0.993965,0.125879,0.838701,-0.782378,-0.872891,1,0,0,0
-0.178372,0.472080,-0.215195,0.712960,0.302389,0.928142,-0.181564,0,0,0,0
-0.452797,0.505676,-0.484447,0.453385,0.561957,-1.079957,-0.885259,0,1,0,0
-0.149225,0.871106,-0.533677,0.073014,0.771691,-0.446737,0.554969,0,0,0,0
-0.644935,0.868282,-1.532425,-0.293795,1.088822,-0.063309,-0.844661,0,0,1,0
0.094300,-0.234402,-0.369777,0.771864,-0.548799,-0.538618,-0.427470,0,0,0,0
0.124019,0.855370,-0.180775,0.198099,-0.589583,0.986950,0.072518,1,0,0,1
0.629718,0.185154,-1.156231,0.940966,-0.477528,-0.263249,0.386367,0,0,0,0
0.534358,-0.244263,-0.517949,1.289104,-0.098074,-1.115919,-0.302715,0,0,0,0
0.377988,-0.335016,-0.509602,0.996018,-0.978806,0.508241,-0.243877,0,0,0,0
0.394733,0.142048,-0.557785,0.933513,-0.797115,0.905833,0.065495,0,0,0,0
0.210341,0.141036,-0.887202,0.839185,-0.015849,1.578582,0.034452,0,0,0,0
0.071123,0.582940,-0.788711,0.742832,0.161788,-0.091659,-0.494030,0,0,1,1
0.661235,-0.031022,-0.747720,0.391338,0.360478,0.128599,0.365910,0,0,0,0
0.149776,1.166963,-0.733306,0.853315,0.227900,-0.835250,-0.192452,0,0,0,0
0.088332,0.915680,-0.436054,0.304035,0.074954,-0.616197,0.070704,0,0,0,0
-0.382893,1.032406,-0.324114,0.181906,-0.012618,-0.747058,-0.193771,1,1,0,0
0.612984,0.269786,-0.851127,0.843544,-0.572006,0.948479,0.214115,0,0,0,0
-0.057499,0.620183,-0.322519,1.138486,0.704459,-1.020799,0.241167,0,0,0,0
0.250536,0.569861,-1.217715,0.410209,-0.726653,0.192173,0.435808,0,0,0,0
-0.658206,0.561836,0.330731,0.677269,0.437389,-1.567070,-0.616168,0,0,1,0
-0.000985,0.114302,-0.586041,0.428860,0.202328,-0.115391,-0.141032,0,0,0,0
-0.626338,0.107794,0.633306,0.178099,-0.343882,-0.846459,-0.955558,1,0,0,1
0.662362,0.142577,-0.733773,1.121399,-0.074700,-0.573253,0.224175,0,0,0,0
0.477265,0.065159,-0.471150,0.844277,-0.496521,0.188624,-0.315482,0,0,0,0
0.489111,-0.140770,-0.679046,1.077168,-0.550283,0.540314,-0.314969,0,0,0,0
0.206787,-0.150928,-0.213212,1.267281,-0.211797,-0.560406,-0.476519,0,0,0,0
0.821973,-1.077059,-0.168421,0.169104,-0.567795,1.883830,-0.441556,0,0,0,0
1.224588,-2.306185,0.983824,1.027321,-1.753794,0.980325,-0.027736,0,1,0,0
0.639197,0.254699,-0.487605,0.721758,0.218949,-0.029046,0.738490,0,0,0,0
0.416428,0.397862,-0.551002,0.940493,0.231773,-0.756602,-0.079167,0,0,0,0
0.473379,0.331860,-0.792938,0.518238,0.120816,-0.084098,1.280224,0,0,0,0
0.366954,0.269002,0.286343,0.325814,-0.331841,-0.261779,0.300113,0,1,0,0
0.642994,0.428256,-0.848442,0.439775,0.326515,0.880583,1.281705,0,0,0,0
0.167120,0.568627,-0.862117,0.578719,0.422976,-0.955108,-0.128798,0,0,0,0
-0.058067,0.633405,-0.411023,0.118228,0.154511,-0.327589,0.154142,0,0,0,0
0.484352,-1.415166,0.980845,0.025933,-0.481956,-0.462112,-0.006771,0,0,0,1
0.754473,0.583328,0.102587,0.467346,-0.092151,-0.007731,1.742208,0,0,0,0
0.373171,1.011544,-0.211772,0.118130,0.354982,0.328877,1.137826,0,0,0,0
0.152522,0.260757,-0.000411,0.350754,0.146720,0.438806,0.213201,0,0,0,0
0.203879,0.866057,-0.496091,-0.422779,0.197979,-0.823971,0.825742,1,0,0,1
1.495484,-0.602983,0.357927,-0.588016,-0.069506,0.408913,1.348551,0,0,0,0
1.077032,-0.480673,-0.468267,0.124102,-0.340977,0.630795,0.491267,0,0,0,0
1.075589,-0.737126,0.055900,-0.150588,0.260331,0.427918,0.119149,0,0,0,0
0.867925,-0.690631,0.133099,-0.331421,0.204967,0.270218,-0.232978,0,0,1,0
0.361137,0.232171,-0.159103,0.939125,0.549124,-1.394278,0.168650,0,0,0,0
0.132174,0.031919,0.065832,0.817222,1.042410,0.258501,-0.587676,0,0,0,0
0.363489,0.565841,-0.095335,0.292489,0.250029,-0.183813,0.078189,0,0,0,0
-0.241588,0.184165,-0.075410,0.581698,0.052310,-0.298523,-0.771613,0,1,0,0
0.857766,-0.663210,1.353384,0.246266,0.708189,1.300966,1.592261,0,0,0,0
0.326780,0.022717,0.987476,-0.120488,0.676014,0.025623,-0.142979,0,0,0,0
-0.076232,0.310973,-0.056127,0.069582,0.665468,-1.284965,-0.849867,0,0,0,0
0.352451,0.422773,0.111976,-1.179661,-0.154180,-0.830812,0.021683,0,1,0,1
0.920407,-0.362464,1.284791,-0.477018,0.063496,-0.142429,1.668276,0,0,0,0
0.664350,-1.762965,2.334643,0.108024,-0.518585,-0.547910,-0.070309,0,0,0,0
0.151453,0.053258,0.648476,-0.026781,0.327815,0.327660,0.336667,0,0,0,0
-0.441481,0.962412,0.588085,-0.288942,-0.335781,-0.543032,-0.957966,0,0,1,0
1.047249,-0.266060,0.582042,-0.943108,-0.171635,0.737423,1.891080,0,0,0,0
0.280085,-0.006949,0.408085,-0.036659,-0.049338,1.171669,-0.069666,0,0,0,0
0.219923,-0.163714,0.146821,-0.807238,0.040862,-0.555576,-0.325853,0,0,0,0
-0.121067,-0.029904,1.291373,-0.245305,0.134655,-0.967044,-0.260131,0,0,1,0
0.395217,-0.239291,1.729276,0.193303,0.146002,0.155203,2.251007,0,0,0,0
0.045932,0.595933,1.432046,-0.456612,0.600387,-1.018563,0.513724,0,0,0,0
1.028273,-0.672853,0.533041,-0.513670,-0.433705,-0.487616,0.398046,0,0,0,0
0.281486,-0.557549,-0.024147,0.042253,0.189833,-0.479670,-0.855376,1,0,0,0
0.652833,-0.259269,0.716457,-0.097330,0.044567,-0.853324,2.056293,0,0,0,0
0.446312,-0.166396,0.130457,-0.431452,-0.325726,-0.714053,0.559855,0,0,0,0
0.531261,-0.044885,-0.493852,-0.464008,0.789269,0.321844,0.526946,0,0,0,0
-0.458064,0.669557,0.311897,-0.585851,0.788189,-0.779877,-0.884817,1,0,0,0
0.507746,0.522693,0.374089,0.143681,0.463903,-0.294725,1.748511,0,0,0,0
-0.001959,0.468864,0.716553,-0.273555,-0.153465,-1.455632,-0.065263,0,0,0,0
0.036498,0.336996,0.624442,-0.590466,0.335480,-0.485706,-0.454612,0,0,0,0
-0.917428,0.669497,2.273072,-1.371780,1.189828,0.386757,-1.209329,0,0,0,1
0.533033,0.659659,0.694108,-1.561010,0.645002,0.424689,0.897677,0,0,0,0
-0.214010,0.662886,0.479736,-1.504446,1.193365,0.431697,-0.215211,0,0,0,0
-0.355894,0.713348,0.373070,-1.882970,0.678335,-0.549170,-0.451772,0,0,0,0
-1.090223,1.390978,0.412991,-1.934007,1.481961,-0.207820,-1.190879,0,0,0,1
0.482178,-0.566421,1.126496,-0.290375,1.485171,0.362900,1.902157,0,0,0,0
-0.554082,0.802739,1.013316,-1.012379,0.230703,-1.078151,-0.258293,0,0,1,0
-0.077119,0.789889,1.374567,-1.224265,0.683512,-0.871547,0.895626,0,0,0,0
-0.246368,0.279694,0.796491,-1.606029,-0.070761,-0.980641,0.016524,0,0,0,0
0.020460,0.131590,1.748762,-0.990538,0.492446,-1.205755,1.129556,0,0,0,0
-0.318813,0.619624,1.488885,-1.599450,0.099095,0.248022,-0.034942,0,0,0,0
-0.058148,0.494533,0.658192,-1.560088,0.129741,-1.260588,-0.315696,0,0,0,0
-0.315514,0.258486,0.738190,-1.476624,0.563175,-1.408569,-0.495380,0,1,0,0
0.838722,-0.489217,1.604202,-0.484992,0.894322,-0.275610,1.391316,0,0,0,0
0.004782,0.403304,0.908678,-0.753753,0.026122,-1.116139,-0.262303,0,0,0,0
-0.253004,0.456320,1.022817,-1.712516,0.352334,-0.194956,-0.312498,0,0,0,0
-0.738896,-0.677622,1.331996,-1.672860,0.242946,-0.236590,-1.555310,0,0,0,1
0.031162,-0.685743,1.723312,-0.226287,-0.473255,-0.463328,0.469614,0,0,0,0
-0.983303,0.624414,1.106000,-1.619799,1.127605,-0.135573,-1.322722,0,0,0,0
-0.974205,1.010228,1.953620,-1.080037,1.125712,-0.109687,-0.489099,0,0,0,0
-1.379911,1.241233,2.137273,-1.047812,0.638257,-0.440905,-0.684718,1,0,0,0
-0.127145,0.712867,2.548353,0.155803,0.160695,-0.003635,1.435025,0,0,0,0
-0.783591,0.578140,2.456299,-0.551408,0.127457,0.002081,0.232122,0,0,0,0
0.748991,-0.403100,0.294466,-0.164414,-0.169941,-0.422946,0.556961,0,0,0,0
0.445043,-1.018571,1.095653,-0.145122,0.309340,-1.193372,-0.296270,1,0,0,0
0.626034,0.053108,1.295803,0.290614,0.011610,-0.258592,1.324662,0,0,0,0
0.177305,-0.094672,1.541996,0.815211,0.570156,-0.673721,0.371712,0,0,0,0
0.156180,0.536662,0.861337,0.225612,0.901845,-1.374399,1.627612,0,0,0,0
-0.321258,0.138165,0.979903,-0.780436,0.937263,-0.172532,-0.416791,0,0,1,0
0.360457,0.495439,-0.212924,1.471362,0.614671,-0.052947,1.776170,0,0,0,0
0.031057,0.654169,-0.067368,1.112932,1.221920,0.003493,0.489074,0,0,0,0
0.167283,0.156164,0.419491,0.945226,0.740293,0.556752,0.381549,0,0,0,0
-0.701152,0.314248,1.090974,-0.760259,1.627269,-0.525773,-0.624771,0,1,1,0
0.720867,0.020196,-0.716472,1.119770,-0.169658,0.120059,1.474318,0,0,0,0
0.627409,-0.558889,-0.411182,1.300353,-0.836897,-0.014568,0.433763,0,0,0,0
0.486263,-0.675219,-0.035422,1.645466,-0.704048,-0.047537,0.337699,0,0,0,0
0.556618,-0.319789,0.166584,1.140721,-0.873159,-0.117791,0.130395,1,0,0,0
0.062962,0.033145,0.100591,0.798072,-0.032067,-1.000364,1.108023,0,0,0,0
-0.137339,0.528592,-0.155187,0.349267,0.256792,-0.354013,-0.706442,0,0,0,0
-0.298400,0.904864,-0.171722,-0.277453,1.883114,0.950919,-0.300388,0,0,0,0
-0.373237,0.777273,0.410376,-0.234905,1.400880,-0.619359,-0.874905,0,0,0,1
0.701403,-0.290381,2.002585,0.258765,0.039244,-0.130292,2.683453,0,0,0,0
0.237405,0.353136,0.713108,0.546074,-0.266285,-0.929848,0.665179,0,0,0,0
-0.320167,1.226177,0.742394,-0.702432,1.709753,-1.142394,0.130603,0,0,0,0
0.444500,0.598904,0.580975,-0.927751,0.351705,-0.352508,0.673381,1,0,0,1
1.103622,-0.248379,1.156265,-0.619480,0.010394,-0.037138,1.297294,0,0,0,0
-0.016549,0.656041,0.799235,-0.630110,0.471943,0.036908,0.165472,0,0,0,0
0.250356,0.709340,0.329763,0.153314,1.106945,-0.047668,0.268540,0,0,0,0
0.516586,-1.594837,1.598437,0.325567,-0.876157,0.199504,-0.505255,0,1,0,0
0.872781,0.055514,0.569102,-0.146933,1.833977,1.090407,1.324002,0,0,0,0
-0.197304,1.459329,-0.633677,-0.696570,2.077812,0.766403,-0.479781,0,0,0,0
-0.112929,0.997872,0.060166,0.050626,1.590425,-0.936014,-0.385502,0,0,0,0
-0.791306,1.569741,0.552012,-1.121463,1.140594,-1.439880,-1.123600,0,1,0,0
0.450575,0.078803,-0.040650,-0.346976,0.345748,-0.929550,0.626211,0,0,0,0
0.121296,0.333968,-0.247012,-0.304222,1.072389,-0.083182,-0.136306,0,0,0,0
0.801418,-1.191662,1.022790,0.148776,0.022853,-0.832155,-0.159992,0,0,0,0
0.958736,-2.022039,2.149279,0.028374,-0.755580,2.557270,0.079129,0,0,1,0
0.484080,-0.159932,1.428766,0.883126,-0.408804,0.054183,1.594515,0,0,0,0
0.536826,0.015221,1.450424,0.882867,-0.616819,1.817682,0.496991,0,0,0,0
0.236613,0.596772,0.978343,0.403002,0.253668,-0.162693,0.663108,0,0,0,0
-0.512533,1.325045,1.972488,-0.383265,0.482250,-0.384153,0.157177,0,0,1,0
0.558522,0.620275,0.208050,0.819011,0.436449,0.361288,1.686424,0,0,0,0
0.303227,0.499960,0.558043,0.548308,0.041664,-1.554677,0.589302,0,0,0,0
0.486343,0.908589,0.465019,-0.005170,0.398964,-1.187991,0.755950,0,0,0,0
-0.327120,1.059948,0.581028,-0.500296,1.076168,-1.062739,-0.125286,1,0,0,0
0.774104,0.200372,0.284130,-0.395433,0.657487,-0.940720,0.678171,0,0,0,0
0.447202,0.426081,-0.139926,-0.225340,1.501782,-0.181858,0.569198,0,0,0,0
0.308753,0.585513,0.231308,0.065456,1.108798,0.077923,0.843661,0,0,0,0
0.335610,0.168270,0.189468,0.925057,1.338292,-0.081520,0.703211,1,0,0,0
0.841916,-0.155307,0.947059,-0.351062,0.584955,-0.178758,1.579177,0,0,0,0
-0.022127,1.263305,0.801944,-0.610192,1.073321,0.958971,0.519103,0,1,0,0
0.378012,0.573582,0.324089,-0.116914,-0.199233,-0.732031,0.752785,0,0,0,0
0.335207,0.623863,0.032470,-0.208877,-0.051167,-0.137030,0.580210,0,0,0,0
0.526144,-0.327896,0.991723,0.167918,0.363619,0.689332,1.141022,0,0,0,0
0.217159,0.085139,0.147318,0.424470,-0.862405,0.342572,0.711733,0,0,0,0
0.406098,0.458243,-0.169315,-0.206647,-0.533256,-0.531717,-0.230364,0,0,0,0
0.081977,0.291638,0.006324,-0.765679,-0.271294,-0.824174,-0.602216,0,0,1,0
1.120361,-0.491047,1.024875,-0.122661,0.075091,0.558112,1.541375,0,0,0,0
0.220617,0.548653,0.282145,-0.131360,-0.459131,-0.865938,-0.381934,0,0,0,0
-0.184690,0.986320,0.449351,-0.492287,-0.075166,-0.053003,-0.724974,0,0,0,0
-0.775435,0.769005,0.629693,-0.387628,0.639497,-0.012813,-0.971313,0,0,0,1
0.597688,-0.233835,-0.387166,0.590237,-0.001887,-0.565781,0.825830,0,0,0,0
0.810752,-0.612459,0.913554,-0.155015,0.580214,-1.108882,-0.032660,0,0,0,0
0.173045,0.570137,0.548001,0.091632,0.886978,-0.205036,0.924297,0,0,0,0
-0.210303,1.074267,-0.420535,-0.082759,0.950597,-0.503222,-0.352538,0,0,1,1
1.182909,-0.462169,-0.410301,-0.174699,-0.865396,1.025027,0.515076,0,0,0,0
0.760080,-0.421271,-0.665019,0.135619,-1.287604,0.804893,-0.272712,0,0,0,0
1.005679,0.345768,-0.415722,0.633155,-0.354539,-0.364276,1.100456,0,0,0,0
-0.104563,-0.391051,-0.584244,0.145487,-1.177048,-0.592702,-0.647999,1,0,0,0
0.817162,0.216143,-1.072516,0.980737,-0.123867,0.696978,2.016748,0,0,0,0
0.361635,-0.128393,-0.788671,1.259550,0.658934,0.177297,0.151429,0,0,0,0
0.387300,-0.088295,-0.561971,1.454709,0.666189,-0.441110,1.022322,0,0,0,0
-0.032179,0.547323,0.285523,0.889938,-0.544031,0.603866,-0.215394,0,0,1,0
1.158004,0.611653,-0.670726,0.673019,-0.252611,-0.013587,1.453030,0,0,0,0
0.932519,0.384052,-0.657564,0.886083,-0.675040,0.547697,1.396044,0,0,0,0
0.887465,0.622401,-0.538774,1.020066,-1.136662,-0.144608,0.703820,0,0,0,0
0.002647,0.208617,-0.340722,1.069599,-0.346331,-1.254771,-0.383888,0,0,0,1
1.319020,-0.074271,-1.068750,-0.268020,-1.342696,1.072821,1.243479,0,0,0,0
0.914051,-0.750609,-1.256905,0.064100,-1.328269,-0.321591,0.505317,0,0,0,0
1.034765,-0.099677,-0.739237,0.424698,-0.679586,0.537576,1.114110,0,0,0,0
0.698827,-0.455816,-0.430475,0.224861,-0.613405,-0.354447,0.792294,0,1,0,0
0.319482,-0.315091,0.143506,0.071323,0.179829,-0.585945,-0.024233,0,0,0,0
-0.109112,0.644452,0.039443,0.086421,0.195203,-0.613765,-0.127515,0,0,0,0
-0.534052,0.767055,0.078834,0.602254,0.473838,0.060973,0.613595,0,0,0,0
-0.158726,0.941159,-0.780179,0.880632,0.673400,-0.137965,-0.238064,1,0,1,0
1.260795,-0.797410,0.404891,0.346398,0.750372,-0.218343,0.385266,0,0,0,0
0.709087,-1.030685,0.118226,-0.094185,0.974425,-0.226420,-0.102229,0,0,0,0
0.563698,-1.838480,1.114046,-0.454345,-1.443470,1.910546,-0.575270,0,0,0,0
0.394818,-0.263398,-0.366999,0.154970,0.348584,0.664689,0.101823,1,0,0,0
1.260560,-1.219736,0.722190,-0.203225,0.329550,-0.560750,0.559718,0,0,0,0
0.242791,0.281980,0.235050,-0.670467,1.056475,-1.294054,0.345460,0,0,0,0
0.540398,0.246790,-1.468328,0.290832,1.237334,0.051354,1.264091,0,0,0,0
0.499599,-0.012025,-0.367550,-0.838836,0.526631,0.279008,0.190774,0,0,1,0
1.082870,-1.294640,0.794922,-1.541540,-1.354591,-0.651740,-0.396717,0,0,0,0
0.542428,-0.681882,-0.083182,-1.704024,-1.312878,0.028002,-0.593053,0,0,0,0
0.814118,0.180936,0.085082,-0.256580,-0.073634,0.461373,0.950296,0,0,0,0
0.553368,-0.025770,0.360087,-0.816455,0.384737,-0.394215,-0.100475,0,0,1,0
1.037850,-1.320170,0.935241,-0.268694,-0.487772,0.649643,1.396133,0,0,0,0
0.478046,-0.320179,0.169293,-0.785754,-1.064915,-0.693467,0.060267,0,0,0,0
0.411304,-0.384249,0.480326,-0.044016,-0.422093,0.854051,0.264053,0,0,0,0
0.337809,0.486367,-0.200710,-0.519695,-0.024265,-0.648500,0.167554,0,1,0,1
1.288347,-0.901960,0.280218,0.148257,-0.291262,1.012008,1.397777,0,0,0,0
0.657371,-0.129278,-0.369182,0.141401,-0.826326,-0.653646,0.254737,0,0,0,0
0.541847,-0.248285,0.681742,-0.081903,-0.213011,-0.682053,2.043654,0,0,0,0
0.626446,-2.328409,2.323277,-0.103481,-0.783263,-0.130220,-0.437340,0,1,0,0
0.731029,-0.784993,0.012766,1.147676,0.919219,0.880479,0.384080,0,0,0,0
1.030086,-1.484918,0.496207,-0.108539,0.311643,1.541332,0.052196,0,0,0,0
0.541281,-1.515736,-0.337648,0.824284,0.432949,-0.093335,0.501871,0,0,0,0
0.396893,-1.421756,0.184164,0.374954,0.155234,0.026016,-0.263672,0,0,0,1
0.998988,-0.229754,-0.816544,0.449452,0.626603,0.845158,2.299418,0,0,0,0
0.774000,-0.276314,-1.030747,0.855590,0.574418,0.189887,-0.062444,0,0,0,0
0.393884,-0.197333,0.167023,0.537839,0.237400,-0.185175,-0.443585,0,0,0,0
0.479808,-0.820541,0.262184,0.678178,-0.528106,-0.226138,-0.433826,0,0,0,1
0.820627,-1.517425,0.529712,0.305529,0.996295,-1.364171,-0.547292,0,0,0,0
0.007106,-0.170948,-0.172994,0.228350,-0.065821,-0.079388,-1.198317,1,0,0,0
0.446955,-0.608312,0.681623,0.880885,1.036279,-1.097816,0.276841,0,0,0,0
0.228415,-0.164310,0.551545,0.625319,0.425006,0.941242,-0.418190,0,0,0,0
1.192701,-1.252298,0.066705,0.284073,0.535020,-0.037461,-0.174487,0,0,0,0
0.726373,-1.036192,0.274235,0.037299,0.745836,0.700215,-0.550207,0,0,0,0
0.510816,-0.195797,-0.548875,0.241115,1.030022,-0.466930,-0.375787,0,0,0,0
0.342524,0.029671,-0.464048,-0.296547,0.723624,-0.875583,-0.701736,0,1,0,0
0.726756,-1.063179,1.361980,-0.951716,-0.091873,-0.315830,-0.458948,0,0,0,0
-0.284002,-0.185899,0.798146,-0.357586,0.846299,-0.748996,-1.203384,0,0,0,0
-0.382837,1.339096,0.009300,0.033246,1.025802,0.349690,0.081575,0,0,0,0
0.090195,-0.517277,1.959727,0.035258,-0.412711,0.313191,-0.489197,0,0,0,1
0.979434,-1.117511,0.646870,-0.727438,0.071293,0.342517,-0.465985,0,0,0,0
0.269276,0.249751,-0.630343,-0.311037,-0.607244,-0.210656,-0.838876,0,0,0,0
0.216865,0.255073,0.315922,-0.221724,0.243271,-1.012368,0.149267,0,0,0,0
-0.756825,1.033098,-0.568311,-0.694046,0.631588,-0.756993,-1.066013,0,0,0,1
1.114326,-0.856040,1.718489,-0.447214,-0.376953,-0.323997,1.235350,0,0,0,0
0.270837,0.169573,0.952361,-0.228014,-0.629887,-1.661930,-0.007206,0,0,0,0
0.108558,-0.108777,1.251095,-0.348939,0.845491,-0.491719,0.082785,0,0,0,0
-0.961165,1.187813,0.673763,0.031340,1.384408,0.339264,-0.395570,1,1,0,0
1.270273,-0.193314,0.268733,0.695228,-0.159587,-0.297303,0.839398,0,0,0,0
0.706207,-0.033403,0.286649,1.052499,-0.513929,-0.849315,0.452829,0,0,0,0
0.493804,-0.063493,-0.242055,0.720699,0.495690,-0.526226,0.255229,0,0,0,0
-0.063058,0.160449,0.094866,0.414815,-0.311659,0.798527,-0.311934,0,1,0,0
0.271082,0.459152,0.997043,0.238983,-0.146757,1.168314,0.873724,0,0,0,0
-0.288692,-0.087013,1.457982,0.471611,0.387572,-0.420676,0.239232,0,0,0,0
-0.661133,0.956418,0.471344,0.164948,1.105622,0.061513,0.049968,0,0,0,0
0.487392,-1.969620,1.443391,-0.721650,-1.054945,6.885922,-0.803827,0,0,1,1
0.601240,0.330620,0.067403,1.093673,-0.556652,0.491181,1.699989,0,0,0,0
0.417545,0.022695,-0.077477,1.105379,-0.652781,-1.242541,0.312775,0,0,0,0
0.430170,-0.394383,-0.733789,1.470364,-1.051902,0.748333,0.639142,0,0,0,0
0.227712,-0.656066,-0.521316,1.498279,-0.687096,-0.926650,0.332829,0,0,0,0
0.394461,-0.375977,-0.478497,1.180887,-1.001945,-0.580602,0.361488,0,0,0,0
0.186866,-0.225888,-0.374901,1.130942,-1.088866,0.145618,0.184041,0,0,0,0
0.242950,0.005365,-0.004971,0.988702,-0.861326,-0.687460,-0.036102,0,0,0,0
0.013597,0.064452,0.051943,0.886593,-1.027355,-0.631939,-0.503783,0,0,0,0
-0.073003,-0.099633,-0.070017,0.609279,-1.190941,-0.487155,-0.217531,0,0,0,0
-0.055242,-0.116207,0.742850,0.233150,-1.219692,1.076899,-0.681551,0,0,0,0
-0.683827,0.632649,-0.032097,-0.025031,0.240982,-1.546672,-1.431508,0,0,0,0
-0.721112,0.721494,0.144786,0.207145,-0.149526,1.302171,-1.396988,0,0,0,0
-0.280100,0.151571,0.497022,0.474093,-1.037145,0.193562,-1.188136,0,0,0,0
-0.898021,0.199040,0.476155,-0.272472,-0.147623,-0.495005,-1.536218,0,0,0,0
0.211695,-2.617218,2.591767,-0.576399,-3.494165,6.073487,-0.645815,0,0,0,0
0.291976,-3.028074,2.882339,-1.076235,-2.357913,0.447356,-0.586290,0,1,0,0
-0.181579,-0.168262,0.611595,0.692473,-1.449437,-0.150536,-1.152914,0,0,0,0
-0.447093,0.135313,0.612347,0.315581,-1.354131,0.763352,-0.566930,0,0,0,0
-0.724507,-0.560894,0.208976,0.346456,-0.372379,0.088542,-0.866138,0,0,0,0
-1.459630,0.463372,0.963038,-0.224928,0.243433,-0.979246,-1.579812,0,0,0,0
0.004249,-0.117990,1.103087,-0.284755,-2.599157,1.092960,-0.178102,0,0,0,0
-0.267812,-0.011547,0.932259,-0.674369,-2.546944,0.076669,-0.619420,0,0,0,0
-1.143647,0.635560,0.785153,-1.073503,-1.151582,-0.500023,-1.088494,0,0,0,0
0.236879,-2.446795,1.030920,1.062958,-1.901552,8.167590,-0.992683,0,0,1,0
0.291205,0.046485,-0.277625,1.227944,0.062498,0.422496,1.444156,0,0,0,0
-0.213776,-0.160167,-0.067528,1.726233,1.245411,0.170046,1.564340,0,0,0,0
-0.241634,0.084322,0.439611,1.476338,0.432157,0.384977,0.981090,0,0,0,0
-1.079452,0.706948,0.489244,0.913943,0.895963,-1.370923,-0.053752,0,0,0,0
0.311401,-0.984210,0.056572,1.098342,0.831768,0.866864,-0.032989,0,0,0,0
-0.108550,-0.463443,-0.518643,1.389847,0.617589,-0.177973,-0.255962,0,0,0,0
-0.555745,-0.144491,0.331228,0.960851,0.561951,-0.469519,-0.945088,0,0,0,0
-2.028020,0.911168,0.222755,0.068807,2.400339,-0.739099,-1.401542,0,0,1,1
1.248658,0.236532,-1.574170,0.159682,-0.465805,0.615394,1.900993,0,0,0,0
1.006924,0.199424,-1.146328,0.956498,-0.974567,1.133113,0.546678,0,0,0,0
0.974247,0.159326,-1.294768,0.655269,-1.154633,0.712737,0.658091,0,0,0,0
0.749785,-0.171177,-1.167905,0.910526,-0.360533,0.728323,0.758349,1,0,0,1
0.945930,-0.396906,-1.559693,0.585129,-0.934770,0.242302,0.320518,0,0,0,0
1.055984,-0.528546,-0.465039,0.128963,-0.124924,-0.845650,-0.099387,0,0,0,0
0.535608,0.049235,-1.063111,0.575134,-0.137672,-0.776877,0.478843,0,0,0,0
0.849772,0.170642,-0.233736,-0.030141,-0.506611,0.569192,0.665074,0,0,0,0
0.395406,0.498192,-0.386852,0.185337,-0.461000,-0.179767,0.392947,0,0,0,0
0.272531,-0.272472,0.490977,-0.399078,0.565090,-0.107258,-0.949197,0,0,1,0
0.772884,0.751915,0.089388,0.159057,0.876305,-0.197061,1.509893,0,0,0,0
0.176997,0.496019,0.258181,-0.310982,0.518292,-0.295640,-0.186662,0,1,0,0
1.032738,0.062620,-1.057617,0.340299,-1.242030,0.393113,0.632438,0,0,0,0
0.643119,0.063473,0.243301,-0.356639,-0.974081,0.654393,0.137961,0,0,1,1
0.986477,-0.262481,-1.548804,0.881706,-0.565038,-0.362348,0.591012,0,0,0,0
1.098606,-0.540654,-1.372407,0.261022,-0.112032,1.449967,0.660461,0,0,0,0
0.899938,-0.161330,-0.628457,0.215934,-0.924824,-0.470945,0.219531,0,0,0,0
0.746864,0.031135,-0.585609,0.515682,-1.173570,-0.158437,0.521840,1,0,0,0
0.728230,0.056830,-1.611018,-0.134766,-0.596859,0.806728,1.763767,0,0,0,0
0.429731,0.139456,-1.234743,-0.163778,-1.064529,-0.883202,0.578380,0,1,0,0
1.186648,-0.947307,-0.715554,0.383751,-0.415003,1.489883,0.251832,0,0,0,0
0.730442,-0.097582,-1.275485,0.672841,-0.880536,-0.645971,0.329882,0,0,1,0
1.079189,0.241815,-1.295680,0.644306,-0.961939,0.564375,1.471873,0,0,0,0
0.803497,-0.009782,-1.319217,1.298163,0.255560,-0.854372,0.778039,0,0,0,1
1.113840,-0.085683,-0.859331,0.458049,-0.530880,-0.009712,1.049263,0,0,0,0
0.466482,-0.030832,-1.011861,0.215019,-0.356350,-0.364369,0.650783,0,0,0,0
0.862550,0.224578,-1.345899,1.081564,-0.258187,0.303073,1.085706,0,0,0,0
0.563853,-0.020969,-1.057363,-0.025545,-0.017444,-0.345972,0.399375,0,0,1,0
0.668605,-0.087605,-0.660871,0.062687,-0.825526,0.043382,0.201314,0,0,0,0
-0.118459,-0.275201,0.357192,0.575831,-0.423318,-0.363706,-0.533119,0,1,0,0
0.833746,-0.131526,-1.309789,0.252161,-0.302100,-0.339101,0.508320,0,0,0,0
0.253903,0.124067,-0.945748,-0.202721,0.370970,-0.587761,-0.422383,0,0,0,0
-0.788892,-1.747411,0.877323,-2.009818,-0.957211,-0.927966,-2.455747,0,0,0,0
-2.425178,-0.188875,-0.287966,-1.589753,-0.059914,-1.122076,-2.762459,0,0,0,0
-2.657209,-1.327970,-0.206664,-0.779196,0.087422,-0.751642,-1.886805,0,0,0,0
-1.749737,-1.214550,-0.960904,-0.308281,-0.045072,4.251922,-2.721458,1,0,0,1
0.582985,0.415362,-1.476854,0.515204,-0.061115,-0.049611,1.127864,0,0,0,0
0.549608,-0.022381,-0.951055,0.922746,-0.170868,-0.499677,-0.517869,0,0,0,0
0.326347,-0.135269,-0.420648,1.035769,-0.584235,0.119792,-0.697133,0,0,0,0
0.110268,0.114083,-0.318702,1.386123,0.042716,-0.194115,-0.555629,0,0,0,0
0.632067,-0.340228,-0.363713,0.876820,-0.148031,0.893891,0.002883,0,0,0,0
0.398719,-0.542847,-0.145497,0.949866,-1.003581,-0.173835,-0.557159,0,0,0,0
-0.354950,-0.567064,0.003333,0.642380,0.374354,-0.108236,-1.293979,0,0,0,0
0.142745,-0.295851,-0.774719,1.588107,0.378905,1.665940,-0.268104,0,0,0,0
0.093757,-0.411859,-0.265336,1.384084,-0.415144,-0.530781,-0.827776,0,0,0,0
-0.074220,-0.394429,0.098051,0.869509,-0.505932,-0.556035,-1.301699,0,0,0,0
0.432233,-0.987084,0.683193,0.949457,-1.580443,0.484162,-0.214195,0,0,0,0
-0.552160,-0.957250,0.325147,1.170327,-0.387800,-1.307278,-1.598647,0,0,1,1
1.516831,-0.318761,-0.906408,0.146973,0.146630,0.286306,2.233261,0,0,0,0
1.328395,-0.665956,-0.288807,-0.386643,-0.773431,-0.252614,1.040686,0,0,0,0
0.888006,-1.009677,0.520390,-0.331728,-0.550772,0.690787,-0.345802,0,0,0,0
-0.475640,-1.722064,-0.011795,-0.995183,-0.447841,-0.699752,-2.344665,0,0,0,1
-0.595741,-0.517157,0.570529,-1.984529,0.363134,-0.513107,-2.031455,0,0,0,0
-1.463570,-0.524427,0.785676,-3.183858,0.184079,0.158410,-2.195459,0,0,0,0
-1.126764,-1.338456,0.496167,-1.539260,0.030375,-0.498674,-0.715066,0,0,0,0
-2.947841,-1.277662,2.041799,-1.725519,1.362612,0.685890,-2.207555,0,0,1,0
0.085562,-0.056379,-2.395593,-2.475495,-0.422898,1.820215,-0.514315,0,0,0,0
-0.727379,0.057662,-2.095867,-2.756051,0.409835,-0.068676,-0.963915,0,0,0,0
-0.924408,1.576397,-0.117516,-2.468278,0.839606,1.020170,-1.248406,0,0,0,0
-0.720172,-0.291544,0.650990,-1.418402,-0.115920,0.117551,-0.551765,0,1,0,0
-0.524735,0.984713,-0.252857,-1.362486,-0.094677,-0.395969,-1.004494,0,0,0,0
-1.778579,1.700890,0.155108,-2.301352,1.753568,-0.324264,-1.983048,0,0,0,0
-0.372512,0.522980,-0.702719,-1.373603,0.002501,0.092747,-0.705133,0,0,0,0
-2.217662,1.121371,-0.357762,-1.921506,1.815348,-1.056177,-2.331083,1,0,0,0
-0.227251,-0.205703,0.077600,-0.997639,-0.119001,-0.055610,-0.186330,0,0,0,0
-0.873133,-1.340628,0.356517,-0.387828,0.026278,-1.133009,-1.175085,0,0,0,0
-1.204554,-0.796191,0.978619,-0.728054,-0.489049,-0.683739,-1.334251,0,0,0,0
-0.347598,-3.320857,-2.025278,-1.166111,-0.374420,10.973840,-2.081524,0,0,1,0
-0.465118,0.172492,-0.836247,-1.971495,-0.039315,2.458932,-0.782384,0,0,0,0
-0.439878,-0.622953,-0.700867,-2.316573,-1.121799,1.504056,-0.520821,0,0,0,0
-1.179857,-2.122288,0.059207,-2.729723,-0.680669,-0.213150,-1.021777,0,0,0,0
-1.666275,-5.158202,2.417705,-1.836473,-2.580526,4.777974,-2.034019,0,0,0,1
-0.566682,-0.248235,0.038360,-1.882325,0.695760,0.540148,-0.616400,0,0,0,0
-0.727391,-0.997208,0.358959,-1.982819,-0.281141,-1.190702,-0.841899,1,1,0,0
0.861654,-0.642108,-0.885006,1.095732,0.119971,0.034080,1.504395,0,0,0,0
0.118735,-0.581175,-1.335375,0.819103,0.205244,-1.429376,-0.801777,0,0,0,0
1.109332,-0.726800,-0.193716,0.029973,-0.074464,-0.197335,1.055581,0,0,0,0
1.014012,-0.740442,-0.142129,0.134791,0.017592,-0.402341,1.278183,0,0,0,0
0.498879,0.052852,-0.005409,0.213001,0.196761,1.045343,0.598923,0,0,0,0
-0.749676,0.546611,-0.466623,0.027186,0.452995,-1.492317,-0.156728,0,0,1,1
1.146302,-0.175825,-0.581622,-0.243422,-0.209652,0.336093,1.251767,0,0,0,0
0.666404,0.024940,-1.414488,0.066065,-0.938831,-0.848580,0.904533,0,0,0,0
0.085867,0.430696,-0.771117,-0.258143,-0.679535,-0.559093,0.400437,0,0,0,0
-2.088941,0.571654,-0.739705,-1.882754,0.661525,-1.961872,-2.434393,1,0,0,0
-0.890743,0.059217,0.198355,-1.561242,-0.669675,-0.286349,-2.033023,0,0,0,0
-2.364078,1.741912,-0.687252,-3.225521,0.862776,-1.629344,-2.256363,0,0,0,0
-2.374584,0.120758,1.827178,-2.669460,-1.732340,0.187299,-1.725661,0,0,0,0
-2.402233,-2.460048,0.630821,-1.914310,0.399699,-1.435745,-2.628342,0,1,0,0
-0.652481,-0.223729,-0.571654,-0.760191,-0.978739,0.673787,-0.159206,0,0,0,0
-0.916228,-0.727237,0.373013,-0.996441,-1.625545,-1.046183,0.182375,0,0,0,0
-1.535520,0.820088,-0.431894,-1.980422,-0.289749,0.630014,-1.609986,0,0,0,0
-0.495293,0.091664,-1.444378,-1.513611,-0.335374,0.517272,0.056610,0,0,1,0
-0.008542,0.293874,-0.328412,-2.195563,-0.390042,3.886327,-0.171490,0,0,0,0
-1.992157,2.049923,-0.383702,-2.663806,2.133416,-1.427787,-2.026671,0,0,0,0
-0.310854,0.087246,-0.451290,-2.079427,-1.441517,-0.173166,0.024941,0,0,0,0
-2.280238,1.321011,-0.886963,-2.175081,2.268665,-1.445466,-2.336132,0,0,0,1
-0.381423,0.588850,0.118627,-1.702636,-0.920848,0.651329,-0.088162,0,0,0,0
-0.491221,-0.235026,0.311028,-1.637346,-2.023847,1.635022,-0.249463,0,0,0,0
-1.235640,-0.837263,-0.176701,-2.284602,-2.807058,-1.052622,-0.626307,0,0,0,0
-3.300413,-0.281818,1.151855,-2.817901,-0.934732,-0.873986,-2.244459,0,0,1,0
-0.167764,-0.760228,0.199452,-2.239548,-1.821483,-0.180768,-0.288757,0,0,0,0
-0.620415,0.067453,-0.013982,-2.606481,-3.204585,-0.584085,0.084801,0,0,0,0
-1.136293,-1.191664,0.794187,-1.562140,-3.612877,1.166016,-0.631575,0,0,0,0
-3.199544,-0.012813,1.391588,-2.366030,-0.487152,-0.305310,-2.556811,0,1,0,0
0.110435,-0.373977,-0.189599,-1.987000,0.232891,0.842083,-0.946934,0,0,0,0
0.028670,-0.400512,-0.222512,-2.267714,-1.135366,-0.615941,-0.561705,0,0,0,0
-0.444785,-0.814640,0.881851,-2.038905,-1.803332,-1.175214,-1.425401,0,0,0,0
-2.446020,1.974806,-0.082547,-3.187326,1.624473,-0.330325,-2.421635,1,0,0,0
-0.201439,1.669108,-1.656521,-1.943226,-0.000538,0.590912,-0.393393,0,0,0,0
-0.170095,0.382739,-0.890928,-2.102029,-0.311624,0.375067,-0.575196,0,0,0,0
-0.534419,1.147202,-1.168730,-2.002325,-0.389676,-1.048447,-0.844870,0,0,0,0
-2.318217,2.427683,0.748929,-2.692868,1.692989,-0.820009,-2.073965,0,0,1,1
0.974965,-0.463867,-0.298665,1.306194,-0.290623,-0.558861,1.868319,0,0,0,0
0.634575,-0.011565,0.264476,1.660522,-0.556087,-0.505464,0.685668,0,0,0,0
0.360905,0.067790,-0.144806,1.138400,-0.538237,-0.371842,0.607364,0,0,0,0
0.402889,-0.290511,-0.401495,1.453428,-0.294865,-0.249353,0.716575,0,0,0,0
0.341981,0.015972,-0.344160,1.466555,-0.376417,-0.225277,0.109686,0,0,0,0
-0.147364,0.488097,-0.093414,1.364935,0.196409,-0.591331,0.023615,0,0,0,0
0.137149,0.410215,0.162615,1.365954,-0.499631,-0.653852,0.544397,0,0,0,0
-0.785878,0.822912,-0.065298,1.067384,0.523465,-0.066048,-0.265282,1,1,0,0
0.233724,0.876028,-0.618577,1.608246,1.347647,-0.453683,1.929327,0,0,0,0
0.384532,0.673846,-0.368452,1.703109,-0.053717,0.077182,0.780915,0,0,0,0
0.247491,0.328504,0.147262,1.350716,-0.020976,-0.409605,0.446657,0,0,0,0
0.727913,0.658438,-0.999967,0.987827,-0.073731,1.290455,0.455811,0,0,0,0
0.429263,-0.059198,0.622286,0.847965,-0.702953,0.782908,0.451078,0,0,0,0
0.119535,-0.156043,0.566597,0.150881,0.235982,-0.130203,-0.343783,0,0,0,0
0.661107,-1.551092,1.498928,0.673727,-0.448236,-0.195134,0.003954,0,0,0,0
0.474840,-1.768402,2.413511,-0.245245,-0.994889,-0.043188,-0.471327,0,0,1,1
0.781626,0.011204,-1.186080,1.253620,-0.287144,-0.304391,1.247466,0,0,0,0
0.859098,-0.467730,-1.163987,1.161308,-0.463885,0.364625,0.355565,0,0,0,0
0.296724,-0.207551,-0.392305,1.197945,0.210861,-1.253128,-0.240302,0,0,0,0
1.098975,-2.345837,0.792252,0.325978,-0.157228,4.456163,-0.111021,0,0,0,0
0.540905,0.200401,-0.713743,1.309873,-0.502702,-0.009721,0.497453,0,0,0,0
0.309402,0.142990,-0.430260,0.800768,-0.631171,-0.555497,0.006327,0,1,0,0
0.676318,1.431874,-1.345418,0.114913,0.017272,-0.373170,1.856615,0,0,0,0
0.461263,0.607124,-0.489087,0.598833,-0.140047,0.614765,1.128947,0,0,0,0
-0.483543,0.927661,-0.542704,0.191102,0.795780,0.060477,0.442254,0,0,0,0
-0.643316,1.877739,-0.171380,-0.190295,1.242495,0.306604,0.478373,0,0,0,0
0.408877,0.040738,1.188546,0.498632,0.521383,0.427206,0.752666,0,0,0,0
0.181813,0.121078,1.388879,-0.005928,0.299213,0.764495,0.128489,0,0,0,0
-0.799827,1.680781,0.469609,0.183045,1.001307,-1.001027,-0.121114,0,0,0,0
-0.798179,0.574820,1.223468,0.463650,0.740522,0.671149,0.095672,0,0,0,0
-0.806046,1.171761,0.667354,0.510962,1.632838,1.411810,1.077863,0,0,0,0
-0.659039,0.309475,1.254917,0.006926,0.655209,0.425416,0.287801,1,0,0,1
1.131690,0.108462,-0.514842,0.406715,-1.233738,-0.019503,0.675867,0,0,0,0
1.128636,-0.200738,0.179624,0.388915,-0.796215,1.372630,0.461060,0,0,0,0
0.935476,-0.336760,0.579614,1.005759,-0.092820,-0.350546,0.564202,0,0,0,0
0.702018,-0.788256,0.318941,0.815650,-0.456954,0.361480,0.211327,0,0,1,0
1.099392,-0.900333,1.561041,0.882016,-0.944005,-0.325332,0.903795,0,0,0,0
1.064290,-2.023436,2.455242,-0.169268,-1.855185,-0.455087,0.311205,1,1,0,0
1.166756,0.024221,-0.151697,1.241156,-0.155778,-0.022202,0.949549,0,0,0,0
0.937291,0.420303,-0.063136,1.157786,-1.009473,-0.363425,0.646534,0,0,0,0
0.688455,-0.067089,0.136776,0.854549,-0.750100,-0.280855,0.148621,0,0,0,0
0.182403,0.113704,0.201405,0.751432,-0.789140,-0.053995,-0.026040,0,1,0,0
1.045196,-0.263040,0.557054,0.209429,-1.132868,-0.076278,1.696544,0,0,0,0
0.865550,-1.833590,2.195868,-0.445516,-1.315755,0.154878,-0.369799,0,0,1,1
1.290005,0.514734,-1.262334,0.111804,-1.667828,0.086635,1.041373,0,0,0,0
1.371719,-0.219558,-0.957217,-0.066165,-1.897082,1.182115,0.797583,0,0,0,0
1.042949,0.160926,-0.945639,0.264183,-1.859675,0.387052,0.600708,0,0,0,0
0.906645,0.103307,-1.277265,0.488073,-0.998549,0.542176,0.568691,1,0,0,0
0.926344,0.650594,-0.954725,-0.027794,-1.202427,0.848410,1.227856,0,0,0,0
0.413527,-0.028312,-0.339358,-0.065677,-1.834740,1.154091,-1.171219,0,0,1,0
0.389986,0.472789,-0.188065,0.345096,-0.411706,1.043275,0.019356,0,0,0,0
0.195261,1.051943,-0.170216,0.344840,-0.776040,-0.233730,-0.166406,0,0,0,0
0.497660,0.727364,-0.370746,0.652609,-0.723497,-0.046376,1.178653,0,0,0,0
-0.016798,0.456754,-0.265666,0.043777,-0.307913,0.323044,-0.689479,0,0,0,0
0.546162,0.624840,-1.020951,0.101807,-0.838938,0.462732,-0.189031,0,0,0,0
1.362198,-1.230294,0.554210,0.404793,-1.959426,6.440436,-0.327173,1,0,0,0
1.255678,0.145355,-0.964890,1.511559,-0.431197,0.616567,1.214432,0,0,0,0
0.923978,-0.104589,-1.352744,1.233197,-0.501826,-0.263922,0.026871,0,1,0,0
0.669204,0.406323,-0.578308,0.549108,-0.369769,-1.214935,-0.292840,0,0,0,0
1.193833,0.226354,-1.324940,0.206515,-1.373442,-0.832669,1.119688,0,0,0,0
0.880672,0.292734,-1.100053,0.614447,-1.068758,-0.177106,-0.154112,0,0,0,0
1.022465,-1.194638,0.154480,-0.327343,-2.204639,1.800660,-0.492557,0,0,0,1
1.271372,-0.099213,-1.563689,1.176246,-1.435480,-0.082249,0.511714,0,0,0,0
1.182410,-0.232169,-0.891621,0.821285,-1.673027,1.195825,0.049654,0,0,1,0
0.969153,-0.536431,-1.286463,-0.442000,-0.414167,0.387156,0.648247,0,0,0,0
0.213496,-0.921455,-2.409941,-1.136242,-2.689528,-0.314270,-0.198492,0,0,0,0
0.307406,-0.395120,-1.449269,0.046878,-1.171383,-0.647471,0.872930,0,0,0,0
-0.814028,-0.280183,-1.566680,-0.472817,-0.009885,2.001369,-2.053885,1,0,0,1
1.155347,-0.511251,-0.503839,0.471435,-0.058851,0.065405,0.548651,0,0,0,0
0.753148,-0.832587,-0.507711,0.836088,0.772338,1.738076,-0.267897,0,0,0,0
1.241348,-0.523307,0.337278,-0.061624,-0.866280,0.737285,0.655923,0,0,0,0
0.781108,-0.256135,-0.179990,-0.167093,-0.061555,-0.665363,1.229690,0,1,0,0
1.225389,-0.076899,-0.335163,0.173333,-1.664511,1.610670,2.040998,0,0,0,0
0.838266,0.146163,-0.528472,0.856996,-0.768713,-0.318156,0.758551,0,0,0,0
0.842209,-1.918315,1.043763,0.364640,-1.452084,1.809218,-0.095325,0,0,0,0
0.568115,0.058706,-0.166429,-0.327425,-1.968503,0.979813,0.167681,0,0,0,1
0.534769,-0.569749,-0.793431,0.042760,-1.451641,0.882071,-0.699744,0,0,0,0
0.220677,0.311918,-0.540990,-0.287740,-0.937639,-1.230032,-0.509576,0,0,0,0
0.577636,0.148053,-0.796893,0.219954,-0.216695,-0.239522,0.704380,0,0,0,0
0.281482,0.015471,0.100930,0.696176,-0.102601,0.311366,0.280527,1,1,0,0
0.902583,-0.621536,-1.243732,1.943881,-0.197255,1.058418,1.388774,0,0,0,0
0.882704,-0.897565,-1.403452,1.436717,-0.289913,-0.434397,0.303296,0,0,0,0
0.559468,-0.619513,-0.569525,1.376705,-0.809059,0.152866,-0.052045,0,0,0,0
0.423799,-0.338404,-0.653985,0.928692,-1.011803,-0.117527,0.097232,1,0,0,1
1.217343,-0.535056,-0.631077,0.502617,-0.864009,-0.251245,0.617402,0,0,0,0
1.296704,-0.795114,-0.879382,-0.300738,-0.800457,0.741617,1.249775,0,0,0,0
1.158459,-0.394611,-0.947563,0.231060,-0.971905,0.213511,1.271636,0,0,0,0
1.042313,-0.870703,-1.237623,-0.195430,-0.813361,0.318225,0.385449,0,0,1,0
1.294537,-1.023503,0.171467,0.158962,-0.494177,0.813519,0.592263,0,0,0,0
1.111629,-1.298791,0.097900,0.305002,0.277171,-0.588876,0.515718,0,0,0,0
0.389214,0.042564,-0.369968,0.955922,0.200266,-0.559302,0.228230,0,0,0,0
0.819120,-2.069756,0.599741,1.379245,-1.628992,1.983098,-0.087861,0,1,0,0
0.880474,-0.346577,-1.612901,0.924256,0.336600,0.017370,0.086205,0,0,0,0
1.110610,-1.258677,-0.244633,0.068228,0.801082,2.266224,0.440703,0,0,0,0
0.889839,-0.280893,-1.357377,1.228457,0.343498,0.208727,0.644378,0,0,0,0
0.133480,-0.788316,0.257163,-0.124723,0.860328,-0.227214,-0.532642,1,0,0,0
1.159609,-1.407285,0.213652,0.476507,0.032882,-0.032064,1.077560,0,0,0,0
0.441585,-0.597486,-0.699811,0.540071,-0.522477,0.030870,-0.108091,0,0,0,1
1.092144,-0.257946,-0.933159,1.335959,-0.696280,0.659904,0.570563,0,0,0,0
0.782193,-0.767624,-0.846552,0.844463,-0.700126,-0.418629,-0.156102,0,1,0,0
0.579417,-0.348435,-0.568139,0.467630,-0.259658,-0.594081,0.446676,0,0,0,0
0.238906,-0.322003,-0.330943,1.109239,-1.186186,-0.289894,0.178284,0,0,0,0
0.431906,0.221065,-0.606925,0.587119,-0.723783,-0.241807,0.768834,0,0,0,0
0.434723,-0.988152,0.703941,1.950815,-0.493108,1.734950,0.472801,0,0,1,0
1.069654,0.421933,-0.787645,0.451289,-0.465073,-0.190181,0.719533,0,0,0,0
0.790893,-0.086250,-1.075991,0.242173,-0.375539,0.684481,0.097621,0,0,0,0
0.840819,0.098135,-0.893104,0.780874,-0.860754,0.809954,0.498717,0,0,0,0
0.502401,-0.156382,-0.210602,0.745831,-0.998413,-1.066281,-0.132747,0,0,0,0
0.422099,0.008281,-0.113306,0.476380,-0.619918,-0.690572,-0.154971,0,0,0,0
-0.900777,0.539191,0.428274,0.151490,0.510266,-0.466059,-1.008177,1,0,0,1
1.259783,-0.425780,-1.505869,0.904461,-1.230900,-0.294064,1.012202,0,0,0,0
0.956912,-0.378623,-1.696806,1.220161,-0.800568,-0.224834,-0.122889,0,0,0,0
0.856644,-0.963737,-1.677156,0.855393,-1.584769,-0.587074,0.073536,0,0,0,0
0.760130,-1.014551,-1.460022,1.340249,-0.783705,0.128997,0.136362,0,0,0,0
0.856958,-0.513611,-1.658818,0.918203,-1.188992,0.085436,0.412552,0,0,0,0
0.587497,-0.584889,-1.957296,0.742533,-0.346960,0.796370,-0.526941,0,1,0,0
0.777932,0.472222,-1.019051,0.570611,-0.327100,-0.718869,0.798541,0,0,0,0
0.268522,0.258556,-1.571952,0.247582,-0.175004,-0.410064,-0.672261,0,0,0,0
0.104804,0.210637,-1.510366,0.335241,-0.456184,-0.103172,-0.780811,0,0,0,0
0.304730,-0.590682,-0.345167,0.196174,-0.662767,0.561191,-0.808667,0,0,1,0
1.410147,-0.185957,-0.284530,0.193887,-0.229024,0.107676,2.013357,0,0,0,0
0.848463,0.279287,-0.806420,0.574676,-1.144601,-0.250605,0.432440,0,0,0,0
0.093781,0.289564,-0.425181,0.820597,-1.097069,-0.671578,-0.547274,0,0,0,0
0.747387,-0.339714,-0.350183,1.322191,-0.822618,0.347760,0.233540,0,0,0,1
1.042375,-0.002620,-0.137795,1.141415,0.229477,1.233334,1.629621,0,0,0,0
0.216073,0.883650,-0.532900,0.723800,0.328638,-1.146394,0.298253,0,0,0,0
0.437447,0.516880,0.051319,0.150130,-0.626845,-0.033679,0.817970,0,0,0,0
0.190379,-1.375753,2.209399,-0.786031,-0.232766,0.625704,-0.333278,1,1,0,0
1.012889,-0.730041,0.618635,0.187977,-0.112836,0.822438,2.514834,0,0,0,0
0.703292,-0.676962,-0.018872,1.277815,-0.576874,-0.422435,0.220562,0,0,0,0
0.579200,-0.465284,-0.353426,0.433826,-0.368212,0.990102,0.275270,0,0,0,0
0.266412,0.037696,-0.102410,1.046449,0.466152,0.272807,0.431219,0,0,1,1
1.393119,-0.520949,0.022750,-0.364067,-0.088429,0.081634,1.982229,0,0,0,0
0.698887,-1.144498,-0.892097,-0.382500,-0.504798,1.017475,-0.353384,0,0,0,0
1.101246,-0.721546,0.129251,-0.061674,-0.444567,0.844351,0.389421,0,0,0,0
-0.098651,-0.042853,0.278274,0.586705,0.993862,-0.133438,-0.656445,0,1,0,0
1.167529,-0.937792,0.004521,0.139952,0.570119,1.010052,1.095157,0,0,0,0
0.972401,-0.999600,0.112022,-0.302180,-0.222728,-0.824979,0.580816,0,0,1,0
0.999201,-0.876379,-0.261400,-0.244766,-0.137253,-0.587759,0.240888,0,0,0,0
0.762215,-0.376227,0.136582,-1.051357,-0.500723,0.124920,0.544801,1,1,0,0
0.809030,-0.110755,0.875294,-0.012199,0.005337,-1.213289,0.512924,0,0,0,0
0.327827,-0.579798,0.583906,-0.070302,-0.489704,-0.016387,-1.025029,0,0,0,0
0.221224,0.088720,0.185766,-0.362594,1.231464,-0.081903,0.345835,0,0,0,0
0.968200,-1.731136,1.370664,0.389532,-0.159860,0.833662,0.135544,0,0,0,1
0.745533,-0.603583,-0.430451,1.459147,-0.047490,0.023648,0.385289,0,0,0,0
0.612990,-1.405789,0.194877,0.421542,0.833354,-0.210200,0.234583,0,0,0,0
0.366348,-0.125287,0.267679,-0.591307,1.186996,-0.963750,-0.225220,0,0,0,0
-0.617504,0.934831,0.104215,-0.720245,1.609964,-0.814404,-0.086904,0,1,0,1
0.805669,-0.305387,0.483675,-0.383922,-0.865191,-0.608303,0.822030,0,0,0,0
-0.003513,-1.119763,0.619267,0.404015,-0.958602,-0.956367,-0.298798,0,0,0,0
0.501782,0.282302,-0.253489,-0.550188,-0.597869,1.327119,0.182780,0,0,0,0
0.704631,-2.150403,2.160241,-1.010562,-0.166816,1.053727,-0.742150,0,1,0,0
0.822439,0.163222,-0.664847,0.522585,0.021511,-0.162514,1.186216,0,0,0,0
0.492766,-0.373028,-0.236666,0.344708,-0.727086,-0.876771,-0.461336,0,0,0,0
0.620493,0.181232,1.167065,-0.255448,0.114099,-0.103789,0.960399,0,0,0,0
0.863451,-1.715405,2.011069,0.051956,-0.129484,0.499798,-0.001680,0,0,1,0
1.001093,-0.287576,0.372451,0.923971,-0.075473,0.192389,1.087572,0,0,0,0
0.079726,-0.275523,1.066285,0.874655,-0.593206,-1.405760,0.619297,1,0,0,1
1.160084,0.111967,-0.502998,0.115124,-0.848689,0.139867,2.032894,0,0,0,0
1.043933,-0.272185,-0.684318,0.711420,-0.691399,0.588312,0.985271,0,0,0,0
0.911946,-0.436233,-0.605664,0.310499,-0.493983,0.247222,1.347514,0,0,0,0
0.779469,-0.399315,-0.282553,0.221387,-0.681355,-0.319074,1.252296,0,0,0,0
0.622648,0.270049,0.473072,0.436072,-0.104917,-1.314048,1.722443,0,0,0,0
1.151100,-2.226843,2.745211,-0.793520,-0.583415,2.310187,0.346868,0,1,1,0
0.837750,-0.213289,-0.623605,0.401477,-0.074156,0.123197,0.500723,0,0,0,0
0.618049,-0.270898,-0.113299,0.123005,0.127655,-0.608954,-0.118050,0,0,0,0
0.568199,0.008391,0.395187,-0.046247,0.302312,-0.634599,-0.027464,0,0,0,0
0.880740,-0.832679,0.045429,0.182796,-1.012873,0.247163,0.370368,1,0,0,0
1.485645,-0.317470,-0.372263,-0.460610,-0.178173,1.734581,1.328565,0,0,0,0
0.836074,0.233008,-0.914671,0.409509,-0.384579,-1.163652,0.499706,0,0,1,0
0.469426,-0.178863,0.034964,0.175220,0.208540,-1.115001,0.753881,0,0,0,0
0.855028,-0.770221,-0.921049,-0.240255,-0.178101,0.823345,0.650443,1,1,0,0
1.219408,-0.472593,-0.978028,0.509490,-0.595110,2.596640,0.933187,0,0,0,0
0.944084,-0.841894,-0.819701,0.070928,-0.043421,0.793922,-0.141276,0,0,0,0
1.082002,-0.859013,-0.448272,0.947794,0.451400,0.348849,1.770309,0,0,0,0
-0.149571,0.276100,-0.808406,0.560984,-0.232093,-0.764722,-0.466571,0,0,0,1
1.362188,0.024372,-1.097079,0.413840,-0.673142,0.435093,1.290528,0,0,0,0
1.014050,-0.207540,-1.590551,0.669824,-0.765707,0.789336,0.375132,0,0,0,0
0.982383,-0.617073,-0.946075,0.424306,-0.557483,0.420236,0.592718,0,0,0,0
0.947305,-0.243764,-0.972603,0.444895,-1.218016,0.506635,0.094065,0,1,0,1
0.885971,-0.916893,-0.076945,0.189002,0.110541,0.860687,-0.328524,0,0,0,0
0.414264,-0.924181,0.179514,0.788678,0.229863,-1.015379,-0.840422,0,0,0,0
0.538129,-0.213630,-0.765251,0.835069,-0.471863,1.504683,-0.250376,0,0,0,0
0.272907,-0.041082,0.161612,0.783519,-0.321216,0.043602,0.222989,1,0,0,0
1.261925,-0.491510,-0.809986,0.865916,0.096225,0.356359,0.931054,0,0,0,0
0.881103,-0.156673,-1.265138,0.612319,-1.002884,0.389880,0.639304,0,0,0,0
0.626472,-0.042192,-0.257799,1.233058,-0.164947,-0.231310,1.740580,0,0,0,0
-0.130495,0.128638,-0.708102,0.313621,0.891619,0.132221,-0.520482,0,0,0,1
1.310637,-0.808471,-0.392597,0.401309,-1.090155,1.404564,1.511154,0,0,0,0
0.962149,-0.238242,-0.857553,0.038833,-1.362443,-0.926265,0.665602,0,0,1,0
1.294764,-0.623523,-0.320487,0.201560,-1.166321,0.756112,1.411381,0,0,0,0
0.861740,-0.740335,-0.677987,0.385315,-1.016569,0.280627,0.655102,1,1,0,0
1.321352,-0.029627,-1.843098,0.638155,-0.996871,0.517434,1.642347,0,0,0,0
1.018544,-0.658694,-1.831551,0.564019,-1.042956,-0.496289,0.825645,0,0,0,0
0.997407,-0.416914,-1.519456,0.372673,-1.518757,-0.331068,0.672037,0,0,0,0
0.833369,-0.499065,-1.545916,0.697489,-1.317401,-0.512366,0.972250,0,0,0,1
1.155480,-0.043630,-0.827921,0.396682,-1.059886,0.674417,1.061912,0,0,0,0
0.946685,0.148338,-1.646254,0.109228,-0.998846,0.254080,0.776879,0,0,0,0
0.783742,0.439890,-0.724903,0.289231,-1.253100,0.241975,0.917135,0,0,0,0
0.855637,0.127306,-0.577871,0.336996,-1.288495,-0.855287,0.864000,1,0,0,0
1.206914,0.063312,-1.357087,0.367826,-2.120527,1.643481,1.755008,0,0,0,0
1.153713,-0.096695,-0.562543,0.628887,-1.647304,0.259325,0.954174,0,0,0,0
1.145565,0.192232,-0.628231,0.596366,-1.702694,0.735430,0.988744,0,0,0,0
0.549810,-0.301957,0.207371,0.812842,-0.932395,-0.458527,0.115951,0,0,1,0
0.872040,0.297558,-1.071730,0.661437,-0.783196,-0.385027,1.478022,0,0,0,0
0.828691,0.264875,-0.619082,0.607416,-0.990055,0.876702,0.332304,0,0,0,0
0.431267,-0.060312,-0.292518,0.855554,-0.556421,0.027087,-0.306317,0,0,0,0
1.020331,-0.573296,0.619561,0.817251,-1.102750,1.361311,0.346530,0,1,0,0
0.280054,-1.506354,-0.009077,1.593871,-1.062268,-0.479877,-0.783107,0,0,0,0
-0.274950,-2.255023,-0.719262,0.998575,-0.856646,0.892958,-1.456138,0,0,0,0
-0.933964,-0.940443,-1.064983,0.710552,-1.187611,-1.048359,-1.870565,0,0,0,0
-1.722199,-0.983368,-0.607413,0.629598,-0.558079,-0.857604,-2.040634,0,0,0,0
-1.314323,-2.348662,-1.030127,0.600298,-0.678765,-0.338683,-0.758808,0,0,0,0
-1.383870,-3.122440,-0.851128,0.605928,0.146295,0.863753,-0.522227,0,0,0,0
-1.438172,-2.878719,-0.486237,-0.060933,-0.437242,1.024975,-1.036929,0,0,0,0
-2.602334,-2.104304,-0.690781,-0.518491,0.314817,-0.761614,-2.723105,0,1,0,0
-0.541473,-0.776530,-1.274833,-1.904428,-0.656754,-0.592646,0.021303,0,0,0,0
-1.161935,-1.207865,-1.964157,-2.471447,-1.531910,0.326619,-0.161239,0,0,0,0
-1.408445,-1.661296,-1.385055,-2.758557,-1.837438,0.068719,-0.298254,0,0,0,0
-1.436151,-2.394752,-0.676183,-3.142140,-2.297644,1.324809,-1.239053,0,0,0,0
-3.001523,-0.907074,-1.240150,-2.732427,-1.014985,-2.048689,-2.755805,0,0,0,0
-2.584200,-2.343047,-0.834989,-2.237546,-1.168706,1.754474,-2.819689,0,0,0,0
-3.783929,-1.354103,-1.270431,-2.698055,-0.076743,0.195912,-3.073340,0,0,0,0
-1.983595,-3.551906,0.397361,-0.531393,-0.953413,-0.244710,-2.714035,0,0,1,0
-1.228078,-0.679966,-0.005572,-1.082948,0.828519,-0.928954,-0.719104,0,0,0,0
-1.640924,-1.411699,-0.847402,-2.107953,-0.470688,-0.765266,-1.323850,0,0,0,0
-2.414874,-0.502297,-0.579469,-2.177889,-0.312750,-0.233015,-2.009961,0,0,0,0
-3.456748,-0.242792,0.059090,-2.298529,1.500712,-0.923288,-2.395923,0,0,0,0
-2.023386,-1.931117,-1.208467,-2.990603,-1.045934,-0.522362,-1.204553,0,0,0,0
-1.974141,-2.328829,-1.310615,-3.208235,-0.962962,2.604543,-0.730383,0,0,0,0
-2.106442,-2.687355,-1.727572,-3.204853,-1.852208,-0.996520,-0.967001,0,0,0,0
-3.208028,0.608841,0.130242,-3.804669,1.054699,-0.425584,-2.013497,0,0,1,0
-0.941005,-1.087784,0.029630,-2.131419,-1.086182,-0.041563,-0.428505,0,0,0,0
-1.384830,-1.715379,-0.170488,-3.021290,-1.472430,-0.791974,-0.921048,0,0,0,0
-2.036676,0.322892,1.084566,-0.820660,-0.121115,0.215281,-2.036503,0,0,0,0
-2.476565,0.394829,0.782199,-0.833394,0.351327,-0.738219,-2.554843,0,0,0,0
-0.545682,-1.798271,1.299469,1.443086,-0.243078,-1.474266,-0.121045,0,0,0,0
-1.457961,-1.316274,1.716066,0.821938,0.864714,0.410568,-0.499030,1,1,0,0
0.944540,0.559150,-1.399567,0.597187,-0.685272,0.593818,1.886535,0,0,0,0
0.850295,-0.120364,-1.349016,0.860790,-0.378550,0.297911,0.788466,0,0,0,0
0.880385,-0.062772,-0.236386,1.219407,-1.289051,0.666652,1.061548,0,0,0,0
0.838705,-0.029701,-0.376274,0.748161,-1.341305,-0.131545,0.588383,0,0,0,1
0.820664,0.022890,-0.169052,0.929486,-0.540973,-0.769398,1.014766,0,0,0,0
0.230948,0.702539,-0.419473,0.909807,0.224392,-0.796861,0.973322,1,0,0,0
0.269996,0.498910,-0.855270,0.750586,0.533022,-0.672775,1.706000,0,0,0,0
0.124869,0.939498,-0.145125,0.384829,0.088335,0.080350,0.455108,0,0,0,0
0.487867,0.350403,-0.551473,0.967039,0.262112,0.336743,0.476472,0,0,0,0
0.174945,1.153609,-0.039346,-0.308049,0.088677,0.549946,0.396429,0,0,1,0
1.505562,0.104244,-0.211121,0.923957,-0.747284,1.091501,1.717194,0,0,0,0
0.782051,0.375534,-0.614613,0.794030,-0.380898,0.379918,0.936885,0,1,0,0
0.703619,0.662315,-0.591443,0.702954,-0.265338,-1.077857,1.037088,0,0,0,0
0.916342,0.398129,-0.705512,0.196136,-0.797858,-0.395175,0.877881,1,0,0,0
1.108252,0.195120,-0.483638,0.556295,-0.739213,-0.541446,0.802489,0,0,0,0
1.203153,-0.542185,0.425419,0.309451,-0.547490,2.973305,1.271763,0,0,1,0
1.271970,-0.376136,-0.567564,0.706306,-0.511131,0.296138,0.973069,0,0,0,0
0.834860,-0.688972,0.289742,0.455260,0.270706,0.094932,-0.159114,0,0,0,1
0.888202,-1.287718,-0.147900,-1.188016,-0.793756,0.913027,-0.156138,0,0,0,0
-0.201400,-1.782846,-0.754276,-0.889208,-1.466656,-0.125298,-0.473464,0,0,0,0
-0.761500,-2.633290,-0.362363,-0.593185,-2.522299,0.366836,-1.224441,0,0,0,0
-1.356967,-1.656249,-0.989858,-2.166769,-2.974960,1.333997,-2.235606,0,0,0,0
-2.826033,-2.252047,-0.617234,-1.959810,-1.138890,0.725957,-2.927307,0,0,0,0
-3.176207,-2.227426,-0.870335,-2.448171,-1.838008,-0.178661,-3.030459,0,0,0,0
-3.890742,-2.938192,-0.060063,-2.976357,-2.412305,-0.603281,-3.173636,0,0,0,0
-0.591594,-4.821214,1.039326,-3.300392,-2.835542,5.926544,-0.896451,1,0,0,0
-1.020233,-2.486688,-4.005686,-2.472448,-2.827751,0.262415,-1.112959,0,0,0,0
-1.405711,-3.751555,-3.325518,-1.559756,-3.464402,1.136125,-0.670052,0,0,0,0
-1.796390,-4.588123,-2.937712,-1.439060,-3.343696,1.419575,-0.966789,0,0,0,0
-2.010399,-3.792714,-3.300338,-1.827080,-2.722378,0.479340,-1.256202,0,1,0,0
-2.085130,-3.366332,-2.153456,-1.789622,-1.726867,0.825961,-1.679389,0,0,0,0
-2.976003,-2.059805,-1.266007,-2.046013,-0.403312,0.505148,-2.576802,0,0,1,0
-1.949914,-4.305246,-3.227207,-2.152236,-3.349631,-0.227721,-0.287710,0,0,0,0
-1.770172,-4.357132,-3.778130,-1.615320,-3.052295,1.436082,-0.938995,0,0,0,0
-2.011420,-4.565527,-3.417734,-2.139717,-3.541767,0.626647,-0.763273,0,0,0,0
-2.226480,-5.013082,-3.911311,-2.381560,-3.174367,0.098400,-0.822427,0,0,0,0
-2.332242,-5.119191,-3.613319,-2.688970,-3.484366,1.385049,-0.897560,0,0,0,0
-2.429994,-5.111268,-4.283498,-3.217656,-3.904545,-0.355207,-0.839389,0,0,0,0
-2.497566,-4.970007,-3.608712,-2.681162,-3.795704,0.627497,-1.453289,0,0,0,0
-2.553628,-5.106767,-3.640520,-2.626042,-4.021959,0.515973,-0.897952,0,0,0,0
-2.640526,-5.143601,-3.312355,-2.363327,-2.819539,-0.017480,-0.980173,0,0,0,0
-2.235742,-4.419827,-3.878723,-2.956933,-3.902135,-0.101756,-0.944685,0,0,0,0
-2.373274,-4.764884,-3.617642,-2.794022,-3.676008,0.665728,-1.193842,0,0,0,0
-2.547741,-5.132472,-3.771686,-2.675888,-3.976267,0.371806,-1.077407,0,0,0,0
-1.403507,-1.972240,-0.320603,0.668940,-0.483337,-1.276389,0.889560,0,0,0,0
-1.052261,-1.128726,0.672146,0.826526,-0.871059,-0.512694,1.253587,0,0,0,0
0.789782,-1.113431,-0.576471,0.885130,-0.589756,1.268027,1.157290,0,0,0,0
0.540225,-1.591633,-0.337232,1.180228,0.055352,0.344975,0.466490,0,0,0,0
0.567405,-1.374648,-0.184496,0.351120,-0.730771,-0.058524,0.366779,0,0,0,0
0.745869,-0.741716,-0.892902,-0.088329,-1.513905,1.286869,-0.235609,1,0,0,1
0.761099,-0.538146,-0.918147,0.775064,-0.378356,-0.137154,0.435241,0,0,0,0
0.895079,-0.579199,-0.051509,0.712143,-0.432110,0.272639,-0.269130,0,0,0,0
0.639149,-0.600059,0.091224,0.708684,-0.945980,-0.853978,-0.232853,0,0,0,0
0.425877,-0.421932,-0.202849,0.684262,0.298248,0.116444,-0.643956,1,1,0,0
0.604693,-0.217691,0.070460,0.630311,-0.019794,2.718937,0.255820,0,0,0,0
0.154457,0.095923,-0.175048,0.490831,-0.750129,-0.583232,-0.236395,0,0,0,0
0.415280,0.190774,-1.287119,0.685838,0.814358,-0.100556,0.014322,0,0,0,0
0.161746,0.224607,-0.681364,0.637298,0.649629,-0.486999,-0.311542,0,0,1,0
0.393537,-0.419052,-0.288074,1.153762,0.432352,1.173216,1.326045,0,0,0,0
-0.194419,-0.239897,-0.724964,1.029828,0.848298,-0.812595,-0.596473,0,1,0,0
0.318592,-0.177308,0.279433,0.575054,0.397284,-1.001557,1.202775,0,0,0,0
-0.052905,-0.001197,-0.350967,0.436644,0.210522,0.064411,-0.671090,1,0,0,1
0.644207,0.014573,-0.899229,0.836982,-0.440633,-0.119809,0.766933,0,0,0,0
0.323919,-0.787596,-0.680836,0.433772,-0.054145,0.395721,-0.540862,0,0,0,0
0.264522,-0.429151,-0.605509,0.720798,-0.234053,0.179442,-0.295200,0,0,0,0
0.288267,-0.320482,-0.508518,0.521116,-0.120029,0.133077,-0.310463,0,0,0,0
0.280930,-0.488786,-0.437458,0.479930,-0.663070,0.276366,-0.093429,0,0,0,0
-0.011507,-0.781016,-0.061994,0.969826,0.896449,0.247322,-0.225802,0,0,1,0
0.380152,-0.029244,-0.550427,0.751769,0.298979,0.593525,0.575609,0,0,0,0
-0.023331,-0.388549,-0.496593,1.010185,1.523471,0.941557,-0.482278,1,1,0,0
0.708716,-0.660148,0.239421,0.350801,-0.392741,2.222260,0.335346,0,0,0,0
0.197101,-0.579114,0.862256,1.105698,-0.301136,-0.085234,-0.309907,0,0,0,0
-0.060630,-0.272406,0.342561,0.877716,0.390692,-1.090170,-0.373567,0,0,0,0
0.031474,-0.641678,0.165967,0.354412,0.434223,0.102882,-0.257919,0,1,0,0
0.431340,-0.052331,-0.737004,0.817910,0.551112,-0.625703,0.689532,0,0,0,0
0.240196,-0.434598,-0.698071,0.219036,-0.124961,-0.899598,0.046932,0,0,1,0
0.148328,-0.757938,-0.699866,0.614520,0.586184,-0.951227,0.007865,0,0,0,0
-0.208018,-0.680789,0.756099,0.475461,0.959400,-0.505738,-0.097410,1,0,0,1
0.575977,-0.015466,-1.203889,0.869886,-0.195445,-1.332560,-0.058069,0,0,0,0
-0.003672,-0.523258,0.737068,0.903300,0.511705,-0.392855,-0.192018,0,0,0,0
-0.051531,-0.459198,0.154764,1.017540,0.959619,1.202009,-0.076780,0,0,0,0
-0.375759,-0.051793,0.574558,1.197568,0.654002,-0.810321,-0.436391,0,1,0,0
0.617429,-0.728030,-0.340239,0.609241,0.804002,-0.434038,0.388549,0,0,0,0
0.275004,-0.476092,-0.262960,0.468051,0.300863,1.041809,-0.153298,0,0,0,0
0.020237,-0.302145,-0.204280,0.578350,-0.076451,-0.248620,-0.005038,0,0,0,0
-0.500084,-0.014086,0.129764,0.645515,0.931084,-0.629819,-0.601087,0,0,1,1
0.489010,-0.124256,0.301171,0.406409,0.320723,-0.200603,-0.081204,0,0,0,0
-0.092315,-0.708575,0.859723,0.436925,0.846123,-0.713113,-0.346139,1,0,0,0
0.240079,0.003198,-0.756342,0.915517,0.547706,0.166268,0.027430,0,0,0,0
-0.178850,0.161517,-0.783449,0.753750,0.377848,-1.347291,-0.195714,0,0,0,0
0.036724,-0.145207,0.179751,0.523144,0.103907,-0.813016,0.226594,0,0,0,0
-0.150499,-0.172116,-0.285164,0.601151,0.232284,-0.486745,-0.023443,1,0,0,0
0.018786,-0.023402,-0.102722,1.233954,-0.000275,-0.758992,0.675521,0,0,0,0
-0.340604,0.087816,0.085020,0.566391,0.689223,0.191315,-0.746735,0,0,1,1
0.672849,0.362243,-1.091049,0.876952,0.720203,-0.405647,0.854647,0,0,0,0
0.488571,-0.056545,-0.935976,1.013847,0.174986,-1.417182,-0.164841,0,0,0,0
0.376941,-0.080486,-0.199879,0.773649,-0.303957,-0.866643,-0.022574,0,0,0,0
0.122762,-0.832176,0.016237,0.858453,0.314602,-0.507505,-0.528934,0,0,0,0
0.165145,-0.295241,-0.380783,0.963492,0.302061,-0.620595,-0.202509,0,0,0,0
0.307383,-0.808358,0.528269,-0.195386,0.867484,0.482135,-0.171358,0,0,0,0
-0.163329,-0.384713,-0.248687,0.994517,0.255784,-0.640432,0.296106,0,0,0,0
0.221008,-0.438765,-1.014506,0.596258,-0.453969,2.292557,-0.320672,0,1,1,0
0.509917,0.311084,-0.572658,0.834101,-0.309026,-0.540566,-0.010168,0,0,0,0
0.489567,0.146059,-0.552222,1.067462,-0.628007,0.778596,0.573159,0,0,0,0
0.294711,-0.119250,-0.818982,0.782716,-1.071806,-0.422879,0.063815,0,0,0,0
0.347137,-0.602023,0.615609,0.417523,-0.765653,0.151177,-0.216858,0,1,0,0
0.394889,-0.123632,-0.828305,0.873181,-0.603418,-1.196350,1.038360,0,0,0,0
0.358425,0.006858,-0.928779,0.754047,0.028468,-0.475169,-0.042996,0,0,0,0
0.188375,0.174548,-0.581762,1.396066,0.260049,0.321787,0.795649,0,0,0,0
0.091368,-0.096604,-0.390622,1.020463,0.135769,-0.164440,-0.238017,1,0,0,0
0.217241,0.574958,-0.592000,0.908434,0.774549,-0.415968,1.418445,0,0,0,0
-0.088120,1.044499,-0.363443,0.693491,0.872234,-0.377690,0.464565,0,0,0,0
-0.275075,1.162255,0.069204,1.165729,0.636365,-0.473073,0.876310,0,0,0,0
0.142503,0.716605,0.209621,-0.067866,-0.314968,0.907285,-0.186306,0,0,1,1
0.580739,0.459290,-1.077562,1.454112,0.346376,-0.441004,0.648967,0,0,0,0
0.724355,0.299636,-0.541987,0.905420,-0.663469,0.152238,0.225773,0,0,0,0
0.343614,0.132546,-0.647741,0.953681,-0.496069,-0.786204,-0.661574,0,0,0,0
0.307553,0.311109,-0.036528,1.396841,-0.205873,-0.381011,0.468376,0,1,0,0
0.213446,-0.146452,0.224984,0.905523,-0.106228,-0.460073,0.201331,0,0,0,0
-0.321283,0.397357,0.047721,1.115220,0.199540,0.023286,1.014742,1,0,0,1
0.513405,0.571231,-1.569859,0.619287,0.667091,0.155882,0.367784,0,0,0,0
0.427695,0.045924,-0.351061,0.997863,0.165738,-0.446857,-0.146808,0,0,0,0
0.125796,-0.175774,-0.295469,1.244322,0.185618,-1.318515,-0.004250,0,0,0,0
-0.104982,0.293904,-0.678031,0.739927,0.377578,0.091368,0.342836,0,0,1,0
0.114900,0.422652,-0.066880,1.160765,-0.172422,0.820186,-0.045324,0,0,0,0
-0.872132,0.363248,-0.048993,0.413615,0.138704,-1.243296,-0.976511,1,1,0,0
0.515558,0.393420,-0.939768,1.271377,0.404823,0.182403,1.181841,0,0,0,0
0.413261,0.173522,-0.625284,1.129134,-0.573202,0.428408,-0.100209,0,0,0,0
0.120175,-0.488048,-0.930845,1.377764,0.131754,-0.750869,-0.752052,0,0,0,0
-0.040703,-0.101698,-0.772933,0.916592,-0.379394,-0.042655,-0.449943,0,1,0,0
0.208119,0.343311,0.397931,0.909328,-0.833635,-0.427319,0.155118,0,0,0,0
-0.537476,0.623702,0.478755,0.940411,0.114525,-0.443595,-0.539985,0,0,1,1
0.426990,0.677683,-0.708310,0.887314,0.199469,-0.223823,1.048811,0,0,0,0
0.442724,0.093244,-0.814392,0.737708,-0.272253,0.137968,-0.153312,0,0,0,0
0.155950,-0.197905,-0.045361,0.788269,-0.959897,-0.238459,-0.567009,0,0,0,0
-0.134480,-0.166734,-0.444815,0.623725,-0.560677,-0.241644,-0.539589,0,0,0,0
-0.095003,0.798982,-0.713325,0.416445,0.554191,-0.093773,0.651061,0,0,0,0
-0.572729,0.665777,-0.699877,-0.313211,-0.084020,-0.025460,-0.783755,0,0,0,1
0.675813,0.706083,-0.697996,0.653166,0.001093,-0.261652,0.607646,0,0,0,0
-0.077930,1.299990,-0.586512,0.290159,1.028289,-1.170044,0.180118,0,1,0,0
-0.035626,1.425955,-1.147737,-0.114864,0.869071,-0.564300,0.727134,0,0,0,0
-0.724886,1.473872,-0.110266,-0.360712,1.034335,-1.733054,-0.270496,0,0,1,0
-0.158698,0.521230,0.484743,0.306098,0.338414,0.768694,1.165806,0,0,0,0
-1.031334,1.050393,0.759629,0.312295,0.729312,-0.787422,1.227998,1,1,0,0
0.643104,1.013768,-0.975562,1.186771,0.782945,0.402180,1.559192,0,0,0,0
0.414063,0.440719,-0.657215,1.096194,0.313832,0.113843,0.087734,0,0,0,0
0.471950,0.117845,-0.537565,1.066243,0.269721,1.050872,0.616488,0,0,0,0
0.064126,0.187895,-0.787381,1.199511,0.660657,-0.805876,0.292035,0,0,1,0
0.254321,0.768213,-0.334364,0.982341,0.074556,0.774390,0.321594,0,0,0,0
-0.216668,0.930958,-0.576237,0.565346,0.071492,-1.054710,-0.597421,0,1,0,0
0.667307,0.648183,-0.601576,0.700593,0.021277,0.876558,1.717050,0,0,0,0
-0.289529,1.154374,-0.868466,0.072152,0.722798,-0.533383,-1.142268,0,0,0,0
0.340458,0.580603,-0.509620,0.755338,0.866164,0.954553,1.333492,0,0,0,0
-0.349625,1.337044,-0.523482,0.261318,1.251287,-0.333772,0.650984,0,0,1,0
0.386049,0.619789,-0.205528,0.423072,0.656925,-0.282842,2.373615,0,0,0,0
-0.180448,0.545519,-0.820751,0.520741,1.011214,-0.396839,0.357718,0,0,0,0
0.227936,0.601306,-1.156563,0.207472,0.350631,-0.812331,-0.204851,0,0,0,0
0.182199,0.299091,-0.918215,0.295248,0.187351,-0.163469,-0.393154,0,0,0,1
0.503900,0.307858,-0.984875,0.526415,-0.603094,0.213822,-0.505094,0,0,0,0
-0.042682,0.458055,-0.868493,-0.272971,0.433941,-0.749352,-1.010154,0,0,0,0
0.564120,-0.405076,-0.523494,0.173499,-0.423119,-0.695391,-0.702422,0,0,0,0
0.386545,-1.639329,0.381674,-0.914807,0.350463,1.802901,-1.352371,0,1,0,0
-2.236794,0.792978,0.623795,-1.784546,0.497157,-0.731123,-2.011644,0,0,0,0
-3.080060,0.747730,-0.830893,-2.542752,0.825977,-0.936881,-2.430465,0,0,0,0
-4.031545,0.204723,-0.245635,-2.518872,2.421686,-0.400469,-2.890958,0,0,1,0
-3.914356,0.092487,-0.534598,-2.920794,0.752644,-1.359786,-2.854238,0,0,0,0
-3.831317,-0.103857,-1.259095,-2.635931,1.209966,-0.901465,-2.822306,0,0,0,0
-4.276054,-0.082488,-0.884806,-3.517687,1.610917,-1.155223,-2.986559,1,0,0,0
-3.599210,0.282188,-1.641179,-2.486411,2.497171,-1.818159,-2.744622,0,0,0,0
-3.362165,0.387104,-1.652722,-2.706609,1.043244,-2.047484,-2.714091,0,0,0,0
-4.251250,-0.189120,-1.011282,-2.860988,2.158584,-1.492849,-2.977680,0,0,0,1
-3.915323,1.102751,0.142217,-2.986481,2.580752,-1.762304,-2.627510,0,0,0,0
-2.096039,0.354861,0.668740,0.713230,1.472896,-1.612624,0.278503,0,0,0,0
