mfcc0,mfcc1,mfcc2,mfcc3,mfcc4,onset,rms,lane0,lane1,lane2,lane3
-4.017758,-4.623315,-0.057828,-1.517408,0.313049,-1.413954,-1.514000,0,0,1,0
-1.812724,2.685247,3.280634,-0.523622,2.576129,-0.220012,0.833742,0,0,0,0
-1.652117,2.426976,3.007658,-0.500826,1.259336,0.116957,0.589442,0,1,0,0
-1.108209,0.666349,1.901330,0.657934,1.681079,0.565038,0.537514,0,0,0,0
-1.078840,0.384373,1.916633,0.722037,1.168351,0.611213,0.215210,0,0,0,1
-0.938317,0.949029,1.195682,-0.058313,2.603832,0.593981,-0.155484,0,0,0,0
-0.874450,0.880218,1.393643,0.302883,2.183885,1.000992,-0.438138,1,0,0,0
-0.333457,0.134055,0.654446,0.753468,0.871969,0.658221,-0.525976,0,0,0,0
-0.488448,-0.190953,0.874992,0.346554,0.594249,0.201732,-0.840593,0,0,0,1
-0.656863,0.575583,0.284208,-0.185391,0.118697,0.118228,-0.876771,0,0,0,0
-0.891170,0.468521,0.236030,-0.199751,0.356876,0.666189,-1.064617,0,0,1,0
-0.627140,0.289004,0.405269,-0.107210,-0.206880,0.836614,-0.975478,0,0,0,0
-0.928669,0.035006,0.311431,0.036660,0.138962,0.478379,-1.073123,0,0,0,1
-0.508813,0.539459,0.772110,-0.001861,0.063865,0.600003,-0.634986,0,0,0,0
-0.401096,0.658567,0.651801,0.132413,0.514623,0.914339,0.414966,0,1,0,0
-0.403837,0.259113,2.181173,0.243943,0.809889,0.692896,0.902785,0,0,0,0
-0.476841,0.376487,2.197273,0.245777,0.711298,0.032841,0.861878,1,0,0,0
-0.207010,0.864910,1.443535,0.030314,0.231102,0.464986,0.754351,0,0,0,0
0.088874,0.762493,0.053446,0.678962,0.914392,1.654101,0.931290,0,0,1,0
0.124462,1.286155,0.007704,0.069338,0.626678,-0.008258,0.526517,0,0,0,0
0.064552,1.636145,0.259518,0.164427,1.256868,-0.510997,0.555351,0,0,0,1
0.278995,2.892492,0.473809,-0.713489,-0.716448,0.733913,0.353283,0,0,0,0
-0.472077,0.759715,1.233017,0.028347,0.889238,0.243009,-0.298339,0,1,0,0
-0.102797,1.138302,0.954754,-0.038017,0.664902,-0.163571,-0.272820,0,0,0,0
0.235404,1.386526,-0.207749,-0.249844,-2.422488,1.998640,-0.276069,0,0,1,0
-0.001423,1.066660,0.013232,-0.045522,-1.786549,-0.087063,-0.515947,0,0,0,0
-0.167666,0.987597,1.231810,-0.340589,-2.638551,0.089398,-0.609117,0,1,0,0
-0.292683,0.349873,0.261508,-0.291361,0.167995,-0.290559,-0.941368,0,0,0,0
-0.519563,-0.078539,-0.152629,-0.602568,-0.085491,0.854887,-1.053829,0,0,1,0
-0.677338,0.043248,0.476486,0.008954,0.958160,0.824055,-0.639631,0,0,0,0
-0.454019,1.216855,0.864555,-0.006150,1.408160,0.089519,0.527949,0,0,0,1
-0.420611,0.923204,0.952578,0.256430,0.801872,1.140507,0.797476,0,0,0,0
-0.615568,1.047488,1.129566,0.383570,0.868277,0.460817,0.676559,0,0,1,0
-0.957066,1.955190,1.732328,0.519571,0.058095,-0.518255,0.726081,0,0,0,0
-1.180439,1.588447,2.192609,0.114805,0.119850,0.286418,0.570636,0,1,0,0
-0.884971,0.297424,1.478826,0.645147,0.905215,0.528217,0.446241,0,0,0,0
-0.982773,0.087553,2.108805,0.729360,1.216935,0.827881,0.258299,0,0,0,1
-0.863894,0.651949,1.100825,0.221487,2.049847,0.823791,-0.150536,0,0,0,0
-0.771643,0.592244,1.237735,0.460026,1.750419,1.032415,-0.373363,1,0,0,0
-0.260998,-0.039782,0.723655,0.724379,0.368841,0.403628,-0.551171,0,0,0,0
-0.406654,-0.621696,0.614433,0.653960,0.150743,-0.431326,-0.883389,0,0,0,1
-0.585905,0.557540,0.364211,-0.219733,-0.645863,-0.309736,-0.891390,0,0,0,0
-0.650440,-0.015995,0.134501,-0.617404,-0.934389,0.365551,-1.034782,0,0,1,0
-0.507038,-0.158936,0.448933,-0.137613,-0.863044,0.961955,-1.042875,0,0,0,0
-0.708639,0.064563,0.243045,0.064378,-0.583434,0.929597,-1.052179,0,0,0,1
-0.765112,0.391660,0.899375,0.027002,-0.638629,0.419901,-0.880190,0,0,0,0
-0.698172,0.590615,0.625597,-0.346926,-1.017309,0.379046,-0.881615,0,1,0,0
-0.720040,0.611050,1.689600,-0.059244,-0.215042,0.342122,-0.489003,0,0,0,0
-0.577110,0.767117,1.884801,-0.112560,0.779206,0.947913,0.546095,1,0,0,0
-0.586114,1.440895,1.229507,-0.198950,-0.957264,0.405398,0.769578,0,0,0,0
-0.733889,1.129852,1.801371,-0.314819,0.005675,-0.206736,0.737277,0,0,1,0
-0.759647,1.606263,1.442857,-0.459519,-0.212223,-0.026615,0.395545,0,0,0,0
-0.708695,1.587413,1.451354,-0.539372,-0.181674,0.395437,0.239495,0,0,0,0
-0.778558,2.146740,1.045558,-0.645211,-0.503273,0.530073,-0.000641,0,0,0,0
-0.864657,1.830433,0.761435,-0.411789,0.131720,0.336849,-0.441426,0,0,0,1
-0.805129,2.574259,1.336681,-0.298142,0.023234,0.286224,0.703134,0,0,0,0
-0.753465,2.442264,1.472894,-0.498980,0.321627,0.569662,0.755748,0,0,0,0
-0.861570,2.888684,1.086866,-0.771458,1.108720,0.487184,0.757404,0,0,0,0
-1.068672,3.078336,1.496919,-0.720406,1.633080,0.076720,0.753228,0,0,0,1
-0.931680,3.154577,1.468593,-0.644085,1.521332,0.171564,0.797315,0,0,0,0
-0.886453,3.166072,1.112128,-0.931663,0.881973,-0.059693,0.710154,0,0,0,0
-1.056808,3.211625,1.495324,-0.811759,1.558948,-0.124397,0.721006,0,0,0,1
-1.219389,3.343974,2.014319,-0.938587,1.524594,-0.771271,0.785153,0,0,0,0
-1.239011,3.052097,2.070002,-0.969614,0.886620,-0.216384,0.722654,0,0,0,0
-1.396945,2.714258,2.032727,-0.722320,2.317738,-0.134486,0.808209,0,0,1,0
-1.683464,2.525769,3.011727,-0.336888,2.228986,-0.147048,0.817542,0,0,0,0
-1.686746,2.556165,3.332442,-0.487241,1.244205,0.204501,0.571928,0,1,0,0
-1.131401,0.174237,2.481624,0.454262,1.937408,0.675482,0.462408,0,0,0,0
-1.165126,0.394183,2.240647,0.922682,1.702952,-0.424195,0.233842,0,0,0,1
-0.914952,1.169819,1.798486,0.098834,1.694046,-0.029760,-0.125059,0,0,0,0
-0.957145,0.998467,1.299024,0.170450,2.556482,-0.099059,-0.369016,1,0,0,0
-0.321391,-0.209728,1.513823,0.874846,1.412272,0.169845,-0.552287,0,0,0,0
-0.557614,-0.075736,0.267657,0.588517,1.032690,-0.208526,-0.919340,0,0,0,1
-0.656555,0.891970,0.163186,-0.449707,-0.140111,-0.176354,-0.950894,0,0,0,0
-0.859397,0.230001,-0.124376,0.019474,0.971499,0.127126,-1.037354,0,0,1,0
-0.668680,0.578869,0.468946,-0.158714,-0.251646,0.256897,-1.021226,0,0,0,0
-0.783027,0.486147,0.440798,-0.120099,0.006137,0.323188,-0.980458,0,0,0,1
-0.607848,0.514107,1.487566,0.140814,-0.517779,0.472119,-0.539328,0,0,0,0
-0.445307,0.942966,0.890494,0.205371,0.261670,0.691774,0.501974,0,1,0,0
-0.517794,0.253375,2.107421,0.337548,1.279748,0.902102,0.758886,0,0,0,0
-0.601858,0.442116,1.445247,0.046257,0.848117,0.786023,0.747956,1,0,0,0
-0.652040,0.750556,2.003309,0.077676,1.136008,0.343427,0.760304,0,0,0,0
-0.707930,0.791128,2.166736,0.023399,0.934882,0.091317,0.614702,0,0,1,0
-0.729038,0.654739,1.934648,-0.104622,0.994840,0.814095,0.473594,0,0,0,0
-0.667832,0.614453,1.344656,0.125642,1.020527,0.493758,0.206247,0,0,0,1
-0.778189,0.850727,1.096128,0.048854,1.221656,0.419101,-0.133100,0,0,0,0
-1.015727,0.988322,2.314463,0.158324,-0.041638,-0.428425,-0.384869,0,1,0,0
-0.890145,0.693292,1.802705,0.102127,1.295729,-0.276103,-0.614489,0,0,0,0
-0.891498,0.729029,1.116314,-0.060834,-0.210799,-0.073524,-0.926293,0,0,1,0
-0.845336,0.386538,0.829454,0.138155,0.419095,0.232184,-0.932669,0,0,0,0
-1.325927,-0.576718,1.093756,-0.126344,1.000935,0.194845,-1.159648,0,1,0,0
-0.926727,0.115860,0.792348,-0.266094,1.126917,0.962156,-1.050758,0,0,0,0
-1.087188,0.061198,0.778023,-0.419168,0.982095,0.175178,-1.127669,0,0,1,0
-1.018620,0.515174,1.098608,-0.066608,1.209152,0.663667,-0.697693,0,0,0,0
-0.853451,1.256983,1.087183,0.238587,0.892166,0.395111,0.406739,0,0,0,1
-0.704769,1.219002,1.495715,0.243068,1.420456,0.351389,0.898148,0,0,0,0
-0.751014,1.221451,1.608918,0.513555,1.080378,0.952618,0.872302,0,0,1,0
-1.518060,2.646302,2.772449,-0.293849,1.995416,-0.849606,0.689212,0,0,0,0
-1.659297,2.477044,3.064194,-0.397875,1.579409,0.267103,0.653505,0,1,0,0
-1.192400,0.432245,2.108605,0.396932,1.534996,0.469352,0.333289,0,0,0,0
-1.073387,0.096672,2.222508,0.757418,1.718008,0.104536,0.182748,0,0,0,1
-1.018435,0.822686,1.506514,0.026061,2.525574,0.277045,-0.156253,0,0,0,0
-0.983145,0.670513,1.334610,0.222985,2.703170,0.259452,-0.406324,1,0,0,0
-0.294703,-0.328656,1.066684,0.934772,1.363147,0.409285,-0.602161,0,0,0,0
-0.605367,-0.357569,0.750899,0.378315,0.589454,0.616892,-0.890033,0,0,0,1
-0.741159,0.764292,0.445478,-0.343237,0.538646,0.447299,-0.965570,0,0,0,0
-0.811137,0.420161,-0.282381,-0.602815,0.096980,0.371486,-1.111405,0,0,1,0
-0.752245,0.285265,0.695122,-0.027464,-0.374330,1.222782,-1.057681,0,0,0,0
-0.807897,0.149620,0.173451,-0.166573,-0.590948,1.180372,-1.030616,0,0,0,1
-0.697540,0.575301,0.902103,-0.083781,0.395455,0.464470,-0.711046,0,0,0,0
-0.603396,0.994190,1.230345,0.288714,0.534688,0.581547,0.490924,0,1,0,0
-0.609688,0.483825,1.988643,0.269316,1.284985,0.787730,0.875111,0,0,0,0
-0.598421,0.884014,1.484016,0.037894,0.762668,0.063463,0.763595,1,0,0,0
-0.507865,1.214204,1.515756,-0.450288,-0.066357,0.477129,0.652222,0,0,0,0
-0.779065,1.087077,1.957259,-0.388594,0.578521,-0.301824,0.528214,0,0,1,0
-0.681728,1.474637,1.210729,-0.552788,-0.536882,0.091805,0.242375,0,0,0,0
-0.717748,1.336728,1.396879,-0.454770,-0.069193,0.695868,0.116575,0,0,0,0
-0.456031,1.444557,0.857527,-0.704312,-0.115303,0.767022,0.035920,0,0,0,0
-0.911651,1.615370,1.030213,-0.515841,-0.506593,-0.499722,-0.375635,0,0,1,1
-0.066161,0.630384,1.765873,-0.364523,-0.338774,0.025183,0.759319,0,0,0,0
-0.227780,1.095029,2.118732,-0.220043,-0.379834,0.561993,0.812355,0,1,0,0
0.116392,0.932822,1.124541,-0.190972,0.796610,0.568966,0.841526,0,0,0,0
0.045674,1.181054,1.087662,-0.130972,0.339149,0.617520,0.790008,0,0,0,1
-0.563405,2.055764,1.725721,-0.878241,0.682180,0.102521,0.781039,1,0,0,0
0.363526,0.991231,0.591268,-0.696522,-0.335161,0.858320,0.827090,0,0,0,0
0.220643,2.107070,-0.160931,-0.801293,0.898905,-0.102766,0.852986,0,0,0,1
-0.672076,2.344266,1.678675,-0.291475,0.607207,-0.410939,0.824490,0,0,1,0
-0.110815,1.494945,0.942971,-0.475811,-0.033043,-0.058706,0.719321,0,0,0,0
-0.489591,0.651513,1.684033,-0.098396,0.748303,0.717755,0.757915,1,0,0,1
0.291469,-0.019811,1.672689,-0.119953,-0.584608,0.378580,2.383706,0,0,0,0
0.148976,-0.057204,1.861019,-0.299028,-1.484734,-0.355108,1.270241,1,1,0,0
0.169246,0.159883,1.415519,-0.179729,-0.675876,-0.733479,2.306430,0,0,0,0
-0.071726,0.477285,1.415642,0.054118,-1.546219,-0.093498,1.685620,0,1,0,1
1.151801,-1.012431,-0.915451,0.049965,0.055663,-0.645862,-0.052846,0,0,0,0
0.679473,-0.552674,0.140395,0.422620,0.953811,0.115717,-0.072370,0,0,1,0
0.241427,-0.336897,1.226459,0.052860,-0.304287,-0.991248,-0.189027,0,1,0,0
0.706209,-1.052216,0.014641,0.151294,-0.171294,-0.476480,-0.127378,1,0,0,0
0.220419,-0.904584,0.988406,0.106436,-1.266735,-0.921335,-0.773029,0,0,0,0
-0.256635,-0.143463,0.232291,-0.055347,-0.486665,0.561315,-1.033287,0,0,1,1
0.628489,-0.754913,-0.354130,0.252741,0.896974,0.141240,2.319086,0,0,0,0
-0.279349,0.076864,0.940695,0.446479,0.285042,-0.627116,1.300274,1,0,0,1
0.906458,-1.741822,-0.357766,0.469854,0.969303,-0.494257,0.361517,0,1,0,0
0.512957,-1.719141,-0.010918,0.669605,0.554539,0.355252,-0.168189,0,0,1,0
-0.189917,-0.524814,2.160846,0.405963,-0.387358,-0.629690,-0.221712,0,0,0,0
-0.283744,0.891921,0.697449,0.226072,0.762910,0.679648,-0.076091,1,0,0,1
0.074374,-0.679764,2.308386,0.565277,0.027486,-0.374791,2.221639,0,0,0,0
-0.343793,-0.073886,2.902271,0.061950,-0.973598,0.099108,1.506897,1,0,1,0
-0.410155,-0.294908,1.692401,0.557411,0.295989,-0.967130,2.481532,0,0,0,0
-0.939933,-0.359401,2.380514,0.604318,-0.499933,-0.354261,1.672300,0,0,1,1
1.107582,-2.038054,-0.959525,0.046444,0.666905,-0.829983,-0.310771,0,0,0,0
0.300247,-1.153002,-0.283224,0.771304,1.972690,-0.318950,-0.100276,0,1,0,0
0.215427,-1.127091,0.946925,0.599888,0.999049,-0.788945,-0.029417,0,0,1,0
0.385237,-1.097825,0.362716,0.305340,0.888733,-0.670215,-0.206546,1,0,0,0
0.251739,-0.770823,1.092563,0.206539,-0.422663,-0.843541,-0.174647,0,0,0,0
0.303965,-0.445561,0.640552,-0.093667,0.298142,0.803861,-0.244616,0,1,0,1
0.747388,-1.095128,-0.391206,0.206195,0.923723,0.145664,2.030864,0,0,0,0
0.292414,-0.722534,1.266278,0.692540,0.878629,0.014802,1.527650,1,0,0,1
0.843486,-1.338536,-0.194671,0.218346,0.749650,-0.341071,-0.248138,0,0,1,0
0.379514,-1.303953,-0.111389,0.628510,0.897421,-0.288683,-0.123588,0,1,0,0
0.358725,-1.451963,1.556889,1.383792,-0.505217,-0.824390,-0.009887,0,0,0,0
0.169854,-0.819432,0.779562,1.245151,-0.073061,0.708620,0.055021,1,0,1,1
0.328452,0.214168,1.007964,1.008860,-0.961869,0.407819,2.434101,0,0,0,0
0.405834,0.249734,0.321592,0.812388,-0.728864,0.083576,1.481770,0,1,0,1
0.759600,-0.635653,0.049191,0.819449,-1.145873,-0.397894,2.041754,0,0,0,0
0.584907,-0.070813,0.040821,0.928756,-0.915296,-0.051719,1.175262,1,1,1,0
1.329043,-1.029631,-0.397107,0.604371,-1.088950,-0.522378,0.354981,0,0,0,0
0.328241,-1.706802,1.291771,1.071999,0.358926,0.091427,-0.159916,0,0,1,1
1.170521,-1.297606,-0.904656,0.472866,0.568856,-0.096187,1.106164,0,1,0,0
0.991465,-1.139700,-0.503999,0.954775,0.042433,-0.235532,0.172472,1,0,0,0
0.580624,-0.587855,0.865370,0.739919,0.530989,-0.935976,0.517517,0,0,1,0
0.706136,-1.104097,0.060282,0.430421,0.478679,-0.422570,0.016402,0,1,0,1
0.395742,-0.660522,0.320477,1.164450,0.585461,-0.708496,2.780606,0,0,0,0
0.446954,-0.857375,-0.072342,0.893633,0.841667,0.253878,1.484401,1,0,1,1
1.137097,-1.524629,-0.840315,0.662537,0.745708,-0.568450,0.343101,0,1,0,0
0.661712,-0.803992,-0.687428,1.147054,0.470750,-0.063155,-0.001716,0,0,1,0
0.979954,-1.034887,-0.478127,0.510802,0.546505,-0.685061,0.182022,0,1,0,0
0.765571,-0.915036,-0.268602,0.904236,0.430652,-0.490311,0.059302,1,0,0,1
0.081551,-0.262256,0.905059,1.091479,-0.111904,-0.455305,2.464114,0,0,0,0
0.182588,0.000885,-0.307574,1.142151,0.068207,0.136417,1.288859,0,1,0,1
0.728861,-1.384143,0.305246,1.144039,0.250350,-0.766618,0.512437,0,0,0,0
0.250150,-1.271447,-0.142370,1.339365,1.142112,0.021432,-0.099881,0,1,1,0
0.575679,-1.774697,0.309019,0.894764,0.998171,-0.455408,0.206895,0,0,0,0
0.022004,-0.573400,0.175825,1.354186,0.427011,-0.327706,-0.048442,0,0,0,1
1.518212,-0.544823,-1.214235,0.223740,0.134621,-0.019624,1.161911,1,0,0,0
1.277680,-0.063725,-0.461115,0.482900,0.005400,0.109417,1.986239,0,0,1,1
0.920713,0.248864,-1.281408,0.589940,-1.432022,0.574011,1.328396,1,0,0,0
1.167769,-0.697119,-1.477227,-0.017402,-0.403092,-0.954583,0.224261,0,1,0,1
0.480370,-2.063217,0.566636,1.230698,0.188410,-0.860145,1.002599,0,0,1,0
0.609157,-0.100669,-1.830864,0.630246,-0.880354,-0.176472,0.072571,1,0,0,0
1.548481,-0.754848,-0.458880,0.381501,-0.546273,-0.474616,0.380939,0,0,0,1
1.445280,-0.936675,-0.754821,0.255911,-0.817722,0.842502,0.215011,1,0,0,0
1.188940,-0.323950,-1.457602,0.118029,0.096476,0.234904,0.103996,0,0,0,1
1.335039,-0.331599,-1.453792,0.179679,-0.298563,-0.043118,0.170526,1,1,0,0
0.523092,-0.240140,0.973468,-0.347161,-0.503270,0.454204,2.206993,0,0,0,0
0.049646,-0.702385,1.316231,0.307225,0.464243,0.685142,1.100692,1,0,1,0
0.271285,0.222875,1.478408,0.064830,-1.216643,-0.684165,2.213672,0,0,0,0
0.088804,0.188323,1.024488,-0.377712,-1.452868,-0.509117,1.360684,0,0,1,1
0.737595,-1.222089,0.394151,-0.030359,-1.307027,-0.122503,0.005793,0,0,0,0
-0.065357,0.135081,1.160276,0.250683,-1.191217,-0.545467,-0.174003,0,1,0,1
1.108494,-0.539777,-0.599128,-0.051082,-0.403443,-0.916036,0.041743,0,0,1,0
0.631154,-0.692813,-0.087853,0.470772,0.547488,-0.629969,-0.160759,1,0,0,0
0.166045,-0.494994,0.834579,0.451972,0.452100,-0.635666,-0.333428,0,1,0,0
0.561827,-1.043147,0.189749,0.197288,0.609704,-0.258916,-0.285888,0,0,1,1
0.324888,-0.982456,1.556569,0.573091,0.770193,-0.073731,2.092633,0,0,0,0
-0.016544,-0.322892,0.574600,0.353354,0.437946,-0.140518,1.365767,1,0,1,0
0.935883,-1.094786,-0.534903,0.470183,0.362536,-0.448042,0.453606,0,0,0,0
-0.371659,0.001339,0.887668,0.440054,1.147096,-0.766979,-0.159758,0,0,0,1
0.706992,-0.679095,-0.457366,0.238176,1.252847,-0.372306,-0.128437,0,0,1,0
0.565401,-1.357204,0.049032,0.503195,0.162406,-0.089011,-0.259682,1,1,0,0
-0.244953,0.545486,2.117498,0.484174,-0.200428,-0.908764,2.424211,0,0,0,0
-0.243177,0.862948,0.899717,0.619503,0.435714,0.867194,1.616968,1,0,0,1
0.016198,-1.029370,1.775278,0.405600,0.289546,-0.508759,2.372189,0,0,0,0
-0.360521,-0.933749,1.766338,0.287314,-0.324971,-0.106389,1.600301,0,0,1,1
0.656406,-2.432378,0.198165,0.481253,0.213432,-0.633412,-0.365819,0,0,0,0
-1.027871,0.160653,2.739343,0.299103,0.755466,-0.793972,-0.059752,1,1,0,0
1.061011,-0.889414,-0.723386,0.123842,0.782858,-0.852501,0.061585,0,0,1,0
0.741915,-1.094456,-0.258143,0.432990,1.147254,-0.422260,-0.106342,0,0,0,1
0.268239,-0.004654,-0.056817,-0.310292,0.202550,-0.627620,-0.172214,0,1,0,0
0.204709,-0.923533,0.066147,0.150268,1.012618,-0.647295,-0.385549,1,0,1,0
-0.103517,-0.894912,2.007575,0.623724,0.811688,-0.952160,2.318435,0,0,0,0
0.258665,0.148376,0.809589,0.004642,0.024872,0.650273,1.526692,0,0,1,1
1.142661,-1.133706,-0.864857,-0.071490,-0.475455,0.013622,-0.164255,0,0,0,0
-0.221620,-0.076803,1.461377,0.068510,0.827334,-0.606994,-0.107062,0,1,0,0
0.906128,-1.030725,-0.251997,0.402925,0.102702,-0.313468,0.031952,0,0,1,0
0.638801,-1.188993,0.139792,0.959553,0.172035,-0.309690,0.072274,1,0,0,1
0.188152,-0.384144,1.689486,0.936599,-0.270884,0.093297,2.424464,0,0,0,0
0.222698,-0.388661,1.247485,1.020099,0.123363,0.665605,1.484296,1,0,1,0
0.192407,-0.124669,0.953822,1.313344,0.221342,-0.483957,2.494530,0,0,0,0
0.307784,-0.513449,0.668986,1.277817,-0.019685,0.393335,1.046242,0,0,1,1
0.712697,-1.923807,0.459467,1.298248,0.723697,-0.040986,0.377698,0,0,0,0
0.569964,-2.904702,1.758879,1.213511,1.229192,0.794933,0.068785,0,1,0,1
0.975781,-0.612861,-1.305243,0.534670,0.368631,0.576596,1.171090,1,0,0,0
0.355658,-0.462409,-0.175559,0.733380,0.265078,-0.247516,-0.079100,0,0,1,0
0.540034,-0.311542,-1.001706,1.082178,-0.686900,-0.707340,0.067791,0,1,0,0
0.332777,-0.858228,-1.041989,1.494583,0.544607,0.296088,-0.129095,1,0,1,0
0.461863,0.597294,-0.115892,0.239640,-0.580680,-0.678352,2.499466,0,0,0,0
0.297976,0.904038,-0.196987,0.324084,-0.509589,-0.504804,1.376225,1,1,0,0
0.913379,-0.992391,-0.601323,0.691266,0.236700,-0.363579,0.436744,0,0,0,0
0.420919,0.095219,-0.456227,0.627414,0.254563,-0.476677,0.213236,0,0,1,0
0.649307,-0.535761,-0.283410,0.573427,-0.861312,-0.430843,0.138941,0,1,0,0
0.801136,0.060192,-0.592478,0.784685,-0.484102,0.464522,0.218593,1,0,0,1
0.481204,0.150282,0.169060,0.679882,0.228419,-0.366409,2.297440,0,0,1,0
0.624721,-0.537893,-0.553151,0.654470,0.564786,-0.656719,1.467020,0,1,0,0
0.086889,-0.442691,0.128423,1.267661,0.092906,-0.715813,0.081628,0,0,0,0
0.052849,-0.404128,-0.124981,1.421995,0.539335,0.082184,-0.252070,0,1,0,1
0.736117,-1.923428,0.186405,1.221779,0.679178,-0.476626,0.159715,0,0,0,0
0.473746,0.217659,-1.778362,0.660220,0.864512,0.029868,0.070658,0,0,1,1
0.119238,-0.385723,0.179237,1.274408,0.059273,0.266239,0.254461,1,1,0,0
0.606683,-1.377565,0.640554,0.700272,1.592929,-0.139480,2.541874,0,0,0,1
1.268467,0.621952,-1.297535,0.112933,-0.568923,-0.033163,1.178588,0,1,0,0
1.149860,1.054132,-1.980150,0.328062,-0.987674,0.320413,0.589694,0,0,1,1
0.601506,-0.903440,-0.969871,0.978310,-0.228967,-0.577176,0.725749,0,0,0,0
0.521288,-0.449408,-0.788613,0.390527,0.655245,-0.046779,0.055318,1,0,1,0
0.889328,-1.384491,-0.346456,0.407684,-0.598181,-0.333192,0.175004,0,0,0,0
0.216302,-0.471385,-1.085208,1.733451,0.748136,-0.140174,-0.036895,1,0,0,0
1.238809,0.277806,-1.438424,0.223248,0.423749,0.601820,0.116262,0,0,1,0
1.242553,0.110815,-1.373482,0.217386,0.200998,0.754053,0.328537,1,1,0,0
0.493475,0.023055,0.226599,-0.357248,-0.228778,0.030301,2.372248,0,0,0,0
0.276028,0.006574,0.553460,-0.311578,0.290786,-0.192571,1.327407,1,0,1,0
0.020156,-0.388508,1.541686,0.536739,0.685329,-0.600629,2.158093,0,0,0,0
-0.234749,-0.417334,1.568474,0.861320,-0.293917,-0.202531,1.648497,0,0,1,1
0.977320,-1.519443,-0.795728,0.213717,1.085562,-0.794051,-0.015876,0,0,0,0
0.823194,-2.509229,1.132095,0.195430,1.069975,0.057491,-0.066207,0,1,0,0
0.179599,-0.074692,1.237906,0.147910,-0.354560,-0.722980,-0.026302,0,0,1,0
0.787674,-0.873136,0.670111,0.077411,-0.373600,-0.508899,-0.040162,1,0,0,0
0.039998,-0.506722,1.163978,-0.234816,-1.484052,-0.823079,-0.801947,0,0,0,0
-0.087800,-0.241939,-0.069125,-0.416241,-0.786583,0.047438,-0.971607,0,1,0,1
0.716136,-0.352135,-0.351815,0.250476,0.894306,-0.359890,2.314710,0,0,0,0
0.122318,0.193673,0.962294,0.134344,0.333955,-0.235707,1.425619,0,0,1,1
0.961087,-1.056096,-0.313174,0.470888,0.098606,-0.611017,0.402999,1,0,0,0
0.562891,-0.626400,-0.168047,0.448197,0.404119,-0.160711,-0.071020,0,1,0,0
-0.043444,-0.452517,1.900977,0.398469,-0.476543,-0.725535,-0.161565,0,0,1,0
-0.136550,0.408901,0.679982,0.150525,0.992385,1.164362,-0.057860,1,0,0,1
0.004673,-0.258218,2.263697,0.433045,-0.299426,-0.249552,2.232251,0,0,0,0
-0.402356,0.371610,2.271468,0.331585,-1.250488,-0.272525,1.613333,1,0,1,0
-0.386995,-0.313936,1.502987,0.347422,0.369685,-0.680795,2.350458,0,0,0,0
-0.729727,-0.205178,1.945923,0.493758,-0.150702,-0.200277,1.452396,0,0,1,1
1.069538,-1.726570,-0.992915,0.232551,0.262395,-0.765043,-0.318449,0,0,0,0
0.456983,-0.954122,-0.160057,0.595748,1.913952,-0.228814,-0.036620,0,1,0,0
0.148188,-0.550794,1.690882,0.275859,0.678710,-0.699767,-0.152668,0,0,1,0
0.590110,-0.735661,0.755358,0.140874,-0.161037,-0.319919,-0.089752,1,0,0,0
0.296639,-0.267667,1.091067,-0.018704,-0.058237,-0.223841,-0.112168,0,1,0,0
0.131255,0.249265,0.355568,-0.350055,-0.139856,-0.493381,-0.166519,0,0,1,1
0.827061,-0.475955,-0.568773,-0.066530,0.539302,0.340153,2.165130,0,0,0,0
0.398998,0.352197,0.616990,-0.441216,-0.445646,0.232803,1.558055,0,1,0,1
0.998205,-1.151956,-0.754669,-0.213565,-0.402430,-0.554767,-0.194195,0,0,0,0
0.454206,-1.833971,0.012425,0.661519,0.836536,0.028618,-0.066485,0,1,1,0
0.538957,-2.310174,2.197057,0.889769,-1.181173,-1.071303,0.038921,0,0,0,0
0.581264,-2.975403,2.598467,0.530204,-1.106666,1.299241,0.172404,1,0,1,1
0.087114,0.087868,1.114676,1.212910,-0.554104,-0.371354,2.948218,0,0,0,0
0.396796,-0.358802,0.501874,1.065990,0.088611,-0.039612,1.438818,1,1,0,0
0.672769,-0.803365,0.059288,1.118871,-0.469979,-0.659329,1.928798,0,0,0,0
0.471958,-0.786003,0.311893,1.365791,0.312264,0.263698,1.288067,0,0,1,1
1.313627,-0.899365,-0.437675,0.504640,-1.013353,-0.292232,0.384284,0,0,0,0
0.585370,-0.333574,0.557908,0.498091,-0.548210,0.024955,0.020041,1,1,0,1
1.173170,-1.156446,-0.881283,0.366905,-0.248664,-0.546888,1.020233,0,0,1,0
0.963705,-1.171985,-0.344406,0.888857,-0.032626,-0.663859,0.131257,0,1,0,0
0.526338,-0.646208,0.749545,0.687349,-0.195972,-0.655915,0.496400,0,0,0,1
0.720231,-1.116313,0.047524,0.375046,0.350507,-0.101313,0.137724,1,0,1,0
0.385319,-0.359114,0.290691,1.337281,0.292599,-0.857751,2.892837,0,0,0,0
0.482684,-0.502159,-0.080522,0.826328,0.200171,0.186725,1.510218,1,1,0,1
1.160125,-1.372577,-0.827976,0.461444,-0.205370,-0.762193,0.349628,0,0,1,0
0.756531,-0.594568,-0.360680,1.050395,0.081137,0.480045,0.047073,0,1,0,0
0.797918,-1.192052,-0.551578,0.582954,0.777628,-0.568586,0.076748,0,0,1,0
0.715347,-0.875291,-0.304844,0.892335,0.512453,-0.644494,0.080325,1,0,0,1
0.086728,-0.286353,0.883142,0.892327,-0.299339,-0.337155,2.409599,0,0,0,0
0.156734,0.047653,-0.255374,1.114336,-0.117648,0.081470,1.375121,1,0,1,0
0.603595,-1.177578,-0.291418,1.346011,-0.298221,-0.591659,0.451414,0,0,0,0
0.194242,-0.818504,-0.310448,1.635333,0.351931,-0.193949,0.003389,0,1,1,0
0.461516,-1.638097,0.625092,1.016223,0.434854,-0.413191,0.216530,0,0,0,0
0.569041,-1.138703,1.138689,0.895831,0.568260,2.173907,0.063515,0,1,0,0
1.762654,-1.770641,-0.484802,-0.040288,-0.415821,0.475849,1.208702,0,0,1,0
1.306541,-0.251321,-0.443793,0.402976,-0.071033,0.098603,2.061672,1,1,0,0
0.967593,0.014772,-1.295555,0.377447,-1.092456,-0.083337,1.254845,0,0,1,0
0.784453,-0.541705,-0.913849,0.235539,-0.273137,-0.207985,0.174281,1,0,0,0
0.530820,-1.715927,0.074822,1.128737,0.359267,-0.610489,0.957278,0,0,0,1
0.849972,-2.527134,0.528173,0.863021,0.076405,-0.062708,-0.027758,0,1,0,0
1.257214,-0.581615,-1.090792,0.401398,0.398319,-0.391733,0.328849,0,0,1,0
1.063405,-0.425593,-1.058617,0.476465,0.659381,1.331143,0.206096,0,1,0,0
1.317179,-0.497233,-1.502430,0.136400,-0.067058,-0.059448,0.226056,0,0,1,0
1.312794,-0.480321,-1.388095,0.159062,-0.140844,0.481115,0.194704,1,1,0,0
0.105589,-1.501322,2.010350,0.401592,-0.090068,0.128961,2.416408,0,0,0,0
0.036682,-1.034719,2.587766,-0.045848,-0.760962,-0.410927,1.344955,0,1,1,0
0.168781,0.084803,2.058544,0.209764,-0.282774,0.138537,2.176920,0,0,0,0
0.088611,-0.043885,1.118827,0.169432,-0.724142,0.115041,1.420657,1,0,0,1
0.616488,-1.463426,0.914077,0.403064,-0.487762,-0.928370,0.022566,0,0,0,0
0.136299,-0.118479,0.920683,-0.067486,0.639834,-0.204932,-0.166466,0,1,0,1
1.066613,-0.757292,-0.574862,0.089605,0.681016,-0.657973,-0.018941,1,0,0,0
0.653689,-0.891502,0.055632,0.655612,0.721961,-0.459359,-0.153063,0,0,1,0
0.167002,-0.130781,0.230187,0.581412,0.586631,-0.810508,-0.310989,0,1,0,0
0.493046,-0.798233,-0.000782,0.084513,0.059646,-0.308914,-0.306237,1,0,0,1
0.255726,-0.842236,1.306760,0.540290,0.248558,-0.262789,2.181825,0,0,0,0
0.016806,-0.150034,0.411728,0.374673,1.046023,-0.375016,1.374036,0,0,1,1
0.892790,-1.064626,-0.387692,0.426082,0.482788,-0.549776,0.448653,0,0,0,0
-0.171487,-0.158666,0.419935,0.464708,0.346381,-0.238647,-0.177714,0,1,0,0
0.705295,-0.908536,-0.286503,0.277503,1.387784,-0.302669,-0.108202,0,0,1,0
0.457968,-0.929898,-0.114450,0.334131,0.484951,-0.593878,-0.308071,1,0,0,1
-0.279804,0.155989,2.055358,0.497475,0.395054,-1.004643,2.375337,0,0,0,0
-0.199611,0.984182,1.159682,0.300493,0.459518,1.064037,1.582622,1,0,1,0
-0.022906,-1.367572,1.858076,0.405667,0.742057,-0.639338,2.433102,0,0,0,0
-0.244269,-1.000474,1.163861,0.784499,0.652287,-0.175815,1.644216,0,0,1,1
0.477183,-1.441735,-0.188266,0.366871,0.156766,-0.885769,-0.415893,0,0,0,0
-0.599993,-0.004434,1.926864,0.357458,0.900310,-1.070418,-0.131486,1,1,0,0
1.075027,-0.784805,-0.643296,0.112805,0.301677,-0.845083,0.058778,0,0,1,0
0.827898,-2.272054,0.589870,0.331291,0.882638,0.075297,-0.165174,0,1,0,0
0.519620,-1.365198,-0.491547,0.670734,1.486443,0.805405,-0.217163,0,0,0,1
0.462993,-1.130813,0.021313,0.221721,1.130103,-0.444112,-0.316060,1,0,1,0
-0.024959,-0.478489,2.106895,0.177529,0.401401,-0.776854,2.298860,0,0,0,0
0.257421,-0.319531,0.685341,0.369317,0.964626,0.176776,1.553592,0,0,1,1
1.176611,-1.448440,-0.541028,0.272293,0.496429,-0.695726,-0.157240,0,0,0,0
0.318148,-0.408921,0.230359,0.174134,1.310501,0.109638,-0.074577,0,1,0,1
0.855374,-1.477544,-0.301274,0.737614,1.284925,-0.465573,0.016678,0,0,0,0
0.527941,-1.709328,0.056399,0.984397,0.956941,-0.311289,0.059033,1,1,0,0
0.117229,-0.900530,1.698658,0.945910,0.335332,0.057838,2.637458,0,0,0,0
0.386364,-0.536275,0.558305,0.548259,0.469689,0.328412,1.441456,0,0,1,1
-0.115754,-0.249497,0.780281,1.806970,0.480718,-0.511945,2.294136,0,0,0,0
0.200050,-0.588644,-0.053330,1.808260,1.444509,0.686270,1.113228,0,1,0,1
0.847737,-1.601033,0.128367,1.145899,0.526559,-0.729636,0.467603,0,0,0,0
0.169337,-0.164722,-0.666053,1.782415,1.462113,-0.703839,0.005613,1,0,1,0
0.906288,-0.413527,-1.220990,0.979180,-0.162476,0.424180,1.148463,0,0,0,1
0.498618,-0.822260,-0.018977,0.777697,1.187177,-0.754957,-0.032732,0,1,0,0
0.448007,-0.564594,-0.553103,1.297135,-0.338677,-0.584434,0.019143,0,0,0,1
0.543622,-1.500689,-0.430749,1.260219,1.147403,0.026578,-0.059620,0,1,1,0
0.195391,-2.244175,2.124533,0.820665,0.532707,-0.670487,2.538912,0,0,0,0
0.233621,0.689717,0.459172,0.438728,0.025939,0.484219,1.293428,1,0,1,0
0.864080,-1.214243,-0.472182,0.738760,0.350361,-0.525444,0.412997,0,0,0,0
0.267076,0.538900,-0.456860,1.019147,-0.236018,-0.069805,0.168684,0,1,0,0
0.526485,-0.437321,-0.089458,0.858972,-1.158072,0.149660,0.113863,0,0,1,0
0.586735,0.167400,-0.654509,1.115772,-0.496803,0.189852,0.178942,1,1,0,0
0.202496,0.282403,0.522787,0.822332,-0.065936,-0.377522,2.843641,0,0,0,1
0.524288,-0.331614,-0.277155,0.851092,0.779275,-0.593888,1.376681,1,0,0,0
0.355424,-0.259893,0.576194,0.691539,-0.119545,-0.456830,0.131244,0,0,0,0
0.205185,0.374012,-0.584771,0.937316,0.017498,0.194019,-0.219114,0,0,1,1
0.840560,-1.398209,0.072561,0.874540,-0.211159,-0.733887,0.129619,0,0,0,0
0.087439,0.080394,-1.005374,1.142574,0.514237,-0.027353,0.157845,1,1,0,0
0.116223,-0.390726,0.530766,1.033319,-0.381210,-0.515135,0.174919,0,0,1,1
0.220820,-0.237537,0.484522,0.871311,0.069036,0.400919,2.459309,1,0,0,0
1.194364,-0.039105,-1.101211,0.559226,-0.444201,0.236502,1.090779,0,0,1,0
1.272186,-0.044107,-0.955861,0.248237,-0.518702,0.377913,0.492034,1,1,0,0
0.910735,-0.372529,-0.950996,0.561719,-1.309320,-0.192099,0.772311,0,0,0,0
0.701415,0.594342,-0.842887,0.216099,-0.807744,-0.322922,0.091839,1,0,0,1
1.471657,-1.461091,-0.500197,0.160234,-1.174705,-0.410583,0.319391,0,0,1,0
1.414723,-0.721927,-0.647771,0.463591,-0.813950,0.460458,0.279547,1,0,0,0
1.381446,-0.077889,-1.217558,0.168429,-0.274048,0.878325,0.144006,0,0,1,0
1.430197,-1.049312,-0.121419,-0.036370,0.128377,0.611932,0.248582,1,1,0,0
0.508213,0.154048,0.700456,-0.679832,-1.360551,-0.092855,2.455477,0,0,0,0
0.407044,0.083443,0.535504,-0.570785,-0.409875,-0.213929,1.386174,1,0,1,0
0.545605,-0.045016,-0.141703,-0.708334,0.295506,-0.007305,2.286645,0,0,0,0
0.513223,-0.460974,0.463808,0.184643,1.049386,0.416724,1.355839,0,0,1,1
1.193082,-0.906103,-1.167759,-0.137516,-0.008923,-0.573327,0.018317,0,0,0,0
0.668819,-0.157691,-0.780356,0.287304,0.306831,-0.732974,-0.023845,0,1,0,0
0.550969,-0.291648,0.512467,-0.116774,0.037828,-0.707631,-0.187950,0,0,1,0
0.724969,-1.056163,0.165880,0.586269,0.207177,0.369762,0.014047,1,0,0,0
0.474630,-0.234696,-0.569536,-0.294240,-1.149583,0.413655,-0.597355,0,0,0,0
0.243133,0.414916,-1.148318,-0.359029,-1.165390,-0.238497,-0.572651,0,1,0,1
0.895233,-0.129156,-0.791095,-0.347801,0.078375,-0.537199,2.401181,0,0,0,0
0.558332,1.179557,-0.646111,-0.108877,-0.891776,-0.266937,1.345074,1,0,0,1
1.038259,-0.119943,-0.846567,0.514149,-0.773103,-0.078367,0.426552,0,1,0,0
0.755508,0.213936,-0.895420,0.488881,-0.367310,-0.291970,-0.003017,0,0,1,0
0.653793,-0.132539,0.486231,-0.136391,-0.246079,0.766093,0.039176,0,0,0,0
0.660526,0.413953,-0.202592,-0.265521,0.110372,-0.006334,0.012512,1,0,1,0
0.548763,0.254637,0.751690,-0.119635,-0.501161,0.068695,2.324162,0,0,0,0
0.367694,0.915828,0.427154,-0.246875,-0.109324,-0.302095,1.463312,1,1,0,0
0.149918,0.582642,0.297618,-0.297397,0.313366,-0.528993,2.307026,0,0,0,0
0.036473,1.148680,0.439866,0.151753,-0.577231,-0.316200,1.593981,0,0,1,1
1.215533,-1.006225,-1.133330,0.096188,-0.477826,-0.257236,-0.224886,0,0,0,0
0.481376,0.143540,-0.704686,0.507501,-0.007703,-0.742593,-0.096145,0,1,0,0
0.275131,0.110094,0.674207,-0.039398,-0.079082,-0.426634,-0.264810,0,0,1,0
0.644206,-0.963008,-0.000452,0.035636,-0.250274,0.039138,-0.231405,0,0,0,1
0.390984,-0.344494,0.480265,-0.141056,-0.514587,-0.761461,-0.216962,0,0,0,0
0.102219,0.846152,0.235632,-0.068176,0.028858,0.066986,-0.352034,1,0,1,0
0.938491,-0.698942,-0.459670,-0.225932,0.270602,0.158860,2.193056,0,0,0,0
0.501172,0.687725,-0.059089,-0.195704,-0.774718,-0.068733,1.467632,0,0,1,1
0.812829,-0.797356,-0.846018,0.365610,-0.678169,-0.562182,-0.370383,1,0,0,0
0.751040,-0.451884,-0.580958,0.481331,-1.211618,0.224405,-0.060002,0,1,0,0
0.551367,-1.881869,1.674982,0.244774,-1.662857,-0.841628,-0.138468,0,0,0,0
0.538393,-1.861711,1.472336,0.137212,-1.020969,0.588767,-0.242943,1,1,1,0
0.058645,0.079939,1.046527,1.343829,-0.499027,-0.250231,2.985878,0,0,0,0
0.467184,-0.271032,0.432389,1.070737,0.251143,1.262572,1.571953,1,0,0,1
0.667365,-0.778181,0.318489,1.173267,-0.090383,-0.301819,1.991009,0,0,0,0
0.832658,-0.180152,0.014853,0.492526,-0.955334,0.401636,1.086576,0,1,1,1
1.116429,-0.955716,-0.583781,0.483071,-0.559392,-0.123884,0.443521,0,0,0,0
0.427787,0.081931,0.197974,0.747822,-0.225512,-0.393383,0.088413,1,0,1,0
1.189202,-0.868054,-0.823099,0.541688,-0.183937,-0.437631,1.065734,0,0,0,1
1.134586,-0.736531,-0.544768,0.501663,-0.407507,0.109826,0.172518,0,1,0,0
0.861504,0.384319,-0.102303,-0.222610,-1.571105,-0.347428,0.549826,0,0,0,1
0.805199,0.005092,-0.184153,-0.368935,-0.858892,-0.100337,0.187055,0,1,1,0
0.717050,0.330816,0.018417,0.250147,-0.970670,-0.424358,2.867987,0,0,0,0
0.852079,0.695202,-0.615388,-0.139791,-1.237435,0.394974,1.373970,1,0,1,1
1.201541,-0.220557,-1.773578,0.479649,-1.968811,-0.167633,0.208763,0,1,0,0
0.960515,0.594083,-1.457600,0.578110,-1.671457,-0.214544,0.126141,0,0,0,1
1.180127,-0.340372,-0.964851,-0.079385,-0.685338,0.106525,-0.068731,1,0,0,0
1.057938,-0.116164,-0.982131,0.156814,-0.738198,-0.529066,-0.065970,0,1,1,1
0.617623,0.288697,-0.015513,0.279784,-0.329910,-0.396123,2.509466,0,0,0,0
0.720665,0.305847,-0.377184,0.332996,-0.139720,0.495628,1.214615,1,1,0,0
0.867354,-0.649616,0.019084,1.149700,-1.226172,-0.525756,0.419851,0,0,0,0
0.733019,0.298371,-0.228980,0.591286,-0.970051,-0.125815,0.108203,0,0,1,1
0.724017,-0.104155,-0.114954,0.891442,-1.083804,-0.119370,0.269856,0,0,0,0
0.497573,0.865591,-0.082961,0.585049,-1.364319,0.170941,0.027116,1,0,0,0
1.492092,-0.412874,-1.310641,0.182035,-0.340335,0.229377,1.018103,0,0,0,1
1.063503,0.158910,-0.629317,0.348051,-0.378501,0.230371,2.331729,0,1,0,0
1.008743,-0.516913,-0.653760,0.727211,-1.342871,-0.084087,1.265059,0,0,0,1
1.094880,-0.701765,-1.255394,0.423288,0.071598,-0.479526,0.094488,1,1,0,0
0.879152,-0.711953,-0.321692,0.559541,-1.512939,0.086079,0.866832,0,0,1,0
0.991735,0.572978,-1.491579,0.562121,-0.819492,0.125883,0.215960,1,0,0,0
1.421148,0.029873,-1.438578,0.150773,-0.505286,0.516432,0.340067,0,0,0,1
1.517798,-1.142838,-0.939683,0.365528,-0.353623,1.016302,0.369622,1,0,0,0
1.198216,-0.232235,-1.468623,0.088348,-0.518097,0.174346,0.036423,0,0,0,1
1.430777,-1.591918,-0.570644,-0.102615,0.437050,0.030619,-0.028233,1,1,0,0
0.534873,-0.199241,0.693110,-0.609683,-1.387125,-0.232084,2.258684,0,0,0,0
0.330666,-0.355320,0.911475,-0.154123,-0.536371,-0.270682,1.562866,0,0,1,1
0.489840,0.063835,0.894751,-0.193060,-0.367849,0.379678,2.301252,0,0,0,0
0.551740,-0.718848,0.392943,0.385917,0.339639,0.173942,1.430826,1,0,1,0
0.855044,-1.250612,0.034336,0.207380,-0.126774,-0.775048,0.084629,0,0,0,0
0.512154,0.194792,0.891925,-0.511981,0.029789,-0.222025,0.002676,0,1,0,0
1.088668,-0.814337,-0.837841,-0.011046,0.553124,-1.078831,-0.098852,0,0,1,0
0.803510,-0.626912,0.071225,0.363430,-0.011714,-0.373108,0.039292,1,0,0,0
0.506056,0.092760,-0.142005,-0.683113,-1.070752,-0.491315,-0.646126,0,1,0,0
0.752637,-0.403217,-0.596815,-0.750956,-1.899818,-0.159835,-0.564263,0,0,1,1
0.454259,0.920527,1.095911,-0.538260,-1.185176,-0.399101,2.644259,0,0,0,0
0.618715,0.881991,0.150320,-0.546548,-0.816200,0.415873,1.413558,1,0,0,1
1.200815,-0.649770,-0.537853,0.014070,-0.537693,-0.776566,0.511317,0,0,0,0
0.626878,0.469547,-0.358156,-0.007580,-0.126024,-0.189538,0.019555,0,1,0,0
1.031601,-0.368061,-0.265048,0.043442,0.871271,0.143522,0.140821,0,0,1,0
0.913602,-0.580839,-0.288292,0.035273,0.287928,-0.416880,-0.067676,1,1,0,0
0.456966,0.960070,0.799688,-0.180309,0.428208,0.529653,2.432519,0,0,0,0
0.305364,1.461646,0.037588,0.010911,0.549169,-0.074148,1.452875,1,0,1,0
0.393750,-0.290227,0.383295,-0.184085,0.081935,-0.763716,2.123382,0,0,0,0
0.211706,0.515489,0.803697,-0.038166,-0.497976,-0.258714,1.423117,0,0,1,1
0.561195,-0.471696,0.641940,-0.086099,-0.679912,-0.833254,-0.394107,0,0,0,0
-0.082595,0.843559,0.801503,-0.082094,0.903621,-0.216801,-0.082943,0,1,0,0
1.052228,-1.087772,-0.739731,0.104647,0.204879,0.079917,-0.052322,0,0,1,0
0.718669,-0.933406,-0.477042,0.263506,0.134883,-0.030307,-0.201950,1,0,0,0
0.215125,0.031901,0.043604,0.161970,-0.626299,-0.200648,-0.407542,0,0,1,0
0.487825,-0.131113,0.074140,-0.212098,-0.418472,-0.311558,-0.340562,0,1,0,1
-0.030561,-0.305583,1.667547,0.092815,0.361655,-0.664777,2.450326,0,0,0,0
0.116405,0.651065,0.972337,-0.084636,-0.650561,0.313091,1.441315,0,0,1,1
1.254861,-0.977401,-0.610590,-0.012147,-0.715495,-0.549472,-0.118029,0,0,0,0
0.553756,0.191396,0.502233,-0.208566,0.046881,-0.441497,0.090223,0,1,1,0
0.986002,-1.043811,-0.460014,0.260162,-0.329936,-0.356241,0.009417,0,0,0,0
0.691677,-1.578097,0.225641,0.481080,-0.101332,0.069689,-0.247251,1,1,0,1
0.183213,0.373598,1.419285,0.764472,-0.614426,-0.449556,2.649368,0,0,0,0
0.449699,0.258776,0.742767,0.554377,0.334665,1.143958,1.456765,1,0,1,0
0.598807,0.216960,0.361320,0.974295,-0.965604,-0.789057,2.158044,0,0,0,0
0.313596,-0.542231,0.417680,1.350909,0.758978,0.122571,1.073869,0,1,1,1
0.885282,-1.377958,-0.102405,1.028859,-0.269528,-0.837881,0.532942,0,0,0,0
0.632772,-0.619773,0.072166,0.951973,-0.093628,-0.676780,0.077738,1,0,0,1
1.001726,-0.514692,-1.234801,0.773973,-0.596463,-0.020249,0.933248,0,0,1,0
0.581298,-0.445179,0.458885,0.739738,0.496076,-0.460392,0.163986,0,1,0,0
1.231227,-0.937430,-0.916140,0.379465,-0.371312,-0.803824,0.246812,0,0,1,0
0.886383,-0.682042,-0.677974,0.831872,-0.797072,0.204004,-0.027623,1,0,0,1
0.475941,0.647745,0.054609,0.349807,-1.110605,-0.622983,2.591007,0,0,0,0
0.874394,0.531186,-0.163097,0.165034,-0.557673,-0.159409,1.319161,0,1,1,1
1.100387,-0.900582,-0.670418,0.539571,-0.459456,-0.646751,0.240279,0,0,0,0
0.736648,0.380760,-0.873180,0.548666,-0.496217,0.226935,-0.084543,1,0,0,0
1.244931,-0.382560,-1.047538,0.234917,-0.943447,-0.029112,-0.045396,0,0,1,0
0.923283,-0.086719,-0.609361,0.720265,-1.348713,0.152682,-0.142602,1,1,0,0
0.635096,-0.011905,0.313527,0.555123,0.311751,0.055724,2.872425,0,0,1,0
0.842670,-0.763786,-0.462315,0.846647,0.568908,0.014758,1.539153,1,0,0,0
0.801794,0.087382,0.063790,0.603886,-1.055407,-0.670263,0.414609,0,0,0,0
0.705208,0.469365,-0.061885,0.650240,-0.687408,0.815845,0.157645,0,1,0,1
1.093737,-1.244225,0.106346,0.591320,-0.833224,-0.169881,0.063065,0,0,0,0
0.617315,0.178083,0.018796,0.787198,-1.342652,-0.483528,0.119020,0,0,1,1
0.473270,-0.153874,-0.170329,0.634967,-0.717613,-0.102424,0.933368,0,1,0,0
0.418415,-0.032523,0.769627,0.961899,-0.579280,0.054229,2.138913,0,0,0,1
1.366870,0.420682,-1.511301,0.666975,-1.099857,-0.320848,1.497003,0,1,0,0
1.043695,0.163165,-1.585401,0.699821,-0.935193,0.434107,0.315664,0,0,1,1
0.669080,-0.658297,-0.649154,1.117372,-0.476628,-0.581266,0.834576,1,0,0,0
0.721196,-0.226327,0.258768,0.707301,-0.293091,-0.399495,0.212230,0,1,0,1
0.906652,-1.408955,0.603523,0.889724,-0.947620,-0.628516,0.057363,0,0,1,0
0.490548,-0.341262,-0.600902,1.449465,-0.045443,-0.415546,0.032211,1,0,0,0
1.245074,-0.326091,-1.411859,0.273123,-0.225378,-0.181090,0.056386,0,0,1,0
1.125021,-0.302190,-1.071734,0.447057,0.166860,0.654355,0.024349,1,1,0,0
0.409427,-0.502229,0.758398,0.983443,1.214305,0.018729,2.551599,0,0,0,0
0.499572,-1.010053,0.487659,0.942765,1.160793,-0.517100,1.369903,0,0,1,0
0.126782,-0.901294,2.169236,0.678696,-0.035062,-0.692590,2.231116,0,0,0,0
-0.208785,0.268494,1.276437,0.729856,0.997208,-0.069468,1.487637,0,1,0,1
0.925341,-1.219468,-0.910820,0.512400,0.759469,-0.979317,0.259984,0,0,0,0
0.438912,-0.616847,-0.247068,0.661709,1.051292,-0.228244,-0.187723,0,0,1,0
0.154534,-0.935833,1.021693,0.406841,0.099706,-0.555447,-0.531575,0,1,0,0
0.658723,-1.640212,-0.138965,0.085188,-0.432137,-0.220462,-0.725542,0,0,1,0
0.022371,-0.859997,0.390480,-0.228846,-0.787712,-0.817749,-0.923341,0,0,0,0
-0.196951,-0.518650,0.108160,-0.228741,-0.551628,0.228682,-0.995555,1,1,0,0
0.579847,-0.562162,-0.366358,0.143451,1.100649,-0.182125,2.492722,0,0,0,0
0.024024,-0.057283,-0.153441,0.291538,-0.548561,-0.109968,0.919701,1,0,0,1
0.776807,-0.814887,-0.746591,0.401328,0.271591,-0.098660,-0.032006,0,0,0,0
0.592299,-0.506442,-0.170594,0.750128,0.562069,0.178877,0.597682,0,0,1,0
0.036251,-0.850622,1.571038,0.504801,0.061265,-1.079206,0.865147,0,1,0,0
0.021589,0.219018,0.925207,0.080786,0.619612,0.587275,0.910785,1,0,0,1
0.152779,-0.014213,1.758629,0.515822,-0.361372,-0.151039,2.459019,0,0,0,0
-0.132137,0.218678,2.041701,0.159984,-0.630742,-0.109904,1.303099,1,0,1,0
-0.058019,0.491612,1.560500,0.500653,-0.476593,-0.483798,2.373672,0,0,0,0
-0.359084,0.302504,1.702094,0.596588,0.743381,-0.328707,1.215797,0,0,1,1
1.028750,-1.453623,-1.210642,0.407959,0.293861,-1.051422,0.112164,0,0,0,0
0.522953,-0.734708,-0.125104,0.431686,1.291699,-0.362715,-0.136390,0,1,0,0
-0.047647,-0.392395,1.334820,0.102894,-0.074710,-0.408997,-0.512182,0,0,1,0
0.425461,-1.463015,0.144876,0.039163,0.012763,-0.318049,-0.793174,0,0,0,1
-0.170194,-1.156730,0.851525,0.218317,-0.747459,-1.032608,-0.904226,0,0,0,0
-0.519363,-0.997161,-0.147115,0.130585,0.036961,0.765118,-1.129086,1,1,0,0
0.351994,-0.357098,-0.251629,0.096829,0.925752,-0.717635,2.651594,0,0,0,0
-0.387797,-0.283757,0.451813,0.455166,1.012222,-0.473880,1.030816,1,0,0,1
0.759640,-1.753911,-0.543665,0.272616,1.073628,-0.386951,-0.139746,0,0,0,0
0.495825,-0.777157,-0.098365,0.891105,0.783008,-0.142682,0.667791,0,0,1,0
0.368629,-1.632323,1.330526,0.801190,-0.803058,-0.790360,0.957556,0,1,0,0
0.178794,-0.166719,1.153872,0.793780,-1.027517,-0.059560,0.950709,1,0,1,1
-0.039913,-0.036140,1.284152,1.625146,-0.004254,-0.310231,2.699385,0,0,0,0
0.004715,0.199012,0.145821,1.460920,0.036115,0.085950,1.368262,1,1,0,0
0.201212,-1.507558,0.716777,1.754508,1.515649,-0.850729,2.326673,0,0,0,0
-0.089105,-0.569837,-0.058229,2.034958,2.193806,0.153628,1.359420,0,1,1,1
0.810222,-1.109823,-0.863681,1.051735,0.261730,-0.816235,0.223382,0,0,0,0
-0.041925,-0.247720,-0.310812,1.268080,1.003762,0.232284,-0.133883,1,0,0,1
0.478175,-1.460594,0.310671,1.224269,0.187648,-0.621754,-0.422280,0,0,1,0
0.672583,-1.594902,-0.581809,0.881502,0.075467,0.512927,-0.674087,0,1,0,0
0.138359,-0.747887,0.180176,0.728171,-0.505192,-0.663926,-0.428239,0,0,0,1
-0.115802,-0.155809,-0.262364,0.632746,-0.104803,0.693317,-0.616221,1,0,1,0
0.359004,-0.462910,-0.522546,1.055299,0.168154,-0.747965,2.746336,0,0,0,0
0.052173,-0.330563,-0.892089,1.259360,0.088725,-0.741772,1.016059,1,1,0,1
0.796448,-1.795502,-0.318237,0.691665,-0.250873,-0.562797,-0.294120,0,0,1,0
0.392803,-0.374315,-0.737767,0.903452,-0.008100,0.141345,-0.574031,0,1,0,0
0.294795,-1.264805,0.286411,0.977897,1.072689,-0.477554,-0.386392,0,0,0,1
0.342630,-0.119836,-0.208059,1.213873,0.752670,-0.464284,0.646729,1,1,1,0
0.098712,0.307574,0.343663,1.057907,-0.521768,0.115304,2.223817,0,0,0,0
0.107905,0.229591,0.239665,1.241248,0.302094,-0.333471,1.604198,1,1,0,0
0.488355,-0.745615,0.114907,1.149059,0.060481,-0.478848,0.603662,0,0,0,0
0.140573,-0.140019,-0.773940,1.099461,0.389146,-0.012874,0.301231,0,1,0,1
0.593654,-1.084300,-0.099432,0.494311,-0.876152,-0.542570,0.365591,0,0,0,0
0.104580,-0.043063,-0.544654,0.897625,-0.389579,-0.004564,-0.395267,0,0,1,0
1.096738,0.434096,-1.399459,0.618417,0.090546,0.845459,0.881569,0,1,0,0
0.713064,0.635846,-0.890308,0.550216,0.004816,0.406563,2.650038,0,0,1,0
0.523670,0.233515,-0.914688,1.096807,-0.945867,0.233800,1.588463,0,0,0,0
0.310647,0.346943,0.043206,1.065697,-0.608766,-0.135600,0.868121,1,0,0,1
0.539852,-0.917291,0.424842,1.239618,-0.663562,0.023243,0.755021,0,1,0,0
0.368496,0.119275,-1.202312,1.217671,-0.499235,-0.036695,0.724024,0,0,1,0
1.153914,-0.427514,-0.866442,0.578025,0.634773,0.566707,0.833346,0,1,0,0
0.897812,0.907121,-1.535434,0.914255,0.539674,0.567857,0.970147,0,0,1,0
1.048773,-0.111797,-1.342286,0.455590,0.410501,0.862896,0.854221,0,1,0,0
1.125392,0.156474,-0.916399,0.621900,1.038239,0.727296,1.092274,0,0,1,1
-0.220918,-0.266744,2.313045,0.860038,0.423655,-0.665528,2.504913,0,0,0,0
-0.395619,-0.007742,2.958993,0.534449,-0.174922,-0.213760,1.361328,0,1,0,1
-0.106533,-0.244720,1.881733,0.617811,0.364100,-0.039341,2.410658,0,0,0,0
-0.514487,-0.464134,2.314671,0.825648,0.132703,-0.133971,1.195249,1,1,0,0
0.491082,-1.988086,0.894713,0.561876,0.021892,-0.786231,0.184208,0,0,0,0
-0.432631,0.144141,1.003877,0.453863,1.465177,0.034993,-0.067251,0,0,1,0
0.959242,-1.191074,-0.757753,0.202742,0.609563,-0.320790,-0.387089,0,1,0,0
0.586953,-1.609149,-0.298490,0.219515,0.482439,-0.003940,-0.728029,1,0,0,0
0.025583,-0.286013,0.029859,-0.056346,-0.601374,-0.599591,-0.888209,0,0,0,0
0.330806,-1.309649,-0.421406,-0.310943,-0.815726,-0.426061,-0.927692,0,1,0,1
-0.092429,0.004831,1.210359,0.039449,-0.376369,-0.223911,2.734189,0,0,0,0
-0.187978,-0.452956,-0.126733,0.295410,0.539496,-0.013886,0.848809,0,0,1,1
0.982272,-1.068805,-0.491194,0.074325,-0.138069,-0.598682,0.003233,0,0,0,0
0.131568,0.541220,0.363903,0.400255,-0.364344,-0.298817,0.605540,0,0,1,0
0.573385,-1.251304,-0.160478,0.393187,1.595003,-0.347716,0.656303,0,1,0,0
0.464700,-0.842704,0.071321,0.767339,1.023745,-0.411754,0.906593,1,0,0,1
-0.133883,0.333474,2.247942,0.407512,0.433895,-0.724474,2.721393,0,0,0,0
-0.176699,0.417857,1.205871,0.274639,0.715540,0.424275,1.413090,1,0,1,0
0.073680,-0.372725,1.667756,0.670853,-0.611960,-0.604734,2.258030,0,0,0,0
-0.110082,0.278159,1.486565,0.508103,-0.346089,-0.168998,1.439328,0,0,1,1
0.296355,-1.414625,0.646618,0.416302,0.071451,-0.571746,0.166548,0,0,0,0
-0.490648,0.061243,2.002155,-0.005750,-0.369532,-0.697576,-0.228948,0,1,0,0
0.941526,-1.408184,-1.017725,0.031348,0.789118,-0.760016,-0.368959,0,0,1,0
0.616390,-1.429895,-0.276319,0.205158,0.274629,-0.610057,-0.794942,1,0,0,0
-0.299472,-0.831338,0.443968,0.215373,0.383502,-0.643751,-0.942042,0,0,0,0
-0.033662,-1.464645,-0.246657,-0.135053,0.071626,-0.749752,-1.108507,0,1,0,1
-0.230659,-0.714429,1.784118,0.450192,0.339727,-0.673394,2.693395,0,0,0,0
-0.232515,-0.302714,0.402250,0.251231,0.220483,0.130087,0.966237,0,0,1,1
0.982712,-1.681426,-1.114144,0.316631,0.192376,-0.294141,0.025735,0,0,0,0
-0.077950,0.246666,0.554903,0.699154,0.447055,-0.279708,0.668343,1,0,1,0
0.788032,-1.311388,-0.286591,0.479446,-0.075896,-0.557848,0.730483,0,0,0,0
0.592115,-1.049152,0.077192,1.070720,0.062680,-0.167616,0.943271,1,1,0,0
-0.191045,-0.394095,2.354845,1.002690,-0.395124,-0.959656,2.567887,0,0,0,0
-0.238875,0.430101,1.440042,1.028660,0.167598,0.001846,1.519506,0,1,0,1
-0.175728,0.225210,1.146865,1.578364,0.679498,-0.154436,2.620593,0,0,0,0
-0.195223,-0.494340,-0.136305,1.906546,1.046128,-0.297479,1.354763,0,0,1,1
0.587221,-2.023877,-0.207184,1.146478,0.175197,-0.749192,0.062144,0,0,0,0
0.011378,-0.494305,-0.776280,1.819687,1.480145,-0.134504,-0.238548,0,1,0,0
0.748056,-1.094499,-0.908237,0.798317,0.551721,-0.216387,-0.540914,0,0,1,0
0.301235,-1.285900,0.069158,0.626480,0.176057,-0.051156,-0.830712,1,0,0,0
0.221420,-1.130404,-0.879984,1.210412,-1.045444,-0.423943,-0.800944,0,1,0,0
0.279745,-0.910103,-1.873565,1.023236,-0.622381,-0.132742,-0.915000,0,0,1,1
0.127260,-0.368976,0.718564,0.711604,0.318980,-0.406910,2.458702,0,0,0,0
-0.075453,0.254394,-0.399213,0.736176,0.191357,0.661905,1.035514,1,0,0,1
0.851039,-1.214532,-1.069240,0.717033,-0.250049,-0.387739,-0.085694,0,0,0,0
0.180259,-0.226070,-0.174358,1.338114,1.032571,-0.154036,0.692751,0,1,0,0
0.439097,-0.990151,0.544070,1.288992,0.512407,-0.243831,0.711295,0,0,1,0
0.378973,-0.555020,-0.623425,1.306357,0.370335,0.210426,0.869885,0,1,0,0
0.163376,0.760077,0.147133,1.297694,-0.477277,-0.367589,2.289614,0,0,0,1
0.130722,0.282249,-0.685595,1.418379,0.967627,-0.456621,1.385400,1,0,1,0
0.131841,0.137854,0.182999,1.236423,-0.379219,-0.433019,0.356210,0,0,0,0
0.011312,-0.049821,-0.626217,1.115013,-0.203712,0.644466,-0.035463,0,1,0,0
0.097416,-0.557810,-0.954222,1.377099,-1.021138,-0.163232,-0.500719,0,0,0,0
0.411893,-2.863919,0.352164,0.493997,0.023275,0.537444,-0.526140,1,0,1,0
0.091703,0.041797,-0.028298,1.106659,-0.624159,-0.113584,0.098443,0,0,0,0
-0.055368,0.320070,0.332951,1.168991,-0.036551,-0.040184,2.462595,0,0,0,1
1.006214,0.615767,-1.921947,0.427809,-0.619175,1.231247,1.310402,0,1,0,0
0.930565,0.819357,-2.167463,0.422676,-1.149436,1.075617,0.040367,0,0,0,1
0.451452,-0.377399,-2.062395,0.830378,-1.298121,-0.375617,-0.491648,0,1,0,0
0.145484,0.518644,-2.361801,-0.127279,-1.746116,0.033508,-0.607383,0,0,1,0
0.496489,-0.599195,-2.300939,-0.144832,-2.307201,-0.552159,-0.606603,0,0,0,1
0.322418,-0.220221,-2.619698,0.185101,-1.816749,-0.126103,-0.869392,1,0,0,0
0.858325,0.387040,-3.078649,-0.042614,-1.648010,1.283325,-0.509541,0,0,1,0
0.757896,0.244698,-3.121064,0.043487,-1.207164,1.776607,-0.558681,1,0,0,0
-1.512673,1.762303,-0.653517,-2.502581,0.473051,-0.044300,-1.320004,0,0,0,0
-1.656072,1.368796,-0.509334,-2.206731,0.743558,-0.586148,-1.345557,0,0,1,0
-1.709301,1.175295,-0.613729,-2.172994,0.949065,-0.538764,-1.362126,0,0,0,0
-1.777796,1.276554,-0.242848,-2.212811,0.868203,-0.611913,-1.345528,0,0,0,1
-1.606388,1.289685,-0.632077,-1.924206,1.316097,-0.650714,-1.338102,0,0,0,0
-1.835272,1.286004,0.287471,-1.673351,1.586691,-0.178912,-1.353665,0,1,0,0
-1.803161,1.016305,-0.307584,-1.804403,1.533275,-0.495609,-1.366883,0,0,1,0
-1.779641,0.929004,-0.511353,-1.673470,2.154580,-0.343408,-1.370382,0,0,0,1
-1.940692,0.906924,0.140389,-1.600414,1.814687,-0.601227,-1.374179,0,1,0,0
-1.977071,0.707314,-0.130341,-1.711882,1.893094,0.138512,-1.382449,0,0,0,1
-2.122231,0.576988,0.233792,-1.760781,1.553690,-0.507859,-1.362379,0,1,0,0
-2.178530,0.925907,1.104283,-1.771354,0.870087,-0.647266,-1.403152,0,0,1,0
-1.903341,0.977245,-0.145994,-2.049452,1.488012,-0.769012,-1.363163,0,0,0,1
-2.326613,0.782577,1.215091,-2.216955,0.035974,-0.664628,-1.404738,0,1,0,0
-2.114503,1.013920,0.870563,-1.987118,0.551947,-0.913363,-1.390634,0,0,0,0
-2.211106,1.228265,1.463062,-2.263234,-0.390064,-0.175808,-1.377654,0,0,1,0
-2.048425,0.933005,0.979692,-1.495076,0.631191,-0.664256,-1.334626,0,1,0,0
-2.115751,1.356396,1.303330,-2.308182,-0.799089,-0.611524,-1.374149,1,0,0,0
-2.155153,0.783293,0.588710,-2.163701,0.326242,-0.465997,-1.396303,0,0,0,0
-2.319168,0.716359,1.114855,-2.073901,0.727283,-0.603746,-1.404030,0,0,1,0
-1.560730,0.465895,-1.596534,-1.644440,1.591493,-0.742694,-1.346577,0,0,0,0
-2.131984,1.008844,0.631504,-2.314725,0.743483,-0.028268,-1.381353,0,1,0,0
-1.859786,1.116298,-0.493982,-2.566435,1.015883,-0.417774,-1.351220,0,0,1,0
-1.751557,0.709134,-0.375172,-2.106318,0.719917,-0.415599,-1.369311,0,0,0,1
-2.134334,0.970984,0.756913,-2.042843,0.919559,-0.130278,-1.411986,1,0,0,0
-1.812618,1.186450,-0.821310,-2.923200,0.877145,-0.499681,-1.110871,0,0,1,0
-1.742938,1.595494,-0.541773,-3.001791,0.707683,-0.078739,-0.990769,0,1,0,0
-2.246381,0.789451,0.945722,-2.072464,0.838888,-0.555033,-1.374524,0,0,1,0
-1.562872,1.360430,-0.793384,-1.997691,1.624330,-0.586274,-1.306708,0,1,0,0
-2.154051,0.903444,0.636096,-2.298794,0.194444,-0.808903,-1.386120,1,0,0,0
-1.722579,1.346127,0.031233,-1.970475,0.426219,-0.636700,-1.335237,0,0,0,0
-1.868391,1.702329,0.576962,-2.575704,-0.196562,-0.588979,-1.272565,0,1,0,0
-1.360043,1.454644,-0.884768,-2.314516,-1.045298,0.042377,-1.110213,0,0,0,0
-1.510316,2.056426,-0.281980,-2.790922,-0.510728,-0.624328,-1.127374,0,0,1,0
-1.672194,1.826048,0.195013,-2.309843,0.249841,-0.586683,-1.240135,0,0,0,0
-1.959573,1.148228,0.508765,-1.890103,1.038893,-0.816132,-1.300049,1,0,0,1
-1.670967,1.094575,-0.300683,-1.420929,1.691605,-0.951810,-1.344796,0,0,0,0
-1.720063,1.448332,-0.042448,-1.872204,1.658946,-0.140327,-1.338140,0,1,0,0
-1.874155,1.453512,0.554566,-2.060171,0.525792,-0.261273,-1.292715,0,0,1,0
-1.508599,1.767109,-0.430042,-2.139914,1.001794,-0.377702,-1.307191,1,0,0,0
-1.758533,1.520927,0.089100,-2.316300,0.294266,-0.632524,-1.332893,0,0,1,0
-2.076394,0.986457,0.436516,-2.303079,0.244089,-0.800817,-1.372875,0,1,0,0
-2.010962,1.278166,0.547025,-2.397152,0.482408,-0.550580,-1.302580,1,0,0,0
-2.025542,1.389209,0.868575,-2.344597,0.159851,-0.236900,-1.369258,0,1,0,0
-1.537873,1.016139,-0.849362,-1.774227,1.174929,-0.550129,-1.322954,0,0,0,1
-2.193945,0.983154,0.843305,-2.378784,0.398551,0.042961,-1.373080,0,0,1,0
-2.023518,1.395245,1.120881,-2.019570,0.108353,-0.785195,-1.372525,0,0,0,0
-2.068218,1.631233,1.395325,-2.499127,-0.876188,-0.238100,-1.359607,1,0,0,0
-1.902043,1.400150,0.593992,-2.263475,-0.407592,-1.013804,-1.290814,0,1,0,0
-2.051779,1.371976,0.995481,-2.362788,-0.341288,-0.495076,-1.364086,1,0,0,0
-1.933785,1.485540,0.786830,-2.185519,0.057030,-0.301348,-1.347146,0,0,0,0
-1.885680,1.099287,-0.036020,-1.996947,1.486699,0.272233,-1.367938,0,1,0,0
-1.723779,0.789983,-0.651855,-1.747885,1.230391,-0.771753,-1.334991,1,0,0,0
-1.798118,1.157826,-0.087299,-1.718029,1.678566,0.353889,-1.369645,0,0,1,0
-1.791149,1.373298,0.163733,-2.066928,0.832736,-0.495764,-1.302971,0,0,0,1
-1.954903,1.133105,0.343654,-1.983856,1.369660,-0.202575,-1.360484,1,0,0,0
-1.587228,1.160666,-0.632022,-1.813537,2.108349,0.826844,-1.276186,0,1,0,0
-1.762515,1.417421,-0.104722,-2.380598,0.256404,-0.240103,-1.140262,0,0,0,1
-1.891034,1.629434,0.508019,-2.647159,-0.276022,-0.478451,-1.216012,0,0,1,0
-1.675369,1.393475,-0.424885,-2.097588,1.617461,-0.451018,-1.207016,0,1,0,0
-1.758191,0.793802,-0.771591,-1.804858,2.375030,-0.704933,-1.303629,1,0,0,0
-2.111394,0.368228,1.730507,-1.777720,0.250449,-0.433031,-1.374305,0,0,0,1
-1.461926,1.603680,-0.697021,-2.157378,0.478531,1.030042,-1.059083,0,0,0,0
-1.635028,1.906369,0.088589,-2.403500,0.184634,-0.266234,-1.026571,0,1,0,0
-1.606003,1.730136,-0.115974,-2.283318,-0.066017,-0.535053,-1.108047,1,0,0,0
-1.654941,1.563422,-0.308792,-2.338877,0.292655,-0.375008,-1.049860,0,0,1,0
-1.920489,1.640343,1.050500,-2.273906,0.049837,-0.868965,-1.343643,1,0,0,0
-2.072244,1.468066,1.085554,-2.626957,-1.050510,-0.167781,-1.338360,0,1,0,0
-1.273814,1.190770,-0.989864,-1.920370,0.189366,-1.015350,-1.269795,0,0,0,0
-1.626378,1.852103,0.150989,-2.164164,0.683350,-0.506021,-1.283835,0,0,1,0
-1.691965,1.752227,0.049103,-2.496974,0.125102,-0.322884,-1.280663,1,0,0,0
-1.550109,1.509672,-0.499910,-2.080231,0.564267,-0.340914,-1.281743,0,0,0,1
-1.717604,1.726914,0.177299,-2.356147,0.383512,-0.412461,-1.309581,1,0,0,0
-1.881951,1.349555,0.247968,-2.409384,0.062196,-0.460650,-1.337144,0,0,1,0
-1.913299,1.393497,0.424494,-2.360312,0.507021,-0.416214,-1.348102,0,0,0,1
-1.911507,1.254700,0.014704,-2.468285,1.170973,-0.240712,-1.319359,1,0,0,0
-1.616343,0.829006,-0.515935,-1.518988,2.070637,-0.811782,-1.315615,0,0,0,0
-2.332169,0.747179,1.261213,-2.025909,0.808158,0.017113,-1.368475,0,0,1,0
-2.046002,1.207412,0.986802,-1.827462,1.025248,-0.598098,-1.357456,0,1,0,0
-2.110719,1.310922,1.306973,-2.097826,0.035840,-0.450739,-1.352222,1,0,0,0
-2.053152,1.163065,1.141554,-1.553737,1.359815,-0.928780,-1.310144,0,0,0,0
-2.008941,1.586864,1.139219,-2.236872,0.468047,-0.022107,-1.347469,0,0,1,0
-2.134439,0.840886,0.515061,-2.104497,1.364455,-0.779753,-1.358220,0,1,0,0
-2.239808,0.582555,0.614886,-1.957893,1.431734,-0.479110,-1.280245,0,0,0,1
-1.657566,0.705547,-0.878189,-1.968549,1.631572,-1.087518,-1.334269,0,0,0,0
-2.386869,0.712887,1.579193,-1.827785,0.821576,-0.916118,-1.357595,1,0,0,0
-1.661953,1.267374,0.031929,-1.871322,1.507148,0.064976,-1.276275,0,1,0,0
-1.622579,1.688652,-0.044809,-2.281875,0.406386,0.074147,-1.220277,0,0,0,1
-1.527794,1.773171,-0.499360,-2.293656,1.443782,0.839854,-1.210380,0,0,1,0
-1.591784,1.412796,-1.146947,-2.672859,0.854818,-0.296806,-0.922630,1,0,0,0
-2.148618,1.142387,1.247204,-1.806343,1.308671,-0.687979,-1.325587,0,1,0,0
-1.779416,0.628726,-0.672012,-1.129912,3.418492,0.447654,-1.325845,0,0,1,0
-1.812406,0.555164,-0.177559,-1.217267,2.168803,-0.640819,-1.332190,0,0,0,1
-1.700984,0.487427,-0.131206,-1.048808,1.740734,0.434947,-1.343652,1,0,0,0
-1.452677,1.152206,-0.231575,-1.598471,-0.202354,-0.612614,-1.271665,0,0,0,0
-0.967958,1.558436,-2.079064,-1.978698,1.789524,0.961179,-1.108364,0,0,0,1
-1.662999,1.747877,0.195695,-2.253975,-0.068972,-0.410980,-1.075270,0,0,0,0
-1.657208,1.909179,0.398137,-2.200978,-0.109578,0.533260,-1.033109,0,0,1,0
-1.904580,1.627978,1.007399,-1.971282,0.435022,-0.450012,-1.282666,0,1,0,0
-1.481992,1.922281,-0.227382,-2.218396,0.228503,-0.186219,-1.037551,1,0,0,0
-1.084432,1.046052,-1.543278,-1.743606,0.913350,-0.538133,-1.011647,0,0,0,0
-1.856903,1.621508,0.869995,-1.923125,0.769118,-0.388468,-1.278516,1,0,0,0
-1.415272,1.345738,-0.842534,-1.690388,1.459913,1.086105,-1.243751,0,0,0,1
-1.808745,1.132674,0.081162,-1.755931,1.495745,-0.962624,-1.325599,0,0,1,0
-1.460246,1.398857,-0.829052,-1.921148,1.801283,0.244471,-1.230459,0,1,0,0
-1.586311,1.086601,-0.718117,-1.942584,2.188918,-0.339226,-1.205051,1,0,0,0
-1.578387,1.538845,-0.260834,-2.090701,1.238001,-0.160147,-1.235782,0,0,0,1
-1.635607,1.629549,-0.162704,-2.033930,1.495736,0.041263,-1.215774,1,0,0,0
-1.296849,1.309047,-0.703866,-1.858933,0.422058,-0.624714,-1.198392,0,0,0,0
-1.614401,1.626261,0.166705,-1.935346,0.824655,-0.271556,-1.280208,0,1,0,0
-1.526287,1.496404,-0.152050,-2.012074,0.840309,-0.608037,-1.281300,1,0,0,0
-1.700941,1.968083,0.498369,-2.281889,0.644883,-0.203168,-1.262394,0,0,0,1
-1.912804,1.662558,1.119026,-1.993252,0.340095,-0.840705,-1.267255,0,0,0,0
-2.116050,1.570917,1.718886,-2.141071,-0.399542,-0.811672,-1.322143,0,1,0,0
-1.888798,1.649320,1.030197,-1.969895,0.492860,-0.543739,-1.315271,0,0,1,0
-1.848597,1.005817,0.042000,-1.452283,2.213944,-0.405132,-1.339783,0,0,0,1
-1.500765,0.693864,-0.995319,-1.724761,2.348292,-0.958168,-1.301783,0,0,0,0
-1.841178,1.499801,0.080551,-2.527384,0.813921,-0.525252,-1.315956,1,0,0,0
-1.762142,1.916948,0.475025,-2.713878,-0.420257,0.460694,-1.184250,0,0,1,0
-1.649871,1.117357,-0.000349,-1.616981,1.090821,-0.054794,-1.308734,0,0,0,1
-1.269349,1.952620,-0.920446,-2.223848,2.203403,0.315399,-0.972826,0,1,0,0
-1.371938,1.673461,-1.311551,-2.658077,1.076276,-0.662964,-0.855407,1,0,0,0
-1.942306,1.365656,0.602929,-2.067880,1.212456,-0.519752,-1.195270,0,1,0,0
-1.215161,2.115749,-1.527576,-2.778236,1.718519,1.270370,-1.119539,0,0,0,1
-0.914813,0.996182,-1.714145,-1.919675,0.418717,0.165593,-0.880595,0,0,0,0
-2.205875,1.098662,1.267090,-2.129874,0.456244,-0.720176,-1.329161,0,0,1,0
-1.016609,1.454663,-1.438794,-2.033764,0.277051,1.214195,-0.791472,0,0,0,0
-0.803515,1.865356,-1.684553,-2.320390,0.514116,0.203784,-0.655033,1,0,0,0
-1.093262,0.536692,-1.313528,-2.055728,-0.046921,-0.309215,-0.815513,0,0,0,0
-1.147401,1.238809,-1.313785,-2.155170,0.558917,-0.502365,-0.990522,0,1,0,0
-1.660069,0.856444,0.088825,-1.491258,0.703975,-0.784277,-1.318803,0,0,0,0
-1.687201,1.019592,-0.136543,-1.688711,1.390058,-0.168337,-1.319962,0,0,0,1
-1.231739,0.175504,0.020720,-1.612455,0.660095,-0.842079,-1.300291,0,0,0,0
-1.630138,1.306387,0.430689,-2.214180,1.250018,-0.034517,-1.304371,1,0,0,0
-1.075673,1.433447,-0.538298,-1.811168,0.730841,-0.437054,-1.199558,0,1,0,0
-1.132275,1.562116,-0.802054,-1.862527,0.830597,-0.236278,-1.188612,0,0,0,1
-1.395586,1.587905,-1.012554,-2.575377,-0.469500,-0.466307,-1.220947,0,0,1,0
-1.368843,1.492995,-1.633874,-2.863338,-0.200027,-0.104984,-1.199445,0,1,0,0
-1.478981,1.732765,0.009071,-2.332733,0.173301,-0.516590,-1.226343,1,0,0,0
-1.291779,1.848024,-0.417393,-2.112639,0.094605,0.289957,-1.130323,0,1,0,0
-1.188512,1.528939,-0.452863,-2.118338,0.005090,-0.525280,-1.203098,0,0,0,0
-1.523988,1.937900,-0.099651,-2.346204,0.335064,0.246832,-1.232719,0,0,1,0
-1.627362,1.204589,-0.036811,-1.705911,1.046397,-0.351042,-1.291416,0,0,0,0
-1.836793,1.653089,0.802606,-2.129088,0.524019,0.165235,-1.267147,0,0,1,0
-1.877556,1.382021,1.027455,-1.506973,0.534609,-0.535049,-1.269108,0,1,0,0
-1.621973,1.806265,0.369279,-1.870970,0.555479,-0.398879,-1.285845,1,0,0,0
-1.782422,1.081352,0.317983,-1.746078,0.583066,-1.041655,-1.316052,0,0,0,1
-1.713314,1.202458,0.166170,-1.716455,1.711589,-0.047539,-1.273572,0,1,0,0
-1.075486,-0.684612,-0.395739,-1.444713,-0.048754,-0.880516,-1.279409,0,0,0,0
-1.572260,2.239174,0.048562,-2.916130,-0.346844,0.507389,-1.174964,1,0,0,0
-1.305334,1.935092,-0.712768,-2.662490,-0.105678,-0.454608,-1.038498,0,1,0,0
-1.649952,0.765982,0.025405,-1.846975,0.216404,-0.148474,-1.318698,0,0,0,1
-1.569146,1.561449,-0.358075,-2.381535,0.819935,-0.175555,-1.139937,0,0,1,0
-1.748431,1.286147,-0.156464,-2.421215,1.273983,-0.718023,-1.235973,0,1,0,0
-1.708143,-0.233851,1.844614,-1.707290,-0.922510,-0.176398,-1.288090,1,0,0,0
-1.503659,1.148019,0.386772,-1.718169,0.053470,-0.361166,-1.264481,0,0,1,0
-1.071111,0.947247,-0.758297,-1.818480,0.857576,-0.243967,-1.161512,1,0,0,0
-1.793826,-0.627713,2.271864,-1.834746,-0.750498,0.719471,-1.287592,0,1,0,0
-1.567688,1.645868,0.394208,-1.674297,1.230691,-0.308742,-1.239288,0,0,0,0
-1.869367,1.821879,0.860256,-2.367323,0.562754,0.073066,-1.251138,1,0,0,0
-1.266728,1.181739,-0.450392,-1.361452,0.062164,0.009695,-1.154986,0,0,0,0
-1.545723,1.973625,0.344122,-2.186898,0.863001,-0.152648,-1.181000,0,0,0,1
-1.522202,1.776223,0.256051,-2.134854,-0.102610,-0.568764,-1.135785,0,0,0,0
-1.465548,2.260622,0.433557,-2.112193,0.323279,-0.618206,-1.098648,0,0,1,0
-1.038455,1.629759,-0.375373,-2.276238,-0.230699,-0.565687,-0.993170,0,0,0,0
-1.438342,2.472702,0.269066,-2.619980,-0.228579,-0.467522,-0.989456,0,1,0,0
-1.409014,2.067841,0.094205,-2.315153,0.018896,-0.561610,-0.980767,1,0,0,0
-1.122241,1.629231,-0.502150,-2.059572,-0.174940,-0.169931,-1.029992,0,0,0,1
-1.615981,2.004245,0.416226,-2.299789,0.230326,-0.849988,-1.127335,1,0,0,0
-1.612696,1.474774,0.006369,-1.981400,0.964592,-0.161053,-1.210307,0,1,0,0
-1.592545,1.476754,0.269474,-1.896899,0.606223,0.049608,-1.118016,0,0,0,1
-1.478387,1.595724,-0.006108,-1.653091,1.074917,-0.538817,-1.260082,1,0,0,0
-1.502759,1.049313,-0.089882,-1.511099,1.399598,-0.661541,-1.274570,0,0,0,1
-1.672313,1.401221,0.272943,-1.905275,1.183868,-0.335786,-1.290533,0,1,0,0
-1.880452,1.555089,1.400379,-1.591046,0.189029,-0.887961,-1.310107,0,0,0,0
-1.727435,1.548148,0.235145,-1.879066,1.124185,0.106958,-1.290821,0,0,0,1
-1.652663,1.580524,0.687083,-1.435069,0.743191,-0.507106,-1.124205,0,1,0,0
-1.948863,1.338684,0.968925,-1.698758,0.679667,-0.355695,-1.284182,0,0,1,0
-1.785008,1.349930,0.665309,-1.722928,0.970750,-0.558790,-1.267984,0,0,0,0
-2.059391,1.165382,1.207366,-1.535586,1.168292,0.038851,-1.290722,1,0,0,0
-1.302413,0.116438,-0.548186,-1.100093,1.065904,-0.271424,-1.252345,0,0,0,0
-1.831550,1.304337,0.338131,-1.853315,1.978360,-0.779421,-1.290394,0,1,0,0
-1.288618,-1.105169,2.610966,-1.481838,-2.263069,1.545110,-1.215609,0,0,0,1
-1.109326,-0.805039,1.348944,-1.191978,-1.324846,-0.188034,-1.265876,0,0,1,0
-1.490887,1.877740,0.243746,-2.292257,0.181674,-0.547112,-1.033315,1,0,0,0
-1.669126,1.419529,-0.349728,-2.168005,1.085328,-0.461872,-1.100970,0,0,0,1
-1.593175,1.112438,0.221834,-1.537482,1.243910,-0.457560,-1.045003,0,1,0,0
-1.089726,0.718896,-1.242193,-0.873221,2.290814,-0.730589,-1.168219,0,0,1,0
-0.976305,0.124737,-1.183268,-1.052070,1.585554,-0.791978,-1.195489,0,0,0,1
-1.457262,1.590007,-0.488236,-1.910114,1.866330,0.231326,-1.137832,1,0,0,0
-1.713200,0.808026,0.639947,-1.111825,0.882288,-0.393248,-1.298229,0,0,0,0
-1.643575,1.799820,0.691243,-1.745271,1.026890,0.321317,-1.233726,0,0,1,0
-1.745195,1.156890,0.546919,-1.184904,2.211272,0.282053,-1.292754,0,0,0,0
-1.647599,0.750790,0.054011,-1.089094,1.727990,-0.126075,-1.269860,0,0,0,1
-1.674204,0.864654,0.519898,-1.210154,1.922972,-0.154385,-1.271453,0,0,0,0
-1.854652,0.876804,0.809049,-1.034981,2.175121,0.107504,-1.270523,1,0,0,0
-1.326782,0.828003,-0.113633,-0.969901,1.825714,-0.654475,-1.266715,0,0,0,0
-1.440857,1.212094,0.114169,-1.077774,2.296348,-0.479408,-1.252812,0,0,0,1
-1.256948,0.773891,-0.017837,-0.969036,1.841048,-0.159915,-1.242559,0,1,0,0
-1.134889,0.748545,-0.678282,-0.974230,1.363249,-0.416122,-1.267566,0,0,0,1
-1.586886,1.047030,-0.296279,-2.004026,0.681308,0.108446,-1.320762,0,1,0,0
-1.665582,0.691859,-0.854811,-2.036901,0.740041,-0.154866,-1.304626,0,0,1,0
-1.479625,1.291037,0.194368,-1.601752,1.068510,0.224756,-1.255297,1,0,0,0
-1.638875,1.419543,0.211996,-1.778333,0.845173,0.239174,-1.237625,0,1,0,0
-0.828752,-0.448022,-0.360847,-1.063070,-0.617688,-0.643727,-1.206941,0,0,0,0
-1.746105,1.510814,0.489903,-1.709632,1.067362,0.064562,-1.246016,0,0,1,0
-1.707345,1.390776,0.776006,-1.646161,0.891322,-0.538598,-1.247130,0,0,0,0
-1.847863,1.543015,0.742666,-1.921364,0.947394,0.044535,-1.228125,0,0,1,0
-1.782305,1.320486,0.926818,-1.135061,1.535986,-0.327672,-1.133377,1,0,0,0
-1.877066,1.653208,1.249738,-1.640357,0.565517,-0.466633,-1.244539,0,1,0,0
-1.916945,1.031210,0.805721,-1.675954,1.067719,-0.828942,-1.280987,0,0,0,0
-2.138389,1.307279,1.704893,-1.640879,0.507307,-0.578934,-1.224240,0,0,0,1
-1.273623,0.426382,-0.338913,-1.400198,0.550000,-0.489948,-1.261404,0,0,0,0
-2.116803,1.097289,1.270903,-1.684121,0.929780,-0.927549,-1.266658,1,0,0,0
-0.939824,0.744126,-1.406593,-1.559502,1.195885,0.537272,-1.079918,0,1,0,0
-0.956262,0.733400,-1.396662,-1.548199,0.996482,-0.724611,-1.096896,0,0,0,1
-1.141736,1.254748,-1.487990,-1.664547,2.354475,-0.205681,-1.056238,0,0,1,0
-1.397395,1.212409,-0.841528,-1.924677,1.714527,0.225309,-1.288176,1,0,0,0
-1.925196,0.882111,1.374277,-1.348063,1.167279,-0.443659,-1.131372,0,1,0,0
-1.429939,1.558208,0.465764,-2.002131,0.678284,0.142926,-1.166071,1,0,0,0
-1.307427,0.824682,0.204532,-1.940065,-0.540818,-0.199887,-1.141593,0,0,0,1
-2.012227,1.012635,0.949339,-1.954607,1.748225,-0.581836,-1.231854,0,0,1,0
-1.103495,1.932571,-0.230826,-2.307555,0.249875,0.199293,-1.003149,0,0,0,0
-1.591058,2.062047,0.131902,-2.440448,0.844846,-0.386722,-1.129790,0,1,0,0
-1.460575,1.370559,-0.163372,-1.216534,1.802193,0.043794,-1.127763,0,0,0,0
-1.327462,1.788044,-0.014263,-1.545942,0.715193,-0.136430,-1.171484,0,0,0,1
-1.396496,1.341993,0.345463,-1.274033,1.026288,-0.700522,-1.200608,1,0,0,0
-1.295656,2.006865,-0.711932,-2.084242,1.256509,0.766494,-0.925435,0,0,1,0
-1.075341,0.451154,-0.147992,-1.385824,0.443289,-0.642483,-1.174699,0,0,0,0
-1.167327,0.946557,-0.458616,-1.212266,1.171510,1.372768,-1.216144,0,0,0,1
-1.248555,1.194605,-0.464184,-1.205366,1.926582,-0.238555,-1.098550,0,1,0,0
-1.407452,0.978122,0.066725,-1.256479,1.197858,0.008905,-1.201505,1,0,0,0
-1.880836,1.574098,1.156179,-1.439751,1.720082,-0.123862,-1.188439,0,0,0,1
-1.860278,-0.056331,1.611380,-1.239595,1.316761,-0.448608,-1.180079,0,0,1,0
-1.236236,1.518401,0.134418,-1.230682,1.348032,-0.375623,-0.957696,0,1,0,0
-0.981855,1.414657,-0.598918,-1.024267,2.501261,0.053365,-1.010924,1,0,0,0
-0.968406,1.100106,0.577713,-1.271412,1.374767,-0.545437,-0.992163,0,0,0,0
-1.265422,1.494169,1.027344,-1.372361,1.278849,-0.047825,-0.973771,0,0,1,0
-0.888773,1.499029,1.312400,-0.754692,-0.056893,-0.652187,-0.890788,0,0,0,0
-1.065917,1.604175,1.603529,-0.967251,-0.188968,-0.159598,-0.826645,0,0,1,1
-0.936239,1.122608,1.541671,-0.480291,-0.658795,0.046769,-0.527696,0,1,0,0
-0.925708,1.271339,1.679405,-0.638226,-0.880651,-0.169587,-0.689280,0,0,1,0
-0.561135,0.833369,1.611243,-0.258481,-1.244796,-0.643642,-0.605238,0,0,0,0
-0.852707,0.819569,1.531642,-0.193800,0.271942,-0.092896,-0.595145,1,1,0,0
-1.173129,0.825882,2.307676,-0.057911,0.491095,-0.346274,-0.358873,0,0,1,0
-1.460133,1.778088,1.753163,-0.570067,1.234468,-0.472392,-0.500011,0,1,0,0
-0.655106,0.155738,2.088227,0.482048,-1.419227,-0.269260,-0.491175,0,0,0,1
-0.519222,0.452966,1.368484,0.048840,-0.295567,0.403474,-0.478263,1,0,1,0
-0.416646,0.236275,0.463932,-0.100460,0.307447,0.123408,-0.051383,0,1,0,0
-0.343232,0.423601,1.109005,-0.435345,-0.172689,-0.422378,-0.402819,0,0,1,0
0.171329,1.159884,0.101677,-0.448320,-0.452711,0.005923,-0.184487,0,0,0,1
0.382106,1.160930,-0.670138,-0.218723,-0.236732,0.028677,-0.201778,1,1,0,0
0.822732,-0.700926,-0.660663,0.305148,-1.133117,0.070734,0.317467,0,0,1,0
1.001565,-0.402847,-0.610523,-0.028712,-0.474762,0.115188,-0.198799,0,0,0,1
1.084751,-0.272561,0.164259,-0.336409,-0.474857,-0.266550,0.141518,1,0,0,0
1.234842,-1.149439,0.285308,-0.485832,-0.441167,0.131792,0.087787,0,0,1,1
0.468227,-0.951640,0.440205,-0.176820,-1.040963,-0.789037,0.305510,0,0,0,0
0.351372,0.148235,0.353229,-0.156910,-0.826654,0.132245,0.238197,0,0,1,0
0.483183,-0.350436,0.608627,-0.118185,-0.219679,-0.229739,0.018109,0,1,0,0
0.499916,-0.844493,0.470504,0.386973,0.465817,0.067803,0.187979,1,0,0,1
1.217340,-0.914287,-0.947637,-0.112844,-0.275176,-1.070361,0.081309,0,0,0,0
0.599101,-0.336551,-0.302633,0.146890,0.307722,-0.281022,0.017899,0,1,0,0
0.623493,-0.639305,0.057431,0.146726,-1.488529,-0.416267,-0.155857,0,0,1,0
0.469756,-0.552498,0.536866,0.392313,0.120385,-0.467597,-0.071694,1,0,0,0
0.471880,-0.650149,-0.363228,-0.237214,-1.335010,-0.312986,-0.548058,0,1,0,0
0.323813,0.108730,-0.876099,-0.299460,-1.384700,0.423862,-0.579367,0,0,1,1
0.857506,-0.493701,-1.041504,-0.149126,-0.126262,-0.171995,0.300153,0,0,0,0
0.542921,0.533133,-0.295555,0.169481,-1.146649,-0.189593,0.184816,0,1,0,1
0.969986,-0.371471,-0.793224,0.129728,0.529880,0.014575,0.002785,0,0,0,0
0.787906,-0.007351,-0.694521,0.353163,-0.154886,0.013344,0.095669,0,0,1,0
0.758938,-0.061190,0.672259,0.062825,-1.048117,-0.063135,0.030641,0,1,0,0
0.722180,0.567135,-0.489436,-0.143655,-0.958080,0.463731,0.061109,1,0,0,1
0.752604,-0.089489,0.363604,-0.205376,0.098441,0.062334,0.103789,0,0,0,0
0.358388,0.671996,0.548937,-0.127877,-0.085621,-0.227543,-0.161109,0,0,1,0
0.090994,0.261904,0.208982,-0.087409,0.566946,-0.521829,-0.199888,0,0,0,1
-0.025667,1.326874,0.582695,0.082987,0.578627,-0.573934,-0.061209,1,1,0,0
0.916495,-0.442550,-1.014879,0.395471,-0.037238,-0.928044,-0.131427,0,0,0,0
0.508632,0.246009,-0.197338,0.206441,-0.231248,0.354008,-0.196377,0,0,1,0
0.262056,0.198042,0.761607,-0.062451,-0.503667,-0.064352,-0.183187,0,1,0,0
0.659828,-0.743343,-0.199694,-0.002003,-0.285269,-0.273633,-0.231652,0,0,0,1
0.381623,-0.535133,0.169001,0.080148,-0.518796,-0.214986,-0.215315,0,0,1,0
-0.014675,0.660710,0.331600,0.063039,-1.068776,-0.397989,-0.245694,1,1,0,0
0.938196,-0.400753,-0.745288,-0.160816,-0.659511,-0.289992,0.088491,0,0,0,0
0.762315,-0.051137,-0.186763,-0.382783,-0.506977,0.001268,-0.034442,1,0,0,1
0.885487,-1.008312,-0.309821,0.509266,-0.087177,-0.304370,-0.121245,0,1,0,0
0.881942,-0.951392,-0.039708,0.096749,-0.347707,-0.105697,-0.101897,0,0,1,0
0.598644,-2.329668,1.402224,0.440677,-1.214096,-0.650799,-0.099521,0,0,0,0
0.628181,-2.047312,1.041697,0.415933,-0.757533,0.352752,-0.180668,1,1,1,0
0.395255,-0.942682,0.598846,1.157528,0.685072,-0.116983,0.816831,0,0,0,0
0.442390,-0.274593,0.500739,1.236728,0.565356,1.012390,0.270014,0,1,0,1
0.833408,-1.311662,0.278878,0.970702,-0.242671,-0.282353,0.159520,0,0,0,0
0.958212,-1.177323,-0.079913,0.819977,-0.342412,-0.038543,0.294702,1,0,1,1
1.121837,-1.076197,-0.574787,0.367358,-0.607026,-0.492215,0.140126,0,0,0,0
0.589229,0.102566,-0.070667,0.709381,-0.345992,-0.221272,0.151576,0,1,1,0
1.256337,-0.986142,-0.688474,0.476659,0.022761,-0.442288,0.990557,0,0,0,1
1.000431,-0.464155,-0.412305,0.348661,-0.282508,-0.445372,0.230855,0,1,0,0
0.886020,-0.027253,-0.238793,-0.085560,-2.020610,0.227280,0.546070,0,0,0,1
0.785225,-0.108421,-0.217083,-0.172106,-1.275487,-0.198495,0.154231,1,0,1,0
0.882704,-0.398063,-1.253288,0.495561,-1.539476,-0.300656,0.688800,0,0,0,0
0.806181,0.524189,-0.518959,0.067959,-1.165364,-0.040744,0.280806,0,1,1,1
1.090287,-0.338221,-0.903407,0.303993,-0.802431,-0.742027,0.235251,1,0,0,0
0.881501,0.161531,-0.850262,0.008841,-1.557162,0.321134,0.207467,0,0,0,1
1.211109,-0.194416,-0.915321,-0.056604,-0.774681,-0.326975,0.116833,0,1,0,0
1.109159,-0.165995,-0.547636,0.211005,-0.641247,-0.534289,0.114289,1,0,1,0
0.973951,-0.397753,-0.339592,0.087587,-0.754869,-0.390365,0.706103,0,0,0,0
0.581214,-0.026464,-0.316548,0.538515,0.535723,0.028014,0.235370,0,0,1,1
0.856106,-0.417088,-0.027287,0.591173,-1.157654,-0.067716,0.138367,0,0,0,0
0.577989,0.344185,-0.442892,0.908182,-0.826072,-0.042494,0.169071,0,1,0,1
0.960269,-0.727871,0.074117,0.303504,-0.656563,-0.571463,0.351713,0,0,0,0
0.750929,0.189728,-0.149337,0.573601,-0.720149,-0.393956,0.315530,1,0,0,0
1.422811,-0.350843,-1.188695,0.204841,-0.762188,0.755711,0.633168,0,0,0,1
1.157431,-0.387551,-1.294593,0.453919,-0.720537,0.790881,0.115237,0,1,0,0
0.921305,-0.572774,-0.970780,0.884172,-1.465966,-0.299264,0.108342,1,0,0,0
0.759180,-0.287578,-0.487868,0.477818,-1.046767,-0.416460,-0.032739,0,0,1,0
0.842262,-0.609723,-0.224422,0.464729,-1.171425,-0.058211,0.364586,0,0,0,1
1.050371,0.439504,-0.969678,0.327266,-0.587909,-0.461116,0.360658,1,0,0,0
1.476947,-0.553682,-1.418923,0.194354,-0.673419,0.066232,0.425604,0,0,0,1
1.247218,-0.036472,-1.358590,0.643653,0.265882,1.513622,0.325965,1,0,0,0
1.408207,-1.300688,-1.042909,0.409264,-0.634270,0.111978,0.053979,0,0,0,1
1.445475,-1.399119,-0.344380,0.294555,0.051390,0.225573,0.120720,1,1,0,0
0.416320,-0.755107,0.595313,-0.413752,-1.163409,-0.626886,-0.124461,0,0,0,0
0.370119,-0.403298,0.445397,0.108303,-0.130094,0.187768,0.138360,0,1,1,0
0.569799,-1.032515,0.700709,0.279695,-0.254015,-0.612240,0.161948,0,0,0,0
0.573272,-0.975413,0.528616,0.332789,0.287255,0.086470,-0.012560,1,0,0,1
0.683751,-0.605708,0.403919,0.100896,-0.038394,-0.545326,0.035068,0,0,0,0
0.410551,0.326008,0.753231,-0.138076,0.119569,-0.335806,0.016247,1,0,1,0
1.078870,-0.953900,-0.973663,-0.003953,-0.101828,-0.522312,-0.101829,0,0,0,0
0.813836,-0.727425,-0.062817,0.332254,0.385055,0.255948,-0.025109,0,1,0,0
0.463548,0.608451,0.163171,-0.445087,-0.675741,-0.274894,-0.159225,0,0,1,0
0.543811,-0.006265,0.036841,-0.088950,-0.815582,-0.176119,-0.115856,1,1,0,0
0.519013,0.134291,0.462367,-0.407635,-0.776719,-0.078416,-0.066983,0,0,1,0
0.650515,0.828677,-0.365950,-0.237058,-1.256483,0.596584,0.047416,1,0,0,1
1.124383,-0.625982,-0.589938,0.010980,-0.278765,-0.606294,0.139696,0,1,0,0
0.702603,0.139456,-0.089398,-0.217330,-0.340586,-0.310003,0.122864,0,0,1,0
1.054975,-0.396290,-0.488140,0.244310,0.110903,-0.233533,0.053070,0,0,0,0
0.838430,0.186027,-0.928213,0.285467,-0.395879,-0.449116,0.038030,1,0,0,1
0.802192,0.091987,0.317368,0.083651,-0.430377,0.076694,0.367721,0,0,1,0
0.338685,0.653955,0.397012,0.169701,-0.046056,-0.604398,0.000696,0,1,0,0
0.396526,-0.560740,0.755643,0.198191,-0.031160,-0.726036,-0.200568,0,0,0,0
0.264337,0.376852,0.928664,0.053568,-0.193850,0.003514,-0.113870,0,0,1,1
0.533684,-0.332391,0.688985,-0.020418,-0.323990,-0.919602,-0.302267,0,0,0,0
-0.079806,0.707401,0.714383,-0.138783,0.703244,-0.170161,-0.217564,1,1,0,0
1.064274,-0.745371,-1.236806,0.231167,-0.604927,-0.752743,0.021340,0,0,1,0
0.579352,-0.708542,-0.268670,-0.029935,0.257945,-0.041140,-0.311374,0,0,0,1
0.249988,-0.088272,0.232316,0.134110,-0.398012,-0.756216,-0.403584,0,1,0,0
0.502079,-0.258248,0.095939,0.083861,-0.678387,-0.512469,-0.374663,0,0,1,1
0.213455,-0.340680,1.142139,0.156619,-0.818044,-0.867366,0.208269,0,1,0,0
0.482442,0.400250,0.698115,-0.227636,-1.330904,-0.284027,0.074253,1,0,0,1
1.033948,-0.617399,-0.465663,0.020933,-0.356893,-0.042080,-0.045235,0,0,0,0
0.509477,0.020197,0.186883,-0.208415,-0.397909,-0.440973,-0.083566,1,0,1,0
1.041434,-0.976799,-0.343727,0.319882,0.180989,-0.374739,0.052435,0,0,0,0
0.579893,-1.492047,0.213172,0.364552,0.707014,-0.366051,-0.058351,0,0,1,1
0.631796,-1.685123,0.846013,1.196721,-0.330467,-0.156143,0.462168,0,0,0,0
0.297479,-0.092675,0.764766,0.664198,0.640503,-0.372703,0.471268,0,1,0,1
0.612475,-0.543900,0.320613,0.975035,0.268421,-0.304499,0.152178,0,0,0,0
0.303933,-0.391394,0.034112,1.110456,0.866652,-0.001154,0.034476,1,1,0,0
0.757630,-1.562024,0.245260,1.122172,0.373083,-0.331314,0.275622,0,0,0,0
0.489884,-0.014636,-0.282266,1.003570,0.390649,-0.200670,0.195531,0,0,1,1
0.797700,-0.574712,-0.640813,1.084823,-0.066626,-0.239106,0.563355,1,0,0,0
0.588210,-0.195762,0.374510,0.927804,0.683711,-0.224039,0.281228,0,1,0,0
0.619494,-0.582987,0.128255,1.186139,-0.496771,-0.119152,0.268104,0,0,0,1
0.528610,-0.208019,-0.542659,1.027019,-0.675063,-0.426638,-0.086674,1,0,1,0
0.552663,0.170478,-0.174032,0.540655,-0.154579,0.067453,0.464346,0,1,0,0
0.619385,1.075639,-0.273878,0.483461,-1.118072,-0.050372,0.252653,0,0,1,1
1.007977,-0.710974,-0.686843,0.591930,-0.477387,-0.374504,0.196746,0,1,0,0
0.697834,0.638444,-1.072010,0.530846,-0.457673,0.132223,0.133936,1,0,0,0
0.845576,0.120403,-0.982498,0.675334,-1.031116,0.628714,0.076537,0,0,0,0
0.722425,-0.366177,-0.252641,0.590873,-0.072789,0.668849,0.047076,0,1,0,1
0.719696,-0.078007,-0.001485,0.900620,-1.522830,1.017843,0.401499,1,0,0,0
0.698662,-0.389691,-0.625552,0.935708,-0.058006,-0.814716,0.024461,0,0,1,0
0.861605,-0.065266,0.094412,0.742508,-1.039117,-0.485389,0.181790,0,0,0,0
0.691505,-0.013289,0.144017,0.525838,-0.400306,-0.233331,-0.041636,0,0,1,1
0.776968,-0.398036,-0.035936,0.695062,-0.564463,-0.355939,0.270549,0,0,0,0
0.506639,0.969349,-0.182846,0.780892,-0.655657,0.181276,0.193510,1,1,0,0
0.509695,-0.338663,-0.026445,0.986051,-1.900039,0.017811,0.177925,0,0,0,0
0.664144,-0.022872,0.012429,0.668569,-0.525185,0.521409,0.140772,0,0,0,1
1.247772,-0.071109,-1.432140,0.626625,-1.152958,0.929965,0.292274,0,1,0,0
1.042023,0.172671,-1.262286,0.600223,-0.618780,1.244530,0.236109,0,0,1,0
0.930466,-0.230335,-1.032991,0.484418,-1.017497,-0.163520,0.667258,0,0,0,1
0.892283,0.597629,-0.608443,0.295074,-0.818415,0.002830,0.273945,0,1,0,0
1.054140,-0.370907,-1.065180,0.482314,-0.646620,-0.576928,0.190329,0,0,1,0
0.935172,-0.417177,-0.965501,0.656081,0.510808,-0.298915,0.155346,1,0,0,0
1.284525,-0.538399,-0.920690,0.391721,-0.587221,0.215259,0.193849,0,0,1,0
1.426585,-1.258541,-0.005654,0.154355,0.737902,0.999860,0.248985,1,1,0,0
0.393440,-0.773904,0.361120,-0.373112,-0.805873,-0.868335,0.242716,0,0,0,0
0.890589,-1.502712,0.531712,0.529162,-2.470189,-0.173959,0.317548,1,0,1,0
0.501945,-0.689133,0.786398,0.113083,-0.138770,-0.474646,0.079920,0,0,0,0
0.494689,-0.857752,0.530856,0.303969,0.272624,-0.422236,0.107827,0,1,0,1
1.181120,-0.674605,-0.928654,-0.024600,0.187812,-0.562106,0.118315,0,0,0,0
0.657451,-0.243947,-0.365022,0.210493,0.326007,-0.024866,-0.010324,1,0,0,0
0.503358,-0.130397,0.218906,-0.202025,-0.469603,-0.522400,-0.204708,0,0,1,0
0.540346,-0.409465,0.381022,0.276055,-0.163288,-0.567589,-0.074662,0,1,0,0
0.518185,-0.610034,-0.463780,-0.134884,-1.442235,0.229455,-0.490552,0,0,0,1
0.342095,0.126526,-0.848346,-0.406968,-1.183969,-0.586654,-0.624953,1,0,1,0
0.973557,-0.588060,-0.938750,-0.148915,-0.347245,-0.110486,0.255118,0,1,0,0
0.583653,0.181924,0.091347,-0.147439,-0.222825,-0.121515,0.171716,0,0,1,1
0.990110,-0.342529,-0.706776,0.110245,0.060094,0.041642,0.033079,1,0,0,0
0.858770,0.072451,-0.268073,0.063901,-0.219362,-0.058784,0.073861,0,1,0,0
0.700935,-0.118134,0.150357,-0.040471,-0.732680,-0.180156,0.069559,0,0,0,0
0.846775,-0.134616,0.264245,-0.280073,-0.605035,0.110595,0.326979,1,0,0,1
0.757514,0.007802,0.306096,-0.041930,-0.658918,-0.092225,0.244732,0,0,1,0
0.468779,0.255974,0.702309,0.027635,-0.615959,-0.235234,0.144313,0,1,0,0
0.244327,-0.179107,0.316875,0.101833,-0.673633,-0.713313,-0.110144,0,0,0,0
0.060305,1.444871,0.374831,0.044671,0.564464,-0.470064,0.232942,0,0,1,1
1.045563,-0.362682,-0.521144,-0.017333,-0.124960,-0.294746,0.018958,0,0,0,0
0.569849,-0.025968,0.007091,0.232767,0.268907,0.059817,-0.020158,0,1,0,0
0.391564,-0.092981,0.376700,0.185592,-0.561375,-0.437157,-0.109289,0,0,1,0
0.551120,-0.774208,-0.089174,-0.292419,-0.081129,-0.584950,-0.149380,1,0,0,0
0.302397,-0.625685,0.321977,0.102302,-0.758897,-0.761887,-0.355252,0,1,0,0
0.206150,0.212988,-0.144610,-0.043638,-0.965870,-0.610831,-0.115182,0,0,1,1
0.854093,-0.372424,-0.855746,-0.207429,-0.895511,-0.677005,0.089423,0,1,0,0
0.583052,0.235244,-0.152495,-0.499620,-0.820400,0.722796,0.476189,1,0,0,1
1.161021,-0.831713,-0.606558,-0.280675,-1.239270,-0.638994,0.107364,0,0,1,0
0.776017,-0.246150,-0.695214,0.113333,-0.265636,-0.066010,0.203341,0,1,0,0
0.845760,-0.553070,-0.205581,0.353966,-0.623841,-0.057283,0.073452,0,0,0,0
0.341976,-1.162790,1.692375,-0.213174,-0.562426,0.232813,-0.277253,1,1,0,1
0.529152,-1.532630,0.605063,1.560843,-0.545456,-0.236946,0.705887,0,0,0,0
0.511259,-0.537781,0.137294,1.147659,-0.354276,-0.161623,0.102137,1,0,1,0
0.797510,-0.856689,-0.609298,1.139969,-1.106986,-0.648187,0.226562,0,0,0,0
0.950940,-1.288032,-0.082718,0.658502,-0.148437,0.025706,0.297081,0,1,1,1
1.062307,-1.020745,-0.541467,0.474927,-0.800934,-0.737363,0.143511,0,0,0,0
0.537713,0.061453,-0.041740,0.754465,-0.852416,-0.351429,-0.030725,1,1,0,0
1.180734,-1.050004,-1.154399,0.452726,-0.021148,-0.548599,0.917702,0,0,1,0
0.971307,-0.660192,-0.545262,0.623214,-0.594230,-0.468691,0.207897,0,0,0,1
0.952342,0.023124,-0.192781,0.002273,-2.122852,0.283157,0.510462,1,0,0,0
0.753679,0.115001,-0.521638,-0.237026,-1.082770,0.071027,0.186600,0,0,1,1
0.875935,-0.644604,-1.239925,0.599466,-1.277108,0.183598,0.522572,0,0,0,0
0.757537,0.886580,-1.080438,0.187423,-1.127215,-0.481332,0.232525,1,1,1,0
1.148242,-0.337677,-1.269866,-0.121116,-1.826358,-0.677396,0.283260,0,0,0,1
0.850088,-0.075966,-0.847997,0.329649,-1.435045,0.199542,0.182222,0,1,0,0
1.151610,-0.441299,-0.863345,-0.030789,-1.173157,-0.483439,0.088040,0,0,1,0
1.133442,0.052661,-1.038522,-0.101306,-1.527226,-0.377373,-0.082215,1,0,0,1
0.704520,-0.127653,-0.234459,0.511943,-1.596713,-0.084013,0.317195,0,1,0,0
0.893420,0.435055,-0.389480,0.300299,-0.619401,-0.145577,0.380491,0,0,1,0
0.981551,0.469553,-0.772550,0.349442,-2.429548,-0.446448,0.325400,0,0,0,0
0.800381,0.756378,-0.851808,0.194565,-1.641372,-0.251417,0.201813,0,0,1,1
0.887038,0.436059,-0.385674,0.271076,-2.442497,-0.641346,0.243612,0,0,0,0
0.782395,0.413254,-0.272996,0.739559,-1.323918,-0.570143,0.268544,0,1,0,0
1.435898,-0.584238,-1.252786,0.225013,-0.594919,1.137938,0.647641,0,0,1,0
1.156761,-0.412468,-1.254965,0.402331,-0.150368,-0.199202,0.180429,1,1,0,0
0.994848,-0.270031,-0.878477,0.776690,-1.403565,-0.424293,0.251258,0,0,1,0
0.863218,-0.677244,0.050121,0.313787,-0.267702,-0.705165,0.059682,1,0,0,0
0.917901,-0.898858,0.352012,0.917977,-1.130215,1.218345,0.526999,0,0,0,1
1.123304,-0.317556,-0.463398,0.714992,-0.039671,-0.055081,0.399773,0,1,0,0
1.437185,-1.041456,-0.731512,0.102803,0.275874,-0.163639,0.382558,0,0,1,0
1.236630,0.298641,-1.531609,0.437581,0.193795,0.324867,0.280726,0,1,0,0
1.360868,-1.017993,-0.832316,0.295672,-0.301878,-0.266859,0.027140,0,0,1,0
1.450712,-1.689700,-0.665193,0.566802,-0.598574,0.532872,0.181939,1,1,0,0
0.449000,-0.717101,0.688327,-0.093572,-1.424163,-0.065384,-0.041963,0,0,0,0
0.407877,-0.790137,0.649797,0.318019,-0.931106,-0.050293,0.140809,1,0,1,0
0.543580,-0.547445,0.911649,0.155291,-0.413434,-0.240606,0.067357,0,0,0,0
0.920558,-1.704233,0.447192,0.601392,-1.149312,0.470200,0.198445,0,1,0,1
0.668483,-0.679923,0.265342,0.165402,0.360440,-0.544415,-0.027051,0,0,0,0
0.664577,-0.136464,0.546935,-0.137998,0.140979,0.048854,0.077376,1,0,0,0
1.022678,-0.837126,-0.811603,0.043773,0.321657,-0.632120,-0.103854,0,1,0,0
0.719279,-0.824440,0.017692,0.450277,0.688251,-0.179928,-0.027207,0,0,0,1
0.864320,-0.378779,0.019419,0.029757,-1.582162,-0.558312,-0.003457,0,0,1,0
0.704739,-0.100383,0.126142,-0.252774,-0.312859,-0.119814,-0.085650,1,1,0,0
0.627976,-0.030917,-0.052753,-0.363873,-0.310426,-0.026323,-0.150783,0,0,1,0
0.636819,0.522789,-0.119861,-0.407535,-0.475447,0.416395,0.166825,0,1,0,1
1.231659,-0.634866,-0.316685,-0.149919,-0.707244,-0.826589,0.074963,0,0,0,0
0.766989,-0.068225,0.005423,0.086763,-0.532772,-0.146958,0.044549,0,0,1,0
1.010471,-0.701106,-0.369075,0.044465,0.546883,-0.344237,0.065851,0,1,0,0
0.827946,-0.321172,-0.418424,0.096163,-0.098542,0.010342,-0.026956,1,0,0,1
0.753035,-0.083114,0.355055,0.031905,0.237785,0.058291,0.312244,0,0,0,0
0.407167,0.452109,0.640996,-0.073682,0.007054,-0.717049,0.058211,0,0,1,0
0.320113,-0.069363,0.898933,-0.227154,-0.129570,-0.893287,-0.240828,0,0,0,0
0.261510,0.433142,1.215319,-0.103029,0.189372,-0.450584,-0.110930,1,1,0,0
0.649399,-0.287840,0.545935,0.232838,-0.819458,-0.543944,-0.173654,0,0,0,0
-0.147668,0.974937,0.503538,-0.027687,0.048156,-0.255264,-0.249993,0,0,1,1
0.883744,-0.492057,-0.891857,0.069497,-0.194013,-0.580055,-0.112664,1,0,0,0
0.578830,-0.664928,-0.113435,0.068369,0.152339,0.156743,-0.309216,0,1,0,0
0.227232,0.135581,-0.029463,0.159922,-0.590738,-0.687026,-0.452098,0,0,1,0
0.405698,-0.031754,0.155850,-0.172460,-0.785109,-0.829935,-0.366958,1,0,0,1
0.169805,-0.830137,1.263146,0.310308,-0.165056,-0.207416,0.148046,0,1,0,0
0.688621,-0.194875,0.345566,-0.124887,-0.196820,-0.036974,0.205043,0,0,1,1
0.832569,-0.487144,-0.193060,0.136729,-0.301566,-0.463043,-0.183346,0,0,0,0
0.707040,-0.206394,0.636488,-0.389443,-0.668301,1.481118,0.230929,1,0,1,0
0.913764,-1.469747,-0.397654,0.562951,-0.471704,-0.093256,0.046636,0,0,0,0
0.752829,-1.647804,0.464142,0.361927,0.139742,-0.113434,0.002078,1,1,0,1
0.386353,-0.824181,1.048343,0.683330,-0.009259,-0.325765,0.382890,0,0,0,0
0.500210,-0.460849,0.618145,0.658937,-0.159821,-0.075864,0.179515,0,1,1,0
0.676214,-0.526116,0.424410,0.862740,0.171698,-0.135713,0.171602,0,0,0,0
0.418590,-0.879154,-0.116387,0.960019,0.639038,-0.087882,0.071294,1,0,1,1
0.726467,-0.706195,-0.067396,1.192591,-0.010724,-0.078769,0.292758,0,0,0,0
0.698486,-0.906489,0.057312,0.854248,-0.027749,-0.060038,0.089355,1,1,0,0
0.835695,-1.004865,-0.585055,1.045048,-0.071730,-0.320278,0.524829,0,0,0,1
0.645742,-0.598282,0.228218,0.768566,0.217276,-0.587066,0.163762,0,1,0,0
0.565198,-0.880119,0.303698,1.210345,-0.699876,-0.182973,0.038429,0,0,0,1
0.618432,-1.042340,-0.347496,1.000139,-0.232089,-0.205324,0.080637,1,0,1,0
0.654030,-0.063557,-0.076346,0.644332,-0.368850,0.638519,0.665201,0,0,0,0
0.683267,0.091256,-0.111104,0.300020,-0.551701,0.209351,0.151302,0,1,1,1
0.884241,-0.750612,-0.798444,0.623051,-0.689222,-0.539347,0.247732,0,0,0,0
0.737910,0.362641,-0.718435,0.570740,-0.117440,-0.177735,0.264377,1,0,0,0
0.963535,-0.182977,-0.098670,0.446830,-1.526425,-0.049349,0.299692,0,0,1,0
0.699740,0.305059,-0.395921,0.664596,-0.585553,-0.753068,0.171719,1,1,0,0
0.560838,0.079969,-0.699470,0.725477,-1.781526,-0.043071,0.297440,0,0,1,0
0.561603,0.298332,-0.784622,0.805678,-0.121732,-0.728198,0.054974,1,0,0,1
0.916966,0.455553,0.009107,0.396233,-1.574193,0.082173,0.272265,0,0,0,0
0.919437,0.067979,0.168543,0.350255,-1.507653,0.273019,0.045982,0,0,1,1
0.965567,-0.335127,-0.249378,0.709848,-1.306260,0.228023,0.405815,0,0,0,0
0.880353,0.188844,-0.414013,0.557810,-0.709680,0.429965,0.272473,1,0,1,0
0.662849,0.127771,-0.227891,0.306534,-0.853969,0.415657,-0.019854,0,1,0,0
0.676562,-0.391510,-0.297686,1.104776,-0.425104,-0.002454,0.080088,0,0,0,1
1.052787,0.416373,-1.422041,0.775979,-0.574203,1.149823,0.304461,0,1,0,0
0.978565,0.653374,-1.390666,0.613388,-0.499783,0.086181,0.152946,0,0,1,0
0.654844,-0.331723,-1.141252,1.299398,0.116622,-0.116971,0.798655,0,0,0,0
0.055685,0.858526,-0.647369,1.307575,0.461062,-0.570961,0.236641,0,1,0,0
1.115055,-1.154570,-0.176101,1.049930,-1.578677,-0.206003,0.364428,0,0,0,0
0.626870,0.277047,-1.643672,1.571641,0.889872,1.446258,0.474612,0,0,0,1
1.544233,-1.182054,-0.919305,0.700082,-0.968891,3.702025,0.337763,0,0,0,0
1.033650,0.946381,-2.116596,0.699471,-0.393163,0.622752,0.051468,1,0,0,0
1.028601,0.499691,-1.910006,0.713003,-0.482801,-0.514698,0.246678,0,0,0,0
-0.390397,-0.077544,-0.138337,0.485796,-0.845479,-0.919072,-0.359401,0,0,0,0
-0.657984,-0.195391,0.673608,0.577116,-0.883374,-0.111015,-0.959963,0,0,0,0
0.654211,-2.411209,-0.884623,1.094314,-1.565804,2.818134,-0.635489,0,0,0,0
0.232954,-2.228572,-0.219507,0.598509,-1.433347,0.407570,-0.887531,0,0,0,0
1.092297,-0.740210,-1.093559,-0.025220,-1.675647,-0.517737,0.055824,0,0,0,0
0.988075,-0.275931,-2.249445,0.077602,-0.927268,-0.849014,-0.479780,0,0,0,1
0.432300,-0.863871,-1.309370,0.306157,0.263216,-0.558108,-0.832873,0,0,0,0
0.787576,-1.856350,-1.315809,1.084542,-1.764397,3.572562,-0.603134,0,0,0,0
0.075229,-0.357893,-0.253571,0.822797,-1.370564,-0.235881,-0.278639,0,0,0,0
0.037596,-0.260496,0.179740,0.611258,-0.627203,-0.496484,-0.528458,0,0,0,0
-0.242097,-0.326135,-0.096947,0.633265,-0.766180,-0.769236,-0.806138,0,1,0,0
0.378084,-0.346613,-0.894095,0.777729,-1.726727,0.189234,-0.337158,0,0,0,0
1.220667,-0.099873,-0.920618,0.408289,-0.105650,9.992526,2.276573,0,0,0,0
0.716207,-0.731378,-1.133410,0.964414,-1.255380,-0.589850,-0.379423,0,0,0,0
0.208892,-0.424431,-0.167869,0.570561,0.097066,-0.319708,-0.479369,0,0,0,0
0.999796,-0.743144,-1.527401,0.594944,-0.415744,-0.304922,-0.297307,0,0,1,0
0.927205,-0.558024,-0.882095,0.657047,0.230231,1.223367,0.339098,0,0,0,0
1.262221,-1.031684,-1.022879,1.472152,-1.862091,2.944796,0.770943,0,0,0,0
0.200595,0.476179,-0.274333,0.872000,0.011167,-0.546835,0.784487,0,0,0,0
0.282473,0.809374,0.152826,0.576394,0.032979,0.367896,1.078512,0,0,0,0
0.536644,-0.669764,-0.113480,0.978788,-0.422557,-0.368186,0.600168,0,1,0,0
0.533436,-0.710734,-1.072372,1.183224,-1.062949,1.497475,-0.325382,0,0,0,0
1.016800,-1.793867,-1.156312,1.381919,-2.322457,4.166068,-0.423595,0,0,0,0
-0.008128,-1.244183,0.452699,0.711691,-0.646575,-0.499571,-0.675796,0,0,0,0
-0.811197,1.201448,1.320942,0.469704,0.071905,-0.839293,-0.649454,0,0,0,0
1.216719,-1.008083,-2.195941,0.397478,-0.952715,-0.237998,-0.252141,0,0,0,0
0.536927,-0.679266,-1.770208,0.540061,-0.294419,0.710971,-0.702972,0,0,0,0
0.954209,-1.874015,-1.068091,1.195208,-1.754770,1.747060,-0.269455,0,0,0,0
-0.036241,0.660200,-0.015255,0.288740,-1.895678,-0.640099,-0.554186,0,0,0,0
0.168100,-0.124890,-0.775485,0.321692,-0.528379,-0.354875,-0.487202,0,0,0,1
0.348333,-0.655322,-0.599781,0.295632,-2.954164,-0.778202,-0.650638,0,0,0,0
0.739981,-1.290213,-1.153630,1.134708,-3.913782,6.216234,-0.519552,0,0,0,0
1.445262,0.613339,-0.624859,-0.095665,-0.540893,0.185728,1.636196,0,0,0,0
0.548950,0.870989,-0.858312,0.226027,-1.315745,0.064890,-0.356424,0,0,0,0
0.272898,0.597712,-0.494209,0.179350,-2.778606,-0.835599,-0.640015,1,0,1,0
1.248339,-0.307548,-1.466859,0.709930,-2.399889,-0.426837,-0.080143,0,0,0,0
1.278083,0.094459,-0.965605,0.744240,-1.406430,0.705389,0.481423,0,0,0,0
1.115630,-0.770849,-0.661252,0.896449,-3.245103,0.188188,0.674967,0,0,0,0
0.189071,0.068091,-0.252234,0.920617,-0.523944,0.290799,0.656848,0,0,0,0
0.101042,0.736246,-0.289117,0.379759,0.820097,0.060771,0.878673,1,1,0,1
0.651208,-1.318773,-0.652154,1.582062,0.012410,1.361737,1.509820,0,0,0,0
0.098246,-0.549682,-0.805140,1.561112,1.138104,-0.627959,-0.630722,0,0,0,0
1.495491,-1.095998,-1.851236,0.798860,-2.580910,3.803928,-0.263967,0,0,0,0
0.336551,-0.184098,-1.373767,1.213572,0.213282,-0.322102,-0.579168,0,0,0,0
-0.022218,-0.400567,-1.815556,1.268458,1.146724,-0.079276,-0.761140,0,1,1,1
1.440264,-0.892677,-2.049217,0.774140,-1.752851,0.135016,0.210661,0,0,0,0
0.672363,-1.408691,-0.756250,0.868229,-0.263444,1.639849,-0.739396,0,0,0,0
1.504602,-0.507716,-1.802974,0.522364,-1.640919,1.079512,1.357921,0,0,0,0
0.851975,0.014939,-1.995885,0.507224,-0.088086,-0.702362,-0.292648,0,0,0,1
0.745453,-0.510659,-2.080144,0.951122,-0.118345,-0.054783,-0.263617,0,0,0,0
0.857384,-0.551430,-0.095034,0.905962,-1.343634,0.671555,0.135125,0,0,0,0
1.262660,-0.810757,-1.227815,0.914615,-2.859872,1.544084,-0.076807,0,0,0,0
1.127861,0.175631,-0.618753,0.707708,-2.074706,-0.758662,0.849003,0,0,0,0
0.599972,0.224474,-2.015196,0.666525,-0.787870,-0.255322,-0.183831,0,0,1,0
0.476351,0.484871,-1.701824,0.540310,-1.331199,-0.724354,-0.606188,0,0,0,0
1.755534,-1.258375,-1.988935,0.225335,-1.338465,2.905481,0.793081,0,0,0,0
1.085744,-0.051419,-1.085375,0.967450,-1.240516,0.317370,0.192005,0,0,0,0
0.732736,-0.000382,-0.509221,1.021826,-1.062713,-0.171432,0.487965,0,0,0,0
0.917507,0.069307,-1.608282,0.782950,-0.171052,-0.070202,0.687374,0,0,0,1
0.984567,-0.293581,-1.515371,0.993738,0.198301,0.224425,0.822136,0,0,0,0
0.971073,-0.606884,-0.307764,1.488763,-0.907604,2.018945,2.122611,0,0,0,0
0.864271,-0.971045,-0.892556,1.828093,-2.026779,0.177671,-0.033348,0,0,0,0
0.812991,-1.409724,-0.364819,0.958447,-1.451873,0.140363,-0.197220,0,0,0,0
0.682490,-1.659985,-1.296886,1.355936,-1.142964,-0.536995,-0.532739,0,0,0,0
0.648045,-0.926577,-0.405131,1.345534,-1.467734,0.090201,-0.418347,0,0,0,0
1.534504,-1.142734,-0.421312,0.685741,-1.294484,5.713871,1.406096,0,0,0,0
0.773746,-0.591655,-0.743927,0.963493,-1.100730,-0.117026,-0.268719,0,0,0,0
0.678766,0.250985,-1.354547,0.815703,-0.124228,0.401402,-0.069006,0,0,0,0
1.356869,0.241123,-2.337039,0.364845,-0.251360,-0.005127,0.847198,0,0,0,1
1.195884,0.109615,-2.150111,0.744966,-0.957655,0.127739,-0.168515,0,0,0,0
1.390650,-0.380604,-1.449203,0.461198,-2.065343,1.764328,-0.199173,0,0,0,0
0.860329,-0.014269,-1.312007,0.562404,-1.947095,-0.632497,-0.303596,0,0,0,0
0.612245,0.822409,-1.584072,0.184936,-1.518956,-0.748741,-0.524960,1,0,1,0
0.752077,0.156675,-1.116467,0.997560,-1.081208,-0.481772,0.744608,0,0,0,0
1.148515,-0.191476,-2.441147,0.819857,-2.163565,3.792709,-0.074494,0,0,0,0
1.917789,-0.413618,-1.648947,0.211539,-1.080697,5.795314,0.964429,0,1,0,0
1.253656,0.784110,-2.153764,0.372868,-1.121404,-0.524161,0.361420,0,0,0,0
0.887529,1.204504,-1.930741,0.699688,-0.199192,0.223790,0.677957,1,0,0,0
1.363574,0.416622,-1.776369,0.565892,-1.080780,0.188893,0.876012,0,0,0,0
1.325601,-0.239286,-1.604994,0.489250,-0.648336,1.389410,0.926776,0,0,0,0
0.930773,-0.501711,0.266378,0.513606,-0.180561,2.773470,1.958449,0,0,0,0
-0.575785,0.103662,0.227264,0.600819,-0.116715,-0.485968,-0.896765,0,0,0,0
-0.525711,-0.120095,0.345250,0.825646,-1.006215,-0.316487,-0.820346,0,0,1,0
0.271186,-1.293665,-0.414801,0.843506,-0.984300,-0.535321,-0.742226,0,0,0,0
-0.345121,-0.970038,-0.000225,0.940449,-0.653971,0.435427,-0.788548,0,0,0,0
1.499461,-0.691076,-1.257116,1.023857,-2.560092,12.556889,0.700646,0,0,0,0
0.317135,-1.137227,-0.693074,0.377500,-0.986849,-0.721306,-0.830961,0,0,0,0
-0.464683,1.336408,-0.848968,-0.586618,-0.373468,-0.795195,-0.859787,1,0,0,0
1.283213,-0.439614,-1.975141,-0.486643,-1.776786,-0.485426,-0.295613,0,0,0,0
0.711253,-0.582682,-1.518866,0.752795,-0.865323,1.285426,-0.468707,0,0,0,0
0.769778,-2.303176,-0.743585,0.768330,-1.216698,2.915174,-0.627069,0,0,0,0
0.494930,-0.822770,-1.174613,1.022926,-3.208298,0.140228,-0.486930,0,0,0,0
0.126167,-0.063596,-1.206793,0.227758,-0.541610,0.102731,-0.845863,0,0,0,0
0.568364,0.116393,-0.114514,0.790722,-1.292047,0.061513,1.751400,0,0,0,0
0.312558,0.083614,-0.359589,0.686286,-2.516485,-0.466939,-0.511720,0,0,0,0
1.959392,-0.063467,-1.164098,-0.154739,-2.008610,5.017811,0.920334,0,0,0,0
0.698959,1.146830,-1.234864,0.387358,-0.571472,-0.775001,0.114961,0,1,0,0
0.146103,1.512198,-0.486913,0.359537,0.705070,-0.615887,0.503862,0,0,0,0
1.071993,-0.521763,-1.167097,0.697028,-0.601791,0.188895,0.703308,0,0,0,0
0.974478,-0.251950,-1.231847,0.554132,0.730024,1.297425,0.926147,0,0,0,0
1.358877,-1.058937,-0.400481,1.231385,-0.820614,0.566227,1.772432,0,0,0,0
-0.107319,0.838977,-0.054853,0.732707,0.013203,-0.579271,-0.317245,0,0,1,0
0.033086,1.152181,-0.630300,0.522931,0.105554,0.280557,-0.338549,0,0,0,0
0.923359,-1.387312,-0.961615,0.851343,-1.350767,-0.303813,-0.583338,0,0,0,0
0.348580,0.174673,0.402628,0.798037,-2.060602,0.066203,-0.436671,0,0,0,0
1.374898,-0.729648,-0.507098,0.476126,-2.302134,0.151313,0.431780,0,0,0,0
0.436496,-0.955109,-0.759898,0.584297,-0.895047,-0.769087,-0.608640,0,0,0,0
0.123975,0.634960,-0.360998,-0.016226,-0.838581,0.123595,-0.630622,0,0,0,0
1.209310,-0.895012,-2.294763,0.035264,-1.275431,-0.055189,-0.492968,0,1,0,0
0.801150,-0.762324,-1.530266,0.248167,-0.877875,0.920381,-0.510208,0,0,0,0
0.694639,-0.910095,-1.619579,0.080839,-2.257368,-0.534553,-0.626550,0,0,0,0
-0.008702,0.638353,-1.421118,-0.464852,-1.659459,-0.308783,-0.736062,0,1,0,0
0.709552,-0.084121,-1.942298,-0.146892,-3.007536,-0.861551,-0.577407,0,0,0,0
0.674769,-0.625190,-0.030021,0.583741,-1.330043,-0.496039,1.804679,0,0,0,0
0.852817,-1.041575,-1.656889,1.033776,-3.680078,4.279754,-0.501942,0,0,0,0
0.549615,-0.134243,-0.890309,-0.604169,-2.219100,-0.779711,-0.152117,0,0,0,0
0.923241,0.035645,-2.126685,0.136098,-1.474635,-0.259254,-0.286656,0,0,0,0
0.399333,0.902161,-0.602437,0.320644,-1.076269,-0.065460,0.513765,0,0,0,0
1.147264,-0.337911,-1.684368,0.775011,-2.423540,2.598423,0.663507,0,0,0,0
0.829559,0.006203,-1.674476,0.640157,-1.000267,-0.454805,0.736882,0,0,0,0
0.171077,0.537781,-0.727043,0.599397,1.467095,-0.055307,0.700043,1,1,0,1
0.237857,-1.150799,-1.114011,1.480363,-0.799208,0.042792,0.567041,0,0,0,0
0.037314,0.330858,-1.260139,0.403218,-0.192684,1.168579,-0.770492,0,0,0,0
1.206316,-1.346039,-0.550986,0.612387,-0.828375,1.006380,-0.027433,0,0,0,0
0.327210,-0.075823,-1.055594,1.048907,-0.708445,0.227017,-0.461488,0,0,0,0
0.344678,-0.124945,-0.466934,1.255146,-0.989795,0.181271,-0.494754,0,1,1,1
1.130874,-0.936674,-1.449008,0.306414,-1.767217,-0.138171,-0.276537,0,0,0,0
0.390188,0.078931,-1.648261,0.695684,-0.552750,-0.161979,-0.774139,0,0,0,0
1.389016,-0.308114,-1.069859,0.657343,-0.458399,3.395033,2.229523,0,0,0,0
0.711803,-1.386382,-0.773145,0.602483,-0.258456,-0.049461,-0.620261,0,0,0,0
0.450297,0.733337,-1.515959,0.125279,-0.998514,-0.368025,-0.454471,1,1,0,0
1.268478,-0.480342,-2.604107,-0.169176,-1.176509,-0.423084,-0.260328,0,0,0,0
1.055827,0.242147,-2.364603,0.065109,-1.379490,0.965842,-0.302663,0,0,0,0
1.089202,0.205594,-0.348163,0.622759,-0.389849,7.226411,2.144306,0,0,0,0
1.080310,-0.564440,-1.689206,1.050050,-2.740064,0.399794,0.110913,0,0,0,0
0.504570,1.134322,-1.597343,-0.160828,-0.905380,-0.444621,-0.413613,1,1,0,1
1.289880,-0.628437,-2.441974,0.439621,-2.074772,-0.194105,-0.105707,0,0,0,0
0.690117,0.821898,-1.697611,0.401955,-1.225580,-0.200006,0.207476,0,0,0,0
1.787998,-0.205189,-2.151016,0.364371,-2.271210,7.309437,0.772498,0,0,0,0
0.834332,0.825370,-1.701016,0.503160,-0.099966,-0.667073,0.663714,0,0,0,0
0.564549,0.935666,-1.544684,0.831116,0.443671,0.283504,0.772052,0,0,0,0
1.104236,-0.886912,-1.163086,0.751903,-1.541362,0.769016,1.017347,0,0,0,0
1.254802,-1.646218,-1.715483,1.089642,-1.843201,0.463008,-0.056882,0,0,0,0
1.215763,-1.701404,-0.721711,1.059277,-1.860423,4.887292,-0.207050,0,0,0,0
0.381424,0.495680,-0.973322,0.508761,-1.074212,0.363648,-0.463668,0,0,0,0
0.244915,1.501395,-1.253991,0.318009,-0.573212,-0.098500,-0.377632,0,0,0,0
1.042544,-0.898769,-1.193732,0.590195,-2.103229,-0.232805,-0.243471,0,0,0,0
0.435094,0.099412,-1.187103,0.653286,-1.097338,0.352176,-0.613271,0,0,0,0
1.164152,-1.003663,-0.699338,1.432247,-1.221882,3.628515,1.580520,0,0,0,0
0.267358,-2.009890,-0.214033,0.996852,-2.099900,0.548293,-0.581692,0,0,0,0
0.062190,-0.938934,-0.521207,0.801004,-0.374712,-0.484472,-0.744312,0,0,0,0
1.154956,0.081154,-2.277382,0.157285,-0.685594,-0.150137,-0.498418,0,0,1,0
0.970231,-0.079331,-1.709592,0.719367,-1.391754,2.470810,-0.485424,0,0,0,0
1.137113,-0.261725,-1.592477,0.705441,-1.359967,0.450379,0.947559,0,0,0,0
0.203950,0.083073,-1.347014,0.938814,0.293146,-0.662964,-0.696883,0,1,0,0
0.218233,-0.247837,-1.241629,0.484092,-0.472661,-0.372893,-0.855304,0,0,0,0
0.749691,-1.224360,-1.119716,0.931963,-0.840388,-0.538643,-0.482317,0,0,0,0
0.531744,0.019130,-1.222572,1.054195,-0.488560,1.195622,-0.478174,0,0,0,0
1.122166,-0.234922,-1.737479,0.396758,-1.211012,0.180191,-0.464961,0,0,0,0
0.486704,0.318717,-2.415583,0.304425,-0.496851,-0.285141,-0.818029,0,0,1,0
0.357871,0.816393,-1.787131,0.087819,-0.325253,-0.028393,-0.695011,0,0,0,0
0.434013,-1.587472,-0.712965,0.527191,0.680496,-0.580670,0.495530,0,0,0,0
0.208848,-1.084660,-0.982189,0.508127,0.226502,0.514345,-0.690497,0,0,0,0
-0.106768,-1.968782,-0.411412,0.954357,0.232911,0.530103,-0.635955,0,0,1,0
-0.973794,-0.761795,0.374061,0.583962,1.080311,-0.597436,-0.746241,0,0,0,0
-1.091018,0.172700,-0.149597,0.299599,1.813268,0.557272,-0.787789,0,0,0,0
0.876649,-1.268510,-1.201671,0.282284,-0.419668,-0.028581,-0.444546,0,0,0,0
-0.082851,-0.905294,-1.529616,0.336958,0.727248,0.213854,-0.713468,0,0,0,0
-0.164535,-0.946309,-0.829358,0.569024,-0.568500,0.260672,-0.803205,0,0,1,0
-0.874980,-0.140675,0.541216,0.380343,1.132876,-0.661302,-0.794355,0,0,0,0
-0.078746,-0.931430,-0.874217,0.267595,-0.312883,-0.084267,-0.831660,0,0,0,0
-0.240478,-1.488888,-0.115153,0.471421,0.385620,2.000027,-0.892242,0,0,0,0
-0.466417,-1.805367,-0.481861,1.538912,-0.846396,5.990562,-0.896209,0,0,0,0
-0.600362,0.251074,-0.500014,-0.662984,-2.159396,-0.541610,-0.990191,1,1,0,0
-0.297433,-0.019592,-1.293467,-0.017521,0.345178,-0.364271,-0.926739,0,0,0,0
-1.039446,0.322316,0.069860,0.166774,1.337129,-0.695541,-0.891290,0,0,0,0
0.559368,-0.822089,-1.273848,0.713331,-1.051933,1.874340,-0.512738,0,0,0,0
-0.013380,-0.280823,-0.928121,0.354028,0.222957,-0.150941,-0.858561,0,0,0,0
-0.556603,0.205010,-0.922180,-0.058598,0.886237,-0.463940,-0.862618,0,1,0,0
-0.722039,0.057685,0.171076,0.293014,0.663077,-0.931479,-0.840134,0,0,0,0
-0.965448,0.180771,-0.057350,0.463718,1.005463,0.216862,-0.919653,0,0,0,0
0.100234,-1.429531,-0.259086,0.878463,0.344219,4.529112,0.070229,0,0,0,0
-0.613860,-0.535256,-0.135962,0.266875,-0.402415,-0.226913,-1.029090,0,0,0,0
-0.819292,-0.169141,1.019025,0.021474,-0.281309,-0.136122,-0.986977,0,0,0,0
-0.641846,-0.470994,-0.511545,0.020953,0.551511,0.402701,-0.980382,0,0,0,0
-0.524635,0.261607,-0.302294,0.238321,0.169108,0.079706,-0.978435,0,0,0,0
0.686107,-0.423187,-1.252409,0.254906,-1.032001,7.727252,-0.602677,0,0,0,0
-0.315830,0.027855,-1.288560,0.066228,0.582633,-0.688175,-1.025251,0,0,0,0
-0.871852,0.287017,-0.825273,0.011307,1.816785,-0.280616,-1.048624,0,0,0,0
-0.808245,0.136059,0.261197,-0.276087,-0.391358,-0.387688,-1.079885,0,0,0,0
-0.247859,-0.627488,-0.589855,0.027907,-0.729980,2.011713,-0.966064,0,0,0,0
-0.199518,-0.976411,0.040679,0.114747,-2.410314,3.229725,-1.093253,0,0,0,0
-0.813517,-0.181782,0.117614,0.227540,-1.397037,-0.588953,-1.088734,0,0,1,0
-1.435062,-0.043366,0.554051,-0.341728,0.413904,-0.664691,-1.195122,0,0,0,0
-0.470733,-0.119434,-1.099711,-0.192765,0.040260,-0.646405,-0.921129,0,0,0,0
-1.030343,-0.395503,0.019940,-0.213182,-0.835038,0.464553,-1.129985,0,0,0,0
0.268017,-0.829385,-0.718496,0.296078,-2.445804,8.945108,-0.840633,0,0,0,0
-0.746164,0.030960,-0.691553,-0.283107,0.349307,-0.132789,-1.081199,1,0,0,0
-0.883396,0.314547,-0.375525,-0.184353,0.342327,-0.871342,-1.148991,0,0,0,0
-0.697543,-0.792210,-0.147338,0.656005,-0.753252,-0.387458,-1.103980,0,0,0,0
-1.134787,0.358321,0.446622,-0.147351,-0.624836,-0.072867,-1.114024,0,0,0,0
-0.138570,-0.694636,0.090896,0.993945,-0.554917,4.919821,-0.571022,0,0,0,0
-1.285700,-1.273128,-0.389072,0.633242,1.979160,0.842562,-1.069199,0,0,0,0
-1.654357,-0.258642,0.126879,0.713208,2.753883,-0.364111,-1.207626,0,0,0,0
-1.167447,-1.183129,0.109080,1.044045,1.503733,-0.720927,-1.200354,0,0,0,0
-1.677251,-0.634239,-0.068058,0.881458,3.222894,-0.338370,-1.205499,0,0,0,0
0.085794,-1.313701,-0.823960,0.660597,-0.502066,4.679609,-1.055357,0,0,0,0
-1.355548,-0.759582,-0.620950,0.867090,2.884935,-0.644876,-1.249807,0,0,0,0
-1.686597,0.221790,0.144270,0.100050,2.421215,-0.182283,-1.280383,0,0,0,0
-1.213187,-1.503439,-0.443617,0.981758,1.704039,-0.118744,-0.828756,0,0,0,0
-0.835771,-0.382321,-0.335278,0.571999,0.558694,0.170594,-1.171051,0,0,0,0
-0.820021,-1.397589,0.117699,0.690710,1.016112,0.016749,-1.190021,0,1,0,0
-1.290412,-1.161565,0.111710,1.049820,0.539628,-0.288417,-1.214362,0,0,0,0
-1.881318,0.121666,1.013478,0.485659,3.013440,-0.285342,-1.208064,0,0,0,0
-0.841271,-0.522891,-0.912519,0.303955,1.235535,-0.051144,-0.879974,0,0,0,0
-1.391129,0.033126,0.351565,0.263068,0.461028,1.173811,-1.206529,0,0,0,0
-0.558329,-1.170274,0.188809,0.478164,-0.618144,-0.394494,-1.154641,1,0,1,1
-1.356358,-0.227092,-0.032068,0.044893,0.798886,-0.671252,-1.259287,0,0,0,0
-1.380565,0.049066,-0.645797,0.240816,1.851155,0.624594,-1.258512,0,0,0,0
-1.137987,-1.209974,0.302917,0.667338,-0.481168,0.534603,-1.248101,0,0,0,0
-1.071317,-1.002567,-0.507093,0.651815,0.493478,3.544372,-1.258469,0,0,0,0
-1.137760,-1.210027,-0.385482,0.729900,1.221018,-0.370937,-1.178802,0,1,0,1
-1.586873,0.088199,0.628202,0.277389,1.419331,-0.207500,-1.243095,0,0,0,0
-1.720275,0.416147,0.624140,-0.002381,1.721799,-0.365501,-1.270022,0,0,0,0
-1.337024,-1.861841,-0.175995,0.671952,0.903436,0.229875,-1.299038,0,0,0,0
-1.458466,-1.140652,0.210290,0.845489,1.176408,1.902153,-1.291474,0,0,0,0
-0.557785,-1.127701,-0.708917,0.416729,0.098358,-0.033295,-1.165810,1,0,1,0
-1.420205,-0.268826,0.430969,-0.235689,0.279002,-0.504963,-1.276446,0,0,0,0
-1.804864,-0.133593,0.586312,0.019956,1.566508,-0.462101,-1.318097,0,0,0,0
-0.953892,-0.835055,-0.389784,0.200808,0.763851,1.198944,-0.956219,0,0,0,0
-0.804914,-1.744902,-0.813327,0.386122,-0.445241,0.527538,-1.323984,0,0,0,0
-1.185147,-0.794414,-0.390683,0.316918,1.040878,-0.772907,-1.321501,0,0,0,0
-1.524726,-0.272138,-0.330017,0.219828,2.222032,-0.133102,-1.309862,0,0,0,0
-1.717884,-0.762294,-0.177934,0.054716,1.923706,-0.305534,-1.361845,0,0,0,0
-1.482767,-1.793075,0.135993,1.000450,1.481289,4.320434,-1.025315,0,0,0,0
-1.837066,-1.022604,0.178200,0.607631,1.699363,0.122243,-1.291513,1,0,0,0
-1.386268,-0.429512,-0.507437,0.069105,1.897985,-0.350910,-1.279038,0,0,0,0
-1.183009,-0.635018,-0.547849,-0.279891,0.516630,0.126708,-1.320826,0,0,0,0
-1.377798,-0.144481,-0.804476,-0.009039,1.835159,-0.032002,-1.293951,1,0,0,0
-1.014471,-1.472322,-0.556965,0.159277,-0.892371,4.166560,-1.311397,0,0,0,0
-1.418448,-0.426616,-0.730433,0.084199,1.853686,0.137159,-1.346071,0,1,0,0
