mfcc0,mfcc1,mfcc2,mfcc3,mfcc4,onset,rms,lane0,lane1,lane2,lane3
-4.175108,-3.155675,0.013128,-3.544396,1.341930,-0.697662,-2.335939,0,0,0,0
-4.145855,-3.184154,-0.132414,-3.381830,1.429523,-0.634009,-2.334487,0,0,0,0
-4.138674,-3.167066,-0.190538,-3.475999,1.554117,-0.625699,-2.333296,0,0,0,0
-4.076737,-3.177217,-0.527428,-3.420336,1.873204,-0.630247,-2.331728,0,0,0,0
-4.010883,-3.223821,-0.837238,-3.150134,2.004471,-0.573060,-2.328958,0,0,0,0
-4.000965,-3.213495,-0.905023,-3.224839,2.107457,-0.531612,-2.327650,0,0,0,0
-3.903332,-3.243075,-1.400653,-3.100948,2.479094,-0.534097,-2.324539,0,0,0,0
-3.826448,-3.218685,-1.705782,-3.134503,2.426835,-0.506566,-2.320415,0,0,0,0
-3.822909,-3.270088,-1.780098,-2.952336,2.641139,-0.446553,-2.316836,0,0,0,0
-3.725767,-3.319614,-2.207851,-2.712648,2.796327,-0.506940,-2.314458,0,0,0,0
-3.556304,-3.186119,-2.847459,-3.196489,2.659808,-0.530005,-2.303339,0,0,0,0
-3.572459,-3.387759,-2.888521,-2.464774,3.008061,-0.425701,-2.298012,0,0,0,0
-3.416948,-3.403303,-3.406386,-2.412255,2.782031,-0.473657,-2.292414,0,0,0,0
-3.242889,-3.236799,-3.909435,-2.912266,2.302072,-0.420831,-2.275382,0,0,0,0
-3.300806,-3.574362,-3.811675,-1.942698,2.665793,-0.352917,-2.267142,0,0,0,0
-3.095653,-3.562500,-4.351393,-1.893723,2.078354,-0.381176,-2.253109,0,0,0,0
-2.818212,-3.314783,-4.901149,-2.527170,1.199460,-0.409155,-2.232810,0,0,0,0
-2.865586,-3.656025,-4.349549,-0.798514,1.939132,-0.136671,-2.213489,0,0,0,0
-2.618215,-3.700337,-5.011522,-1.142346,0.831885,-0.301072,-2.187084,0,0,0,0
-2.262678,-3.339126,-5.250419,-1.712354,-0.321425,-0.367709,-2.138634,0,0,0,0
-2.090199,-4.564542,-4.064779,-1.133953,0.494831,0.106327,-2.101953,0,0,0,0
-1.730375,-4.672718,-4.021659,-1.601919,-0.363835,-0.113600,-2.036004,0,0,0,0
-1.280100,-4.403455,-3.750187,-2.297491,-1.012406,-0.210827,-1.928787,0,0,0,0
-1.348999,-5.070658,-3.110789,-0.979353,-0.209886,0.099019,-1.874231,0,0,0,0
-1.165385,-4.889258,-3.439320,-1.430910,-0.977488,-0.253856,-1.773711,0,0,0,0
-0.710379,-4.420604,-3.173033,-2.368893,-1.725553,-0.090271,-1.677662,0,0,0,0
-1.011406,-5.521116,-2.562722,-1.031560,-0.844437,-0.239473,-1.634741,0,0,0,0
-0.693214,-4.987327,-2.840919,-1.430465,-1.271978,-0.010209,-1.450072,0,0,0,0
-0.187802,-3.441838,-1.579757,-2.322671,-1.693990,-0.129811,-1.592592,0,0,0,0
-4.047811,-2.546090,0.899902,-2.848579,1.771930,-0.626959,-2.330584,0,0,0,0
-2.378901,0.124977,-0.295985,-3.702400,0.965035,-0.226590,-2.136262,0,0,0,0
-1.575598,0.357946,0.197226,-2.345377,-0.013249,-0.414510,-1.117645,0,0,0,0
-1.202707,1.172174,0.287361,-1.731336,-0.247438,-0.059224,-0.929876,1,0,0,1
0.254569,-0.898326,2.753587,-2.339188,-0.375222,-0.094844,0.667708,0,0,0,0
0.364590,-0.544449,2.842893,-1.872338,0.472210,-0.372673,0.994697,0,0,0,0
0.608597,-0.467143,2.111994,-1.435516,0.758780,-0.157614,1.254287,0,0,0,0
0.441225,-0.704462,2.464060,-1.941288,0.508670,-0.220050,1.046294,0,0,0,0
0.505292,-0.526279,2.065089,-1.885736,1.131112,-0.306962,0.971796,0,0,0,0
0.526623,-0.815540,1.892993,-1.227873,1.724259,-0.267307,0.945347,0,0,0,0
0.525180,-0.837686,2.122389,-0.811423,0.801335,0.048341,0.993640,0,0,0,0
0.214725,-1.354596,2.188446,-0.910721,0.866868,-0.270051,0.785257,0,0,1,0
0.755788,-0.337034,1.488549,-1.362832,0.261184,-0.253269,1.083380,0,0,0,0
0.652770,-0.325746,1.568765,-0.543512,0.750368,-0.454624,0.944707,0,0,0,0
0.724796,-0.309035,1.056715,-0.182647,0.325023,-0.318582,0.961569,0,0,0,0
0.674569,0.180619,1.193543,-0.485699,0.523142,-0.165151,1.123160,0,0,0,0
0.570326,0.047495,0.977925,-0.116110,0.402027,-0.246628,0.895104,0,0,0,0
0.379404,-0.175988,0.468286,-0.671618,0.630810,-0.234594,0.782546,0,0,0,0
0.757398,-0.773802,0.781865,1.017388,-1.012803,-0.203182,1.009912,0,0,0,0
0.600508,-1.655960,0.419087,2.024535,-0.582711,-0.317601,0.832158,0,1,0,0
0.428387,0.317334,-0.207596,-0.266112,1.565464,0.033474,1.226646,0,0,0,0
0.355636,0.374210,0.228753,-0.092004,0.639066,-0.347940,1.088931,0,0,0,0
0.538960,0.459829,-0.047575,0.335910,0.410509,-0.189557,1.042289,0,0,0,0
0.190104,0.955960,0.375711,-0.440456,0.770808,-0.142631,1.506370,0,0,0,0
0.127796,0.820818,0.401934,-0.701880,0.820523,-0.081985,0.852305,0,0,0,0
0.044606,0.926626,0.320759,-0.726829,0.515227,-0.288313,0.796113,0,0,0,1
0.507154,1.013445,0.362145,-0.490236,-0.787693,0.436215,1.352518,0,0,0,0
0.391492,0.995571,-0.047648,-0.864361,-0.256262,-0.408260,1.282249,0,0,0,0
0.347189,1.185663,0.279128,-0.059903,-0.334853,-0.347012,1.405479,0,0,0,0
0.325837,1.262777,0.125889,-0.804597,-0.244188,-0.465197,1.020155,0,0,0,0
0.041834,1.417626,0.248771,0.483931,-0.447907,-0.329516,0.792416,1,0,0,0
0.447558,-0.455421,1.505082,-0.158512,-1.141235,-0.296132,0.830450,0,0,0,0
0.062079,1.666259,0.574520,-1.117931,-0.153704,-0.076129,1.213504,0,0,0,0
0.102228,1.800942,0.629179,-2.143307,-0.237337,-0.370723,1.133398,0,0,0,0
0.110672,1.328954,0.456159,-1.295361,-0.378660,0.315356,1.336331,0,0,0,0
-0.331959,2.089756,0.318051,-1.016971,0.847760,-0.273217,1.430009,0,1,1,0
-0.000084,1.762971,0.590284,-1.613375,-1.110037,-0.368884,0.871695,0,0,0,0
0.213058,1.151773,0.756205,-1.743563,-0.013374,-0.203670,1.355773,0,0,0,0
0.338342,0.953390,0.289322,-0.863215,-0.269212,-0.190979,1.339657,0,0,0,0
0.258695,1.281674,0.309885,-1.381398,0.280408,-0.323446,1.441966,0,0,0,0
0.205480,1.303995,0.547081,-1.209835,0.039377,-0.280225,1.636889,0,0,0,0
-0.201024,1.626146,-0.126076,-0.821200,0.484354,-0.449672,1.205952,0,0,0,0
0.100380,1.637331,-0.475075,0.207142,-0.139560,-0.072188,1.145097,0,0,0,0
-0.033337,0.864289,0.191816,-1.122616,0.674891,-0.392144,1.207626,0,1,0,0
0.104074,1.068808,-0.336418,-0.219207,1.002724,0.019119,1.289289,0,0,0,0
-0.068532,1.634729,-0.080205,-0.855237,0.854752,-0.333221,1.205980,0,0,0,0
0.209187,1.193266,-0.003278,-0.735041,0.282635,0.158066,1.280331,0,0,0,0
-0.046147,1.724519,-0.418386,-0.539489,0.516900,-0.207264,1.254605,0,0,0,0
-0.126042,1.705731,0.066363,0.073205,0.673750,-0.285562,1.201574,0,0,0,0
-0.287154,1.965969,0.553028,-0.284479,0.586401,-0.421200,1.325502,0,0,0,0
-0.038816,1.188914,-0.062397,0.584343,0.218368,-0.096550,1.214111,0,0,0,0
-0.422391,1.843730,-0.216038,0.359980,1.192737,-0.331817,1.127372,0,0,0,1
-0.368869,-1.453817,-0.871014,2.110326,-0.218955,-0.330936,-1.780277,0,1,0,0
-0.287893,-1.230295,-1.559583,1.023655,1.317009,-0.378798,-1.494970,0,0,1,0
-0.567080,-1.495936,-2.047749,1.196603,2.211803,0.235943,-1.546761,1,0,0,0
-0.547909,-1.236146,-0.304501,2.868790,-0.373775,1.102270,-1.595674,0,0,1,0
-0.832184,-1.924765,-0.275026,2.818380,1.728068,1.554274,-1.694979,0,1,0,0
-0.422000,-1.608379,-1.748118,-0.456221,1.246830,-0.597864,-1.763319,0,0,1,0
-0.154818,-1.391743,-1.535665,-1.110947,0.583289,-0.110698,-1.781047,1,0,0,0
-0.331088,-0.941793,-1.201679,-0.307554,0.323957,0.306281,-1.765069,0,0,1,0
-0.285882,-1.414491,-1.749819,-0.996495,0.064894,0.104506,-1.741030,0,0,0,0
-0.580795,-1.079818,-0.750158,-1.203258,0.050279,0.153722,-1.879312,0,1,0,0
-0.370223,-1.807362,-1.788204,-1.315703,-0.007591,-0.509964,-1.739092,0,0,0,0
-0.759751,-1.414273,-2.681429,-0.799158,0.974937,-0.173917,-1.796954,1,0,0,0
-0.228612,-1.902863,-1.142670,-0.174021,1.209367,1.255716,-1.630768,0,0,0,0
-0.373197,-1.931296,-1.344961,-0.138435,1.508589,2.532573,-1.673163,0,0,0,1
0.308655,-0.101474,-1.281710,0.605551,-0.294907,-0.466113,-0.887402,0,0,0,0
0.428184,-0.805655,-1.694280,-2.677587,-0.311315,-0.155212,-0.775491,0,0,1,1
0.116848,1.232566,0.217102,-0.968174,-0.960782,0.111080,0.573221,0,0,0,0
0.268158,1.031154,0.120529,-1.667585,0.093106,-0.355516,1.103858,0,0,0,0
0.426425,0.690556,0.391090,-1.231904,-0.094572,0.309895,1.394220,0,0,0,0
0.332838,0.663344,0.653290,-1.539434,-0.163381,-0.289220,1.393834,0,0,0,0
0.301548,0.865668,0.584960,-1.436466,-0.346950,-0.040742,1.475483,0,0,0,0
-0.125377,1.611704,0.941469,-0.880145,0.034051,-0.492401,1.269151,0,0,0,0
0.026579,1.482230,0.335325,-0.022099,0.354566,0.255990,1.215662,0,0,0,0
-0.232027,1.807268,-0.097150,-0.514406,1.171163,-0.348709,1.009399,0,1,0,0
0.135236,1.639526,0.149063,-0.779741,-0.025583,-0.270915,1.169183,0,0,0,0
-0.058660,1.533268,0.322215,-0.631099,0.304789,-0.517046,1.051306,0,0,0,0
0.264419,1.270227,0.001685,0.254641,-0.402023,-0.257520,1.123751,0,0,0,0
-0.237185,1.316141,0.560261,-0.194399,0.653992,-0.360335,1.104472,0,0,0,0
0.036582,0.318748,0.699882,0.882545,-0.703431,-0.120060,0.967696,0,0,0,0
0.276853,-1.060994,1.119236,1.610486,-1.280132,-0.183925,1.009924,1,0,0,0
-0.043017,1.195611,0.092840,1.469493,0.310817,0.218619,1.298971,0,0,0,0
0.036838,-0.579779,2.003648,0.112052,-0.416069,-0.232050,1.031248,0,0,1,0
0.243562,0.236684,0.874336,1.210483,-0.777535,-0.140726,1.232442,0,0,0,0
-0.176838,1.950570,0.719101,0.156704,-0.168122,-0.370573,1.610199,0,0,0,0
0.254778,0.996613,0.073689,0.648725,-0.022427,0.014396,1.259753,0,0,0,0
0.038771,1.209497,0.472659,0.329927,0.056033,-0.447384,1.551143,0,0,0,0
-0.213377,1.991602,0.019548,0.479664,0.695405,-0.355839,1.372509,0,0,0,0
-0.427947,1.661210,0.571499,-0.166651,0.334078,-0.483475,1.124042,0,0,0,0
0.335718,0.969168,0.250310,0.127438,-0.608787,0.188933,1.176836,0,0,0,1
0.208451,1.247625,0.194150,-0.192017,-0.244442,-0.219189,1.483371,0,0,0,0
0.249215,0.976892,0.039560,-0.023334,-0.147396,-0.253804,1.337377,0,0,0,0
0.309919,0.976149,0.132025,-0.239564,-0.042352,-0.210515,1.174287,0,0,0,0
0.393668,1.019102,-0.170665,0.051214,-0.914576,-0.250041,1.462887,0,0,0,0
0.003469,1.551018,-0.307714,-1.160698,-0.513674,-0.143878,1.603305,1,0,0,0
-0.024843,2.133885,-0.181234,-0.773679,-0.638160,-0.090698,1.670369,0,0,0,0
-0.121818,2.315932,-0.121692,-2.436912,-1.384493,-0.425898,1.406942,0,0,0,0
-0.221968,1.628250,-0.572684,-0.292888,-0.350529,0.715272,1.013268,0,0,0,0
-0.278128,2.204070,-0.368385,-1.668821,0.519622,-0.183662,1.012512,0,1,1,0
-0.057246,2.193866,0.124823,-1.619391,-1.321405,-0.074771,1.304657,0,0,0,0
0.005585,2.113328,0.272063,-1.592765,-0.539337,-0.210415,1.406021,0,0,0,0
0.175331,1.577404,-0.100397,-0.876090,-1.200513,-0.078903,1.451127,0,0,0,0
-0.035669,2.230323,-0.125506,-1.335747,-0.581269,-0.287176,1.544490,0,0,0,0
0.005809,1.922458,-0.106028,-0.670985,-0.440319,-0.223569,1.196753,0,0,0,0
-0.204888,1.568999,-0.229126,-0.373816,0.094122,-0.434937,0.948148,0,0,0,0
0.237208,1.530178,0.007019,-1.077473,-0.829712,0.838592,1.167747,0,0,1,0
-0.085714,1.698965,0.289419,-0.475626,0.602363,-0.340064,1.009332,0,0,0,0
-0.178703,1.659594,0.005131,-0.026182,0.839507,-0.107591,1.179965,0,0,0,1
0.192267,0.959465,0.326583,-0.586628,-0.035153,-0.245258,1.118606,0,0,0,0
0.205540,1.161906,-0.240835,-0.063627,0.046358,-0.166743,1.121248,0,0,0,0
0.067437,1.047503,0.273323,-0.338484,0.454384,-0.207031,0.974838,0,0,0,0
0.127407,1.333610,0.288644,-0.392351,0.692449,-0.123458,1.066349,0,0,0,0
-0.056709,1.428446,0.050791,-0.553316,0.225461,-0.351658,1.041124,0,0,0,0
0.001356,1.288533,0.114012,0.684339,0.056551,0.094251,0.998724,0,0,0,0
-0.134701,1.393587,-0.190797,-0.475321,0.453877,-0.235763,1.071027,0,0,1,1
-0.124959,1.003379,0.014617,-1.389690,-0.452316,-0.146840,-0.425727,0,0,0,0
0.257239,1.135634,-0.159982,-0.762750,-0.399141,-0.019712,0.579633,0,0,0,0
-0.178762,1.669287,-0.584176,0.084157,-0.032159,-0.394859,0.004567,0,0,0,0
-0.173159,1.110511,0.572862,-1.239251,-0.244288,-0.431758,-0.131729,0,0,1,0
0.302068,1.075549,-0.557346,-0.476890,-0.255191,0.155079,1.223916,0,0,0,0
-0.048620,0.697173,0.024481,0.754090,0.484924,0.220147,1.665577,0,0,0,0
-0.116504,1.071732,0.806430,-1.348430,-0.104357,-0.180776,0.134880,0,0,0,0
0.059299,1.109186,0.007722,0.087345,0.370767,0.021835,0.814979,0,0,1,0
0.336212,0.934615,-0.274749,-0.172010,1.192884,-0.299889,1.342301,0,0,0,0
-0.017164,1.092855,0.428485,-0.912878,-0.211282,2.940062,-0.361985,0,0,0,0
0.010428,1.311620,0.413299,-0.346446,-0.594950,-0.098925,0.389914,0,0,0,0
0.133392,1.239889,-0.226704,0.126738,0.103506,-0.240391,1.000070,0,0,1,0
0.567279,0.590377,-0.153542,-0.403940,-1.346740,-0.714148,-0.515697,0,0,0,0
-0.066703,1.062727,0.371719,-0.307120,-0.165129,-0.073132,0.149967,0,0,0,0
0.052209,1.173963,-0.080241,0.481653,0.632380,-0.145835,0.986859,0,0,0,0
-1.490385,1.933833,2.325336,-1.090516,1.234763,-0.529253,0.379445,1,0,0,1
-0.085595,1.072962,1.172110,0.422701,-0.630764,-0.216916,0.918288,0,0,0,0
-0.041645,1.456801,0.723096,-0.430734,-0.564791,-0.357768,0.811638,0,0,0,0
0.406391,0.485711,0.863099,0.651249,-1.710154,0.721889,1.262389,0,0,0,0
0.057565,1.634993,0.221345,-0.646903,-0.643542,-0.355408,1.331138,0,0,0,0
-0.115442,1.262081,0.601689,0.439844,0.353940,-0.249392,1.044402,0,0,0,0
-0.257296,1.735069,0.272983,-0.060470,0.408246,-0.304955,0.957620,0,0,0,0
0.333412,-0.177173,0.819972,0.858855,-1.008330,0.229740,0.806362,0,0,0,0
-0.118938,0.821177,0.058355,-0.033799,0.613028,0.692941,0.789978,0,1,0,0
0.507559,0.348534,0.046424,1.017019,-0.791338,-0.311905,0.970841,0,0,0,0
0.123707,1.381958,-0.072775,-0.022284,0.469587,-0.389350,0.882682,0,0,0,0
0.480360,0.380007,0.089912,0.879032,-0.613410,0.645305,0.904725,0,0,0,0
-0.162191,1.926852,-0.125898,-0.221673,0.688639,-0.478162,0.887302,0,0,0,0
0.255786,0.698508,-0.574006,0.438544,0.969506,-0.307290,0.740177,0,0,0,0
-0.262275,1.768571,0.533238,0.183994,0.764610,-0.401554,0.978366,0,0,0,0
0.536264,0.295611,0.382348,0.992548,-0.518205,0.665141,1.110747,0,0,0,0
-0.313862,2.210114,0.003117,0.059779,0.386271,-0.300798,0.889684,0,0,1,0
0.316653,1.393700,0.204659,-0.570405,-0.204444,-0.137048,1.189827,0,0,0,0
0.081690,1.029173,0.056737,-0.447908,-0.345481,-0.502142,1.305240,0,0,0,0
0.482113,0.224250,0.759510,0.260291,-0.850524,0.754809,1.222779,0,0,0,0
0.167596,1.140798,0.078432,-0.092445,-0.147842,-0.476886,1.224536,0,0,0,0
0.078663,1.184981,0.160935,-0.241994,-0.187619,-0.322698,1.412509,0,0,0,0
-0.283787,1.759546,0.482568,-0.083420,0.279212,-0.334069,1.275405,0,0,0,0
0.415426,0.183012,0.390197,1.609390,-0.751124,0.384055,1.049019,0,0,0,0
0.130461,1.251483,-0.543499,0.836001,0.040702,-0.142959,0.975019,0,0,0,0
0.609442,-0.104400,0.466897,1.063192,-0.532812,0.087705,1.216402,0,0,0,0
0.360310,0.849506,-0.063434,0.752431,-0.300015,-0.478846,1.155799,0,0,0,0
0.414670,-0.053817,0.812905,1.392120,-0.913739,-0.240298,0.881115,0,0,0,0
0.188006,0.399098,0.891871,-0.318822,-0.059591,-0.194113,0.857181,0,1,0,0
0.442129,0.800939,-0.199157,-0.116298,-0.152602,-0.274497,0.989704,0,0,0,0
0.155229,0.638485,0.071728,0.525028,-0.449222,-0.458626,0.865946,0,0,0,0
0.613312,-0.854891,1.182520,-0.056458,-1.413888,-0.024271,0.791970,0,0,0,0
0.599842,-0.568853,1.293764,-0.794699,-1.168754,-0.007175,0.869514,1,0,1,0
0.272097,0.954385,-0.014250,-0.939363,-0.681888,-0.372672,0.235523,0,0,0,0
0.330963,0.770690,0.100437,-0.944149,-0.485099,-0.366982,0.843724,0,0,0,0
0.753369,0.213238,0.526902,-0.346116,-1.553803,0.033872,0.966547,0,0,0,0
0.289765,1.129638,-0.257708,-1.352814,-0.390504,-0.210735,0.851369,0,0,0,0
0.317795,0.881303,0.252880,-1.058211,-0.214159,-0.261589,1.163702,0,0,0,0
-0.072777,1.215711,0.348166,-0.100148,0.495325,-0.409569,0.748493,0,0,0,0
0.458658,0.311659,0.878632,0.404432,-0.766671,0.475279,0.761361,0,0,0,0
0.078839,0.351841,0.700855,-0.799606,0.633696,-0.356407,0.598381,0,1,0,0
0.506928,0.415633,0.617979,0.143114,-0.810324,0.043636,0.886783,0,0,0,0
0.199641,1.194613,0.244056,-0.272379,0.419130,-0.533758,0.717090,0,0,0,0
0.602444,0.008158,0.473654,0.014816,-0.680125,-0.126437,0.606844,0,0,0,0
-0.008043,1.682816,0.228973,0.034753,0.221284,-0.347821,0.768486,0,0,0,0
0.002051,1.069976,0.259391,-0.039544,0.515888,-0.267284,0.664735,0,0,0,0
-0.262168,1.279027,0.750934,0.240149,0.130244,-0.564318,0.628413,0,0,0,0
0.186970,0.038608,0.730308,1.696294,-0.792441,1.359264,0.614670,0,0,0,0
0.000606,1.067831,-0.687285,0.137522,1.207474,-0.091212,0.571523,1,0,0,0
0.090208,-0.751016,-1.228977,-1.083287,0.055001,-0.183767,-1.581870,0,0,0,0
-0.106084,-1.134102,-1.526161,-1.295121,0.415847,-0.146257,-1.778197,0,0,1,0
0.183821,-2.390592,0.004458,-0.060174,-2.109534,0.554288,-0.740609,0,0,0,0
-0.355624,-2.742059,1.163639,1.661048,-1.853071,-0.311191,-0.905363,0,0,0,0
-0.051009,-0.720972,-0.898450,-0.620521,1.259781,0.130916,-0.383189,0,1,0,0
-0.110476,-0.412369,-0.931201,-1.164434,0.810726,-0.335166,-0.732402,0,0,0,0
-0.810709,0.447563,0.256244,-1.744712,1.530858,-0.336379,-1.012645,0,0,0,1
-0.081677,-1.296836,-1.299614,-0.867060,0.840227,0.049468,-1.745620,0,0,0,0
-0.332331,-0.034797,-0.912418,-0.644926,1.106192,-0.381066,-0.150563,1,0,0,0
0.179346,-0.550364,-1.305470,-1.326103,0.119578,-0.271185,-0.377644,0,0,0,0
-0.006888,-0.238007,-0.343067,-0.803826,0.541185,-0.136856,-0.695029,0,0,0,1
-1.279634,-0.365983,-0.078555,0.361797,1.998475,-0.532712,-1.988705,1,0,0,0
-0.080707,0.084137,-1.830239,-0.368595,0.019094,-0.418115,0.005440,0,0,0,0
0.068759,-0.287069,-1.144634,-1.196669,0.475857,-0.397349,0.112514,0,0,1,0
-0.757563,-0.603831,-0.525565,-0.701466,1.082714,0.067971,-1.920552,0,0,0,0
0.168214,-1.134135,-1.115091,-1.875355,-0.161333,3.337615,-1.415397,1,1,0,0
0.377317,1.077754,-0.240157,-1.397748,-1.109943,-0.033535,0.542748,0,0,0,0
0.316429,1.286940,-0.223964,-1.194543,-1.127432,-0.358227,1.024120,0,0,0,0
0.728897,0.210312,0.273266,-0.175745,-1.188294,0.058969,1.133963,0,0,0,0
0.315066,1.136569,-0.371230,-0.493084,-0.879839,-0.251818,1.261695,0,0,0,0
0.276394,1.151593,-0.136201,-0.717541,-0.738987,-0.379604,1.442055,0,0,0,0
-0.148857,1.604202,0.235789,-0.357596,-0.330546,-0.538900,0.813944,0,0,0,0
0.394109,0.118686,0.293892,0.677871,-1.677817,-0.209043,0.792253,0,0,0,0
-0.224942,1.426352,0.163410,-0.400931,0.347864,-0.387070,0.767020,0,0,1,0
0.497125,0.190856,0.170340,1.088206,-0.354117,-0.221177,0.979109,0,0,0,0
0.335551,1.455553,-0.414792,-0.804565,0.123577,-0.140449,1.088432,0,0,0,0
0.710047,0.403017,0.245525,0.164101,-0.257940,0.250847,1.005138,0,0,0,0
0.271030,1.332202,0.038560,-0.577683,0.113541,-0.245048,0.970535,0,0,0,0
0.193031,1.238318,-0.339169,-0.525341,0.292455,-0.327630,0.777925,0,0,0,0
-0.109566,1.666686,0.188986,-0.327230,0.158930,-0.332774,0.854111,0,0,0,0
0.610879,-0.016645,-0.882719,0.821482,-0.342285,0.459364,0.769951,0,0,0,0
0.613885,0.055469,-1.679434,0.370261,0.530332,-0.257262,0.938432,0,1,0,1
-0.067351,-0.052638,0.540205,0.408665,-0.335002,-0.438979,0.101868,0,0,0,0
0.589970,-1.420328,1.595170,-0.753378,-1.406470,-0.317140,1.144466,0,0,0,0
0.653331,0.379205,0.664969,0.162398,-0.800886,0.085886,1.559050,0,0,0,0
0.366051,1.302109,-0.542793,-0.231431,-0.956783,-0.144403,1.381335,0,0,0,0
0.652438,0.079429,0.033928,-0.334291,-0.629181,-0.017299,1.347287,0,0,0,0
0.365212,1.219526,-0.736044,-0.806590,0.027512,-0.523515,1.366046,0,0,0,0
0.725628,-0.010041,-0.448905,-0.392706,-0.478323,-0.358750,1.203499,0,0,0,0
0.272317,0.864334,0.498301,-0.856528,-0.139854,-0.299299,1.502107,0,1,0,0
0.750924,0.263942,0.036035,-0.194459,-0.508135,-0.442953,1.411992,0,0,0,0
0.507169,1.202270,-0.475336,-0.515569,0.280256,-0.354001,1.414983,0,0,0,0
0.813268,0.523929,0.075024,-0.329643,-0.891290,0.311926,1.423693,0,0,0,0
0.424111,1.067702,-0.442025,-1.218029,0.500641,-0.100206,1.272847,1,0,0,0
0.422859,1.079719,-0.651050,-0.992926,0.059895,-0.287776,1.302383,0,0,0,0
0.765592,-0.687391,1.460955,1.025356,-2.347681,-0.120061,1.233624,0,0,0,0
0.659028,-0.802861,0.743174,0.698378,-0.688770,-0.309885,1.163976,0,0,0,0
0.397835,0.578952,0.222511,-0.433925,-0.035119,-0.096056,1.273801,1,1,0,0
0.489066,0.300460,-0.229151,-0.704967,-0.861731,-0.181671,-0.161038,0,0,0,0
0.656001,0.336048,-0.371999,-0.505725,-0.225965,-0.366627,0.732297,0,1,0,0
0.894938,-0.053693,-0.461897,-0.416379,-0.283535,0.378599,1.167802,0,0,0,0
0.293063,1.163005,-0.186173,-1.144253,-0.565823,-0.283997,1.159750,0,0,1,1
0.431877,0.796231,-0.662283,-0.852227,-1.109854,-0.296217,0.048554,0,0,0,0
0.525637,0.709070,0.022111,-0.016483,-0.881422,-0.350443,1.006171,0,0,0,0
0.993213,-0.220728,-0.614492,0.031375,-0.102986,0.608530,1.223589,0,0,0,0
0.205221,1.322637,-0.326212,-1.036658,-0.190302,-0.425198,1.060826,1,1,0,0
0.563213,-0.056979,0.166083,-0.901869,-1.346135,-0.148387,-0.020038,0,0,0,0
0.567314,0.347400,-0.476290,-0.075705,-0.399457,-0.533087,0.793567,0,1,0,0
0.798979,-0.240662,-1.210982,1.166583,-0.557007,-0.370693,1.136268,0,0,0,0
0.031835,1.259719,-0.136553,-0.735903,0.068535,-0.343745,1.056343,0,0,1,1
0.182585,0.487721,-0.464017,-0.082311,-0.151835,-0.445158,-0.297526,0,0,0,0
0.357038,0.385960,-0.559120,0.385259,-0.548416,-0.286316,0.841732,0,0,0,0
0.807584,-0.531584,-0.560731,0.676574,0.047339,0.965830,1.121319,0,0,0,0
-0.025722,1.460609,-0.326385,-1.266483,0.360229,-0.471572,1.032947,1,1,0,0
0.157842,0.564050,-0.123465,-0.707394,-0.509646,-0.364884,-0.352609,0,0,0,0
0.418745,0.227831,-0.266730,0.497404,-0.236904,-0.417548,0.771442,0,1,0,0
0.847260,-0.561476,-0.264959,1.117929,0.266434,-0.325761,1.041878,0,0,0,0
-0.082764,1.553266,0.122377,-0.830606,0.299359,-0.309030,1.044692,0,0,1,1
-0.027064,0.314570,-0.207636,0.445597,-0.120193,-0.386632,-0.235987,0,0,0,0
0.432731,-0.053391,-0.038615,0.307969,0.200947,-0.341136,0.843867,0,0,0,0
0.799573,-0.627018,0.077430,0.862325,-0.007157,2.008359,1.042099,0,0,0,0
-0.207051,1.308049,0.025878,-0.343948,0.669563,-0.510400,1.038940,1,1,0,0
0.227428,-0.003971,0.624981,0.509421,-1.488648,-0.044075,-0.321353,0,0,0,0
0.329682,-0.389530,0.376091,0.341827,-0.129370,-0.394772,0.768980,0,1,0,0
0.709883,-0.959928,-0.289737,1.928948,-0.555131,0.527666,1.079775,0,0,0,0
-0.268614,1.427918,-0.113765,-1.018606,0.531663,-0.443968,1.021381,0,1,1,0
0.200205,-0.702828,-1.485992,-1.367351,0.633679,-0.318327,-0.796187,0,0,0,0
0.156517,-1.078058,-1.274563,-0.529396,0.383314,-0.205232,-1.372637,0,0,0,0
0.100402,-1.176804,-1.846640,-1.818852,0.258770,-0.391439,-1.471268,0,0,0,0
0.101088,-1.141721,-1.791102,-1.720279,0.264143,-0.117059,-1.472982,1,0,0,1
-0.012019,0.083977,-0.465530,-0.645541,0.163103,-0.520475,-0.427134,0,0,0,0
0.309837,-0.324017,0.274975,0.185618,-0.446488,-0.438405,0.664264,0,0,1,0
0.645189,-1.083065,-0.086605,2.062336,-0.529312,-0.263071,1.060057,0,0,0,0
-0.304972,1.425948,-0.341436,-0.880755,0.876023,-0.504688,1.083162,1,1,0,0
-0.222137,0.126261,0.005097,0.334244,-0.157487,-0.409950,-0.533034,0,0,0,0
0.241873,-0.546032,0.596957,1.010477,0.031679,-0.458258,0.638331,0,0,0,0
0.580151,-1.067967,0.463411,1.468190,-0.145455,3.208546,1.137994,0,0,0,0
-0.416299,1.533111,-0.002022,-0.594699,0.709875,-0.422583,1.001405,0,0,1,1
0.137484,-0.742116,0.324338,1.287485,-1.123630,-0.548816,-0.454613,0,0,0,0
0.242926,-0.368384,0.538507,1.010792,0.287895,-0.341078,0.817384,0,0,1,0
0.717022,-1.017647,0.450858,1.917536,-0.058122,-0.109437,1.080580,0,0,0,0
-0.510732,1.612343,0.134652,-0.397406,0.631277,-0.376041,0.883463,1,1,0,0
-0.286377,0.304863,0.311791,1.261964,0.002731,-0.308358,-0.509932,0,0,0,0
0.268867,-0.489365,0.875866,0.579529,-0.308666,-0.278165,0.834214,0,0,0,0
0.594807,-0.690642,0.427697,1.793287,-0.359020,3.692338,1.092433,0,0,0,0
-0.573083,1.514505,0.243055,0.132282,0.710324,-0.443734,1.002197,0,0,1,1
-0.212648,0.268723,0.890831,1.125062,-0.047612,-0.443122,-0.362426,0,0,0,0
0.227542,0.010312,0.830017,1.176836,-0.894876,-0.368414,0.807508,0,0,1,0
0.733434,-0.997778,0.668462,1.432199,-0.488913,0.076144,1.113001,0,0,0,0
-0.535787,1.987646,-0.347781,-0.057769,1.451967,-0.474251,1.032522,1,1,0,0
-0.277656,0.352299,0.243637,1.170564,0.191645,-0.265870,-0.493144,0,0,0,0
0.315729,-0.294801,0.822025,0.758587,-0.789724,-0.375953,0.804951,0,0,0,0
0.856477,-0.916883,0.384438,1.231697,-0.603261,0.492927,1.066562,0,0,0,0
-0.383371,1.300301,-0.370095,-0.430888,0.797224,-0.420210,0.949224,0,0,1,1
0.122108,-0.499910,0.529354,1.151784,-1.905703,-0.307048,-0.322592,0,0,0,0
0.328851,-0.327899,0.028948,0.700411,-0.582370,-0.451095,0.743950,0,0,0,0
0.709670,-0.456724,-0.711294,0.904206,-0.100915,1.945016,0.976577,0,0,0,0
-0.373491,1.269401,-0.244061,-0.703146,0.563088,-0.450614,1.002411,1,1,0,0
-1.799512,1.468479,0.358357,-1.484178,1.918431,-0.030831,-0.757419,0,0,0,0
-1.146897,1.596697,-0.221021,-1.138400,1.484741,-0.366796,-0.551346,0,0,0,0
-1.126722,1.958334,-0.093854,-1.124754,1.644861,-0.237016,0.189577,0,0,0,0
-1.331336,2.142138,0.491666,-1.453198,2.053258,-0.428602,0.023445,0,0,1,1
-0.259015,0.148625,0.230697,0.003256,-0.324927,-0.422943,-0.487821,0,0,0,0
0.258759,-0.209547,-0.458874,0.543960,-0.112552,-0.427834,0.625747,0,1,0,0
0.675268,-0.707528,-0.609852,0.951096,0.016315,0.686029,0.988521,0,0,0,0
-0.642856,1.438274,-0.053539,-0.321159,1.016870,-0.544923,0.867846,1,1,0,0
-0.191353,0.193913,-0.102412,0.012116,-0.712589,-0.381443,-0.516574,0,0,0,0
0.280177,0.234638,-0.202697,0.355544,-0.370585,-0.530158,0.817307,0,0,0,0
0.837250,-0.835166,-0.268016,1.167351,0.518220,1.282931,1.144244,0,0,0,0
-0.327464,1.121192,-0.003535,-0.159561,0.439279,-0.422851,1.051782,0,0,1,1
0.043621,-0.720052,0.809348,0.871505,-1.521299,0.235772,-0.464676,0,0,0,0
0.319349,-0.203341,-0.191924,0.603200,-0.080189,-0.505722,0.664223,0,0,1,0
0.646233,-0.242746,-1.128849,1.506043,-0.363651,0.650658,1.170217,0,0,0,0
-0.503037,1.611243,-0.310555,0.063698,1.279657,-0.439976,1.017442,0,0,0,0
-0.762730,-2.901755,-1.342310,2.501825,0.704904,0.720216,-0.859699,0,0,0,0
-1.078542,-2.132410,-3.057524,2.070999,1.557100,-0.267065,-1.622975,0,0,0,0
-0.732425,1.368357,-3.665425,-1.289269,2.569473,0.067268,-1.523092,0,0,0,0
-0.964026,0.710834,-4.565339,-2.044723,3.243441,0.733377,-1.493972,1,1,0,0
-0.266436,0.113072,-0.236292,0.582311,0.113591,-0.417055,-0.476626,0,0,0,0
0.227052,0.007549,-0.688237,1.118312,0.212153,-0.427908,0.616214,0,0,1,0
0.697001,-0.483807,-0.594647,0.952647,0.132889,0.825806,1.131077,0,0,0,0
-0.473535,1.131812,-0.293764,-0.319048,1.131461,-0.266717,0.937659,1,0,0,1
-0.148618,0.081366,-0.231227,0.454969,0.212993,-0.317197,-0.549424,0,0,0,0
0.290202,0.029064,-0.464675,0.194454,0.441088,-0.451821,0.744336,0,0,0,0
0.887592,-0.709381,-0.686221,0.597499,0.354704,2.445047,1.100162,0,0,0,0
-0.308875,1.041873,-0.148644,0.019702,0.759595,-0.503197,0.953189,0,0,1,1
-0.030344,-0.954767,0.763507,1.662757,-0.306166,0.158208,-0.424853,0,0,0,0
0.285340,-0.258747,-0.305544,1.043345,0.309001,-0.511225,0.714511,0,0,1,0
0.803058,-0.764712,-0.760552,1.187370,0.456537,-0.312880,1.054379,0,0,0,0
-0.383332,1.274434,0.046583,0.122271,0.725365,-0.379310,1.033248,1,0,0,1
-1.643810,2.116824,0.014636,-1.473895,2.861141,0.229376,-0.240492,0,0,0,0
-0.896657,1.918526,-0.647882,-0.007633,1.957614,-0.038257,1.406993,0,0,0,0
-0.761761,1.527340,-0.519010,-0.534284,0.930251,-0.525459,1.652852,0,0,0,0
-0.862450,1.867062,-1.015260,-0.787770,1.103887,-0.471400,1.930352,0,1,1,0
-0.392107,0.055791,0.108519,0.817676,-0.333918,-0.301286,-0.476014,0,0,0,0
0.256324,0.017134,-0.624142,1.428940,-0.378824,-0.488496,0.647402,0,1,0,0
0.812279,-1.002394,-0.594693,1.309829,0.272639,-0.384987,1.076512,0,0,0,0
0.210979,-0.397439,-0.269749,0.568763,0.491763,-0.253821,1.022314,1,0,1,0
-0.135428,-0.254102,-0.168431,0.781093,0.308924,-0.384725,-0.579548,0,0,0,0
0.354321,-0.208189,-0.991146,1.814731,-0.480306,-0.461607,0.613069,0,0,1,0
0.730177,-0.854592,-0.845511,1.632054,0.417423,0.551987,1.127634,0,0,0,0
0.337805,-0.365291,-0.629731,1.479311,0.523839,-0.458753,0.993504,0,1,0,1
0.232315,-1.172627,0.004981,0.997140,0.156782,-0.208456,-0.396778,0,0,0,0
0.558182,-0.403610,0.111655,0.892240,0.416367,-0.375737,0.923862,0,1,0,0
0.915839,-1.115365,-0.386145,0.760891,0.408017,-0.155633,1.062744,0,0,0,0
0.486074,-0.926540,-0.392860,1.184335,0.524797,-0.414665,1.052681,1,1,0,0
0.362553,-1.263953,-0.050214,1.605857,1.012387,-0.497793,-0.340012,0,0,0,0
0.676096,-1.175385,0.037851,0.232926,-0.100055,-0.405159,0.767225,0,1,0,0
0.868142,-1.376033,-0.179389,0.968736,0.069125,0.508139,1.094231,0,0,0,0
0.813369,-1.047157,-0.622375,-0.271316,1.198735,-0.243046,1.080382,1,1,0,0
-0.526312,-1.028141,0.998838,0.414611,0.259296,-0.300559,-1.663658,0,0,0,0
-0.337799,0.456660,-3.051817,-1.207392,0.780073,0.283615,-1.461509,0,0,0,1
0.092053,-0.770568,-1.269182,2.262106,-0.369805,0.527626,-1.041132,0,0,0,0
-1.132638,0.741560,-0.449984,-0.309030,1.268743,-0.150252,-1.678853,1,0,0,1
-0.750884,0.884424,-0.114696,-0.380960,0.043124,0.204021,-1.609105,0,0,0,0
-0.896907,0.518403,-0.050023,0.737368,0.510075,-0.652810,-1.618286,0,0,1,1
-0.858623,1.022918,-0.475815,-0.088892,0.831345,0.541488,-1.263074,0,0,0,0
-0.846440,0.970952,-0.740180,0.996632,1.412708,-0.502534,-1.511691,1,1,0,1
0.092147,-2.078317,0.549812,0.997737,-1.518054,0.110923,-0.350939,0,0,0,0
-0.364133,0.125807,0.397517,0.751530,0.042490,-0.095168,0.872805,0,0,0,0
-3.982494,-2.671247,1.369324,-1.825664,2.066801,-0.543515,-2.112741,0,0,0,0
-4.107452,-2.694729,1.007603,-2.534294,1.851670,-0.510850,-2.285464,1,0,1,1
0.113465,-2.027997,0.877396,1.111070,-1.647272,-0.067880,-0.176489,0,0,0,0
-0.538862,0.460200,0.888741,0.472488,-0.350637,0.062000,0.673112,0,0,0,0
-3.966682,-2.639108,1.370183,-1.692779,2.178113,-0.547667,-2.077508,0,0,0,0
-4.128208,-2.708271,0.981441,-2.697455,1.799850,-0.539627,-1.873595,1,0,0,1
-2.996912,0.830823,3.501718,-0.313113,3.779724,-0.695550,-0.411442,0,0,0,0
-0.169380,0.052932,0.483302,0.281652,-0.383080,-0.260931,-1.175940,0,1,0,0
0.088428,-0.630250,0.194919,1.070036,-0.947502,3.194093,-1.203057,0,0,0,0
-0.689318,-0.407039,0.094534,0.835163,-0.034058,-0.342864,-1.048127,1,1,0,0
-2.600159,0.893807,1.821676,-0.902675,3.290931,-0.631298,-1.225683,0,0,0,0
-0.275461,0.099257,-0.381515,0.585654,-0.128460,-0.447419,-1.204587,0,0,0,1
0.298401,-0.975336,-0.696605,0.432235,-0.791401,1.179861,-1.503420,0,0,0,0
-0.467696,-0.483911,-0.364706,0.269444,-0.098485,-0.280776,-1.187056,0,0,0,1
-3.047957,0.745130,3.595032,-0.468406,3.162987,-0.579759,-0.388899,0,0,0,0
-0.147354,0.457834,0.463961,0.032196,-0.392423,-0.452947,-0.937027,0,1,0,0
0.211261,-0.856896,-0.438382,0.075351,-0.831153,4.787906,-1.452716,0,0,0,0
-0.619002,-0.513025,0.187251,0.477408,-0.759278,-0.336545,-1.593437,1,1,0,0
-2.708060,0.669657,1.708455,-1.189596,3.141984,-0.701280,-1.272334,0,0,0,0
-0.450012,0.228412,0.410813,1.246760,0.499870,-0.483369,-1.202076,0,0,0,1
0.210576,-1.068320,-0.275121,0.703298,-0.710092,2.365006,-1.300016,0,0,0,0
-0.741530,0.309232,0.870702,1.603669,-0.423986,-0.340514,-0.758693,0,0,0,1
-2.967258,1.037627,3.924722,-0.206870,3.029123,-0.621168,-0.469350,0,0,0,0
-0.405850,0.049824,0.356624,0.874324,0.617527,-0.444950,-1.317920,0,1,0,0
0.194497,-0.287207,-0.054262,1.265027,-0.876051,4.793882,-1.223600,0,0,0,0
-0.697658,-0.436528,0.351301,0.571193,-0.157146,-0.455717,-1.286552,1,1,0,0
-2.025315,0.890791,1.171887,-0.329536,2.407015,-0.589133,-1.009499,0,0,0,0
-0.258536,0.078436,0.001211,1.210723,0.460592,-0.586472,-0.856340,0,0,0,1
0.307119,-0.727162,-0.082686,0.330131,-0.977929,1.975691,-1.122383,0,0,0,0
-0.415461,-0.382746,-0.150007,0.961930,0.047695,-0.298047,-0.801495,0,0,0,1
-3.064903,0.749679,3.994455,0.339951,3.401826,-0.542157,-0.449968,0,0,0,0
-0.228518,0.231243,0.014411,0.984239,-0.280367,-0.480177,-1.123329,0,1,0,0
0.323163,0.029753,0.377634,0.898963,-0.991995,6.427269,-0.802622,0,0,0,0
-0.381093,-0.074554,-0.263217,-0.012845,-0.266264,0.035932,-1.350016,1,1,0,0
-0.783325,-2.667958,2.060676,2.275152,-1.187182,-0.601236,-1.014313,0,0,0,0
-0.245596,0.354980,-0.145761,0.888112,-0.118041,-0.415825,-1.221644,1,0,0,0
0.208081,-0.691550,-0.493913,-0.156275,-1.376534,1.742340,-1.403268,0,0,0,0
-0.655350,0.217099,0.335125,1.165795,-0.126607,-0.373574,-0.980447,1,0,0,0
-3.137811,0.617211,3.660699,-0.902160,2.691365,-0.393802,-0.760840,0,0,0,0
-0.417732,0.311872,0.357913,0.832415,-0.503791,-0.421254,-0.972489,0,0,1,0
-0.086479,-0.607678,0.335169,0.713121,-1.411745,5.009650,-1.188149,0,0,0,0
-0.733424,-0.153060,-0.193130,0.368375,-0.033934,-0.350922,-0.979860,0,0,1,1
-2.353296,0.704003,1.152378,-1.127733,2.265990,-0.558383,-1.745493,0,0,0,0
-0.340904,0.038393,-0.105330,0.723606,-0.224327,-0.513700,-1.138688,1,0,0,0
0.185740,-0.832249,0.182421,0.882338,-0.782855,3.535850,-1.121744,0,0,0,0
-0.528532,-0.265802,-0.221017,0.705320,0.081189,-0.432031,-0.927580,1,0,0,0
-3.192832,0.370920,3.515642,-0.510307,3.051934,-0.391963,-0.777082,0,0,0,0
-0.303146,0.047679,0.035026,0.229810,0.310879,-0.591349,-1.132832,0,0,1,0
0.332067,-0.810108,-0.424352,0.516741,-0.972137,0.964956,-1.063025,0,0,0,0
-0.866976,-0.473181,0.427812,1.117687,0.017876,-0.634627,-1.052922,0,0,1,1
-2.366716,0.988713,1.765841,-0.290825,2.974463,-0.557408,-1.497670,0,0,0,0
-0.473694,0.138630,0.216071,1.060995,0.298867,-0.396079,-1.032405,1,0,0,0
0.042199,-0.648200,0.188621,1.640417,-0.924088,4.290769,-1.138315,0,0,0,0
-0.915795,0.097149,1.505491,1.993685,0.986407,-0.470706,-0.776104,1,0,0,0
-3.239137,0.350872,3.791063,-0.242181,2.946393,-0.668153,-0.837457,0,0,0,0
-0.554851,0.135700,0.644554,1.451882,0.747822,-0.576238,-0.682439,0,0,1,0
0.109824,-1.095642,0.374646,0.615026,-0.510046,0.550934,-1.181549,0,0,0,0
-0.703788,-0.320051,0.159636,0.509040,0.119656,-0.635866,-1.169123,0,0,1,1
-2.473310,0.893783,1.677775,-0.710328,2.948000,-0.650006,-1.651641,0,0,0,0
-0.428979,0.165344,0.289874,0.626230,0.078320,-0.501608,-1.121260,1,0,0,0
0.032268,-1.032441,-0.111206,0.771579,-1.207685,3.694457,-1.217594,0,0,0,0
-0.431416,-0.218397,0.048594,0.361578,-0.053731,-0.413031,-1.056252,1,0,0,0
-2.783702,1.190502,3.369644,-0.588493,2.769387,-0.577112,-1.065072,0,0,0,0
-0.245224,0.157756,-0.158587,1.471404,0.672938,-0.628387,-0.909755,0,0,1,0
0.655442,0.106242,0.324053,0.637662,-1.322317,3.086124,-0.665152,0,0,0,0
-0.481257,0.006534,0.473060,0.999182,0.738934,-0.195608,-0.323102,0,0,1,1
-1.054845,-3.318309,2.002449,3.044474,-0.756516,-0.442569,-1.561273,0,0,0,0
-0.333990,0.163335,0.088946,0.930281,0.646132,-0.368229,-1.048131,0,0,0,1
0.154872,-0.534305,0.511715,0.659602,-0.442366,4.807739,-1.148918,0,0,0,0
-0.810865,0.021737,0.559287,0.772001,0.346551,-0.483058,-1.417353,0,0,0,1
-2.809980,1.348468,3.607223,-0.949841,2.798981,-0.611594,-0.615853,0,0,0,0
-0.423315,0.455583,0.363326,0.906423,-0.083556,-0.540823,-1.216294,0,1,0,0
0.335597,-0.860209,-0.300636,0.625720,-0.320083,3.848016,-1.349138,0,0,0,0
-0.842994,-0.119951,0.077603,0.147751,-0.176014,-0.538841,-1.309205,1,1,0,0
-2.618938,0.870616,1.857251,-1.000356,3.031551,-0.625370,-1.367333,0,0,0,0
-0.348154,-0.114592,-0.345865,1.022265,0.128683,-0.484347,-1.275132,0,0,0,1
0.162633,-0.389008,-0.166669,0.227157,-1.398321,4.790536,-1.284872,0,0,0,0
-0.564460,-0.460923,-0.107433,0.653786,0.022377,-0.197812,-1.445365,0,0,0,1
-2.861871,1.284964,3.812478,-0.672889,2.708583,-0.677961,-0.119465,0,0,0,0
-0.378982,0.160146,0.346561,0.437904,0.111722,-0.449449,-0.986721,0,1,0,0
0.153990,-0.530966,-0.325958,0.682615,-1.050792,2.551283,-1.208637,0,0,0,0
-0.797277,-0.491881,0.343081,0.794807,-0.607849,-0.611443,-1.357909,1,1,0,0
-2.695465,0.667177,1.761214,-1.218718,2.894027,-0.692074,-1.255352,0,0,0,0
-0.434399,0.311377,0.371531,1.132963,0.435314,-0.464371,-0.885472,0,0,0,1
0.280296,-1.068557,-0.190819,0.776774,-0.418800,1.095421,-1.247168,0,0,0,0
-0.860349,0.054765,0.840004,1.563179,-0.207467,-0.377443,-1.339384,0,0,0,1
-2.813068,1.326013,3.600191,-0.741880,3.107390,-0.565656,-0.982027,0,0,0,0
-0.359324,0.087504,0.502491,1.234980,0.523075,-0.512665,-0.910342,0,0,0,1
0.141532,-0.974841,0.216436,0.829208,-0.587813,3.798730,-1.013354,0,0,0,0
-0.516151,-0.308121,0.524870,0.922550,-0.268309,-0.452693,-0.863256,0,0,1,1
-2.671362,0.746703,1.733779,-1.290878,2.878337,-0.644560,-1.224861,0,0,0,0
-0.337235,0.180426,0.181950,0.685705,-0.194758,-0.481795,-1.209667,0,1,0,0
0.099334,-1.017129,-0.651981,1.503434,-0.890333,0.471088,-1.220168,0,0,0,0
-0.402268,-0.621286,0.344301,1.526545,0.253891,-0.540228,-0.794088,1,0,0,0
-0.659556,-0.533340,-0.625997,-0.829038,0.025507,0.389294,-0.993513,0,0,0,0
-0.098079,0.061649,-0.426955,0.741802,0.010666,-0.282053,-1.067811,0,0,0,1
0.493857,-0.105244,0.689403,0.513564,-1.110289,5.033827,-0.386228,0,0,0,0
-0.169456,0.333305,-0.468806,0.643383,-0.922567,-0.033837,-0.439467,1,0,0,1
-0.709255,-2.344240,0.042135,0.868137,-1.482050,0.189724,-1.325274,0,0,0,0
-0.150563,0.293256,-0.150664,0.917520,-0.160403,-0.583367,-0.479701,1,0,0,0
0.662555,-0.142828,0.471795,0.986850,-1.006619,1.336827,-0.249201,0,0,0,0
-0.586638,-0.175387,-0.498606,0.732184,0.382691,-0.621962,-0.645667,0,0,0,1
-1.280693,-0.012107,0.266378,-0.008921,0.895395,-0.076163,-0.488737,0,0,0,0
-0.262021,0.484626,0.274239,0.923125,-0.102667,-0.521963,-0.962910,0,0,1,0
0.153272,-0.606839,-0.284509,0.123212,-1.375794,3.780626,-1.500981,0,0,0,0
-0.646191,-0.140061,-0.184298,0.719437,-0.730940,-0.238796,-1.616448,0,0,1,1
-1.185369,-0.122983,0.777535,-0.266853,1.649457,-0.661306,-0.601557,0,0,0,0
-0.167208,0.125460,-0.165370,1.252049,0.278333,-0.433653,-1.086298,1,0,0,0
0.199709,-0.699016,-0.699915,0.782441,-1.386124,1.329189,-1.478749,0,0,0,0
-0.340405,-0.272436,-0.383682,0.617600,-0.749758,-0.232878,-1.163071,1,0,0,0
-1.790193,-0.051405,0.887269,0.068161,1.361922,-0.225706,-0.471724,0,0,0,0
-0.273184,0.381088,0.473287,0.917420,-0.517003,-0.394321,-1.312417,0,0,1,0
0.169458,-0.530577,-0.112514,-0.259313,-1.437479,3.547001,-1.524241,0,0,0,0
-0.558789,-0.587583,0.004353,-0.306778,-0.224390,-0.487818,-1.568764,0,0,1,1
-1.524226,0.337273,1.273861,-0.103189,1.940193,-0.551686,-0.836390,0,0,0,0
-0.392551,0.315328,0.309533,1.276147,0.364436,-0.604320,-1.136650,1,0,0,0
0.310550,-0.857466,-0.555625,0.764411,-0.517123,3.739873,-1.328142,0,0,0,0
-0.767724,0.227033,0.563979,1.170016,0.067912,-0.568476,-1.379091,1,0,0,0
-2.223508,0.183397,1.629926,0.192416,1.802907,-0.070668,-0.422927,0,0,0,0
-0.353729,0.316032,0.484811,1.272608,0.228131,-0.466659,-1.263276,0,0,1,0
0.190317,-0.598499,-0.026186,0.006000,-0.528486,4.639092,-1.274003,0,0,0,0
-0.596583,-0.485179,-0.278215,0.041531,-0.275420,-0.437598,-1.080472,0,0,1,1
-1.837473,0.673152,1.546528,0.111073,2.117707,-0.643522,-0.164156,0,0,0,0
-0.251393,0.274519,0.194795,1.070530,-0.298825,-0.411653,-1.008909,1,0,0,0
0.192420,-0.965339,-0.076214,0.095217,-1.230927,3.096944,-1.479246,0,0,0,0
-0.613466,-0.711540,-0.168156,0.320331,0.016999,-0.429673,-1.422020,1,0,0,0
-2.662969,0.241700,2.287102,0.149347,2.163498,-0.236255,-0.583284,0,0,0,0
-0.303622,0.060452,0.332550,1.199450,0.109485,-0.506190,-1.004223,0,0,1,0
0.404985,-0.744635,-0.554175,0.231578,-0.615026,1.384949,-1.218207,0,0,0,0
-0.440312,-0.133431,0.368362,0.377833,-0.098733,-0.029529,-0.948033,0,0,1,1
-0.879351,-2.829324,2.144229,3.146742,-0.334446,-0.674227,-0.416437,0,0,0,0
-0.402035,0.425573,0.852966,1.038694,-0.253993,-0.257286,-1.059892,0,0,0,1
0.155559,-0.743180,0.040610,0.651331,-0.682385,3.755226,-1.154121,0,0,0,0
-0.706074,-0.198677,0.893054,0.927338,0.118994,-0.372365,-0.733087,0,0,0,1
-3.018434,0.094810,2.643608,-0.202825,2.860298,-0.404348,-1.025535,0,0,0,0
-0.466750,0.356929,0.837847,1.043015,-0.175925,-0.536289,-1.016202,0,1,0,0
0.238639,-0.771218,-0.118581,0.697135,-0.647048,1.255167,-1.277807,0,0,0,0
-0.899865,-0.067695,0.525836,0.494017,-0.799723,-0.417935,-0.908324,1,1,0,0
-2.385813,0.598445,1.338100,-0.823081,2.762184,-0.595764,-1.009501,0,0,0,0
-0.335436,0.119539,0.077811,0.665833,-0.109458,-0.412335,-1.243391,0,0,0,1
0.125143,-0.783942,0.291881,0.590757,-0.770577,3.892181,-1.090287,0,0,0,0
-0.467297,-0.430382,0.269504,0.101158,0.256021,-0.343253,-1.000622,0,0,0,1
-2.459841,1.650227,3.157830,-0.161976,2.749540,-0.601877,-0.049403,0,0,0,0
-0.389277,0.002435,0.416333,0.999836,0.406538,-0.503700,-0.867997,0,1,0,0
0.123350,-1.053426,0.142763,0.907037,-0.837538,1.015879,-1.162316,0,0,0,0
-0.683091,-0.227204,0.608345,0.546145,-0.035114,-0.423384,-0.897913,1,1,0,0
-2.530800,0.830815,1.769625,-0.622150,3.124893,-0.652431,-0.885930,0,0,0,0
-0.416699,0.317822,0.672072,0.825045,0.765465,-0.484761,-1.028194,0,0,0,1
0.057770,-0.448754,0.184854,1.205528,-1.259063,5.598716,-1.274375,0,0,0,0
-1.178542,0.338541,1.078941,1.192558,0.768318,-0.479865,-1.037546,0,0,0,1
-2.793111,1.209464,3.658157,-0.071121,2.838077,-0.544729,-1.095684,0,0,0,0
-0.612019,0.027639,0.603878,1.259494,1.042085,-0.567755,-1.020235,0,1,0,0
0.107842,-1.071850,0.307851,1.457686,-0.135149,2.456976,-1.349586,0,0,0,0
-0.597614,-0.204754,0.320466,0.809777,-0.487815,-0.488705,-0.899408,1,1,0,0
-2.593362,0.848239,1.836279,-0.846421,3.086147,-0.667544,-0.969107,0,0,0,0
-0.422210,-0.013383,0.135824,0.641301,0.022329,-0.483101,-0.925595,0,0,0,1
0.083645,-0.348025,0.401585,0.409872,-1.472993,4.140540,-1.062111,0,0,0,0
-0.620538,-0.318807,0.364832,0.953605,0.084756,-0.482184,-1.073452,0,0,0,1
-2.934287,0.863782,3.601431,-0.217912,2.811447,-0.599680,-0.669347,0,0,0,0
-0.312716,0.144149,0.244590,1.098879,-0.224318,-0.466517,-1.118845,0,1,0,0
0.160918,-0.778063,-0.090241,1.403287,-0.796424,3.529135,-1.436098,0,0,0,0
-0.244020,0.622076,-0.140280,0.726050,-0.348957,-0.022846,-0.931494,1,1,0,0
-1.180355,-3.348455,1.872214,3.658533,-0.585519,-0.125012,-0.957734,0,0,0,0
-0.449218,0.202467,0.372213,0.692216,-0.319222,-0.389341,-1.338608,1,0,0,0
0.200765,-0.977890,-0.337124,0.331647,-0.704615,0.468927,-1.409619,0,0,0,0
-0.940563,0.141008,0.923119,0.873248,-0.101777,-0.431347,-0.925211,1,0,0,0
-2.877904,1.355335,3.922018,-1.085799,2.485882,-0.644751,-0.820999,0,0,0,0
-0.321732,0.207236,0.288883,0.880449,-0.352412,-0.562629,-1.049462,0,0,1,0
0.154602,-1.058569,-0.337171,0.275938,-0.814409,4.625975,-1.116717,0,0,0,0
-0.860487,-0.049922,0.660747,-0.269648,-0.548674,-0.532394,-1.155443,0,0,1,1
-2.787238,0.500522,1.660334,-1.435013,3.066814,-0.625746,-1.069671,0,0,0,0
-0.257408,0.241176,0.058993,0.791915,-0.161503,-0.405451,-1.229597,1,0,0,0
0.241260,-1.023652,-0.089858,0.894989,-0.491955,1.375310,-1.334712,0,0,0,0
-0.577601,-0.504745,0.242346,0.669952,0.104232,-0.324282,-1.320937,1,0,0,0
-3.048012,0.830885,3.779057,-0.584665,2.738906,-0.635290,-0.966311,0,0,0,0
-0.327356,0.214274,0.471365,0.768921,-0.233678,-0.487739,-0.956697,0,0,1,0
0.133486,-0.556048,-0.175685,0.610694,-1.085303,3.658018,-1.283505,0,0,0,0
-0.726186,-0.528739,0.446633,0.757829,0.191768,-0.560698,-1.436876,0,0,1,1
-2.728960,0.628362,1.826398,-1.014318,3.205525,-0.688385,-0.807628,0,0,0,0
-0.449335,0.496370,0.948893,0.968323,0.553534,-0.467967,-1.025719,1,0,0,0
0.262584,-0.871804,0.002463,0.123827,-1.297553,1.623909,-1.505679,0,0,0,0
-0.977242,0.230609,1.023978,0.533542,-0.314867,-0.451322,-1.188914,1,0,0,0
-3.103434,0.864826,4.264572,-0.189301,2.660155,-0.643467,-1.025489,0,0,0,0
-0.454768,0.165176,0.848049,0.966469,0.131702,-0.370885,-1.105539,0,0,1,0
-0.034909,-0.859407,0.344924,1.019181,-1.056045,4.243928,-1.170322,0,0,0,0
-0.636218,-0.442858,0.321231,0.962131,-0.390566,-0.493149,-0.917525,1,1,0,0
-2.134463,0.535175,0.815880,-0.554594,2.163326,-0.412420,-0.719903,0,0,0,0
-0.388077,-0.091055,0.133364,0.627429,-0.384492,-0.406625,-0.943239,0,1,0,0
0.099337,-1.040578,-0.245555,0.579445,-0.965718,1.495151,-1.127140,0,0,0,0
-0.481632,-0.622960,0.108782,0.366045,-0.254307,-0.422222,-1.162904,0,0,0,1
-3.076353,0.665175,3.493860,-0.872828,2.916617,-0.556542,-1.075463,0,0,0,0
-0.231106,0.162101,0.446266,0.540065,0.107289,-0.165615,-1.221333,0,1,0,0
0.010931,-0.559792,-0.192652,0.733380,-1.171497,4.109536,-1.208210,0,0,0,0
-0.519835,-0.010798,0.166356,0.490942,-0.539416,-0.178573,-1.179319,1,1,0,0
-0.788435,-2.668247,2.383688,2.991311,-0.499212,-0.626076,-0.982763,0,0,0,0
-0.285662,0.311931,0.487609,0.935594,-0.367328,-0.485075,-1.080398,1,0,0,0
0.191599,-0.983404,-0.025687,0.125289,-1.202508,2.673196,-1.412828,0,0,0,0
-0.775698,0.037409,0.359403,0.450293,-0.123549,-0.566254,-0.825163,1,0,0,0
-3.213733,0.473859,3.796252,-0.615895,3.026676,-0.670117,-0.697571,0,0,0,0
-0.370069,0.377238,0.744927,0.649346,-0.251347,-0.438694,-0.759169,0,0,1,0
0.394631,-0.801024,-0.734308,0.701876,-0.466440,1.443769,-1.273509,0,0,0,0
-0.679149,0.016307,0.397924,0.473408,-0.950430,-0.308698,-1.268182,0,0,1,1
-2.374668,0.670540,1.168428,-0.872704,2.568902,-0.564275,-0.613066,0,0,0,0
-0.259300,0.214219,0.228252,0.462382,0.103104,-0.505855,-1.024691,1,0,0,0
0.259164,-0.721073,-0.676474,1.076768,-0.425400,3.896076,-1.358911,0,0,0,0
-0.433527,-0.277996,0.331633,0.312973,-0.472133,-0.352441,-1.308110,1,0,0,0
-3.189394,0.534528,3.829559,-0.661617,2.606921,-0.660300,-0.460039,0,0,0,0
-0.308736,0.266509,0.325277,0.654254,-0.274303,-0.431105,-0.988592,0,0,1,0
0.374420,-0.815558,-0.015005,0.471073,-0.787833,0.873554,-1.312982,0,0,0,0
-0.688693,-0.401303,0.809945,0.121585,-0.777645,-0.562785,-1.034329,0,0,1,1
-2.444930,0.773897,1.517565,-0.479865,3.293446,-0.626697,-0.345079,0,0,0,0
-0.485496,0.174120,0.826207,1.254035,0.053255,-0.397976,-0.990186,1,0,0,0
0.174108,-0.565900,0.121518,1.260523,-1.042152,4.523903,-1.278722,0,0,0,0
-0.885596,0.304765,1.245632,1.193797,-0.377824,-0.505908,-1.066187,1,0,0,0
-3.186856,0.555104,3.994769,-0.179216,2.894444,-0.668561,-0.665753,0,0,0,0
-0.475160,0.274808,0.531994,0.677953,0.324417,-0.563197,-1.179757,0,0,1,0
0.229197,-0.901454,-0.171542,0.790151,-0.836120,1.674020,-1.488653,0,0,0,0
-0.609550,-0.105952,0.379057,-0.109205,-0.623603,-0.492766,-1.110198,0,0,1,1
-2.476830,0.906339,1.718154,-0.555512,2.984917,-0.634705,-0.805548,0,0,0,0
-0.373194,0.156175,0.643314,0.706336,0.133103,-0.412174,-1.115281,1,0,0,0
0.104791,-0.436872,-0.024807,0.499183,-1.639556,4.351325,-1.198240,0,0,0,0
-0.406596,-0.432201,-0.157179,0.618723,-0.021864,-0.308037,-0.883950,1,0,0,1
0.352737,-1.853959,-0.411547,1.209130,-0.709580,0.065197,0.004392,0,0,0,0
-0.121022,0.216454,-0.638623,-0.181430,0.006061,-0.374534,1.055855,1,0,0,0
-0.083169,-1.288922,-1.623020,-1.893677,-1.393193,1.163408,-1.548364,0,0,0,0
-1.100904,-1.075014,-2.715419,-1.630161,-0.643141,-0.405898,-1.716406,1,0,0,1
0.277282,-1.706077,0.427472,1.600335,-1.253594,0.020471,0.186814,0,0,0,0
-0.247724,0.433403,-0.236388,0.374978,0.133057,-0.408271,1.057497,0,0,0,1
-0.395000,-0.390085,-0.888077,-0.491352,-0.064405,1.586367,-1.729454,0,0,0,0
-0.905000,-0.372279,-1.922380,-0.983782,-0.250824,-0.586212,-1.889212,1,0,1,1
-0.170264,-2.622749,0.792931,2.027491,-1.382199,-0.024627,-0.594978,0,0,0,0
0.465596,0.077848,0.953744,-0.438445,-1.211102,-0.373369,0.194326,0,0,0,0
0.404337,-0.314994,0.420115,1.231606,-0.502104,0.677022,0.323656,0,0,0,0
0.294159,-2.223903,1.017052,2.221445,-2.687747,-0.392013,-0.241386,1,1,0,0
-0.377803,0.557924,0.320826,0.358597,1.526331,-0.519404,0.048719,0,0,0,0
0.290686,0.612947,-0.035939,-0.831515,0.091730,-0.366363,0.107171,0,0,0,0
0.396792,-0.229872,0.107305,0.905332,-0.201344,2.843813,-0.445850,0,0,0,0
-0.028694,0.725322,-0.144541,-0.266053,-0.232340,-0.365366,-0.564886,1,0,0,1
-2.004857,1.992160,2.249660,-1.349979,2.721209,-0.629159,-0.661469,0,0,0,0
0.077799,0.841648,0.234269,-0.041546,-0.337685,-0.445813,-0.821359,0,0,0,0
0.710445,-0.038732,-0.449460,-0.436479,-0.678200,3.216176,-0.376059,0,0,0,0
0.176457,0.250962,0.267318,-1.466241,-0.849462,-0.393254,-1.138567,0,1,1,0
-1.165031,0.816402,1.801892,-1.273271,-0.192356,-0.634283,-0.333542,0,0,0,0
0.164925,1.306543,-0.155996,-0.577458,0.249152,-0.272985,-0.087014,0,0,0,0
0.746728,-0.277840,-0.323016,-0.597521,-0.396890,0.276226,-0.594181,0,0,0,0
-0.225504,1.092882,0.052276,-1.414190,-0.590144,-0.394376,-1.004410,0,1,1,0
-2.055096,1.711053,1.885204,-1.282602,2.635924,-0.593778,-0.776521,0,0,0,0
0.061937,0.707334,0.209207,-0.524472,0.792622,-0.221719,-0.353842,0,0,0,0
0.566525,-0.224200,-0.144912,0.088357,-0.130646,1.155207,-0.164689,0,0,0,0
0.227559,-1.718872,0.181482,2.634602,-2.655149,-0.113197,-0.433581,0,1,1,0
-0.362861,0.657852,-0.643883,0.757801,1.876187,-0.582521,-0.259763,0,0,0,0
0.248441,0.829181,-0.244272,-0.599205,0.813941,-0.332350,-0.479951,0,0,0,0
0.565136,-0.298113,0.112427,0.608031,-0.785293,-0.127683,-0.643326,0,0,0,0
-0.232737,0.900790,0.725259,0.385298,-0.436142,-0.584060,-0.481057,1,0,1,0
-2.091742,1.785164,2.181900,-0.781837,2.958418,-0.437186,-0.746081,0,0,0,0
0.162229,1.196479,0.533901,-0.787288,-0.622502,-0.299862,0.413340,0,0,0,0
0.497080,-0.025397,0.410112,-0.814256,-1.842893,2.443773,-0.321115,0,0,0,0
0.149221,0.840460,0.443333,-2.058468,-2.115496,-0.099620,-1.046297,1,0,1,0
-0.172623,-0.795183,2.282286,0.462418,-2.671968,-0.530551,-0.462009,0,0,0,0
-0.082144,1.028256,0.949669,0.052653,-0.111588,-0.137984,-0.020468,0,0,0,0
0.565759,-0.191880,-0.227159,-0.013504,-1.056021,0.680202,-0.739430,0,0,0,0
-0.264328,0.799773,0.479712,-1.065499,-0.618179,-0.350682,-0.709361,1,0,1,0
-2.125409,2.277040,2.315423,-2.259593,2.874101,-0.604941,-0.822490,0,0,0,0
-0.079032,1.119519,0.832475,-0.208720,-0.630245,-0.279635,0.037101,0,0,0,0
0.309479,-0.467637,0.306867,0.932539,0.076847,3.490867,0.227520,0,0,0,0
-0.485928,0.827743,1.359432,0.864608,0.898785,-0.568498,-0.192136,0,0,1,1
-0.423742,1.713792,0.376858,-0.949828,0.034053,-0.440210,0.273958,0,0,0,0
0.196950,1.200925,0.353950,-0.420410,-0.322473,-0.329646,-0.031162,0,0,0,0
0.437466,-0.293212,0.162862,0.753821,-0.576516,1.846446,-0.246428,0,0,0,0
-0.215318,0.696750,0.227003,0.447576,-0.369440,-0.513208,-0.737320,0,0,1,1
-0.620206,-2.275254,3.394567,0.598380,-2.027365,-0.434395,-0.578488,0,0,0,0
-0.107385,0.352288,0.675227,0.254897,0.110241,-0.343337,-0.660159,0,0,0,0
0.534476,0.050005,0.158386,0.461999,-0.544753,1.689624,-0.332610,0,0,0,0
-0.476980,0.187341,0.975360,0.953811,-0.101904,-0.597365,-0.758735,0,0,1,1
-1.109830,0.512889,0.407420,1.443448,2.209752,-0.635913,-0.331973,0,0,0,0
0.016478,1.115798,0.518080,-0.844890,0.033871,-0.451946,-0.450296,0,0,0,0
0.601722,-0.302367,-0.059014,-0.401119,-0.608343,1.646119,-0.713352,0,0,0,0
-0.363129,1.369558,0.461076,-0.643139,0.080042,-0.427443,-0.652685,0,1,0,1
-1.829637,0.318797,2.755095,-1.504962,1.401683,-0.570274,-1.099589,0,0,0,0
0.107761,0.365288,0.373872,0.763416,-0.538461,-0.363067,-0.774251,0,0,0,0
0.387136,-0.645976,0.139045,0.808881,0.101990,0.090970,-0.841542,0,0,0,0
-0.102359,-0.230726,0.298074,1.137664,-1.311172,-0.497846,-0.975632,0,1,0,1
-0.318915,1.512530,-0.126467,-0.036540,0.781852,-0.528537,-0.196738,0,0,0,0
-0.130358,0.486050,0.903694,1.106992,0.730325,-0.461574,-0.550099,0,0,0,0
0.262187,-0.741802,0.088858,0.413928,-1.163412,3.091306,-0.932083,0,0,0,0
-0.200772,0.907282,0.696603,-0.190160,-1.036056,-0.549362,-0.929367,1,1,0,0
-2.542304,1.139284,3.032537,-1.033395,1.872109,-0.613288,-1.010794,0,0,0,0
0.206776,0.720560,0.554747,0.103003,-0.720362,-0.171907,-0.655758,0,0,0,0
0.470554,-0.859131,0.393877,0.250889,-1.319172,0.029740,-1.108142,0,0,0,0
0.077635,-0.756870,0.057766,0.281212,-0.946262,-0.229049,-0.771064,1,0,0,1
0.084085,-0.320060,2.031258,0.251368,-2.407596,-0.320404,-0.001503,0,0,0,0
-0.152083,0.910830,0.632702,0.379498,-0.643086,-0.482461,-0.809788,0,0,1,1
0.637888,0.009015,-0.040179,-0.280869,-0.579506,4.931203,-0.367820,0,0,0,0
-0.114011,1.403101,0.453145,-0.152188,-0.225307,-0.335842,0.033370,1,1,0,0
-0.545413,1.541275,0.656527,-1.270575,-0.622531,-0.382242,-0.194229,0,0,0,0
0.435355,0.063363,0.420482,-0.515963,-0.410584,-0.246706,-0.576727,0,0,1,0
0.704407,-0.520113,-0.222176,0.395609,-0.409666,0.646291,-0.867777,0,0,0,0
0.309697,-0.501703,0.076357,-0.399755,-0.836476,-0.317645,-0.701556,0,0,1,1
-1.241693,1.758592,1.312628,-2.591295,0.009883,-0.519585,-1.057008,0,0,0,0
0.392753,-0.545277,0.311454,0.077449,0.080591,-0.264693,-0.878016,0,1,0,0
0.598256,-0.660228,-0.350511,0.310795,-0.339631,5.076494,-0.925956,0,0,0,0
0.323296,-0.258779,-0.025476,-0.148795,-0.690805,-0.284348,-0.675045,1,1,0,0
-1.285668,0.977314,0.445243,-1.799277,0.617482,-0.198454,-0.538042,0,0,0,0
0.169419,-0.498989,-0.021451,-0.352995,-0.020947,-0.407128,-1.247004,0,0,1,0
0.431179,-1.381399,-0.101917,0.416621,-0.081718,-0.407726,-1.349728,0,0,0,0
-0.092151,-0.895280,-0.401566,0.779726,-0.270110,-0.401622,-0.939030,0,0,1,1
-1.838703,1.284645,1.221672,-2.697910,1.373186,-0.567646,-0.695134,0,0,0,0
0.327363,-0.720115,0.421032,0.422490,0.564286,-0.352854,-0.737281,0,1,0,0
0.561864,-0.927263,-0.282552,0.132458,-0.121187,5.909482,-1.153685,0,0,0,0
0.175865,-0.911289,0.691656,0.008910,0.031570,-0.201808,-1.032281,1,1,0,0
-1.670267,1.226028,1.100852,-1.899412,1.032300,-0.361628,-0.600321,0,0,0,0
0.142818,-0.429078,0.487294,0.755487,-0.128262,-0.410278,-0.889625,0,0,1,0
0.535362,-1.134248,-0.390675,0.929851,0.079094,3.081835,-0.931693,0,0,0,0
-0.066681,-0.948091,0.800940,0.293041,-0.281587,-0.416558,-0.906519,0,0,1,1
-2.112831,1.290893,1.500157,-2.330841,1.838622,-0.632536,-1.066225,0,0,0,0
0.307771,-0.523611,0.325388,0.640904,-0.121529,-0.364679,-1.024870,0,1,0,0
0.567019,-0.689722,-0.160293,-0.042593,-0.645843,1.003800,-1.152495,0,0,0,0
0.229535,-0.692933,0.165168,-0.099719,-0.237827,-0.336728,-1.152382,1,1,0,0
-2.099143,1.056138,1.431900,-2.047359,1.292347,-0.346054,-0.360690,0,0,0,0
0.022748,-0.457594,0.035441,1.161778,-0.120994,-0.425340,-1.024109,0,0,1,0
0.488082,-1.062560,-0.366960,0.260338,-0.594693,4.153381,-1.257635,0,0,0,0
0.118327,-0.882392,0.326458,0.075365,-0.329161,-0.326245,-1.184828,0,0,1,1
-0.956417,-2.797056,1.950490,2.251075,-0.966178,-0.077431,-0.640021,0,0,0,0
0.376423,-0.224887,0.396419,0.070626,-0.083300,-0.337608,-0.564035,0,1,0,0
0.560988,-1.237679,-0.539982,0.575200,-0.145455,0.912612,-1.054330,0,0,0,0
0.030171,-1.114275,0.665593,-0.319692,-0.345996,-0.080031,-1.010015,1,1,0,0
-2.325801,1.291400,1.980782,-1.802013,2.222783,-0.391866,-0.446777,0,0,0,0
0.194115,-0.379771,0.688243,0.585214,-0.193206,-0.362648,-0.677181,0,0,1,0
0.374238,-1.098431,-0.086503,1.183092,-0.106676,4.085667,-1.109876,0,0,0,0
-0.109187,-0.962910,0.232927,0.180891,-1.010272,-0.228443,-1.220555,0,0,1,1
-2.565508,0.915875,1.705352,-1.551149,3.022082,-0.674912,-0.651869,0,0,0,0
0.304838,-0.727838,0.526701,0.537857,0.440127,-0.369896,-0.881364,0,1,0,0
0.651841,-1.046238,-0.526988,0.221462,-0.053048,2.070536,-1.227778,0,0,0,0
0.188309,-0.971603,0.414884,-0.053599,-0.420568,-0.367605,-1.223248,1,1,0,0
-2.632486,1.020257,2.411186,-1.631087,2.407155,-0.464071,-0.275490,0,0,0,0
0.126518,-0.566115,0.368923,0.681041,-0.158655,-0.536477,-1.024843,0,0,1,0
0.366054,-1.257120,-0.181935,0.837501,-0.063667,0.755494,-1.148844,0,0,0,0
-0.061589,-0.999508,0.241981,0.305292,-0.521787,-0.414215,-0.985744,0,0,1,1
-1.922654,1.105181,1.191040,-0.320795,2.178593,-0.671870,-0.468108,0,0,0,0
0.289976,-0.736742,0.419914,0.617488,0.545679,-0.233099,-0.840674,0,1,0,0
0.540881,-1.468218,-0.511377,0.295905,0.188418,2.969954,-1.300600,0,0,0,0
-0.029174,-0.783637,0.406368,1.279176,-1.034643,-0.252414,-1.068432,1,1,0,0
-2.751201,1.309578,3.253558,-1.198706,2.673244,-0.584077,-0.476376,0,0,0,0
0.088042,-0.582144,0.517058,1.158673,0.266060,-0.499274,-0.993058,0,0,1,0
0.284553,-0.877932,-0.376212,1.513692,-0.479998,5.090669,-1.260160,0,0,0,0
-0.074035,-1.111083,0.335498,-0.154795,-0.856839,-0.297935,-1.314533,0,0,1,1
-1.239523,-0.703614,0.688845,0.647027,0.488290,-0.630722,-0.844261,0,0,0,0
0.636006,-1.400640,0.722142,0.241599,-1.148309,-0.208892,-0.548480,0,1,0,0
0.744671,-0.790422,-0.192519,0.136297,0.058139,-0.436127,-0.877673,0,0,0,0
0.321087,-0.689435,0.351209,0.239079,0.009661,-0.188558,-0.976410,1,1,0,0
-0.488518,0.042335,-0.714417,-1.870214,-0.005014,-0.063645,-0.480095,0,0,0,0
0.464530,0.056217,0.076057,0.262299,-0.035436,-0.385327,-0.122253,0,0,1,0
0.431614,-0.734047,-0.350925,0.496956,-0.296446,3.677461,-0.709523,0,0,0,0
0.260173,-0.909953,-0.276988,-1.034801,-0.603406,-0.104970,-1.111382,0,0,1,1
0.091557,-1.136034,0.343143,-0.109775,-0.585556,-0.432550,-0.000097,0,0,0,0
0.546687,-0.164123,-0.055832,-0.294284,0.257349,-0.232849,-0.364525,0,1,0,0
0.715340,-0.809418,-0.884054,0.642563,0.306148,1.194979,-0.829284,0,0,0,0
0.286014,-0.671341,0.048922,-0.819886,-0.358149,-0.101497,-0.609880,1,1,0,0
-1.230758,-0.474587,0.891996,-0.537987,1.137339,0.331171,-0.708616,0,0,0,0
0.147555,0.656137,-0.090059,0.932552,-0.380973,-0.129060,-0.173471,0,0,0,0
0.617288,-0.495614,-0.198832,0.275966,0.208266,0.178012,-0.479903,0,0,0,0
0.130980,-1.782351,1.265688,0.471313,-1.589497,-0.447731,-0.748955,0,1,0,1
-0.565127,0.470460,0.824833,0.557203,1.658364,-0.498836,0.064777,0,0,0,0
0.032420,0.151083,0.165827,0.247384,0.277808,-0.369163,0.033797,0,0,0,0
0.393902,-0.355047,-0.016020,0.595724,-1.264881,2.805350,-0.818539,0,0,0,0
0.101705,0.708891,-0.175823,-1.005391,-0.811951,-0.388136,-0.753888,0,1,0,1
-1.336358,0.115737,1.198544,1.191440,1.904791,-0.496559,-0.750278,0,0,0,0
0.015229,0.792010,0.447734,0.411889,-0.157091,-0.498976,-0.207919,0,0,0,0
0.615844,-0.213856,0.186262,-0.283824,-1.056484,0.057844,-0.645001,0,0,0,0
0.071191,0.532170,0.400716,-2.607832,-1.562264,-0.627967,-0.973758,0,0,1,1
-0.494984,1.368377,1.463992,-2.280847,-1.372143,-0.550075,0.130781,0,0,0,0
-0.068954,1.014832,0.438759,-0.521600,-1.312693,-0.414865,-0.267494,0,0,0,0
0.685945,-0.082860,0.081337,-0.674851,-1.215643,3.658391,-0.468638,0,0,0,0
-0.276013,1.159636,0.100973,-0.872422,-0.494255,-0.459269,-0.882959,0,0,1,1
-1.554698,0.517570,1.997162,0.256650,1.150596,-0.360439,-0.668910,0,0,0,0
-0.048156,1.046289,0.548689,-0.381730,-0.362423,-0.236017,0.062045,0,0,0,0
0.592368,-0.181175,0.094844,-0.584062,-1.314776,0.526480,-0.650773,0,0,0,0
0.152145,-1.566293,1.314591,0.094273,-0.683885,-0.283011,-0.567502,0,0,1,1
-0.113269,1.173547,-0.374214,-1.326177,0.168030,-0.502130,-0.155683,0,0,0,0
0.006500,0.779999,0.368523,-0.294865,0.350390,-0.484551,-0.587371,0,0,0,0
0.441466,-0.126889,-0.035336,-0.310454,-0.941726,2.750694,-0.529862,0,0,0,0
-0.058785,0.857437,-0.219928,-0.227208,-0.670010,-0.554430,-1.014342,0,1,1,0
-1.828912,1.444452,2.283236,-0.744761,1.631655,-0.628095,-0.893990,0,0,0,0
-0.031190,0.609501,0.393901,-0.897099,-1.115316,-0.195575,-0.279297,0,0,0,0
0.612610,-0.079469,-0.164784,-0.316032,-1.004582,2.570535,-0.271553,0,0,0,0
-0.128489,0.657769,0.088176,0.392299,0.548709,-0.329493,-0.410118,0,1,1,0
0.016097,-0.244581,1.450052,0.415355,-2.328702,-0.272489,-0.211847,0,0,0,0
0.004586,0.825594,0.482836,0.913000,1.113560,-0.432828,-0.173191,0,0,0,0
0.446484,-0.047925,0.096524,-0.231012,-0.228963,3.343050,-0.576408,0,0,0,0
-0.451412,0.609500,0.471321,-0.327653,-0.318531,-0.512807,-1.046753,0,1,1,0
-2.052723,1.600013,2.432283,-1.235483,1.687177,-0.426058,-0.726434,0,0,0,0
-0.204465,1.124943,0.900232,0.912274,-0.006528,-0.391714,-0.219515,0,0,0,0
0.601486,-0.003446,0.105603,0.211770,-0.584722,1.266969,-0.534653,0,0,0,0
-0.456909,0.887268,1.150870,0.321784,0.069568,-0.482987,-0.525777,0,1,1,0
-0.131395,1.372947,-0.358383,-1.186587,-0.015427,-0.539075,-0.097339,0,0,0,0
0.158046,0.632115,0.185724,-0.136031,0.562807,-0.490007,0.119741,0,0,0,0
0.469955,-0.344607,0.047540,0.883682,-0.370163,0.270368,-0.264368,0,0,0,0
-0.292314,0.556026,0.627676,0.552320,0.583384,-0.471719,-0.774926,0,1,0,1
-2.148823,1.780089,2.629410,-1.013076,2.455191,-0.533125,-0.708974,0,0,0,0
-0.211643,0.919039,1.076026,0.725916,0.005547,-0.175732,-0.621551,0,0,0,0
0.553442,-0.176119,0.002081,-0.010950,-1.044089,0.117957,-0.681256,0,0,0,0
-0.420327,0.078019,0.715196,0.832100,-0.087453,-0.410562,-0.866247,1,0,0,1
-0.418833,1.105534,0.235839,0.315276,2.152739,-0.568135,-0.452227,0,0,0,0
-0.047660,0.601503,-0.100242,1.653957,1.666473,-0.315930,-0.574954,0,0,0,0
0.830714,-0.131174,-0.300226,-0.380049,-0.342370,1.607397,-0.498677,0,0,0,0
-0.294279,-0.832077,-0.261355,3.027278,0.538763,-0.397575,-1.024784,1,1,0,1
0.430324,-0.375723,0.327459,2.274974,-0.171739,-0.060857,0.396975,0,0,0,0
0.613742,-0.083136,-0.511514,0.602376,0.451889,-0.131586,0.595351,1,1,1,0
0.436421,-0.564751,-0.002563,1.492178,-0.515285,-0.010202,0.300483,0,0,0,0
0.610213,-0.288214,-0.192955,0.934301,-0.213158,0.139515,0.902740,0,1,1,1
0.492826,-0.591916,-0.606312,1.641099,-0.276722,-0.086333,0.708113,0,0,0,0
0.697991,0.045368,-0.629558,1.141948,0.013814,-0.306757,0.974560,1,1,1,0
0.555128,-0.101811,0.155029,0.509625,-1.933958,0.067496,0.461235,0,0,0,0
0.769568,0.186878,-0.554268,0.113022,-0.475211,-0.079387,0.803266,0,1,1,1
0.464949,-0.446094,-0.233376,2.047349,-0.105216,-0.114183,0.609441,0,0,0,0
0.646462,-0.183568,-0.433901,0.839463,0.229959,-0.140169,1.347523,1,0,0,0
0.573236,-0.254542,0.231212,1.303498,0.006438,-0.025576,0.846584,0,0,1,0
0.744658,-0.027384,-0.539254,0.573395,-0.353375,-0.085613,1.297194,1,1,0,0
0.786538,-0.040281,-0.269149,0.434738,-0.900011,0.200040,0.789110,0,0,0,0
0.805354,0.341995,-0.795825,-0.006629,-0.596284,-0.167783,1.465475,1,0,1,1
0.615516,-0.023624,-0.474646,0.454951,-1.154806,-0.084149,0.622027,0,0,0,0
0.509936,-0.057523,-0.739805,1.439309,-0.557670,-0.149927,0.309500,0,0,1,1
-0.383185,0.103358,-0.694353,-1.006939,0.817684,-0.491494,0.074226,0,0,0,0
-0.222947,-0.171879,-1.352495,-1.127545,0.695365,-0.317625,-0.276042,0,0,1,0
-0.625219,-0.199204,-1.243369,0.636958,0.688013,-0.400911,-0.137681,0,1,0,0
-0.427886,-0.035969,-0.728630,0.009534,0.918951,0.130480,-0.286574,1,0,0,0
-0.330825,-0.294882,-1.340054,-0.802583,0.514594,-0.383469,-0.320049,0,0,1,0
-0.268609,-0.071089,-0.803730,-0.863064,0.588364,-0.453084,-0.394970,1,1,0,0
-0.314376,-0.342881,-0.762317,-0.490260,0.051404,0.305605,-0.357045,0,0,0,0
-0.319792,-0.224354,-1.056273,-1.656827,-0.450095,-0.375354,-0.578993,0,1,1,0
-0.062582,-0.943817,-1.299704,-1.943048,-0.936919,-0.176794,-0.539845,1,0,0,0
-0.244292,-0.983181,0.045994,-0.899672,-0.037104,-0.092452,-0.655602,0,0,1,0
-1.547392,0.581112,-0.278484,-2.405246,1.053835,-0.518767,-1.571529,1,1,0,0
-0.061324,-0.844075,-0.530144,-2.422532,-0.120907,1.361934,-1.654499,1,0,1,1
0.738956,-1.849692,1.077885,-0.341134,-0.435511,-0.195649,0.247809,0,0,0,0
0.619717,-1.200825,1.506016,-1.377277,-0.064520,-0.329921,0.893796,0,0,0,0
0.759347,-0.962788,1.343523,-1.253253,-0.212394,-0.056318,1.049255,0,0,0,0
0.519411,-1.189170,1.099490,-2.254042,0.606787,-0.255851,0.980604,0,0,0,0
0.538086,-1.109290,1.369761,-1.857277,0.901790,0.002530,1.079183,0,0,0,0
0.589260,-1.117629,1.538944,-1.263394,0.894479,-0.283753,1.102104,0,0,0,0
0.744860,-1.311444,0.978354,-0.752327,0.080417,0.019948,1.039061,0,0,0,0
0.607570,-0.984914,1.120787,-1.713193,0.311558,-0.302543,1.029440,0,0,0,0
0.705255,-1.146626,0.828803,-0.912933,-0.611224,-0.213620,1.043022,0,0,0,0
0.544399,-0.937475,0.693467,-1.633918,-0.441246,-0.311810,1.057284,0,1,1,1
0.912204,-0.274741,1.241947,-0.309901,-0.558255,0.075941,1.335021,0,0,0,0
0.671046,-0.511849,0.402667,-0.287677,-0.123867,-0.256801,0.128371,1,1,1,0
0.684502,-0.835206,-0.018205,0.438747,0.022009,-0.239638,1.414416,0,0,0,0
0.566218,-0.111451,0.422449,-0.440339,0.037094,-0.315220,1.705229,0,0,0,1
0.627838,-0.511856,0.777742,0.222505,-0.100498,-0.270027,1.200258,0,1,0,0
0.336679,-0.004494,0.210768,-0.298933,0.469210,-0.300888,0.730857,0,0,1,1
0.446574,-0.672094,0.400615,0.761591,0.213511,-0.263483,1.078599,0,0,0,0
0.263376,0.109244,0.168719,-0.142358,1.186045,-0.399098,1.019360,0,0,0,0
0.559721,-0.578847,0.315054,0.618482,-0.451510,0.343690,1.056298,0,0,0,0
0.333140,-0.066126,-0.438740,0.185223,-0.052048,-0.312486,0.973321,0,1,0,1
0.230842,0.968979,-0.640512,-0.678657,1.705646,-0.382143,-0.130182,0,0,0,0
0.299183,0.903346,0.198602,-0.419401,0.528561,-0.326236,1.172624,0,0,0,0
0.503998,0.153585,0.638299,0.552783,-0.864413,-0.132628,1.349483,0,0,0,0
0.118467,0.990907,-0.273287,-0.342186,1.401946,-0.148272,1.162074,0,0,0,0
0.279007,0.762715,0.006968,-0.803881,0.524076,-0.239484,1.205027,0,0,0,0
0.343454,0.125118,0.270860,0.795716,-0.816364,-0.319304,1.183730,0,0,0,0
0.738464,0.537850,0.253345,0.204550,-0.712379,1.019418,1.415972,0,0,0,1
0.540158,0.872117,-0.394314,-1.214430,0.479663,-0.464445,1.678888,1,0,0,1
0.658466,0.294071,-0.256730,0.173541,-0.890696,-0.356056,1.902458,0,0,0,0
0.561444,0.852105,-0.199453,-0.545623,0.113313,-0.450110,1.850571,0,1,0,0
0.650856,0.092842,0.267579,-0.453691,-0.666859,-0.338616,1.881334,0,0,0,0
0.401611,0.627156,-0.284166,-0.766495,-0.443954,-0.206660,1.773445,0,1,0,0
0.243151,0.879400,-0.222291,-1.132138,-0.105808,-0.153867,-0.163353,0,0,0,0
0.460779,0.664877,0.330133,-1.010558,0.049422,-0.303009,0.627566,0,0,0,0
0.739264,0.306948,0.768693,-0.340044,-0.301323,0.852599,1.071165,0,0,0,0
0.320698,0.378649,0.086042,-1.344770,-0.449417,-0.265234,-0.126271,0,0,0,0
0.344077,0.847674,-0.199164,-0.753824,-0.029705,-0.462723,0.585140,0,0,0,0
0.412525,0.811183,-0.113211,-1.039322,0.092635,-0.416654,0.709973,0,0,0,0
0.408977,-0.111953,0.750675,0.239085,-0.752816,-0.227625,0.762297,0,0,0,0
0.025199,0.936372,0.043769,-0.536445,0.420533,-0.213178,0.718929,0,0,0,0
0.481827,-0.062855,0.434442,-0.185839,-0.851374,0.102292,0.844802,0,0,0,0
0.483333,0.259789,-0.359922,-0.753747,-0.729098,-0.353725,0.689054,1,0,0,1
0.813411,0.408248,0.117196,0.190627,-1.217541,-0.279056,1.168183,0,0,0,0
0.348721,1.173281,-0.330475,-0.502434,-0.095836,-0.255330,1.765854,0,0,1,1
0.494393,-0.168707,-0.736882,0.734235,-0.914491,-0.198487,-0.085033,0,0,0,0
0.291233,0.850239,-0.188957,-0.643732,-0.026134,-0.272151,1.595870,0,0,0,0
0.692255,0.255906,0.607267,-0.233591,-0.640098,0.457499,1.773249,0,0,0,0
0.070171,1.200495,-0.005281,-0.579609,0.538161,-0.227232,1.788004,0,0,1,0
0.508892,-0.035221,-0.010605,-0.288306,-0.934659,0.049376,0.356243,0,0,0,0
0.254765,0.849373,-0.177239,-1.035597,0.446618,-0.350231,0.696457,0,0,0,0
0.456815,-0.517966,0.019961,-0.426598,-0.916224,-0.286980,0.596309,0,0,0,0
0.176650,0.416019,-0.462002,-1.179467,1.002769,-0.232390,0.504443,1,1,0,0
0.199578,0.276069,0.143679,-0.888645,0.316807,-0.136956,-0.969511,0,0,0,0
-0.001284,-0.643455,-0.358306,-1.460974,-0.313675,-0.234559,-1.599927,0,0,0,0
0.057665,-0.876563,0.364494,-1.216655,-0.530833,-0.101625,-1.438529,0,0,0,0
-0.025442,-1.390188,0.470402,-1.984231,-1.481093,-0.253753,-1.682958,0,0,1,1
0.197223,-1.207019,0.978026,-1.739302,-0.487438,0.842830,-1.313737,0,0,0,0
0.250237,-2.255064,0.556997,-1.240844,-0.800274,-0.423793,-1.419727,0,0,0,0
0.542398,-1.437974,1.129320,-0.931989,0.161033,0.136391,-0.353568,0,0,0,0
-0.300091,-2.625322,1.909239,-2.929660,-0.682281,-0.340618,-1.225806,0,1,1,1
-0.220000,-1.997273,-1.241814,1.657833,-0.405811,-0.279996,-1.545807,0,0,0,0
-0.988833,-0.760173,-0.673377,1.012185,-0.218954,-0.382421,-1.925039,0,0,0,0
-0.246834,0.010478,-0.921985,-2.925250,-1.970840,0.372939,-1.616709,0,0,0,0
-0.042987,0.018695,-1.001578,-2.627891,-1.782630,-0.176425,-1.246091,0,1,1,1
0.767960,-0.529424,0.131895,-0.563800,-1.814144,0.082095,0.439485,1,0,0,0
0.649771,0.177389,0.213049,-0.129919,-1.101179,0.009691,0.937084,0,0,0,1
0.680408,0.207171,-0.447721,0.186735,-0.212072,-0.263456,1.065618,1,1,1,0
0.430895,1.046820,-0.222463,-1.097354,-1.181372,-0.217101,0.248387,0,0,0,1
0.593603,0.894854,-0.279824,-0.762301,-0.685062,-0.338495,0.655693,1,0,0,0
0.758914,0.433067,-1.185081,-1.221816,-0.121683,-0.358668,0.845277,0,1,1,1
0.255421,0.869325,-0.052774,-1.075277,-1.111047,-0.366805,0.204621,1,0,0,0
0.413019,0.573729,-0.165439,-0.371377,-0.638737,-0.375205,0.643239,0,0,0,1
0.564272,0.370425,-0.197854,-0.092806,-0.199890,-0.150149,1.089183,1,1,1,0
0.134133,0.994807,-0.105650,-1.201018,-1.090415,-0.262508,-0.027768,0,0,0,1
0.412010,0.509527,-0.549998,-0.491481,-0.258293,-0.114296,0.445394,1,0,0,0
0.545705,-0.181474,-0.333883,0.783486,0.294560,-0.087870,0.832809,0,1,1,1
0.425746,0.042760,-0.130122,2.160592,-0.426098,-0.182158,0.599105,1,0,0,0
0.299627,0.472068,0.429827,1.132296,0.573582,-0.434564,0.943193,0,0,0,1
0.637363,0.230393,-0.393560,0.490729,0.394784,0.014655,0.961961,1,1,1,0
0.174807,1.251523,-0.465449,-1.046599,-0.505314,-0.278678,-0.163226,0,0,0,1
0.445830,0.738073,0.095570,-0.608945,-0.542215,-0.210058,0.591552,1,0,0,0
0.571171,0.119410,-0.191104,0.489069,0.491000,-0.150645,0.995097,0,1,1,1
0.303781,1.061314,-0.085846,-1.372716,-1.394268,-0.138456,0.233584,1,0,0,0
0.459766,0.691330,0.140448,-0.772898,-0.668683,-0.281368,1.199831,0,0,0,1
0.712585,0.359942,-0.215892,-0.110134,0.006871,-0.289249,1.578490,1,1,1,0
-0.095469,0.890154,-0.308247,0.836673,0.602752,-0.356957,0.691220,0,0,0,1
0.239314,0.611167,0.439060,0.929496,0.238504,0.006346,1.426067,1,0,0,0
0.518380,0.307698,-0.226977,0.891009,0.539582,-0.163830,1.330507,0,1,1,1
0.178613,1.416604,-0.343163,-0.790643,-0.799212,-0.192373,0.784120,1,0,0,0
0.487070,0.896861,0.040710,-0.583851,-0.093117,-0.157456,1.321706,0,0,1,0
0.477108,-0.173599,-0.557222,0.395992,0.625856,-0.244330,1.156910,1,1,0,1
0.021257,1.321494,-0.245962,-0.891421,-0.722400,-0.219588,0.418261,0,1,1,0
0.692481,0.477255,-0.531006,0.720278,-1.225363,-0.225815,1.302463,0,0,0,1
0.601718,0.744482,-0.637680,1.079482,-0.896865,-0.431991,1.204548,1,1,1,0
-0.133160,1.295228,0.410308,0.741233,0.856553,-0.207191,1.025240,0,0,0,1
0.316993,0.855192,0.619436,0.398129,0.180879,-0.116234,1.441211,1,0,0,0
0.547540,0.370941,0.139086,0.689567,0.155124,-0.029884,1.213379,0,1,1,1
0.138290,1.201869,0.145976,-0.587868,-1.211496,-0.128612,0.473392,1,0,0,0
0.536770,0.958016,0.137906,-0.511661,-0.084290,-0.054312,1.264870,0,0,0,1
0.687210,0.426430,-0.881916,-0.839789,-0.220771,-0.232012,1.260441,1,1,1,0
0.193161,0.943002,-0.636987,-0.857133,-0.689146,-0.365451,-0.475528,0,0,0,1
0.450126,0.843179,-0.216547,-0.960795,-0.374386,-0.148696,0.578813,1,0,0,0
0.567050,0.664901,-0.647015,0.090062,-0.586729,-0.178640,1.149562,0,1,1,1
-0.056734,1.083951,0.082130,-0.647957,-0.208311,-0.091173,0.399748,1,0,0,0
0.301137,0.843474,0.425820,-0.058881,-0.312203,-0.064162,0.862450,0,0,0,1
0.447744,0.220675,0.076049,0.634001,0.473182,0.037590,0.856574,1,1,1,0
-0.038351,1.182725,0.009113,-1.222350,-1.133721,-0.262773,-0.456624,0,0,0,1
0.338133,0.771414,0.254482,-0.193566,-0.481788,-0.181973,0.561382,1,1,0,0
0.624771,0.173537,-0.571486,1.945485,-0.397865,-0.365732,1.330951,0,1,1,1
-0.157231,0.902664,-0.019954,1.085290,0.169029,-0.311515,-0.080719,1,0,0,0
0.133223,0.423897,0.459922,1.285666,1.256672,-0.351856,0.667625,0,0,1,0
0.457880,0.527424,-0.288827,1.098531,-0.207138,-0.260601,0.839857,1,1,0,1
0.068448,0.774397,-0.556008,-1.114707,-0.167191,-0.032685,-0.726272,0,0,0,0
0.313823,0.560000,0.010492,-0.539682,-0.034589,-0.243747,0.172715,0,0,0,0
0.702316,0.333344,-0.330864,-0.289791,-0.387894,-0.012384,0.841104,0,0,1,0
0.773825,0.117135,-0.706144,-0.288762,-0.534590,-0.148363,0.760948,0,0,0,1
-0.164757,-0.569330,-0.331950,-2.532491,-1.282594,-0.163598,-1.347562,0,0,0,0
-0.946932,0.412093,-0.097917,-1.322937,-0.681644,-0.364216,-1.755357,1,0,0,0
-0.410300,-0.779304,0.182553,-0.193621,-0.146336,0.463043,-1.758686,0,0,0,0
-0.725565,0.766830,0.150565,-0.609136,-0.548301,-0.193705,-1.649496,0,1,0,0
-0.354346,-0.328400,0.231865,-0.735381,-0.361583,1.152415,-1.709810,0,0,0,0
-0.497487,0.257858,-0.664375,0.435168,-0.629899,-0.125305,-1.639314,0,1,0,0
0.201085,-0.555920,-1.018458,1.045748,-1.380923,-0.027955,-1.327731,0,0,0,0
-0.572379,1.306295,-0.452073,-0.497582,-0.016454,-0.607870,-1.336638,0,1,1,1
-0.304898,-2.201051,-1.322757,2.067446,0.269605,-0.398004,-1.560964,0,0,0,0
-1.041588,-0.805428,-0.688943,0.665543,-0.212216,-0.299160,-1.939258,0,0,0,0
-1.134518,-0.725005,-0.175102,0.636879,0.185044,-0.017335,-1.906938,0,0,0,0
-0.190219,-3.485442,0.099750,-0.466913,-1.907738,0.133545,-1.150614,1,0,1,1
0.570191,-0.929282,0.467309,0.799793,-1.685007,-0.022231,0.708911,0,0,0,1
0.584035,-0.170227,0.799824,0.361590,-0.066261,-0.213597,1.338673,0,0,1,0
0.501506,-0.393391,0.048726,1.299958,0.009290,-0.268453,1.166817,1,1,0,0
-0.005603,0.190580,0.474742,1.542535,0.687811,-0.288518,0.362995,0,0,0,1
0.166961,0.072996,0.329474,1.495632,0.841250,-0.080652,0.937066,1,0,0,0
0.387508,-0.167869,-0.075917,0.912327,0.166891,-0.275570,1.143605,0,0,1,1
0.145853,0.655851,0.406701,-0.563099,-1.297861,-0.067564,0.349545,0,1,0,0
0.328905,0.463078,0.212662,-0.133555,-0.910195,-0.291365,0.821533,0,0,1,0
0.734480,0.412810,-0.420541,-0.121350,-0.634163,0.172775,1.283999,1,0,0,1
0.241311,0.677937,-0.057566,-1.281772,-0.803441,-0.261156,-0.006447,0,1,0,0
0.114194,0.278116,0.158344,0.813622,-0.014691,-0.332315,0.629781,1,0,0,0
0.741163,-1.638470,0.689187,0.462657,-0.601368,-0.009855,1.091486,0,1,1,1
0.463958,0.064547,0.138638,2.060361,-0.651332,-0.293924,0.242366,1,0,0,0
0.270029,0.259282,0.549567,0.783566,0.157272,-0.154796,0.919157,0,1,0,0
0.518399,-0.316256,0.131605,1.006989,0.589951,-0.195185,1.145230,0,0,1,1
0.084360,1.105278,0.454071,-0.759678,-0.927216,-0.080638,-0.017950,1,0,0,0
0.394294,0.603509,0.113764,-0.938548,-0.627260,-0.146625,0.843105,0,0,0,1
0.500102,-0.080753,0.168542,0.874219,0.334899,-0.033872,1.042631,1,1,0,0
0.012803,0.630227,-0.115317,1.031289,0.899111,-0.288120,0.220793,0,0,1,0
0.287030,0.425548,0.090484,1.015098,0.561723,-0.205889,1.009486,0,0,0,1
0.426207,-0.084777,-0.387794,0.793626,0.025214,0.079333,0.835486,1,1,0,0
0.024670,0.408449,0.218570,0.484714,0.571893,-0.197517,0.085907,0,0,1,0
0.546496,0.321514,0.155457,-0.097169,0.084040,-0.175522,1.061938,0,1,0,0
0.582617,0.085876,-0.088615,0.475165,0.125587,-0.325315,0.957294,1,0,0,1
0.000035,0.501325,0.218774,0.879572,1.230600,0.258678,0.347211,0,0,1,0
0.370113,0.411128,0.183513,0.908510,0.363825,-0.063389,0.938650,1,0,0,0
0.440264,-0.085906,-0.487941,1.330012,0.103732,-0.182640,0.953926,0,0,1,1
-0.058505,0.904497,0.242719,0.446958,0.575442,0.069496,0.420430,1,1,0,1
0.570588,0.234728,0.292739,2.144120,-0.799688,-0.286626,0.997857,0,0,1,0
0.586861,-0.032737,-0.526172,0.850394,0.478863,-0.386197,0.922427,1,0,0,1
-0.182842,1.117482,0.731052,0.543408,0.991730,0.003338,0.922753,0,1,0,0
0.266900,0.655979,0.337388,0.753614,1.092124,0.031680,1.150379,1,0,0,0
0.480992,0.155412,-0.146176,1.136005,0.302808,-0.175257,1.025980,0,0,1,1
-0.084814,0.817730,0.032897,1.569324,1.011022,-0.135437,0.423636,0,1,0,0
0.310731,0.441129,0.425368,1.062076,0.896879,-0.187588,1.038498,0,0,1,0
0.523351,0.347743,-0.359808,1.368915,-0.113476,-0.225472,1.146181,1,0,0,1
0.165281,0.869948,-0.299962,-1.006997,-0.383355,-0.157397,0.059970,0,1,0,0
0.316392,0.417812,0.045164,-0.376836,-0.118812,-0.189891,0.762524,0,0,0,1
0.434766,0.009297,-0.230558,0.714588,-0.171326,-0.185980,0.994598,0,1,1,0
-0.161124,1.063325,0.363497,0.504704,0.165076,0.111431,0.105776,1,0,0,0
0.250184,0.521560,-0.048707,0.332687,0.169905,-0.230754,0.787793,0,0,1,0
0.435163,-0.133023,-0.002834,0.777544,0.063826,-0.270275,1.004246,1,1,0,0
-0.008667,0.864374,-0.474380,-0.342231,0.425113,-0.289075,-0.065278,0,0,0,1
0.319713,0.429771,-0.070331,0.686854,-0.155653,-0.258720,0.793656,1,0,1,0
0.609357,-1.082242,-0.625973,2.060895,-0.586845,-0.113577,0.998319,0,1,1,0
-0.107298,0.978656,0.172436,1.635014,1.296573,-0.232646,0.486980,1,0,0,0
0.259005,0.625076,0.447699,0.917515,0.815976,-0.100440,0.983348,0,1,0,0
0.584142,0.249275,-0.305835,0.670631,0.020233,0.032161,1.064165,1,0,1,1
0.039398,1.209367,-0.487246,-0.757753,-0.105876,-0.092757,-0.088177,0,1,0,0
0.392427,0.734535,-0.210559,-0.976373,-0.682883,-0.156058,0.803930,0,0,1,0
0.686568,-0.020081,-0.278417,-0.146508,-0.253637,-0.080315,1.116056,1,0,0,0
0.715536,-0.255198,-0.989874,0.145038,-0.322110,-0.032905,1.056728,0,0,0,1
-0.548273,1.383426,0.249319,-0.760358,0.605395,-0.234899,0.130513,0,0,0,0
-0.793330,1.349328,-0.151545,0.115994,0.670055,-0.372994,0.279355,0,0,0,0
-1.009656,2.127622,0.087695,-1.310659,1.450930,-0.406271,0.245994,0,0,0,0
-0.916056,1.820839,-0.284486,-0.998601,1.195369,-0.422616,0.152761,0,0,0,0
-0.785511,1.417407,-0.529756,-0.240260,0.978759,-0.402718,0.137052,0,0,0,0
-0.566284,0.869996,-0.303525,0.346015,-0.030134,-0.222772,0.094520,0,0,0,0
0.017640,-0.590277,-0.967275,1.863524,-0.404480,-0.307296,0.087741,0,0,0,0
-0.896951,1.290979,-0.537626,-0.438786,1.205701,-0.559635,-0.136836,0,1,1,0
-0.417455,-2.318663,-1.838918,2.256390,0.135430,-0.287084,-1.545889,0,0,0,0
-1.046214,-0.874629,-0.727495,0.780871,-0.045226,-0.348480,-1.919923,0,0,0,0
-1.219768,-0.829837,-0.423434,0.790473,0.106197,-0.095405,-1.970171,0,0,0,0
-1.293715,-0.638017,-0.542433,0.036204,0.234271,0.020746,-2.060922,1,1,1,0
0.787793,-0.611712,0.245645,-0.062667,-1.933097,-0.151151,-0.077756,0,0,0,1
0.657256,0.297904,-0.062955,0.252627,-1.198257,-0.217312,0.988848,1,0,0,0
0.593879,-0.166476,-0.027364,0.856734,0.041320,-0.192153,0.980504,0,1,1,1
0.159064,1.178749,0.397461,-1.055198,-1.278772,-0.125201,0.541861,1,0,0,0
0.449726,0.981600,0.170932,-0.609473,-0.701435,-0.176333,0.711638,0,0,0,1
0.589946,0.261794,-0.628305,0.131451,0.161406,-0.197158,0.861898,1,1,1,0
-0.014816,1.103639,-0.075781,-1.542041,-1.156994,-0.326923,-0.241530,0,0,0,1
0.619275,-0.165413,0.163351,-0.199896,-1.340457,-0.093518,0.285447,1,0,0,0
0.673412,-1.088310,-0.496693,0.743007,-0.818404,-0.234662,0.683009,0,1,1,1
0.026590,0.684130,-0.598130,0.256304,0.129934,-0.168133,-0.692623,1,0,0,0
0.305191,0.240984,0.128235,0.879741,0.326962,-0.178122,0.238670,0,0,0,1
0.587453,-0.009817,-0.149953,0.610907,0.292157,-0.178525,0.774329,1,1,1,0
0.450130,-0.041786,-0.095083,1.717562,-0.841014,-0.168815,-0.124409,0,0,0,1
0.378620,0.523246,0.151986,0.400871,0.075554,-0.391368,0.744803,1,0,0,0
0.512257,-0.105353,-0.313809,0.750925,0.506930,-0.159470,0.775059,0,1,1,1
-0.071341,1.262391,0.014778,-0.946666,-0.788364,-0.027368,-0.649893,1,0,0,0
0.435762,0.729155,0.252782,-0.679231,-0.403684,-0.207307,0.461958,0,0,0,1
0.576751,0.042552,-0.188667,0.770435,0.563360,-0.083729,0.929124,1,1,1,0
-0.095150,0.559340,0.191435,0.908225,0.851176,-0.351500,0.283506,0,0,0,1
0.223348,0.407518,-0.011553,0.829229,0.808337,-0.237954,0.940783,1,0,0,0
0.487202,0.163244,0.068232,0.412406,0.134697,-0.228763,1.022637,0,1,1,1
0.202088,0.923359,0.026570,-1.219524,-1.207620,-0.235317,0.023368,1,0,0,0
0.486526,0.676644,0.147944,-0.481868,-0.655873,-0.296781,0.970961,0,0,0,1
0.585557,0.256270,-0.400633,-0.346734,-0.550790,-0.273461,1.028728,1,1,1,0
0.066425,1.044614,0.031127,-1.190630,-1.028433,-0.036417,0.010112,0,0,0,1
0.385324,0.580405,0.012737,-0.420301,-0.111490,-0.109722,0.908148,1,0,0,0
0.453052,-0.074547,-0.346742,0.612933,0.251248,-0.122836,0.998191,0,1,1,1
-0.040514,1.299070,0.518150,-0.611407,-0.782669,-0.060261,0.641760,1,1,0,0
0.618905,0.361022,0.000876,1.261044,-1.537382,-0.090879,0.998734,0,0,0,1
0.437226,-0.307602,-0.445328,0.721140,0.065306,-0.404702,1.041784,1,1,1,0
-0.023787,1.468171,0.398825,0.095594,-0.085863,0.029637,0.435302,0,0,0,1
0.359292,0.745485,0.254399,0.269277,-0.021459,-0.249266,1.065226,1,0,0,0
0.310800,-0.093597,-0.875813,0.912084,0.531472,-0.200953,1.011040,0,1,1,1
0.157801,1.146336,-0.186117,-0.804763,-0.532178,-0.150841,0.214973,1,0,0,0
0.445092,0.794059,-0.052841,-0.670923,-0.224160,-0.125587,0.929852,0,0,0,1
0.568554,0.512416,-0.489920,-0.360198,-0.578263,-0.069814,1.184917,1,1,1,0
0.248674,1.149289,-0.423494,-1.177191,-0.867289,-0.059783,0.019237,0,0,0,1
0.495174,0.652392,-0.074854,-0.773276,-0.724926,-0.198078,0.810229,1,0,0,0
0.583233,-0.065887,-0.239434,0.380964,0.766888,-0.147826,0.774374,0,1,1,1
0.013772,1.024254,0.162799,-0.668244,0.296397,-0.169507,0.091261,1,0,0,0
0.228805,0.459349,0.241652,-0.020484,-0.026540,-0.097892,0.515363,0,0,0,1
0.480294,-0.398628,-0.240086,0.855682,0.346872,0.072935,0.665365,1,1,1,0
0.023764,1.082341,0.021953,-0.798811,-0.460798,-0.179637,-0.186221,0,0,0,1
0.411415,0.544461,-0.190431,-0.603338,0.083897,-0.242985,0.590315,1,1,0,0
0.701685,-0.404657,-0.136733,1.302556,-0.739921,-0.079981,0.671452,0,1,1,1
-0.022222,0.916504,-0.061090,1.077122,0.626825,-0.346377,-0.134796,1,0,0,0
0.355094,0.552749,0.271488,0.603978,0.859106,-0.227443,0.728916,0,0,0,1
0.676833,0.110048,-0.386844,0.576304,0.236088,-0.107047,0.768312,1,1,1,0
0.121027,1.010684,-0.505265,-1.118495,-0.207673,-0.086163,-0.213672,0,0,0,1
0.484762,0.614251,-0.036978,-0.503422,-0.208564,-0.248081,0.585440,0,1,0,0
0.705501,-0.090109,-0.565664,-0.239208,-0.052124,0.057911,0.628646,1,0,0,0
0.674046,-0.336295,-0.876014,0.555059,-0.163156,-0.026357,0.534998,0,0,1,1
-0.127207,-1.123339,0.392353,0.335976,0.060249,0.216770,-1.263898,1,1,0,0
0.252534,-0.580899,-0.609577,0.278856,-0.595821,-0.020682,0.019346,0,0,0,1
0.606136,0.689720,0.214554,0.203629,-0.305974,-0.018505,0.980464,0,0,1,0
0.775424,0.229534,-0.606244,0.697884,0.153160,-0.193671,0.404239,0,1,0,1
0.274662,1.008698,-0.644616,-0.439398,0.338619,-0.286548,0.093160,0,0,1,0
0.479648,0.242580,-0.294628,-1.200922,0.046499,0.370542,1.242920,1,1,0,0
0.792477,-0.008125,-0.587468,-0.404347,-1.158306,-0.220373,1.472844,0,0,1,0
0.697034,0.354341,-0.867822,0.083558,-0.574431,-0.323753,1.544170,0,1,0,1
0.231150,0.798820,-0.397692,-1.811786,-0.277444,-0.163167,-0.066743,1,0,0,0
0.353246,0.917459,-0.175750,-0.867176,0.082421,-0.209072,1.289758,0,1,0,0
0.370612,0.312721,-0.087083,0.505375,0.997547,-0.119793,1.571226,1,0,0,0
0.553606,-0.125093,-0.785495,0.538046,0.674049,-0.383107,1.711532,0,0,1,1
0.810883,-0.123608,-0.318634,0.019852,-0.982540,-0.048904,-0.237523,0,1,0,0
0.325408,0.268963,0.312669,0.742370,1.145173,-0.444613,0.560245,1,0,0,1
0.567320,-0.133669,0.139278,0.538349,0.997583,-0.248752,0.976596,0,0,1,0
0.728851,0.023428,-0.438503,0.827999,0.394848,-0.196399,1.078347,1,1,0,0
0.489564,0.094390,0.872442,-0.404128,-0.163358,-0.011225,0.510222,0,0,0,1
0.626532,-0.118800,0.453928,-0.995291,-0.519806,-0.269472,1.204917,0,1,0,0
0.661696,-0.685731,-0.109394,0.342944,0.391889,-0.316242,1.036167,0,0,1,0
1.020915,-0.617686,-0.293038,-0.498958,0.151750,-0.321178,1.227574,0,1,0,1
0.767871,-0.515461,0.613598,-1.199759,-0.481727,-0.064963,0.186080,0,0,1,0
0.598119,-0.976257,1.190486,-0.010111,0.233891,-0.335450,1.314875,1,0,0,1
0.981437,-0.821497,0.578066,-0.608405,-0.946729,-0.320280,1.575730,0,0,1,0
0.965831,-0.613305,0.729699,-0.973399,-0.550479,-0.136235,1.627741,1,1,0,0
0.694360,-0.093013,-0.432763,-0.663918,-1.773682,0.103457,-0.142511,0,0,0,0
0.818847,0.195822,-0.814016,0.766934,-0.541864,-0.191941,0.712865,0,0,0,0
0.811116,-0.730809,0.573976,0.389053,-1.495752,0.038329,0.347467,0,0,0,0
0.516150,-0.026308,0.305688,0.649816,-0.929679,-0.187912,0.732976,0,0,0,0
0.711962,0.266868,-0.624887,0.414496,-0.122385,-0.065972,0.783109,0,0,0,0
0.459987,-0.298408,0.231087,0.849669,-1.065938,-0.329568,0.502032,0,0,0,0
0.731218,0.113596,-0.302639,0.020018,-0.355267,-0.148807,1.142822,0,0,0,0
0.780791,-0.374393,-1.249178,0.300284,0.322935,-0.189142,0.634242,1,0,0,1
0.603285,-1.050384,0.675228,1.160025,-0.938764,0.042511,-0.016877,0,0,0,0
0.676937,-0.134291,0.000556,0.670629,-0.387850,-0.392683,0.820126,0,1,0,0
0.982769,-0.376826,-0.436824,0.446682,0.004512,-0.200711,1.047452,0,0,0,0
0.434807,0.594008,-0.685336,-0.171998,0.384285,-0.281073,1.106420,0,0,1,1
0.366726,0.383902,-0.543133,-0.652125,-0.296544,-0.235542,-0.008465,0,0,0,0
0.505951,0.527454,-1.039814,0.873135,-0.321952,-0.462713,0.802104,0,0,0,0
0.967219,-0.409187,-0.701725,0.742767,0.153905,-0.259794,1.179188,0,0,0,0
0.378604,1.069272,-0.586615,-0.065108,-0.016911,-0.264081,1.166942,1,1,0,0
0.432797,-0.339796,0.171805,0.370970,-1.284206,-0.361999,-0.303295,0,0,0,0
0.503087,0.354913,-0.616486,0.829640,-0.407416,-0.389042,0.724881,0,1,0,0
0.901499,-0.096337,-0.393416,0.838468,0.042439,-0.148245,1.201081,0,0,0,0
0.225039,1.068560,-0.732201,0.034303,-0.062060,-0.350735,1.050013,0,0,1,1
0.086645,0.686740,0.186287,0.102696,-0.330924,-0.364773,-0.261528,0,0,0,0
0.366253,0.477508,-0.757093,0.754747,-0.910286,-0.455248,0.851229,0,0,0,0
0.888386,-0.051397,-0.729607,1.201898,-0.637813,-0.095109,0.925602,0,0,0,0
0.212474,1.018756,-0.299818,0.645807,0.393320,-0.352872,1.201142,1,1,0,0
0.056603,0.522356,0.268362,0.726870,0.581604,-0.469916,-0.211436,0,0,0,0
0.423171,-0.009432,-0.190831,1.036221,0.390416,-0.291781,0.795247,0,1,0,0
0.785648,-0.477604,-0.211280,0.957653,0.457496,0.100129,1.022310,0,0,0,0
-0.025136,0.853790,-0.735771,0.766719,0.740695,-0.250963,1.021681,0,0,1,1
-0.055765,0.091479,0.036170,1.055099,0.603112,-0.372042,-0.290105,0,0,0,0
0.269482,0.357870,-0.479389,1.751490,-0.142992,-0.465851,0.819823,0,0,0,0
0.825119,-0.840458,-0.371653,1.168714,0.069138,0.166353,1.128606,0,0,0,0
0.149116,0.927102,-0.782292,0.028337,0.430195,-0.177140,1.055206,1,1,0,0
0.175250,-0.868154,0.292268,1.125451,-1.067018,-0.259416,-0.383543,0,0,0,0
0.435673,-0.516885,0.246270,0.529840,0.232619,-0.391822,0.781809,0,1,0,0
0.797034,-0.763014,0.201085,0.720196,-0.521951,1.776288,1.085083,0,0,0,0
0.073718,0.676862,-0.643032,0.411486,0.479969,-0.375053,0.984273,1,0,0,1
0.244513,-0.774025,-1.554033,-1.231563,0.574353,-0.205013,-0.801527,0,0,0,0
0.274400,-0.896891,-2.042802,-2.041285,-0.349390,-0.211702,-1.367837,0,0,0,0
0.185994,-0.690923,-1.165954,-1.356475,-0.030059,-0.278076,-1.429794,0,0,0,0
0.219040,-0.895856,-1.832145,-2.108876,-0.256474,-0.352039,-1.432193,0,0,1,1
0.026074,0.188214,-0.671799,-0.095662,0.148732,-0.382342,-0.422360,0,0,0,0
0.430253,-0.623363,-0.253220,0.415973,0.007621,-0.492315,0.638467,0,0,1,0
0.706411,-1.025325,-0.089449,0.753282,-0.191575,0.999651,1.104457,0,0,0,0
0.027459,0.832497,-0.998333,0.790682,0.729452,-0.365865,0.962735,1,1,0,0
-0.038046,0.064732,-0.195072,0.444824,0.129806,-0.298464,-0.491498,0,0,0,0
0.436442,-0.215040,0.726530,0.582505,0.132492,-0.408387,0.793046,0,0,0,0
0.815181,-1.012757,-0.091724,1.326269,-0.059554,0.703650,1.083662,0,0,0,0
0.021906,0.524372,-0.732562,0.542967,0.620029,-0.094225,0.997003,0,0,1,1
0.233205,-0.720904,0.642013,1.121922,-0.239962,-0.008047,-0.380728,0,0,0,0
0.328572,-0.523030,-0.400068,0.542212,0.116902,-0.424246,0.735714,0,0,1,0
0.824209,-1.159856,-0.081434,1.502894,-0.098761,-0.143651,1.147638,0,0,0,0
-0.118851,0.708828,-0.859030,1.421876,0.901720,-0.365474,1.102149,1,1,0,0
-0.136804,0.127081,-0.377823,1.341989,0.605788,-0.357790,-0.414307,0,0,0,0
0.381580,-0.234308,0.434437,0.622870,0.345291,-0.324331,0.860507,0,0,0,0
0.750119,-0.703287,0.101877,1.926487,-0.335310,1.273791,1.178829,0,0,0,0
0.026342,0.798423,-0.752478,1.010962,0.626072,-0.263373,1.018215,0,0,1,1
-0.167844,0.062152,0.488997,1.216243,1.022795,-0.341206,-0.440479,0,0,0,0
0.414369,-0.459528,0.591860,0.885509,0.214692,-0.314133,0.863571,0,0,1,0
0.837623,-1.071492,0.025115,1.210258,-0.457305,-0.375871,1.085899,0,0,0,0
-0.016496,0.976231,-0.701109,1.156023,0.612196,-0.129580,1.038989,1,1,0,0
-0.176095,0.229080,0.050378,1.673473,0.216293,-0.298308,-0.377171,0,0,0,0
0.349275,-0.698704,0.413781,0.916346,-0.091199,-0.380407,0.819372,0,0,0,0
0.766239,-0.774396,0.028196,1.120965,-0.517966,1.406054,1.034823,0,0,0,0
0.101311,0.900329,-0.590206,0.410086,0.533433,-0.337705,1.064800,0,0,1,1
0.102349,-0.475516,0.400045,0.954634,-1.286945,-0.087130,-0.377043,0,0,0,0
0.398154,-0.311210,-0.014537,0.586756,0.417202,-0.337190,0.759471,0,0,1,0
0.819043,-0.729805,-0.622206,1.203223,0.616788,-0.042204,1.087479,0,0,0,0
0.043885,0.564554,-0.608472,0.284003,0.604279,-0.276033,1.057766,1,1,0,0
-1.844198,1.384995,0.409190,-1.322013,2.061933,-0.635466,-1.000825,0,0,0,0
-1.184621,1.524339,-0.189100,-1.045493,1.551155,-0.251558,-0.621024,0,0,0,0
-1.115077,2.161701,-0.014402,-1.285734,1.588679,-0.442502,0.216015,0,0,0,0
-1.234831,2.314770,0.222784,-1.248767,1.888300,-0.517579,0.288236,1,1,0,0
-0.101292,0.012560,0.035501,0.522313,-0.162279,-0.375834,-0.478275,0,0,0,0
0.242095,-0.036409,-0.509259,0.941760,-0.416491,-0.243014,0.705145,0,1,0,0
0.855726,-0.585419,-0.626329,1.127824,0.194592,-0.360565,1.039582,0,0,0,0
0.111792,0.653412,-0.923088,0.490450,0.615543,-0.375699,1.130982,0,0,1,1
-0.099518,0.049180,-0.245158,0.134217,0.006422,-0.123287,-0.518239,0,0,0,0
0.428218,0.067546,-0.354848,0.210953,-0.182627,-0.439142,0.648955,0,0,0,0
0.871664,-0.613997,-0.411642,0.162663,0.098825,1.649672,1.165667,0,0,0,0
0.195605,0.609351,-0.473304,0.390595,0.064712,-0.343333,1.052091,1,1,0,0
0.282597,-0.775379,0.362596,0.209817,-1.206844,-0.321610,-0.463933,0,0,0,0
0.400015,-0.167637,-0.266299,0.576253,0.414787,-0.494216,0.817121,0,1,0,0
0.872435,-0.340789,-0.750938,0.795395,-0.581323,-0.374451,1.012162,0,0,0,0
0.114106,0.783411,-0.428548,0.385337,0.465669,-0.220760,0.977249,1,0,0,1
-0.598316,-2.761040,-1.768557,2.250552,1.391843,0.824868,-0.800910,0,0,0,0
-1.053703,-1.870104,-3.789048,2.251972,2.315234,-0.173028,-1.501537,0,0,0,0
-0.868668,1.342594,-3.371526,-2.194796,2.759539,0.218867,-1.529394,0,0,0,0
-0.999610,1.655819,-4.086264,-3.519432,3.116143,0.769493,-1.459707,0,0,1,1
-0.067274,0.145972,-0.615594,0.842580,-0.032562,-0.228259,-0.457602,0,0,0,0
0.372329,0.461868,-0.795145,0.814588,-0.417540,-0.381978,0.835576,0,0,1,0
0.892986,-0.406941,-0.672234,0.809649,0.166491,0.273495,0.983623,0,0,0,0
0.079125,0.533586,-0.718667,0.707577,0.475103,-0.138941,1.024816,1,1,0,0
-0.182961,0.018957,-0.257202,0.352357,-0.118226,-0.350613,-0.443289,0,0,0,0
0.341639,0.002508,-0.949375,0.383945,-0.519573,-0.590746,0.673023,0,0,0,0
0.937458,-0.814346,-0.665810,0.579703,0.370318,0.392726,1.173433,0,0,0,0
0.104378,0.529547,-1.014783,0.559961,0.470890,-0.384734,1.024534,0,0,1,1
0.176059,-0.617087,-0.062537,0.921799,-1.240475,-0.302366,-0.449962,0,0,0,0
0.508970,-0.167346,-0.353354,0.512930,0.337150,-0.435540,0.647701,0,0,1,0
0.773342,-0.462561,-1.224929,1.072916,-0.047339,0.044305,1.185681,0,0,0,0
0.078343,0.403297,-0.791378,0.528875,1.074022,-0.369450,0.971090,1,0,1,0
-1.761714,2.427395,0.182464,-3.045108,3.260318,-0.152496,-0.607302,0,0,0,0
-0.979422,1.933856,-0.613328,-0.533483,1.643808,-0.136238,0.551491,0,0,0,0
-0.786937,1.619865,-0.371111,-0.242139,1.365420,-0.445316,0.418896,0,0,0,0
-0.835375,1.975904,-0.638837,-0.422671,1.409233,-0.486273,0.238794,0,0,1,1
-0.186850,0.070147,-0.697549,0.446587,-0.025374,-0.307457,-0.563493,0,0,0,0
0.456642,-0.069012,-1.015015,0.176191,0.008681,-0.400809,0.668960,0,0,0,1
0.786123,-0.669484,-0.743594,0.847413,0.389453,0.293718,1.069192,0,0,0,0
0.439681,-0.392907,-0.501057,0.790685,0.500761,-0.404121,0.995457,1,0,0,1
0.018465,-0.096287,-0.630315,-0.193194,0.105960,-0.305812,-0.557264,0,0,0,0
0.456976,-0.185601,-0.557865,0.644028,0.664817,-0.421216,0.795000,0,0,1,0
0.901790,-0.769796,-0.596655,0.893630,0.054270,-0.243587,1.105910,0,0,0,0
0.372169,-0.285789,-0.491108,0.925783,0.366749,-0.356757,1.116776,0,0,1,1
0.300346,-0.528662,-0.436106,1.444891,-0.771017,-0.061270,-0.418521,0,0,0,0
0.598652,-0.494904,-0.654873,0.973601,0.671926,-0.392543,0.739090,0,0,0,1
0.867002,-1.048012,-0.686761,0.679429,0.289760,0.352974,1.107126,0,0,0,0
0.697345,-0.509873,-0.388508,0.601579,0.186065,-0.316296,1.143158,1,0,0,1
0.420784,-1.012718,-0.366983,0.533625,0.609272,-0.314207,-0.343158,0,0,0,0
0.765413,-0.974334,-0.314674,0.517116,0.370382,-0.259830,0.905225,0,0,1,0
1.018900,-1.342128,-0.552638,0.781438,-0.005940,-0.157217,1.141482,0,0,0,0
0.831707,-1.385464,-0.127119,0.120455,0.595550,-0.176306,0.868474,1,0,1,1
0.343279,-0.627819,0.508127,0.898122,-0.729726,-0.079970,0.057140,0,0,0,0
0.210125,-0.060345,-0.152235,1.152356,-0.076228,-0.191776,-0.038481,0,0,0,0
0.373943,0.312773,-0.659223,0.748191,0.141078,-0.116656,0.856545,0,0,0,0
-1.574006,0.537409,0.908470,0.469807,0.269254,-0.579005,-1.425803,0,1,1,1
0.351678,-0.549502,0.230792,1.161784,-0.461851,0.212315,0.123022,0,0,0,0
0.194291,-0.016764,-0.029656,1.218523,0.037816,-0.203942,-0.094311,0,0,0,0
0.399689,0.141444,0.016697,0.443904,0.108067,-0.165680,-0.017902,0,0,0,0
-1.436318,-1.773598,1.894438,-1.230809,2.098209,-0.694187,-1.727952,1,1,0,1
0.400866,-0.306905,0.543322,0.831519,-1.736871,-0.215756,-0.262099,0,0,0,0
0.230053,0.196660,0.000842,0.850086,-0.973344,-0.379237,-0.508789,0,0,0,0
0.379913,0.099283,-0.629563,0.387069,0.187138,-0.146350,0.120266,0,0,0,0
-1.327027,1.057680,0.849773,-4.102826,-1.007762,-0.240014,-1.235166,1,1,1,0
0.499384,-0.637631,-0.107933,0.738673,-1.730707,0.444588,0.162194,0,0,0,0
0.527824,0.045610,-0.716285,0.674711,-1.489274,-0.108078,-0.116892,0,0,0,0
0.871312,-0.519837,-1.041334,1.023492,-1.388362,-0.170597,0.364068,0,0,0,0
0.438042,-2.591091,-1.330837,1.668271,-0.295992,-0.250405,-0.765992,1,0,1,1
0.909008,-0.257793,0.263381,0.295007,-1.756711,-0.132656,0.781278,0,0,0,0
0.760523,0.101952,0.240833,0.185695,-0.925894,-0.464512,0.453154,0,0,1,0
1.077048,-0.519409,-0.716784,-0.292928,-0.213320,-0.345291,0.114492,0,0,0,0
0.941462,-0.076141,-0.887935,0.116598,-0.409323,-0.154301,1.080897,1,0,1,1
0.695376,0.206075,-0.461987,1.133601,-1.100735,-0.188474,0.525381,0,0,0,0
0.559828,0.309177,0.135367,0.113791,-0.035384,-0.509226,0.722090,0,0,0,0
1.187313,-0.730603,-0.081044,-0.053292,-1.508917,0.050929,0.612830,0,0,0,0
0.915702,-0.668709,0.256338,0.249621,-1.132898,-0.397944,1.020350,1,1,0,0
0.506743,0.834312,-0.087248,-1.503275,-1.734094,-0.346657,0.518926,0,0,0,0
0.764824,0.329117,-0.111203,-0.617547,-0.999049,-0.343292,0.553964,0,1,0,0
1.218400,0.137023,-0.252173,-0.635496,-0.534378,-0.243130,1.126079,0,0,0,0
0.920425,0.589330,-0.366354,-0.047528,-0.567638,-0.251431,1.191800,0,1,1,1
0.732845,0.321924,-0.449818,0.727430,-1.634616,-0.342053,0.801673,0,0,0,0
0.645816,0.308966,-0.248884,-0.414944,-0.472213,-0.356436,0.539594,0,0,0,0
1.016923,-0.043592,-0.162906,-0.121736,-0.402296,0.270862,0.350124,0,0,0,0
0.691489,0.438120,-0.723275,0.135352,-0.479175,-0.327536,0.762704,0,0,1,1
0.488361,0.899932,-0.364462,-0.560228,-0.766265,-0.123662,0.769940,0,0,0,0
0.654436,0.540349,-0.343454,-0.985757,-0.568254,-0.407264,1.069774,0,1,0,0
1.080157,-0.268229,-0.559123,-0.512115,-0.097735,-0.247629,0.486368,0,0,0,0
0.579561,0.200025,-0.912918,0.386322,-1.173163,-0.306381,1.129916,1,0,1,1
0.633487,0.365981,-0.196696,0.787635,-1.609988,-0.260901,0.511467,0,0,0,0
0.514231,0.504956,0.094837,-0.247246,-0.301739,-0.434962,0.425358,0,0,1,0
1.129271,0.272184,-0.047257,-0.566246,-0.650547,0.675973,1.215988,0,0,0,0
0.936485,0.609271,-0.864384,-0.926835,-0.530022,-0.374391,1.261662,0,0,1,1
0.512797,1.271240,-0.163008,-1.091574,-1.080237,-0.326723,0.586608,0,0,0,0
0.744392,0.825039,-0.538131,-1.329832,-0.535019,-0.411983,0.609635,0,0,0,0
1.174154,-0.119882,-0.656206,-0.629805,-0.265492,0.075527,0.492173,0,0,0,0
0.948561,0.292492,-1.026781,-0.799911,-0.275727,-0.188940,1.523948,1,0,1,1
0.953499,-0.288662,-1.042274,-1.154879,-1.608231,-0.159436,0.167968,0,0,0,0
0.681908,0.496396,-0.529688,-1.141355,-0.065995,-0.462006,0.845576,0,0,0,0
1.195634,-0.764587,-0.468343,-0.340399,-0.187173,-0.088703,0.573790,0,0,0,0
0.896445,-1.135700,0.287551,-0.780797,-1.137751,-0.214233,1.243115,0,1,0,1
0.315540,0.864772,-0.400862,-0.714913,-0.039131,-0.277706,-0.195144,0,0,0,0
0.710569,0.138138,-0.278669,-0.946013,0.011475,-0.481654,0.438221,0,0,1,0
1.113728,-0.383266,-0.502847,-0.767973,-0.345155,-0.054602,0.496632,0,0,0,0
0.854890,0.206967,-0.743954,-0.625479,-0.009742,-0.176788,0.946518,1,1,1,0
0.519886,-0.250200,-0.572117,0.304874,-0.883469,-0.362335,-0.657113,0,0,0,0
0.405113,-0.184313,-0.112200,-0.562891,-0.320142,-0.413798,-0.626037,0,0,0,0
1.167955,-0.024524,-0.538429,-0.758739,-0.430725,0.062779,0.879928,0,0,0,0
0.605282,0.147024,-0.706693,0.474812,-0.079110,0.021242,0.766846,1,0,1,0
-0.022028,0.382160,0.229385,-0.433677,0.164802,-0.160555,-0.454597,0,0,0,0
0.454033,0.709513,0.121126,-0.548279,-0.567151,-0.451770,0.179837,0,0,1,0
1.026067,0.245896,-0.482897,0.936524,-0.343130,0.952408,0.643880,0,0,0,0
0.698758,0.682191,-0.128618,0.337722,-0.515766,-0.226329,1.139726,1,0,1,1
0.423565,-0.114793,-0.319951,1.269168,-1.224431,-0.118369,-0.186808,0,0,0,0
0.413838,0.692032,-0.297249,0.273725,0.000809,-0.476279,-0.039292,0,0,0,0
1.008342,-0.493959,-0.649566,-0.161422,0.139691,0.000712,0.319490,0,0,0,0
0.631734,0.766921,-0.992869,0.922299,-0.947352,-0.209638,0.829582,0,0,1,1
0.011467,0.930356,-0.270446,-0.441882,0.875464,-0.273961,-0.307262,0,0,0,0
0.470955,-0.187115,-0.577242,0.198770,0.993603,-0.353608,-0.206035,0,1,0,0
0.991903,-0.652794,-1.478408,-1.083313,-0.061110,0.285519,0.552948,0,0,0,0
0.760968,-0.158462,-1.449584,-0.446333,-0.013365,-0.429347,0.961306,1,1,0,1
0.445229,-0.523790,-1.620729,0.410468,-0.475390,-0.394367,-1.010718,0,0,0,0
0.104223,-0.577855,-1.064692,0.099336,0.654617,-0.315833,-0.392539,0,0,1,0
1.163341,0.025159,-0.203693,0.779724,0.388940,0.104660,0.980429,0,0,0,0
1.030146,0.127632,-1.118716,0.716060,-0.562225,-0.234640,1.386791,1,1,0,0
0.122965,0.936952,-0.334014,0.639264,0.025054,-0.278255,0.506366,0,0,0,0
0.438743,0.518721,-0.062903,0.492625,0.504066,-0.505998,0.936637,0,0,0,0
1.187555,0.208835,-0.224511,-0.275888,-0.046482,1.089387,1.110199,0,0,0,0
0.706098,0.506130,-0.457713,0.943278,-0.306082,-0.317340,1.091861,1,1,0,1
0.564018,-0.549982,0.380563,2.081409,-0.517266,-0.230684,0.508588,0,0,0,0
0.436637,0.588835,-0.048478,0.909345,0.719187,-0.432539,0.682321,0,0,0,0
1.173631,-0.263379,-0.741412,-0.376021,-0.123877,0.107766,0.617365,0,0,0,0
0.915606,0.694568,-0.748264,-0.056859,-0.545089,-0.053441,1.219257,1,0,0,1
0.392126,0.885820,-0.564973,-0.635033,-0.615071,-0.314557,0.109327,0,0,0,0
0.670975,0.561866,-0.340932,-0.831998,-0.393633,-0.419267,0.203373,0,0,1,0
1.063338,-0.197890,-0.541103,-0.386870,-0.121373,0.351970,0.594119,0,0,0,0
0.979136,0.100448,-1.648470,-0.769063,-0.334993,-0.181426,1.181694,1,0,1,1
0.338711,-0.559316,-1.221767,0.440422,-1.080748,-0.414986,-1.088096,0,0,0,0
0.232945,-0.140475,-0.876586,-0.240335,0.433133,-0.276695,-0.337839,0,0,0,0
1.153348,-0.181869,-0.681018,-0.712506,-0.361344,0.486958,0.945376,0,0,0,0
0.757116,0.554324,-0.573576,0.811310,-0.402492,-0.336386,1.356874,1,1,0,0
0.288765,0.858436,-0.288813,-0.347145,-0.221576,-0.175022,0.377162,0,0,0,0
0.503546,0.467660,-0.105382,-0.247804,0.092758,-0.579340,0.475743,0,0,1,0
1.168169,0.075851,-0.129773,0.283177,-0.136946,-0.278458,0.890534,0,0,0,0
0.825869,0.481770,-0.553140,0.131402,-0.573372,-0.196537,1.363452,1,0,1,1
0.468507,-0.006678,-0.021765,1.803085,-0.611040,-0.323002,0.343473,0,0,0,0
0.409774,0.713806,0.197262,0.541553,0.160970,-0.465844,0.269612,0,0,0,0
1.114635,-0.026497,-0.562041,-0.632176,-0.793361,0.380324,0.768640,0,0,0,0
0.803352,0.500743,-0.805786,-0.012817,-0.461392,-0.321366,1.169226,0,1,1,0
0.257150,0.803179,-0.302054,-0.339695,0.072108,-0.304178,-0.356416,0,0,0,0
0.467446,0.377795,-0.129943,0.013287,0.187149,-0.521449,-0.016580,0,0,0,1
1.024363,-0.338015,-0.798883,-0.543223,-0.224001,-0.276986,0.227754,0,0,0,0
0.949147,0.054110,-1.199851,0.195856,-0.049308,-0.361420,0.790178,1,0,1,1
0.470148,-0.435827,-1.716475,0.499073,-0.761523,-0.405219,-1.072460,0,0,0,0
0.359563,-0.176510,-0.503485,-0.586279,-0.302432,-0.296449,-0.687355,0,0,1,0
1.112445,0.000744,-0.716764,0.169180,0.071833,0.289523,0.677497,0,0,0,0
0.616463,0.924946,-0.441058,1.150593,-0.110359,-0.314496,1.076028,0,0,1,1
0.160894,1.438452,-0.203747,-0.750409,-0.466046,-0.225412,1.328558,0,0,0,0
0.495685,0.694328,-0.164484,-0.453545,-0.296561,-0.359684,1.023263,0,0,0,0
1.111611,0.122236,-0.136970,0.143211,0.251893,0.051141,1.238990,0,0,0,0
0.718620,0.499063,-0.454645,0.572215,0.349264,-0.266354,1.439473,1,1,0,0
0.640315,-0.280572,-0.083370,0.779186,-1.384343,-0.211267,0.476525,0,0,0,0
0.611072,0.965011,-0.421125,-1.077920,-0.407465,-0.122960,0.485479,0,0,1,0
1.047774,-0.233105,-0.611338,-0.186795,0.581410,0.424548,0.778246,0,0,0,0
0.712615,0.428456,-0.588853,0.483408,-0.027414,-0.211884,1.277615,1,1,0,0
0.045616,1.311498,-0.367719,-0.662447,-0.423560,-0.358593,0.505791,0,0,0,0
0.538146,1.112863,-0.278619,-1.137584,-0.433419,-0.354039,1.462404,0,0,1,0
1.067106,-0.130912,-0.468487,-0.476169,-0.220458,-0.123763,1.109694,0,0,0,0
0.697486,0.552026,-0.613919,0.283047,-0.439374,-0.181874,1.167810,0,1,1,1
0.551833,0.271114,-0.272716,0.101551,-2.044584,-0.371414,0.912132,0,0,0,0
0.375791,0.702229,0.165533,-1.417349,-1.297824,-0.458405,1.577593,0,0,0,0
0.965139,0.055290,-0.202096,-0.250245,-0.103009,1.435466,1.761193,0,0,0,0
0.717184,0.836122,-0.709704,-0.273810,-0.649569,-0.092214,1.660685,0,0,0,1
0.221268,1.102793,-0.371158,-1.269140,-1.269561,-0.394600,1.500386,0,0,0,0
0.670704,0.898606,-0.272034,-0.878172,-1.122883,-0.418732,1.001999,0,0,0,0
1.160785,0.112586,-0.459687,-0.799438,-0.607260,0.244645,1.126652,0,0,0,0
0.894947,0.442596,-0.585178,-0.370388,-0.401255,-0.269215,1.327111,1,1,0,1
0.756610,0.220956,-0.475921,0.071601,-1.574102,-0.310539,0.452017,0,0,0,0
0.747175,0.291082,-0.296498,-0.312296,-0.544659,-0.435837,0.293105,0,0,0,0
1.209371,-0.259851,-0.462602,-0.460761,-0.417940,-0.083150,0.972733,0,0,0,0
1.135593,0.098427,-0.336977,0.097970,-0.880202,-0.198694,1.227880,0,0,1,1
0.561534,1.207705,-0.202575,-0.158894,-0.421821,-0.350521,0.148840,0,0,0,0
0.507032,0.740689,-0.131904,-0.359595,0.029371,-0.395515,0.147360,0,1,0,0
1.111197,0.130202,-0.213337,-0.760519,-0.380838,0.017696,0.810300,0,0,0,0
0.719239,0.532067,-0.147336,0.115824,-0.209092,-0.324004,1.116276,1,1,0,1
0.548730,0.102242,-0.251505,1.243627,-1.420276,-0.071019,-0.384672,0,0,0,0
0.514459,0.502308,0.025540,-0.349189,-0.460358,-0.199602,0.009516,0,0,0,1
1.132792,-0.194477,-0.308355,0.309303,0.199591,-0.013032,0.650606,0,0,0,0
0.609154,0.124384,-0.258932,0.313632,-0.112230,-0.320051,1.088874,0,0,1,1
0.317476,1.325157,0.251480,0.402174,-0.785509,0.026464,-0.284202,0,0,0,0
0.394343,0.143941,-0.238253,-0.679763,0.040619,-0.305871,-0.061850,0,0,0,0
1.142266,-0.111524,-0.470965,0.198240,-0.277080,1.117973,0.709913,0,0,0,0
0.925621,0.327339,-1.597611,0.332639,-0.966195,-0.263501,1.203889,1,0,0,1
0.831427,-0.531639,-1.350881,-0.664084,-0.767050,-0.010947,-0.131066,0,0,0,0
0.599934,-0.072013,-0.274333,-0.084425,-1.041229,-0.546549,0.044905,0,0,0,0
1.315232,-0.840671,-0.192738,0.359126,-0.382011,-0.127600,0.801745,0,0,0,0
1.016860,-1.296548,-0.168487,0.850720,-1.060875,-0.362763,1.305400,0,0,1,1
0.511788,1.309138,-0.461686,-0.390797,-0.598971,-0.311922,0.833338,0,0,0,0
0.899082,0.501579,0.116102,-0.035954,-0.617610,-0.309897,0.724450,0,1,0,0
1.125332,-0.072814,-0.426025,-0.531795,-0.263290,-0.047085,0.641399,0,0,0,0
0.696096,0.120906,-0.789814,0.171689,-0.390351,-0.239135,0.946426,1,1,0,1
0.669788,0.141311,-0.280753,0.896830,-1.101360,-0.375655,0.798531,0,0,0,0
0.559928,0.465614,0.005008,0.195143,-0.618435,-0.518284,0.929299,0,0,0,0
1.179618,-0.753300,-0.218129,-0.556186,-0.720454,0.055858,0.695990,0,0,0,0
0.955304,-1.094634,0.400521,-0.744444,-0.778641,-0.121209,1.160511,1,0,0,1
0.559176,0.828464,-0.371072,-0.403328,-1.195153,-0.329324,0.700155,0,0,0,0
0.742318,0.074426,-0.268301,-0.768355,-0.772818,-0.493893,0.786950,0,1,0,0
1.234669,0.203886,-0.362152,-0.742213,-0.721876,0.355692,1.254621,0,0,0,0
0.868888,0.496251,-0.809957,-0.719736,-0.961414,-0.256251,1.259264,1,1,0,1
0.738159,0.117491,-0.633471,0.297308,-1.310584,-0.304846,0.294820,0,0,0,0
0.708480,0.566361,-0.091484,-0.041491,-0.098822,-0.383367,0.674031,0,0,0,0
1.100855,0.096718,-0.442253,-0.828643,-0.809984,-0.056899,1.000434,0,0,0,0
0.837742,0.733168,-0.130289,-0.186988,-1.050025,-0.144019,1.367011,0,1,0,1
0.357076,0.717788,-0.387021,-1.456831,-1.148770,-0.364656,0.481507,0,0,0,0
0.632591,0.546858,-0.256276,-1.274497,-0.899530,-0.335743,0.659211,0,1,0,0
1.229186,-0.852534,-0.352265,-0.831715,-1.019998,-0.165619,0.452549,0,0,0,0
0.979920,-0.810343,0.061612,-0.140586,-1.335693,-0.084358,0.938040,1,1,0,1
0.667539,0.272533,-0.347162,0.928122,-1.329845,-0.319597,0.279676,0,0,0,0
0.755306,0.430571,0.353935,-0.080577,-0.367521,-0.474842,0.928311,0,0,0,0
1.135462,-0.204526,-0.492827,-0.502451,0.114895,0.097863,0.971077,0,0,0,0
0.748169,0.450889,-0.433496,0.034812,-0.189103,-0.370688,1.014345,1,0,0,1
0.505251,0.845451,-0.531557,-0.734841,-0.319499,-0.344725,0.462567,0,0,0,0
0.708259,0.423051,-0.145562,-1.054927,-0.520017,-0.360828,0.714145,0,0,0,0
1.194658,0.074132,-0.234829,-0.348455,-0.113695,-0.233361,0.560876,0,0,0,0
0.934029,-0.739434,-0.483750,-0.351686,0.084392,0.007363,0.796802,1,1,0,1
0.792946,-0.236393,-0.344595,0.651474,-1.766477,-0.237395,-0.090789,0,0,0,0
0.628334,0.643205,-0.131432,-0.485670,-0.798108,-0.370663,1.286050,0,0,0,0
1.084876,-0.110470,-0.354425,-0.792704,-0.480602,0.151368,1.200132,0,0,0,0
0.668633,0.649379,-0.790531,-0.441783,-0.547949,-0.187124,1.618472,1,1,0,0
0.067286,1.687624,-0.166798,-1.014931,-0.379998,-0.242143,0.998880,0,0,0,0
0.430992,0.735654,-0.192937,-0.745067,0.006410,-0.505553,0.888745,0,0,1,0
1.122942,0.007858,-0.698494,-1.046945,-0.262696,-0.242002,0.750228,0,0,0,0
0.680998,0.457277,-0.127133,0.459504,-0.230982,-0.219826,1.029767,1,0,1,1
0.627893,-1.490510,0.493674,0.795318,-1.440196,-0.403643,-0.345459,0,0,0,0
0.647853,-1.255502,0.725131,-0.511826,-0.831374,-0.312070,-0.276785,0,0,0,0
1.169230,0.066997,-0.725860,-1.031457,-0.556481,0.521671,1.200457,0,0,0,0
0.749792,0.628750,-0.256238,0.476392,-0.720580,-0.272869,0.917459,0,0,1,1
0.220415,0.662383,0.482228,-0.967443,-0.046097,-0.152046,0.065578,0,0,0,0
0.413287,0.747793,0.241493,-0.276590,0.118579,-0.433390,0.360732,0,1,0,0
1.161679,0.303837,-0.088676,-0.068552,-0.099837,0.022818,1.004909,0,0,0,0
0.804621,0.629177,-0.250668,-0.073948,-0.203465,-0.340102,1.162980,1,1,0,1
0.573909,0.219310,-0.691275,0.551364,-1.331007,-0.333374,-0.002667,0,0,0,0
0.389713,0.423480,0.279854,0.564672,-0.067984,-0.488929,0.298181,0,0,0,0
1.030979,0.020614,0.046136,-0.045283,-0.063186,0.798529,0.601916,0,0,0,0
0.759880,0.585776,-0.328956,0.949766,-0.022072,-0.287219,1.039475,1,0,1,0
0.026365,0.966866,0.337893,-0.055590,0.569010,-0.389629,0.337751,0,0,0,0
0.442419,0.522635,-0.274716,-0.136011,0.375772,-0.323034,0.071711,0,0,1,0
1.047363,-0.352164,-0.983421,-0.327504,-0.040650,-0.081584,0.241480,0,0,0,0
0.933488,0.488923,-1.371827,-0.041268,-0.191798,-0.385370,0.667604,1,0,1,1
0.403888,-0.503624,-1.427196,0.863970,-0.497639,-0.362648,-0.968518,0,0,0,0
0.409458,-0.230966,-0.663553,-0.224145,0.193116,-0.302748,-0.555066,0,0,1,0
1.076802,-0.256534,-0.473524,-0.311122,0.417228,1.532089,0.434856,0,0,0,0
0.861484,-0.427115,-1.119272,1.123222,-0.919151,0.070012,0.588105,1,1,0,0
0.136368,0.806778,-0.246666,1.344153,1.033688,-0.292589,0.699151,0,0,0,0
0.465346,0.604023,0.055460,0.453556,0.753704,-0.455198,0.837722,0,0,0,0
1.257553,0.181957,-0.262957,0.227489,0.183073,0.412638,1.007959,0,0,0,0
0.697214,0.345058,-0.994291,0.333808,-0.060494,-0.275956,0.890855,1,1,1,0
0.811629,-0.212946,-0.258906,0.840337,-1.333802,-0.062266,0.018400,0,0,0,0
0.445989,-0.100375,-0.329551,0.237837,0.113242,-0.309351,-0.424881,0,0,0,0
1.074105,-0.227551,-0.230284,0.058313,0.161904,-0.274229,0.661618,0,0,0,0
0.707756,0.257838,-0.763721,0.546343,-0.523758,-0.300065,0.768526,0,0,1,1
0.351219,0.553818,-0.910925,-0.829559,-0.372270,-0.240734,-0.033610,0,0,0,0
0.582207,0.067192,-0.447388,0.109158,0.123579,-0.416016,-0.163131,0,1,0,0
1.056237,-0.646979,-0.829225,-0.476930,-0.209319,0.213377,0.212027,0,0,0,0
0.760285,0.120025,-0.989590,0.420677,-0.033134,-0.239147,0.937202,1,1,0,1
0.388710,-0.233862,-0.368523,1.946273,-0.567669,-0.205418,-0.464931,0,0,0,0
0.327916,0.301697,0.208555,0.610044,0.074006,-0.470777,0.193916,0,0,0,0
1.099338,-0.253185,-0.716512,-0.157725,0.140413,-0.141183,0.598000,0,0,0,0
0.802908,0.789888,-0.439912,0.459100,-0.964151,-0.256424,1.161441,1,1,0,0
-0.192239,0.710643,-0.057127,0.783081,0.654302,-0.318100,-0.172734,0,0,0,0
0.490843,0.362440,-0.049938,-0.728802,-0.879066,-0.271798,-0.073005,0,0,1,0
1.158700,0.250804,-0.029847,0.102168,-0.046696,0.819266,0.690610,0,0,0,0
0.797026,0.325013,-0.085555,-0.039780,-0.735511,-0.246059,0.749966,1,0,1,1
0.636420,-0.001737,-0.579455,0.525115,-1.300709,-0.037119,-0.362913,0,0,0,0
0.417029,-0.040231,-0.578189,-0.001673,0.306015,-0.290070,-0.424258,0,0,0,0
0.985737,-0.496529,-1.099813,-0.234059,-0.293194,0.111719,0.285238,0,0,0,0
0.805819,0.399380,-0.126391,0.014037,-0.705930,0.254802,1.044666,1,1,0,0
0.300647,0.388559,-0.520540,-0.720994,-0.365629,-0.303130,0.054705,0,0,0,0
0.679931,0.207446,-0.365632,-0.964405,-0.178268,-0.422157,0.489286,0,0,1,0
1.012905,-0.378707,-0.678039,-0.498247,-0.024173,0.223783,0.514007,0,0,0,0
0.663111,0.211293,-0.823480,0.089729,-0.453454,-0.370282,1.097480,1,0,1,1
0.362467,-0.152496,-0.586282,1.498988,-1.001815,-0.409146,-0.684619,0,0,0,0
0.312236,0.039848,-0.511916,-0.953489,0.348502,-0.500219,-0.238191,0,1,0,0
1.094011,-0.065956,-0.550588,-0.550563,-0.166445,-0.184156,0.839130,0,0,0,0
0.731093,0.673154,-0.463666,0.542044,-0.612809,-0.371989,1.171980,1,0,0,1
0.026194,0.751085,0.023592,-0.726807,-0.116055,-0.318175,-0.216355,0,0,0,0
0.491767,0.678568,0.014642,-1.122794,-0.593738,-0.294399,0.134032,0,0,0,0
1.071191,0.059736,-0.192373,0.299710,0.346017,0.778058,0.745020,0,0,0,0
0.726462,0.473778,-0.758422,0.127378,-0.429244,-0.141664,1.159144,1,0,1,1
0.618262,-0.426884,0.023701,1.263855,-1.400558,-0.358473,-0.379690,0,0,0,0
0.295543,0.372157,-0.557372,-0.590873,-0.381204,-0.342011,-0.258565,0,0,0,0
0.982772,-0.681383,-1.056054,-0.671234,-0.097473,0.237422,0.498373,0,0,0,0
0.629298,0.031918,-0.989580,0.537362,0.524655,-0.304105,1.078739,0,0,1,1
0.525495,0.399862,-0.539043,0.113785,-0.143666,-0.104998,0.673812,0,0,0,0
0.673710,0.304159,-0.532285,-0.617752,-0.025761,-0.447122,0.411426,0,1,0,0
1.085835,-0.529895,-0.736597,-0.317446,-0.062844,-0.327362,0.747817,0,0,0,0
0.798994,0.103111,-0.556717,-0.098869,-0.525654,-0.242443,1.156538,1,1,0,1
0.627114,0.057994,-1.271667,-0.002074,-1.470968,-0.360294,-0.444492,0,0,0,0
0.501899,0.516282,-0.368030,-1.229962,-0.769104,-0.339635,0.142987,0,0,0,0
1.120732,-0.109751,-0.448163,-0.418452,-0.090331,0.054743,0.806533,0,0,0,0
0.704660,0.238174,-0.589766,0.167565,-0.301710,-0.354927,1.128776,0,1,0,1
-0.117905,1.091354,0.086353,-0.578193,0.454976,-0.352306,-0.241916,0,0,0,0
0.503528,0.544779,0.165787,-0.714283,-0.277211,-0.198247,0.310633,0,0,0,0
1.186893,-0.029214,-0.458323,-0.068391,-0.085278,0.136371,0.836544,0,0,0,0
0.722551,-0.055218,-0.604084,-0.335207,-0.027485,-0.131278,1.099931,1,1,0,1
0.577660,0.182000,-0.561634,0.298125,-1.669743,-0.339234,-0.394483,0,0,0,0
0.414979,0.472572,-0.189859,-0.437679,-0.507924,-0.552014,-0.003215,0,0,0,0
1.118371,-0.212662,-0.330500,-0.560854,-0.549802,0.502054,0.692585,0,0,0,0
0.853621,0.102127,0.203338,0.122165,-0.656111,-0.277477,1.094415,1,0,0,1
0.787287,0.204245,0.122902,0.853876,-0.813724,0.241612,0.309248,0,0,0,0
0.524412,0.405880,0.220834,0.121714,-0.426535,-0.456858,0.167721,0,1,0,0
0.917736,0.088867,-0.805645,-0.358944,0.766758,-0.204154,0.935681,0,0,0,0
-0.114560,0.132969,-0.541113,-0.352441,0.384592,-0.491384,-0.358503,1,0,0,1
0.709775,-0.009378,-0.538902,0.538268,-0.954461,0.033604,0.143154,0,0,0,0
0.471957,0.288754,0.167415,-0.113076,-0.601833,-0.279663,-0.078892,1,0,0,0
1.023250,-0.418180,-1.214961,-1.092055,0.309163,0.314576,0.207949,0,0,0,0
-0.043817,-1.274444,-0.873546,-0.051736,1.213634,-0.389490,-0.300216,1,1,0,0
0.712041,-0.074426,-0.234182,0.084226,-1.271720,0.048868,0.064904,0,0,0,0
0.333916,0.069114,-0.742687,0.750869,-0.434078,-0.441522,-0.498572,0,1,0,0
0.961049,-0.156708,-1.021171,-0.435538,0.654153,-0.283525,0.286600,0,0,0,0
0.157020,-0.099148,-1.412514,-1.172023,0.177507,-0.224240,-0.099130,1,0,0,1
0.696500,-0.564124,-1.399135,-0.280128,-1.011688,0.047051,0.042037,0,0,0,0
0.632810,-0.215172,-0.425297,0.757601,-0.845622,-0.348209,-0.109709,0,0,1,0
1.018911,-0.491828,-1.004152,-0.401271,-0.094997,-0.069589,0.375510,0,0,0,0
-0.026090,-0.368168,-0.295974,0.465877,1.442348,-0.300228,0.806720,1,0,1,1
0.833423,-0.008715,0.779987,-0.170558,-2.371392,0.140433,1.110351,0,0,0,0
0.816792,0.761822,0.081239,-0.266836,-1.600145,-0.383398,1.056758,0,1,0,0
1.200459,0.138822,-0.441551,-0.308246,-0.622909,-0.153856,0.973468,0,0,0,0
0.780530,0.305754,0.071553,-0.033929,-0.118701,-0.211785,1.241641,0,1,0,0
0.636443,0.274336,0.757342,-0.593122,-1.875180,-0.037558,0.921447,0,0,0,0
0.560724,0.938239,0.415728,-0.926557,-0.836426,-0.440341,0.985331,0,0,0,0
1.026115,0.349101,-0.382585,-0.405929,0.336072,1.262809,0.867553,0,0,0,0
0.895617,0.438430,-0.262199,-0.770243,-0.705838,-0.221215,0.805971,0,0,1,1
0.585116,0.242862,-0.514098,1.034937,-1.337697,-0.389442,0.204025,0,0,0,0
0.603849,0.534063,-0.058848,-0.555536,-1.018381,-0.474308,1.076249,0,0,1,0
1.070696,0.029932,-0.126604,-0.475738,-0.358912,-0.202016,1.141609,0,0,0,0
0.800579,0.592032,-0.524728,-0.406155,-0.876927,-0.233491,1.094500,0,1,0,0
0.522313,0.270535,0.091060,-1.104013,-2.624818,-0.006949,0.427948,0,0,0,0
0.652060,0.640260,-0.051085,-1.323322,-1.372317,-0.341473,0.857298,0,0,0,0
1.041711,0.301348,-0.002703,-0.051936,0.067083,-0.246738,1.026411,0,0,0,0
0.807760,0.464808,-0.635023,-0.164456,-0.886777,-0.376651,1.378919,0,1,0,1
0.275599,1.092628,-0.217792,-1.700750,-1.875802,-0.348890,0.955803,0,0,0,0
0.573789,0.645985,-0.217758,-1.037049,-0.895410,-0.437195,0.399370,1,0,0,0
1.042893,0.321714,-0.400248,-0.387969,0.184977,0.272250,0.448650,0,0,0,0
0.749109,0.518937,-0.603196,0.041253,-1.026136,-0.087046,1.239219,1,0,0,0
0.227611,0.831802,-0.563786,-1.147112,-0.910114,-0.254163,-0.359072,0,0,0,0
0.553219,0.576198,0.091287,0.193949,0.255628,-0.484117,1.016748,0,0,0,0
1.118671,0.041071,-0.212291,-0.422546,-0.321036,-0.047983,1.137104,0,0,0,0
0.808914,0.661153,-0.371778,-0.220137,-0.737801,-0.205371,1.527299,0,1,1,1
0.608019,0.454929,-0.365088,1.050904,-1.325782,-0.398202,0.409967,0,0,0,0
0.501159,0.697915,0.279527,-0.401921,-0.444398,-0.485433,0.534396,0,0,0,0
1.097988,0.262253,-0.795749,-0.190112,-0.286218,0.317175,0.688391,0,0,0,0
0.899408,0.321171,-0.765226,-0.851745,-0.601111,-0.219490,0.858817,1,0,0,1
0.637846,-0.064534,0.128701,-0.476959,-1.772161,-0.263454,0.445864,0,0,0,0
0.709721,0.650172,-0.637727,-1.217670,-0.600338,-0.322136,0.961711,0,0,0,0
1.106203,0.594808,-0.253077,-0.505718,-0.113144,-0.082058,1.265754,0,0,0,0
0.655722,0.393725,-0.495227,-0.007976,-0.541389,-0.226752,1.125122,0,1,1,0
0.204272,1.409827,0.141323,-1.217148,-0.906058,-0.399111,0.810542,0,0,0,0
0.537547,0.585763,-0.049168,-0.885256,-0.533812,-0.393513,0.835530,1,0,0,0
1.047250,0.130916,-0.637261,-0.654644,-0.690043,0.138282,1.149886,0,0,0,0
0.719889,0.349015,-0.129356,-0.141658,-0.463950,-0.389169,1.257294,1,0,0,0
0.367812,-0.323171,0.643368,-0.203511,-1.539089,-0.388283,-0.716196,0,0,0,0
0.245538,0.205090,-0.436006,-0.437237,0.025940,-0.531352,-0.620554,0,0,1,0
1.108135,0.323195,-0.333330,-0.021594,0.234240,0.349656,1.163705,0,0,0,0
0.742474,0.536042,-0.564269,-0.037662,-0.512058,-0.331588,1.018228,1,1,0,0
0.326471,-0.146099,-0.233844,1.895567,-0.687007,-0.300110,-0.282668,0,0,0,0
0.425703,0.256853,-0.229749,-0.138316,-0.348724,-0.376260,0.082007,0,0,0,0
1.050613,-0.129324,-0.463009,-0.676243,-0.754605,0.706964,0.482697,0,0,0,0
0.623796,0.440935,-0.815328,1.307937,-0.481818,-0.252497,0.907920,0,1,0,0
0.357019,-0.515100,0.509020,0.962672,-0.609781,-0.238809,-0.479735,0,0,0,0
0.339722,0.243434,-0.164470,0.564656,0.702049,-0.571554,-0.349612,0,0,0,0
1.126785,0.418004,-0.552907,0.100653,0.527327,0.316140,0.401877,0,0,0,0
0.536478,0.506840,-0.905371,1.496863,-0.310396,-0.289754,0.833946,0,0,1,1
-0.164666,0.694105,-0.126895,0.522827,0.417047,-0.208600,-0.924373,0,0,0,0
0.287045,0.066494,-0.104187,0.570505,0.489996,-0.352526,0.166112,1,0,0,0
0.971499,0.156477,-1.363807,0.458878,-0.313634,-0.159250,0.710000,0,0,0,0
0.830959,-0.103344,-1.419414,0.302438,0.235936,-0.111627,1.316000,0,0,1,0
0.226397,-0.470268,-2.347153,-0.963453,-0.022845,-0.430770,-1.034342,0,0,0,0
0.279220,-0.011389,-0.364488,0.194346,0.240306,-0.402300,0.616754,0,0,0,0
1.169386,0.087095,-0.339869,-0.094318,0.226156,0.229330,1.197341,0,0,0,0
0.786938,0.382957,-0.783263,0.558417,0.098180,-0.238901,1.416677,1,0,1,1
0.652650,0.147048,-0.568807,0.149390,-1.610295,-0.206636,0.682118,0,0,0,0
0.353827,0.443462,-0.066607,0.055029,0.191848,-0.450428,0.908721,0,0,1,0
1.104106,-0.453605,-0.779986,0.127678,0.644157,-0.078515,0.997899,0,0,0,0
0.616390,0.347238,-0.777922,1.085994,-0.284899,-0.203236,1.112249,1,0,0,1
0.631831,0.014262,0.178437,0.014525,-1.038936,-0.396019,-0.087955,0,0,0,0
0.646547,-0.843247,0.537515,-0.030529,-1.142250,-0.260645,-0.168463,0,1,0,0
0.978913,-0.212482,-0.659014,-0.219244,0.220752,0.153817,0.818256,0,0,0,0
0.765235,0.343416,-0.579655,0.397304,0.117055,-0.189965,1.260482,1,1,0,0
0.331976,0.200266,-0.497707,-1.024293,-0.361823,-0.246150,0.236553,0,0,0,0
0.564318,0.137443,-0.421121,-0.510146,-0.063496,-0.376375,0.296397,1,0,0,0
1.063283,-0.288965,-0.712974,-0.322738,-0.309480,-0.272263,0.577103,0,0,0,0
0.789489,0.236725,-1.454086,-0.036906,-0.340581,-0.238730,0.981381,0,0,1,0
0.699074,-0.880659,-1.473087,-1.153285,-1.053009,-0.201976,-0.714581,0,0,0,0
0.383341,-0.270083,-0.870358,-0.795194,0.110217,-0.457126,-0.278137,0,0,0,0
1.106835,-0.721444,-0.251523,0.245063,-0.410529,0.776605,0.908106,0,0,0,0
0.911416,-1.079457,-0.139636,0.177548,-1.143084,-0.255236,1.134759,0,0,1,1
0.634675,-0.066856,-0.143091,1.235243,-1.138898,-0.377211,0.533773,0,0,0,0
0.538296,-0.287005,-0.219681,0.357646,0.175250,-0.495760,0.147905,0,0,0,0
1.159116,-0.776074,-0.929195,-1.016955,-0.476373,1.313849,0.865472,0,0,0,0
0.949001,0.350642,-0.688315,-0.817772,-0.848553,-0.287065,1.156374,0,1,0,0
0.528590,-0.389041,0.108438,0.718068,-0.334848,-0.319353,-0.250953,0,0,0,0
0.668546,0.118240,-0.129385,-0.051476,0.418482,-0.352470,0.267638,0,0,0,0
0.946482,0.416086,-0.405446,-0.371070,0.549708,1.201863,0.795013,0,0,0,0
0.889345,0.463355,-0.893392,-0.477217,-0.841590,-0.325106,1.180231,1,1,0,0
0.515264,0.614837,-0.622327,-1.656164,-1.076786,-0.257525,-0.259559,0,0,0,0
0.534097,0.499835,-0.216303,-1.054299,-0.512769,-0.386940,-0.232171,0,0,0,1
1.061105,0.061800,-0.572520,-0.028468,0.655291,0.148134,0.181376,0,0,0,0
0.867991,0.346718,-1.082810,-0.252115,-0.435464,-0.080712,0.470242,1,0,0,0
0.210127,0.215667,-1.610482,-1.762858,-0.356004,-0.203909,-1.043725,0,0,0,0
0.276901,-0.323314,-0.449459,-0.542751,0.142392,-0.467570,0.415158,0,0,0,0
1.053062,0.149719,-0.129775,0.002469,-0.000409,1.116344,0.670596,0,0,0,0
0.769995,0.502015,-0.579620,0.328101,-0.739247,-0.198314,0.993121,1,1,1,0
0.509546,-0.271610,-0.573391,1.761943,-0.297250,-0.338887,0.664669,0,0,0,0
0.521114,0.004569,0.087944,0.396856,-0.477427,-0.422225,0.431642,0,0,0,0
1.128915,-0.296169,-0.839681,-0.424178,-0.171010,0.289021,0.898834,0,0,0,0
0.693201,0.351013,-0.498979,0.319577,-0.604250,-0.338848,1.105497,0,1,0,0
0.422649,0.103547,0.611846,0.387632,-1.118250,0.274542,0.415160,0,0,0,0
0.476639,0.686204,0.376064,-0.157421,0.018323,-0.255585,0.664517,0,0,0,0
1.194177,0.452317,-0.380202,-0.356385,0.468538,-0.025403,0.860048,0,0,0,0
0.810219,0.573023,-0.199824,-0.700353,-0.928926,-0.201000,1.074906,0,1,1,0
0.280562,0.837764,0.391573,-0.892821,-0.714728,-0.271967,0.331075,0,0,0,0
0.479647,0.412891,-0.321094,-0.774753,-0.423508,-0.182514,0.128370,0,1,0,0
1.054748,-0.333190,-0.905689,-0.629708,0.133301,0.291574,0.565439,0,0,0,0
0.643130,0.229234,-0.475969,0.048513,-0.006714,-0.225940,1.096399,1,0,1,0
0.505721,-0.326475,-0.057520,1.279756,-0.888005,-0.404755,-0.167179,0,0,0,0
0.705532,-0.415984,-0.772438,0.146787,-0.257261,-0.460494,0.197858,0,0,0,0
1.154028,-0.851743,0.169029,-0.217633,-0.654162,-0.132646,0.853335,0,0,0,0
0.863143,-0.022672,-0.068076,0.075098,-0.924581,-0.148425,1.271734,0,0,1,1
0.532250,-0.174428,-0.741569,0.611056,-1.371320,-0.226893,1.120681,0,0,0,0
0.429552,-0.706666,0.299962,0.210019,-0.523860,-0.191981,-0.288910,0,0,0,0
1.133162,-0.799248,-1.068551,0.295546,-0.186309,0.362199,0.736663,0,0,0,0
0.763251,0.279098,-0.790009,0.680233,-0.279703,-0.132491,1.178457,1,0,0,0
0.474211,-0.936589,0.003350,1.032644,-0.856366,-0.211412,-0.293829,0,0,0,0
0.643079,-0.469583,-0.431309,0.556826,0.238902,-0.405429,0.410519,0,0,0,0
1.149710,0.418925,-0.134972,0.169369,0.159823,0.030711,1.188596,0,0,0,0
0.840395,0.337093,-0.377250,0.321246,-0.217302,-0.276471,1.297157,1,1,0,0
0.405754,0.107577,-0.291177,0.268649,0.778979,-0.325354,-0.032946,0,0,0,0
0.672802,-0.146295,-0.589727,-0.237944,0.961925,0.145129,0.181421,0,0,0,0
0.273152,0.719597,0.312830,0.512966,0.569926,-0.400230,0.117887,0,0,0,0
0.332750,0.511015,-0.307875,0.092487,0.210322,-0.355475,0.100690,0,0,1,0
0.387637,0.614754,-0.418720,-0.396771,0.402680,-0.323612,0.056148,0,0,0,0
0.789952,0.111066,-0.427975,-0.122965,0.002069,1.305933,0.544353,0,0,0,0
0.571452,0.071218,-0.243252,-0.371190,-0.456343,-0.238236,0.206600,0,0,0,0
0.135193,0.816357,-0.160193,-0.479607,-0.174771,-0.406020,-0.250218,0,0,1,0
0.806645,0.216589,-0.450506,-0.047577,0.726135,-0.524567,0.198579,0,0,0,0
0.900352,0.148968,-0.269993,-0.268112,0.539395,10.310040,0.314812,0,0,0,0
0.197803,0.829441,-0.130444,0.255882,0.386778,-0.481364,0.310761,0,0,0,0
0.381262,0.621359,-0.629648,0.779557,0.484217,-0.466726,0.537417,0,0,1,0
0.457416,-0.337419,-0.206327,-0.282229,-0.988150,-0.714148,-0.825942,0,0,0,0
0.382869,0.333445,-0.499770,-0.624010,0.658302,0.065020,-0.057227,0,0,0,0
0.519499,0.200217,-0.148478,-0.190458,0.635711,0.178958,0.435782,0,0,0,0
-1.650131,0.386733,0.995634,-0.554032,2.261560,-0.434051,-0.709171,1,0,0,1
0.681503,-0.477525,1.011449,0.902960,-1.569139,-0.176621,0.530675,0,0,0,0
0.785518,0.497547,0.105546,-0.058464,-1.383857,-0.421303,0.592857,0,0,0,1
1.114790,-0.408680,-0.787848,-0.577094,-0.052872,-0.281462,0.303821,0,0,0,0
0.805620,-0.266869,-0.894377,-0.026359,-0.207159,-0.204855,1.061718,0,0,1,0
0.409418,-0.100214,-0.059419,0.960423,-1.317553,-0.153570,0.133073,0,0,0,0
0.352657,0.429843,-0.141309,0.463450,0.553915,-0.469805,0.725142,0,0,0,0
1.095180,0.199924,-0.503891,0.268430,0.742752,0.339204,1.089893,0,0,0,0
0.620091,0.256054,-0.566537,0.475450,-0.189709,-0.459428,1.080356,1,1,0,0
0.616139,0.371924,0.174360,0.542714,-1.591274,-0.272525,0.510318,0,0,0,0
0.546995,0.523568,0.431183,-0.934603,-0.932332,-0.395766,0.567150,0,0,0,0
1.160148,-0.016640,-0.457277,-0.525607,-0.725952,-0.232523,1.030035,0,0,0,0
0.566291,0.184963,-0.344222,0.329890,0.085639,-0.173281,1.237100,0,0,1,0
0.588136,-0.006770,0.306572,-0.769208,-1.620223,-0.303535,0.486536,0,0,0,0
0.609985,0.643737,-0.082344,-0.967023,-0.587583,-0.386779,0.739521,0,0,0,0
1.134970,0.543763,-0.462654,-0.682649,-0.034784,0.452949,0.793562,0,0,0,0
0.632348,0.125088,-0.470439,0.394442,-0.158582,-0.207521,0.542130,1,0,0,1
0.252946,1.078557,-0.324697,-0.955272,-0.427221,-0.069679,0.462223,0,0,0,0
0.709645,0.452175,-0.235286,-1.105488,-0.900012,-0.301585,0.578791,0,1,0,0
1.148222,0.363390,-0.300259,-0.536737,0.009589,-0.212440,1.419638,0,0,0,0
0.769608,0.535589,-0.342990,0.236127,-0.194792,-0.029116,1.179012,0,1,0,0
0.117883,1.187154,0.075781,0.010335,-0.354473,-0.289600,-0.108461,0,0,0,0
0.428506,0.696196,0.185906,0.211900,0.180835,-0.465332,0.430657,0,0,0,0
1.082897,-0.777295,-0.748653,-0.522883,-0.346326,0.480246,0.371050,0,0,0,0
0.805894,-0.364382,0.009980,0.080951,-0.616998,-0.227605,1.251238,1,0,0,1
0.681630,0.416686,-0.415462,0.688716,-1.224534,-0.457235,0.318217,0,0,0,0
0.685104,0.549247,-0.218643,-0.624940,-0.497565,-0.509047,0.451450,0,0,0,1
1.257968,0.096998,-0.658608,-0.917522,-0.510079,-0.132939,0.787399,0,0,0,0
0.869177,0.913488,-0.696622,-0.726698,-1.198352,-0.113385,1.495619,0,0,1,0
0.467598,-0.156754,0.418580,-0.459505,-1.720666,-0.047122,-0.389865,0,0,0,0
0.565228,0.648351,-0.097318,-1.090176,-0.303925,-0.417236,0.882878,0,0,0,0
1.031043,0.064969,-0.574554,-0.305912,0.758897,1.042002,0.920107,0,0,0,0
0.834254,-0.076032,-0.726034,0.151207,-0.865124,-0.142040,0.953387,1,1,0,0
0.256773,1.325733,0.147939,-1.824761,-0.849162,-0.338167,0.263660,0,0,0,0
0.558536,0.793835,-0.284219,-1.179599,-0.470448,-0.326998,0.897016,0,0,1,0
1.071060,-0.251085,-0.388179,-0.219255,-0.276465,-0.152305,0.356059,0,0,0,0
0.792127,0.645855,-0.355076,0.527936,-0.673683,-0.308898,0.928003,1,0,0,0
0.358829,-0.129789,0.078193,0.033583,-1.438762,-0.153956,-0.577956,0,0,0,0
0.247578,0.107991,-0.002864,-0.043096,0.258888,-0.436599,-0.556641,0,0,0,0
1.120121,0.822754,-0.789799,0.027171,-0.857479,-0.307109,0.644531,0,0,0,0
0.589695,0.267948,-0.799125,0.655704,-0.333429,-0.266881,0.244118,0,0,1,1
0.609208,0.125667,-0.133724,0.939308,-1.396113,-0.429195,0.135969,0,0,0,0
0.541463,0.516231,0.221882,-0.349414,-0.688825,-0.352645,-0.134617,0,0,0,0
1.171026,-0.246116,-0.709560,-0.506457,-0.291897,0.205409,0.403512,0,0,0,0
0.790807,0.486494,-0.380820,-0.151643,-0.650983,-0.319678,0.916491,0,0,1,0
0.397558,-0.082551,0.353726,-0.243326,-1.559083,0.174965,-0.459066,0,0,0,0
0.423406,0.351052,0.076786,0.453942,0.131821,-0.446668,-0.146025,0,0,0,1
1.221102,0.463080,-0.295199,-0.027528,-0.164565,0.039750,0.592935,0,0,0,0
0.738900,0.516256,-0.748434,0.544793,-0.409367,-0.145436,0.720699,1,1,0,0
-0.104596,0.696645,-0.252902,0.122112,0.093303,-0.371912,-0.937834,0,0,0,0
0.426672,0.237026,-0.174431,0.531017,0.704073,-0.359519,0.278213,1,0,0,0
1.097693,-0.070712,-0.942830,-0.308523,0.338409,0.332886,0.870044,0,0,0,0
0.848646,0.325552,-1.119521,-0.144028,-0.482801,-0.236677,1.357142,0,0,1,0
-0.166941,0.166813,-1.081828,-0.065467,0.609748,-0.416867,-1.162195,0,0,0,0
0.663249,-1.385338,0.091109,0.745323,-1.562289,-0.125239,0.905199,0,0,0,0
1.287463,0.114005,-0.312413,0.212360,-0.222194,-0.056822,1.195500,0,0,0,0
0.652908,0.266365,-0.355260,1.056444,0.077299,-0.346236,1.549014,1,0,1,0
0.743573,0.240563,-0.425329,0.921325,-1.186642,-0.359173,0.277164,0,0,0,0
0.630703,0.389495,0.011877,0.150967,0.142327,-0.429997,0.126982,0,0,0,0
1.165114,0.126937,-0.552353,-0.301717,-0.234382,0.098929,0.983042,0,0,0,0
0.716814,0.112735,-0.758910,0.350698,0.289233,-0.402359,0.888265,0,0,1,1
0.749476,-0.129845,-0.128847,0.297844,-1.147855,-0.314074,0.483350,0,0,0,0
0.799500,0.310596,-0.447197,-0.308339,-0.551329,-0.349363,0.413433,0,0,1,0
1.082502,0.189164,-0.648403,-0.434795,0.157776,-0.113576,0.932601,0,0,0,0
0.750892,0.451562,-0.507818,0.393997,0.193899,-0.188444,1.340979,0,1,1,0
0.293466,1.014872,-0.262895,-0.947833,-1.354126,-0.283400,0.760379,0,0,0,0
0.653919,0.304825,0.087948,-0.640319,-0.709836,-0.264486,1.110627,0,0,0,1
1.025473,-0.164597,-0.871473,-0.171253,-0.319262,0.402076,0.825904,0,0,0,0
0.799205,0.413729,-0.205983,-0.165163,-0.947628,-0.224393,1.250026,1,0,0,0
0.399769,-0.378220,0.331850,-0.427875,-1.831679,-0.379062,-0.495027,0,0,0,0
0.388158,0.269600,0.266858,0.507482,-0.087713,-0.413041,0.207334,0,0,0,0
1.111307,0.463510,-0.222024,0.016382,0.098941,0.212572,0.650391,0,0,0,0
0.689390,0.113447,-0.566180,0.440360,-0.280588,-0.331861,1.105360,1,1,0,0
0.524944,-0.033633,-0.918407,1.219700,-1.664916,0.066706,-0.417068,0,0,0,0
0.753642,0.036354,-0.474848,-0.980514,-0.757453,-0.409571,-0.067700,0,0,0,0
1.114220,-0.313340,-0.867085,-0.982488,-0.795165,0.440010,0.399810,0,0,0,0
0.696865,0.159849,-0.136455,0.529266,-0.485020,-0.237598,0.823430,0,0,1,0
0.584511,-0.627912,-0.742836,-0.116144,-0.664932,-0.334170,-0.908787,0,0,0,0
0.298563,-0.092770,-0.577114,0.309970,0.136150,-0.441957,-0.541633,0,0,0,0
1.131585,0.245433,-0.323039,0.462494,0.890832,0.553926,1.040568,0,0,0,0
0.655876,-0.224861,-0.555565,0.433699,-0.111211,-0.183716,0.540628,1,0,1,0
0.062791,0.873978,-0.137335,1.033411,0.521033,-0.286488,1.002287,0,0,0,0
0.486689,0.239915,-0.129118,0.983839,0.874023,-0.379823,0.200253,0,0,0,0
1.136335,0.096676,-0.518668,0.076486,0.275296,-0.319878,0.309411,0,0,0,0
0.747219,0.606870,-0.744204,-0.272270,-0.729278,0.010719,0.590726,0,0,0,1
0.009950,0.917041,-0.099722,-1.253427,-0.161149,-0.428509,-0.693960,0,0,0,0
0.510699,0.537118,-0.455987,-0.583144,0.820188,-0.491231,0.808352,0,0,0,0
1.204056,-0.048160,-0.466579,-0.371586,-0.593274,0.180422,0.399071,0,0,0,0
0.779080,0.881430,-0.244712,0.664584,-0.512888,-0.290793,1.184747,1,1,0,1
0.550223,0.055599,-0.257342,0.628558,-1.678919,-0.115329,-0.259819,0,0,0,0
0.663607,0.528593,-0.466807,-0.990809,-0.329905,-0.510231,-0.014954,0,1,0,0
1.209240,-0.049397,-0.731510,-0.642570,-0.002018,-0.239011,0.741849,0,0,0,0
0.621754,0.411043,-0.692514,0.307093,-0.764858,-0.157762,1.710056,1,0,0,0
0.387672,-0.705291,-0.719121,-0.537862,-0.863373,-0.408906,-0.907791,0,0,0,0
0.713413,-1.416658,-0.490019,1.290520,-1.590167,0.025837,0.474271,0,0,0,0
1.098764,0.033186,-0.788358,0.008152,0.671898,0.615912,1.411563,0,0,0,0
0.703323,0.081041,-0.116738,0.552052,-0.231326,0.151131,1.598028,1,1,0,0
0.771647,-1.774024,0.585020,0.534362,-0.019425,-0.195947,0.659932,0,0,0,0
0.682370,-1.044176,0.812324,-1.248818,1.176332,-0.462700,0.114753,0,0,0,0
0.789810,-1.152116,0.105941,-1.993768,0.883167,-0.479705,-0.294937,0,1,0,0
0.663661,-1.100216,0.883207,-2.319196,-0.135253,-0.118209,-0.052723,0,0,0,0
0.616034,-1.046726,1.006761,-2.497484,-0.214142,-0.372575,0.026223,0,0,0,0
0.441670,-1.384613,1.480935,-1.564285,0.221333,-0.295098,-0.609920,0,0,0,0
0.694767,-1.170270,0.567785,-1.214219,0.574679,0.009927,-0.376070,0,0,0,0
0.479820,-1.458691,1.464160,0.107910,0.742504,-0.164706,-0.374188,0,0,0,0
0.421933,-1.330515,1.365880,-0.621138,-0.450386,-0.242135,-0.384236,0,0,0,0
0.479656,-1.428449,0.608973,-0.422900,0.298423,-0.394079,-0.557453,0,0,0,0
0.930853,-0.738845,-0.336352,-0.973115,-0.391549,-0.259191,0.135659,0,0,0,0
0.678605,-0.710084,0.035119,-0.554532,-0.324882,-0.273203,-0.005669,0,0,0,0
0.685202,-0.400557,0.013733,-0.137468,0.238657,-0.363996,0.429544,0,0,0,0
0.642680,-0.407066,-0.077245,-0.242518,0.301270,-0.467072,0.393113,0,0,0,0
0.968370,-0.216140,-0.498958,-0.425264,-0.386039,0.302748,0.539093,0,0,0,0
0.655518,0.400767,-0.478488,-0.814597,0.429206,-0.216009,0.538558,1,0,0,0
0.751587,0.449064,0.096718,-0.490852,0.611496,-0.335216,0.794467,0,0,0,0
0.731100,0.766397,-0.986850,-0.842230,0.987416,-0.236580,1.080930,0,0,0,1
0.772936,0.272699,-0.253467,0.424549,-0.504062,-0.248685,0.991440,0,0,0,0
0.482562,0.694823,0.042934,-0.136176,0.056991,-0.303360,1.109538,0,0,1,0
0.590091,0.777324,-0.236505,-0.054134,-0.107310,-0.316762,1.174796,0,0,0,0
0.533672,0.680477,-0.061390,0.080933,-0.199466,-0.391255,1.107410,0,1,0,1
0.537156,0.923411,-0.418309,-0.485101,-0.258201,-0.379240,1.175270,0,0,0,0
0.421294,0.075906,-0.751392,-0.146623,0.045583,-0.418179,0.892054,0,0,1,1
0.124424,-2.138265,0.027104,0.673511,-1.414284,0.214982,-0.348153,0,0,0,0
-0.334574,0.275353,0.537807,-0.645927,-0.176645,-0.063921,0.756833,0,0,0,0
-3.790176,-1.967742,2.250198,-0.721793,2.829883,-0.391792,-2.073424,0,0,0,0
-4.031884,-2.450550,1.359083,-1.954608,2.223963,-0.426685,-2.281420,1,1,1,0
0.088959,-2.100538,0.931355,1.395717,-1.522924,-0.238072,-0.186943,0,0,0,0
-0.546062,0.648015,0.624274,0.312937,-0.230927,-0.034814,0.691035,0,0,0,0
-3.936115,-2.632281,1.469825,-1.529281,2.191340,-0.550727,-2.091063,0,0,0,0
-3.552071,-2.244529,0.080041,-1.252927,2.357000,-0.533410,-1.780753,1,0,1,1
-2.421825,1.326741,1.619995,-1.670585,3.576186,-0.355489,-0.300401,0,0,0,0
-0.238678,0.470581,0.640068,0.576565,-0.537141,-0.386137,-0.823584,0,1,0,0
0.205058,-0.616895,-0.268545,0.269676,-1.179946,4.568770,-1.249563,0,0,0,0
-0.508344,0.222142,0.490865,-0.161145,-1.023559,-0.123858,-0.947639,1,1,0,0
-2.492141,0.573955,1.125242,-1.082654,2.884642,-0.668196,-1.106267,0,0,0,0
-0.301429,-0.221165,0.052284,0.605615,0.289777,-0.414582,-1.390140,0,0,0,1
0.268524,-0.616547,-0.839384,0.756515,-1.252059,1.845250,-1.410181,0,0,0,0
-0.449515,-0.367449,0.402396,0.456007,-0.518418,-0.242002,-1.246867,0,0,0,1
-2.767451,0.837492,2.846760,-0.788538,2.708502,-0.607449,-0.717627,0,0,0,0
-0.252065,0.211280,0.030049,0.689964,-0.032947,-0.459742,-1.199930,0,1,0,0
0.171106,-0.779022,-0.053796,0.113775,-0.863614,4.233300,-1.203793,0,0,0,0
-0.616127,-0.171972,0.444040,-0.214816,-1.038698,-0.457234,-0.926665,1,1,0,0
-1.984627,1.006305,1.350517,-0.201154,2.183061,-0.639131,-1.110969,0,0,0,0
-0.544844,0.049482,0.571322,0.941833,0.199291,-0.467746,-1.124259,0,0,0,1
0.319505,-0.798823,-0.342954,0.391604,-1.104739,3.392944,-1.484942,0,0,0,0
-0.961833,0.302141,1.045066,0.401250,-0.421438,-0.301054,-1.247220,0,0,0,1
-2.774437,0.515201,2.792260,-0.311442,2.158989,-0.579208,-0.551687,0,0,0,0
-0.399407,0.315839,1.023811,0.791319,0.262915,-0.498953,-1.199119,0,1,0,0
0.155006,-0.357586,-0.094407,0.599362,-1.110641,5.264479,-1.104722,0,0,0,0
-0.588516,-0.063101,0.279888,-0.313775,-0.954419,-0.521643,-0.952383,1,1,0,0
-2.200599,0.818285,1.261948,-0.466550,2.648876,-0.662500,-1.027750,0,0,0,0
-0.287488,0.122198,-0.116142,0.424576,-0.380595,-0.423499,-1.034867,0,0,0,1
0.244783,-0.587729,-0.739902,0.687873,-1.316658,2.015260,-1.345028,0,0,0,0
-0.475484,-0.235242,0.438551,0.563600,-0.485265,-0.478112,-1.121447,0,0,0,1
-3.148586,0.663580,4.052402,-0.351990,2.678298,-0.671658,-0.473242,0,0,0,0
-0.295592,-0.033756,-0.031357,0.397642,-0.130097,-0.526224,-1.243626,0,1,0,0
0.272140,-0.005839,0.416647,0.787593,-0.529742,6.389348,-0.390861,0,0,0,0
-0.579321,-0.021510,0.604997,0.624211,-0.517039,-0.332242,-0.477555,1,1,0,0
-0.866606,-2.906729,2.293028,2.847901,-0.605547,-0.672155,-0.719650,0,0,0,0
-0.292383,0.472082,0.435478,0.567880,-0.650105,-0.442347,-1.224874,1,0,0,0
0.280913,-0.539652,-0.198634,0.068197,-1.337714,3.052628,-1.388734,0,0,0,0
-0.758117,-0.007452,0.528631,0.648398,-0.550964,-0.388476,-1.463959,0,1,0,0
-3.209314,0.470477,3.806818,-0.526225,2.888388,-0.653809,-0.905290,0,0,0,0
-0.335099,0.549443,0.574367,-0.013023,-1.354545,-0.468542,-0.923267,0,0,1,0
0.348180,-0.851909,-0.899275,1.095144,-0.214746,1.895516,-1.209614,0,0,0,0
-0.682306,-0.032193,0.465747,0.020610,-0.846087,-0.239471,-1.219479,0,0,1,1
-2.324674,1.140103,1.659615,-0.753643,2.856275,-0.664022,-1.166448,0,0,0,0
-0.292210,0.104834,-0.132598,0.635941,0.173168,-0.454162,-1.132318,1,0,0,0
0.248059,-0.641066,0.086801,0.181627,-0.949116,3.562726,-1.297575,0,0,0,0
-0.511960,-0.395166,0.193555,0.466601,-0.586046,-0.291234,-1.320214,1,0,0,0
-3.168117,0.571404,3.922974,-0.238018,2.950928,-0.625809,-0.312980,0,0,0,0
-0.281137,-0.083856,0.247877,0.180937,0.166578,-0.335462,-0.934032,0,0,1,0
0.354702,-0.944551,-0.531485,0.748535,-0.874826,1.448164,-1.300092,0,0,0,0
-0.631782,-0.218540,0.102669,-0.319745,-0.901516,-0.488103,-1.204227,0,0,1,1
-2.480309,0.842427,1.703961,-0.646977,2.795104,-0.658855,-0.852928,0,0,0,0
-0.333497,0.223277,0.715357,0.720367,0.323337,-0.351103,-1.286487,1,0,0,0
0.054916,-0.701724,-0.080007,0.914507,-1.027104,4.807047,-1.459406,0,0,0,0
-0.904535,0.691700,0.940998,0.187080,-0.488948,-0.495772,-1.240843,1,0,0,0
-2.910739,1.045641,3.478421,-0.870975,2.719048,-0.614687,-0.485743,0,0,0,0
-0.500102,0.175003,0.867959,1.091535,-0.070770,-0.468916,-1.337528,0,0,1,0
0.140810,-0.992883,-0.705461,1.012428,-0.721017,1.402070,-1.397684,0,0,0,0
-0.501092,-0.126847,-0.064887,0.079532,-0.735759,-0.456760,-0.929453,0,0,1,1
-2.606762,0.908648,1.984367,-0.728747,3.364542,-0.675430,-0.856261,0,0,0,0
-0.291679,0.127272,0.449902,0.507993,-0.214124,-0.440123,-1.379059,1,0,0,0
0.164787,-0.882766,-0.014918,-0.276624,-1.048484,4.898836,-1.433620,0,0,0,0
-0.510250,-0.463816,-0.153372,0.507756,-0.174077,-0.405158,-1.410714,1,0,0,0
-2.894583,0.962111,3.402707,-0.694822,2.773645,-0.698066,-0.386180,0,0,0,0
-0.229144,0.341888,0.355662,0.684582,-0.783395,-0.485649,-1.082062,0,0,1,0
0.628646,0.157017,-0.141083,0.867637,-1.137977,3.994396,-0.491669,0,0,0,0
-0.703373,0.130147,0.959664,0.422075,-0.429126,-0.537427,-0.834033,0,0,1,1
-1.087984,-3.151211,1.922548,3.237843,-0.865816,-0.381495,-0.847048,0,0,0,0
-0.368555,0.400325,0.408119,0.235354,-0.795633,-0.372884,-1.007050,0,0,0,1
0.094348,-0.488141,-0.238381,0.351182,-0.693259,4.684351,-1.072876,0,0,0,0
-0.671425,0.078921,0.558568,-0.011302,-0.449852,-0.426963,-0.840978,0,1,0,0
-2.909660,1.119191,3.499563,-1.286271,2.514112,-0.504131,-0.510759,0,0,0,0
-0.471148,0.136691,0.438826,0.876937,-0.159776,-0.560140,-1.135978,0,0,1,0
0.149861,-1.107596,-0.167287,0.246310,-0.549560,3.009140,-1.048223,0,0,0,0
-0.930569,-0.144261,0.608010,0.319202,-0.159354,-0.537672,-1.046506,0,0,1,1
-2.653009,0.915874,1.861024,-1.470110,2.921501,-0.504238,-1.405826,0,0,0,0
-0.222685,0.401253,0.303851,0.226834,-0.749302,-0.483325,-1.025154,1,0,0,0
0.188500,-1.025029,-0.086223,0.484989,-0.737709,0.882048,-1.036625,0,0,0,0
-0.482220,-0.648213,0.099409,0.259214,0.051165,-0.049755,-0.931988,1,0,0,0
-2.931194,1.160761,3.868921,-0.727395,2.713981,-0.651425,-1.018943,0,0,0,0
-0.415491,0.183834,0.307924,0.562057,-0.004686,-0.407898,-0.749906,0,0,1,0
0.112742,-0.903234,0.352167,0.526773,-0.821352,3.288698,-1.215004,0,0,0,0
-0.688983,-0.337803,0.486097,0.020870,-0.708904,-0.440325,-0.891339,0,0,1,1
-2.703134,0.713783,1.771341,-1.337230,2.854629,-0.692224,-1.675888,0,0,0,0
-0.380840,0.297536,0.234565,0.676667,0.484193,-0.589331,-1.066220,1,0,0,0
0.207637,-0.593374,-0.166096,1.587932,-1.403570,2.238102,-1.372431,0,0,0,0
-0.922039,-0.031741,1.064897,1.908408,0.423654,-0.390523,-1.104517,1,0,0,0
-3.065865,0.802057,3.800295,-0.505463,3.044530,-0.644828,-0.815071,0,0,0,0
-0.440925,0.200188,0.677974,0.658583,0.236034,-0.499706,-1.107888,0,0,1,0
0.135350,-0.709664,0.245497,0.641873,-1.018122,3.247233,-1.101870,0,0,0,0
-0.682474,-0.311833,0.343567,0.018078,-0.703014,-0.493673,-1.026276,0,0,1,1
-2.733269,0.585340,1.678825,-1.201177,3.192508,-0.668368,-1.457336,0,0,0,0
-0.340563,0.240158,0.113173,0.462556,-0.166186,-0.603579,-1.263362,1,0,0,0
0.083541,-1.010278,0.327621,0.957680,-0.841918,0.640006,-1.223807,0,0,0,0
-0.549828,-0.412041,0.168136,0.720735,0.076985,-0.395688,-0.899149,1,0,0,0
-3.130466,0.568892,3.774884,-0.184242,3.060338,-0.678291,-1.167764,0,0,0,0
-0.339373,0.000855,0.027222,0.794199,0.222510,-0.416793,-1.348188,0,0,1,0
0.352084,0.094159,0.449194,0.861094,-1.122219,6.500088,-0.756108,0,0,0,0
-0.532632,0.120930,0.471558,0.422941,0.437129,-0.347775,-0.739703,0,0,1,1
-0.839244,-2.934377,1.968470,2.350047,-0.541565,-0.580245,-1.253951,0,0,0,0
-0.484217,0.368117,0.743453,1.053762,0.154791,-0.505066,-0.829233,0,0,0,1
0.097032,-1.158958,0.215752,1.109494,-0.126230,1.722537,-1.184224,0,0,0,0
-0.883553,0.222251,0.520830,0.781421,0.151752,-0.302058,-1.140327,0,1,0,0
-3.169690,0.604529,3.962880,-0.319166,3.025648,-0.681180,-0.559873,0,0,0,0
0.000041,-0.751814,0.347140,1.202233,-0.166916,-0.422666,-0.741973,0,0,1,0
0.247644,-1.051978,-0.323200,0.865258,-0.537025,4.921453,-1.159631,0,0,0,0
-0.198703,-1.416339,0.524477,0.661774,-0.030852,-0.308340,-1.065732,0,0,1,1
-2.248306,0.938572,1.428002,-0.407522,2.785732,-0.597823,-1.494531,0,0,0,0
0.318739,-0.654893,0.314085,0.276032,0.677590,-0.211130,-0.739764,0,1,0,0
0.497679,-0.954418,0.233358,1.486519,0.293553,3.386722,-0.854314,0,0,0,0
0.228206,-0.895302,0.411588,-0.095880,-0.043753,-0.231967,-0.765870,1,0,0,0
-3.064623,0.822220,3.718078,-0.962094,2.712447,-0.538523,-0.843986,0,0,0,0
0.055929,-0.837295,0.394608,1.018945,0.610366,-0.552740,-0.985830,0,0,1,0
0.431026,-0.741816,-0.830595,1.002691,-0.296843,-0.188549,-0.981955,0,0,0,0
-0.268951,-1.426578,0.076908,0.784836,0.604784,-0.333445,-0.904611,0,0,1,1
-2.389118,0.804148,1.188794,-1.255985,2.475625,-0.626584,-1.313437,0,0,0,0
0.200980,-0.762236,0.702395,1.014421,1.232467,-0.371790,-1.001007,0,1,0,0
0.612787,-0.769200,0.102020,0.718470,0.102832,5.379880,-1.058284,0,0,0,0
0.030215,-0.800828,0.608766,0.904754,-0.123031,-0.302705,-1.152035,1,0,0,0
-3.273631,0.168371,3.411519,-0.878907,2.436534,-0.626622,-0.976632,0,0,0,0
-0.003021,-0.851863,0.186494,1.533644,0.702591,-0.464812,-1.032783,0,1,0,0
0.327050,-1.524908,-0.033564,0.785903,-0.229146,0.524061,-1.026553,0,0,0,0
-0.072214,-1.317914,0.116581,0.057401,-0.131464,-0.218934,-0.778363,1,1,0,0
-2.516647,0.637838,1.214958,-1.142544,2.751102,-0.634883,-1.400143,0,0,0,0
0.203133,-1.063144,-0.090509,0.058019,0.567962,-0.562639,-1.161089,0,1,0,0
0.478934,-1.132147,-0.255620,0.754133,-0.084064,0.038520,-0.995494,0,0,0,0
0.240617,-0.726160,0.169845,0.728926,0.225869,-0.299104,-0.735245,0,1,0,0
-3.140306,0.334465,3.083833,-0.884507,3.106333,-0.588489,-0.991418,0,0,0,0
0.133141,-0.805105,0.169884,1.046409,0.739377,-0.218780,-0.922295,0,1,0,0
0.776045,-0.306557,0.277304,0.143153,-0.985536,2.625731,-0.634354,0,0,0,0
-0.078803,-1.124539,0.697586,1.020655,0.150354,-0.142292,-0.714766,1,1,0,0
-1.040850,-3.420280,1.972623,3.013169,-0.451064,-0.622801,-1.191328,0,0,0,0
0.200222,-0.726498,0.590861,0.551770,0.317086,-0.286641,-0.897499,1,1,0,0
0.583866,-0.400380,0.415134,1.245773,0.054097,5.617262,-0.143181,0,0,0,0
0.051044,-0.962837,0.618597,0.414437,-0.127357,-0.104013,-0.250142,0,0,1,1
-2.866749,1.010863,3.136510,-1.154080,2.782197,-0.616044,-0.439783,0,0,0,0
-0.318552,0.248491,0.697226,1.043860,-0.108298,-0.292287,-0.925729,0,1,0,0
0.376783,-0.785200,-0.472188,0.836881,-0.422620,2.994110,-1.233373,0,0,0,0
-0.510257,-0.093194,0.093582,0.140994,-0.427956,-0.488071,-1.079592,1,1,0,0
-2.599536,0.880083,1.814409,-0.877147,3.295677,-0.661806,-1.076403,0,0,0,0
-0.187605,0.587025,0.161996,0.783760,-0.009818,-0.544455,-1.019554,0,0,0,1
0.244755,-0.423173,-0.242008,0.943468,-0.569507,4.784609,-1.224681,0,0,0,0
-0.478568,-0.036275,0.050778,1.035527,-0.202488,-0.443995,-1.136491,0,0,0,1
-2.743945,1.450524,3.497582,-1.005866,2.716528,-0.663270,-0.585524,0,0,0,0
-0.296654,0.001789,-0.173694,0.357254,-0.458847,-0.374272,-1.109220,0,1,0,0
0.330813,-1.026436,-0.407395,0.270632,-0.096443,2.094004,-1.401096,0,0,0,0
-0.566109,-0.218135,0.276686,0.716500,-0.421606,-0.573583,-1.049715,1,1,0,0
-2.584572,0.998064,1.993922,-0.873769,3.259121,-0.682397,-0.816259,0,0,0,0
-0.370649,0.284407,0.517105,1.098488,0.383162,-0.431468,-0.795061,0,0,0,1
0.243490,-0.539764,0.637775,0.402065,-1.034752,5.999352,-1.155298,0,0,0,0
-0.901857,0.113959,0.899219,1.304454,-0.296480,-0.446414,-1.339312,0,0,0,1
-2.908876,1.152792,3.903964,-0.220236,3.026034,-0.645315,-0.804652,0,0,0,0
-0.423190,0.285416,0.933059,1.056467,0.578862,-0.563146,-0.706666,0,1,0,0
0.174240,-0.831980,-0.606182,1.459829,-0.475204,3.247192,-1.208487,0,0,0,0
-0.506229,-0.049687,0.282432,0.543780,-0.473403,-0.427896,-1.060244,1,1,0,0
-2.643630,0.821950,1.890225,-0.758672,3.400418,-0.659150,-1.081090,0,0,0,0
-0.292052,0.084809,0.312781,0.176728,0.057466,-0.363454,-0.927985,0,0,0,1
0.306218,-0.964329,-1.041403,0.927566,-0.985511,0.492751,-1.294606,0,0,0,0
-0.366081,-0.187822,-0.206747,0.370949,-0.244430,-0.489649,-1.341248,0,0,0,1
-3.031558,0.656734,3.357193,-0.663620,2.855516,-0.620007,-0.359040,0,0,0,0
-0.297767,0.337579,0.484141,1.021637,-0.091093,-0.478399,-1.106786,0,1,0,0
0.596313,-0.159703,-0.004842,0.534057,-0.879122,6.100251,-0.682436,0,0,0,0
-0.518439,0.188014,0.582444,0.372246,-0.095294,-0.441265,-1.100317,1,1,0,0
-1.259739,-3.346547,2.018441,3.452612,-0.469289,0.015693,-0.805466,0,0,0,0
-0.320284,0.142704,0.715084,0.692496,0.283976,-0.283531,-1.076513,1,0,0,0
0.362575,-0.828984,-0.652278,0.675495,-0.597080,1.753107,-1.375310,0,0,0,0
-0.682213,-0.010364,0.070836,0.426315,-0.554807,-0.450558,-1.219442,0,0,1,0
-3.009006,0.974661,3.949155,-0.444699,2.841284,-0.691220,-0.323492,0,0,0,0
-0.299314,0.452269,0.472608,0.869977,-0.364329,-0.414034,-0.894271,0,1,0,0
0.295549,-0.630935,-0.126181,1.158076,0.030349,5.392635,-1.075004,0,0,0,0
-0.755117,0.053070,0.450651,0.767188,-0.064349,-0.529176,-0.815349,1,1,0,0
-1.928311,1.035964,1.212402,-0.290528,2.126131,-0.623366,-1.192924,0,0,0,0
-0.228147,0.207631,0.271080,0.646839,0.457911,-0.458472,-1.346057,0,0,0,1
0.435845,-0.686235,-0.318309,0.437088,-0.289409,2.791649,-1.263732,0,0,0,0
-0.377542,-0.160183,-0.295751,0.764774,-0.327422,-0.207031,-1.111648,0,0,1,0
-3.168759,0.462002,3.576118,-0.663123,2.779613,-0.601252,-0.666673,0,0,0,0
-0.329270,0.172238,0.113790,0.947469,0.428892,-0.516100,-1.054380,0,1,0,0
0.154838,-0.660241,-0.081948,0.581122,-0.912244,4.633100,-1.359815,0,0,0,0
-0.570700,-0.246063,0.195196,0.334007,-0.180262,-0.550992,-1.473859,1,1,0,0
-2.073631,0.975164,1.364520,-0.026344,2.564452,-0.656623,-1.516971,0,0,0,0
-0.363617,-0.021117,0.580677,0.985883,0.846914,-0.500935,-1.194032,1,0,0,0
0.406147,-0.746524,0.060920,0.355365,-0.836798,3.159662,-1.204334,0,0,0,0
-0.942517,0.360783,1.103874,1.552157,0.170687,-0.543475,-1.196020,1,1,0,1
0.083119,-1.318065,-0.400558,1.596596,-0.803191,-0.064630,-0.607966,0,0,0,0
0.506423,-0.338553,-0.936912,1.012236,-0.169672,-0.020317,-0.182318,0,1,1,1
0.187081,-1.405027,-0.630242,0.901044,-0.221272,-0.024301,-0.590187,0,0,0,0
0.488506,-0.801233,-1.277944,0.867359,0.472901,-0.209598,-0.295467,1,1,1,0
0.146833,-1.419461,-0.578147,0.930794,-0.459418,0.155047,-0.472420,0,0,0,0
0.545996,-0.289940,-1.098739,1.017618,-0.546051,-0.013771,0.032401,1,0,1,1
0.124463,-1.392221,-0.781557,1.363816,-0.271385,0.290927,-0.209981,0,0,0,0
0.541779,-0.432214,-1.338419,1.331952,-0.463485,-0.082115,0.138098,0,1,1,1
0.186800,-1.358295,-0.472993,1.229862,-0.350831,0.010987,-0.583612,0,0,0,0
0.486767,-0.677063,-0.942838,0.741577,-0.254717,-0.086059,-0.494838,1,1,1,0
0.163038,-1.259787,-0.548181,0.755044,-1.207169,0.357555,-0.703188,0,0,0,0
0.450946,-0.721583,-1.027949,0.829075,0.017626,-0.118401,-0.151967,1,0,1,1
0.167174,-1.345242,-0.953157,0.932267,-0.972096,0.013388,-0.564318,0,0,0,0
0.508257,-0.501959,-1.231972,0.594442,0.085772,0.064162,-0.143827,1,1,1,0
0.163676,-1.297637,-0.450176,1.388553,-0.761702,-0.102375,-0.782098,0,0,0,0
0.378969,-0.701610,-1.295309,1.084750,-0.638968,-0.185189,0.029393,0,0,0,1
-0.907762,-1.262354,-3.324592,-1.986833,-1.115704,1.741359,-1.995707,0,1,0,0
-0.277400,-1.125741,-3.897163,-1.449090,-1.443950,1.244800,-1.654410,0,0,1,0
0.168494,-0.768070,-3.470934,-0.815479,-1.435594,0.460385,-1.403282,0,1,0,0
0.061295,-1.163082,-4.076861,-1.099812,-1.648154,1.092719,-1.311310,0,0,0,1
0.098278,-0.987739,-3.824863,-0.617032,-1.443413,0.769329,-1.370718,0,1,0,0
-0.006737,-0.834892,-3.429103,-0.356228,-1.204397,0.196451,-1.565997,0,0,1,0
-0.212308,-1.747597,-2.623442,1.061449,-0.484887,0.383461,-1.533647,0,1,0,0
-0.426654,-0.590871,-3.221530,-0.772970,-1.013055,0.118289,-1.644694,0,0,1,1
-0.180097,-2.024264,-1.704775,0.971657,-0.606489,-0.153666,-1.553560,0,0,0,0
-1.011067,-0.822332,-0.675978,0.915083,-0.264104,-0.402585,-1.925510,0,0,0,0
-1.194572,-0.710394,-0.407539,0.390410,-0.231012,-0.114763,-1.975286,0,0,0,0
-1.481183,-1.191842,-0.679214,0.351192,0.455596,-0.233044,-1.840581,1,0,1,1
0.400038,-1.836691,-0.200053,1.328494,-0.296760,0.096764,-0.355131,0,1,0,0
0.342755,-0.674679,-0.520526,1.781121,-0.122637,-0.030682,0.138234,0,0,0,1
0.547209,-0.280701,-0.582695,0.447875,0.278022,-0.161714,0.907626,0,1,1,0
-0.217092,-0.211104,-0.282390,0.675598,0.849841,-0.017593,-0.713700,1,0,0,0
0.034582,-0.073825,-0.333045,1.723692,0.386167,-0.337607,0.009712,0,1,0,0
0.471909,-0.596502,-0.205730,0.025984,0.763965,-0.208493,0.792941,0,0,1,1
-0.298288,-0.657720,0.049683,-0.366350,0.945967,-0.280280,-0.738766,1,0,0,0
0.104223,-0.320975,-0.161080,0.560429,0.745054,-0.160017,0.021848,0,1,0,0
0.444452,-0.145581,-0.879745,1.070319,0.186004,-0.282127,0.716816,0,0,1,1
-0.227431,-0.006241,-0.930884,0.495149,0.819436,-0.230203,-0.711716,0,1,0,0
0.087558,-0.107227,-0.439265,0.952136,0.633165,-0.301617,0.024202,1,0,0,0
0.407992,-0.299754,-0.650551,0.854165,0.299014,-0.222028,0.669255,0,1,1,0
-0.266237,-0.336138,-0.088399,0.749070,0.742846,0.022978,-0.703332,0,0,0,1
0.248255,-0.257645,-0.185482,0.302952,0.746373,-0.132003,0.060878,0,0,1,0
0.442592,-0.316785,-0.553714,0.301902,-0.044465,-0.146233,0.698416,1,1,0,0
-0.302072,-0.629249,0.393717,-0.674454,1.494433,-0.184560,-0.727908,0,0,0,1
0.183342,-0.322951,0.143917,-0.137408,-0.050962,-0.168860,-0.015145,0,0,1,0
0.547556,-0.187350,-0.017811,0.140281,0.484349,-0.092415,0.794477,1,1,0,0
-0.299967,-0.824484,0.312721,-0.608295,2.061665,-0.175592,-0.475448,0,0,0,1
0.096090,-0.099278,0.139827,0.077959,0.098658,-0.300555,0.275756,1,0,0,0
0.505455,-0.457621,-0.346329,0.211522,0.237015,-0.253629,0.699626,0,1,1,0
-0.248027,0.244457,-0.838969,0.495531,1.037840,-0.178298,-0.308595,0,0,0,1
-0.002731,-0.225453,-0.620117,0.675044,0.618719,-0.319107,0.106274,0,0,1,0
0.378698,-0.197468,-0.515829,1.253797,-0.227338,-0.205930,1.176180,1,1,0,0
-0.175783,-0.486132,0.564947,-0.656784,0.548492,-0.168934,-0.362375,0,0,0,1
0.125530,-0.412130,0.771285,-0.155739,0.645186,-0.250270,0.198103,0,0,1,0
0.522725,-0.325809,0.175565,0.508934,0.800236,-0.259991,0.768346,1,1,0,0
-0.247451,-0.825925,0.709660,-0.598728,0.579130,-0.137415,-0.846101,0,0,1,0
0.139825,-0.594478,0.204489,-0.729002,0.768621,-0.147006,-0.328977,0,0,0,1
0.484485,-0.544320,-0.628282,-0.829784,0.066916,-0.172638,0.010155,0,1,1,0
-0.307598,-0.526240,-0.296777,0.139418,0.986187,-0.241266,-0.730345,1,0,0,0
0.126555,-0.119052,-0.292388,0.645144,-0.303535,-0.142483,-0.063819,0,1,0,0
0.606591,-0.337163,-0.352576,-0.385101,0.193502,-0.033292,0.824928,0,0,1,1
-0.127218,-0.194351,-0.449485,-0.606694,0.224315,-0.261598,-0.738790,1,0,0,0
0.185129,-0.291743,-0.370713,0.121477,0.525886,-0.238134,-0.037504,0,1,0,0
0.582617,-0.344400,-0.423972,-0.629644,0.212349,-0.242577,0.793766,0,0,1,1
-0.130150,-0.568598,-0.525739,-1.020027,0.562475,-0.084685,-0.734189,0,1,0,0
0.296536,-0.367030,-0.088171,-0.523209,0.464694,-0.037795,-0.016125,1,0,0,0
0.574984,-0.661913,-0.224684,-0.201312,0.903703,-0.320448,0.703626,0,1,1,0
-0.007853,-0.897628,-0.619607,-0.845037,1.631938,-0.019450,-0.610013,0,0,0,1
0.402840,-0.464412,-0.348882,-1.152173,0.820617,-0.012659,-0.370097,0,0,1,0
0.616576,-0.612526,-0.266862,-0.074688,0.747443,-0.089000,0.424407,1,1,0,0
0.007424,-1.378674,-0.296588,-0.687499,1.621730,-0.057281,-0.798299,0,0,1,0
0.368487,-0.699385,-0.203188,-0.053839,0.460061,-0.253841,-0.346773,0,0,0,1
0.694698,-0.698676,-0.489549,0.784290,0.454654,0.152884,0.286250,1,0,0,0
0.417343,-1.323434,0.029866,0.341039,0.858939,1.121786,0.185424,0,0,1,0
0.567891,-1.081595,-0.025164,0.449007,0.152378,-0.052815,0.311982,0,1,0,0
0.732215,-0.796544,0.087661,-0.517926,-0.228839,0.028622,0.674617,0,0,1,1
0.530573,-2.114816,0.064787,0.889348,-0.514991,0.117483,-0.135952,0,0,0,0
-0.233861,-1.671865,0.469450,0.906721,-0.580885,-0.423432,-1.527175,0,0,0,0
-3.975563,-2.653971,1.418524,-1.819567,2.113221,-0.474162,-2.187190,0,0,0,0
-4.203864,-3.007688,0.546208,-3.385502,1.197392,-0.714148,-2.339080,1,0,0,0
-4.229958,-3.115668,0.387181,-3.625811,0.979321,-0.656404,-2.340098,0,0,0,0
-4.234947,-3.136083,0.358124,-3.667231,0.944799,-0.708239,-2.340400,0,0,0,0
-4.222727,-3.085871,0.430505,-3.561741,1.035706,-0.676226,-2.340057,0,0,0,0
-4.097016,-2.947908,-0.168455,-4.456166,0.868966,-0.674715,-2.283561,1,0,0,0
-4.234947,-3.136083,0.358124,-3.667231,0.944799,-0.711553,-2.340546,0,0,0,0
-4.225855,-3.098662,0.412336,-3.587544,1.014332,-0.711805,-2.340282,0,0,0,0
-4.234947,-3.136083,0.358124,-3.667231,0.944799,-0.714148,-2.340629,0,0,0,0
-4.234947,-3.136083,0.358124,-3.667231,0.944799,-0.692936,-2.314496,1,0,0,0
-4.234947,-3.136083,0.358124,-3.667231,0.944799,-0.714148,-2.340728,0,0,0,0
-4.234947,-3.136083,0.358124,-3.667231,0.944799,-0.714148,-2.340850,0,0,0,0
-4.234947,-3.136083,0.358124,-3.667231,0.944799,-0.706433,-2.340657,0,0,0,0
