mfcc0,mfcc1,mfcc2,mfcc3,mfcc4,onset,rms,lane0,lane1,lane2,lane3
-3.469997,-3.057480,0.506002,-1.913948,1.468115,-1.356373,-2.070140,0,0,1,0
-1.120607,2.622913,1.294182,-0.750859,1.842701,-0.305681,-0.194064,0,0,0,0
-1.609990,2.295780,2.149870,-0.975655,1.693374,-1.103756,-0.691139,0,0,0,0
-1.844263,1.962384,2.444896,-0.815548,1.704472,-0.835983,-0.761970,0,0,0,0
-1.817782,2.410810,2.447735,-1.926845,0.494802,0.539737,-1.122259,1,0,0,0
-1.672026,1.740866,2.213748,-0.848350,0.008172,0.422722,-1.114400,0,0,0,0
-1.972573,1.485594,2.420510,-0.852927,0.393826,-0.619025,-1.087084,0,0,0,0
-1.967279,1.786629,2.353410,-1.804181,-0.450076,-0.388899,-1.165107,0,0,0,0
-2.144023,1.398984,2.564395,-1.288448,0.043451,-1.115255,-1.190563,0,1,0,0
-1.730688,1.596085,1.984777,-1.668563,-0.906306,-0.990151,-1.172911,0,0,0,0
-2.042960,1.135249,2.088630,-1.777412,-0.953668,-0.859301,-1.248865,0,0,0,0
-2.105331,1.341124,2.351701,-1.893926,-1.253601,-0.568738,-1.287323,0,0,0,0
-2.230826,1.158895,2.388521,-2.133282,-1.251631,-0.814632,-1.327238,1,0,0,0
-1.612499,2.095279,2.763562,-0.370483,-0.083385,-0.758269,-0.570249,0,0,0,0
-1.783563,2.369659,3.007383,-1.153491,-0.311002,2.258042,-1.162250,0,1,0,0
-1.113697,2.986627,0.982368,-0.624850,2.043878,0.261995,-0.747825,0,0,0,0
-1.759642,2.267340,2.244281,-1.122783,0.922060,-0.857083,-0.954511,0,0,0,1
-1.249826,3.229281,2.440938,-1.929711,-0.206829,1.066090,-0.840498,0,0,0,0
-1.827296,1.961772,2.602368,-1.625083,0.146077,-0.445412,-0.968835,0,0,0,0
-1.937985,1.958376,2.729671,-1.773974,-0.073923,-0.837245,-1.064006,0,0,0,0
-2.120641,1.699364,2.886807,-1.389048,0.418028,-0.720519,-1.083354,1,0,0,0
-1.737612,1.568249,2.165382,-1.174908,-0.631329,-0.926318,-1.069591,0,0,0,0
-2.013270,1.315596,2.058593,-1.554880,0.198063,-0.697340,-1.139812,0,0,0,0
-2.087771,1.490117,2.480752,-1.558141,-0.201508,-0.711911,-1.210097,0,0,0,0
-2.240034,1.165102,2.516928,-1.560124,0.023495,-0.469352,-1.232492,0,0,1,0
-1.091701,3.226472,0.821722,-4.151301,-0.467881,-0.772281,-1.059108,0,0,0,0
-1.770929,1.904728,1.885695,-2.676037,-0.585321,-0.547054,-1.237065,0,0,0,0
-2.384037,0.513257,2.730808,-0.529206,0.627473,-1.117044,-1.297239,0,0,0,0
-2.463576,0.372012,2.559062,-0.662307,0.518203,-1.021193,-1.347170,1,0,0,0
-1.919938,0.988964,1.753991,-1.320586,-0.355168,-0.995653,-1.344454,0,0,0,0
-2.119144,0.881417,1.772934,-1.594327,0.313297,-0.546476,-1.399229,0,0,0,0
-2.140888,1.012513,1.738271,-1.962989,0.126366,-0.840616,-1.491226,0,0,0,0
-2.360480,0.551805,1.882002,-1.856682,0.155093,-0.820073,-1.593573,0,0,0,1
-0.936509,2.692080,0.999598,-0.307410,2.088825,-0.720615,-0.145638,0,0,0,0
-1.607404,2.097885,2.268271,-0.201601,1.400362,-0.899794,-0.887525,0,0,0,0
-1.814074,1.929513,2.523404,-0.174674,2.130420,-0.787036,-0.894531,0,0,0,0
-1.958754,1.700867,2.109530,-1.286896,1.419153,-0.485460,-1.143513,1,0,0,0
-1.804527,1.128735,1.755947,-0.444858,0.789829,-1.117700,-1.117135,0,0,0,0
-1.951524,1.341323,2.031450,-0.627054,1.554006,-0.551138,-1.165720,0,0,0,0
-1.683831,2.566570,1.952494,-2.710136,-0.189855,-0.660659,-1.125360,0,0,0,0
-2.042940,1.695795,2.363374,-1.699128,0.514433,-0.407710,-1.291786,0,0,1,0
-1.586772,1.882511,1.535604,-2.141073,-0.499874,-0.962361,-1.210712,0,0,0,0
-1.916936,1.383653,1.742803,-2.138650,-0.662450,-0.861778,-1.274276,0,0,0,0
-1.989334,1.644544,2.080351,-2.529942,-1.103248,-0.416909,-1.273898,0,0,0,0
-2.037719,1.625696,2.003992,-2.808814,-1.103140,-0.333667,-1.310453,0,1,0,0
-1.547984,2.042915,1.994990,-0.661319,0.893004,-0.493195,-0.608625,0,0,0,0
-1.409597,2.532154,0.532887,-3.117954,1.048648,-0.294749,-1.077278,1,0,0,0
-1.065140,2.844761,0.686937,-0.599792,2.680214,-0.569459,-0.703717,0,0,0,0
-1.609660,2.449813,1.756621,-0.959822,1.716807,-1.041254,-1.092948,0,0,1,0
-1.380805,2.440841,1.579844,-2.131702,0.310693,-0.995937,-1.010945,0,0,0,0
-1.733688,1.856780,1.894710,-1.683975,0.342297,-1.130689,-1.071131,0,0,0,0
-1.595805,2.433961,1.346693,-3.030454,0.243895,-0.855140,-1.172300,0,0,0,0
-2.052923,1.740828,2.426356,-1.750955,0.658265,-1.012489,-1.195526,0,1,0,0
-1.659556,1.524245,1.283354,-2.781774,-0.004671,-0.634854,-1.146702,0,0,0,0
-1.810493,1.565630,1.717903,-2.651884,-0.385157,-0.824061,-1.179345,0,0,0,0
-1.348366,2.447205,-0.167609,-3.847064,1.425116,-0.778801,-1.228268,0,0,0,0
-2.045077,1.279229,1.385823,-2.610167,-0.262035,0.176145,-1.250170,0,0,0,1
-0.525661,3.304820,-0.536239,-2.224318,1.489464,-0.824839,-0.782704,0,0,0,0
-1.377083,2.396023,0.772126,-2.186144,1.485333,-0.759609,-1.126688,0,0,0,0
-1.787290,1.691816,1.553497,-1.157812,1.896423,-0.872398,-1.186226,0,0,0,0
-1.948486,1.664937,1.873859,-1.460129,1.516689,-0.631503,-1.177741,0,1,0,0
-1.642894,1.068358,0.542015,-1.154952,1.062854,-0.985923,-1.204559,0,0,0,0
-1.602265,2.010767,0.970611,-2.154921,0.625180,4.371302,-1.202682,0,0,0,0
-0.998448,2.069818,-1.827820,-2.454075,0.704102,-0.762206,-1.212353,0,0,0,0
-2.081249,0.999524,0.934663,-2.465486,0.737262,-0.962602,-1.253902,1,0,0,0
-1.067990,2.644296,1.314360,-0.547159,1.836898,-0.727631,-0.088763,0,0,0,0
-1.614732,2.318344,2.169227,-0.960504,1.613480,-1.108756,-0.747771,0,0,0,0
-1.717575,2.174330,2.221299,-0.667392,2.152800,-0.633749,-0.763625,0,0,0,0
-1.140558,2.963232,-0.389140,-3.281053,1.527596,4.885054,-1.065075,0,1,0,0
-1.390450,1.915778,0.467302,-1.962742,0.915260,2.002372,-1.103196,0,0,0,0
-1.898632,1.345280,1.735790,-0.884651,1.023945,-0.522363,-1.200109,0,0,0,0
-1.799045,1.925138,1.349488,-2.788474,-0.230650,-0.054499,-1.240313,0,0,0,0
-2.027899,1.453034,1.776968,-1.937302,0.449434,-0.713350,-1.280769,0,0,1,0
-1.520040,1.709221,0.742681,-2.629987,-0.378256,-1.142739,-1.273308,0,0,0,0
-1.925874,1.293614,1.445063,-2.433858,-0.731662,-1.047272,-1.257758,0,0,0,0
-1.970063,1.333764,1.324022,-2.517875,-0.349596,-0.140950,-1.269864,0,0,0,0
-2.003122,1.344114,1.307724,-2.630711,-0.370446,-0.827263,-1.314980,0,0,0,1
-1.207061,1.952279,0.465428,-0.163800,1.638506,-0.784992,-0.617478,0,0,0,0
-1.145394,2.404233,0.074849,-0.892797,1.322461,9.666630,-1.116409,0,0,1,0
-1.005432,2.381515,0.769892,0.214366,1.427494,0.319966,-0.833464,0,0,0,0
-1.563582,2.380567,1.546628,-0.824435,1.637175,-1.149294,-1.057308,0,1,0,0
-0.541491,2.852368,-0.776794,-0.808418,1.631255,2.194050,-0.801366,0,0,0,0
-1.510491,2.036850,0.944776,-1.971083,1.234050,-0.714415,-0.926759,0,0,0,0
-1.708082,1.816446,1.281210,-1.641345,1.218682,-1.013979,-0.991606,0,0,0,0
-1.863115,1.579223,1.443554,-0.958837,1.901530,-0.566800,-1.082279,0,0,0,1
-1.378615,1.170544,0.071416,-0.117599,1.109142,-1.070711,-1.074578,0,0,0,0
-1.654668,1.309134,0.587599,-0.934751,1.357455,0.850825,-1.112773,0,0,0,0
-1.746282,1.274758,0.603470,-1.208300,0.897444,-0.538470,-1.146720,0,0,0,0
-1.873535,1.147593,0.824257,-1.263557,0.926975,0.284710,-1.179145,1,0,0,0
-0.411882,2.787270,-1.017912,-0.564170,1.766310,-0.579552,-0.823119,0,0,0,0
-1.276992,2.269474,0.728349,-1.139642,1.243532,-0.584775,-1.016239,0,0,0,0
-1.893901,1.727370,2.413338,-0.703746,1.116805,-0.897493,-1.030456,0,0,0,0
-2.134355,1.405448,2.754640,-0.612303,1.224903,-0.557399,-1.129265,0,0,1,0
-1.387093,0.856809,0.227276,0.682174,1.073453,-1.068770,-1.126800,0,0,0,0
-1.619604,0.886484,0.235366,-0.058127,1.368167,-0.444394,-1.128462,0,0,0,1
-1.175580,2.359530,0.477187,-0.028034,2.297424,-0.792842,-1.011735,0,0,0,0
-1.606528,1.835470,1.066730,-0.568723,1.595184,-1.033250,-1.329209,0,1,0,0
-1.702895,1.621483,2.136818,-0.136769,2.318785,-1.016332,-0.652628,0,0,0,0
-1.820070,1.332818,1.920638,0.204432,2.287317,-0.526805,-1.155639,0,0,0,0
-1.332469,1.880094,0.583146,-0.105841,1.630333,-0.553349,-1.037295,0,0,0,0
-2.094954,1.014489,1.493819,-0.967841,2.297132,-0.239617,-1.362383,1,0,0,0
-1.750278,0.122852,0.689500,0.527151,0.521021,-1.009553,-1.322324,0,0,0,0
-2.124506,0.383986,1.503669,0.008233,1.569195,0.096324,-1.341896,0,0,0,0
-1.404373,1.517477,0.052701,-0.626956,0.512460,-0.967641,-1.354760,0,0,0,0
-1.810174,1.080287,0.379853,-1.538107,0.591364,-0.583188,-1.413193,0,0,1,0
-1.126787,2.528116,1.100695,-0.954628,1.036897,-1.050050,-0.986448,0,0,0,0
-1.520461,1.974887,1.486947,-0.665678,1.001961,-0.610248,-1.086315,0,0,0,0
-1.694791,2.025656,1.720359,-1.433113,0.616094,-0.606540,-1.161167,0,0,0,0
-1.755489,1.528041,1.468451,-0.958705,0.089350,-0.533830,-1.301393,0,1,0,0
-1.177889,1.532462,0.950571,1.217158,0.491493,-1.087999,-0.396430,0,0,0,0
-1.373413,1.397347,0.996417,0.674897,0.261447,-0.569742,-1.083427,0,0,0,0
-1.189091,1.359714,0.087472,0.598421,0.680028,-0.877647,-1.082202,0,0,0,0
-1.848601,1.712202,1.829288,-1.190720,0.202626,-0.601371,-1.420796,0,1,0,0
-0.958426,2.394206,0.899654,-0.644698,0.970692,-0.744519,-0.906635,0,0,0,0
-1.214423,1.247720,1.248834,-0.311004,-0.740434,-0.335475,-1.123144,0,0,0,0
-1.025178,0.935740,0.806294,-0.102625,-1.036351,-0.014206,-1.158802,0,0,0,0
-1.227773,0.036342,1.541020,1.413595,-0.728025,-0.030442,-1.190686,0,0,0,1
-0.871203,-0.154702,0.453840,0.493472,-1.425591,-0.887958,-1.191684,0,0,0,0
-0.977319,-0.743035,0.651050,0.757679,-1.643384,-0.096650,-1.208303,0,0,0,0
-0.895280,-0.566509,0.550284,0.648217,-1.747759,-0.455649,-1.211273,0,0,0,0
-0.882632,-1.102343,0.066585,0.890450,-1.412649,0.411928,-1.267177,1,0,0,0
0.248033,1.179626,-0.734652,0.175059,-0.801548,-0.211339,-0.775100,0,0,0,0
-0.244027,-0.291391,-0.160653,1.487036,-0.631068,-0.434382,-1.030889,0,0,0,0
-0.461746,-1.272169,-0.041640,2.382016,-0.542860,-0.424914,-1.035910,0,0,0,0
0.168877,-0.410633,-1.141392,0.911519,0.269674,1.246156,-0.373397,0,0,1,0
0.710973,-0.406484,-1.340530,-1.735946,-2.548754,0.741245,0.382288,0,0,0,0
0.685248,-0.096013,-1.623656,-0.994925,-2.130733,-0.055096,-0.257062,0,0,0,1
0.517050,-0.847105,-1.214765,-0.523917,-2.154242,-0.248830,0.149607,0,0,0,0
0.224162,-0.774031,-1.513116,0.718342,-1.600522,-0.517963,-0.846461,0,1,1,0
0.534824,-0.515223,1.217448,0.387954,-0.719653,-0.141914,0.584424,0,0,0,0
0.428049,-0.619186,1.196062,0.775673,-0.872212,-0.151970,0.267563,0,0,0,0
0.375157,-0.592050,1.477394,0.532550,-0.647096,-0.109266,0.219042,0,0,0,0
0.503141,-0.798125,-0.014081,-0.171729,0.923936,0.761702,-0.179108,0,0,1,0
0.416630,-0.826330,0.891323,0.777353,-0.239597,-0.530958,0.073196,0,0,0,0
0.368632,-1.122797,0.874982,0.500431,-0.309219,-0.302606,0.025500,0,0,1,0
0.262197,-1.116921,-0.022124,1.483895,-0.067905,-0.116335,0.177783,0,0,0,0
0.190194,-0.953623,0.268803,1.988351,0.254064,-0.132322,0.080586,0,0,0,0
0.084578,-0.916566,0.650677,0.673796,0.683513,1.237612,-0.756665,0,0,0,0
-0.672479,0.251290,0.972191,1.401786,-0.249497,-0.610402,-0.923655,0,0,0,1
0.244493,-0.230480,0.073036,0.445945,-1.640753,-0.167467,0.171831,0,0,0,0
0.227194,-0.456385,0.562090,-0.576312,-1.938182,0.266498,-0.042465,0,0,0,0
0.049392,0.749395,0.007252,0.763236,1.110800,0.656355,-0.251964,0,0,0,0
0.250605,0.522780,-0.163116,0.798169,0.838898,2.102003,0.276998,0,1,1,0
0.554947,-0.038313,0.825011,0.020599,-0.986102,0.135768,0.479371,0,0,0,0
0.429843,-0.095031,0.722465,-0.623748,-1.900473,-0.256101,0.216101,0,0,0,0
0.474123,-0.214019,0.595398,-0.272269,-1.504037,0.675961,0.274200,0,0,0,0
0.428858,-0.189550,0.498649,-1.123795,-2.496583,0.326554,0.205129,0,0,0,0
-0.314947,1.194174,0.149887,-0.966281,-1.191039,-0.622895,-0.733024,0,0,0,0
0.849833,-0.509720,-1.428536,-0.591066,-1.011965,0.130088,0.118432,0,0,0,0
0.098624,0.771848,-0.776138,0.277753,-1.537490,-0.582096,-0.528454,0,0,0,0
-0.016641,0.559559,-0.098793,-0.273971,-0.641461,1.282442,-0.432644,1,0,0,0
0.224407,-0.943076,0.768855,-0.029078,-1.093758,0.799880,0.101770,0,0,0,0
-0.055996,-0.042239,0.219946,0.154540,-0.176943,-0.107091,0.333901,0,1,0,0
0.534570,-0.198833,-0.036242,0.139670,0.202108,-0.076263,0.369492,0,0,0,0
-0.154719,0.041602,1.068825,1.071613,-0.845580,-0.233411,0.250057,0,0,1,0
0.157103,-1.210607,1.253077,1.716675,-1.549987,-0.097109,0.025104,0,0,0,0
0.128401,-0.999144,0.574495,1.645230,-1.642338,-0.002982,0.032011,0,0,0,0
-0.206937,-0.476519,0.472170,1.867848,0.278970,0.100354,-1.029670,0,0,0,0
0.498134,-2.099839,-0.431103,1.930865,-0.635632,0.485523,-0.102399,0,0,0,1
0.239473,-1.100646,-0.147652,2.355482,-1.127741,-0.471087,0.066475,0,0,0,0
0.033056,-1.733799,0.501408,2.525535,-0.074556,0.105850,0.122904,0,1,0,1
0.361403,-0.415773,1.186940,2.523042,-0.001949,0.167087,0.873867,0,0,0,0
0.169509,-0.718058,1.092833,3.339085,-0.511857,-0.259732,0.126283,0,0,0,0
-0.368015,-0.392858,2.162118,2.120307,1.773810,0.465686,-0.409467,0,0,0,0
-0.760803,0.730454,1.507408,2.234799,1.069080,0.569993,-0.843312,1,0,0,0
0.647402,0.313255,-0.390008,-0.159094,-1.133209,-0.045203,0.155311,0,0,0,0
0.665346,-2.098650,0.653250,1.720224,0.135087,0.183060,0.110151,1,0,0,0
0.531425,-1.220987,0.275390,1.944938,-0.225040,0.339091,0.168224,0,0,0,0
0.323376,-1.008483,0.307094,2.337845,-0.265729,0.082852,-0.078719,0,0,0,0
0.500012,-1.060149,-0.001809,1.874149,-0.271780,-0.262945,0.211532,0,0,0,0
-0.094810,-0.426898,0.959424,1.260449,1.433651,0.669634,-0.626089,0,0,1,0
0.441706,0.258595,-0.210198,-0.241677,-1.162223,-0.218011,-0.011179,0,0,0,0
0.481546,0.436143,-0.573249,-0.401754,-1.772141,-0.293562,0.002324,0,0,0,0
-0.018568,1.427592,-0.071102,0.469394,0.181897,0.097600,-0.192360,0,0,0,0
-0.305069,1.239576,-0.342998,0.962131,1.443892,-0.026235,-0.764113,0,1,0,1
0.367938,0.134919,0.958712,0.439773,-0.423694,3.207454,0.737272,0,0,0,0
0.162173,0.411044,0.715429,0.247579,-2.280587,-0.523727,0.402062,0,0,0,0
0.110136,0.031262,0.905647,-0.369635,-2.474209,-0.172220,0.279023,0,0,0,0
0.144419,0.055608,1.478768,-0.330857,-2.817384,0.101925,0.322156,0,0,0,0
0.121784,0.168563,1.357395,-0.194751,-2.527623,0.111645,0.173168,0,0,0,0
0.001572,-0.180471,1.621478,0.361061,-2.167413,-0.207307,0.227028,0,0,0,0
0.034731,-0.045747,1.561577,0.217110,-2.555793,-0.373553,0.179882,0,0,0,0
-0.793626,1.891267,1.687309,-0.172106,-1.347782,-0.615393,-0.953547,0,0,0,0
-0.175749,1.557856,-0.651909,0.679448,0.255391,-0.340403,-0.770915,0,0,0,0
0.676491,-0.353766,-0.872258,0.179336,0.106383,0.567659,-0.423945,1,0,0,1
0.954236,-0.072290,-0.746100,0.181926,0.148220,0.339309,0.189442,0,0,0,0
0.710273,-0.321524,-1.225286,0.192683,0.112703,-0.413216,-0.061787,0,0,0,0
-0.307159,0.755545,0.332767,0.442515,0.588071,-0.975932,-0.991719,0,0,0,0
0.472454,-0.049376,-0.369567,-0.622393,-0.060305,0.313543,-0.248029,0,1,0,0
0.513954,-0.402321,-0.050709,0.462713,0.075807,-0.105081,-0.264322,0,0,0,0
0.232196,-0.334216,0.006923,0.368030,-0.224116,2.352394,-0.385267,0,0,1,0
0.529433,-0.401952,-0.538243,1.045711,-1.570306,0.233896,0.164110,0,0,0,0
-0.000308,-0.015121,0.341875,-0.620381,-0.458057,-0.854511,-0.760414,0,1,0,1
0.597750,0.943873,-0.199634,0.454257,-1.441155,-0.246556,0.737418,0,0,0,0
0.615001,0.371213,-0.034205,-0.178268,-1.385915,0.168476,0.266717,0,0,0,0
0.493751,-1.590200,2.102759,-0.144336,-1.123097,0.259987,0.241427,0,0,0,0
0.535685,-1.520863,1.913828,-0.573161,-1.533087,0.958295,0.140453,1,0,0,0
0.688566,-0.560356,-0.044248,0.029606,-0.735190,1.147954,0.098048,0,0,0,0
0.880685,-0.610832,-0.594023,-0.193440,-0.310322,-0.041575,0.071271,1,0,0,0
0.374456,-0.165754,0.741143,-0.316607,-0.979536,-0.297366,0.383577,0,0,0,0
0.212488,0.026071,0.828892,0.197636,-1.243865,-0.487995,0.240590,0,0,0,0
0.458915,-0.586500,0.734069,0.102065,-1.249080,-0.770593,0.006700,0,0,0,0
-0.194231,1.173399,0.553980,-1.283243,-0.432406,-0.045142,-0.845637,0,0,1,0
0.529497,-0.327008,-0.270483,0.611796,-1.303930,0.289413,0.095204,0,0,0,0
0.535001,-0.147707,-0.008921,0.108311,-1.308834,-0.069533,0.173730,0,0,0,0
0.331664,0.895753,0.306361,0.488228,0.188413,-0.027334,0.324543,0,0,0,0
-0.078928,1.727084,-0.337064,0.202393,0.169710,1.754052,0.511834,1,1,0,0
0.480635,0.466829,0.749637,0.006891,-1.019661,0.368089,0.296779,0,0,0,0
0.396445,0.202316,0.196862,-0.438007,-1.351901,-0.070833,0.178383,0,0,0,0
0.468992,0.584198,0.066324,0.422663,-1.099551,0.401614,0.345785,0,0,0,0
0.189445,0.525496,-0.081828,-0.795457,-0.965749,-0.140953,0.039459,0,0,0,0
0.828272,-0.079626,-1.261218,-0.807779,-0.963683,4.725599,-0.040384,0,0,0,0
0.961560,-0.795857,-1.005524,-0.119526,-0.551263,0.313696,0.089115,0,0,0,0
0.406756,0.407291,-0.785622,-0.127521,0.184712,-0.097436,-0.463037,0,0,0,0
0.624746,-1.541352,1.087110,-0.662454,-0.941906,-0.313956,0.124514,0,0,1,0
0.699932,-0.003073,-0.715721,-0.256287,0.033823,0.560728,0.226942,0,0,0,0
-0.136743,1.554190,-0.770055,-0.057430,0.695616,-0.582062,-0.832078,1,0,0,1
0.866581,-0.739970,0.130453,0.982561,-0.693545,0.568831,0.439182,0,0,0,0
0.397915,-0.111326,0.243440,-0.826271,0.821883,-0.050393,-0.493659,0,0,0,1
0.512070,0.066496,-0.850576,-0.379235,-0.540271,0.107880,-0.033373,0,0,0,0
0.592006,0.091430,-0.352927,-0.356324,-0.848257,0.062832,-0.027097,0,0,0,0
0.622418,0.523465,-1.680036,-0.366911,-0.635334,2.828100,-0.280598,0,0,0,0
-0.016702,1.322885,-0.652641,-0.564526,0.860995,0.603811,-0.855260,1,0,1,0
0.593341,0.074424,0.282642,-0.262123,-1.234542,0.293771,0.427578,0,0,0,0
0.556924,-0.129997,-0.210477,0.047589,-1.294773,-0.133750,-0.015935,0,0,0,0
0.499272,0.013520,0.158599,0.869892,-0.792000,0.304501,0.474503,0,0,0,0
0.577563,-0.004813,0.222608,0.181649,-0.859895,-0.311958,0.124662,0,0,0,0
0.564438,0.093059,0.256913,0.240028,-0.417139,-0.198134,0.055448,0,0,0,0
0.736733,-1.324405,0.214756,1.344473,-0.729138,0.693067,-0.182926,0,0,0,1
0.512935,-0.490860,-0.163721,0.282221,-0.875734,-0.311726,0.083812,0,0,0,0
0.278796,0.029551,-0.395050,0.521438,-0.705224,-0.103415,-0.810422,0,0,1,0
0.713383,-0.882305,-0.191461,0.082592,-0.697667,0.252401,0.150291,0,0,0,0
0.518125,-0.822508,0.397043,-0.084875,-0.708300,0.529874,0.075760,1,1,0,0
0.215699,1.297541,-0.843863,1.046281,-0.164597,-0.431709,-0.449477,0,0,0,0
0.317539,0.611314,-0.836862,0.403013,0.083965,0.580023,-0.576091,0,0,1,0
0.738047,-0.253338,-0.317347,0.450425,-0.516920,0.680041,0.535438,0,0,0,0
0.633573,0.175906,-0.843448,0.646239,-0.830617,-0.001549,0.210646,0,0,0,0
0.480420,0.796614,-0.915988,1.019964,-0.152997,-0.139365,-0.074271,0,0,0,0
0.290990,0.602629,-0.081857,1.079803,-0.378105,0.769643,-0.650847,0,0,0,1
0.600802,-0.268408,0.008388,1.491104,0.153462,0.505254,0.541164,0,0,0,0
0.513711,-0.040847,-0.568950,0.930980,-0.495909,-0.120125,0.259458,1,0,0,0
0.533579,0.199231,-0.218780,1.629994,-1.212794,0.059992,0.270149,0,1,0,0
0.501213,-0.350480,-0.676585,1.050993,-1.117138,-0.165071,-0.102779,0,0,1,0
0.482461,0.178462,-0.081307,1.081563,-0.115785,-0.040924,-0.073338,0,0,0,0
0.195624,0.671590,-0.412147,0.328109,-0.091690,-0.295956,-0.857032,0,0,0,1
0.746370,0.444542,-1.318732,-0.543941,-1.449386,-0.187552,0.095886,0,0,1,0
0.725930,0.277776,-0.700106,-0.633290,-0.458197,0.009311,0.044425,0,1,0,0
0.726188,0.205420,-0.700836,-1.144054,-0.922254,0.072801,0.100439,0,0,0,0
0.749601,0.320566,-0.797953,-1.250088,-1.433337,-0.420373,0.025580,1,0,0,1
0.238744,0.160349,-0.742075,-0.705275,0.869861,-0.979341,1.738016,0,0,1,0
0.972385,-0.762465,-1.285842,-0.178427,0.602143,1.235024,0.475969,0,1,0,0
0.929268,-0.866016,-1.399302,-0.855008,-0.188389,0.039436,0.035332,1,0,0,0
0.365778,0.378235,-1.522162,-0.544198,0.103681,-0.179817,0.234309,0,0,1,1
1.009575,-0.556293,-1.015658,-0.427646,-0.151541,-0.452676,1.111774,0,0,0,0
0.609517,-0.840949,-0.773082,0.048391,1.297364,-0.319434,0.105434,0,0,0,0
0.606709,-0.839148,-1.668363,0.082301,-0.543019,0.240270,-0.038300,0,0,0,0
0.573914,-0.572899,-2.149437,0.070150,-1.243662,0.631707,-0.286784,1,0,1,1
1.069466,-0.555436,0.422868,0.375561,0.402224,0.897290,2.068627,0,0,0,0
0.940346,-0.428760,-0.028897,0.041210,-0.019030,0.325174,0.670080,0,0,0,0
0.807850,-0.267024,-0.118600,0.252011,0.594967,0.335675,0.057248,0,1,0,0
0.931804,-0.791448,-0.073408,0.179110,0.221098,-0.138424,0.087313,0,0,1,1
1.076227,-0.772754,0.026270,0.687912,-0.116252,-0.032840,2.016295,0,1,0,0
0.900888,-0.288750,-0.243747,0.271292,0.680816,0.079938,0.704378,1,0,0,0
0.859598,-0.259465,-0.313413,0.362305,0.380206,-0.407761,0.478631,0,0,0,1
0.948705,-0.190208,-0.226022,-0.003084,0.264892,-0.109256,0.418196,1,1,0,0
0.877237,-0.606098,0.038378,0.302803,0.343659,0.245318,1.979747,0,0,0,0
0.817201,0.009326,-0.290228,-0.022023,1.296759,0.382832,0.404025,0,0,0,0
0.834023,-0.253875,-0.297143,0.379921,0.748128,-0.058288,0.488835,0,1,1,0
0.707032,-0.325915,-0.187856,0.627496,1.414179,-0.198235,1.901914,1,0,0,0
1.077527,-0.232697,-0.338132,0.014245,0.289299,0.336335,1.151444,0,0,0,0
0.798896,-0.211680,-0.249601,0.012255,1.214918,0.795606,0.677788,0,0,1,1
0.792086,-0.164590,-0.341691,-0.034607,0.456124,-0.460509,1.837374,0,0,0,0
0.859430,-0.185882,-0.293345,0.083645,0.674675,-0.100182,0.485922,0,1,0,1
1.003593,-0.380767,-0.043086,0.147241,0.586172,0.378521,1.943125,0,0,0,0
0.812764,-0.160672,-0.319392,-0.646909,0.791423,0.229885,0.252862,0,0,0,0
1.085537,-0.578301,-0.934569,-0.318806,0.160942,0.031632,0.584174,0,0,1,0
1.055829,-0.705561,-0.803098,-0.423984,0.022475,0.147383,0.674379,1,1,0,0
1.004997,-0.489699,-0.417810,0.033543,0.688625,-0.374178,2.127223,0,0,0,0
0.929922,-1.168898,0.541132,-0.468881,-0.026207,0.340354,0.454534,0,0,0,1
0.839178,-0.048627,0.087888,-0.229574,0.340171,-0.018948,0.463131,1,0,0,0
0.780744,-0.240700,-0.073021,0.187361,0.881567,-0.091195,0.453025,0,0,1,1
0.979857,-0.537809,0.053734,0.289318,0.313206,0.374951,2.080659,0,0,0,0
0.932926,-1.058609,0.641075,-0.692547,0.282388,0.203875,0.495057,0,0,0,0
0.959765,-0.084292,-0.520527,-0.490662,-0.062477,0.499384,0.480048,0,1,1,0
0.945989,-0.418973,-0.371413,0.658148,0.361158,0.178227,1.913342,0,0,0,1
1.021686,-0.361764,0.150698,0.625276,0.205589,1.113003,0.824404,0,0,0,0
0.710036,-0.223136,-0.087878,-0.584565,0.354904,0.159139,-0.200212,1,1,0,0
0.821488,-0.248072,0.295684,0.322723,-0.001691,-0.500635,1.776864,0,0,0,0
0.821181,-0.210468,-0.193617,0.029613,-0.418422,-0.069472,0.480136,1,0,1,0
1.004950,-0.241854,0.252758,0.462428,0.294879,0.244391,1.960769,0,0,0,0
0.832785,-0.191221,0.198629,-0.105902,0.178210,0.474849,0.340730,0,0,0,0
0.648429,-0.163620,0.305625,-0.151251,0.564637,-0.295413,-0.155542,0,0,0,1
0.581403,-0.333237,0.150664,-0.239059,0.955910,-0.385655,-0.114962,0,1,1,0
0.986834,-0.400282,-0.012812,0.213344,-0.242475,0.650116,1.979594,1,0,0,0
0.802682,-0.442262,-0.197672,-0.330256,0.206247,-0.215366,0.482396,0,0,1,0
0.683426,-0.498277,-0.019462,0.242979,0.473618,-0.564989,0.427914,1,0,0,0
0.853071,-1.248683,0.088699,0.496184,-0.506140,1.545484,0.369534,0,1,0,1
0.965584,-0.299431,0.038621,0.211495,-0.058292,0.551476,2.077839,0,0,0,0
0.798587,-0.071979,0.229104,0.197987,0.225626,-0.146303,0.907077,0,0,0,0
0.696827,0.089503,0.365805,0.390453,0.145014,0.046596,0.577263,0,1,1,0
0.519312,-0.431069,0.402280,0.316463,0.891050,-0.145039,1.959501,0,0,0,1
1.016668,-0.274439,0.136403,0.650612,0.169559,0.730164,1.108659,0,0,0,0
0.773073,-0.305007,0.006431,0.402588,0.573901,0.020893,0.462711,1,0,1,0
0.555832,-0.477755,0.161203,0.702277,0.872915,-0.550049,1.993166,0,0,0,0
0.696142,-0.187226,0.366563,0.213039,0.690856,0.190728,0.717133,1,1,0,0
0.964484,-0.178829,0.260824,0.747027,0.559992,0.203642,2.125523,0,0,0,0
0.669547,-0.055961,0.048619,0.092286,1.344994,0.047008,-0.065354,0,0,0,0
0.953637,-0.548123,-0.976165,0.010406,0.953504,0.247071,0.433706,1,0,0,0
0.903927,-0.783304,-1.164211,-0.238834,0.337201,0.289119,0.222982,0,1,1,0
1.012535,-0.479995,-0.509799,0.408603,0.388111,0.372535,2.061132,0,0,0,0
0.700170,0.054113,0.116673,-0.509317,1.133158,0.019359,0.432403,0,0,0,1
0.724255,-0.412296,-0.002806,0.452809,0.446516,-0.401784,0.668887,1,0,0,0
0.927433,-1.282936,0.447530,0.152787,-0.345005,-0.223661,0.489492,0,0,1,1
1.014239,-0.596005,0.013537,0.778242,-0.057322,0.026041,1.950212,0,0,0,0
0.737185,-0.108622,0.248578,0.103102,0.861439,0.235823,0.362609,0,0,0,0
0.845351,-0.133685,-0.030855,-0.298012,-0.503112,0.053811,0.294856,1,0,1,0
0.926082,-0.514217,-0.050070,0.888090,0.216135,-0.398378,1.950382,0,0,0,1
1.061736,-0.255638,-0.104194,0.350798,-0.037486,0.290578,1.012036,0,0,0,0
0.804763,0.031640,-0.195347,-0.349069,-0.317511,0.093260,0.152846,0,1,1,0
0.794854,-0.230915,-0.070950,0.330376,-0.215473,0.477728,1.802753,0,0,0,0
0.815192,-0.496370,-0.397293,0.410619,-0.233009,-0.045031,0.404537,1,0,0,1
1.079015,-0.591170,0.354872,-0.032227,0.288567,-0.368233,1.979925,0,0,0,0
0.866494,-0.733259,0.294786,-0.036788,-0.037807,0.429676,0.473043,1,0,0,0
0.913792,-0.445080,0.158113,0.846642,0.364789,-0.000637,1.163103,0,0,1,0
0.683407,-0.194752,0.142183,0.459574,1.105620,-0.344658,1.734469,1,0,0,0
1.042735,-0.182408,-0.051624,0.188353,-0.438045,0.118650,1.128406,0,0,0,0
0.886759,-0.075045,-0.137896,0.320305,0.075671,0.368198,0.511824,1,0,0,0
0.800711,-0.747641,0.092128,1.305882,0.553280,-0.257501,1.932308,0,0,0,0
0.732274,-0.182531,-0.051165,0.519609,0.165566,0.256176,0.500152,0,1,0,1
0.937910,-0.348482,-0.146476,0.583121,0.113494,-0.012865,1.955355,0,0,0,0
0.591458,-0.162148,-0.222884,-0.072475,1.005283,-0.473568,-0.028305,0,0,0,1
0.955167,-0.635281,-0.983987,0.479200,0.450181,0.193979,1.125105,0,1,0,0
0.958982,-0.418275,-0.946805,0.279216,0.300561,-0.007703,1.794490,0,0,0,1
1.015099,-0.216084,-0.235684,-0.345602,-0.494587,0.469989,1.047443,0,0,0,0
0.725655,0.392304,-0.098229,-0.656490,0.134259,-0.287138,0.334930,0,0,0,1
0.828821,-0.442377,0.184346,0.324035,0.443295,0.543611,1.880938,0,0,0,0
0.626194,0.153335,-0.289662,-0.325822,0.635889,0.518745,0.076261,0,1,1,0
0.999465,-0.398815,0.128923,0.589328,0.438907,-0.346841,2.137553,0,0,0,0
0.802079,-0.227265,0.385614,0.036764,0.121084,0.593460,0.584772,0,1,0,0
0.917423,-0.408885,0.221536,0.812758,0.193991,-0.288524,1.261633,0,0,0,1
0.685567,-0.404419,0.476061,0.237804,0.226648,0.038261,1.624047,0,1,0,0
1.063333,-0.208419,-0.064452,0.289842,-0.208227,0.325530,1.106666,0,0,0,0
0.783923,0.167387,-0.017372,-0.734946,0.226721,-0.067906,0.206236,0,1,0,0
0.871902,-0.346673,-0.021003,0.500754,-0.261709,-0.324737,1.853951,0,0,0,0
0.864674,0.140696,-0.359273,-0.243787,-0.115978,0.377393,0.545685,1,0,1,0
0.967321,-0.318090,-0.083749,0.592100,-0.245959,-0.139250,2.173544,0,0,0,0
0.926625,0.341025,-0.327309,-0.069523,-0.278808,0.310935,0.559276,0,0,1,0
0.890066,-0.396010,0.053426,0.684113,-0.024397,-0.730091,0.754220,1,0,0,0
0.533088,-0.170464,-0.424568,-0.043286,0.548345,0.410418,1.483755,0,0,1,0
1.074895,-0.181843,-0.050796,0.301929,-0.589270,-0.048080,1.255937,0,0,0,0
0.867417,0.041368,-0.474482,0.198952,-0.596350,-0.031234,0.436484,0,0,1,0
0.834448,-0.182396,-0.238701,1.227282,0.272307,0.041963,1.968616,0,0,0,0
0.852660,-0.091932,-0.106248,0.843921,0.124054,0.346567,0.443127,1,1,0,0
0.963157,-0.760464,0.235381,0.261908,0.729098,0.505450,1.742940,0,0,0,1
0.831468,-0.697632,-0.017851,0.946036,0.414170,0.313311,1.572690,0,0,1,0
0.826128,-0.504126,-0.072685,1.087613,0.552778,-0.435595,1.568976,1,0,0,0
0.839236,-0.630803,0.156172,0.551074,1.131306,0.345849,1.499696,0,1,1,0
1.026907,-0.278250,0.170878,-0.070418,0.084896,0.441077,1.426920,0,0,0,1
1.010422,-0.301927,0.196550,-0.111119,0.733864,0.064653,1.569323,1,0,0,0
0.876407,-0.385691,0.344590,0.109276,0.874655,0.578578,1.470560,0,1,0,0
0.833943,-0.624829,0.446368,0.535983,1.349623,0.284140,1.460466,0,0,1,1
0.903561,-0.336186,0.216687,-0.516794,0.390835,1.032595,1.238910,0,1,0,0
0.821873,-0.606279,0.198078,-0.004515,1.060822,0.373095,1.140754,1,0,0,0
0.855023,-0.574140,-0.174167,-0.344906,0.842603,-0.086310,1.189129,0,0,0,1
1.009345,-0.488294,-0.855755,-0.530686,0.664415,0.733931,1.056542,0,1,1,0
1.125867,-0.678775,-0.955099,-0.181525,0.329589,0.285420,1.160494,1,0,0,0
1.059650,-0.756356,-1.076119,-0.424919,0.245802,0.380782,0.764414,0,0,0,1
0.887636,-0.845552,-0.419893,-0.076364,0.365649,0.025652,0.627346,0,0,1,0
0.972874,-1.635957,-0.318133,0.887111,0.126559,-0.335143,0.848514,1,1,0,0
0.196247,-1.238559,0.852654,3.250476,1.513837,-0.715899,1.639468,0,0,0,0
0.013776,-2.214030,0.371135,3.349087,1.452794,-0.188069,0.720286,0,0,0,0
-0.042985,-2.468804,-0.010616,3.089692,0.807773,-0.146864,0.587163,0,0,0,0
-0.074982,-2.889179,-0.244379,2.437906,0.288097,-0.079068,0.605312,0,0,0,0
-0.052635,-2.900439,-0.416391,2.443444,0.270958,0.245770,0.609487,0,0,0,0
-0.131774,-2.849626,-0.356116,2.792860,0.648790,0.362465,0.532049,0,0,0,0
-0.196776,-3.035021,-0.447396,2.695875,0.815443,0.587295,0.500138,0,0,0,0
-0.158701,-2.962500,-0.278618,2.763761,0.831129,-0.060403,0.567779,0,0,1,0
0.184561,-2.126125,0.336616,2.845867,1.368517,-0.604688,0.863226,0,0,0,0
-0.038474,-2.670572,0.199341,3.439900,1.162924,0.008785,0.656993,0,0,0,0
-0.168247,-3.744776,-0.420004,2.934286,1.454612,0.400787,-0.732352,0,1,0,0
0.212578,-0.729955,0.022231,1.681726,1.432481,3.825445,0.153534,0,0,1,1
0.632617,-0.118133,-0.201082,0.338050,-0.013455,-0.216153,0.966996,0,0,0,0
0.308659,-0.354103,-0.347335,1.249024,0.416007,-0.452293,0.487062,0,0,0,1
0.622105,-0.211163,-1.162186,1.314212,-0.169502,-0.280784,0.748818,0,0,0,0
0.319225,-1.352283,-0.475176,1.881827,0.338909,-0.119673,0.407833,1,1,1,0
0.856918,-0.140095,0.467981,1.402693,0.612028,0.463009,1.914527,0,0,0,0
0.956648,-0.041953,-0.037696,1.571271,1.067546,0.348090,1.312796,0,0,0,0
0.923470,0.103944,-0.391299,0.991997,1.760157,-0.182840,1.162850,0,0,0,0
0.752127,0.343914,0.576976,0.564747,1.029808,-0.290620,1.123909,0,0,0,0
0.814472,0.347231,0.153657,0.454880,1.497948,-0.306923,0.876760,0,0,0,0
0.694344,-0.055584,0.260330,0.854382,1.629063,0.327475,0.968402,0,0,0,1
0.900745,-0.097710,-0.146537,1.166055,1.210983,-0.223239,1.203723,0,0,1,0
0.732686,-0.446689,-0.146085,1.081330,1.706459,-0.409875,1.121368,1,1,0,0
0.651285,0.384074,-0.003760,-0.141761,0.250377,5.693656,0.884500,0,0,1,0
0.283545,0.413140,-0.912492,0.633435,-0.981563,-0.675723,-0.031508,0,0,0,1
0.531689,0.619457,-2.689454,-1.013765,-1.867264,0.101185,0.194013,0,1,0,0
-0.040836,0.476742,-1.512424,-0.700603,0.118976,-0.862352,-0.658751,0,0,1,0
0.183917,0.389512,-1.162660,0.680267,-0.674446,-0.744806,0.334101,0,1,0,0
0.217562,1.169587,-1.449100,0.596757,-1.635614,-0.179434,0.178919,1,0,1,1
0.663104,-1.234472,0.704530,0.395998,1.212817,-0.621264,1.766631,0,0,0,0
0.886775,-0.429433,-0.043784,0.261697,0.825130,0.899070,0.446909,0,0,0,0
0.855811,-0.479043,-0.161895,0.369581,0.947120,-0.023428,0.619515,0,0,0,0
0.788201,-0.665198,-0.102157,0.643105,1.083326,-0.269722,0.719603,0,1,0,0
0.587966,0.477071,-1.131800,0.939264,0.123142,0.496915,1.267156,0,0,1,0
0.389851,0.865370,-1.172098,0.437344,0.861600,-0.404235,0.779794,0,0,0,1
0.150798,0.377369,-1.637751,0.175948,0.074309,0.297196,0.724194,0,0,0,0
0.023749,-0.469778,-1.895711,-1.779455,0.769031,1.384356,-0.380916,0,0,0,0
-0.087028,0.241254,-2.893050,-0.863592,0.108484,0.211235,-0.862387,0,0,0,0
0.013703,0.556655,-3.130412,-1.018253,-0.294989,0.894800,-0.766967,0,1,1,1
0.882022,-0.648755,0.043374,-0.853259,0.232134,0.716595,2.000351,0,0,0,0
0.954329,-0.143493,-0.169148,-0.141067,0.423245,0.495732,0.895272,0,0,0,0
0.813042,-0.431994,-0.004034,0.386744,0.716985,0.191257,0.457456,0,0,0,0
0.806768,-0.714217,-0.240399,0.521125,1.003386,0.491035,0.668863,1,0,0,0
-0.296366,-0.156717,0.681389,1.368561,1.711043,-0.306041,1.368015,0,1,0,0
-0.575385,0.148290,0.119235,0.743678,1.709543,-1.036421,-0.632642,0,0,1,0
0.773554,-0.917998,0.589837,-0.237219,-0.196313,-0.702189,1.483326,0,1,0,0
0.961915,-0.026128,-0.090970,0.827947,-0.236806,0.583501,0.867514,1,0,1,1
0.715453,-1.137820,0.366881,0.115636,0.619908,-0.499910,1.253869,0,0,0,0
0.900065,-0.666434,-0.061448,0.663428,0.796029,-0.383288,0.480795,0,0,0,0
0.391373,-0.357712,0.207833,0.823922,1.604233,0.098946,0.211749,0,0,1,1
0.499515,-0.319566,-0.297134,0.732951,0.764001,-0.832735,1.350865,0,0,0,0
0.848690,-0.358088,0.098075,0.727767,0.805261,0.004969,0.372961,0,1,0,0
0.289397,-0.402503,-0.072308,0.838926,1.258317,-0.245085,0.907676,0,0,1,1
0.460119,-0.296293,0.010836,0.106411,0.588410,-1.019194,0.980919,0,0,0,0
0.069301,-0.441416,-0.101133,0.960614,2.188938,-0.338842,-0.135631,1,1,0,1
0.434155,-1.471655,-0.621468,0.300875,0.724274,-0.416500,1.366079,0,0,1,0
0.496408,-0.123314,0.471316,0.471249,1.005371,0.062344,0.217267,0,0,0,0
-0.423125,-0.187468,-1.127405,1.350891,1.131005,-0.618919,-1.248936,1,1,0,0
0.631329,-0.596838,0.018519,0.659907,0.455769,-0.549712,1.779161,0,0,0,0
0.880386,-0.273695,0.155345,0.283550,0.394407,0.203432,0.389339,0,0,0,0
0.157113,-0.223234,0.490330,0.681947,1.476567,-0.410839,-0.236195,1,1,0,0
-0.120680,0.283100,0.100325,1.179848,1.088935,-0.995285,1.707128,0,0,0,1
-0.272784,-0.511224,0.140090,1.066050,1.326556,-1.027306,1.053360,0,0,1,0
0.502458,-1.566601,-1.252729,0.981022,0.738169,-0.573233,1.236011,0,0,0,0
-0.644143,-0.732390,-0.575323,0.527517,0.767255,-0.596479,-0.824516,0,0,0,1
0.273274,-3.256079,-1.581419,0.065584,0.157215,0.374959,-0.264565,0,0,0,0
0.080417,-0.794764,-2.647065,-0.496844,-2.494613,-0.268471,-0.195444,1,1,1,0
0.681888,-1.117457,0.543540,0.446202,0.659184,0.135585,1.747420,0,0,0,0
0.858408,-0.576801,0.049882,0.761918,0.953659,0.409060,0.470591,0,0,0,1
0.907589,-0.376169,0.026666,0.232693,0.057287,-0.105472,1.021866,0,0,0,0
0.859942,-0.351744,0.006828,0.275233,0.821288,0.244832,0.348887,1,1,0,1
0.840815,-1.209616,0.167737,0.928559,0.819695,-0.176966,1.743099,0,0,0,0
1.013210,-0.281197,-0.368221,0.759774,0.648539,0.736375,0.766230,0,0,0,0
0.752337,-0.421353,0.187827,0.557116,0.926567,0.193824,0.478247,1,1,0,1
0.899454,-1.234833,0.126559,0.784326,0.560224,-0.194435,1.797560,0,0,0,0
1.000267,-0.357809,-0.076802,0.724724,0.508407,0.217939,0.794864,0,0,0,0
0.741044,-0.530082,-0.093862,0.380737,0.971741,0.113317,0.686683,1,1,0,1
0.864131,-0.991686,0.153113,0.852766,0.881081,-0.199772,1.519987,0,0,0,0
0.967531,-0.320250,-0.173194,0.833769,0.537281,-0.025446,0.909784,0,0,1,1
0.237827,-1.538942,-0.233148,1.226260,1.943539,-0.898523,1.610002,0,0,0,0
0.409277,-1.439634,0.395158,0.693949,0.629907,0.883834,-0.159935,0,1,0,0
0.199041,-1.247159,-0.700267,0.149276,-0.368183,-0.350524,-1.025709,0,0,0,0
-0.111754,-1.853730,-0.682777,-0.337358,-0.265487,-0.093673,-1.537482,1,0,1,1
0.643376,-1.315937,0.368197,0.175897,0.610076,0.004856,1.918967,0,0,0,0
0.879028,-0.493082,-0.079927,0.607591,0.899300,0.536909,0.657219,0,1,0,0
0.727098,0.255136,-1.032659,1.744684,-0.196145,0.180408,0.606014,0,0,1,0
0.725558,0.844994,-1.490924,0.920507,-1.013101,-0.373768,0.558926,1,0,0,1
0.887003,0.243264,-0.270305,-0.339396,0.055664,-0.137963,1.330924,0,1,0,0
-0.355668,-0.166565,-1.285253,-1.316807,0.160369,-0.429276,-0.694912,0,0,1,0
0.551770,0.987145,-1.717325,-0.055029,-0.881136,-0.400330,0.205136,0,0,0,1
0.288605,1.127480,-0.607192,-0.562018,0.578018,-0.943126,-0.408786,0,0,1,0
0.621776,1.046760,-1.574218,1.197913,-1.052590,-0.481306,0.653741,0,1,0,0
0.701209,0.441091,-1.472830,1.540118,-0.942229,-0.619869,0.386005,1,0,1,1
0.679063,-1.001245,0.401704,-0.129202,0.757542,-0.690911,1.667949,0,0,0,0
0.783504,-0.412043,0.251856,0.347887,0.927534,-0.007075,0.657149,0,0,0,0
0.797881,-0.391954,0.097687,0.463154,0.597188,-0.285189,0.640785,0,0,0,0
0.791923,-0.624659,-0.035018,0.744767,1.046799,0.363250,0.721598,0,1,0,0
0.179946,0.113429,-0.862433,1.695458,0.809232,-0.836370,1.545140,0,0,1,0
0.111883,0.567183,-1.277148,1.168670,0.339843,-0.400249,0.833476,0,0,0,1
-0.286023,-0.617346,-1.745713,1.000464,0.591612,-0.658319,-0.751904,1,0,0,0
-0.406088,-1.118322,-1.898888,0.704125,1.043605,-0.958180,-1.382509,0,0,1,0
-0.376732,-0.633194,-1.904458,-0.000498,-1.411591,-0.669206,-1.580246,0,1,0,0
-0.989905,-1.657412,-2.882308,0.426771,0.251118,-1.341582,-1.780033,0,0,1,1
1.115191,0.124295,-0.451112,-0.674507,-1.017243,1.530868,0.752331,1,0,0,0
0.924877,-0.230902,0.031272,0.050679,-0.164712,0.749992,1.423495,0,0,0,1
0.842623,-0.339189,-0.093850,0.264352,0.045352,-0.515166,1.633166,0,1,0,0
0.819624,-0.206644,0.111986,0.547919,0.105699,-0.093400,1.071045,0,0,0,0
-0.312129,0.468608,-1.266309,0.666617,1.144753,-0.722098,-0.135431,0,0,0,0
-0.550685,0.039197,-0.887178,0.791503,0.842557,-0.909842,-1.253965,0,1,0,0
0.543598,0.271803,-0.093601,0.264034,-0.753354,-0.140092,0.276721,0,0,1,0
0.675084,0.206098,-1.177920,0.838082,-1.059612,0.274826,0.088932,1,1,0,1
0.706436,-0.866825,0.778925,0.671105,1.295909,0.340749,1.674641,0,0,0,0
0.955763,-0.341602,0.005743,0.195496,0.849937,0.547347,1.059091,0,0,0,0
0.859138,-0.536372,0.022745,0.516150,0.795247,-0.152748,0.164425,0,0,0,0
0.890316,-0.484134,-0.122991,0.400658,0.912260,0.024128,0.339179,0,0,0,0
-0.068755,-0.743010,-0.006097,1.017398,1.322153,-0.663505,-0.234253,0,0,0,0
-0.535381,-1.648921,0.613695,-0.877984,1.176997,0.565409,-1.611703,1,0,1,1
0.734997,-0.921863,0.743959,0.754298,1.339076,-0.038187,1.794750,0,0,0,0
0.858679,-0.553301,0.025782,0.341787,0.656972,0.559122,0.901411,0,0,0,0
0.878297,-0.428658,0.148964,0.426661,0.628999,0.513416,0.330128,0,0,0,0
0.848137,-0.463334,0.191674,0.556304,1.073310,0.038768,0.368769,0,0,0,0
0.075377,-0.645596,0.054925,1.110283,1.075089,-0.730560,-0.206945,0,0,0,0
-0.583745,-1.390500,0.386904,-0.677331,1.633067,0.496354,-1.600484,0,1,1,1
0.718042,-0.955644,0.976825,0.618450,1.157179,-0.547590,1.814925,0,0,0,0
0.903413,-0.341516,-0.004744,0.228516,0.566190,0.740588,1.001980,0,0,0,0
0.831374,-0.323342,-0.058793,0.521871,0.407040,0.084670,0.454279,0,0,0,0
0.871533,-0.378834,0.130875,0.575309,0.734910,0.088980,0.524017,0,0,0,0
0.861596,-0.368443,0.193135,1.016165,0.887115,-0.430674,0.546848,0,0,0,0
0.863980,-0.447321,0.078195,0.483622,1.254209,-0.104335,0.561949,0,0,0,0
0.664676,0.200569,-0.596432,1.150349,0.523985,0.204675,0.242014,0,0,0,0
0.619468,0.879773,-0.648862,-1.001151,0.925754,0.369324,-0.003031,0,1,1,1
1.154080,0.099383,-0.406510,-0.545697,0.031026,1.500647,1.286942,0,0,0,0
0.425820,-0.455310,-2.363766,-1.311490,-0.672216,-0.671672,0.138709,0,0,0,0
0.183190,-0.627615,-2.834964,-1.314009,-1.600969,-0.463840,-0.289357,0,0,0,0
0.073016,-0.459885,-3.144709,-2.074954,-2.208390,0.729431,-0.688337,1,0,0,1
0.754141,-0.847993,0.260131,-0.489233,0.704327,-0.419282,1.805490,0,0,0,0
0.710265,0.176790,-0.092911,0.387414,0.580647,0.604457,0.023675,0,0,1,0
0.696090,0.547842,-1.171658,-0.046513,-0.679971,-0.446688,-0.080796,1,0,0,0
0.588840,0.511867,-1.967266,-0.119888,-0.952594,-0.227982,-0.272195,0,0,1,0
0.576533,0.131898,-1.968947,1.533311,-0.504918,-0.552007,-0.153208,0,0,0,0
0.671098,-0.051373,-1.311734,0.904546,-0.383626,0.599385,-0.090669,0,0,0,1
0.819238,-0.728850,-0.600213,-0.160111,-0.405527,0.120978,-0.128621,0,0,0,0
0.778494,-0.803808,-0.594645,-0.201470,-0.136643,-0.186488,-0.152314,1,1,0,0
0.282713,1.102996,-0.193918,1.010206,1.322039,-0.043508,1.829082,0,0,1,0
0.541583,0.587056,-0.045646,-0.137600,1.322647,2.900825,0.812177,0,1,0,0
0.798298,0.012337,-0.104929,0.701671,0.482201,-0.296927,0.895120,0,0,1,0
0.307391,0.075599,-0.230639,-0.234636,1.351235,0.149825,-0.061243,1,1,0,1
0.907331,-0.688619,0.533815,0.215105,1.354633,-0.496865,1.704587,0,0,0,0
0.804957,-0.501027,0.238413,0.805196,1.269706,0.512525,0.680241,0,0,1,0
0.885286,-0.283546,0.010689,0.843520,0.665271,-0.296390,0.720469,0,1,0,0
0.809212,-0.618863,-0.186472,0.815694,1.475344,-0.370853,0.761178,1,0,0,0
0.891789,0.212777,-0.923578,-1.651924,-0.202587,4.868080,1.479462,0,0,1,0
0.439601,0.490736,-2.090992,-0.297906,-1.058550,0.688914,-0.168836,1,1,0,0
0.810313,0.156887,-0.885982,-0.711691,0.008608,0.127797,1.792227,0,0,0,1
0.788081,-0.295309,0.102291,0.637776,0.760303,0.008287,0.851937,0,0,1,0
0.001852,0.458670,-1.518443,0.819413,-1.556221,-0.963015,0.584170,1,0,0,0
0.015664,0.272933,-1.871956,0.284030,-2.378369,-0.521073,-0.159391,0,1,1,1
0.636181,-1.189442,0.673032,-0.000548,0.764607,-0.597737,1.746938,0,0,0,0
0.820853,-0.720087,-0.223361,0.274445,0.876867,-0.214543,0.480485,0,0,0,0
0.868654,-0.436405,-0.176927,0.218966,0.368804,-0.105764,0.627994,0,0,0,0
0.803918,-0.581638,-0.158432,0.471179,0.582293,0.003110,0.508802,1,0,0,0
0.594510,0.762461,-1.024049,1.491385,0.320730,-0.147406,1.158286,0,1,0,0
0.389447,1.142733,-1.601834,0.270232,0.608892,-0.299825,0.937460,0,0,0,1
0.019491,0.120183,-0.633374,-0.421281,-0.616294,-0.502461,0.428551,0,0,0,0
-0.758629,-0.733708,0.408997,-1.814664,1.186323,-0.770931,-1.747569,0,0,1,0
-0.802557,-0.431005,1.052066,-1.735358,0.169020,-0.890778,-0.877503,0,0,0,0
-1.203250,-0.285315,0.947153,-1.225444,0.624920,-0.254562,-0.867570,1,1,0,1
0.884288,-0.638163,0.025125,-0.965391,0.046376,1.152207,2.029855,0,0,0,0
0.982425,-0.216369,-0.296369,-0.394824,0.397607,1.161176,0.554522,0,0,0,0
0.826540,-0.431114,-0.100226,0.521252,0.831727,-0.180736,0.796656,0,0,0,0
0.828642,-0.503543,-0.069094,0.305317,0.793371,0.335047,0.613095,0,0,1,0
-0.276136,-0.422401,0.165809,1.126236,1.856575,-0.424834,0.782093,0,1,0,0
-0.515716,0.115848,-0.055140,0.858920,1.900527,-0.982989,-0.637454,1,0,0,1
0.715499,-1.075839,0.441082,-0.240560,0.342085,-0.734687,1.385564,0,0,0,0
0.939649,-0.159315,-0.069826,0.846054,0.473098,0.606305,0.446122,0,1,1,1
0.658188,-1.217568,0.645671,0.148700,0.767279,-0.400250,1.426692,0,0,0,0
0.882989,-0.570877,-0.005209,0.592445,0.606833,-0.181040,0.337082,0,0,0,0
0.811890,-0.634887,-0.168015,0.439176,1.065382,-0.037656,0.322384,0,0,0,0
0.847933,-0.359522,0.099818,0.651655,0.869270,0.296647,0.172764,0,0,1,1
0.455215,-0.493360,-0.084144,0.628380,0.928517,-0.314324,1.441773,0,1,0,0
0.850320,-0.343251,0.329487,0.592776,0.576641,0.315988,0.328821,0,0,0,0
0.821117,-0.404158,0.255374,0.730415,0.885772,-0.002832,0.524316,0,0,0,0
0.791580,-0.527835,0.131713,0.591083,0.813494,-0.267670,0.251789,1,1,0,1
0.844447,-0.136610,0.162365,0.113853,0.668818,1.871617,1.798456,0,0,1,0
0.567463,0.140788,0.441881,0.415862,0.964252,0.581364,0.466709,0,0,0,0
-0.447657,-0.304675,-1.267026,1.017314,0.900493,-0.962656,-1.457571,1,1,0,0
0.584787,-0.688896,0.232647,1.120306,0.858099,-0.595550,1.939615,0,0,0,0
0.826983,-0.495783,0.080607,0.162717,0.710058,0.101443,0.491049,0,0,0,0
0.796084,-0.406802,0.050106,0.296877,0.601198,-0.333600,0.353317,1,1,0,0
-0.133785,0.231743,-0.045178,1.341727,1.203368,-1.026278,1.630039,0,0,0,1
0.102909,-0.050677,0.732119,0.871737,1.774889,0.098755,-0.013925,1,0,0,0
0.502233,-1.497896,-1.065352,1.029778,0.714951,-0.428721,1.601437,0,0,0,0
-0.638462,-0.807938,-0.657718,0.523967,0.856840,-0.598280,-0.691133,0,0,1,0
0.174585,-3.550297,-1.634968,0.316296,0.512675,-0.082534,-0.257687,0,0,0,0
-0.941100,-1.596105,-1.055067,-0.560923,0.399004,-0.667899,-1.553887,1,1,0,1
0.673952,-1.262373,0.379484,0.668068,1.164987,0.369037,1.581445,0,0,0,0
0.821440,-0.524849,0.109050,0.334439,0.671520,0.885249,0.289148,0,0,0,0
0.859414,-0.519074,-0.033749,0.561504,0.908540,-0.136523,0.549512,0,0,0,0
0.983859,-0.183151,-0.205190,0.371459,0.384679,0.041096,0.818643,1,0,1,1
0.847841,-1.229004,-0.008789,0.617833,0.718860,0.274959,1.703009,0,0,0,0
0.925909,-0.406944,0.024090,1.019456,0.462075,0.187653,0.942865,0,0,0,0
0.772590,-0.452586,-0.022084,0.407288,1.039376,0.151228,0.594301,1,0,1,1
0.886389,-1.192155,0.140438,0.799555,0.804411,-0.466365,1.732853,0,0,0,0
0.896754,-0.653628,-0.181822,1.019593,0.455998,-0.388887,0.885606,0,0,0,0
0.733930,-0.585492,-0.290533,0.317194,0.965464,0.258960,0.430736,1,0,1,1
0.828615,-1.312788,-0.077413,1.129210,0.957177,-0.255452,1.758157,0,0,0,0
0.957171,-0.466141,0.103463,1.221763,0.835161,0.495638,0.899994,1,1,0,0
0.585742,-0.361163,0.331082,0.839784,0.151699,-0.723501,1.709940,0,0,0,0
0.400922,-1.489109,0.270693,0.621087,0.503495,1.164458,-0.174614,0,0,1,0
0.219726,-1.207920,-0.728238,0.139422,-0.332132,-0.298874,-1.023725,0,0,0,0
-0.102213,-1.762625,-0.469619,-0.269031,-0.110024,-0.144233,-1.527592,1,1,0,1
0.676726,-1.186268,0.688780,0.423869,0.992261,0.000488,1.926484,0,0,0,0
0.896645,-0.461353,0.110348,0.448076,0.700490,0.678316,0.588968,0,0,1,0
0.778579,0.084325,-1.328337,1.472694,0.058788,0.365729,0.633132,0,1,0,0
0.643260,0.394245,-1.341820,1.300029,-0.425702,0.176166,0.320104,1,0,0,1
0.816228,0.128550,-0.099838,-0.453223,-0.232658,1.939108,1.277315,0,0,1,0
-0.209283,0.314531,-0.572902,-0.588833,0.608460,-0.475523,-0.530894,0,1,0,0
0.579793,0.989388,-1.240462,-0.600625,-0.947956,-0.267052,0.162104,0,0,0,1
0.298396,1.050686,-0.838505,-0.991988,0.358841,-0.911424,-0.165080,0,1,0,0
0.713388,0.781335,-1.311982,0.759951,-0.690087,-0.481073,0.514527,0,0,1,0
0.815176,0.267245,-1.110434,0.745916,-0.869966,-0.331965,0.277770,1,1,0,1
0.712632,-0.868038,0.561760,-0.161718,0.564435,-0.481969,1.638361,0,0,0,0
0.900290,-0.360912,0.144638,0.479203,0.910437,0.096705,0.683412,0,0,0,0
0.842452,-0.538960,0.037905,0.481023,0.678404,0.453970,0.514886,0,0,0,0
0.808933,-0.569124,-0.096728,0.296782,0.882720,0.414583,0.546433,0,0,1,0
0.277725,0.216744,-1.330477,0.861907,0.145977,-0.579604,1.567610,0,1,0,0
0.201761,0.378500,-1.105817,0.808191,0.139908,-0.418875,0.826533,1,0,0,0
0.034914,-0.204438,-1.601006,0.325053,-0.479968,-0.288389,-0.604028,0,0,0,1
0.030155,-0.332481,-1.602521,-0.205529,-0.615726,-0.896413,-1.162043,0,1,0,0
-0.080729,-0.241861,-1.952364,-0.443785,-1.439955,-0.490972,-1.297620,0,0,1,0
-0.215390,-0.733549,-2.352607,-1.152988,-1.727562,-0.679389,-1.359506,1,1,0,1
0.985858,-0.579554,0.412654,0.139081,-0.173857,0.503492,2.040485,0,0,0,0
1.057448,-0.110100,-0.113214,-0.167629,-0.517126,0.754084,0.874839,0,0,0,0
0.819438,0.337054,-0.887209,0.735095,-0.735578,-0.225531,0.765214,0,0,0,0
0.818836,-0.013078,-0.191636,0.653314,-0.208232,-0.069462,0.821671,0,0,0,0
0.595570,0.520857,-0.294427,1.092170,0.663419,0.530421,0.554146,0,0,0,0
0.563964,0.738547,-0.205163,0.827607,-0.011402,-0.213775,0.342445,0,0,0,1
0.861202,0.675594,-0.954692,0.670804,-0.694037,0.069672,0.729314,0,0,0,0
0.985985,-0.037100,-0.226736,-0.060351,-0.095187,0.671118,0.828761,1,1,1,0
1.005368,-0.626801,0.066178,-0.040611,0.247777,0.281983,1.862356,0,0,0,1
0.948521,-0.235949,-0.192057,0.514320,-0.759542,-0.144011,1.018091,1,0,0,0
0.974182,-0.323260,-0.273349,0.128027,0.102794,0.124386,1.092624,0,1,0,0
1.015849,-0.262722,-0.073804,0.079675,-0.383198,0.672226,0.863705,0,0,1,1
1.035227,-0.373392,-0.036315,0.079422,-0.199501,-0.015952,1.021890,1,0,0,0
1.069979,-0.200538,0.217866,-0.080578,-0.384070,0.408622,0.943037,0,0,1,0
0.977610,-0.290181,0.062191,-0.047469,0.063963,0.361080,0.924424,0,1,0,0
1.006339,-0.341649,-0.178156,-0.169433,0.308621,0.748776,0.888105,1,0,0,1
1.020362,-0.219192,0.014853,-0.117604,0.391067,1.080058,0.818726,0,0,1,0
1.040051,-0.198185,-0.164383,-0.298814,0.640413,0.322314,0.947323,0,0,0,1
1.040714,-0.309453,-0.166939,-0.277162,0.748929,0.712047,0.863029,1,0,0,0
0.989568,-0.266863,-0.169180,0.036225,1.033007,0.163711,0.713315,0,1,0,0
0.991604,-0.389504,-0.420102,0.145996,1.025342,0.651701,0.940928,0,0,1,0
0.946281,-0.283341,-0.417238,0.259490,0.598071,0.426019,0.778900,0,1,0,0
1.032357,-0.553448,-0.507536,0.447405,0.998031,0.023186,0.802874,0,0,0,1
1.073949,-0.602335,-0.285374,0.311222,0.852980,-0.205343,0.771358,1,0,1,0
-0.833520,1.062768,-0.337645,0.961167,1.861137,-0.919682,1.285960,0,0,0,0
-1.478959,0.419456,-0.529902,0.201179,1.952738,-0.201603,-0.712940,0,1,0,0
-0.957752,2.555198,0.565528,-0.727510,1.082380,-0.797365,-0.779302,0,0,1,0
-1.612672,1.245640,-0.015828,-1.260372,1.694661,-0.931243,-1.730835,0,0,0,1
-1.441022,0.283963,-1.482742,-0.608317,1.944203,-0.866446,-1.865781,1,0,0,0
-2.257288,-0.464426,-0.288083,-1.160503,1.873316,-0.977257,-1.586219,0,1,0,0
-2.075175,-1.105251,-2.305369,-1.449273,2.366572,-1.070076,-1.916570,0,0,0,0
-1.939906,0.906331,1.140124,0.953141,4.052283,-0.945834,-1.196950,1,0,0,1
-0.101036,-0.654846,-0.103716,0.118949,-1.157406,4.526639,0.001465,0,0,0,0
-0.550360,0.570080,0.256103,-0.349455,-4.004376,1.470746,-0.711236,0,0,0,0
-0.764040,0.376356,-0.203223,-0.932931,-3.686545,-0.374927,-1.382939,0,0,0,0
-0.864430,0.342789,-0.387659,-0.708781,-2.921281,0.162591,-1.414812,0,0,0,0
-0.851830,0.657844,-0.401570,-0.729512,-3.090633,0.056850,-1.485776,0,0,0,0
-0.903673,0.731566,-0.326152,-0.741764,-3.255581,0.346223,-1.350729,0,0,0,0
-1.013084,0.887049,-0.491062,-1.342276,-3.038584,-0.072200,-1.358849,0,0,0,0
-1.123107,0.754798,-0.701629,-1.067992,-2.619506,0.313034,-1.563778,0,0,1,0
-0.603010,2.462361,0.703004,0.387540,-0.310955,-0.091410,-0.151697,0,0,0,0
-0.851744,2.260225,0.982956,0.357963,-0.920333,-0.077433,-0.733504,0,0,0,0
-0.952217,2.326602,0.858261,0.114753,-0.408839,-0.223387,-0.763296,0,0,0,0
-0.992777,2.221010,-0.008317,-0.980799,-0.441879,2.579104,-1.030907,1,0,0,0
-0.738233,1.761503,-0.048663,-0.524013,-1.084685,2.105379,-1.027910,0,0,0,0
-1.154764,2.037945,0.744794,-0.620119,-1.160215,-0.433495,-1.153027,0,0,0,0
-1.227532,2.126043,0.435093,-1.519498,-1.534961,-0.825025,-1.215104,0,0,0,0
-1.432034,2.069958,1.017458,-1.545737,-1.371436,-0.697463,-1.241428,0,1,0,0
-1.175745,1.949740,0.434403,-1.654534,-1.321854,-0.631215,-1.191344,0,0,0,0
-1.438753,1.794265,0.837457,-1.757266,-1.723054,-0.201985,-1.154279,0,0,0,0
-1.473467,2.083010,1.002249,-1.830141,-1.009702,-0.457073,-1.195640,0,0,0,0
-1.480587,1.685212,0.658808,-1.969347,-1.535784,-0.448608,-1.284161,1,0,0,0
-0.780473,1.686654,0.412533,0.882384,-0.360701,-0.663246,-0.533085,0,0,0,0
-1.056560,1.936480,0.884575,-0.334377,-1.083170,5.211488,-1.118197,0,0,0,1
-0.966053,2.698672,0.705886,0.016712,1.600365,1.211982,-0.794415,0,0,0,0
-1.276771,1.922217,1.310848,-0.179310,-0.423566,-1.040909,-0.939880,0,1,0,0
-0.223900,1.408044,-0.325598,0.997343,-0.825351,3.715430,-0.824181,0,0,0,0
-1.409392,2.072474,1.099030,-1.353511,0.836534,-0.337576,-0.955176,0,0,0,0
-1.520857,1.810676,1.417154,-1.304020,-0.375335,-0.656767,-1.013579,0,0,0,0
-1.623473,1.562592,1.216003,-0.858377,0.306694,-0.554202,-1.134386,0,0,1,0
-1.075280,0.571005,0.266780,0.938129,-0.644965,-0.957784,-1.122216,0,0,0,0
-1.431579,1.295954,0.424335,-0.546399,0.283780,-0.785853,-1.130741,0,0,0,0
-1.608639,1.082688,0.897858,-0.260907,-0.173475,-0.043461,-1.225370,0,0,0,0
-1.729399,1.024053,0.984762,-0.403192,0.156036,-0.146622,-1.215137,1,0,0,0
-0.079319,0.808134,-1.538712,-1.183337,-0.939515,-0.575199,-0.982986,0,0,0,0
-1.322805,1.393644,0.290406,-1.509016,-0.324452,-0.466135,-1.219552,0,0,0,0
-2.095301,1.368630,2.506422,-1.639116,-0.468656,-0.546924,-1.320551,0,0,0,0
-2.224801,1.127822,2.358407,-1.932623,-0.593279,-0.414699,-1.399569,0,1,0,0
-1.336527,0.236044,0.175442,0.452105,-0.918349,-0.931603,-1.328419,0,0,0,0
-1.476891,0.392566,0.190961,0.230386,-0.253621,-0.409673,-1.394763,0,0,0,0
-1.563950,0.502184,0.150063,-0.067941,0.022653,-0.771859,-1.465621,0,0,0,0
-1.893918,0.354720,0.384838,-0.708112,0.067954,-0.620876,-1.589937,1,0,0,0
-0.871439,2.802164,0.944962,-0.420170,1.744092,-0.684336,-0.180267,0,0,0,0
-1.475392,2.081343,1.937825,0.004975,1.284388,-0.966929,-0.907924,0,0,0,0
-1.486970,1.841698,1.603623,0.113951,1.324198,-0.662487,-0.839577,0,0,0,0
-1.701380,1.442825,1.006173,-0.825938,1.308714,-0.377099,-1.124999,0,0,0,1
-1.448509,0.332126,0.928817,1.359965,0.082420,-1.212483,-1.151360,0,0,0,0
-1.736768,0.946437,1.343057,0.433309,1.315154,-0.464334,-1.248493,0,0,0,0
-1.320036,1.685253,0.506676,-0.499351,-0.135116,-0.697582,-1.199542,0,0,0,0
-1.832088,1.171040,1.266510,-0.628594,0.962720,0.149277,-1.326226,0,0,1,0
-1.504563,1.545509,0.897787,-1.586703,-0.042398,-1.121136,-1.222241,0,0,0,0
-1.826699,1.411539,1.482154,-1.891051,-0.330785,-0.003077,-1.252795,0,0,0,0
-1.914121,1.719927,1.719809,-2.582996,-0.411154,-0.598318,-1.246871,0,0,0,0
-1.829107,1.193290,1.436776,-1.541509,-1.099540,-0.538870,-1.295213,0,1,0,0
-1.193432,1.016876,0.910951,1.243890,0.303399,-0.573099,-0.629646,0,0,0,0
-0.778431,0.721223,-0.396896,-0.271645,0.026672,-0.260784,-1.112611,0,0,0,1
-1.059840,2.592268,0.757975,0.072766,2.675695,-0.358706,-0.710830,0,0,0,0
-1.499307,2.336059,1.584152,-0.578442,1.373014,-0.575208,-1.095304,0,0,1,0
-1.350153,2.413433,1.527191,-1.769824,0.680899,-1.026670,-1.021831,0,0,0,0
-1.657962,1.544313,1.749283,-0.828824,0.088708,-0.409112,-1.136373,0,0,0,0
-1.327953,1.912626,0.558865,-1.172929,-0.003335,-0.921212,-1.238774,0,0,0,0
-1.898812,1.504913,2.094855,-0.463549,0.464547,-0.727271,-1.305469,1,0,0,0
-1.178830,0.254254,0.444591,0.109806,-1.183329,-0.662768,-1.214679,0,0,0,0
-1.647648,0.817663,0.959562,-1.026846,-0.552742,-0.661873,-1.180309,0,0,0,0
-0.920209,1.029690,-1.269325,-0.668377,0.305379,-0.824572,-1.178520,0,0,0,0
-1.727754,0.504185,0.549286,-0.599247,-1.287540,0.890640,-1.143358,0,1,0,0
-0.029235,1.436009,-0.511226,-0.407906,-0.292161,-0.725391,-0.766393,0,0,0,0
-1.257855,1.734299,0.436093,-1.300970,0.089136,-0.904050,-1.081449,0,0,0,0
-1.843413,1.606807,1.522926,-1.802065,0.799532,-1.114359,-1.184302,0,0,0,0
-2.025780,1.499265,1.921849,-1.737607,0.959114,-1.005887,-1.213239,0,0,1,0
-1.274185,0.145793,-0.080535,0.630783,-0.612108,-0.795066,-1.228209,0,0,0,0
-1.316284,1.232296,0.539583,-0.300815,-0.237533,6.259828,-1.242477,0,0,0,0
-0.345069,0.052865,-1.639299,0.272632,-1.867539,-0.953605,-1.238253,0,0,0,0
-1.877408,0.424065,0.573823,-0.562827,0.267136,-0.641152,-1.287393,0,0,1,0
-1.047095,2.671065,1.236624,-0.516583,1.907375,-0.698924,-0.038609,0,0,0,0
-1.552709,2.060869,2.094909,-0.174338,1.133996,-0.625225,-0.730722,0,0,0,0
-1.572405,1.675817,1.749027,0.506588,1.757266,-0.757820,-0.733210,0,0,0,0
-0.927363,1.943093,-1.027507,-1.412584,0.135154,6.798198,-1.005912,0,0,0,1
-1.157730,0.984155,0.342417,0.053730,-0.231780,2.094740,-1.003189,0,0,0,0
-1.719729,0.971534,1.542789,0.332971,0.443534,-0.544345,-1.062899,0,0,0,0
-1.700185,1.630735,1.164597,-1.747007,-0.487292,0.126867,-1.131566,0,0,0,0
-1.916412,1.345460,1.582873,-1.158071,0.473074,-0.340878,-1.189779,1,0,0,0
-1.472508,1.559874,0.756782,-1.988674,-0.699213,-1.122947,-1.199419,0,0,0,0
-1.866119,1.249520,1.280889,-2.117196,-0.788599,-0.946060,-1.234186,0,0,0,0
-1.970574,1.327763,1.342319,-2.512345,-0.539147,-0.269037,-1.283551,0,0,0,0
-1.879175,0.952800,1.149839,-1.447921,-0.888972,-0.754077,-1.346534,0,1,0,0
-0.971885,1.135348,0.430861,1.354302,0.062846,-0.735264,-0.604165,0,0,0,0
-0.889835,1.367688,0.111509,0.721823,-0.551493,12.644955,-1.103067,0,0,0,1
-0.972677,2.272247,0.730707,0.486253,1.327523,-0.653319,-0.819847,0,0,0,0
-1.568967,2.208412,1.475291,-0.558424,1.443458,-1.168090,-1.124398,1,0,0,0
-0.235292,1.737590,-0.618434,0.636209,-0.473873,2.335687,-0.817939,0,0,0,0
-1.428151,1.853265,0.817755,-1.317755,0.877134,-0.694299,-1.038120,0,0,0,0
-1.565969,1.578487,1.400398,-0.758594,0.051240,-1.047261,-1.083790,0,0,0,0
-1.749931,1.135034,1.338172,-0.222313,0.918127,-0.363693,-1.192876,0,0,1,0
-1.207075,0.198568,-0.025514,0.754228,-0.701341,-1.053796,-1.216934,0,0,0,0
-1.537376,0.912619,0.473704,-0.248451,0.284354,0.942358,-1.258572,0,0,0,0
-1.690250,0.659273,0.551486,-0.264754,0.019545,-0.617432,-1.278241,0,0,0,0
-1.782555,0.620472,0.800521,-0.230055,0.146013,0.051688,-1.300280,0,1,0,0
-0.100381,1.528163,-0.285612,-0.058554,0.297246,-0.674843,-0.808378,0,0,0,0
-1.184971,1.959381,0.722397,-0.422813,0.487100,-0.633956,-1.027085,0,0,0,0
-1.870799,1.684860,2.287265,-0.361746,1.557977,-1.047860,-1.092551,0,0,0,0
-2.135038,1.208750,2.419912,-0.402470,1.830841,-0.428248,-1.103977,0,0,0,1
-1.204684,0.355027,0.400145,1.226625,-0.203984,-1.060326,-1.126897,0,0,0,0
-1.479809,0.485180,0.463350,0.743610,0.386526,-0.723255,-1.167602,0,0,1,0
-1.160900,1.778034,0.504150,0.576247,1.853477,-0.822945,-0.996921,0,0,0,0
-1.573940,1.395475,1.072408,0.359926,1.352446,-0.754657,-1.291422,1,0,0,0
-1.726740,1.530150,2.247495,0.107579,2.137765,-1.002851,-0.581016,0,0,0,0
-1.807517,1.174631,1.879463,0.146644,1.674712,-0.167556,-1.089097,0,0,0,0
-1.246637,1.461198,0.774606,0.340902,0.445015,-0.527248,-1.013262,0,0,0,0
-2.112442,0.927459,1.556058,-0.799129,2.338154,-0.108612,-1.423007,0,0,0,1
-1.625760,-0.147633,0.570466,0.574210,-0.224230,-1.106385,-1.424245,0,0,0,0
-2.078413,0.380834,1.498078,0.105708,1.252889,-0.016107,-1.424565,0,0,0,0
-1.345445,1.294510,0.152067,-0.393421,-0.243360,-0.917322,-1.391489,0,0,0,0
-1.794342,0.938199,0.431541,-1.502937,0.089869,-0.401132,-1.438133,0,1,0,0
-1.073940,2.426103,1.108705,-0.902335,0.484842,-1.074609,-1.014635,0,0,0,0
-1.524315,1.938605,1.653128,-0.491079,0.732872,-0.927659,-1.095100,0,0,0,0
-1.713507,2.011125,1.993068,-1.146124,0.333985,-0.608389,-1.162830,0,0,0,0
-1.695265,1.332728,1.410604,-1.017504,-0.599244,-0.777046,-1.335969,0,0,0,1
-1.113738,1.140402,1.065187,1.219860,-0.047308,-1.116213,-0.456448,0,0,0,0
-1.331027,1.091196,1.281534,0.926420,-0.281813,-0.472980,-1.089265,0,0,0,0
-1.128177,0.987770,0.181375,0.605540,0.117939,-0.971969,-1.064489,0,0,0,0
-1.850779,1.632380,1.792512,-1.263372,0.174303,-0.532420,-1.334829,1,0,0,0
-0.954316,2.379532,1.000582,-0.671661,0.620008,-0.542166,-0.926406,0,0,0,0
-1.155910,1.432546,1.275752,-0.165625,-0.377280,-0.452583,-1.105232,0,0,0,0
-1.050374,0.881978,0.732126,-0.217350,-0.869617,0.089968,-1.226162,0,0,0,0
-1.234691,0.056860,1.521642,1.047583,-1.041434,0.176231,-1.230131,0,0,1,0
-0.857038,-0.146815,0.456930,0.477690,-1.536659,-0.827242,-1.144495,0,0,0,0
-0.932437,-0.524621,0.775270,0.823889,-1.679749,-0.551011,-1.197312,0,0,0,0
-0.947749,-0.730252,0.465008,0.642292,-1.695193,-0.463314,-1.184369,0,0,0,0
-0.897841,-1.133942,0.041524,0.966731,-1.462433,0.425807,-1.191983,0,0,0,1
0.261795,1.144571,-0.676477,0.148525,-0.795556,-0.458636,-0.747266,0,0,0,0
-0.293892,-0.392964,-0.047175,1.693833,-0.522311,-0.235773,-1.078514,0,0,0,0
-0.441334,-1.212832,-0.024823,2.360323,-0.736176,-0.254764,-1.096005,0,0,0,0
-0.458158,-1.758301,-0.570660,2.338059,-0.525962,0.130473,-1.072928,0,1,0,0
-0.175012,-1.481546,-1.329335,1.303205,-0.715748,-0.136386,-0.948357,0,0,0,0
-0.032968,-1.475572,-1.527338,0.815545,-1.247405,0.041252,-0.908618,0,0,0,0
0.115637,-1.320674,-2.027667,0.209921,-1.102289,-0.371032,-0.858801,0,0,0,0
0.216146,-1.083518,-2.374688,-0.071701,-1.636140,-0.073626,-0.850876,1,0,0,0
0.303313,0.273230,-0.968504,0.681428,0.903953,-0.108569,-0.091910,0,0,0,0
0.286161,-0.325038,-1.308885,0.051717,0.547723,-0.304532,-0.577293,0,0,0,0
0.269059,-0.446326,-1.289345,-0.381409,0.230602,-0.271723,-0.526912,0,0,0,0
0.189528,-0.372260,-1.479438,-0.865301,-0.538446,0.227573,-0.746873,0,0,1,0
0.102578,-0.508767,-1.794343,-0.770295,-0.603954,0.332289,-0.806513,0,0,0,0
-0.112281,0.241012,-1.856436,-1.020115,-1.312085,-0.307822,-0.848273,0,0,0,0
-0.621426,-0.070646,-0.457379,-0.446560,-1.374082,-0.624245,-1.037637,0,0,0,0
0.708658,-0.885872,-0.833032,-1.747071,-2.247740,4.737123,-0.079817,0,0,0,1
0.643888,-0.740320,-1.821445,-1.337822,-0.988421,-0.111149,-0.203166,0,0,0,0
0.297810,-0.617564,-0.594632,-1.616846,-2.348844,-0.593187,-0.399181,0,0,0,0
0.289165,-0.672876,-0.562296,-1.453903,-2.490645,0.128411,-0.356607,0,0,0,0
0.241886,-0.873520,-1.723680,-1.555872,-0.912826,0.544109,-0.443989,0,0,1,0
0.614925,0.098108,0.030605,0.031740,-0.476495,0.406538,0.156668,0,0,0,0
0.617520,-0.084428,-0.967182,-0.935009,-0.441563,1.040642,-0.177278,0,0,0,0
0.505945,0.125486,-1.019296,-0.929779,-0.908143,-0.304955,-0.270044,0,0,0,0
0.373400,-0.228713,-1.522860,-1.650760,-1.436568,-0.136805,-0.373680,1,0,0,0
0.616917,0.096025,-1.276380,-0.421669,-0.790917,0.723819,-0.360057,0,0,0,0
0.129609,0.171967,-1.705742,-1.153689,-1.560158,-0.141286,-0.751578,0,0,0,0
-0.791648,1.018768,-0.752344,-1.646987,-0.969192,-0.325662,-1.213518,0,0,0,0
-0.664137,1.109900,-0.734112,-1.143940,-0.456604,0.072378,-1.200401,0,0,0,1
-0.704436,0.601900,-0.850964,-0.690135,-0.644411,-0.514820,-1.200617,0,0,0,0
-0.418424,-1.513527,1.578478,-1.413145,-0.172328,0.576622,-1.235087,1,0,0,0
0.173582,-0.173120,0.310456,-0.757372,-2.759382,0.492360,-0.053805,0,0,0,0
0.095760,-0.112314,-1.122758,-1.394028,-0.849544,0.507161,-0.331687,0,0,0,1
0.569720,-0.050454,-2.026404,0.045516,-0.990686,-0.227820,-0.163046,0,0,0,0
0.213361,0.179386,-1.312573,-0.943692,-2.022427,0.054132,-0.593389,0,0,0,0
0.140861,-0.118873,-1.249569,-1.509086,-2.369648,-0.469158,-0.502871,0,0,0,0
-0.045593,-0.176207,-0.028601,-1.617958,-1.670064,0.499457,-0.418176,0,1,0,0
-0.612726,0.454935,-0.328247,-0.097220,-1.162742,-1.055297,-0.267521,0,0,0,0
-0.738007,0.440530,-0.189177,0.007730,-0.683303,-0.025771,-0.299298,0,0,0,0
-0.896887,0.462428,0.135898,0.025108,-0.849336,-0.440851,-0.352610,0,0,0,0
-1.158811,0.890718,0.426988,-0.032301,-0.119243,-0.389575,-0.322007,0,0,0,1
-0.807557,2.537478,0.664347,-0.134509,1.573415,-0.645954,0.085793,0,0,0,0
0.076937,0.198817,0.222267,-1.095846,-0.296678,6.973254,-0.634077,0,0,0,0
0.344175,0.442727,-2.182501,-0.361180,-0.382476,0.957262,-0.305385,0,0,0,0
0.581512,-0.685759,-1.718499,-0.866424,-0.352680,0.558408,-0.370020,0,0,1,0
0.318287,0.863288,-2.825077,-1.632016,-1.045720,-0.455415,-0.422314,0,0,0,0
-0.650819,0.470224,-0.006291,-0.757645,0.632719,0.176582,-0.955094,1,0,0,0
0.348476,0.154997,-0.479656,-1.546528,-0.829967,-0.360696,-0.045298,0,0,0,0
-0.447075,0.877399,-0.503309,-0.316094,-0.275236,0.060012,-0.217088,0,1,0,0
0.605590,-0.507623,-1.620076,-0.235494,-0.658798,2.087810,-0.104628,0,0,0,0
0.203044,-0.510780,-0.749665,-0.885691,-1.477858,0.698413,-0.335117,0,0,1,0
-0.053504,-1.432126,-0.294134,1.282404,-0.659679,0.198887,-0.353596,0,0,0,0
0.037445,-2.217566,0.214276,1.711824,-0.608960,-0.073811,-0.365262,1,0,0,0
0.438969,-0.897320,0.389094,1.986579,1.074746,0.243380,0.045858,0,0,0,0
0.180218,-0.578961,0.251796,0.774332,0.047635,-0.132531,-0.178142,0,0,0,0
-0.147910,0.338474,0.672131,0.715047,0.764890,-0.466247,-0.274650,0,0,0,0
0.188206,-1.083395,-0.662610,1.082051,-0.050306,1.818529,-0.796430,0,0,0,1
0.259453,-0.769597,-0.365909,0.215488,-0.401411,-0.080088,-0.371896,0,0,0,0
0.130031,-0.888950,-0.454315,-0.067591,-1.441811,-0.185070,-0.406394,0,0,0,0
0.014660,-0.897189,-0.469766,0.323722,-0.665925,-0.084882,-0.369566,0,0,0,0
0.071652,-0.493824,-0.994509,-0.535616,0.214084,0.540081,-0.747383,0,0,1,0
0.430551,-0.345596,-1.234965,-1.788369,-2.325677,-0.391201,-0.387456,0,0,0,0
0.395133,-0.353253,-1.546812,-1.727878,-2.143066,0.047311,-0.467826,0,0,0,0
0.340348,-0.654111,-0.008802,-0.877919,-1.062536,0.028371,-0.727247,0,0,0,0
-0.737421,-0.020093,0.121799,-1.563440,-1.972189,1.998107,-1.223672,0,1,0,0
0.679651,-0.389828,-1.442235,-0.105588,-0.035198,0.832178,-0.153134,0,0,0,0
0.081828,0.174624,-1.535935,-0.589424,-2.254430,0.150007,-0.377190,0,0,0,0
-0.091763,-1.408308,-1.583890,-0.267023,0.154221,2.701237,-1.130892,0,0,0,0
-1.017323,-0.294700,-0.461608,-0.611416,-0.624780,-0.180022,-1.534195,1,0,0,0
0.268326,-0.697708,-0.670582,0.246008,-0.994300,0.158828,-0.165786,0,0,0,0
0.179406,-0.514890,-1.101834,0.165820,-1.741139,0.907116,-0.250289,0,0,0,0
0.245624,-0.754376,-1.002595,0.396564,-1.480624,-0.507497,-0.333043,0,0,0,0
0.211098,-0.731955,-1.004355,-0.082601,-1.295662,0.221561,-0.283546,0,0,0,1
0.298180,0.790238,-0.281224,0.799283,0.432910,0.133154,-0.010524,0,0,0,0
-0.797881,1.610413,1.030320,0.695071,0.327467,-0.856372,-0.680791,0,0,0,0
-0.871671,1.513806,0.870616,0.595904,0.870194,-0.204540,-0.717782,0,0,0,0
-0.447854,1.355339,-0.416166,-0.002798,-0.103936,2.118830,0.108674,0,1,0,0
-0.168132,-0.172935,0.914617,-0.156684,-2.079350,1.898074,-0.166793,0,0,0,0
-0.277097,-0.254629,1.508340,0.685526,-2.635485,0.010944,-0.294134,0,0,0,0
-0.299657,-0.291901,0.985466,-0.084797,-3.230185,-0.282816,-0.366474,0,0,0,0
-0.400289,-0.258315,1.233527,0.097676,-3.358285,-0.127869,-0.324743,0,0,0,1
0.494845,-0.675470,-1.605584,-0.748949,-0.005897,0.931683,-0.172648,0,0,0,0
-0.931332,0.737328,-0.458996,0.236878,0.216073,-0.872557,-0.990261,0,0,0,0
-1.076322,0.919577,-0.038094,0.084880,0.228596,-0.158337,-0.976430,0,0,0,0
-1.190765,1.097702,0.279712,-0.186662,0.270259,-0.438653,-0.979770,1,0,0,0
-0.577729,1.863151,0.292415,1.537962,0.719545,-0.394111,-0.408578,0,0,0,0
0.472791,0.335841,-1.736723,0.180569,-0.463020,2.106338,-0.460571,0,0,0,0
0.680564,-0.729798,-1.482708,-0.352308,-0.410503,0.914751,-0.297415,0,0,0,0
0.640686,-1.095335,-1.604457,-0.819569,-0.526377,0.115952,-0.433592,0,1,0,0
0.751279,-0.516091,-1.058318,-0.263091,-0.356640,0.176165,-0.344424,0,0,0,0
0.393681,-0.081065,-1.547292,-0.884805,-1.594278,-0.032608,-0.660751,0,0,0,0
-0.593936,0.312714,-0.754447,-0.674996,0.197701,-0.532119,-1.188618,0,0,0,0
0.640137,-0.791052,-1.009329,-1.343182,-0.821605,3.182303,-0.260961,0,0,1,0
0.518306,-0.439806,-1.711229,-1.672399,-1.231087,-0.247826,-0.331345,0,0,0,0
0.463505,-0.515350,-1.304839,-1.611064,-1.394711,0.064940,-0.600454,0,0,0,0
-0.784639,-0.215168,-0.389255,-1.154987,-0.225253,0.452531,-1.288257,0,0,0,0
0.389212,-2.858845,-0.946618,0.222812,-0.200271,5.664001,-0.514165,0,0,0,1
0.554496,-0.648584,-1.776178,-0.095986,0.189095,0.310087,-0.119227,0,0,0,0
0.098770,-1.640742,-0.404756,1.159332,-0.078187,0.247345,-0.358025,0,0,0,0
-0.037971,-3.472221,0.542624,0.015944,-1.302358,-0.225475,-0.571393,0,0,0,0
-0.094998,-3.536387,0.817380,-0.523342,-1.843133,0.483435,-0.681646,1,0,0,0
0.285813,-0.116723,-0.000492,0.188132,-1.922214,0.244674,-0.189528,0,0,0,0
0.212988,-0.219163,0.318134,-0.674324,-2.637858,-0.257291,-0.392769,0,0,0,0
0.150985,-0.580846,0.233745,-1.113855,-2.674846,-0.213192,-0.369541,0,0,0,0
-0.083615,-0.466603,-0.368587,-1.507867,-3.330658,-0.282555,-0.589739,0,0,1,0
-0.507756,1.162705,-0.035893,0.188447,-0.525697,-1.099849,-0.470056,0,0,0,0
0.267990,1.060914,-1.885346,-0.051685,-0.862374,0.629669,-0.516438,0,0,0,0
-0.853322,1.537284,0.145375,-0.187333,0.119534,-0.950212,-0.819941,0,0,0,0
0.086736,-0.394039,-0.384984,-0.010425,-0.203287,0.223802,-0.151116,0,0,1,0
0.546013,0.156753,-0.736975,-0.489143,-0.925926,-0.394461,-0.281209,0,0,0,0
0.374139,0.131180,-0.904367,-0.793954,-1.672621,-0.165683,-0.322556,0,0,0,0
0.465651,0.257321,-0.858500,-1.157838,-1.805638,0.647753,-0.463457,0,0,0,0
0.129406,0.355795,-0.650212,-1.066114,-1.664658,-0.586246,-0.833455,0,1,0,0
0.499629,-0.520767,-1.862941,-0.759585,-0.004986,0.274664,-0.718293,0,0,0,0
0.394012,0.209079,-2.111367,0.024578,-1.638688,0.558573,-0.673315,0,0,0,0
-0.464978,1.294656,-1.429226,-1.659446,-1.875052,-0.380073,-1.114463,0,0,0,0
0.396351,-0.629868,-0.086925,-1.712250,-2.762132,-0.206139,-0.299256,0,1,0,0
0.439300,-0.082366,1.155986,0.304995,-1.343677,0.337870,0.258054,0,0,0,0
0.277396,-0.294393,0.734574,-0.591699,-2.231435,0.031970,-0.256279,0,0,0,0
0.217181,-0.302041,0.587140,-0.601595,-2.024621,-0.504696,-0.148484,0,0,0,0
-0.893511,0.889353,0.728329,-0.712395,-1.086898,-1.226069,-1.221520,0,0,0,1
-0.891931,0.887137,0.728501,-0.852063,-1.066904,-0.138391,-1.198496,0,0,0,0
-0.987579,0.489172,0.361377,-1.119948,-2.099495,0.108092,-1.171378,0,0,0,0
-0.986477,0.773888,0.442147,-0.319908,-1.178777,-0.369765,-1.211871,0,0,0,0
-0.700453,-1.284435,2.139168,-0.073803,-1.072523,4.413457,-1.105598,0,0,0,1
0.128914,-0.060481,0.503815,0.102790,-1.847782,-0.988789,-0.083433,0,0,0,0
-0.043067,-0.329493,0.119238,0.059058,-1.145886,-0.419544,-0.409466,0,0,0,0
0.147097,-2.418019,0.927339,0.817433,-2.186821,-0.566315,-0.481067,0,0,0,0
0.257365,-2.471068,0.367347,0.789777,-1.943170,-0.002829,-0.458174,1,0,0,0
0.771337,-0.636634,-1.378308,-0.127521,-0.182773,-0.120472,-0.270980,0,0,0,0
0.380337,-1.348955,-0.116850,0.659393,0.612582,-0.097818,-0.511205,0,1,0,0
0.245993,-0.698323,-0.997678,-0.237458,-2.135966,-0.224977,-0.276870,0,0,0,0
-0.259950,-1.692336,-0.488688,1.481805,-0.314149,-0.254330,-0.931307,0,0,1,0
0.248770,-0.947494,-0.260378,1.146945,-0.918174,-0.344109,-0.260955,0,0,0,0
0.314773,-0.886680,-0.957840,0.904474,-1.299661,0.206805,-0.240381,0,0,0,0
0.299780,-0.866369,-1.145918,1.164177,-1.301320,-0.129443,-0.184653,0,0,0,0
0.399730,-0.671558,-1.367674,0.526767,-1.546209,0.225204,-0.265305,1,0,0,1
0.438274,0.464183,-0.766124,0.913956,-0.582618,-0.053985,0.062938,0,0,0,0
-0.084036,0.051290,-0.130160,1.595860,-0.175506,-0.344157,-0.563191,0,0,0,0
-0.273973,-0.075384,-0.316447,1.143353,0.112119,0.068129,-0.640386,0,0,0,0
-0.201094,-0.027171,-0.530138,-0.559859,-0.517769,2.994399,-0.918639,0,1,0,0
-0.275013,0.005451,-0.842684,0.015052,-0.622255,1.577355,-0.947806,0,0,0,0
-0.529004,-0.185777,-0.164432,0.973840,-0.160177,1.171444,-1.085310,0,0,0,0
-0.527939,0.126237,-0.441395,-0.308139,-1.060416,0.501272,-1.152136,0,0,0,0
0.710195,-0.753316,0.005870,0.183678,-1.199510,5.431556,-0.312112,0,0,1,0
0.633432,-1.077973,-1.425081,-0.593019,-0.721767,-0.133439,-0.224701,0,0,0,0
0.169380,-1.221805,-0.615832,-0.142436,-1.487717,-0.278383,-0.490824,0,0,0,0
0.156057,-1.199175,-0.816962,-0.714183,-1.400709,-0.505927,-0.526673,0,0,0,0
-0.019086,-0.614328,-1.410753,-0.476632,-1.328934,0.971942,-0.306255,0,1,0,1
0.518915,0.058221,0.739271,0.073707,-0.866476,0.392472,0.205632,0,0,0,0
0.398630,-0.105248,0.369483,-0.833085,-1.302613,1.231203,-0.331661,0,0,0,0
0.425884,0.025933,0.307719,-1.002780,-1.621679,0.387227,-0.278615,0,0,0,0
0.347838,-0.237519,-0.452081,-1.744857,-2.223633,-0.450963,-0.342341,0,0,1,0
0.605031,-0.182517,-0.270381,-0.603272,-1.028493,1.250504,-0.242799,0,0,0,0
0.007833,0.360984,-1.110911,-1.385435,-1.637758,-0.560108,-0.742862,0,0,0,0
0.042488,0.849872,-2.178753,-1.353246,-1.376021,2.825265,-0.799657,0,0,0,0
0.065226,1.216429,-2.308555,-1.097457,-1.170924,0.629097,-0.696160,1,0,0,0
-0.669162,0.965930,-0.910167,-0.564452,-0.235635,-0.811303,-1.129082,0,0,0,0
0.280429,-0.373672,-0.463968,1.086959,0.146304,2.354501,-0.280408,0,1,0,0
-0.308326,0.092112,-0.454955,-0.547959,-0.995984,0.310535,-0.225765,0,0,0,0
-0.080444,0.461903,-0.474257,-0.498866,-1.739111,0.468854,-0.253558,0,0,1,0
0.684979,-0.263517,-1.769000,-1.059159,-0.419064,0.111839,-0.434606,0,0,0,0
0.183990,-0.190400,-1.013605,-0.661140,-1.639941,-0.188157,-0.648668,0,0,0,0
0.089799,-0.576551,-0.882363,-1.470367,-2.388243,0.270588,-0.619359,0,0,0,0
0.188336,-0.875795,-0.464343,-0.750164,-0.647247,1.011218,-0.435099,1,0,0,0
0.346542,-0.100188,-0.659871,-0.922098,-1.180037,0.063919,-0.347153,0,0,0,0
0.212154,0.020952,-1.035945,-1.125141,-1.279137,-0.214143,-0.339618,0,0,0,0
0.196395,-0.041157,-1.277348,-1.272347,-1.352542,-0.496304,-0.467906,0,0,0,0
0.136856,-0.066370,-1.353056,-1.818008,-1.336822,-0.242173,-0.444347,0,1,1,0
0.362328,1.112283,-0.562761,-0.929617,0.247274,0.411856,0.205535,0,0,0,0
-0.119013,1.452701,-0.846447,-1.360416,0.422970,-0.558283,-0.637924,0,0,0,0
0.083241,1.515172,-2.089779,-0.379324,0.216368,3.571624,-0.446825,0,0,0,0
0.482212,0.270985,-2.207331,-0.178792,-1.124943,1.233531,-0.413888,0,0,0,1
-0.400388,0.480818,-0.062955,-0.106379,-0.101426,0.622952,-0.851857,0,0,0,0
0.289430,-1.668904,-0.326594,0.952280,-1.122468,3.693044,-0.284952,0,0,1,0
0.229498,-0.254075,-0.977555,1.770225,-0.199324,-0.331477,-0.287513,0,0,0,0
0.604745,-0.819643,-1.197101,-1.026586,-0.206584,0.171898,-0.678237,0,0,0,1
0.554796,-0.533293,-1.409101,0.062814,0.316160,0.251433,-0.061346,0,0,0,0
-0.331860,0.449047,-0.605820,0.336222,-0.376121,-0.390935,-0.119515,1,0,0,0
-0.449327,0.675772,-0.576678,-0.447928,0.522383,-0.099868,-0.164903,0,0,0,0
0.516198,-0.571833,-0.723106,-0.720392,-1.042760,-0.472133,-0.450498,0,1,1,0
0.425851,1.063756,-1.064108,-0.583354,-0.406374,0.874228,0.219561,0,0,0,0
0.394799,0.983725,-1.345987,-0.769963,-0.781539,-0.436875,-0.163801,0,0,0,0
-0.443869,0.720669,-0.216748,0.330786,0.724289,0.243133,-0.840435,0,0,0,0
0.643528,-1.279401,-1.344467,-0.044840,-1.084312,6.262749,-0.604553,0,0,0,1
0.237144,0.138552,-1.101267,0.613506,-1.069399,-0.141837,-0.291609,0,0,0,0
-0.060920,-0.229294,-1.367872,0.129661,-0.872175,-0.037952,-0.417689,0,0,0,0
0.018295,-0.338880,-0.920563,-0.018747,-0.750708,-0.031454,-0.467276,0,0,0,0
-0.162860,0.117802,-0.827516,0.833554,0.363802,0.925647,-0.328761,0,1,0,0
0.300028,-0.638991,-0.761857,-0.900042,-1.652590,0.578995,-0.393184,0,0,0,0
0.212545,-0.397399,-0.479312,-1.115111,-2.297407,-0.218033,-0.374986,0,0,0,0
0.101208,0.152320,-0.622429,-1.000215,-1.614260,-0.270851,-0.512892,0,0,0,0
-0.749451,0.835646,-1.077952,-1.216779,-0.632158,0.865802,-1.211283,1,0,0,0
0.643695,-0.694196,-1.358123,-0.213146,0.060209,1.093958,-0.115291,0,0,0,0
0.091937,-0.708414,-0.740404,0.825454,-1.198657,-0.016352,-0.226553,0,0,0,0
-0.567956,-0.242349,-0.659926,-0.820707,0.114688,0.421784,-1.251701,0,0,0,0
0.182404,-1.529479,-1.652346,-1.610210,-0.305881,-0.129924,-0.789400,0,0,1,0
0.238098,-0.341722,-0.083269,-0.652907,-2.114908,0.214708,-0.288790,0,0,0,0
0.135359,-0.277498,-0.322100,-0.679419,-2.203241,1.128350,-0.400950,0,0,0,0
0.342685,-0.352792,-0.970999,-1.274879,-1.845485,-0.077350,-0.446927,0,0,0,0
0.001476,0.162807,-0.726990,-1.693807,-2.665545,-0.439288,-0.737791,1,1,0,0
-0.352963,2.082539,-0.443538,-0.513190,1.096686,-0.038680,-0.095059,0,0,0,0
-0.281722,1.960744,-1.182907,-1.347763,0.222811,-0.192306,-0.615959,0,0,0,0
-0.477457,0.550567,0.468958,-0.239400,0.335541,-0.914483,-0.661589,0,0,0,0
0.159765,-0.174104,-0.620630,-0.654209,-0.500928,0.498592,-0.890455,0,0,0,1
0.156851,-0.517792,-0.030954,-0.071640,-1.582381,0.918442,-0.066737,0,0,0,0
0.192437,-0.346892,-0.072853,-0.717310,-1.558100,0.182646,-0.241300,0,0,0,0
0.228461,-0.471408,-0.668769,-1.205606,-1.679615,-0.296290,-0.236063,0,0,0,0
0.152326,-0.543246,-0.435784,-1.098091,-1.618808,0.687856,-0.327517,1,0,0,0
0.598714,-0.551898,-1.695569,-1.252193,-0.464736,0.930980,-0.342453,0,0,0,0
-0.366728,0.995750,-1.662209,-1.129246,-0.494156,-0.374194,-0.903066,0,0,0,0
-0.767183,0.927532,-1.392506,-1.288294,0.542162,-0.678939,-0.925912,0,0,0,0
-0.834786,1.188172,-1.434092,-1.417005,0.723435,-0.427020,-0.958206,0,0,1,1
-0.440293,2.263736,-0.535524,0.509371,1.439744,-0.077603,-0.401332,0,0,0,0
0.348260,0.697018,-1.300877,1.258649,0.037421,8.123260,-0.375571,0,1,0,0
0.418715,-0.163685,-0.297038,1.510198,-0.632512,0.463864,-0.200944,0,0,0,0
0.590127,-0.717914,-1.281757,-1.089848,-0.379600,0.985448,-0.299043,1,0,0,0
0.516744,0.673841,-1.117054,-0.069526,-1.769145,0.664147,-0.259754,0,0,0,0
0.325708,-0.097047,-1.410668,-0.214197,-1.931441,-0.004993,-0.190575,0,0,0,0
-0.538261,0.682355,-1.385989,-0.708729,0.237207,-0.727860,-0.974775,0,0,0,0
0.555054,-1.136904,-0.462915,-1.392324,-0.654403,1.964353,-0.353191,0,1,1,0
0.343626,-0.135135,-0.012879,-0.083794,-0.453511,-0.311567,-0.206005,0,0,0,0
0.081864,0.462653,0.103283,0.361873,-1.056644,-0.168895,-0.228151,0,0,0,0
-0.049549,0.284845,0.620199,0.286180,-0.098850,0.600451,-0.684967,0,0,0,0
-0.384548,0.965013,-0.933873,-0.780882,-0.333018,1.312207,-0.662371,0,0,0,1
0.599799,-0.279941,-1.292372,-0.511965,0.198200,1.519138,-0.087746,0,0,0,0
0.000673,0.138666,-0.702890,-0.150164,-1.020428,-0.217580,-0.269703,0,0,0,0
-0.241630,0.025396,-0.368068,-0.853246,-1.712921,-0.489186,-0.429306,0,0,0,0
-0.325540,-0.784685,0.087805,-2.087985,-0.325264,-0.426012,-0.938754,1,0,1,0
0.407220,0.613308,-1.468430,-0.156682,-1.283405,0.532976,-0.244684,0,0,0,0
0.341051,0.516665,-1.428119,-0.195867,-1.712755,-0.275171,-0.364373,0,0,0,0
0.284756,0.090399,-1.480459,-1.017731,-1.656975,0.286030,-0.445655,0,0,0,0
0.259224,-0.087002,-1.891744,-1.787295,-2.039976,-0.010459,-0.425108,0,1,0,0
0.348318,0.465007,-0.852078,-0.796557,-1.127730,-0.104666,-0.046361,0,0,0,0
0.261447,0.601464,-1.398520,-0.872005,-1.466112,-0.184751,-0.317545,0,0,0,0
0.301242,0.402758,-1.101751,-0.518189,-1.079015,-0.302701,-0.302315,0,0,0,0
0.210425,0.151639,-1.442190,-1.026938,-1.588445,-0.154032,-0.474662,0,0,0,1
0.167230,-0.041105,-1.978835,-0.949874,-1.826862,-0.672592,-0.459053,0,0,0,0
0.199526,0.206779,-1.902653,-0.895602,-2.097195,-0.063190,-0.515339,0,0,0,0
0.210107,0.013784,-1.649567,-1.126341,-2.016435,-0.056469,-0.572757,0,0,0,0
0.224705,-0.072897,-1.809882,-1.452241,-2.491016,0.294732,-0.504032,0,1,1,0
0.793533,-0.316996,-1.424052,-0.827364,-0.834594,0.876436,-0.228653,0,0,0,0
0.405977,0.637762,-1.409414,-0.468344,-0.910982,0.261808,-0.484167,0,0,0,0
-0.387889,1.266193,-1.325670,0.195884,0.051418,-0.495316,-0.986944,0,0,0,0
-0.584110,1.068590,-1.205501,-1.292035,-0.513074,0.407768,-1.094817,0,0,0,1
-0.175527,0.189369,0.535894,-0.741419,1.222867,0.106717,-0.430068,0,0,0,0
-0.725660,1.958346,-0.846009,-0.424279,1.001022,-0.243952,-0.974023,0,0,0,0
-0.722983,1.728609,-0.660437,-0.087888,0.836770,-0.566938,-0.926876,0,0,0,0
-0.827471,1.338690,0.082872,-2.098848,1.744093,-0.479906,-1.214568,1,0,1,0
-0.675962,2.480679,-0.446194,-0.693522,2.098687,0.011962,-0.840626,0,0,0,0
-0.879280,2.251738,-0.910863,-1.188222,2.145799,-0.787849,-1.003533,0,0,0,0
-0.917942,2.113383,-0.868041,-1.616004,0.892904,-0.435060,-1.026918,0,0,0,0
-1.143945,2.300326,-0.576348,-1.617670,2.071271,-0.211203,-1.081188,0,0,0,1
-0.829880,1.189727,-1.150815,-0.627069,0.151696,-0.701801,-1.167736,0,0,0,0
-0.911747,1.648213,-1.889232,-1.608508,1.394051,-0.206628,-1.130985,0,0,0,0
-0.371889,0.676461,-2.235962,-0.921342,0.560614,1.345001,-1.111249,0,0,0,0
0.044424,-0.698139,-1.830093,-1.236911,-0.430493,0.626661,-0.974942,0,0,1,0
0.374632,0.101212,-1.536341,-1.143517,-0.942076,-0.048937,-0.914909,0,0,0,0
0.067772,0.008316,-1.380909,-0.476050,0.093753,-0.428011,-1.072405,0,0,0,0
-0.265243,0.462533,-1.776890,-1.775087,0.025105,-0.051545,-1.154933,0,0,0,0
-0.788893,-0.122251,-0.606646,-1.507097,0.403792,-0.476104,-0.842444,0,1,0,0
0.641240,-0.401584,-0.456491,-1.530579,-2.313081,4.482100,0.192843,0,0,0,0
-0.187817,0.360677,-0.974611,-1.694568,-0.999962,-0.710820,-1.102582,0,0,0,0
0.530168,-0.515264,-0.865751,-1.312331,-2.733896,0.139165,0.051553,0,0,0,0
-0.334423,0.678324,-0.382234,-0.318363,-0.915511,1.421582,-1.208891,1,0,0,1
0.789378,-1.065977,0.573248,0.082251,-0.117087,-0.525145,0.455267,0,0,0,0
0.581393,-0.757768,-0.029366,0.670259,-0.139628,-0.475699,0.393285,0,0,1,0
0.617058,-0.682920,0.081484,0.382632,0.072000,-0.110744,0.344226,0,0,0,0
0.487348,-0.759021,-0.016563,0.786641,0.255555,0.038978,0.049465,1,0,0,0
0.515020,-0.681850,0.310032,1.044888,0.191719,1.411765,0.174051,0,0,0,0
0.480472,-0.842170,-0.028208,0.756370,0.101504,-0.377797,0.279637,0,0,1,0
0.432670,-0.666133,-0.140571,1.558261,0.447747,-0.213409,0.059197,0,0,0,0
0.360173,-0.375478,-0.503067,1.649576,-0.140306,0.299929,0.008757,1,0,0,0
0.386111,-0.633689,0.335015,1.242709,0.520725,0.412311,0.031943,0,0,0,0
-0.048971,0.193527,-0.502425,1.608672,0.854436,-0.137819,-0.864574,0,0,1,0
0.389654,-0.200748,-0.306256,0.125111,-0.987019,0.016974,0.171129,0,0,0,0
0.449789,-0.491447,-0.147322,-0.241754,-0.570791,-0.121821,0.083066,1,0,0,0
0.397024,-0.057531,0.273569,0.017310,-0.018642,-0.251993,-0.275375,0,0,0,0
0.201013,0.924569,-0.729415,1.007878,0.140216,-0.204613,-0.178855,0,1,0,1
0.592258,-0.226314,0.367307,-0.255028,-0.920214,0.171749,0.232058,0,0,0,0
0.545397,-0.165593,0.090453,-0.364752,-1.220666,0.038228,0.266835,0,0,1,0
0.616127,-0.158338,0.084084,-0.393569,-1.050500,-0.024003,0.315633,0,0,0,0
0.581069,-0.094519,-0.119661,-0.762254,-1.532386,0.233963,0.286444,0,0,0,1
0.563533,0.627569,-0.638755,-0.441528,-1.496741,0.061026,-0.087845,0,0,0,0
0.767447,0.043413,-1.584887,-0.253429,-0.970695,3.022149,-0.058071,0,0,1,0
0.829615,0.221448,-1.435454,0.368085,-0.651847,0.541027,0.108419,0,0,0,0
-0.194245,1.391516,-1.349647,0.945029,1.472272,-0.385981,-0.835413,0,0,0,1
0.466419,-0.293737,0.265078,0.272440,-0.333981,-0.186830,0.131004,0,0,0,0
0.184489,0.486562,-0.597699,0.395419,0.470674,0.767945,0.340106,0,0,1,0
0.408614,-0.254044,0.087239,0.507870,0.996596,1.532002,0.232412,0,0,0,0
0.372673,-0.687192,0.168853,1.263161,0.332392,-0.160320,0.332345,0,0,0,1
0.421414,-1.021751,0.449434,0.829972,0.165338,1.458895,0.168451,0,0,0,0
0.450844,-0.902923,0.377607,1.484287,0.349490,0.022248,0.074844,0,0,1,0
0.029512,0.765882,-0.383360,1.465116,0.926267,-0.201030,-0.612458,0,0,0,0
0.605180,-1.271390,-0.543855,2.847903,-0.276853,2.008628,-0.084822,0,0,0,1
0.729153,-1.703581,0.028115,2.114183,0.280481,-0.191248,0.092965,0,0,0,0
0.382019,-0.469974,-0.158091,1.779673,0.636660,0.673069,0.202048,0,1,1,0
0.466844,-0.387247,0.015891,1.629184,0.533355,-0.216731,0.504233,0,0,0,0
0.386709,-0.850561,-0.205543,1.593845,0.048761,-0.234637,0.066174,1,0,0,0
-0.129188,0.640322,-0.134352,1.018623,1.895983,0.007016,-0.489795,0,0,0,0
-0.271335,1.270392,-0.267753,0.704930,2.163769,-0.137940,-0.675454,0,1,0,0
0.601310,-0.169268,-0.162665,0.713162,0.086648,-0.276427,0.093548,0,0,0,0
0.666144,-2.063899,0.084480,1.705597,0.098645,-0.149581,-0.162001,1,0,0,0
0.518648,-0.778024,0.078978,2.017600,0.012258,-0.291061,0.313948,0,0,0,0
0.452172,-1.014097,0.004637,1.733019,0.409878,-0.090800,0.290744,0,1,0,0
0.590493,-0.848173,0.073046,1.657971,0.504017,-0.109341,0.264434,0,0,0,0
-0.009110,0.520971,-0.076739,0.761598,0.956061,-0.998177,-0.695520,1,0,0,0
0.493691,0.252468,-0.323712,-0.051070,-0.816488,0.104389,-0.185233,0,0,0,0
0.462280,0.353441,-0.574772,0.089496,-1.333347,0.350400,-0.099184,0,1,0,0
0.094040,1.029271,-0.394528,-0.071446,0.704035,-0.034405,-0.633505,0,0,0,0
-0.323707,1.622757,-0.922583,0.106117,0.945800,-0.494441,0.240264,1,0,1,0
0.397475,0.107291,0.691079,-0.103925,-1.060481,2.391495,0.531541,0,0,0,0
0.290912,0.047479,1.028360,-0.170622,-1.243966,-0.143372,0.222750,0,0,0,1
0.212752,0.301268,0.758599,-0.072011,-1.832652,-0.584737,0.236022,0,0,0,0
0.156216,0.273729,1.004697,-0.164845,-2.187770,-0.183244,0.324898,1,0,0,0
0.179026,0.215531,1.067443,0.062730,-2.078034,-0.263752,0.244266,0,0,0,0
0.063437,0.181540,1.144121,-0.250675,-1.899771,-0.028838,0.280012,0,0,0,1
0.036746,0.163216,0.747432,-0.279455,-1.518839,-0.103316,0.342740,0,0,0,0
-0.420218,1.734224,0.859436,-0.521733,-0.987208,-0.197349,-0.332821,1,0,0,0
0.212845,1.302586,-1.356824,0.295858,-0.710733,0.664568,-0.425401,0,0,0,0
0.940575,-0.689424,-1.374202,-0.239712,-0.400463,0.731412,0.064014,0,1,0,1
1.052668,-0.357848,-1.138366,-0.046193,-0.297542,0.124520,0.387416,0,0,0,0
0.861791,-0.457427,-1.382166,-0.399402,-0.586306,0.139607,0.050893,0,0,1,0
0.558545,-0.562211,-0.137047,0.669291,-0.725700,-0.977544,-0.166238,0,0,0,0
0.522299,-1.633844,1.420830,-0.317872,-0.646592,-0.002940,0.048796,0,1,0,0
0.839610,0.082211,-0.504836,-0.408536,-0.986669,1.454597,0.325990,0,0,0,0
0.699081,-0.513750,-0.352592,-0.282264,0.521619,0.295519,-0.118790,0,0,1,0
0.597514,-0.298429,-0.778290,-0.852065,-0.969008,0.185402,-0.084177,0,0,0,0
0.339537,-0.196338,-0.370441,0.387576,-0.637844,0.092561,-0.432457,1,0,0,1
0.606962,0.140410,0.412419,-0.023792,-0.883658,-0.208201,0.280311,0,0,0,0
0.512792,0.012416,0.520899,-0.239919,-1.367904,-0.075989,0.142363,0,1,0,0
0.682090,-1.292001,0.655767,0.650080,-1.700237,1.110021,0.070237,0,0,0,0
0.605235,-1.565276,1.098475,0.346955,-2.074084,-0.086412,0.035006,0,0,0,1
0.673982,-0.811941,0.261391,1.596910,-0.009557,0.609560,0.148872,0,0,0,0
0.430119,-0.320362,-0.060263,1.379240,0.025521,0.146134,0.368081,0,1,0,0
0.637876,-0.083195,0.095557,-0.568741,-1.455710,0.334026,0.122491,0,0,0,0
0.568283,0.116177,0.039687,-0.383930,-1.352991,0.063732,0.177448,0,0,0,1
0.432376,-1.796250,2.155071,0.054851,-1.725111,0.054229,0.024815,0,0,0,0
0.481683,-1.349560,2.309977,-0.259882,-1.439308,0.066847,0.052721,0,1,0,0
0.620807,0.237568,0.377999,-0.549217,-1.800935,1.299231,0.186077,0,0,0,0
0.474221,0.098340,-0.135906,-0.591116,-1.729440,-0.012712,-0.068197,0,0,0,1
0.376569,0.615449,0.004070,-1.095909,-1.739177,-0.355252,-0.462993,0,0,0,0
-0.415933,1.742874,0.654816,-0.395730,-1.086742,-0.316945,-0.816854,1,1,0,0
0.517384,0.261901,0.942193,-0.220834,-1.160556,1.503867,0.296905,0,0,0,0
0.331850,0.190762,0.731451,-0.127130,-2.136040,-0.514391,0.252682,0,0,1,0
0.286762,0.187540,1.048317,-0.055661,-2.773058,-0.249955,0.173366,0,0,0,0
0.214407,0.150635,0.949034,0.091411,-1.938511,-0.321563,0.026286,0,1,0,0
0.665824,0.447399,-1.064607,-0.311336,-0.901549,0.221381,-0.065333,0,0,0,0
0.862026,-0.530472,-1.568774,-0.045673,-0.038436,0.240100,0.002372,0,0,1,0
0.907198,-0.387551,-1.280612,-0.029175,-0.235911,-0.022243,0.037025,0,0,0,0
0.415911,0.352883,-0.890046,-0.844902,-0.307561,-1.043638,-0.329021,0,1,0,0
0.769737,0.285562,-1.259409,-0.569734,-0.982581,-0.591727,0.111087,0,0,0,0
0.742183,-1.384170,0.501327,-0.110966,-0.947555,-0.472136,-0.063310,1,0,1,0
0.703500,-1.021450,0.559686,0.705867,-1.317202,-0.372626,0.110095,0,0,0,0
0.145371,0.648375,0.373164,-1.171701,0.291127,-0.679984,-0.418033,0,0,0,1
0.644392,-0.519839,0.354977,-0.430052,-0.802417,0.256242,0.218189,0,0,0,0
0.398551,-0.582067,0.449716,-0.453264,-1.182487,-0.075948,0.245622,0,0,1,0
0.367601,0.573867,-0.112646,-0.698846,-0.741090,0.026194,-0.274650,0,0,0,0
-0.198764,1.402719,0.305835,-1.062756,0.073181,-0.465376,-0.750501,1,0,0,1
0.523847,-0.469211,0.631638,-0.528050,-1.079558,-0.408323,0.167283,0,0,0,0
0.515580,-0.860244,0.283501,-0.488792,-0.954296,0.183215,0.229992,0,1,0,0
0.524267,-0.616659,0.666911,0.117360,-0.391580,0.278486,0.038905,0,0,0,0
0.451602,-0.910042,0.433504,-0.389514,-0.893145,-0.187182,0.207422,1,0,0,0
0.494571,-0.412868,0.595684,-0.519260,-0.091752,-0.253250,-0.397719,0,0,0,0
0.171487,0.071965,-0.840556,-0.915616,-1.112272,-0.379743,-0.764963,0,1,0,0
0.520777,-0.264096,-0.378752,-0.327941,-1.801993,0.593770,0.246281,0,0,0,0
0.167905,0.019373,-0.506075,-0.203752,-1.426179,0.164646,-1.003725,1,0,0,0
0.531002,-0.761537,-0.132087,0.745099,-0.366264,-0.615369,0.254741,0,0,0,0
0.488812,-0.915412,0.079697,-0.490092,-0.859663,0.805658,0.025753,0,0,1,1
0.255998,1.244700,-0.989596,0.236576,-0.184807,-0.171351,-0.425211,0,0,0,0
0.217129,0.668895,-0.743626,-0.320920,0.235753,0.494000,-0.660903,0,1,0,0
0.808296,-0.010763,-0.942271,0.301426,-0.901113,0.371960,0.463763,0,0,0,0
0.689419,0.037511,-1.241144,0.440115,-0.816798,-0.363263,0.139523,0,0,0,1
0.517151,0.157366,-0.642625,0.158940,-1.023380,-0.025459,-0.363225,0,0,0,0
0.336660,0.092077,-0.160890,-0.286438,-0.743689,0.115825,-0.723626,0,1,0,0
0.546058,0.138278,-0.168685,0.987176,-0.382437,-0.108364,0.352853,0,0,0,0
0.482519,-0.020894,-0.925592,1.153668,-0.913618,-0.172236,0.154491,0,0,1,1
0.626091,-0.114791,-0.041607,0.842781,-0.523280,-0.315836,0.431971,0,1,0,0
0.452366,-0.198923,-0.187348,0.470180,-0.881184,-0.305698,-0.303628,1,0,0,0
0.504523,0.214568,-0.124005,1.076007,-0.014829,-0.214496,0.312368,0,0,0,0
0.252486,0.290653,-0.308133,-0.446386,0.313262,0.154550,-0.724567,0,1,0,0
0.791794,0.084856,-0.740940,-0.952856,-1.380997,-0.407521,0.241418,0,0,1,0
0.606810,0.194927,-1.049152,-0.473395,-1.289736,-0.589288,0.102248,0,0,0,1
0.616785,0.184575,-0.710401,-0.879830,-1.165847,0.038717,0.118511,0,0,0,0
0.614609,0.073897,-0.803921,-1.134963,-1.539382,0.192332,0.053956,1,0,0,0
0.009422,0.470438,-0.343596,-0.721746,0.754202,-0.677927,1.641497,0,0,0,1
0.914806,-0.532782,-1.169822,-0.320147,-0.080896,2.477807,0.265619,0,0,1,0
0.890472,-0.766546,-1.487972,-0.553833,-0.293899,0.588512,0.003352,0,1,0,0
-0.401996,0.828783,-0.366040,-0.578765,2.010926,-0.921792,-0.021307,1,0,0,1
1.025013,-0.446822,-0.915325,-0.472333,-0.381858,0.096806,1.157725,0,0,0,0
0.487777,-0.009591,-1.065998,0.855833,0.203625,-0.533680,0.416593,0,0,0,0
0.627676,-0.736822,-1.647448,0.323632,-0.815105,0.899908,0.023527,0,0,0,0
0.710494,-1.052071,-1.449852,-0.658023,-0.453209,0.277373,-0.142270,0,1,1,1
1.139293,-0.394207,0.429526,0.391906,0.218798,0.650775,2.079801,0,0,0,0
0.985251,-0.348490,-0.020692,0.160988,-0.032521,0.752187,0.616570,0,0,0,0
0.854222,-0.169307,-0.051613,0.509145,1.104901,-0.283659,0.499271,1,0,0,0
0.862317,-0.277331,-0.191971,0.215381,0.677632,-0.236871,0.117310,0,0,1,1
1.042136,-0.819098,-0.065040,0.536468,-0.355335,-0.056698,1.952968,0,1,0,0
0.995496,-0.217397,-0.503983,-0.118559,0.164434,-0.125194,0.492733,1,0,0,0
0.960710,-0.016446,-1.130685,-0.991138,0.248973,-0.236649,0.410393,0,0,0,1
0.874891,-0.154532,-0.362464,-0.322797,0.313209,-0.408105,0.249797,0,1,1,0
0.883343,-0.575822,0.096844,0.375382,0.286073,0.333270,2.017300,0,0,0,0
0.726397,-0.145703,-0.294955,0.226007,1.707901,0.116958,0.172032,0,0,0,0
0.779610,-0.279466,-0.330541,0.505232,1.193107,-0.309115,0.610706,1,0,1,0
0.703809,-0.348159,-0.256394,0.197679,0.946315,0.194679,1.842549,0,1,0,0
1.098062,-0.151886,-0.172007,0.197645,0.587434,-0.018061,1.154767,0,0,0,0
0.866393,-0.071495,-0.299963,0.137832,1.328837,0.101316,0.430144,0,0,1,1
0.797257,-0.297186,-0.037931,0.266908,0.622887,-0.103396,1.907124,0,0,0,0
0.874033,-0.216600,-0.516746,-0.267643,0.772793,-0.002732,0.473496,0,1,0,1
1.019706,-0.238242,0.033028,0.123438,0.413603,0.323348,1.977746,0,0,0,0
0.922939,-0.218879,-0.217319,-0.385319,0.129448,-0.002993,0.359882,0,0,0,0
1.054204,-0.304752,-0.801184,-0.489584,-0.045950,0.403999,0.465228,0,0,1,0
1.092034,-0.532750,-0.689697,0.073250,0.205078,0.476691,0.491089,1,1,0,0
1.025464,-0.591060,-0.433438,0.203552,0.442481,-0.237735,2.138768,0,0,0,0
0.766680,-0.161723,-0.042493,-0.496436,1.084531,0.348760,0.007919,0,0,0,1
0.866741,-0.140848,-0.138258,-0.456831,0.000432,-0.647102,0.291822,0,1,0,0
0.713947,-0.297647,-0.085182,-0.533797,0.477402,-0.525887,0.143871,0,0,1,1
0.926500,-0.447378,0.078335,0.252105,0.504015,0.322136,2.050070,0,0,0,0
0.720822,-0.257240,0.025930,-0.204340,0.950141,-0.136071,-0.059539,0,0,0,0
0.770645,-0.126436,-0.028718,-0.141271,0.007372,0.323998,0.565760,1,0,1,0
0.938218,-0.335757,-0.019181,0.641759,0.019844,-0.036117,1.957775,0,1,0,0
1.057440,-0.267126,0.099801,0.783743,0.661531,0.676252,1.031409,0,0,0,0
0.748578,-0.041810,0.061001,-0.373669,0.614888,-0.018990,-0.039509,0,1,0,1
0.786220,-0.043701,0.014943,-0.198383,0.351080,-0.300999,1.801783,0,0,0,0
0.862234,-0.167048,-0.089180,-0.057207,0.161761,-0.086677,0.424993,1,0,1,0
1.035285,-0.243012,0.008064,0.505336,0.303050,0.228665,1.927870,0,0,0,0
0.823792,-0.357529,0.078441,-0.086163,0.180362,0.046795,0.517933,0,0,0,0
0.900854,-0.941716,0.258355,0.140520,-0.465754,-0.440424,0.178097,0,1,0,0
0.857599,-1.082124,0.854087,-0.418775,-0.382098,0.051694,0.230681,0,0,1,1
0.958615,-0.224069,0.326241,0.470340,0.306989,0.243615,2.015538,1,0,0,0
0.799564,-0.342286,0.197307,-0.015685,0.434858,0.151895,0.641772,0,1,0,0
0.702793,-0.527257,0.452755,0.133679,0.278516,-0.887199,0.032553,0,0,1,0
0.556646,-0.299959,0.148010,-0.628192,0.529919,-0.199433,-0.460229,1,0,0,1
0.974332,-0.336051,0.190274,0.382023,0.168436,0.509342,2.124693,0,0,0,0
0.781811,-0.164982,0.220225,0.099041,0.159441,0.083783,0.898928,0,0,0,0
0.641436,-0.126047,0.169059,-0.076027,0.096611,-0.505278,0.599026,0,0,1,1
0.484405,-0.327244,0.475857,0.197725,1.158360,-0.142400,1.882924,1,0,0,0
1.017916,-0.391815,0.290914,0.593233,0.231036,0.377183,1.091418,0,0,0,0
0.761434,-0.305819,0.117009,0.341470,0.267615,0.157616,0.658844,0,1,1,0
0.609442,-0.417943,0.279423,0.613869,0.805927,-0.701299,1.892287,0,0,0,0
0.700688,-0.206030,0.158677,0.280438,0.711290,0.085487,0.640781,1,1,0,0
0.957280,-0.171990,0.303593,0.721062,0.596593,0.181902,2.097261,0,0,0,0
1.014819,-0.093176,-0.657488,0.325171,0.803777,0.131832,0.501256,0,0,0,0
1.033887,-0.362772,-0.954152,0.239502,0.818849,0.261205,0.579223,0,0,0,1
1.020804,-0.623095,-0.884673,-0.123740,-0.009327,0.250806,0.512009,0,1,1,0
0.988021,-0.494137,-0.429165,0.151367,0.657987,0.151184,1.936848,0,0,0,0
0.760171,-0.082141,0.288653,0.029412,1.111133,0.730538,0.728499,1,0,0,0
0.879324,-0.627272,0.024484,1.152817,0.608091,-0.381276,0.341789,0,1,0,0
0.898735,-1.151456,-0.098229,0.554137,-0.361100,-0.287240,0.293014,0,0,1,1
0.929649,-0.518007,-0.144950,0.687351,0.263554,-0.054555,1.985039,0,0,0,0
0.718836,-0.201847,0.168871,0.201896,0.614866,-0.275598,0.333606,0,0,0,0
0.769475,-0.110461,0.042979,0.142296,0.041113,-0.364589,0.336425,1,1,0,0
0.951472,-0.427732,-0.247864,0.629337,0.248807,-0.352082,1.991410,0,0,1,0
1.029736,-0.390989,-0.108536,0.631921,0.196920,0.421406,1.123189,0,0,0,0
0.656078,-0.432936,-0.031533,0.586477,0.783409,0.176849,0.549066,0,1,0,1
0.802337,-0.494630,-0.387442,0.241452,-0.222667,-0.009847,1.731014,0,0,0,0
0.811545,-0.407294,-0.373550,0.435963,-0.290772,-0.123124,0.441631,1,0,1,0
1.118006,-0.479076,0.376709,0.151971,0.255233,-0.318462,1.943735,0,0,0,0
0.948963,-0.984058,0.365415,0.295040,-0.385006,0.358658,0.527407,1,0,0,0
0.916753,-0.219307,0.108854,0.706486,0.107681,0.252837,1.106488,0,0,1,0
0.664348,-0.182008,0.047950,0.474095,1.410189,-0.716352,1.749987,1,0,0,0
0.993357,-0.318057,-0.051342,0.165261,-0.267394,0.281582,1.155130,0,0,0,0
0.862924,-0.181115,-0.183171,0.267766,-0.066909,0.268626,0.235463,1,0,0,0
0.819770,-0.594568,0.050916,0.990747,0.110747,-0.410781,1.855497,0,0,0,0
0.784687,-0.296172,-0.059625,0.735993,0.383488,-0.125053,0.376515,0,1,0,1
0.910990,-0.340170,-0.219795,0.465758,-0.087879,-0.279377,1.952187,0,0,0,0
0.707970,-0.481575,0.289950,-0.124490,1.008212,-0.263024,-0.030358,0,0,0,1
0.928862,-0.459481,-0.755514,-0.077833,0.514716,0.131718,1.073075,0,1,0,0
0.950940,-0.567969,-1.070495,-0.281367,0.233195,0.322695,1.791098,0,0,0,1
0.979130,-0.058446,-0.186308,-0.012208,-0.198978,0.092174,1.019233,0,0,0,0
0.716207,0.268765,-0.231399,-0.377174,0.176344,-0.300962,0.100442,0,0,0,1
0.948317,-0.220457,0.132162,-0.425795,-0.210812,0.616774,1.792127,0,0,0,0
0.614643,0.180626,0.040096,-0.123143,0.817710,0.170305,0.199949,1,0,1,0
1.044546,-0.260346,-0.158115,0.269139,0.358462,-0.249447,2.104401,0,0,0,0
0.802070,-0.200226,0.314441,0.011544,0.108137,0.410255,0.597630,0,0,1,0
0.846086,-0.374024,0.318565,0.961402,0.413926,-0.308657,1.110380,1,0,0,0
0.479564,0.039604,-0.198981,-0.184799,0.851551,0.112611,1.539090,0,0,1,0
1.022647,-0.261049,0.011770,0.057813,-0.150662,0.511428,1.382822,0,0,0,0
0.769790,0.216901,0.062537,-0.305012,0.188441,0.300483,0.249029,0,0,1,0
0.870167,-0.084259,-0.294101,0.469232,-0.401061,0.133485,1.966718,0,0,0,0
0.854372,0.207244,-0.269768,-0.376915,-0.203674,0.162921,0.371159,0,1,0,1
1.008909,-0.253344,-0.275587,-0.030838,-0.103946,0.107913,2.031564,0,0,0,0
0.846952,0.154258,-0.252135,-0.492085,-0.012136,-0.086830,0.232319,0,1,0,0
0.868488,-0.579057,-0.132231,0.485932,0.055554,-0.424529,1.286956,0,0,0,1
0.520942,-0.206718,-0.489888,-0.066281,0.438420,0.612322,1.571103,0,1,0,0
1.057263,-0.227386,-0.194157,0.489469,-0.194517,-0.008415,1.200597,0,0,0,0
0.876942,-0.125100,-0.362912,-0.204048,-0.365677,0.444062,0.538885,0,1,0,0
0.878892,-0.374371,-0.048545,0.682181,0.406174,0.810550,1.936013,0,0,0,0
0.853386,-0.157328,-0.252163,0.513144,0.139601,0.507937,0.489426,1,0,1,0
0.981880,-0.744565,0.264206,0.361097,0.953749,0.490681,1.707837,0,0,0,1
0.857470,-0.390535,0.113185,0.733090,0.545891,0.187868,1.599494,0,1,0,0
0.837499,-0.601178,0.049342,0.785691,0.776002,-0.450334,1.681087,0,0,1,0
0.851177,-0.547386,0.216169,0.427073,0.914584,0.777217,1.413011,1,0,0,1
1.002692,-0.310348,0.176207,0.005767,0.566864,0.634993,1.456353,0,1,0,0
0.945272,-0.466174,0.298255,0.058212,0.850359,-0.139675,1.364475,0,0,1,0
0.877045,-0.277418,0.454043,0.123411,0.882973,0.406105,1.426747,1,0,0,0
0.843288,-0.634804,0.406682,0.435876,1.408696,0.284974,1.424258,0,1,1,0
0.907864,-0.394433,0.064142,-0.300135,0.597874,0.773438,1.156156,1,0,0,0
0.812291,-0.586009,0.229692,0.111166,1.208473,-0.000973,1.269004,0,0,0,1
0.845026,-0.592293,0.089988,0.134718,1.294834,-0.237204,1.200528,0,0,1,0
0.804381,-0.549288,-0.376120,-0.498589,0.892085,0.827132,0.860059,0,1,0,1
1.104023,-0.622376,-1.027068,-0.424901,0.166102,0.223694,1.164807,1,0,0,0
1.112892,-0.639741,-1.038464,-0.571776,0.020903,0.365539,0.844449,0,0,1,0
1.002822,-0.646085,-0.484086,-0.037345,0.459678,-0.279966,0.681008,0,1,0,0
1.014672,-1.640793,-0.636269,0.956685,0.328333,-0.250512,0.895449,1,0,0,1
0.636801,-2.307364,-0.025414,1.863033,1.036381,0.077827,1.626564,0,0,0,0
0.120623,-2.248457,0.714857,2.646219,1.110500,-0.213043,0.605038,0,0,0,0
-0.068129,-2.775591,0.424496,2.774349,1.431799,-0.161704,0.567758,0,0,0,0
-0.102717,-2.984445,0.175923,2.479133,0.681725,-0.037168,0.648463,0,0,0,0
-0.112109,-2.927620,0.183749,2.269680,0.622198,0.018403,0.614071,0,0,0,0
-0.193821,-3.257938,0.267187,2.531063,0.279556,-0.300842,0.483663,0,0,0,0
-0.235460,-3.293240,0.195874,2.819462,1.108019,-0.025450,0.456138,0,0,0,0
-0.235015,-3.068927,0.216546,2.643991,0.811266,-0.475746,0.473501,1,0,0,1
0.150159,-1.933716,0.565900,2.732177,1.654980,-0.641093,0.799310,0,0,0,0
0.066406,-2.898749,0.637703,3.407729,1.062047,-0.304350,0.314363,0,0,0,0
-1.018251,-3.092684,0.833977,1.220680,2.521431,-0.540230,-1.370955,0,0,1,0
0.715332,-0.176340,-0.609608,-0.187129,0.920810,3.595392,0.296962,1,1,0,0
0.843938,0.114482,-1.188075,-1.103605,-0.125912,-0.021089,1.057539,0,0,0,0
0.438688,-0.411477,0.270858,0.586813,0.852591,0.064454,0.324225,0,0,1,0
0.692642,-0.764502,-0.844589,0.986942,-0.233115,-0.889442,0.376854,0,0,0,0
0.362917,-1.591231,-0.165708,1.740798,-0.011408,-0.374327,0.298582,0,1,0,1
0.706574,-1.964535,0.036524,1.706356,0.696458,0.140746,1.901544,0,0,0,0
0.454125,-3.010020,-0.913847,1.059293,-0.060934,-0.011923,0.132594,0,0,0,0
-0.719946,-1.054542,-1.176474,1.153413,-0.417752,-0.712181,-1.422844,0,0,0,0
-1.815092,-0.229044,0.375663,-1.095473,-1.484313,-0.678972,-1.584053,0,0,0,0
-1.031938,0.235381,-0.499982,0.957341,-0.202072,-0.569154,-0.739837,0,0,0,0
-1.231912,0.831379,0.411889,0.538586,-0.240163,6.382815,-1.306591,1,0,0,0
-0.193642,-0.512359,-2.127668,2.540289,-0.997177,0.346807,-0.511243,0,0,0,0
-0.358959,-0.809344,-2.712713,2.070210,-1.481999,-0.428910,-0.790988,0,0,0,1
0.617633,0.189468,-0.423918,-0.420643,-0.237685,7.985967,-0.017261,0,0,0,0
0.101064,-0.338386,-2.037043,-0.596243,-2.446400,-0.946704,-0.624031,0,0,1,0
0.512120,-0.188185,-2.771835,-2.200096,-2.196296,0.048160,-0.008625,1,0,0,0
-0.074865,0.452473,-1.443065,-0.899479,0.128666,-0.477753,-1.246472,0,0,0,1
0.151869,0.418897,-1.096017,0.934088,-0.575081,-0.791120,0.075887,0,1,0,0
0.222048,1.196897,-1.344127,0.497816,-1.549278,-0.130723,-0.162627,1,0,1,1
0.696592,-1.097331,0.526938,0.234784,0.684735,-0.476271,1.744642,0,0,0,0
0.823088,-0.514122,0.182895,0.551179,0.888144,0.648531,0.464879,0,0,0,0
0.841390,-0.415564,0.073822,0.611000,0.992575,0.370904,0.676899,0,0,0,0
0.761447,-0.523786,0.118811,0.662482,0.916938,0.023493,0.588509,0,1,0,0
0.550317,0.546825,-1.390652,1.336046,0.290617,-0.414134,1.441055,0,0,1,0
0.368505,1.266155,-1.155158,0.618447,0.256876,-0.594448,0.734484,1,0,0,1
0.150587,0.315808,-1.780176,-0.018607,-0.183763,0.975986,0.731996,0,0,0,0
0.002288,-0.493528,-1.910504,-1.772829,0.835778,1.382338,-0.488552,0,0,0,0
-0.075143,0.208185,-2.945273,-0.894954,0.143332,0.334042,-0.845897,0,0,0,0
0.019172,0.614665,-3.094395,-1.014726,-0.297246,1.157789,-0.768813,1,1,1,0
0.859212,-0.787431,-0.117752,-1.013964,0.266079,0.704860,2.014572,0,0,0,0
0.939598,-0.388954,-0.436930,-0.030423,0.937484,0.865478,0.767793,0,0,0,0
0.832446,-0.300507,-0.367810,0.587780,0.510352,0.587082,0.252986,0,0,0,0
0.760724,-0.654931,-0.309080,0.461007,0.935114,0.220636,0.517847,0,0,0,1
-0.261488,-0.051535,0.717906,1.439197,1.782459,-0.535342,1.406759,0,0,1,0
-0.582297,0.137964,0.129224,0.816504,1.850925,-1.052816,-0.689134,0,1,0,0
0.795654,-0.882207,0.371948,-0.551535,-0.251934,-0.679560,1.488037,0,0,1,0
0.957351,-0.284483,0.051531,0.427646,0.163585,-0.076561,1.059660,1,1,0,1
0.698789,-1.292994,0.160142,0.056337,0.998632,-0.367486,1.227608,0,0,0,0
0.919871,-0.612162,-0.012616,0.532365,0.961931,-0.396559,0.630841,0,0,0,0
0.425412,-0.257825,0.108505,0.486362,1.231315,-0.353705,0.152983,0,1,0,1
0.445181,-0.256978,-0.138595,0.726670,0.894793,-0.637126,1.563581,0,0,0,0
0.846506,-0.434682,0.031243,0.649898,0.871887,-0.029300,0.299690,0,0,1,0
0.317559,-0.267161,0.071464,1.079490,1.428980,-0.114393,0.752808,0,1,0,1
0.435016,-0.385295,-0.112410,0.108616,0.820704,-0.947141,0.928042,0,0,0,0
0.038076,-0.392282,0.082512,1.166886,1.907697,-0.130687,-0.255173,1,0,1,1
0.452210,-1.422796,-0.576172,0.399154,0.786653,-0.389382,1.470402,0,1,0,0
0.515260,-0.109176,0.452708,0.569083,1.182552,0.331570,0.354446,0,0,0,0
-0.412512,-0.156486,-1.137393,1.327599,1.267885,-0.820939,-1.092557,1,0,1,0
0.684870,-0.584046,-0.030590,0.497435,0.450651,-0.665374,1.744102,0,0,0,0
0.836867,-0.592706,-0.083243,0.277597,0.569317,0.301751,0.250522,0,0,0,0
0.241766,-0.009069,0.621668,0.562701,1.426619,0.228123,0.089197,1,0,1,0
-0.105218,0.213300,0.217737,1.392850,1.379412,-1.066745,1.879712,0,0,0,1
-0.281817,-0.535562,0.117467,0.949046,1.230576,-0.846304,1.125376,0,1,0,0
0.490273,-1.557048,-1.255049,1.017132,0.835866,-0.171887,1.297084,0,0,0,0
-0.657194,-0.798129,-0.557775,0.542617,0.777101,-0.679184,-0.818960,0,0,1,0
0.273809,-3.271968,-1.614600,-0.030058,-0.007348,0.049035,-0.255902,0,0,0,0
0.078649,-0.652828,-2.670386,-0.324338,-2.467943,-0.174693,-0.198946,1,1,0,1
0.664672,-1.189653,0.318351,0.166684,0.582614,0.072965,1.787094,0,0,0,0
0.868502,-0.734719,-0.046750,0.766055,1.101159,0.371262,0.421366,0,0,1,0
0.951976,-0.381646,-0.056040,0.480495,-0.129655,-0.308029,1.065028,0,0,0,0
0.784095,-0.327457,0.038912,0.323920,0.739780,-0.078826,0.352651,1,1,1,0
0.870190,-1.211095,0.077618,0.685058,0.912194,-0.279877,1.728849,0,0,0,0
1.009881,-0.226243,-0.086319,1.233927,0.733326,0.319508,0.815486,0,0,0,0
0.775040,-0.279864,0.255545,0.469577,0.844095,0.264507,0.694202,1,1,1,0
0.877102,-1.215917,0.303306,0.904865,0.583881,-0.281377,1.687151,0,0,0,0
0.922183,-0.635034,-0.182828,0.913232,0.806142,0.306630,0.875448,0,0,0,0
0.799589,-0.477118,-0.012487,0.320060,0.929828,0.337382,0.638418,1,1,1,0
0.843599,-1.137433,-0.005000,0.864553,0.735873,-0.291583,1.528416,0,0,0,0
0.992922,-0.434191,-0.300058,0.935993,0.720859,0.054059,0.878321,1,0,0,1
0.274709,-1.477282,-0.166043,0.909756,1.869613,-0.926292,1.627318,0,0,0,0
0.406806,-1.435088,0.371456,0.731251,0.520046,0.666591,-0.145006,0,0,1,0
0.209336,-1.247609,-0.671048,0.171204,-0.329305,-0.183490,-1.006187,0,0,0,0
-0.118429,-1.690612,-0.729313,-0.279196,-0.478865,-0.212921,-1.542136,1,1,0,1
0.662470,-1.234488,0.518217,0.487874,0.883166,-0.393801,1.934450,0,0,0,0
0.855419,-0.447852,0.014481,0.545673,0.652071,-0.047240,0.673913,0,0,1,0
0.781317,0.338110,-1.067514,1.555262,-0.592172,0.091615,0.790175,0,0,0,1
0.668207,0.685169,-1.324652,1.212944,-0.986710,-0.520132,0.338789,1,1,0,0
0.893952,0.220924,-0.298576,-0.429261,-0.038088,0.052973,1.214321,0,0,1,0
-0.288801,0.160882,-0.809082,-0.849392,0.563724,-0.700431,-0.657774,0,0,0,1
0.573858,0.773403,-1.430290,-0.378262,-0.848350,-0.378423,-0.079238,1,0,0,0
0.254536,1.320250,-0.359032,-0.210686,0.810585,-0.675448,-0.121556,0,0,1,0
0.592267,0.963074,-1.621632,1.055523,-1.244376,-0.240235,0.675546,0,1,0,0
0.729315,0.304369,-1.382137,1.497853,-0.882530,-0.637160,0.522087,1,0,1,1
0.606847,-1.346277,0.421058,0.213329,0.897360,-0.604255,1.698374,0,0,0,0
0.823682,-0.508169,0.040699,0.595498,0.854001,1.054188,0.681306,0,0,0,0
0.811406,-0.375266,0.133678,0.681693,0.893943,-0.041880,0.665283,0,0,0,0
0.761375,-0.484618,-0.058875,0.251230,0.930483,0.061540,0.584038,0,1,0,0
0.212360,0.175994,-1.110517,1.220318,0.471904,-0.793234,1.497542,0,0,1,0
0.053155,0.336078,-1.521145,1.085106,0.613546,-0.595730,0.825981,1,0,0,0
-0.332272,-0.618715,-1.865999,1.119822,0.404307,-0.714632,-0.761177,0,1,0,0
-0.405095,-1.115297,-1.902990,0.737981,1.147566,-0.895200,-1.377493,0,0,0,1
-0.383068,-0.636373,-1.855529,0.055187,-1.334674,-0.639647,-1.584743,0,0,1,0
-0.917653,-1.388478,-2.666969,0.585113,0.374673,-1.315852,-1.768389,1,1,0,0
1.134749,0.136783,-0.482647,-0.617774,-0.988950,1.470491,0.745581,0,0,0,1
0.900240,-0.094597,0.037930,0.531327,0.034004,-0.136421,1.328254,1,0,0,0
0.909117,-0.268969,-0.012339,0.250192,-0.056822,-0.667079,1.679128,0,0,1,0
0.884696,-0.317629,-0.009382,0.422803,-0.140434,-0.415984,0.875830,0,0,0,0
-0.299964,0.428962,-1.192222,0.866337,1.155351,-0.699622,-0.124509,0,0,0,0
-0.571054,-0.080064,-1.035575,0.790227,0.941528,-0.840375,-1.217914,0,0,1,0
0.555658,0.230499,-0.406688,-0.191908,-1.273638,0.058232,0.195523,0,1,0,0
0.681149,0.029960,-1.051874,0.908001,-0.545198,0.166082,0.014974,1,0,1,1
0.714280,-0.871508,0.747233,0.548046,1.339002,0.337894,1.620934,0,0,0,0
0.909248,-0.530464,-0.123450,0.183873,0.667153,0.487727,0.925801,0,0,0,0
0.836803,-0.391489,0.102522,0.440553,0.867989,0.049715,0.231247,0,0,0,0
0.861777,-0.436823,0.023171,0.527287,0.532494,0.019698,0.412838,0,0,0,0
0.011632,-0.481754,0.096777,0.855933,0.686511,-0.920428,-0.555916,0,0,0,0
-0.467737,-1.504497,0.535454,-1.069610,1.259365,0.565497,-1.401168,1,1,0,1
0.646256,-1.058096,0.854983,0.649917,1.540425,-0.112278,1.784406,0,0,0,0
0.875924,-0.387652,0.212669,0.921524,0.568108,1.045493,0.753246,0,0,0,0
0.852592,-0.402290,0.256539,0.471787,0.748074,0.335399,0.507311,0,0,0,0
0.843969,-0.386692,0.032583,0.467084,1.011653,-0.288601,0.541979,0,0,0,0
0.037918,-0.837924,-0.103581,0.990395,1.165537,-0.838071,-0.201525,0,0,0,0
-0.552764,-1.295268,0.491340,-0.423338,1.669729,0.440057,-1.586075,1,1,1,0
0.686369,-1.069389,0.905992,0.703302,1.419742,-0.459496,1.846856,0,0,0,0
0.826223,-0.475995,0.119243,0.494490,1.079510,0.216250,0.915013,0,0,0,0
0.894269,-0.366310,0.010312,0.302058,0.743048,-0.073374,0.604192,0,0,0,0
0.820693,-0.478285,0.301081,0.862865,1.103234,-0.000631,0.591345,0,0,0,0
0.874576,-0.485922,0.033865,0.664041,1.105401,-0.405072,0.513837,0,0,0,0
0.831098,-0.462212,0.264328,0.434287,0.701715,0.022178,0.440998,0,0,0,0
0.673735,0.229383,-0.844537,1.099862,0.840385,-0.062514,0.246938,0,0,0,0
0.539226,0.819048,-0.828839,-0.791162,1.342683,0.373541,-0.246831,1,1,1,0
1.150269,0.165238,-0.411549,-0.580704,-0.002016,1.691004,1.109662,0,0,0,0
0.442608,-0.360638,-2.276450,-1.077698,-0.554581,-0.586173,0.191755,0,0,0,0
0.195968,-0.611241,-2.761500,-1.260357,-1.488079,-0.288891,-0.272250,0,0,0,0
0.095477,-0.328309,-2.993101,-1.817556,-2.081720,0.469391,-0.688483,0,1,0,1
0.730519,-0.892244,0.223332,-0.612160,0.615659,-0.388203,1.815757,0,0,0,0
0.680274,-0.077342,-0.237724,-0.095404,0.415472,0.243654,-0.158860,1,0,0,0
0.681252,0.451351,-1.147802,-0.267353,-0.801894,-0.621367,-0.325664,0,0,1,0
0.615330,0.567663,-1.961128,-0.082310,-1.123249,-0.084710,-0.418978,1,0,0,0
0.631305,0.159366,-2.138998,1.223439,-0.696338,-0.548544,-0.079810,0,0,0,0
0.624591,0.083582,-1.379462,1.218128,-0.178865,0.437440,-0.122957,0,1,0,0
0.838430,-0.532688,-0.656736,0.068101,0.172584,-0.276108,-0.098963,0,0,0,0
0.836861,-0.453826,-0.532835,-0.094770,-0.020201,0.177017,0.135985,0,0,1,1
0.280361,1.077673,-0.183129,0.949808,1.285546,-0.212780,1.902590,1,0,0,0
0.530983,0.715209,0.143594,-0.028138,1.129033,2.687018,0.900462,0,0,0,1
0.771191,0.079150,-0.300055,0.808459,0.161153,-0.507366,0.706024,1,0,0,0
0.314645,-0.011280,-0.307372,-0.318878,1.505753,0.461956,0.955426,0,1,1,1
0.959014,-0.762315,0.289298,0.172878,0.901460,-0.298843,0.977382,0,0,0,0
0.865735,-0.296814,0.311279,0.714208,1.226211,-0.029693,1.079711,1,0,0,0
0.902608,-0.368977,-0.093808,0.803250,1.113921,-0.106566,0.913671,0,1,0,0
0.845809,-0.413404,-0.087201,0.872034,1.425575,-0.232468,0.809905,0,0,1,0
0.926674,0.349343,-0.862615,-1.567833,-0.092742,4.931660,1.415228,0,0,0,1
0.412688,0.421644,-2.198725,-0.440721,-1.302678,0.327041,-0.182556,1,1,0,0
0.798893,0.044802,-0.979068,-0.916946,0.246571,0.297784,1.758627,0,0,1,0
0.845293,-0.206308,0.003532,0.547352,0.862046,-0.177950,0.922033,0,0,0,1
0.001070,0.448676,-1.625275,0.994310,-1.273409,-1.017556,0.534896,0,1,0,0
-0.000039,0.190614,-1.726944,0.462830,-2.185487,-0.696110,-0.191539,1,0,1,1
0.638494,-1.200610,0.640046,0.107075,0.650337,-0.542553,1.764412,0,0,0,0
0.840004,-0.201716,-0.079122,0.626620,0.697797,0.131336,0.555922,0,0,0,0
0.809348,-0.396548,0.111945,0.379321,0.697937,0.297564,0.615519,0,0,0,0
0.839774,-0.397622,-0.095203,0.559749,1.162277,-0.191082,0.588193,0,1,0,0
0.613515,0.542199,-1.199444,1.189260,0.066452,0.207916,1.208059,1,0,0,0
0.379896,1.249817,-1.429726,0.659184,0.517302,-0.177473,0.951734,0,0,0,1
0.023784,0.124039,-0.344028,-0.160233,-0.312835,-0.291232,0.457493,0,0,0,0
-0.741047,-0.841368,0.094090,-1.657212,1.577098,-0.920089,-1.410365,0,0,1,0
-0.830114,-0.213550,1.261635,-1.444418,0.262466,-1.047304,-0.897417,0,0,0,0
-1.154283,-0.160825,0.941770,-1.306372,0.643401,-0.400141,-0.865556,1,1,0,1
0.877758,-0.689406,0.044260,-0.918671,0.229904,1.387690,2.112656,0,0,0,0
0.954426,-0.180544,-0.349065,-0.148360,0.440689,0.797604,0.860619,0,0,0,0
0.855695,-0.419809,0.041218,0.562369,0.605464,0.426007,0.584449,0,0,0,0
0.821444,-0.601747,-0.136960,0.567172,0.793091,-0.291383,0.685448,0,0,1,0
-0.302383,-0.513512,0.197183,1.283913,1.774534,-0.470128,1.004718,0,1,0,0
-0.489312,0.222383,0.008439,0.763289,1.738778,-1.044342,-0.626988,1,0,0,1
0.751270,-0.922127,0.542486,-0.211510,0.105614,-0.757038,1.438706,0,0,0,0
0.958560,-0.253897,0.092703,0.534376,0.304663,0.528613,0.538803,1,0,1,1
0.694856,-1.197537,0.505285,0.203343,0.831300,-0.348103,1.466578,0,0,0,0
0.819921,-0.616638,0.124413,0.455248,0.678957,0.053765,0.310092,0,0,0,0
0.818864,-0.556957,0.019807,0.484604,0.899039,0.334116,0.212025,0,0,0,0
0.888892,-0.290821,0.053298,0.263903,0.763387,-0.136077,0.257869,1,0,0,1
0.507779,-0.281232,0.052720,0.208981,1.041205,-0.276370,1.504136,0,0,1,0
0.861949,-0.202578,0.042403,0.758039,0.733734,-0.548297,0.441652,0,0,0,0
0.843621,-0.424922,0.194238,0.696518,0.917964,-0.258062,0.474303,0,0,0,0
0.840579,-0.238708,0.189675,0.396418,0.720780,-0.317057,0.181901,0,1,1,1
0.838483,-0.142969,0.132972,0.096466,0.734534,1.982270,1.755515,1,0,0,0
0.564505,-0.122068,0.440043,0.627969,1.286622,0.136066,0.309536,0,0,0,0
-0.413672,-0.082538,-1.054080,1.202328,1.190685,-0.811457,-0.970046,0,1,1,0
0.602116,-0.435209,0.000849,1.135539,0.364908,-0.596273,1.960446,0,0,0,0
0.811660,-0.228065,0.376816,0.650792,0.914070,0.135473,0.616713,0,0,0,0
0.868247,-0.344066,0.134101,0.454880,0.830040,-0.018042,0.596041,0,1,1,0
-0.139660,0.140033,0.230980,1.088472,1.294719,-1.032600,1.605594,0,0,0,1
0.157528,-0.082621,0.577954,0.391768,1.145599,0.035756,-0.016415,1,0,0,0
0.510488,-1.438652,-1.060255,1.123086,0.650406,-0.498277,1.625631,0,0,0,0
-0.650918,-0.794979,-0.628809,0.585058,0.896831,-0.707342,-0.710933,0,0,0,1
0.178327,-3.408598,-1.598841,0.555333,0.585889,-0.086792,-0.238347,0,0,0,0
-0.934859,-1.575434,-1.024387,-0.570622,0.445511,-0.743228,-1.549897,1,1,1,0
0.661981,-1.229051,0.426890,0.147823,0.782246,0.600165,1.537940,0,0,0,0
0.791801,-0.744174,0.115578,0.565210,1.055690,0.157079,0.271072,0,0,0,0
0.849083,-0.529388,-0.021435,0.411685,0.653494,-0.279442,0.454880,0,0,0,0
0.922162,-0.268695,-0.174604,0.626316,0.343142,0.427730,0.729648,0,1,1,1
0.817437,-1.333168,0.177795,0.897340,0.688498,0.152486,1.688896,0,0,0,0
0.903557,-0.619265,-0.040985,0.840634,0.661348,-0.005278,0.707134,0,0,0,0
0.815942,-0.404765,-0.089778,0.250829,0.898103,0.013258,0.648504,0,1,1,1
0.884669,-1.215598,0.162502,0.687576,0.822660,-0.422374,1.728160,0,0,0,0
0.929626,-0.545792,-0.275870,0.680609,0.383436,0.267030,0.959537,0,0,0,0
0.779363,-0.527634,-0.032208,0.522755,0.510440,-0.064401,0.581530,0,1,1,1
0.877810,-1.170072,-0.046368,0.892626,0.618492,-0.213245,1.610294,0,0,0,0
0.956888,-0.475726,-0.347950,1.042898,0.610525,0.264402,0.738365,1,0,0,1
0.575643,-0.405395,0.340033,0.906036,0.254244,-0.619380,1.711862,0,0,0,0
0.395742,-1.490457,0.282633,0.676315,0.599324,0.907373,-0.183958,0,1,0,0
0.242036,-1.069224,-0.608787,0.166110,-0.334863,-0.280478,-1.008450,0,0,0,0
-0.119595,-1.795612,-0.606767,-0.459959,-0.374291,0.142968,-1.542823,1,0,1,1
0.634219,-1.315892,0.557893,0.509201,0.996223,-0.020002,1.880003,0,0,0,0
0.891159,-0.427425,-0.034772,0.364930,0.521325,1.421532,0.605206,0,1,0,0
0.728622,0.178210,-1.368021,1.632275,-0.282135,0.249070,0.596982,0,0,1,0
0.657590,0.445672,-1.516800,1.057383,-0.528545,-0.171202,0.256946,1,0,0,1
0.838042,0.150854,0.001729,-0.401820,-0.068153,2.214792,1.260425,0,1,0,0
-0.226254,0.046387,-0.858122,-0.869433,0.365522,-0.692447,-0.630976,0,0,1,0
0.564838,1.032696,-1.156143,-0.390481,-0.507343,-0.154051,0.057808,1,0,0,0
0.319720,1.290557,-0.524274,-0.342050,0.837425,-0.911564,-0.226259,0,0,0,1
0.643205,0.655564,-1.541976,0.907163,-0.779881,0.034436,0.458522,0,0,1,0
0.756261,0.002792,-1.170230,0.809321,-0.625186,-0.181187,0.313715,1,1,0,1
0.711446,-0.849262,0.553060,-0.069795,0.720647,-0.432415,1.670599,0,0,0,0
0.914459,-0.373900,-0.009623,0.339190,1.020159,0.241383,0.534835,0,0,0,0
0.894063,-0.297061,-0.010026,0.346991,0.941872,-0.132227,0.632060,0,0,0,0
0.832562,-0.442639,-0.100366,0.181462,0.545721,0.065212,0.630974,0,0,1,0
0.326303,0.334054,-1.198566,0.949800,0.023129,-0.774370,1.497571,0,1,0,0
0.162629,0.336824,-1.284199,0.619314,-0.014939,0.034100,0.908939,1,0,0,0
0.025110,-0.295038,-1.607324,0.210550,-0.432539,-0.294637,-0.620095,0,0,0,1
0.031005,-0.203875,-1.597306,0.039345,-0.745615,-0.718052,-1.151764,0,0,1,0
-0.118623,-0.267400,-1.949329,-0.402937,-1.336790,-0.358262,-1.307219,0,1,0,0
-0.221837,-0.815829,-2.442050,-1.297403,-1.908046,-0.552221,-1.354067,1,0,1,1
0.999270,-0.491957,0.366090,-0.073603,-0.186647,0.540560,1.992384,0,0,0,0
1.009718,-0.139492,-0.362026,-0.375529,-0.393676,0.337855,0.927197,0,0,0,0
0.926546,0.280503,-0.735658,0.316448,-0.741996,0.233718,0.763894,0,0,0,0
0.782114,0.333163,-0.340015,0.710740,-1.010822,-0.173208,0.638088,0,0,0,0
0.614089,0.539803,-0.371177,0.846604,0.677109,0.217335,0.370919,0,0,0,0
0.647261,0.544196,0.124913,0.531907,0.338237,0.018290,0.568522,0,0,1,0
0.909928,0.502268,-1.223401,0.419529,-0.331707,0.355432,0.892631,0,0,0,0
0.982076,-0.060310,-0.312808,-0.039474,-0.360522,0.135245,0.723773,1,1,0,0
0.978010,-0.743116,-0.023214,-0.151376,0.135872,0.253953,1.887640,0,0,1,0
0.907234,-0.499507,-0.234722,0.141108,-0.848898,0.004191,0.815715,0,0,0,1
0.908954,-0.361193,-0.001574,0.256989,0.188273,-0.693844,1.782592,1,0,0,0
0.950820,-0.448067,-0.242991,-0.140926,-0.389091,1.031701,0.512819,0,1,1,0
0.956558,-0.472480,0.180279,0.156205,0.101957,-0.090765,1.839304,0,0,0,1
1.036798,-0.215586,0.212808,-0.284515,-0.309657,0.146683,0.780184,1,0,0,0
0.925871,-0.301423,0.159690,-0.276342,0.229819,0.767463,1.633283,0,1,0,0
0.995555,-0.312056,-0.017534,-0.386825,0.234073,0.777396,0.537992,0,0,1,1
0.867775,-0.499271,-0.004539,-0.398145,0.748489,1.055521,1.459004,1,0,0,0
0.922518,-0.519544,-0.268925,-0.436068,0.809214,0.584250,1.199842,0,0,0,1
0.923429,-0.580689,-0.194391,-0.091439,1.185082,0.387782,1.442857,0,1,0,0
0.938994,-0.410716,-0.637669,-0.344099,0.997721,0.337247,1.132362,1,0,1,0
0.946615,-0.560151,-0.561496,-0.147015,0.854805,0.320958,1.212086,0,0,0,1
0.934873,-0.166956,-0.522047,0.279463,0.576713,0.108216,1.217531,1,0,0,0
0.995627,-0.532436,-0.572888,-0.066740,0.822595,0.103604,1.093114,0,1,0,0
1.058868,-0.611896,-0.106311,0.409957,0.936210,0.061993,1.343358,0,0,1,1
-1.256688,1.957477,1.085495,0.096540,2.584345,-1.159822,0.519908,0,0,0,0
-2.310099,0.748938,1.688312,-1.006249,3.423022,-0.333578,-0.817060,1,0,0,0
-1.046239,3.130764,1.380026,-0.892097,1.692351,-0.616827,-0.657079,0,0,1,0
-1.667703,1.874006,1.124453,-0.442062,3.385382,-0.984344,-0.922199,0,1,0,0
-1.252411,1.229222,-0.179967,0.990184,3.304002,-0.534971,-0.820652,1,0,0,0
-1.927032,1.389886,1.921843,0.773994,2.914220,-0.458258,-0.483116,0,0,0,1
-1.639987,1.056750,0.178369,1.257793,4.866446,-0.610982,-1.111970,0,0,0,0
-1.792910,1.724256,1.957943,1.334470,3.864298,-0.661602,-0.623983,0,1,1,0
0.834632,0.007043,-1.682567,0.388716,-0.188061,0.186535,0.337903,0,0,0,0
0.538491,-0.141088,-2.185640,-0.710975,-0.346650,0.001350,-0.569808,1,0,0,0
0.339310,0.262366,-1.435642,0.136256,0.096585,0.147288,-0.730701,0,0,0,0
0.395485,0.624057,-1.340155,0.090506,0.050908,0.152029,-0.338686,0,0,0,0
0.895032,0.181332,-0.993264,-1.082170,-1.205663,0.431776,0.369829,0,0,0,0
0.748011,0.416975,-2.270744,-0.925647,-0.627758,0.730241,-0.096884,0,0,0,0
0.804893,0.237214,-1.580784,0.016026,-1.190573,0.287680,0.358653,0,0,0,0
0.669268,-0.310200,-1.022781,0.435842,0.062945,-0.152526,-0.452494,0,1,1,1
0.855473,-0.823949,0.718470,0.235627,0.385095,-0.033268,1.935494,0,0,0,0
0.796053,-0.581177,0.182274,0.301160,0.056873,-0.425783,0.575324,0,1,0,0
0.905858,-0.415629,0.173910,0.452739,0.186727,-0.069897,1.019363,0,0,0,0
0.855680,-0.560043,-0.242276,0.102130,0.872098,-0.292340,0.753622,0,0,1,1
0.713123,-0.445556,0.191457,0.786240,0.529202,-0.805897,1.826631,0,0,0,0
0.820914,-0.422846,0.082920,0.435336,0.537811,0.642631,0.525631,0,0,0,1
0.904358,-0.372251,-0.145726,0.836901,0.738455,-0.391243,1.022433,0,0,0,0
0.837833,-0.430036,-0.041180,0.696668,0.903591,-0.091994,1.099405,1,1,0,0
0.478552,-0.541301,-0.058311,0.034409,0.822275,0.094830,1.571417,0,0,0,0
0.548044,-0.088468,-0.277449,-0.173575,0.349265,0.180395,-0.206465,0,0,1,0
0.874746,-0.161166,0.037715,-0.067032,-0.177329,-0.135033,1.110439,0,0,0,0
0.862435,-0.127746,0.247520,0.261200,0.094801,-0.240370,1.040890,1,0,0,1
0.561291,-0.337433,-0.061633,0.639726,0.657003,-0.624621,1.691906,0,0,0,0
0.672648,0.161883,0.174660,0.334911,0.741362,0.282063,0.458173,1,1,0,0
0.921398,-0.177171,0.065641,0.064202,-0.332222,-0.469831,0.983268,0,0,0,0
0.874377,-0.164694,-0.082209,-0.109697,-0.509886,-0.148249,0.979035,0,0,1,1
0.737821,-0.019520,0.069595,-0.338216,-0.681631,-0.166590,1.746305,0,0,0,0
0.757825,0.038996,0.053774,-0.374463,-0.966196,0.189709,0.451247,0,0,1,0
0.790780,-0.342031,-0.005765,-0.008236,0.175553,-0.514429,0.626599,0,0,0,0
1.024883,-0.254434,-0.585493,-0.014550,-0.308267,0.037953,0.953782,0,1,0,1
0.585611,-0.139877,-0.299129,0.457585,-0.001006,-0.675509,1.635260,0,0,0,0
0.604039,-0.002474,-0.212599,0.227065,0.564509,0.798053,0.136487,0,0,1,0
0.779354,-0.509394,0.222794,0.483723,0.121680,-0.101038,1.083793,0,0,0,0
0.730182,-0.330286,0.242384,0.125770,0.267295,-0.397571,1.075762,1,1,0,0
0.605215,-0.417546,0.230311,0.765954,0.573924,-0.467627,1.845002,0,0,0,0
0.487739,-0.199565,0.280550,0.232373,0.103855,0.106112,0.738845,0,0,0,1
0.834220,-0.484553,0.213669,0.937693,0.258127,0.164493,1.079599,0,0,0,0
0.819356,-0.641792,-0.020663,1.143341,0.568284,-0.177458,1.121277,0,1,0,1
0.429909,-0.594578,-0.247730,0.812347,0.352130,-0.195969,1.469645,0,0,0,0
0.789866,-1.346968,-0.139132,1.620900,-0.356739,0.491864,0.396985,1,0,0,0
0.846856,-0.527908,0.207436,0.856978,0.130353,0.009361,1.041722,0,0,0,0
0.764936,-0.623751,0.186741,0.837260,0.553889,-0.042792,1.060034,1,0,0,1
0.532885,-0.644460,0.277294,1.158707,0.533875,-0.683625,1.881390,0,0,0,0
0.672226,-0.470056,0.173819,0.942922,0.204447,0.686025,0.475746,0,1,0,0
0.756368,-0.454942,0.040630,0.130830,0.424327,-0.185170,0.372532,0,0,0,0
0.788048,-0.314856,0.247016,0.595387,0.349671,-0.458264,0.283019,0,0,1,1
0.737726,-0.125398,-0.235453,-0.205860,-0.750598,0.072397,1.826740,0,0,0,0
0.941752,-1.168115,0.244143,1.056091,-0.275082,0.652037,0.498532,0,0,1,0
0.938635,-0.446259,0.124892,0.923897,0.152414,0.042273,0.708659,0,0,0,0
0.856091,-0.413589,0.439528,1.033049,0.103866,-0.653390,0.560319,1,1,0,0
0.610017,-0.775724,0.191225,1.750233,0.473796,-0.256814,1.899851,0,0,0,0
0.557032,-0.070223,0.197651,0.039139,0.572161,0.570720,-0.087020,0,0,0,1
0.935753,-0.154069,-0.165899,-0.138823,-0.099129,-0.390811,0.736560,0,0,0,0
0.928962,0.033871,0.051885,-0.098190,-0.568929,-0.579012,0.516648,1,0,1,0
0.485457,-0.208275,-0.218186,0.421242,0.401323,-0.156661,1.695585,0,0,0,0
0.533171,0.085757,0.211913,0.020645,0.521791,0.279383,-0.228701,0,1,1,0
0.834609,-0.307647,0.181443,0.291297,0.045757,-0.001923,0.719338,0,0,0,0
0.839450,-0.144295,0.031559,0.433544,-0.143735,-0.296885,0.700433,0,1,0,1
0.537983,0.001124,0.226337,0.277196,-0.715667,-0.302396,1.766220,0,0,0,0
0.722137,0.072900,0.399713,0.239674,0.046294,0.338582,0.520441,1,0,0,0
0.877827,-0.118577,0.235442,0.299312,-0.098434,-0.262082,0.729322,0,0,0,0
0.801669,-0.243547,0.450719,0.548032,0.118619,-0.052484,0.783322,0,0,1,1
0.543410,-0.299941,0.248217,0.714773,0.160218,-0.381811,1.769553,0,0,0,0
0.482560,0.050647,0.136017,-0.037622,0.464985,0.339639,-0.305357,1,0,0,0
0.818638,-0.529863,-0.016929,0.233045,0.458135,-0.245519,0.532018,0,0,0,0
0.934872,-0.496523,-0.504871,0.120433,0.578674,-0.079631,0.526367,0,1,1,0
0.857285,-0.537463,-0.771834,0.073938,0.446447,-0.201265,1.759477,0,0,0,0
0.832605,-0.369082,-0.757427,0.193879,0.484168,-0.093241,0.202784,0,0,0,1
0.769066,-0.402129,-0.068563,0.127104,0.384448,0.024016,0.620080,0,0,0,0
0.826545,-0.400358,-0.108808,0.186831,0.294749,-0.153759,0.828002,1,1,0,0
0.693804,-0.475465,-0.050231,0.580600,0.481775,-0.202233,1.679281,0,0,0,0
0.516290,-0.384965,-0.181367,0.823483,0.650785,0.605879,0.046810,0,0,1,0
0.912421,-0.342440,0.085423,0.566553,-0.547002,0.059647,0.974794,0,0,0,0
0.744326,-0.500202,0.146718,0.253747,0.545408,-0.322540,0.686951,1,0,0,1
0.736603,-0.018917,-0.070025,-0.342747,-0.263350,-0.411007,1.801711,0,0,0,0
0.809722,0.002154,-0.104756,-0.125073,-0.501550,0.274631,0.577959,1,0,0,0
0.929938,-1.250345,0.625626,0.432796,-0.141362,-0.062355,1.087802,0,0,0,0
0.905761,-1.246281,0.724236,0.065308,-0.429692,0.155194,1.088294,0,0,1,1
0.716253,-0.641033,-0.024064,0.561125,0.001029,-0.001444,1.676831,0,0,0,0
0.915645,-0.546056,-0.438749,0.102173,0.011279,-0.039323,0.329347,0,0,1,0
0.812777,-0.401671,0.298655,0.731587,0.637314,0.226050,0.958169,0,0,0,0
0.793945,-0.231614,0.579883,0.648050,0.089235,-0.109297,1.122969,1,1,0,0
0.524327,-0.688021,0.907925,0.984139,0.247864,-0.899934,1.679567,0,0,0,0
0.499643,0.074508,0.336337,0.065940,0.337273,0.387287,-0.253392,0,0,0,1
0.946554,-0.268055,0.207014,0.602909,0.100470,-0.057148,1.048793,0,0,0,0
0.875404,-0.219916,0.092597,0.762003,-0.203867,-0.103704,1.023336,1,1,0,0
0.540713,-0.141061,0.111624,1.048762,0.600108,-0.345690,1.727226,0,0,0,0
0.522919,0.069944,0.213974,0.598593,1.143177,-0.030909,0.760378,1,0,1,0
0.879767,-0.199743,0.090150,0.490056,0.002727,0.370875,1.013958,0,0,0,0
0.836985,-0.085710,0.393078,0.591621,0.111763,-0.578637,1.036303,0,1,0,1
0.528140,-0.159812,0.694624,0.634546,-0.447473,-0.626299,1.825914,0,0,0,0
0.639979,0.095130,0.329207,0.091281,0.003867,-0.274801,0.090834,0,1,0,0
0.985460,-0.231134,-0.621544,-0.218264,-0.078651,0.177030,0.821653,0,0,0,0
1.078204,-0.567674,-0.544329,0.429337,0.062722,0.190515,0.919671,0,0,1,1
0.526445,-0.611627,-0.710628,0.203048,0.496239,-0.177495,1.507057,0,0,0,0
0.745163,-1.487677,0.798159,-0.047142,-0.510277,-0.021682,0.449687,0,1,0,0
0.960499,-0.246087,-0.333125,0.010588,0.661555,0.665194,1.036728,0,0,0,0
0.730562,-0.253155,0.192371,0.510236,0.525683,-0.396375,0.668814,1,0,0,1
0.741241,-1.060434,0.467275,1.744757,-0.278038,-0.609581,1.851592,0,0,0,0
0.588897,-0.159809,0.580884,0.391307,0.816462,0.005819,0.086609,1,0,0,0
0.936107,-0.147928,-0.003112,-0.074314,0.155824,0.135573,0.756122,0,0,0,0
0.892889,0.021526,-0.169252,-0.055422,-0.205397,-0.150303,0.566220,0,1,1,0
0.730895,-0.079189,-0.991171,-0.422535,-0.247084,0.233722,1.751088,0,0,0,0
0.515756,0.067060,0.038899,0.354511,0.636910,0.938923,-0.201363,0,1,0,1
0.898304,-0.228049,0.258523,0.358753,-0.504824,-0.229432,1.017545,0,0,0,0
0.878322,-0.193036,0.392862,0.352429,-0.539419,-0.503556,0.649091,1,0,0,1
0.588395,-0.072819,0.622589,0.101857,-0.551917,-0.122879,1.820379,0,0,0,0
0.730484,-0.140554,0.369064,0.359306,-0.457491,0.050432,0.289812,0,1,0,0
0.891816,-0.137974,0.275570,0.156233,-0.478693,-0.317883,0.699484,0,0,0,0
0.964556,-0.880016,0.100892,0.863807,-0.220637,-0.240696,0.488779,0,0,1,1
0.675731,-0.249970,0.371364,0.510730,-0.757375,-0.184975,1.938588,0,0,0,0
0.598203,-0.031202,-0.087156,0.096674,0.360145,0.091903,-0.246462,1,0,0,0
0.923635,-0.590221,0.232643,0.600121,0.144172,-0.207291,0.629785,0,0,0,0
0.911627,-0.501849,0.261413,0.507056,0.059532,-0.154908,0.434139,1,0,0,1
0.209313,-0.486620,0.250103,0.281040,0.252177,-0.508819,1.625572,0,0,0,0
0.518327,-0.177023,0.262285,0.082410,0.545135,0.704411,-0.052100,0,1,0,0
0.976241,-0.230516,0.123771,0.798577,0.438921,-0.125553,0.862094,0,0,0,0
0.939391,-0.118219,-0.040378,0.053959,-0.120476,-0.144991,0.838649,1,0,1,0
0.592791,-0.357905,-0.236871,0.366754,-0.096484,-0.198862,1.766003,0,0,0,0
0.555192,-0.041729,0.350110,0.336498,0.672255,0.179323,0.030465,0,0,0,1
0.852807,-0.574020,0.252995,0.987264,0.399567,-0.008320,0.895979,0,0,0,0
0.797023,-0.258889,0.109743,0.912076,0.207218,-0.164111,0.901053,0,1,1,0
0.522126,-0.455431,0.498575,1.578306,0.090295,-0.126857,1.819999,0,0,0,0
0.675808,-0.481356,0.526313,0.840517,-0.213840,0.442086,0.436702,1,0,0,0
0.813028,-0.364346,0.260348,0.786632,0.659025,-0.176598,0.812160,0,0,0,0
0.733954,-0.364532,0.131860,0.447413,0.779582,-0.004226,0.332412,1,0,0,1
0.826931,-0.022477,-0.634369,-0.502315,-0.333388,-0.303481,1.880732,0,0,0,0
0.883960,0.257879,-0.437275,-0.369784,-0.004010,0.510063,0.446389,0,0,1,0
1.014395,0.012482,-0.303822,-0.192584,-0.244207,-0.248687,0.924626,0,0,0,0
1.025812,0.052877,-0.453867,-0.546818,-0.077092,0.069265,0.896730,0,1,0,1
0.533236,-0.171645,-0.536167,-0.190888,0.505272,-0.743202,1.753522,0,0,0,0
0.999406,-0.584903,-0.879733,0.154493,0.528752,0.538299,0.428590,1,0,0,0
1.099349,-0.512684,-0.547594,0.197962,0.650443,-0.514535,0.990238,0,0,0,0
0.824348,-0.269529,-0.427930,-0.314925,0.351518,-0.116933,0.774665,0,1,1,0
0.910369,-0.127168,-0.780883,-0.546998,-0.232228,-0.377367,1.801762,0,0,0,0
0.713445,-0.548195,-0.138700,0.422836,0.523813,0.439760,0.323838,0,0,0,1
0.884877,-0.432507,0.042213,0.864984,0.148309,-0.085691,0.955227,0,0,0,0
0.840131,-0.679839,-0.118329,0.696451,-0.075256,0.237882,0.891622,1,1,1,0
0.916764,-0.819935,0.203528,-0.369738,-0.362648,0.328703,1.805436,0,0,0,0
0.908317,-0.505858,-0.269610,-0.290424,-0.225354,0.217960,0.563768,1,0,0,0
0.915453,-0.459446,-0.383632,-0.094418,0.201257,0.097642,0.797736,0,0,0,0
0.980878,-0.946139,-0.253080,0.336395,0.293838,-0.037976,0.915898,0,1,0,1
0.889322,-1.318365,-0.207060,0.806949,-0.100935,-0.432852,1.629829,0,0,0,0
0.826943,-0.451041,-0.173069,0.767377,0.699759,0.004574,0.506742,0,1,0,0
1.015454,-0.289896,-0.291794,0.264106,0.120572,0.092215,1.144961,0,0,0,0
1.027242,-0.246217,-0.438697,0.016887,0.162539,-0.372256,1.140572,1,0,1,0
0.632728,-0.451280,-0.209068,0.039655,1.178524,-0.340985,1.635574,0,0,0,0
0.695928,-0.288120,-0.378667,0.184075,1.255748,0.575203,0.277600,0,0,0,1
0.924199,-0.442337,-0.128486,0.504219,0.305943,0.053456,1.164911,0,0,0,0
0.859265,-0.450534,-0.150151,0.608011,0.717260,-0.186746,1.297617,1,1,0,0
0.706107,-0.408505,-0.348162,0.266500,1.212024,-0.422546,1.683431,0,0,0,0
0.820061,-0.127568,-0.157851,0.324246,1.293120,0.790215,0.543064,1,0,1,0
1.026720,-0.225816,-0.296101,-0.060382,0.169436,-0.143164,1.026414,0,0,0,0
0.955545,-0.323346,-0.274265,0.117310,0.289819,0.124632,0.978120,0,1,0,1
0.827026,-0.293338,-0.487998,-0.430697,0.285576,-0.043510,1.728468,0,0,0,0
0.757082,-0.081741,-0.511954,-0.782836,0.538700,0.155370,-0.043444,0,0,0,1
1.119101,-0.599801,-0.663156,0.003950,0.304929,-0.187417,0.923928,0,0,0,0
1.059058,-0.670150,-0.705598,-0.119072,0.182515,0.340010,1.086861,1,1,0,0
0.765550,-0.732475,-0.752085,-0.232221,0.783728,-0.425662,1.635591,0,0,0,0
0.934733,-1.215993,0.304503,-0.263959,0.066970,0.898144,0.466371,0,0,1,0
0.906125,-0.360438,-0.037399,0.036844,0.054681,-0.119188,0.968971,0,0,0,0
0.897888,-0.548773,-0.114895,0.500249,0.692380,-0.285948,1.085206,1,0,0,1
0.754160,-0.680072,0.245712,0.296506,0.489847,-0.421971,1.794990,0,0,0,0
0.912403,-1.042247,0.898979,-0.390686,0.388040,0.177113,0.471007,0,0,1,0
1.109725,-0.095299,-0.343508,-0.030034,0.126161,0.478543,1.014753,0,0,0,0
0.980074,-0.209055,-0.150528,0.244062,0.303389,-0.518047,0.805034,1,0,1,0
0.640634,-0.825460,-0.185805,0.134392,0.470253,0.003673,1.555566,0,0,0,0
0.702980,-0.157770,0.180728,-0.084661,0.392966,0.651199,0.016204,1,1,0,1
0.970154,-0.725756,0.515242,0.050085,0.086593,-0.358974,1.620009,0,0,0,0
0.973763,-0.184482,-0.244319,0.023756,-0.433101,-0.076538,0.749032,0,0,1,0
0.973394,-0.248951,-0.009354,0.025724,-0.079270,0.186391,0.686946,0,0,0,0
0.961033,-0.061809,0.184312,0.509480,-0.109586,0.346271,0.713921,0,1,0,0
0.731098,-0.477861,0.083285,0.184152,0.956184,0.601795,0.211328,0,0,0,0
0.796322,-0.297818,-0.095472,0.180540,0.472355,0.515029,0.390983,1,0,1,1
0.936696,-0.751980,0.009710,-0.546185,-0.192753,0.330413,1.680842,0,0,0,0
0.964052,-0.216295,-0.055520,0.017190,0.137669,0.053418,0.892708,0,0,0,1
0.797439,-0.539211,-0.028328,0.627624,1.097038,0.212435,0.587086,0,0,0,0
0.975565,-1.127746,0.007345,1.111706,-0.162726,0.879315,0.548013,1,1,1,0
0.878439,-0.643969,0.580455,-0.287201,-0.253717,0.008773,1.848304,0,0,0,0
0.925919,-0.092142,0.282083,0.225671,-0.138892,-0.152396,1.069166,0,1,0,0
0.864261,-0.098342,0.250611,0.460280,0.187230,-0.099333,0.976855,0,0,0,0
0.788551,-0.058338,0.207442,0.668088,0.938656,0.055735,0.999299,1,0,1,1
0.792593,-0.830033,0.606913,0.951886,0.877110,0.196700,1.672947,0,0,0,0
0.844138,-0.304626,0.318768,0.679966,0.448764,0.411258,0.828089,0,0,1,0
0.799075,-0.438382,0.360906,0.919484,0.682825,-0.277833,1.061203,0,0,0,0
0.807343,-0.237030,0.205234,0.579976,0.569417,-0.036016,1.056458,1,0,0,0
0.760341,-0.179155,0.175637,0.660012,0.705563,-0.040748,0.965940,0,0,0,0
0.751807,-0.315775,-0.100442,0.325294,1.003712,0.440450,0.500687,0,1,0,0
1.005252,-0.567005,-0.767822,0.247348,1.162536,-0.359017,0.848646,0,0,0,0
0.958329,-0.572366,-0.781627,0.280136,0.965938,-0.049911,0.807652,0,0,1,0
0.992558,-0.309817,-0.580398,0.328452,0.418850,-0.252061,0.789126,0,0,0,0
0.725116,-0.268837,-0.124701,-0.002832,0.687167,-0.020225,0.653268,0,0,0,1
0.801166,-0.457485,0.052662,0.624367,0.574388,0.353705,0.886146,0,0,0,0
0.956024,-1.121006,0.607078,0.498772,-0.094040,0.023788,0.810923,1,1,0,0
1.048365,-0.639262,-1.022668,0.433308,0.184663,0.130514,0.794226,0,0,0,0
0.612974,-0.192738,-1.340173,-0.675427,-0.174623,0.123030,0.079523,0,0,0,0
0.649089,-0.829274,-1.155868,-1.055775,-0.984578,0.031807,0.127511,0,0,0,0
0.562617,-0.687836,-1.497874,-1.021907,-1.539835,-0.039319,-0.196699,0,0,1,0
0.087333,0.295335,-2.210199,-0.506839,-0.993770,0.341893,-0.823259,0,0,0,0
0.064933,0.270516,-2.437620,-1.016689,-0.838735,-0.091013,-0.983708,0,0,0,0
0.537400,-0.740445,-1.040076,-1.055735,-0.979984,1.150419,0.040383,0,0,0,0
0.468271,-0.816662,-1.662165,-1.230197,-1.684243,0.010481,-0.171625,0,1,0,1
0.871590,-0.918676,0.329927,-0.134955,0.277310,-0.059323,1.912730,1,0,0,0
0.840593,-0.903557,0.136172,-0.081251,-0.123567,0.241637,0.443536,0,0,1,0
0.859689,-0.137379,0.064112,0.562192,0.551057,0.950941,0.735869,0,1,0,0
0.783912,0.082239,-0.137531,0.546040,0.815425,0.124878,0.660371,1,0,0,0
0.751754,-0.456567,-0.125095,0.863724,0.488050,-0.323351,0.712748,0,0,0,1
0.823180,-0.371030,-0.279648,0.418292,-0.007004,-0.153322,0.661564,0,0,1,0
0.822883,-0.300224,-0.180738,0.770371,0.295606,0.031068,0.771347,0,1,0,0
0.725176,-0.431518,-0.033823,0.667535,0.247311,-0.324943,0.659580,0,0,1,1
0.946643,0.166565,0.009562,0.347855,0.494779,1.906501,0.721755,0,0,0,0
0.075923,0.046524,-2.076924,-0.327029,-0.386119,-0.430912,-1.156248,0,0,0,0
0.677754,-0.180954,-2.612728,0.113861,-1.409786,1.210838,-0.174613,0,0,0,0
0.799555,-0.897900,-2.157297,-0.632822,-1.442661,0.306217,-0.225893,0,0,0,0
0.373578,0.023675,-1.594674,-0.713545,-1.269098,0.540392,-0.648093,0,0,0,0
0.007090,-0.669657,-1.839429,-1.926986,-0.589263,0.461832,-1.170846,1,1,0,0
0.783148,-0.852758,0.404831,-0.012318,0.584100,0.640311,1.917119,0,0,1,0
0.716261,-0.180992,-0.291866,0.661882,0.359636,0.666511,0.498547,0,0,0,1
0.923049,-0.287284,-0.059675,0.503696,-0.182601,0.503666,0.810416,1,0,0,0
0.832822,-0.445677,0.048169,0.287863,-0.132791,-0.007904,0.682696,0,1,0,0
0.796580,-0.399124,-0.089454,0.421866,0.042407,0.046682,0.682119,0,0,1,0
0.790703,-0.376932,0.101245,0.510865,0.182863,0.328055,0.726373,0,0,0,1
0.746428,-0.470490,-0.007165,0.694122,0.251794,0.355219,0.668385,0,0,1,0
0.740691,0.091684,0.223090,0.229673,0.482587,0.401873,0.374188,1,1,0,0
0.886553,-0.720867,0.354892,-0.028110,-0.118348,0.295693,1.693834,0,0,0,1
0.924979,-0.087312,-0.180613,-0.086970,-0.006940,0.187542,1.006770,0,0,1,0
1.141760,0.053194,-0.165125,0.051986,-0.002691,0.867090,0.767831,0,1,0,0
0.907463,0.155184,-0.529167,0.003503,-0.030473,0.230387,0.579383,1,0,0,0
0.797510,-0.259648,0.055291,0.501696,0.110087,0.487021,0.402996,0,0,0,1
0.736198,-0.198953,-0.161330,0.272351,0.814849,0.570450,0.079770,0,0,1,0
0.850954,-0.102888,0.179773,0.856761,0.200183,0.652440,0.638857,0,1,0,0
0.824125,-0.122642,-0.049728,0.455408,0.531204,-0.160226,0.668461,0,0,1,0
0.770449,-0.210059,0.153568,0.501937,0.541702,0.518660,0.777608,0,0,0,1
0.799159,-0.195905,-0.209713,0.398503,0.579176,0.028148,0.585272,1,1,0,0
0.934043,-0.760532,0.228475,0.421716,0.941801,0.490245,1.982144,0,0,1,0
0.900062,-0.599810,0.044278,0.981920,0.676470,0.612651,1.021869,0,0,0,1
0.860004,-0.338174,0.350703,1.051554,0.693242,-0.304119,1.816123,1,0,0,0
0.944906,-0.481081,0.216460,0.551613,1.070454,0.207800,0.949309,0,1,0,1
0.851956,-0.729051,0.328642,0.622922,1.217210,0.287669,1.725075,0,0,1,0
0.967547,-0.680972,0.299286,0.805967,0.910057,-0.097549,0.876864,1,0,0,0
0.851496,-0.539088,0.257577,0.366068,1.155612,0.658160,1.582083,0,1,0,0
0.926252,-0.649393,0.027890,0.358878,0.916754,0.620074,0.711902,0,0,1,1
0.796026,-0.541370,0.295862,-0.000324,0.986665,1.450991,1.518680,0,1,0,0
0.804031,-0.674877,0.166504,0.251918,1.172820,0.518508,1.376652,1,0,0,0
0.854015,-0.765491,-0.188416,-0.302043,0.533854,0.095484,1.378609,0,0,0,1
0.974214,-0.659570,-0.980810,-0.667712,0.472513,0.598043,1.411123,0,1,1,0
1.084188,-0.752980,-1.058989,-0.378194,0.209076,0.370087,1.452151,1,0,0,0
1.035765,-0.831239,-0.902982,-0.115307,0.395706,0.446793,1.400500,0,0,1,0
0.838559,-1.124988,-0.560445,0.165810,0.468788,0.120308,1.216214,0,1,0,0
0.994097,-1.652374,-0.542525,0.869568,0.304551,-0.091466,1.323160,1,0,0,1
0.200761,-1.175349,0.794281,3.142942,1.120247,-0.826158,1.245010,0,0,0,0
0.050875,-2.061621,0.574450,3.322558,1.376199,0.159999,0.630516,0,0,0,0
-0.021952,-2.357637,0.114465,3.159790,0.760519,-0.101920,0.583397,0,0,0,0
0.039303,-2.235350,0.590363,3.461289,1.114868,0.275397,0.660584,0,0,0,0
0.030491,-2.409301,0.105452,3.117826,0.795951,0.447985,0.829424,0,0,0,0
0.101105,-1.782819,0.582795,3.232585,0.592067,0.377679,0.992381,0,0,0,0
-0.083681,-2.458046,0.270043,3.434341,1.399317,0.547850,0.650502,0,0,0,0
0.050143,-1.850421,0.736466,3.705531,0.900252,0.215654,0.764582,0,0,0,0
0.130867,-2.148577,-0.522604,1.554881,-0.205528,0.984351,0.539058,0,0,0,0
0.067188,-2.353206,0.332504,3.496993,0.839649,0.999754,0.518560,0,0,0,0
0.030796,-2.990447,-0.576144,1.671486,-0.172349,1.571345,-0.757054,0,0,0,0
-0.168415,-2.209537,-0.710980,-0.296023,0.826298,2.770065,-0.705299,0,0,0,0
0.505242,-0.325209,-0.757517,-0.063440,-0.893506,0.035660,0.794133,0,0,0,0
0.204390,-0.352611,-0.840123,1.209141,-0.809822,-0.331405,0.491672,0,0,0,0
0.208472,-0.888848,-0.296374,2.391251,0.019091,1.793275,0.505316,0,0,0,0
0.092101,-2.124176,-0.009865,2.447562,0.193462,0.295360,0.381346,1,1,0,1
0.807159,-1.095047,0.723658,1.401196,0.634260,-0.178427,1.878748,0,0,0,0
0.715031,-1.048345,-0.013035,2.287702,0.012020,0.457886,0.930571,0,0,0,0
0.618989,-1.312071,-0.669875,1.701866,-0.255740,-0.227171,0.133898,0,0,0,0
0.298569,-0.423700,-0.844897,1.573833,0.135053,-0.647908,-0.385497,0,0,1,0
0.235697,-0.177686,-0.933915,1.808818,-0.010230,0.377396,-0.334491,0,0,0,0
0.138202,-0.191013,-0.946662,1.948919,-0.068426,0.024202,-0.408177,0,0,0,0
0.054894,-0.126592,-1.126558,1.782955,-0.158492,-0.404179,-0.405323,0,0,0,0
-0.040724,-0.091865,-1.223406,1.534575,0.108754,-0.281124,-0.579643,1,0,0,0
-0.043770,0.152639,-1.061703,1.559844,0.048709,-0.533199,-0.534166,0,0,0,0
-0.126249,0.153107,-1.045113,1.721630,0.258369,0.039106,-0.637390,0,0,0,0
-0.226394,0.279462,-0.826025,1.470032,-0.170193,-0.278361,-0.667737,0,0,0,0
-0.290066,0.112713,-0.885705,1.465276,0.060381,-0.005735,-0.716553,0,1,0,0
-0.211006,0.401033,-0.311658,1.559998,0.382936,-0.491139,-0.422033,0,0,0,0
-0.262397,0.442431,-0.503448,1.356212,0.289046,2.835146,-0.776024,0,0,0,0
-0.400171,0.636467,-0.303662,0.864332,0.171646,0.959572,-0.829551,0,0,0,0
-0.521025,0.251943,-0.515019,1.026392,0.160972,-0.293336,-0.956433,0,0,1,0
0.029809,1.084696,-0.262604,1.131265,-0.380805,1.590282,-0.860146,0,0,0,0
-0.418578,0.451520,-0.325958,0.774791,-0.537793,-0.220962,-1.016325,0,0,0,0
-0.565555,0.104590,-0.529822,0.429694,-0.319325,-0.884702,-1.260258,0,0,0,0
-0.643876,-0.243099,-0.562934,0.266317,-0.275632,-0.488746,-1.330344,0,1,0,0
-0.549441,-0.159854,-0.633522,1.018725,-0.195081,-0.875789,-1.272457,0,0,0,0
-0.665546,-0.190820,-0.533485,0.658280,-0.008953,0.517930,-1.282556,0,0,0,0
-0.728048,-0.372936,-0.587045,0.191238,-0.054114,-0.873092,-1.378557,0,0,0,0
-0.805298,-0.577667,-0.651923,0.357483,-0.055258,-0.250896,-1.463574,1,0,0,0
-0.028450,0.441187,-1.975950,-1.427743,-1.367327,-0.300319,-1.208835,0,0,0,0
-0.692150,-0.077662,-1.176991,-0.835742,-0.584566,-0.418158,-1.470372,0,0,0,0
-1.018959,-0.900357,-0.883133,0.170763,0.246592,-0.015591,-1.613609,0,0,0,0
-1.093256,-1.015658,-1.156468,0.303060,0.786594,-0.298842,-1.632267,0,0,1,0
-0.931964,-0.594614,-1.069943,0.735353,0.561391,-0.602112,-1.473808,0,0,0,0
-1.078518,-0.743519,-1.264426,0.565777,0.663915,0.136796,-1.512230,0,0,0,0
-0.984130,-0.664179,-1.335267,0.433754,0.742926,-0.110448,-1.588870,0,0,0,0
-1.166681,-0.877896,-1.341668,-0.036897,0.371139,1.187948,-1.661724,1,0,0,0
-0.376120,1.458003,0.172122,0.787456,1.054826,-0.310143,-0.147560,0,0,0,0
-0.719744,0.769987,0.485590,0.711349,0.487748,-0.571238,-0.799887,0,0,0,0
-0.824271,0.531674,-0.197811,0.435614,0.592388,-0.685185,-0.758564,0,0,0,0
-0.951686,0.422501,-0.181004,0.056636,0.515563,-0.131693,-1.045163,0,0,1,0
-0.841527,0.169477,-0.368163,0.575598,0.098378,-1.027035,-1.007828,0,0,0,0
-0.974026,0.100624,-0.855315,-0.037402,0.339179,-0.623483,-1.014827,0,0,0,0
-0.760319,1.190922,-0.572349,-0.487760,-0.271702,-0.365202,-1.034904,0,0,0,0
-1.008179,0.394136,-0.666551,-0.313857,0.292879,-0.256755,-1.148564,0,1,0,0
-0.965098,0.760174,-0.404811,-0.776916,-0.873198,-0.886963,-1.078770,0,0,0,0
-1.013871,0.360898,-0.900430,-0.843116,-0.734701,0.633691,-1.109481,0,0,0,0
-1.105224,0.523604,-0.716340,-0.984822,-0.573479,0.416024,-1.191368,0,0,0,0
-1.139043,0.159935,-0.943538,-1.076088,-0.808659,0.493137,-1.296369,0,0,0,1
-0.886347,0.860682,-0.042015,0.642856,0.106524,-0.369165,-0.566656,0,0,0,0
-0.757194,0.450240,-0.961333,-0.310259,-0.467290,-0.065236,-1.041285,0,0,0,0
-1.156980,0.586909,-0.467828,-0.165977,0.340350,-0.768222,-1.018353,0,0,0,0
-1.263281,0.461349,-0.594921,-0.895509,-0.479664,-0.434182,-1.406768,0,0,1,0
-0.688244,1.928333,0.362150,-0.346661,0.565842,-0.667154,-0.793769,0,0,0,0
-1.068102,1.574730,0.562707,-0.095340,0.345014,-0.259772,-1.056848,0,0,0,0
-1.026042,1.632347,0.169916,-0.276286,0.215212,-0.632355,-1.107841,0,0,0,0
-1.332032,1.307224,0.477484,-0.225393,0.735245,0.151896,-1.091461,0,0,0,1
-0.964558,0.510608,-0.154802,-0.530641,-0.852613,-0.669504,-1.075343,0,0,0,0
-1.272085,0.878065,0.083419,-1.139423,-0.635867,-0.007974,-1.135454,0,0,0,0
-0.831772,0.979933,-1.262131,-0.724753,-0.209960,-0.705329,-1.154862,0,0,0,0
-1.366335,0.638377,-0.292952,-1.048891,-1.014746,0.710040,-1.106307,1,0,0,0
-0.188126,0.790448,-1.293398,-1.370092,-1.286272,-0.514930,-1.018084,0,0,0,0
-1.243864,1.035466,-0.089582,-1.397803,-0.836550,-0.569700,-1.214527,0,0,0,0
-1.625229,0.363888,-0.160581,-1.493294,-0.383003,-0.380213,-1.258177,0,0,0,0
-1.759125,0.483715,0.043126,-1.740096,-0.750730,-0.495371,-1.288874,0,1,0,0
-1.263636,-0.235453,-0.897936,-0.177491,-1.090378,-0.799054,-1.316606,0,0,0,0
-1.298820,0.872129,-0.126252,-0.850579,-0.825431,6.444564,-1.318496,0,0,0,0
-0.417890,-0.053035,-2.099166,0.081432,-2.495193,-0.696457,-1.339349,0,0,0,0
-1.777997,0.174926,-0.386121,-1.616009,-0.504309,-0.751942,-1.436652,1,0,0,0
-0.916422,2.574121,1.064885,-0.303193,1.504486,-0.554101,-0.024016,0,0,0,0
-1.386434,1.976056,1.506609,-0.000465,1.208798,-0.488542,-0.673309,0,0,0,0
-1.446621,1.620831,1.410660,0.475097,1.514033,-0.630001,-0.678507,0,0,0,0
-0.876443,2.051925,-0.895948,-1.216737,0.218992,6.057586,-0.960920,0,0,0,1
-1.164275,0.931007,0.148612,0.054625,0.075900,2.047929,-0.945876,0,0,0,0
-1.602744,1.019312,1.099017,0.069519,0.662573,-0.461796,-1.046032,0,0,0,0
-1.636736,1.526358,0.931285,-1.454676,-0.299205,0.222932,-1.092496,0,0,0,0
-1.813847,1.239067,1.203360,-0.930687,0.553214,-0.439064,-1.118841,0,0,1,0
-1.443802,1.557358,0.771043,-1.868354,-0.498579,-1.155124,-1.156635,0,0,0,0
-1.878203,1.076671,1.231294,-1.672377,-0.557117,-1.018756,-1.178445,0,0,0,0
-1.877484,1.340604,1.008074,-2.261253,-0.132454,-0.208782,-1.225643,0,0,0,0
-1.869789,0.873819,1.030541,-1.360933,-0.725856,-0.650912,-1.228738,0,1,0,0
-0.979018,1.096211,0.411698,1.317852,0.098631,-0.599136,-0.554386,0,0,0,0
-0.885346,1.378829,0.109990,0.796188,-0.414356,12.143297,-1.061615,0,0,0,0
-1.467598,1.749098,1.274164,-0.227945,-0.050326,-0.060476,-1.144333,0,0,0,0
-1.864598,1.715935,1.607238,-1.895655,-0.044460,-1.116653,-1.365921,0,0,0,1
-0.229122,1.686191,-0.637512,0.538415,-0.729000,2.640456,-1.090828,0,0,0,0
-1.492888,1.787983,0.867230,-1.916124,0.122445,-0.660876,-1.355600,0,0,0,0
-1.666271,1.238181,0.993407,-1.619198,-0.849087,-1.080613,-1.508389,0,0,0,0
-1.845084,0.904745,1.159135,-0.730559,0.158576,-0.195662,-1.604764,0,1,0,0
-1.224002,0.139210,-0.219552,0.336525,-1.492504,-1.042915,-1.476350,0,0,0,0
-1.540939,0.967610,0.620859,-0.471546,-0.414250,0.985748,-1.512244,0,0,0,0
-1.699384,0.586583,0.213028,-1.047857,-1.252616,-0.590762,-1.630305,0,0,0,0
-1.861145,0.338102,0.341918,-0.966221,-0.784330,-0.095412,-1.676527,0,0,1,0
-0.275607,0.533994,-1.423686,-1.322667,-0.972067,-0.656792,-1.298023,0,0,0,0
-1.388535,1.037961,-0.122630,-1.814450,-0.786840,-0.814311,-1.609021,0,0,0,0
-2.539809,-0.127842,2.239250,-1.264243,-0.826874,-1.276286,-1.731602,0,0,0,0
-2.687869,-0.392425,2.141051,-1.143971,-0.317947,-1.067020,-1.837091,0,1,0,0
-1.395719,-0.384579,-0.302926,0.536675,-0.799555,-0.993000,-1.590962,0,0,0,0
-1.694360,-0.486859,-0.402931,-0.128365,-0.309793,-0.066147,-1.660145,0,0,0,0
-1.733341,-0.157605,-0.391417,-0.391130,-0.074518,-0.916942,-1.779571,0,0,0,0
-2.111875,-0.624432,-0.324042,-1.049944,-0.406868,-0.899913,-1.789042,0,0,0,1
-0.993235,2.416478,0.812093,-0.066606,1.722010,-0.164365,-0.408052,0,0,0,0
-1.419545,2.141255,1.601945,-0.315767,1.031610,-0.869338,-0.826780,0,0,0,0
-1.179127,1.746181,0.975342,0.492517,0.757023,-0.672110,-0.780456,0,0,0,0
-1.851251,1.605826,1.308314,-1.775567,0.914335,-0.642609,-1.068939,0,0,1,0
-1.526606,0.235353,0.650167,0.253657,-0.439344,-1.220803,-1.154931,0,0,0,0
-1.894480,0.995058,1.356304,-0.963435,0.297312,-0.310078,-1.197333,0,0,0,0
-1.281414,1.490422,0.269119,-0.369356,-0.198601,-0.878520,-1.324191,0,0,0,0
-1.690519,1.349063,0.789215,-1.096578,0.431326,-0.281519,-1.407929,0,1,0,0
-1.504737,1.587049,0.558773,-2.303764,-0.403028,-1.075712,-1.266134,0,0,0,0
-1.854231,1.142564,1.027333,-2.214844,-0.452862,-0.663798,-1.295903,0,0,0,0
-1.979517,1.290769,1.270292,-2.736034,-0.569683,-0.404359,-1.302827,0,0,0,0
-1.875075,0.862039,1.110374,-1.623245,-1.277670,-0.608133,-1.409465,0,0,1,0
-1.193369,0.918219,0.916711,1.152602,-0.129590,-0.991544,-0.547352,0,0,0,0
-1.391038,0.776491,0.737386,0.406858,-0.337794,-0.504091,-1.204841,0,0,0,0
-1.203803,0.613324,-0.258643,0.302452,0.099467,-0.859276,-1.169527,0,0,0,0
-1.926110,1.327057,1.334723,-2.010781,-0.336499,-0.963860,-1.570072,0,1,0,0
-0.815726,2.332812,0.411731,-0.609177,1.098505,-0.355342,-0.947723,0,0,0,0
-1.197526,1.171827,0.980248,-0.465810,-0.504240,-0.636221,-1.265987,0,0,0,0
-0.970486,0.956520,0.537655,-0.256062,-0.724623,0.029590,-1.354082,0,0,0,0
-1.194573,0.039376,1.130631,0.511399,-1.445462,0.045896,-1.395762,1,0,0,0
-0.861510,-0.258355,0.218219,0.274329,-1.299090,-0.680523,-1.273644,0,0,0,0
-0.976591,-0.842208,0.284807,0.306236,-1.851530,-0.245198,-1.349264,0,0,0,0
-0.934900,-0.858804,0.015312,0.223526,-1.636007,-0.215531,-1.414836,0,0,0,0
-0.930016,-1.368322,-0.412566,0.508299,-1.399605,0.584995,-1.465517,0,0,0,1
0.090392,0.320640,-1.614719,-0.945974,-1.846542,-0.337985,-1.090128,0,0,0,0
-0.505057,-1.460736,-1.299324,0.265618,-1.775351,-0.233689,-1.233066,0,0,0,0
-0.630355,-2.194294,-1.134872,1.144296,-1.748562,-0.299415,-1.341536,0,0,0,0
-0.579611,-2.395689,-1.398738,1.109193,-1.765873,0.329210,-1.360013,0,0,1,0
-0.291538,-1.801202,-1.385718,1.122200,-1.481253,-0.487417,-1.168318,0,0,0,0
-0.315536,-2.400717,-1.679144,0.996032,-1.861238,0.507612,-1.102672,0,0,0,0
-0.132204,-1.887694,-1.562343,1.121457,-1.593385,-0.306031,-1.065996,0,0,0,0
-0.203522,-2.338481,-2.113800,1.059636,-1.618498,-0.102947,-1.192090,0,0,0,1
-0.259214,-0.131381,0.670375,1.685113,-1.004811,-0.262174,-0.706288,0,0,0,0
-0.445292,-0.793921,0.406846,2.295330,-0.908519,-0.468135,-0.812301,0,0,0,0
-0.712234,-1.028403,0.611737,1.897710,-1.296982,-0.420899,-0.977327,0,0,0,0
-0.890773,-1.319487,0.644696,1.869146,-0.966262,-0.646973,-1.031280,1,0,0,0
-0.856124,-1.333697,0.405511,2.022526,-0.850954,-0.478151,-1.041835,0,0,0,0
-0.956973,-1.113257,0.684348,1.982915,-0.879686,-0.523432,-1.094082,0,0,0,0
-1.149261,-1.218338,0.848269,1.932230,-0.838451,-0.330011,-1.152822,0,0,0,0
-1.169225,-1.144989,0.824166,1.847366,-0.874112,-0.126909,-1.163438,0,0,1,0
-1.213671,-1.103370,0.704725,1.467916,-1.431589,-0.651207,-1.137389,0,0,0,0
-1.363699,-1.197399,0.832807,1.384427,-1.199636,-0.110266,-1.166083,0,0,0,0
-1.401988,-1.321836,0.661947,1.291358,-1.002206,-0.306785,-1.206269,0,0,0,0
-1.665060,-1.324998,1.191045,1.434589,-0.880903,-0.525761,-1.256431,0,1,0,0
-1.492396,-1.063139,0.831672,0.916512,-1.271676,-0.985580,-1.204396,0,0,0,0
-1.562022,-0.990394,0.933451,0.920752,-1.131896,-0.368119,-1.267631,0,0,0,0
-1.763623,-1.021318,1.187459,0.972170,-0.873755,-0.301734,-1.331943,0,0,0,0
-1.883625,-1.069575,1.235784,0.952886,-0.736732,-0.701046,-1.441310,0,0,0,1
-1.652428,-0.528620,1.493575,0.163803,-2.526868,-0.993008,-1.379772,0,0,0,0
-1.916009,-0.698726,1.877334,0.405427,-2.304481,-0.117857,-1.463740,0,0,0,0
-1.999571,-0.443358,1.803036,0.128663,-2.115883,-0.611613,-1.592134,0,0,0,0
-2.126153,-0.664337,1.752605,0.173130,-2.023059,-0.698334,-1.624413,1,0,0,0
-1.840876,-0.362585,1.169436,-0.502747,-2.156543,-1.107468,-1.505393,0,0,0,0
-2.056493,-0.317412,1.420540,-0.242696,-1.831032,-0.568443,-1.529677,0,0,0,0
-2.165913,-0.410079,1.683720,-0.249298,-1.930605,-0.777803,-1.616637,0,0,0,0
-2.368100,-0.438774,1.861381,-0.615098,-1.556071,-0.903628,-1.692881,0,1,0,0
-2.174115,-0.586677,1.760408,-0.408932,-1.835007,-1.048117,-1.568422,0,0,0,0
-2.279189,-0.520347,1.830735,-0.444877,-1.609155,-0.810443,-1.641717,0,0,0,0
-2.465176,-0.587411,2.028579,-0.368572,-0.996562,-0.945276,-1.751153,0,0,0,0
-2.585130,-0.560048,2.016464,-0.752982,-0.834521,-0.895427,-1.798761,0,0,1,0
-2.194440,-0.499504,1.239899,-0.508069,-0.823886,-0.971268,-1.585079,0,0,0,0
-2.399813,-0.439152,1.486491,-1.035345,-0.697922,-0.565500,-1.589414,0,0,0,0
-2.513940,-0.434083,1.621486,-1.031991,-0.443842,-0.748328,-1.696983,0,0,0,0
-2.692185,-0.794344,1.498055,-1.524117,-0.581942,-0.960364,-1.755150,0,0,0,1
-0.891599,2.362200,0.169847,-0.883937,0.976014,-0.733895,-0.814356,0,0,0,0
-1.473819,2.141955,1.645538,-0.922684,0.257599,-0.987639,-0.986968,0,0,0,0
-1.806690,1.686508,1.736509,-1.316369,0.630480,-0.740684,-1.008169,0,0,0,0
-1.999983,1.433427,1.899192,-1.547083,0.326714,-0.439152,-1.085260,1,0,0,0
-1.843576,0.884581,1.308906,-1.190812,-0.293904,-0.773249,-0.983624,0,0,0,0
-1.988766,1.071118,1.680346,-1.260226,0.091428,-0.676551,-1.033027,0,0,0,0
-2.152931,0.912704,1.742473,-1.529860,0.380221,-0.525830,-1.144945,0,0,0,0
-2.265935,0.767820,1.778874,-1.772510,0.381595,-0.600249,-1.197169,0,0,1,0
-1.930921,0.780068,1.679705,-1.156947,-0.370290,-1.156190,-1.092763,0,0,0,0
-2.166912,0.608430,1.668499,-1.613126,-0.210659,-0.686451,-1.154086,0,0,0,0
-2.299227,0.517381,1.843981,-1.604583,0.003413,-1.054877,-1.258496,0,0,0,0
-2.404784,0.397396,1.918132,-1.732548,0.036841,-0.988085,-1.343628,0,1,0,0
-2.089946,0.268964,1.365091,-1.356556,-0.583538,-1.024089,-1.263656,0,0,0,0
-2.275350,0.270438,1.553397,-1.577060,-0.352800,-0.943723,-1.285320,0,0,0,0
-2.384844,0.149624,1.516495,-1.816324,-0.481765,-0.919123,-1.361204,0,0,0,0
-2.530298,-0.001216,1.822684,-1.707923,-0.023479,-1.099331,-1.451575,1,0,0,0
-1.023737,2.338192,0.596057,-0.691249,1.990725,-0.432335,-0.807959,0,0,0,0
-1.625469,1.869266,1.693079,-0.923641,1.403628,-0.896362,-1.054888,0,0,0,0
-1.807104,1.877972,2.268071,-0.952025,0.998590,-0.513334,-1.136338,0,0,0,0
-1.949749,1.803994,2.208196,-1.412147,0.904290,-0.898910,-1.191201,0,1,0,0
-1.836055,1.326357,2.258390,-1.873810,-0.294066,-0.816726,-1.104403,0,0,0,0
-1.956407,1.304154,2.251761,-1.902726,-0.178763,-0.576648,-1.163215,0,0,0,0
-2.114263,1.185816,2.361442,-1.760124,0.017687,-0.871269,-1.194313,0,0,0,0
-2.238865,1.179965,2.506434,-1.750881,-0.042258,-0.798914,-1.228326,0,0,1,0
-2.029977,0.653997,1.952290,-1.312789,-0.419002,-1.173073,-1.154177,0,0,0,0
-2.235962,0.622325,2.327563,-1.322928,-0.653302,-0.805018,-1.173100,0,0,0,0
-2.326520,0.525019,2.221602,-1.642476,-0.925834,-0.909472,-1.219994,0,0,0,0
-2.418037,0.505916,2.310412,-1.594174,-0.846726,-0.940059,-1.265414,0,0,0,1
-2.090849,0.255198,1.516818,-1.157244,-1.152521,-1.066896,-1.268115,0,0,0,0
-2.293514,0.246104,1.651635,-1.670721,-1.020973,-0.534592,-1.316695,0,0,0,0
-2.450101,0.129659,1.933109,-1.376958,-0.521411,-0.970239,-1.384379,0,0,0,0
-2.508335,0.073008,1.999203,-1.298539,-0.225885,-0.873494,-1.401371,1,0,0,0
-1.051258,2.368095,0.814647,-0.914331,1.228962,-0.765715,-0.747167,0,0,0,0
-1.648424,2.083472,2.033686,-0.961458,1.294262,-0.958748,-0.975432,0,0,0,0
-1.904064,1.748293,2.327676,-1.030551,1.323435,-0.348462,-1.074246,0,0,0,0
-2.034774,1.640152,2.254309,-1.551225,0.995783,-0.679544,-1.109269,0,0,1,0
-1.871894,1.087192,2.065978,-0.438670,0.423392,-1.052558,-1.047757,0,0,0,0
-2.015236,1.225447,2.156367,-0.818858,0.581568,-0.738578,-1.117070,0,0,0,0
-2.126738,1.270322,2.411441,-1.184152,0.182705,-0.719096,-1.171073,0,0,0,0
-2.252702,1.023692,2.371727,-1.427973,0.121128,-0.798246,-1.231594,0,1,0,0
-1.950678,0.723362,1.662182,-0.982854,0.073943,-1.058127,-1.200356,0,0,0,0
-2.206584,0.606920,2.140107,-1.109650,-0.252961,-0.913906,-1.175990,0,0,0,0
-2.291463,0.613611,2.184410,-1.049196,0.336163,-0.963982,-1.199910,0,0,0,0
-2.375555,0.560343,2.304381,-1.087965,0.396200,-1.031369,-1.221891,0,0,0,1
-2.036457,0.378144,1.616535,-0.734161,-0.190765,-0.946573,-1.175908,0,0,0,0
-2.243523,0.488404,1.949827,-1.083089,-0.167467,-0.817687,-1.216119,0,0,0,0
-2.347544,0.453987,2.100934,-1.049821,-0.021968,-0.835199,-1.306746,0,0,0,0
-2.385205,0.559163,2.292155,-1.190498,0.004835,-0.737199,-1.375515,0,0,1,0
-2.106204,0.700051,2.433469,-1.695005,-1.757239,-1.196446,-1.290491,0,0,0,0
-2.263836,0.592006,2.527746,-1.554612,-1.528525,-0.993789,-1.376717,0,0,0,0
-2.410645,0.455351,2.579604,-1.705386,-1.530422,-1.091264,-1.476044,0,0,0,0
-2.508863,0.431283,2.659495,-1.570846,-1.376463,-1.091954,-1.542840,1,0,0,0
-2.092389,0.334839,1.558305,-1.362059,-1.375521,-0.970034,-1.446678,0,0,0,0
-2.301410,0.345923,1.941669,-1.411433,-1.055465,-0.451962,-1.510961,0,0,0,0
-2.466531,0.148214,2.070606,-1.390957,-0.695568,-0.944924,-1.634863,0,0,0,0
-2.515822,0.193552,2.206983,-1.617500,-0.878439,-1.013029,-1.687484,0,1,0,0
-2.219750,-0.068928,1.886464,-1.022478,-0.938848,-1.164659,-1.618131,0,0,0,0
-2.422074,-0.145493,2.032465,-1.183516,-1.034698,-0.847385,-1.673118,0,0,0,0
-2.580300,-0.354670,2.090155,-1.093343,-0.473020,-1.231237,-1.813751,0,0,0,0
-2.723669,-0.515454,2.059080,-1.356940,-0.395002,-1.055832,-1.897993,0,0,1,0
-2.306099,-0.524508,1.269413,-1.021935,-0.565203,-1.121009,-1.603263,0,0,0,0
-2.478983,-0.460483,1.296322,-1.511535,-0.572387,-0.558881,-1.594826,0,0,0,0
-2.568532,-0.358381,1.721962,-1.193593,-0.205085,-0.974445,-1.732824,0,0,0,0
-2.708967,-0.703624,1.465954,-1.785794,-0.565283,-1.165833,-1.801917,1,0,0,0
-1.044998,2.229840,0.511436,-0.578395,1.101936,-0.450165,-0.851558,0,0,0,0
-1.576242,1.874969,1.533349,-0.948793,0.459116,-0.754282,-1.003766,0,0,0,0
-1.791176,1.780240,1.765505,-1.522666,0.470282,-0.565878,-0.979622,0,0,0,0
-1.956615,1.634240,1.872350,-1.769102,0.350125,-0.469356,-1.087253,0,0,0,1
-1.788217,1.053677,1.431734,-1.106866,-0.072342,-0.996501,-1.012260,0,0,0,0
-1.980278,1.180158,1.579066,-1.869991,-0.188006,-0.810322,-1.101418,0,0,0,0
-2.117908,1.061748,1.645990,-2.152328,-0.384743,-0.439308,-1.197385,0,0,0,0
-2.286630,0.799893,1.953775,-2.049754,-0.452848,-0.871294,-1.229244,0,1,0,0
-1.956340,0.716181,1.372688,-1.600060,-0.661841,-0.978317,-1.149495,0,0,0,0
-2.166215,0.596009,1.623716,-1.808619,-0.509369,-0.807274,-1.188800,0,0,0,0
-2.268228,0.646964,2.055701,-1.429801,-0.130530,-0.975127,-1.264001,0,0,0,0
-2.389592,0.559240,2.137164,-1.787168,-0.333581,-0.963408,-1.298079,0,0,1,0
-2.001055,0.335023,1.195170,-1.391868,-0.588125,-0.980146,-1.191894,0,0,0,0
-2.288422,0.187940,1.407172,-1.732292,-0.431792,-0.643452,-1.212686,0,0,0,0
-2.327758,0.389469,1.602140,-1.871344,-0.352123,-0.883831,-1.316339,0,0,0,0
-2.450425,0.165710,1.693974,-1.809484,-0.160975,-0.997557,-1.372136,0,0,0,1
-0.924813,2.400930,0.300216,-1.112233,1.082405,-0.620664,-0.922907,0,0,0,0
-1.504932,2.199609,1.415735,-1.719606,0.917064,-0.417824,-1.180630,0,0,0,0
-1.700582,2.061615,1.599751,-1.919109,1.077641,-0.732564,-1.291814,0,0,0,0
-1.883325,1.902271,1.784928,-2.016343,0.749464,-0.402746,-1.443841,0,1,0,0
-1.739461,1.382385,1.674148,-2.410799,-0.048325,-0.778231,-1.270496,0,0,0,0
-1.989030,1.132081,1.904019,-2.301690,-0.214951,-0.451031,-1.330457,0,0,0,0
-2.133584,0.947307,1.696504,-2.569049,-0.293184,-0.641793,-1.323185,0,0,0,0
