mfcc0,mfcc1,mfcc2,mfcc3,mfcc4,onset,rms,lane0,lane1,lane2,lane3
-4.037094,4.281721,-2.110886,-1.659549,4.693219,-0.074661,-3.301745,1,1,1,1
0.189544,-0.352879,-1.007182,2.234771,-1.073582,0.138250,2.213417,0,0,0,0
0.337179,-0.975722,-0.871980,1.168515,-1.268862,-0.510133,0.196455,0,0,1,1
0.228659,-0.761417,0.190447,0.680814,-2.042236,-0.659527,0.974653,0,0,0,0
0.472079,-1.297466,0.364165,0.007116,-1.421624,-0.250834,-1.441822,1,1,0,0
0.085571,-0.757682,0.785243,-0.129091,0.261572,-1.289994,0.408257,0,0,0,0
0.048068,-0.633213,-0.071286,0.268380,-0.829362,-0.349082,-1.209462,0,0,1,1
0.084638,-0.313612,0.058064,0.700432,-1.040745,0.626779,1.203563,0,0,0,0
-0.291411,-0.486530,0.509204,0.210840,0.243691,-0.416754,-0.760200,1,0,1,0
0.025612,-0.645198,0.979535,-0.020751,0.210407,0.514743,0.815264,0,0,0,0
0.270559,-0.557046,1.019264,-0.492233,-0.517547,0.047566,0.131861,1,0,1,0
-0.165543,-0.536734,0.740956,-0.302331,0.596332,-0.747310,0.677633,0,0,0,0
-0.504549,0.187014,0.974792,-0.432853,0.046033,-0.709862,-0.855636,0,1,0,1
0.083394,-1.028543,0.991842,-0.158725,0.240127,-1.226354,0.235566,0,0,0,0
-0.041673,-1.160061,1.059713,-0.074675,0.032510,0.173370,-0.565302,1,0,1,0
-0.371873,-0.713465,1.323153,-1.080599,-0.086852,1.146094,1.562776,0,0,0,0
-0.227261,0.050340,0.888943,-1.186798,-0.309915,-0.279768,-0.367856,0,0,1,1
-0.099103,-0.758334,1.393663,0.159461,0.149682,0.721820,1.136369,0,0,0,0
-0.840162,-0.015682,0.465504,0.225057,0.087466,-0.790887,-0.683190,1,0,0,1
-0.739119,-0.319116,1.272611,-0.693125,1.028574,-1.076033,1.232798,0,0,0,0
-0.886657,0.185845,0.469642,-0.209168,0.896058,-0.673452,-0.383327,1,1,0,0
-0.153024,-0.838910,1.949362,0.217725,0.767562,-0.811326,0.891550,0,0,0,0
-0.029272,-0.109477,0.964161,-0.861604,-0.063361,-0.161924,-0.375470,1,1,0,0
-0.909731,-0.012824,1.050243,-0.704984,0.735247,-1.479533,0.185328,0,0,0,0
-0.843927,0.403255,0.861621,-1.070228,1.237182,-0.832035,-0.329190,0,0,1,1
-0.337271,-1.022863,1.080806,-0.095374,0.893857,2.353368,1.223942,0,0,0,0
-0.489154,-0.432600,1.357788,-0.688932,0.186130,-0.097863,-1.330470,0,1,1,0
-1.005697,0.112674,1.176603,-0.381919,0.876407,-0.063849,1.328026,0,0,0,0
-0.899479,0.687130,0.976415,-1.118778,0.262785,-0.501101,0.356048,1,1,0,0
-0.368544,-0.732604,1.549044,-0.226468,0.891618,-0.733674,1.252569,0,0,0,0
-0.945397,-0.971336,1.658713,0.407486,0.345355,-0.619888,-0.404649,0,0,1,1
-0.975314,-0.691242,1.777151,-0.120670,0.723414,-1.062805,0.991465,0,0,0,0
-1.119011,-0.406828,0.951601,-0.686249,1.871562,-0.456980,-0.481671,1,1,0,0
-0.423390,-1.092056,1.646204,0.527028,1.121731,2.693966,0.783367,0,0,0,0
-0.834002,-0.478600,0.509732,0.065441,0.182615,-0.931355,-0.643832,1,1,0,0
-1.039794,-0.426875,1.522372,-0.985934,0.641318,0.527515,1.223840,0,0,0,0
-1.044764,0.138899,0.956743,-1.326498,0.622590,0.331514,-0.412632,0,0,1,1
-0.686337,-0.877753,1.368126,0.397115,0.629513,0.221885,0.609792,0,0,0,0
-0.721261,0.301358,0.542075,0.220224,-1.334031,-0.404955,-0.169307,1,1,0,0
-0.990248,-0.511885,1.915342,-0.787912,0.944386,-0.712915,0.346557,0,0,0,0
-1.112082,0.594130,0.827694,-0.847417,0.676820,-0.374669,-0.603597,0,1,0,1
-0.061535,-0.750784,1.053401,-0.748616,0.364912,3.823390,1.381548,0,0,0,0
-0.303615,-0.284440,1.400252,-0.831189,-0.364387,-0.310539,-0.170084,0,1,0,1
-1.135129,0.032749,1.044811,-0.268044,0.559420,-0.147413,1.118261,0,0,0,0
-0.981863,0.227032,1.548741,-1.388955,1.325697,0.310895,-0.691185,1,0,1,0
-0.108315,-0.774051,1.120877,-0.208159,0.514121,0.113525,1.295941,0,0,0,0
-0.589322,-0.642203,1.475177,-0.195582,0.678499,-0.755749,-0.586341,0,1,0,1
-1.059025,0.368107,1.378908,-0.970243,-0.152933,-0.830015,0.376387,0,0,0,0
-0.801900,0.727083,1.174993,-1.412784,0.653946,0.973310,-0.272735,1,1,0,0
-0.626778,-0.082495,0.283561,0.780447,-0.280372,-1.461855,0.373766,0,0,0,0
-0.728809,-0.441967,1.382635,-0.286520,0.228742,-0.226661,-1.056110,1,0,0,1
-1.197090,0.642170,0.775774,-0.490075,0.549621,0.594184,1.316591,0,0,0,0
-1.495873,0.278618,0.900819,-0.983056,0.977070,-0.583958,-0.663476,0,0,1,1
-0.482077,-0.498318,1.343128,0.559529,-0.020275,0.546482,0.866631,0,0,0,0
-0.517377,0.362166,0.423848,-0.249483,-1.025943,-0.621803,-0.983242,0,0,1,1
-0.829988,-0.194673,1.999717,-1.062593,0.542086,-0.972596,0.839940,0,0,0,0
-1.067082,0.775581,1.051669,-1.643381,0.209750,-1.110384,-1.123232,1,1,0,0
-0.260291,-0.596936,1.329765,-0.115687,0.503559,-0.974443,0.937293,0,0,0,0
-0.583351,-0.394135,1.317398,-0.617138,0.714730,-0.829909,-0.050950,0,1,0,1
-0.587677,0.189129,1.840244,-0.969950,1.035514,2.401450,1.053048,0,0,0,0
-0.886338,0.659298,1.476488,-1.736120,1.185382,-0.448279,-0.604190,1,1,0,0
-0.344744,-0.984313,2.026394,0.294413,0.991748,1.871627,0.522897,0,0,0,0
-0.643154,-0.492838,1.478314,-0.665608,-0.065384,0.236684,-0.977662,0,1,0,1
-0.983910,0.150701,1.841752,-0.565757,0.599547,0.019052,0.547710,0,0,0,0
-1.050740,0.352428,1.775138,-1.220157,0.858368,-0.601654,-0.828942,1,1,1,1
0.626422,-1.078130,-0.617648,1.512016,-1.553163,-0.388682,0.604154,0,0,0,0
0.523466,-1.159783,-0.729044,0.431792,-1.948186,-0.464129,-0.482801,1,0,1,0
0.191116,-0.384756,-0.303529,0.968068,-2.024453,0.514185,1.105869,0,0,0,0
-0.038922,0.828903,-0.376946,0.346420,-1.333433,-0.230348,-1.017676,0,1,0,1
-0.129072,-1.088152,1.081402,0.261988,0.900858,0.533271,0.799987,0,0,0,0
0.024163,-0.854278,0.766121,-0.114439,0.068081,-0.710692,-0.642241,1,0,1,0
-0.136960,-0.472158,0.548954,0.057514,-0.126772,-0.658256,0.893116,0,0,0,0
-0.057963,-0.244300,0.399146,-0.409990,0.448030,0.064024,-0.813817,0,0,1,1
-0.025843,-0.368401,0.674058,-0.069917,0.172506,-0.926020,0.243508,0,0,0,0
-0.111063,-0.943541,0.684343,-0.895301,-0.461994,-1.022004,-0.954163,1,0,0,1
-0.655943,0.172952,0.722498,-0.315140,0.077752,0.235621,1.426636,0,0,0,0
-0.401781,0.126039,0.766038,-0.781614,0.827517,0.555504,-0.818063,1,1,0,0
0.121416,-0.778778,1.258085,0.021018,0.176970,1.731951,0.918456,0,0,0,0
-0.288765,-0.763265,0.735129,-0.203187,-0.101428,0.165587,-0.737665,1,1,0,0
-0.626179,-0.216496,1.372226,-1.499908,0.527986,-0.337605,0.961439,0,0,0,0
-0.831239,0.356853,1.026776,-0.948122,0.696413,-0.108053,-0.766538,0,0,1,1
-0.150559,-0.426707,1.067229,-0.407142,0.294397,-0.658103,0.721090,0,0,0,0
-0.390161,-0.419203,1.305393,-0.165424,0.890836,0.105111,-1.130589,1,0,1,0
-0.759830,0.372446,1.217918,-1.312665,0.707890,-0.917196,0.230823,0,0,0,0
-0.829047,0.769555,0.890319,-0.359761,1.062259,-0.664509,-0.648028,0,1,0,1
-0.250941,-0.771593,1.336695,0.319059,0.600072,2.697541,1.226207,0,0,0,0
-0.350354,-0.016588,0.868412,-0.923484,0.016055,0.096061,-0.307139,0,1,0,1
-1.061030,0.088013,1.097000,-0.423427,1.164152,-0.593922,1.160716,0,0,0,0
-0.889482,0.456199,0.798023,-1.018638,0.802365,0.115895,-0.706471,1,0,1,0
-0.468094,-0.740229,1.066218,0.231043,-0.093717,-0.275813,1.332882,0,0,0,0
-0.490085,-0.062208,-0.098055,-0.610168,0.390766,-0.010801,-0.873069,0,0,1,1
-0.602309,0.081257,1.237172,-1.384021,0.250857,-0.261178,0.915263,0,0,0,0
-0.632203,1.131908,0.656209,-1.569924,-0.030307,-0.433095,-0.080835,1,1,0,0
-0.217992,-1.190392,1.750430,0.106605,1.227046,3.207162,0.924816,0,0,0,0
-0.412651,-0.893635,1.156953,-0.477083,0.099478,-0.000665,-0.334813,0,1,1,0
-0.342902,-0.450333,1.328604,-0.970987,0.377635,0.711109,0.782665,0,0,0,0
-0.418380,-0.492330,1.228000,-0.486328,0.811779,-0.549175,-0.241271,0,0,1,1
-0.282814,-1.005108,1.361966,0.666056,0.901464,-0.667812,1.001068,0,0,0,0
-0.247571,-0.851026,1.298553,-0.251929,0.972940,0.034620,-0.246613,1,0,0,1
-0.570905,-0.849940,0.837342,-0.630974,0.866708,-1.556632,0.193247,0,0,0,0
-0.541631,-0.797252,0.749993,0.235401,-1.057739,-0.350777,-1.975678,0,1,1,0
-0.021302,-0.821069,1.690979,0.576886,0.335025,4.134539,1.064699,0,0,0,0
0.016805,-0.880910,0.376387,0.434758,-0.735510,-0.480165,-0.586921,0,1,1,0
-0.060354,-0.726762,1.608705,-0.610034,-0.498073,0.534995,1.222698,0,0,0,0
-0.153473,-0.863350,0.740028,0.102632,-1.376242,-0.656824,0.066419,1,0,0,1
-0.099157,-0.683260,1.055578,1.046468,-0.898218,-0.672852,0.938452,0,1,0,0
0.053990,-0.458883,0.948172,1.446024,-0.630612,0.929109,-0.015434,0,0,1,1
0.138615,-0.636026,0.909555,0.615453,-0.581627,-0.893124,0.624716,1,0,0,0
0.123131,-0.717336,-0.009354,1.366533,-1.398501,0.256893,-0.059066,0,0,1,1
-0.016488,-1.623849,0.941462,1.432263,-1.109934,-0.280718,0.955967,0,1,0,0
-0.015837,-2.134123,1.377999,1.159819,-0.644421,-0.263323,1.046582,1,0,0,1
0.326837,-2.150718,1.144817,1.022124,-1.288386,0.715100,0.630797,0,0,1,0
0.828117,-1.955674,0.840980,0.379777,-1.552891,0.082544,0.534723,0,1,0,0
-2.701341,3.489051,-1.246363,-3.527211,0.541221,-0.318600,-1.442753,0,0,0,0
-3.174520,2.696191,-0.731741,-4.287252,0.170364,-0.175120,-1.620833,0,0,0,0
-3.106552,3.655232,-1.257308,-3.959876,-0.165743,-0.239864,-1.114305,0,0,0,0
-3.680254,2.928562,-1.094595,-4.171809,0.068123,-0.680003,-1.764530,0,0,0,0
-3.948333,3.397285,-1.344816,-4.585884,0.843291,-0.346070,-2.161496,0,0,0,0
-4.611400,3.786033,-0.618207,-4.980095,0.607547,-1.118730,-2.091435,0,0,0,0
-4.645126,3.546628,-0.682730,-5.327095,0.584301,-0.120359,-2.087458,0,0,0,0
-4.339615,4.036615,-1.832417,-5.618267,1.203060,0.100212,-2.378201,0,0,0,0
-4.130576,4.365716,-2.140764,-6.105275,1.638647,-0.141380,-2.446424,0,0,0,0
-4.574977,4.735311,-1.983099,-6.646303,2.318501,-0.921733,-2.602979,0,0,0,0
-4.399185,4.710709,-2.514670,-6.203711,1.986351,-0.143332,-2.409732,0,0,0,0
-5.136308,4.496748,-1.921370,-7.086580,2.299760,-0.919561,-2.799657,0,0,0,0
-5.485789,4.037495,-2.005215,-7.108355,2.098245,-0.693492,-3.237956,0,0,0,0
-4.384861,2.010875,-1.279707,-5.483498,-0.064876,-0.117170,-3.304646,0,0,0,0
-4.429535,3.086793,-1.524320,-5.762052,-0.391023,0.306892,-3.335793,0,0,0,0
2.010805,-2.971156,0.552047,-0.203083,-1.995250,5.070082,-0.730365,1,0,0,1
0.904802,0.851125,-0.698246,1.110187,-1.716484,-0.268243,1.476549,0,0,0,0
1.503041,-0.333102,-1.225177,0.374512,-2.652183,-0.409219,-0.288751,1,0,0,0
1.213631,-0.559916,-0.046220,0.700783,-1.550657,-0.737110,0.862018,0,0,0,0
1.156384,-0.478538,-0.632545,1.644100,-2.656620,-0.380670,0.329750,1,1,0,0
1.116901,-0.695865,0.164110,0.057736,-1.284949,-0.866533,0.430461,0,0,0,0
1.094660,-1.126104,0.156366,1.369303,-1.059743,-0.224690,-0.182030,0,1,0,1
0.813797,-0.923764,0.412628,1.680506,-0.304589,0.987038,0.912429,0,0,0,0
0.098702,-1.356955,0.781140,1.688743,-0.113899,0.324265,-0.462426,1,0,1,1
0.095564,-2.000951,0.492031,1.171833,0.215863,0.399193,0.648900,0,0,0,0
-0.606914,-1.578382,1.187095,1.540997,-0.418579,-0.622952,0.073878,0,1,1,0
0.053161,-1.106864,0.754737,0.074802,-0.252306,-0.131459,0.868482,0,0,0,0
-0.248893,-1.169693,0.560312,0.943888,0.213798,-0.690739,-1.386492,1,1,0,1
-0.307942,-1.692880,1.034403,0.869330,0.607350,-0.865063,0.678083,0,0,0,0
-0.360920,-1.079230,0.948366,0.413277,-0.075956,-0.536363,-0.427684,0,0,1,1
-0.515621,-0.213883,0.644198,0.547276,0.186012,0.270679,0.086006,0,0,0,0
-0.605057,-0.672692,1.554916,0.485059,0.287074,-0.494406,-0.647962,1,0,1,1
-0.241418,-1.148706,0.762567,-0.060780,0.777511,2.219732,0.932744,0,0,0,0
-0.650646,-0.267410,0.126497,0.854117,-0.638249,-0.691749,-1.897115,1,1,0,0
-1.095593,-1.102128,0.622833,-0.192177,0.803923,-0.444628,0.604773,0,0,0,0
-0.950181,-0.507527,0.514243,0.892837,0.178600,-0.497436,-0.133360,1,0,1,1
-0.356656,-0.960436,0.509872,0.116973,0.297520,-0.978359,0.406491,0,0,0,0
-0.778182,-0.820304,1.311881,0.718949,0.098935,-0.739340,-0.949895,0,1,1,0
-0.497601,-0.812732,0.798683,-0.824131,0.659076,-0.397777,0.316232,0,0,0,0
-0.788016,-1.155611,0.146109,-0.385987,0.156655,-0.088126,-2.555452,1,1,0,1
-0.417358,-0.900085,0.749253,0.259682,0.204042,3.561712,1.145314,0,0,0,0
-0.381740,-1.273609,0.862375,-0.175355,0.995818,0.218506,-0.787994,1,0,0,1
-0.776318,-0.717987,0.903664,0.169698,1.053774,0.452880,0.642776,0,0,0,0
-1.202102,-0.685785,1.863011,0.267621,1.215652,-0.738321,-0.951785,0,1,1,1
-0.079351,-0.950764,1.534771,0.360501,0.368195,-0.091227,0.689620,0,0,0,0
-0.351453,-1.158698,0.472973,-0.647673,0.066063,-0.196832,-1.470468,1,0,1,1
-0.939211,-0.663691,0.805551,-0.469021,1.379373,-0.319524,0.057036,0,0,0,0
-0.763054,-0.307361,0.854595,-0.584457,1.261818,-0.818367,-0.508744,1,1,1,0
0.203106,-0.817673,0.676596,-0.468398,-0.119919,3.692896,0.969714,0,0,0,0
-0.891650,-1.157765,1.791575,0.457154,0.475123,-1.188724,-1.018932,1,1,0,0
-0.826659,-0.551218,0.878049,0.044600,1.233891,1.188283,0.759869,0,0,0,0
-2.057797,-0.718895,2.714960,-0.341255,1.395355,-1.056386,-0.835043,1,0,1,1
-0.300192,-0.883410,0.624022,1.218843,-0.241869,0.069077,0.703476,0,0,0,0
-0.375111,-0.994602,0.595806,-0.005098,0.836699,0.414627,-1.535996,0,1,0,1
-0.692114,-0.577232,1.160248,-0.618221,0.909973,-0.997488,-0.069460,0,0,0,0
-1.052933,-0.443153,0.381677,-0.693013,1.312052,-0.745530,-0.841644,1,1,1,0
-0.252185,-0.910110,0.690899,0.433996,1.478063,-0.992816,0.232167,0,0,0,0
-0.805678,-0.955919,1.514409,-0.119145,0.748016,-0.789674,-0.977304,0,0,1,1
-0.553318,-0.684603,0.688702,-1.374672,1.453449,1.454329,1.037569,0,0,0,0
-0.979674,0.151103,0.227954,-0.729971,0.848963,0.184775,-1.317044,1,1,0,1
-0.482844,-1.278441,1.511191,0.671642,0.559131,0.277513,0.917279,0,0,0,0
-0.660428,-0.555101,0.504397,-0.063681,0.179201,0.226875,-0.171597,1,0,1,0
-0.700052,-0.279152,0.274617,-1.017754,0.876905,-0.330470,0.385940,0,0,0,0
-1.403361,-0.068045,1.192068,-0.256771,0.963521,-0.109078,-0.911219,1,0,1,1
-0.451941,-1.102147,0.478506,0.564527,0.744667,-0.805556,0.189026,0,0,0,0
-0.994786,-0.445969,0.013732,0.459873,-0.119614,-0.606012,-1.129169,0,1,0,1
-0.932451,-0.343977,1.005077,-0.956754,0.810669,0.272966,1.255366,0,0,0,0
-1.142183,0.028635,0.922321,-0.299721,1.069806,-0.416589,-0.668892,1,1,0,1
-0.383212,-1.129694,0.734949,0.429062,0.486388,0.724901,0.377595,0,0,0,0
-0.858881,-0.710078,1.288530,1.198196,0.574708,-0.936667,-0.958177,1,1,0,0
-1.081270,-0.330113,0.114366,-0.377893,0.609252,-0.424948,0.803468,0,0,0,0
-1.289756,0.194405,0.886729,0.471206,1.641968,-0.369751,-0.357272,1,0,1,1
-0.824559,-1.299776,0.008493,1.016296,0.509595,-0.889183,0.557798,0,0,0,0
-0.869886,-0.610721,0.666164,0.524914,0.775269,-0.456295,-0.207772,0,0,1,1
-0.733803,-0.510645,0.211367,-0.146672,0.846829,2.258491,0.625923,0,0,0,0
-1.399003,-0.343869,1.972310,-0.478856,1.791871,0.111732,-0.470063,1,1,0,1
0.118636,-1.162556,1.404720,0.094228,0.679629,1.846507,0.575998,0,0,0,0
-0.721520,-1.321128,1.051658,-0.494033,0.530536,-0.133757,-2.084359,1,1,1,0
-0.928063,-1.287629,1.596445,-0.097785,2.104399,-0.741282,0.772952,0,0,0,0
-0.930412,-0.695099,1.072870,-0.483456,2.028511,-0.281080,-0.588230,1,0,1,1
-0.097246,-0.953783,0.591436,-0.116392,0.508043,-1.107786,0.275180,0,0,0,0
-0.684690,-0.766276,1.163683,0.399476,0.448467,-0.927002,-0.716583,0,1,0,1
-0.779173,-1.061432,1.068013,-0.167416,1.723236,2.220965,0.719310,0,0,0,0
-1.644777,-0.655874,1.148736,-0.309286,1.607556,-0.766470,-0.908244,1,1,0,1
-0.386655,-1.305451,1.225004,0.289039,1.259915,2.443345,0.575777,0,0,0,0
-0.595870,-1.036684,0.820444,-0.372758,0.962266,-0.355547,-0.704409,0,1,1,0
-0.965695,0.253753,0.106580,0.076206,0.298000,-0.324606,1.134448,0,0,0,0
-0.952436,0.534977,0.734325,-0.325294,1.573456,-0.532067,-0.432333,1,0,1,1
-0.314731,-0.764337,0.218870,0.604088,0.575481,-0.217414,0.207206,0,0,0,0
-0.945086,-1.125908,1.569589,0.349545,0.616539,-0.578356,-1.123739,0,1,1,0
-0.720321,-0.279715,0.742830,-0.827025,1.057896,-0.162805,0.321902,0,0,0,0
-0.794263,0.098546,0.717474,-0.315487,1.455816,-0.456326,-1.548527,1,1,0,1
-0.503440,-1.064283,1.557908,0.144580,0.871457,2.909153,1.066835,0,0,0,0
-0.584252,-0.780839,0.772348,-0.109420,0.516986,-0.666467,-0.127959,0,0,1,1
-0.860922,-0.571688,0.541730,-0.360734,1.128368,0.178763,0.544571,0,0,0,0
-1.664289,-0.421088,1.837086,-0.336735,1.297099,-0.590111,-0.679426,1,0,1,1
-0.197301,-0.966417,0.862942,-0.207293,0.379534,-0.434619,0.571580,0,0,0,0
-0.674687,-1.248360,0.347340,-0.000581,1.041712,-0.013784,-1.025451,1,1,0,0
-1.249983,-0.384105,0.589268,-0.383692,1.077965,-1.290959,-0.215779,0,0,0,0
-1.031339,-0.520973,1.132095,-0.915805,2.026300,0.451753,-0.891803,1,0,1,1
-0.364478,-0.401586,0.390120,0.298281,1.061670,2.706074,0.974592,0,0,0,0
-1.365300,-0.634990,1.396805,0.620578,0.981784,-0.919662,0.087347,0,1,1,0
-0.538145,-0.487155,1.001658,-0.593540,1.637643,1.305069,0.778926,0,0,0,0
-0.886699,0.518981,0.114809,-0.082861,1.211355,-1.037599,-2.079889,1,1,0,1
-1.007835,-0.091126,-0.043786,0.654384,0.705537,-0.832170,0.597143,0,0,0,0
-1.244647,0.400146,-0.008712,1.028185,0.486639,-0.696648,-0.359121,1,0,1,1
-0.591308,0.413700,-0.658811,1.368611,0.050834,-0.774689,0.125887,0,0,0,0
-1.255513,0.230945,1.122104,1.237326,-0.230880,-0.202289,-1.131213,0,1,1,1
-1.260338,0.468917,-0.418840,1.768295,0.664999,3.201695,1.021428,0,0,0,0
-1.274436,0.527897,-0.681923,0.729158,-0.052488,0.101122,-1.908066,1,0,1,1
-0.902865,0.618654,-0.734132,2.151242,0.231266,1.544679,0.908917,0,0,0,0
-1.669878,0.895057,-0.706824,1.278685,0.276193,-0.359908,-0.865842,1,0,1,1
0.067821,-0.296158,-1.185311,1.780435,-0.969062,-0.424040,0.774912,0,1,0,0
0.305171,-1.142570,-0.530826,1.741371,-1.406650,-0.237929,-0.048532,0,0,0,1
-0.150192,-1.662027,0.523509,1.330719,-0.372039,-0.057751,0.271887,0,0,1,0
-0.161276,-1.446922,-0.092463,1.387177,-1.105934,-0.650800,-0.384874,1,1,0,0
-0.356437,-0.680340,0.022635,1.214654,-0.175909,1.600184,0.881902,0,0,0,1
-0.555803,-1.318482,-0.190808,1.639256,-0.925548,-0.367479,-0.879703,1,1,1,0
0.340484,-0.673469,-0.288684,1.390715,-1.659620,1.971568,0.989863,0,0,0,1
0.495106,-1.286026,-0.269658,1.580552,-1.415947,-0.119619,-0.667061,0,1,0,0
-0.091392,-0.622649,-0.254887,2.085832,-0.640692,-1.032626,0.892541,0,0,1,0
-0.375178,-0.791837,-0.433055,2.157841,-0.455602,-0.790608,-1.044131,1,0,0,1
-0.665271,-0.480608,-0.298842,0.819806,-0.732301,-0.786562,0.699139,0,1,0,0
-0.608661,-0.780362,0.027701,1.048418,-0.349966,0.090665,-0.948473,1,0,1,1
0.167358,-0.761186,-0.856877,2.219363,-1.066204,-1.034054,0.288869,0,1,0,0
0.248612,-1.645198,-0.230431,1.208796,-1.008699,0.105273,-0.872691,0,0,1,0
0.010171,-2.043774,0.481458,1.279200,-0.522910,-0.496044,0.921740,1,0,0,0
-0.124368,-1.657411,0.151935,1.122662,-0.395035,-0.115617,-1.686791,0,1,0,1
-0.219210,-0.835988,0.251464,1.442755,-0.936274,-0.424194,0.773932,0,0,1,0
-0.299394,-1.151817,0.302276,1.551210,-0.931538,-0.159999,-1.024594,1,1,0,1
0.171590,-1.251319,-0.697513,1.858465,-1.722342,0.113756,0.114272,0,0,1,0
0.411781,-2.103839,-0.044074,1.359114,-0.954172,-0.603601,-0.305026,1,0,0,0
-0.075500,-0.260020,-0.418455,1.331967,-1.213435,-1.236052,0.173796,0,1,0,0
-0.205172,-0.863346,0.208386,0.927053,-1.033323,-1.026582,-1.034005,0,0,1,1
-0.278229,-0.275520,-0.202125,0.635274,-0.290373,0.981485,1.004723,1,0,0,0
-1.074797,-0.826441,0.525697,2.108785,-0.733659,-0.884207,-1.124371,0,1,1,1
-0.187349,-0.562532,-0.796363,2.224080,-0.989857,1.005383,0.772851,1,0,0,0
0.080437,-1.572034,-0.406186,1.449821,-1.448643,-0.739308,-0.945970,0,0,1,0
-0.009914,-2.019090,0.750598,0.706591,-0.675016,-0.391786,0.767597,0,1,0,0
-0.154572,-1.898960,0.225892,1.272902,-0.324574,0.317945,-0.739944,1,0,0,1
0.659194,-1.870107,0.739605,0.966858,-1.151876,0.302774,-0.049792,0,0,1,0
-0.112171,-2.318769,0.584339,0.660047,-1.138034,-0.341054,-0.401421,1,1,0,0
-0.158208,-2.379444,0.647892,1.167925,0.700640,0.562385,0.807402,0,0,0,1
-0.489727,-1.005835,0.720162,1.381735,-0.214480,-0.557650,-1.105565,1,1,1,0
0.601236,-1.336359,0.385464,1.189385,-1.684120,2.053957,1.210474,0,0,0,0
-0.113460,-2.152977,1.121652,2.281346,-1.566781,-0.228139,-0.956312,1,0,1,0
-0.301364,-1.258729,0.033896,1.724764,-0.639699,-0.153832,0.588406,0,0,0,0
-0.814921,-0.687614,1.376017,1.572611,-0.092526,-0.330709,-0.259463,1,1,0,1
-0.083658,-1.131963,1.020718,0.728618,0.562948,-1.024846,0.250742,0,0,0,0
-0.090317,-1.167584,0.931827,0.273024,-0.211020,-0.402149,-1.145707,0,1,0,1
-0.390535,-1.114187,1.091235,0.375704,0.932586,-1.030762,0.211293,0,0,0,0
-0.617400,-0.737311,0.518810,0.531535,0.176752,0.109964,-0.448790,1,0,1,1
-0.240130,-1.246510,0.580966,0.188792,0.895641,1.805385,0.790185,0,0,0,0
-1.303544,-0.632658,0.974253,0.658890,-0.378906,-0.770171,-0.755026,0,1,1,0
-0.526714,-0.801644,1.216525,-0.546196,1.405305,0.845394,0.846774,0,0,0,0
-0.821711,-0.411828,-0.284460,0.104936,0.020569,-0.883848,-1.958067,1,1,0,1
-0.420192,-1.685877,0.939218,0.303479,0.907955,-0.360067,0.852959,0,0,0,0
-0.545010,-0.835063,0.723151,0.114944,0.592149,-0.098425,-1.169512,0,0,1,1
-0.396315,-0.478050,1.060992,-0.247587,0.980769,0.349910,0.292501,0,0,0,0
-1.260399,-0.297395,1.666864,0.214518,1.317560,-0.889022,-0.630466,1,0,1,1
-0.212898,-0.974167,0.395146,0.176860,0.306768,3.117051,1.056628,0,0,0,0
-0.339548,-0.587978,0.704701,-0.175597,0.062328,-0.640203,-1.378576,1,1,0,0
-1.362029,-0.958786,0.671023,-0.417907,1.286622,-0.239154,0.705203,0,0,0,0
-1.286727,-0.146112,0.814799,-0.316798,1.723451,-0.627856,-0.454284,1,0,1,1
-0.312187,-1.310822,0.708954,-0.320148,0.595034,-0.638365,0.606355,0,0,0,0
-0.675199,-1.324765,1.574658,0.061766,0.842796,-0.784367,-1.224670,0,1,1,0
-1.005009,0.291741,-0.050408,0.059782,-0.003702,0.079857,0.254513,0,0,0,0
-1.142582,-0.626289,0.422441,-0.682351,1.503840,-0.355458,-1.374951,1,1,0,1
-0.321392,-1.526874,0.940230,0.491752,0.201994,3.701034,1.068766,0,0,0,0
-0.661280,-0.834405,0.725207,-0.349839,0.445682,-0.373712,-0.864545,1,0,0,1
-0.406247,-0.918179,0.913564,-0.180048,1.257015,1.307386,0.766300,0,0,0,0
-1.543680,-0.289079,1.735777,0.074376,1.031558,-0.752754,-1.008915,0,1,1,1
-0.349403,-1.021879,1.226835,0.763710,0.779093,0.494844,0.714434,0,0,0,0
-0.388602,-1.222560,0.556216,-0.124845,0.202307,0.394882,-0.984694,1,0,1,1
-0.592783,-1.373935,1.407289,-0.129326,1.077086,-0.543791,0.162019,0,0,0,0
-0.723383,-0.161128,0.994247,-0.785943,1.254616,-0.501560,-0.590352,1,1,1,0
-0.059178,-0.904829,0.710428,-0.587022,1.110407,3.660450,1.062710,0,0,0,0
-0.714222,-0.953260,1.929474,0.144390,0.604268,0.014036,-1.134395,1,1,0,0
-0.772448,-0.721175,1.222064,-0.544844,1.700182,1.633710,0.843549,0,0,0,0
-1.991851,-0.344511,1.925289,0.228900,1.081671,-0.830642,-0.704526,1,0,1,1
-0.535246,-1.069500,0.761529,0.406428,0.125823,0.403265,0.494479,0,0,0,0
-0.655015,-0.301956,0.106786,0.764389,0.155708,-0.437787,-1.663715,0,1,0,1
-0.807598,-0.584965,0.915376,-0.785336,1.388537,-0.737651,0.085732,0,0,0,0
-1.309696,0.205691,-0.279917,-0.577178,1.135424,-0.658547,-1.236878,1,1,1,0
-0.349743,-0.896977,0.773878,0.814101,1.048436,-1.202412,0.618389,0,0,0,0
-1.081203,-0.140389,0.766221,0.586824,0.250043,-0.393309,-0.387898,0,0,1,1
-0.598017,-0.947630,0.617943,-1.167066,1.168280,2.442898,1.018815,0,0,0,0
-1.037364,0.205044,-0.214544,-0.558882,0.834503,-0.179749,-1.724778,1,1,0,1
-0.457737,-1.172401,1.855078,0.526809,0.878915,0.546538,0.717438,0,0,0,0
-0.419332,-1.426966,0.904251,-0.579652,1.116371,-0.735036,-0.729254,1,0,1,0
-0.751847,-0.194799,0.046612,-0.752850,0.435867,-0.332076,0.530318,0,0,0,0
-1.288854,-0.510362,1.432411,-0.738824,1.418676,0.383300,-0.891820,1,0,1,1
-0.527965,-0.788270,0.213847,0.640366,0.295725,-1.050321,0.361265,0,0,0,0
-0.840819,-0.979719,0.609874,0.186424,0.450580,-0.512013,-0.612770,0,1,0,1
-1.040688,-1.188283,1.418302,-0.513248,1.550390,1.055231,1.344455,0,0,0,0
-1.186599,-0.017210,0.937173,-0.437090,1.313117,-0.140525,-0.648231,1,1,0,1
-0.284897,-1.023223,1.054962,-0.363281,1.351266,1.746107,0.533489,0,0,0,0
-0.973218,-0.899954,1.861077,0.380956,0.743542,-0.521703,-0.487404,1,1,0,0
-0.974511,-0.285479,-0.327070,-0.081290,-0.127761,-0.073484,0.575042,0,0,0,0
-0.979911,-0.207675,0.734186,0.654018,1.314811,-0.957796,-0.155517,1,0,1,1
-0.713318,-0.897810,0.736891,0.898644,0.015620,-0.889792,0.313707,0,0,0,0
-0.772370,-0.437205,0.612285,1.028209,0.503652,-0.153559,0.048790,0,0,1,1
-0.643438,-0.377554,0.254037,-0.508069,1.027100,2.680822,0.827848,0,0,0,0
-1.492079,-0.249376,1.568173,-0.042742,1.161978,-0.345855,-0.664911,1,1,0,1
0.061385,-0.724070,0.930881,0.312240,0.311855,2.235268,0.464123,0,0,0,0
-1.125878,-0.813082,0.586915,0.626080,0.402516,-0.833719,-1.348634,1,1,1,0
-0.973760,-1.135893,1.437480,-0.436687,2.355951,-0.187847,1.142953,0,0,0,0
-1.215787,-0.259113,0.438893,-0.386492,1.711642,0.016788,-0.982943,1,0,1,1
-0.073312,-0.913018,0.864494,0.092377,0.381182,-0.744012,0.405099,0,0,0,0
-0.748397,-0.607410,1.762320,-0.135091,0.621725,-0.761662,-0.864588,0,1,0,1
-1.164557,-0.465611,0.544678,0.332351,1.316781,-0.569225,-0.233206,0,0,0,0
-1.359116,-0.811550,1.802706,-0.631675,2.330050,0.366931,-0.781945,1,1,0,1
-0.442459,-1.084368,1.079904,0.276012,1.512698,2.613132,0.732990,0,0,0,0
-0.683421,-1.164686,0.771775,-0.211282,1.023574,-0.326081,-0.248365,0,1,1,0
-0.697802,-0.034087,0.440393,-0.202372,-0.036483,-0.104934,0.957819,0,0,0,0
-0.928560,0.153186,0.897763,0.004316,0.926701,-0.037647,-0.275922,1,0,1,1
-0.050601,-0.790464,0.563494,-0.093562,0.529319,-0.711643,0.269139,0,0,0,0
-0.893242,-1.235259,1.874005,0.109014,0.515648,-0.695029,-1.429099,0,1,1,0
-0.953187,-0.063559,0.723992,-1.187042,1.571228,-0.622021,0.273667,0,0,0,0
-0.768506,-0.026474,0.949605,-0.577456,2.096359,-0.538831,-0.485376,1,1,0,1
-0.081939,-0.987319,1.258423,-0.206426,0.608123,3.267198,1.104418,0,0,0,0
-0.401107,-1.060864,0.732629,-0.014512,0.490170,-0.203636,-0.421036,0,0,1,1
-0.634302,-0.762587,0.859312,-0.733827,1.345116,0.432199,0.590650,0,0,0,0
-1.476076,-0.490538,2.011414,-0.256974,1.586156,-0.819784,-1.034038,1,0,1,1
-0.202721,-0.882584,-0.002000,-0.478779,-0.248001,-0.476681,0.594906,0,0,0,0
-0.982839,-0.407387,-0.113306,0.031659,0.057109,-0.779881,-0.978530,1,1,0,0
-1.096066,-0.853479,1.245383,-0.809418,1.428021,-1.304927,0.006794,0,0,0,0
-1.362684,0.268491,0.475087,-0.120758,0.977417,-0.615331,-0.940035,1,0,1,1
0.010052,-1.374175,1.330929,0.181857,0.920698,3.827675,1.112309,0,0,0,0
-0.856807,-1.923783,1.709490,0.344749,1.228676,-0.533232,0.192792,0,1,1,0
-0.296155,-0.998368,1.401915,-0.515377,0.749229,1.180227,0.744095,0,0,0,0
-0.414647,-0.524689,0.857588,-0.681860,2.088455,-0.942093,-1.884427,1,1,0,1
-0.131776,-1.189939,1.054265,0.196469,0.320784,-0.247428,0.505913,0,0,0,0
-0.534905,-0.989051,1.258791,0.084609,0.772700,-0.635381,-1.175971,1,0,1,1
-0.624802,-0.257599,0.575866,-0.786627,0.853833,-0.239854,0.472092,0,0,0,0
-1.322861,-0.456229,2.554641,-0.277594,1.070029,0.225237,-1.170537,0,0,1,1
-0.767462,0.405191,-0.340418,1.439590,0.465000,3.723095,1.189864,1,1,0,0
-0.459085,-0.030235,0.067933,0.908460,0.372873,-0.218300,-0.973707,0,0,1,1
-0.670549,0.281184,-0.310637,1.351628,0.708442,1.479526,0.673748,0,1,0,0
-0.517208,-0.056233,0.434890,0.912869,0.304135,-0.490725,-0.854576,1,0,1,1
0.087711,-0.517223,-1.357751,1.576263,-0.575780,0.243860,0.769005,0,1,0,0
0.210204,-1.912425,-0.981345,0.557403,-0.777108,0.221145,-1.343983,1,0,1,0
0.138224,-1.435413,-0.295038,0.313258,-1.133476,-1.229045,0.172839,0,0,0,1
0.202297,-1.444751,-0.669792,1.171638,-1.003924,-0.604434,-1.480584,1,1,0,0
-0.251292,-0.409605,-0.901081,1.084883,-0.174727,-1.326986,0.553673,0,0,0,0
-0.150840,-0.952149,-1.133884,0.639154,-0.324509,0.018461,-1.343723,1,1,0,0
-0.292321,-0.199548,-1.183704,0.426385,-1.009657,0.338459,1.001192,0,0,0,0
-0.542466,-0.733769,-0.973066,0.312086,-1.334824,-0.385524,-1.870881,1,1,0,1
0.179695,-0.697409,-1.076955,1.790177,-1.343041,0.366420,0.982055,0,0,1,0
0.314660,-1.495376,-0.823836,1.430507,-1.654657,-0.632057,-1.311428,0,1,0,1
-0.621422,-1.239988,-0.991625,0.833603,-1.286352,-0.676625,0.461843,1,0,0,0
-0.134940,-1.174509,-0.413325,0.083464,-1.321913,-0.060861,-1.704063,0,1,1,1
-0.263114,0.509461,-1.055539,0.846157,-1.402660,-1.198987,0.552417,0,0,0,0
-0.582179,-0.542132,-1.353745,0.747458,-1.587047,-0.365136,-1.809773,0,0,1,1
-1.052285,-0.202165,-1.162341,0.232299,-0.273066,1.042811,1.127346,0,0,0,0
-0.778108,0.029464,-0.683378,0.455273,-1.013125,-0.481875,-2.368814,1,1,0,1
0.174250,-0.535393,-0.812752,1.855123,-1.476735,1.018621,0.812750,0,0,1,0
0.103244,-1.334280,-0.977935,1.124164,-1.165303,-0.582882,-1.442275,1,1,0,0
-0.145057,-1.346293,-0.747672,-0.086076,-1.444640,-0.764977,0.464075,0,0,1,0
-0.405405,-1.167245,-1.276122,0.657115,-1.374583,-0.578415,-1.316402,1,0,0,1
-0.323524,-0.425114,-0.316776,1.217948,-0.409168,-0.891826,0.245783,0,0,0,0
-0.185388,-0.471395,-1.066603,1.197900,-0.487326,-0.563205,-0.782404,1,0,0,1
-0.429035,-0.215866,-0.956612,0.045552,-1.496000,0.830049,1.075228,0,0,0,0
-0.099833,-1.658673,-0.393399,0.329859,-1.213560,-0.211932,-1.491392,1,1,0,0
-0.180813,-0.675982,-0.398277,0.693544,-0.347079,0.451176,0.769444,0,0,1,1
0.372777,-1.412604,-0.049664,0.496982,0.207897,-1.021304,-0.837614,1,1,0,0
-0.085469,-0.982630,-0.277222,1.003439,-1.262154,-1.149599,0.354408,0,0,1,0
0.489630,-0.447609,-0.144190,1.646024,-1.290757,1.896033,0.289826,1,0,0,1
0.351771,-1.530259,-0.274171,0.773571,-1.844080,-1.306830,0.842245,0,1,0,0
0.460862,-2.061113,-0.204525,-0.166634,-1.562937,0.457645,-1.081387,0,0,1,1
0.799543,-2.353658,0.119503,0.710541,-0.680844,-0.928817,0.335444,1,0,0,0
0.671214,-2.803435,0.128727,0.618337,-0.732836,0.349747,-0.983481,0,1,1,1
0.043186,-0.468237,-0.324052,1.963104,-1.007422,-0.018661,1.612823,0,0,0,0
0.809732,-1.340587,-0.272572,1.640097,-0.504485,-0.167464,-0.501104,1,1,0,0
0.798417,-2.275391,0.455568,0.981810,-0.996006,-0.893095,0.527882,0,0,0,0
0.304556,-2.197668,0.199641,2.006229,-1.699380,-0.109567,-1.203907,1,0,1,1
0.788316,-1.596859,0.049429,0.572403,-0.912441,-0.284507,0.818146,0,0,0,0
0.591855,-1.664953,0.219625,1.242838,-2.491777,-0.304299,-0.115782,0,0,1,1
0.477931,-1.103756,0.184410,0.299289,-1.418033,-0.862356,0.348310,0,0,0,0
0.169195,-1.465062,0.246929,1.374526,-0.195947,0.358589,-1.188653,1,0,0,1
0.277081,-1.223181,0.459109,0.381223,0.211786,0.083052,1.738257,0,0,0,0
0.174071,-1.532426,-0.145347,0.090998,0.016172,0.158207,-1.066589,1,1,0,0
0.035885,-0.950086,-0.157643,0.715987,0.089450,0.347912,0.950479,0,0,0,0
0.172826,-1.265882,-0.553471,-0.065346,-0.925159,-0.856525,-0.770956,1,1,0,1
-0.029826,-1.075289,0.980119,0.650996,0.661284,-0.882078,0.593475,0,0,0,0
-0.794141,-1.818749,0.686598,0.526424,-0.814016,-1.309252,-1.975745,0,0,1,1
0.350849,-0.985093,0.651467,0.120378,-1.671120,-0.168504,0.312110,0,0,0,0
-0.089221,-0.066272,0.534656,-0.175872,-0.704960,-0.391563,-1.252846,0,1,0,1
0.009405,-1.359796,1.021605,-0.447917,0.668730,2.361925,1.961455,0,0,0,0
0.171442,-1.190208,0.143976,-0.274485,0.214963,-0.198334,-0.792436,1,1,0,0
-0.474882,-0.843181,0.438836,-0.208730,0.569485,-0.379784,1.200654,0,0,0,0
-0.606690,-0.862886,0.255592,-0.789909,-0.010918,-0.654865,-1.602356,1,1,0,1
0.299724,-0.646709,0.269704,-0.105453,0.330766,0.371920,0.874120,0,0,0,0
-0.160456,-0.629483,0.276859,-0.462809,0.152316,-0.592442,-0.100486,0,0,1,1
-0.004908,-0.094632,0.161738,-0.923036,-0.188617,-0.738730,0.073359,0,0,0,0
-0.599442,-0.156819,0.825016,-0.715651,-0.002162,-0.248664,-1.519493,0,1,0,1
-0.066154,-1.011878,1.247481,-0.717746,0.733756,3.424330,1.973834,0,0,0,0
-0.425641,-0.354168,0.143432,-0.304134,0.230097,-0.705237,-0.838763,1,1,0,0
-0.006517,-1.013056,0.780981,-0.693239,0.846233,1.048878,1.314635,0,0,0,0
-0.710884,0.313882,0.224920,-1.106360,0.338491,-0.678953,-1.416215,1,0,1,1
0.152876,-1.131365,1.108537,0.245160,0.133614,0.411027,0.641318,0,0,0,0
-0.224575,-0.810113,0.814050,0.399596,-0.119433,-0.426226,-0.459424,0,0,1,1
-0.361779,0.032980,0.528146,-0.729662,-0.048406,-0.434977,0.621905,0,0,0,0
-1.132671,-0.623822,0.964894,-0.252205,1.291885,-0.214862,-1.231000,1,0,0,1
-0.408388,-0.360152,1.732120,-0.539101,0.704558,-0.773618,0.688164,0,0,0,0
-0.223460,-0.521707,1.518027,-0.452272,0.537643,-0.058971,-0.661096,0,1,1,0
-0.783983,-0.801010,1.628146,-0.814798,1.769790,1.177790,1.397526,0,0,0,0
-1.027018,0.130834,0.657344,-1.079116,0.523145,-0.293262,-1.308536,1,1,0,1
-0.197195,-1.152685,1.471343,0.101481,0.983122,1.444784,0.800365,0,0,0,0
-0.301594,-1.205415,0.751338,-0.988719,-0.077988,-0.391424,-1.402095,0,0,1,1
-0.041171,0.025247,-0.048642,-1.253146,0.921184,0.129809,0.948079,0,0,0,0
-0.008608,0.086526,-0.575297,-0.758053,1.198735,-0.305984,-0.849604,1,0,0,1
-0.558049,-0.904001,1.121739,-0.443081,1.042658,-0.328748,0.773052,0,0,0,0
-0.479067,-1.047189,0.698583,-1.235938,0.881939,-0.503701,-0.636055,1,1,0,0
-0.651675,0.121576,1.213087,-0.509304,1.126676,1.882963,1.563480,0,0,0,0
-1.075459,0.067723,1.386679,-2.020978,0.380953,-0.870926,-1.783295,1,0,1,1
0.363678,-0.853051,1.460687,0.152823,1.057006,2.582304,0.799941,0,0,0,0
0.125008,-0.790995,0.634507,-1.222166,-0.982499,-0.667069,-0.767211,0,1,1,0
-0.080662,-0.349265,0.866413,-1.101339,0.294851,-0.673317,0.708203,0,0,0,0
-0.209693,-0.051909,0.033058,-1.383446,0.635140,-0.473832,-0.382873,1,1,0,0
-0.708933,-0.719587,1.345337,-0.762282,0.863413,-0.958339,0.948451,0,0,1,0
-0.898026,-0.216527,0.689215,-1.243162,0.436671,-0.353656,-0.293548,1,0,0,1
-0.791123,-1.123075,1.188391,-1.074185,1.961648,2.339294,1.192164,0,1,0,0
-1.101024,-0.216154,0.321709,-1.661061,0.803564,-0.245555,-1.434491,0,0,1,1
-0.314220,-0.971729,0.906370,0.162683,1.376873,1.859300,0.776902,1,0,0,0
-0.618261,-0.513082,0.654546,-0.084429,-0.377680,0.097056,-0.101776,0,0,1,1
-0.515598,-0.671779,0.825103,-1.085597,0.768874,-0.128665,0.942341,0,1,0,0
-0.769235,0.668315,0.542361,-0.690801,0.534544,-0.825216,-0.503169,1,0,0,1
-0.053907,-0.139986,1.313263,-1.593860,-0.882668,0.042334,1.067999,0,0,1,0
-0.130882,-0.526912,0.549643,-0.963596,0.835359,-0.981851,-0.540986,1,1,0,0
-0.202442,-0.133363,0.977392,-1.048649,0.752655,-0.018467,0.394912,0,0,0,1
-0.390329,0.490964,0.360074,-0.264362,1.102626,-0.959063,-0.773065,1,1,0,0
0.001958,-1.149199,1.503442,0.344859,0.488883,2.801085,0.434891,0,0,0,0
-0.258901,-0.683948,0.629665,-0.408286,0.003559,-0.034906,-0.666313,1,0,0,0
-0.533306,-0.421802,1.256798,-1.024485,0.337634,-0.388172,0.814467,0,0,0,0
-0.709416,0.074075,1.160325,-0.988183,0.368102,-0.366927,-0.573515,1,0,0,1
-0.072491,-0.364562,0.700265,-1.422138,1.443927,0.626157,1.006284,0,1,0,0
-0.192556,-0.589249,0.322372,-1.106373,1.228856,-0.404803,-0.933381,0,0,1,1
-0.769518,0.225059,-0.354504,-0.496580,0.185390,-1.236138,0.548882,0,0,0,0
-0.452257,-0.391170,0.106737,-1.587335,1.096927,-0.190110,-1.336007,1,1,1,0
-0.123415,-1.000281,0.999988,0.019343,0.606884,1.925728,1.248079,0,0,0,0
-0.707983,-0.499180,0.882114,-0.029113,-0.063373,-0.693051,-1.173461,1,1,0,0
-0.294850,0.475730,0.664502,-0.046245,0.396276,0.508448,0.971552,0,0,1,0
-0.082905,0.583654,-0.000225,-0.936259,0.767794,0.420339,-1.034704,1,0,0,1
-0.635887,-0.387002,0.581365,-0.843687,0.218488,-0.119059,1.406234,0,0,0,0
-0.063185,-0.829625,0.331068,-0.623734,0.743131,-0.273550,-0.748304,0,0,1,1
-0.349786,-0.000306,-0.081046,-0.891748,0.850826,-0.961426,0.439695,0,0,0,0
-0.339930,0.337691,0.293393,-0.840475,1.116368,-0.762591,-0.533922,1,1,0,1
-0.048881,-1.212233,0.973584,0.280883,1.369848,2.897203,0.948253,0,0,1,0
-0.533239,-0.739196,0.247998,-0.119678,0.498458,-1.045021,-1.817490,1,1,0,0
-0.563716,-0.456960,1.239457,-0.273259,1.174476,0.537407,1.024845,0,0,0,0
-0.930385,0.413694,0.455893,-0.512879,1.017297,-0.130661,-1.367352,0,1,0,1
-0.118211,0.318268,2.154547,-0.913126,-0.786648,0.019725,1.646961,0,0,0,0
-1.060812,0.319107,0.691297,-0.851057,-0.165021,-0.840165,-0.725672,1,0,1,0
-0.503285,-0.222606,0.501925,-1.326204,0.802047,-0.231003,0.843093,0,0,0,1
-0.962475,0.520015,-0.471348,-0.712344,-1.111290,-0.579639,-1.424901,1,1,1,0
0.393324,-0.586656,1.123222,-0.618752,-0.214453,3.326195,1.215389,0,0,0,0
-0.301022,-0.479515,1.250112,-0.982845,-0.626780,-0.657144,-0.009064,0,1,0,1
-0.393256,0.276841,0.903100,-0.925827,-0.128975,0.737508,1.382345,1,0,0,0
-0.696786,-0.217024,-0.236530,-1.705911,-0.189631,-0.332879,-0.928960,0,1,0,1
-0.416909,-0.884631,1.007804,-1.628837,0.270539,0.338969,1.153758,0,0,0,0
-0.418466,-0.735144,0.730866,-1.322659,-0.216505,-0.285244,-0.203751,1,0,1,0
-0.958305,0.029330,1.189077,-0.375422,0.310711,-0.809455,0.788373,0,0,0,0
-1.140391,-0.104236,1.762236,-1.294948,0.499254,0.369610,-2.086136,1,0,1,1
0.180711,-0.606811,0.422133,-0.705608,-0.846246,-0.604423,0.483018,0,1,0,0
-0.073431,-0.958525,0.390327,-0.716258,-0.182543,-0.253321,-0.900143,0,0,1,1
-0.148603,-0.263552,0.829475,-1.396717,-0.505141,1.307193,1.228230,0,0,0,0
-0.886145,0.173302,1.360991,-1.041991,0.191923,-0.574120,-0.984038,1,1,0,1
0.341409,0.320003,1.140657,-1.588285,-0.404364,2.055824,1.570024,0,0,1,0
0.168735,0.074306,-0.114209,-2.447444,-0.346813,0.081806,-0.063026,1,1,0,0
-0.368247,-0.399759,-0.599231,-1.511927,1.244024,-0.994997,0.937409,0,0,0,1
-0.253563,0.615854,-1.017413,-0.311466,-0.043125,-0.195921,-0.597202,1,0,1,0
0.521393,-0.989071,0.582860,-0.221294,-0.807259,-0.688690,0.517821,0,1,0,0
-0.542390,-0.697066,0.966931,-0.046093,0.284054,-0.069437,-0.690998,0,0,1,1
0.456454,-0.661506,1.250586,-0.884378,-0.251577,3.136438,1.054051,0,1,0,0
0.071865,0.166967,-0.430546,-1.419098,1.598756,-0.695079,-0.398900,1,0,1,0
-0.310553,-0.972512,0.603852,-1.227061,1.421324,0.668204,1.244334,0,0,0,1
-0.654984,-0.070020,-0.650652,-1.383454,0.111169,-0.282772,-0.278917,0,1,1,0
-0.277166,-0.099748,0.811622,-2.022087,0.824255,-0.285427,0.885911,1,0,0,0
-0.674987,0.732581,0.258784,-1.596823,0.400074,-0.595584,-1.729007,0,1,0,1
0.372226,-1.282971,-0.505923,-0.043379,0.678699,-0.891180,0.523926,0,0,1,0
0.308494,-0.644256,-0.553088,-1.083252,-0.071227,0.676940,-0.443131,1,1,0,0
0.177315,0.021585,0.064639,-0.019059,0.834901,1.982065,1.215367,0,0,0,1
-0.817833,0.018861,0.770965,-0.966471,1.230800,-0.470735,-0.978856,1,0,1,0
-0.424857,-0.386623,1.459126,-0.110122,1.574171,2.280164,1.596875,0,1,0,0
-0.212221,-0.097834,0.624861,-0.632694,-0.075905,-0.394802,-1.280795,0,0,1,1
-0.502670,-0.799088,0.612501,-0.758647,1.179359,-0.770005,1.154450,1,0,0,0
-0.842037,-0.683543,0.563990,0.039694,-1.820605,-0.061416,-1.254448,0,1,1,0
-0.039642,-0.427688,1.313001,0.446824,-0.233998,-0.634593,0.605580,0,0,0,1
-0.164598,-0.066568,-0.013377,0.517991,0.468361,-0.313535,-0.737659,1,0,1,0
-0.331683,-0.812967,0.761863,-1.203562,0.725356,-1.351762,0.082153,0,1,0,0
-1.226196,-0.353204,-0.362269,-1.199891,0.574033,-0.989817,-1.630247,0,0,1,1
0.730416,-0.412793,-0.071685,-0.296645,0.417029,3.795686,1.120477,1,0,0,0
0.384488,-0.181944,-1.083438,-1.463218,0.259128,-0.300532,-0.360080,0,1,0,1
0.005770,-0.417215,-0.219965,-1.634678,-0.476653,-0.542850,0.988172,0,0,1,0
-0.046309,-0.125771,-0.671243,-1.595752,-1.088166,-0.187372,-0.942633,1,1,0,1
-0.118089,0.788049,-0.397168,0.491608,0.163086,-1.014896,0.896411,0,0,0,0
-0.201571,0.189457,-0.352939,0.245581,0.814343,-0.546119,-0.036300,1,1,0,1
-0.115787,0.461343,-0.851986,1.548373,-0.207008,-1.238952,0.089018,0,0,0,0
-0.167347,0.929944,-1.676535,0.571642,0.140724,-0.401283,-1.191143,1,1,1,1
0.641102,-0.581611,-0.218849,2.227227,-2.481956,2.326803,1.475053,0,0,0,0
0.420425,-1.812473,0.826669,0.744146,-0.838671,-0.562124,-0.474230,1,1,0,0
-0.504608,-0.747129,-0.518993,1.154953,-1.111495,-0.304634,0.646813,0,0,1,0
-0.728763,-0.190584,-0.278839,0.084874,-0.747992,-0.356829,-1.305336,1,1,0,1
-0.278438,-1.429155,1.102264,0.221539,0.088100,-0.086791,0.784817,0,0,0,0
-0.560399,-1.740247,0.442712,-0.161904,0.505498,-0.202223,-0.918819,0,0,1,1
-0.505455,-0.278470,0.225630,0.036244,-0.713383,-0.969733,0.136127,0,1,0,0
-0.299212,-0.398944,0.556662,-0.101438,0.241584,-0.228813,-1.470251,1,0,0,1
-0.068466,-1.306050,1.107633,0.015541,0.698216,2.359176,1.865808,0,0,1,0
-0.320818,-1.225101,0.012572,-0.807552,0.388322,-0.598341,-1.307092,1,1,0,0
-0.045476,-0.577531,0.531095,-0.041788,0.784499,1.095467,1.052617,0,0,0,0
-0.439110,-0.765661,0.059121,-0.142818,0.855095,0.013488,-0.524907,1,1,0,1
0.012806,-0.970408,1.201718,0.678327,0.507705,-0.351843,0.653242,0,0,1,0
-0.624268,-2.106710,0.417671,0.519162,0.470242,-0.644541,-1.685179,1,0,0,1
0.191213,-0.070130,0.550876,-0.370426,0.472281,-0.500323,0.395314,0,1,0,0
-0.479979,0.484646,0.725852,-1.372607,0.968176,-0.995174,-1.190602,0,0,1,1
-0.506415,-1.443804,1.231132,0.571796,1.888588,3.224756,2.013163,0,0,0,0
-0.634600,-1.291167,0.918512,0.331259,0.763508,-0.207993,-0.781350,1,1,0,0
-0.292954,-0.646006,0.078694,-0.783280,1.210760,1.006959,1.538772,0,0,0,0
-0.453619,-0.610186,0.168783,-0.538585,0.720051,-0.486477,-0.850374,1,1,0,1
0.031246,-0.908343,0.660295,0.043640,0.915527,0.958093,0.611588,0,0,1,0
-0.133701,-0.104350,-0.608154,-0.199377,-0.339453,-0.830738,-0.643462,0,1,0,1
-0.578506,-0.041049,1.529145,-0.762201,0.883940,-0.188707,0.034521,0,0,0,0
-1.155964,0.097476,1.296673,-0.813934,1.149330,-0.544453,-1.987644,1,0,0,1
-0.287800,-0.855854,1.101723,-0.712783,-0.628307,-1.035691,0.760571,0,0,1,0
-0.907520,0.311005,-0.055514,-0.277164,-0.740018,-0.964354,0.046921,1,1,0,0
-0.454865,-0.509570,1.163917,-0.716626,0.472233,1.328461,1.448452,0,0,1,0
-0.483705,0.241767,0.599173,-0.683781,-0.430322,-1.069801,-1.394028,1,0,0,1
0.002430,-1.289780,1.427565,0.205003,-0.256737,0.746278,0.809253,0,1,0,0
-0.294083,-0.901559,0.777993,-0.271333,-0.443260,-0.603678,-0.561078,0,0,1,1
-0.364646,-0.400451,1.426655,-0.910002,-0.051958,-0.145139,0.702706,0,1,0,0
-0.788047,0.096924,1.324150,-1.095771,1.003939,-0.438193,-1.024664,1,0,0,1
0.067727,-0.427990,0.888171,-0.641701,0.458063,-0.516011,0.702250,0,0,1,0
0.061398,-0.395113,0.658076,-1.371725,0.325271,-0.185565,-0.626428,1,1,0,0
-0.164552,-0.675636,1.113549,-1.268937,0.291658,0.634518,1.364501,0,0,0,0
-0.463187,-0.146366,0.239549,-0.815183,0.351094,-1.051604,-1.219512,1,1,0,1
0.120188,-0.723581,1.225018,0.132432,1.015771,0.900543,0.942395,0,0,0,0
-0.585981,-0.831717,0.724815,-0.279747,0.853967,-0.097574,-0.775790,0,0,1,1
-0.107992,-0.379446,0.335746,-1.421458,0.730683,0.275907,0.702261,0,1,0,0
-0.331161,-0.147243,-0.364189,-1.609032,1.174002,0.390359,-0.869803,1,0,0,1
-0.418591,-0.997057,0.454844,-1.698074,0.612931,-0.645410,0.948280,0,0,1,0
-0.209144,-0.831764,0.335637,-1.599074,0.067925,-0.082699,-0.313043,1,1,0,0
-0.364132,-0.397389,0.528490,-0.806722,-0.293240,2.344184,1.124551,0,0,0,0
-0.395098,-0.599291,0.417989,-1.617432,-0.776510,0.009969,-1.394032,1,0,1,1
0.022152,-1.183713,0.982311,0.233880,0.248036,1.560050,0.828283,0,0,0,0
-0.987674,-0.764702,0.453756,-0.547243,0.375924,-0.270891,-0.557882,0,1,0,0
-0.180841,-0.109212,0.655910,-1.678759,0.256473,0.418830,0.718851,0,0,0,0
-0.372381,0.894300,-0.202424,-1.223613,0.383600,-0.651002,-0.049809,1,1,0,0
-0.308977,-0.581524,0.739551,-1.042919,1.358284,-0.584954,0.632208,0,0,1,0
-0.503898,-1.247132,0.614580,-0.875141,0.994457,-0.569634,-0.649866,1,0,0,1
-0.556616,-0.259460,0.127038,-1.087599,1.352492,-0.870922,0.681773,0,1,0,0
-0.524232,-0.462569,0.404829,-1.226907,0.952099,-1.004712,-1.216998,0,0,1,1
0.154288,-0.972080,1.207664,-0.085163,0.894443,2.167531,1.035482,1,0,0,0
-0.698406,-0.980610,0.841985,-0.751020,0.027717,-0.522687,-0.745708,0,0,1,1
-0.776702,-0.084231,0.282163,-0.732452,0.224459,-0.323296,1.027553,0,1,0,0
-0.877006,-0.359636,0.490454,-2.058635,1.238445,-0.149101,-0.818583,1,0,0,1
-0.156641,-0.039440,0.116680,-0.829621,0.311442,-0.151354,0.951197,0,0,1,0
-0.482100,-0.089034,-0.372659,-0.509034,-0.369115,-0.959895,-1.892271,1,1,0,0
-0.543859,-0.968456,0.432852,-1.561720,0.898851,-1.050994,0.184879,0,0,0,1
-0.972373,-0.307323,-0.566549,-1.613823,-0.529068,0.025050,-1.607000,1,1,0,0
0.160549,-0.867726,0.865088,-0.320706,0.218379,2.659618,0.909797,0,0,0,0
-0.057330,-0.549069,0.438541,-0.770358,-0.037165,-0.415101,-0.741067,1,0,0,0
-0.341460,-0.134442,0.501364,-0.867647,0.051661,0.229688,1.101986,0,0,0,0
-1.344665,-0.673761,0.772263,-1.107639,0.733320,-0.570586,-1.034690,1,0,0,1
-0.193752,-0.705155,0.727307,-1.477665,0.800195,0.822970,1.232121,0,1,0,0
-0.276229,-0.756686,0.354577,-1.306321,0.283330,-0.683559,-1.086514,0,0,1,1
-0.453109,-0.374141,0.631900,-1.544855,1.042735,-0.623179,0.566090,0,1,0,0
-0.447215,-0.274947,-0.686139,-0.783290,0.452450,-0.442506,-0.721326,1,0,1,0
0.091953,-0.992611,1.000656,-0.490349,0.497850,2.859972,1.142290,0,0,0,1
-0.024416,-0.924545,0.408807,-0.938216,0.120794,-0.154844,-0.681055,1,1,0,0
-0.051593,-0.137203,0.190400,-1.143505,0.569071,0.765835,0.940971,0,0,1,0
0.014059,0.047830,0.018722,-1.213185,0.323436,-0.362796,-0.782263,1,0,0,1
-0.614721,-1.353272,0.241388,-1.461608,0.284820,-0.388753,1.364470,0,1,0,0
-0.360876,-0.628614,-0.626014,-1.361559,0.933980,-0.709754,-0.819744,0,0,1,1
-0.197297,-0.705283,0.727502,-1.160024,0.769071,-0.668601,0.420464,0,1,0,0
-0.378229,0.078467,-0.048608,-1.084433,0.467682,-0.438729,-0.271110,1,0,0,1
-0.086342,-0.837227,2.137660,0.068389,0.585461,3.303694,0.987899,0,0,1,0
-0.630395,-0.864955,1.182042,-0.612268,0.240300,-0.789994,-1.825652,1,1,0,0
-1.013841,-0.358283,0.441037,-1.305032,-0.170915,1.016271,0.964026,0,0,1,0
-0.911227,-0.558970,0.724644,-1.582534,1.111412,0.829475,-1.586397,0,1,0,1
-1.205340,-0.849943,1.800478,-0.766151,1.009977,-0.077331,1.225460,1,0,0,0
-0.905496,-0.710189,1.102135,-1.372569,0.582772,-0.032752,-1.037817,0,1,1,0
-1.405004,-0.461438,0.687929,-0.942758,1.732639,-1.153737,0.592539,0,0,0,1
-1.293091,-0.127280,0.358333,-1.440172,0.734659,-0.249741,-1.513362,1,0,1,0
-0.028020,-0.860697,-0.033823,0.103749,0.546349,-0.829412,0.609934,0,1,0,0
0.140700,-0.209370,0.474919,-0.841267,-0.711738,0.357145,-0.981361,0,0,1,1
0.230240,-0.207595,0.836143,-0.552657,-0.032343,1.442965,1.265316,1,0,0,0
0.108213,0.409540,0.097285,-1.036552,0.785780,-0.647637,-0.309449,0,1,0,1
-0.224511,-0.634098,0.810949,-0.877642,-0.547598,-0.079653,1.303345,0,0,1,0
-0.272041,-0.706903,0.658927,-1.487056,-0.077010,-0.725642,-0.951586,1,1,0,0
-0.416421,-0.545680,0.286881,-1.430756,-0.657622,-0.715175,0.698655,0,0,1,0
-0.932374,0.721013,0.308258,-1.299531,0.307498,-0.609334,-1.801974,1,0,0,1
0.131633,-0.315240,0.638617,0.251884,-0.193559,-0.781992,0.505582,0,1,0,0
0.075878,-0.333580,-0.076852,-0.200970,-0.592470,-0.354575,-0.744974,0,0,1,1
-0.374126,-0.263644,1.250474,-0.875595,0.320586,0.840886,1.163652,0,1,0,0
-0.801770,-1.033850,0.604157,-0.183989,-0.968275,0.172423,-1.553302,1,0,0,1
-0.171885,-0.416103,0.944633,-0.764034,1.462125,1.433426,1.430427,0,0,1,0
-0.848443,0.292401,0.200151,0.231737,0.975485,-0.545874,-0.762639,1,1,0,0
-0.733857,-0.623605,0.935096,-1.061042,1.640290,-0.501071,1.266554,0,0,0,1
-0.827157,0.313394,0.006209,-0.150024,1.526655,-0.848976,-1.502306,1,0,1,0
0.013556,-0.908938,0.437110,0.780118,0.885871,-0.942443,0.452909,0,1,0,0
-0.318098,-0.769984,-0.348979,-0.122463,1.076902,-0.199653,-0.128684,0,0,1,1
-0.186617,-0.624637,0.970799,-0.619289,0.421888,2.300277,1.514455,0,1,0,0
-0.809217,0.522331,0.345781,-0.941939,1.370695,-0.650665,-1.094976,1,0,1,0
0.368155,-0.478262,0.650112,-1.339435,0.698921,2.544421,1.715475,0,0,0,1
-0.149588,-0.587317,0.743113,-1.999069,0.209457,-0.050838,-0.201840,0,1,1,0
-0.148968,0.274773,0.551633,-1.313557,-0.727610,0.040099,0.996336,1,0,0,0
0.379150,0.249118,-0.212282,-1.842360,-0.120212,-0.012007,-1.239307,0,1,0,1
0.227549,-1.075733,0.631723,-0.471072,-0.226370,-0.362952,0.604299,0,0,1,0
0.023052,-0.403089,0.595009,-0.853075,-0.647363,0.220390,-0.750962,1,1,0,0
0.063070,-0.232400,0.765677,-1.417744,-0.289259,-1.140023,0.574158,0,0,0,1
-0.499213,-0.091354,0.825390,-1.713696,0.397271,-0.567648,-1.496393,1,1,0,0
0.465412,0.863888,-0.279942,-0.501345,-0.764463,1.191134,0.947772,0,0,1,1
0.238218,0.804494,-0.135743,-0.029021,-0.891436,-0.957933,0.086226,1,1,0,0
0.060050,0.490487,-0.906289,0.517795,-0.590968,-0.209429,0.742850,0,0,1,1
0.069236,1.063782,-0.430197,0.634007,-0.494435,1.436303,-0.008926,1,1,0,0
-0.155320,0.790294,-1.297834,0.308844,-0.268844,-0.990721,1.236801,0,0,1,1
0.012525,1.066125,-1.448070,1.062095,-1.553769,0.669808,-0.512332,1,1,0,0
-0.541743,1.338752,-0.858488,0.381162,-2.357658,-1.273632,-0.302486,0,0,1,0
-0.635985,0.585680,-0.073459,1.387528,-0.783888,-0.553269,-0.945808,1,0,0,1
-0.640038,2.261666,-0.444651,0.689776,-0.691107,3.209863,1.864559,0,1,0,0
-0.934143,2.522780,-2.149407,-0.229902,0.324617,-0.996291,-0.421863,0,0,1,1
-1.255274,2.207686,-1.714283,0.502881,0.164371,0.321448,1.089117,0,1,0,0
-1.269145,2.508496,-1.864979,0.218199,-0.419577,-0.921691,-0.447115,1,0,0,1
-1.302212,2.492483,-1.096673,-0.271173,0.044697,-0.419911,1.065291,0,0,1,0
1.044355,-1.610112,1.495747,-0.132521,-0.904745,3.475249,-0.001965,1,1,0,0
0.547490,-0.951981,-0.163083,0.184607,-1.539582,-0.619335,0.483654,0,0,1,0
0.464609,0.343461,0.106530,0.744661,-2.259581,0.657672,-0.252385,1,0,0,1
0.212731,0.800388,-0.572697,1.947512,-0.679034,0.983940,1.733832,0,0,0,0
0.797023,-0.845090,-1.145825,-0.592076,-1.785575,0.234247,0.057434,1,0,0,0
1.183159,-1.032207,-1.246176,-0.650204,-1.228056,0.548005,-0.470405,0,0,0,0
1.009469,-0.166918,-0.234078,-0.301661,-2.518472,0.089052,-0.484023,1,1,0,0
0.027227,-1.953306,1.412934,0.292050,0.765518,-0.465958,1.671511,0,0,0,0
-0.078418,-1.881585,0.871297,0.418403,0.654945,-0.390730,-1.474965,0,0,1,1
0.338097,-0.004069,0.722050,-0.119616,-1.723795,-0.991276,0.516453,0,0,0,0
-0.713942,-0.321545,0.179308,0.416274,0.341446,-0.959308,-1.367190,0,0,0,1
0.575029,-2.412354,1.007268,-0.613286,0.733370,2.256884,-2.084171,0,0,0,0
-0.080157,0.938953,1.079848,-0.945103,-1.972497,-0.699051,0.143646,0,0,0,0
0.125588,1.184924,-1.444897,-1.219547,-2.991546,1.184995,-0.837177,0,0,0,0
-1.643769,-0.332431,0.493833,2.019086,0.737075,-1.000430,-0.124665,1,0,1,0
0.456059,-0.070685,0.671382,-2.445276,-0.356376,2.102181,1.400638,0,0,0,0
0.285385,0.337558,-0.749512,-2.207843,-0.554255,-0.621207,-0.288395,0,0,0,0
0.051738,0.387420,0.032121,-0.978975,-1.043004,-0.112658,-1.591383,0,0,0,0
-1.049733,0.112156,-0.007726,0.659691,0.433643,-0.888077,-1.304469,1,1,0,1
0.770009,-0.572257,1.087349,-1.757650,-0.388421,-0.026907,0.715129,0,0,0,0
0.083957,1.194133,-1.076427,-1.349383,-0.636304,-0.499869,-0.573822,0,0,0,0
-0.511944,2.004345,-1.799149,-0.691555,-1.184656,-0.926209,-1.468366,0,0,0,0
-1.395650,1.648387,-1.246277,0.727756,0.219720,-0.578930,-1.684774,1,1,0,0
0.268369,-0.312335,0.084314,-2.371818,1.171163,1.711341,1.681944,0,0,1,1
-0.171945,0.488488,0.082222,-1.095920,1.424661,0.845993,1.418875,1,1,0,0
-1.037920,1.534593,-0.453809,0.663977,0.063109,-0.933680,1.205644,0,0,1,0
-0.488717,0.605776,-1.103876,1.240033,-0.794088,0.658885,1.113937,1,0,0,1
0.096614,-0.947572,0.003795,-2.546406,0.926877,-0.145253,1.339815,0,0,0,0
-0.533753,1.563869,-1.824459,-1.423260,1.509701,-0.046967,-0.758035,0,0,0,0
-0.490024,2.243529,-2.615690,-1.304142,0.075293,-0.366982,-0.920001,0,0,0,0
-1.862959,1.899842,-1.301220,0.191264,1.156321,-0.153977,-1.412852,0,0,1,1
0.170955,-0.274869,0.962253,-1.396244,-0.341542,2.503129,1.641822,0,0,0,0
0.194264,0.073957,-0.516898,-2.382757,-0.400809,-0.601969,-0.943523,0,1,1,0
-1.504737,1.154335,0.413597,-1.380196,1.747314,-1.000945,0.590060,0,0,0,0
-1.659530,1.717517,-0.770621,-1.040883,1.358449,-0.665303,-1.716724,1,0,0,0
0.939155,-0.645073,1.169152,-2.417055,-1.273603,1.452736,-0.877746,0,0,0,0
-1.836905,-0.211615,1.207230,-0.812721,2.051837,-1.265830,-0.482926,0,0,1,0
-0.603196,1.924377,-1.308117,-1.434647,1.003232,0.494551,-1.134080,0,0,0,0
-3.409130,3.167412,-0.467023,0.278766,2.147073,-0.556895,-1.045599,1,0,1,0
0.279636,-0.286754,0.387571,-2.062008,0.914528,2.735722,1.608844,0,0,0,0
-0.051304,-0.091514,0.089252,-2.539606,2.086310,-0.571725,-1.146518,0,0,0,0
-0.341539,1.284346,-1.039743,-1.771224,0.913201,0.071495,-1.432112,0,0,0,0
-1.289687,0.469913,0.332971,-0.329759,1.267557,-0.823451,-1.750096,1,1,1,1
0.968579,-0.370081,-1.388982,0.339102,-3.494734,1.040210,1.241497,0,0,0,0
0.920772,-0.128457,-1.031142,0.532643,-2.627380,-0.414432,0.115108,0,0,1,1
0.803951,0.015336,-1.261835,0.486992,-2.633461,-0.854139,-0.980740,0,0,0,0
-0.410404,-0.307816,-0.450778,0.755147,0.346132,-0.867625,-1.476859,1,1,1,1
1.476122,-1.616484,0.168915,-0.353927,-3.020621,3.462629,1.117613,0,0,0,0
1.053390,-1.231976,-0.814765,-1.351199,-1.278202,-1.016539,-0.448613,1,1,0,0
0.802913,-0.656382,-0.394701,-0.626798,-1.728647,0.115708,-0.750514,0,0,0,0
-0.436133,-1.072049,0.564266,0.464482,0.042855,-0.923971,-0.955191,1,1,1,1
0.583572,-0.474291,1.355242,-0.904858,-0.170939,-0.148789,0.632720,0,0,0,0
0.419886,0.129039,-1.431824,-1.187590,0.318608,-0.957777,-0.424474,0,0,1,1
-0.054293,1.322744,-2.358738,-1.137528,-0.346573,-0.509789,-0.762412,0,0,0,0
-0.836787,1.395490,-1.334136,-0.363844,-1.645599,-0.413891,-1.099608,1,1,0,0
0.505474,-0.372823,1.692272,-1.406496,-0.281745,2.650848,2.073183,0,0,0,0
-0.397100,-0.628063,1.664754,-0.169658,0.776394,0.308684,-0.485710,1,0,1,0
0.021693,0.964312,0.229668,-1.598288,0.014624,-0.067438,0.929795,0,0,0,0
-0.680442,0.091958,0.124808,0.828358,-0.321527,-0.462946,-1.133341,1,0,0,0
0.833729,-1.082547,0.981211,-1.022812,0.997054,1.058351,-1.093626,0,0,0,0
-0.796000,0.867935,0.960825,-0.707243,1.723376,-0.563696,-0.263468,0,0,0,0
-0.460057,2.571354,-1.962887,0.425616,-0.881116,1.502284,-0.810753,0,0,0,0
-2.212942,1.678315,-0.599719,0.811323,0.653699,-0.795536,-1.551156,0,1,0,1
-1.050585,2.091267,-1.959681,0.520760,0.144407,4.530548,1.767653,0,0,0,0
-0.882680,1.992097,-3.163864,-0.476633,0.370262,-0.107054,-0.312485,1,0,0,0
-1.136779,2.427588,-2.088255,1.229289,0.400333,0.581960,0.535880,0,0,0,0
-0.347314,-0.363519,0.087601,1.663458,-0.758265,0.600612,-0.913760,1,1,1,1
0.604477,-1.272823,0.082962,2.495516,-1.753078,1.227928,1.379454,0,0,0,0
0.565080,-0.548647,0.453061,2.378612,-1.966164,-0.168104,-0.552338,0,0,0,0
-0.172243,-0.893318,-0.161099,1.709962,-1.243355,-0.040303,-1.549460,0,0,0,0
0.182604,-0.035900,0.939490,0.710413,-1.160613,0.156702,-0.702753,1,0,0,1
-0.266625,-1.390927,1.579919,0.854190,0.046489,2.006265,1.974936,0,0,0,0
0.536718,-1.495964,0.472200,1.092902,-0.273454,-0.239572,-0.673958,1,0,1,0
-0.258907,-0.100647,1.233314,0.462890,-0.314970,-0.698233,0.933109,0,0,0,0
-1.108685,0.062878,-0.461598,1.331041,0.222812,-0.385831,-1.308002,0,1,0,0
1.009629,-1.894815,1.660801,0.140757,-0.320171,1.564948,-0.852779,0,0,0,0
-1.469367,0.340881,2.641372,0.781825,-0.144597,-1.168483,-0.328390,0,0,0,0
-1.065287,1.559766,-0.373805,0.693045,0.054820,1.357765,-0.952800,0,0,0,0
-1.766999,-0.432302,0.885662,0.653057,0.397188,-0.918619,-0.903553,0,0,1,1
-0.120576,-0.665079,1.845701,0.010875,1.252706,-0.422885,0.717857,0,0,0,0
-0.194265,-0.423143,1.330776,-0.333912,1.404125,-0.213143,-1.159180,0,0,1,0
0.241970,-0.675443,1.023265,0.814010,0.494307,0.763778,-1.012473,0,0,0,0
-0.986457,0.542528,-0.123260,0.104454,0.929900,-0.083788,-1.239293,1,1,1,0
0.239148,-1.729678,1.811317,0.444713,1.364517,1.725509,1.053987,0,0,0,0
-0.635187,0.183504,0.356940,0.396968,0.668631,-0.763239,-1.413972,0,0,1,0
-1.518249,1.686700,-0.448422,1.016696,1.069511,-0.682875,-1.756814,0,0,0,0
-0.667176,0.343427,0.060180,1.113444,0.600208,-0.070849,-1.222213,1,1,0,0
-0.053777,-0.226499,2.601731,-0.237110,0.901718,-0.679225,1.254553,0,0,1,1
-0.454582,0.325079,0.885933,-0.970030,0.365463,-1.078702,0.813915,1,1,0,0
-1.148626,1.510864,0.447699,0.094606,1.374499,2.046493,1.669994,0,0,1,0
-1.343159,0.899472,0.398249,1.335518,1.372074,-1.165925,1.126541,0,1,0,1
-0.258057,-0.609413,2.715310,-0.656996,1.370193,1.931236,1.532597,0,0,0,0
-1.172869,1.779959,-0.340225,0.161687,-0.216045,-0.409405,-1.172457,0,0,0,0
-0.826753,1.414915,0.122822,0.507831,0.342061,0.592289,-1.028634,0,0,0,0
-2.141341,2.834507,-1.394834,-0.258190,2.663943,-0.488339,-1.366118,1,0,1,0
0.181629,-2.455946,1.078682,0.692700,0.276839,-0.814304,1.284378,0,0,0,0
-0.313124,-0.562888,0.955002,-0.907316,0.799495,-0.722202,-1.181311,0,1,0,0
-1.031277,1.423571,-0.254394,0.908969,0.565793,1.186931,1.268767,0,0,0,0
-0.794967,-0.123514,0.377047,0.466274,0.367877,-0.394666,-1.762594,1,0,0,0
1.028452,-1.619752,1.712059,-0.284746,0.470633,3.375162,-1.379979,0,0,0,0
-1.409260,1.016440,1.521836,-1.102471,0.157957,-1.427553,-0.627467,0,0,0,0
-0.763905,1.505999,-0.912026,1.262755,-0.276305,1.848113,-1.342906,0,0,0,0
-3.287959,3.008453,-0.911022,-0.643134,2.559173,-1.322176,-0.862127,0,0,1,1
-0.260121,-0.669943,1.640075,0.295807,1.164753,-1.186157,0.921897,0,0,0,0
-0.543024,-0.325160,0.820683,-1.167348,1.776138,-0.316824,-0.179056,1,0,0,1
-0.809074,1.475825,-0.438050,1.453142,0.642611,-0.806230,-1.284321,0,0,0,0
-0.979176,0.032476,0.237984,-0.644958,1.284676,-0.211055,-1.564490,1,1,1,1
0.541216,-0.637422,-0.525656,2.238613,-2.172360,2.105069,1.580667,0,0,0,0
0.365386,-1.104483,0.077488,1.573154,-1.195521,-0.487135,-0.698629,1,1,0,0
-0.033207,-1.200603,-0.121638,2.122188,-1.324460,-0.692787,-1.309184,0,0,0,0
-0.045690,-1.379044,0.487229,0.687681,0.034968,0.066608,-1.431993,1,1,1,1
0.984608,-1.595757,1.534268,1.444032,-0.940956,-0.197462,0.566823,0,0,0,0
0.588331,-0.504117,1.304400,0.696345,-1.324125,-0.562589,-0.388464,0,0,1,1
0.355858,-0.232021,0.120416,1.275996,-0.946633,-0.529010,-0.605995,0,0,0,0
-0.213463,-0.734888,0.601979,0.792738,-0.317839,-0.563858,-1.129379,1,1,1,1
0.338089,-1.178680,1.962103,0.014556,0.797532,2.141586,0.838391,0,0,0,0
-0.197856,0.652638,0.659398,0.694664,-0.537238,-0.498425,-0.915977,1,1,0,0
-0.686557,0.034513,-0.132402,0.220529,-0.425109,-0.236022,-1.131548,0,0,0,0
-0.495046,-1.000007,0.185558,0.209187,0.032129,1.079025,-1.494712,1,0,1,1
0.656852,-1.573180,1.047444,0.639844,0.683206,-0.034364,1.092235,0,0,0,0
0.107640,-0.799269,1.156539,0.013466,0.734898,-0.364980,-0.194116,0,1,1,1
-0.215013,-0.073249,0.902273,0.936320,1.182564,-0.679054,0.211249,0,0,0,0
-0.857448,0.316882,-0.225102,0.612127,0.167337,-0.749503,-1.660168,1,1,0,0
-0.174769,-1.104415,1.227837,0.180173,0.182242,5.680691,0.143576,0,0,0,0
-1.052239,-0.881366,1.812554,0.736312,-2.667300,-0.242394,-0.620992,0,0,1,1
-0.815224,1.370267,-1.155489,0.618467,-0.049537,2.732349,-0.796565,0,0,0,0
-1.052561,-1.394498,1.484005,1.308792,-0.242275,0.465193,-0.389565,1,1,0,1
0.140902,-0.180630,0.957556,1.165266,0.228365,0.066249,0.971487,0,0,0,0
-0.781290,0.954296,-0.591720,1.675250,-0.652390,0.437717,-0.548921,1,1,1,0
-0.689173,0.699524,-0.373256,2.187483,0.468191,-0.961669,-0.355975,0,0,0,0
0.648343,-0.400904,0.814823,2.499827,-1.443663,1.193241,0.120760,0,0,1,1
0.230798,0.085422,-0.765736,1.928441,-1.343889,0.594516,1.768315,0,0,0,0
0.905467,-0.540028,-1.060689,1.414883,-1.335546,-0.402033,-0.296378,0,0,1,0
1.120360,-0.848205,-0.749695,0.013819,-1.492361,0.791721,-0.836534,0,0,0,0
0.840452,-0.405768,-0.789504,0.438062,-1.118469,0.545337,-0.212573,0,0,0,1
0.863073,-0.746709,-1.025417,-0.581078,-0.695206,-0.347649,-0.601399,0,0,0,0
0.741109,-0.279114,-1.521486,-0.216295,-1.395192,0.135555,-0.448556,0,0,0,1
-0.121313,-0.665765,-0.685789,1.022457,-1.348121,-0.613964,-0.618750,0,0,0,0
-0.165098,-0.399130,-0.160693,1.859255,-0.772458,-0.325792,-0.545423,1,1,0,0
0.522838,0.257481,-0.829744,1.180592,-0.632148,-0.293700,1.077791,0,0,0,0
0.547546,0.332211,-1.338816,1.213989,-2.088294,-0.211727,-0.837339,0,1,0,0
0.216445,0.295493,-1.711458,0.808011,-1.370505,-0.101333,-0.932110,0,0,0,0
0.174367,0.582290,-1.621544,0.699330,-0.890747,-0.634539,-0.925130,1,0,0,0
0.199961,0.980447,-2.195183,-0.172718,-0.957213,-0.349097,-1.247719,0,0,0,0
0.016473,1.103429,-2.476379,-0.406536,-1.093231,-0.270615,-1.732969,1,0,0,0
-0.802992,0.639173,0.085499,0.791052,-0.823212,-0.274516,-1.748306,0,0,0,0
-0.339184,0.120505,-0.632571,-0.123812,-0.436068,-0.046651,-2.127395,0,0,1,1
0.442404,1.089269,-0.557661,1.338177,-1.707320,-0.912787,1.245741,0,0,0,0
0.322038,0.709654,-1.480340,0.873137,-1.291113,0.339945,-0.429272,0,0,1,0
0.545211,1.010370,-1.573211,0.411752,-1.871686,-0.238688,-0.934378,0,0,0,0
0.150770,0.860385,-2.269689,0.346922,-1.425068,-0.201119,-0.889884,0,1,0,1
-0.865311,1.151312,-1.775841,1.327958,0.642392,-0.070825,1.376114,0,0,0,0
-0.381419,1.802655,-1.674898,0.409834,-0.420885,0.228123,-0.859705,1,0,1,0
-0.702756,1.784988,-2.064882,0.699409,0.222538,-1.120561,1.003271,0,0,0,0
-0.624826,1.542980,-2.494791,0.546623,0.410217,0.160937,-1.129857,0,0,0,1
0.418585,0.118349,-1.513031,1.190038,-1.748812,0.431733,-0.933147,0,0,0,0
0.589716,0.426925,-1.781286,0.315473,-1.501459,-0.699367,-0.775068,0,0,1,0
0.347274,0.870119,-2.184524,0.550075,-1.146914,-0.524491,-0.847910,0,0,0,0
-1.411701,0.804940,-0.583466,1.344563,-0.315221,-1.213282,0.891833,1,0,0,0
-0.962131,1.090387,-1.343107,0.480383,-0.773262,1.427655,-0.948844,1,0,0,0
-0.696395,2.359744,-0.787838,-0.041004,-1.829869,-0.386187,-0.442746,0,0,0,0
-2.247635,1.164480,-0.192435,1.462469,0.210758,-1.069564,-1.497879,0,0,0,0
-0.875731,-1.022164,0.503365,0.208283,0.726446,1.287052,-2.052632,1,1,1,1
0.136812,0.917977,-0.830986,1.637078,-0.012774,-0.191376,1.432859,0,0,0,0
0.220393,1.045369,-1.359761,0.390487,-1.080688,-0.337306,-0.461733,0,0,0,1
0.043052,1.217723,-1.347335,0.361385,-1.563734,0.102624,-1.351308,0,0,0,0
-1.177379,0.782939,-0.900382,1.404443,0.228371,-1.616601,-2.540127,1,0,0,1
-0.684646,2.239244,-1.096907,0.907332,0.011294,2.939651,1.988367,0,0,0,0
-1.755651,1.750533,0.063530,1.411672,0.178908,-1.127749,-0.771136,1,0,0,0
-2.306341,1.264282,0.616272,1.807144,-0.146061,-0.330437,-1.182409,0,0,0,0
-1.935714,2.000298,-0.467652,1.054855,-0.051877,0.559039,-2.425598,1,0,0,1
-0.166587,0.845435,-0.931786,1.207780,-0.345005,-0.874547,1.488491,0,0,0,0
0.017291,0.695860,-0.944597,1.006478,-0.334852,-0.350898,0.300311,0,0,1,0
-0.014886,1.153829,-1.317171,0.768670,-1.007744,-0.464235,-0.979900,0,0,0,0
-0.118200,1.477152,-1.377443,1.230744,-0.338510,-0.173168,-0.800761,0,0,1,1
-0.866944,1.544324,-1.353591,0.770660,0.092935,2.043554,1.841511,1,1,0,0
-0.916367,2.272152,-1.370621,0.776443,-0.431769,-1.300311,0.716296,0,0,1,1
-1.067377,2.181131,-0.907851,1.094140,0.311811,0.555391,1.203023,0,1,0,0
-1.589382,1.660667,-0.260869,1.136254,-0.174784,2.708526,1.117174,1,0,0,1
0.543762,0.365701,-1.038910,1.525214,-1.339262,0.035404,-0.869818,0,0,0,0
0.251010,0.099347,-1.823954,0.524165,-1.741489,-0.558917,-0.480533,0,0,1,0
-0.046851,0.568261,-1.855142,-0.025126,-1.568343,-0.759004,-1.248240,0,0,0,0
-0.031505,1.090677,-2.101089,-0.177847,-1.175103,-0.825793,-1.023019,1,0,0,1
0.052091,1.957942,-1.898744,1.888701,-0.737303,4.015457,1.935463,0,0,0,0
-0.808022,1.938398,-0.995251,0.628234,-0.312986,-0.319639,0.448676,1,0,0,0
-0.948200,2.118860,-1.407742,1.065084,-0.504797,-0.318446,-0.516113,0,0,0,0
-1.586894,2.291740,-1.076323,1.143390,0.224869,-0.539049,-1.516399,0,0,1,1
0.844140,-2.798296,1.604718,1.047891,-0.454637,2.230443,0.926094,0,0,0,0
-0.676243,-1.651203,1.399359,0.567037,0.040631,-0.774224,0.097387,0,0,1,1
-0.949694,-1.216208,1.440052,0.655552,0.363270,-0.859900,0.988103,1,1,0,0
-1.358953,-0.006197,0.988026,0.785006,0.909152,-0.428430,0.732276,0,0,1,1
-1.708764,0.435608,1.100551,0.426875,1.301020,2.907139,1.444185,1,1,0,0
-1.661136,0.791026,1.051135,0.368573,1.185008,-0.723141,0.788592,0,0,1,1
-1.971656,1.279182,0.239795,0.956201,1.575219,2.287689,1.497724,0,1,0,0
-1.084366,-0.425497,1.652047,0.624793,0.261818,-1.356196,0.193540,1,0,0,1
0.581934,-0.590222,-0.563198,2.342801,-2.132846,1.168054,0.747764,0,0,0,0
0.711039,-0.582259,-0.062098,1.797676,-2.073486,-0.003354,-0.024459,0,0,0,0
0.449131,-0.170748,0.212405,1.814456,-1.531765,0.025449,-0.944908,0,0,0,0
-0.091533,0.334369,0.386818,1.687807,-0.907376,-0.508851,-0.449310,0,1,1,0
-0.194197,0.701256,0.035988,1.643534,-1.053108,-0.581126,-0.629860,0,0,0,0
-0.196620,0.218639,-0.310393,1.369608,-1.587222,-0.602204,-0.995054,0,0,0,0
0.475873,-1.107992,-0.105619,1.043025,-1.220328,-0.349279,-0.288528,0,0,0,0
0.778089,-2.703405,0.912349,2.351285,-0.622564,0.142214,-0.318852,1,0,0,1
-0.183960,0.385935,0.178482,1.788031,-0.193961,-0.130926,1.616224,0,0,0,0
0.143044,0.851480,-0.296848,1.482134,-0.999686,-0.213392,-0.187760,0,0,0,0
-0.139964,0.646968,-0.196547,1.415038,-1.198701,-0.329597,-1.137744,0,0,0,0
-0.519946,0.750181,0.141832,1.418126,-1.471279,-0.655314,-1.447040,0,1,1,0
-0.241807,1.508417,0.106952,1.149238,-1.613138,0.270434,-1.309937,0,0,0,0
0.559672,-1.907749,0.486260,0.927457,-1.606182,1.508852,-1.822949,0,0,0,0
0.760809,-2.047389,0.712933,2.106139,-2.043192,-0.063845,-1.625568,0,0,0,0
0.782437,-1.712116,-0.764216,1.445627,-2.244806,0.023939,-1.595123,1,0,0,1
-0.058058,0.798984,0.104385,1.473600,-0.650722,-0.496952,1.546351,0,0,0,0
-0.110609,0.807861,-0.347130,1.195958,-0.856223,0.465538,-0.853559,0,0,0,0
-0.249647,1.030938,-0.327592,1.741724,-0.414269,-0.570576,-0.807184,0,0,0,0
-0.743139,1.357760,-0.135280,1.307518,-0.490795,-0.609166,-0.930409,0,1,1,0
-1.360337,1.760485,-0.329572,1.505887,-0.002678,-1.119009,0.915720,0,0,0,1
-1.121140,1.867971,-0.537514,1.427966,-0.402120,-0.220312,-0.858044,0,1,1,0
-1.452682,1.995807,0.039205,1.683005,-0.290979,2.325732,1.299498,0,0,0,1
-1.036809,2.080528,-0.354830,1.029265,-0.930882,-0.300064,-1.251584,0,1,0,0
0.282857,0.845134,-0.487150,1.312219,-1.888641,2.030033,-1.048936,0,0,0,0
-0.190507,0.064893,-0.563121,1.372222,-2.013665,-0.708754,-0.683597,0,0,0,0
-0.088886,1.110640,-0.736277,1.397736,-0.518452,-0.774834,-0.740805,1,1,0,0
-1.301745,0.722623,-0.470314,1.202475,-0.090667,1.090591,1.778389,0,0,1,0
-0.545069,1.669226,0.117025,1.636943,-0.778775,0.839395,-0.881683,0,0,0,0
-1.086066,1.822084,0.203690,1.173167,-0.763004,-0.743905,-0.506809,0,0,0,0
-1.401137,0.626489,0.681743,1.840074,-1.263017,0.184247,-1.366152,0,0,0,0
-0.561241,0.186658,-1.212356,0.973782,-1.178952,0.043349,-1.787887,1,1,0,1
-0.434830,0.559478,-0.033903,1.288629,-0.567559,0.738049,1.609809,0,0,0,0
-0.379658,-0.068035,0.129801,1.555034,-0.748185,-0.435015,-1.007845,1,0,0,0
-0.880594,0.447547,-0.156262,1.137194,-1.140656,-0.415753,-1.500881,0,0,0,0
-1.019172,0.053894,-1.579315,0.811467,-0.288850,-0.565135,-2.715075,1,1,0,1
-0.724399,0.653735,1.182907,1.354934,-0.345959,-0.257384,1.734839,0,0,0,0
-1.502201,1.624736,0.422064,1.602113,-0.508917,-0.935748,-0.029460,0,0,0,1
-1.155817,-1.139755,1.594572,1.576399,-1.179977,0.603889,-0.828613,0,0,0,0
-0.699818,-1.135549,0.884124,0.782075,-0.976876,-0.322066,-2.451086,1,0,0,1
0.238935,0.150547,0.131185,1.762345,-0.835922,2.518153,2.045569,0,0,0,0
-0.058588,0.271688,-0.137493,1.268384,-1.121919,-0.851665,-0.196332,0,0,0,0
-0.197888,0.841243,-0.188037,0.878973,-1.494005,-0.366108,-0.893217,0,0,0,0
-0.206054,0.856230,0.012014,1.273254,-0.875690,-0.626200,-1.194939,1,1,0,0
-1.265865,1.257370,-0.071809,1.404561,-0.203251,-0.888231,1.360792,0,0,1,1
-1.096147,0.640969,0.214341,1.446365,-0.706502,0.555592,1.303692,1,1,0,0
0.107333,-1.924621,1.111183,1.557374,-0.964744,-0.800245,0.874509,0,0,1,0
-0.124734,-0.952209,0.453166,1.446191,-1.096128,-0.897493,0.912202,1,0,0,1
-0.197794,1.238562,-0.228766,1.607887,-0.995479,1.507497,-0.244605,0,1,1,0
-0.040665,0.311907,-0.844804,1.750394,-0.856133,-0.346881,-0.592852,1,0,0,1
0.077932,0.629996,-0.595839,1.797359,-1.760144,0.075765,-0.635794,0,1,1,0
0.048223,0.570301,-1.210705,2.241330,-1.132721,-1.025358,-0.520975,1,0,0,1
-0.831086,1.236124,-0.672886,1.156617,-0.819313,-0.816229,1.161896,0,1,1,0
-0.387201,1.681910,-1.047612,0.991104,-0.677589,1.151200,-0.826417,1,0,0,1
-0.426743,1.723605,-0.328206,1.099058,-0.558613,-1.073487,-0.831514,0,1,0,0
-0.378510,1.414348,-1.097275,0.682847,-0.630880,0.805283,-0.670680,0,0,1,1
-1.316076,2.009743,-0.374693,1.300189,-0.081898,1.739799,1.791781,1,1,0,0
-0.993439,1.735435,-0.470098,1.020095,0.106643,-0.905187,0.296202,0,0,1,1
-1.170612,1.348356,-0.922292,1.474425,0.441242,1.293861,1.378679,1,1,0,0
-1.278245,2.050991,-0.646270,1.478065,0.458259,-1.128085,0.870444,0,0,1,1
-1.120304,1.696984,-0.978317,0.863980,0.030466,-0.121204,1.327912,1,1,0,0
-0.876334,2.112575,-0.799887,1.355896,-0.488438,2.424925,1.214234,0,0,1,1
-0.903176,1.825712,-0.878627,1.120349,-0.268699,-0.760431,1.173466,0,1,0,0
-2.099436,3.106211,-1.941041,0.207205,1.108933,1.147773,0.803869,1,0,1,1
-0.088708,-0.907667,-0.779660,2.125108,-0.779712,-1.027761,1.059289,0,0,0,0
0.093460,-0.607608,-0.383639,1.329130,-1.215790,-0.396938,-0.614315,0,0,0,0
0.193979,-1.849088,0.329943,1.221446,-0.489420,-0.166728,-1.414474,0,0,0,0
0.264493,-1.828126,0.173910,1.313620,-0.746754,-0.063398,-1.089222,0,1,0,0
0.122965,-2.160497,0.669619,0.561218,0.719404,-0.235388,-1.225335,0,0,0,0
0.460555,-1.242061,0.449523,0.156138,-0.657057,0.546155,-1.031142,0,0,0,0
0.214346,-1.332259,0.208801,0.016843,-0.322988,0.108962,-1.898958,0,0,0,0
-0.034296,-0.718256,-0.056540,-0.154795,0.336062,-0.479718,-0.310751,0,0,1,1
-0.927375,0.036469,-0.388978,0.843683,0.197162,-1.471881,0.896645,0,0,0,0
-0.728287,-0.522446,0.183115,0.215892,0.889258,-0.376344,-0.278150,0,0,0,1
0.447232,0.358991,-0.416249,1.269728,-1.256439,1.563253,0.055282,0,0,0,0
-0.452085,0.129540,-0.973888,0.855509,-1.906746,0.075417,-0.716835,0,0,0,0
-0.794076,0.430208,-1.114087,0.727776,-0.213070,-0.665125,-1.387715,0,0,0,0
-1.018128,0.531246,-0.367502,1.251499,-0.330243,-0.482057,-1.878678,0,0,1,0
0.155069,1.225689,-1.428699,1.649158,-0.291436,-0.497737,-0.364100,0,0,0,0
1.082966,-0.608171,-0.398254,-0.228058,-0.795866,2.811794,0.504316,1,0,0,1
0.789175,0.290421,-0.542693,1.866026,-1.972209,-0.623865,0.414853,0,0,0,0
0.960324,0.177793,-0.056874,1.845826,-1.512356,-0.674178,0.318038,0,0,0,0
0.637400,0.125781,0.126689,1.986284,-1.191566,-0.413078,-0.516291,0,0,0,0
0.456376,0.977519,-0.278716,1.051066,-0.457685,-0.449460,-0.026013,0,1,1,0
0.836890,0.329630,-0.242812,1.298675,-0.256855,-0.345149,0.689042,0,0,0,0
0.534370,0.603909,-0.968106,0.799554,-1.494542,-0.870492,-0.854197,0,0,0,0
0.341443,1.152816,-1.262769,1.404257,-0.469941,-0.391562,-0.521382,0,0,0,0
0.230025,1.578053,-1.494988,1.077035,-0.545612,-0.703253,-0.067292,1,0,0,1
0.154712,0.682273,-1.244755,1.157088,-2.005236,-1.123399,-1.072385,0,1,0,0
0.546062,1.207077,-0.858059,0.501361,-0.312693,-0.116357,0.272768,1,0,0,1
0.204190,0.617330,-0.843073,1.491449,-0.184012,-1.428918,-0.164631,0,0,1,0
0.413484,0.521423,-1.105771,0.249920,-0.147313,-0.179688,-0.486409,0,1,0,1
0.220989,1.372860,-0.711029,0.674071,-0.306305,1.864254,0.671104,0,0,0,0
0.153092,1.983036,-1.019366,0.461233,-0.851000,-0.184186,0.437955,0,0,0,0
-0.470934,1.633365,0.069743,0.759867,-0.889731,0.632418,-0.284454,0,0,0,0
-0.535385,0.589229,0.346320,-0.006598,0.276346,-0.111553,-0.359700,1,0,0,1
0.923076,0.113221,-0.481807,1.480806,-1.170208,-0.262229,1.150238,0,1,1,0
0.812851,0.363564,-0.379748,1.229527,-1.429177,-0.511892,0.220852,1,0,0,1
1.028994,-0.280156,0.363681,0.747026,-1.186210,-0.209861,-0.369310,0,1,0,0
0.994940,-0.296554,-0.545710,0.951384,-0.147895,0.222693,0.336610,0,0,1,1
0.572227,0.228586,-1.433745,0.784187,-0.198473,0.010612,-0.648575,1,1,0,0
0.684394,0.538719,-1.050967,-0.088463,-1.492660,-0.513306,0.166260,0,0,1,1
0.749510,0.069364,-0.565492,-0.055218,-0.614856,0.302855,-0.218748,0,1,0,0
0.155774,-0.240906,0.501864,0.819825,-0.210918,1.284413,-0.383921,1,0,0,1
1.631681,-1.012261,0.260509,-0.221614,-2.115373,1.574180,-0.311279,0,1,1,0
0.297745,1.297046,-0.855380,0.525807,-0.215243,0.592957,0.662575,1,0,0,1
0.689127,1.029482,-1.275542,-0.468665,-0.696838,-0.810867,-0.608264,0,0,1,0
0.282042,0.980501,-1.743348,0.118369,-0.063384,-0.198660,0.350176,1,1,0,0
0.389868,0.793394,-1.477217,-0.293138,-0.810495,0.677351,-0.502184,0,0,1,1
0.379063,1.035410,-0.515736,-0.206581,-0.899110,-0.165591,-0.001891,1,1,0,0
-0.462681,-0.178478,-0.256547,-0.533394,0.396834,0.376834,-0.920815,0,0,1,0
0.257290,-0.781357,0.527843,0.442722,-0.116480,-0.561378,-0.773787,1,0,0,1
0.789142,0.094105,-0.291080,1.644863,-1.503499,-0.185816,1.617655,0,0,0,0
0.742932,-0.186365,-0.723130,0.857274,-1.791146,-0.770868,0.404165,1,0,0,0
0.615212,-0.188409,-1.482616,0.880137,-1.374564,-1.163256,-0.857745,0,0,0,0
0.934562,0.440002,-1.106419,0.482335,-0.884652,0.026493,-0.361598,1,1,0,0
0.857221,0.392071,-0.194369,0.499143,-0.131735,0.836242,0.284815,0,0,0,0
0.730243,0.195160,-1.373442,1.453320,-0.853024,-0.148762,0.484335,0,1,0,0
0.635904,0.024159,-0.636063,1.467412,-1.514991,0.383321,-0.068195,0,0,0,0
1.336914,-0.150933,-0.210528,1.032888,-1.176018,-0.434269,-0.293361,0,1,1,0
0.704458,-0.287800,-0.327845,-0.201021,-1.454017,-0.698374,-0.163689,0,0,0,1
0.754248,-0.052192,-0.253980,0.785773,-1.574599,1.091013,-0.241213,1,0,1,0
0.978275,-0.582938,-0.768052,-0.370615,-2.148584,-0.513707,-1.092061,0,1,0,0
0.532309,-1.091728,-0.700011,0.129444,-0.456415,-0.527584,-0.710981,0,0,1,1
1.127845,-1.570488,0.035981,0.408177,-1.416258,-0.716396,-0.047843,1,1,0,0
1.003918,-1.643364,0.558736,0.332482,-1.334949,-0.464780,-0.288432,0,0,1,1
1.162297,-2.014332,0.581134,0.774736,-1.156283,0.664393,-0.649711,0,1,0,0
0.557523,-2.161253,0.786638,1.158647,-1.364615,-0.017612,0.454251,1,0,1,1
0.985721,1.216634,-0.477785,0.835707,-2.408310,0.049278,1.362968,0,1,0,0
1.047329,-0.298514,-0.608132,1.032314,-2.310011,-0.120771,0.538021,0,0,1,1
1.083019,-0.716472,-0.046609,1.119317,-2.332924,-0.587157,0.510959,1,0,0,0
1.157502,-0.877300,-0.185328,0.956079,-2.612139,-0.320357,-0.298571,0,1,1,0
1.032016,-0.538752,0.258156,0.153663,-2.196301,-1.100533,0.631761,0,0,0,1
1.046519,-1.228598,0.458364,0.041187,-1.987932,0.092330,0.034999,1,1,0,0
0.490137,-0.768873,0.102223,0.349785,-1.533360,0.594022,1.072314,0,0,1,0
0.705583,-0.269334,0.429873,0.227854,-1.647640,-0.422626,0.311366,1,0,0,1
0.829018,-0.735578,0.504045,0.337643,-1.197417,0.231522,0.690075,0,1,0,0
0.446033,0.299878,-0.276948,0.283671,-1.965825,-0.767277,0.050063,0,0,1,1
0.799852,-0.493828,0.348787,-0.689743,-1.718092,-0.006619,0.759669,1,0,0,0
0.523019,0.530115,-0.279641,0.216236,-1.715328,-0.711710,0.225182,0,1,1,0
0.403992,-0.374592,1.065474,0.012334,-0.437020,-0.870257,0.468199,0,0,0,1
0.486292,-0.096458,1.127859,-0.574834,-1.499459,-0.164819,-0.023835,1,1,0,0
0.184186,-0.208831,0.434603,-0.241241,-0.601736,0.713401,0.888720,0,0,1,0
-0.084021,-0.831226,1.027065,0.690936,0.031795,-0.228654,-1.597818,1,1,0,1
0.795478,0.004012,0.523032,-0.271140,0.269952,0.962278,1.398360,0,0,1,0
0.541005,0.235533,0.272274,-0.587490,-1.010324,-0.156937,-0.515704,1,0,0,1
0.447953,0.765818,0.026396,-1.350010,-1.182509,-0.694319,1.144168,0,1,0,0
0.636913,1.233355,0.128549,-1.357117,-1.469541,0.045656,-0.073380,0,0,1,1
0.638640,-0.288541,0.908101,-0.533839,-1.099186,-0.941491,0.814103,0,1,0,0
0.415757,-0.092095,0.074279,-0.946828,-1.403553,-0.403976,-0.237219,1,0,0,1
0.437929,1.051664,0.175227,-0.996800,-1.340632,-1.051193,0.429771,0,0,1,0
-0.193765,0.224102,0.223522,-0.582109,-0.301818,0.091694,-1.179500,1,1,0,1
1.080732,0.174425,0.005544,-1.638856,-1.275924,2.976744,1.165864,0,0,1,0
0.324706,-0.339318,-0.430847,-1.500564,-0.607813,-0.494581,-1.166871,1,1,0,0
-0.108884,0.500061,0.365585,-0.781938,-0.082988,-0.729576,0.912409,0,0,1,0
0.323482,1.051298,0.100921,-1.286602,-0.932559,0.743485,-0.076223,1,0,0,1
0.509588,-0.114214,0.154609,-0.717866,-0.200792,-0.516515,0.827252,0,1,0,0
0.170315,0.261703,-0.045013,-0.978380,-1.214817,-0.325905,-0.133876,0,0,1,1
0.550319,-0.236279,0.717500,-1.000433,-0.109199,-1.049420,0.391876,0,1,0,0
-0.001154,0.992926,0.730568,-1.056817,-0.294493,-0.275399,-0.217466,1,0,1,1
0.444280,0.423174,1.296808,-0.375283,-0.830972,2.666309,1.504240,0,1,0,0
0.281107,0.492625,0.798549,-0.542129,-0.404015,0.174451,-0.315726,1,0,0,1
0.149312,0.661124,1.087826,-1.403332,0.044014,-0.427404,1.187895,0,0,1,0
-0.108808,1.504728,0.117688,-1.419809,-0.599998,-0.142506,-0.341156,1,1,0,0
0.601602,-0.288402,0.951737,-0.525348,-0.894723,-0.202832,0.454411,0,0,1,0
0.289451,-0.065711,0.102632,-0.546131,-0.575552,-0.522649,-0.013006,0,1,0,1
-0.035074,0.687511,0.387224,-1.532987,-0.454514,-1.008764,0.298042,1,0,0,0
0.050248,0.848190,0.309343,-1.443377,-0.666646,0.114562,-0.738096,0,0,1,1
0.149242,-0.434637,0.152824,-0.376226,-0.334378,2.356484,1.125172,1,0,0,0
0.260852,-0.162875,0.631852,-1.267455,-0.695822,-0.231612,-0.318976,0,1,1,0
0.153486,0.257498,0.703635,-1.600939,-0.759243,0.207251,1.065448,0,0,0,1
-0.065714,1.185126,-0.001487,-1.340563,-0.413776,0.165772,-1.243102,1,1,0,0
0.249238,-0.773295,1.011140,-0.160790,1.096211,-0.078000,0.716590,0,0,1,0
-0.134270,-0.242286,0.485515,-0.360864,0.662267,-0.978855,-1.268214,1,0,0,1
-0.632881,0.206856,0.816432,-0.264715,0.789442,-1.174140,0.038769,0,1,0,0
-0.533095,0.119681,0.525033,-1.506907,1.134918,0.463390,-1.291873,1,0,1,1
1.196900,0.863357,0.350840,-1.057777,-1.320894,5.315947,1.549424,0,1,0,0
0.464992,0.511559,0.558459,-0.836637,0.349310,-0.802927,-0.034048,0,0,1,1
0.159297,0.680996,0.721912,-1.370451,-0.885122,0.495447,0.741740,1,0,0,0
0.499734,1.034418,0.286087,-1.599872,-0.575089,-0.312376,0.161400,0,0,1,1
0.412599,0.123231,0.710406,-0.668862,-0.709021,0.476273,0.460266,0,1,0,0
0.653080,0.376469,0.659156,-1.150317,-1.315853,-0.466385,-0.699874,1,0,0,1
0.328434,-0.261773,0.368779,-0.488549,-0.035613,-0.351158,0.404939,0,0,1,0
-0.071717,-0.029033,0.130392,0.265487,0.622893,-0.142145,-1.231276,1,1,0,1
0.719934,0.593129,-0.675186,-0.232492,-1.326484,-0.367441,0.832459,0,0,1,0
0.390535,0.581717,0.302895,-1.131862,-0.508290,-0.087970,0.295593,1,1,0,0
-0.078999,0.195155,0.143706,-1.174676,-0.319281,0.879486,0.690648,0,0,1,0
-0.023859,0.888621,0.479083,-0.910702,-0.373610,-0.666169,-0.409687,1,0,0,1
0.944516,-0.306858,1.232650,-0.696351,-0.269277,0.859224,0.627850,0,1,0,0
0.544959,0.387529,0.509367,-0.952056,-0.921478,-0.412484,-0.293297,0,0,1,1
0.040352,0.082668,1.259775,-0.952249,0.148520,-0.462970,0.674222,1,0,0,0
-0.385090,0.506347,0.623161,-0.812882,0.759114,-0.553339,-1.276480,0,1,1,1
0.728739,-0.118719,0.219404,-0.116864,-0.358054,-0.943578,0.390478,1,0,0,0
0.317854,-0.126482,0.610156,-0.334634,0.409204,-0.466372,-0.839787,0,1,1,0
0.318539,0.200013,1.003221,-0.731871,0.075393,1.088865,1.274155,0,0,0,1
-0.014009,0.913060,-0.059771,-0.137470,0.074673,-0.407115,-1.024668,1,1,0,0
0.299621,-0.565518,0.852586,0.288426,0.600156,0.990703,0.694831,0,0,1,0
0.421784,0.125986,0.587112,0.083610,0.223398,-0.507661,-0.408232,1,0,0,1
0.259131,-0.072529,0.806381,-0.830882,0.072186,-1.089900,0.707590,0,1,0,0
0.128999,0.495415,-0.112196,-0.368474,-0.351388,-0.837824,-0.798162,0,0,1,1
0.440732,-0.242857,0.677985,-0.127758,-0.113668,-0.900736,0.614184,1,0,0,0
0.522275,-0.251173,0.471484,-0.815671,-0.204715,0.018663,-0.448660,0,1,1,0
0.262852,0.391456,0.639286,0.043012,-0.104575,1.693003,1.082919,0,0,0,1
0.181066,0.692126,0.573225,-0.482786,-0.255046,-0.507010,-0.973323,1,1,0,0
0.218817,-1.042231,1.065097,0.330028,1.348869,1.622273,0.716573,0,0,1,0
0.126310,-0.581641,0.998669,-0.544882,0.062021,-0.045140,-0.779188,1,0,0,1
-0.330800,-0.278849,0.887593,-0.137635,0.977850,-0.453527,0.729729,0,1,0,0
-0.128076,0.232083,0.660742,-1.040733,0.837801,-0.275797,-1.055056,1,0,1,1
1.127834,0.282371,-0.994791,-1.202327,-1.513407,0.102781,0.893028,0,1,0,0
0.227608,1.272801,-0.850894,-1.185801,-1.571041,-0.621066,-0.678234,0,0,1,1
0.520309,0.563283,-0.215547,-2.183996,-0.326235,-0.747602,0.275044,0,1,0,0
0.130691,1.342993,-0.838151,-1.277610,-0.835375,-0.743950,-0.603355,1,0,0,1
0.624639,0.086553,0.963774,-0.922013,0.460416,1.685925,1.085346,0,0,1,0
0.348414,0.512400,0.359947,-0.700002,-0.635302,-0.755747,-0.430324,1,1,0,0
0.263870,-0.343851,0.117770,-1.364068,0.232455,0.012239,0.826756,0,0,1,0
-0.446766,0.423982,0.334265,-0.765223,0.498476,-0.918631,-1.400854,1,1,0,1
0.815100,-0.102006,0.494878,-0.887769,-1.002313,1.451185,1.042535,0,0,1,0
0.897659,0.119163,0.117080,-1.548852,-1.285928,-0.472600,-0.759528,0,1,0,1
0.132975,0.729387,0.420181,-0.849879,-0.964248,-0.831848,0.636019,1,0,0,0
0.250904,0.499249,0.244222,-1.298346,-0.371632,-0.102041,-0.944991,0,0,1,1
0.746077,-0.074566,0.526517,-1.006759,-0.619222,2.170209,1.303700,0,1,0,0
0.351560,0.016760,0.252246,-1.272792,-0.531070,-0.597718,-0.978862,1,0,0,1
-0.174466,0.001793,0.342109,-0.929246,0.793586,-0.387562,0.658900,0,0,1,0
-0.546043,0.298235,0.443334,-1.463845,0.240380,-0.747838,-0.379478,1,1,0,1
0.967839,-0.098391,-0.053900,-0.389591,-0.062844,0.295747,0.982866,0,0,1,0
0.580124,1.021650,-0.299158,-1.008415,-2.169242,-0.634546,-0.399980,1,1,0,0
0.504245,0.245181,0.926832,-1.518591,-0.655647,-0.975839,0.468279,0,0,0,1
0.355874,1.488555,-0.140428,-1.468376,-0.823366,0.083848,-0.344373,1,0,1,0
0.625090,-0.008073,0.992896,-0.750511,0.462051,1.800898,0.858070,0,1,0,0
0.461888,0.287379,0.121265,-0.855830,-1.049164,-0.782757,-0.028963,0,0,1,1
0.165825,0.780951,0.002612,-1.667905,-0.517813,0.189730,0.951481,1,0,0,0
-0.068370,0.407668,0.597980,-1.142055,0.921413,0.670518,-0.991998,0,1,1,1
0.622260,-0.069191,-0.273567,0.308248,0.920744,0.823577,0.592342,1,0,0,0
0.311705,0.257720,-0.641950,0.151053,-0.095301,-0.484197,-0.780982,0,1,1,0
0.117117,-0.159146,0.551489,-0.107955,1.553386,-0.549479,0.324673,0,0,0,1
0.134211,0.728044,-0.126305,-0.225325,0.633182,-0.375114,-0.803433,1,0,1,0
0.607832,-0.469699,0.635698,0.072850,0.745772,2.648092,0.845783,0,1,0,0
0.456686,0.097400,-0.824423,-0.568543,0.279389,-0.658334,-0.968373,0,0,1,1
0.377839,-0.189919,0.610126,-0.293589,1.543620,0.138700,1.061540,0,1,0,0
-0.276769,0.985242,0.951015,-0.470855,0.735707,-0.398748,-1.019129,1,0,1,1
0.797023,0.216968,0.834848,0.333717,-0.733725,0.449919,0.940065,0,1,0,0
0.477331,0.378318,0.068390,-0.229944,-0.865169,-0.357926,-0.250081,1,0,0,1
-0.218504,1.131381,0.423298,-0.369671,-0.065853,-1.237162,0.962651,0,0,1,0
-0.078890,0.999295,0.414059,-0.610815,-0.013975,-0.659722,-0.868381,1,1,0,0
0.524140,0.152380,0.318126,-0.441342,-0.803285,-1.201058,0.572689,0,0,1,0
0.397600,0.217282,0.433748,-0.569630,-0.274425,-0.727745,0.258287,0,1,0,1
-0.017310,0.540078,0.625705,-0.017448,0.063673,0.550891,0.974748,1,0,0,0
-0.178312,0.485309,0.275184,-0.419439,0.473711,-0.156606,-0.621099,0,0,1,1
0.589384,1.114343,-0.323724,0.727200,-0.835221,0.342868,1.282085,1,1,0,0
0.421385,1.141422,-0.271915,0.093716,-1.197520,1.597365,0.193122,0,0,1,1
0.337184,1.048200,-0.457299,-0.065558,-1.041711,-0.768654,0.890036,1,1,0,0
0.110760,1.542903,-0.931121,0.044692,-2.875873,0.959271,-0.357482,0,0,1,1
-0.450492,2.290808,-0.128381,0.287709,-0.728872,-1.251606,1.267766,1,1,0,0
-0.548555,2.020468,-0.683790,-0.257358,-0.747583,-0.033568,-0.175663,0,0,1,1
-0.534248,2.191483,-1.074272,0.272938,-0.284622,1.589607,0.857182,0,1,0,0
1.376823,-0.752142,1.235404,1.500889,-1.772203,0.605175,-0.222335,1,0,0,1
0.899067,0.677749,-0.770175,1.942525,-2.177995,0.346944,1.112041,0,0,0,0
1.318718,0.244774,-0.951026,0.998232,-1.941071,-0.552798,-0.160368,1,0,0,0
0.813426,0.248862,-1.433976,0.748341,-0.122727,-0.457208,0.938990,0,0,0,0
0.979021,1.006058,-1.732767,0.429353,-0.797047,0.053224,0.182316,1,0,0,1
1.168202,0.072133,-0.158511,0.359826,0.232147,-1.018872,0.570449,0,0,0,0
1.225457,0.122758,-0.400073,-0.491319,-0.128262,-0.155665,0.537028,0,0,0,1
0.694175,-0.012486,-1.054523,-0.071508,-0.388548,0.244443,0.881980,0,0,0,0
1.234151,0.477357,-0.742448,-0.388986,0.259921,-0.145660,0.180380,1,0,0,1
1.320307,-0.257990,0.035947,0.005978,0.268012,0.820916,0.778245,0,0,0,0
1.181975,0.243367,-1.066596,-0.859334,0.606875,-0.326565,0.099335,1,0,0,0
1.361549,0.386387,-0.466794,-0.693815,-0.376349,-0.579120,1.196144,0,0,0,0
0.870617,1.235332,-0.066801,-0.862290,-1.332314,-0.511505,-0.048339,1,1,0,0
-0.010637,-1.122067,1.135037,0.172579,0.524985,-0.642414,0.100629,0,0,1,0
-0.258978,-0.735145,1.081336,0.189299,0.163900,-0.496657,-0.396629,0,1,0,1
-0.201968,-0.500601,1.126419,-0.988614,0.490192,-1.205044,0.022986,1,0,0,0
0.280957,-1.323075,1.300625,0.792396,-1.774532,0.247313,-1.338552,0,0,1,1
1.782255,-0.571442,0.727388,-0.008825,-0.413253,0.715646,1.470874,0,0,0,0
1.188379,0.654486,0.344378,-0.298169,-0.711159,-0.873320,0.151812,1,0,0,0
0.742124,0.645864,-0.585188,-0.430424,-0.213909,-0.683065,0.929006,0,0,0,0
1.347374,0.821100,-0.443573,-0.755705,-0.674031,0.007395,0.048843,1,0,0,1
1.121103,0.539628,0.392635,-0.680748,-0.534786,-0.820574,0.907413,0,0,0,0
1.185213,0.604343,0.220757,-1.246055,-1.469758,0.316526,0.518651,0,0,1,0
0.672536,0.747078,0.345350,0.255156,-0.536029,-1.011969,0.097867,0,0,0,0
0.143355,-0.027629,0.534715,0.417066,0.726358,0.247016,-0.826747,1,0,1,0
1.488016,0.131452,0.141607,0.270953,0.416128,1.729155,1.126726,0,0,0,0
0.590450,0.895230,-0.522659,-0.952275,-1.548517,-0.473724,0.301720,0,0,1,0
0.707365,0.839835,0.235105,-1.400791,0.645432,-0.258724,0.903320,0,0,0,0
0.596765,1.541475,-0.944175,-0.764494,-1.630611,-0.222229,0.058364,0,0,1,1
1.109038,0.067693,0.470895,-0.862746,-0.031241,-0.443558,1.004689,0,0,0,0
1.133780,0.758888,0.283794,-1.030892,-1.212630,0.045300,0.235927,0,0,1,0
-0.037113,-0.280203,0.876037,-0.379591,0.682011,-0.719298,0.368106,0,0,0,0
0.426568,-1.468919,1.357641,0.430275,-0.942524,-0.643420,-0.457356,0,0,1,1
0.947521,0.507023,1.213539,-0.183399,-0.048136,0.375329,1.669041,0,0,0,0
0.866749,0.516507,0.008188,-0.215729,-0.366775,-0.155624,-0.199000,0,0,0,1
0.578085,0.816968,0.052031,-0.866077,0.358952,-0.494465,0.875439,0,0,0,0
0.841669,0.638659,-0.172529,-0.287670,-0.128217,0.080651,-0.424214,1,0,0,1
1.014922,0.435139,-0.086732,-0.438919,0.518259,0.187505,0.673030,0,0,0,0
1.015674,0.328350,-0.271971,-0.080386,0.079648,-0.454546,-0.072801,0,0,0,1
0.912605,0.912095,-0.471929,-0.917571,0.123378,-1.202684,0.657184,0,0,0,0
1.005880,0.758623,-0.659893,-1.118450,-0.214200,-0.492236,-0.415358,1,1,0,0
0.800294,-0.195125,-0.141507,-0.391892,0.682809,1.260692,1.115177,0,0,0,0
1.104590,0.201185,-1.013699,-0.535181,-0.875490,0.215489,-0.666577,0,1,0,0
0.633487,0.394881,-0.603417,-0.329778,-0.469221,-0.198228,1.217970,0,0,0,0
0.030123,0.628419,1.025670,-0.563333,0.172694,-0.258939,-1.121593,0,0,1,1
0.177639,-0.565928,0.983121,-0.134021,-0.213818,0.609008,0.506303,1,0,0,0
-0.199061,-0.292891,-0.056777,-0.114806,0.442829,-0.770678,-1.039804,0,1,1,0
-0.277403,-0.057443,1.442732,-1.093067,0.708337,-0.885965,0.234044,0,0,0,1
0.268860,-1.000009,0.918214,0.391123,-1.367797,0.469598,-0.655223,1,1,0,0
1.768935,-0.304822,0.369677,-0.392422,-2.132508,-0.819805,1.082581,0,0,0,0
0.999641,1.255104,-0.713599,0.296350,-0.369961,-0.186007,0.696264,0,0,0,1
0.827860,0.488332,-0.277633,-1.294950,0.052520,0.253785,0.834488,0,0,0,0
1.109565,1.067420,-0.562042,-0.388030,-0.717491,-0.171871,0.318077,1,0,0,1
0.976824,0.391248,0.645632,-0.670380,-0.330457,-0.057497,0.814252,0,0,0,0
1.330193,0.322758,0.147303,-0.728561,-1.412655,-0.329196,-0.340968,0,1,0,0
0.963220,0.711179,0.698223,-0.792879,-1.337282,-0.984788,1.116671,0,0,0,0
0.719942,0.461266,0.974615,0.401994,0.359915,-0.520273,-0.722655,0,1,0,1
1.071029,0.995257,-0.369933,-0.620802,0.107924,-0.722328,0.711619,0,0,0,0
0.976842,0.605065,-0.626405,-0.989848,-1.095028,-0.484870,0.439276,0,1,0,0
1.010294,0.791440,0.015630,-1.196298,0.650794,0.730648,0.859506,0,0,0,0
0.697189,1.491843,-0.854089,-1.333526,-0.936105,-0.542924,-0.069117,1,1,0,0
1.241926,0.595327,0.125408,-0.766742,-0.886613,0.690884,1.143582,0,0,0,0
1.043562,0.838700,-0.080915,-1.937877,-0.897969,-0.199406,-0.654927,0,1,0,0
0.125422,0.923650,0.576892,-0.817225,-1.601422,-1.203573,0.773458,0,0,0,0
-0.349658,-0.637349,0.583340,0.084181,1.058432,0.712835,-1.946094,1,1,0,0
0.965771,0.479719,0.691635,-0.008730,-0.279102,-0.759643,0.698957,0,0,0,0
0.910217,0.140692,0.390771,-0.907004,-0.568925,-0.406382,-0.448919,1,0,0,0
0.843669,1.040708,-0.124166,-0.879661,-0.652922,1.003097,1.092916,0,0,0,0
0.854772,0.722192,-0.662406,-0.941187,-0.093353,0.247353,-0.508092,1,0,0,1
0.919744,0.199529,0.375202,-0.572648,-0.162622,1.288984,0.996186,0,0,0,0
0.932502,0.238815,-0.883116,-0.702845,-0.529394,-0.034037,-0.467720,1,0,0,0
0.966231,0.578597,-0.041135,-1.432817,-0.149111,-0.571363,1.137561,0,0,0,0
0.889344,0.919535,-0.998154,-1.373145,-0.589280,-0.379813,0.071923,0,0,1,1
0.647825,-0.180488,0.013513,-0.358680,0.346566,-0.773452,0.581147,0,0,0,0
0.690423,-0.109874,-0.159902,-1.238685,0.096270,-0.090314,-0.257404,0,0,1,0
0.840761,0.466765,0.292475,-0.994924,-0.946819,-1.103119,0.550202,0,0,0,0
0.475240,0.858602,0.697347,-0.890521,-1.158499,-0.434805,-0.824078,1,1,0,0
0.338757,-0.899675,0.946083,0.106567,0.663002,1.594675,0.891307,0,0,0,1
0.172647,-0.293108,0.403508,-0.428117,-0.003257,0.500791,-1.254937,0,1,1,0
-0.316379,-0.340235,1.522972,-0.508664,1.397285,-0.170335,0.806419,1,0,0,0
0.063375,0.143106,0.803610,-0.969048,-0.311159,0.030000,-0.751405,0,0,1,1
1.400531,0.380348,0.046747,0.277958,-0.279513,0.113359,1.072786,0,0,0,0
1.124427,-0.016970,-0.330109,-0.161766,-0.017814,0.188800,-0.707402,1,0,0,0
0.990180,0.399654,-0.666295,0.013627,0.231611,-0.865420,0.296226,0,0,0,0
0.850841,1.073866,-0.763921,0.001356,0.848338,0.209537,-0.040753,1,0,0,1
1.247670,-0.191833,0.413197,0.075144,0.565579,1.621562,0.961528,0,0,0,0
1.011359,0.397199,-0.132236,-0.260028,-0.523595,-0.389886,-0.167315,0,0,1,0
0.005962,-0.420429,0.385459,0.072205,0.195582,-0.902370,0.435798,0,0,0,0
0.779851,-2.339508,1.975567,0.938185,-1.439495,0.552986,-1.245165,1,1,0,0
0.954946,0.503259,-0.193375,0.338632,0.753278,0.094268,1.032442,0,0,0,0
1.078106,0.164226,-0.827773,-0.808647,0.560624,-0.280621,-0.204366,0,0,0,1
1.110171,0.491394,-1.238825,-0.155114,0.186707,-1.024717,0.576668,0,0,0,0
1.071112,0.869212,-1.065247,-0.446600,0.499567,-0.134847,-0.032501,1,0,0,1
1.206704,-0.057895,-0.339895,-0.506384,0.469305,1.217068,1.089201,0,0,0,0
1.052410,0.562896,-0.761252,-0.700187,0.097372,-0.715134,-0.319855,0,1,0,0
0.628865,-0.339659,-0.412325,-0.922723,0.269208,-0.174889,0.932066,0,0,0,0
0.366723,-1.479849,0.616874,0.184247,-1.802140,-0.322307,-1.156235,1,0,0,1
1.480211,0.411962,-0.142836,-0.371169,0.231908,0.621064,1.116326,0,0,0,0
1.230177,1.125621,-1.749272,-0.869498,-1.260211,-0.270745,-0.111190,0,0,0,1
0.862481,0.763328,-0.344122,-0.705787,0.605094,-0.791107,0.848873,0,0,0,0
1.122870,0.692265,-1.236719,-0.326451,0.268808,-0.402348,-0.175619,1,0,0,1
1.331385,0.365046,-0.041600,-0.338042,0.343824,1.854533,0.986302,0,0,0,0
1.317444,0.636937,-0.147847,-1.137845,-0.936387,-0.203126,0.270997,1,0,0,0
0.234241,0.049715,-0.199369,0.729775,-0.594383,-0.728454,1.042548,0,0,0,0
0.514161,-1.082569,0.183293,1.365874,-1.628907,-0.542704,-1.136755,0,0,1,1
1.086868,0.688378,-0.259034,-1.056312,-0.149538,-0.091694,0.846879,0,0,0,0
1.002205,0.693763,-0.299858,-1.092377,-1.508089,-0.235906,0.297908,0,1,0,0
0.849925,0.968467,-0.923233,-1.617103,0.249035,-0.593052,0.541225,0,0,0,0
0.776217,1.224681,-0.933315,-1.801001,0.049777,-0.069269,-0.145376,1,1,0,0
1.117552,0.122010,-0.355226,-1.463096,-0.561388,-0.686890,0.435847,0,0,0,0
1.158686,0.210376,-0.418003,-1.528778,-0.347634,-0.196950,-0.138102,0,0,1,0
0.470196,0.550827,-0.693435,-1.619405,0.438665,0.440699,1.383773,0,0,0,0
1.640594,-1.316342,0.111177,-0.007321,-1.542292,2.078915,-0.380199,0,0,1,1
0.947238,0.446986,-0.451384,0.623358,0.296889,-0.285909,0.828952,1,1,0,0
1.067926,1.269796,-0.481335,0.595148,-0.307615,0.970076,0.240285,0,0,1,1
0.443482,1.398255,-1.190607,0.481033,0.282012,-1.096858,1.013710,0,1,0,0
0.654983,1.013547,-0.640402,0.091158,0.836823,0.193862,0.223595,1,0,0,1
0.615092,1.390462,-1.166004,0.576454,0.128112,-1.419084,0.480436,0,1,1,0
1.016585,1.299623,-1.448169,0.679283,0.415995,0.057792,0.515827,1,0,0,1
0.819276,0.656628,-1.577594,0.445098,-1.908485,1.460562,0.767867,0,0,1,0
0.277593,0.971108,0.276402,1.276380,-1.162404,-0.120344,-0.499598,1,1,0,0
1.094797,1.175085,0.073280,0.630659,-0.970365,0.614511,1.150088,0,0,1,1
0.401104,2.216790,-1.367149,0.691240,-1.639829,-1.004889,0.504971,1,1,0,0
0.417352,1.774295,-1.865726,0.197410,-1.404827,-0.650043,0.811884,0,0,1,1
0.501820,1.756881,-1.462057,0.269827,-1.568929,0.452898,0.144677,1,1,0,0
-0.045822,2.404921,-1.878336,0.015143,-0.134212,-1.025191,1.209540,0,0,1,1
0.004330,1.939836,-1.844181,-0.121030,-0.848566,0.089125,0.342103,1,1,0,0
0.254269,2.299179,-1.566549,-0.709625,-0.424918,1.370970,1.189767,0,0,1,0
-0.076956,2.161519,-1.122946,0.147047,-1.108102,0.269609,-0.197889,1,1,0,1
0.142287,-0.753615,-0.095444,2.808206,-2.078937,1.696835,0.903618,0,0,1,0
0.337641,-1.630230,-0.104460,1.714388,-1.782256,-0.197917,-0.156573,0,0,0,1
0.074080,-1.844629,1.122942,0.869597,-0.478388,0.278882,-1.251666,0,1,0,0
-0.012082,-1.019363,0.978212,-0.041402,-0.537384,-0.328863,-1.027587,1,0,0,1
1.043291,-0.262574,1.474238,-0.211246,-1.196588,0.093993,0.937873,0,0,1,0
0.428746,0.164335,1.368218,0.039493,-1.846520,-0.275678,0.115602,0,1,0,0
0.774456,-1.109701,0.021818,-1.106385,-1.169586,0.682868,-1.050666,1,0,0,0
0.008324,0.222217,0.259224,0.015119,-0.392770,-0.695826,-0.647610,0,0,1,1
0.476317,-0.597381,1.212615,0.305338,0.577520,0.690823,1.846127,1,0,0,0
0.355699,0.414689,0.450289,0.561892,0.083540,-0.027861,-0.274642,0,1,0,0
0.767877,-0.873776,1.084001,-0.634803,0.204375,1.323311,-0.545147,0,0,1,0
0.584236,0.310927,1.393314,-1.019159,-0.539732,-0.074399,0.439395,1,0,0,1
0.679244,0.368290,0.434841,-0.650148,-1.610310,-0.625545,0.977928,0,1,0,0
0.135125,0.211183,0.828323,0.245657,-0.926981,-0.571926,-0.493594,0,0,0,1
0.614791,0.212838,0.555588,-1.306961,-1.377123,0.593440,-0.090965,0,0,1,0
0.486273,0.901201,1.548938,-1.737752,-1.174678,-0.101824,0.447155,1,1,0,0
0.109207,0.498170,1.063516,-0.488592,-0.220094,1.102932,1.388333,0,0,0,1
0.233557,0.791804,0.293788,-0.612512,-0.405032,-0.322617,-0.678894,0,1,0,0
0.777137,-0.228855,0.923590,-1.049854,-1.106772,0.608054,-0.846846,0,0,1,0
-0.219815,-0.128819,0.773715,-0.450232,0.248085,-0.803263,-1.576611,1,0,0,1
1.006481,0.525783,0.644046,-0.783560,-1.125972,0.226052,1.652262,0,1,0,0
0.257751,1.080850,0.403315,-0.338329,-1.481549,-0.816574,-0.017670,0,0,1,0
0.372934,-0.329803,0.739920,-0.780535,-1.148942,0.781392,-0.939431,1,0,0,0
-0.213564,0.116499,0.623228,-0.396732,-0.008844,-0.357429,-1.364692,0,0,1,1
0.417200,-0.405715,-0.347296,-0.430000,-0.138887,1.675005,1.888096,0,1,0,0
0.497510,0.485497,0.089019,-0.908924,0.129750,-0.608499,-0.551082,1,0,0,0
0.774943,-0.616576,0.937899,-1.166722,-0.353542,0.895200,-0.686324,0,0,1,0
0.360340,-0.312695,1.070931,-1.179017,-0.863325,0.092710,-1.091405,1,0,0,1
0.170442,0.185789,0.657553,0.688450,-0.164796,-0.551782,0.598942,0,0,1,0
0.006370,0.734534,0.926573,0.421172,0.032111,-0.409651,0.032100,0,1,0,0
0.446965,-0.509041,1.151615,-0.170948,0.240261,0.722057,-1.370126,1,0,0,0
-1.049355,0.628052,0.995773,-0.176891,0.780163,-1.647887,-0.920948,0,0,1,1
0.443395,0.422853,0.821407,-1.059056,1.064848,2.654671,1.946661,1,0,0,0
-0.014691,1.630853,0.499130,-0.754751,-0.803837,-0.816900,-0.093028,0,1,0,0
0.654725,0.191119,1.627043,-1.207796,-0.472184,0.930294,-0.713350,0,0,1,0
0.241920,0.507551,1.035382,-0.764231,-0.111535,-0.223336,-0.612717,1,0,0,1
0.903921,-0.320911,1.381713,-0.034368,-0.705171,-0.071474,1.033635,0,1,0,0
0.388910,0.499334,0.232783,0.581331,-0.317533,-0.977397,-0.361003,0,0,0,1
0.396154,-0.094193,0.904184,-1.172010,0.585021,1.019494,-1.329121,0,1,0,0
0.451055,-0.290017,0.947076,-0.976330,0.447222,-0.123483,-1.295302,1,0,1,0
0.236338,-0.450169,0.330283,0.446434,0.408774,-0.899268,0.909285,0,0,0,1
0.362696,0.300046,0.146359,0.193772,0.779967,-0.395581,-0.559362,0,1,0,0
0.982936,-0.455941,0.189764,-0.989072,0.720685,1.340959,-0.401053,1,0,0,0
0.674712,0.211722,-0.113540,-0.872826,0.442600,-0.766670,-1.115671,0,0,1,1
0.706626,0.490789,-0.101542,-0.060518,0.201280,-0.090861,0.935481,1,0,0,0
0.384839,0.556830,0.407063,0.334402,-0.260024,-0.563531,-0.625209,0,1,0,0
0.853186,-0.251024,0.849888,-0.600554,0.750719,0.768596,-0.810301,0,0,1,0
-0.052208,0.226181,2.522530,-0.846351,0.361658,-1.046897,-1.002044,1,0,0,1
0.409725,-0.033515,-0.159292,0.177812,0.842212,-0.629312,0.604356,0,1,0,0
0.770278,0.573094,-0.406433,-1.207570,-0.170383,0.677331,-0.004837,0,0,0,1
1.300476,-0.528103,0.179909,-1.638168,0.463415,1.381004,-0.436450,0,0,1,0
0.718724,-0.030322,0.288729,-0.425469,0.528428,0.103253,-0.626765,1,1,0,0
0.823839,0.199690,0.376215,-0.192412,-0.272472,0.551264,0.873453,0,0,0,1
0.603479,0.489861,-0.355575,-0.049613,-0.151996,-0.401722,-0.513395,0,1,0,0
0.115675,-0.551189,1.040543,-0.875657,0.088784,0.339453,-1.611574,0,0,1,0
-0.015100,0.195167,0.480601,-1.035848,-0.082252,-0.356950,-1.232791,1,0,0,1
0.478476,-0.461446,0.154551,-0.267113,1.615644,-0.669759,1.291117,0,1,0,0
-0.177971,1.244878,0.198094,0.555510,0.765734,-0.740287,-0.559168,0,0,1,0
0.767507,-0.900301,1.023069,-1.532257,0.804009,1.155401,-1.241729,1,0,0,0
0.441296,-0.274808,0.269278,-0.527434,0.550579,-0.493054,-0.762498,0,1,0,1
0.276193,0.003964,-0.375393,0.581262,-0.092311,0.551098,0.517192,0,0,0,0
0.259473,0.310752,0.155285,0.197518,0.159474,0.445612,-0.314327,0,1,1,1
0.565988,0.793845,-0.603032,1.163145,-0.038133,-0.684086,-0.608578,0,0,0,0
0.854270,0.619153,1.103105,0.712502,-1.270152,0.781728,-0.092819,1,1,0,1
1.117558,0.998315,-0.709759,1.162674,-1.697206,0.546336,1.231405,0,0,1,0
1.088113,0.688302,-0.592382,0.726149,-1.881884,-0.497930,0.701739,1,1,0,0
1.556875,-0.502742,0.580372,-0.717716,-0.621822,1.111267,0.688357,0,0,0,1
1.234512,0.244055,-0.160162,-0.451102,-1.591075,-0.598189,0.993882,1,1,1,0
1.141502,0.218087,-0.384763,-0.740430,-1.001843,0.748992,0.784903,0,0,0,1
0.824997,0.773722,-0.704482,-0.360098,-1.809054,-0.731180,0.465337,0,1,1,0
1.260158,0.082956,0.388186,-1.025865,-0.938631,0.239744,0.568034,1,0,0,0
0.768228,0.627000,0.633134,-0.470687,-1.110942,0.497179,1.005947,0,1,1,1
0.126713,-0.559931,0.773633,0.072224,0.203164,-0.601784,0.295219,1,0,0,0
-0.303240,-0.913823,1.092669,0.411818,1.120186,-0.131680,0.731676,0,0,1,1
-0.035571,-0.946709,0.994673,0.296526,0.846839,-1.065512,0.295756,0,1,0,0
0.190001,-0.552972,0.679827,0.030851,0.450111,-0.366519,0.482879,1,0,0,1
1.313032,-1.805225,1.065646,1.899621,0.260738,1.575709,1.233934,0,1,1,0
0.539160,-1.205748,1.568721,0.103224,-0.115842,-0.473788,0.394709,1,0,0,1
1.235845,0.277215,0.017959,-0.367192,0.661647,-0.395014,0.749902,0,0,1,0
0.039923,-0.309758,0.947758,-0.008261,0.917823,0.182961,0.893234,1,1,0,1
1.182344,-0.120125,0.770413,0.759149,0.633710,-0.263008,0.909177,0,0,1,0
0.532916,0.571563,-1.125152,-0.071352,0.252431,-0.006828,0.917016,1,1,0,0
0.852476,-0.208698,-0.181523,-0.105909,1.237272,-0.676420,0.231347,0,0,0,1
0.811184,0.239037,-0.435953,-0.349811,1.549246,-1.024809,0.878526,1,1,1,0
1.036704,-0.227680,0.157637,-0.602744,0.271054,1.822914,1.002343,0,0,0,1
0.799535,0.857688,-0.003943,-0.758458,-0.097675,-0.775050,0.505496,0,1,1,0
0.243481,-1.085024,1.810402,1.075729,0.043533,0.292680,0.498894,1,0,0,0
0.052498,-1.243782,0.687136,0.256305,-1.135083,-0.936241,0.609105,0,1,1,1
2.008692,-0.841364,-0.307864,0.873614,-0.629551,1.555460,1.096443,1,0,0,0
1.381115,0.074078,-0.598235,0.591340,-0.804084,-0.106505,0.775120,0,0,1,1
1.231835,-0.665128,-0.556695,-0.168448,0.250131,-0.794238,0.654514,0,1,0,0
0.916683,0.057655,-0.537830,-0.485927,1.017326,-0.433100,0.650529,1,0,1,1
1.146261,-0.032044,-0.558392,-0.164193,-0.061158,1.679121,0.991062,0,1,0,0
1.013349,-0.149637,-0.070963,-0.330299,0.658442,-0.647061,1.004362,1,0,0,1
0.779173,-0.467562,0.220680,0.016412,1.091295,0.844005,0.722624,0,0,1,0
1.037054,-0.350241,0.596720,-0.029487,-0.176505,0.652917,0.613055,0,1,0,1
1.413565,-0.023115,-0.127450,0.527312,-0.684081,-0.478385,0.905358,0,0,0,0
1.101087,0.452604,-0.316676,0.274664,-1.233909,-0.439655,0.934096,0,1,0,0
1.442117,-0.451226,0.233210,-0.237726,-0.074310,-0.284598,0.578116,0,0,0,0
0.929299,0.324789,-0.393601,-0.061555,-1.063118,-0.029269,0.755693,1,1,0,0
0.907772,0.061919,0.153044,0.447334,-0.142237,-1.451599,0.831185,0,0,0,0
1.109305,-0.112226,0.337545,-0.545278,0.225410,-0.662446,0.878034,0,0,1,0
1.051235,0.010260,0.178025,-0.212156,0.584467,0.725044,0.711114,0,0,0,0
1.033573,0.161891,-0.323078,-1.382537,-0.996539,-0.573888,0.278741,0,0,1,1
0.901955,-0.168988,0.262885,-0.728126,0.505949,0.106793,0.918879,0,0,0,0
1.044928,0.536203,0.299087,-0.626109,-0.780235,0.383181,1.093020,0,1,0,0
0.693142,0.270617,0.899750,-0.136267,-0.566125,-0.866495,0.849757,0,0,0,0
0.021601,-0.368519,1.117320,0.474598,-1.602805,-0.218089,0.668826,1,1,0,0
0.903311,0.328332,0.387634,-0.139311,0.074811,-0.184103,0.828194,0,0,1,0
0.501890,0.354008,-0.182416,0.015869,0.611205,-0.166560,1.003138,1,0,0,1
0.299413,-0.559390,1.370280,0.350770,1.050408,1.884553,0.719042,0,1,0,0
-0.069172,-1.485008,0.476362,-0.316661,0.300582,-0.562983,-0.006943,0,0,1,1
1.834731,0.079301,-0.191903,0.031662,-0.646937,1.155737,1.271729,1,1,0,0
1.244645,-0.143220,-0.583711,0.667976,-0.912470,-0.989489,0.602289,0,0,1,1
1.227798,-0.038314,-0.148563,-0.667832,-0.624375,-0.286272,0.549026,1,1,0,0
1.341143,0.305875,-0.951120,-0.265628,-0.579544,-0.389489,1.153787,0,0,1,1
1.107080,0.514538,-0.897511,-0.169479,-0.632123,-1.118384,0.715179,1,1,0,0
1.260570,0.423379,-0.600380,-0.168419,-0.555732,-0.885689,0.819821,0,0,1,1
0.690580,0.995432,-1.103672,0.393979,-1.968777,0.963036,0.987808,1,1,0,0
1.063856,-0.331369,-0.213510,0.587259,-0.777400,-0.914165,0.514072,0,0,1,1
1.450586,-0.185260,0.101730,-0.218701,-0.053925,1.333169,1.413820,1,1,0,0
1.241099,-0.512468,0.279226,0.151859,0.200274,-1.155463,1.027871,0,0,1,1
1.219160,-0.768381,0.223835,-0.073355,0.512968,-0.282510,1.234960,1,1,0,0
1.375636,-0.664916,-0.046738,0.057166,-0.255289,0.373095,1.474220,0,0,1,1
1.484011,-0.650329,-0.237598,0.259917,-0.562400,-0.654334,0.440702,1,1,0,0
1.564568,-0.641784,-0.075610,0.419850,-1.054787,-0.178544,0.560350,0,0,1,1
1.430482,-1.656532,0.671410,0.420438,-0.038652,0.692301,1.339933,0,1,0,0
1.476219,-1.152937,0.980238,0.276934,-0.897611,-0.536780,0.624162,1,0,1,1
0.141920,-0.183755,-1.398816,0.968906,-1.223770,-0.127424,1.251053,0,1,0,0
0.595676,-1.792351,-0.763063,2.052440,-0.796769,-0.326056,-0.241513,1,0,0,1
0.636587,-1.711863,-0.542529,1.565933,-1.503424,-0.039865,-0.479684,0,0,0,0
0.742982,-1.429095,0.082781,2.005283,-0.855873,-0.144561,-0.449192,0,1,1,0
0.329532,-1.739847,0.555645,1.179713,0.139459,-0.615096,0.654048,1,0,0,0
0.891441,-1.537899,0.568687,1.522837,-0.105223,0.551160,0.077941,0,1,0,0
0.895532,-0.822847,0.022410,0.816425,-1.128037,-0.964553,-0.663819,1,0,0,0
0.575388,-1.549967,-0.120953,1.433483,-0.868462,-0.414110,-1.239473,0,0,1,1
0.312531,-1.713961,0.767260,0.814394,0.935172,0.064515,1.600352,0,0,0,0
0.496481,-0.834257,0.050628,0.189895,0.059107,0.244095,-0.681908,0,1,0,1
0.666573,-0.435097,-0.697856,0.839913,-1.297239,-0.505718,-0.927342,1,0,0,0
0.342987,-0.759689,-0.050715,0.569630,-0.023751,-0.416344,-0.192950,0,0,1,1
0.186344,-0.843528,0.967554,-0.190833,0.641955,-0.368539,1.061801,0,0,0,0
-0.053169,-1.095098,1.237855,0.779312,0.748599,0.388620,-0.416435,0,1,1,0
0.054726,-1.012603,-0.292750,0.394273,-0.289086,-1.383566,-1.991224,0,0,0,1
-0.111271,-1.264979,0.278141,0.260076,0.126265,0.093049,0.044615,1,0,1,0
0.356602,-0.566121,0.372232,-0.695265,0.830059,2.018225,1.588863,0,0,0,1
0.035188,-0.902073,0.756902,-0.075585,0.751696,-0.143256,-0.772130,1,1,0,0
0.392519,-1.142898,-0.047348,0.035538,0.347809,0.373866,-0.428721,0,0,0,0
0.216430,-0.424860,-0.309816,-0.218593,0.239634,-0.289912,-0.867794,1,0,0,1
-0.631793,-1.460809,0.675650,0.184673,1.321984,-0.573145,1.036086,0,0,1,0
0.110024,-0.085760,-0.234822,-0.029441,1.129697,1.128498,-0.194080,0,1,0,1
0.567346,-0.510438,-0.113847,0.305418,0.529570,-1.134046,-1.042460,0,0,1,0
0.094809,-0.534422,-0.294392,0.349788,0.263859,0.633272,-0.602249,1,1,0,0
0.044877,-1.225838,0.601326,-1.192327,0.568923,2.426950,1.796714,0,0,0,0
-0.219070,0.109087,-0.878008,0.411775,0.686061,-0.446796,-0.916728,0,1,0,0
0.097982,-0.824985,0.003149,0.333593,1.289779,0.496527,-0.959323,0,0,0,0
0.033672,0.051471,-0.826216,-0.239383,0.252541,-0.526801,-0.573676,0,0,1,1
0.272022,-1.150178,0.677875,-0.655226,0.963382,0.340449,1.242973,0,1,0,0
-0.210983,-1.125060,1.108717,-0.163613,0.608030,0.214925,-1.281077,1,0,0,1
0.325377,-1.462460,0.088368,0.135770,0.738783,-1.021506,-0.745342,0,0,1,0
0.131752,-0.220062,-0.099198,-0.207909,-0.087450,-0.406862,-0.241495,1,1,0,0
-0.050963,-0.780067,0.502892,-0.594513,0.429989,-0.964288,0.502126,0,0,0,0
0.025851,0.122289,0.467495,-0.293668,0.362311,-0.145572,0.188870,1,0,0,1
0.608622,-0.899232,0.009783,-0.556075,0.606012,1.594527,-0.814202,0,0,0,0
-0.405565,-0.401531,0.032282,0.202141,0.562727,-0.350492,-0.580512,1,1,0,0
-0.182043,-1.409963,-0.067041,-0.769307,1.632145,0.664615,1.149190,0,0,0,1
-0.550783,0.014008,0.668589,0.111022,0.631319,-1.008227,-0.143566,1,0,1,0
0.313355,-0.945668,0.360228,-0.038918,0.710501,-1.080057,-1.104075,0,1,0,0
-0.079220,-0.123214,-0.860806,-0.159659,0.450666,-0.000448,-1.444190,0,0,1,1
-0.128487,-0.036250,-0.473849,-0.740186,0.726130,-1.271909,1.057621,0,0,0,0
0.137327,-0.216252,0.304309,-0.482817,0.968204,-0.146280,-0.561208,1,0,0,1
0.245876,-0.227428,0.084252,0.147761,0.559374,1.680308,-0.571732,0,0,0,0
-0.229683,-0.119407,-0.094532,-0.420926,0.679186,0.034135,-0.503806,0,1,1,0
-0.063254,-0.879962,0.645941,-0.733889,1.479896,0.220434,1.204586,0,0,0,1
-0.340063,-0.799063,0.334780,-0.827856,1.093164,-0.087952,-1.348179,1,1,0,0
0.352454,0.038551,-0.964225,0.710110,-0.514917,-0.276628,-1.096684,0,0,1,0
-0.423048,-0.599049,0.374376,0.589210,1.080938,-0.157858,0.019791,1,0,0,1
0.084611,0.040823,-0.259737,0.109333,1.828580,-0.362945,0.694565,0,0,0,0
-0.137580,-0.341393,0.375948,-0.605892,1.136526,0.558650,-0.253817,0,1,1,0
0.076713,-0.478523,-0.324312,0.315680,0.541092,1.258862,-0.868573,0,0,0,1
-0.007654,-0.027441,-0.430090,-0.232499,0.772013,-0.404314,-0.635979,1,1,0,0
0.143371,-0.547394,0.017905,-1.195630,1.728556,0.985783,1.491924,0,0,0,0
-0.126373,-0.408873,0.249997,-0.520496,1.471746,0.682208,-0.830292,0,1,1,0
0.142852,-0.700367,-0.501462,0.036606,0.302037,-0.618608,-1.052560,0,0,0,0
0.117022,-0.281446,-0.002494,-0.023614,0.554819,0.163670,-0.692838,0,0,1,1
-0.617325,-0.425864,-0.786752,0.200629,0.464722,-1.310666,0.891404,0,1,0,0
-0.173119,-0.282664,-0.357703,-0.356811,1.902093,0.056818,-0.927549,1,0,0,1
0.449986,-0.318844,0.603051,-0.037856,0.646367,1.815103,-0.330647,0,0,0,0
-0.084728,-0.189951,-0.632428,-0.365097,0.333158,-0.190599,-0.390289,0,0,1,1
-0.159885,-0.989766,0.628713,-0.847897,1.190340,1.235794,1.453422,0,0,0,0
-0.017592,-0.309289,0.363567,-0.701058,1.357450,-0.465359,-1.126565,0,1,0,0
0.190424,-0.679351,-0.456056,0.114024,0.586592,0.104949,-1.293031,0,0,0,0
-0.053778,-0.357358,-0.335865,0.047678,0.184178,-0.166775,0.004266,0,1,1,0
0.185047,-0.355492,-0.482492,-1.190228,1.614706,-0.505381,0.651792,0,0,0,0
0.143559,-0.554510,-0.193738,-0.789627,1.595316,-0.764171,0.221734,1,1,0,0
0.473171,-0.495200,-1.169835,-0.539934,0.464144,-0.767780,-1.312655,0,0,0,0
0.079588,-0.123831,-0.729787,-0.235519,1.419319,-0.573254,-0.375787,1,0,0,1
-0.043686,-0.814381,0.193636,-0.610479,1.765785,1.266561,1.388790,0,0,1,0
0.159175,-0.068257,-0.279599,-0.597813,1.764136,0.563778,-0.869682,0,1,0,1
0.597792,-0.001338,-0.891223,0.122188,0.002179,-0.279736,-0.887416,0,0,1,0
0.490704,-0.324368,-1.367006,-0.387715,0.699872,0.138089,-0.596886,1,1,0,0
0.261517,-0.423275,-0.116794,-1.441035,1.750065,-0.229937,1.659929,0,0,0,0
0.548376,-0.319695,0.103773,-0.596837,1.949982,-0.312716,-0.203577,0,1,1,0
0.421785,-0.162834,-1.130221,0.314349,-0.065272,-1.025478,-1.368729,0,0,0,0
0.364945,-0.113000,-0.680229,-0.368130,1.355599,-0.050401,-0.334424,1,0,0,1
0.421684,-0.891082,0.029573,-1.528474,0.893458,1.430204,1.556895,0,0,1,0
0.246226,-0.400865,-0.136600,-0.556891,1.478715,-0.070699,-0.734127,1,1,0,0
0.689752,-0.805051,-0.177946,-0.280827,0.504125,0.718894,-0.369081,0,0,1,0
0.276888,-0.284234,-0.876168,-0.426588,1.458532,-1.097250,-0.257383,0,1,0,1
0.301875,-0.065725,-0.515461,-0.724159,1.358756,-0.394343,1.294817,0,0,0,0
-0.231435,0.499088,-0.900873,-0.067062,1.201486,-0.580301,-0.099970,1,0,0,1
0.513793,-0.509161,-0.095987,-0.171005,0.268825,-0.861277,-1.013371,0,0,0,0
0.416896,0.803889,-1.316040,0.081599,0.400322,-0.315058,-1.158275,1,0,1,0
0.089154,-0.732562,0.020710,-1.057487,1.203618,2.043378,2.119766,0,1,0,0
0.143870,-0.476948,-1.329989,-0.482299,1.244348,-0.204921,-0.756159,1,0,1,0
0.854210,-0.320055,-0.067267,-0.017504,0.285865,0.346632,-0.531168,0,0,0,1
0.408252,-0.136159,-1.321826,-0.510313,0.277903,-0.341835,-0.584372,0,1,1,0
0.179813,-0.358282,-0.181560,-1.208659,0.892117,-0.459904,1.150948,0,0,0,0
-0.077471,-0.145545,0.135168,-0.522479,0.961297,0.081931,-1.571509,1,0,0,1
0.168350,-0.524759,-1.218956,0.101732,-0.164491,-0.272696,-0.907911,0,0,0,0
0.213742,0.224175,-0.481186,-0.917055,0.155309,0.009324,-0.254955,1,0,1,0
0.036494,-0.499517,-0.099881,-0.907691,1.083076,-0.763665,0.395045,0,0,0,0
0.127180,-0.300691,-1.088365,-0.549312,1.403635,-0.520348,-1.313519,0,1,0,1
0.571810,-0.945021,-0.045945,-0.158061,1.001915,0.907424,-0.771732,0,0,0,0
0.423090,0.060384,-1.413423,-0.536087,1.018790,-0.496143,-0.117124,1,0,0,1
0.107749,-0.487077,-0.089892,-1.133898,1.266299,-0.150561,1.182155,0,0,0,0
-0.141344,-0.452121,-0.029395,-0.581906,1.323534,-0.205664,-0.847176,0,0,1,0
0.480281,-0.251584,-0.332061,0.068470,-0.080924,-0.902253,-1.280886,0,0,0,0
-0.265786,-0.308168,0.058256,0.269954,1.391279,-0.677480,-0.756187,0,1,0,1
-0.059270,-0.454115,0.714590,-1.115672,1.679612,-0.842905,1.198768,0,0,0,0
-0.113183,-0.471529,0.429955,-0.354387,1.836835,-0.427957,-0.203714,1,0,0,1
0.209456,-0.286043,-0.061284,0.130463,0.077177,1.463141,-0.597270,0,0,0,0
0.120916,-0.097323,-1.524922,0.216977,0.476646,-0.730489,-0.962124,0,1,0,0
-0.201633,-0.371741,0.217903,0.003889,1.308554,0.748469,1.463752,0,0,0,0
0.167021,-0.176414,0.087778,-0.298788,1.384794,0.289642,-0.483609,1,0,1,0
0.220177,-0.569502,-0.746454,0.212987,-0.345762,-0.445258,-1.133118,0,0,0,0
-0.050229,0.120948,-0.715429,-0.363994,0.581109,-0.646754,-0.393169,1,0,0,1
-0.203157,-0.092638,-0.449947,-0.065239,0.041203,-0.967513,0.524647,0,0,0,0
-0.291930,-1.013715,-0.044008,-1.256257,0.991183,-0.032297,-1.728921,0,0,1,0
0.315555,-0.567060,-0.308779,0.129251,0.445687,2.316965,-0.255223,0,0,0,0
-0.279805,-0.918089,-0.430871,0.536727,1.816176,-0.287893,0.206989,0,1,0,1
0.146399,-0.788296,0.183180,-0.846180,0.792717,2.001394,1.025894,0,0,0,0
-0.179720,0.427279,-0.548151,-0.012093,0.914958,-0.838565,-0.692641,1,0,0,1
0.411450,-0.721851,-0.326644,-0.067475,0.432032,-0.938478,-0.815363,0,0,0,0
0.211009,0.488097,-0.676278,0.215794,0.413391,-0.536259,-0.718558,0,1,0,0
-0.127296,-0.865420,0.884772,-0.819485,1.294130,-0.948597,0.729983,0,0,0,0
-0.041802,-0.601207,-0.172217,-0.401247,1.110219,-0.318991,-0.588997,1,0,1,0
0.327271,-0.497918,0.186360,-0.041035,-0.102071,2.269026,-0.596801,0,0,0,0
-0.020275,-0.045679,-0.087471,-0.299584,0.007619,-0.517872,-0.774716,0,0,1,1
-0.262671,-0.070441,-0.544873,0.484067,0.589834,1.466532,1.110082,1,0,0,0
-0.455383,0.971041,-0.580946,0.834130,0.368096,-0.284454,-0.486338,0,1,1,0
0.280171,0.540373,-0.800074,0.688654,0.624736,0.621983,-0.526728,0,0,0,1
0.398781,0.623255,-1.231341,-0.393702,0.345695,-0.430126,0.005957,1,1,0,0
-1.222158,1.983373,-1.426735,0.482269,1.389305,-1.037186,0.893138,0,0,1,1
-1.297107,2.594729,-1.579250,0.731680,2.134548,0.984551,0.160172,1,1,0,0
-1.167218,2.546805,-2.747252,0.445420,2.029844,-1.074589,-0.647326,0,0,1,0
-1.215778,2.625536,-2.996586,0.310161,1.802936,0.833932,-0.481103,1,1,0,1
0.209724,-0.987356,-1.078097,1.735328,-1.459693,2.282184,1.456078,0,0,1,0
0.140044,-1.258160,-0.392421,1.730075,-1.466866,-0.124455,-0.284552,0,1,0,1
0.042882,-0.723583,-0.842113,1.871419,-1.834416,-0.467877,-0.712528,1,0,0,0
-0.630974,-0.515189,-0.723509,1.633813,-0.050866,-0.073392,-0.745624,0,0,1,1
-0.166522,-1.199378,0.869007,-0.190732,0.519496,-0.413850,0.826248,1,0,0,0
-0.174392,-1.378640,0.688289,0.758166,1.037045,0.161412,-0.593776,0,1,0,1
0.325380,-0.136502,0.039987,0.589791,-0.507095,-0.919273,-1.284356,0,0,1,0
0.084293,-0.694588,-0.123804,0.237690,0.906302,-0.272580,-0.530094,1,1,0,0
-0.128096,-0.847411,1.034210,0.057228,1.004844,2.172804,1.485175,0,0,0,1
0.038833,-1.055134,0.424854,-0.511725,1.986820,0.361914,-0.766989,1,0,1,0
0.386501,-0.657239,0.318267,-0.173793,-0.096944,-0.057201,-0.860239,0,1,0,0
-0.111670,-0.301781,-0.348142,0.023389,0.884303,-0.679397,-0.700528,1,0,1,0
-0.178847,-0.149563,0.637518,0.318363,1.268665,-0.027760,1.199121,0,0,0,1
-0.198492,-0.102564,0.467524,0.901985,1.155072,0.611055,-0.327395,1,0,1,0
0.447580,-0.717197,-0.297627,0.028070,0.504195,-1.220742,-1.428161,0,1,0,0
-0.248850,-0.144514,0.061784,0.462968,0.406113,-0.368035,-0.348529,0,0,1,1
-0.079085,-0.605465,0.361335,-0.594243,1.439499,3.108055,1.508671,1,0,0,0
-0.284131,0.144139,0.037959,-0.216594,1.218877,-0.448366,-0.836863,0,1,0,1
0.316936,-0.721397,0.142190,0.294921,0.925529,0.972415,-0.851465,1,0,0,0
-0.420178,-0.427093,-0.978110,-0.095121,0.554189,-0.757827,-0.973576,0,1,1,0
-0.423044,-1.305594,0.736837,-0.052693,1.618275,0.197207,1.163426,0,0,0,1
-0.003981,-0.758413,-0.130672,-0.414756,1.099559,1.038438,-0.594368,1,0,1,0
0.309195,-0.981928,0.049759,0.139902,-0.080169,-0.460402,-1.419071,0,0,0,1
-0.084973,-0.322793,-0.041392,-0.019596,-0.301438,-0.389378,-0.545373,1,1,0,0
-0.420340,-1.152067,0.442001,-0.557976,1.369981,-0.374613,0.493480,0,0,1,0
-0.550240,-1.269596,1.059774,-0.648505,1.256350,0.436394,-1.796322,0,1,0,1
0.038665,-0.731146,0.113170,0.728480,0.148537,2.322224,-0.761595,0,0,1,0
0.180799,-0.349217,-0.215355,-0.578821,0.174194,-0.147271,-0.393908,1,0,0,1
-0.166312,-0.642374,0.906875,-0.751396,1.578421,0.394174,1.437138,0,1,0,0
-0.869306,-0.428534,1.476946,-0.105704,0.916236,0.506232,-0.427138,1,0,1,0
0.025190,-1.082664,0.078798,0.454226,0.537481,-0.679495,-0.900305,0,1,0,0
0.109517,-0.301427,-0.098979,-0.172893,-0.101480,0.417032,-0.359803,0,0,1,1
-0.314663,-0.794721,0.633428,-0.670410,0.310109,-1.186407,0.543752,1,0,0,0
-0.669847,-0.766520,1.038706,-0.370563,0.772278,-0.681040,-1.032029,0,1,0,1
0.304886,-0.582526,-0.076526,0.715927,-0.195107,1.571282,-0.756541,1,0,0,0
-0.732746,-0.591378,0.506954,0.515730,1.102406,0.048652,-0.221880,0,0,1,1
-0.338577,-1.582014,0.613768,-1.015013,1.278454,1.021837,1.178406,0,1,0,0
-0.137191,-0.270541,1.079287,-0.324772,0.788767,-0.094902,-0.247526,1,0,1,0
0.531360,-0.775858,0.470929,-0.155491,-0.080167,-0.886429,-0.859855,0,0,0,1
0.106842,-0.232342,-0.075948,-0.464624,-0.084674,0.118869,-1.197258,1,0,1,0
-0.187056,-0.764688,0.722531,-1.088136,0.537688,-0.979891,1.619350,0,1,0,0
-0.286643,-0.164698,0.398006,-0.416328,1.152872,-0.402634,-0.325867,0,0,1,1
0.286472,-0.789235,0.478440,-0.043680,0.451533,1.798304,-0.511093,1,0,0,0
-0.042944,0.196708,0.050435,0.119210,0.598227,-0.453861,-0.497708,0,1,0,1
-0.391235,-1.159828,0.566299,-0.993026,1.283174,0.737480,1.252577,0,0,1,0
-0.231037,-0.986995,0.204670,-0.849167,1.310260,-0.073377,-1.571527,0,1,0,1
0.421080,-0.853342,-0.093856,0.592833,0.236728,-1.034920,-1.151444,1,0,0,0
-0.266469,-0.450141,0.298436,0.138352,1.290062,0.115227,0.694619,0,1,0,1
-0.299199,-0.252070,0.423943,-0.083499,0.502303,-0.419005,0.483040,0,0,1,0
0.090051,-0.233268,0.097134,-0.979082,1.117570,0.000181,-0.398252,1,1,0,0
0.008579,0.005650,0.298527,0.042686,0.550237,1.386446,-0.478330,0,0,0,1
-0.175615,-0.012311,-0.459891,0.050271,0.625180,0.258586,-0.885430,1,0,1,0
-0.179435,-0.929305,0.922772,-0.792658,1.610961,1.162110,1.824276,0,1,0,0
-0.071057,-0.541401,0.295519,-0.931908,1.508825,0.443741,-0.206326,1,0,1,0
0.148442,-0.453096,-0.167923,0.824217,0.332615,-0.401957,-0.917635,0,0,0,1
0.145769,-0.214072,-0.417041,-0.589993,-0.118809,0.644780,-0.372962,1,1,0,0
-0.269871,-0.983028,0.120922,-0.600030,1.214178,-0.829032,0.978716,0,0,0,1
-0.641940,-0.636108,0.866776,-0.724167,1.700962,-0.529326,-1.274826,0,1,1,0
0.144701,-0.566604,0.083403,0.218354,0.268631,-0.950086,-1.400951,1,0,0,0
-0.083631,-0.283929,-0.391862,-0.612378,0.418940,-0.239687,-0.229139,0,0,1,1
-0.470959,-1.166828,0.749086,-0.662284,1.095003,2.402200,1.574074,0,1,0,0
-0.743387,-0.498485,0.102739,-0.231338,1.150460,-0.276180,-1.824082,1,0,0,1
-0.048362,-0.570680,-0.045282,-0.007403,0.109613,-0.476430,-1.191979,0,0,1,0
-0.221784,-0.273056,-0.510196,0.048391,-0.087731,0.356121,-0.051577,1,1,0,0
-0.210512,-0.261391,0.330713,-0.350105,0.429152,-0.369319,0.954954,0,0,0,0
-0.566146,-0.744644,1.037811,-0.784224,0.348232,-0.425986,-0.262190,1,0,0,0
0.371844,-0.704407,-0.572854,-0.014958,0.134615,-0.712269,-1.057660,0,1,0,0
-0.486677,-0.394479,-0.280626,0.458440,0.620373,-0.487613,-0.028347,1,0,0,1
-0.408193,-0.816128,0.341153,-1.051067,1.188277,2.614039,1.424466,1,0,0,0
0.072111,-0.189313,-0.009995,-0.690197,1.620179,0.005572,-0.553784,0,0,1,0
0.262967,-0.617257,0.194223,0.155781,-0.201512,0.135821,-0.524022,0,1,0,0
-0.048875,-0.317121,-0.769555,-0.274987,0.657966,-0.191344,-1.280984,0,0,1,1
0.149918,-0.144171,0.140925,-0.737246,0.786549,0.265833,1.785302,0,0,0,0
-0.455668,0.204850,-1.058128,0.292351,1.435483,-1.140988,-0.532503,0,0,0,1
0.708797,-0.861923,-0.581729,-0.500735,0.382578,-1.190215,-1.540760,0,0,1,0
-0.202213,-0.226906,-0.636885,-0.073291,0.545275,-1.171174,-0.504183,1,0,0,1
-0.434940,-1.260301,0.128543,-1.029111,0.612287,1.842601,1.597569,0,0,0,1
-0.289334,-0.188254,-0.018110,-0.318819,1.861418,-0.156455,-0.342321,0,1,0,0
0.585762,-1.022459,-0.462930,-0.146643,0.868458,1.030005,-0.646317,0,0,1,0
0.128134,-0.156866,-0.597968,-0.487678,0.753316,-0.158713,0.003640,1,1,0,0
-0.000550,-0.719765,0.332648,-0.467625,1.232589,-0.407526,0.964462,0,0,0,0
-0.399916,-0.189417,-0.002898,-0.629645,0.611040,-0.386306,-0.186098,0,1,0,0
0.500588,-0.680061,-0.140852,-0.387020,-0.196848,-0.511089,-1.183943,0,0,1,0
0.253498,0.481799,-0.931170,-0.182295,-0.109681,0.165630,-0.637661,1,0,0,1
0.154533,-0.624085,0.350274,-0.969787,1.293240,-0.947878,1.263705,1,0,0,0
0.166421,-0.093780,-0.299333,0.234432,0.451415,-0.085067,-0.105107,0,0,1,0
0.306424,-0.389885,-0.156713,0.286159,0.975998,0.579418,-0.525321,0,1,0,0
0.288835,-0.493471,-0.886164,-0.530911,1.150208,0.161370,-0.633994,0,0,1,1
0.115060,-0.560733,-0.114015,-0.910031,1.008174,-0.346094,1.024340,0,0,0,0
0.077997,-0.689640,-0.041015,-0.424141,1.647477,-0.664409,-1.733236,0,0,1,0
0.166872,-0.836461,-0.529401,0.001548,0.289137,-0.893160,-1.295133,0,1,0,0
0.079308,-0.072971,-0.583827,-0.564896,-0.114282,-0.220106,0.009798,1,0,0,1
-0.450756,-0.825631,0.139893,-1.156785,1.206886,-0.412084,0.481927,0,0,0,1
0.068438,-0.865096,0.075468,-0.617315,0.759990,0.392413,-1.044836,0,1,0,0
0.331692,-0.335492,0.003417,0.092017,0.148651,2.386235,-1.093813,0,0,1,0
0.165722,-0.235720,-0.921537,-0.606103,0.911909,-0.967741,-0.190492,1,1,0,0
-0.294395,-0.796804,0.818990,-0.878672,0.837916,0.093274,1.185139,0,0,0,0
-0.369893,-0.657585,0.832268,-0.701650,1.682203,-0.140685,-0.213910,0,1,0,0
0.325683,-0.356405,-1.405305,0.404729,-1.093147,-0.929515,-1.116644,0,0,1,0
0.157500,-0.435819,0.059077,0.187125,1.014027,0.138721,-0.879832,1,0,0,1
-0.066263,-0.919839,0.177919,-1.211734,1.471329,-0.962093,0.624297,0,1,0,0
-0.073743,-0.783730,0.349886,-0.323322,1.657844,0.045708,-0.386395,1,0,0,0
0.502742,-0.645012,-0.156617,-0.554116,0.593831,2.246148,-0.326870,0,1,0,0
0.235983,-0.442351,-1.079732,-0.830639,0.324785,-0.999655,-1.009044,0,0,1,1
0.028038,-0.895611,0.489357,-0.713847,1.247321,1.326483,1.474230,0,0,0,0
-0.245764,0.291826,-0.290996,-0.274945,1.296544,-0.086499,-0.312453,0,0,1,0
0.267322,-0.297999,-0.639777,0.409792,-0.339424,-0.950406,-0.939790,0,1,0,0
0.253278,0.042447,-0.368556,0.171570,0.493987,0.247556,-0.597831,1,0,0,1
-0.074291,-0.831016,0.402138,-0.996202,0.648516,-0.709128,0.802277,0,0,1,0
-0.272171,-1.007009,0.350558,-0.720556,1.317963,0.965236,-0.860144,0,0,0,1
0.433725,-0.350227,-0.439210,-0.144426,0.844675,2.523289,-0.243086,0,0,1,0
-0.146861,-0.550234,-0.186177,-0.415011,1.113209,-0.283232,-0.096768,1,0,0,1
-0.313267,0.887633,-1.123460,-0.023137,0.194487,1.067048,0.742613,0,1,0,0
-0.000156,0.491097,-0.741277,0.820810,0.228382,-1.186197,-0.481662,0,0,1,1
0.061691,0.307644,-1.412530,1.019515,0.030352,-0.716889,-0.994963,1,1,0,0
0.389008,0.560096,-0.811196,0.635368,-0.561867,1.721388,-0.164174,0,0,1,1
-0.851642,1.276756,-1.157261,0.794292,0.623761,-1.400304,1.154545,0,1,0,0
-0.879779,1.868758,-2.375384,0.043015,1.375350,0.706163,-0.160123,1,0,0,1
-0.720011,2.817100,-2.057601,0.020204,1.241257,-1.424715,-1.537190,0,0,1,0
-1.141565,3.021967,-2.005193,0.447207,1.502689,-1.156699,0.007891,1,1,0,0
-1.041124,2.501337,-2.355621,0.618085,1.143110,1.810776,1.577526,0,0,0,1
-1.714863,2.797342,-2.492849,1.070569,2.328889,-0.875831,0.428558,1,1,0,0
-1.196294,3.230913,-3.314754,0.348930,1.867954,1.378374,-0.997893,0,0,0,1
-1.176671,3.290853,-3.059505,0.299985,1.573566,2.919690,0.128626,0,1,1,0
-1.600264,3.026305,-2.101837,0.867940,1.911132,-0.438273,0.600877,1,0,0,0
-1.675566,3.364883,-2.636729,0.443229,2.000632,3.575604,-0.851933,0,1,1,0
-1.401515,3.181562,-3.467387,0.478747,2.724775,-0.435609,-0.007229,0,0,0,1
0.725324,-0.333995,-0.716849,1.048183,-1.229381,2.970561,-0.407585,1,1,1,0
-0.038631,0.509915,0.132783,2.094045,-1.127780,-0.163684,1.800839,0,0,0,0
0.487665,-0.221646,-0.075879,1.363979,-1.339332,-0.889475,0.413507,0,0,0,0
0.013536,0.308392,0.648811,0.609645,-0.120282,-0.081595,0.262186,0,0,0,0
-0.374488,1.530575,-0.337634,0.581543,-0.737565,0.637742,-0.461828,0,0,0,0
-3.326339,0.906081,1.180660,0.053121,-0.281083,-1.463178,-2.438367,0,0,0,0
-4.906050,2.773212,0.599541,-0.712040,1.710870,-0.944410,-2.877084,0,0,0,0
-5.216858,2.915980,1.087580,-0.855577,0.967706,-0.698801,-2.206806,0,0,0,0
-5.483144,1.924762,1.125281,0.087873,0.701718,-0.647605,-2.563414,0,0,0,0
-5.093588,3.009876,0.554854,-1.207923,0.968380,0.315378,-2.695309,0,0,0,0
-5.401635,3.728100,0.606947,-2.369722,1.605204,-0.196954,-2.999060,0,0,0,0
-5.659449,3.064662,0.513398,-1.279031,2.445604,0.103577,-2.857840,0,0,0,0
-5.616632,3.582787,0.756227,-1.530250,2.853681,-1.187331,-2.799285,0,0,0,0
-6.676892,3.018710,1.935247,-1.885045,2.289305,-0.917983,-3.635228,0,0,0,0
-6.791228,3.019619,1.920482,-2.183173,1.886255,-0.819330,-3.410179,0,0,0,0
-6.759074,3.319912,2.354105,-2.015607,2.190921,-0.467133,-3.310468,0,0,0,0
-7.188855,2.702228,2.036022,-2.351494,2.191930,-0.632521,-4.189131,0,0,0,0
-6.092818,4.206731,1.949460,-2.621447,2.309988,0.884428,-3.004561,0,0,0,0
-0.942930,-2.249301,1.334152,1.597486,-1.828705,5.237024,-2.809687,1,1,1,1
0.738671,-0.672137,0.740108,1.716847,-0.666381,0.907896,1.904427,0,0,0,0
0.488990,-0.742527,0.078365,2.272096,-1.718605,-0.116112,-0.196881,0,0,0,0
-0.115162,0.723141,0.367932,1.236529,-1.542135,-0.416358,-1.187174,0,0,0,0
-1.956991,-2.397228,2.856098,1.222534,-1.529587,-0.141930,-2.467565,1,1,1,1
0.667610,0.171936,-0.153404,1.531167,-2.176831,0.470503,1.287861,0,0,0,0
0.443795,-0.576300,0.736531,1.921356,-1.951047,-0.175517,0.125477,0,0,0,0
-0.517577,0.674855,-0.059967,0.764556,-0.331422,-0.614170,-1.611690,0,0,0,0
-3.926748,0.112129,3.603432,-0.582040,-0.503708,-0.692923,-2.853286,0,0,0,0
-6.692819,1.277751,2.192521,-0.509084,-0.996975,-0.957701,-4.220531,0,0,0,0
-7.753039,2.353667,3.166861,-2.347765,0.955905,-0.693602,-4.163274,0,0,0,0
-7.587327,1.700483,2.769475,-1.123196,0.595276,-0.252346,-4.299279,0,0,0,0
-7.608752,1.907733,3.228454,-0.960091,0.863300,-0.532014,-4.263590,0,0,0,0
-8.075984,2.088969,3.577819,-1.848230,1.243760,-0.921531,-4.272654,0,0,0,0
-0.224912,-2.851647,0.909961,-0.010284,-1.158477,-0.186353,-2.609241,1,1,1,1
0.934806,-0.094619,-1.691983,1.142050,-1.643563,-1.172586,1.440118,0,0,0,0
0.815586,-0.778975,-1.535952,0.799608,-1.736959,0.212827,-0.067894,0,0,0,0
0.529388,0.140674,-1.503618,-0.105732,-0.689696,-0.455205,-0.261140,0,0,0,0
-0.656153,2.261463,-2.853167,-0.471730,0.343530,-0.031110,-0.737123,0,0,0,0
-2.808429,1.727960,0.568628,-1.447295,-2.826144,-0.690717,-2.330482,0,0,0,0
-5.233543,1.355092,1.726162,-0.022708,1.237686,-0.603058,-4.137197,0,0,0,0
-6.349153,1.045448,0.978304,-1.439321,0.834454,-0.932069,-4.537080,0,0,0,0
-6.804730,1.382776,1.174718,-1.357405,1.741332,-0.458695,-4.400187,0,0,1,0
-5.001687,4.467172,0.469331,-2.132201,3.598358,2.873982,-1.498332,0,0,0,0
-5.750051,5.072672,1.881521,-3.545462,3.435711,-0.890488,0.261723,0,0,1,0
-6.490414,4.247446,2.209972,-3.453989,3.283921,-1.558108,-2.439650,0,0,0,0
-5.943668,3.941757,0.686798,-2.716639,4.657391,-1.165565,0.295538,0,0,0,0
-6.642639,3.906341,2.124615,-3.269946,3.064459,-1.173195,-1.621755,0,0,0,0
-8.413228,3.009144,4.494327,-4.370403,0.095895,-0.996248,-4.235072,0,0,0,0
-8.257070,3.175190,4.434938,-4.281593,0.216304,-0.654877,-4.181826,0,0,0,0
-8.509572,2.757401,4.505324,-3.736651,0.698403,-0.979620,-4.174115,0,0,0,0
-7.306906,4.499552,3.954274,-5.229737,0.801323,1.150704,-3.390667,0,0,0,0
-4.703763,0.776567,2.310541,-0.269594,-1.239879,-0.945529,-3.327771,1,1,1,1
1.124207,-0.304815,-0.529694,-0.001243,-3.420525,-0.582388,0.648597,0,0,0,0
0.842934,-0.819519,-1.646808,-0.130735,-3.540361,-0.708921,-0.209999,0,0,0,0
-0.501808,-0.034866,-1.143932,-0.208791,-2.004480,-0.925460,-1.718352,0,0,0,0
-2.819444,0.393325,0.560212,0.351884,0.246327,-1.764811,-2.068803,1,1,1,1
0.595415,-0.511333,-2.038333,0.734619,-2.170015,0.465845,1.295802,0,0,0,0
0.558792,-1.523291,-2.023117,0.058928,-1.969427,-0.011006,-0.372442,0,0,0,0
-0.223077,0.088863,-2.335065,-0.769061,-0.534574,-0.496873,-1.428946,0,0,0,0
-1.212931,0.765091,-2.423060,-0.310056,-1.365102,-0.474094,-1.930977,0,0,0,0
-2.567612,1.397554,-0.170468,-0.855018,-1.203810,-0.042608,-3.227575,0,0,0,0
-4.569668,2.257972,2.362144,-0.743007,-0.395638,-0.417196,-3.553724,0,0,0,0
-6.126474,1.663319,1.566591,-0.936149,1.676938,-0.216301,-4.077768,0,0,0,0
-7.150235,2.120691,1.676446,-1.429598,2.416681,-0.530153,-4.144408,0,0,0,0
-7.327219,2.313545,2.193242,-1.622925,2.675393,-0.791003,-4.179736,0,0,0,0
0.207260,-2.897898,-0.017362,1.729150,-1.234997,14.415710,-2.681347,1,1,1,1
0.165372,-1.070601,0.290903,2.402632,-0.519799,-0.246707,2.030963,0,0,0,0
0.260620,-0.635645,0.298387,2.252213,-1.306200,-0.371030,0.075681,0,0,0,0
0.421662,-1.544017,0.153747,0.764790,-1.123496,-0.022389,-0.653789,0,0,0,0
0.227150,-1.832746,0.296600,2.118163,-1.231942,-0.396434,-0.984247,1,0,0,1
0.466820,-0.757577,-0.014094,1.636637,-1.051171,-0.232974,-0.546849,0,0,0,0
0.012114,-1.386387,0.470340,0.705173,-0.569467,0.215699,-0.652990,0,0,0,0
0.129849,-1.654428,0.207058,1.216728,-0.601820,-0.109247,-1.026218,0,0,0,0
-0.301671,-1.791015,0.381367,1.783497,-0.877073,-0.507314,-0.889994,1,1,1,1
0.588962,-0.140006,0.187267,1.592090,-1.606180,-0.106572,1.612964,0,0,0,0
0.547929,-0.733130,1.014072,1.994996,-2.210808,-0.838874,-0.342762,0,0,0,0
-0.734274,-1.330661,0.936656,2.123084,-1.736545,-0.565834,-0.409635,0,0,0,0
-0.840075,-1.179733,-0.503165,1.293206,-1.065068,-0.823632,-1.698414,1,1,0,0
0.109935,0.192878,-0.073919,1.657744,-2.063491,-0.574597,-0.583029,0,0,0,0
-0.801389,-0.297074,0.380391,1.604657,-0.935890,-0.713138,-0.849261,1,1,0,0
0.262723,-0.650217,-0.041173,2.148049,-0.782543,2.266400,-0.657639,0,0,0,0
-0.897209,0.182557,-0.014982,0.597390,-0.895694,-0.756271,-0.407830,1,1,1,1
-0.186078,-1.359367,-0.694459,1.979867,-0.267972,1.334503,1.511223,0,0,0,0
0.320733,-1.894194,-0.552232,1.817263,-0.808781,-0.806622,-1.130679,1,1,0,0
0.361269,-1.701038,1.428641,1.961914,0.143156,-0.037405,-0.872817,0,0,0,0
-0.062506,-2.009206,0.466969,1.814294,-1.331737,-0.147764,0.069123,1,1,0,0
0.530538,-0.327617,-0.000292,1.698108,-0.633344,-0.308294,-0.533665,0,0,0,0
-0.366462,-1.560554,0.385428,1.680883,-0.362162,-0.441018,-0.450697,0,0,0,0
-0.555778,-1.909550,0.513747,1.811806,-0.386262,-0.225314,-0.662110,0,0,0,0
-0.599770,-1.608007,-0.361252,1.281433,-0.180777,0.348109,-1.006711,1,1,1,1
0.546809,-0.549834,0.055082,2.420032,-1.595229,1.814862,1.387918,0,0,0,0
0.272052,-1.350776,0.073157,2.038486,-2.166789,-0.656218,-1.007676,0,0,0,0
-0.374476,-1.429812,0.499447,2.470862,-1.820159,0.184465,-0.606954,0,0,0,0
-0.210966,-1.204785,0.024469,0.801557,-0.451454,-0.413008,-1.130168,0,0,1,1
0.048293,-0.043540,0.580993,1.634193,-1.121555,-0.070269,-0.944013,0,0,0,0
-0.154648,-0.347664,1.100824,2.061597,-1.415179,0.295556,0.087177,0,0,0,0
-0.463471,-0.587489,0.028112,1.913609,-1.828666,-0.312498,-1.214455,0,0,0,0
0.603870,-0.183118,-0.324622,2.160462,-1.390984,-0.581666,-1.300698,1,1,1,1
0.385037,-0.202396,-1.676982,0.654820,-1.531949,0.539265,1.465813,0,0,0,0
1.191699,-0.907249,-1.538840,-0.251394,-1.445202,0.833461,-0.239209,0,0,0,0
0.944386,-1.263030,-0.494744,-0.131559,-1.932688,0.545988,-0.760931,0,0,0,0
0.454985,-2.049137,0.658737,1.245755,-0.521251,0.034068,-1.253022,1,0,0,1
0.777549,0.434946,-0.743405,-0.196347,-2.161838,1.568113,-0.446974,0,0,0,0
0.782185,0.090797,-0.845416,0.428672,-2.103801,-0.621998,-0.075353,0,0,0,0
-0.193050,-0.417304,-0.158461,1.245106,-1.721147,-0.315728,-0.640891,0,0,0,0
-0.404704,-0.745902,-0.956737,0.749657,0.192433,-0.248276,-0.888046,1,1,1,1
1.173901,-0.230105,-0.080681,0.945346,-2.654478,3.969388,1.648148,0,0,0,0
1.093061,-0.913531,-0.935544,0.188544,-1.856251,-0.572498,-0.000392,0,0,0,0
0.629970,-0.787960,-0.927358,-0.487830,-1.650927,-0.807156,-0.501784,0,0,0,0
-0.428674,-1.331628,0.573508,1.250251,-0.240897,-0.879973,-2.004732,0,1,1,0
0.431822,-0.122244,0.253826,1.157217,-2.119620,0.839511,-1.341983,0,0,0,0
-0.647103,-1.234037,0.439515,2.402679,-0.249885,-0.754025,-0.466878,1,0,0,1
0.759809,0.832248,-1.675317,-0.630828,-1.310168,0.319317,-0.685928,0,0,0,0
0.263987,0.849901,-1.864156,0.126379,-0.625183,-0.397568,-0.329670,1,1,1,1
-0.038939,-0.562993,-0.079148,2.185818,-1.133137,1.825100,1.789410,0,0,0,0
0.287165,-1.422933,0.421054,1.633246,-1.200744,0.128674,-1.426665,0,1,1,0
1.496662,-0.685712,0.023483,0.362190,-2.099545,2.115894,-1.270108,0,0,0,0
0.154383,-2.416752,1.049024,1.475478,-0.281027,-0.017562,0.202659,1,0,0,1
0.939913,0.021439,-0.436561,-0.510161,-2.532719,2.092818,-0.762093,0,0,0,0
0.518432,-0.252303,0.221663,0.476744,-1.336829,-0.430225,-0.523767,0,0,0,0
-0.285623,-1.588777,0.872565,1.540938,-0.978848,-0.338764,-1.052443,0,0,0,0
-0.698804,-0.781458,-0.767688,0.878686,-0.457923,-0.106034,-1.365395,1,1,1,1
0.983940,0.120384,0.025899,1.261433,-2.147065,3.701725,1.529900,0,0,0,0
0.752184,-0.610115,-0.583653,0.830061,-2.248620,-0.357676,-0.098875,0,0,0,0
0.188436,-1.388717,0.274917,1.027570,-1.617165,-0.149358,-1.110744,0,0,0,0
-0.290249,-1.199690,0.074929,1.763320,0.691574,-0.156515,-0.687743,1,0,0,1
0.537659,-0.256830,-1.291780,-0.420817,-1.152675,0.514895,-0.684475,0,0,0,0
0.339851,-0.017536,-1.528794,-0.175582,-1.075418,-0.304458,-0.502464,0,0,0,0
0.112298,0.519002,-1.587996,0.036392,-1.825126,-0.628816,-1.288870,0,0,0,0
-0.509615,0.376142,-0.044840,1.317186,-1.415609,-0.049775,-1.872263,1,0,0,1
0.876074,-1.282213,0.446662,1.257059,-0.373568,1.878868,2.200992,0,0,0,0
0.574196,-0.652632,-0.322217,1.416438,-1.548185,-0.330689,-0.575931,0,0,0,0
1.169123,-1.355074,0.925546,0.742866,-1.281455,0.306285,-0.998839,0,0,0,0
0.588597,-0.535652,0.468507,1.141841,-1.562763,-0.345558,-1.228333,0,1,1,0
-0.259596,-0.521300,0.724638,0.832960,-0.836166,-1.375204,1.817887,0,0,0,0
0.491185,-0.672383,0.965689,0.681060,-0.639231,0.612168,-0.493341,0,0,0,0
0.634695,-0.571084,0.960564,0.226937,-1.403163,0.422783,-1.596897,0,0,0,0
0.408220,-0.704097,1.601432,-0.102299,-0.014886,0.004165,-1.350295,1,0,0,1
-0.251671,-0.280774,1.083309,0.442790,0.195281,-1.148898,1.005417,0,0,0,0
0.057947,0.246140,0.506986,-0.021115,-0.445230,0.366309,-0.779812,0,0,0,0
0.596525,-0.864527,1.505926,-0.497901,-0.402838,1.295607,-0.201756,0,0,0,0
0.476743,-0.379901,1.554119,-0.440074,-0.054413,0.498341,-0.713308,0,1,1,0
-0.623078,-0.644058,1.884971,0.112254,0.548462,-0.487727,1.605588,0,0,0,0
0.000262,0.330712,1.225318,-0.358526,-0.081135,0.003366,-0.973566,0,0,0,0
0.094434,-0.682069,1.385074,-0.181247,0.502305,0.913801,-0.626149,0,0,0,0
0.164941,-0.587756,1.195692,-0.292837,0.320325,-0.284111,-1.095660,1,0,0,1
-0.248955,-0.062823,0.637368,-0.698253,0.490582,-0.754931,1.291873,0,0,0,0
0.003236,0.607587,0.188991,0.353784,-0.020513,-0.137093,-0.521094,0,0,0,0
0.244645,-1.259587,1.319508,-0.408545,1.005357,1.650832,-0.905250,0,0,0,0
0.155959,-0.266830,0.725463,-0.790351,-0.189447,-0.032896,-1.357528,0,1,1,0
-0.415753,-0.387534,1.788059,-0.195800,1.014121,-0.416657,1.610290,0,0,0,0
-0.388393,0.406321,0.318428,-0.411379,0.149405,0.149192,0.228766,0,0,0,0
0.256431,-0.662732,2.060725,-0.055819,0.517733,0.827963,-0.625517,0,0,0,0
-0.001085,0.039259,1.568962,-0.521610,0.470684,0.083510,0.023021,1,0,0,1
-0.649519,0.548380,0.988280,0.054746,0.656298,-1.203702,0.729124,0,0,0,0
-0.496785,0.372181,1.584784,-0.306591,-0.387810,0.516236,-0.931751,0,0,0,0
0.519561,-1.307334,1.660366,-1.145977,-0.597251,1.631452,-1.897366,0,0,0,0
-0.121410,-0.448146,1.765734,-0.179166,0.374210,0.179040,-1.020762,0,1,1,0
-0.566143,-0.302764,2.128447,-0.287826,0.785953,0.208551,1.672444,0,0,0,0
-0.190501,-0.165150,0.708092,-0.116677,0.418265,-0.565669,-0.465200,0,0,0,0
0.903146,-0.234189,0.284180,0.348927,-0.894497,2.607464,-0.675930,0,0,0,0
0.459428,0.071197,0.573501,-1.376428,1.154225,0.661254,-1.126948,1,1,0,0
-0.057962,-0.103412,-0.772163,-1.914478,1.358645,-0.666575,0.726458,0,0,0,0
0.291566,0.163517,-1.620201,-1.144542,0.458911,0.383600,-0.896321,1,0,0,0
0.939123,-1.014709,-0.034645,-1.930911,0.737641,2.234605,-1.276126,0,0,0,0
0.722614,-0.720255,-0.427975,-2.085371,0.890490,-0.170445,-1.207705,1,0,0,1
-0.731395,-0.743010,-1.161473,-2.062432,1.199234,0.000295,2.098031,0,0,0,0
0.161456,0.076158,-1.041025,-2.111385,1.064518,1.283208,-1.068382,0,0,0,1
0.748665,-0.938045,-0.424270,-1.879717,0.941944,1.447671,-1.016857,0,0,0,0
0.035330,0.224059,-1.447663,-1.873159,1.068443,-0.651160,-1.528682,0,0,1,1
-0.181036,-0.349415,-0.124589,-2.261760,1.703215,-1.391872,1.462431,0,0,0,0
-0.161631,0.304264,-1.525683,-1.724072,0.638731,-0.363380,-1.873224,0,0,1,0
0.481581,-0.776835,0.378486,-1.828112,1.254125,0.429891,-0.412284,0,0,0,0
0.430652,-0.307404,-0.478564,-1.779658,1.247400,-0.417570,-1.295463,0,1,1,0
-0.443848,-0.468249,-0.295104,-1.546095,0.870952,1.110573,1.727596,0,0,0,0
-0.111743,0.386649,-0.789644,-1.386156,1.791810,0.471581,-0.600484,0,1,0,0
0.641021,-1.211916,-0.159840,-1.696426,1.473326,1.036511,-0.376457,0,0,0,0
0.590062,-0.103464,-0.763669,-2.181888,1.141444,-0.444274,-1.187864,1,1,0,0
-0.435450,-0.240568,-0.327171,-1.810653,1.196410,-0.577515,1.692603,0,0,0,0
0.166391,0.748991,-0.850792,-2.123154,1.613883,-0.010559,-0.768100,1,0,0,0
0.605108,-1.038266,0.158850,-1.660047,0.712839,1.110201,0.044922,0,0,0,0
0.530120,-0.511400,-0.485732,-2.187062,0.355907,-0.310759,-1.183565,1,0,0,1
-0.034735,-0.582957,0.222174,-1.504290,1.488567,0.541267,1.855949,0,0,0,0
-0.001054,0.836430,-1.016655,-1.322890,0.409918,-0.479881,-0.570839,1,0,0,0
0.696949,-0.882327,-0.533638,-2.181537,0.415260,1.506491,-0.695006,0,0,0,0
0.493410,-0.338591,-0.574708,-1.488915,0.925301,-0.608294,-1.276692,0,0,1,1
-0.060039,-0.608433,-0.097833,-1.898532,1.750200,-1.119828,1.357333,0,0,0,0
-0.072701,0.500920,-0.396195,-0.916229,0.547558,-0.513438,-0.399328,0,0,1,0
0.504361,-0.618732,0.425645,-1.068864,0.270415,0.621158,-1.068849,0,0,0,0
0.051841,-0.249133,0.963805,-0.986489,0.872880,-0.696138,-1.091990,0,1,1,0
-0.593184,0.125097,0.815056,-0.416290,0.914150,1.535712,2.546437,1,0,0,0
-0.105191,0.173242,0.421801,-0.814866,1.091829,0.714605,-1.224573,0,0,1,1
0.211699,-0.726589,1.985732,-0.163937,0.894874,1.161387,-1.244407,0,1,0,0
0.453268,-2.143667,0.661821,1.252961,-2.242148,1.085401,-1.084803,1,0,0,1
0.713596,-1.258566,0.634859,1.653742,-0.238151,0.421235,1.638680,0,0,0,0
0.541001,-0.954879,0.004632,1.788874,-1.311891,-0.060335,-0.511213,0,0,0,0
0.958105,-1.097304,1.433108,0.388942,-0.481256,0.642011,-1.176319,0,0,0,0
0.430442,-0.941396,0.804694,-0.362960,-0.672406,-0.637451,-1.610882,0,1,1,0
0.056034,-0.465720,0.471320,-0.499216,-0.294634,-1.292398,0.827102,0,0,0,0
0.361413,0.034174,0.565433,0.085156,-0.685752,-0.414428,0.083324,0,0,0,0
0.451774,-1.087620,1.471353,0.350380,-0.188950,1.045255,-1.506510,0,0,0,0
0.590239,-0.377081,0.680192,-0.790396,-0.251835,0.083241,-0.189883,1,0,0,1
-0.240042,-0.000201,1.417754,-0.174896,0.065429,-0.953710,1.429373,0,0,0,0
0.086890,0.423646,0.505083,-0.277773,-0.121268,-0.467017,-1.604066,0,0,0,0
0.399954,-0.263390,1.151064,-0.546669,-0.110672,0.708801,-0.173839,0,0,0,0
0.233427,-0.311120,1.043870,0.251833,0.103240,-0.021525,-0.984063,0,1,1,0
-0.212476,-0.129478,1.336460,-0.397014,0.707629,-1.129759,1.643584,0,0,0,0
-0.436194,0.619812,0.334256,-0.115493,0.708814,-0.378279,-1.322422,0,0,0,0
0.328732,-0.482967,1.438738,-0.321389,0.101520,2.326863,-0.647676,0,0,0,0
0.202578,-0.654522,1.025679,0.541177,0.036594,0.102420,-1.061949,1,0,0,1
-0.620993,0.103520,1.254925,-0.523654,0.609876,-0.005980,1.556673,0,0,0,0
-0.028110,1.009573,0.545256,-0.359618,0.037759,0.434282,-0.924877,0,0,0,0
0.562518,-0.614516,1.497145,-0.707516,-0.176136,0.514096,-0.268752,0,0,0,0
0.494454,-0.014846,0.897754,-0.456037,0.193292,-0.413866,-1.331838,0,1,1,0
-0.433697,0.060951,0.756432,0.119955,0.359357,-1.337421,1.591041,0,0,0,0
-0.166396,0.293702,1.071705,-0.732227,0.594246,0.659272,-0.199913,0,0,0,0
0.540838,-0.744733,1.952300,-0.670657,0.293503,0.915024,-0.884549,0,0,0,0
0.252716,0.061747,1.153935,-1.144301,-0.148384,0.047887,-1.153506,1,0,0,1
-0.736396,0.118536,1.018566,-0.307166,0.806712,-0.130322,1.229293,0,0,0,0
-0.350310,0.528733,0.834620,-0.588974,0.170130,0.422462,-0.909718,0,0,0,0
0.334209,-0.457506,1.887751,-0.739130,-0.049090,1.147996,-0.814891,0,0,0,0
0.006250,-0.078909,0.760460,-0.196901,0.026349,-0.370538,-1.266449,0,1,1,0
-0.656684,-0.006666,1.661639,-0.445286,1.031774,-1.341311,1.573442,0,0,0,0
-0.204372,0.557300,0.469619,0.689050,-0.223978,0.014080,-0.385645,0,0,0,0
0.416971,-0.282340,1.214384,-0.583396,0.620812,1.956126,-0.476751,0,0,0,0
0.290854,-0.141906,0.085785,0.571032,0.432588,0.682384,-0.575407,0,0,1,1
0.094776,-1.528350,-0.603254,-0.596112,0.169899,0.069954,1.291799,0,0,0,0
0.107721,0.343141,-2.126404,-1.916683,0.853518,0.108370,-0.902488,0,0,0,1
0.925861,-1.050564,-0.167170,-2.025398,0.146502,2.438004,-1.243075,0,0,0,0
0.620488,-0.623605,-0.848345,-2.743686,0.390494,-0.894650,-1.238124,1,0,0,1
-0.188207,-0.683494,-0.711261,-2.139480,0.943928,-0.976675,1.287828,0,0,0,0
0.156166,0.451633,-0.970336,-2.008689,1.045945,0.202533,-0.154331,1,0,0,0
0.556699,-0.622452,-0.526731,-1.878016,0.346098,1.291159,-1.171591,0,0,0,0
0.645761,-0.693124,-0.873695,-2.536905,0.559642,0.192724,-0.828048,1,1,0,0
-0.346809,-0.623726,-0.029274,-2.467308,0.359240,0.816246,1.797819,0,0,0,0
-0.356516,0.794338,-1.131905,-2.133319,0.011237,-0.038048,-1.976707,0,1,0,0
0.792048,-1.011871,-0.414173,-2.407359,0.593554,1.419834,-0.283521,0,0,0,0
0.462179,-0.067111,-0.517293,-2.692235,-0.199547,-0.170248,-1.545820,0,1,1,0
-0.136869,-0.053280,-0.462683,-2.321717,0.965407,-1.224242,1.576232,0,0,0,0
0.146589,-0.041791,-1.229088,-1.755720,0.616141,-0.201359,-0.823575,0,0,1,0
0.534741,-1.000645,-0.406340,-2.247172,1.036231,0.990742,-0.193494,0,0,0,0
0.667525,-0.971692,-0.419322,-2.044804,0.313667,0.198647,-1.244415,0,0,1,1
-0.201866,-0.227457,-0.351360,-1.910455,0.762155,1.394852,1.929627,0,0,0,0
0.259273,-0.207165,-1.099011,-1.717757,0.877766,0.818681,-0.738885,0,0,0,1
0.813421,-0.894891,-0.371569,-2.051604,0.598392,0.809537,-0.184167,0,0,0,0
0.546931,-1.047997,-0.801782,-1.459771,-0.095053,0.503274,-1.312121,1,0,0,1
-0.052397,-1.349372,-0.364307,-1.474295,1.071663,-0.913658,1.467859,0,0,0,0
0.440677,-0.707244,-1.006247,-0.654810,-0.373502,-0.377621,-0.416502,0,0,0,1
0.593550,-0.913840,-0.298161,-1.091196,-0.303945,-0.294747,-0.282332,0,0,0,0
0.840457,-1.097125,-0.894691,-1.046334,0.023444,-0.282005,-0.728927,1,1,0,0
0.297333,-1.161773,-0.182874,-0.231344,0.526967,0.969918,1.081298,0,0,0,0
1.091509,-0.118308,0.151333,0.114924,0.227452,0.499204,0.484226,0,0,0,0
1.095065,-0.479812,-0.535407,-0.374774,-1.286563,0.070259,-0.470194,0,0,0,0
0.932565,-1.284048,-0.676749,0.037275,-0.934042,-0.068290,-0.919148,1,1,0,0
0.423807,-1.695069,0.115236,0.457403,-1.077638,-0.821970,1.288143,0,0,0,0
1.682187,-0.661939,-0.009551,1.034245,-0.763017,-0.109627,-0.267470,0,0,0,0
1.243410,-1.891575,0.592907,1.234148,-0.919307,-0.244678,-0.075279,0,0,0,0
0.729394,-1.972900,1.587907,1.472583,-1.676966,-0.899376,-0.891491,1,0,1,1
0.406048,-0.147595,-1.300735,1.651069,-1.473366,-0.269221,1.328022,0,0,0,0
0.915486,-1.153833,-1.636394,1.244810,-1.956766,-0.067941,-0.252464,0,0,0,0
0.819173,-1.897466,-0.073756,1.362122,-1.123815,0.487749,1.199322,0,0,0,0
0.848210,-1.573160,-1.041194,0.870985,-1.625847,-0.315755,0.006751,1,1,0,0
0.942813,-1.090945,0.686248,0.517806,-0.683872,-0.144094,0.663881,0,0,0,0
1.145162,-1.848983,0.216557,0.885829,-0.770813,-0.576829,-0.279408,0,0,0,0
0.753702,-0.974751,-0.388072,0.819130,-1.002194,-0.281629,0.677546,0,0,0,0
0.333005,-0.981844,-0.735719,1.481815,-0.763618,-0.676092,-0.989367,0,0,1,1
0.291121,-1.715948,0.292753,1.454298,1.102193,-0.775101,0.817136,0,1,0,0
0.144877,-1.939055,-0.090186,1.557829,1.200351,-0.484978,-0.369477,1,0,1,0
0.348860,-1.420487,0.246726,1.241890,0.800207,1.345910,0.940400,0,1,0,0
-0.107747,-0.765761,0.440416,0.642186,-1.092864,-0.635900,-0.711313,1,0,0,1
0.551965,-0.435139,0.722196,-0.023173,-0.440272,0.508463,0.976989,0,0,1,0
0.227658,-0.748843,0.697435,0.237530,-0.975116,-0.722056,0.409327,0,1,0,1
0.461233,-0.723946,0.084947,-0.239214,-1.057032,0.173008,0.422367,0,0,1,0
-0.470483,-0.499956,-0.002508,0.224535,0.533465,-0.691747,-1.487275,1,1,0,0
0.168719,-1.048968,0.093908,-0.129960,0.259924,0.068383,0.913897,0,0,0,0
-0.009234,-0.338169,-1.130749,0.071197,-0.072112,-0.557412,-0.809447,0,0,0,0
0.415500,-0.085285,0.776039,-0.904528,-0.411236,1.534447,1.590022,0,0,0,0
-0.073649,0.152781,-0.606115,-0.315735,-0.156576,-0.341319,-1.099992,0,1,1,0
0.505738,-0.360959,0.927010,-0.194362,-0.644525,0.761209,1.011807,0,0,0,0
0.007421,-0.764313,0.712505,0.009698,0.243868,-0.607566,-1.203701,0,0,0,0
-0.093132,0.063588,0.660882,0.261231,-0.827663,0.135461,0.973954,0,0,0,0
-0.034306,-0.593901,0.654665,-0.574584,-0.671091,0.097959,-0.377310,1,0,0,1
0.276157,-0.931973,0.525670,-0.371990,0.253495,-0.801142,1.217675,0,0,0,0
0.087986,-0.561394,0.276364,-0.159630,-0.343088,-0.642288,-0.824649,0,0,1,1
-0.559185,0.035886,0.561058,-0.039142,0.864477,1.050703,1.410284,0,0,0,0
-0.727449,-0.960835,0.525676,-0.611747,0.974036,0.188611,-2.122858,1,1,0,0
0.975474,-0.605385,0.446416,0.068434,0.747030,2.523515,1.017277,0,0,1,0
0.407695,-0.079951,-0.518394,-0.829659,-0.167453,-0.450828,-0.782130,1,0,0,1
-0.020929,0.355401,0.049590,-0.382573,0.266273,-0.703683,1.082754,0,1,0,0
-0.038497,0.140969,-0.265704,-1.234572,0.122000,-0.950171,-0.554322,0,0,1,1
0.043207,-0.555605,0.621826,-0.930074,-0.004037,0.019438,1.224225,0,0,0,0
0.024216,-0.725879,-0.502005,-0.935933,-0.107803,-0.487687,-1.128094,0,0,0,0
0.036465,-0.379228,0.172134,-0.442299,0.330627,-1.089437,0.667775,0,0,0,0
-0.684859,0.193020,0.111674,-0.586780,1.460859,-0.603174,-1.168065,0,0,1,1
0.109696,-0.846226,1.094247,-0.182326,0.345665,3.020317,1.182557,0,0,0,0
0.178146,-0.547854,0.040563,-0.827252,-0.455846,-0.633628,-0.690923,0,0,0,0
-0.070823,-0.445387,0.391516,-0.807440,-0.199440,0.093487,0.634111,0,0,0,0
-0.910466,-0.299069,0.235315,-0.721133,1.763043,-0.451546,-0.958818,1,1,0,0
0.024801,-0.621294,1.116530,-0.225477,0.778465,-0.794498,1.187163,0,0,0,0
-0.499722,-0.082116,0.584666,-0.489243,1.246582,-0.107051,-0.194542,0,0,0,0
-0.185985,0.006448,0.426924,-0.427293,0.570407,-1.324505,0.369900,0,0,0,0
-0.865261,0.025994,-0.218371,-0.123152,1.811983,0.071360,-0.519538,1,1,0,0
0.490849,-0.571065,1.226759,-0.008951,-0.205300,3.542955,1.176566,0,0,0,0
-0.019928,-0.435040,-1.031543,-0.138521,0.215917,-0.648909,-0.742428,0,0,0,0
0.069922,-0.428791,1.295605,-0.696033,-0.167939,0.704052,0.904369,0,0,0,0
-0.613532,0.145770,0.078416,-0.309706,1.163504,-0.563160,-0.867566,1,0,1,0
-0.211288,-1.177149,0.606605,0.444512,1.095507,-0.100130,1.093202,0,0,0,0
-0.408249,-1.687920,0.950735,0.028391,1.402750,0.210032,-1.421631,0,0,0,0
-0.199024,0.046590,-0.055588,0.836322,0.252344,-0.808836,0.666731,0,0,0,0
-0.341130,-0.861469,0.330883,0.856450,1.561188,-0.069363,-1.430157,0,1,0,1
0.369927,-1.027644,0.658167,0.274484,0.950545,1.980190,1.299896,0,0,0,0
-0.449963,-0.869544,0.760131,-0.537132,0.280186,-0.266834,-0.613820,0,0,1,1
0.412315,-0.360849,0.569075,-0.043035,0.687631,1.306416,1.582042,1,1,0,0
-0.118891,0.145567,-0.733627,-0.928831,0.576656,0.039812,-0.879029,0,0,1,1
-0.093276,-0.614256,1.369497,-0.795205,-0.343052,0.560211,1.155521,0,0,0,0
-0.090741,-0.652246,0.884966,-0.859565,-0.667856,-0.554272,0.020860,1,0,1,0
-0.723704,-0.234040,0.756134,-0.753290,0.849164,-0.520126,-0.128710,0,0,0,0
-1.605679,-0.474521,1.338554,-0.801468,0.605006,-0.910990,-2.528949,1,0,0,1
0.676683,-0.099968,-0.032985,-0.245683,-0.239363,-0.247394,0.314734,0,1,0,0
0.212340,0.058736,-0.874373,-0.577527,-0.520244,-0.814784,-0.761709,1,0,0,1
0.271557,0.184597,0.341079,-0.342853,1.105665,0.451067,1.308336,0,0,1,0
-0.124115,0.293955,-0.223477,-0.352513,0.713727,-0.447284,-0.676690,1,0,0,1
0.776430,-1.266277,-0.574650,1.408422,-1.798614,0.744626,1.196729,0,0,0,0
0.404512,-1.102358,-0.693461,1.641185,-1.662578,-0.103719,-0.534723,0,1,0,0
0.139567,-0.517102,0.599617,1.231771,-1.001770,-0.426590,0.776039,0,0,0,0
-0.316911,-0.110176,-0.516745,0.741828,-1.129278,-0.726426,-1.009504,0,0,1,1
0.465800,-0.889993,1.043030,-0.062173,-0.204669,0.421723,0.687477,1,0,0,0
0.337473,-0.919038,0.388668,-0.395602,-0.605965,-0.507294,-0.499973,0,0,1,0
0.449206,-0.719627,0.308149,-0.313089,-0.003427,1.114461,0.906820,0,1,0,0
-0.500410,-0.408272,0.018518,-0.339229,0.040242,-0.795037,-1.205504,1,0,0,1
0.071286,-1.481772,1.128692,0.019836,0.278179,0.689388,1.504337,0,0,1,0
-0.484497,-1.517910,0.480378,-0.091788,0.380640,-0.463069,-0.640418,0,1,0,0
-0.132228,-0.217105,-0.136095,0.165223,0.730061,0.218435,0.654946,0,0,0,0
-0.580961,0.128096,0.244687,-0.441203,1.044843,-0.346311,-0.388397,0,0,1,1
-0.011668,-0.401832,1.304350,0.289399,0.024430,-0.990643,0.208394,0,0,0,0
-0.650930,-1.056630,1.499373,0.341018,0.728805,-0.501436,-0.286554,0,0,1,0
0.177465,-0.231345,0.389505,-0.383864,0.678071,2.190216,0.964565,0,0,0,1
-0.378129,-0.744400,0.023766,-0.759213,0.804559,-0.640435,-1.539790,1,0,1,0
-0.713887,-1.012498,1.727064,-0.003250,0.802584,1.199520,1.497741,0,0,0,0
-0.794115,-0.606316,1.465903,-0.464763,0.222914,0.455967,-1.733344,0,1,0,0
-0.259496,0.139101,-0.137800,0.072999,-0.132343,0.130838,1.100600,0,0,0,1
-1.061141,-0.107501,0.244050,0.007849,0.422283,-0.590250,-1.905778,0,1,1,0
0.385378,-0.699005,0.468723,0.043917,-0.310643,-0.019423,0.870104,1,0,0,0
0.099804,-0.706419,0.161121,-0.352290,-0.157731,-0.610931,-0.996588,0,0,1,0
-0.284552,0.208681,-0.476052,0.173117,-0.234456,1.047981,1.292297,1,0,0,0
-0.725920,-0.107436,0.228229,-1.176991,0.776064,0.054324,-1.142181,0,1,1,0
-0.168331,-0.395492,1.845077,-1.021709,-0.210998,2.784960,1.882106,0,0,0,1
-0.583510,-0.923433,1.708260,-0.808908,-0.157914,-0.399192,-0.897781,0,1,0,0
-0.093597,-0.505385,0.011307,-1.536381,1.064343,0.461881,0.992124,0,0,0,1
-1.056156,-0.542007,0.137373,-0.733914,0.170684,-0.762350,-1.058466,0,1,1,0
0.083089,-1.122420,1.215587,0.225584,0.045928,-0.243804,0.458593,0,0,0,0
-0.741550,-1.138402,0.583228,0.151815,0.166331,-0.683013,-1.470154,1,0,1,0
-0.662723,0.167603,0.412788,-0.186857,0.233569,-0.664477,0.257191,0,0,0,0
-1.058642,-0.652389,0.852535,-0.893660,1.229674,0.244559,-1.797974,1,0,0,1
0.061846,-0.689433,1.099004,-1.095498,0.516438,2.811103,1.659074,0,0,0,0
-0.553003,0.379007,-0.465981,-0.217474,0.421394,-0.348048,-0.405323,0,0,1,0
-0.536322,-0.767693,0.827434,-1.081352,0.849821,0.025278,0.800861,0,0,0,0
-1.080152,-0.144907,0.125445,-0.492459,1.423098,-0.410140,-1.670502,1,1,0,0
0.436336,-0.425076,0.517123,0.553330,1.246152,-0.629000,1.361132,0,0,0,1
0.502365,-0.312863,-0.251763,-0.074477,-0.348292,-0.039716,-0.775863,0,1,0,0
0.313480,0.011985,-0.369596,-1.431963,0.241867,-0.595060,0.434393,0,0,1,0
-0.971207,0.220278,0.294397,0.348159,1.251805,-0.939113,-1.772799,1,0,0,1
-0.003255,-1.249073,1.273096,-0.131377,0.646427,2.124716,2.127809,0,1,0,0
0.172648,-0.999275,0.664157,-0.419961,1.031211,0.177798,-0.456391,0,0,1,0
0.150104,-0.009317,-0.223998,0.074319,0.239291,0.309924,0.948345,0,0,0,0
-1.029081,-0.654868,0.464191,-0.991622,1.711871,0.269146,-0.575691,1,1,0,0
0.429976,-0.478944,0.528049,1.020572,-0.041389,-0.074537,1.028724,0,0,0,0
-0.268866,-0.214921,0.094862,-0.510125,-0.417798,-0.552512,-0.599260,0,1,0,0
0.215339,-0.085388,1.100142,-0.680989,0.667625,-0.194456,0.863475,1,0,0,0
-0.397576,0.513935,-0.231420,-0.186225,-0.538164,-0.662514,-1.425682,0,1,0,1
-0.153355,-1.122176,1.064389,-0.041980,0.021382,2.426175,1.657870,1,0,0,0
-0.029154,-0.883270,0.723417,-0.668669,-0.038381,-0.724719,-0.755821,0,0,1,0
0.064962,-0.386839,0.851831,-0.570814,0.277018,-0.320204,1.261797,1,0,0,0
0.004929,-0.541721,0.012203,-0.186916,0.049761,-0.394610,-0.956759,0,1,1,0
0.480588,-1.361001,0.684264,0.606189,0.255849,-0.301388,0.771589,0,0,0,1
0.144730,-1.337145,-0.361373,0.617652,0.442715,-0.721188,-0.651009,0,1,0,0
0.315063,-0.549511,0.527353,-0.246038,0.761277,-0.510175,0.572086,0,0,0,1
-0.881201,-0.189387,0.071191,-1.199060,1.239585,-1.127659,-2.013818,0,1,1,0
0.625026,-0.642206,0.249659,0.597209,0.936757,-1.030832,0.872989,1,0,0,0
0.015361,-0.365627,-0.159736,0.245563,0.330193,-0.893523,-0.969305,0,0,1,0
0.284851,-0.466739,0.163597,-0.368971,-0.004647,0.843320,1.027097,1,0,0,0
-1.345455,-0.066147,1.074922,0.155779,0.630918,-0.201602,-1.495473,0,1,1,0
0.576838,0.544520,0.457290,0.167458,-0.348212,0.850202,0.943441,0,0,0,1
0.219203,0.629605,-1.087342,0.068408,-1.073962,-0.602533,-0.588891,1,1,0,0
0.170961,0.985912,-0.167985,0.765058,-0.648351,-0.451400,0.646142,0,0,1,0
-0.725041,1.268693,-0.839685,0.919612,-0.144720,-0.870303,-1.551465,1,1,0,1
0.867845,0.240729,-1.264390,1.345063,-2.623548,0.455157,1.028009,0,0,0,0
0.573752,-1.304079,-1.431653,0.540536,-1.398998,-0.340560,-1.180719,0,0,0,0
0.440908,-0.942003,0.178420,1.020646,-1.248154,0.412949,1.232012,0,0,0,0
0.044488,-1.901702,0.285648,1.157104,0.013301,0.385809,-1.439952,0,0,1,1
0.471772,-0.505401,0.776634,-0.071554,0.311166,0.312835,0.830048,0,0,0,0
0.375916,-0.352391,0.319848,0.430340,-1.633470,-0.177330,-0.507285,0,0,0,0
0.415135,-0.516805,0.401993,0.340101,-1.277048,-0.309906,0.815552,0,0,0,0
-0.260423,-0.072615,-0.272464,0.214033,-0.996961,-0.575751,-0.420411,1,1,0,0
0.436729,-0.811069,0.327897,-0.249074,1.098040,0.914717,0.542709,0,0,1,0
0.118963,0.238477,-0.662729,0.791011,-1.014673,-0.579827,-0.306122,0,1,0,1
0.207508,-0.891400,0.705532,0.092352,1.123987,1.648184,1.039963,1,0,0,0
-0.555115,-0.313759,0.059888,-0.071420,0.004253,-1.148552,-0.669403,0,0,1,1
0.588885,-0.723593,1.122064,-0.314839,0.425413,1.712498,0.561961,1,0,0,0
-0.079191,-0.121169,0.771711,0.234507,-0.226822,-0.572801,-0.124094,0,1,1,0
0.305139,-0.295188,0.065317,-1.081331,0.730537,0.488747,0.993245,1,0,0,0
-0.299589,-0.215098,-0.177829,-0.296011,0.872540,-0.826616,-0.581015,0,0,1,1
0.057903,-0.537408,-0.554426,-0.835708,0.207887,-0.522938,1.158755,0,0,0,0
0.524375,-0.604791,-0.478376,-1.193595,0.336037,0.568827,-1.104692,0,0,0,0
0.081179,-0.272186,0.025155,-0.523261,0.454969,0.724639,1.288126,0,0,0,0
-0.725224,-0.297962,0.903950,-0.323171,0.782621,-0.282866,-1.050552,0,1,1,0
0.072627,-1.036010,1.153814,1.077247,1.456842,1.648823,1.162202,0,0,0,0
-0.099971,-0.212255,-0.075088,-0.488280,0.330599,0.334609,-1.271306,0,0,0,0
-0.591871,0.090257,0.831452,0.308942,1.669044,-0.503598,0.823479,0,0,0,0
-0.842847,-0.309762,0.888684,-0.532782,0.701896,-0.664204,-1.066912,1,0,0,1
0.029586,-0.242258,1.163518,-0.685603,0.092666,0.293208,1.464866,0,1,0,0
-0.311842,-0.548920,1.263701,-0.405896,0.565430,-0.241938,-0.961831,0,0,1,1
-0.404086,0.297439,0.646798,-0.834656,0.439505,-0.876135,0.404846,0,1,0,0
-0.911676,-0.590191,1.039643,-0.747245,0.582355,-0.335561,-1.864381,1,0,0,1
0.215154,-0.291286,1.257047,-0.051013,0.501437,2.110843,0.891374,0,0,0,0
-0.375128,-1.214922,0.460069,-0.363570,0.744137,-0.480018,-1.755202,1,0,0,1
-0.698275,-0.151533,1.082895,-0.157748,0.875185,-0.715003,0.846434,0,0,0,0
-0.751106,-0.423111,0.903538,-0.673748,1.432477,-0.645533,-0.640110,1,1,0,0
0.589100,0.007056,0.443085,-0.765716,0.180130,0.870738,1.417885,0,0,0,0
0.275327,-0.601949,0.265827,-1.756660,-0.462755,-0.890498,-0.637232,0,0,0,0
-0.114082,-0.351725,0.673695,-1.047363,-0.081382,-0.998462,0.404410,0,0,0,0
-1.100091,-0.423408,-0.185476,-0.890158,0.912009,-0.491987,-1.818980,1,1,0,0
0.358139,-0.476724,0.831772,0.566103,1.623408,3.344304,1.482464,0,0,0,0
0.200533,-0.268881,-0.956384,-0.970548,1.012546,-0.136572,-0.727522,0,0,0,0
-0.126431,-0.145843,-0.517267,-0.646486,1.177302,0.883161,0.726507,0,0,0,0
-0.114096,0.041058,-0.337136,-0.612020,1.054739,-0.761767,-1.266181,0,0,1,1
-0.239443,-0.331313,1.288487,-0.599244,0.757613,-0.102274,1.211032,0,0,0,0
-0.546134,0.150606,0.431134,-0.282292,0.992210,-0.174725,-0.813391,0,0,0,0
-0.163167,-0.005424,0.804988,-0.687010,1.618352,-0.891823,0.361064,0,0,0,0
-0.964084,0.718163,0.607239,-0.447967,0.472581,-1.002297,-0.595252,0,0,1,1
0.568890,-0.378383,1.384462,-0.705700,0.228377,3.793270,0.934309,0,0,0,0
0.233456,-0.019739,0.149149,-1.337113,-0.361130,-0.832105,-0.825122,0,0,0,0
0.044206,0.466426,0.263436,-0.739542,-0.320323,0.570889,1.124843,0,0,0,0
0.051676,0.373439,-0.696463,-1.354211,0.321603,0.435669,-0.848733,0,1,0,1
0.227564,-1.120948,-0.290711,-0.966398,1.342616,0.827203,1.278085,0,0,0,0
0.193165,-0.521930,-0.611329,-0.960734,0.866104,-0.616573,-0.889217,0,0,0,0
0.056535,-0.285369,0.323282,-0.115653,0.941876,-1.030772,0.723848,0,0,0,0
-0.821862,-0.481731,1.095622,-0.496461,1.876047,-0.248083,-1.588060,1,0,1,0
0.230381,-0.823523,0.508452,0.546236,1.763948,-0.275654,0.741004,0,0,0,1
0.105677,-0.407199,0.594472,-0.433339,0.409900,-0.189623,-0.585210,1,1,0,0
-0.193520,-0.261148,-0.159374,0.378566,0.462831,0.536171,1.301948,0,0,1,0
-0.282388,-0.110989,0.173754,-0.892589,1.659166,-0.211248,-1.849916,1,1,0,1
0.825292,-0.800491,-0.644184,1.301840,-2.671829,1.366927,1.240781,0,0,0,0
0.521763,-1.260794,-0.004626,1.745388,-2.734885,-0.549412,-0.459369,0,1,1,0
0.500193,-0.762329,-0.123599,-0.024157,-1.379308,0.238662,0.049627,0,0,0,0
0.190639,-0.316216,-1.022357,0.272092,-1.989380,-0.595637,-1.654953,1,0,0,1
0.880898,-2.275321,0.784055,0.355095,-0.782681,0.402088,-0.080659,0,0,1,0
0.200610,-2.199179,0.362724,0.468139,-0.530542,-0.710360,-1.207128,1,0,0,1
-0.047824,-1.319006,0.876144,0.321439,-0.114672,1.075727,1.028708,0,1,0,0
-0.387801,-0.292497,0.161556,0.869441,-0.535772,-0.520188,-0.892422,1,0,0,0
0.207709,-0.741207,-0.511143,1.227806,-1.983394,1.049778,1.103132,0,0,0,0
0.336915,-1.466642,-0.337176,1.555021,-0.993391,0.110444,-0.243090,0,0,0,0
-0.048426,-0.253826,-0.154012,1.528209,-1.316561,-0.580475,1.009770,0,0,0,0
-0.587896,-0.546019,0.378310,1.203367,-0.590681,-0.679747,-1.752911,1,0,1,1
0.208511,-1.040883,1.189798,1.288031,0.487003,-0.919230,0.716292,0,0,0,0
0.135588,-0.371721,-0.142414,0.247882,-0.114372,0.012583,-0.109878,0,0,0,0
0.399793,-1.018724,0.563650,-0.404823,0.095365,1.505087,0.952567,0,0,0,0
-0.507944,-0.058615,0.849119,0.775776,0.968329,-0.865943,-0.346937,1,1,0,1
-0.285503,-0.708360,1.559023,-0.664099,0.730610,1.275250,1.134488,0,0,0,0
-0.860092,-1.238084,1.125514,0.027865,1.973287,0.100103,-1.200166,0,0,0,0
0.000721,-0.289476,1.012400,-0.623172,0.499667,0.006554,1.040872,0,0,0,0
-0.339743,0.369223,0.680247,-0.879253,0.351518,-0.764493,0.039944,1,1,0,1
0.155103,-1.037187,1.065478,0.514545,0.297556,-0.802190,0.394406,0,0,0,0
-0.365517,-0.387523,0.873268,-0.101247,0.531170,0.484625,-0.673760,0,0,0,0
-0.075390,0.014256,0.827188,-0.300207,0.938463,2.334062,1.135846,0,0,0,0
0.061667,0.024597,0.065724,-1.042488,0.353344,0.862533,-0.808785,1,0,1,1
-0.147524,-0.821560,1.181586,-0.574801,0.736835,1.272507,1.904530,0,0,0,0
-0.586236,-0.455953,0.929536,-0.727365,1.414534,-0.304185,-1.422729,0,0,0,0
-0.558824,-0.251040,0.631933,-0.468494,1.711645,-0.611333,1.302218,0,0,0,0
-0.598540,0.050022,0.853671,0.706851,0.293643,0.205880,-0.877178,1,1,0,1
0.145140,-0.404202,0.975725,-0.003346,0.573614,-0.342854,1.129982,0,0,0,0
0.026437,0.014417,0.368623,0.348051,0.492932,-0.586419,-0.519885,0,0,0,0
-0.425931,-0.461051,1.081859,-0.681318,0.915518,-0.956990,0.215200,0,0,0,0
-0.919110,0.146266,0.442728,-0.455687,0.925389,-0.402931,-1.187744,1,1,0,1
-0.213555,-0.339267,1.156785,-0.810891,0.625683,2.141595,1.605623,0,0,0,0
-0.661767,-0.521561,1.603609,-0.423083,-0.235159,0.280279,-0.437420,0,0,0,0
-0.314261,0.096894,0.521997,-0.543323,0.131156,0.619405,1.001975,0,0,0,0
-1.348479,0.196399,1.049958,-0.638001,-0.028267,-1.075726,-0.147551,1,1,0,1
0.025200,-0.520581,0.481538,0.430103,1.618507,-0.042608,0.688241,0,0,0,0
-0.078059,-0.587345,-0.202485,-0.338555,0.013131,-0.440212,-1.104645,0,0,0,0
-0.220906,-0.295750,0.386169,-0.659586,0.973445,-0.649580,0.169472,0,0,0,0
-0.750685,0.067803,0.331426,-0.414600,0.994525,-0.645049,-1.442861,1,0,0,1
0.635048,-0.177283,-1.205226,0.983689,-2.917236,2.993754,1.854919,0,0,0,0
0.602791,-1.032958,-0.925987,0.683679,-3.353760,-0.606840,-0.945030,1,0,0,0
0.427679,-0.670066,-0.282395,0.355552,-1.652377,0.726885,0.982720,0,0,0,0
0.053058,-0.063392,-0.703163,-0.365975,-1.680001,-0.341690,-0.747325,1,0,0,1
0.557482,-0.811509,0.768567,-0.516081,-0.842368,-0.434443,0.889240,0,0,0,0
0.642318,-0.622080,0.125011,-0.748590,-0.835070,-0.336178,-0.530959,1,0,0,0
0.194409,-0.997205,0.420195,-0.740706,0.271581,-1.134216,0.219628,0,0,0,0
0.117804,-1.941693,0.864225,-0.673625,0.359972,-0.027421,-1.420001,1,0,0,1
-0.295728,-1.181445,1.314210,-0.735143,0.685596,1.179542,2.004103,0,0,0,0
-0.041218,0.399736,0.031843,-0.202683,0.145741,-0.388528,-0.157923,0,0,0,1
0.317308,0.148943,-0.162469,-0.956732,0.523578,0.018103,1.066174,0,0,0,0
-0.035861,0.426450,-0.652065,-0.754770,0.073615,-1.114914,-0.212654,1,0,0,1
0.587465,-0.569904,0.070959,-0.267701,0.167578,-0.038631,0.536779,0,0,0,0
0.205561,-0.144642,-1.472216,-0.446508,-0.845871,-0.815303,-0.378648,0,0,0,1
0.202738,-2.115915,1.653035,0.399991,-1.436501,-0.474661,0.696297,0,0,0,0
0.144106,-1.065962,0.142117,0.148945,-2.112157,-0.601623,-1.566191,1,0,0,1
-0.150195,-0.264310,-0.168353,-0.325623,0.583035,-0.482973,0.678511,0,1,0,0
0.119618,-0.608113,-0.109447,-0.645879,1.998212,-0.392919,-0.566671,1,0,1,0
-0.073403,0.068904,0.068580,-0.287972,1.606071,0.612365,1.272287,0,0,0,1
-0.867287,-0.131865,0.300164,-0.678378,1.714623,-0.632832,-1.714969,1,1,0,0
0.793468,-0.582990,-0.147358,-0.001019,0.983147,1.414668,0.977739,0,0,0,1
0.415142,-0.277928,-0.781863,-0.744907,0.338007,-0.494029,-0.598198,1,0,1,0
-0.022104,0.192148,0.166299,-0.936043,0.807384,-0.618007,0.636894,0,1,0,0
0.026909,0.357034,0.560921,-0.527072,0.352832,-0.452364,-0.908066,0,0,1,1
-0.462109,0.485290,-0.332451,0.502834,-0.398550,-1.413341,0.016192,1,1,0,0
-0.070659,0.367584,0.391202,0.918847,0.086149,-0.068763,-0.913858,0,0,1,1
-0.270398,0.188425,-0.313020,0.668451,0.456587,2.118734,0.765415,0,1,0,0
-0.418610,0.013067,-0.280566,0.977735,-0.312770,-0.998625,-0.991375,1,0,0,1
-0.492072,1.649877,-1.275828,0.404870,0.732148,1.210512,1.370634,0,0,1,0
-0.767334,1.720793,-1.315382,-0.105208,0.538326,2.423295,0.424079,1,1,0,0
-0.617753,1.292511,-0.903465,-0.354422,1.098570,-0.298791,0.621877,0,0,1,0
1.239220,-1.654401,0.865396,-0.027917,-1.299980,4.381807,-0.333964,1,1,0,1
0.787566,0.472766,-1.765773,0.343467,-2.045115,0.004930,0.836949,0,0,1,0
0.532129,-0.330169,-1.455709,0.478247,-1.477659,-0.614323,0.831918,1,1,0,0
0.987692,-0.952708,0.473708,-0.605462,0.333999,1.530490,0.468736,0,0,0,1
0.302561,-1.766038,0.506911,0.710655,0.609281,0.009099,0.181305,1,1,1,0
0.830783,-0.521781,0.231664,-1.696656,-1.161794,1.011217,0.726585,0,0,0,1
0.319887,-0.229176,-0.684229,-0.385165,-1.604627,-1.102849,0.393025,0,1,1,0
0.430073,-0.310202,0.798961,-0.646261,-0.175492,-0.302126,0.552618,0,0,0,1
-0.403496,-0.500951,0.173800,0.579737,0.217163,0.014626,0.919989,1,1,1,0
0.673061,0.039482,-0.344039,-1.541110,-1.074261,-0.347611,0.415395,0,0,0,1
0.231679,-0.135015,-0.980186,-0.933148,0.504398,-0.492844,0.925709,1,1,0,0
0.512065,-0.703873,0.765970,-1.245331,0.419025,2.541813,0.812716,0,0,1,0
-0.402120,-0.834853,0.521869,-0.004171,0.758277,-1.028227,0.819109,1,1,0,1
0.618101,-0.221961,0.822600,-0.990701,-0.280101,1.496834,0.959683,0,0,1,0
0.248762,-0.299763,-0.243755,-1.724656,-0.132247,-1.421896,0.110966,1,0,0,1
0.322850,0.110460,0.375523,-0.896613,0.145762,-0.003786,0.551778,0,1,0,0
-0.434449,-0.819455,0.834447,0.433357,0.643445,0.563871,0.961115,1,0,1,1
0.678635,0.302101,0.216476,-1.161719,-0.263247,-0.918080,0.553278,0,1,0,0
0.073694,-0.086069,-0.671888,-1.064468,0.563613,-0.466513,0.585905,0,0,1,1
0.485001,-0.361605,-0.036701,-0.128681,0.639111,-1.201725,0.374978,1,0,0,0
-0.498425,-0.449725,0.540687,0.023449,1.426290,-1.257976,1.075316,0,1,1,1
0.739521,0.630919,0.199095,-1.210159,-1.123633,2.014138,1.008937,1,0,0,0
0.231110,0.020045,0.076206,-1.772369,-0.465824,-0.267891,0.574788,0,1,1,0
0.387451,-0.293247,0.782080,-0.877792,1.115429,0.145308,0.654042,1,0,0,0
-0.532601,-0.969550,0.196948,-0.761102,0.445041,1.095220,0.786148,0,1,1,1
0.599149,-0.066253,0.096734,-2.205204,-1.365723,0.002204,0.766074,1,0,0,0
0.039740,-0.008292,-0.892676,-1.073478,0.151718,-0.254339,0.717879,0,0,1,1
0.263633,-0.503121,-0.116484,-1.161401,1.032661,-1.246716,0.174856,0,1,0,0
-0.464041,-0.762597,0.678111,-0.398384,0.814122,-0.513449,0.847412,1,0,1,1
0.687181,-0.080898,0.468991,-1.442025,-0.584869,2.359763,1.145904,0,1,0,0
0.226272,0.357357,-0.210308,-1.273516,-0.130702,-1.240798,0.794388,1,0,0,1
0.448427,-0.148422,0.956773,-0.501103,0.126662,0.493644,0.620482,0,0,1,0
-0.551568,-1.013458,1.599005,0.529637,1.064512,-1.160443,0.266011,1,1,0,1
0.870632,0.676227,0.534376,-0.819250,-0.822741,0.133664,0.989488,0,0,1,0
0.027198,0.049772,-0.525946,-1.251887,1.357025,0.031337,0.920020,1,1,0,0
0.702970,-0.389894,0.067693,-1.065270,0.203126,-0.887473,0.274460,0,0,0,1
-0.437467,-0.747610,0.601155,-0.158922,0.788419,-0.136306,0.767287,1,1,1,0
0.724745,-0.559331,0.167983,-1.257717,-0.377778,3.056935,1.165642,0,0,0,1
0.160648,0.190255,-0.476092,-1.794805,-0.288147,-1.139015,0.321306,0,1,1,0
0.344193,-0.413710,0.685482,-1.376458,0.479826,0.996191,0.553194,0,0,0,1
-0.671516,-0.258258,0.435552,-0.274005,0.673565,-1.079241,0.214972,1,1,1,0
0.882874,-0.152844,0.600767,-1.488206,-0.546485,0.956270,0.885140,0,0,0,1
-0.041335,-0.313053,-0.473410,-0.948929,0.810211,-0.158520,1.103491,1,1,0,0
0.279616,-0.976386,-0.384344,-0.845596,0.364358,-0.953054,0.151794,0,0,1,0
-0.513016,-1.067232,0.662096,-0.188737,1.047180,-0.315417,1.179074,1,1,0,1
0.770822,-0.109485,0.505632,-1.314835,-0.040841,-0.250121,0.758003,0,0,1,0
-0.168256,-0.181328,-0.596482,-1.586367,0.105641,-1.065094,0.370725,1,0,0,1
0.023459,-0.938762,0.864772,-0.242275,0.956221,1.165572,0.736516,0,1,0,0
-0.328525,-0.611699,0.757893,-0.275770,0.720665,-0.947945,0.646617,1,0,1,1
0.709942,0.091952,0.384075,-1.115409,-0.158446,0.195063,0.584530,0,1,0,0
0.021332,-0.230004,-0.514254,-0.878766,1.047830,-0.020663,1.104947,0,0,1,1
0.370918,-0.204947,0.102235,-0.720790,0.704078,-1.111901,0.355970,1,0,0,0
-0.583320,-0.515151,0.665735,-0.004479,0.967984,-0.285150,0.469705,0,1,1,1
0.750517,-0.013360,-0.113811,-1.242600,-0.302841,-0.723682,0.657917,1,0,0,0
0.020156,0.432420,-0.865071,-1.126007,-0.208813,-1.104159,1.062093,0,1,1,0
0.145320,-0.654223,1.448716,-0.375048,1.005387,1.843287,0.833379,1,0,0,0
-0.604014,-0.445427,0.707954,0.121228,0.887161,-0.574256,0.635520,0,1,1,1
0.513284,-0.166495,-0.332027,-1.135427,0.101646,0.618563,0.870325,1,0,0,0
-0.072304,0.374499,-1.103792,-1.041479,0.338843,0.414088,1.220365,0,0,1,1
0.140536,-0.547436,0.174852,-0.645462,0.089862,-0.287202,0.492347,0,1,0,0
-0.706629,-0.093521,0.468432,0.123302,0.064013,0.073565,0.574911,1,0,1,1
0.723994,-0.280192,0.199003,-1.255351,-0.878057,-0.181558,0.610440,0,1,0,0
-0.232185,-0.258014,-0.965018,-2.043852,-0.031716,-0.842658,1.084106,1,0,0,1
0.522237,-0.234415,0.367821,-1.121594,0.275073,1.929373,1.082723,0,0,1,0
0.440373,-0.548502,0.237674,-1.208280,-0.838808,-0.536956,0.786301,1,0,0,1
0.965170,-0.543098,0.363507,1.416071,-2.119173,0.396665,1.292137,0,0,0,0
0.520679,-0.834372,1.150305,1.063876,-1.434637,-0.878448,0.122092,1,0,0,0
0.516743,-0.830805,0.261311,0.787893,-0.111972,-0.020158,0.391234,0,1,0,1
0.097908,-1.413599,0.346156,0.180247,0.336485,0.453030,0.603618,1,0,1,0
0.489945,-0.333594,1.106805,-0.073424,-0.492004,-1.031875,0.524230,0,0,0,0
0.191500,-0.476018,1.030665,0.139808,0.527041,-0.687615,0.952823,0,0,1,0
-0.056812,-1.262502,1.434805,0.474166,1.026454,2.992805,0.737106,1,1,0,0
0.148878,-1.568028,0.589133,0.651582,-1.042856,0.123251,1.129548,0,0,1,1
0.251764,-0.490105,1.749966,0.254367,0.750938,0.775869,0.957909,0,0,0,0
0.191984,-0.845609,0.904125,-0.185834,0.351802,-1.241942,-0.045545,0,1,0,0
-0.010985,-0.730744,1.210308,-0.117052,1.067768,-0.145084,0.618683,1,0,1,0
-0.403723,-0.713188,0.523931,-0.341350,0.356867,0.670435,0.428305,0,1,0,1
0.396467,-0.729800,1.099343,0.110106,-0.173042,-1.240056,0.763522,0,0,0,0
-0.026334,-0.232363,1.358526,-0.212986,0.002927,-0.275824,1.070272,0,1,0,1
0.236653,-1.510916,0.866268,0.472965,-0.653072,-1.046697,0.045259,0,0,1,0
-0.197371,-0.978927,0.685195,-0.520364,-0.129078,-0.311517,1.057426,1,0,0,1
0.672982,-0.527038,0.698823,-0.180684,0.108871,1.100644,1.009766,0,0,0,0
0.224972,-0.487742,0.905249,-0.500795,0.289075,-0.848019,0.378833,1,0,0,0
0.106216,-0.681064,1.097448,-0.049022,0.656675,0.141952,0.671784,0,1,0,1
-0.222192,-0.879927,0.736641,0.247685,0.585046,0.861757,1.085431,1,0,1,0
0.420341,-0.694530,1.112138,-0.156720,0.261859,-0.200448,1.064171,0,0,0,0
-0.221219,0.000009,0.824980,0.273369,0.434187,-0.580444,0.890715,0,0,1,0
0.017212,-0.645585,0.726640,0.188189,0.332431,-1.167098,0.227159,1,1,0,0
0.364301,-1.992290,1.388969,0.577648,-0.395252,-0.151501,0.707017,0,0,1,1
0.303671,-1.344368,1.490908,0.433682,0.101422,1.100495,1.022507,0,0,0,0
-0.403449,0.607846,0.773195,-0.014980,0.575809,-1.083708,0.134864,0,1,0,0
0.166161,-0.655762,1.315213,0.327219,1.085087,0.369690,0.854093,1,0,1,0
-0.454384,-0.895751,0.895606,-0.499566,0.292119,-1.054159,0.549757,0,1,0,1
0.247400,-0.364099,1.068494,0.209650,0.424302,-0.712067,0.813282,0,0,0,0
-0.131607,0.029755,1.311143,0.629807,0.615708,-0.139822,1.117183,0,1,0,1
0.432014,-1.089774,1.193917,0.431634,0.282999,-0.594715,0.189703,0,0,1,0
-0.224230,-0.957349,1.112652,-0.114517,0.633870,-0.478312,0.999683,1,0,0,1
0.353355,-1.021811,0.880266,0.477646,-0.633058,1.927334,1.112487,0,0,0,0
-0.209929,-0.444567,0.136033,-0.108277,0.359281,-1.403841,0.434175,1,0,0,0
0.216817,-0.606479,1.006546,0.038615,0.730259,1.605569,0.597628,0,1,0,1
-0.356646,-0.533973,0.724532,-0.185776,0.820216,-0.731258,0.832768,1,0,1,0
0.359202,-1.183137,1.735538,0.129458,1.381883,0.013027,0.634138,0,0,0,0
-0.223453,-0.239684,0.806031,-0.147808,0.373250,0.046662,0.996670,0,0,1,0
-0.090531,-1.088696,1.230803,0.264949,0.924115,-0.246596,0.123484,1,1,0,0
-0.112333,-0.647757,0.993359,0.126627,0.134318,0.758952,0.856896,0,0,1,1
0.476698,0.005842,1.490644,0.026524,0.623031,-1.400912,0.626891,0,0,0,0
-0.126664,0.151957,0.910733,-0.820247,0.459635,-1.242880,0.629238,0,1,0,0
-0.092282,-0.768026,1.154674,-0.074143,0.735418,1.191170,0.625868,1,0,1,0
-0.477076,-0.956374,0.220868,-0.388936,0.678909,-0.226410,0.752435,0,1,0,1
0.148517,-0.677094,1.106572,0.350471,-0.123543,0.405508,0.792492,0,0,0,0
-0.395302,-0.030645,0.948905,-0.018747,1.072126,0.531675,0.960597,0,1,0,1
0.165829,-0.865621,1.235058,-0.018784,0.302842,-0.884003,0.551968,0,0,1,0
0.190305,-0.735416,0.840065,-0.027765,-0.483443,0.276028,0.972305,1,1,0,0
-0.044398,0.313839,0.839912,0.704659,-0.434467,-1.415939,0.645099,0,0,1,1
0.134385,0.016667,0.849861,0.221556,0.420865,-0.865256,1.118676,1,1,0,0
-0.466927,0.086874,0.329230,0.206911,0.053433,1.089276,0.681562,0,0,0,1
-0.214769,0.120031,-0.147972,0.808188,-0.104583,-0.429081,0.506114,1,0,1,0
-0.298189,0.383316,0.470868,0.713248,0.302132,-0.482995,1.107671,0,1,0,1
-0.409343,0.429637,-0.198008,0.901167,0.039909,2.693818,1.046069,1,0,1,0
-0.594664,-0.547700,0.310064,0.238135,0.216272,-0.606171,0.596194,0,1,0,0
-0.348935,-0.042775,0.528078,0.996102,0.251521,1.057494,0.744312,0,0,1,1
-0.645956,1.913224,-0.233074,0.930711,0.116065,-1.125063,1.072322,1,0,0,0
-1.366478,2.164302,-0.622845,0.731285,0.329969,-0.072614,0.560569,0,1,1,0
-1.673150,1.472683,-1.130102,0.363147,0.930299,3.363869,1.133952,0,0,0,1
0.437802,-1.188189,0.225380,1.720514,-2.113440,-0.088546,1.193542,1,1,0,0
-0.975958,2.601040,-0.089002,0.387318,0.435196,0.784980,0.664289,0,0,0,1
-0.959108,2.277930,-0.700217,0.583119,-0.158782,-0.996577,0.324689,0,1,1,0
-1.130752,2.501412,-0.705087,0.644506,0.619022,-0.211350,0.997257,1,0,0,0
0.551657,1.022458,0.207285,0.940683,-1.634601,2.586670,1.059186,0,0,1,1
0.563447,0.457699,-1.072053,1.862305,-1.067976,-0.749511,1.045204,0,0,0,0
0.445946,-0.637740,-1.355664,0.685067,-1.769305,-0.180047,0.147670,0,1,0,0
0.968660,-1.410454,-1.912858,-0.510776,-0.741639,0.452717,-0.819559,0,0,0,0
0.863459,-0.743504,-1.187000,-0.409029,-1.385686,0.610706,0.219366,1,0,1,0
0.008693,-0.135800,0.776009,-0.029446,-1.274730,0.299687,1.419171,0,0,0,0
-0.924970,-1.243055,1.031270,1.897078,-1.167830,0.280521,-1.610084,1,0,1,0
-0.184717,0.124937,0.235915,1.641678,-1.092228,-0.148702,0.987456,0,0,0,0
-0.916995,-0.436318,1.265674,1.603506,0.050829,-0.541254,-1.026339,0,1,1,1
0.310805,0.283676,-0.825257,-0.143171,-2.356185,-0.070165,0.475205,0,0,0,0
0.460507,0.429493,-1.710466,-0.369385,-1.907270,-0.625248,-0.460894,1,0,0,0
0.334524,0.278279,-1.658994,-0.061635,-1.610726,-0.566254,-1.249816,0,0,0,0
-0.848353,-0.617500,-0.296874,1.726849,-0.293729,-1.234363,-1.400736,1,1,1,0
-0.471112,1.484997,-0.238874,1.030523,-0.841984,2.531716,2.060121,0,0,0,0
-0.459975,0.653880,-2.841696,-0.250974,-0.202710,-0.493338,-0.904622,0,0,0,1
-0.208228,0.923520,-2.464554,0.032663,0.110636,-0.599113,-0.972325,0,0,0,0
-1.260220,0.905162,-0.881655,1.072761,-0.401939,-0.520468,-1.367867,1,1,0,1
-0.162611,-0.605280,-1.166541,1.237009,-1.705698,-0.545628,-1.117371,0,0,0,0
-0.470230,-0.226172,-0.435789,0.944601,-2.035850,-0.051005,-0.519225,1,0,1,0
-0.296649,0.076441,-1.169010,0.838233,-1.335386,-0.051442,-1.592177,0,0,0,0
-1.354569,-0.096921,-0.167914,1.339417,-0.836179,-1.226643,-0.857773,1,1,0,0
-1.223401,0.480302,-1.354460,1.727106,0.300054,2.601784,1.441458,0,0,0,0
-1.107166,0.675435,-1.521193,0.725837,-0.276554,-0.621976,-1.313829,0,0,1,0
-0.552990,0.864055,-2.547271,0.770569,-0.906587,-0.017298,-0.879482,0,0,0,0
-1.610304,1.101686,-1.445712,1.037274,0.053047,-0.359861,-1.857621,1,0,1,1
0.010343,1.157107,-1.394289,-0.582856,-3.102126,-0.111640,1.594710,0,0,0,0
-0.174859,0.271377,-1.048625,0.477597,-1.375889,-0.293209,-1.276017,0,1,0,0
-0.053106,0.961708,-0.987795,0.976771,-0.403848,-0.126968,-0.999992,0,0,1,0
-0.985595,0.140717,-0.708719,1.159685,0.664927,-0.350684,-0.979150,1,1,0,0
-0.577034,1.913503,-1.438809,-0.801919,-2.015773,2.159502,1.982538,0,0,1,1
-0.886346,1.992503,-2.432600,-0.688495,-0.849763,-0.696577,0.857594,1,1,0,0
-1.635284,1.611380,-1.767820,0.143964,-0.296072,0.737378,1.557361,0,0,0,1
-1.623534,2.107014,-2.173892,-0.219323,-0.317070,-0.832110,0.294244,1,1,0,0
-0.060337,0.225941,-2.342535,0.310534,-1.176141,0.205541,1.270368,0,0,0,0
0.114907,0.225344,-2.136156,0.128134,-1.367978,-0.279847,-0.637405,0,0,1,0
-0.259654,1.202830,-1.352703,0.595686,-0.940850,-0.378971,-1.039893,0,0,0,0
-0.880447,0.844588,-1.197416,1.118519,-0.470848,0.041441,-1.230084,0,1,0,1
-0.801093,1.542109,-0.731245,0.678892,-0.846962,3.053776,2.054697,0,0,0,0
-0.817027,2.843623,0.398989,-0.369693,-3.054131,0.214659,-0.093657,0,1,0,1
-1.899069,1.081458,-1.273245,1.628097,0.767857,1.355541,0.675213,0,0,0,0
-1.699144,1.448499,-0.556503,0.742196,0.269595,-0.788289,-1.026635,1,1,1,0
0.185192,0.631824,-0.282923,0.496928,-2.093287,1.536881,0.987344,0,0,0,0
0.252689,0.321717,-1.770971,0.845397,-0.860068,0.042040,-0.259272,0,0,0,1
-0.583300,-0.102790,-0.679698,1.079658,-1.473308,-0.100722,-1.955579,0,0,0,0
-1.012746,0.048899,-0.738355,0.969934,-0.796973,-0.224864,-2.039114,0,1,1,1
-0.574576,1.727877,-1.792281,0.030161,-1.248378,-0.522667,1.222525,0,0,0,0
-0.573736,1.458518,-2.687334,0.030708,0.629597,-0.027086,-1.000799,1,0,0,0
-0.628180,2.288654,-2.339287,-0.418029,-0.764260,-0.892443,-1.125126,0,0,0,0
-1.727009,1.473302,-1.847744,1.020781,0.743614,-0.863416,-1.341920,1,0,1,1
-0.112560,-0.348950,-1.183509,1.583800,-1.246121,0.803543,-1.241067,0,0,0,0
-0.575004,-0.916873,-0.573359,1.061053,-0.928099,-0.306490,-0.343591,0,1,0,1
-0.703635,-0.195106,-1.427948,0.669767,-0.880357,0.404131,-2.063067,0,0,0,0
-0.623132,-0.148253,-0.871195,2.017699,-1.380272,-0.245846,-0.785743,0,0,1,1
-1.347830,0.991540,-1.959876,0.171986,-0.457854,-0.733023,0.428772,0,0,0,0
-1.016661,1.392947,-2.541890,0.613836,0.693513,1.201472,-0.844746,0,1,0,0
-1.053575,0.969926,-0.659169,0.555495,-0.440779,0.466693,-1.439792,0,0,0,0
-1.127137,0.290511,-0.641136,1.144148,-0.200959,-0.108408,-1.382525,1,1,0,0
-0.100775,0.996715,-1.404351,-0.194082,-1.854458,1.499363,1.447523,0,0,0,0
-0.378196,-0.081349,-0.833421,0.939764,-1.652067,-0.235209,-1.050305,0,0,1,0
0.054719,1.577063,-1.026713,-0.303998,-2.484829,0.119785,-0.462364,1,0,0,0
-0.861182,0.670934,-0.947818,1.245537,-0.366693,-1.197860,-1.382898,0,0,1,1
-0.884819,1.603449,-1.683552,0.075192,-1.597474,-0.815792,0.975389,1,1,0,0
-0.781375,1.983350,-1.873855,0.414094,-0.181394,-0.126178,0.859468,0,0,1,1
-0.929355,1.297962,-1.645469,0.683212,0.714635,3.408570,1.216573,0,1,0,0
-0.328346,-0.175835,-0.034370,0.792966,-0.894385,-0.998318,0.530075,1,0,0,1
0.262564,-0.496904,0.005136,2.844498,-1.846615,2.378280,1.268633,0,0,0,0
0.621213,-0.373913,0.261955,1.991067,-2.430651,-0.636789,-0.764231,0,0,0,0
0.216822,0.137079,0.156204,1.694789,-1.485411,-0.353798,-0.544143,0,0,0,0
0.211090,0.570399,0.522325,1.822860,-1.053438,-0.593828,0.129514,1,0,0,1
-0.844263,0.385780,0.247820,2.041772,-0.128469,-1.192951,1.076578,0,0,0,0
-1.067372,-0.463131,1.192318,2.244068,-0.818164,-1.005659,-0.554707,1,0,0,1
-1.002682,-0.586370,-0.415355,1.724062,-0.396003,-0.219906,0.173604,0,0,0,0
-0.942988,-0.015313,0.237804,1.188207,-1.120713,-0.526828,-1.205971,0,0,1,1
0.024197,0.964420,0.076594,1.568722,-2.195187,1.254708,1.751318,0,0,0,0
0.093487,0.655745,-0.507955,1.216999,-1.636106,-0.755468,-0.322993,0,0,0,0
-0.388634,0.112800,-1.169495,0.920554,-1.460745,-0.083617,-1.869483,0,0,0,0
-0.195414,-0.595056,-0.384329,1.650156,-0.818857,-0.658710,-1.574369,1,1,0,0
-1.006663,1.705410,0.116035,1.165271,-0.016098,-0.107043,1.635498,0,0,0,0
-0.750570,1.861277,-0.574802,1.211085,-0.356114,0.051438,-0.571101,0,0,0,0
-0.953198,1.945314,-0.520150,0.824277,-0.584655,-0.324803,-1.147145,0,0,0,0
-0.922766,1.922153,-0.628223,1.010816,0.306666,-0.197002,-0.587358,1,0,1,1
-0.128943,-0.121888,-0.989847,1.714567,-1.133726,1.970412,-1.114001,0,0,0,0
-1.051220,-0.801211,-0.634647,1.681202,-1.069859,-0.634684,0.033038,0,1,1,0
-0.668327,0.323481,-0.889159,1.245741,-1.241803,-0.273301,-1.723325,0,0,0,0
-1.164402,-0.902701,0.558393,1.249801,0.092736,-0.526082,-0.714619,1,1,0,0
0.121212,0.141879,0.266333,1.777730,-0.173475,0.600264,1.204874,0,0,0,0
-1.000510,1.096450,-0.368180,1.076100,0.063262,-0.876223,-0.323089,0,1,0,0
-0.226098,0.880586,0.345607,0.930757,0.550944,1.270178,-0.102522,0,0,0,0
-0.904884,1.310170,-0.729275,0.851575,0.295880,-0.172526,-0.721259,1,0,0,1
-0.050202,0.323623,0.054195,1.828069,-1.030636,4.147790,1.923841,0,0,0,0
-0.545833,-0.215350,-0.988532,1.404795,-0.999610,-0.550252,-1.716349,1,0,0,0
0.172800,1.060839,-0.505664,1.131021,-1.998924,1.396442,-0.616023,0,0,0,0
-0.467097,0.913449,-0.725744,1.790223,-0.365256,-0.968055,-0.764447,0,0,1,1
-1.092890,0.984766,-0.311776,1.886017,-0.289819,-0.543300,1.335486,1,1,0,0
-0.882419,1.024444,-0.952836,1.594668,0.081182,0.737137,1.441838,0,0,1,1
-1.437019,1.386989,-0.440415,0.839516,-0.130234,-0.810830,0.974623,0,1,0,0
-1.257594,0.902236,0.297080,1.321089,0.539646,0.470474,0.712384,1,0,0,1
-0.529420,0.741793,-0.501865,1.909863,-0.157486,1.619573,1.910210,0,0,0,0
-0.191271,0.548639,-1.062129,1.017976,-1.150637,-0.527112,-0.313462,0,0,0,0
-0.779710,-0.120244,-1.354874,1.066850,-1.033727,-0.289170,-1.545069,0,0,0,0
-0.005003,0.295585,-0.554994,0.198215,-1.905511,-0.027995,-1.129417,0,1,1,0
-0.857519,1.224629,0.186365,1.024881,-0.894718,-0.288431,1.543089,0,0,0,0
-1.999277,1.053730,0.353699,1.378608,0.141666,-0.863796,-0.819828,0,1,1,0
-0.442129,0.371680,0.587056,1.952701,-0.344511,0.070604,0.681106,0,0,0,0
-0.868365,-1.444068,0.583191,1.445542,-1.857108,-0.051023,-1.013743,1,0,0,1
-0.220890,0.979782,0.180631,1.811499,-0.503517,-0.493432,0.717104,0,0,0,0
0.150445,0.531743,-0.357454,1.311796,-1.224635,0.099119,-0.915410,0,0,0,0
-0.457256,-0.264166,-0.683495,0.905416,-1.302827,-0.781182,-1.931265,0,0,0,0
-0.152993,-1.647875,-0.170632,1.131594,-0.785180,1.067195,-1.570943,1,0,1,0
-0.950167,1.208689,0.240009,1.283415,0.559115,-0.530157,1.615543,0,0,0,0
-0.741824,2.225029,-0.257212,0.973861,-0.028818,-0.317274,-0.316688,0,0,0,0
-0.812924,2.321374,-0.595046,0.907657,-0.544057,-0.206390,-0.745032,0,0,0,0
-0.562596,1.688292,-0.564564,0.718349,-0.906227,-0.785818,-1.356230,1,1,0,1
-0.751551,0.226264,-1.206896,1.783377,-1.123284,-1.096728,-2.002736,0,0,0,0
-1.546230,0.743694,-0.771795,1.493738,-0.108138,-0.754737,-0.331280,1,0,1,1
-0.893218,0.824027,-0.754960,1.924780,-0.202420,4.235539,-0.736421,0,0,0,0
-1.210787,-0.417886,0.306124,1.063382,-0.061694,-0.859336,-0.873379,1,1,0,1
0.617588,-0.222582,0.092098,1.268196,-0.557844,2.107630,1.256271,0,1,0,0
-0.685059,1.288073,0.013186,1.590728,-1.356532,-0.822947,-0.721799,0,0,0,0
-1.646196,0.661769,0.185832,2.611123,-0.074302,-0.388807,-0.997299,0,0,0,0
-1.056002,1.139858,-1.018403,1.868038,0.276101,1.276969,-1.486591,0,0,1,1
0.089759,1.330163,-0.264381,1.659517,-0.343870,-0.954015,1.693367,0,0,1,0
-1.056736,1.326656,0.875573,0.303708,-0.603436,-0.475199,-1.249463,0,0,0,0
-2.836398,1.292476,1.211371,0.823199,0.363101,0.185226,-1.557027,0,0,0,0
-1.002450,0.391720,-1.175620,0.660321,-0.142916,2.402459,-1.980706,1,1,0,0
-0.432030,0.862742,-0.129911,1.460292,0.065075,1.391674,1.652164,0,1,0,0
-1.384932,2.058810,1.078813,0.027594,-0.092807,-0.548780,-0.112729,0,0,0,0
-1.667000,1.565620,1.392794,0.743708,-1.565067,-0.393356,-1.140834,0,0,0,0
-2.437227,1.298200,-0.416581,0.818563,0.579354,-1.005621,-2.991201,1,0,1,1
-0.168916,-0.706231,-1.009072,2.119424,-0.454143,-0.485072,1.096480,0,0,0,0
0.272011,-1.133296,-0.806725,1.373720,-0.938082,-0.301043,-0.528446,0,0,0,0
0.133002,-1.968139,0.349706,1.531462,-0.278338,-0.435197,-1.288985,0,0,0,0
0.194299,-1.555570,-0.092219,1.292027,-0.794394,0.211115,-1.189779,0,1,0,0
0.304662,-2.631811,0.753201,-0.147377,-0.021944,0.438517,-1.514335,0,0,0,0
0.475596,-1.575095,0.814832,0.323832,0.716952,-0.378459,-1.236743,0,0,0,0
0.144909,-2.148337,0.129640,0.667385,-0.069954,-0.544813,-1.353604,0,0,0,0
0.298702,-1.375793,0.151369,-0.472042,0.153408,0.322237,-0.694734,0,0,1,1
-1.001324,-0.317411,-0.663507,0.506213,0.187031,-1.363796,0.986122,0,0,0,0
-0.518967,-0.828831,0.205221,0.437457,0.385218,-0.249459,-0.606474,0,0,0,1
0.295672,0.213809,-0.172801,1.057395,-0.730391,-0.809821,-0.065961,0,0,0,0
-0.468375,-0.492574,-0.473135,0.448196,-0.765154,-0.322183,-1.050780,0,0,0,0
-0.659939,-0.014223,-1.206469,0.521584,-0.172198,-0.051607,-1.639299,0,0,0,0
-1.055152,0.504402,-0.514012,1.257325,0.129232,-1.045151,-1.515790,0,0,1,0
0.199641,1.279975,-1.643967,1.799567,-0.422946,0.924130,-0.621525,0,0,0,0
1.202750,0.326558,0.776484,0.225636,-1.438559,1.747578,0.992647,1,0,0,1
0.771231,-0.013639,-0.141972,1.401612,-1.784095,-0.530189,0.793701,0,0,0,0
0.861899,-0.002762,-0.224178,1.799065,-1.951011,-0.582528,0.121274,0,0,0,0
0.716245,0.519553,0.253457,0.886231,-0.782735,0.001290,-0.372716,0,0,0,0
0.607401,1.278872,-0.406714,0.824419,-1.193346,-0.113883,-0.053455,0,1,1,0
0.671230,0.746616,-0.859498,1.606115,-0.496999,0.527041,0.444726,0,0,0,0
0.642412,0.653953,-1.754850,0.717498,-1.684367,-0.237382,-0.733947,0,0,0,0
0.325532,1.303419,-1.114181,0.715797,-1.399781,-0.209670,-0.394660,0,0,0,0
0.486258,1.026772,-1.494126,0.630925,-0.534334,-0.507903,-0.481582,1,0,0,1
0.247480,0.648985,-1.524195,1.160158,-0.516937,-1.238804,-0.779029,0,1,0,0
0.428486,1.387923,-1.253589,0.464946,-0.477967,0.173943,0.441863,1,0,0,1
0.231629,0.600191,-0.773766,0.875653,-0.871379,-0.902754,-0.176897,0,0,1,0
0.245194,1.268280,-1.637274,0.439084,-0.868381,-0.193504,-0.398115,0,1,0,1
0.140011,1.615388,-0.850785,1.114265,-0.849068,1.729755,-0.092499,0,0,0,0
0.115878,1.753350,-1.138192,0.594367,-0.871310,0.085767,0.095241,0,0,0,0
-0.298884,1.948521,-0.269653,0.293661,-0.531777,1.677178,-0.172986,0,0,0,0
-0.162048,0.151643,0.294855,-0.023021,-0.208416,-0.497389,-0.207320,1,0,0,1
0.696844,0.312752,-0.287724,0.929950,-1.674468,-0.498919,1.527435,0,1,1,0
0.874409,-0.413488,-0.258860,0.960999,-0.909317,-0.526924,-0.040945,1,0,0,1
0.817194,-0.447788,0.196425,0.898667,-1.734151,-1.005291,-0.254219,0,1,0,0
1.097101,0.082451,-0.334626,1.189599,-1.446306,0.536918,0.317102,0,0,1,1
0.743748,0.484823,-1.100682,0.189549,-0.549479,-1.033013,-0.082649,1,1,0,0
0.888743,0.433110,-1.510933,-0.119404,-0.858419,-0.190731,0.094317,0,0,1,1
0.818177,0.135241,-1.165939,-0.777208,-0.355963,0.148463,-0.445197,0,1,0,0
-0.038432,-0.439454,-0.119117,1.354882,-1.071728,-1.002628,-0.386565,1,0,0,1
1.530399,-0.883639,0.132926,-0.210934,-2.299082,2.249541,0.395800,0,1,1,0
0.592860,1.727684,-1.113855,-0.007082,-0.609804,0.176691,0.074416,1,0,0,1
0.422922,0.876297,-1.388993,-0.301843,-0.687417,-0.431420,-0.582167,0,0,1,0
0.106369,1.145002,-1.444142,0.003673,-0.652735,-0.257685,0.003472,1,1,0,0
0.397446,1.218353,-1.077043,-0.210985,-0.322671,-0.604387,-0.165840,0,0,1,1
0.298669,0.883002,-0.837970,-0.309141,-0.254912,0.461691,0.206993,1,1,0,0
-0.001380,1.326603,-0.821831,-0.737500,-1.423820,1.319226,-0.491748,0,0,1,0
-0.144110,-0.165934,-0.029250,1.113765,-0.446929,-0.398912,-0.673408,1,0,0,1
0.852738,0.221085,0.201157,1.491533,-1.482685,1.899112,1.443164,0,0,0,0
0.837136,0.061701,-0.640523,0.624672,-1.751926,-0.637799,0.128510,1,0,0,0
0.728053,-0.331117,-0.962437,0.376228,-1.071054,-0.335243,-0.490097,0,0,0,0
0.915573,0.173323,-0.558183,0.466907,-0.017381,0.695248,0.346498,1,1,0,0
0.741473,0.648317,-1.179314,0.593661,-1.337758,-0.656741,0.123762,0,0,0,0
0.775578,0.525793,-0.905457,1.269173,-1.824145,0.069703,0.095459,0,1,0,0
0.712971,-0.040015,-0.951527,1.787355,-1.453555,0.129424,-0.510897,0,0,0,0
1.097732,-0.165075,-0.534848,1.187091,-0.848408,0.033842,-0.042487,0,1,1,0
0.693060,0.005380,-1.075441,-0.090454,-2.330384,-0.003150,-0.655747,0,0,0,1
0.567232,-0.254845,-0.176475,0.398543,-1.852938,-0.941428,-1.252130,1,0,1,0
0.961396,-0.290528,-0.683314,-0.777691,-1.713623,0.059589,-1.089705,0,1,0,0
0.538516,-0.499031,-1.237060,0.435976,-2.136514,0.527983,-1.198616,0,0,1,1
0.727814,-1.389197,-0.640110,0.920240,-1.702655,-1.074624,-0.830768,1,1,0,0
0.850471,-1.193552,0.734990,1.190694,-1.234714,1.007912,0.001993,0,0,1,1
0.784884,-2.333130,0.622303,0.514100,-1.439429,-0.741549,0.049037,0,1,0,0
0.553146,-2.121718,0.452793,1.024401,-1.711975,0.313173,-0.208919,1,0,1,1
0.716820,1.403924,-0.732672,0.510742,-2.243798,0.557188,1.581808,0,1,0,0
1.066772,-0.394411,-0.641401,1.230972,-2.196525,-0.462037,0.180594,0,0,1,1
0.740702,-0.902114,0.000078,1.319531,-2.179565,-0.287520,0.995518,1,0,0,0
0.871984,-0.773094,-0.156489,1.547656,-2.517399,-0.068973,-0.181276,0,1,1,0
0.748520,-0.850309,0.405901,0.186753,-1.278194,-0.579144,0.588045,0,0,0,1
0.759447,-0.463279,-0.038342,0.712954,-2.835970,-0.090132,0.079162,1,1,0,0
0.752367,-1.454264,0.414902,0.117434,-1.640906,-0.821274,0.296449,0,0,1,0
0.706485,-0.176406,-0.395846,0.455501,-2.011199,-0.553900,0.200249,1,0,0,1
0.845189,-0.436423,0.326626,0.279715,-1.222269,1.113094,0.857265,0,1,0,0
1.069631,-0.269104,0.265442,-0.273751,-1.435926,-0.304089,-0.199888,0,0,1,1
0.806031,0.174192,0.447701,-0.631535,-1.767072,-0.009131,0.789912,1,0,0,0
0.405971,0.413149,-0.159306,0.881095,-1.537649,-0.722431,-0.360764,0,1,1,0
0.601719,-0.124522,1.020815,-0.670913,-1.439834,-0.110454,0.683399,0,0,0,1
0.315736,0.173098,0.380692,-0.374842,-1.780171,-0.530130,-0.023976,1,1,0,0
-0.026470,0.074077,0.299171,-0.234795,-0.812683,-1.123600,-0.070399,0,0,1,0
-0.022126,-1.044446,1.404909,-0.110789,0.180810,0.571624,-1.381666,1,1,0,1
0.966602,0.255287,0.348433,-0.138081,-0.062911,2.261361,1.674634,0,0,1,0
0.557270,0.714973,0.426557,-0.890667,-0.971517,-0.143339,-0.521759,1,0,0,1
0.384106,0.985664,0.285816,-0.910154,-0.277823,0.199231,1.047173,0,1,0,0
0.411492,0.822527,-0.175248,-1.003767,-0.991761,0.056156,-0.474885,0,0,1,1
0.571981,-0.010484,0.597602,-1.040269,-0.868620,-0.136935,0.698605,0,1,0,0
0.513066,-0.062855,0.376608,-0.917940,-1.216525,-0.864003,-0.762434,1,0,0,1
0.362718,0.726462,0.349805,-1.009746,-0.560599,-0.792811,0.950686,0,0,1,0
-0.345891,-0.027531,0.439128,-0.568718,0.087531,-0.297820,-1.691129,1,1,0,1
0.911813,0.305868,-0.207937,-0.855981,-0.685912,4.205568,1.467708,0,0,1,0
0.287091,0.587985,-0.813768,-0.952722,-1.027696,-0.382772,-0.655894,1,1,0,0
0.101793,0.100001,0.800196,-0.803574,0.420596,0.345307,1.071099,0,0,1,0
0.188404,0.651242,-0.337501,-0.639344,-0.079310,-0.253085,-1.169066,1,0,0,1
0.397802,0.149721,0.187515,-0.325823,0.022774,-0.017871,1.104957,0,1,0,0
0.409275,0.517400,-0.207532,-0.653805,-1.032555,0.011888,0.012511,0,0,1,1
0.282419,-0.310201,0.603293,-1.023501,0.459745,-0.233866,0.539096,0,1,0,0
-0.753281,0.769021,0.640137,0.496560,0.518963,-0.736972,-0.513120,1,0,1,1
0.581045,-0.257912,0.274931,0.650889,1.226355,-0.353628,0.529015,0,1,0,0
0.437135,-0.503607,0.514274,0.589972,0.810954,-0.012296,-1.166617,1,0,0,1
-0.193133,-0.224229,0.328719,0.559095,0.905563,0.157963,1.347872,0,0,1,0
-0.006252,0.184415,0.125564,-0.347769,1.584655,0.822470,-1.085314,1,1,0,0
0.299698,-0.616489,0.593167,0.164535,1.659026,0.874348,0.703917,0,0,1,0
0.375088,-0.195709,0.228181,0.340246,1.545414,-0.167689,-0.225656,0,1,0,1
0.090949,-0.053527,0.474982,-0.211910,1.328411,-1.089747,0.410383,1,0,0,0
0.306612,0.158622,-0.380029,-0.268861,1.196688,0.198711,-0.831638,0,0,1,1
0.457138,-0.623236,0.229644,0.543449,0.531778,-1.107066,0.447349,1,0,0,0
0.146443,-0.202827,-0.756843,0.457038,0.753224,-0.637031,-0.520831,0,1,1,0
-0.000675,-0.392242,0.710718,-0.379800,1.224121,0.846521,1.293019,0,0,0,1
-0.478473,0.519787,0.618145,0.003869,0.874881,-0.783537,-1.153392,1,1,0,0
0.441319,-0.403051,0.439679,-0.421447,0.940123,1.226166,0.547835,0,0,1,0
0.034382,-0.517098,0.515868,-0.691943,0.422187,0.755073,-1.422227,1,0,0,1
-0.593905,0.177409,1.058808,-0.902170,1.234803,-1.053678,0.703112,0,1,0,0
-0.475570,0.040369,0.441137,-1.067629,0.590462,-0.209093,-1.132750,1,0,1,1
0.992608,0.426511,0.423594,-0.196973,-0.645034,-0.353963,1.065173,0,1,0,0
0.337895,0.124899,0.681490,-0.435640,-0.182868,-0.706683,-0.021038,0,0,1,1
0.368432,-0.187266,0.436321,-0.969511,0.301509,1.938957,0.891029,1,0,0,0
0.540358,1.364303,0.079418,-0.815255,-0.456480,-0.305108,0.151760,0,0,1,1
0.829799,-0.385790,1.038988,-0.397413,-0.316628,1.317788,0.678419,0,1,0,0
0.749881,0.470583,0.354665,-0.303101,-0.695207,0.141241,-0.235628,1,0,0,1
0.215514,-0.744110,0.676158,-0.021943,-0.033560,-0.726444,0.627527,0,0,1,0
-0.442874,-0.412653,0.401351,-0.344679,1.269648,-0.443465,-1.609658,1,1,0,1
0.944719,0.224051,-0.541105,-0.446360,0.574642,0.321896,0.823536,0,0,1,0
0.588062,0.452974,-1.002261,-1.639594,-0.097879,-0.161922,0.113831,1,1,0,0
0.023441,0.617499,-0.506666,-1.400427,-0.098015,-1.005170,0.174477,0,0,1,0
0.150528,0.738373,-0.234347,-1.107001,-0.435124,0.066367,-0.659840,1,0,0,1
0.750491,0.267540,0.662628,-1.127419,-0.105324,2.531701,1.070203,0,1,0,0
0.611006,0.469205,-0.226093,-1.274241,-0.349524,-0.047167,-0.352030,0,0,1,1
0.074331,0.628511,-0.260806,-0.717165,-0.695238,-0.246870,0.822625,1,0,0,0
-0.128231,0.631208,0.697945,-1.096264,0.912583,0.492167,-0.892468,0,1,1,1
0.649203,0.228898,0.946349,-0.306235,-0.043090,-0.148836,0.470384,1,0,0,0
0.406173,0.164665,0.980674,-0.620285,-0.532338,-0.508711,-0.537840,0,1,1,0
0.017841,0.390582,0.195178,-0.832331,0.235310,-1.234624,0.273000,0,0,0,1
0.176578,0.124662,0.350207,-0.192899,0.080827,-0.706910,-0.679527,1,1,0,0
0.033167,-0.152577,1.319351,-0.004322,0.958273,1.909394,1.055827,0,0,1,0
0.132133,0.172613,0.504046,-0.081943,0.028439,-0.636371,-0.568831,1,0,0,1
0.111028,-0.187055,1.244847,-0.888352,0.372180,-0.429894,0.558552,0,1,0,0
0.103410,0.756598,0.336020,-0.216795,0.010523,-0.579588,-0.574949,0,0,1,1
0.556781,-0.179492,0.750217,0.194549,-0.256219,-0.251581,0.989472,1,0,0,0
0.107449,0.510926,-0.193281,-0.595913,-1.118533,-0.663175,-0.295778,0,1,1,0
0.288188,-0.020444,0.642293,-0.968616,0.398940,-1.141193,0.128042,0,0,0,1
-0.386256,0.700934,0.826583,-0.635804,-0.194130,-0.660831,-1.218556,1,1,0,0
0.421675,-0.901307,1.260223,0.111494,0.616623,3.211872,1.184673,0,0,1,0
0.096191,-0.793025,0.728185,-0.493667,0.166595,-0.147504,-1.355217,1,0,0,1
-0.230497,-0.783439,0.974024,-0.707644,0.821364,1.029036,0.788165,0,1,0,0
-0.215003,0.367936,0.399765,-0.933541,0.364336,-0.274128,-1.635109,1,0,1,1
1.232757,0.424909,-0.915238,-1.688906,-1.055810,0.653131,0.916952,0,1,0,0
0.645959,-0.113121,0.094571,-1.496312,0.052303,-0.368527,-0.761974,0,0,1,1
0.452601,0.772157,-0.557172,-2.395630,-0.277237,-0.699565,0.449170,0,1,0,0
0.127542,1.094651,-1.033578,-1.604452,-1.078393,-0.233981,-0.737447,1,0,0,1
0.649605,-0.216308,0.818094,-0.908043,0.108976,3.367904,1.143544,0,0,1,0
0.521487,-0.007810,-0.196994,-1.063079,-0.392317,0.400359,-0.707380,1,1,0,0
0.054434,0.502337,-0.003369,-0.768909,-0.375260,0.415953,1.071597,0,0,1,0
-0.218670,0.546221,1.188212,-1.080818,0.675926,0.643652,-1.236250,1,1,0,1
0.886055,-0.415143,-0.078783,-0.610139,-0.325639,2.136142,1.102301,0,0,1,0
0.121949,0.494568,-0.590961,-0.293639,-0.833769,-0.435502,-0.798121,0,1,0,1
0.145108,0.319471,0.468795,-1.507647,-0.226508,-1.056186,0.911952,1,0,0,0
0.031588,1.095472,-0.288274,-0.861170,-0.698958,-0.906089,-0.668817,0,0,1,1
0.522043,0.200483,0.457089,-0.438638,-1.381045,-0.943248,0.365890,0,1,0,0
0.571045,0.690903,-0.339793,-1.043227,-1.735362,-0.106269,-0.139046,1,0,0,1
-0.090780,-0.332159,0.643010,-0.871044,0.339747,0.828062,0.823775,0,0,1,0
-0.176513,0.349289,0.812439,-0.593455,0.086410,-0.452928,-0.708586,1,1,0,1
0.941691,-0.227388,0.698839,-0.192044,0.054780,0.878027,0.988158,0,0,1,0
0.322190,-0.082548,0.310703,-0.150794,-0.039280,-0.455559,-1.035172,1,1,0,0
0.193522,0.777651,0.574140,-0.878372,0.394343,-0.584372,1.039986,0,0,0,1
0.542820,0.716813,0.440787,-0.786992,0.163761,-0.585932,-0.563135,1,0,1,0
0.592953,-0.359851,0.546281,-0.268485,-0.168569,-0.773639,0.180408,0,1,0,0
0.710198,0.476582,0.371982,-0.757274,-1.128218,-0.558283,-0.433458,0,0,1,1
0.074603,0.690688,0.343043,-0.851494,-0.201943,0.512266,1.367717,1,0,0,0
-0.368762,0.650928,1.214994,-0.598688,0.455475,-0.089720,-0.899100,0,1,1,1
0.785759,0.324168,0.509160,-1.478389,-1.716521,1.811909,0.908022,1,0,0,0
0.136105,1.070090,-0.012241,-1.046946,-1.357966,-0.517152,-0.167466,0,1,1,0
-0.226059,0.298627,1.025991,-1.027819,0.645028,-0.662983,0.949371,0,0,0,1
-0.194729,1.500042,0.059896,-0.816396,-1.008177,-0.661153,-0.454951,1,0,1,0
0.450580,-0.114131,0.595619,-0.776177,-0.495468,-1.069105,0.498326,0,1,0,0
0.321865,0.108561,0.123735,-1.401553,-0.597525,-0.513556,-0.168302,0,0,1,1
0.341063,0.737112,0.493775,-0.704522,-0.716768,1.121522,1.266294,0,1,0,0
-0.298810,0.711554,1.006912,-0.572159,1.096560,0.968588,-0.983177,1,0,1,1
0.834915,0.372365,0.592572,0.070161,-0.812956,1.668241,0.909979,0,1,0,0
0.468052,0.393091,0.471624,-1.082737,-0.868697,-0.474605,0.166041,1,0,0,1
-0.429283,0.802099,0.081816,-0.567706,0.101249,-0.833718,0.849428,0,0,1,0
-0.007650,1.049996,0.226991,-0.540120,0.177166,0.051027,-0.563810,1,1,0,0
0.556929,0.199877,1.250560,-0.607457,0.270028,-0.796448,0.833801,0,0,1,0
0.365410,-0.052332,1.295310,-0.533082,0.313784,-0.181589,0.112350,0,1,0,1
-0.163648,0.173410,0.984891,0.232402,1.835018,-0.882903,-0.077680,1,0,0,0
0.014186,0.550746,0.399497,-0.639702,0.688555,-0.233446,-0.284846,0,0,1,1
0.541134,0.489900,-0.458760,0.498562,-0.630664,0.908903,0.856227,1,1,0,0
0.500127,0.792225,-0.194941,0.003158,-1.301045,-1.015204,-0.437214,0,0,1,1
0.350760,1.322959,-0.462899,-0.089840,-0.996848,-0.222054,0.980839,1,1,0,0
0.019292,1.623211,-0.298598,0.384085,-1.943306,0.855097,0.240786,0,0,1,1
-0.674608,1.837965,-0.334753,-0.070315,-0.581435,-1.045927,1.157003,1,1,0,0
-0.700950,2.157868,-0.061836,0.218797,0.013627,0.586219,0.021486,0,0,1,1
0.113815,1.677338,-0.417991,0.348906,-0.965598,-1.236594,0.151520,0,1,0,0
0.319498,1.451795,0.300664,0.717174,-0.342120,0.662328,-0.182181,1,0,0,1
1.009436,-0.154291,-0.915020,2.302705,-1.207817,0.793132,1.261983,0,0,0,0
1.238055,-0.219809,-0.917198,1.432267,-1.712978,-0.322069,0.498005,1,0,0,0
0.918366,0.236593,-1.065925,0.492476,-0.501578,-0.109415,0.562489,0,0,0,0
0.829397,1.004000,-1.752114,0.848329,-0.672390,-0.077864,-0.009128,1,0,0,1
1.297742,-0.277669,-0.251789,-0.363169,0.595669,0.156080,0.600363,0,0,0,0
1.304432,-0.207371,-0.877364,-0.806747,-0.686639,-0.005325,-0.483394,0,0,0,1
0.861045,-0.105035,-0.640130,-1.031746,0.173322,-0.637470,0.412313,0,0,0,0
1.081734,0.775652,-0.903189,-0.109561,-0.112016,-0.233320,0.268438,1,0,0,1
1.327887,-0.162912,-0.172996,-0.440086,0.212163,0.628756,1.009605,0,0,0,0
1.256776,0.281541,-0.473939,-0.896426,0.555643,-0.343096,-0.080265,1,0,0,0
0.942287,0.722388,-0.962732,-0.643566,-0.652872,0.027005,0.805581,0,0,0,0
-0.131432,0.331580,0.897993,-0.513421,0.733903,-0.563202,-1.043050,1,1,0,0
0.015573,-0.790192,1.356732,0.516883,0.976034,-0.267588,0.654926,0,0,1,0
-0.318701,0.031353,0.443636,0.200293,-0.322108,-0.420529,-0.746516,0,1,0,1
-0.273077,-0.489984,0.846221,-0.780524,0.753754,-1.108790,0.236761,1,0,0,0
0.977591,0.475314,0.003631,-0.143352,-1.419455,-0.193777,0.195014,0,0,1,1
1.426218,0.519762,-0.059414,-0.830956,-0.861954,1.199330,1.407517,0,0,0,0
0.908180,0.768177,-0.855733,-1.316825,-0.193832,-0.647091,-0.079457,1,0,0,0
0.993586,0.446193,-0.960055,-1.553553,0.274869,0.499052,1.095131,0,0,0,0
0.922052,1.049865,-1.141611,-2.280766,-0.276035,0.083022,0.079721,1,0,0,1
0.879668,-0.009900,-0.048420,-1.195596,-0.275417,0.238165,0.722870,0,0,0,0
0.869764,1.026061,-0.322261,-1.243707,-0.840359,-0.231266,0.134568,0,0,1,0
0.588407,0.797771,0.550371,-0.811006,-1.262964,-0.789324,0.750153,0,0,0,0
0.895217,0.308055,0.052735,-0.485211,-1.789521,0.012113,-0.798147,1,0,1,0
1.008191,0.700240,0.241002,-0.449029,-0.171481,-0.211859,0.793285,0,0,0,0
1.157714,0.257404,-0.024219,-0.796486,-0.069282,0.078252,-0.751146,0,0,1,0
0.468098,0.321012,0.272986,-1.306271,0.508805,1.094739,1.331001,0,0,0,0
0.888469,0.823273,-0.463583,-0.853117,-0.685199,-0.051926,-0.353282,0,0,1,1
0.751398,0.576240,0.484045,-0.406324,-0.176005,0.357320,1.055495,0,0,0,0
1.205548,1.305286,0.237393,-0.739722,-1.515023,0.103194,0.245143,0,0,1,0
0.011563,-0.847423,1.059393,-0.506763,0.521043,-0.510541,0.303322,0,0,0,0
0.450763,-1.532475,0.719574,0.590667,-0.812779,-0.423454,-0.476383,0,0,1,1
1.086483,1.130497,0.641021,-0.129513,0.101541,0.048493,1.174193,0,0,0,0
0.988404,0.948288,-0.736148,-1.494640,-0.254617,0.006158,0.315283,0,0,0,1
0.794487,0.884807,-1.216241,-0.713758,0.369062,0.551800,1.166131,0,0,0,0
1.059402,1.240373,-0.688299,-1.426615,-0.203160,-0.003550,0.109637,1,0,0,1
0.933819,0.412106,-0.233250,-0.605957,0.549582,0.488688,0.508330,0,0,0,0
0.877979,0.887405,-1.053495,-1.466950,-0.038885,-0.121066,-0.059130,0,0,0,1
0.558484,0.827962,-0.034076,-0.988443,0.093872,-0.879081,0.670778,0,0,0,0
0.640950,0.879098,-0.801564,-1.481229,-0.632657,-0.493439,-0.240327,1,1,0,0
0.828407,0.199893,0.276465,-1.082098,-0.928661,-0.903162,0.748443,0,0,0,0
1.069219,0.859466,-0.984664,-1.436137,-0.641444,-0.113650,-0.557870,0,1,0,0
0.720540,0.610817,0.255029,-1.724844,-0.196517,0.178511,1.658494,0,0,0,0
0.715383,0.817080,-0.211992,-1.313682,-1.136870,-0.067691,-0.771969,0,0,1,1
0.432326,-0.922015,0.823460,-0.240225,0.453039,1.346127,0.429978,1,0,0,0
-0.089192,-0.487553,0.317849,-0.201000,1.048240,-0.720381,-1.505783,0,1,1,0
-0.569564,-0.016860,1.107168,-0.314442,0.945131,-0.836779,0.910755,0,0,0,1
0.799080,-1.169707,0.755969,0.487133,-1.074384,2.626310,-0.625586,1,1,0,0
1.299270,0.437683,-0.123506,-0.949303,-0.941898,-0.330758,1.048303,0,0,0,0
0.959618,1.237515,-1.406590,-1.096627,-0.622249,-0.576413,0.465424,0,0,0,1
0.974737,0.740014,-0.637241,-1.553624,0.981474,-0.659220,0.377169,0,0,0,0
0.691156,1.509601,-1.214160,-1.588300,-0.381640,-0.673818,0.438648,1,0,0,1
0.936100,-0.077468,0.240802,-0.873735,0.285637,0.914374,0.549289,0,0,0,0
1.086304,0.580252,-0.529071,-1.642610,-1.100224,-0.160209,-0.410411,0,1,0,0
0.704359,0.285593,-0.012541,0.418381,-3.206328,-0.525179,0.812716,0,0,0,0
0.704602,-1.088413,0.506225,0.203320,-0.986302,-0.742580,-1.196639,0,1,0,1
1.248417,0.684850,-0.713965,-0.312670,-0.463941,-0.162854,0.929185,0,0,0,0
1.014675,0.546587,-0.454085,-1.517832,-0.623793,0.052688,-0.024150,0,1,0,0
0.774752,0.647009,-0.717424,-1.479184,0.551240,-0.896964,0.486592,0,0,0,0
0.618537,1.416104,-0.477277,-1.443764,-0.478715,-0.584306,0.232569,1,1,0,0
1.155148,-0.058839,0.064399,-1.166283,-0.252217,2.769086,1.022467,0,0,0,0
0.938760,0.766728,0.212966,-1.894935,-1.105624,-0.004028,-0.401916,0,1,0,0
0.214432,-0.547231,1.200555,0.429982,-1.294416,-0.653339,0.703240,0,0,0,0
0.330041,-1.081687,0.667184,0.561039,-1.134563,-0.140005,-1.632711,1,1,0,0
1.149900,1.037140,0.415281,-0.502634,-1.043017,-0.408813,1.094085,0,0,0,0
1.115048,0.707321,-0.202104,-1.605687,-0.035419,-0.169204,0.467370,1,0,0,0
0.856007,0.920062,-0.618145,-1.921318,0.174069,-0.585585,0.257484,0,0,0,0
0.733055,1.396549,-0.784644,-1.565912,-0.080428,0.091638,-0.135832,1,0,0,1
0.925751,0.137808,0.611618,-0.648824,0.379592,2.302169,1.156956,0,0,0,0
0.900308,0.545119,-0.388405,-1.302213,-0.323829,-0.000755,-0.313023,1,0,0,0
0.688242,0.979992,-0.441369,-1.696814,-0.208759,0.185365,0.956476,0,0,0,0
0.777806,1.310413,-0.279003,-2.197175,-0.815569,0.074911,-0.308926,0,0,1,1
1.097135,0.267800,-0.069331,-0.771789,-0.345438,-0.703136,1.056651,0,0,0,0
0.450541,0.712122,-0.594619,-0.982065,-1.464987,-1.055889,-0.720451,0,0,1,0
0.144066,0.151628,0.608709,-1.347985,-0.004280,-1.297498,0.204474,0,0,0,0
-0.008499,1.082096,0.678716,-1.041522,-0.722799,-0.232841,-0.528755,1,1,0,0
0.479721,-0.614982,0.383855,0.098786,0.602751,3.978636,1.122883,0,0,0,1
0.098476,-0.199083,0.551530,-0.350234,-0.032772,-0.566893,-1.243314,0,1,1,0
-0.319098,-0.475157,1.181868,-0.818675,1.173749,1.006090,0.876992,1,0,0,0
0.808833,0.727554,0.627695,-0.305896,-0.592640,1.282283,-0.036620,0,0,1,1
1.392472,0.492784,-0.282801,-0.888839,-0.504548,0.369869,0.758691,0,0,0,0
1.263514,0.549313,-0.598550,-1.237971,-0.216906,-0.498315,0.161443,1,0,0,0
0.895492,0.957421,-1.150724,-1.429166,-0.752561,-0.311633,0.725981,0,0,0,0
1.067194,0.869407,-1.229242,-1.159262,-0.197870,-0.283296,-0.228635,1,0,0,1
1.170861,0.450053,-0.370832,-1.363438,0.103248,-1.099635,0.669825,0,0,0,0
1.162050,0.341756,-0.333684,-1.497917,-0.521100,0.265813,-0.182709,0,0,1,0
0.565368,0.424015,0.529350,-1.482010,-0.039774,0.632343,0.754057,0,0,0,0
-0.271038,0.163446,0.774819,-0.488303,-0.027855,-0.895407,-1.667796,1,1,0,0
1.285475,-0.064853,0.213627,-0.605478,-0.517522,1.270051,1.274773,0,0,0,0
1.205054,0.707555,-0.534746,-1.220958,-0.212350,-0.216306,-0.209953,0,0,0,1
0.886310,1.043842,-0.799043,-1.651674,-0.214234,-0.876862,0.949304,0,0,0,0
1.002970,0.919184,-1.050129,-1.204970,-0.041610,0.529409,-0.082286,1,0,0,1
1.025726,0.812226,-0.033267,-0.922188,-0.745477,-0.901053,0.581100,0,0,0,0
0.961961,0.670680,-0.221500,-1.284529,-1.236880,-0.375417,-0.360577,0,1,0,0
0.581541,1.400590,0.178380,-1.085217,-0.809534,0.759900,1.220046,0,0,0,0
0.515569,0.624792,0.061227,-0.834297,-1.321507,0.402746,-0.699739,1,0,0,1
1.448551,-0.022837,0.211681,-0.144292,0.302214,1.078144,0.868470,0,0,0,0
1.331832,0.670083,-0.298448,-0.871118,-0.141825,-0.378284,0.342431,0,0,0,1
0.728564,1.156661,-0.765426,-0.646585,-0.530142,-1.177550,1.143670,0,0,0,0
0.970556,0.847004,-0.540628,-0.286260,-0.050684,-0.134533,-0.073412,1,0,0,1
1.162476,0.316823,-0.530120,-0.197228,-0.069258,-0.606482,0.815231,0,0,0,0
1.093166,0.547995,-0.766597,-0.714639,-0.370060,-0.569356,-0.324668,1,0,0,0
0.641288,0.774313,1.060068,-0.185372,-0.433281,0.359337,1.255846,0,0,0,0
0.329636,-0.477830,1.305768,0.625736,-1.323442,0.360359,-0.858586,0,0,1,1
1.379037,0.332619,-0.454915,-0.968015,-0.016200,1.848444,1.281420,0,0,0,0
0.657185,0.976054,-0.881217,-0.977981,-0.458003,-0.682140,0.080802,0,1,0,0
0.660466,0.844809,-0.405889,-1.221539,0.191919,-0.827922,0.780206,0,0,0,0
0.745081,1.832473,-1.194019,-0.795628,-0.699275,-0.702838,-0.046008,1,1,0,0
1.153873,0.084196,-0.280019,-1.033461,-0.102248,-0.318403,0.554397,0,0,0,0
1.128782,0.695224,-0.306300,-0.972377,-0.599470,-0.328575,0.203689,0,0,1,0
0.252557,0.688832,0.153327,-0.812464,0.543661,-1.309196,-0.110406,0,0,0,0
0.845724,-1.403463,0.196194,0.480554,-0.028557,-0.331040,-1.078800,0,0,1,1
1.235745,0.717958,-0.579555,-0.014535,-0.355148,0.688485,1.130522,1,1,0,0
0.959797,1.133503,-1.149327,-0.772773,-0.791105,-0.846659,0.140609,0,0,1,1
0.396123,1.440265,-1.140152,-0.359062,0.417591,-0.656196,0.801632,0,1,0,0
0.494097,1.521212,-0.998312,-0.233813,0.298311,0.159574,0.588586,1,0,0,1
0.394763,1.453332,-1.459793,-0.311885,-0.476380,-0.789925,0.672747,0,1,1,0
0.747416,1.935375,-1.275988,-0.306108,-1.276840,-0.244893,0.413814,1,0,0,1
0.304493,2.530014,-1.161631,-0.092449,-1.000966,-0.758939,0.642606,0,0,1,0
-0.153355,1.233129,-0.444040,0.743143,-1.892211,-0.372378,-0.915192,1,1,0,0
1.015128,1.223749,-0.744415,-0.726843,-1.603745,2.499887,1.048367,0,0,1,1
0.745237,2.076731,-2.089382,-0.024960,-1.206506,-1.038095,0.119311,1,1,0,0
0.499210,2.042660,-1.289882,0.595162,-0.583086,-0.168553,0.997525,0,0,1,1
0.822595,1.094659,-1.692948,0.132512,-1.939955,-1.432853,-0.019264,1,1,0,0
0.149373,2.164752,-1.480491,-0.398064,-0.525557,-0.941391,1.616859,0,0,1,1
0.200507,2.730646,-1.183476,-0.551958,-1.153942,0.486189,0.160274,1,1,0,0
0.077429,2.123163,-1.347775,-0.738878,-0.048899,-1.050478,0.445881,0,0,1,0
0.057409,1.954623,-0.491546,-0.346450,-0.851006,1.341899,-0.505792,1,1,0,1
0.193386,-0.908716,-0.363717,2.802926,-1.268584,2.901223,1.245383,0,0,1,0
0.204522,-1.325447,-0.395236,1.624840,-2.157998,-0.347449,-1.026466,0,0,0,1
0.166985,-2.190224,0.978472,1.206964,-0.718319,0.598578,-1.196383,0,1,0,0
0.179466,-1.184800,1.008076,-0.375523,0.178392,0.151514,-0.995743,1,0,0,1
1.162591,-0.168937,0.798432,-0.265988,-0.796601,-0.221327,1.256519,0,0,1,0
0.782540,0.031031,-0.027367,0.186396,-0.358218,-0.087085,0.190917,0,1,0,0
0.846056,-0.678131,-0.082516,-0.704808,0.144883,0.130260,-0.682337,1,0,0,0
0.298241,-0.934527,0.841538,-1.073650,-0.053100,-0.461049,-1.334328,0,0,1,1
0.455587,-0.511247,1.440447,0.607752,0.265356,0.960579,2.122773,1,0,0,0
0.505217,0.256090,0.033853,0.995192,0.664627,0.535656,-0.449193,0,1,0,0
0.870616,-0.129911,0.576046,-0.048072,0.608195,0.781598,-0.417782,0,0,1,0
-0.010882,0.496571,1.353603,-0.519325,0.642223,-0.638567,0.086005,1,0,0,1
0.738243,0.419664,0.301637,-0.187066,-0.782102,0.362783,1.446219,0,1,0,0
-0.112820,0.782693,0.235959,-0.016485,-1.345027,-0.763270,0.201627,0,0,0,1
0.540085,0.180328,1.116790,-0.779891,-0.619946,0.726648,-0.270711,0,0,1,0
-0.324425,0.037362,1.810689,-0.691830,0.798015,-0.684126,0.023212,1,1,0,0
0.164262,0.550600,0.353327,-0.378487,-0.238573,-1.242819,0.438810,0,0,0,1
0.390697,0.419918,0.341067,-0.373691,-0.439135,-0.682739,-0.518556,0,1,0,0
0.567804,-0.910836,1.075395,-0.702680,0.254743,1.552036,-1.571113,0,0,1,0
-0.084915,-0.496498,1.055603,-1.134779,0.265454,-0.194661,-1.770879,1,0,0,1
0.621137,-0.086549,0.858926,0.294439,-0.366196,0.383911,1.355895,0,1,0,0
0.302915,0.116790,0.596408,0.192387,-0.304473,-0.143545,-0.225228,0,0,1,0
0.832190,-0.311319,0.713527,-0.945754,-1.265927,1.138576,-1.303219,1,0,0,0
-0.122504,0.985068,0.332850,0.099510,0.250914,-0.804347,-0.777617,0,0,1,1
0.748159,0.320879,0.136630,-0.911883,-0.178272,-0.469785,0.839460,0,1,0,0
0.162771,1.034230,-0.751609,-0.998867,-0.338773,-0.765138,-0.771074,1,0,0,0
0.987665,0.106594,0.598060,-1.158603,-0.408698,1.035304,-0.644761,0,0,1,0
0.068276,0.644761,1.148601,-0.658540,0.410476,-0.716589,-0.897664,1,0,0,1
0.862418,0.138507,0.432423,-0.677077,-0.509568,1.005549,0.817205,0,0,1,0
0.059774,1.063336,0.475103,-0.477002,-1.906723,-0.530057,0.108724,0,1,0,0
0.835528,0.108527,0.717875,-0.819944,-0.340560,0.351944,-0.856985,1,0,0,0
-0.162902,0.206296,1.040330,-0.060106,0.411750,-0.928534,-0.640888,0,0,1,1
-0.145970,0.031120,0.919632,0.560017,1.791980,-1.234656,0.772901,1,0,0,0
0.024730,0.103937,-0.615369,0.609933,0.863650,-0.162048,-0.978675,0,1,0,0
0.566575,-1.627471,0.742866,-0.418180,1.679499,1.578863,-1.125109,0,0,1,0
0.329954,-0.384555,0.520395,0.086345,1.490556,-0.022609,-0.762297,1,0,0,1
0.667974,-0.754781,0.967307,0.489992,0.201726,0.724837,1.070470,0,1,0,0
0.246629,-0.045107,0.491370,0.002012,0.510934,-0.597430,-0.756787,0,0,0,1
0.598239,-0.252921,0.547367,-0.789746,-0.153627,0.472336,-1.504457,0,1,0,0
0.947566,-0.727377,1.102908,-0.558499,-0.798056,0.333259,-0.900966,1,0,1,0
0.588985,0.076738,-0.248090,0.229319,1.207525,-0.415202,0.931444,0,0,0,1
0.459680,0.198177,-0.390513,0.237019,2.269496,0.221080,-0.601669,0,1,0,0
0.852689,-0.248029,0.108552,-0.783359,1.141083,0.390674,-0.546985,1,0,0,0
0.701626,0.123952,-0.290925,-0.627650,0.692301,-0.757378,-1.095677,0,0,1,1
0.667007,0.736805,-0.255341,0.407790,0.134545,1.391903,0.869631,1,0,0,0
0.339524,0.348006,-0.138108,0.518983,0.317690,0.389725,-0.527581,0,1,0,0
0.664069,0.068963,0.546093,-0.522876,0.887173,0.942497,-0.894457,0,0,1,0
0.285161,-0.224982,1.654493,-0.172193,0.584602,-0.801120,-0.848140,1,0,0,1
0.383412,0.026025,-0.182548,0.091934,1.190735,-0.780767,0.792752,0,1,0,0
0.237576,0.692570,-0.514828,-0.778354,-0.297166,-0.832895,-0.569883,0,0,0,1
0.992025,0.370158,0.667844,-1.375111,-0.767172,0.196779,-0.682858,0,0,1,0
0.556903,0.701303,-0.189927,-0.994897,-0.798064,-0.207741,-0.345529,1,1,0,0
0.739946,0.058531,0.254008,-0.246333,-0.655253,0.904527,0.978891,0,0,0,1
0.374219,0.642057,-0.090406,-0.071906,-1.086373,-0.072361,-0.279841,0,1,0,0
0.932179,-0.273481,0.439201,-1.078954,-1.444651,0.927563,-0.394660,0,0,1,0
0.274613,1.522020,-0.973466,-1.342026,-1.781418,-0.417351,-0.521996,1,0,0,1
0.568722,0.380238,0.067560,-1.065929,0.870860,-0.415194,1.403775,0,1,0,0
0.199250,1.121335,-0.245082,-0.566069,-0.617540,-0.766480,-0.908001,0,0,1,0
0.488394,-0.420505,0.448050,-1.125286,0.078911,0.501428,-1.246526,1,0,0,0
0.610310,0.567575,0.702397,-1.413176,-0.407870,-0.648516,-0.492347,0,1,0,1
0.470245,0.605343,0.136577,-0.215900,-0.789881,1.811977,0.958661,0,0,0,0
0.155262,1.091074,0.193555,-0.614502,-0.887105,-0.979587,-0.529633,0,1,1,1
0.252961,1.148982,-0.162855,1.116585,0.037563,0.430642,-0.271797,0,0,0,0
1.093772,0.219368,0.769097,1.318558,-2.313716,0.565166,-0.725120,1,1,0,1
0.966758,0.417941,-1.353795,1.757082,-1.432583,-0.465305,1.253285,0,0,1,0
0.993032,-0.016929,-1.012694,1.333621,-1.007520,-0.354782,0.968428,1,1,0,0
1.306049,-0.382754,0.369026,0.415218,0.060287,-0.682502,0.459781,0,0,0,1
1.064697,-0.279545,-0.389223,0.673744,-0.102562,-0.623818,0.749970,1,1,1,0
0.976725,-0.009183,0.415284,0.222994,0.627236,1.079559,1.019448,0,0,0,1
0.911629,0.233145,-0.794351,0.554406,-0.742632,-0.796657,0.547717,0,1,1,0
1.250759,-0.102748,0.364082,-0.278352,0.272958,0.705715,0.726724,1,0,0,0
1.124822,0.442514,-0.018223,-0.146999,-0.407858,-0.635559,0.277426,0,1,1,1
0.167021,-1.540544,0.464744,0.115724,0.903535,-0.704228,0.627083,1,0,0,0
-0.339261,-1.258954,1.129594,0.363123,0.938790,0.396574,0.977603,0,0,1,1
-0.171605,-1.148229,1.385788,0.694682,0.506075,-1.206973,0.558270,0,1,0,0
0.271417,0.065785,1.335814,0.372851,1.415038,0.392429,1.471732,1,0,0,1
1.227386,0.438164,0.384116,0.228218,-0.221261,-0.143574,0.625869,0,1,1,0
0.205599,0.145866,1.158127,0.157251,0.399759,-0.176387,0.586891,1,0,0,1
1.451109,0.442525,0.248087,-0.392419,-0.108913,3.382657,1.214692,0,0,1,0
0.420200,0.170475,0.251341,0.492704,-0.595125,-0.889097,1.074760,1,1,0,1
0.994048,0.637661,0.729726,-1.138544,-1.007362,0.643632,1.054614,0,0,1,0
0.744575,0.621941,0.339957,-1.358671,-0.988760,0.466400,0.933699,1,1,0,0
1.006221,0.448728,0.250626,-1.083152,0.327717,-0.873567,1.010968,0,0,0,1
0.668121,0.511790,0.262112,-0.939841,-0.113062,-0.483668,1.116167,1,1,1,0
1.089194,0.472253,-0.017462,-1.185088,-0.437878,-0.331751,0.640528,0,0,0,1
0.895812,0.860700,0.378768,-1.604421,-1.732869,-0.722446,0.737946,0,1,1,0
0.785367,0.125308,1.338330,-1.039824,-0.503636,1.715033,0.991760,1,0,0,0
0.552885,0.366115,0.083640,-0.743635,-0.102337,-0.908994,0.823582,0,1,1,1
1.182024,0.647232,-0.635598,1.203722,-2.151244,0.341034,0.861480,1,0,0,0
1.161708,-0.095854,-0.431000,0.249917,-1.476212,-0.956284,0.664661,0,0,1,1
1.281267,0.396373,-0.069575,-0.317427,0.281724,-0.235485,1.052705,0,1,0,0
1.049474,0.591445,-0.596101,-0.532398,-0.448119,-0.294990,0.818587,1,0,1,1
1.298084,0.094639,-0.199451,-0.849558,-0.307192,-0.968936,0.669853,0,1,0,0
0.815712,0.757146,0.666077,-0.518520,-0.863919,-0.759075,1.135654,1,0,0,1
0.628172,-0.270102,0.929232,-0.163322,0.381508,1.861599,0.786889,0,0,1,0
0.766270,-1.992386,1.646980,0.009018,-1.187503,-0.031274,0.440068,0,1,0,1
1.601216,0.763995,-1.095025,0.286190,-1.891245,0.922109,1.206189,0,0,0,0
0.957382,0.760099,-1.177897,0.300581,-1.563891,-0.874883,0.175728,0,1,0,0
1.386523,-0.286349,0.153963,-0.341305,-0.293939,-0.236737,0.835782,0,0,0,0
1.093325,0.230333,-1.098504,-0.240060,-1.082851,0.367845,0.691952,1,1,0,0
1.309481,0.241581,0.299845,-1.017569,-0.944286,-0.850431,1.227695,0,0,0,0
0.901574,0.821834,-0.699737,0.218771,-1.367693,-0.663597,1.275876,0,0,1,0
1.238898,0.229645,-0.239614,-1.192354,-0.761824,-1.156384,0.534265,0,0,0,0
0.817939,0.994172,-0.770973,-0.800964,-1.151036,-0.525642,0.669834,0,0,1,1
1.086119,0.041881,0.070538,-1.169531,-0.292992,0.753882,0.905558,0,0,0,0
0.983965,0.749435,0.419848,-1.386327,-0.416684,-0.524079,0.400388,0,1,0,0
0.120989,-0.846319,0.550012,-0.190606,0.704714,-0.164862,0.681054,0,0,0,0
-0.042078,-0.704926,1.176485,0.216780,0.504424,0.572251,0.773169,1,1,0,0
0.674510,-0.547709,0.968636,0.307980,-0.573240,-0.650560,0.966879,0,0,1,0
0.835135,0.229003,0.565567,-0.389205,0.520234,-0.167891,1.108135,1,0,0,1
0.629270,-0.631085,0.625637,0.420925,0.309761,-0.695447,0.297822,0,1,0,0
0.061709,-1.155221,-0.059345,0.305405,-0.893530,-0.637713,0.496445,0,0,1,1
1.802417,0.105828,-0.295513,0.456819,-0.717524,1.621731,1.361047,1,1,0,0
1.291013,0.133814,-0.070052,-0.413935,-1.668998,-0.320908,0.312374,0,0,1,1
0.993294,-0.182278,-0.060837,-0.358350,0.452387,0.249588,0.719839,1,1,0,0
1.108297,0.374537,-0.614128,-0.200323,-0.201801,0.656672,0.978216,0,0,1,1
1.188980,0.089522,-0.811513,-0.962176,-0.034030,-0.857733,0.888151,1,1,0,0
1.035852,0.645969,-0.402475,-0.058537,-0.286580,0.180941,1.188894,0,0,1,1
0.802008,0.402702,-0.103062,0.025648,-1.349505,-1.144754,0.492815,1,1,0,0
0.942891,0.214384,-0.173236,0.411021,-1.644407,-0.623338,0.821004,0,0,1,1
1.359235,-0.232978,0.692273,0.301495,0.302985,1.730459,1.632124,1,1,0,0
1.372195,-0.675070,0.277851,-0.308430,-0.259549,-0.527639,0.503007,0,0,1,1
1.325322,-0.043838,0.822214,-0.112078,0.151732,0.412959,1.511689,1,1,0,0
1.513965,-0.444080,-0.167037,-0.296686,-0.583556,-0.604368,1.027333,0,0,1,1
1.604371,-0.767134,0.034795,0.537750,-0.565392,-0.457139,1.109017,1,1,0,0
1.664082,-0.352653,-0.091319,0.230486,-1.226534,0.200981,0.998534,0,0,1,1
1.767758,-1.388316,0.773584,0.439401,-0.960100,-0.198569,0.864837,0,1,0,0
1.674487,-0.845727,0.303220,0.779831,-0.962207,-0.229366,1.106962,1,0,1,1
0.319078,0.114694,-1.605123,1.136709,0.117411,-0.816005,1.232684,0,0,0,0
0.838155,-1.081771,-1.748037,1.729964,-0.888812,-0.112710,0.072014,0,0,0,0
1.010654,-1.480087,-1.161870,1.584944,-1.386198,0.369181,-0.926170,0,0,0,0
1.265774,-1.289078,-0.721054,1.242654,-1.312474,-0.519786,0.056686,0,0,0,0
0.960665,-1.158839,-1.078735,0.875806,-0.430451,-0.775998,-0.086983,0,0,0,0
0.923618,-1.163744,-1.399238,1.954497,-1.324085,-0.090542,-0.639165,0,0,0,0
1.194022,-0.614607,-1.181791,0.990092,-0.817827,-0.046331,0.249568,0,0,0,0
1.074502,-0.014892,-1.374033,0.945953,-1.449519,0.028892,-0.199587,0,1,0,0
0.660970,-0.072416,-2.042320,1.272418,-0.918732,-0.536356,0.272362,0,0,0,0
0.493899,-0.075679,-2.049170,1.208128,-0.558542,-0.681569,-0.532639,0,0,0,0
0.569127,-0.226970,-2.098053,1.349674,-0.600767,-0.762540,-0.039918,0,0,0,0
0.425800,0.165876,-2.239949,0.945951,-1.271866,0.253796,-0.304382,0,0,1,0
0.325333,0.262381,-2.314333,1.386875,-0.528174,0.158251,-0.585310,0,0,0,0
0.056186,0.131595,-2.649219,1.382351,-0.556587,-0.634447,0.072299,0,0,0,0
-0.281698,0.258774,-2.243903,1.186683,-0.288144,-0.140666,-0.330307,0,0,0,0
0.381741,0.959350,-2.597758,1.119841,-0.887202,0.012632,0.009206,0,0,0,1
0.901066,-1.460474,-0.625641,-0.354799,0.809288,0.378914,-0.017133,0,0,0,0
0.931185,-1.001245,-0.861095,-0.249547,1.227342,-0.597857,-0.167434,0,0,0,0
0.744072,-0.324425,-0.880122,-0.680331,0.551231,-0.839003,-0.106392,0,0,0,0
0.463811,0.044249,-0.528728,0.182939,0.848067,0.229955,0.077024,1,1,0,0
-0.551005,0.901664,-1.192099,0.880613,0.625349,-0.166081,1.281737,0,0,0,0
-0.193924,0.377010,-1.451348,0.610454,0.837174,-0.238860,-0.343627,0,0,0,0
-0.128760,1.024372,-1.823498,0.750431,1.082182,-0.187270,0.088614,0,0,0,0
0.330427,0.682973,-1.012046,0.452432,1.052109,0.064105,0.053923,0,0,0,1
0.414115,1.279639,-2.001732,1.601276,0.579385,-0.997230,0.539391,0,0,0,0
-0.615960,0.899551,-1.452102,0.455997,1.635945,-0.170834,-0.195531,0,0,0,0
-0.658523,1.236100,-2.041084,0.907462,1.020741,-0.493529,0.087769,0,0,0,0
-0.221131,1.258218,-2.430658,0.479068,1.309611,0.805750,-0.077287,0,0,1,0
-0.006704,1.266188,-2.654028,1.906675,0.288216,1.156956,0.581768,0,0,0,0
-0.823740,1.343115,-2.572658,1.036414,1.206038,-0.017973,0.206768,0,0,0,0
-0.871320,1.515447,-2.493320,1.184343,1.478482,-0.471697,0.315248,0,0,0,0
-0.593969,1.865787,-2.778964,0.737526,-0.102069,-0.353175,0.178020,1,1,1,1
0.643849,-0.831066,-1.489841,2.085412,-1.356052,-0.391092,1.135832,0,0,0,0
0.861840,-1.314788,-1.492671,1.158325,-2.046311,-0.087068,-1.174375,0,0,0,0
0.609409,-0.441559,-1.337526,1.517407,-1.302475,-0.533168,-0.562928,0,0,0,0
0.406645,0.404552,-1.139079,0.723073,-0.340834,0.138860,-1.127541,0,0,0,0
0.358825,1.113972,-1.425376,1.052365,-0.348515,-0.260665,-0.350310,0,0,0,0
0.470833,0.247560,-1.604641,1.587272,-0.527650,-0.694938,-0.860870,0,0,0,0
0.311791,0.844599,-2.064952,1.115406,-0.081393,-0.417028,-0.872866,0,0,0,0
0.242464,1.332767,-1.999007,1.303762,-0.655809,-0.376289,-0.472752,0,1,0,0
-0.242372,1.431077,-2.607336,1.584165,0.519012,-0.424724,-0.790532,0,0,0,0
-0.457838,1.743681,-2.658171,1.588801,1.210787,-0.849256,-0.805148,0,0,0,0
-0.494717,2.146327,-2.951713,0.614048,1.534619,-0.893507,-0.367629,0,0,0,0
-0.437630,2.256792,-2.837591,0.720132,0.357396,-0.530179,-0.939874,0,0,1,0
-0.558603,1.820517,-3.101192,1.298679,1.670394,0.082718,-0.603643,0,0,0,0
-0.636167,1.857218,-2.587268,1.421091,1.287251,-0.379203,-0.730719,0,0,0,0
-0.623056,2.222122,-2.830402,1.251762,1.645295,-0.774099,-0.737266,0,0,0,0
-0.464135,2.949697,-3.034598,0.977638,0.924192,0.202526,-0.543654,1,0,0,1
-0.201930,0.436472,-2.055434,2.139829,-0.005585,-1.050448,-0.511215,0,0,0,0
-0.308953,1.538541,-2.712852,1.169380,-0.165925,-0.390053,0.507251,1,0,0,1
-0.054709,0.941470,-1.950099,1.353178,-1.323327,-0.598760,-0.725650,0,0,0,0
-0.403522,1.545255,-2.337396,1.748672,-0.106286,-0.853076,-0.957455,0,1,1,0
-0.775122,2.274584,-2.214744,1.416187,0.753179,2.148301,-0.506220,0,0,0,0
-0.746898,2.304631,-2.842030,0.652627,0.916128,-0.812674,-0.421663,0,0,0,0
-0.811074,2.788854,-2.706073,0.937495,0.365051,-0.303048,-1.383753,0,0,0,0
-0.929414,2.657237,-2.850701,0.959204,1.770603,-0.580018,-0.089424,1,0,0,1
-0.191603,0.768150,-1.799548,1.766276,-0.701467,-0.720922,-0.954227,0,0,0,0
-0.386188,1.262873,-2.181874,1.571262,-0.044597,-0.761088,-0.108575,1,0,0,1
-0.143027,0.942191,-2.063941,1.603520,-0.343836,-1.227626,-0.163152,0,0,0,0
-0.628891,1.699730,-1.760883,1.657672,-0.042407,-0.461446,-0.847528,0,1,1,0
-0.946563,2.331509,-2.012401,1.538178,1.008350,3.472041,0.489264,0,0,0,0
-1.178202,2.762288,-2.214949,1.353828,1.671900,-0.412963,-0.667782,0,0,0,0
-1.122274,3.121155,-2.456606,0.723820,1.082372,-0.186378,-0.585355,0,0,0,0
-0.829747,3.031776,-3.785428,0.123681,1.853332,0.696361,-0.563074,1,1,1,1
0.552876,-0.477218,-1.665966,1.938626,-1.019960,0.069648,1.246183,0,0,0,0
0.902260,-0.978543,-1.354978,0.822656,-0.953528,0.207586,-0.657937,0,0,0,0
1.128393,-1.258594,-1.018319,0.743131,-0.713141,-0.147957,-0.731620,0,0,0,0
1.116483,-0.590731,-0.830003,1.332631,-1.411748,0.026685,-0.720998,0,0,0,0
0.839865,-0.227356,-0.933558,1.108130,-0.833356,-0.531993,-0.408128,0,0,0,0
0.727221,-0.534936,-0.379362,0.915606,0.049537,-0.201884,-0.575736,0,0,0,0
0.646449,-0.323869,-0.628555,1.419698,-0.082000,-0.188583,-0.540171,0,0,0,0
0.621057,0.646807,-1.374318,1.350584,-0.360709,-0.341528,-0.697004,0,1,0,0
0.487974,-0.101867,-1.934912,0.632201,-0.346527,-0.146562,-0.800465,0,0,0,0
0.250399,0.710972,-1.520332,1.030496,-0.597702,-0.153824,-0.589429,0,0,0,0
0.350738,0.230038,-2.218277,0.889462,-0.395188,-0.377188,-0.510744,0,0,0,0
0.282695,0.470741,-2.669003,0.529283,-0.365207,-0.583152,-0.810205,0,0,1,0
0.195737,0.972812,-2.454266,0.959453,0.375082,0.285015,-0.715936,0,0,0,0
-0.117310,0.848291,-2.042063,1.010497,0.342900,-0.897504,-0.866232,0,0,0,0
0.105297,0.862775,-2.574242,0.884097,0.025790,-0.309109,-0.660574,0,0,0,0
0.051778,1.718255,-2.238575,1.222454,0.012019,-0.142258,-0.641941,0,0,1,1
0.131619,0.711830,-2.404517,1.484939,-0.171000,0.031129,-0.212021,0,0,0,0
0.100956,1.605284,-2.249967,1.240873,-0.871009,-0.696891,-0.908958,0,0,0,0
0.349659,1.935558,-2.109034,1.225545,-0.921512,-0.682139,0.184113,0,0,0,0
0.142660,0.496475,-1.974540,1.931160,-0.693525,-0.807181,-1.317404,1,0,0,0
-0.368685,1.770280,-1.830038,1.371625,0.152637,-0.534389,-0.885343,0,0,0,0
0.674556,0.625880,-0.815329,2.139571,-1.060233,0.397994,-0.186569,0,0,0,0
0.190495,1.028883,-2.031388,2.012660,-0.366679,-0.094475,-0.847422,0,0,0,0
-0.066765,2.569372,-2.467498,0.810116,-0.136660,-0.449755,-0.811661,1,0,0,0
-0.552067,2.308597,-2.678885,0.777282,0.960672,0.723468,-0.409684,0,0,0,0
-0.852789,2.523001,-2.663174,0.685686,1.686385,-0.923529,-1.068742,0,0,0,0
-0.287726,2.357836,-2.566575,1.412195,0.664573,-0.757595,-0.683831,0,1,0,0
-0.695052,2.399934,-3.163197,0.938719,1.353578,-1.472973,-0.338611,0,0,0,0
-1.141591,1.944677,-3.268244,0.965829,2.112290,-0.216653,-0.859051,0,0,0,0
0.274048,1.447893,-2.632619,2.183780,-0.340827,0.132025,-0.283993,0,0,0,0
-0.949348,2.483722,-2.813056,0.839325,2.208480,-0.490063,0.202619,0,0,0,0
-0.473063,2.956631,-3.590681,0.346900,1.078991,-0.061688,-0.724365,1,1,1,1
0.699742,-0.895862,-1.224615,1.761877,-1.989014,1.316574,1.593718,0,0,0,0
0.887357,-1.313627,-1.476189,0.374197,-1.570458,0.254511,-0.493831,0,0,0,0
0.790100,-0.076066,-1.610680,1.706091,-1.215239,-0.608776,-0.247381,0,0,0,0
0.367908,0.295756,-1.671205,0.999755,-0.478786,-0.836343,-0.956560,0,0,0,0
0.695028,0.303161,-1.147672,1.232386,-0.629223,0.014710,-1.030612,0,0,0,0
0.363588,0.040581,-1.058911,1.952181,-0.393826,-0.363342,-0.519502,0,0,0,0
0.079690,0.573548,-1.152711,1.651820,0.026198,-0.565717,0.021090,0,0,0,0
0.439405,1.202114,-2.009540,1.372177,-0.046972,-0.402300,-0.286793,0,0,0,1
-0.180271,1.271286,-2.548728,1.582164,0.067449,-1.029012,-0.730968,0,0,0,0
-0.217333,1.822018,-2.856049,1.005094,0.363637,-0.615430,-0.615895,0,0,0,0
-0.444233,1.775247,-2.688908,1.284130,0.899740,-0.847857,-0.462439,0,0,0,0
-0.320891,1.625712,-2.684436,1.390027,1.333239,-0.592001,-0.388871,0,0,1,0
-0.468489,1.882113,-2.565629,1.074932,1.229061,0.008188,0.037868,0,0,0,0
-0.214997,2.075316,-2.815811,0.804600,0.013972,-0.621904,-0.760334,0,0,0,0
-0.638645,2.269355,-2.399792,1.339342,1.351957,-0.526060,-0.324200,0,0,0,0
-0.641503,2.430206,-2.927170,0.716763,0.949400,-1.181991,-0.397233,0,1,0,0
-0.640515,2.640582,-3.248368,0.954252,1.802366,-0.305215,-0.258286,0,0,0,0
-0.793134,2.374963,-3.473516,0.317114,1.294039,-0.588226,-0.653099,0,0,0,0
-0.875799,2.602642,-3.176114,0.198872,1.347575,-0.364020,-0.914736,0,0,0,0
-0.985007,3.039153,-2.864322,0.481171,1.683838,-0.985952,-1.083954,0,0,0,0
-0.848403,2.745850,-3.345065,0.479663,1.601037,-0.481150,-1.361231,0,0,0,0
-1.114061,2.486480,-3.150841,0.968160,1.870149,-0.556527,-0.700597,0,0,0,0
-1.103154,2.650666,-3.320880,0.643130,2.260260,-0.891819,-0.854733,0,0,0,0
-1.027762,3.060393,-2.992741,0.685635,2.173947,-0.165232,-0.853687,0,0,1,1
-0.023352,0.940755,-2.071754,1.811242,-0.529312,2.887730,-0.746870,1,1,0,0
0.054576,1.156176,-1.895299,2.056345,-0.032287,-0.590794,-0.139660,0,0,1,1
-0.059364,0.954740,-2.157192,1.798652,-0.507317,0.046831,-0.477227,1,1,0,0
0.009976,0.847806,-1.646409,2.215276,-0.638528,-0.452186,-0.489631,0,0,1,1
-0.309449,1.369911,-2.403987,1.712297,0.259169,-0.205312,-0.390593,1,1,0,0
-0.658428,2.255926,-2.443126,1.630562,1.334430,1.090474,-0.947340,0,0,1,1
-1.067756,2.205150,-3.326056,0.625267,1.503914,-0.346498,-0.706560,0,1,0,0
-0.835728,2.839515,-3.046290,0.707347,1.473023,1.502738,-0.834623,1,0,1,1
0.348549,-0.520932,-1.515867,1.357206,-0.606109,-0.851754,1.416940,0,0,0,0
0.672944,-0.755797,-1.690999,1.473101,-0.743933,-0.780428,-0.440507,0,0,0,0
0.751263,-0.941705,-1.070252,1.754194,-0.559197,-0.173909,-0.723160,0,0,0,0
0.538947,-0.281853,-1.088053,1.179348,-0.896915,-0.039772,0.123231,0,0,0,1
0.445617,-1.634555,0.257059,0.096621,1.584034,0.283584,1.480728,0,0,0,0
0.476941,-0.856031,-0.364007,0.625127,0.219878,0.589775,-1.201505,0,0,0,0
1.067794,-0.943981,-0.128913,-0.014411,0.682456,0.605522,-0.037476,0,0,0,0
0.765284,0.355801,-1.054086,0.258686,-0.197806,0.389486,-0.049703,0,1,0,1
0.044260,0.019013,-1.007988,0.340600,1.025297,-0.967593,1.076867,0,0,0,0
0.157186,0.402662,-1.883076,0.869559,0.325242,-0.113100,-0.440299,0,0,0,0
0.091583,0.327721,-1.711792,0.891521,0.564975,-0.501388,-0.210955,0,0,0,0
0.158598,0.718362,-1.809289,0.225750,0.530154,0.357960,-0.211926,0,0,1,1
0.154635,-0.934673,0.081565,-0.055613,1.582499,0.734273,1.311500,0,0,0,0
0.299999,-0.388888,-1.007370,-0.052915,1.003981,0.050047,0.405878,0,0,0,0
-0.019389,-0.547440,-0.943279,0.275169,1.144980,-0.216983,-0.494159,0,0,0,0
0.593711,0.261416,-1.227312,-0.515849,0.715943,-0.053530,-0.218823,1,0,0,1
-0.655306,0.758268,-1.934158,0.001662,0.754378,-1.077149,0.457147,0,0,0,0
-0.025468,0.704098,-1.732897,-0.108992,1.819485,-0.263994,-0.465719,0,0,0,0
-0.062942,1.248292,-1.613352,-0.508791,1.826145,-0.339417,-0.311387,0,0,0,0
-0.187720,1.417449,-1.538426,0.396123,1.429660,-0.585464,-0.088323,1,0,0,0
-0.104558,-0.530170,0.360270,-0.324630,1.610935,0.974854,1.229868,0,0,0,0
0.275647,-0.574258,-0.294756,-0.281520,1.644233,0.387043,-0.413697,0,0,0,0
0.392645,-0.335848,-0.547141,0.064069,1.600139,-0.357326,0.182885,0,0,0,0
0.344682,0.477847,-0.869539,0.038368,1.220958,-0.142286,-0.094119,1,0,0,1
-0.504921,0.377351,-0.829873,0.015799,2.385314,-1.298741,1.252610,0,0,0,0
-0.362733,0.555231,-0.750113,0.137937,2.116707,0.239176,-0.534044,0,0,0,0
-0.338213,0.872762,-1.004441,0.226032,1.757789,-0.106719,-0.058049,0,0,0,0
-0.211864,1.065902,-1.960079,0.113306,1.795778,0.168243,0.105721,1,0,1,0
-0.715522,0.655700,-1.776116,1.826561,1.617320,1.281183,1.060699,0,0,0,0
-0.432541,0.747176,-2.029313,0.996948,0.722079,0.283718,-0.601525,1,0,1,0
-0.239945,0.666306,-2.028356,1.690639,-0.110007,-0.496725,0.050557,0,0,0,0
-0.304149,1.601916,-2.322293,1.146444,-0.443542,-0.126663,-0.136293,1,1,1,1
0.676203,-0.737518,-1.364640,1.945949,-1.057303,0.017558,1.039174,0,0,0,0
0.963881,-0.627101,-1.556817,0.673862,-1.576459,0.133740,-0.571489,0,0,0,0
0.863697,-0.668774,-0.948298,0.784494,-0.525552,-0.529328,-0.746885,0,0,0,0
0.424241,0.572525,-1.660935,0.887405,-0.606590,-0.382942,-1.004708,0,0,0,1
0.388264,-0.264490,0.101091,0.457391,0.720886,1.450378,1.881427,0,0,0,0
0.646989,-0.540285,-0.528133,0.295614,0.802220,0.471364,-0.934329,0,0,0,0
0.655135,-0.356278,-1.117694,0.193233,0.984778,-0.738289,-0.835999,0,0,0,0
0.727791,0.303343,-0.740153,0.049362,0.663762,-0.187135,-0.836231,0,1,0,1
-0.505324,0.459394,-0.931958,0.360688,1.472315,-0.980205,1.070483,0,0,0,0
-0.175637,0.716681,-1.248385,0.529693,1.735776,0.207518,-0.734663,0,0,0,0
0.008967,0.546384,-1.592050,-0.102740,1.831374,-0.994485,-0.746631,0,0,0,0
0.024846,1.092189,-1.467077,0.070573,0.881075,-0.711218,-0.996320,0,0,1,1
0.038541,-1.326576,0.368817,-0.065286,2.304584,2.810061,1.906318,0,0,0,0
0.267710,-0.897153,-0.107793,-0.024944,1.848527,0.607224,-0.930569,0,0,0,0
0.550028,-0.893643,-0.089817,0.382737,1.160327,-0.263913,-0.772853,0,0,0,0
0.597720,0.522852,-0.613327,-0.280239,1.041877,0.329932,-0.579337,1,0,0,1
-0.390189,0.477344,-1.446928,0.044500,2.196132,-0.683945,1.205216,0,0,0,0
-0.064969,1.019519,-1.741066,0.200244,1.653435,-0.018658,0.151346,0,0,0,0
-0.118165,0.897750,-1.278248,-0.594253,1.586203,-0.457797,-0.790915,0,0,0,0
-0.429397,1.291793,-1.415357,0.485547,2.259864,-0.153485,-0.834889,1,1,0,0
-0.211211,0.886785,-1.072590,1.657953,0.428300,2.938954,1.052640,0,0,0,0
-0.281619,1.532259,-2.408731,0.950739,0.428757,-0.181091,-0.827285,1,0,0,1
-0.047486,1.326933,-1.429424,1.870725,-0.568948,1.268171,-0.531969,0,0,0,0
-0.226093,1.723947,-2.232054,1.280000,0.370671,-0.433192,-0.729428,0,0,1,1
-1.215749,2.306315,-2.017712,1.583839,1.409662,-0.355164,1.248835,0,0,0,0
-1.073813,2.748006,-2.504876,1.014538,1.899594,-0.618951,-0.434605,0,0,1,1
-1.226666,2.791239,-2.536530,0.969291,2.157019,-0.573177,-0.222210,0,0,0,0
-1.484281,3.049869,-2.217081,1.284935,2.344779,-0.384865,0.097184,1,1,0,0
-1.844263,3.095589,-1.864620,1.539056,2.710819,-1.339122,1.301746,0,0,0,0
-1.626214,3.320624,-2.251155,1.309910,2.703018,-0.554199,-0.593286,1,1,0,0
-1.238460,3.141267,-2.328690,0.980631,1.168770,3.944783,-0.453056,0,0,0,0
-0.775777,2.770741,-3.411882,0.295860,1.743979,0.654091,-0.155251,1,1,1,1
0.524505,-0.586449,-1.501426,1.714522,-0.396554,0.132748,1.172467,0,0,0,0
0.561711,-0.752416,-1.496988,1.352039,-1.194228,-0.059058,0.109954,0,0,0,0
1.259863,-1.595957,-0.112536,0.496847,0.060841,-0.043143,-0.458819,0,0,0,0
1.091977,-0.919893,-0.384312,1.043890,-0.651534,-0.020130,-0.564831,0,0,0,1
0.149356,-0.816157,0.308298,0.836347,0.856768,-1.041224,0.919219,0,0,0,0
0.651380,-0.826496,0.139721,0.390240,0.289995,-0.334546,-0.966442,0,0,0,0
0.538939,-0.500598,-0.409913,1.114920,0.079792,-0.479372,-1.032133,0,0,0,0
0.802826,-0.032809,-0.628026,0.664975,1.095687,0.530356,-0.765945,0,1,0,1
-0.117675,0.032718,-1.505737,0.974851,0.392865,-0.287405,1.313950,0,0,0,0
0.074776,0.351497,-1.181900,0.331150,-0.628942,-0.215240,-0.766725,0,0,0,0
0.188934,0.385487,-1.985040,0.441883,0.364079,-0.206969,-0.480836,0,0,0,0
0.226154,0.500047,-1.906309,0.217061,0.138383,-0.133626,-0.628520,0,0,1,1
0.083491,-0.862146,-0.431808,-0.003055,2.141938,-0.576637,0.847871,0,0,0,0
0.081158,-0.936631,-0.508376,0.262811,1.546545,-0.063650,-1.040543,0,0,0,0
0.277011,-0.638613,-0.984490,-0.296085,2.201349,0.097825,-0.942389,0,0,0,0
0.280447,0.292487,-1.116809,0.454424,1.092752,-0.036844,-0.787846,1,0,0,1
-0.585797,0.909431,-1.687774,0.723045,2.007767,0.055854,1.183091,0,0,0,0
-0.031215,0.219268,-1.071401,0.206359,1.496954,0.017111,-0.697620,0,0,0,0
-0.093344,0.497492,-1.028567,0.048103,1.373809,-0.148740,-1.005690,0,0,0,0
-0.275294,1.087272,-1.583656,0.378639,1.552938,-0.402809,-0.935641,1,0,0,0
-0.147565,-0.707762,0.745502,0.043792,2.128213,-0.721793,1.309711,0,0,0,0
0.061471,-0.994798,0.135117,0.422632,1.954283,-0.703110,-1.314052,0,0,0,0
0.486178,-0.145815,-0.405606,-0.070851,1.943908,0.314408,-0.957653,0,0,0,0
0.431005,1.070720,-1.058426,-0.296011,0.851180,-0.069904,-0.832518,0,0,1,1
-0.037464,0.261798,-1.067785,1.154293,0.853034,0.738964,1.236656,0,0,0,0
0.514436,1.037837,-0.569400,0.911555,0.566714,0.753455,-0.387087,0,0,0,0
0.486076,0.576173,-0.889169,1.318713,0.140927,-0.579753,-0.375798,0,0,0,0
0.332958,0.439544,-1.837822,1.338224,-0.343619,-0.930968,-1.336242,0,0,1,1
-0.594694,0.540276,-1.624897,0.565086,1.665022,-0.831235,1.096265,0,0,0,0
0.188062,1.208295,-2.227366,1.941962,0.372613,0.035390,-0.057050,0,0,0,0
0.347554,0.779058,-1.421499,1.201450,0.567435,-0.278732,-0.521234,0,0,0,0
0.181563,1.395668,-2.147103,0.485748,0.219300,-0.154074,-0.652648,1,0,1,1
0.373575,-0.707139,-1.756520,1.714743,-0.999051,0.817476,1.696434,0,0,0,0
0.825113,-0.939648,-1.403968,0.870057,-1.934564,-0.068584,-0.132877,0,0,0,0
0.713151,-0.377463,-1.374443,1.830072,-1.052280,-0.668989,-0.630726,0,0,0,0
0.567015,0.303222,-1.561225,1.193917,-0.589360,-0.952866,-0.829636,0,0,0,1
0.622003,-0.799127,0.454211,0.231768,0.883476,0.070091,1.645616,0,0,0,0
0.755310,-1.160016,0.240943,0.596133,0.846544,-0.107094,-0.668934,0,0,0,0
0.762217,-1.352328,-0.093170,1.131333,0.531091,-0.368810,-1.254666,0,0,0,0
1.084866,-0.525376,-0.455848,0.889321,0.490208,-0.458421,0.107117,1,1,0,0
0.387002,-0.825966,-0.535603,0.537216,-0.047575,0.484729,1.343355,0,0,1,1
0.636611,-0.955286,-0.238668,1.244872,-0.122444,-0.212771,0.265058,1,1,0,0
0.619129,-0.781580,-0.148257,0.738133,-0.103563,-0.378081,-0.438545,0,0,1,1
0.935644,-0.430723,-0.664956,1.034889,-1.126723,-0.351626,-0.683589,1,1,0,0
0.560161,-1.655280,-0.035376,1.478426,-0.028448,-0.567817,1.340193,0,0,1,1
0.864594,-1.946390,-0.164509,0.988779,-0.810129,0.974080,-0.075671,1,1,0,0
1.127662,-2.256087,0.121809,1.248973,-0.286622,-1.101337,0.039353,0,0,1,1
1.254508,-1.896341,-0.202177,0.770799,-0.180995,1.099181,-0.222337,0,1,0,0
-1.824769,1.628485,-3.280692,0.397751,2.754010,-0.422637,-0.574273,0,0,0,0
-1.766560,1.470781,-2.993361,1.128463,2.091178,-0.237833,-1.750895,0,0,0,0
-1.964918,1.051232,-3.138955,1.255543,2.242772,-0.673877,-1.621564,0,0,0,0
-2.011983,1.017571,-3.167390,0.697865,1.240428,-0.189412,-1.435839,0,0,0,0
-2.213988,0.667625,-3.586890,0.546733,1.569405,-0.444979,-1.654379,0,0,0,0
-2.068269,0.983199,-3.620339,0.831339,1.974629,-0.077319,-1.439876,0,0,0,0
-1.915102,1.290188,-3.782448,0.459643,2.022252,-0.873841,-1.410658,0,0,0,0
-0.890986,3.025654,-3.465685,0.392895,1.553395,-0.167203,-1.309955,0,0,1,0
-1.570080,1.154573,-3.904737,0.661316,1.751344,-0.293822,-1.485609,0,0,0,0
-1.672722,0.985300,-4.007629,0.709991,2.597443,-0.276084,-1.547065,0,0,0,0
-1.511036,1.405487,-4.226465,-0.155873,1.446252,-0.456859,-1.725155,0,0,0,0
-1.251808,1.651220,-4.047204,0.238099,1.778278,0.037303,-1.862233,0,0,0,0
-1.727887,0.995785,-4.523518,0.240991,2.049540,-0.418876,-1.785074,0,0,0,0
-2.160859,1.099041,-3.494580,0.687602,1.344417,0.048156,-2.033995,0,0,0,0
-0.556535,1.707045,-3.445380,-0.282927,0.004150,0.161109,-0.914412,0,0,0,0
0.852596,0.101734,-2.638344,0.467131,-1.372357,0.748021,-0.761350,1,1,0,1
0.930190,0.222987,-1.551623,2.109941,-0.809334,-0.714788,1.027562,0,0,1,0
1.201354,0.141591,-1.566516,0.901376,-1.747458,-0.902793,0.899171,1,1,0,0
1.784376,-0.628639,0.210595,-0.114590,-1.092520,1.562566,0.563297,0,0,0,1
1.564753,-0.373947,-0.550904,-0.134662,-1.073322,-0.324248,0.703690,1,0,1,0
1.406440,-0.575252,-0.193097,-0.093714,-0.508055,-0.418207,0.765805,0,1,0,0
0.697629,-0.700721,0.086421,1.339523,-0.870338,-1.187782,0.079010,0,0,1,1
1.095353,-0.925203,0.160096,1.059200,0.098959,-0.110275,0.714866,1,0,0,0
1.488757,-1.206187,0.073616,1.110543,-1.059023,-0.456954,1.095863,0,0,1,1
1.274777,0.221296,-0.468208,-0.048235,-1.378507,-0.808108,0.681433,0,0,0,0
1.247954,-0.033320,-0.362257,-0.609727,-1.090952,-0.411332,0.977610,0,0,0,1
1.087751,-0.908854,-0.410687,-0.699309,0.165955,1.300565,0.769970,0,0,0,0
0.607962,-0.097314,-0.406259,0.794454,-0.186966,-0.454752,0.885631,1,0,1,0
1.371910,0.219849,-0.306400,-0.732920,-0.339494,1.099487,0.997681,0,0,0,0
0.881391,0.557488,-0.516012,-0.157857,-0.970230,-1.012586,0.607459,1,0,0,0
0.961256,-0.116224,0.697438,-0.228280,0.106320,-0.176026,0.629865,0,0,1,0
0.970527,-0.576462,-0.387915,0.464374,0.055883,0.217732,0.965257,1,0,0,1
1.342702,-0.125460,-0.067659,-0.418184,-1.421834,-0.860761,0.824172,0,0,0,0
0.841898,0.727727,-0.999057,-0.352765,0.302719,-0.797824,0.906021,0,0,1,0
1.063416,-0.257471,-0.568940,-0.143337,0.839448,-0.990130,0.388225,0,0,0,0
0.930388,0.644832,-0.646150,-0.704246,0.033074,-0.882186,0.256196,0,0,1,1
0.934028,-0.473790,0.232951,-0.667416,0.265551,0.525261,0.808854,0,1,0,0
0.695654,-0.109997,0.108729,0.616360,0.751455,-1.135876,0.352937,1,0,0,1
0.844169,-1.401119,0.265641,0.594169,1.419693,0.169744,0.621006,0,0,1,0
1.030029,-0.662768,0.317866,0.557268,-0.025677,0.317107,1.147099,1,1,0,0
1.169371,-0.061513,-0.085016,-0.719541,-0.291625,-1.051143,0.733961,0,0,0,0
0.681735,-0.063305,-0.823091,-1.223005,0.509432,-0.006675,0.880535,1,0,0,0
0.938720,-0.180245,-0.783825,-0.996241,-0.468566,-1.131793,0.407983,0,0,0,0
0.642877,-0.437151,-0.293816,0.279141,0.913158,-0.299334,0.851521,0,1,0,1
1.359957,-0.034805,0.395363,-0.615970,0.107770,2.262415,1.251478,0,0,0,0
1.060018,0.501256,-0.277337,-0.891154,-0.253069,-1.018384,0.570005,0,0,0,1
1.145276,0.027041,0.416941,-0.011178,0.302306,-0.281310,0.779606,0,1,0,0
1.258351,-1.069316,0.565969,0.792331,-0.632744,0.336361,0.795645,1,0,0,1
1.116258,0.034104,-0.021064,-0.513729,0.414994,-0.109206,1.047557,0,0,0,0
0.943050,0.668373,-0.814124,-1.214495,0.770919,-0.349185,1.144911,0,1,0,0
0.860885,0.053035,-0.430860,-0.533296,0.508100,-1.248216,0.385766,0,0,0,0
0.844520,0.410113,-0.712251,-0.206158,0.706779,-0.806706,0.924946,1,1,0,0
1.096592,0.534522,0.213123,-0.205617,0.369597,1.356188,1.084256,0,0,1,0
0.407265,-0.323643,0.114102,0.495552,1.578773,-0.989929,0.909140,1,0,0,1
0.735832,-0.474330,0.567554,0.529472,1.209020,0.587228,0.797856,0,1,0,0
0.760309,-0.493012,-0.078184,0.728293,0.608302,-0.877581,0.841113,0,0,1,1
1.224910,0.328564,-0.219280,-0.947602,-0.172393,-0.635218,0.961939,0,0,0,0
0.650335,0.301386,-0.365092,-0.729349,0.308503,-0.617933,0.861799,0,0,0,1
1.232102,-0.411745,-0.557706,-1.170862,-0.644467,-0.953714,0.433335,0,0,0,0
0.666620,-0.681281,-0.180159,1.367238,-0.488686,-0.558374,0.832935,1,0,1,0
1.117421,0.034197,0.041432,-0.631516,-0.303050,0.964589,0.895832,0,0,0,0
0.824766,0.358361,-0.032724,0.187270,0.251121,-0.487572,0.857048,1,0,0,0
0.447090,-0.772764,0.051399,0.518322,1.429361,0.928247,0.786483,0,0,1,0
0.998056,-0.326210,0.257980,0.245673,-0.177846,-0.627520,0.615050,1,0,0,1
1.155392,-0.018395,-0.216633,-0.256186,-0.464344,-0.801262,0.882370,0,0,0,0
0.530149,0.792379,-0.915777,-0.023969,0.418342,0.154463,1.178963,0,0,1,0
0.834078,0.414525,0.183611,-0.478485,1.383373,-0.473857,0.770228,0,0,0,0
0.895267,1.091785,-0.617791,0.015346,0.113643,-0.417072,1.142603,0,0,1,1
1.056426,0.356434,0.252046,-0.473934,-0.102465,-0.772786,0.427187,0,0,0,0
0.892496,0.619913,-0.406329,-0.656593,0.578310,-0.524560,0.984841,0,0,0,1
0.905383,-0.345622,0.122032,-0.333145,0.797289,1.762964,0.485902,0,0,0,0
0.822280,0.694745,-0.665701,-0.436966,0.670368,-0.218687,0.590310,1,0,0,1
0.881390,-0.670320,-0.330782,-0.667113,0.694319,-0.719374,0.511542,0,0,0,0
0.463067,0.489215,-0.545427,0.096752,1.199745,0.078444,0.922616,1,0,0,0
1.168433,-0.137346,0.096590,-0.726594,0.441895,-0.460064,0.734545,0,0,0,0
0.738364,0.672735,-0.782739,-0.373509,1.272340,-0.197231,0.833308,1,1,0,0
0.795194,0.022323,-0.318859,-0.453272,0.760260,-0.842082,0.360016,0,0,0,0
0.770173,0.313461,-0.211951,-0.601331,0.870843,-0.669932,1.051702,0,1,0,0
0.888980,-0.224023,0.341891,-0.089435,1.236795,2.180519,0.996936,0,0,0,0
0.779386,0.021957,-0.380719,-0.369529,0.514012,-0.242315,0.483901,0,1,1,1
1.531849,0.293570,-0.763034,1.221483,-2.934973,1.407416,1.173957,0,0,0,0
1.196475,-0.537121,-0.450124,0.017805,-1.239603,-0.435046,-0.023127,0,1,0,0
1.455404,-0.045290,-0.453300,-0.346332,-0.416335,-0.650780,0.718644,0,0,0,0
1.200678,0.359158,-0.844267,-1.211626,0.116130,0.017644,0.924354,1,1,0,0
1.055389,-0.313115,-0.249319,-0.117359,0.218352,-0.520144,0.580811,0,0,1,0
1.038398,0.156066,-0.024985,-0.044379,-0.471227,-0.929133,0.786934,1,0,0,1
0.898113,-0.191426,0.743676,0.485251,0.413252,1.402530,0.783521,0,1,0,0
0.572621,0.132693,-0.401295,0.861885,0.460442,-0.677584,0.769751,0,0,1,1
1.163846,0.228007,0.197517,-0.260296,0.465544,0.663801,1.393509,0,0,0,0
0.591888,0.782769,-0.850255,-0.315168,0.596152,-1.134221,0.182145,0,0,0,1
1.019665,-0.532141,-0.489260,-1.339280,1.253851,-0.344672,0.770783,0,0,0,0
0.373336,-0.173485,-0.942510,0.461200,0.532027,-0.329493,0.907954,1,0,1,0
1.150597,0.197792,-0.135935,-0.194165,0.037532,-0.663468,0.915523,0,0,0,0
0.674793,0.290554,-0.530234,-0.293078,0.611004,-0.400909,1.117493,1,0,0,0
0.978019,-0.404710,-0.996356,-1.311203,0.030012,-0.730071,0.395522,0,0,1,0
0.602437,-0.572882,-0.545046,-0.590882,-0.027994,-0.628240,0.511625,1,0,0,1
1.682442,-0.478168,0.439989,-0.162255,-0.786895,0.691478,1.193390,0,0,0,0
0.766876,0.883975,-0.643523,-0.855999,0.021456,-0.619642,0.484924,0,0,1,0
1.275946,0.095427,-0.201951,-0.664055,0.147917,0.020741,0.897155,0,0,0,0
0.772420,1.017325,-0.822822,-0.364603,0.504528,0.362665,0.946641,0,0,1,1
1.030320,-0.047846,-0.034606,-0.771494,0.665804,-0.645179,1.119228,0,1,0,0
0.802366,0.257758,-0.315534,0.169377,-0.026347,0.026041,0.877773,1,0,0,1
1.060401,0.138153,-0.049752,0.175163,0.246221,-0.908547,0.277748,0,0,1,0
0.653229,-0.294128,-0.406351,-0.336419,0.784176,-0.376051,0.760417,1,1,0,0
1.284156,0.581948,-0.142664,-0.516281,-0.044244,1.157111,1.461500,0,0,0,0
0.724589,0.074857,-0.790287,-0.670382,1.440241,-0.792437,0.667232,1,0,0,0
0.733529,-0.811319,0.232152,-0.451282,1.449858,0.264861,0.632341,0,0,0,0
0.864940,-1.316545,-0.314864,-0.113241,1.074050,1.158528,0.930306,0,1,0,1
1.054721,0.364768,-0.029149,-0.329189,0.101431,-0.303520,0.918336,0,0,0,0
0.480150,0.484187,-1.051726,0.814170,1.149771,-0.178805,0.847232,0,0,0,1
1.026072,0.011822,0.165560,-0.076689,0.854334,-0.686615,0.316356,0,1,0,0
0.665086,0.115823,-0.795656,-0.301693,0.681435,-0.874327,0.585093,1,0,0,1
1.054885,0.047627,-0.115300,-0.670478,0.092918,0.875395,1.461756,0,0,0,0
0.912572,0.538105,-0.161774,-0.736154,-0.120144,-1.003186,0.666689,0,1,0,0
0.990823,-0.006631,0.083191,-0.241185,0.447440,0.538224,0.871856,0,0,0,0
0.834967,0.681330,-0.638882,-0.030088,0.789590,-0.724641,0.813972,1,1,0,0
1.103614,0.168468,-0.389765,-0.077845,-0.005577,-0.109185,0.621829,0,0,1,0
0.580318,0.155578,-0.386528,0.192784,0.139993,0.096338,1.254786,1,0,0,1
0.738032,-1.354595,0.629581,0.484234,0.594168,-0.983693,0.434476,0,1,0,0
0.600532,0.468294,-0.532543,-0.074437,0.797681,-0.158920,0.887001,0,0,1,1
1.440357,-0.533677,0.037347,-0.723989,-0.761366,2.687626,1.105210,0,0,0,0
0.797756,0.323351,-0.627031,-0.845057,0.642567,-1.173541,0.725155,0,0,0,1
1.037630,-0.221068,-0.448306,-0.579236,0.405676,1.219545,0.903200,0,0,0,0
1.095031,-0.581111,-0.577240,0.028833,-0.196293,-0.364455,0.511791,1,0,1,0
1.172737,0.377509,-0.204699,0.004142,0.507308,0.071829,0.972730,0,0,0,0
0.889652,0.483633,-0.771018,-0.565012,0.638447,-0.135679,1.002087,1,0,0,0
1.220739,-0.611855,0.096811,0.320168,-0.078724,-0.669901,0.865373,0,0,1,0
0.664886,-0.671910,-0.132692,0.530616,0.126827,-0.168701,0.903689,1,0,0,1
1.034265,0.333024,-0.852401,-0.258269,1.133769,-0.620921,0.668231,0,0,0,0
0.717356,0.531238,-0.954646,-0.287549,1.856750,-0.765137,0.647810,0,0,1,0
0.980848,-0.263372,0.208772,-0.680017,0.888030,1.268725,0.753324,0,0,0,0
0.564538,-0.528807,0.329186,0.042944,0.541233,-0.022830,0.520563,1,0,0,1
1.090581,-0.142340,0.278249,0.679400,-0.053080,0.105397,0.752584,0,0,0,0
0.645771,0.356022,-0.108748,0.031667,1.495799,0.006759,1.190849,1,0,0,0
0.948774,-0.533990,0.111616,-0.005085,-0.546278,-0.427248,0.512523,0,1,0,0
0.944651,-0.944773,0.183068,0.480966,-0.151322,0.043552,0.900183,0,0,1,1
1.239874,0.189762,-0.647119,-0.312143,0.749083,-0.149849,0.696140,1,1,0,0
0.308869,1.208998,-1.400527,-0.043647,2.122677,-0.414123,1.156153,0,0,1,1
0.362378,1.679586,-1.775927,-0.271804,1.595361,1.865162,1.146783,1,1,0,0
0.408505,1.939316,-1.347863,-0.112598,0.997586,-0.807700,0.401538,0,0,1,1
0.406768,1.698988,-1.541648,0.341478,1.221475,0.335984,1.018446,1,1,0,0
0.083613,1.825597,-1.780182,0.447630,0.607981,-0.587763,0.325567,0,0,1,1
-0.063143,2.056479,-1.532684,1.154282,1.263707,-0.590497,0.813689,0,1,0,0
0.007771,1.844937,-1.357728,0.471617,0.388752,1.227198,1.059245,1,0,1,1
1.260481,0.398224,-0.838214,0.863635,-1.535732,-0.259870,0.820790,0,1,0,0
0.956526,0.053975,-1.381786,1.408057,-1.097870,-0.807873,0.992501,0,0,1,1
1.301842,0.057255,0.081814,-0.093046,-0.512691,0.838606,0.763363,1,0,0,0
0.992025,0.194419,-0.706275,0.969618,-1.050244,-0.593872,0.559018,0,1,0,1
1.025977,-0.177224,-0.357242,-0.924521,0.541662,0.007352,0.749050,0,0,1,0
0.956149,-0.106332,-0.191701,-0.507118,-0.223729,-0.587591,0.317189,1,1,0,0
1.036389,-0.310437,0.475085,0.563333,0.612884,0.018518,0.958657,0,0,0,1
0.740831,-0.286759,-0.047140,-0.221526,0.037616,-0.017619,0.996467,1,1,0,0
1.328610,-0.054744,-0.292214,-0.682331,-0.224017,-0.597543,0.697317,0,0,0,0
0.978881,0.536421,-0.684568,-0.567727,0.312321,-0.387497,1.069535,1,0,0,0
0.835131,-0.438925,-0.458644,-0.550141,0.816451,-1.179159,0.247646,0,0,0,0
0.364159,-0.334753,-0.489008,0.178322,0.389661,-0.592136,1.167120,0,1,0,1
1.629581,0.010741,-0.122000,-0.680350,-0.229289,2.328864,1.029259,0,0,0,0
0.882161,0.424141,-0.225216,-0.472194,-0.573851,-1.151204,0.155099,0,0,0,1
0.349190,-0.888387,0.325334,0.117526,0.849099,-0.059836,0.352967,0,1,0,0
0.630213,-0.690437,-0.450328,0.347804,1.029804,0.838913,0.986187,1,0,0,1
1.247818,0.139588,-0.120496,-0.648745,-0.697734,-0.659142,1.046791,0,0,0,0
0.769025,0.840277,-1.002977,-0.618442,-0.500902,-0.203677,0.868596,0,1,0,0
0.923760,0.084560,-0.540541,-0.824263,0.782620,-1.070035,0.414260,0,0,0,0
0.654571,0.437123,-0.670370,-0.951900,1.086697,-0.542664,0.960348,1,1,0,0
0.780725,-0.078836,-0.061925,-0.476215,0.351750,1.111366,0.874922,0,0,1,0
0.880782,0.161802,-0.728501,-1.003232,0.610151,-1.128147,0.429494,1,0,0,1
0.534769,-0.910204,0.469789,0.724160,1.805884,0.462365,0.667461,0,1,0,0
0.578217,-0.406747,-0.062145,0.062486,0.679598,0.607626,1.173930,0,0,1,1
1.335435,0.193949,-0.159890,-1.069604,-0.051520,-0.732326,0.935190,0,0,0,0
0.631202,1.042049,-1.115675,-0.978301,0.254041,-0.398293,0.807639,0,0,0,1
0.750996,-0.694174,-0.128979,-0.112039,0.215320,-0.808757,0.408886,0,0,0,0
0.645840,-0.083015,-0.265132,-0.050510,0.991773,-0.088373,0.821760,1,0,1,0
1.374875,0.358448,-0.475321,-0.302615,-0.218262,1.255521,1.185446,0,0,0,0
0.824791,0.534831,-0.627247,-0.241111,1.006520,-0.670067,0.941510,1,0,0,0
0.819506,0.205561,0.274433,-0.029489,0.603647,0.668998,0.994292,0,0,1,0
0.228117,0.173762,-1.003495,0.157032,0.351320,-0.393491,0.275941,1,0,0,1
1.507613,-0.521353,0.487462,-0.128014,-1.145457,0.775059,0.933132,0,0,0,0
0.875413,0.755364,-0.409206,-0.627803,-0.239702,-0.614343,1.026160,0,0,1,0
0.905028,-0.078778,-0.177560,-0.287882,0.488312,-0.797803,0.209086,0,0,0,0
0.984247,0.731509,-0.907017,-0.630817,0.403009,-0.493007,0.799078,0,0,1,1
1.169505,0.148294,0.057095,-0.322940,0.365908,1.525160,1.217441,0,1,0,0
0.797963,0.558020,-1.147918,-0.353341,0.378460,-0.801569,0.783816,1,0,0,1
0.897871,0.545992,0.347972,0.314018,0.496650,0.595195,0.905829,0,0,1,0
0.537931,-0.115760,-0.335044,0.415460,0.820343,-0.281479,0.559751,1,1,0,0
1.756975,-0.874075,0.006748,-0.911952,-1.184069,1.714951,0.779541,0,0,0,0
0.418913,0.734613,-1.187353,-0.623703,1.065534,-0.541514,1.083611,1,0,0,0
0.879061,-0.470000,-0.643410,-0.806980,0.721362,-0.883175,0.560315,0,0,0,0
0.724981,-0.644016,-0.001223,0.404402,0.552653,-0.360824,0.888613,0,1,0,1
1.191502,0.520898,-0.536651,-0.334682,0.091094,-0.773341,0.808792,0,0,0,0
0.463676,0.236181,-1.424829,-0.427691,0.172844,-1.001859,0.748238,0,0,0,1
0.942928,-1.249272,0.815358,0.193410,0.787417,1.519149,0.836918,0,1,0,0
0.831633,-0.291319,-0.048268,0.583539,0.096023,0.119736,0.217368,1,0,0,1
1.397716,0.052006,-0.024924,-0.530701,0.371604,0.085652,0.917118,0,0,0,0
0.766083,0.538336,-0.135159,-0.310451,0.495655,0.495524,1.229794,0,1,0,0
0.955639,0.123379,0.027450,-0.155170,0.971688,-0.710730,0.742531,0,0,0,0
1.085997,0.017789,-0.607679,-0.465927,0.211964,0.187227,1.076971,1,1,0,0
1.013946,-0.147414,-0.624762,-0.306974,-0.932400,-0.903002,0.438667,0,0,0,0
1.067763,0.001186,-0.666807,-0.785450,-0.031370,-0.880664,0.910287,1,0,0,0
0.948849,-0.176527,-0.051713,-0.578419,1.401562,1.766839,0.698721,0,0,0,0
0.619573,0.246281,-0.537778,-0.473721,0.542024,-0.854623,0.782591,1,0,0,1
0.825552,-0.412998,0.079791,0.139135,0.911280,0.074096,0.828376,0,0,0,0
0.581411,-0.067756,-0.494835,-0.101816,1.248938,-0.489547,0.409395,0,0,0,1
1.088421,-0.190357,-0.017486,-0.445179,0.049874,-0.498740,0.863759,0,0,0,0
0.731428,-0.127401,-0.721318,0.024274,1.140852,0.167880,0.950278,0,0,1,1
0.829308,-0.065689,0.166052,-0.311974,0.930622,-0.959647,0.515727,0,0,0,0
0.595634,0.682241,-0.319343,-0.177349,1.143596,-0.859506,0.968051,0,0,1,0
0.960701,-0.284711,0.408172,-0.105219,1.488695,2.464429,1.114537,0,0,0,0
1.514263,-1.444073,-0.106371,0.009246,-1.039158,-0.453421,0.498085,1,1,1,0
1.571023,0.058790,-0.153837,0.330070,-1.836034,0.231398,1.124612,0,0,0,0
1.233966,0.101878,-0.781220,0.372525,-1.212402,-0.645713,0.457484,0,0,1,0
1.197552,0.145685,-0.383342,0.631403,-0.119017,-0.710484,0.799697,0,0,0,0
0.853833,0.740702,-0.898740,0.240352,-0.600771,-0.187239,0.832671,0,0,1,1
1.134457,0.313476,-0.342268,-0.459087,-0.132923,-0.721681,0.667456,0,1,0,0
1.175635,0.437087,-0.458407,-0.244629,-0.056764,-0.628524,1.178187,1,0,0,1
1.182308,0.293470,-0.053469,-0.090196,-0.352997,1.158302,0.644731,0,0,1,0
1.282642,-1.214406,0.261981,1.020652,-0.191251,0.237236,0.861729,1,1,0,0
1.393450,0.327205,-0.256300,-0.896747,-0.220185,0.812923,1.113108,0,0,0,0
0.871448,0.643172,-0.859124,-0.719658,0.648712,-1.310272,0.405576,1,0,0,0
1.057974,-0.599297,-0.347781,-0.851854,0.298869,-0.037703,0.670011,0,0,0,0
0.875917,-1.211317,-0.031421,0.438032,0.266016,0.241129,1.005977,0,1,0,1
1.127339,0.536242,-0.748283,-0.310673,-0.248730,-0.220671,0.880163,0,0,0,0
0.666878,0.653321,-0.059110,-0.413052,0.051329,-0.554950,0.971985,0,0,0,1
0.580663,-0.714075,-0.767266,-0.226561,0.263456,-0.820358,0.118204,0,1,0,0
1.278250,-1.830522,0.066696,0.348986,-0.375313,0.018888,0.764295,1,0,0,1
1.273987,0.509374,0.113167,-0.669636,0.067013,0.196030,1.492707,0,0,0,0
0.840690,0.770949,-0.499688,-0.260921,0.220204,-0.708501,0.500668,0,1,0,0
1.134982,0.204273,-0.179379,-0.790939,0.455489,0.106260,0.622333,0,0,0,0
0.928582,0.452603,-0.723739,-0.694768,1.014068,0.504268,0.875779,1,1,0,0
1.119363,-0.180667,-0.448951,-1.091768,0.068702,-0.456280,0.910087,0,0,1,0
0.821177,0.286591,-0.801833,-0.757177,0.707233,-0.100835,1.033207,1,0,0,1
1.131550,0.022797,-0.606881,-0.813368,0.223886,-0.813837,0.501328,0,1,0,0
1.146998,-1.048458,0.042893,-0.158638,-0.547469,-0.305137,0.568861,0,0,1,1
1.121389,0.007377,-0.074912,-0.261702,-0.003211,0.977355,1.184546,0,0,0,0
0.707383,0.356183,-0.474948,-0.648430,0.394588,-0.633564,0.682644,0,0,0,1
1.058385,-0.477125,-0.090146,-0.660078,0.565855,0.770074,0.542552,0,0,0,0
1.739278,-1.343123,-0.020035,-0.023457,-0.637970,-0.307846,0.340583,1,0,1,0
1.132569,0.365532,-0.451679,-0.778008,0.071505,-0.002207,1.139026,0,0,0,0
0.589458,0.828654,-0.916820,0.397512,0.422850,0.200111,0.835391,1,0,0,0
0.648440,-0.800126,-0.103879,0.070846,1.096388,-1.006090,0.232022,0,0,1,0
1.292016,-1.187841,-0.930753,1.494613,-0.979652,-0.922942,0.991178,1,0,0,1
1.060673,-0.124088,0.009792,-0.736477,0.155744,0.168839,1.301006,0,0,0,0
0.427815,1.065968,-1.046212,-0.053838,-0.266616,-0.711474,0.871455,0,0,1,0
0.965896,-0.300799,0.003641,0.247781,0.646926,0.969949,0.885130,0,0,0,0
1.057532,0.692788,-0.434995,-0.704195,-0.332216,-1.021153,0.627163,0,0,1,1
1.095963,0.226130,-0.475806,-0.546252,0.408210,-0.005269,0.721151,0,1,0,0
0.925539,0.686919,-0.252811,-0.132538,0.296154,-0.100546,1.220935,1,0,0,1
0.820388,-0.948073,0.508635,0.205608,-0.220248,-0.836462,0.524064,0,0,1,0
1.334200,-0.754504,-0.278921,0.417059,-0.600617,0.082890,0.854547,1,1,0,0
1.046004,0.457473,-0.190950,-1.280750,-0.105208,-0.753975,0.598247,0,0,0,0
0.665457,0.149002,-0.962848,-0.814648,0.461841,-1.186307,0.926936,1,0,0,0
0.722515,-0.010759,-0.511287,-1.083477,0.765376,1.591849,0.663676,0,0,0,0
0.863164,-0.222363,-0.334891,0.414422,-0.708081,-0.489185,0.647232,0,1,0,1
1.166094,0.248162,-0.549314,-0.374630,0.768170,-0.257411,0.723465,0,0,0,0
0.847195,0.312097,-0.802395,-0.693276,0.575396,0.066735,0.746281,0,0,0,1
1.250249,-0.491045,-0.390237,-0.506782,-0.276067,-1.124998,0.774524,0,0,0,0
1.112305,-0.579525,-0.580410,-0.099436,0.055749,-0.024787,1.003343,1,0,0,1
1.028543,0.641094,-0.777531,-0.308908,0.371513,-0.498520,0.686787,0,1,1,0
0.796217,0.476781,-0.520925,-0.445701,0.791749,-0.579313,0.867395,1,0,0,1
0.650808,0.791694,-1.719842,-0.329590,0.051187,1.031872,0.834366,0,1,1,0
0.671731,1.030742,-1.479934,0.231675,-0.090864,-0.639213,0.724139,1,0,0,1
0.623359,0.974553,-1.680608,0.608228,0.130011,-0.160016,1.027412,0,1,1,0
0.426968,0.476080,-0.605190,1.173469,0.730002,-0.994869,0.249413,1,0,0,1
0.085132,0.767499,-1.498965,0.856043,-0.313537,-0.955788,0.701433,0,0,1,0
0.670840,0.538380,-1.014986,1.128919,-0.928531,1.004346,0.735091,1,1,0,0
0.337378,1.935049,-2.042589,0.424241,-0.031248,-0.819497,0.739886,0,0,1,1
-0.248809,1.853564,-1.932255,0.835146,0.914282,-0.202557,1.200910,1,1,0,0
0.105096,1.735260,-2.217160,0.434462,1.122469,1.608332,1.206777,0,0,1,1
0.249113,2.188957,-2.725394,0.509505,0.564322,-0.645654,0.650481,1,1,0,0
0.132451,1.796220,-1.937851,0.874568,0.737916,0.178474,1.312600,0,0,1,1
0.271725,1.719164,-1.929235,0.572629,-0.416674,-0.243226,0.168588,1,1,0,0
0.094532,1.910260,-2.174370,0.705623,-0.261130,-0.181367,0.633633,0,0,1,0
-0.097376,1.811948,-1.610859,0.947483,0.287442,0.673111,0.742563,1,1,0,1
-0.381027,-0.897627,-1.043016,2.420627,-0.027228,-1.256813,1.002267,0,0,0,0
-0.253439,-1.629330,-0.136177,1.832913,-0.709737,-0.512540,-0.607409,0,0,0,0
-0.238109,-1.559484,0.469075,1.948458,-0.715859,-0.597402,-0.261113,0,0,0,0
0.225866,-1.234460,-0.544700,0.746059,-0.993200,0.508763,-0.553286,1,0,0,1
-0.674767,-0.815589,-0.005508,1.540499,-0.049964,0.625155,1.508368,0,0,0,0
-0.760837,-0.952536,0.515348,1.724509,-0.727452,-0.619004,-1.227808,0,0,0,0
-0.673160,-1.305332,0.762780,1.936386,-0.453231,-0.327052,-0.448767,0,0,0,0
-0.799597,-0.557647,-0.092571,1.321327,-0.887059,0.673959,-0.630343,1,1,0,1
-0.419445,-0.802121,-0.812566,0.774852,-0.593222,-0.538815,1.113144,0,0,0,0
-0.483607,-0.655734,-0.303275,2.152619,-0.969406,0.060762,-0.480020,0,0,0,0
-0.727089,-0.550941,-0.777039,1.452447,-0.447593,-0.733402,-1.233358,0,0,0,0
-0.741001,-0.454979,-0.995214,1.818041,0.024603,-0.454292,-0.624335,1,0,0,1
-1.343415,0.284156,-0.259105,1.699018,-0.435106,1.032522,2.062213,0,0,0,0
-1.154444,0.008926,0.199419,1.142563,-0.118075,-0.002041,-1.272687,0,0,0,0
-0.921392,-0.863912,0.469667,1.216097,0.612009,0.397455,-1.210941,0,0,0,0
0.838005,-2.266424,1.745633,0.696878,-1.713109,0.651151,-0.724104,1,0,0,1
0.076750,1.016957,-0.844208,0.831191,-1.188148,-0.732983,0.736478,0,0,0,0
0.260620,1.076504,-0.625183,0.987555,-1.707117,-0.133778,-0.086613,1,0,0,0
0.335295,1.071730,-1.614072,0.027320,-0.802381,-0.210486,-0.363685,0,0,0,0
0.117674,1.045121,-1.748665,0.814266,-0.244084,-0.325371,-0.608260,1,1,0,0
-0.337392,1.635502,-1.477003,0.627637,-0.935130,1.557960,1.669393,0,0,0,0
-0.085623,1.333572,-0.328375,1.457507,-1.392868,-0.304755,0.085014,0,0,0,0
-0.297031,0.987041,0.204119,0.906872,0.466260,0.085277,-0.837620,0,0,0,0
-1.779455,0.788921,-0.451786,0.745601,0.092329,-0.478870,-1.063201,1,1,0,1
-0.826718,-0.011837,-0.775655,1.545500,-0.538369,-0.084775,1.354598,0,0,0,0
-0.890763,-0.426893,-0.894528,1.970923,0.192733,-0.961231,-0.567417,0,0,0,0
-1.347202,-0.323395,-0.577927,1.726972,0.237904,-0.906720,-0.998447,0,0,0,0
-1.325490,0.167318,-1.441913,1.239099,0.060238,-0.351447,-1.191472,0,0,1,1
-1.782797,0.578132,-1.093366,1.357581,0.337582,3.102796,1.961161,1,1,0,0
-2.361662,1.329845,-0.515792,1.571843,0.739607,-1.188946,0.593068,0,0,1,1
-2.832154,1.301300,-0.035949,1.632718,1.249968,2.254069,1.408606,0,1,0,0
-2.652146,1.983037,-0.977606,0.994124,0.901028,-1.245662,-0.182923,1,0,1,1
-0.863140,-0.384287,-0.853078,1.456439,-0.206081,1.656975,1.094530,0,0,0,0
-0.792739,-0.386390,-0.670282,1.499046,-0.257214,-0.277169,-0.193685,0,0,0,0
-1.137323,-0.191159,-0.270648,1.579354,-0.495230,-0.481786,-0.585847,0,0,0,0
-1.397462,0.019163,-1.097932,1.004501,-0.182510,-0.463061,-1.404998,1,0,0,1
-1.797321,0.964803,-0.639365,1.511337,0.292486,-1.010255,1.127384,0,0,0,0
-2.100294,1.031881,-0.551766,1.188016,0.178693,-0.909732,-1.123652,0,0,0,0
-2.217183,1.677510,-0.542504,0.901729,0.244825,-0.498648,-1.315898,0,0,0,0
-2.417260,1.311885,-1.086334,1.123152,0.416997,-0.167200,-1.040585,1,0,1,1
-0.943921,-0.595133,-0.967423,1.116480,-0.201111,1.039988,1.330518,0,0,0,0
-0.653157,-0.175251,-0.536450,1.536180,-0.127760,-0.137419,-0.826274,0,0,0,0
-1.033089,-0.105760,-0.750046,1.617836,0.224102,-0.424145,-1.125968,0,0,0,0
-1.459541,0.234367,-0.978268,1.420442,0.429631,-0.527166,-1.324282,1,0,0,1
-1.941400,1.320649,-0.592361,1.587320,0.671324,-1.197377,1.557110,0,0,0,0
-2.108677,1.086990,-0.596540,1.338579,0.118830,-0.790023,-1.806974,0,0,0,0
-1.092075,-0.437484,0.626705,1.004351,0.078348,-0.347387,-1.142939,0,0,0,0
1.410989,-1.072711,1.257389,0.217508,-1.973852,3.358688,-0.279661,1,0,0,1
0.143492,1.073612,-0.300266,0.692980,-1.448845,-0.090119,0.784716,0,0,0,0
0.527795,0.935933,-0.724713,0.658946,-1.300289,-0.276894,-0.494145,0,0,0,1
0.443808,1.523628,-0.975104,0.510597,-1.187252,-0.370656,-0.548406,0,0,0,0
0.462730,1.285152,-1.784331,-0.289314,-1.867582,-0.126212,-0.468063,0,0,1,1
-0.066054,1.183213,-1.279152,0.434050,-0.437477,-1.177938,1.186718,0,0,0,0
0.200523,0.978162,-0.528477,0.260413,0.183221,-0.314725,-0.005048,0,0,0,0
-0.234915,0.968830,-1.786163,0.925579,-0.337084,0.218877,-0.827846,0,0,0,0
-1.880438,0.725537,-1.064133,0.386192,0.193493,-0.404674,-1.270212,1,1,0,0
0.829040,-2.379250,1.441876,1.183047,-1.097920,4.140804,0.402682,0,0,1,1
-0.502086,-1.196554,0.648093,-0.019322,-0.733577,-1.297379,-0.100962,1,1,0,0
-0.585809,-0.967766,0.939729,0.723158,-0.058228,-0.509528,1.508883,0,0,1,1
-1.101055,-0.251866,-0.017948,0.166944,0.528321,0.749878,0.999427,1,1,0,0
-1.822393,0.543022,-0.371854,0.771582,1.471822,-1.222512,1.013264,0,0,1,1
-1.727095,1.213816,-0.051514,0.717924,1.036424,0.515925,0.940679,1,1,0,0
-1.827036,1.627835,-0.557783,1.241509,0.684924,3.785547,1.699626,0,0,1,0
-2.147430,1.975752,-1.250467,0.474835,1.634029,0.042727,0.887050,1,1,0,1
-0.235289,-1.073032,-0.597502,2.289729,-0.467655,4.320456,1.304466,0,0,0,0
-0.320898,-2.067949,0.227228,2.206480,-0.692707,-0.650763,-0.892214,0,0,0,0
-0.573405,-0.953883,0.461245,2.037427,-1.905867,0.231146,-1.140979,0,0,0,0
-0.334615,-0.320112,-0.562296,-0.123720,-0.258842,-0.345808,-1.138995,1,0,0,1
-1.174709,0.128960,-0.365819,1.124116,-0.252451,-1.104810,1.282158,0,0,0,0
-1.284229,-0.435562,0.948422,2.158382,-0.265541,-0.394013,-0.540591,0,0,0,0
-1.409255,-0.339177,0.489514,1.564139,-0.396593,-0.487692,-0.819219,0,0,0,0
-1.441117,0.001294,-0.392999,1.540428,0.087772,0.300365,-0.350601,1,1,0,1
-1.145627,-0.115968,-0.813661,1.256074,-0.951802,2.375164,1.796961,0,0,0,0
-1.033809,-0.091444,-0.074625,1.914610,-0.389092,-0.435833,-0.288194,0,0,0,0
-1.178176,-0.152361,-0.570947,0.931687,0.042752,-0.197452,-1.497673,0,0,0,0
-1.081803,-0.113939,-0.958566,1.373836,0.643184,-0.271992,-0.399481,1,0,0,1
-1.933498,1.213585,-0.174807,1.726648,0.829303,-0.152831,1.667031,0,0,0,0
-1.858277,1.428417,-0.554105,1.121108,0.683282,-0.290643,-1.037699,0,0,0,0
-2.153002,1.305125,-0.015645,1.233737,0.610007,-0.463097,-0.995475,0,0,0,0
1.469150,-1.548154,2.011075,-0.276556,-2.094048,3.656151,-0.419154,1,0,0,1
0.242843,1.600429,0.059174,0.524166,-1.622609,-0.345765,1.075081,0,0,0,0
0.552681,1.052163,-0.630024,-0.030239,-1.299042,-0.608022,-0.519911,1,0,0,0
0.393039,1.257689,-1.524147,0.208373,-1.027569,-0.363520,-0.494755,0,0,0,0
0.102096,1.431032,-1.571660,0.235440,-0.503487,-0.263982,-0.602558,1,1,0,0
-0.494176,1.203467,-1.351427,0.225513,0.238434,-0.499139,1.081342,0,0,0,0
-0.137769,0.978412,-0.803139,0.659891,-0.401964,-0.010218,0.466524,0,0,0,0
-1.078641,1.190411,0.895606,0.714887,-0.521986,-0.226500,-1.194137,0,0,0,0
-2.147492,0.936490,-0.459038,0.575361,0.373168,-0.642103,-1.112317,1,1,0,1
-0.890569,-0.053233,-0.469206,1.059535,-0.300248,3.762314,1.915284,0,0,0,0
-0.993827,-0.844298,-0.759151,1.934483,0.037690,-0.610150,-0.548535,0,0,0,0
-1.411380,-0.479116,-0.262584,1.651467,0.191836,-0.654654,-0.952593,0,0,0,0
-1.228420,0.226277,-1.466212,0.675031,0.603657,-0.367357,-0.826155,0,0,1,1
-1.907940,0.762738,-1.095451,1.284020,0.992437,-0.327338,1.667762,1,1,0,0
-2.353605,1.010450,-0.079180,1.879321,1.405001,1.526515,1.214357,0,0,1,1
-3.073637,1.435884,-0.049950,1.361940,1.711227,-0.908149,1.071343,0,1,0,0
-2.903146,1.787594,-0.860573,1.096387,1.120640,0.480264,0.620797,1,0,1,1
-0.825577,-0.266554,-0.883975,1.494840,-0.483485,-0.607465,0.954160,0,0,0,0
-1.177363,-0.524428,0.212776,1.878172,-0.385664,-0.745955,0.126433,0,0,0,0
-1.308965,-0.259996,0.005945,1.616373,-0.747628,-0.896527,-0.635639,0,0,0,0
-1.559060,0.181405,-0.850005,0.682223,-0.330617,-0.243876,-1.353564,1,0,0,1
-1.784339,1.353786,-0.794970,1.171522,0.522740,0.202632,1.825302,0,0,0,0
-2.317206,1.083337,-0.345188,1.445987,0.658259,-0.796672,-1.377019,0,0,0,0
-2.634522,1.815668,-0.003607,0.932811,0.775028,-0.834744,-0.937997,0,0,0,0
-2.614489,1.564501,-0.871587,1.020739,1.180198,0.328075,-1.175926,1,0,1,1
-1.159602,-0.305511,-0.642818,1.118911,-0.221908,-0.217987,0.942074,0,0,0,0
-0.832080,-0.463709,-0.031775,1.528338,-0.477853,-0.289803,-1.089121,0,0,0,0
-1.226481,0.127808,-0.297390,1.984485,0.077132,-0.356702,-0.955852,0,0,0,0
-1.561236,-0.216095,-0.733752,1.621339,0.453907,-0.730432,-1.209658,1,0,0,1
-2.073361,1.177683,-0.731718,0.978078,1.095745,0.756815,1.925578,0,0,0,0
-2.348233,1.154236,-0.462803,0.882503,0.018613,-0.782050,-1.586056,0,0,0,0
-1.979509,1.513985,-0.056079,0.912218,1.229774,-0.191387,-1.051997,0,0,0,0
1.252191,-2.294670,0.951069,-0.444112,-2.526536,5.713777,-0.352616,1,0,0,1
-0.486256,0.560025,-0.624884,1.206791,-0.006915,-1.084242,0.705782,0,0,0,0
0.242312,1.683326,-1.030654,0.540136,-1.544878,0.718814,-0.041135,0,0,0,1
0.455616,1.418051,-1.151320,0.180885,-1.409618,0.657554,-0.105865,0,0,0,0
0.685934,1.019176,-1.357443,0.193438,-0.913350,-0.838783,0.046983,0,0,1,1
0.041160,1.041449,-1.059384,0.545948,-0.437490,-0.039001,1.213602,0,0,0,0
-0.170089,1.177032,-0.927881,0.462986,-0.291352,-0.725186,-0.146224,0,0,0,0
-1.151292,1.412943,0.071824,1.282604,0.072375,-0.379469,-0.302145,0,0,0,0
-2.036086,2.117993,-0.530957,0.601648,1.214730,1.878855,-0.655490,1,1,0,0
-2.464030,2.384395,-0.996390,1.151934,2.476085,-0.998704,1.445704,0,0,1,1
-2.410708,2.802098,-1.546875,0.426622,0.873629,0.556283,1.080207,1,1,0,0
-2.141282,1.912865,-0.741731,1.494065,1.422413,5.594273,1.770741,0,0,1,1
-2.765421,3.025323,-1.793093,0.460435,2.182147,-0.616326,1.060810,1,1,0,0
-2.627558,2.316384,-1.536986,0.984312,1.867204,2.806883,0.897829,0,0,1,1
-2.624693,3.292195,-1.546364,0.607539,2.280907,-0.843201,0.082985,1,1,0,0
-2.366103,3.045348,-1.129122,0.811783,1.746465,0.196024,1.286468,0,0,1,0
-2.309796,2.234226,-1.781178,0.456482,1.409993,4.614902,0.519700,1,1,0,1
-0.143131,-0.287681,-0.810455,1.788085,-0.562746,-0.406753,0.949843,0,0,0,0
0.155735,-1.034698,-0.660913,1.609244,-1.021052,0.029197,-0.582468,0,0,0,0
-0.053998,-1.430179,0.204099,1.405599,-0.697400,-0.223762,-1.853402,0,0,0,0
-0.044230,-1.519378,-0.418524,1.751085,-0.666278,0.161793,-1.346383,0,1,0,0
0.127857,-2.074303,0.890004,0.231819,0.513769,0.259345,-0.958345,0,0,0,0
0.453533,-1.477922,0.808497,0.269700,0.588906,0.489877,-0.357277,0,0,0,0
0.007723,-1.644378,0.350216,0.201856,0.425465,0.231722,-1.114427,0,0,0,0
0.088021,-0.986508,0.181036,-0.253198,0.399299,-0.342466,-1.083942,0,0,1,1
-1.214799,-0.104342,-0.513683,0.695014,0.607920,-1.237472,1.252882,0,0,0,0
-0.936876,-0.481695,-0.308195,0.626479,0.224089,-0.269886,-1.234164,0,0,0,1
0.025067,0.481228,-0.641551,1.782480,-0.667495,-1.390184,-0.236274,0,0,0,0
-0.477273,-0.030188,-0.545489,1.182335,-1.267900,-0.552212,-0.681456,0,0,0,0
-0.658192,0.364995,-0.751721,1.101204,-0.370972,-0.561224,-1.007377,0,0,0,0
-1.085854,0.421205,-0.581593,1.048807,-0.287679,-1.130343,-1.551628,1,0,0,0
0.114528,1.417629,-1.620916,1.877659,-0.380165,1.095482,-0.465328,0,0,0,0
1.430818,-0.508054,-0.507716,-0.072685,-1.067333,1.218814,0.407039,1,0,0,1
0.907053,0.011407,-0.540142,2.115224,-2.133169,-0.534380,0.845199,0,0,0,0
1.078843,0.071805,0.025016,1.848015,-1.943845,-0.204276,-0.016306,0,0,0,0
1.066463,-0.043514,0.447222,1.463570,-0.202845,-0.181265,0.018479,0,0,0,0
0.688104,0.917400,-0.071329,0.935401,-0.941868,-0.516466,-0.081038,0,1,1,0
0.726990,0.883897,-0.781727,1.809934,-1.197794,0.348500,0.552293,0,0,0,0
0.693354,0.913885,-0.939629,1.259140,-1.639596,-0.549214,-0.796960,0,0,0,0
0.629715,0.916302,-1.275831,1.471741,-1.046340,-0.516406,-0.134892,0,0,0,0
0.425673,1.109640,-1.197463,1.171119,-0.427265,-0.590969,-0.417701,1,0,0,1
0.156879,0.763835,-0.880519,1.164216,-1.752671,-0.842215,-0.693635,0,1,0,0
0.476484,1.199061,-0.786300,0.324429,-0.367923,0.012606,0.262308,1,0,0,1
0.218650,0.714598,-0.887899,1.613446,-0.551498,-0.377538,0.026159,0,0,1,0
0.557634,0.461845,-1.012499,-0.066449,-0.143924,0.106954,-0.319741,0,1,0,1
0.145018,1.574647,-1.000264,0.993832,-0.910966,-0.630421,0.459185,0,0,0,0
0.372454,1.843508,-0.818873,0.769138,-0.968123,-0.094194,0.686704,0,0,0,0
-0.465519,1.370614,0.074747,1.004662,-0.737203,1.136199,0.002993,0,0,0,0
-0.252779,-0.031795,0.428518,-0.091584,0.061112,-0.323176,-0.196035,1,0,0,1
1.037169,-0.569156,0.028190,1.072286,-0.978758,-0.051424,1.096284,0,1,1,0
1.150541,0.047626,0.057943,0.509671,-0.782480,-0.205274,0.026353,1,0,0,1
1.004138,0.123756,0.099561,1.189593,-1.845491,-0.882219,-0.225066,0,1,0,0
0.892982,-0.270304,-0.606723,1.177533,-0.252637,0.744475,0.432421,0,0,1,1
0.805637,0.321199,-1.162595,0.754860,-0.160807,-0.827075,-0.009677,1,1,0,0
0.756428,0.460662,-0.873456,-0.176365,-1.474329,-0.387506,0.184141,0,0,1,1
1.009937,-0.352236,-0.682837,-0.548157,-1.232016,0.454745,-0.404691,0,1,0,0
-0.102178,-0.270869,-0.014932,0.860342,-1.053236,-0.615531,-0.596910,1,0,0,1
1.481827,-1.120958,0.398664,-0.512693,-2.019665,1.892791,0.877564,0,1,1,0
0.487437,1.327621,-0.788256,0.002376,-0.662300,-1.139826,-0.071459,1,0,0,1
0.708663,1.126065,-0.984602,-0.127113,-0.706366,-0.876257,-0.088529,0,0,1,0
0.206888,0.950599,-1.660868,0.226803,0.006281,0.009251,0.835848,1,1,0,0
0.574978,0.740129,-1.066949,-0.210574,-0.504661,0.385233,-1.204896,0,0,1,1
0.508415,1.005669,-0.271532,-0.167116,-0.794814,0.460796,0.462016,1,1,0,0
-0.246413,-0.003866,-0.099954,-0.306087,0.073503,0.622293,-0.655012,0,0,1,0
0.070729,-0.750065,0.539349,-0.142096,0.254210,0.291867,-0.657829,1,0,0,1
0.942177,0.179788,-0.415467,1.739218,-1.772873,0.549822,1.499365,0,0,0,0
0.926482,-0.264378,-0.336948,0.738773,-1.201221,-0.811332,0.113229,1,0,0,0
0.505634,-0.273974,-1.165914,1.038454,-1.300295,-0.645050,-0.772927,0,0,0,0
0.908166,0.376338,-0.742848,0.742646,-1.029131,1.154573,0.376101,1,1,0,0
0.959242,0.253565,-0.426976,0.549871,-0.513884,-0.570395,-0.204655,0,0,0,0
0.716056,0.293937,-1.200542,1.426209,-0.972371,0.326469,0.403530,0,1,0,0
0.627181,0.203745,-1.109674,1.219017,-2.275618,0.360503,-0.518140,0,0,0,0
1.325801,-0.146315,-0.172051,0.885153,-1.234151,-0.568100,-0.258052,0,1,1,0
0.674969,-0.342464,-0.795946,-0.017731,-2.471364,-0.462867,-0.606050,0,0,0,1
0.700294,-0.119732,-0.554818,0.843143,-1.531433,-0.860362,-0.758284,1,0,1,0
0.993599,-0.602779,-0.289740,-0.703428,-1.220335,0.597831,-1.312702,0,1,0,0
0.486974,-0.586067,-1.310721,0.542915,-1.584675,0.202834,-0.750668,0,0,1,1
0.866504,-1.873343,0.046737,0.226740,-0.632264,-1.099525,-1.442294,1,1,0,0
0.567323,-1.223281,0.695750,1.215145,-1.001074,0.555674,0.398572,0,0,1,1
0.907391,-2.595739,0.343518,0.496857,-0.997757,-0.576079,-0.301704,0,1,0,0
0.756928,-2.066348,1.021573,1.207430,-0.784408,0.623870,-0.026212,1,0,1,1
0.709655,1.615843,-0.464762,0.823984,-2.470915,0.646774,1.631108,0,1,0,0
1.063816,-0.018816,-0.657936,1.317678,-2.457182,-0.090444,0.429358,0,0,1,1
0.999138,-0.823774,0.141015,1.024954,-2.263617,-0.599771,0.526194,1,0,0,0
1.079133,-0.694922,-0.504951,0.802628,-2.906133,-0.519654,0.358875,0,1,1,0
0.902645,-0.601378,0.322277,-0.245567,-1.547014,-0.315646,0.507872,0,0,0,1
1.095684,-0.914501,0.342126,0.019065,-2.332046,0.019563,0.549035,1,1,0,0
0.517397,-0.616025,-0.214586,0.761998,-2.363507,-0.620406,0.767633,0,0,1,0
0.871062,-0.473794,0.390252,0.355873,-1.465405,-0.647695,0.073991,1,0,0,1
1.008839,-0.821721,0.943246,0.028665,-1.287485,1.057388,0.985919,0,1,0,0
0.807626,-0.403955,-0.413628,-0.332279,-1.738102,-0.511819,-0.209471,0,0,1,1
0.606122,0.115900,0.143342,0.052548,-1.391097,-0.323856,0.969411,1,0,0,0
0.429601,0.047766,-0.166596,-0.451332,-1.880130,-0.481286,-0.393523,0,1,1,0
0.633409,-0.184546,0.786943,-0.005140,-0.705971,0.004156,0.691528,0,0,0,1
0.490679,-0.100289,0.655265,-0.047992,-1.716588,-0.500666,-0.340803,1,1,0,0
0.309488,-0.271464,0.424271,-0.619630,-0.945517,-1.078298,0.195665,0,0,1,0
-0.148391,-0.688833,1.377548,0.722560,0.264567,0.280693,-0.729520,1,1,0,1
1.163696,-0.023999,0.998949,-0.727541,-0.581218,2.179405,1.511578,0,0,1,0
0.593015,0.432432,0.465890,-0.197778,-0.768913,-0.866566,-0.505480,1,0,0,1
0.333221,0.694720,-0.076812,-1.010630,-0.822245,-0.093531,1.256083,0,1,0,0
0.710168,1.101531,0.152539,-1.308044,-1.105261,-0.353594,-0.202562,0,0,1,1
0.708396,0.026562,0.495124,-0.675430,-1.289091,-0.213878,0.773554,0,1,0,0
0.167715,0.458931,0.338547,-0.338878,-1.507148,-0.903098,-0.363536,1,0,0,1
0.483327,0.636629,0.487952,-1.366982,-0.730105,-1.079368,0.677805,0,0,1,0
-0.130114,0.568566,0.027250,-0.725716,0.088305,-0.413736,-1.233463,1,1,0,1
0.704139,0.248416,-0.460547,-1.677086,-1.098138,-0.507819,0.643826,0,0,1,0
0.216695,0.598682,-0.984686,-0.936874,-0.877844,-0.707173,-1.114181,1,1,0,0
0.209892,0.118696,0.586253,-1.242692,0.395370,0.542931,1.097261,0,0,1,0
0.050731,1.121422,-0.607385,-0.988692,-1.077735,-0.287659,-0.515490,1,0,0,1
0.733285,-0.096557,0.557756,-0.930383,-0.377160,0.678969,0.736073,0,1,0,0
0.387286,0.301201,0.475916,-1.276871,-1.329452,-0.755317,-0.047300,0,0,1,1
0.473119,0.161659,0.517831,-0.785502,-0.507145,-0.601200,0.638467,0,1,0,0
-0.086019,0.639479,0.716271,-0.979564,-0.271393,-0.160356,-0.248667,1,0,1,1
0.548961,-0.081907,1.022930,-0.824003,-0.966614,-0.741577,0.958167,0,1,0,0
0.207294,0.287557,0.341140,-0.444616,-1.157315,0.173877,-0.334030,1,0,0,1
-0.081609,0.661105,0.489753,-1.151538,-0.521155,0.935975,1.396068,0,0,1,0
0.111288,1.247465,0.567657,-1.449906,-0.392521,0.125421,-0.503768,1,1,0,0
0.473232,-0.453750,0.560758,-1.008703,-0.692106,0.883170,0.806905,0,0,1,0
0.292279,-0.072628,0.435479,-1.014760,-1.274984,0.289748,-0.133149,0,1,0,1
-0.285047,0.427219,0.420434,-1.769655,-0.589314,-0.752217,0.790032,1,0,0,0
-0.027895,0.868304,-0.045312,-1.357485,-0.848828,-0.116766,-0.512631,0,0,1,1
0.290290,-0.416428,0.538363,-0.770823,-0.697929,-0.697822,0.480412,1,0,0,0
0.214770,0.155488,0.336295,-0.779918,-0.707733,-0.337029,-0.063153,0,1,1,0
-0.006219,0.475860,0.352881,-1.140341,-1.204531,0.760701,1.371486,0,0,0,1
0.081032,0.627755,-0.112850,-1.476132,-1.529886,-0.187560,-0.953386,1,1,0,0
0.191435,-0.508225,0.420350,0.657997,0.728509,0.952820,0.468831,0,0,1,0
-0.022949,-0.274830,0.072322,-0.658920,-0.054531,-0.691105,-1.270517,1,0,0,1
-0.471420,-0.053802,1.117675,-0.838388,1.367928,-1.162626,0.765682,0,1,0,0
-0.669759,0.462183,0.302332,-0.742096,1.013689,-0.610550,-1.212916,1,0,1,1
0.799824,0.495677,0.050601,-1.419594,-1.440066,0.712031,1.108094,0,1,0,0
0.440958,-0.009711,0.592270,-0.766396,0.395622,-0.523306,-0.118605,0,0,1,1
0.141587,0.326953,0.879365,-1.492018,-0.818607,1.888872,0.762573,1,0,0,0
0.231712,1.333778,-0.389751,-1.814185,-0.973096,-0.221860,0.238267,0,0,1,1
0.611041,-0.279756,1.028180,-0.773548,-0.500918,2.333949,0.903080,0,1,0,0
0.567611,0.287919,0.209917,-1.347207,-0.868418,0.354565,-0.704026,1,0,0,1
0.370970,-0.478592,0.891300,-0.522584,-0.593330,-0.320263,0.781179,0,0,1,0
0.024361,-0.331743,0.435160,-0.129121,0.713528,-0.414620,-1.530493,1,1,0,1
0.906573,0.303136,-0.015622,-0.479880,-0.014092,-0.268801,0.855333,0,0,1,0
0.229276,0.851381,-0.165158,-0.295049,-1.347067,-0.501223,0.238232,1,1,0,0
0.309434,0.498861,1.138116,-1.210212,0.412754,-0.623498,0.270201,0,0,1,0
-0.040706,1.280106,0.372842,-0.637809,-0.634184,-0.882458,-0.703314,1,0,0,1
0.809583,0.252851,0.775959,-1.067504,-0.635361,2.199884,0.824363,0,1,0,0
0.484853,0.078335,0.460283,-0.819574,-0.313266,-0.484145,-0.287393,0,0,1,1
-0.111127,0.488535,0.592298,-0.654938,-0.172834,-0.137563,0.802629,1,0,0,0
-0.255384,0.003927,0.451470,-1.285857,0.632823,-0.159429,-1.320861,0,1,1,1
0.527606,0.414166,0.225473,0.357211,-0.329455,-0.289116,0.702785,1,0,0,0
0.350363,-0.130175,0.697862,-0.383166,0.171602,-0.528923,-0.957722,0,1,1,0
0.346756,0.489790,0.512435,-0.760328,-0.067644,-0.907081,0.602406,0,0,0,1
0.066666,0.334522,0.320596,-0.632028,0.389081,-0.216586,-0.572157,1,1,0,0
0.429461,-0.644292,1.214196,0.357714,0.972818,2.487906,1.053952,0,0,1,0
0.433460,0.269613,0.440225,-0.441812,-0.347918,-0.825769,-0.300057,1,0,0,1
0.066802,0.309527,0.505213,-0.272927,-0.048537,-0.208504,0.857752,0,1,0,0
0.335800,0.166569,0.549740,-0.647362,0.449769,0.070859,-1.104612,0,0,1,1
0.603186,-0.551631,1.071420,-0.298330,0.362782,-0.237854,0.852632,1,0,0,0
0.501141,-0.372216,0.497685,-0.376900,-0.515972,-0.292935,-0.575115,0,1,1,0
0.331747,0.256839,0.340709,-0.541959,0.027562,-0.927432,0.451684,0,0,0,1
0.326495,0.245378,0.572193,-0.788077,-0.761481,-0.172464,-1.098898,1,1,0,0
0.254734,-0.906607,1.172706,0.446520,1.133740,2.980212,1.108087,0,0,1,0
-0.061339,-0.346293,0.547126,-0.801549,0.201843,0.150029,-1.081321,1,0,0,1
-0.411816,-0.675295,0.593714,-0.609984,0.632964,0.755066,0.709503,0,1,0,0
-0.195914,0.355142,0.648816,-1.229947,0.616352,-0.073457,-1.370204,1,0,1,1
1.199228,0.202576,-0.489588,-1.684165,-1.127568,1.047228,0.901554,0,1,0,0
0.631570,-0.165563,-0.498468,-1.949734,-1.303906,-0.591309,-0.929640,0,0,1,1
0.288373,0.619356,-0.850520,-2.107216,-1.011231,-0.931331,0.491460,0,1,0,0
0.267765,1.191395,-0.739454,-2.018205,-1.287309,-0.035831,-0.278227,1,0,0,1
0.531435,0.478937,0.279958,-0.883627,-0.379116,-0.731768,0.854977,0,0,1,0
0.496853,0.592351,0.526120,-1.030620,-0.449814,-0.343480,-0.557207,1,1,0,0
0.072442,0.557087,-0.013555,-0.857772,-0.023004,0.496420,1.010334,0,0,1,0
-0.534408,0.946841,0.915478,-0.540394,0.958268,-0.980959,-1.626636,1,1,0,1
0.916478,0.342092,0.102505,-0.550040,-1.142921,1.984619,1.098296,0,0,1,0
0.607256,0.530429,0.309159,-1.210215,-0.849275,-0.584685,-0.375895,0,1,0,1
0.023317,0.785182,0.359189,-1.684963,-0.682148,-0.991745,0.882204,1,0,0,0
-0.089297,0.930041,-0.358655,-0.933370,-0.475153,-0.091032,-0.841462,0,0,1,1
0.444353,0.341547,0.456431,-1.015749,-0.422763,-0.904920,0.435438,0,1,0,0
0.255038,0.254412,-0.516809,-0.969538,-1.712400,-0.592094,-0.826658,1,0,0,1
-0.074968,-0.279354,0.491370,-1.172943,0.511521,0.742336,1.004923,0,0,1,0
-0.312999,0.484393,0.537204,-1.104621,0.326087,-0.882571,-0.998921,1,1,0,1
1.009154,-0.167873,0.068221,-0.234907,-0.007399,1.514678,1.036961,0,0,1,0
0.627156,0.783991,0.006845,-1.271643,-1.531532,-0.677316,-0.603678,1,1,0,0
0.364240,0.864405,0.886637,-1.473136,-0.597327,-1.424547,1.107806,0,0,0,1
0.280829,1.904266,-0.233024,-1.333011,-0.818585,-0.236393,-0.228113,1,0,1,0
0.374858,-0.134344,0.407019,-0.666119,-0.706134,-1.080481,0.258562,0,1,0,0
0.350884,0.212147,0.345616,-1.162875,-0.583789,-0.358844,-0.135030,0,0,1,1
0.189299,0.688164,0.345238,-1.698707,0.105416,0.941456,1.244681,1,0,0,0
-0.063279,0.644845,0.533627,-0.850518,0.723595,-0.872223,-1.016374,0,1,1,1
0.791340,-0.688517,0.263910,0.167877,1.210323,2.212187,0.652431,1,0,0,0
0.428658,-0.010263,0.230102,-0.430358,1.284876,0.063470,-0.094727,0,1,1,0
0.115305,0.168022,0.429687,-0.052642,1.178152,-0.754174,0.829663,0,0,0,1
0.030986,1.260389,-0.059189,0.093253,0.045660,-0.647074,-0.316142,1,0,1,0
0.416126,-0.295002,0.471881,0.475443,0.263508,-1.140769,0.325377,0,1,0,0
0.389714,0.305178,-1.013285,-0.270677,0.307602,-0.783806,-0.562148,0,0,1,1
0.291043,-0.352928,0.387545,-0.329652,0.974806,0.837025,1.246065,0,1,0,0
-0.449591,0.847509,0.567084,-0.626347,0.929823,-0.508944,-0.908185,1,0,1,1
0.922918,0.110002,1.125650,-0.080986,-0.646608,2.182720,1.074306,0,1,0,0
0.071353,0.912646,-0.116521,0.017747,-0.610782,-0.821672,0.024264,1,0,0,1
-0.050272,0.511778,1.061913,-1.341523,0.114125,-0.606173,1.257104,0,0,1,0
-0.160795,1.506149,-0.049352,-0.407186,-0.359320,-0.572670,-0.374446,1,1,0,0
0.694413,-0.230750,0.963874,-0.541110,-0.887704,-0.582691,0.597588,0,0,1,0
0.352370,0.263777,0.774167,-0.457692,-0.153732,-0.155217,0.436720,0,1,0,1
0.203799,0.374037,0.604405,-0.692688,0.621957,-0.711863,0.089661,1,0,0,0
-0.104161,0.267189,0.125940,-0.554769,0.573295,-0.557284,-0.606589,0,0,1,1
0.526748,0.434417,-0.637103,0.556910,-1.075131,1.361945,1.114215,1,1,0,0
0.254098,1.190376,-0.052738,0.326703,-2.062467,-0.529875,-0.098857,0,0,1,1
0.131198,1.190483,-0.449693,-0.133843,-0.933001,-0.407274,0.881544,1,1,0,0
0.463823,1.344032,-0.148102,-0.262754,-1.581251,1.394644,-0.042521,0,0,1,1
-0.536439,2.058262,-0.110922,-0.241248,-0.473447,-1.086886,1.554117,1,1,0,0
-0.502313,1.988438,-0.783255,-0.208823,-0.531785,0.653036,-0.383754,0,0,1,1
-0.468514,2.027522,-0.414586,-0.037506,0.385414,-0.906492,0.391821,0,1,0,0
1.339602,-0.530719,1.016791,1.348028,-1.903955,1.232568,0.123303,1,0,0,1
1.214563,0.408134,-0.826453,1.394231,-1.746116,0.589959,1.351264,0,0,0,0
1.066053,0.374569,-0.714991,0.745990,-1.686327,-0.072217,-0.005909,1,0,0,0
1.084561,0.452567,-0.499719,0.596672,0.151374,0.297362,0.816475,0,0,0,0
1.053781,1.166016,-1.615327,0.417000,-0.492232,0.275224,-0.589545,1,0,0,1
1.038341,0.087458,-0.195253,0.048397,1.066314,-0.271027,0.805461,0,0,0,0
1.162642,-0.025357,-0.356488,-0.390983,-0.130566,-0.434594,0.464015,0,0,0,1
0.736558,0.468867,-1.335027,-0.285772,-0.396426,-0.607005,0.459189,0,0,0,0
1.191587,0.640468,-0.631782,-0.239509,0.253747,-0.285359,0.263459,1,0,0,1
1.262078,-0.192100,-0.280944,0.460435,-0.106657,1.285453,0.949465,0,0,0,0
1.284884,0.328881,-0.884907,-0.412601,0.346598,-0.328845,-0.017976,1,0,0,0
1.186625,0.292968,-0.445048,-0.530134,0.139337,-0.312684,1.094315,0,0,0,0
0.737265,1.249446,-0.222478,-1.143833,-1.958789,-0.090201,-0.222585,1,1,0,0
-0.138276,-0.470674,0.958640,0.243487,-0.003576,-0.509511,0.175001,0,0,1,0
-0.471018,-0.109437,0.988802,0.529086,0.215730,-0.183967,-0.587823,0,1,0,1
-0.203324,-0.256507,1.145764,-0.205110,0.788140,-1.040187,0.291401,1,0,0,0
0.173919,-1.270736,0.842477,0.861902,-1.405698,-0.186235,-1.457353,0,0,1,1
2.029677,-1.058547,0.817713,-0.172646,-0.811620,-0.278254,1.395430,0,0,0,0
1.050828,1.044077,0.074478,-0.183387,-0.720284,-0.548586,0.067994,1,0,0,0
0.904880,0.803336,-0.304383,-0.541442,-0.259642,-0.156377,1.304972,0,0,0,0
1.294816,0.996462,-0.421400,-0.770602,-0.576668,-0.469472,0.164937,1,0,0,1
0.930177,0.350426,0.311255,-1.036939,-0.406690,-0.087790,0.786506,0,0,0,0
1.105547,0.412045,-0.204607,-1.389599,-1.365024,-0.151830,-0.273339,0,0,1,0
0.593894,0.791228,0.558087,0.192270,-0.337302,-1.039279,0.552889,0,0,0,0
0.199183,0.048977,0.502011,0.505791,0.263684,-0.158034,-0.830236,1,0,1,0
1.196789,0.599918,-0.171105,0.047687,-0.391677,-0.099495,0.669040,0,0,0,0
0.809865,0.902729,-0.307692,-1.238537,-1.578228,0.085043,0.384009,0,0,1,0
0.717040,0.681439,0.219404,-0.996559,0.715874,0.420131,1.180090,0,0,0,0
0.628736,1.444089,-0.726946,-1.436771,-1.169566,-0.839373,-0.278941,0,0,1,1
0.686996,0.405169,0.241212,-0.825378,0.160026,0.549870,1.019471,0,0,0,0
0.920055,1.072775,0.119685,-1.179931,-1.297060,0.131072,0.035061,0,0,1,0
0.028634,0.305771,1.061101,-0.341820,0.076247,-0.588602,0.461004,0,0,0,0
0.260112,-0.955565,1.196889,0.553461,-0.484381,-0.709866,-0.620530,0,0,1,1
0.983216,1.362273,0.471343,0.219533,-0.723529,-0.789673,1.246800,0,0,0,0
0.818172,0.469948,0.282649,-0.304072,-0.332581,-0.098993,-0.329545,0,0,0,1
0.401117,0.779323,-0.071724,-0.920450,0.356198,0.393758,1.195026,0,0,0,0
0.824393,0.591806,-0.340778,-0.652959,-0.181725,0.092537,-0.352290,1,0,0,1
1.186529,-0.049386,0.075694,-0.716895,0.590645,1.357288,0.733570,0,0,0,0
1.104878,0.745881,-0.558079,-0.426463,-0.527955,0.069820,-0.172899,0,0,0,1
1.049835,0.522439,-0.132150,-0.993601,0.074820,-0.372945,1.154406,0,0,0,0
0.896990,1.022135,-0.567648,-0.974789,-0.294384,-0.417563,-0.009483,1,1,0,0
0.808077,0.052815,-0.406592,-0.747889,0.284107,-0.788017,0.638364,0,0,0,0
0.728046,0.971816,-1.490130,-0.067893,-0.915091,0.084838,-0.488655,0,1,0,0
0.798316,-0.048916,0.137021,-0.982658,0.477765,1.179260,1.401485,0,0,0,0
-0.175505,1.136710,0.759409,-0.000017,-0.124790,-0.195024,-0.964317,0,0,1,1
0.283084,-1.093600,0.618080,-0.115567,0.540452,1.737702,0.759852,1,0,0,0
-0.126774,-0.392260,0.207267,-0.828703,0.764593,-0.100849,-1.626382,0,1,1,0
-0.616234,0.122238,1.080191,-0.882993,1.311671,-0.773825,0.936937,0,0,0,1
0.037164,-1.212773,1.295334,-0.123552,-1.152974,0.144149,-1.205893,1,1,0,0
1.900704,-0.473134,0.923959,-0.600091,-1.826853,-0.501275,0.983199,0,0,0,0
1.333256,0.636675,-0.379155,-0.533521,-0.735294,-0.207970,0.461277,0,0,0,1
0.624844,1.227791,-0.637969,-0.343849,-0.453408,-1.362058,0.575908,0,0,0,0
1.309929,0.764247,-0.421860,-0.550510,-0.837245,0.496164,0.251323,1,0,0,1
0.911176,0.450491,-0.080435,-0.496037,-0.130789,1.385315,0.797786,0,0,0,0
1.000633,0.913657,-0.543306,-0.677194,-1.676766,-0.274253,-0.528297,0,1,0,0
0.880885,0.674620,0.632010,-1.046802,-0.909187,-0.689746,1.154601,0,0,0,0
0.673293,1.021021,0.721465,0.519238,0.429033,-0.498526,-0.369448,0,1,0,1
1.205482,0.569220,-0.176851,-0.545822,0.284760,0.356831,1.349438,0,0,0,0
0.922298,1.251319,-1.108178,-0.450232,-1.531813,-0.550536,0.295824,0,1,0,0
1.038439,0.609296,-0.426796,-1.470485,0.463903,-0.697895,0.442964,0,0,0,0
0.669442,1.355289,-0.486842,-1.205590,-0.174316,-0.702663,0.039483,1,1,0,0
1.202013,-0.010623,0.440225,-1.186534,-1.013120,2.101533,1.175277,0,0,0,0
0.860952,0.847856,-0.173068,-1.445551,-1.063149,-0.138510,-0.299783,0,1,0,0
0.531293,0.307523,1.146895,-1.412794,-1.210096,0.133461,0.919022,0,0,0,0
-0.101988,-0.031932,0.912533,0.045991,0.454629,0.034253,-1.489467,1,1,0,0
1.051414,0.465095,0.792462,-0.030469,-0.325151,-0.074811,1.243356,0,0,0,0
1.015168,0.257241,0.433065,-1.032420,-0.886150,-0.140988,-0.284905,1,0,0,0
0.773781,0.880297,0.022477,-1.108948,-0.257125,-0.449653,0.640359,0,0,0,0
0.878448,0.937060,-0.570256,-0.806853,-0.328877,-0.206621,-0.332671,1,0,0,1
1.039333,0.003293,0.624004,-0.669128,-0.395397,2.107844,1.332638,0,0,0,0
1.225480,-0.249145,-0.374117,-0.933906,-0.256918,0.346384,-0.737871,1,0,0,0
0.845071,0.978230,-0.258677,-1.028304,-0.419514,0.247880,1.320139,0,0,0,0
1.103116,0.769759,-0.480040,-1.215805,-0.026918,0.037445,-0.291308,0,0,1,1
0.660071,0.088010,-0.165111,0.169849,0.558104,-0.511888,0.958500,0,0,0,0
0.628331,-0.070657,-0.134158,-0.993408,0.371129,-0.178775,-0.255028,0,0,1,0
0.698111,0.678504,0.119106,-0.779380,-0.976582,-1.014451,0.518452,0,0,0,0
0.363098,0.667493,0.420608,-0.868813,-0.774217,-0.240654,-0.497368,1,1,0,0
0.107892,-0.327091,0.174786,-0.083533,0.049145,-0.949098,0.122833,0,0,0,1
0.004491,-0.509162,0.519768,-0.447615,0.380048,-0.359228,-0.763275,0,1,1,0
-0.323319,0.128356,0.918981,-0.415299,0.790411,1.102381,0.868686,1,0,0,0
0.016602,0.586158,1.037840,-0.887990,0.315381,0.765246,-1.031090,0,0,1,1
1.831414,-0.275917,0.342110,-0.100403,-0.443736,0.804785,1.044606,0,0,0,0
1.122545,0.108053,-0.552624,0.204576,-0.222035,-0.238652,-0.582511,1,0,0,0
0.884321,0.751489,-0.421790,0.315130,-0.073433,-0.947904,0.452531,0,0,0,0
1.009123,0.424572,-0.486658,-0.687322,0.881677,0.374144,-0.058339,1,0,0,1
0.960633,0.091781,0.075413,-0.144186,0.067880,-1.031267,0.757713,0,0,0,0
0.784413,0.443925,0.189769,-0.351535,0.182723,-0.171344,-0.340501,0,0,1,0
-0.040238,-0.334264,0.615858,0.345517,0.416227,0.511014,0.757426,0,0,0,0
1.153975,-2.457530,1.584451,0.874112,-1.998140,2.063086,-1.030511,1,1,0,0
1.036381,0.365403,0.192406,0.286537,0.989712,0.611278,1.365069,0,0,0,0
1.187202,0.163840,-0.948129,-1.019341,0.130403,-0.530320,-0.645188,0,0,0,1
1.232530,0.243973,-0.907244,-0.280185,0.138506,-1.330837,1.026312,0,0,0,0
0.913830,1.042525,-0.989755,0.550386,0.324204,-0.095145,-0.170573,1,0,0,1
1.148978,0.363682,-0.605547,-0.263381,0.196962,-1.007712,0.662064,0,0,0,0
1.040352,0.419422,-0.972369,-0.766675,0.162259,-0.248143,-0.232653,0,1,0,0
0.342523,-0.307738,-1.160060,-0.896364,-0.234023,0.881969,0.942668,0,0,0,0
0.386794,-1.163087,0.728509,0.307524,-2.228072,0.079159,-0.664963,1,0,0,1
1.848679,-0.033257,0.073518,-0.280701,0.370832,1.844286,1.250486,0,0,0,0
1.234117,0.692309,-1.818866,-0.398718,-1.362224,-0.389540,0.007198,0,0,0,1
0.903855,0.798774,-0.398403,-0.984954,0.360006,-0.972244,1.116281,0,0,0,0
1.078687,0.541518,-1.331765,0.113715,0.094806,-0.421062,-0.205107,1,0,0,1
1.193864,0.219835,-0.176265,-0.277482,0.006799,-0.703858,0.529891,0,0,0,0
1.245037,0.383992,-0.569226,-0.757780,-1.235954,-0.265923,0.249288,1,0,0,0
0.482327,-0.620856,0.650369,-0.076013,0.661221,-0.303624,1.154766,0,0,0,0
0.579503,-0.922787,0.573219,1.504111,-1.109537,-0.325450,-0.876808,0,0,1,1
1.071276,0.602845,0.040673,-0.870818,-0.107642,1.629281,1.088711,0,0,0,0
0.815168,0.408490,-0.148091,-1.534926,-0.988091,-0.437011,0.232232,0,1,0,0
0.798110,0.975187,-1.008178,-1.451174,-0.393891,-0.580549,1.001053,0,0,0,0
0.883552,1.049397,-0.818671,-1.628231,0.252600,0.666573,-0.159671,1,1,0,0
1.023333,0.531507,-0.619588,-1.126298,-0.757837,-0.975935,0.601998,0,0,0,0
0.955830,0.542795,-0.708291,-1.182725,-0.301974,-0.382950,-0.217148,0,0,1,0
0.417082,0.912876,-1.222188,-1.476082,0.370036,-0.872770,0.456910,0,0,0,0
1.494285,-0.986229,0.286883,-0.030829,-1.517161,1.606110,-0.448785,0,0,1,1
0.800703,0.355326,-0.443302,0.672225,1.184385,0.239080,1.095872,1,1,0,0
0.782793,1.315934,-1.165079,0.854818,-0.615877,-0.904494,0.086820,0,0,1,1
0.569975,1.031261,-1.104840,0.361208,0.061123,-0.241505,1.213454,0,1,0,0
0.713881,1.316685,-1.179471,0.252510,0.188833,0.768560,0.127694,1,0,0,1
0.443490,1.440816,-1.373366,1.059459,-0.480310,-0.903684,0.705536,0,1,1,0
0.645575,1.238583,-1.697065,0.462889,0.358238,0.473799,0.592242,1,0,0,1
0.456064,0.839504,-1.220431,0.450852,-1.686368,-0.486230,0.088449,0,0,1,0
0.031422,1.052420,-0.223625,1.028412,-1.551087,0.449683,-1.026457,1,1,0,0
0.907667,1.273621,0.150868,0.422119,-0.735458,2.247209,1.395687,0,0,1,1
0.628836,2.308106,-1.417984,0.895142,-1.525692,-0.804436,0.662258,1,1,0,0
0.272243,1.967501,-1.922090,0.335830,-1.144071,0.117662,0.729199,0,0,1,1
0.677858,2.109909,-1.701149,0.357449,-1.840938,-1.015140,0.035931,1,1,0,0
0.127051,2.107361,-1.448451,-0.494757,-0.605074,-0.762525,1.222773,0,0,1,1
0.023172,2.265839,-1.527154,-0.048540,-0.586940,0.897625,0.833358,1,1,0,0
0.322048,2.637883,-1.599508,-0.908244,-1.125242,-0.772920,0.497580,0,0,1,0
0.140894,2.245852,-1.324783,0.019329,-1.173358,0.691381,-1.049146,1,1,0,1
0.257676,-0.305453,-0.464425,2.366099,-1.863438,3.412891,1.248972,0,0,1,0
0.118531,-1.419259,-0.017604,1.597389,-1.637015,-0.818555,-1.270241,0,0,0,1
0.175887,-2.507450,0.684814,0.910398,-0.631950,0.814670,-1.602624,0,1,0,0
-0.005187,-1.038814,1.109505,-0.011784,-0.685090,-0.260948,-1.279925,1,0,0,1
0.835358,-0.365078,1.381767,0.268359,-0.438359,0.475278,0.841719,0,0,1,0
0.540480,0.534750,1.137569,-0.070259,-1.342536,-0.260017,0.119980,0,1,0,0
0.731977,-0.328621,0.360558,-0.834249,-1.074177,0.744017,-0.925183,1,0,0,0
0.155030,-0.424761,0.398781,-0.683461,0.224906,-0.336016,-0.084043,0,0,1,1
0.291652,-0.403131,0.761423,0.561508,0.341077,-0.866901,0.840832,1,0,0,0
0.574635,0.236864,0.380856,0.332310,-0.224499,0.174828,-0.514794,0,1,0,0
0.716997,-0.571423,1.245987,-0.271394,0.536738,0.918032,-0.471442,0,0,1,0
0.467780,0.995189,1.220110,-0.832117,-1.078110,-0.126599,0.146996,1,0,0,1
0.791453,0.349783,0.804218,-0.673879,-1.479801,0.046384,0.962694,0,1,0,0
0.305091,0.722093,0.426185,0.232434,-1.121833,-0.663687,0.118398,0,0,0,1
0.559352,0.349308,0.813407,-1.385247,-1.283667,0.401604,-0.010636,0,0,1,0
0.178085,1.388796,0.649705,-1.074842,-1.260838,-0.804653,-0.096695,1,1,0,0
0.173342,0.299060,0.616304,-0.865109,-0.008337,-1.122868,0.788461,0,0,0,1
0.098036,1.125095,0.031288,-0.393088,-0.817955,-0.375446,-0.592494,0,1,0,0
0.771083,-0.988626,1.190754,-1.303786,-0.431875,0.959226,-0.992986,0,0,1,0
-0.128443,-0.147555,1.303055,-0.638219,-0.146240,-0.493313,-1.723884,1,0,0,1
0.815075,0.323874,0.978972,-0.704441,-1.151545,1.018398,1.468608,0,1,0,0
0.233087,0.588758,0.753607,-0.491846,-1.569639,-0.507504,-0.101810,0,0,1,0
0.359660,-0.227514,0.833710,-0.868646,-0.442527,0.390097,-0.794004,1,0,0,0
0.109748,-0.314680,1.078411,-1.252243,0.816911,-0.225398,-1.113677,0,0,1,1
0.686930,0.121008,-0.329146,-0.673634,0.403588,-0.454675,1.018531,0,1,0,0
0.257802,0.735702,-0.640477,-0.629720,-0.301897,-1.041222,-0.558675,1,0,0,0
0.808889,-0.797168,0.993139,-0.811349,-0.433309,1.320516,-0.638206,0,0,1,0
0.324196,-0.368202,0.972850,-1.020683,-0.965446,-0.161190,-1.194220,1,0,0,1
0.245304,-0.039183,1.123611,0.384386,0.439631,0.448434,0.768196,0,0,1,0
0.006474,0.747743,1.057775,0.191925,0.355352,-0.511772,-0.127501,0,1,0,0
0.273921,-0.313946,1.086639,-0.230400,-0.125992,0.719483,-1.921539,1,0,0,0
-0.467781,-0.615667,1.970056,-1.133837,0.396227,-0.588342,-1.100201,0,0,1,1
0.485016,0.738147,0.451122,-0.469488,0.075149,-0.164727,1.280386,1,0,0,0
0.206339,1.337541,0.917614,-0.599528,-0.731953,-0.265618,-0.340984,0,1,0,0
0.727208,-0.335095,1.703198,-1.010700,-0.580799,1.013118,-0.821333,0,0,1,0
0.327477,0.559447,1.101857,-1.129765,-0.441519,-0.531781,-0.396527,1,0,0,1
0.587561,0.051100,0.758552,0.644659,-0.796698,0.915248,1.056322,0,1,0,0
0.366467,0.659419,0.186636,-0.165195,-0.531061,-0.806980,-0.025122,0,0,0,1
0.420284,-0.035810,0.920677,-0.923130,-0.246836,1.235516,-1.213874,0,1,0,0
0.278693,0.164436,0.182624,-1.001188,-0.485989,-0.281453,-1.232095,1,0,1,0
0.580511,-0.687159,0.582722,-0.300593,0.723391,-0.784883,1.171911,0,0,0,1
0.243833,0.625737,-0.319556,0.374863,0.532809,-0.442280,-0.394357,0,1,0,0
1.136638,-0.457791,-0.056013,-1.161678,0.519130,0.540670,-0.542896,1,0,0,0
0.885430,-0.017281,-0.021884,-0.465380,0.283371,-0.721073,-0.866433,0,0,1,1
0.736873,0.193452,0.388260,-0.214433,0.626911,0.237320,1.112069,1,0,0,0
0.285807,0.213184,0.582388,0.139774,0.298512,-0.280828,-0.636545,0,1,0,0
0.671034,0.014142,0.738413,-0.852989,0.841419,0.591302,-1.024477,0,0,1,0
-0.120377,-0.088829,2.436946,-0.710896,0.578904,-0.412323,-0.860172,1,0,0,1
0.555605,0.498563,0.051194,-0.257058,0.220183,0.026752,1.021214,0,1,0,0
0.708204,0.866392,-0.478094,-0.739972,0.304743,-0.307435,-0.125107,0,0,0,1
1.268154,-0.231386,0.009736,-1.063698,0.542028,0.799650,-0.529334,0,0,1,0
0.883852,0.123491,0.662825,-0.736276,0.168390,0.133382,-0.327226,1,1,0,0
0.608110,0.461267,-0.121745,0.268719,-0.579787,1.692698,1.031425,0,0,0,1
0.495570,0.281222,-0.452981,0.188714,-0.193725,-0.064841,-0.456474,0,1,0,0
0.175239,-0.739339,0.678531,-0.859683,0.609662,-0.011565,-1.660835,0,0,1,0
-0.222864,0.299934,0.347059,-0.707759,0.440241,0.103499,-1.215665,1,0,0,1
0.256494,-0.406280,0.167106,0.202515,1.379967,-0.378976,1.767879,0,1,0,0
-0.177514,1.454544,-0.510483,0.506411,0.223918,-0.819012,-0.675628,0,0,1,0
0.822168,-0.461192,0.857454,-0.573204,1.128956,0.943029,-1.136751,1,0,0,0
0.522128,-0.121216,0.709668,-0.556800,0.720499,-0.707085,-0.643412,0,1,0,1
0.460580,-0.309322,0.499868,0.354182,0.667314,1.904322,0.882872,0,0,0,0
0.154410,0.107988,0.240275,0.426112,0.278915,0.564709,-0.729732,0,1,1,1
0.362336,0.644726,-0.088021,1.052395,0.579533,0.235633,-0.670003,0,0,0,0
0.605010,1.036700,0.533867,1.080325,-1.359997,-0.161650,-0.274287,1,1,0,1
0.943360,1.033022,-0.632798,0.799334,-2.087628,0.746941,1.252453,0,0,1,0
0.926784,0.360145,-0.607780,0.722710,-1.956566,-0.077802,0.758630,1,1,0,0
1.536436,-0.035950,-0.170249,-0.557788,-1.206609,-0.357534,0.414636,0,0,0,1
1.374484,0.153438,-0.557594,-0.792135,-1.559638,0.032171,0.848902,1,1,1,0
1.347566,0.032417,0.329559,-1.497269,-0.780700,-0.807860,0.846503,0,0,0,1
1.174447,0.229735,0.093085,-1.059204,-0.658728,-0.690665,0.781721,0,1,1,0
0.886055,0.267712,0.404348,-0.906481,-0.422516,0.455210,0.777517,1,0,0,0
0.686396,0.619646,0.674789,0.000410,-1.605912,-0.700323,0.865194,0,1,1,1
0.403987,-0.393637,0.803099,-0.716803,-0.741964,-0.090210,0.503372,1,0,0,0
-0.053275,0.287891,0.540888,-0.002661,-0.633826,0.978221,1.021869,0,0,1,1
-0.170942,-1.379610,1.235186,0.741290,0.862806,-0.859052,0.380354,0,1,0,0
0.001756,-0.348395,0.487773,0.306294,-0.030193,0.345500,0.866621,1,0,0,1
1.173124,-1.637467,0.704792,1.755700,0.192278,-0.954209,0.705748,0,1,1,0
0.365935,-1.311687,1.254284,0.762677,-0.555214,-0.610451,1.076181,1,0,0,1
1.356188,0.362346,0.056882,-0.256969,0.290708,0.676538,0.996373,0,0,1,0
0.214737,-0.520990,0.577157,-0.127205,0.511529,-1.046439,0.316155,1,1,0,1
1.103094,-0.080747,0.588977,0.242993,0.931075,0.433142,0.801125,0,0,1,0
0.868852,0.220055,-0.381844,0.237054,0.370737,0.660024,1.189696,1,1,0,0
0.965685,-0.324885,0.467448,-0.325165,1.178026,-0.124617,0.726723,0,0,0,1
0.709689,0.037000,-0.177987,-0.486625,1.437062,-0.353381,1.086162,1,1,1,0
1.062319,-0.057851,-0.578346,-0.378960,0.196658,-1.035115,0.410401,0,0,0,1
0.765707,0.761069,-0.489188,-0.747014,0.151128,-0.460107,0.643216,0,1,1,0
0.337016,-1.335991,1.763756,1.218560,0.449391,1.571911,0.521801,1,0,0,0
0.239305,-1.261044,0.773096,0.240223,-0.776672,-0.502590,0.853612,0,1,1,1
1.675332,-0.514108,-0.522154,0.889849,-0.026304,1.473053,0.787621,1,0,0,0
1.163871,0.050307,-0.891066,0.176434,-0.980536,-0.716696,0.484840,0,0,1,1
1.281210,-0.311585,-0.441179,-0.360553,0.146291,-0.544355,0.877144,0,1,0,0
0.691841,0.269546,-1.231838,-0.109578,0.124106,0.278257,0.846118,1,0,1,1
1.058719,0.349901,-0.831447,0.110561,-0.450745,-0.634886,0.579605,0,1,0,0
0.917827,-0.350640,-0.368784,-0.193090,1.118977,-0.218211,0.954348,1,0,0,1
0.763911,-0.187411,0.433016,-0.221324,1.446972,1.055641,0.879634,0,0,1,0
1.024934,-0.293808,0.430815,0.026906,-0.409575,-0.104586,0.167719,0,1,0,1
1.476317,-0.324888,-0.136252,0.453854,-0.605222,0.970078,0.868098,0,0,0,0
1.169431,0.073806,-0.249589,-0.006886,-0.509862,-0.758000,0.490388,0,1,0,0
1.184276,-0.153304,0.016088,0.240033,-0.040549,0.080204,0.692633,0,0,0,0
0.972188,0.197388,-0.614794,0.253966,-1.011819,0.333580,0.783102,1,1,0,0
1.173488,-0.764356,0.583624,-0.289442,0.235531,-0.905766,0.833207,0,0,0,0
0.827444,0.561724,-0.324880,0.215266,-0.197246,-0.222505,1.128842,0,0,1,0
1.011704,0.167858,0.068161,-0.387848,0.257343,-0.911921,0.312837,0,0,0,0
0.971096,0.197549,-0.208530,-1.483400,-0.472570,-0.278737,0.605255,0,0,1,1
0.690194,-0.015791,0.098631,-0.388019,0.434210,0.877943,1.194210,0,0,0,0
0.837738,0.760998,0.490492,-0.729779,-0.191407,-0.533732,0.649281,0,1,0,0
0.754657,0.516932,1.142808,-0.029067,-0.799029,0.607560,0.706245,0,0,0,0
0.165280,-0.764252,1.223901,0.510431,-1.310953,0.699443,0.634228,1,1,0,0
0.854875,0.229096,0.581416,-0.019825,0.116920,-0.029851,1.016218,0,0,1,0
0.638277,0.627513,-0.413741,0.211207,0.732715,-0.330702,0.871866,1,0,0,1
0.243761,-0.553014,1.080916,0.422465,0.721689,-0.817562,0.075779,0,1,0,0
0.052395,-1.571818,0.508871,-0.286639,0.508671,-0.663703,0.391715,0,0,1,1
1.794224,0.114917,-0.142132,0.042551,-0.400101,2.682828,1.447628,1,1,0,0
1.040463,0.180627,-0.604652,0.786010,-1.405726,-0.921813,0.580553,0,0,1,1
1.363425,-0.138283,-0.272601,-0.207690,-0.347141,0.404708,0.538759,1,1,0,0
1.350619,0.473694,-0.906142,-0.745118,-0.095984,-0.501243,0.888802,0,0,1,1
0.968860,0.290411,-0.562423,-0.534142,0.009572,-0.750066,0.736199,1,1,0,0
1.152269,0.468216,-0.657504,-0.146286,-0.577540,0.236161,0.999593,0,0,1,1
0.926044,0.965645,-1.453405,0.520468,-1.929335,-1.104000,0.832655,1,1,0,0
0.830562,0.353324,-0.345078,0.885984,-0.830812,-0.675061,0.576347,0,0,1,1
1.318851,-0.032086,0.004819,-0.539154,0.169551,2.060646,1.411696,1,1,0,0
1.337103,-0.323590,0.443987,0.267652,0.146322,-0.905438,1.042809,0,0,1,1
1.182144,-0.736368,0.629907,0.159088,0.181204,-0.015444,0.996288,1,1,0,0
1.486096,-0.845862,0.190160,-0.153484,-0.895645,-0.990579,0.848083,0,0,1,1
1.367972,-0.625405,-0.011789,0.433780,-0.331102,-0.606498,0.945816,1,1,0,0
1.627992,-0.927212,0.307414,0.327282,-0.810199,-0.012273,0.610128,0,0,1,1
1.645628,-1.405753,0.473130,0.143310,-0.646981,-0.746905,0.711146,0,1,0,0
1.371971,-0.849850,1.049035,0.349454,-1.075688,0.242641,0.880501,1,0,1,1
0.164965,-0.478848,-1.416627,1.799438,-0.928785,-0.592726,0.777666,0,0,0,0
0.108860,-1.267818,-0.234193,2.813312,-1.267261,-0.902440,-0.635008,1,0,1,0
0.451643,-1.865284,-0.061162,2.029044,-0.907745,0.295883,0.665284,0,0,0,0
0.015031,-2.140349,0.231226,3.018586,-0.628051,-0.302186,-0.483433,1,1,0,1
0.102164,-2.154829,1.216924,1.448842,0.499499,-0.214351,0.414415,0,0,0,0
-0.105056,-1.910906,0.030799,1.823085,-1.821749,-0.278907,-2.073776,0,1,0,1
0.035067,-1.602253,0.057536,1.292600,-1.189242,-0.830184,0.657409,0,0,0,0
0.078947,-1.397283,0.312931,1.338518,-0.251437,-0.164800,-1.350288,1,0,1,1
0.106571,-1.414592,0.556864,1.161747,0.208644,-1.334741,0.214988,0,0,0,0
0.123312,-1.878119,0.631697,1.090411,0.667072,0.452784,-0.894255,0,1,1,0
-0.020050,-1.340308,0.802658,0.378981,-0.042167,1.413479,0.846104,0,0,0,0
-0.092462,-0.632358,0.084145,0.570903,-0.103132,-0.302680,-0.482949,1,1,0,1
0.109016,-1.001434,1.306302,0.754481,0.869313,0.470358,0.735079,0,0,0,0
-0.715008,-0.998421,0.896173,1.473085,-0.146519,-0.887117,-0.659984,0,0,1,1
-0.381302,-1.088112,0.819900,-0.237524,0.794322,-0.381562,0.613231,0,0,0,0
-1.267944,-0.837793,0.618196,1.891248,-0.284266,-0.584336,-0.962772,1,0,1,1
-0.340939,-0.884635,0.811290,0.469315,0.152260,-1.344908,0.087281,0,0,0,0
-0.655859,-1.248820,1.281474,0.371703,0.823079,-0.321623,-0.358573,1,1,0,0
-0.704559,-0.995635,-0.047025,-0.258839,0.327814,1.207586,1.057529,0,0,0,0
-0.795604,-0.631989,0.417371,0.434743,0.909207,-0.172619,-2.044922,1,0,1,1
-0.372304,-0.497707,0.447142,1.223983,0.538200,1.614442,0.840043,0,0,0,0
-0.922841,-1.091000,0.267442,1.036625,-0.182292,-0.786368,-1.528513,0,1,1,0
-0.313193,-0.757699,0.862076,-1.462974,1.166850,0.553626,0.639988,0,0,0,0
-0.874271,0.051589,-0.787883,0.619672,-0.416132,-0.397697,-0.476159,1,1,0,1
-0.278599,-0.972696,0.723710,0.213998,-0.096880,-0.860191,-0.000594,0,0,0,0
-0.800802,-0.899035,1.431722,0.172492,-0.198372,-0.728753,-0.895239,1,0,1,1
-0.525392,-1.211775,0.714907,-0.583252,1.491870,2.160445,0.807608,0,0,0,0
-0.942412,-0.394076,-0.244390,-0.559849,0.135327,-0.464137,-0.821001,0,1,1,0
-0.006418,-1.298608,1.197587,0.398805,0.848226,1.972735,0.706960,0,0,0,0
-1.236620,-1.939172,1.866166,0.980719,0.272060,-0.185726,-0.947538,1,0,1,1
-0.422206,-1.044700,0.347175,-0.282101,0.437195,0.529911,0.874750,0,0,0,0
-0.682242,-0.321787,0.037945,-0.297544,0.920849,-0.563872,-0.464264,1,1,1,0
0.134529,-0.683272,0.627177,-0.260131,-0.452413,-0.253324,0.345145,0,0,0,0
-1.250593,-0.342139,1.017614,1.452894,0.160125,-0.718178,-0.949564,1,1,0,0
-0.629033,-0.359069,1.296755,-1.078425,1.107149,-0.413739,0.102772,0,0,0,0
-1.392828,-0.025441,0.867743,-0.744979,1.113743,-0.967982,-0.817508,1,0,1,1
-0.392293,-1.292720,1.379962,0.842399,1.460417,2.474041,0.791290,0,0,0,0
-0.731295,-1.265558,1.118873,-0.620292,0.578631,-0.033058,-1.994217,0,1,0,1
-0.600769,-0.068665,0.983838,-0.843893,0.730624,0.415574,0.871818,0,0,0,0
-0.919532,-0.574876,0.530103,-0.630449,0.587910,-0.451619,-2.012819,1,1,1,0
-0.351710,-0.949005,1.311021,0.394136,0.191506,-0.138102,0.747929,0,0,0,0
-0.870109,-1.192184,1.347784,-0.387581,1.122686,-0.197780,-0.214034,0,0,1,1
-0.806632,-0.520220,0.749896,-1.069369,1.321730,-0.251728,-0.018956,0,0,0,0
-0.922979,0.057059,0.297565,-0.893897,0.917316,-0.754633,-0.983235,1,1,0,1
-0.187509,-1.160017,1.400932,0.331378,1.460491,2.942373,1.033809,0,0,0,0
-1.239570,-1.056420,1.823297,0.069913,0.031040,-0.064749,-0.460930,1,0,1,0
-0.734253,-0.519901,0.544357,-0.373886,0.823924,0.450689,0.607386,0,0,0,0
-1.258809,-0.011790,1.310889,-0.381536,1.533865,-0.032434,-0.735508,1,0,1,1
-0.096572,-0.946503,0.924230,-0.032973,0.268351,-0.713498,0.780579,0,0,0,0
-0.627734,-0.451983,1.637356,0.144625,-0.138249,-0.674557,-1.567756,0,1,0,1
-0.899239,-0.154359,0.403856,-0.476961,1.110061,-1.181551,0.133188,0,0,0,0
-0.887579,0.308692,0.299718,-0.334805,1.295532,-0.399446,-1.670229,1,1,0,1
-0.379976,-1.111873,1.536963,0.859952,1.367179,4.351882,0.847473,0,0,0,0
-0.839372,-0.849893,0.771445,-0.676273,1.053231,-0.495959,-1.395094,1,1,0,0
-0.700764,-0.258631,0.420586,-1.136709,0.899623,0.353323,0.852440,0,0,0,0
-0.747746,-0.072205,-0.032260,-1.481067,1.282609,-0.816773,-0.466900,1,0,1,1
-0.640352,-1.316291,1.629583,0.324932,1.023821,-0.099625,0.431984,0,0,0,0
-0.841172,-0.884219,1.347674,-0.024279,0.725976,-0.167631,-0.608000,0,0,1,1
-0.903623,0.092105,-0.302477,0.071410,0.211267,-0.370436,0.749210,0,0,0,0
-0.716172,-0.397673,-0.096751,-0.958574,0.570812,-0.004524,-2.096986,1,1,0,1
-0.371817,-1.038102,1.199211,0.072517,0.713619,-1.001465,0.112401,0,0,0,0
-0.635100,-0.040105,1.055924,-0.010556,0.434804,-0.921291,-1.248811,1,1,1,0
-0.918218,-0.626574,1.681416,-0.246554,1.303872,0.163590,1.021286,0,0,0,0
-1.152219,-0.120302,0.822006,0.217193,1.258800,0.320890,-1.655649,1,0,1,1
-0.151392,-1.096840,0.866089,-0.103363,0.560493,0.464006,0.775133,0,0,0,0
-0.650332,-1.039348,1.791554,0.266963,0.698601,-0.581019,-1.132914,0,1,0,1
-0.720609,-0.185874,1.313719,-0.240771,2.266509,-0.434113,0.439968,0,0,0,0
-1.362720,-0.367901,1.524750,-0.188836,2.282822,-0.544254,-0.520461,1,1,0,1
-0.533904,-1.046685,0.808286,0.737457,1.007906,-0.862837,0.135058,0,0,0,0
-0.612411,-0.864729,1.121716,0.113662,0.550003,-0.446225,-0.964571,0,1,1,0
-0.725080,-0.234289,0.653546,-0.394720,0.285083,1.510214,0.945243,0,0,0,0
-0.823557,-0.566400,0.944294,-0.496926,1.402121,0.186776,-1.791671,1,0,1,1
-0.178449,-0.658427,1.108049,0.166045,0.788837,0.863311,0.735767,0,0,0,0
-0.545169,-0.993951,0.708321,0.273478,1.629312,-0.982995,-0.063506,0,1,1,0
-0.823663,-0.679575,0.647654,-0.972870,1.375805,-0.137438,0.152921,0,0,0,0
-0.806324,0.170759,0.085012,-0.928657,2.096427,-0.172223,-0.693291,1,1,0,1
-0.212259,-0.433426,1.596247,0.122643,0.286824,-1.105676,0.071690,0,0,0,0
-1.111847,-1.130403,2.183714,0.172960,0.212325,-0.557688,-1.205298,0,0,1,1
-0.381565,-0.854675,1.112678,-0.123199,0.514071,1.930173,0.865433,0,0,0,0
-1.902831,-0.348116,1.749870,0.204307,2.086469,-0.892015,-0.395037,1,0,1,1
-0.734076,-0.505069,1.390400,0.703791,0.879382,1.654706,0.574263,0,0,0,0
-0.761504,-0.889708,1.485655,0.299939,0.279762,0.157671,-1.460214,1,1,0,0
-0.862192,-0.529484,0.366348,-1.135296,0.804381,-0.388660,0.684565,0,0,0,0
-1.083388,-0.133384,-0.013208,-0.948829,1.159650,-0.230463,-1.933597,1,0,1,1
-0.104017,-1.329082,1.237776,0.214784,1.138493,-0.779422,0.370975,0,0,0,0
-0.710289,-0.874917,1.105299,0.726830,0.351546,-0.400249,-0.647879,0,1,1,0
-0.106112,-0.392865,0.651419,-0.295859,-0.270936,1.884669,1.116884,0,0,0,0
-0.738786,-0.083053,0.269812,-0.982278,1.500781,-0.285430,-0.373557,1,1,0,1
-0.236816,-1.037215,1.547136,-0.365054,0.218829,1.753484,0.874378,0,0,0,0
-0.873727,-1.119419,1.792939,-0.338183,0.188432,-0.237296,-0.255512,1,0,1,1
-0.705872,-0.688640,0.517133,-0.570409,1.482637,-0.013402,0.555099,0,0,0,0
-0.917961,-0.452263,0.507207,-1.049405,1.158955,0.071150,-0.599759,0,1,1,0
-0.292674,-0.978442,0.885705,-0.061453,0.587360,-0.970255,0.252230,0,0,0,0
-1.102409,-1.421615,1.664774,0.047182,0.698890,-0.142632,-1.100779,1,0,1,1
-0.836818,-0.259071,0.278763,-1.084358,1.607421,-0.146030,0.227190,0,0,0,0
-0.961110,-0.067039,-0.071697,-1.080739,1.219380,-0.190266,-0.584578,1,1,0,1
-0.180621,-0.793568,0.568824,-0.366710,0.949599,2.067842,1.087097,0,0,0,0
-1.142274,-0.515926,1.607885,1.138371,0.377886,-0.349000,-0.289554,1,0,1,0
-0.755505,-0.536213,0.997680,-0.751601,1.298050,0.903417,0.809630,0,0,0,0
-1.392210,0.012764,0.800959,-0.560932,1.801326,-0.532616,-0.206278,1,0,1,1
-0.461700,-0.709956,0.806453,0.314825,0.546776,-0.493844,0.643459,0,0,0,0
-0.572415,-0.921266,0.848759,0.214283,0.291731,-0.134769,-1.996924,0,1,0,1
-0.501627,-0.401951,1.306212,-1.401503,1.198438,-0.999734,0.274067,0,0,0,0
-1.116162,-0.002044,0.583803,-0.285869,0.966704,-0.627603,-2.160216,1,0,1,1
-0.305209,-0.721900,1.477990,0.063899,0.452482,3.316853,1.195795,0,0,0,0
-0.914656,-0.163405,0.231275,0.530851,0.223211,-0.351770,-1.012389,0,1,1,0
-0.822344,-0.741321,0.683602,-0.619803,1.125332,0.213249,0.817561,0,0,0,0
-1.208493,0.320642,-0.090102,-0.771362,1.185708,-0.809632,-1.341499,1,1,0,1
-0.164700,-0.872234,1.181721,0.235557,0.895906,-0.388357,0.696791,0,0,0,0
-1.199379,-1.105931,1.920896,0.315949,0.595076,-0.869839,-0.727799,1,0,1,1
-0.696545,-0.055165,-0.011215,-0.634076,1.473201,-0.893216,0.292357,0,0,0,0
-0.599845,-0.242536,0.416172,-0.991425,1.614962,0.256630,-0.789051,0,1,1,0
-0.377657,-0.948408,1.358122,0.200311,0.799673,3.590198,1.146214,0,0,0,0
-0.717016,-0.274292,0.226825,-0.482193,-0.503500,-0.073537,-0.771461,1,1,0,1
-0.620134,-0.903936,0.598622,-1.203687,1.409307,1.441648,1.001084,0,0,0,0
-0.819509,-0.217431,-0.840028,-1.190572,1.732420,-0.886744,-1.859028,0,1,1,0
-0.150067,-1.235038,1.290372,0.129023,0.544463,0.041831,0.714045,0,0,0,0
-0.589208,-1.013132,0.774127,0.092501,0.274172,-0.830709,-0.063766,1,0,1,1
-0.514071,0.086872,-0.188601,-1.041138,0.112036,0.194922,0.497822,0,0,0,0
-0.811369,-0.419433,-0.174308,-1.231895,1.425427,-0.160025,-1.407097,1,0,0,1
-0.175177,-0.899007,0.675713,-0.325875,0.409644,-1.357194,0.504685,0,0,0,0
-0.763825,-1.357518,1.095471,-0.359219,-0.220894,-0.238653,-1.488455,1,1,0,1
-1.014213,-0.620718,0.266458,0.320042,1.621528,1.741948,1.174100,0,0,1,0
-1.498203,-0.974557,0.851601,0.013892,1.570827,-0.261266,-1.895529,1,1,0,0
-1.041253,0.703364,-0.511394,1.326266,-0.984381,0.348569,0.661876,0,0,1,1
-0.290071,-0.313849,0.543181,1.285560,0.611355,3.523090,-0.440802,0,1,0,0
-1.615246,-0.151054,-0.100214,0.871611,1.173997,-1.220445,0.573633,0,0,1,0
-1.730292,0.969926,-0.843010,0.676064,1.190637,2.786171,-0.965186,1,1,0,1
0.407411,-1.312273,-0.858796,2.072163,-2.018721,-0.247756,0.632497,0,0,1,0
0.110366,-1.288555,0.568917,2.648131,-1.625346,-0.290860,-0.575194,1,0,0,1
-0.407410,-1.159811,0.094632,1.861455,-0.671226,0.596932,0.924583,0,1,0,0
-1.059101,-1.244715,1.110505,1.456762,0.845043,-0.702734,-1.488544,0,0,1,1
-0.308098,-1.610378,1.263970,0.727654,1.681013,0.795144,0.764342,1,0,0,0
-0.269366,-1.485381,1.061630,0.322002,0.522405,0.306043,-1.934127,0,1,1,0
-0.254089,-1.064270,0.924035,0.050632,0.084556,-0.724883,0.525966,0,0,0,1
-0.400942,-0.826413,0.558951,0.174737,0.455311,-0.402596,-1.800414,1,1,0,0
-0.192439,-1.012781,0.772411,0.396699,0.738797,-0.745336,0.083607,0,0,1,0
-0.492300,-0.436837,0.002242,0.316554,0.425643,-0.654727,-1.337115,1,0,0,1
-0.631128,-0.416842,1.040111,-0.724155,1.303333,1.872325,1.055762,0,1,0,0
-0.637707,0.177964,0.481128,-0.756786,0.868961,-0.229505,-1.119977,0,0,1,1
-0.447493,-1.221709,1.628152,0.600892,1.002548,1.204709,0.626636,1,0,0,0
-1.307673,-0.847359,1.414122,0.995408,0.048427,-0.588268,-0.620960,0,0,1,1
-0.676654,-0.455167,1.040381,-0.353208,0.822913,0.039718,0.700960,0,1,0,0
-1.548320,-0.666681,1.540374,0.279793,1.735556,-0.579214,-0.681011,1,0,1,0
-0.402506,-0.726266,0.835727,0.009268,0.279838,-0.721838,0.035016,0,0,0,1
-0.752809,-1.218309,0.789499,-0.050737,0.351601,-0.165756,-1.249650,1,1,0,0
-0.676084,-0.269618,0.990138,-0.638521,1.061883,1.990916,1.075204,0,0,1,0
-0.992643,-0.612758,0.139785,-0.744568,1.670543,-0.656238,-1.460782,0,1,0,1
-0.399506,-0.988111,1.211237,0.355155,0.969490,2.338130,0.779294,1,0,0,0
-0.660691,-0.929999,0.789657,0.383293,1.305113,-0.539255,-1.674814,0,0,1,1
-0.265194,-0.820807,1.022951,-1.423237,0.400470,0.001352,0.811791,0,1,0,0
-0.729495,0.403695,-0.010381,-0.175975,0.427828,-1.083936,-0.548482,1,0,0,1
-0.350520,-1.177651,0.870465,0.445448,0.312380,-0.720599,0.547799,0,0,1,0
-0.875090,-1.032128,1.982274,0.649816,0.509497,-0.977014,-1.076449,1,1,0,1
-0.926676,-0.700060,0.838600,-1.199797,1.460709,-0.437204,-0.134291,0,0,1,0
-1.312842,0.142854,-0.375886,-0.794505,-0.059968,-0.028709,-0.852052,1,0,0,1
-0.185407,-1.249225,1.239869,0.099091,0.666720,2.303165,0.925650,0,1,0,0
-1.341384,-1.979834,1.568011,0.558368,0.529035,-0.363064,-1.274752,1,0,1,1
-0.538328,-0.669586,0.883411,-0.423159,1.316568,1.176901,0.865798,0,0,0,0
-0.812056,-0.000314,0.490416,-0.819420,0.664566,-0.139082,-0.070644,0,0,1,1
0.094536,-1.022662,0.430116,-0.083338,0.562375,-0.939221,0.692906,0,1,0,0
-0.783424,-1.211721,1.920369,0.237561,0.874923,-0.865154,-0.901913,1,0,0,1
-0.770082,-0.118583,0.446641,0.114081,1.440244,-0.491210,0.040716,0,0,1,0
-1.216838,-0.516078,1.302589,-0.885798,1.655349,0.281082,-1.373560,1,1,0,0
-0.500059,-0.900351,1.264199,0.207379,1.698693,3.678912,1.013221,0,0,0,1
-0.930878,-0.681251,1.044055,-0.042130,0.696777,-0.592630,-1.605027,0,1,1,0
-0.637587,-1.017614,1.272064,-0.808842,1.015701,0.637260,0.903773,1,0,0,0
-1.008082,0.069920,0.912569,0.219395,1.253831,-0.530864,-1.924395,0,0,1,1
-0.408335,-0.709445,0.905522,0.691961,0.061684,-0.173947,0.783525,0,1,0,0
-0.581271,-1.266781,1.237341,0.015439,1.454652,-0.630062,-0.817373,1,0,0,1
-0.902990,-0.144357,-0.329316,-0.404246,1.339795,-0.869972,-0.081596,0,0,1,0
-0.853909,0.129166,0.310461,-0.595191,1.464716,0.144098,-0.973155,1,1,0,0
-0.248587,-0.846010,1.393642,0.187809,1.596439,4.134940,1.088810,0,0,0,1
-1.119418,-1.091270,1.831276,0.850743,-0.098900,-0.751158,-0.022211,1,1,0,0
-0.867015,0.238906,-0.041418,0.726102,0.072177,0.781166,0.790338,0,0,1,0
-1.399547,-0.361015,1.557458,-0.517597,1.520117,0.384638,-0.935199,0,1,0,1
-0.290364,-1.006333,1.040298,0.051444,0.350545,0.232933,0.847948,1,0,0,0
-0.681795,-1.065163,1.550377,-0.279442,1.501866,-0.420033,-1.599436,0,0,1,1
-0.991860,-0.488034,0.817914,-0.436765,1.390685,-0.505252,0.285016,0,1,0,0
-1.166520,0.134965,0.426943,-0.292683,1.213635,-0.247240,-1.603018,1,0,1,0
-0.515113,-1.216639,0.461837,0.639458,1.057314,-1.460511,0.070361,0,0,0,1
-1.009013,-1.263418,1.161251,-0.520744,0.790464,-0.280330,-1.761043,1,1,0,0
-0.348193,-0.542828,0.506727,-0.773276,0.413182,1.761300,1.006660,0,0,1,0
-0.497872,0.454879,0.146598,-1.164837,1.193050,-0.612457,-0.990546,1,0,0,1
-0.572814,-1.005312,1.234736,0.151841,0.374234,0.742367,0.750975,0,1,0,0
-0.949486,-0.046722,0.178009,0.721613,0.823750,0.342649,-0.432523,0,0,1,1
-0.801495,-0.405436,0.623933,-0.894219,1.805970,-0.390252,0.913541,1,1,0,0
-0.924703,0.373807,-0.329186,-0.717147,1.084178,-0.203411,-1.949198,0,0,1,1
-0.389006,-1.103191,1.116080,0.335003,0.368922,-0.808717,0.059135,1,1,0,0
-0.284530,-0.477091,0.832333,-0.385561,0.848558,-0.399834,-0.429664,0,0,1,1
-0.736186,-0.595510,0.851126,-0.213328,1.293944,0.818921,0.931544,1,0,0,0
-0.757933,-0.475828,1.022474,-0.306315,2.374178,0.580034,-1.381923,0,0,1,1
-0.068514,-1.030567,0.654876,-0.220805,1.085198,1.374506,0.672189,0,1,0,0
-0.555125,-0.819655,1.826853,0.052992,0.851680,-0.241483,-0.930743,1,0,0,1
-0.921685,-0.055138,1.079102,0.320384,1.601651,-0.245671,0.602793,0,0,1,0
-1.423205,-0.750050,1.611494,-0.399315,1.960836,-0.475171,-0.834410,1,1,0,0
-0.574553,-1.550773,0.878739,0.527946,0.797411,-0.813360,0.346648,0,0,0,1
-0.587003,-1.187945,1.111441,0.099671,0.567134,0.307387,-1.016162,0,1,1,0
-0.630214,-0.644415,1.369398,0.036894,0.211357,1.722355,1.168265,1,0,0,0
-0.905597,-0.001996,0.413382,-0.226414,1.177608,-0.373794,-1.869290,0,0,1,1
-0.256866,-0.876856,1.189973,-0.000770,0.908778,1.979606,0.811453,0,1,0,0
-0.676718,-0.735382,1.178720,-0.195044,1.387390,-0.448001,-1.182016,1,0,0,1
-0.530008,-0.611697,0.944829,-0.830443,1.183999,-0.557844,0.634051,0,0,1,0
-0.722045,0.783627,0.158338,-0.635200,0.887941,0.016931,-0.990802,1,1,0,0
-0.468601,-0.997583,1.359699,0.369359,0.841710,-0.766571,0.086412,0,0,0,1
-1.190375,-1.290501,1.695631,-0.384822,0.237080,-0.423351,-1.615470,1,1,0,0
-0.825580,-0.162279,0.611011,0.032030,0.711766,2.951330,0.743903,0,0,1,0
-1.409062,-0.525548,1.556507,-0.259347,1.892907,-1.007187,-0.994630,0,1,0,1
-0.162322,-1.004401,1.328698,0.267642,0.125181,2.596640,0.767386,1,0,0,0
-0.750057,-1.298537,1.262934,0.275527,0.722149,-0.378121,-1.892105,0,0,1,1
-0.640323,-0.007444,0.766920,-0.503729,0.422208,-0.562676,0.918683,0,1,0,0
-0.867449,-0.285046,0.330624,-1.187592,1.814062,-0.579162,-1.356934,1,0,1,0
-0.490205,-1.387431,0.981584,0.862802,0.711335,-0.738648,0.525219,0,0,0,1
-0.807829,-0.859661,0.382412,0.665603,1.144425,-0.524475,-1.006638,1,1,0,0
-0.274569,-0.721633,0.819256,-1.255977,1.143864,-0.909151,0.331129,0,0,1,0
-0.753793,0.286269,0.124830,-0.409799,1.283200,-0.808972,-0.696448,1,0,0,1
-0.174076,-0.684467,1.194404,-0.131603,0.060271,2.260469,1.076658,0,1,0,0
-0.925848,-1.291977,2.507121,0.334518,0.896118,-0.551797,-0.131855,1,0,1,1
-0.851021,-1.015430,0.866883,-0.438667,1.539568,0.900384,0.451875,0,1,0,0
-0.909418,0.080884,0.589741,-0.701508,0.571049,0.764629,-0.724049,1,0,0,1
-0.137406,-1.000401,0.841260,0.620421,0.128638,-0.130620,0.546227,0,0,1,0
-1.048808,-1.674890,1.765299,0.476535,0.553337,-0.265690,-1.547539,1,1,0,1
-0.470602,-0.828889,1.317680,-0.977255,1.568963,0.291734,0.253339,0,0,0,0
-0.821638,0.131602,0.531273,-0.397931,0.401665,-0.471846,-0.474986,1,1,0,0
-0.123605,-0.740054,1.220628,-0.003339,1.154434,2.120386,1.234515,0,0,1,0
-1.059606,-1.076901,1.636664,0.126872,1.092363,-0.656436,-0.965056,1,0,0,1
-0.764967,0.120815,0.410476,-0.448734,0.958818,0.896524,0.636555,0,1,0,0
-1.328522,-0.244166,1.320331,-0.527218,1.075658,0.158726,-1.321924,0,0,1,1
-0.433093,-1.017340,1.107139,0.459931,1.112810,-0.508512,0.683435,1,0,0,0
-0.897221,-0.548944,0.978107,0.443071,0.957302,-0.767077,-1.221939,0,1,1,0
-0.646591,-0.300778,0.513811,-0.697155,0.405327,-1.270930,0.158330,0,0,0,1
-0.926815,0.338645,0.942478,-0.028520,0.982813,-0.672067,-2.028762,1,1,0,0
-0.318941,-0.942605,1.660611,0.610869,0.346060,4.303314,1.261298,0,0,1,0
-0.714096,-0.987523,1.061272,0.094914,1.013273,-0.313501,-1.743210,1,0,0,1
-0.741980,-0.308976,0.453144,-0.430128,1.358000,0.227548,1.002842,0,1,0,0
-0.756930,-0.379047,0.185605,-0.424627,1.219323,-0.286003,-1.447391,0,0,1,1
-0.291637,-0.898412,1.704437,0.181512,-0.057366,0.073927,0.758744,1,0,0,0
-0.960726,-1.347473,2.036455,0.518295,-0.284125,-0.783285,-0.952681,0,0,1,1
-0.835741,0.204178,-0.554750,0.150668,0.111162,-0.812776,0.551633,0,1,0,0
-0.616626,-0.794694,-0.445754,-0.845447,1.607211,-0.492537,-1.511735,1,0,0,1
-0.808802,-0.004024,-0.345048,1.794654,-0.316077,-1.596551,0.593885,0,1,1,0
-0.576496,0.268130,-0.505610,1.466744,-0.405214,-0.602117,-0.230273,1,0,0,1
-0.363994,0.339085,-0.308456,0.518515,-0.742453,0.989252,0.651640,0,0,1,0
0.172717,-0.570905,-0.071470,0.714374,-0.308104,-0.354088,-0.747572,1,1,0,0
-0.738783,0.160962,0.130414,1.424404,0.149962,-0.696486,1.328401,0,0,1,1
-0.732330,-0.778010,0.720717,1.036770,-0.846241,2.566063,-0.262967,1,1,0,0
-0.312985,-0.511529,-0.233003,-0.151426,-0.235028,-0.583852,0.794652,0,0,1,0
-0.124309,-0.490915,0.156040,0.367740,-0.343547,0.901815,-1.456310,1,0,0,1
-0.907896,-0.766427,0.918018,1.417746,-0.235973,-1.012028,1.045638,0,1,0,0
-0.887496,-1.720000,1.474735,1.047974,-0.873310,-0.590783,-0.513705,0,0,1,1
-0.330726,-1.316222,0.505526,0.432560,0.137059,1.739523,0.961221,1,1,0,0
-0.579935,-2.543895,1.333917,1.882083,0.038975,-0.783168,-0.645586,0,0,1,1
-0.472733,-2.145610,1.057731,1.727199,-1.881027,1.093666,1.269865,1,1,0,0
0.104490,-2.234657,1.169187,1.903812,-0.596621,2.901950,-0.506983,0,0,1,1
-0.189958,-3.476997,1.522699,1.544678,-0.400794,-0.518542,0.627385,1,1,0,0
0.633679,-2.169772,0.972942,1.083958,-1.769139,1.465463,-0.724627,0,0,1,0
