mfcc0,mfcc1,mfcc2,mfcc3,mfcc4,onset,rms,lane0,lane1,lane2,lane3
0.092083,1.261768,-0.260967,0.655105,-0.296324,-0.146817,-0.734639,0,1,1,0
-0.813866,-2.150786,2.250926,1.173863,1.480444,-0.891030,0.450108,0,0,0,0
0.940464,-0.093498,-0.249471,1.602147,-0.926554,1.324044,0.451234,1,0,0,0
-0.129507,-0.242268,0.097230,0.433091,0.995449,-0.633397,1.436977,0,0,0,1
-2.233286,-1.164530,2.405870,1.482080,2.459529,-1.008714,1.423420,1,0,0,1
1.153821,-1.769656,-0.434168,-0.043235,0.460520,-0.511714,-0.246269,0,0,0,0
0.705622,0.005219,0.100945,0.888974,-1.316291,1.241306,0.863753,1,0,1,0
-2.588360,0.697409,3.298429,0.894290,2.124655,-1.026466,0.842610,0,0,0,0
0.739029,-0.203033,-1.416985,0.728739,0.319211,2.918130,0.998180,0,1,0,0
0.761779,-0.485937,0.379212,0.123212,-0.741844,-0.445933,0.837476,0,1,0,0
-0.143117,-0.813173,-0.794420,1.511553,-0.618083,-0.442471,0.867993,0,0,0,0
1.144988,-1.615351,-0.446141,1.014568,0.350144,2.881115,0.054247,0,0,0,0
0.775339,-0.380447,0.581764,0.691335,-0.932430,1.127940,1.041281,0,0,0,1
0.900687,-1.730284,-0.572034,0.246751,0.426957,-0.800331,-0.279137,0,0,0,0
0.058328,-0.292005,-0.726993,1.054883,0.821535,-0.629537,0.776359,0,1,0,1
0.072028,-0.214965,0.608335,0.594514,0.141193,-0.404119,1.285568,0,0,0,0
-0.386361,-0.718863,0.894187,0.112956,0.407888,-0.547870,1.171610,0,0,0,1
0.605364,-1.125581,0.870184,0.051399,0.436201,-0.085837,-0.722917,0,0,0,0
0.085105,-0.195942,1.028656,-0.025439,-1.724871,-0.667680,0.050315,0,1,0,0
1.219234,1.198830,-1.438187,-0.786548,-0.753483,-0.285895,0.906874,0,0,0,0
-0.463203,-0.771544,0.757811,0.504058,0.997193,-0.893652,1.569063,0,1,0,1
1.195976,-1.451755,-0.214612,-0.355431,-0.012042,-0.749400,-0.261257,0,0,0,0
0.886072,-0.414268,-0.379097,0.593002,-0.534257,-0.113112,0.350439,1,0,0,0
-0.705745,0.948610,1.196045,-0.146624,-0.588770,-0.937147,0.800034,1,0,0,0
0.664547,0.004051,-1.753039,0.916800,-0.313077,0.304801,0.834008,0,0,1,0
0.828092,-0.690981,0.591717,-0.040272,-0.225233,-0.210681,0.860932,0,0,0,0
0.006150,-0.848288,-0.781312,1.454266,-0.754966,-0.672472,0.819923,0,0,0,1
1.419593,-0.278278,-1.271742,1.518992,-1.364319,4.589228,0.146994,1,0,0,0
0.965619,-0.152219,-1.150711,1.068217,-0.782374,-0.571159,0.502886,1,0,0,1
0.976077,-2.118915,-1.075409,-0.385042,-0.081380,-0.609708,-1.052370,0,0,0,0
0.014409,-1.102903,-1.181360,-0.484066,-0.753235,-0.201267,-1.860874,0,0,0,0
-1.043065,-0.799036,-1.149807,-0.848595,-1.554652,-0.793029,-2.095485,0,0,0,0
-1.905815,-0.976840,-2.104865,-1.214583,-1.313285,-0.689614,-2.037562,0,1,0,1
-0.497044,-0.674739,2.513292,-0.227232,-0.538545,-0.807601,0.271406,0,1,0,0
-0.852376,1.815600,0.489486,-0.275281,0.106034,-0.159987,1.222038,0,0,0,0
-0.178174,0.883524,-0.876870,0.393880,-1.027129,-0.507595,1.000755,0,0,0,1
-0.997638,1.736838,-0.327706,-0.516737,0.428602,-0.711260,0.206001,1,1,0,0
0.993138,-1.975518,-0.864442,0.073002,0.609680,0.004052,-0.703544,0,0,0,0
0.580989,-0.138399,0.427255,1.013421,-1.007939,0.406936,0.726291,1,0,1,0
-1.224143,0.530374,2.040823,-0.209602,0.348258,-0.401973,0.545728,0,0,0,0
0.547207,0.159310,-1.095307,0.805421,-0.030350,1.689311,0.568451,0,1,0,0
0.671598,-0.342919,0.439397,0.169839,-0.241974,-0.598022,0.435090,0,1,0,0
0.036429,-0.726171,-0.596016,1.631949,-0.695666,-0.589493,0.833839,0,0,0,0
1.007485,-1.802491,-0.322390,0.849268,0.425337,1.214942,0.330704,0,0,0,0
0.661539,-0.207783,0.415911,1.074928,-1.157745,0.375035,0.970964,0,0,0,1
1.017742,-1.771002,-0.770228,0.063688,0.217131,-0.318492,-0.645439,0,0,0,0
-0.003330,-0.528427,-0.778781,0.794156,0.619016,-0.644203,0.706316,0,0,1,0
1.089870,0.514111,-0.498607,-0.414194,-1.705322,-0.360711,-0.327074,0,0,0,0
1.236265,-1.327611,0.071733,0.394190,-0.867421,1.249031,-0.793863,0,0,1,0
0.664504,-1.001453,2.041454,0.249424,-0.266355,-0.380660,-0.518029,0,0,0,0
-1.506433,0.690658,1.735020,0.305520,0.784211,-0.007643,0.709966,0,0,1,0
0.185969,0.060223,0.528610,0.841383,-0.339690,0.373030,-0.286945,0,0,0,0
-0.775672,0.437308,0.595839,0.134463,0.981856,-0.973210,0.283163,1,1,0,0
1.076622,-2.042991,-0.965857,-0.595298,-0.164587,-0.182659,-0.801861,0,0,0,0
0.397114,-1.418994,0.963078,-0.198509,-0.123544,-0.339290,-0.624724,1,0,0,1
-1.617329,1.157640,-0.111144,-0.347260,2.163217,0.766846,0.386981,0,0,0,0
-0.396551,-0.079297,-0.952588,-1.245339,-2.014485,2.556866,-1.387637,0,1,0,0
0.310721,-1.713811,-0.483024,-1.338073,-1.856900,-0.199393,-1.453541,0,0,0,0
-0.691221,-0.683240,-1.524577,-1.424989,-2.228798,0.182784,-1.614823,0,0,1,0
0.444451,-1.093095,-0.262125,-1.325241,-0.585945,-0.336251,-0.617959,0,0,0,0
0.689761,-0.698596,-1.104077,-0.570677,0.768584,-0.156127,-0.813921,1,0,0,1
1.084572,-1.537038,-0.797675,-0.210785,0.146705,-0.299851,-0.625190,0,0,0,0
0.428378,-1.170283,1.362612,-0.668419,0.189750,-0.318671,-0.230621,0,0,0,0
0.355928,-1.010199,0.628655,-1.384324,-0.059038,-0.432290,-0.754529,0,0,0,0
-1.784264,2.340615,0.544017,-0.644130,1.727217,-0.596305,0.175998,1,0,0,1
-0.646751,-1.861611,2.337185,1.009446,1.578330,-0.939115,0.501408,0,0,0,0
0.053412,-0.349217,0.322944,1.152986,-0.060779,-0.051303,0.159953,0,0,0,0
-0.384764,0.403360,0.612466,0.210022,1.169278,-0.775808,1.072621,0,0,0,0
-0.533525,0.789517,1.091351,0.049910,0.750887,-0.848256,1.183743,0,0,1,1
1.096631,-1.943376,-0.730496,-0.243526,0.101069,-0.403317,-0.707989,0,0,0,0
0.226385,-0.108166,-0.470819,0.679411,-0.434187,-0.264863,0.603888,1,0,1,0
-1.828507,1.030725,0.912158,0.038843,2.633980,-1.073833,0.773619,0,0,0,0
-0.882924,0.366651,-0.098161,0.883257,0.638112,2.275713,1.044546,0,1,0,0
0.897815,-0.503875,0.323333,-0.083502,0.249972,-0.345289,0.682195,0,1,0,0
-0.097637,-0.250399,0.054849,1.709957,-0.540007,-0.663851,0.951757,0,0,0,0
1.284836,-1.597449,-1.127965,0.655419,-0.317477,1.653487,-0.848289,0,0,0,0
0.802546,-0.419912,0.069404,0.681862,-0.994365,-0.189368,0.962051,0,0,0,1
1.017421,-1.908333,-0.535105,0.027635,0.401270,-0.486596,-0.492048,0,0,0,0
-0.963167,-0.274719,1.499164,0.538351,1.164933,-0.338509,0.918022,0,1,0,1
0.164850,0.235251,1.035195,0.930981,0.481372,-0.278398,1.023750,0,0,0,0
-0.335491,0.027647,0.663538,0.718193,0.232322,-0.004145,0.891015,0,0,0,1
0.457766,-1.094479,0.783075,-0.065374,0.131279,-0.417527,-0.755026,0,0,0,0
0.291743,-0.556694,0.928664,0.072672,-1.649065,-0.459114,-0.074682,0,1,0,0
0.879404,1.504504,-1.617941,-0.690241,-0.778561,-0.223378,0.758767,0,0,0,0
-3.089914,1.965395,2.413325,-1.434025,2.545845,-0.658392,0.568628,0,1,0,1
1.192040,-1.348602,-0.531727,-0.068998,-0.335866,-0.676810,-0.371361,0,0,0,0
0.843395,-0.087232,-0.798332,0.710211,-0.722895,-0.221608,0.308997,1,0,0,0
-0.617759,0.806227,1.021610,-0.104046,-0.628432,-0.784075,0.748649,1,0,0,0
-0.295902,0.180730,-0.369687,0.357606,-0.163819,0.954174,1.038987,0,0,1,0
1.017464,-0.543369,0.182300,0.120080,0.441381,-0.564416,0.878771,0,0,0,0
0.051714,-0.245709,-0.016818,1.875439,-0.522636,-0.558579,0.887266,0,0,0,1
1.354903,-0.473855,-1.225492,1.698481,-0.920414,3.878619,0.236102,1,0,0,0
0.740553,0.196701,-0.912950,1.021851,-0.983102,-0.242264,0.666928,1,0,0,1
0.917918,-1.957090,-1.035175,0.023201,-0.108480,-0.707378,-0.547132,0,0,0,0
0.569329,-0.282594,-2.061750,0.148720,-1.326088,-0.306141,-1.418914,0,0,0,0
0.164656,-0.577231,-1.686579,0.115552,-1.574595,-0.385968,-1.592904,0,0,0,0
-0.180361,0.416454,-2.113289,0.122705,-1.208713,-0.366350,-1.708449,0,1,1,0
-0.813321,0.649934,1.530771,-0.433325,0.106041,-0.977042,0.441647,0,0,0,0
0.685130,-0.710370,-0.069437,-1.179118,-0.144698,3.286162,-0.225419,0,0,0,0
0.989977,-0.468857,-0.466958,-0.924419,1.025032,1.304216,-0.159364,0,0,0,0
0.497646,-0.340052,-0.616140,-0.272657,0.610853,0.973828,-0.132439,0,0,1,0
0.362983,-0.918673,0.639956,-0.114296,-0.908893,0.217194,-0.300326,0,0,0,0
-0.031398,0.566044,-0.647443,-0.382859,1.163143,-0.143393,-0.134566,0,0,0,0
0.384206,-0.082205,-1.204300,0.270037,1.591217,-0.217651,-0.125068,0,0,1,0
0.470604,0.201754,-0.701919,0.092029,1.547707,0.126926,-0.150289,0,0,0,0
0.105237,0.149343,-0.324528,0.232069,1.248695,-0.625757,-0.008227,0,0,0,0
0.217803,-0.258122,-0.416067,0.182713,1.642201,-0.486917,-0.186606,0,0,0,0
-0.053335,0.365102,0.127669,-1.047997,1.768369,-0.762586,-0.169781,0,0,0,0
0.428161,-0.654751,0.727652,-0.565927,0.209662,-0.364038,-0.096761,0,0,0,0
0.348471,-0.724533,0.859108,-0.937579,0.024029,-0.429515,-0.149339,0,0,0,0
0.470292,-0.863477,0.653679,-0.906570,0.212576,-0.030820,-0.180914,0,0,0,0
0.622265,-0.455221,-0.242458,-1.130184,1.505260,0.113615,-0.027953,0,0,0,0
0.551719,-0.584645,-0.243202,-0.676110,1.320167,0.575475,0.068736,0,0,0,0
0.835057,-0.895211,-0.015065,-0.198065,0.887695,1.541941,-0.084376,0,0,0,0
0.704866,-0.518619,-0.558224,0.139019,0.571392,0.547812,-0.451432,0,0,1,0
-0.089469,0.505008,0.134773,0.336685,0.688900,-0.539348,-0.280327,0,0,0,0
0.154770,0.344998,0.167050,-1.439649,0.698815,-0.336612,-0.005380,1,0,0,0
0.547766,-0.539828,-0.957106,0.053173,1.121701,0.527556,0.011336,0,0,0,0
0.285877,-0.059969,0.088820,-0.130015,0.567423,0.420270,-0.171204,1,0,0,0
-0.405469,1.205541,1.016981,-1.160417,0.004274,-0.551091,0.031953,0,0,0,1
0.551428,-0.054919,-1.111336,0.028336,1.064158,0.694914,-0.111150,0,0,1,0
0.681310,-0.711524,1.195267,0.533636,-0.510206,1.603524,-0.243897,0,0,0,0
-0.159765,0.593315,0.462181,-0.694700,1.328162,-0.407274,-0.164464,0,0,0,0
-0.313788,0.846067,0.700513,-0.070702,-0.148019,-0.566954,-0.180804,0,0,0,0
0.514575,-0.532032,0.730704,-1.366346,-0.212413,1.273712,-0.028894,0,0,0,0
0.256066,-0.015483,-0.591859,-0.142174,1.327411,0.721496,-0.034844,0,0,0,0
-0.643814,1.266216,0.777778,-0.939355,0.234260,-0.646672,-0.044987,0,0,0,0
0.415166,0.215378,-0.041879,-1.649374,0.975666,0.177224,-0.270376,0,0,0,0
0.044685,-0.270123,-0.375920,0.748146,-0.596119,1.537889,-0.159429,0,1,1,0
-0.309103,-0.986030,2.269937,-0.021698,0.125967,-0.974775,0.342634,0,0,0,0
1.131411,-0.344611,-0.121438,1.368439,-0.909955,0.857182,0.384427,1,0,0,0
-0.094597,0.168920,0.781442,-0.337061,0.880367,0.187142,1.323252,0,0,0,1
-0.704167,0.418684,1.026383,-0.643700,1.642184,-0.703010,1.460305,1,0,0,1
1.237970,-1.635460,-0.483194,-0.156434,0.155425,0.020391,-0.674445,0,0,0,0
0.589488,-0.140902,0.438984,0.751566,-0.708695,-0.250506,0.761850,1,0,1,0
-0.827417,0.529027,0.528923,-0.219999,0.582316,-0.947071,0.448523,0,0,0,0
0.518626,0.242350,-1.773545,0.815360,-0.035572,-0.067341,0.859315,0,1,0,0
0.727786,-0.264738,0.104667,0.089032,-0.528151,-0.492999,0.632038,0,1,0,0
0.307463,-0.545113,-0.897955,1.350378,-0.925921,-0.583935,1.016242,0,0,0,0
1.138467,-1.411480,-0.404272,0.661490,0.113152,1.485753,0.183475,0,0,0,0
0.730010,-0.210923,0.254693,0.798029,-0.938385,0.024934,0.928289,0,0,0,1
1.107712,-1.635595,-0.740288,-0.021793,-0.058631,-0.650308,-0.627151,0,0,0,0
0.161603,0.019707,-0.867711,0.540032,0.053782,-0.688765,0.774690,0,1,0,1
0.046682,-0.063982,0.089909,0.406369,-0.224922,-0.838394,1.240882,0,0,0,0
-0.276252,-0.276710,-0.057928,0.305713,-0.528868,-0.387948,1.087281,0,0,0,1
0.784310,-0.704545,0.652412,-0.226723,0.107491,-0.575197,-0.586982,0,0,0,0
-0.136173,0.656931,0.682281,-0.244323,-1.562011,-0.500226,0.007505,0,1,0,0
0.873157,1.673679,-1.649383,-0.741945,-0.452107,-0.323130,1.078041,0,0,0,0
-0.708863,-0.117747,0.966526,-0.093812,0.639711,-0.371481,1.524207,0,1,0,1
1.236685,-1.748524,-0.402033,-0.197391,0.370273,-0.206439,-0.590746,0,0,0,0
1.025754,-0.504459,-0.353792,0.541458,-0.347420,0.203704,0.201255,1,0,0,0
-0.667066,1.002973,0.937739,-0.492464,-0.573233,-0.825852,0.629530,1,0,0,0
0.432550,0.008309,-1.171387,0.715113,-0.132607,1.315032,0.715193,0,0,1,0
0.762506,-0.509980,0.316296,-0.034919,-0.557529,-0.377504,0.676976,0,0,0,0
0.235226,-1.002086,-0.763357,1.521056,-1.029255,-0.740076,0.985534,0,0,0,1
1.352129,-0.300769,-1.228759,1.309161,-1.287919,2.353115,0.187189,1,0,0,0
0.930932,-0.229873,-1.073996,1.280312,-0.702984,-0.499280,0.511370,1,0,0,1
0.954193,-2.022108,-1.065331,-0.240748,-0.139808,-0.653747,-0.727981,0,0,0,0
-0.056543,-0.564993,-1.723199,-0.170185,-1.288118,-0.223728,-1.833200,0,0,0,0
-0.819221,-0.866430,-0.721347,-0.812541,-1.393265,-0.548464,-2.031183,0,0,0,0
-1.473172,-1.782794,-0.779635,-1.225042,-2.068644,-0.396804,-2.025769,0,1,0,1
-0.447370,-0.633198,2.055649,0.058689,-0.763612,-0.916599,0.321683,0,1,0,0
-0.950522,2.038289,0.367703,-0.239115,0.074448,-0.009701,1.345606,0,0,0,0
-0.051671,0.815281,-0.839557,0.141528,-1.164366,-0.443833,1.044599,0,0,0,1
-1.105366,1.943827,-0.278336,-0.712814,0.686599,-0.665305,0.339760,1,1,0,0
1.037417,-1.732206,-0.575619,0.004879,0.537584,-0.325900,-0.467321,0,0,0,0
0.783825,-0.207976,0.249648,0.969761,-1.345390,1.701884,0.907075,1,0,1,0
-0.891963,-0.222419,1.639014,0.587366,-0.048536,-0.869699,0.560417,0,0,0,0
0.670911,0.204919,-1.432839,0.856509,0.034521,0.028862,0.613270,0,1,0,0
0.618182,0.025561,-0.034475,0.631079,-0.598411,-0.554601,0.414010,0,1,0,0
-0.290891,-0.771428,-0.409964,1.604208,-0.319580,-0.573010,0.856912,0,0,0,0
1.103762,-1.717607,-0.327748,0.832034,0.566439,2.618839,-0.003709,0,0,0,0
0.836002,-0.345490,0.480414,0.835030,-1.099817,1.535514,1.072195,0,0,0,1
1.183467,-1.482053,-0.280974,-0.153879,-0.083220,-0.661304,-0.349926,0,0,0,0
0.282375,0.162075,-0.292206,0.466227,0.493336,-0.396673,0.646021,0,0,1,0
0.918834,0.119438,-0.415184,-1.086332,-1.358584,-0.530219,-0.486765,0,0,1,0
0.602080,-1.069907,-0.274371,0.105627,-0.650220,0.817503,-0.440903,0,0,1,0
0.465235,-1.221255,1.543905,0.198656,-0.137892,-0.032390,-0.070130,0,0,0,0
-1.404391,1.087386,1.380217,0.349895,0.895024,0.182289,0.754043,0,0,1,0
-0.085657,0.118086,0.747428,1.093904,-0.685217,-0.087736,-0.128542,0,0,0,0
-0.519209,-0.223884,0.640031,0.469507,0.524179,-0.379636,0.667855,1,1,0,0
0.992691,-1.693756,-0.789933,-0.432957,-0.635153,-0.736355,-0.449089,0,0,0,0
0.451682,-1.534398,1.097790,-0.271760,-0.388856,-0.333443,-0.644389,1,0,0,1
-1.161913,1.588271,-0.575721,-0.466495,1.857035,-0.989440,0.662601,0,0,0,0
-0.222449,-0.385294,-1.023882,-1.359318,-1.661637,1.553061,-1.363957,0,1,0,0
0.356309,-1.588031,-0.756654,-1.246142,-1.873135,-0.016462,-1.435046,0,0,0,0
-0.685843,-0.551246,-1.554875,-1.364538,-1.928795,-0.379849,-1.621125,0,0,1,0
0.408761,-0.980789,-0.418838,-1.357252,-0.306998,0.627242,-0.507486,0,0,0,0
0.530632,-0.325633,-1.145743,-0.153188,1.132692,-0.211018,-0.764342,1,0,0,1
0.956424,-1.562004,-0.511669,-0.093995,0.415987,-0.805853,-0.331561,0,0,0,0
0.495585,-1.004421,1.434020,-0.757020,-0.010359,0.102584,-0.168196,0,0,0,0
0.453124,-0.954836,0.561665,-1.393536,-0.104269,-0.459393,-0.734987,0,0,0,0
-2.005533,2.080323,0.678244,-0.721644,1.822108,-0.646208,0.243456,1,0,0,1
-0.493755,-1.799838,1.895188,1.110190,1.625682,-0.801862,0.636811,0,0,0,0
0.116717,-0.610282,0.425320,1.295688,0.478797,-0.105597,0.452563,0,0,0,0
-0.222406,0.231886,0.891287,0.272893,0.698027,-0.321454,0.985152,0,0,0,0
-0.527446,0.711347,0.857399,-0.016790,0.882355,-0.679411,1.076349,0,0,1,1
1.022983,-1.840305,-0.805206,-0.083336,-0.256533,-0.961441,-0.267149,0,0,0,0
0.484949,-0.160452,-0.321937,0.819613,-1.094738,-0.345036,0.676184,1,0,1,0
-0.988834,-0.913367,1.400721,1.437997,1.085579,-0.662752,0.727659,0,0,0,0
-0.838976,0.241576,0.085562,1.114077,0.423499,0.034969,0.917292,0,1,0,0
0.761823,-0.393069,0.370130,-0.064477,0.052631,-0.622125,0.787317,0,1,0,0
0.332867,-0.273245,-0.236079,2.014441,-0.485223,-0.705923,0.844610,0,0,0,0
1.249886,-1.524284,-0.885932,0.913916,-0.189251,0.876768,-0.665543,0,0,0,0
0.561618,-0.268941,-0.243370,0.504416,-0.934239,-0.476398,0.719248,0,0,0,1
1.024097,-1.917555,-0.917238,-0.092078,0.488824,-0.485375,-0.713225,0,0,0,0
-0.708319,-0.775599,1.186155,0.397692,1.145396,-0.521137,0.704852,0,1,0,1
0.318138,0.153249,1.273815,0.417640,0.492778,-0.698144,1.145515,0,0,0,0
-0.204536,-0.507742,0.331659,0.849721,-0.035243,-0.301794,1.334559,0,0,0,1
-0.437812,-0.988612,1.711928,0.460075,0.179532,-0.722552,0.651097,0,0,0,0
-0.309380,-0.472864,0.523629,0.005968,0.380651,0.302714,-1.139599,0,1,0,0
0.733709,1.736545,-1.656132,-0.900343,-0.396572,-0.102010,1.081680,0,0,0,0
-3.156994,1.939146,2.512752,-1.250117,3.122877,-0.764329,0.808677,0,1,0,1
1.304647,-1.566415,-0.727805,-0.027217,0.083556,0.033185,-0.703201,0,0,0,0
0.868506,-0.360381,-0.458346,0.658478,-0.435034,-0.107872,0.299518,1,0,0,0
-0.474946,1.013646,1.089476,-0.318374,-0.788253,-0.640942,0.563735,1,0,0,0
-0.353101,-0.000783,0.331247,0.247551,-0.155371,1.969285,0.892100,0,0,1,0
0.781602,-0.287056,0.312553,0.023996,0.192809,-0.535660,0.824839,0,0,0,0
0.451350,-0.230081,-0.302745,1.986488,-0.404940,-0.469095,0.993504,0,0,0,1
1.288780,-0.570728,-1.211845,1.672784,-0.859464,1.969184,0.404159,1,0,0,0
0.762357,0.036836,-0.830162,1.137664,-0.817211,-0.522552,0.435920,1,0,0,1
1.121735,-1.926810,-0.847065,-0.538004,-0.498831,-0.390621,-0.901218,0,0,0,0
0.676719,-0.495448,-1.821812,-0.315456,-1.327230,-0.590475,-1.323113,0,0,0,0
0.383460,-0.244149,-1.954021,-0.150331,-1.982835,-0.579767,-1.386138,0,0,0,0
0.378805,0.244040,-2.183615,-0.300304,-1.693769,-0.147987,-1.398611,1,0,0,1
-0.571623,0.563597,1.682375,-0.177750,-0.297325,-0.616347,0.279998,0,0,1,0
0.706347,-0.866713,0.925857,-0.425170,-1.651673,3.004163,-0.623560,0,0,0,0
0.422663,-0.483387,0.084401,0.137431,-1.611107,0.060268,-0.533937,0,1,0,0
-0.009939,0.453077,0.484699,0.450557,-0.780088,0.310320,-0.277961,0,1,0,0
0.019684,-0.061113,-0.201383,1.238073,-0.054497,0.858598,-0.479268,0,0,0,0
-0.274141,0.586837,-0.768165,1.355907,1.253376,0.258379,-0.508115,0,0,0,0
0.342119,-0.571778,0.345325,0.315650,-0.692885,0.891749,-0.776867,0,0,0,0
-0.546931,0.787747,-0.892775,1.243052,1.254471,0.286052,-0.517851,0,0,1,0
-0.452792,0.678100,-0.604401,0.094296,0.979856,1.274137,-0.692920,0,0,1,0
-0.206798,0.525661,-1.313921,0.564578,1.401755,1.450012,-0.672546,0,0,0,0
-0.895994,1.119491,-0.026419,0.644253,0.493392,-0.145009,-0.356960,0,0,1,0
-0.952797,2.115255,-0.563086,-0.787958,1.838199,1.274256,-0.428387,1,0,1,0
-0.252531,1.390660,-1.900452,0.088054,1.462956,0.935412,-0.427998,0,0,0,0
-0.477335,1.319650,-0.722430,0.697768,0.505485,0.446757,-0.479788,1,0,0,0
-1.089141,1.788249,0.528699,0.330080,-0.532724,0.139891,-0.551181,0,0,0,1
-0.528584,1.304211,-0.509571,0.759104,0.185502,1.455913,-0.363564,0,0,1,0
-1.495598,0.150218,-1.072377,1.460799,1.650372,-0.418369,-1.055066,0,0,0,0
-0.308436,0.527375,-1.022684,1.044782,1.477476,1.838366,0.132707,0,1,0,0
0.674216,0.095856,-1.975742,0.929492,0.154424,-0.365117,-0.463170,0,0,0,0
0.710976,-0.266064,-1.644350,1.352520,-0.520142,0.298630,-0.292590,0,0,1,0
-0.606732,1.741598,0.291881,1.028520,0.851409,-0.583571,-0.039344,0,0,0,0
-0.450116,1.435202,0.403065,0.705504,-0.070431,-0.037767,-0.241387,1,0,0,0
-0.152273,1.184009,-0.406416,0.268958,0.832240,0.875190,-0.308242,0,0,0,0
-0.365209,0.730718,-0.852279,1.282452,0.469549,-0.347270,-0.498222,0,0,1,0
0.954892,0.199283,-1.467812,0.269989,-1.333469,0.278347,-0.550135,0,0,0,0
1.017212,-0.262442,-1.782463,0.233622,-2.331468,-0.467328,-0.755078,1,0,0,0
0.913843,-0.557160,-2.237738,-0.018088,-2.080405,-0.337839,-0.962976,0,0,0,1
0.901106,-0.357940,-2.298882,-0.105690,-2.701705,0.299492,-0.934758,0,0,1,0
1.018975,0.213338,-1.100599,0.358654,0.514637,0.093039,-0.189837,1,0,0,0
0.378844,1.447822,-1.341249,0.389752,0.816636,-0.268660,-0.293260,0,1,0,0
-0.060011,2.099178,-1.596110,-0.077130,1.270357,0.056333,-0.299101,0,0,1,0
-0.646600,2.155572,-0.993653,-0.380328,1.311487,-0.290603,-0.237105,0,1,1,0
-0.074668,-0.259506,1.104574,-0.547711,0.073502,-0.653424,0.119637,0,0,0,0
0.876224,-0.005566,-0.143840,1.407565,-0.956746,-0.322316,0.231039,1,0,0,0
0.092683,0.410942,-0.134887,-0.113540,0.522834,-0.338079,0.957911,0,0,0,1
-0.904328,0.554675,-0.035227,-0.676364,1.445174,-0.642801,0.938397,1,0,0,1
1.057595,-1.995342,-0.234444,0.080774,0.531562,-0.532343,-0.363043,0,0,0,0
0.726824,-0.196523,0.195879,0.790900,-0.973879,0.398651,0.769604,1,0,1,0
-0.535710,0.125899,0.245010,0.511786,0.960892,-0.668612,0.313741,0,0,0,0
0.671728,0.134339,-1.756076,1.036732,-0.079392,-0.068795,0.981284,0,1,0,0
0.695775,-0.335672,-0.001280,0.247901,-0.888661,-0.433790,0.687513,0,1,0,0
-0.165531,-0.754068,-0.493674,1.354044,-0.737319,-0.596003,0.905732,0,0,0,0
1.216976,-1.505600,-0.528710,0.894903,0.223484,2.615020,-0.008175,0,0,0,0
0.760141,-0.050344,0.104921,0.838518,-1.256484,1.327338,1.102112,0,0,0,1
0.977389,-1.799877,-0.482294,0.123195,0.274467,-0.545789,-0.370431,1,0,0,0
0.914556,0.942848,1.159880,0.366595,-0.888951,-0.103018,0.858773,0,0,0,0
-0.463991,-0.443791,0.105421,0.837861,0.607264,-0.822217,0.348971,0,0,0,0
-0.134940,-0.044926,-0.179106,0.262643,-0.086967,0.155997,1.181268,0,0,0,0
0.940687,-0.576776,-0.249525,-0.850603,0.372473,0.982380,0.011339,0,0,0,0
1.256175,-0.524309,0.398059,-0.323384,-1.679336,0.737619,0.472694,0,1,0,0
1.270636,0.621316,-2.257287,-0.717021,-1.477202,1.395887,0.502074,0,0,0,0
-0.122214,2.617564,-1.312523,-1.658038,0.156100,-0.412285,0.778510,0,1,0,1
1.138799,-1.624904,-0.115941,-0.218782,0.234179,-0.672306,-0.358687,0,0,0,0
0.934357,-0.244233,-0.463031,0.712466,-0.574179,0.188833,0.395820,1,0,0,0
-0.688456,0.971396,1.048111,-0.173871,-0.386782,-0.925253,0.793264,1,0,0,0
0.680448,-0.002000,-1.828821,0.963192,-0.272952,0.214013,0.801422,0,0,1,0
0.783270,-0.537483,0.418217,0.150671,-0.444837,-0.096544,0.845003,0,0,0,0
-0.037705,-0.787480,-0.573035,1.313977,-0.891895,-0.582922,0.812253,0,0,0,1
1.438357,-0.210305,-1.341771,1.498313,-1.225302,4.515293,0.169376,1,0,0,0
0.919254,-0.064560,-1.156445,1.117319,-0.708079,-0.582267,0.470736,1,0,0,1
0.962998,-1.905197,-0.641956,-0.300448,-0.249359,-0.941219,-0.406998,0,0,0,0
0.025457,-0.962358,-1.633204,-0.406700,-0.955070,-0.313267,-1.837461,0,0,0,0
-0.648914,-1.152930,-0.896597,-0.278766,-1.565877,-0.208997,-2.002073,0,0,0,0
-1.868863,-0.932164,-1.773596,-1.171146,-1.376627,-0.747848,-2.025734,0,1,0,1
-0.682261,-0.438242,1.937191,0.127954,-0.748999,-0.960377,0.269800,0,1,0,0
-0.859117,1.691549,0.252402,-0.303632,0.231654,-0.203059,1.125970,0,0,0,0
-0.204155,0.757786,-1.081552,0.440756,-0.952631,-0.621687,1.046850,0,0,0,1
-1.025764,1.919249,-0.271540,-0.442087,0.537761,-0.601902,0.222007,1,1,0,0
1.089758,-1.756145,-0.887963,-0.168368,0.341379,-0.319561,-0.718852,0,0,0,0
0.588748,-0.115103,0.361768,1.005096,-1.197812,0.417838,0.734501,1,0,1,0
-1.267292,0.535712,2.120778,-0.362734,0.373824,-0.351861,0.497135,0,0,0,0
0.565078,0.108082,-0.992843,0.776705,0.043142,1.265442,0.573398,0,1,0,0
0.692656,-0.437804,0.510777,0.165155,-0.276554,-0.583535,0.395690,0,1,0,0
0.037807,-0.765712,-0.524123,1.558086,-0.694660,-0.513507,0.776519,0,0,0,0
0.988717,-1.720594,-0.398777,0.743731,0.577599,1.255091,0.388456,0,0,0,0
0.624320,-0.144945,0.409163,1.121142,-1.247162,0.411961,0.966173,0,0,0,1
1.180844,-1.850018,-0.906358,0.119213,0.146931,-0.244356,-0.653668,0,0,0,0
0.248972,-0.307304,-0.707524,1.273582,0.156324,-0.586612,0.431600,0,0,0,1
0.758579,0.358215,-0.453216,-1.416728,-1.002581,-0.116730,-0.449640,0,0,1,0
0.786613,-0.774809,-0.234960,-0.220912,-0.185817,1.004760,-0.298710,0,0,1,0
0.423494,-1.086904,1.885306,-0.258902,-0.406707,-0.585021,-0.191753,0,0,0,0
-1.568468,0.705557,1.563157,0.197585,0.312745,-0.386646,0.323029,0,0,1,0
0.226852,-0.007867,0.464504,0.632466,-0.372689,0.390730,-0.203913,0,0,0,0
-0.637248,0.327759,0.734389,-0.056764,1.226880,-0.754051,0.395708,1,1,0,0
1.125394,-1.870293,-0.938213,-0.458696,-0.295743,0.059321,-0.726309,0,0,0,0
0.421330,-1.482564,0.810577,-0.381403,-0.125987,-0.497157,-0.650677,1,0,0,1
-1.647211,1.158379,-0.153978,-0.296133,2.061771,0.909997,0.380750,0,0,0,0
-0.325456,-0.365394,-0.660484,-1.507789,-1.872651,2.403798,-1.391300,1,0,0,0
0.228321,-1.553613,-0.641802,-1.373590,-1.855654,-0.161191,-1.535074,0,0,0,0
-1.088517,-1.939739,-2.887275,-1.650873,-1.055822,-0.618389,-1.795949,0,0,1,0
0.448275,-1.168496,-0.347548,-1.391800,-0.632966,-0.123818,-0.538305,0,0,0,0
0.665924,-0.477235,-1.305770,-0.349849,0.655295,-0.307126,-0.830220,1,0,0,1
1.403256,-0.961717,-0.146814,-0.138778,-0.182533,-0.548122,-0.640017,0,0,0,0
0.193437,0.651542,1.777716,0.000764,0.887077,-0.501671,0.557488,0,0,0,0
-1.583607,2.271832,0.208110,-1.295078,0.679382,-0.582070,-0.667342,0,0,0,0
-1.010992,1.007821,-2.407259,-2.291597,-0.904758,-0.168766,-1.682507,1,1,0,0
-0.607069,0.340885,0.848690,0.048157,0.316889,-1.091005,0.386429,0,0,0,0
-0.594001,0.361452,0.123041,0.415864,0.718884,-0.500831,0.782985,0,0,0,0
-0.047699,-0.892861,0.124722,0.711672,-0.769280,0.200674,0.858422,0,0,0,1
-0.394300,-0.471993,-0.124191,0.183900,0.403734,-0.257682,0.354145,0,0,0,1
0.399142,-1.681172,0.405237,0.420126,0.353412,0.287422,0.711393,0,0,0,0
-0.096764,-1.127772,0.437821,0.342659,1.000439,-0.548673,0.185003,0,0,0,0
0.127007,-1.192966,-0.900588,0.893221,-0.044141,-0.009859,0.649241,0,1,0,0
0.114128,-1.005612,-0.244194,0.846004,0.862183,0.244059,0.710382,1,0,0,0
0.317519,-1.330620,0.103077,0.788539,-0.079219,0.073605,0.620951,0,0,0,0
0.158375,-1.202364,-0.261832,0.389344,0.479280,0.299526,0.724955,0,0,0,1
0.455561,-1.318626,-0.189285,0.646606,0.049524,0.139632,0.621429,0,0,0,0
0.416811,-1.653742,-0.182486,0.460830,1.036316,-0.254746,0.760580,1,0,0,0
0.356164,-1.380915,-0.093726,0.792082,0.586000,-0.569537,0.294471,0,0,0,0
0.398593,-0.933027,-0.324295,0.586396,0.447835,-0.465803,0.404017,0,0,0,0
0.675789,-1.483869,0.258936,0.347312,0.720203,-0.132654,0.117223,0,0,0,0
0.300169,-1.261476,0.335218,0.785382,0.643405,-0.451445,0.364066,0,0,0,0
0.583670,-1.711635,-0.314848,0.598093,1.000116,0.108938,0.290087,0,0,0,1
0.175349,-0.772096,0.603153,0.253857,0.650324,-0.144934,0.514257,0,0,0,0
0.288429,-1.039389,0.537066,0.891212,0.269737,-0.028147,0.714713,0,0,0,0
0.286575,-1.443263,0.113694,0.538002,0.621420,-0.072722,0.404064,0,1,0,1
0.920154,-1.537805,-0.507650,-0.144726,0.302082,-0.523619,-0.413750,0,0,0,0
0.884148,-0.301176,-0.577901,0.764944,-0.347828,0.106950,0.292092,1,0,0,0
-0.651967,0.888022,1.177231,-0.295808,-0.528836,-0.873342,0.731753,1,0,0,0
0.712393,0.059564,-1.947120,0.814453,-0.130966,0.844135,0.902029,0,0,1,0
0.765023,-0.538834,0.289766,0.131324,-0.668372,-0.325203,0.757612,0,0,0,0
-0.193806,-0.830580,-0.560911,1.381825,-0.605493,-0.383581,0.940298,0,0,0,1
0.677400,-0.432494,-1.613638,1.698886,-0.303716,2.934801,0.040328,1,0,0,0
0.841930,-0.086234,-0.213836,1.153761,-1.390158,1.529487,0.976458,1,0,0,1
1.002351,-1.902356,-0.453417,-0.017145,0.375207,-0.767481,-0.542937,0,0,0,0
0.322185,-0.474875,-2.030059,0.282769,-1.080974,-0.211421,-1.575074,0,0,0,0
0.139445,-0.509862,-1.828195,0.268454,-0.746562,-0.310037,-1.744252,0,0,0,0
-0.465985,0.167172,-2.352669,0.226125,-0.891288,-0.708537,-1.870328,0,1,1,0
-1.659441,2.300344,1.652026,-0.850202,0.955035,-1.000152,0.335428,0,0,0,0
0.610988,0.267207,-1.074212,-0.946778,0.971102,2.565339,-0.038807,0,0,0,0
-0.427610,1.291960,0.017064,0.402880,-0.652028,-0.611198,-0.023947,0,0,0,0
0.574644,0.086675,0.514422,-1.419238,0.738808,0.794914,-0.179460,0,1,0,0
0.071591,0.394537,0.354946,0.520009,-0.228664,-0.305753,-0.139286,0,0,0,0
-0.476141,0.238427,1.423865,-0.834355,-0.783308,0.005195,-0.020532,0,0,1,0
0.525923,-0.338680,-1.446685,0.681205,0.541386,0.020913,0.132031,1,0,0,0
-0.893966,1.560174,0.506425,-0.082662,0.606308,-0.551028,0.063476,1,0,0,0
0.330909,0.008689,-0.160590,-0.522505,1.505687,0.530442,0.054858,0,0,0,0
-0.105114,0.161882,0.542305,0.126792,-0.618973,-0.643209,0.030497,0,0,0,0
-0.400346,0.505161,1.243805,-0.876096,1.411644,0.284488,-0.315791,0,0,1,0
0.649439,-0.296283,0.246847,0.837021,0.520988,-0.328225,-0.370739,0,0,0,0
-0.758852,1.735086,0.392457,-0.276041,0.254566,-0.543657,-0.358630,0,0,0,0
0.627246,-0.267570,-0.470472,0.258998,1.256205,1.040717,-0.175855,0,0,0,1
-0.162611,0.358790,1.406339,-0.977011,-0.361355,-0.304057,-0.123890,0,0,0,1
-0.189307,1.043208,0.279765,-0.768349,1.852234,-0.135690,-0.427084,0,0,1,0
0.770419,0.061599,0.306635,0.050760,0.084028,0.250158,-0.307591,0,0,0,0
-0.506642,1.326862,0.158737,0.092368,0.901427,-0.528263,-0.080144,1,0,0,0
0.292988,-0.529508,0.627233,0.886483,0.222620,0.601518,0.084769,1,0,0,0
-0.221120,0.828504,0.538472,-0.935905,0.464606,-0.466215,0.022698,0,0,0,0
0.064160,0.140646,-0.549598,-0.161503,1.227064,0.024977,0.051083,0,0,0,0
0.143325,0.134483,1.012981,0.150526,-0.307135,-0.331528,-0.095565,0,0,0,0
-0.538342,0.575819,1.257347,-1.159141,1.227184,-0.128249,-0.079207,0,0,1,0
0.545038,-0.692285,-0.471918,1.069000,0.402120,0.051926,0.040820,0,1,0,0
-0.425430,1.092489,-0.385264,-0.557527,0.271758,-0.077094,-0.069694,0,0,0,0
0.589235,-0.319307,-1.021240,-0.739631,0.795561,0.552198,-0.041671,0,0,0,0
0.411385,0.634928,-0.924284,-0.465160,0.031942,-0.199806,-0.482938,0,0,0,0
0.056934,0.568069,-0.133563,-0.802963,0.784650,0.202159,-0.263009,0,0,0,0
0.260299,0.488667,0.086077,0.305357,0.204154,-0.635727,-0.293999,0,0,0,0
-0.420886,1.739847,1.788396,-0.594356,0.752023,-0.170845,0.348098,0,0,0,1
0.591411,0.528194,0.020712,-0.321580,1.526165,0.679184,-0.075591,0,0,0,1
-0.263202,1.679767,-0.001772,0.281418,-0.223417,0.096823,0.084670,1,0,1,0
0.213361,0.256429,-0.229439,0.828113,-0.676336,0.771396,0.060479,0,0,0,0
0.392660,0.599430,-0.541888,0.143893,-1.286778,-0.064922,-0.894223,0,0,0,0
0.235793,0.851062,-0.330719,-0.861917,-1.078645,0.093570,-0.693135,0,0,0,0
0.208686,0.609213,-1.237107,-0.432228,-0.880536,-0.008190,-0.699310,1,0,0,1
0.410393,0.112967,-0.686053,0.133926,-1.810018,-0.602652,-1.222429,0,0,0,0
0.183758,0.113149,-0.080936,0.270136,-3.116988,-0.565832,-1.426741,0,0,1,0
-1.165973,-2.152123,-0.069068,0.113662,-4.016943,-0.889603,-1.970307,0,1,0,0
-1.047176,-0.501606,-0.846553,-0.114811,-2.332813,-0.552174,-1.919343,0,1,0,0
-1.648108,0.120059,0.665960,-0.937891,-2.359790,-1.043186,-1.959171,0,0,0,0
-2.260643,1.625044,1.518176,-0.706740,-0.959946,-0.629318,-1.987186,0,0,1,0
-1.174798,0.755562,-1.033087,0.202850,0.449255,1.226660,-1.816984,0,0,0,1
-2.484944,1.542910,0.786669,-1.748658,-0.303610,1.243547,-1.897227,1,1,0,0
-0.143342,-1.325744,-3.423095,-1.538794,-2.815078,-0.443291,-1.633486,0,0,0,0
-1.463830,-3.338589,-1.165397,0.368611,-3.790401,-0.554894,-2.034044,0,0,1,0
-0.872669,-3.067819,-2.701092,-1.196164,-2.554436,-0.639720,-2.006971,0,0,0,0
-1.231618,-3.195037,-2.372422,-1.482698,-1.988658,-0.364482,-2.137109,0,0,1,0
-0.879243,-1.037382,-1.130745,-0.659404,-0.904270,-0.474429,-2.102077,0,0,0,0
-1.144868,-0.716237,-2.115857,-0.549599,-1.387644,-0.497126,-2.118631,0,0,0,0
-0.930524,-0.377691,-1.855874,-0.870753,-1.356653,-0.660687,-2.059387,0,0,0,0
-1.113799,-0.905428,-2.156149,-0.677060,-1.441323,-0.760969,-2.105658,1,0,0,1
0.093347,-1.725926,-2.216834,-1.267726,-2.511583,-0.743667,-1.739238,0,0,0,0
-0.029860,-2.137187,-3.030970,-0.865813,-2.553176,-0.446615,-1.770147,1,1,0,0
-0.123414,0.390215,-0.251080,0.526885,-0.857040,-0.856488,0.209016,0,0,0,0
-0.635083,-0.856380,-2.201279,-0.629287,-1.454041,0.134355,-1.881636,1,0,0,0
-0.971426,-0.921067,-1.778099,-0.980448,-0.593149,-0.944536,-2.117323,0,0,0,0
-1.197611,-0.476192,-2.238828,-0.691808,-0.661781,-0.686220,-2.113720,0,0,0,0
-0.949855,-1.194502,-2.262962,-0.878004,-1.348253,-0.341097,-2.094341,0,0,0,0
-0.777247,-1.871912,-2.369611,-0.958418,-1.705204,-0.123982,-2.048500,1,1,0,0
0.325536,-0.918236,-2.596298,-1.307100,-1.721629,-0.497144,-1.456003,0,0,0,0
-0.037795,-0.919765,-1.571546,0.018514,-2.343018,-0.213077,-1.618368,0,1,0,0
-0.224317,-0.267515,-1.120632,-1.021882,-1.794907,-0.713733,-1.749310,0,1,0,0
-0.002510,-0.219208,-0.977612,-1.288914,-2.391706,-0.469657,-1.608994,0,0,1,1
-0.639780,0.485551,-0.075785,0.773109,0.785059,-0.813232,0.287719,0,0,1,0
-0.925614,1.161275,-1.074149,-0.634521,-0.749063,-0.356150,-1.754976,0,0,0,1
-1.301282,0.982702,-0.808927,-0.679155,-0.719848,-0.735893,-1.934846,0,0,0,1
-1.916181,1.270148,-0.297345,-0.869750,0.685963,-0.909265,-2.023821,0,0,1,0
-0.056604,-0.533897,-1.350667,-0.161365,-0.886669,-0.702810,-1.737334,0,0,0,0
-0.414746,-1.262121,-0.582441,0.823762,-0.596804,-0.520483,-1.891586,0,1,0,0
-0.524857,-1.773686,-2.161233,-0.515813,-1.441142,-0.583061,-1.916611,0,0,0,1
-0.258808,-0.147881,-0.736027,-1.169940,-1.050122,-0.052813,-1.495265,0,0,0,1
-0.526833,0.038300,-0.443727,-0.764398,-0.101257,-0.683672,-1.416715,0,0,0,0
-2.517114,1.016461,-0.381176,-1.459847,0.374352,-0.971318,-2.133553,1,0,0,0
-0.075613,-3.423931,-0.528128,-0.771599,-1.506113,1.046178,-1.768469,0,0,0,0
-1.035669,-2.079243,0.234685,-0.767374,-2.363141,-0.117935,-2.015755,0,0,1,0
-0.113159,0.814614,-1.078407,-0.543371,0.849885,-0.558377,0.828829,0,0,0,0
-0.667745,-0.105546,0.314940,2.042080,1.614122,-0.601558,1.408411,0,1,1,0
-0.318897,0.965048,-0.354512,0.465159,1.239186,-0.005080,1.148423,0,0,0,0
-0.523881,1.265108,-0.471630,0.724906,1.334589,-0.640321,1.511059,0,0,1,1
-1.098949,1.086284,1.921854,0.186318,0.323589,-0.598012,1.444767,0,0,0,0
-1.292922,0.899911,2.234217,1.155365,-0.040131,-0.152528,0.892183,0,0,0,1
-1.362434,1.448590,2.454800,0.747100,0.185691,-0.805101,1.277963,0,0,0,0
-0.402968,0.646336,1.650856,1.112196,0.102413,-1.020516,0.629086,1,0,1,0
0.135695,0.624645,-0.311630,0.330676,-0.246156,-0.643340,0.821287,0,0,0,1
0.388135,1.239342,-0.645825,-0.081268,-1.047877,-0.434137,0.866485,0,0,0,1
-0.634336,1.136899,-0.570230,0.223988,1.075928,-0.897519,0.283618,0,0,0,0
-0.251817,2.300889,0.933673,-0.052653,0.987271,-0.331399,1.035617,1,0,0,0
-0.622700,1.031035,1.270674,0.318647,0.124236,-0.922480,0.846890,0,0,0,0
-1.425205,1.532995,1.845682,0.522190,0.011553,-0.813561,0.324002,1,0,0,0
-0.191240,0.764160,0.389518,0.511943,0.302222,-0.197001,0.047267,0,0,0,0
-0.925298,0.848413,1.714419,0.841111,1.264721,-0.737488,0.786412,1,0,1,0
0.215745,1.385199,-0.830333,-0.944778,-0.063487,-0.492902,-0.360539,0,0,0,0
-0.073170,1.146536,-0.982591,-0.197814,0.624927,-0.021046,0.194720,0,0,0,0
-0.239338,1.942547,-0.971661,-0.749390,0.229120,-0.562048,0.050780,0,0,0,0
-0.529264,3.077229,-0.232307,-0.780113,0.226589,0.079198,0.526270,0,1,1,0
-0.154231,0.340205,0.703402,-0.102901,1.445479,-0.848892,0.327066,0,0,0,0
0.396021,0.057634,0.852252,0.957667,-0.388133,-0.530024,0.377468,0,0,1,0
-0.277708,0.909077,1.392619,0.437075,0.576967,-0.310641,0.850411,0,0,0,0
-0.840265,1.184684,2.089903,0.269015,1.591841,-0.889064,0.922212,0,0,1,1
-0.100536,-0.167764,-1.364324,-0.442082,-0.643393,-0.328153,-1.671911,0,0,0,0
-0.747280,-0.666727,-1.137664,0.534323,0.253020,-0.384187,-1.929344,0,1,0,0
-0.401143,-1.049975,-1.480319,0.025869,-0.683534,-0.318832,-1.793367,0,0,1,0
-0.717640,0.722265,-0.902807,-0.387485,-0.954026,-0.564406,-1.707972,0,1,1,0
-1.287291,-1.258220,0.041077,-0.426313,-0.449364,-1.083083,-2.007031,0,0,0,0
-2.015458,0.363326,-0.154345,-0.016804,-0.439269,-0.719105,-1.993495,1,0,0,0
0.041457,-2.889880,0.050959,-0.762676,-1.950881,1.118299,-1.777890,0,0,0,0
-0.453030,-1.511033,-0.835031,-1.114225,-1.671166,-0.460379,-1.903830,1,0,1,0
-0.192433,0.112313,-2.777424,-1.686133,-0.965404,-0.610817,-1.481022,0,0,0,0
-0.769494,-0.826775,-1.934217,-0.074341,-0.377514,-0.785939,-1.888888,0,0,1,1
-0.253828,-1.430892,-1.538846,-0.472956,-1.418831,-0.716557,-1.899049,1,0,0,0
-0.565505,-1.057639,-1.287487,-0.905564,-1.026211,-0.527312,-1.950131,0,1,0,0
-1.138942,-0.538254,-0.599615,-1.252382,-1.074412,-0.783508,-1.984532,0,0,0,0
-1.825406,1.087774,-1.375291,-1.742355,0.624520,-0.510478,-1.903207,0,0,0,0
-1.216551,-0.114275,-1.371796,-1.221298,-0.589160,-0.877199,-1.925039,0,0,0,0
-0.879638,-0.066891,-1.036833,-2.118074,-0.582116,-0.330727,-1.893412,1,1,0,0
0.038822,-0.953248,-1.484436,-1.357272,-1.815761,-0.855491,-1.724336,0,0,0,0
0.009002,-0.861246,-1.738804,-0.678712,-1.409406,-0.284669,-1.762532,0,1,0,0
-0.350436,1.136054,0.181672,0.072155,0.384762,-0.535946,0.172291,0,0,0,1
-0.179842,0.990256,-0.034959,0.216910,0.171560,0.099775,-0.405677,0,0,0,0
-1.435185,0.973570,1.373841,-0.375088,1.266152,-1.064111,-0.733834,0,0,0,0
-1.438679,2.321861,1.072588,0.145664,0.612839,-0.270708,-0.484514,0,0,0,0
-0.598117,0.432519,0.116692,-0.342191,-1.544893,-0.826961,-1.733576,0,0,0,0
-0.725249,-0.367758,-0.148823,-0.779197,-1.848064,0.231056,-1.822309,0,1,0,1
0.240848,0.094216,-1.933059,-1.696037,-2.086903,-0.856625,-1.367772,1,0,0,0
0.052228,-0.258307,-1.501557,-0.652696,-1.537843,-0.396718,-1.615219,0,1,0,0
-0.440273,0.550963,-0.030645,-0.465451,-1.198269,-0.440932,-1.621796,0,0,1,0
-0.564173,0.712205,-0.544712,-0.897859,-1.191855,-0.248599,-1.735723,0,1,1,0
-0.629347,1.531793,-1.273082,-0.445495,0.357845,-0.138181,0.293963,0,0,0,0
-0.653535,1.703098,-1.435727,-0.834914,-0.208216,-0.368466,-1.548367,0,0,0,0
-0.705537,1.927646,-1.544580,-0.947778,0.023046,-0.000715,-1.648580,0,0,0,0
-0.925207,2.014308,-1.697371,-1.249923,0.002636,-0.287937,-1.709378,1,1,0,0
0.726796,-0.301786,-2.723335,0.253410,-0.545846,-0.468597,-1.171597,0,0,0,0
-1.147957,1.498648,-1.624683,-0.996532,0.356774,-0.434319,-1.726246,0,0,0,0
-1.180757,2.038001,-1.712189,-1.173726,1.368090,-0.061757,-1.735383,0,0,0,0
-1.114447,1.964227,-2.017175,-1.050646,1.424127,-0.163783,-1.751094,1,1,0,0
0.705354,-0.357893,-3.179225,-0.139440,-1.014333,-0.311700,-1.174550,0,0,0,0
-1.186101,1.752404,-1.800015,-1.229884,0.580980,-0.409081,-1.692741,0,0,0,0
-1.378442,2.168894,-1.783334,-1.543280,1.563098,-0.116127,-1.556813,0,0,0,0
-1.313577,2.113503,-2.348436,-1.970291,1.197070,-0.010133,-1.703074,1,1,0,0
0.681375,-0.497028,-3.201266,-0.055486,-1.080450,-0.293428,-1.168937,0,0,0,0
-1.177812,1.549005,-2.354367,-1.508020,0.284579,-0.438264,-1.672366,0,0,0,0
-1.121753,2.248496,-2.275693,-1.549530,1.426842,-0.244577,-1.750161,0,0,0,0
-1.420312,2.001568,-1.652269,-1.468689,0.844893,-0.357455,-1.736184,1,1,1,0
0.138798,1.581133,-0.757857,-0.224029,-0.247991,-0.525119,-0.209204,0,0,0,0
0.538002,1.467640,-0.722659,0.537198,-0.655641,-0.361491,-0.131217,0,0,0,0
0.338293,1.954307,-0.559245,0.460653,-0.475682,0.031368,0.029707,0,0,1,0
0.097457,2.211722,-0.924946,-0.174480,-0.558081,-0.387242,-0.276234,1,0,0,0
0.905607,0.658464,-1.278861,0.693702,-0.006947,-0.152850,-0.506970,0,0,0,0
0.488857,1.073411,-1.007631,0.513352,-0.070853,0.029074,-0.582896,0,0,0,0
0.708728,0.897534,-0.716262,0.526194,-0.570372,-0.637627,-0.400637,0,0,0,0
0.608403,0.615155,-0.702758,1.172068,-0.760074,-0.141107,-0.383863,0,1,1,0
0.981367,0.594696,-1.463439,0.444725,0.315930,-0.098364,-0.444680,0,0,0,0
0.062280,1.055454,-1.031966,0.244436,0.607182,-0.381826,-0.402871,0,1,0,0
0.089272,1.204595,-0.341335,0.352811,1.378673,-0.180862,-0.276097,1,0,0,0
0.508762,0.823610,-0.979822,0.753546,0.652145,0.123023,-0.246095,1,1,0,0
0.753906,-0.337368,0.718718,-0.732044,0.617638,-0.387902,-0.437598,0,0,0,0
-0.723356,1.807661,-0.708347,-0.404795,0.453352,-0.815241,-0.253145,0,0,0,0
-0.298079,1.031112,-0.565246,-0.251477,-0.939775,-0.404789,-0.668396,0,0,0,0
0.466285,-0.456407,-2.409909,0.835218,-1.565520,-0.352356,-1.294508,0,1,0,1
0.136082,-0.437617,0.562526,-0.707143,-0.282399,-0.823634,-0.003557,0,0,0,0
0.733993,0.983033,-0.630175,0.492079,-0.762653,0.021635,-0.116609,1,0,0,0
-0.161957,1.339773,-1.454040,-0.096672,0.219431,-0.853503,0.350331,0,0,0,0
-0.264447,1.494476,-0.806835,0.353720,-0.343209,-0.267894,-0.423451,1,0,0,0
1.652908,0.482583,-0.517888,-0.253276,-0.028250,1.567803,0.433227,0,0,0,0
1.597609,-0.977223,-0.849624,0.149878,-1.052787,4.395295,-0.499702,0,0,0,0
1.108926,-0.035740,-0.512448,-0.441583,-0.117281,0.553481,0.128575,1,0,0,0
0.800685,0.124192,-1.940931,-0.602192,-1.547296,1.812126,-0.553930,0,0,0,0
1.411313,0.373145,-0.979739,-0.542555,-1.098817,-0.366699,-0.197195,0,0,1,0
-0.727471,0.807357,-0.215780,-0.776911,-0.376058,0.154995,-0.376819,0,0,0,0
-0.743862,1.140710,-0.880903,-0.921500,0.382317,-0.837890,0.622797,0,0,0,0
0.661140,-0.689676,-0.461856,-0.523722,-0.936672,0.667461,-0.318708,0,1,1,1
1.044701,-1.404353,-0.633172,-0.107635,-0.255176,-1.065073,-0.608391,0,0,0,0
0.156890,0.023725,0.170566,0.555314,0.830947,1.498462,0.534808,0,0,0,0
-0.597428,0.800087,-0.037825,0.427059,0.796380,0.113883,-0.295723,0,0,0,0
-0.221313,1.577422,0.136077,0.725521,0.733867,-0.310569,0.994252,0,0,0,0
0.316540,-0.526389,1.183438,0.439840,0.904484,-0.574441,0.499414,0,0,0,0
0.331482,-0.304075,-0.163972,0.947332,0.963063,1.936375,0.606312,1,0,0,0
0.323943,-0.458601,0.437532,1.028990,0.634533,-0.396175,0.563709,1,0,0,0
-0.027435,-0.213495,1.056531,1.543750,-0.464156,-0.416924,0.211539,0,1,0,1
0.844573,-1.429151,-0.326609,0.390361,0.244958,-0.835943,-0.482111,0,1,0,0
0.862107,-0.359172,-0.728982,0.195807,0.815881,0.610407,0.512713,0,0,0,0
0.776628,0.252048,-0.335454,0.013581,0.557982,-0.376770,0.522214,0,0,0,1
-2.117382,2.152057,1.404577,-0.389969,1.571420,-0.553316,-0.971836,0,0,0,0
0.309588,-0.284792,2.334410,0.621347,0.311387,-0.504996,0.478960,0,0,0,0
0.430879,-0.058350,0.561668,0.861417,0.451175,1.369927,0.045047,1,0,0,0
-0.238236,0.789152,1.642064,1.056272,-0.465872,-0.669832,0.567573,1,0,0,0
-2.508604,1.814920,2.040135,-0.282320,2.553075,-0.772899,0.772548,0,0,0,0
1.215406,-1.146944,-0.067906,-0.022739,-0.590461,-0.823648,-0.348865,0,0,0,1
0.889341,-0.945307,0.379297,0.735950,-0.268656,0.022483,0.721678,0,0,0,0
-1.057462,0.811754,0.647641,0.949600,-0.406504,0.477836,1.555553,0,1,0,0
-0.229650,0.703193,-0.804543,1.101761,1.140668,0.476302,1.370112,0,0,1,1
-0.728506,-1.794244,2.034779,1.149017,0.822441,-0.366271,0.224403,0,0,1,0
1.307517,-0.940814,-0.129688,0.217172,-1.608599,5.531836,-0.176351,0,0,0,0
0.105142,0.805458,-0.231362,-0.202294,-0.590877,-0.308060,0.535058,0,0,0,0
-0.718501,0.975937,-0.761983,0.332900,-0.572828,-0.379484,-1.136348,1,0,1,0
1.253932,-1.974955,-0.711298,0.168534,0.656307,-0.371445,-0.643733,0,0,0,0
0.016004,-1.431588,-0.839991,0.946780,1.081530,-0.189853,0.851637,0,0,0,0
1.242506,0.783166,0.367493,-0.229896,0.210363,-0.125633,0.803214,0,0,0,0
-2.481704,-0.312006,2.303322,0.639139,1.141356,-0.964656,-0.420453,0,0,1,0
0.264003,-0.872198,0.346729,-0.453984,-0.578824,-1.006814,-0.831990,0,0,1,0
0.447231,0.357682,0.230974,1.358243,0.216471,0.702644,0.930005,0,0,0,0
-0.900609,-0.535454,0.152670,0.350480,1.640608,1.097123,1.181807,0,0,1,0
0.654066,-0.838689,-0.813578,0.168030,-0.124929,1.511644,0.012644,0,1,0,1
1.082802,-1.992748,-0.825710,-0.255833,-0.156015,-0.190395,-0.911379,0,0,1,0
0.487681,-0.431328,1.196479,0.530036,0.771893,2.327490,0.533245,0,0,0,0
-0.241218,0.594830,0.190165,1.104207,0.543764,-0.418659,-0.143768,0,0,0,0
-0.230432,1.396707,0.271037,0.911830,0.658205,-0.329259,0.922438,0,0,0,0
0.163481,-0.317922,0.609632,0.663140,0.450343,-0.768510,0.411291,0,0,0,0
0.223675,0.014677,-0.428148,1.097428,0.777923,0.136974,0.656341,1,0,0,0
0.390667,-0.361093,0.841177,1.005512,-0.103238,-0.405209,0.655934,1,0,0,0
0.586031,-2.637801,0.605037,1.385868,0.998259,-0.234012,0.212762,0,1,1,1
1.015304,-1.996671,-0.814238,-0.052594,0.036093,-0.646043,-0.813639,0,0,0,0
0.475537,-2.248669,-0.640044,0.579806,0.723262,-0.345919,0.987721,0,0,0,0
1.378051,0.714906,-0.020871,-0.426840,-0.158531,-0.412721,0.230995,0,0,1,0
-2.165919,0.621649,2.512823,1.557445,0.691575,-0.880705,-0.295490,0,0,0,1
-1.229668,-2.038676,2.269813,1.802252,1.202222,-0.889222,1.196446,0,0,0,0
1.148123,-0.516083,0.428820,0.262459,0.296143,8.720213,0.042743,0,0,0,0
-0.221407,0.748729,0.367194,-0.257316,0.835796,-0.514007,1.604477,0,0,0,0
-0.400557,2.158369,-0.621519,-0.419484,0.869871,-0.164687,1.652369,1,0,0,1
0.927833,-2.192723,-1.253130,-0.364286,-0.036964,-0.706629,-0.776302,0,0,0,0
0.883056,0.259503,0.239683,0.676767,-0.308760,-0.009217,-0.578877,0,0,0,0
-0.850324,0.417923,1.028337,1.464032,1.083595,-0.719330,1.044638,0,0,0,1
-2.284601,-2.683564,1.044031,2.618128,2.251167,-1.110054,0.685380,1,0,1,0
-0.668573,-1.477286,1.639858,0.084993,0.907899,-0.952768,0.127475,0,0,0,0
0.648325,0.052044,-0.071725,1.192004,-0.118461,4.942164,-0.106777,0,0,0,0
-0.757110,0.332956,-0.121577,0.152446,0.957605,-0.848024,1.116660,0,0,0,0
-2.836910,0.189419,0.324757,-0.012560,2.565598,-0.941430,0.235508,1,0,0,1
1.183545,-1.571428,-0.402204,0.050192,0.088808,-0.602165,-0.604348,0,0,0,1
1.760878,-1.217197,-0.855727,0.338905,-1.009016,1.048866,-0.221592,0,0,1,0
1.324674,0.140513,-0.381460,-0.032540,0.179040,0.539299,0.490399,0,0,0,0
-0.648093,-0.536454,-0.406719,0.271258,1.129096,-0.391799,-0.213717,0,0,0,0
1.465645,-0.318254,-0.103047,-0.207517,-0.692623,-0.742375,-0.229817,0,0,0,0
1.255664,-0.063991,-0.655214,0.271604,-0.900923,-0.475897,0.288964,0,0,0,0
-1.485340,-0.233625,0.637386,1.033093,2.086354,-1.004209,1.151770,0,0,0,0
0.496743,-1.025262,0.155590,0.479697,-0.565827,0.317054,0.377650,0,1,1,1
1.171470,-1.550793,-0.574376,-0.281633,-0.018509,-0.789709,-0.701486,0,0,0,0
-0.154103,0.441015,0.114208,0.737083,0.318268,0.310038,0.513987,0,0,0,0
-0.387458,0.521912,0.323753,0.791115,0.291011,-0.089958,-0.351843,0,0,0,0
-0.166857,1.444568,0.384040,0.904627,0.649898,-0.423103,0.953543,0,0,0,0
0.213100,-0.556378,1.093126,0.301310,1.152617,-0.583193,0.482046,0,0,0,0
0.343032,-0.255282,0.000304,0.912990,0.879435,2.352819,0.591043,1,0,0,0
0.315526,-0.420119,0.771759,1.110289,0.206776,-0.466479,0.771046,1,0,0,0
-1.409257,1.445232,3.077502,0.677304,0.698958,0.605879,0.099973,0,1,0,1
1.060168,-1.533696,-0.500252,0.173845,0.171373,-0.580603,-0.578597,0,1,0,0
0.575060,0.076097,-1.157406,0.637971,0.446930,0.396329,0.424828,0,0,0,0
0.903880,0.548159,-0.629661,0.269276,-0.098600,-0.663092,0.379951,0,0,0,1
-2.136118,2.128336,1.802995,0.074390,1.356955,-0.417846,-0.980729,0,0,0,0
0.222972,-0.202196,2.523117,0.432091,0.707088,-0.790996,0.541385,0,0,0,0
0.494967,0.096257,0.684827,0.874979,-0.034752,1.924973,0.144815,1,0,0,0
-0.260043,0.878314,2.000375,0.888222,-0.305054,-0.727054,0.642238,1,0,0,0
-2.724148,1.461654,2.277278,-0.068087,2.557408,-0.934718,0.823949,0,0,0,0
1.202859,-1.061899,-0.157526,0.148566,-0.857262,-0.454644,-0.478748,0,0,0,1
0.614929,-0.546607,0.450229,0.658875,0.609312,0.043568,0.890355,0,0,0,0
-0.940034,0.673859,0.518731,0.760733,-0.608774,0.134371,1.474141,0,1,0,0
0.024702,1.281865,-2.194288,-0.174869,1.740305,0.872866,0.866068,0,0,1,1
-0.814965,-2.103890,2.353599,1.529209,1.293677,-0.795053,0.118880,0,0,1,0
1.231496,-1.071162,0.142970,0.303309,-1.778692,4.830262,-0.175251,0,0,0,0
0.381715,0.613364,-0.680173,-0.238525,-0.660313,0.297471,0.224565,0,0,0,0
-0.685336,0.889693,-0.653488,0.347696,-0.638962,-0.268502,-1.258370,1,0,1,0
1.127377,-1.779210,-0.553539,0.276673,0.566662,-0.771980,-0.245832,0,0,0,0
0.308756,-0.228683,-0.379413,0.313250,0.131926,0.019398,0.552446,0,0,0,0
0.205132,0.540275,0.440307,-0.223768,0.562652,-0.166929,0.506899,0,0,0,0
-2.584774,-0.679355,2.412970,1.051463,1.444815,-0.903998,-0.530917,0,0,1,0
0.292753,-1.480600,0.384614,-0.044840,0.007025,-0.719430,-0.771656,0,0,1,0
0.415161,0.260883,0.504636,1.282239,0.355837,0.866946,1.143221,0,0,0,0
-2.035299,-0.043381,1.044709,1.258281,2.513529,-0.727182,1.540949,0,0,1,0
0.520735,-1.260327,0.160168,0.380449,-0.413668,0.881538,-0.053737,0,1,0,1
1.073571,-1.729009,-0.621772,-0.182365,0.048329,-0.941101,-0.453108,0,0,1,0
0.116624,0.116773,0.345959,0.689416,0.725724,1.937950,0.629566,0,0,0,0
-1.019906,0.901801,0.765232,0.885101,0.525967,-0.110981,-0.339421,0,0,0,0
-0.194760,1.326040,0.169413,0.895803,0.588701,-0.189197,0.996645,0,0,0,0
0.342794,-0.838429,0.992681,0.983930,0.663460,-0.488783,0.511352,0,0,0,0
0.197290,-0.266569,-0.433117,1.266012,1.036171,1.196474,0.560573,1,0,0,0
0.303872,-0.472489,0.675376,1.432443,0.916350,-0.196362,0.579627,1,0,0,0
0.854472,-2.751086,-0.028515,1.244479,0.614667,0.276941,0.093157,0,1,1,1
0.862359,-1.986911,-0.612149,0.040038,-0.075659,-0.729858,-0.431284,0,0,0,0
0.559490,-2.422650,-0.536750,0.411631,0.605789,0.479664,1.127176,0,0,0,0
0.793682,-0.164466,0.377185,0.334883,-0.096311,-0.200754,0.444109,0,0,1,0
-3.544267,0.286238,2.423981,0.371798,2.731574,-1.055664,-0.323445,0,0,0,1
0.549074,-1.547521,0.639292,1.389657,-0.614007,-0.345342,0.926943,1,0,0,0
0.901714,-0.424638,0.818073,0.333286,0.474356,4.157401,-0.193732,0,0,0,0
0.022211,0.228427,0.401110,-0.142073,1.046964,-0.086021,1.628822,0,0,0,0
-0.258994,1.646972,-0.693711,-0.329136,0.713150,-0.185498,1.756633,0,1,1,0
1.011592,-1.942800,-0.932418,-0.194171,0.525035,-0.458010,-0.932330,0,1,0,0
1.038982,-0.251002,-1.195080,0.278895,-0.854832,1.046695,-1.011665,0,0,0,0
0.416208,-0.878799,0.052709,-0.070978,-0.255517,0.229375,-0.671197,0,1,0,0
-0.311942,-0.278919,1.655223,0.541467,0.513190,2.017202,0.527176,0,0,1,1
0.391282,-0.152689,-0.279074,-0.692385,0.988775,-0.705312,-0.059168,0,0,0,0
1.092073,0.293535,-0.786994,0.718324,-1.012399,1.361952,0.053350,0,0,0,0
-0.027834,1.267362,-1.027952,0.210519,1.113215,-0.343177,0.572548,0,0,0,0
-0.290266,1.752958,-1.511624,0.004992,0.776330,-0.393148,0.190674,0,1,0,1
1.287370,-1.687256,-0.404657,-0.191170,0.333596,-0.088063,-0.711551,0,0,0,1
1.761965,-1.090179,-1.015905,0.207270,-1.001887,0.412660,-0.217206,0,0,0,0
1.479206,0.347710,-0.141070,-0.133782,0.342906,0.965820,0.616458,0,0,0,0
-0.703003,-0.371933,-0.516897,0.467035,1.099833,-0.459940,-0.331134,0,0,0,0
1.349582,-0.099093,-0.191678,-0.022753,-0.832668,-0.595384,-0.207143,0,0,0,0
1.336812,-0.273828,-0.424282,-0.034211,-0.501910,-0.264989,0.429250,0,0,0,0
-1.081994,-0.436686,0.424232,0.759081,1.842470,-0.992653,1.070943,0,0,0,0
0.499846,-1.082658,-0.024717,0.452272,-0.597283,0.339359,0.138002,0,1,1,1
1.294453,-1.400585,-0.403597,-0.268706,-0.083041,-0.574333,-0.711756,0,0,0,0
0.290978,0.434327,0.650908,0.630386,0.269161,1.771923,0.348007,0,0,0,0
-0.271429,0.817614,-0.291207,0.698317,0.476862,-0.322938,-0.123766,0,0,0,0
-0.232115,1.351495,0.283999,0.821497,0.748056,-0.308167,0.876993,0,0,0,0
0.149764,-0.400479,0.983400,0.286745,1.012661,-0.688033,0.471567,0,0,0,0
0.418538,-0.121369,-0.534596,0.898480,0.641954,0.733844,0.559569,1,0,0,0
0.381807,-0.475329,0.520185,0.795828,0.154563,-0.178891,0.689097,1,0,0,0
-1.000184,2.286535,2.058947,0.381243,0.690112,3.315789,0.305011,0,1,0,1
1.086613,-1.918461,-0.625762,-0.020693,0.519012,-0.284548,-0.661423,0,1,0,0
0.832726,-0.251260,-0.957297,0.292113,0.413733,0.104395,0.352497,0,0,0,0
1.104953,0.619669,-0.325185,0.069534,-0.195121,-0.206492,0.320100,0,0,0,1
-2.203341,2.068693,1.521697,-0.276822,1.822071,-0.684117,-0.544788,0,0,0,0
0.122865,0.031129,2.393917,0.630358,0.281785,-0.448641,0.569148,0,0,0,0
0.532909,0.201395,0.529066,0.801358,0.243166,0.035789,0.013078,1,0,0,0
-0.257211,0.818340,1.337384,0.873277,0.091022,-0.535989,0.653009,1,0,0,0
-2.442875,1.810651,2.287042,-0.040545,2.221633,-0.834982,0.385038,0,0,0,0
1.360484,-1.345095,-0.238727,-0.263917,-0.554948,-0.372339,-0.610180,0,0,0,1
0.791008,-0.684188,-0.327494,0.828907,0.463708,0.122063,0.422075,0,0,0,0
-0.658198,0.662533,0.440111,0.479932,-0.627402,0.461021,1.464991,0,1,0,0
-0.328331,0.876810,-0.316641,0.925573,1.033900,-0.313293,1.417015,0,0,1,1
-0.926609,-1.705342,2.584865,1.045725,0.581684,-0.892859,0.102059,0,0,1,0
1.362356,-0.877847,-0.366534,0.420692,-1.711356,4.602667,-0.182256,0,0,0,0
0.201133,0.871758,-0.487473,-0.225008,-0.684577,0.050273,0.419832,0,0,0,0
-0.574667,0.886790,-0.930650,0.217761,-0.751457,-0.141262,-1.314538,1,0,1,0
1.173898,-1.878037,-0.560067,0.224883,0.402267,-0.709276,-0.473337,0,0,0,0
-0.086433,-1.369166,0.034819,0.726135,1.764181,0.591693,0.983307,0,0,0,0
0.850752,0.446340,0.220753,-0.363988,0.241217,0.041173,1.044633,0,0,0,0
-2.365346,-0.745702,2.346315,0.619622,0.951390,-0.793237,-0.634643,0,0,1,0
0.258091,-1.226028,0.335991,-0.206427,-0.079857,-0.662232,-0.839669,0,0,1,0
0.314538,0.280620,0.015980,1.318829,0.591183,0.940197,1.138332,0,0,0,0
-1.510974,-0.204674,0.484697,0.999573,2.458684,0.120298,1.489808,0,0,1,0
0.593786,-0.837063,-0.826701,0.324172,-0.762200,1.931368,-0.403425,0,1,0,1
1.132156,-1.783431,-0.817815,-0.297765,-0.011025,-0.872400,-0.647793,0,0,1,0
0.146483,-0.591234,0.535286,0.655777,0.776721,0.954936,0.624826,0,0,0,0
-0.445421,0.078253,1.222856,0.639387,0.582566,-0.347475,-0.349396,0,0,0,0
-0.194456,1.113944,0.232845,0.921602,0.444381,-0.375069,1.012643,0,0,0,0
0.296318,-0.810495,1.097260,0.511399,0.844019,-0.631137,0.427457,0,0,0,0
0.100390,-0.140338,-0.504912,1.044891,0.954519,1.016393,0.468414,1,0,0,0
0.352768,-0.581370,1.125281,1.033808,0.783686,-0.355936,0.696200,1,0,0,0
1.125256,-2.674519,-0.225751,1.036930,0.583489,0.310732,0.001132,0,1,1,1
0.968194,-1.972221,-0.762578,-0.018985,0.101670,-0.712269,-0.554164,0,0,0,0
0.584699,-2.398217,-0.606214,0.690234,0.403925,1.392685,1.228730,0,0,0,0
1.030978,0.789784,-0.118792,-0.407171,-0.182014,0.069163,0.212814,0,0,1,0
-2.238530,0.605659,2.828125,1.777600,0.691396,-0.600705,-0.484387,0,0,0,1
-0.886253,-2.262772,1.723094,1.740818,1.195631,-0.656846,1.030524,0,0,0,0
1.045865,-0.448334,0.412550,0.031116,0.394415,7.479188,-0.271995,0,0,0,1
-0.328379,0.733272,0.646553,-0.108103,0.962554,-0.303919,1.479527,0,0,0,0
-0.641518,2.119359,-0.811596,-0.459605,1.105070,-0.515558,1.770970,1,0,0,1
0.920776,-1.910542,-0.831130,-0.360463,-0.357573,-0.723537,-0.415849,0,0,0,0
0.814490,0.169284,0.316769,1.048733,-0.051089,0.330392,-0.262261,0,0,0,0
-1.517485,0.398712,1.799910,1.995862,1.169097,-0.929657,0.335201,0,0,0,1
-1.897634,-3.421242,0.885354,2.321843,2.160384,-1.019817,0.702235,1,0,1,0
-0.705513,-1.649318,1.999333,1.007044,1.109161,-0.689611,0.312769,0,0,0,0
0.850449,0.021040,-0.137517,0.825496,0.031924,5.838311,-0.057716,0,0,0,0
-0.695918,0.710447,-0.571150,0.379070,2.057060,-0.726346,1.111591,0,0,0,0
-1.996838,-0.824977,-0.742985,0.410843,1.391260,-0.726318,0.053328,1,0,0,1
1.100931,-1.498861,-0.525669,0.194765,-0.034841,-0.961071,-0.434300,0,0,0,1
1.788799,-1.181905,-0.801703,-0.026696,-1.059060,0.222644,-0.203328,0,0,1,0
1.103478,-0.431553,-0.555266,0.044920,0.552184,-0.207274,0.521713,0,0,0,0
-0.647904,-0.390869,-0.546051,0.492335,0.855722,0.153464,-0.528425,0,0,1,0
1.447923,-0.600227,-0.303643,-0.288509,-0.581582,-0.589614,-0.360472,0,0,0,0
1.278289,-0.234225,-0.409530,0.228154,-0.336955,0.098508,0.501243,0,1,0,1
0.712777,-0.885520,0.624680,1.695744,0.711819,0.689039,0.918067,0,0,0,0
-0.986681,0.159556,-0.013568,1.022814,1.022409,-0.563196,0.334861,1,1,1,0
0.956084,-1.470021,0.006267,0.117607,0.073195,-0.857062,-0.423744,0,0,0,0
0.101575,0.429543,0.316621,0.845187,0.153719,1.784493,0.402161,0,0,0,0
-0.099171,0.566376,-0.066251,1.109429,0.370417,-0.508959,-0.027491,0,0,0,0
-0.180748,1.499432,0.444265,1.019711,0.659306,-0.355015,0.859919,0,0,0,0
0.210326,-0.345138,1.089650,0.104913,1.179372,-0.646326,0.468664,0,0,0,0
0.392839,-0.431083,-0.027606,0.896020,1.310755,1.774718,0.733529,1,0,0,0
0.394853,-0.386929,0.675595,0.747247,-0.209938,-0.340112,0.606287,1,0,0,0
-1.312077,2.108015,2.858391,0.499357,0.684361,2.727831,0.206393,0,1,0,1
1.158890,-1.637460,-0.407770,0.127478,0.382747,-0.302872,-0.773333,0,1,0,0
0.858114,-0.114895,-1.181688,0.554164,0.329331,0.033647,0.492240,0,0,0,0
1.167472,0.975101,-0.487478,0.303234,-0.459490,-0.572823,0.410938,0,0,0,1
-2.231548,2.093741,1.933156,0.145844,1.628116,-0.662804,-0.755623,0,0,0,0
0.005986,0.173563,2.139717,0.903296,0.060811,-0.689245,0.617277,0,0,0,0
0.605646,0.257657,0.568261,0.886091,0.034604,0.568080,0.003114,1,0,0,0
-0.199511,0.721539,1.546982,0.822154,0.253747,0.028696,0.476238,1,0,0,0
-2.734957,1.477557,2.804328,0.190360,2.287970,-0.806422,0.548225,0,0,0,0
1.362888,-1.266334,-0.319745,-0.233961,-0.758079,-0.199232,-0.746939,0,0,0,1
0.872000,-0.947954,0.243220,0.711386,-0.263333,0.035578,0.530585,0,0,0,0
-0.379121,0.427439,0.514329,0.229320,-0.058205,-0.356333,1.443483,0,1,0,0
0.173497,0.835268,-2.210791,0.339207,1.420292,1.293149,0.861972,0,0,1,1
-1.215345,-1.900397,2.461875,1.293349,0.545262,-0.962641,0.040418,0,0,1,0
1.368609,-0.859460,-0.272199,0.399810,-1.947399,6.207302,-0.170130,0,0,0,0
0.076162,0.887070,-0.358465,-0.265660,-0.603539,-0.140369,0.460507,0,0,0,0
-0.828002,0.950737,-0.428526,0.202787,-0.681879,-0.584811,-1.119109,1,0,1,0
1.176678,-1.819147,-0.508964,0.059214,0.317883,-0.419869,-0.477595,0,0,0,0
0.406889,-0.781955,-0.410152,-0.138647,0.798686,-0.693749,0.479877,0,0,0,0
0.840051,0.737178,0.512227,-0.255962,0.315519,-0.312139,0.388352,0,0,0,0
-2.698835,-0.508546,2.594408,1.099067,1.595505,-0.964624,-0.232869,0,0,1,0
0.279218,-1.035564,0.290112,-0.354538,-0.146302,-0.882444,-0.878388,0,0,1,0
0.590843,0.318606,0.308720,1.143489,0.549770,0.672206,0.932771,0,0,0,0
-1.333906,-0.280463,0.427435,0.591478,2.028585,-0.776256,1.411645,0,0,1,0
0.446194,-0.946491,0.050608,0.625972,-0.672618,0.017683,0.225872,0,1,0,1
1.178026,-1.820938,-1.111418,-0.577359,-0.134356,-0.705276,-0.726262,0,0,1,0
0.537691,0.390548,0.813510,0.667220,0.266602,2.475719,0.627153,0,0,0,0
-0.397935,0.600313,0.557775,0.633198,0.691717,-0.156673,-0.216543,0,0,0,0
-0.262005,1.386074,0.387511,0.912378,0.739787,-0.397294,1.083623,0,0,0,0
0.270993,-0.815619,0.851197,0.975690,0.361803,-0.541567,0.403289,0,0,0,0
0.360525,-0.104332,-0.389232,1.100888,0.630644,0.429042,0.635162,1,0,0,0
0.338377,-0.299450,0.492584,1.253859,0.385773,-0.494403,0.757424,1,0,0,0
-0.220089,-0.187480,0.855377,1.866633,-0.220939,-0.761629,0.320903,0,0,1,1
0.740206,-0.942396,-0.362975,0.354330,0.707391,0.204574,-0.303429,0,0,0,0
0.862883,0.524187,-0.608490,0.288045,0.009421,-0.621587,-0.504598,0,0,0,0
0.447771,0.703536,-1.371301,0.697224,0.020229,1.949590,-0.411405,0,0,0,0
-0.089384,0.234647,-1.374011,1.314254,1.126832,1.243479,-0.346387,0,0,0,0
-1.311829,1.202863,1.023995,1.236645,2.248761,0.003179,0.721461,0,0,0,0
-0.862838,0.538194,0.314893,1.064944,1.574104,2.019067,0.591509,0,0,0,0
-1.350238,0.522015,2.729128,1.650570,0.137095,0.379562,0.459836,0,0,0,0
-1.559439,-0.462148,2.061178,0.740975,1.261856,-0.960327,0.128400,0,0,0,0
-1.980894,-0.173486,3.195622,1.302358,1.453372,-0.444660,1.151778,0,0,0,0
-2.384538,-1.282167,3.105848,1.039049,1.357409,0.705157,0.676122,0,0,0,0
-0.625121,0.867664,2.764818,0.385061,-0.189176,1.401442,-0.084661,0,0,0,0
-1.668838,-1.385631,2.605920,1.838142,1.137786,-0.731057,0.107323,0,1,1,1
-0.970719,1.107430,-0.089837,-0.430066,0.632421,-0.969202,0.385646,0,0,0,0
-0.341965,-0.601009,-1.091935,-2.331695,-2.299321,2.180871,-1.550329,0,0,0,0
-1.269563,-0.255934,-1.798663,-2.064844,-1.177721,-0.336865,-1.842828,1,0,0,0
-1.266702,-0.070052,-2.025567,-2.574877,-2.205995,-0.519918,-1.725155,0,1,0,0
-0.666828,0.389200,-1.748363,-2.858456,-1.892298,1.934032,-1.495284,0,0,0,0
-0.867340,-1.223949,-1.742906,-2.939607,-1.916471,1.744707,-1.990363,0,0,0,0
-1.179767,-0.480383,-1.086841,-2.143328,-0.677556,0.539713,-1.882445,0,0,0,0
-1.610379,-0.816028,-3.080839,-2.790347,0.162950,-0.065047,-1.823543,0,0,0,0
-0.939741,-0.237231,-2.614342,-2.736659,-1.093268,-0.366955,-1.417477,0,1,0,0
-1.281420,-2.087719,-1.459957,-2.000794,-0.902405,2.099456,-2.161714,0,0,1,0
-2.058521,-0.188979,-1.266088,-1.394589,1.634163,-0.487916,-2.109561,0,0,0,0
-1.833536,0.009666,-2.200784,-2.291028,0.676283,0.917212,-2.088754,0,1,0,0
-1.589180,0.228327,-1.380407,-2.366355,-1.179437,-0.884050,-1.597585,0,0,0,0
-1.068544,0.320084,0.066721,-1.942902,-1.596752,3.220030,-1.770919,0,0,0,0
-1.964004,-0.132301,-0.801662,-2.688325,-1.804971,0.257076,-2.083402,0,0,0,0
-1.708928,0.970528,-0.725044,-2.410810,-1.480067,-0.590991,-1.943864,0,0,1,0
-1.786449,0.682309,-0.623803,-2.436733,-1.723765,-0.717962,-1.978105,0,0,0,0
-0.876630,-1.230771,-0.235760,-1.497525,-2.173046,2.706057,-1.986123,0,0,0,0
-2.059448,0.470223,-0.541601,-2.367389,-0.924858,-0.263372,-2.063060,0,0,0,0
-2.054260,0.669736,-0.377821,-2.353102,-1.820296,-0.383173,-1.818890,0,1,1,0
-1.837714,0.115238,-0.926610,-2.495232,-1.442638,-0.581611,-1.541290,0,0,0,0
-0.856877,-1.141571,-0.354931,-2.150881,-2.067254,2.472800,-1.956051,0,0,0,0
-1.447347,0.015018,-0.205459,-2.465238,-1.486948,-0.049186,-1.825507,0,0,0,0
-2.651414,0.623727,-0.617270,-2.688313,-0.934595,-0.307712,-2.114547,0,0,1,0
-1.546329,0.950359,0.148920,-2.660897,-2.367555,0.073120,-1.638835,0,0,0,0
-1.082687,-0.129277,0.451682,-1.781850,-2.585134,0.717711,-1.473117,0,0,0,0
-1.583228,1.155916,0.284383,-2.302851,-1.510497,0.016306,-1.801893,0,0,0,0
-2.688065,1.184081,0.467438,-2.143606,0.022381,-0.402415,-2.137227,0,1,1,0
-1.658500,0.157363,-0.698082,-2.767807,-1.435332,-0.218032,-1.416343,1,0,0,0
-1.107061,0.118424,0.169077,-2.076460,-2.081553,3.189983,-1.846816,0,0,0,0
-2.921332,0.489930,-0.540454,-2.628691,0.282531,-0.341317,-2.253036,0,0,0,0
-2.263448,1.124350,-0.372020,-2.502117,-0.830518,-0.169985,-2.049650,0,1,0,1
-2.550504,1.223772,0.720785,-2.408534,-0.653467,-0.720900,-2.148404,0,0,0,0
-0.581491,-1.142018,-1.788085,-2.671179,-2.565008,5.819662,-1.648421,0,0,0,0
-1.576239,0.414853,-1.531297,-2.939014,-0.633969,-0.004968,-1.921013,0,0,0,0
-2.383592,0.699167,-0.642317,-3.214626,-1.137557,-0.027609,-2.085732,1,0,1,0
-2.015862,-0.001488,-0.750700,-2.320441,-0.884882,-0.608167,-1.750264,0,0,0,0
-1.267419,-1.411568,0.866281,-1.552665,-1.259515,2.168304,-2.175836,0,0,0,0
-1.004028,-0.667539,-0.275722,-2.575914,-1.603094,0.022529,-1.818948,0,0,0,0
-3.371059,0.801393,0.385655,-2.934274,-0.122479,-0.820379,-2.286973,0,0,1,1
-2.441592,0.615117,-1.288509,-3.185094,-0.825416,-0.836866,-2.152147,0,0,0,0
-0.459249,-0.386196,0.067366,-1.733130,-2.580159,1.741624,-1.740790,0,0,0,0
-2.001086,-0.264779,0.272679,-1.903412,-1.181206,-0.231138,-2.191652,0,0,0,0
-2.284047,0.720896,-1.246573,-2.568150,0.091211,0.458883,-2.180281,1,0,0,0
-2.168775,0.056025,-1.553760,-2.571427,-0.964227,-0.828940,-1.829011,0,0,0,0
-0.903693,0.215062,0.335544,-2.511252,-2.196960,4.820356,-1.808441,0,0,0,0
-1.591907,-0.592261,0.272691,-2.398063,-2.713104,0.261292,-2.012707,0,0,0,0
-1.917901,1.207594,0.257876,-2.589781,-1.673324,-0.518156,-1.937759,0,0,1,0
-2.234581,1.187432,-0.018898,-2.803005,-2.075528,-0.852413,-2.030763,0,0,0,0
-0.720468,-0.801388,-0.144020,-1.521670,-2.709078,2.124209,-1.916007,0,0,0,0
-1.750816,0.559794,0.055520,-2.390998,-2.526272,-0.396208,-1.963605,0,0,0,0
-2.662718,0.911076,0.150281,-2.703755,-1.461769,-0.692507,-2.122656,1,0,1,0
-2.063461,0.465403,-1.057027,-2.519777,-1.065597,-0.747089,-1.711614,0,0,0,0
-1.023312,-1.300935,0.041993,-2.154612,-2.346944,1.620610,-2.123421,1,0,0,0
-0.607655,0.269767,-0.858539,-2.541805,-2.670310,1.110406,-1.592556,0,0,0,0
-3.038350,1.010884,0.511342,-2.962513,-1.347991,-0.818978,-2.206723,0,0,0,1
-2.897801,1.609505,1.009186,-2.685383,-0.665745,-0.709961,-2.183065,0,0,0,0
-0.962884,-0.117743,-0.816193,-2.956119,-2.514411,0.966959,-1.894789,0,1,0,0
-1.911729,-0.007723,-0.354343,-2.937205,-1.004988,-0.412732,-2.070985,0,0,0,0
-1.626255,0.820183,-0.946405,-2.851029,-0.933425,0.058141,-1.918774,1,0,0,1
-2.128685,0.075804,-1.043682,-2.514518,-0.568303,-0.526868,-1.765000,0,0,0,0
-1.145309,-1.225918,-1.168115,-3.258715,-3.607802,1.309750,-1.900866,0,1,0,0
-1.203928,0.621351,1.081197,-2.481347,-2.268997,-0.002392,-1.734715,0,0,0,0
-3.324508,1.286171,1.183041,-2.943972,-0.416316,-0.715706,-2.252546,0,0,1,1
-2.722871,1.433777,0.398036,-2.681316,-0.402831,-0.736915,-2.163431,0,0,0,0
-0.841532,-1.184981,-0.331304,-1.788224,-3.187513,4.832685,-1.904765,0,1,0,0
-2.188407,0.665731,-0.119981,-2.153876,-0.453004,-0.262977,-2.149139,0,0,0,0
-2.858606,1.479938,-0.266769,-3.438607,-0.209604,-0.385512,-2.214694,0,0,1,0
-1.887210,0.418539,-1.073126,-2.559051,-0.810055,-0.584566,-1.719385,1,0,0,0
-0.665190,-0.997675,-1.338456,-2.706609,-2.222465,1.332442,-1.865752,0,0,0,0
-1.041593,0.142396,-0.367142,-2.209744,-1.677780,0.193875,-1.701809,0,0,0,0
-2.782120,1.168532,0.110860,-2.535106,-0.107409,-0.768796,-2.201417,0,1,1,0
-1.268321,-0.005640,-1.933261,-2.939855,-1.363206,-0.260658,-1.476103,0,0,0,0
-0.399969,-1.273648,-0.931477,-2.413742,-2.328625,0.036782,-1.618614,0,0,0,0
-2.369400,0.789740,0.710435,-1.990264,-0.267427,-0.629058,-2.184955,0,0,0,0
-2.205618,1.489842,-0.521951,-2.695341,-0.086540,-0.224291,-2.131967,0,1,0,0
-1.843260,0.466829,-0.948871,-2.679194,-1.504634,-0.770020,-1.818624,0,0,0,0
-0.462374,0.246805,-0.517570,-2.524337,-2.751121,2.190874,-1.679449,0,0,0,0
-1.501943,0.344273,0.114761,-2.792044,-2.439141,-0.189739,-1.802501,0,0,0,0
-1.770477,1.266116,-0.076087,-2.527523,-1.533123,-0.823148,-1.871390,0,0,1,0
-1.541483,1.591178,-0.931520,-2.786092,-1.568780,-0.673164,-1.728944,0,0,0,0
-0.694778,-0.449503,-0.446887,-1.990994,-2.365122,2.212541,-1.830715,0,0,0,0
-2.049911,0.779003,-0.126754,-2.463933,-1.483963,-0.475756,-1.955685,0,0,0,0
-1.561016,1.689902,0.641654,-2.159289,-1.399575,2.706822,-1.715759,0,1,1,0
-2.038217,0.759061,-0.566852,-2.335208,-0.960482,-0.681752,-1.822911,0,0,0,0
-0.774139,-0.179079,-0.435191,-2.211406,-2.660019,2.130455,-1.755013,0,0,0,0
-1.310335,0.146230,0.038905,-2.503371,-1.748783,-0.206345,-1.780409,0,0,0,0
-2.383749,1.408092,0.314355,-2.481148,-0.850817,-0.558903,-2.001008,0,0,1,0
-1.610537,1.228807,-0.150541,-2.200571,-1.811325,-0.551615,-1.679566,0,0,0,0
-0.983586,0.028170,0.503096,-2.065621,-2.499918,0.613805,-1.577215,0,0,0,0
-1.468624,1.369751,0.698870,-2.134625,-1.558239,-0.151097,-1.642895,0,0,0,0
-2.292724,1.833769,0.104729,-2.541073,-0.681123,-0.189118,-1.950419,0,1,1,0
-1.732405,0.824723,-0.747221,-2.434677,-1.214953,-0.623009,-1.778231,0,0,0,0
-1.042188,0.448424,0.212691,-2.247445,-1.473125,2.654756,-1.827599,0,0,0,0
-1.934626,1.091993,-0.365486,-2.798151,-0.958170,-0.326084,-1.922787,0,0,0,0
-1.669750,1.096645,-0.958490,-1.993152,-0.063360,-0.095824,-1.963073,0,1,0,1
-1.952795,2.141281,0.096351,-2.195568,-0.620722,-0.860550,-1.801789,0,0,0,0
-0.383448,-0.069533,-1.188196,-2.317809,-2.521033,3.962107,-1.500396,0,0,0,0
-1.178894,1.151122,-0.810196,-2.479643,-0.826830,0.213064,-1.798804,0,0,0,0
-1.907669,1.600854,-0.266121,-2.636731,-1.008311,-0.348520,-1.916569,1,0,1,0
-1.748021,0.842539,-0.502249,-2.323814,-0.684686,-0.623542,-1.692488,0,0,0,0
-0.771104,-0.374004,0.186261,-1.957811,-1.326803,1.514127,-1.885420,0,0,0,1
-1.403807,0.619831,0.611977,-2.054188,-0.825519,0.010982,-1.768132,0,0,0,0
-2.357739,1.682043,-0.641218,-2.230879,0.399557,-0.536540,-2.024418,0,0,1,1
-1.898621,1.564973,-0.518552,-2.378115,-0.877094,-0.500484,-1.935394,0,0,0,0
-0.184418,0.077205,0.614869,-1.821341,-1.808761,2.016104,-1.598459,0,0,0,0
-1.821267,2.040505,-0.489217,-2.505622,-0.630413,-0.672301,-1.848024,0,0,0,0
-1.788309,1.744050,-0.765278,-2.414766,-0.465783,-0.320392,-1.912182,1,0,0,0
-1.771229,1.016313,-0.159716,-1.795088,-0.241913,-0.689675,-1.752961,0,0,0,0
-1.095817,0.676892,0.523941,-1.935284,-1.472021,3.139828,-1.748473,0,0,0,0
-1.693618,1.159140,0.156396,-2.098473,-1.070096,0.348749,-1.827997,0,0,0,0
-1.475263,1.477096,0.000034,-1.668046,-0.490763,-0.397099,-1.825209,0,0,1,0
-1.547240,1.481811,-0.241566,-1.951263,-0.850153,-0.469269,-1.945717,0,0,0,0
-0.282884,0.080581,0.217317,-1.547375,-2.133598,2.240315,-1.648874,0,0,0,0
-1.423148,1.670861,0.090030,-1.918249,-0.939422,-0.444302,-1.824784,0,0,0,0
-1.753859,1.882424,-0.365438,-1.837010,-0.486458,-0.699701,-1.847936,1,0,1,0
-1.468366,0.912510,0.050378,-1.592352,-0.096042,-0.461307,-1.652983,0,0,0,0
-0.751220,-0.731197,0.120067,-1.956318,-1.419425,1.825112,-1.953199,1,0,0,0
-0.994494,1.078883,0.160497,-1.976229,-1.444473,1.401897,-1.449842,0,0,0,0
-1.907477,1.881399,-0.328910,-1.254986,0.294888,-0.245709,-1.913304,0,0,1,0
0.326510,0.059883,0.569771,0.266822,-0.808484,2.053016,-0.724128,0,0,1,0
0.546026,0.044280,1.256918,-0.063170,-1.457243,0.013002,-0.891950,0,0,0,0
0.043366,0.279176,1.552510,1.057321,-0.006175,-0.629863,-0.093000,0,0,0,0
0.449034,-0.450483,0.631535,0.209339,-0.268345,0.050060,-0.879713,0,1,1,0
0.104588,0.524956,1.522828,0.085984,0.399089,-0.799249,0.090305,0,1,0,0
0.601745,-0.633144,0.444553,0.433481,-0.767221,0.892188,0.096848,1,0,0,0
0.713067,-1.129693,-1.214546,0.437393,-1.646073,-0.363701,-0.659017,0,0,0,0
0.303379,-0.094875,-0.729606,0.616517,-0.613244,-0.042203,-0.388118,0,1,1,0
-0.884242,-1.731154,1.970229,0.659472,0.623956,-1.034320,0.348226,0,0,0,0
1.009703,-0.128326,-0.334061,1.589945,-1.009705,3.813162,0.391358,1,0,0,0
-0.608726,0.295740,0.107175,0.230297,1.307509,0.663268,1.411007,0,0,0,0
-1.963547,0.577120,1.077428,1.130288,1.904005,-0.694777,1.479109,1,1,0,0
1.251465,0.443669,-0.233255,-0.006174,0.218808,0.319839,0.632656,0,0,1,0
1.788528,-1.214502,-0.497248,0.108409,-1.060180,0.164334,0.003641,0,0,1,0
1.450654,0.292138,0.101099,0.040108,-0.067207,1.015555,0.623086,0,0,0,0
-0.645380,-0.408514,-0.414771,0.422802,1.056428,0.362975,-0.361149,1,0,1,1
1.452956,-1.205880,-0.461513,-0.254710,-0.209434,0.085648,-0.747311,0,1,0,0
1.095494,-0.014875,-0.395387,0.529351,-1.088145,-0.388467,0.235904,0,0,0,0
0.695070,-0.040430,0.382693,0.380393,-0.174146,-0.513716,0.576879,0,0,0,0
0.467726,-0.289356,0.395252,0.346333,0.093169,-0.359858,0.976943,1,1,0,0
-1.858091,1.273604,1.680671,0.447228,2.454861,-0.982668,0.139059,0,0,0,0
0.631842,0.485706,-0.049706,0.233091,-0.042719,2.625469,0.749333,0,1,0,0
0.532184,0.706946,0.836779,-0.209277,0.126410,0.193331,0.883882,0,0,0,0
0.338904,0.809580,0.684918,-0.236380,0.085354,-0.153681,1.251168,0,1,0,0
0.627869,0.116555,0.666949,0.235965,-0.097276,-0.877015,0.686413,0,0,0,0
0.471893,0.316529,0.280738,0.243443,1.390766,0.506919,0.957485,1,0,0,0
0.890734,0.265132,0.184018,-0.029855,0.756983,-0.415006,0.678718,0,0,0,0
0.393924,0.664405,0.219057,0.435515,0.139954,-0.428173,1.298358,0,0,1,0
0.854747,0.228376,0.436924,-0.121608,0.366835,1.203596,0.888525,1,0,0,0
0.768025,0.120423,1.221207,-0.337901,0.818591,-0.158035,0.712589,0,0,0,0
1.272163,0.627021,-0.295580,-0.139380,-0.426312,-0.362212,0.641011,0,0,0,0
-1.619005,0.827098,1.271189,0.513797,1.767053,-0.508727,-0.458013,1,1,1,0
1.370361,-1.229921,-0.288034,-0.115910,-0.031137,-0.246312,-0.595733,0,0,0,0
0.714652,-0.246747,0.645811,0.078015,0.084172,-0.206271,0.653801,1,0,0,0
0.405939,0.514393,1.012326,-0.430157,0.961354,-0.664898,0.979751,0,1,0,0
0.824558,0.094236,-0.134110,-0.435094,0.534284,0.639668,0.563653,0,0,0,1
1.016647,0.566703,0.052894,-0.484443,-0.100708,-0.442368,0.776519,0,0,0,1
0.087400,0.917204,0.679222,0.169581,0.476742,-0.460991,1.016574,0,0,0,0
0.443817,0.755868,0.648050,-0.434863,0.875438,-0.114156,1.144369,0,1,0,0
0.723706,0.863627,0.275114,-0.337617,0.035627,-0.701055,0.751699,0,0,0,0
-0.406410,1.888536,-1.139429,0.723689,0.095510,-0.904565,-0.853857,0,0,1,0
-0.251948,1.343844,-1.446173,0.914555,0.301769,-0.279341,-0.487557,0,0,0,0
-0.220078,1.415889,-1.522931,0.743201,-0.498368,0.006441,-1.017353,0,0,0,1
-0.769073,1.881217,-0.827366,0.641819,0.367368,-0.673241,-0.873975,1,0,1,0
0.028249,-1.442955,-0.141254,0.330876,0.922959,-0.771996,-0.351202,0,0,0,0
-2.336848,-0.346632,2.017855,2.436948,2.315303,-0.755140,1.107914,0,0,0,0
0.748758,0.740859,0.002535,-0.140487,-0.047752,-0.407956,1.050337,0,0,0,0
-2.742306,-0.189572,2.257736,0.377987,1.666449,-0.037883,-0.709399,1,1,1,0
1.245544,-1.652115,-0.319244,-0.146324,-0.110862,-0.179573,-0.549730,0,0,0,1
0.026448,0.111936,1.919740,1.408043,0.594354,0.227550,1.061619,0,0,0,0
-2.341183,-0.147465,1.679325,1.444642,2.434017,-0.564605,1.519374,0,0,0,0
0.488158,-1.228710,0.082041,0.444292,-0.301642,0.807528,-0.070397,0,0,0,0
-1.636412,0.620751,0.700774,0.797070,0.713564,-0.983355,0.830041,0,1,1,0
0.585745,1.483687,-1.742538,-0.965831,-0.074679,1.907841,-0.186094,0,0,1,0
0.175770,0.602221,0.664615,0.550778,-0.269381,-0.666644,0.342722,0,0,0,0
-0.251999,1.297986,0.123252,0.917704,0.524513,-0.334743,0.911920,0,1,0,0
0.186956,-0.730452,1.237669,0.738448,1.049206,-0.466894,0.894333,0,0,0,0
-0.412698,0.232302,0.475220,0.835891,1.688794,-0.800042,0.775944,0,0,0,1
0.208630,-0.897363,0.645244,1.180978,0.942915,-0.330418,0.645979,0,0,0,0
-0.211372,-0.348137,0.610049,1.757894,-0.143127,-0.635759,0.341568,0,1,0,0
0.406715,1.124192,-0.668945,-0.156893,-0.834155,-0.606208,-0.770777,0,1,0,0
0.608458,1.052834,-0.940696,0.213387,-0.512018,0.043237,0.641298,0,0,0,0
1.048735,0.974939,-0.449840,0.133349,-0.585828,-0.224774,0.883595,0,0,0,0
-1.881908,0.827574,1.223832,0.135427,0.781457,0.021842,-0.869775,1,0,1,0
1.203024,-1.418078,-0.003402,0.202690,0.106526,-0.800568,-0.499695,0,0,0,0
0.857367,0.524800,0.239239,-0.205541,-0.438503,-0.382050,0.372913,0,0,0,0
0.777774,0.707749,-0.033749,0.347042,-1.079606,-0.385630,0.357608,0,0,0,0
0.318278,1.692692,-0.068336,0.087207,-0.184814,-0.336425,1.029801,0,0,1,0
0.553946,0.783125,0.382529,0.471356,0.122335,0.306284,0.966735,1,0,1,0
0.611584,0.590926,0.156103,0.175354,-0.261653,0.214594,0.557241,1,0,0,0
0.696612,0.460768,0.329242,0.379092,-0.446876,-0.574972,1.012002,0,0,0,0
0.584917,-0.026554,0.137677,1.407887,-0.642085,0.389179,1.032988,1,1,1,0
0.044887,-1.174906,0.480499,0.470418,-0.321230,-0.784411,0.335109,0,1,0,0
0.800531,-0.711770,1.049939,1.182694,-0.091493,1.883511,-0.007528,0,0,0,0
1.224454,-1.495278,0.333987,0.908457,0.096340,0.394101,0.465870,0,0,1,0
1.056114,-1.254358,0.637561,2.080765,-0.275051,-0.616515,0.388602,1,0,0,0
1.262167,0.441072,-0.716365,-0.070932,0.120925,0.765638,0.845473,0,0,1,0
1.632110,-0.904403,-0.956233,0.345285,-1.255929,-0.386280,-0.062690,0,0,1,0
1.134022,-0.356949,-0.640957,0.294755,-0.031200,-0.139197,0.490111,0,0,0,0
-0.620939,-0.302660,-0.842555,0.565742,0.805774,0.239154,-0.548167,1,0,1,1
1.385240,-1.131336,-0.121159,-0.265432,-0.352862,-0.956384,-0.364711,1,0,0,0
1.409740,-0.249046,0.030050,0.074448,-0.391643,0.165263,0.100201,0,0,0,0
0.374035,0.283236,0.013714,0.678692,-0.455175,-0.447365,1.145659,0,0,0,0
0.363036,0.445347,0.877200,0.665479,0.451698,-0.595491,1.279855,1,1,0,0
-1.693765,0.871739,1.558144,0.732363,1.408911,-0.987388,0.846381,0,0,0,1
0.207915,0.228047,0.450471,0.672937,0.129153,3.037908,1.106720,1,0,0,0
0.257814,0.747667,0.573007,1.037280,-0.152497,-0.364712,1.359353,0,0,1,0
0.409955,0.008782,0.818117,0.491827,0.285664,-0.332445,1.214031,0,0,0,0
0.739161,-0.599193,1.139889,0.387590,0.152029,-0.208084,1.116466,0,0,0,0
0.496583,-0.118501,0.664019,0.163890,0.653162,-0.468673,1.153791,1,0,0,0
0.456058,0.184101,0.104745,0.331783,0.022671,-0.343353,1.193669,0,0,1,0
0.430597,0.322659,1.023482,0.675584,0.552488,-0.397280,1.316306,0,0,0,0
0.795614,0.352446,0.548281,0.330480,-0.224531,0.378615,0.876060,0,0,0,1
0.216257,0.128201,0.737477,0.445138,0.389732,-0.347901,1.216397,0,0,0,0
1.221294,0.678649,0.516241,-0.171912,0.307428,-0.228759,0.864203,0,0,0,0
-1.729412,0.119822,1.309887,0.184954,1.227329,0.021580,-0.738710,1,0,1,1
1.384937,-1.515001,-0.442310,-0.167935,0.004606,0.158553,-0.593715,0,0,0,0
0.671233,-0.402670,0.447782,0.580073,-0.338922,-0.776122,0.798935,0,0,0,1
0.448737,0.190988,0.156716,0.195616,0.246521,-0.537026,1.218054,0,1,0,0
0.436050,0.342662,0.944137,0.652107,0.529915,-0.619092,1.348767,0,0,0,0
0.803175,0.288127,0.641866,0.151976,-0.034708,0.485441,0.880710,1,0,0,0
0.197363,0.121687,0.677725,0.466366,0.322832,-0.411541,1.210040,0,0,0,0
0.273242,0.313005,1.142508,0.541622,0.418408,-0.223459,1.255275,0,1,0,0
0.451486,0.121150,0.920718,0.193654,0.323781,-0.367598,1.125671,0,0,0,0
0.598458,-0.222355,0.972221,0.516330,0.221347,-0.333959,1.244911,0,0,0,0
0.464110,-0.235999,0.809944,0.320429,0.422634,-0.434865,1.115886,0,0,0,1
0.415449,0.258757,0.034906,0.315275,-0.070524,-0.355201,1.165512,0,1,0,0
0.459485,0.298456,1.092297,0.446071,0.597374,-0.375391,1.348355,0,0,0,0
0.797089,0.528316,0.310164,0.302657,-0.288909,0.251917,0.911756,1,0,0,0
0.250439,-0.056167,0.762697,0.322895,0.363917,-0.529509,1.224423,0,0,0,0
1.175305,0.569356,0.463893,-0.109087,0.242379,-0.465361,0.891066,0,0,0,0
0.071557,0.431446,0.422532,0.699681,0.127064,0.234602,0.555171,1,1,0,1
1.311918,-1.501333,-0.106111,-0.073662,0.230688,0.004076,-0.589353,0,0,0,0
0.610550,-0.444867,0.205386,0.620962,0.063227,-0.635607,0.740472,1,0,0,0
0.411550,0.343275,0.023522,0.371191,-0.104460,-0.390070,1.142513,0,0,1,0
0.446552,0.223680,1.007519,0.605201,0.594649,-0.514415,1.324192,0,1,0,0
-1.595101,0.749923,1.448535,0.441003,0.721852,-0.965053,0.426616,0,0,0,0
0.174332,0.433547,0.024644,0.743739,-0.095354,2.942777,0.938341,1,0,0,0
0.349391,0.463938,0.821717,0.629901,0.211207,-0.336719,1.336446,0,1,0,0
0.482841,0.070081,0.840478,0.211668,0.325055,-0.203479,1.134466,0,0,0,0
0.598985,-0.362900,1.148984,0.362686,0.368430,-0.365952,1.095678,0,0,0,0
-0.518953,0.827197,2.133860,0.403537,0.679669,1.916912,0.547469,0,0,0,0
-0.370328,0.140392,0.056814,0.332185,0.093081,-0.369943,0.123716,0,0,0,0
0.370194,0.617400,0.318679,1.042175,-0.145293,-0.235723,1.325691,1,0,0,1
-1.097214,0.826387,0.775940,0.515704,0.577631,-0.863071,-0.162731,0,0,0,0
0.209750,0.399617,0.101793,0.726647,-0.410989,2.410993,0.961987,0,1,0,0
1.108232,0.448222,0.448852,-0.112195,0.269917,-0.128023,0.893058,0,0,0,0
-1.336516,0.510980,0.846314,0.078307,0.238764,-0.046473,-0.512399,1,0,1,1
1.351684,-1.272851,-0.120942,-0.067450,0.231374,0.042978,-0.569015,0,0,0,0
0.616277,-0.143264,-0.099186,0.792356,-0.041644,-0.157868,0.467968,1,0,0,0
0.568052,0.189991,0.179911,0.080081,-0.077965,-0.453481,1.065351,0,0,1,0
0.460485,0.334731,0.798429,0.441049,0.570094,0.026757,1.112382,0,0,0,0
0.861947,0.390229,0.409883,0.249208,-0.139943,0.221783,0.846358,0,0,0,1
0.430887,0.145469,0.743960,0.414186,0.120716,-0.460382,1.041904,0,0,0,0
0.472837,0.311919,0.836583,0.439273,0.555312,-0.257772,1.279873,0,0,1,0
0.600132,0.196253,0.794579,0.366463,0.011597,-0.531313,1.226663,0,0,0,0
-0.247970,-1.084795,1.271460,-0.282625,0.575230,-0.735447,0.341063,0,0,0,0
0.979447,0.359163,-0.352247,1.113485,-1.575379,2.837217,0.352552,1,0,0,0
-0.113981,0.729646,-0.191857,0.258490,0.321918,0.091081,1.215103,0,0,0,0
-1.067815,1.193681,0.174432,-0.387550,0.501996,-0.405399,1.117906,1,1,0,0
1.280659,0.643178,-0.645719,0.142736,0.117458,1.214557,0.464966,0,0,1,0
1.637554,-0.988092,-0.851597,0.270222,-1.179025,-0.772334,-0.209944,0,0,1,0
1.298720,-0.214627,-0.276441,0.027864,0.156796,0.134814,0.552834,0,0,0,0
-0.577796,-0.445486,-0.664698,0.479812,0.731444,0.164240,-0.600612,1,0,1,1
1.381695,-1.158399,-0.289917,-0.212559,-0.445747,-0.677236,-0.556307,0,1,0,0
1.010202,0.135785,-0.480583,0.683752,-0.889400,-0.104168,0.365910,0,0,0,0
0.736030,-0.013300,0.468033,0.275307,-0.103034,-0.440741,0.607655,0,0,0,0
0.533119,-0.200604,0.296624,0.324302,0.334824,-0.618700,0.938401,1,1,0,0
-1.873325,1.333625,1.942132,0.424524,2.387138,-1.036124,0.248504,0,0,0,0
0.781473,0.092784,0.645447,-0.158235,0.515592,3.580988,0.848222,0,1,0,0
0.626155,0.577655,0.852011,-0.097651,-0.019185,0.647696,0.892154,0,0,0,0
0.306154,0.933706,0.552574,0.043898,0.087653,-0.292037,1.246457,0,1,0,0
0.668890,-0.303280,1.000945,0.102126,0.036545,-0.716083,0.803636,1,0,0,0
0.668778,-0.139718,0.190945,0.096550,1.570953,-0.257471,0.865703,1,0,0,0
0.851637,0.392917,-0.242125,0.201516,0.518010,1.003511,0.801256,0,0,0,0
0.500179,0.080139,0.715724,0.228109,0.488047,-0.293648,1.200827,0,0,1,0
0.718205,0.293245,0.280177,0.148420,0.508397,1.679065,0.756493,1,0,0,0
0.685361,0.334235,1.133726,-0.328138,0.869844,0.148011,0.842727,0,0,0,0
0.928173,0.471417,0.048875,-0.329660,0.098180,-0.055068,0.706785,0,0,0,0
-1.586273,0.754596,1.193341,0.253727,1.832621,0.501668,-0.924129,1,1,1,0
1.171603,-1.099540,-0.049234,0.019158,-0.238013,-0.763194,-0.349879,0,0,0,0
0.628598,-0.129658,0.891317,0.081090,0.337565,-0.230907,0.764517,1,0,0,0
0.396821,0.820945,0.958748,-0.380955,0.974668,-0.685395,1.065539,0,1,0,0
0.951773,-0.152320,-0.221251,-0.322110,0.296739,0.296347,0.683256,0,0,0,1
0.804774,0.492118,0.069025,-0.249163,0.223504,0.603824,0.822358,0,0,0,1
-0.013160,0.896896,0.511157,0.189806,0.514302,-0.801190,1.062944,0,0,0,0
0.388919,0.856310,0.437702,-0.117513,0.869952,-0.079330,1.267944,0,1,0,0
0.940217,0.771685,0.171208,-0.322910,-0.281061,-0.718303,0.873189,1,0,0,0
-1.473444,3.089341,-0.520735,-1.481607,2.747117,-0.709774,-0.631547,0,0,0,1
-0.956062,3.435980,-1.177375,-1.264261,2.642881,0.451308,-0.463387,0,0,0,0
-1.236660,3.411789,-0.552498,-1.073747,3.384567,-0.789992,0.418240,0,0,1,0
-1.561768,2.919003,-0.496215,-1.269865,2.869500,-0.333117,-0.082232,1,1,0,0
0.449673,-1.388125,-0.631242,0.486211,0.281334,1.761542,-0.135179,0,1,0,0
-2.328472,-0.128434,1.679935,2.491279,2.372709,-0.737167,1.198415,0,0,0,0
-0.052896,0.254087,0.297943,-0.287813,0.721850,-0.488482,1.181415,0,0,0,0
-2.917301,0.143829,2.308652,0.632943,1.775579,-0.352019,-0.523379,1,1,1,0
1.331165,-1.795955,-0.592113,-0.296538,-0.108136,-0.258185,-0.898588,0,0,0,1
0.223942,0.151011,1.927924,1.276730,0.261013,0.010945,0.769028,0,0,0,0
-2.190380,-0.119053,1.421680,1.375903,2.024081,-0.581443,1.406365,0,0,0,0
0.486748,-1.036023,0.115053,0.535620,-0.334715,0.596998,0.245476,0,0,0,0
-1.645007,0.575911,0.376334,0.350249,0.589035,-0.781363,0.660586,0,1,1,0
0.553661,1.603631,-1.904967,-0.920830,0.097938,2.607656,-0.272038,0,0,1,0
-0.094169,0.770524,0.271515,1.080179,-0.112475,-0.893589,0.292096,0,0,0,0
-0.295353,1.124503,0.523474,0.735312,0.834658,-0.647881,1.015198,0,1,0,0
0.118705,-0.650140,0.950018,0.586222,0.818579,-0.622930,0.793693,0,0,0,0
-0.292278,0.029589,0.691319,0.710393,2.031357,-0.744351,0.802890,0,0,0,1
0.183022,-0.776715,0.981541,1.065689,0.435121,-0.548399,0.778109,0,0,0,0
-0.266584,-0.358870,0.702246,1.784283,-0.222159,-0.648047,0.275611,0,1,0,0
0.260202,0.596295,0.189569,0.403488,-0.737683,0.416926,0.614877,0,1,0,0
0.543185,0.606995,-0.205641,0.615214,-0.209167,0.406578,1.017435,0,0,0,0
1.004540,1.074738,-0.353497,0.350437,-0.431757,-0.803867,0.622839,0,0,0,0
-0.962474,0.021700,0.748078,-0.381660,0.931658,0.169913,-0.312863,0,1,1,0
1.356002,-1.160913,-0.461762,-0.090927,-0.161879,-0.214404,-0.501407,0,0,1,0
0.715722,0.066253,-0.082105,-0.045462,-0.638046,-0.325646,0.595995,0,0,0,0
0.635807,0.929006,-0.524139,0.270423,-0.176366,-0.194530,0.939438,0,0,0,0
0.251942,1.222990,-0.095343,-0.028198,-0.100968,-0.386949,0.688117,0,0,1,0
0.075184,1.193628,0.271074,0.266867,-0.222310,-0.517763,0.797682,1,0,1,0
0.315074,0.925768,0.107240,0.274232,-0.524898,-0.677267,0.687842,1,0,0,0
0.311604,0.946801,0.160434,0.165379,-0.382624,-0.088669,0.748664,0,0,0,0
0.299429,1.270944,0.109390,0.381343,-0.107615,0.128218,1.344970,1,1,0,0
-0.090930,-1.044221,0.202434,0.126607,0.008870,-0.767923,0.255740,0,0,0,0
0.715470,-0.667881,-0.745072,0.362246,0.275543,1.160186,0.923803,0,0,0,0
0.079479,-1.085497,0.197707,-0.015358,0.236535,-0.783041,0.754849,1,0,0,0
-0.071511,-0.929771,-0.268229,0.365384,-0.678906,-0.207959,0.496729,1,0,0,0
1.201759,0.452550,-0.298843,0.122971,0.258814,0.860446,0.662670,0,0,1,0
1.780696,-1.159964,-0.650910,0.285918,-1.059473,0.562454,0.039001,0,0,1,0
1.344898,0.209088,-0.403524,0.244377,-0.314769,0.554228,0.464875,0,0,0,0
-0.685154,-0.419139,-0.519209,0.327224,1.143859,0.003665,-0.244477,1,0,1,1
1.427880,-1.248261,-0.490971,-0.229735,-0.481461,-0.304610,-0.681410,1,0,0,0
1.344964,-0.462646,-0.110362,-0.141463,-0.693547,-0.214307,-0.263178,0,0,0,0
0.552128,0.003892,0.427637,0.263429,-0.107265,-0.333396,0.751902,0,0,0,0
0.531485,0.029218,0.957398,0.441076,0.644777,-0.220752,0.954752,1,1,0,0
-0.361768,-0.483632,-1.066303,1.578886,0.284712,0.237781,0.393016,0,0,0,1
0.295791,0.243281,-0.073126,0.581365,-0.514526,1.338643,0.594568,1,0,0,0
0.307377,0.540231,0.471656,0.849747,-0.072203,-0.488848,1.024299,0,0,1,0
0.580626,-0.028201,0.817277,-0.015356,0.280538,-0.417160,0.888924,0,0,0,0
0.695553,-0.561992,1.041528,0.204228,0.238486,-0.531412,0.772224,0,0,0,0
0.467214,-0.236883,0.595526,0.025517,0.662000,-0.303650,0.900597,1,0,0,0
0.609127,-0.141057,0.567832,0.035554,0.058642,-0.336809,0.794391,0,1,0,0
0.548877,0.114390,1.138306,0.270631,0.718546,-0.485654,1.035095,0,0,0,0
1.031588,-0.071058,0.130833,0.353668,-0.129654,0.518123,0.566607,0,0,0,1
0.483564,-0.181649,0.867022,0.382601,-0.014587,-0.268372,0.823597,0,0,0,0
1.027454,0.331639,0.510121,-0.085105,0.320433,-0.169084,0.724429,0,0,0,0
-0.817401,0.199516,0.038626,-0.218840,0.183744,-0.391579,-0.930020,1,0,1,1
1.294366,-1.186108,-0.159469,-0.050052,-0.108048,-0.421419,-0.474714,0,0,0,1
0.784866,-0.314275,0.356020,0.119029,-0.318646,-0.479309,0.531903,0,0,0,1
0.631654,0.081936,0.218578,-0.027376,0.094542,-0.470140,0.789204,0,0,1,0
0.581573,-0.006853,0.991625,0.310974,0.740914,-0.173851,0.978909,0,0,0,0
1.109395,-0.187617,0.062106,0.334530,-0.033704,0.480230,0.583235,1,0,0,0
0.459447,-0.047237,0.519196,0.412803,0.129195,-0.250952,0.843658,0,0,0,0
0.517415,0.061175,1.131831,0.334748,0.614971,-0.336894,1.042110,0,1,0,0
0.587650,-0.229895,0.903689,0.046049,0.137046,-0.469636,0.858888,0,0,0,0
0.741834,-0.619004,1.001796,0.052382,0.234692,-0.468395,0.671251,0,0,0,0
0.645445,-0.264972,0.482749,0.219921,0.304788,-0.360575,0.796986,0,0,0,1
0.692943,-0.047504,0.276126,0.112786,0.045597,-0.622673,0.819737,0,0,1,0
0.732217,-0.102617,-0.373027,0.317957,0.695071,-0.174992,0.405790,0,0,0,0
1.084782,-0.032642,0.190619,0.128080,-0.077516,0.538091,0.593362,1,0,0,0
0.422024,-0.243372,0.710431,0.366115,0.399682,-0.387655,0.912324,0,0,0,0
1.150860,-0.329108,0.444505,0.139541,0.011703,0.261852,0.457999,1,0,0,0
0.400534,0.210867,0.555951,0.281425,-0.180520,1.766493,0.426222,1,1,0,1
1.250737,-1.175964,0.169364,0.070649,0.263126,-0.627788,-0.450028,0,0,0,0
0.870280,-0.344233,-0.275995,0.258305,-0.390713,-0.447821,0.428643,1,0,0,0
0.549795,-0.037198,0.485452,0.149337,0.131422,-0.270134,0.847651,0,1,0,0
0.549276,0.078746,1.056504,0.340199,0.747331,-0.489456,0.925165,0,0,0,1
-0.379382,-0.312046,-0.580685,1.498686,0.315317,-0.852822,0.557021,0,0,0,0
0.360162,0.128210,-0.103583,0.816996,-0.283138,1.875897,0.921478,1,0,0,0
0.373610,0.512742,0.508487,0.816687,-0.050338,-0.406246,0.979489,0,1,0,0
0.546104,-0.082862,0.820821,-0.093754,0.193981,-0.645803,0.869058,0,0,0,0
0.699460,-0.713577,1.026737,0.283190,0.196286,-0.471768,0.651093,0,0,0,0
-0.835393,0.632319,1.804730,0.813351,0.960623,1.036477,0.446860,0,0,0,0
-0.540143,-0.077866,0.502505,0.170068,0.077625,-0.566367,-0.206364,0,0,0,0
0.395252,0.122545,0.595806,0.885980,-0.021661,-0.532412,0.681751,1,0,0,1
-0.309297,-0.054721,-0.780773,1.461121,0.469761,-1.007856,0.116432,0,1,0,0
0.471886,0.019867,0.681621,0.305196,0.313247,1.609811,0.887554,0,0,0,0
0.767584,0.217104,0.235777,0.150403,0.134177,-0.417578,0.826089,0,0,0,0
-1.113530,0.281046,1.422083,-0.165126,1.009924,0.150813,-0.461875,1,0,1,1
1.284953,-1.147165,-0.021220,-0.038736,-0.143575,-0.689080,-0.314317,1,0,0,0
0.740624,0.027895,-0.164284,0.501888,-0.687546,-0.357998,0.383968,1,0,0,0
0.748603,0.190337,0.404806,-0.430349,0.060385,-0.385109,0.892347,0,1,0,0
0.639585,0.008283,0.864631,0.413820,0.312125,-0.166297,0.713990,0,0,0,0
0.979087,-0.187361,0.303135,0.185941,-0.359280,0.291351,0.378931,0,0,0,1
0.539476,0.084015,0.688175,0.296837,0.029004,-0.139599,0.827835,0,0,0,0
0.573695,0.138537,0.550969,-0.039726,0.198513,-0.227248,0.797063,0,0,1,0
0.494194,-0.211546,0.672064,-0.164075,0.182525,-0.125421,0.307116,0,0,0,0
0.054465,-1.133215,-0.952679,-0.273573,2.957574,-0.655686,0.162591,0,0,0,0
1.231413,-0.483808,-0.615130,1.378839,-0.000409,2.130845,0.371335,1,0,0,0
-0.142610,0.614581,-1.264258,-0.251554,2.039783,0.176602,1.077286,0,0,0,0
-0.738180,1.214996,-0.998604,-0.423710,1.577012,-0.124176,1.212606,1,1,0,0
1.141886,0.655664,-1.304486,0.747421,-0.429850,0.272347,0.405729,0,0,1,0
1.771630,-1.078209,-1.064412,0.280955,-0.938817,0.104086,0.001064,0,0,1,0
1.385245,0.537362,-0.220066,0.185568,-0.168553,-0.042538,0.381547,0,0,0,0
0.048666,0.366875,-0.631862,-0.062140,0.846897,0.578842,-0.426260,1,0,1,1
1.451272,-1.103266,-0.515033,-0.230572,-0.220590,-0.067117,-0.804181,1,0,0,0
1.107968,-0.009296,-0.316659,0.286480,-0.824986,-0.461770,-0.078332,0,0,0,0
0.887062,-0.009857,-0.056778,-0.202103,0.372248,-0.058756,0.166764,0,0,0,0
0.678084,0.112418,0.132758,-0.112315,0.518580,0.020365,0.480705,1,1,0,0
-0.187144,-0.141682,-1.466397,1.791443,1.132392,1.972559,0.069672,0,0,0,0
0.765873,0.130691,0.038501,-0.085875,0.618493,0.941387,0.642776,0,1,0,0
0.572234,0.847365,0.422598,-0.383471,0.272718,0.265020,0.716444,0,0,0,0
0.326830,0.961927,0.356064,-0.106697,-0.160496,0.169525,1.211220,0,1,0,0
0.723855,-0.025041,0.552602,-0.274840,0.636263,-0.791166,0.534820,0,0,0,0
0.465542,0.444014,-0.019095,0.098030,1.553594,0.584200,0.982298,1,0,0,0
0.798519,0.513837,-0.192511,0.105221,0.611861,-0.499603,0.676034,0,0,0,0
0.518318,0.467911,0.193656,0.288715,0.242726,-0.521699,1.276812,0,0,1,0
1.011862,-0.063846,-0.056231,0.313936,0.209824,1.229938,0.766488,1,0,0,0
0.805576,0.069351,1.008498,-0.299050,0.906169,-0.299298,0.678564,0,0,0,0
1.301044,0.616017,-0.213711,-0.301134,-0.114973,-0.209874,0.631000,0,0,0,0
-1.494989,0.974151,0.644524,0.096916,2.166958,-0.527427,-0.542734,1,1,1,0
1.278147,-1.335987,-0.250967,-0.121096,0.025340,-0.154288,-0.689956,0,0,0,0
0.680056,-0.251257,0.830687,-0.185849,0.297198,-0.586780,0.663691,1,0,0,0
0.465434,0.537093,0.871508,-0.687589,1.384525,-0.668313,0.939960,0,1,0,0
0.847443,0.060397,-0.140056,-0.469389,0.427276,1.064786,0.597119,0,0,0,1
1.226530,-0.013631,0.087299,-0.269504,-0.102768,-0.210344,0.626301,0,0,0,1
0.195403,0.765980,0.401119,0.357557,0.180446,-0.397667,0.963388,0,0,0,0
0.375116,1.107351,0.066335,-0.212682,0.641295,0.149385,1.156730,0,1,0,0
0.694426,0.924267,0.366811,-0.382096,-0.042488,-0.731320,0.717620,0,0,0,0
-0.324583,1.674991,-1.018506,0.601676,0.219782,-0.899920,-0.872945,0,1,0,0
-0.250840,1.409214,-1.482311,0.878652,0.483628,-0.329652,-0.504009,0,1,0,0
-0.245355,1.589045,-1.689749,0.633677,-0.350133,0.077319,-0.999994,0,0,0,1
-0.697555,1.859840,-0.864603,0.577677,0.210465,-0.761524,-0.889420,1,0,1,0
0.344666,-1.425984,-0.855072,0.659635,0.507804,-0.608855,-0.262901,0,0,0,0
-1.658676,-0.619805,0.205840,2.450824,2.752352,-0.880714,1.118045,0,0,0,0
0.822247,0.627031,0.244426,-0.425780,0.384718,-0.478415,1.043736,0,0,0,0
-2.752302,0.511457,1.663675,0.119704,2.465134,-0.685535,-0.235458,1,1,1,0
1.284817,-1.188962,-0.739972,-0.043653,-0.478991,-0.613946,-0.582816,0,0,0,1
0.069920,-0.061934,2.237968,1.177254,0.587092,0.219618,1.000558,0,0,0,0
-2.136922,0.193502,0.447326,1.094293,3.159222,-0.354979,1.536157,0,0,0,0
0.550351,-1.247473,-0.076861,0.457897,-0.286869,0.823883,-0.067649,0,0,0,0
-0.355299,-0.358098,-1.341967,1.491421,0.331145,-0.645257,0.697715,0,1,0,0
0.605335,1.458163,-1.796907,-0.913444,-0.048635,1.384600,-0.186525,0,0,1,0
0.074282,-0.147389,-0.439004,-0.736963,-0.624035,-0.755062,-0.416314,0,0,1,0
-1.022359,-0.009471,3.422153,1.796045,0.408374,-0.568703,1.270284,0,1,0,0
0.504403,-1.173639,0.337449,0.669670,1.084283,0.578071,-0.132640,0,1,0,0
-0.033523,-0.631243,0.674966,1.652541,0.284262,-0.286306,0.473427,0,0,0,0
0.106980,-0.547693,0.823009,1.647823,0.389308,0.239394,0.503246,0,0,0,0
-2.436016,0.322362,1.487862,0.964702,2.628784,-0.854636,0.451629,1,0,0,0
1.059403,0.923422,-1.314312,0.406714,-0.739637,0.611067,0.729829,0,1,0,0
0.677488,0.916486,-0.854984,0.262803,-0.529483,0.337339,0.655087,0,0,0,0
1.209838,0.636985,0.056336,-0.231440,-0.087303,-0.251789,0.870207,0,0,0,0
-1.831800,0.777864,1.011740,0.248975,0.833418,-0.192364,-0.875572,1,0,1,0
1.379891,-1.253920,-0.078359,-0.122307,-0.094557,-0.608889,-0.417570,0,0,0,0
0.820865,0.604539,0.130203,-0.190935,-0.542522,-0.193225,0.398377,0,0,0,0
0.830015,0.654829,-0.274878,0.447840,-0.945743,-0.314304,0.365506,0,0,0,0
0.428607,1.552602,-0.424039,0.417975,-0.052392,-0.288434,1.001369,0,0,1,0
0.696179,0.395952,-0.232593,1.074747,-0.191641,0.593552,0.677621,1,0,1,0
0.681733,0.600069,-0.446644,0.573858,-0.249281,0.201740,0.539697,1,0,0,0
0.674245,0.409627,-0.051060,0.623321,-0.185707,-0.537819,0.853900,0,0,0,0
0.909784,-0.348002,-1.014290,1.706732,0.528169,-0.233584,0.985111,1,1,1,0
-0.000419,-1.214906,0.497783,0.602624,-0.475558,-0.768937,0.269836,0,1,0,0
0.704002,-0.541947,0.758000,1.380477,-0.210983,1.791404,-0.059872,0,0,0,0
1.223563,-1.448278,0.389501,0.888275,-0.047376,0.368035,0.481141,0,0,1,0
1.094591,-1.289635,0.779479,1.908317,-0.191524,-0.539358,0.378049,1,0,0,0
1.354457,0.638333,-0.716848,0.226421,0.218656,2.223607,0.483494,0,0,1,0
1.688120,-1.109062,-0.746085,0.218311,-1.009735,-0.475255,-0.105120,0,0,1,0
1.172080,-0.429223,-0.536197,0.206758,0.032169,-0.262077,0.468283,0,0,0,0
-0.525888,-0.495456,-0.414537,0.340792,1.082596,0.251119,-0.529418,1,0,1,1
1.255565,-1.157631,-0.044292,-0.217754,-0.431523,-0.871590,-0.409133,1,0,0,0
1.326226,0.053388,-0.286170,0.304204,-0.732002,0.150674,0.096450,0,0,0,0
0.548782,-0.101521,0.413517,0.284049,-0.018959,-0.420635,1.177690,0,0,0,0
0.447368,0.353653,0.855285,0.622841,0.658436,-0.678649,1.290402,1,1,0,0
-0.479671,-0.393963,-0.436951,1.720601,0.616555,-0.917031,0.654019,0,0,0,1
0.208231,0.361943,0.183674,0.961134,-0.265902,1.755862,1.136553,1,0,0,0
0.331174,0.575336,0.686629,0.747591,0.244926,-0.252353,1.294058,0,0,1,0
0.451707,-0.149924,1.000684,0.343798,0.433832,-0.537568,1.204875,0,0,0,0
0.752915,-0.585850,1.368557,0.384011,-0.056496,-0.201158,1.158067,0,0,0,0
0.467241,-0.072822,0.723826,0.162034,0.606342,-0.410252,1.156787,1,0,0,0
0.471768,0.136843,0.431882,0.332978,-0.248244,-0.675696,1.199483,0,0,1,0
0.444359,0.288552,1.025919,0.619340,0.638657,-0.511592,1.291349,0,0,0,0
1.029279,-0.051448,0.162125,0.440636,-0.038932,0.640640,0.830828,0,0,0,1
0.253967,0.031840,0.649244,0.553257,0.296839,-0.418582,1.192685,0,0,0,0
1.174740,0.916995,0.240834,-0.117922,0.333743,-0.084818,0.837255,0,0,0,0
-1.727034,0.082292,1.173490,0.213538,1.239885,-0.238336,-0.532781,1,0,1,1
1.328900,-1.473621,-0.388420,0.173644,0.026811,-0.007985,-0.679373,0,0,0,0
0.657608,-0.257954,0.214323,0.739523,-0.427765,-0.668629,0.808170,0,0,0,1
0.489096,0.060331,0.379843,0.161382,0.199406,-0.383366,1.197926,0,1,0,0
0.464781,0.277603,0.984351,0.531037,0.651361,-0.391952,1.355374,0,0,0,0
1.028938,0.036117,0.073225,0.597280,-0.113726,0.838067,0.883658,1,0,0,0
0.280104,0.039936,0.615827,0.567488,0.169800,-0.331962,1.208831,0,0,0,0
0.360724,0.260385,1.069902,0.412436,0.568150,-0.250029,1.246857,0,1,0,0
0.478525,0.086646,0.722396,0.321034,0.381694,-0.588187,1.160649,0,0,0,0
0.630028,-0.338108,1.171471,0.479675,0.138212,-0.158059,1.186253,0,0,0,0
0.403598,-0.070626,0.812608,0.157890,0.660455,-0.553420,1.065489,0,0,0,1
0.443283,0.220789,0.182170,0.220713,-0.060120,-0.293028,1.214267,0,1,0,0
0.439853,0.317713,1.073246,0.482396,0.682348,-0.534092,1.339546,0,0,0,0
0.998213,0.119080,-0.091794,0.709877,-0.358715,0.683090,0.808334,1,0,0,0
0.287365,-0.018655,0.519617,0.483456,0.415461,-0.403248,1.263849,0,0,0,0
1.174103,0.566267,0.528935,-0.101230,0.201577,-0.230904,0.855679,0,0,0,0
0.151411,0.377353,0.349799,0.701768,0.196726,0.100242,0.543301,1,1,0,1
1.417948,-1.352345,-0.405668,-0.146481,0.102830,-0.084598,-0.554372,0,0,0,0
0.685723,-0.632672,0.570906,0.312615,0.257779,-0.579179,0.754547,1,0,0,0
0.441611,0.267645,0.045937,0.363487,-0.078398,-0.454710,1.134726,0,0,1,0
0.410969,0.448613,0.673750,0.879102,0.291150,-0.532411,1.360008,0,1,0,0
-0.333973,-0.499867,-1.331505,1.450297,0.170160,1.063759,0.213804,1,0,0,0
0.273505,0.122095,0.326433,0.580810,0.050047,1.748762,0.990113,1,0,0,0
0.249411,0.690009,0.474631,0.977212,-0.091408,-0.233164,1.355965,0,1,0,0
0.508626,0.138013,0.672651,0.226692,0.313419,-0.516797,1.135622,0,0,0,0
0.642732,-0.364964,1.148830,0.331810,0.394076,-0.390209,1.108581,0,0,0,0
-0.606594,0.852811,2.045491,0.453214,0.789040,2.316567,0.499801,0,0,0,0
-0.368903,0.318335,-0.130187,0.515498,-0.149882,-0.321846,0.113644,0,0,0,0
0.375292,0.540806,0.388221,0.959061,0.269961,-0.374637,1.273836,1,0,0,1
-0.152262,-0.113451,-1.314814,1.534700,0.229189,0.522915,-0.172347,0,0,0,0
0.280843,0.330223,0.078398,0.657521,-0.024333,1.348266,0.981820,0,1,0,0
1.118157,0.539988,0.334759,0.000611,0.113389,-0.459780,0.891179,0,0,0,0
-1.344804,0.483517,0.854391,0.031129,0.329054,0.152137,-0.512830,1,0,1,1
1.230662,-1.289775,-0.427290,0.049541,-0.165109,-0.163807,-0.606449,0,0,0,0
0.762252,-0.280635,-0.030506,0.616734,-0.114660,-0.038088,0.565924,1,0,0,0
0.543443,0.230852,0.092818,0.210524,-0.088079,-0.312442,1.079822,0,0,1,0
0.455346,0.371192,0.764650,0.365842,0.716679,0.047104,1.093336,0,0,0,0
1.044175,-0.017363,0.001080,0.542954,0.027646,0.549028,0.794301,0,0,0,1
0.234034,0.467403,0.131915,0.542597,-0.469844,-0.515211,0.891778,0,0,0,0
0.422799,0.409471,0.811564,0.472417,0.589506,-0.372954,1.315006,0,0,1,0
0.623821,0.259823,0.632608,0.181922,0.093833,-0.303457,1.165033,0,0,0,0
-0.240403,-1.076950,1.264678,-0.154757,0.330154,-0.732576,0.342600,0,0,0,0
0.966723,0.355340,-0.386633,1.059231,-1.527078,2.583908,0.312476,1,0,0,0
-0.086869,0.713366,-0.053532,0.168157,0.367782,0.345886,1.212091,0,0,0,0
-1.098355,1.147797,0.157959,-0.384383,0.574142,-0.466293,1.026652,1,1,0,0
1.505590,0.218136,-0.478060,0.116449,0.050844,1.231186,0.463081,0,0,1,0
1.624422,-1.049984,-0.686093,0.232540,-1.054414,-0.865798,-0.296366,0,0,1,0
1.290254,-0.131185,-0.280073,0.051152,0.000556,0.145284,0.556439,0,0,0,0
-0.549764,-0.453583,-0.697160,0.550554,0.580752,0.249341,-0.613412,1,0,1,1
1.334013,-1.187326,-0.310768,-0.234861,-0.316523,-0.621732,-0.527814,0,1,0,0
1.151072,-0.183482,-0.033260,0.230288,-0.525176,-0.052225,0.362541,0,0,0,0
0.716562,-0.028656,0.584459,0.307446,-0.270187,-0.287541,0.590308,0,0,0,0
0.537599,-0.224096,0.367579,0.268489,0.375931,-0.539803,0.963139,1,1,0,0
-0.429456,-0.115596,-0.557021,1.999417,0.711199,-0.540339,0.186522,0,0,0,0
0.628253,0.406085,0.163061,0.157066,0.158376,1.774781,0.830134,0,1,0,0
0.683290,0.443797,1.142783,-0.393196,0.522557,0.692836,0.879446,0,0,0,0
0.248196,1.049586,0.527870,0.098505,0.081981,-0.285365,1.224055,0,1,0,0
0.583858,-0.086613,1.013044,0.080496,-0.028931,-0.430323,0.742851,0,0,0,0
0.707695,-0.137380,0.050514,0.152569,1.436498,-0.151047,0.920377,1,0,0,0
0.807415,0.378929,-0.099617,0.082226,0.670976,1.006730,0.818341,0,0,0,0
0.413007,0.267961,0.414218,0.501360,0.338725,-0.345052,1.221609,0,0,1,0
0.910492,-0.077059,0.147291,0.483445,0.138515,2.090936,0.711684,1,0,0,0
0.778282,0.251792,1.029895,-0.343519,1.021179,0.098045,0.812170,0,0,0,0
0.929332,0.593205,-0.245348,-0.141273,-0.113858,0.183002,0.752219,0,0,0,0
-1.513274,0.670351,1.094998,0.347649,1.754381,0.551338,-0.907917,1,1,1,0
1.286101,-1.088094,-0.102585,0.001488,-0.056884,-0.779808,-0.406227,0,0,0,0
0.563080,-0.156484,0.920868,0.080162,0.325250,-0.501985,0.775439,1,0,0,0
0.447466,0.677952,1.056410,-0.557038,1.100737,-0.692271,1.056735,0,1,0,0
0.947427,-0.152009,-0.121050,-0.290381,0.053689,0.024007,0.714358,0,0,0,1
0.956112,0.110763,-0.009357,-0.088215,0.060026,0.582709,0.695400,0,0,0,1
0.080023,0.724201,0.583844,0.131750,0.631305,-0.825429,1.056722,0,0,0,0
0.298712,1.073902,0.306744,-0.089575,0.757107,-0.191733,1.273319,0,1,0,0
1.031736,0.495279,0.589945,-0.606049,0.173752,-0.725789,0.913421,0,0,0,1
-0.920196,3.578791,-0.975101,-1.041593,2.805145,-0.671694,-0.359705,0,0,0,1
-0.953083,3.704467,-0.831895,-1.219345,2.719188,-0.910439,-0.083880,0,0,0,1
-1.260797,3.517811,-0.586958,-1.541028,2.647353,3.187526,-0.526743,0,0,0,1
-1.254584,3.500778,-0.348357,-1.448705,2.587790,-0.212948,-0.073321,1,1,0,0
0.725224,-1.678680,-0.653991,0.570334,0.482406,0.985279,-0.055151,1,0,0,0
-0.464072,-0.424386,0.284922,1.225629,0.246817,-0.524268,1.169826,0,0,0,0
0.084602,0.262291,-0.150358,0.032722,0.054573,-0.064659,1.034288,0,0,0,0
-0.318183,-0.987600,-0.589028,0.059901,-0.255514,-0.349033,-0.523520,1,1,1,0
1.136777,-0.993396,-0.443338,-0.072507,-0.658268,-0.949440,-0.406230,0,0,0,1
0.286929,0.063560,1.765250,1.513842,0.302919,-0.069914,0.835922,0,0,0,0
-2.470995,0.056776,1.811717,1.663690,2.215404,-0.842100,1.565384,0,0,0,0
0.530768,-1.112700,0.018482,0.478928,-0.315882,0.361127,0.192566,0,0,0,0
-0.272457,-0.423056,-1.855196,1.353558,0.027723,1.219353,0.508978,0,1,1,0
0.601739,1.438577,-1.875908,-0.758678,-0.156058,2.133123,-0.284001,0,0,1,0
0.027496,0.464952,0.613642,0.767034,0.418590,-0.839261,0.308031,0,0,0,0
-0.250862,1.105162,0.510444,0.669176,0.901193,-0.499001,1.028846,0,1,0,0
0.123168,-0.531210,0.777513,0.533317,1.079349,-0.540969,0.821265,0,0,0,0
-0.413087,0.323477,0.260328,1.035581,1.628042,-0.640141,0.790571,0,0,0,1
0.134671,-0.608616,0.711244,1.319292,0.240727,-0.297056,0.797339,0,0,0,0
-0.262311,-0.352066,0.663934,1.798286,-0.039263,-0.494870,0.301523,0,1,0,0
0.656118,-0.166176,-0.826607,1.078607,-0.237550,-0.284435,-0.096986,0,1,0,0
0.803085,0.483000,-0.329410,0.645388,-0.568834,-0.388810,1.340032,0,0,0,0
1.102647,1.003906,-0.545464,0.489476,-0.442523,-0.813796,1.000766,0,0,0,0
-1.208520,-0.146775,0.941692,0.396562,1.004324,-0.354064,-0.496265,0,1,1,0
1.292920,-1.418885,-0.500639,0.092599,0.184792,-0.036690,-0.581140,0,0,1,0
0.874015,0.061938,0.785971,-0.216240,0.060577,-0.428948,0.848410,0,0,0,0
0.486453,1.036431,-0.036739,0.258727,0.005652,-0.531335,1.480428,0,0,0,0
0.256858,1.169202,0.043122,0.369192,-0.251831,-0.684114,1.275591,0,0,1,0
0.681177,0.372616,-0.428358,0.827301,-0.593554,0.636761,1.073787,1,0,1,0
0.318041,0.842821,-0.195197,0.505109,-0.347721,-0.350971,0.700293,1,0,0,0
0.372723,0.983526,0.049270,0.397508,-0.534529,-0.507955,1.084631,0,0,0,0
0.359136,0.741650,0.028716,0.348368,0.161979,-0.857172,1.556922,1,1,0,0
-0.005992,-0.367253,0.528436,0.058146,-0.107106,-0.872389,0.115846,0,0,0,0
0.759054,0.523311,0.088914,0.170570,-0.044061,0.820121,0.200825,0,0,0,0
0.061128,-0.511097,1.207751,0.342603,0.346718,-0.748231,0.544016,1,0,0,0
-0.040761,-0.372029,1.297375,0.405226,-0.025819,-0.138332,0.825022,1,0,0,0
1.331734,0.491049,-0.335401,-0.091962,0.139113,1.157994,0.627388,0,0,1,0
1.719224,-1.066062,-0.778843,0.313093,-1.067256,0.704460,0.015238,0,0,1,0
1.476340,-0.032892,0.040169,-0.073992,0.107114,0.480032,0.518313,0,0,0,0
-0.715844,-0.347669,-0.551825,0.352427,1.064988,0.165610,-0.268629,1,0,1,1
1.429149,-1.269691,-0.337597,-0.331106,-0.202321,0.096234,-0.641590,1,0,0,0
1.365765,-0.409334,-0.218542,-0.126585,-0.634139,-0.228928,-0.190179,0,0,0,0
0.490622,0.220363,0.187348,0.342482,-0.315054,-0.285807,0.786361,0,0,0,0
0.464673,0.182143,0.840977,0.550519,0.511349,-0.409508,0.962424,1,1,0,0
-0.356385,-0.443434,-1.036217,1.581250,0.263500,0.573938,0.354314,0,0,0,1
0.361867,0.042395,0.126607,0.396022,-0.279694,1.655397,0.687539,1,0,0,0
0.319780,0.489316,0.500077,0.822762,-0.081313,-0.300875,1.012155,0,0,1,0
0.508648,0.101068,0.701525,0.194935,-0.147914,-0.508429,0.836288,0,0,0,0
0.670812,-0.572622,1.198137,0.097565,0.390772,-0.532019,0.743065,0,0,0,0
0.442648,-0.251652,0.805658,0.045016,0.506138,-0.393486,0.886294,1,0,0,0
0.561780,-0.019319,0.471490,0.231832,-0.251214,-0.432748,0.780680,0,1,0,0
0.567642,0.027395,1.020417,0.303545,0.630839,-0.411155,1.007115,0,0,0,0
0.992142,-0.027753,0.011746,0.456431,-0.167984,0.529527,0.542230,0,0,0,1
0.396291,-0.125269,0.364632,0.114282,0.243207,-0.321860,0.837078,0,0,0,0
1.064214,0.350323,0.443122,-0.091915,0.294345,-0.288520,0.737730,0,0,0,0
-0.791213,0.289994,-0.040459,-0.157133,0.082766,-0.454205,-0.920653,1,0,1,1
1.401125,-1.170899,-0.177390,-0.122192,-0.205919,-0.288311,-0.512053,0,0,0,1
0.725698,-0.213227,0.363975,0.043203,-0.404174,-0.624585,0.381912,0,0,0,1
0.643085,0.003632,0.161287,-0.009397,0.156265,-0.394892,0.770918,0,0,1,0
0.569039,0.104330,0.913351,0.419096,0.605995,-0.283714,1.018692,0,0,0,0
1.082957,-0.234723,0.252597,0.313300,0.059394,0.226847,0.539226,1,0,0,0
0.437282,-0.044021,0.498356,0.554104,0.193841,-0.264137,0.847827,0,0,0,0
0.480638,-0.019122,1.123573,0.331911,0.570962,-0.415846,1.006623,0,1,0,0
0.572888,-0.224338,0.885614,0.108820,0.035202,-0.591122,0.888401,0,0,0,0
0.674479,-0.435944,0.875048,0.238963,0.037896,-0.595132,0.762590,0,0,0,0
0.576375,-0.236031,0.604474,0.297507,0.455513,-0.262304,0.723490,0,0,0,1
0.736139,-0.112307,0.418290,-0.049621,0.073845,-0.346629,0.749453,0,0,1,0
0.729815,-0.187333,-0.048263,0.178142,0.926690,-0.189445,0.463619,0,0,0,0
1.089857,0.051624,0.071635,0.224613,-0.151019,0.372712,0.553841,1,0,0,0
0.408743,-0.017474,0.645882,0.395483,0.146335,-0.188099,0.827695,0,0,0,0
1.171145,-0.380024,0.439909,0.159738,0.074649,0.505879,0.425212,1,0,0,0
0.391545,0.269518,0.560818,0.324004,-0.340897,1.605835,0.430623,1,1,0,1
1.253803,-1.229875,-0.205313,-0.078255,-0.083599,-0.341516,-0.471398,0,0,0,0
0.836007,-0.409296,-0.052104,0.211212,-0.154962,-0.443291,0.418776,1,0,0,0
0.580735,-0.189495,0.611940,0.027128,0.186064,-0.234819,0.805886,0,1,0,0
0.552664,0.051976,0.991590,0.412286,0.661020,-0.388420,0.940605,0,0,0,1
-0.421420,-0.542773,-0.676932,1.489731,0.673665,-0.702535,0.494694,1,0,0,0
0.375907,0.155732,0.133004,0.641358,-0.473337,1.768827,0.777460,1,0,0,0
0.387919,0.512873,0.499621,0.742501,-0.073963,-0.265163,0.942559,0,1,0,0
0.501690,-0.153103,0.880715,0.029166,0.350783,-0.540170,0.873546,0,0,0,0
0.746256,-0.655929,0.914123,0.301491,0.206341,-0.469120,0.680605,0,0,0,0
-0.766389,0.563806,1.665576,0.522214,0.938678,0.662404,0.382045,0,0,0,0
-0.447301,-0.098261,0.534811,-0.075238,0.152599,-0.029988,-0.239459,0,0,0,0
0.550178,0.155457,0.419275,0.576804,0.815261,-0.532285,0.022244,1,0,0,1
-0.300969,-0.128719,-0.582095,1.293320,0.263724,-1.002835,0.426801,0,0,0,0
0.509183,-0.020171,0.517941,0.087944,-0.019919,2.189748,0.831622,0,0,0,0
0.937039,0.059366,0.468795,-0.075681,-0.199956,-0.283386,0.548962,0,0,0,0
-0.981631,0.459611,1.057262,0.061800,0.370408,0.040788,-0.237689,1,0,1,1
1.221652,-1.116847,-0.020579,-0.062595,-0.247811,-0.864348,-0.315633,1,0,0,0
0.665053,-0.080468,0.133561,0.635558,-0.220831,-0.149823,0.342660,1,0,0,0
0.739857,-0.130559,0.173585,-0.012464,0.583360,-0.243981,0.757865,0,1,0,0
0.514099,-0.171657,1.223704,0.345468,0.475935,0.108690,0.890222,0,0,0,0
0.957993,-0.115105,0.338312,0.152486,-0.208145,0.247159,0.314153,0,0,0,1
0.587521,0.027855,0.306505,0.058072,0.026718,-0.311161,0.643278,0,0,0,0
0.592282,-0.030901,0.355522,-0.064239,0.177622,-0.066597,0.627989,0,0,1,0
0.556888,-0.156998,0.281805,-0.350986,0.276724,0.203184,0.509154,0,0,0,0
-0.916060,0.227934,0.272986,-0.817660,-0.256692,-1.040101,-0.134775,0,0,0,0
-1.113480,-0.968773,-1.014853,-1.699736,-1.816484,-0.211489,-2.061475,0,0,0,0
-1.150150,-1.339832,-2.048469,-2.011391,-2.292633,-0.112596,-2.052080,0,0,0,0
-0.871429,-0.947447,-1.346105,-1.728654,-1.716775,-0.139793,-1.959762,0,0,0,0
-0.941387,-1.087086,-1.627697,-1.836624,-1.875600,-0.169568,-1.927613,0,0,0,0
-0.870691,-1.261457,-1.237936,-1.232894,-1.441677,0.182217,-1.987393,0,0,0,0
-0.631959,-1.148203,-1.545421,-2.219254,-2.720239,-0.207373,-1.718583,0,0,0,0
-0.764727,-1.462571,-1.594798,-2.010290,-1.863161,0.020216,-1.907206,1,1,1,0
