mfcc0,mfcc1,mfcc2,mfcc3,mfcc4,onset,rms,lane0,lane1,lane2,lane3
-4.194787,-1.294421,-2.911414,-5.357418,-1.908984,-0.279199,-2.987127,1,0,1,0
-2.588666,2.590234,1.503474,-1.045046,2.148191,-0.160212,-1.369822,0,1,0,1
-2.485638,2.705968,1.070014,-0.870582,2.899201,-0.394643,-1.348171,0,0,0,0
-2.299607,2.205497,1.900018,-0.269290,2.341551,-0.475414,-1.633734,0,0,0,0
-2.594508,2.237433,1.322525,0.010864,2.198457,-0.630477,-1.815902,0,0,0,0
-2.677105,2.226557,1.287599,-0.431679,2.367121,-0.298061,-1.968415,0,0,0,0
-2.609280,2.206898,1.104851,-0.754256,1.829401,-0.537893,-2.025660,1,0,0,0
-2.451279,2.256875,1.072216,-0.847846,1.353076,-0.138161,-2.055100,0,0,0,0
-2.744251,2.313013,1.615483,-0.629302,1.993103,-0.556684,-2.167883,0,0,0,0
-2.850426,2.356914,1.994819,-0.657868,2.000851,-0.620127,-2.164232,0,0,0,0
-2.672333,2.252616,1.229807,-1.075511,1.764379,-0.371334,-2.182154,0,1,0,0
-2.586105,2.093661,0.562790,-1.046617,1.991936,-0.556733,-1.025707,0,0,0,0
-2.666476,2.182590,0.915545,-1.320521,1.991967,-0.620412,-1.144317,0,0,1,0
-2.806996,1.770341,1.207513,-0.791399,1.797631,-0.411347,-1.770698,0,0,0,0
-2.712400,1.333585,0.720084,-0.081443,0.891326,-0.411967,-2.195893,0,0,0,1
-2.869861,1.695652,0.550049,-1.326142,1.268800,-0.583282,-1.871388,0,0,0,0
-2.908522,1.747345,1.118324,-1.274549,0.955711,-0.116296,-1.976672,1,0,1,0
-2.658344,2.719957,2.169063,-1.263957,0.913710,-0.583253,-1.564131,0,0,0,0
-2.615525,2.807909,2.313999,-0.261053,2.190191,-0.350583,-1.364949,1,0,0,0
-2.596734,2.959244,2.322531,-0.887823,2.065536,-0.683093,-1.576393,0,0,0,0
-2.654859,2.782182,2.192183,-0.932928,1.994489,-0.608436,-1.764299,0,0,0,1
-2.602185,2.790072,1.814617,-1.237044,2.065340,-0.633788,-1.819267,0,0,0,0
-2.756003,2.702288,2.631084,-0.651626,1.648801,-0.417959,-1.988341,1,0,0,0
-2.761109,2.537899,1.951330,-1.025707,1.757964,-0.329005,-1.971156,0,0,0,0
-2.799329,2.465739,2.194646,-1.212740,2.067801,-0.426001,-2.047055,0,0,1,0
-2.618116,2.774595,1.944378,-1.111663,1.971897,-0.428513,-1.706036,0,0,0,0
-2.753936,2.685650,2.232975,-0.981427,1.940757,-0.491461,-1.879997,1,0,0,0
-2.858375,2.602840,2.183632,-1.214254,2.481462,-0.436792,-1.654698,0,0,0,0
-2.847900,2.548370,2.721421,-0.708936,1.657563,-0.340950,-1.888539,0,1,0,0
-2.977593,2.652002,2.963739,-0.744563,2.495613,-0.256377,-1.837681,0,0,0,0
-2.886076,2.155166,2.506407,-0.083578,1.622920,-0.419464,-2.197693,1,0,0,0
-2.999971,2.239277,2.176755,-0.779978,2.378995,-0.426775,-1.960953,0,0,0,0
-2.973212,2.120690,2.033346,-0.497467,1.971219,-0.496377,-2.137289,0,1,0,1
-2.762149,2.759876,2.524978,-0.530438,2.553489,0.088731,-1.322839,0,0,0,0
-2.727138,2.693028,2.221326,-0.980802,1.777580,-0.525999,-1.725197,0,0,0,1
-2.609825,2.652209,2.159179,-0.390166,2.235790,-0.383712,-1.635184,0,0,1,0
-2.672173,2.652032,2.312840,-0.482061,1.939078,-0.309082,-1.907570,0,0,0,0
-2.827250,2.210261,2.142222,-0.460622,1.719646,-0.246322,-2.071549,0,0,0,0
-2.832997,2.282151,2.035285,-1.105223,1.062473,-0.274792,-2.187813,0,1,0,0
-2.922199,2.096182,1.949268,-0.411328,2.157031,-0.472328,-2.086361,0,0,0,0
-2.721322,2.035004,1.982391,-0.837278,1.275812,-0.063113,-2.064222,0,0,0,0
-2.791723,2.029033,1.490141,-0.679443,1.643100,-0.454664,-2.170969,0,0,0,0
-2.972901,1.826149,1.674527,-0.769827,1.436784,-0.527638,-2.195257,1,0,0,0
-2.666642,2.211953,0.943248,-0.860897,2.226089,-0.360757,-0.828096,0,0,0,0
-2.908795,1.943145,1.134923,-0.981868,2.403628,-0.277766,-0.982699,0,0,1,0
-2.861255,1.970232,1.445643,-0.389105,2.037398,-0.275036,-1.422976,0,0,0,0
-3.074118,1.666966,1.485426,-0.498254,2.462078,-0.464835,-2.147555,0,0,0,1
-2.644795,1.819798,0.744136,-0.334759,1.522579,-0.291959,-1.533565,0,0,0,0
-2.633758,2.101504,0.954216,-0.907737,1.437350,-0.683460,-1.875531,1,0,1,0
-2.177053,2.862609,0.666463,-0.643448,2.250380,-0.449759,-1.360973,0,0,0,0
-2.347141,2.844926,1.904596,-0.454547,1.644075,-0.385727,-1.102923,0,1,0,0
-2.075743,2.733572,1.393454,-0.486641,2.220909,-0.116798,-1.316828,0,0,0,0
-2.161619,2.431888,1.181297,-0.936040,1.630004,-0.484090,-1.540055,0,0,0,1
-2.229373,2.585523,0.575136,-0.884697,1.762347,-0.697216,-1.772261,0,0,0,0
-2.318265,2.492328,0.965215,-0.652123,1.767567,-0.460356,-1.894655,0,1,0,0
-2.290782,2.506858,1.368248,-0.503947,1.946397,-0.416699,-1.638324,0,0,0,0
-2.523401,2.239785,1.405976,-0.330150,2.052538,-0.539096,-2.064043,0,0,1,0
-2.374720,2.280704,0.751909,-0.530089,2.280637,-0.604534,-1.087786,0,0,0,0
-2.470187,2.142077,0.896785,-0.595870,2.229291,-0.519575,-1.909219,0,1,0,0
-2.531504,1.827343,0.370859,-0.527705,2.665866,-0.426829,-2.220416,0,0,0,0
-2.672046,1.557901,0.543868,-0.171247,1.964307,-0.400803,-2.352178,1,0,0,0
-2.626697,2.054632,0.887766,-0.474214,2.170102,-0.238649,-1.469350,0,0,0,0
-2.803906,1.647419,0.846741,-0.441135,2.638806,-0.537371,-1.640370,0,1,0,0
-2.754816,1.773157,0.697978,-0.542903,2.375649,-0.442755,-2.307887,0,0,0,0
-2.919378,1.621004,0.451967,-1.063367,2.298622,-0.454546,-2.365066,1,0,1,0
-2.393250,2.476495,1.616859,-0.841983,1.747161,-0.350564,-1.829728,0,0,0,0
-2.408025,3.063079,2.200158,-0.201762,2.391534,-0.278123,-1.264959,0,0,1,0
-2.490162,2.988069,1.883226,-0.733530,2.669474,-0.388700,-1.494420,0,0,0,0
-2.684084,2.643777,2.189923,-0.290608,2.633054,-0.332513,-1.673244,1,0,0,0
-2.625576,2.573767,2.132024,0.120249,2.468160,-0.150548,-1.759396,0,0,0,0
-2.838947,2.173419,1.854258,-0.343827,2.377540,-0.464522,-2.009706,0,1,0,0
-2.798321,2.346866,1.872949,-0.129186,2.901417,-0.433967,-1.794686,0,0,0,0
-2.776208,1.951388,1.448780,0.399874,2.565118,-0.446453,-2.013054,0,0,0,0
-2.868409,1.893768,2.032741,0.386210,2.310371,-0.301187,-1.850160,0,0,0,0
-3.073107,1.900665,1.913516,-0.798306,2.527358,-0.348980,-2.172864,1,0,0,0
-2.598947,2.091428,1.340668,-0.635159,2.684290,-0.641822,-2.023994,0,0,0,0
-2.715860,1.770817,1.173097,-0.260133,2.578922,-0.587064,-2.186692,0,0,1,0
-2.742175,1.797501,0.562898,-0.882715,2.459112,-0.428502,-1.790089,0,0,0,0
-2.819616,1.462221,-0.123304,-1.273271,1.949774,-0.537794,-2.402487,0,0,0,0
-3.031071,1.302590,0.656012,-0.472176,2.371054,-0.415169,-2.507182,0,0,0,0
-2.944990,1.159555,0.376250,0.031169,2.128604,-0.442714,-2.494969,0,1,0,1
-2.496514,2.140560,1.557063,0.398878,3.178560,-0.345884,-1.547981,0,0,0,0
-2.485328,2.589289,1.639600,0.096150,3.163949,-0.238361,-1.376579,0,1,0,0
-2.544854,2.482544,1.527638,0.046313,2.742368,-0.343195,-1.597547,0,0,0,0
-2.628461,2.327385,1.480482,-0.089445,2.686939,-0.389262,-1.749911,0,0,0,1
-2.591324,2.404439,1.633017,-0.068379,2.546005,-0.567011,-1.804907,0,0,0,0
-2.703358,2.247807,1.762170,0.092335,2.190048,-0.254977,-1.912438,1,0,0,0
-2.638099,2.209743,1.351027,-0.175582,2.496547,-0.645309,-2.020763,0,0,0,0
-2.387786,1.864910,1.232248,-0.047988,1.832632,0.323989,-2.147922,0,0,0,0
-2.505155,2.134798,0.843019,-0.702554,1.758121,-0.083450,-2.185744,0,0,0,0
-2.549657,2.030366,1.322493,-0.666467,1.665942,-0.420640,-2.192595,0,0,0,1
-2.506279,2.455365,1.737410,-0.407697,1.532286,-0.240736,-2.055232,0,0,0,0
-2.739324,1.879140,1.143377,-0.217985,2.040967,-0.578893,-2.295718,0,1,0,0
-2.479771,1.464688,0.213728,-0.671387,2.064730,-0.296129,-2.218087,0,0,0,0
-2.436183,1.537578,0.362622,-0.218276,2.016075,-0.345786,-2.294528,0,0,0,0
-2.560487,1.751602,0.329088,-0.186345,2.060692,-0.430187,-2.345171,0,0,0,0
-2.576341,1.679053,0.009993,-0.441922,2.188351,-0.603803,-2.224665,1,1,0,0
-2.372153,2.356041,0.479590,-0.893587,2.132576,-0.565559,-1.753014,0,0,0,0
-2.187152,2.468592,1.244242,-0.353297,2.077033,-0.478333,-1.534839,1,0,0,0
-2.219073,2.990046,1.389558,-0.957734,1.990994,-0.394117,-1.536043,0,0,0,0
-2.488494,2.496007,1.409214,-0.524937,1.809263,-0.529553,-1.890642,0,0,0,0
-2.512901,2.483308,1.485410,-0.633292,1.880416,-0.413857,-1.992612,0,0,0,0
-2.200279,1.983596,1.123945,0.265609,1.762575,-0.103518,-1.764372,0,0,0,0
-2.464232,2.219511,1.068713,-0.419193,1.588694,-0.268962,-2.040287,0,0,0,0
-2.606303,2.129600,0.998154,-0.415432,2.275450,-0.234367,-2.119546,0,1,0,0
-2.645528,2.028564,0.611339,-1.050218,1.730747,-0.488425,-2.144927,0,0,0,0
-2.751562,1.880936,0.731749,-0.913579,1.752168,-0.359792,-2.195119,0,0,0,0
-2.485824,2.369989,0.913899,-1.216051,1.254399,-0.236769,-1.669324,0,0,0,0
-2.547398,1.388461,0.979973,-0.406995,1.081031,-0.171975,-1.613239,0,0,0,0
-2.895574,1.525057,0.630955,-0.466202,2.216412,-0.421970,-1.721127,0,0,0,0
-2.649507,1.848847,-0.038154,-1.728197,1.030289,-0.560229,-2.335535,0,0,1,0
-2.604599,1.996693,0.048122,-1.896231,0.936619,-0.682125,-1.562469,0,0,0,0
-2.776209,1.910916,0.331294,-1.814081,1.317722,-0.370173,-2.207255,1,0,1,0
-2.487132,2.636681,1.083195,-1.234592,1.851738,-0.595466,-1.857060,0,0,0,0
-2.522613,2.620123,1.739410,-0.229789,2.400327,-0.532060,-1.342869,1,0,0,1
-2.451821,2.816200,1.934914,-0.176931,1.921378,-0.366532,-1.520377,0,0,0,0
-2.601998,2.600441,1.621685,-0.603030,2.236102,-0.332851,-1.622649,0,1,0,0
-2.419794,2.643516,1.344209,-0.236163,2.299692,-0.455514,-1.496655,0,0,0,0
-2.518325,2.465491,1.062351,-0.757369,1.864539,-0.107542,-1.823138,1,0,0,0
-2.556330,2.393660,1.279747,-0.202996,2.149411,-0.400841,-1.358227,0,0,0,0
-2.582360,2.497351,1.533376,-0.533862,2.116585,-0.421510,-1.587376,0,1,0,1
-2.006144,3.089109,0.912643,-0.818325,1.374901,-0.413690,-0.943134,0,0,0,0
-1.851667,2.384747,1.907724,-1.252323,1.144631,-0.455447,-1.525881,1,0,0,1
-1.429098,2.360219,0.859623,-0.554216,0.650173,-0.416594,-1.107006,0,0,0,0
-1.196294,1.825843,1.338724,-1.677400,-0.358524,-0.249025,-1.215150,1,0,1,0
-1.321629,2.306159,-0.279832,-0.476437,-0.152262,-0.284797,-1.412962,0,0,0,0
-1.439380,2.357034,-0.014079,-0.905543,0.096825,-0.572560,-1.469707,0,1,1,0
-1.356666,2.087536,-0.333532,-1.411713,-0.131157,-0.518539,-1.592155,0,0,0,0
-1.368953,2.084900,-0.111552,-1.655511,-0.657850,-0.339445,-1.616582,1,1,0,1
-0.899704,2.129137,-0.752192,-1.478016,0.318805,-0.405044,-1.191377,0,0,1,0
-0.986946,2.588808,-0.182708,-1.802180,0.448713,-0.428561,-1.139346,0,0,0,0
-1.159850,2.466231,-0.527371,-1.869323,0.738026,-0.402181,-1.457842,0,0,0,0
-0.756942,0.600988,0.743086,-1.140929,-2.032679,-0.260142,-1.635677,0,0,0,0
-1.283699,1.793547,-0.182460,-0.914192,0.090336,-0.745927,-1.649396,0,0,0,0
-0.593971,1.338377,0.721796,-1.485392,-1.272136,0.689177,-1.220369,0,0,0,0
-1.522171,2.548678,-0.895738,-1.209908,0.627070,-0.545077,-1.774267,0,0,0,0
-0.898028,1.207110,-0.975311,-0.621741,0.021641,1.841881,-1.690423,0,0,0,0
-1.394117,2.147162,-1.148221,-1.227962,0.106898,-0.382055,-1.864225,0,0,0,0
-1.372668,2.409086,-0.778418,-0.992977,0.465214,-0.657590,-1.056603,0,0,0,0
-1.458834,2.227514,-0.527641,-0.850633,0.806278,-0.403053,-1.372366,0,0,0,0
-1.221475,1.300025,-0.635817,-0.325950,-0.154933,-0.676255,-1.666560,0,0,0,0
-1.392023,2.234665,0.019766,-0.953864,-0.280821,-0.381766,-1.667646,0,0,0,0
-1.319689,2.382470,-0.190765,-0.766588,0.403258,-0.367152,-1.515451,0,0,0,0
-1.444627,2.381330,-0.378783,-0.986536,1.091646,-0.493199,-1.738824,0,1,1,0
-1.252756,2.059228,0.080580,-0.430333,0.361494,-0.522568,-1.494345,0,0,0,0
-1.058662,1.364071,1.304680,-0.070440,-0.888695,-0.531552,-1.360434,0,0,0,0
-1.518584,2.289734,0.571818,-0.404444,0.626681,-0.614206,-1.368303,0,0,0,0
-0.651279,0.097546,2.843807,-1.824381,-0.396572,-0.137116,-1.654306,0,0,0,0
-1.237964,1.464604,1.255024,-0.578562,0.052810,-0.586850,-1.626891,0,0,0,0
-0.802420,1.212218,0.748689,-1.209723,-0.822232,0.270724,-1.531078,0,0,0,0
-1.511623,2.138136,0.110508,-0.502776,0.068902,-0.364938,-1.617144,0,0,0,0
-1.256101,1.778807,0.840121,-0.278576,-0.502641,0.450932,-1.192601,0,0,0,0
-1.511239,1.872793,0.176516,-0.809546,0.451389,-0.216160,-1.575607,0,0,0,0
-1.334087,2.504454,0.413055,-0.642623,-0.147264,-0.071670,-1.068044,0,0,0,0
-1.423684,2.344821,0.422041,-0.324466,-0.220516,-0.346674,-1.324222,0,0,0,0
-1.020887,1.489190,-0.388221,0.194542,-0.463058,-0.156987,-1.517718,0,0,0,0
-1.494085,1.889656,0.232088,-0.842764,-0.308794,-0.089431,-1.711287,0,0,0,0
-1.468342,2.187908,-0.233557,-0.897885,-0.363765,-0.442310,-1.490574,0,0,0,0
-1.513828,1.761628,0.161296,-0.127558,-0.236786,-0.287064,-1.744959,0,0,1,1
-1.272702,1.119354,-0.208442,0.680490,-0.714388,-0.653128,-1.406583,0,0,0,0
-1.002858,1.474402,0.463019,0.276418,-1.063433,-0.334267,-1.403362,0,0,0,0
-1.046280,1.666323,1.273420,-0.368402,-1.029528,-0.176117,-1.146615,0,0,0,0
-0.526231,0.670075,1.909593,-0.430865,-1.687682,0.927998,-1.259481,0,0,0,0
-1.232963,1.861542,0.248344,0.015531,-0.326987,-0.286307,-1.540663,0,0,0,0
-0.829263,1.546274,0.445233,-0.555651,-0.370558,-0.155977,-0.952859,0,0,0,0
-1.281323,2.145202,-0.106182,0.076977,-0.129990,-0.339587,-1.040789,0,0,0,0
-1.024999,1.784497,0.092938,1.100548,-0.502469,-0.479892,-0.775619,0,0,0,0
-1.064627,1.800680,0.043429,0.675496,-0.070767,-0.211786,-1.308731,0,0,0,0
-0.315474,0.647966,2.525355,-2.409960,0.013142,0.005607,-1.129042,0,0,0,0
-0.473190,0.948790,0.124633,1.275593,-1.485466,-0.269315,-1.301321,0,0,0,0
-1.040126,1.930357,0.079370,0.203545,-0.846957,-0.135034,-1.174893,0,0,0,0
-0.990179,1.863672,-0.179332,-0.231871,-0.294449,-0.415976,-1.414622,0,0,0,0
-1.291405,1.621458,0.051330,0.168832,-0.178690,-0.594744,-1.624404,0,0,0,0
-0.857193,0.797741,1.114429,-0.265949,-0.310662,-0.196789,-1.365113,0,0,0,0
-0.986080,1.931771,0.985145,-0.232570,-1.068981,0.060024,-1.312020,0,0,1,0
-0.986191,2.156725,0.833809,-0.440904,-0.844825,-0.469475,-1.014687,0,0,0,0
-0.051197,0.461560,1.400919,-0.298917,-1.713665,0.730135,-0.982879,0,0,0,0
-1.155151,1.583538,0.118192,0.176124,-0.532199,-0.308771,-1.429924,0,1,0,0
-1.082535,1.584812,-0.384222,-0.504096,-0.693377,-0.443529,-1.471935,0,0,1,0
-1.098106,1.718752,-0.148101,0.312120,-0.484927,-0.391930,-1.587081,0,0,0,0
-0.911265,1.553406,-0.092129,0.224231,-1.303229,-0.552498,-1.083463,0,0,0,0
-0.948738,1.417894,-0.267432,0.048365,-1.153571,-0.196409,-1.322557,0,0,0,0
-1.075898,1.749022,-0.379204,-0.059625,-1.466484,-0.452221,-1.490270,0,0,0,0
-0.515230,0.337834,0.741278,-0.974775,-1.375211,-0.289783,-1.538055,0,0,0,0
-1.117369,1.639147,-0.203857,0.177279,-1.574648,-0.354866,-1.631305,0,0,0,1
-0.441946,0.677011,-0.495927,0.230278,-1.981924,-0.032768,-1.626039,0,0,0,0
-1.138458,1.416137,-0.477239,-0.121202,-1.539036,-0.372016,-1.761210,0,0,0,0
-0.599256,1.172364,0.694774,0.480407,-1.931515,-0.333654,-0.976383,1,0,0,0
-1.008145,1.818832,0.686825,1.200323,-0.862538,-0.386211,-1.256483,0,0,1,0
-1.052129,1.937350,0.335683,0.941082,-0.961797,-0.324666,-1.108343,0,0,0,0
-0.357431,0.167818,2.514622,-0.041356,-0.641788,-0.358748,-0.929838,0,0,0,0
-1.083748,1.221539,0.741809,1.263656,-0.071676,-0.486097,-1.196828,0,0,0,0
-0.762338,1.311053,0.842985,-0.224579,-1.128654,0.027039,-0.788794,0,0,0,0
-1.129766,1.734471,0.427198,0.771817,-1.317719,-0.256007,-1.039310,1,0,0,0
-1.046052,1.674439,0.388055,1.018309,-1.641737,-0.387819,-1.153614,0,0,0,0
-1.026291,1.762649,0.209606,1.073085,-0.971703,-0.118964,-1.138746,0,0,0,0
-1.107548,1.863540,0.428530,1.198838,-1.112485,-0.407423,-1.233278,0,0,0,0
-0.469980,1.336751,1.096117,0.389226,-2.205872,0.165980,-0.591092,0,0,0,0
-0.997964,1.745488,0.647286,1.264748,-0.942356,-0.505220,-1.054803,0,0,1,0
-0.979499,1.929142,0.598614,1.227575,-1.126616,-0.473629,-1.077902,0,0,0,0
-0.175817,0.638307,0.390348,0.357907,-1.618983,-0.492244,-1.042572,0,0,0,0
-0.914556,1.127750,0.935198,0.975959,-1.620775,-0.297036,-0.986476,0,0,0,0
-0.885183,1.792432,0.411123,0.924781,-1.647425,-0.549975,-1.100026,0,0,0,0
-0.963092,1.669137,0.738071,1.147798,-1.750717,-0.070633,-1.281919,1,0,1,0
-0.808481,1.215547,0.638800,0.204231,-1.704632,-0.404113,-1.336713,0,0,0,0
-0.555380,0.894033,0.531160,-0.725346,-2.105362,1.220473,-0.721117,0,0,0,0
-0.962197,1.529190,0.258430,0.604940,-2.030742,-0.415591,-1.297962,0,0,0,0
-0.939614,1.433718,-0.003929,0.764195,-1.759923,-0.325300,-1.506832,0,0,0,0
-0.879433,1.804314,0.337096,0.996033,-1.604784,-0.425715,-1.358534,0,0,0,0
-0.933819,1.330441,-0.078812,1.054085,-2.085414,-0.147601,-1.526744,0,0,0,0
-0.806851,0.726500,-0.240444,0.817175,-1.812433,-0.114975,-1.318986,0,0,0,0
-0.928094,1.180970,0.234478,0.170188,-1.995770,-0.303098,-1.530723,0,0,0,0
-0.992074,1.015650,0.269854,1.364096,-2.028992,-0.338389,-1.402018,0,0,0,0
-0.474228,0.648003,0.544091,0.511178,-1.838107,1.184238,-0.767626,0,1,0,0
-0.658972,1.149618,0.502919,1.051776,-1.939304,-0.143906,-1.047570,1,0,1,0
-0.746371,1.328757,0.804848,1.040317,-1.333654,-0.335678,-1.047003,0,0,0,0
-0.226224,0.496974,2.052636,0.152930,-0.771563,0.970100,-0.824494,0,0,0,0
-0.602498,0.574479,1.395535,1.257714,-0.774395,-0.609321,-0.756003,1,0,0,1
-0.634065,1.191186,0.864188,1.718420,-1.969992,-0.445936,-0.565102,0,0,0,0
-0.504608,1.056463,0.068269,1.678435,-1.669071,-0.347533,-0.669850,0,0,0,0
-0.600243,0.704147,0.060407,2.067394,-1.671916,-0.463890,-0.731243,1,0,0,1
-0.633730,0.878327,0.026162,1.554408,-2.225061,-0.560477,-0.961116,0,0,0,0
-0.298093,0.287850,0.199800,1.900218,-1.523531,0.280080,-0.854650,0,0,0,0
-0.398706,0.263486,-0.623798,2.395711,-1.449697,-0.331156,-0.891492,1,0,0,0
-0.240764,0.168779,0.100061,3.152440,-2.213207,-0.469803,-0.439991,0,0,0,0
0.477452,0.089131,0.570135,0.633304,-0.878782,2.260611,0.046994,0,0,0,0
-0.237464,-0.265931,2.992992,0.737178,-1.345433,-0.433693,0.475609,0,0,0,0
0.565258,-0.060970,1.208519,0.662195,0.303338,-0.612803,0.488104,0,0,0,0
-0.514383,-0.678471,3.860661,1.592070,-0.479837,-0.606121,0.776992,0,0,0,0
0.471109,-0.027078,1.350901,0.988902,0.141691,-0.565453,0.186289,0,0,0,0
-1.176249,0.933010,3.422088,0.004307,0.598008,-0.424040,1.051313,0,1,1,1
0.417773,0.026883,1.225810,0.396266,0.046098,-0.278173,1.094241,0,0,0,0
-0.247111,-0.175587,0.812245,-0.069501,0.030576,-0.474007,0.905938,1,1,1,0
0.338388,0.118383,0.533326,0.900970,0.185235,-0.501579,0.725553,0,0,0,0
0.636691,-0.172590,0.351659,0.117055,-0.096636,-0.602534,0.994434,0,0,0,0
0.087228,-0.369982,2.292509,0.611048,-0.122992,-0.382664,0.571915,0,0,0,0
0.845452,-0.104300,-0.121165,-0.408706,-0.940561,6.305432,0.707335,0,0,0,0
0.030160,-0.584563,2.371251,0.731122,0.127223,-0.283502,0.720921,0,0,0,0
-0.136018,-0.241354,2.151529,0.897959,-0.104118,-0.443773,0.894741,0,0,0,0
-0.128332,-0.139953,1.807896,0.185612,-1.007375,0.085664,-1.009959,0,0,0,0
-0.249574,0.079733,0.982592,0.027550,0.464164,-0.474509,-1.175121,0,0,0,0
-0.485365,0.616562,-0.804753,0.146131,0.543818,-0.455716,-1.465486,0,0,0,0
-0.400932,1.329874,-0.841886,-0.276961,-0.431509,-0.649107,-1.304038,0,0,0,0
-0.549809,1.395698,-1.257955,-0.393489,0.647958,-0.540586,-1.475425,0,0,0,0
-0.847683,1.513918,-1.764833,-0.270634,1.343099,-0.101416,-1.433917,1,1,0,0
-0.955122,1.620162,-0.718372,0.602862,1.331903,-0.334704,-1.558369,0,0,0,0
-0.788316,2.117822,-2.118698,-0.915024,1.069463,-0.491386,-1.375517,0,0,0,0
-0.856212,-0.211053,1.220939,0.449299,0.312044,-0.354068,-1.936333,0,0,0,0
-1.647080,1.056183,0.852954,1.128249,-0.111763,-0.611446,-2.049868,1,0,1,0
-1.141468,2.144795,-2.062032,-1.176193,1.563850,-0.442090,-1.659133,0,0,0,0
-0.632026,1.093467,-0.416691,-1.411579,0.912072,1.926954,-1.573372,0,0,0,0
-0.867769,1.113720,-0.413487,-1.649011,2.219735,-0.491867,-1.555246,0,0,1,0
-1.237248,1.926920,-2.161947,-1.223522,1.948648,-0.294029,-1.812822,0,0,0,0
-1.674696,1.610082,-0.805212,0.465788,1.930213,-0.755690,-1.926989,0,0,0,0
-0.926029,2.785799,-3.357601,-2.790413,1.378855,-0.119650,-1.539887,0,0,0,0
-1.923103,1.242709,0.457003,1.287396,0.707039,-0.705944,-2.062509,0,0,1,1
-0.967672,2.379111,-1.929135,-1.268934,1.557494,-0.325306,-1.546331,0,0,0,0
-1.538794,1.594123,-0.421214,0.323414,1.346885,0.195173,-1.785694,0,0,0,0
-0.355391,-0.435653,-0.485436,-0.178750,0.193659,-0.346230,-1.884265,0,0,0,0
-0.950579,0.945783,-1.567718,-0.100872,1.962517,-0.558531,-1.649656,0,0,0,0
-1.057500,2.006428,-1.202347,-0.512814,1.785509,-0.485237,-1.327432,0,0,0,0
-0.024237,0.680344,0.786559,-3.083652,1.163069,2.559782,-1.113913,0,0,0,0
-1.200004,2.098134,-2.054426,-1.368272,2.096817,-0.441103,-1.651395,1,0,0,0
-1.215723,1.924060,-1.940433,-0.354543,2.631316,-0.522991,-1.479236,0,0,0,0
-1.108547,1.055265,-0.421451,0.796144,0.867411,-0.498032,-1.541198,0,0,0,0
-0.968464,0.531137,-0.766677,0.011650,1.415941,-0.040268,-1.550341,0,0,0,0
-1.416355,1.830979,-0.613026,-0.212360,1.814988,-0.429995,-1.732695,0,0,0,0
-1.145488,0.865189,0.239509,1.184286,1.295885,-0.775387,-1.677333,0,0,0,0
-0.858432,2.162461,-1.306602,-1.417529,0.549274,1.661953,-1.264745,0,1,0,0
-0.912763,1.801438,-1.273371,-1.227464,0.754708,-0.152552,-1.558800,1,0,1,0
-0.995449,1.237859,-0.141172,-1.349053,1.591417,-0.490665,-1.838307,0,0,0,0
-1.064822,1.154426,-1.167229,-1.994484,1.138379,-0.845047,-1.848981,0,0,0,0
0.056022,0.219993,-0.829429,-2.211013,0.840689,-0.184504,-1.476195,0,0,0,0
-1.851610,1.206122,0.589732,1.068399,0.272041,-0.804041,-2.177190,0,0,0,1
-1.094504,1.935885,-2.051088,-1.155704,0.901712,-0.303860,-1.920706,0,0,0,0
-1.025540,1.290412,0.131518,0.203759,0.784051,3.612983,-1.603654,0,0,0,0
-0.823217,0.532504,-1.644154,-1.012711,1.511551,-0.106802,-1.627330,0,0,0,0
-0.986173,1.185171,-1.953122,-1.696765,0.518039,-0.238625,-1.974009,0,0,0,0
-0.976734,1.423038,-2.226736,-2.218763,-0.126989,-0.513006,-1.766444,0,0,0,0
0.021376,0.618082,-0.687938,-1.772702,0.327086,0.452157,-1.440441,0,0,1,0
-0.927600,1.431001,-1.395260,-1.173838,0.564076,-0.464660,-1.785164,1,1,0,1
-0.752949,1.475524,-0.951036,-0.960250,1.256280,-0.569983,-1.312167,0,0,0,0
-1.177674,1.573797,0.102233,0.868067,0.168460,0.039825,-1.475032,0,0,0,0
-0.732547,0.519615,0.411930,-1.865846,0.989276,-0.320538,-1.421595,0,0,0,0
-1.393912,1.453050,1.615430,0.733808,-1.258778,-0.401856,-1.355161,0,0,0,0
-1.122619,1.189119,0.533148,0.371113,0.755953,-0.597455,-1.417975,0,0,0,0
-0.452535,1.803202,-0.957368,-0.670004,-0.138481,1.954613,-1.206713,0,0,0,0
-0.992867,1.946785,-1.956671,-0.867174,0.185856,-0.360696,-1.546679,0,0,1,0
-0.975626,1.902126,-1.690676,0.187865,1.135303,-0.556092,-1.480634,0,0,0,0
-0.958891,0.824442,0.859767,1.113744,0.184539,-0.570298,-1.510744,0,0,0,0
-0.414726,1.900221,-2.018827,-1.095799,0.352765,-0.351027,-1.260348,0,0,0,0
-0.884047,1.714382,-2.089915,-0.495228,0.476116,-0.261274,-1.674443,1,0,0,1
-0.530237,1.428931,-1.378954,-0.535298,-0.102388,-0.459063,-1.480354,0,0,0,0
-1.043180,1.228051,-0.696094,0.325425,0.472264,0.676237,-1.753371,0,0,0,0
-0.851032,0.606551,0.149283,-0.018410,0.632847,-0.333063,-1.741004,0,0,0,0
-1.032614,0.717123,0.304184,0.518377,0.682024,-0.148159,-1.843334,0,0,0,0
-0.727102,1.351049,-0.976439,-0.769630,0.619664,-0.753362,-1.575736,0,0,0,0
-0.774687,1.205667,-2.307302,-0.016742,0.346593,-0.183146,-1.846811,0,0,0,0
-0.957692,1.177979,-2.142076,0.029222,0.401292,-0.230093,-1.742423,1,0,0,0
-0.902383,1.269545,-2.085547,-0.383677,0.155919,-0.227336,-1.650067,0,0,0,0
-0.529854,0.312848,-0.573004,0.180577,0.237942,0.030309,-1.693080,0,0,0,0
-0.906844,1.027218,-2.655246,-0.474918,0.199506,-0.110932,-1.665182,0,0,0,0
-0.953607,0.936350,-2.177183,-0.079344,-0.387909,-0.314356,-1.996234,0,0,0,0
-0.764549,0.572594,0.069638,1.572740,0.266573,-0.732066,-1.520313,0,0,0,0
-0.730324,1.226541,-1.034673,1.058539,0.402286,0.156874,-1.460664,0,0,0,0
-0.750411,1.077015,-1.344940,1.156849,0.229000,-0.393221,-1.547226,1,0,0,1
-0.324352,0.805991,-0.483957,-0.860805,0.389433,-0.570497,-1.403029,0,0,0,0
-0.428746,0.945776,-0.948075,-0.847061,0.095727,0.206135,-1.471942,0,0,0,0
-0.146986,0.229714,-1.042365,-1.042124,0.389434,-0.220354,-1.377795,0,0,0,0
-0.527324,0.707111,-1.583354,0.120213,0.191910,-0.221351,-1.471926,0,0,0,0
-0.719747,1.085962,-1.445197,0.324237,0.111750,-0.071946,-1.384755,0,0,0,0
-0.172636,0.110643,-0.943827,-0.080099,0.353376,1.534066,-1.456379,0,0,0,0
-0.611870,0.554195,-1.897128,0.992469,0.342228,-0.613762,-1.551660,0,1,0,0
-0.564822,0.872409,-2.069372,0.604173,-0.273939,-0.258571,-1.708234,0,0,0,0
-0.453204,0.735512,-1.428359,0.731821,-0.211847,-0.562053,-1.483541,0,0,0,0
-0.105325,0.736414,-2.068004,-0.102421,-0.878034,-0.132592,-1.373384,0,0,0,0
-0.467749,0.221467,-2.105936,0.939944,-0.800540,-0.214921,-1.763817,0,1,0,0
-0.837954,-0.700109,-0.557009,2.766317,-0.835162,-0.374680,-1.873323,0,0,0,0
-0.014699,-0.050906,-1.264204,0.499241,-1.946554,1.620986,-1.416443,0,0,0,0
-0.220749,-0.240733,-2.059062,1.109186,-0.911285,-0.228250,-1.342574,0,0,0,0
-1.778181,1.939008,-0.634152,-2.412208,1.109614,-0.452243,-1.371483,0,0,0,0
-1.884093,2.392369,-0.624489,-3.514533,0.890504,-0.317501,-1.714310,0,0,0,0
-1.851552,2.468602,-0.064688,-3.347768,0.614712,0.600226,-1.914671,0,0,0,0
-2.221094,2.660431,0.908503,-3.666067,1.374203,-0.347530,-1.598390,0,0,0,0
-2.119968,2.543145,1.812641,-2.627058,0.407352,-0.291439,-0.779178,0,0,0,0
0.588039,-0.365589,0.431858,0.795802,-0.909587,-0.123178,-0.005369,0,0,0,0
0.602739,-0.240785,0.023900,0.390714,-0.830418,-0.053831,1.357248,0,0,0,0
0.630346,-0.428323,0.864056,-0.556070,-0.617376,-0.368643,0.689145,0,0,0,0
0.683885,-0.478999,0.689469,-0.298375,0.101638,-0.348089,0.154952,0,0,0,0
0.806852,0.082557,0.030592,-0.861464,-0.781092,0.099924,1.014039,0,0,0,0
0.395481,0.007188,0.051911,-0.855730,0.517262,-0.413346,0.808686,0,0,0,0
-0.252178,1.609418,-0.606298,-1.784990,0.456004,-0.241875,-1.087587,0,0,0,0
-0.536587,1.584339,-1.213571,-1.128559,0.705104,-0.285588,-1.238341,0,0,0,0
1.176105,-0.737330,-0.941418,-1.222011,-0.706681,-0.452796,-0.465858,0,0,0,0
0.554930,-0.650646,0.886033,0.355726,-0.042143,-0.301136,1.134854,0,0,0,0
0.703324,-0.143689,0.569123,-0.059163,-0.101627,-0.320644,1.072244,0,0,0,0
0.547807,0.060448,0.845176,0.796235,-0.657133,1.507482,1.182175,0,0,0,0
0.348992,-0.076369,1.243156,0.340268,0.693366,-0.350231,1.104957,0,0,0,0
0.661381,-0.018534,0.513958,-0.030467,-0.139132,-0.496113,0.783833,0,0,0,0
-0.507455,1.716639,-1.054341,-1.012586,0.921665,-0.612413,-0.316396,0,0,0,0
-0.309140,2.328001,-1.828881,-1.609697,1.055733,-0.187500,-0.850648,0,0,0,0
-0.832077,2.123240,-1.410039,-1.490205,1.241851,-0.534483,-1.556162,1,0,0,0
-1.063458,2.551083,-0.372346,-0.067428,1.571763,-0.407307,-0.185215,0,0,0,0
-0.955752,2.904773,-1.815276,-1.609614,1.529689,0.323768,-0.881359,0,0,0,0
-1.383222,2.516249,-0.850960,-0.289540,1.410693,-0.659397,-0.991591,0,0,0,0
-1.118825,2.981581,-2.382467,-2.060159,1.606826,0.251333,-0.752661,0,0,0,0
-1.539189,2.737736,-0.633970,-0.301424,1.951359,-0.603172,-1.439109,1,0,0,0
1.103448,-0.712251,-1.413230,-1.278033,-0.818992,4.994897,-0.279078,0,0,0,0
0.421199,0.417753,-1.568393,-0.693445,-0.339691,-0.477840,0.557408,0,1,1,1
0.680864,-0.249881,0.540608,0.011014,0.511259,-0.239471,0.572305,0,0,0,0
0.711171,-0.010833,-0.046216,-0.258810,0.143684,-0.756682,0.212969,0,0,0,0
0.958892,0.074893,-1.538587,0.157917,-1.330331,-0.477332,0.872962,0,0,0,0
0.710796,-0.333129,-0.080126,-0.715489,0.195603,-0.314178,0.624597,0,0,0,0
-0.626991,1.436249,-0.662047,-1.484313,0.716442,-0.295479,-1.176720,0,0,0,0
-0.888758,1.581741,-0.979878,-1.502690,0.615473,-0.311131,-1.736163,0,0,0,0
0.036303,-0.238725,-0.184820,-1.260595,-0.265166,-0.403582,-0.922770,1,1,0,1
0.530229,-0.514281,0.633316,0.325394,0.229441,-0.120719,1.116760,0,0,0,0
0.725541,-0.173202,1.037463,0.155654,0.392959,-0.431015,0.547604,0,0,0,0
1.192867,-0.041664,-0.109404,-0.379864,-0.026195,-0.293179,1.249624,0,0,0,0
0.495174,0.082489,0.600689,0.456351,-0.035585,-0.269226,1.173598,1,1,1,0
0.556740,0.207936,0.111299,0.477113,-0.729513,-0.321549,0.630073,0,0,0,0
-0.118707,1.241204,-0.215518,-1.706284,0.267994,0.262122,0.375721,0,0,0,0
-0.875924,1.261070,0.197184,-1.176963,-0.262037,-0.590780,-1.334895,0,0,0,0
-0.964349,1.640900,-0.748107,-1.618764,-0.390591,-0.449189,-1.623033,0,0,0,0
-1.056452,1.640166,0.633398,-0.544682,-0.034896,-0.564912,-1.040611,0,0,0,0
-1.197198,1.355764,0.661715,-1.625859,0.435497,-0.510381,-1.210875,1,0,0,0
-1.399916,1.127612,0.400446,-0.918178,0.287523,-0.231852,-1.380942,0,0,1,0
-1.161011,1.199082,0.111322,-1.480486,-0.524537,-0.453627,-0.964195,0,0,0,0
-1.571874,0.870681,0.388055,-0.875587,-0.570136,-0.367192,-1.473215,0,0,0,0
0.627695,-0.684247,-1.369526,-1.740931,-1.076403,-0.498201,-0.587077,0,0,0,0
0.614318,-0.214455,-0.063247,-0.308879,0.076852,0.003436,0.772637,0,0,0,0
0.524948,-0.378288,0.525346,-0.200418,0.175140,-0.360333,0.079740,0,0,0,0
0.748987,0.264577,0.013176,-0.586836,-0.859481,0.790278,0.733170,0,0,0,0
0.380014,0.097342,0.500329,-0.040407,0.235819,-0.428843,1.420674,0,1,1,1
0.519048,-0.432830,0.623885,-0.924199,-0.286690,-0.294630,0.625310,0,0,0,0
-0.361813,2.127131,-0.636988,-1.261253,-0.413323,-0.605381,-0.817384,0,0,0,0
-0.546432,1.671183,-0.892208,-0.612497,0.148954,-0.489392,-1.068313,0,0,0,0
-0.694084,1.825994,-1.478420,-1.074151,0.164211,-0.230797,-1.300154,0,0,0,0
0.700947,0.023935,0.577305,0.338709,-0.535794,-0.316953,0.442074,0,0,0,0
0.603276,0.151408,0.236829,-0.439050,-0.894308,1.413317,0.841041,0,0,0,0
0.414195,0.432032,0.049149,-0.319618,0.136712,-0.298275,0.875072,1,0,1,1
0.596635,0.081031,0.698163,-0.397096,-0.317325,-0.330657,1.047968,0,0,0,0
0.676127,0.032273,0.549443,0.239520,-0.423263,-0.645674,0.408761,0,0,0,0
0.177572,1.098403,-0.508925,-0.085533,-0.019018,-0.459683,1.046096,0,0,0,0
-0.606356,1.523140,-0.351879,-0.208086,-0.483267,-0.441236,-0.958355,0,0,0,0
-0.459072,2.002914,-1.232869,-1.021519,-0.262654,-0.409684,-1.039261,0,0,0,0
-0.791712,1.243915,-1.668839,0.469159,0.360274,-0.469840,-1.126007,0,0,0,0
-0.551122,1.792145,-1.728795,-0.335252,-0.361477,-0.388827,-1.046559,0,0,0,0
-0.627079,1.984648,-1.930772,-0.610641,0.336311,-0.325988,-0.806802,0,0,0,0
-0.631002,1.960359,-1.749359,-0.158131,0.246681,-0.674918,-0.869672,0,0,0,1
-0.561403,1.874150,-1.844822,-0.834649,-1.176080,-0.413414,-0.678470,0,0,0,0
-0.627049,1.460106,-1.079017,0.023741,-0.200587,-0.392809,-0.753130,1,1,0,1
0.617970,-0.174806,0.991456,0.381408,-0.137318,-0.329657,0.635050,0,0,0,0
0.636722,-0.222113,1.351424,0.170714,-0.042510,0.068915,0.326014,0,0,0,0
1.154849,-0.100871,0.048098,-0.385697,-0.558816,-0.183250,0.875365,0,0,0,0
0.713522,-0.155535,0.743123,0.379557,0.183928,-0.268899,1.160253,0,0,0,0
0.720148,0.081010,1.201364,0.198845,0.304327,-0.480771,1.399627,0,0,0,0
-0.106955,1.766246,0.034327,-0.628618,-0.096807,-0.104698,0.607446,0,0,0,0
-0.263209,1.612344,-0.823329,0.261756,-0.114448,-0.421907,-0.904449,0,0,0,0
-0.335844,1.597742,-1.232619,0.415276,-0.048281,-0.370468,-1.045782,0,0,0,0
0.547005,-0.227054,0.863680,0.546540,-0.064613,-0.453153,0.542051,0,0,0,0
0.984052,0.263555,-0.625846,0.338100,-1.079329,-0.357876,0.769110,0,0,0,0
0.640956,-0.223766,0.667534,-0.265341,-0.508225,-0.393998,0.401035,1,0,1,1
0.682471,-0.066340,1.016814,-0.188526,-0.411920,-0.214028,0.734104,0,0,0,0
0.719106,0.118726,0.933090,-0.219244,-1.261671,0.150801,0.783835,0,0,0,0
0.359184,0.234642,-0.010319,0.497502,-0.833899,-0.257094,0.504477,0,0,0,0
-0.149781,0.769697,0.112154,1.394937,-2.108057,-0.294749,-0.793121,0,0,0,0
0.085935,0.194377,-1.335155,0.999909,-2.505073,-0.452875,-1.122831,0,0,0,0
-0.002415,0.442770,-1.909849,-2.998311,0.595768,-0.133564,-0.658506,0,0,0,0
-1.941982,2.232890,0.640152,-3.124326,1.057782,-0.709389,-1.782816,0,0,0,0
-2.157838,2.973530,1.619901,-3.676374,1.477172,-0.546918,-1.521673,0,0,0,0
-2.732200,2.750008,1.868460,-3.635042,2.119190,-0.545172,-2.153642,0,0,0,0
-1.037267,0.048886,1.545859,-2.090963,0.201413,-0.549210,-1.162593,0,0,0,0
-1.663563,1.098691,2.196257,-1.906069,0.516447,2.631587,-0.886223,0,0,0,0
0.375433,-0.312778,0.582871,0.398921,-1.056371,-0.551507,-0.404781,0,0,0,0
0.737715,-0.594813,0.406352,-0.123664,-0.408971,0.900224,0.057829,0,0,0,0
0.298730,-0.141605,0.542997,-0.036688,-0.067475,-0.489567,1.847839,1,1,0,0
0.198422,-0.353493,0.767356,-0.206938,-1.140691,-0.070251,-1.096961,0,0,0,0
0.433671,0.331304,-0.313025,0.102950,-0.600722,-0.047482,1.068068,0,0,0,0
0.716077,-0.127251,-0.556265,-0.343979,-0.172384,-0.326227,1.146870,0,0,0,0
0.115646,0.288594,0.292394,0.003348,0.626551,0.004102,0.054732,0,0,0,0
0.410786,0.529480,-0.676595,-0.380441,0.604462,-0.606843,1.156533,0,0,0,0
0.103767,-0.418167,0.252051,0.931563,-0.386216,0.292363,-0.396090,0,0,0,0
-0.244120,-0.287266,1.944918,1.364823,0.466040,-0.603290,0.828700,0,0,1,1
0.478715,0.471178,-0.756866,-0.198659,-0.091347,-0.136160,1.086612,0,0,0,0
-0.287479,-0.177844,1.623829,0.600217,0.429433,-0.852455,-0.721714,0,0,0,0
0.626429,0.044585,0.046201,0.958478,-0.245054,-0.510316,1.173400,0,0,0,0
-0.115586,0.842500,-1.035815,0.523046,0.149557,-0.427470,-0.431657,0,0,1,1
0.168688,0.190125,0.591809,0.204312,0.030349,-0.240706,0.250869,0,0,0,0
0.528088,-0.267195,0.276640,-0.822263,0.293841,1.843184,0.829026,0,0,0,0
0.632072,-0.538465,0.375385,-1.429498,0.134403,-0.332133,-0.473217,0,0,0,0
-0.236519,0.120235,0.608206,0.904589,-0.393082,0.131695,0.332046,0,0,0,0
0.285980,0.402754,-0.499827,-0.911670,0.158201,-0.558323,0.504817,0,0,0,0
0.308267,-0.357937,-0.444673,0.469031,-0.425091,1.065979,-0.122409,0,0,0,0
-0.074541,0.385506,-0.234699,-0.571811,0.243220,-0.289500,0.617269,1,1,0,0
0.118143,0.497048,-1.258958,0.356702,-0.278758,-0.384845,1.597065,0,0,0,0
-0.058811,-0.324741,0.060719,0.152090,0.288299,-0.582813,-0.390448,0,0,0,0
0.319139,0.040483,0.014998,0.262456,-0.002430,-0.364810,1.042256,0,0,0,0
0.191870,0.765279,-1.108223,-0.167795,0.532840,0.047711,0.524423,0,0,0,0
0.134316,0.411324,-0.049370,0.264479,-0.542473,-0.583246,-0.237126,0,0,0,0
0.563336,0.196003,-0.217699,0.036503,-0.076066,1.689857,0.672340,0,0,0,0
0.108566,0.419292,-1.200859,-1.066023,0.979403,-0.185181,0.070489,1,0,1,1
-0.076527,0.121000,0.841715,0.106989,0.062214,-0.247963,0.111051,0,0,0,0
0.192706,0.344680,-0.206703,0.012225,0.244856,-0.421720,0.484000,0,0,0,0
0.680190,-0.549762,-0.236847,-0.748580,-0.151020,-0.274262,-0.451948,0,0,0,0
-0.314846,-0.009183,0.561320,0.875393,0.733873,-0.183217,0.563946,0,0,1,1
0.472282,0.549668,-0.666278,-0.803597,-0.165714,-0.571679,1.164559,0,0,0,0
0.248756,-0.376428,0.229164,-0.361847,0.109986,0.994391,-0.239822,0,0,0,0
0.219011,-0.190692,0.765471,0.050109,0.190285,-0.607700,0.706096,0,0,0,0
0.275429,0.270891,-0.191442,0.110090,0.743813,-0.251322,0.925304,0,0,0,0
0.013857,0.254028,-0.277557,0.144361,-0.531687,-0.749838,-0.120856,0,0,0,0
0.886982,-0.411850,-0.652818,-0.916045,-0.176323,0.934521,0.477152,0,0,0,0
0.098642,0.411225,-0.321887,-0.398197,0.124247,0.003900,-0.364793,0,1,1,1
-0.042944,0.029586,0.425163,0.005078,-0.015540,-0.014553,0.046630,0,0,0,0
0.405302,0.269067,-0.685688,-0.423118,-0.110591,1.277721,0.427465,0,0,0,0
0.376233,0.216764,-0.870133,-1.196836,-0.307532,-0.147896,-0.395625,0,0,0,0
0.065673,0.384195,-0.117062,-0.400702,0.395488,0.075982,0.352529,0,0,0,0
0.232582,0.272774,-1.133718,-0.503093,0.063240,-0.714022,0.667162,0,0,0,0
0.655358,-0.811804,-0.075109,-0.110946,-0.003649,1.321951,-0.121959,0,0,0,0
0.376345,-0.817066,0.453583,-0.162444,0.754647,-0.484702,0.550175,1,1,0,0
0.518814,-0.393937,-0.559058,-0.029322,-0.078703,-0.361805,0.307308,0,0,0,0
-0.086448,-0.518627,0.722300,1.667311,-0.592453,-0.543879,-0.226922,0,0,0,0
0.765658,-0.571686,0.529333,-0.106862,-0.378943,-0.584198,0.828098,0,0,0,0
0.083276,0.265803,-0.836048,0.311543,0.035991,-0.349501,0.838099,0,0,0,0
0.150024,-0.007618,-0.633747,-0.682444,-0.429172,-0.392035,-0.071308,0,0,0,0
0.873311,-0.085090,0.135554,-1.100240,-0.082067,1.566481,0.730147,0,1,0,0
0.276366,0.375979,-1.423581,-0.340826,0.241028,-0.617732,1.187457,0,0,1,1
-0.065792,0.020252,-0.132971,0.402408,-0.388192,-0.097401,0.299195,0,0,0,0
0.251789,0.743844,-0.578297,0.241450,0.078599,-0.679554,0.253085,0,0,0,0
1.069013,-0.084763,-1.031279,-2.101600,0.008229,-0.302727,1.182013,0,0,0,0
0.103108,0.422196,-0.368098,0.228139,0.659793,-0.174871,0.454747,1,0,0,1
0.340133,0.554357,-1.098133,0.117963,-0.202974,-0.514663,0.142492,0,0,0,0
0.089901,-0.014115,0.553186,1.516152,-0.122336,1.163294,0.596728,0,0,0,0
0.016448,0.228402,0.226999,0.387839,0.101528,-0.227701,0.735260,0,0,0,0
0.360410,0.447062,-0.595062,-0.663807,0.492272,-0.341796,0.768052,0,0,0,0
-0.128958,0.091560,-0.505155,0.367098,0.217423,-0.668507,-0.107706,0,0,0,0
0.857544,-0.139303,-0.011933,-0.747157,-0.124171,2.258059,0.503142,0,0,0,1
0.240407,0.649836,-1.020619,-0.486990,-0.091363,-0.464660,0.903476,0,1,1,0
0.028286,-0.075344,-0.538156,0.108876,0.037865,0.198625,0.095969,1,0,0,0
0.361244,0.558793,-0.488920,0.500996,0.007869,-0.492073,-0.048931,0,0,0,0
0.774367,-0.283126,-1.073414,0.445564,-0.766813,-0.479853,1.004928,0,0,0,0
0.252167,-0.966645,1.095751,0.146217,-0.240314,0.340122,-0.608055,0,0,0,0
0.604293,-0.251480,0.113692,0.174873,-0.368073,-0.190080,0.677671,0,0,0,0
0.999818,-0.093784,-0.548770,-0.612752,-0.574631,0.548161,0.479492,0,0,0,0
0.275431,-0.293348,-0.043286,0.327196,-0.021278,-0.503826,-0.079482,0,1,0,0
0.875500,0.474954,-1.974115,0.536943,-1.319530,-0.279105,0.550576,0,0,0,0
0.326602,-0.616269,0.474905,-0.014540,-0.508129,-0.757094,-0.286152,0,0,1,0
1.268147,-0.859971,-0.672305,-0.411662,-1.347861,-0.235328,0.067435,0,0,0,0
0.594785,-0.068062,-0.070275,0.097772,-0.241838,0.944870,0.275389,0,0,0,0
0.877560,-0.595513,-1.262682,-0.138102,-1.162235,-0.390586,-0.130708,0,0,0,1
0.765593,0.098365,-0.435290,0.280016,-0.659533,2.652140,0.320548,0,0,0,0
0.484977,0.197566,-0.001148,0.249805,-0.038158,-0.806214,0.372138,0,0,0,0
0.915343,-0.435030,0.354022,-0.494947,-0.707472,1.250889,-0.220055,0,0,0,0
0.701654,-0.524795,0.084812,-0.350764,0.047471,-0.749173,-0.063326,0,0,0,0
1.019063,-0.414249,-0.429297,-0.034696,-0.649627,0.196452,0.088554,0,0,0,0
0.101565,-1.052385,0.230351,1.685394,-0.213710,-0.846204,-0.643693,0,0,1,1
0.919745,-0.656618,-0.877504,0.052351,-0.664337,-0.362813,0.589733,1,0,0,0
-1.219738,1.159252,0.240348,-1.977243,2.251056,-0.696328,-0.751046,0,0,0,0
-1.748728,1.290062,-0.350233,-2.737389,0.668548,-0.299228,-2.014261,0,0,0,0
-2.236654,1.886067,-0.765630,-3.084042,1.831899,-0.049745,-1.660713,0,0,0,0
-2.423820,2.187796,-0.186081,-2.906896,2.231708,-0.499489,-1.422498,0,0,1,0
-2.208232,2.928627,0.418081,-4.092812,0.725094,-0.469005,-1.401127,0,0,0,0
-1.039294,0.464391,1.551300,-1.092824,-1.011219,0.468733,-0.808241,0,0,1,1
0.859158,-0.630122,-0.022704,0.815038,-1.502196,0.259161,0.202507,1,0,0,0
0.851963,-0.751919,0.613600,-0.000482,-1.212932,0.226701,1.966957,0,0,0,0
0.995617,-0.551766,0.529148,-0.121036,-0.860556,-0.016854,1.745104,0,0,0,0
0.711246,-1.139765,0.564796,1.603802,-0.537476,-0.420835,0.474918,0,0,0,0
0.742551,-0.633994,-0.494136,0.161238,-0.728062,-0.221068,0.202249,0,1,0,0
0.894611,-0.393943,1.374709,-0.490712,-0.010180,1.885048,0.586519,0,0,0,0
1.170870,-1.414784,-0.022325,0.573165,-0.364418,-0.045382,0.283051,1,0,0,0
0.963555,-1.253697,-0.972363,-0.339438,0.593513,-0.063446,-0.140090,0,0,0,0
0.466180,-0.605847,-0.790380,0.753034,-0.532355,0.057240,-0.559891,0,0,0,0
1.234073,-0.850105,-0.807779,-0.466156,-0.636131,-0.271664,0.310320,0,0,0,0
0.153436,-1.046879,0.942114,-0.004566,-0.516566,0.164173,0.873319,0,0,0,1
0.049602,-1.595504,0.626227,1.600545,-0.208605,-0.631966,0.248956,0,0,0,0
0.557622,-0.261464,-0.895734,0.519405,-0.001128,1.779899,-0.042211,0,0,0,0
-0.067510,-0.811678,0.531131,0.727248,0.027485,-0.568462,0.745705,0,0,0,0
0.350912,-0.943788,-0.176549,-1.221544,0.042579,2.051264,0.883680,0,0,0,0
0.064475,-0.506815,-0.560608,-0.579368,0.669058,-0.465855,-0.110090,0,1,0,0
1.338755,-1.300520,1.481727,-0.108387,-0.201584,-0.304306,0.642359,0,0,1,0
0.922055,-1.272205,-0.498472,1.926596,-1.364898,0.139459,0.536566,0,0,0,1
0.731059,-0.693332,-1.415447,-0.296615,-0.703739,-0.447065,-0.163200,0,0,0,0
-0.140096,-0.696618,-0.515245,0.301211,0.389851,-0.438932,-0.514387,0,0,0,1
0.526810,-1.703023,-0.255949,-0.051652,0.422571,-0.584251,1.080373,0,0,0,0
0.069458,-0.525145,-0.189313,1.047147,0.090632,-0.023894,2.006237,0,0,0,0
-0.331754,-0.817660,-0.772832,-0.142109,0.331747,-0.744647,-0.274575,0,0,0,0
0.553555,-0.657917,-0.694714,-0.109968,1.471751,1.964596,1.022407,0,0,1,0
-0.184066,-0.299108,-0.380208,0.236981,1.463221,-0.520058,1.074279,1,0,0,0
0.240212,-0.290779,-2.359400,0.767299,-0.620467,-0.444408,-0.100106,0,0,0,0
0.173028,-0.634083,-2.403966,0.808031,0.304149,-0.304657,-0.064235,0,0,0,0
1.375955,-1.311103,1.219357,-0.306003,-0.349195,-0.230257,0.494835,0,0,0,0
0.920840,-1.469302,-0.501742,1.646667,-0.975277,0.871576,0.047461,0,0,0,0
0.657585,-1.299381,-1.569766,-0.186646,-1.098262,-0.392633,-0.360456,0,0,0,0
0.538732,-0.982995,0.099284,-0.057166,-1.070510,1.895948,-0.444656,0,0,0,0
-0.148699,-0.929669,-0.115001,0.153877,0.276797,-0.273868,0.007526,1,1,1,0
0.571122,-0.920240,0.017230,-0.923456,0.474061,3.189805,0.600598,0,0,0,0
0.225072,-0.742574,-0.375018,-0.370525,-0.149662,-0.779603,-0.049589,0,1,0,0
0.873631,-1.550825,-0.705733,0.166631,0.219553,-0.605737,0.141286,0,0,0,0
-0.300246,-0.962435,0.093895,1.141725,0.202272,-0.160665,-0.012395,0,1,1,1
0.397881,-1.575811,-0.010000,-0.161822,-0.411880,-0.655700,0.036771,0,0,0,0
0.508842,-0.454335,0.523994,-0.854221,-1.122729,0.616221,0.952704,0,0,0,0
0.526910,-2.003770,0.426736,-0.694765,0.359781,-0.476662,0.378021,0,0,0,0
0.786161,-1.553899,-0.818784,1.900465,-1.470364,0.549163,-0.170975,0,0,0,0
0.760156,-1.350907,-1.442775,-0.718030,-0.790952,-0.520275,-0.367216,0,0,0,0
1.115743,-0.695585,-0.668947,-1.042508,-0.920789,1.158191,-0.074014,0,1,0,0
0.470218,-0.936715,0.600021,-0.676336,0.416329,-0.380097,0.735769,0,0,0,1
1.036526,-0.959620,0.119517,0.178816,-0.221937,-0.357456,0.733934,0,0,0,0
0.475724,-0.675949,0.647662,0.574470,0.202661,0.061546,-0.106996,0,0,0,0
0.953387,-0.735946,0.642744,-0.536105,-0.370022,-0.035882,1.400409,0,0,0,0
0.662009,-0.588073,0.918714,0.140736,-0.986383,-0.451907,0.863325,0,0,0,0
0.006949,-0.827327,1.652531,1.263832,-0.080518,-0.737014,0.534779,0,1,0,0
0.844514,-0.917518,0.727304,1.365175,-0.964580,0.244685,0.564949,0,0,1,0
0.560068,-0.822753,0.849882,0.437360,-0.114396,-0.349953,0.275303,1,0,0,1
1.289166,-1.562958,-0.012321,0.534796,-0.236501,0.576122,0.380097,0,0,0,0
0.821591,-0.957805,-1.191358,-0.227965,-0.971911,-0.206474,-0.137365,0,0,1,0
0.755601,-1.196576,-1.590321,1.101949,-1.176767,-0.720354,-0.444406,0,0,0,0
0.149571,-0.785441,-0.056171,0.526674,-0.019753,-0.422939,-0.244455,1,0,1,1
0.412181,-0.849749,0.446531,0.155018,-0.092827,-0.524642,-0.123622,0,0,0,0
0.587377,-0.667339,0.155713,-0.598524,-0.086389,0.299157,0.853502,0,0,0,0
0.268569,-1.001629,-0.106051,-0.071785,-0.149503,-0.447776,0.234085,0,0,0,0
0.176709,-0.281908,-0.555066,0.495507,0.396249,-0.338206,-0.338937,0,0,0,0
-0.594780,-0.927354,1.285179,0.754702,0.803315,-0.886668,-0.359726,0,1,0,0
1.084722,-0.964130,-0.742294,-0.077206,-0.137304,-0.275365,1.089879,0,0,0,0
0.019709,-0.246036,-0.627000,-0.955839,0.343880,-0.488863,0.071110,1,0,0,1
0.832712,-1.295625,-0.681838,1.969622,-0.776698,-0.008801,0.338115,0,0,0,0
0.734340,-0.404007,-1.110553,1.198413,-1.022831,0.253238,0.400744,0,0,0,0
0.547012,-1.169150,-1.472602,0.656913,-1.409796,-0.497847,1.312741,0,0,0,0
0.202008,-0.775366,-0.651487,0.301252,0.427102,-0.478670,2.069491,0,0,0,0
0.308549,-1.042641,-0.962997,0.450933,0.555644,-0.363657,-0.764032,0,0,0,0
0.750788,-0.503393,-0.309143,-0.205357,-1.030092,2.889831,0.214594,0,0,0,0
0.565553,-0.463036,0.369057,0.048473,0.270915,-0.338139,1.483852,0,0,1,0
0.492570,-0.183692,-0.438168,0.369099,0.687427,-0.457061,1.631257,0,0,0,0
0.294003,0.194853,0.184521,0.709172,-0.465257,-0.620817,0.077846,0,0,0,0
0.634752,0.055392,0.769557,0.071006,0.564764,-0.639735,1.442679,0,0,0,0
0.437938,0.129951,-0.090645,0.035671,1.068001,0.114154,0.522302,0,0,0,0
0.769303,-1.352528,0.723154,0.187247,-0.020547,-0.380291,0.110888,0,0,0,0
0.817346,-0.302559,-1.544431,0.876199,-1.189191,0.535425,0.248266,0,0,0,0
0.493738,0.004402,-0.585819,-0.796880,0.213632,-0.257945,0.496427,0,1,0,0
0.302496,-0.097915,-0.354632,-0.076677,0.513993,-0.212578,1.495475,0,0,0,0
-0.075878,1.009572,-0.873575,-0.571613,-0.467015,-0.698627,0.127560,0,0,0,0
0.887064,-0.453793,0.286572,-1.619021,-0.026076,-0.177479,0.939260,0,0,0,0
0.274973,0.510427,-0.637041,-0.046610,-0.209536,-0.244625,0.197291,1,0,1,1
0.270958,0.943104,0.030301,-0.317771,0.221224,-0.201173,0.779198,0,0,0,0
0.357015,-0.150036,0.757085,0.318044,-0.271620,1.033461,0.577252,0,0,0,0
0.556887,-0.641073,-0.544643,-0.925552,-1.117170,-0.224752,-0.102666,0,0,0,0
0.190750,0.653669,-0.682084,-0.123596,0.292159,0.160024,1.361052,0,0,0,0
0.629627,-0.410359,0.475301,0.472694,-0.607893,-0.702035,1.969114,1,0,0,0
-0.649088,1.578728,-0.804392,-0.667700,1.741631,-0.361104,0.206361,0,0,0,0
-2.017493,3.247228,-0.730140,-2.464384,2.984239,-0.510088,0.140619,0,0,0,0
-2.609000,3.008562,0.310996,-3.131393,3.334298,-0.562121,-0.089366,0,0,0,0
-2.688215,3.384176,1.216643,-3.705340,2.880435,-0.539683,0.611235,0,0,0,0
0.507325,-1.003066,0.235680,-0.442133,0.073044,0.791299,0.225911,0,0,0,0
1.039892,-0.794910,0.258929,0.463140,-0.522198,1.212459,0.857729,0,0,0,0
0.525823,-0.782904,1.274806,-0.234829,-1.053700,-0.283038,2.041450,0,0,1,0
0.425633,-0.291616,1.382762,0.524562,-1.001070,1.646362,1.599742,0,0,1,0
0.764004,-1.061566,0.675964,0.607105,-0.730028,-0.390243,1.180770,1,0,0,0
0.906009,-0.748753,-0.194885,0.367540,-0.464767,-0.384618,1.506008,0,0,0,0
-0.003729,0.120004,0.321680,-0.635177,-0.561722,-0.727251,-0.245085,0,0,1,0
0.839260,-1.689918,-0.109094,0.760114,-0.753113,-0.568502,1.190681,0,0,0,0
0.112313,-0.685277,-0.985376,-0.043715,-0.078870,-0.470904,0.597416,0,1,0,1
0.182685,-0.603271,-0.087281,0.131650,0.071369,-0.470934,0.000243,0,0,0,0
0.639765,-0.307893,-1.120354,0.754019,-0.543762,2.689774,1.283630,0,0,0,0
0.259852,-1.184516,-0.805975,0.522235,-1.685543,-0.400261,0.170601,0,0,0,0
0.455086,-1.271407,0.270886,0.149565,0.992902,2.854680,0.725576,0,0,0,0
0.463835,-0.321212,-0.740701,-0.536723,-0.112340,-0.238314,0.599366,1,0,0,0
1.274469,-0.681421,-1.632056,-0.867683,-0.953437,1.181406,0.357735,0,0,0,0
0.257206,-0.739978,-0.148576,-0.410909,-0.390364,-0.103203,1.007775,0,0,0,1
0.783701,-1.587418,0.106673,0.232606,-0.280878,-0.519308,0.622465,0,0,0,0
-0.431362,-0.424575,1.023042,0.359506,-0.295200,0.642470,-0.216746,0,0,0,0
0.207137,-0.948514,-0.849974,1.160870,0.285872,-0.366353,0.757150,0,0,0,0
0.192321,-0.684325,-0.308716,-0.107540,-0.459557,-0.236653,1.852748,0,0,0,0
-0.072389,-0.592575,-0.970215,0.283139,-0.474332,-0.803200,-0.254353,0,1,0,0
0.654308,-1.024452,0.181413,0.506236,0.056088,1.382641,1.282560,0,0,1,0
0.064095,-0.830237,0.071945,-0.306270,-0.461688,-0.182282,1.025109,1,0,0,1
0.087634,-0.770085,-1.258272,-0.625432,0.401908,-0.263334,-0.200133,0,0,0,0
0.302568,-0.626076,-1.022371,0.219654,-0.061825,-0.404303,0.178190,0,0,0,0
1.219132,-1.632185,-0.951812,-0.596643,-1.019544,-0.129276,0.506271,0,0,0,0
0.314729,-0.369527,-1.840338,0.147196,-0.036014,0.377094,0.643579,0,0,0,0
0.252610,-0.470715,-1.807985,0.036884,0.249499,-0.598229,1.871868,0,1,0,0
0.491022,-0.520232,0.582698,-0.449435,-0.458363,3.036471,-0.470940,0,0,0,0
0.017795,-1.203589,-0.264714,-0.037667,0.103529,-0.464852,0.813394,1,0,0,0
0.400904,-1.058266,-1.740701,1.076443,-0.241403,-0.136513,0.780734,0,0,0,0
-0.245879,-0.990873,-0.616635,0.736890,-0.373715,-0.812318,-0.530211,0,0,0,1
1.032631,-1.186549,-0.296564,0.208176,-0.474796,-0.405860,1.078065,0,0,0,0
0.258290,-0.679425,-0.595530,0.025328,0.074723,0.119692,0.746032,0,1,1,1
0.479610,-1.432746,-0.471767,0.220717,-0.717051,-0.334853,0.069291,0,0,0,0
0.630558,-0.622457,-0.045882,0.009650,-0.912371,2.439715,0.972382,0,0,0,0
-0.123792,-1.078589,0.409342,0.228251,-0.063958,-0.458949,1.379880,0,0,0,0
0.484998,-1.340533,-0.040240,-0.599739,0.146746,1.534589,0.750499,0,0,0,0
0.190587,-0.628006,-1.150956,-0.949311,-1.377533,-0.495318,0.378420,0,1,0,0
0.658918,-0.739095,0.185433,-0.836293,0.072802,3.395467,0.018186,0,0,1,0
0.008437,-0.704756,-0.174949,0.352303,0.077275,-0.158041,0.196250,0,0,0,1
0.366938,-0.248229,-0.680326,-0.452645,-0.551311,-0.467362,1.178929,0,0,0,0
0.381489,-0.173222,-0.755205,0.199314,-0.463697,-0.386379,-0.477422,0,0,1,0
0.857473,-1.065237,0.714098,0.381256,-0.613944,-0.467369,0.969261,0,0,0,0
0.745094,-0.925385,0.671134,-0.449871,0.091116,0.281546,0.955756,0,0,0,0
0.664979,-0.663452,-0.259666,0.124636,-0.153435,-0.547157,0.149891,0,0,0,0
1.154073,-0.412573,0.507763,-0.454521,-0.827611,0.260133,1.326809,0,0,0,0
0.795769,-0.629626,0.665838,1.190337,-0.925809,-0.317586,1.814558,1,1,0,0
0.779093,-1.141879,0.325541,1.486599,-0.442560,0.171854,0.149945,0,0,0,0
0.792987,-0.780308,0.526134,0.846584,-0.771777,-0.700693,0.685111,1,0,0,0
1.403628,-1.156728,-0.686264,-0.330118,-1.343543,-0.174766,1.124495,0,0,0,0
0.634781,-0.318278,-0.157773,-0.990725,-0.569809,0.681156,1.014631,0,0,0,0
0.627443,-1.226314,-0.181876,0.758819,-0.492190,-0.434090,0.648028,0,0,0,0
0.364490,-0.516591,0.737176,0.270925,-0.719864,2.769334,0.370267,0,0,1,0
0.125214,-0.423622,-0.127816,-0.170555,-0.454671,-0.001139,0.406510,0,0,0,0
0.692329,-0.602302,0.108210,-0.784649,0.348039,1.176653,0.703384,0,0,0,0
0.505085,-0.946569,0.160525,-0.329090,-0.643501,-0.749799,-0.057706,1,0,0,0
1.222451,-0.680864,-0.918198,-0.135605,-0.433040,0.566711,0.730321,0,0,1,0
0.329773,-0.686487,0.414002,0.536413,0.292380,0.143966,0.496091,1,1,0,0
0.536330,-1.172467,0.863936,0.612021,-1.395901,-0.653188,-0.070432,0,0,0,1
0.507247,-0.163949,-0.695256,1.019283,-0.450071,0.259125,0.294242,0,0,0,0
0.716936,-1.452290,-0.279915,-0.947143,-1.170405,-0.483795,1.193712,0,0,0,0
0.432581,-0.278741,-1.735374,-0.177451,-0.974981,0.194637,0.444799,0,0,0,0
0.416381,-0.322607,-0.206302,0.177768,0.009488,-0.357715,0.379500,0,0,0,0
1.040117,-1.040958,-0.538954,-0.622976,-0.663841,0.804651,0.633203,0,0,1,0
0.256202,-0.019420,-1.181444,-0.294220,-0.454460,-0.330154,0.386311,1,0,1,1
0.353648,-0.328255,-0.856683,0.475709,-0.157452,-0.139588,0.582592,0,0,0,0
0.154249,-1.565579,-0.330768,0.371609,-0.552380,-0.832571,-0.400038,0,0,0,1
1.052978,-1.129171,-1.726773,0.478504,-0.212770,-0.277174,0.727167,0,0,0,0
0.582240,-0.189599,-0.469640,-0.104128,0.227625,1.531135,0.590194,0,0,0,0
0.639557,-0.390871,-2.119639,0.493351,-1.729512,-0.466617,0.118540,0,0,0,1
0.747994,-0.189287,-1.305893,0.652292,0.251558,1.210809,0.798529,1,0,0,0
0.324387,-0.595000,-1.535228,0.661430,1.024376,-0.730594,0.588585,0,1,1,0
1.164973,-0.529819,-1.458775,-0.282909,-1.219242,0.939353,0.179845,0,0,0,0
0.450489,-0.563801,-0.676385,0.474439,-0.115636,-0.683896,-0.148935,0,1,0,0
1.388382,-1.090110,-0.851232,-0.549546,-0.507070,0.183629,0.070551,0,0,0,0
0.518547,-0.420805,-0.922976,0.403883,-0.218707,0.070323,-0.063904,0,0,1,0
0.709900,-0.443686,-1.118958,0.803734,-1.755313,-0.170720,-0.041916,0,0,0,0
0.564893,-0.479765,-0.334326,-0.313278,-1.805336,1.270440,-0.502932,0,0,0,0
0.619622,-1.127247,-0.059940,-0.100044,-0.643138,-0.680975,-0.210593,0,0,0,0
0.663590,-0.337550,-0.823089,0.312121,-1.087457,1.126696,0.462879,0,0,0,0
-0.083284,-1.093829,-0.347191,0.111893,-1.668314,-0.829289,-1.101305,1,0,1,0
1.308952,-1.345853,-1.492939,-1.566331,-1.118420,-0.414817,-0.114022,0,0,0,0
0.373130,-0.588440,-1.440753,-0.177688,-0.926274,-0.587426,-0.562799,1,0,1,0
1.017025,-1.286668,-2.549725,-0.667233,-1.822702,-0.300702,-0.734288,0,0,0,0
0.683350,-1.234514,-0.625384,-0.683567,-0.381112,-0.411706,-0.546668,0,0,1,0
1.080401,-1.517208,-1.269780,-0.564164,-1.599399,-0.644617,0.235618,0,0,0,0
0.754203,-1.253629,-1.241244,-0.425866,-0.834163,2.195667,-0.250877,0,0,0,0
0.681614,-1.688980,-0.879358,0.389479,-0.602027,-0.427151,0.104902,0,0,0,0
0.847599,-0.430442,0.486417,-0.138152,-0.418552,1.185392,0.599022,0,0,0,0
0.449742,-0.644313,0.325359,-0.132607,0.123104,-0.511538,0.989373,1,0,0,1
0.331078,-0.174376,-0.394037,0.222646,-0.057501,-0.306085,1.554297,0,0,0,0
-0.094692,-0.309588,1.842703,1.328549,-0.851932,-0.491988,0.012573,0,0,0,0
0.663099,-0.395826,-0.158880,0.885878,-0.910299,-0.297231,1.271239,0,0,0,0
0.276985,0.823343,-0.435317,-0.060037,0.244905,-0.465689,1.028276,0,0,0,0
0.079549,0.603301,0.057978,-0.446292,-0.373381,-0.658446,-0.045315,0,0,0,0
0.549932,0.042443,-0.216691,0.514250,-0.093592,0.595934,1.315717,0,0,0,0
0.080315,1.010859,-0.667132,0.108507,0.562520,-0.756408,0.301930,1,1,1,0
0.325175,0.738168,-0.207183,0.202237,-0.245311,0.363623,0.399666,0,0,0,0
0.186021,0.312306,-0.380668,0.086229,0.593152,-0.077647,1.454738,0,0,0,0
1.266276,-0.430794,-0.002673,-0.625219,-0.781780,-0.325264,0.464234,0,0,0,0
0.097592,0.887971,-0.169511,0.477795,0.053218,0.106114,0.960378,0,0,1,0
0.255516,1.176787,-1.360288,-0.150850,-0.598174,-0.432908,1.086901,0,0,0,0
-0.089582,0.429418,0.997046,0.269534,-0.158707,-0.759628,-0.029252,0,0,0,0
0.460603,0.358019,-0.107818,-0.007537,-0.248378,-0.439263,0.987471,0,0,0,0
0.031230,1.187370,-0.447838,0.669231,-0.409308,-0.584902,1.341719,0,0,0,0
-0.430502,0.287181,0.731094,0.228961,-0.346435,-0.840543,-0.185723,0,0,0,0
0.797664,0.145817,-0.822160,-0.694179,-1.650720,-0.163762,1.485833,0,0,0,0
-0.194888,0.560587,-0.242191,-0.269383,0.174790,-0.550146,1.298273,0,1,1,1
0.441919,0.639070,0.085016,-0.644268,0.415023,0.085582,0.319929,0,0,0,0
0.275700,-0.138915,0.473967,0.379569,0.023568,0.425627,1.337406,0,0,0,0
1.130353,-0.801579,-0.104056,-0.201819,-0.308340,-0.686366,1.212431,0,0,0,0
-0.038607,0.726346,-0.535056,0.209192,0.082942,0.411135,1.086558,0,0,0,0
0.288140,0.153194,-0.225258,-0.146422,0.338422,-0.344943,-0.240832,0,0,0,0
0.369904,0.059157,0.430991,-0.977692,-0.466987,3.206694,0.282822,0,0,0,0
0.187236,0.555468,0.261063,-0.175145,0.848264,-0.267675,1.406686,0,0,1,1
0.188771,0.610378,-0.045473,0.457188,1.229986,-0.567580,0.995616,0,0,0,0
-0.452374,0.315996,1.480285,0.188391,-0.353313,-0.934831,-0.165084,0,0,0,0
0.301098,0.101222,0.418073,1.146055,-1.306869,-0.402873,1.542784,0,0,0,0
0.079183,0.965111,0.194611,0.352595,-0.100674,-0.124928,0.292422,1,1,1,0
-0.174554,0.331142,0.554232,1.238635,-0.568314,-0.483437,-0.454784,0,0,0,0
0.506848,0.458791,-0.077978,0.624379,-0.535859,0.775270,0.055436,0,0,0,0
0.552985,-0.185359,0.586792,-0.490287,0.109627,-0.031407,0.510068,0,0,0,0
0.158762,0.369706,0.230967,0.081893,-0.504861,0.028541,0.281608,0,0,0,0
0.090733,0.466743,-0.687470,0.841069,-0.016883,-0.506270,1.125139,0,0,0,0
1.219870,-0.187080,-0.796862,-0.878902,-0.875901,-0.215379,-0.193342,0,0,0,0
-0.015167,0.169617,0.625749,0.518270,0.426212,-0.356494,1.271043,0,0,1,1
0.232240,1.023303,-0.194484,-0.080375,-0.497027,-0.566149,1.720635,0,0,0,0
-0.156311,-0.263206,1.255947,-0.276941,-0.700692,0.894977,-0.438169,0,0,0,0
0.511006,0.154937,-0.640403,0.478999,-1.172631,-0.388006,1.642588,0,0,0,0
0.140816,0.710390,-1.178651,0.446012,-0.026243,-0.336778,0.080531,0,0,0,0
-0.066857,0.543051,0.014637,-0.931387,-0.728567,-0.704146,-0.164960,0,0,0,0
0.830302,-0.330723,0.020621,-0.508728,-0.960537,2.210055,-0.138208,0,0,0,0
0.197239,0.807917,-0.460216,-0.042124,-0.987819,-0.562756,0.565041,1,0,1,1
0.522227,-0.449927,-0.198824,0.503153,-0.286372,-0.283523,0.092306,0,0,0,0
0.392667,-0.097255,1.167656,0.900128,-1.014014,-0.490670,2.233837,0,0,0,0
0.971644,-0.393241,0.373722,-0.317346,-1.365095,-0.332195,0.600092,0,0,0,0
0.390703,0.147177,1.030990,0.250062,-0.640526,0.338927,0.685700,0,0,0,0
0.331703,0.158319,0.098851,0.202679,-0.172229,-0.062726,-0.275894,0,0,0,0
0.257316,0.368255,0.696713,-0.262066,-0.721812,1.506922,0.053507,0,0,0,0
0.328329,0.813627,-0.546348,0.225172,-0.329586,-0.314219,0.782157,0,0,1,1
0.216818,1.193074,-0.914182,0.674611,0.143553,-0.281922,2.393828,0,0,0,0
-0.381489,-0.060420,1.124675,0.650171,-0.129275,-0.869461,-0.794271,0,0,0,0
0.870988,-0.120960,0.247138,0.469645,-0.314919,-0.106471,1.152896,0,0,0,0
0.431558,0.447492,0.053305,0.724382,0.442444,-0.140826,-0.020341,1,0,1,1
0.323368,0.634597,0.111896,0.029971,-0.437388,-0.470391,0.637313,0,0,0,0
0.593326,-0.038316,0.559292,0.553414,-0.739744,0.814220,0.591384,0,0,0,0
0.847874,-0.259453,0.265074,-0.365118,-0.781880,-0.399422,-0.025242,0,0,0,0
0.287310,0.459865,0.077606,0.317909,-0.307698,0.993096,0.553787,0,0,0,0
0.417638,0.556922,-0.162647,0.026757,-0.790125,-0.401211,0.312882,0,0,0,0
0.845244,-0.232541,0.249719,-1.049211,-0.479142,1.220025,-0.043606,0,0,0,0
0.298765,0.857050,-0.485288,0.295093,-0.271566,0.009112,1.047596,1,0,0,0
0.261654,0.694553,-0.121435,0.182431,-0.021608,-0.171061,2.105892,0,0,0,0
0.025740,0.473293,0.627476,-0.259788,-0.854644,-0.417115,-0.061638,0,0,0,0
0.504911,0.285457,-0.218870,0.195461,-1.022437,-0.525847,1.082286,0,0,0,0
0.256362,0.379777,-0.855315,0.454242,-1.339403,-0.204689,-0.012129,0,0,0,0
-0.228456,0.202229,0.398960,0.555547,-0.312217,-0.868912,-0.145292,0,0,0,0
0.372903,0.033168,-0.091547,0.149024,-0.986265,0.856690,2.127281,0,0,0,0
0.145461,0.881560,-0.228633,0.872499,-0.450366,-0.160555,0.244074,1,1,1,0
0.485367,0.462419,-0.524220,-0.147911,-1.139410,-0.169428,0.724837,0,0,0,0
0.246776,0.607580,-0.544181,1.048818,-0.445038,-0.402616,1.978277,0,0,0,0
1.192090,-0.537337,-0.369651,-0.913482,-1.041296,-0.240512,0.439728,0,0,0,0
0.318165,0.442999,-0.494360,0.244268,-0.078054,0.398682,0.792012,1,0,1,0
0.446158,0.362438,-0.410162,-0.200592,-0.276714,-0.524788,0.294951,0,0,0,0
0.256635,-0.404863,0.107857,-0.334188,-0.295023,2.662867,-0.510385,0,0,0,0
0.397744,-0.032911,0.134218,0.623704,0.479478,-0.539481,1.755846,0,0,0,0
0.396208,0.566250,-0.065158,0.868388,-0.135256,-0.367620,1.427299,0,0,0,0
0.698223,-0.284056,1.076116,-0.680016,-0.629794,-0.675186,0.504108,0,0,0,0
1.125284,0.058132,-0.099607,-0.824335,-0.882000,-0.293083,1.226701,0,0,0,0
0.564127,0.019144,1.403325,-0.190919,-0.775012,-0.378368,0.970787,0,0,0,0
-0.243034,0.923835,1.626796,0.397840,-0.055010,-0.337260,0.864858,0,0,0,0
0.741333,0.251850,0.464975,-0.057806,-1.510754,0.967305,0.619885,0,0,0,0
0.653635,0.046403,1.417023,-0.592211,-0.886515,-0.247322,0.479163,0,0,0,0
-0.153095,1.084991,0.133190,-0.793069,-0.740851,-0.388666,0.353333,0,0,0,0
0.735834,0.266464,0.469832,-0.369897,-0.546779,-0.544027,0.502837,0,0,0,0
0.614663,-0.207096,0.273980,0.080424,-1.102730,-0.171896,1.863706,0,0,0,0
0.608388,-0.428730,-0.181330,0.242335,-1.488220,-0.267913,-0.034445,1,0,1,1
1.234925,-0.448193,-0.384028,-0.088378,-0.902084,-0.277048,0.970802,0,0,0,0
0.150618,-0.846667,1.561121,0.508025,-0.590567,-0.848165,-0.164100,0,0,0,0
1.033873,-0.742019,0.516586,0.414160,-1.172078,-0.558039,0.762991,0,0,0,0
0.823640,-0.321053,1.174318,-0.285644,-0.567909,-0.119389,0.131873,0,0,0,0
0.433705,-0.250166,0.418874,0.454945,-1.621580,-0.547461,0.201385,0,0,0,0
0.816116,-0.529621,0.656703,0.416051,-1.690914,0.546704,0.906665,0,0,0,0
0.620512,-0.570919,0.601592,-0.062394,-1.023898,-0.067769,-0.100676,1,0,1,1
0.728922,0.070949,-0.282869,0.628729,-1.356458,0.415809,0.156496,0,0,0,0
0.508028,-0.055812,0.467266,0.617430,-0.481180,-0.538823,1.180714,0,0,0,0
1.131619,-0.699927,0.384778,0.105308,-1.065959,-0.409711,0.400779,0,0,0,0
0.606065,0.130631,0.323475,0.429048,-0.247803,0.770800,0.731934,0,0,1,1
0.802261,-0.434591,0.298973,-0.051215,-0.274630,-0.536051,1.112667,0,0,0,0
-0.059421,-0.238073,1.984350,0.681461,-0.007650,0.875769,-0.055229,0,0,0,0
0.571974,-0.090573,0.314858,0.300640,-0.647991,-0.229644,0.862046,0,0,0,0
0.692090,-0.147725,0.140276,-0.147201,-0.196990,0.264339,0.294990,0,0,0,0
0.164318,-0.026358,0.548011,1.261755,-0.692511,-0.814828,-0.010255,0,0,0,0
0.833687,-0.734425,0.333254,0.101025,-0.775670,0.198120,1.098530,0,0,0,0
0.692666,-0.125424,-0.223049,0.336468,-0.610704,-0.114299,0.271680,1,1,1,0
0.395661,-0.053129,0.675100,0.105679,-1.076643,-0.497014,0.338699,0,0,0,0
0.689168,-0.464156,0.483846,-0.050377,-0.946693,-0.382646,0.906505,0,0,0,0
0.997867,-1.215643,-0.049169,-0.142086,-1.396975,-0.249655,0.051416,0,0,0,0
0.626566,-0.092811,-0.689806,0.169863,-1.205627,0.381256,0.928067,0,0,0,0
0.594813,-0.383481,0.451835,-0.222368,-0.673795,-0.272555,0.970139,0,0,0,0
0.846586,-0.565562,-0.269468,0.387374,-1.539073,0.652341,-0.248770,0,0,0,0
0.720731,-0.843838,0.781893,0.580231,-0.490372,-0.204132,0.320361,0,1,1,0
0.850294,-0.389060,0.711031,0.729906,-0.404855,-0.430998,0.738007,0,0,0,0
0.104659,-0.491042,0.261271,1.316827,-0.834964,-0.860828,-0.166601,0,0,0,0
0.964577,-0.984610,1.146424,0.420179,-1.174444,0.045573,0.395026,0,0,0,0
0.421162,-0.204976,0.438918,1.374814,0.050531,-0.220515,0.607552,0,0,0,0
0.332645,-0.207333,1.106964,0.756983,-0.087569,-0.591346,0.429650,0,0,0,0
0.778927,-0.633047,0.593474,0.427577,-0.573776,0.873724,-0.114459,0,0,0,0
0.510576,-0.403947,1.032146,1.009691,0.263954,-0.695013,0.584709,0,0,0,0
0.633185,-0.257926,0.225203,1.301144,-0.071798,0.750199,0.868490,0,0,0,0
0.607881,-0.494117,0.075302,0.843759,-0.983710,-0.534709,-0.043789,0,0,0,0
0.930717,0.318506,-0.339840,-0.320474,-1.978559,0.405713,0.218419,0,0,0,0
0.581478,-0.428936,0.363070,0.159593,-1.151750,0.024756,0.595579,0,1,0,0
0.508419,-0.462617,-0.270509,0.414264,-0.655783,-0.526472,0.059028,0,0,0,0
0.151305,-0.396870,0.043623,0.748543,-1.235189,-0.444166,-0.723802,0,0,0,0
0.736874,-0.402274,0.278784,0.807973,-0.584363,-0.383916,0.442462,0,0,0,0
0.558503,-0.516320,0.288506,0.500853,0.152428,-0.317605,0.675376,0,0,0,0
-0.237054,-0.191320,1.200464,0.015963,-1.036411,-0.947377,-0.137568,0,0,0,0
0.950248,-0.879713,0.417519,0.130526,-1.040860,-0.079881,0.025118,0,0,0,0
0.644173,-0.179770,0.470689,0.193468,-0.312775,-0.134808,0.434041,0,1,1,1
0.458433,0.118850,-0.695264,0.775518,-1.446198,-0.274181,0.282055,0,0,0,0
0.652760,-0.178052,0.719542,0.682706,-0.611962,-0.648748,0.025989,0,1,0,0
1.199074,-0.731193,0.569287,-0.454374,-1.633969,-0.284767,1.340771,0,0,0,0
0.716444,-0.162242,0.465644,0.815911,-1.071783,0.636514,0.626532,0,0,0,0
0.679249,-0.230116,0.060232,1.295804,-0.863902,-0.591196,0.328268,0,0,0,0
1.175076,-0.658075,0.587351,0.208778,-1.016867,-0.073329,1.104165,0,0,0,0
0.672552,-0.391845,0.363081,0.307123,-0.493678,0.070907,0.430412,0,0,0,0
0.608764,-0.251366,0.362966,1.532668,-0.244043,-0.711986,0.116019,0,0,0,0
0.811653,-0.162668,-0.111499,0.981045,-1.245791,-0.275304,1.048122,0,0,0,0
0.819408,-0.014967,0.246399,0.793093,-0.647261,0.984769,0.949995,0,0,0,0
0.704024,-0.228149,0.596587,0.598821,-0.312569,-0.719539,0.072696,0,0,0,0
0.767394,-0.415856,1.090274,0.272377,-0.567388,-0.319404,0.958875,0,0,0,0
0.578496,-0.187956,0.295597,1.164645,-0.439012,0.694805,0.653339,0,0,0,0
0.613825,0.015602,0.091006,0.955652,-0.690608,-0.659196,0.407704,0,0,0,0
1.214269,-0.868421,0.541815,0.503799,-0.667812,-0.271879,0.543254,0,0,0,0
0.814315,-0.552898,-0.076557,0.417968,-1.023361,0.086198,0.810100,0,0,0,0
0.897389,-0.705824,0.327018,0.412573,-0.908501,0.648593,0.356465,0,0,0,0
0.630491,-0.288143,0.364277,0.497405,-0.535506,-0.084727,1.431041,0,0,1,1
0.398507,-0.148279,0.517781,0.927936,-0.953584,-0.488643,0.158231,0,0,0,0
0.943317,-0.531479,-0.230159,0.229115,-2.086519,1.286976,0.127480,0,0,0,0
0.646454,-0.334776,0.203591,0.145708,-1.046758,-0.304165,0.710620,0,0,0,0
-0.119203,-0.153741,0.111784,1.339061,-0.577229,-0.798205,-0.084394,0,0,0,0
1.113806,-0.387985,-0.931982,0.317169,-2.233333,-0.616930,1.055225,0,0,0,0
0.751678,-0.221323,-0.191160,0.639073,-0.196769,-0.327063,0.646558,0,0,0,0
0.169374,-0.199534,0.038888,0.498393,-1.842874,-0.299911,-0.387196,0,0,0,0
0.624679,-0.243176,-0.308859,0.718247,-1.322227,-0.441656,1.029134,0,1,0,1
0.717261,-0.284666,0.533964,0.515564,-0.717290,-0.414805,0.101482,0,0,0,0
0.418280,-0.767619,0.390649,0.607122,-0.874119,1.653797,-0.114776,0,0,0,0
0.507275,-0.207283,-0.050757,1.329051,-1.525217,-0.279997,0.115442,0,0,0,0
0.538598,-0.047618,-0.296595,1.807288,-1.220291,-0.701924,0.447641,0,0,0,1
0.709899,-0.340646,0.521246,1.226328,-0.964182,-0.346277,0.344221,0,0,0,0
0.923039,-0.310099,-1.432973,0.222589,-1.964214,-0.111751,-0.123385,0,0,0,0
0.785781,-0.500376,0.129926,0.813861,-0.587790,1.445481,0.246309,0,0,0,0
0.309787,0.350228,-0.804545,1.489330,-0.177130,-0.233664,0.179252,0,0,0,0
0.070525,-0.349826,-0.048081,0.936592,-1.682374,-0.852532,-0.445692,1,0,0,1
0.726511,-0.142929,0.659403,0.804227,-0.734257,-0.399618,0.617611,0,0,1,0
1.013106,-0.397295,-0.731649,0.157411,-0.896693,-0.404039,0.243905,0,0,0,0
0.341760,-0.963650,0.157312,0.491655,-0.396445,2.218187,-0.334605,0,0,0,0
0.504933,0.090881,-0.068955,0.521734,-1.269407,-0.164809,-0.101855,0,0,0,0
0.492935,-0.157476,0.446850,1.198736,-0.505458,-0.769159,0.210293,1,0,0,0
0.433824,0.050362,0.784275,1.327333,-0.350300,-0.495645,0.800563,0,1,1,1
0.155756,-0.022952,1.706022,0.113659,-1.022923,-0.194792,0.383404,0,0,0,0
-0.134902,-0.091559,1.910260,1.021663,-1.373953,-0.400368,0.981797,0,0,0,0
-0.220597,-0.349683,1.952774,0.812422,-1.224174,-0.174608,-1.030774,0,0,0,0
-0.457964,-0.152706,0.472469,1.826635,-1.712696,-0.269143,-1.529796,0,0,0,0
-0.422585,-0.281476,0.338162,2.269511,-0.714796,-0.105097,-1.289804,0,0,0,0
-0.400447,-0.287723,-0.679914,2.583564,-1.396996,-0.113261,-0.974275,0,0,0,0
0.984378,-0.249211,-0.728071,-1.249915,-1.470752,0.262669,-0.613189,0,0,0,0
-0.116422,0.002004,1.545723,-0.081940,-1.364286,-0.259201,-0.138806,0,0,0,0
-1.790618,3.073870,0.173797,-0.555649,2.434240,-0.774935,0.499610,0,0,0,0
-0.106000,-0.434053,1.133970,1.295875,0.472105,-0.363033,0.108417,0,0,0,0
-0.239450,-0.468253,1.778441,0.370369,-0.168143,-0.356359,0.774985,0,0,0,0
0.904435,-0.167728,-0.437652,-0.626996,-0.751806,1.665285,-0.062547,0,0,0,0
-0.075595,-0.411513,1.775983,0.100230,-0.288392,-0.271191,-0.281774,0,0,0,0
0.208607,-0.454413,1.209794,0.983935,-0.075736,-0.940615,-0.534476,0,0,0,0
0.526093,-0.049355,1.556779,-0.180573,-0.127547,-0.194863,1.421997,0,0,0,0
0.387531,-0.784265,1.431427,0.345378,0.225920,0.001890,0.184758,0,0,0,0
1.352466,-0.856131,-0.444989,0.127308,-1.067950,-0.099718,0.100243,1,0,0,0
-0.424489,0.093309,0.528165,1.791790,-0.090231,-0.321844,0.749643,0,0,0,0
-0.695142,-0.340855,1.317826,0.575938,-0.285211,-0.938818,-0.878789,0,0,0,0
-0.581943,0.532513,-0.489699,1.853492,1.250092,0.014505,1.076217,0,0,0,1
0.098725,-1.014031,-0.488382,0.206628,-0.836238,-0.017824,-0.495497,0,0,0,0
0.643161,-0.703788,-0.624796,1.070284,-0.902123,-0.228941,0.768800,1,0,0,0
0.146483,-1.094578,-0.321307,1.145132,1.160543,0.119863,2.322585,0,0,0,0
0.579465,-0.281161,0.348295,1.493345,0.729924,0.072264,1.377038,0,0,0,0
0.094044,-1.012607,-0.419178,1.364850,0.564626,-0.398840,0.735048,0,0,1,0
0.091248,-1.334096,-0.222818,1.468760,1.371805,-0.151061,0.235503,0,0,0,0
0.854818,-0.620105,-1.546240,-0.544274,0.502973,-0.861236,0.905380,0,0,0,0
0.176197,0.306478,-2.256248,1.127934,1.267326,0.601848,0.598044,0,0,0,1
-0.901916,-0.795079,1.536904,2.239769,0.366656,-0.329838,-0.072569,0,0,0,0
-0.151483,0.379014,-2.977692,0.726696,1.505447,-0.338039,1.469509,1,0,1,0
-0.369468,-0.546422,-0.229928,1.417562,0.660190,-0.163422,1.648745,0,0,0,0
0.878675,-0.931659,-1.661153,-0.620526,-1.163346,-0.503503,0.464592,0,0,0,0
0.109379,-0.155035,-2.813763,0.526737,0.316278,2.890559,1.030953,0,0,0,0
0.138514,-0.058779,-3.037831,0.554910,-0.015807,0.205771,1.446101,0,0,0,0
-1.649970,-0.212455,1.326784,0.174647,0.317177,-0.763957,-0.656070,0,0,1,0
-0.653268,-0.442054,-1.235519,0.393732,0.640666,-0.569078,0.860585,0,0,1,0
0.796923,-1.190464,-1.089267,-0.764692,-0.162940,-0.498146,1.723667,0,1,0,0
-0.593833,-0.285303,0.603736,2.623497,1.854721,-0.080665,0.272313,0,0,0,0
0.191190,-0.279555,-1.879361,3.298809,1.323342,1.451331,0.958418,0,0,0,0
-1.084739,0.935064,0.310935,1.235863,1.568033,-0.247139,0.169413,1,0,0,1
-0.286719,0.933772,0.250439,0.733861,0.876245,-0.176743,0.211953,0,0,0,0
-0.008911,0.540947,-0.282355,2.175859,-0.283007,-0.599688,1.236455,0,0,0,0
-0.421040,0.547934,-0.003371,1.548016,0.966736,-0.271090,-0.710657,0,0,0,0
0.339199,0.451367,0.485158,1.770017,0.101380,0.956056,1.065300,0,0,0,0
-0.635336,0.206149,0.315686,2.542059,0.464777,-0.877887,0.789726,0,0,0,0
-1.059109,0.136472,0.281721,1.341000,1.066799,-0.678128,-0.059053,0,0,0,1
0.395534,-1.096150,0.383280,1.216167,0.573036,-0.407860,-0.068936,0,0,0,0
0.866330,-0.331207,-1.447922,-0.087938,-1.425307,-0.796664,-0.543404,0,0,0,0
0.356186,-0.840545,-0.724565,1.710394,-0.023267,1.412221,0.346599,0,0,0,0
0.187036,-1.207965,-0.161541,1.272281,1.286775,-0.302813,2.241809,0,0,0,0
-0.046802,-1.059662,-0.665662,2.202381,0.574776,-0.629954,0.782068,0,0,1,0
0.251225,-1.326621,-0.537003,1.733935,0.996229,-0.069219,0.591532,0,0,0,0
0.114177,-1.109375,-1.181890,1.510102,0.352809,-0.304230,0.544822,0,0,0,0
-0.239615,0.139331,-0.138384,2.256585,2.547673,2.159667,0.505439,0,0,1,0
-0.217793,0.334148,-2.289173,2.304164,2.655624,-0.410323,0.389684,0,0,0,0
-1.170871,-0.679163,-0.179969,0.498795,1.464633,-0.798267,-0.385221,0,1,0,0
0.347157,-1.323056,-1.468792,-0.691019,0.774405,-0.442116,1.461978,0,0,0,0
0.298061,0.523148,-1.217966,0.561026,1.037844,-0.927619,0.800160,0,0,0,0
-0.366001,-0.625148,0.462202,1.856108,-0.736068,3.817217,-0.397943,0,0,0,0
-0.513657,-0.171957,-1.835431,2.228526,2.743253,-0.557795,0.550660,0,0,0,0
-0.298729,0.186612,-0.967530,1.154495,2.961890,-0.611868,1.597934,1,0,0,0
0.023155,-1.640743,-1.988569,0.705396,1.393124,-0.459314,0.611438,0,0,0,0
0.728379,-0.317902,-1.253679,0.863647,0.503681,0.301666,0.444692,0,0,0,0
0.954520,0.014603,0.384020,-0.198563,1.149757,2.455712,1.419810,0,0,0,0
0.480313,-0.433543,0.914739,0.088624,1.239056,-0.244372,0.062130,0,0,0,0
-0.526662,0.227813,1.554136,1.649581,1.259244,-0.715578,0.102480,0,1,0,0
0.444746,-0.699982,0.337353,0.259825,0.776684,-0.579921,0.703592,0,0,0,0
0.646918,-0.209034,0.872688,0.882513,-0.383275,-0.132613,0.591830,0,0,0,0
0.534261,-0.530589,1.375436,0.292313,0.335389,0.507479,1.414783,0,0,0,0
-0.180476,-0.614625,0.309866,0.821702,0.333400,-0.484133,-1.338866,0,0,0,0
0.642252,-0.277418,1.099920,0.941908,0.393573,-0.555207,0.889833,0,0,0,0
0.516748,-0.388758,1.604035,0.127682,-0.103622,-0.303273,1.120447,1,1,0,0
0.269263,-0.049916,0.870180,0.785310,0.356897,-0.262311,0.466424,0,0,0,0
0.260754,-0.401796,0.300191,1.995359,0.365408,0.904878,0.873585,0,0,0,0
-0.923771,0.376816,1.774293,0.130359,0.224437,0.072217,-0.665178,0,0,0,0
-0.017743,-0.966059,-0.467533,0.809081,0.280892,-0.240944,0.785216,0,0,1,0
-0.525655,-0.521950,1.821071,0.473840,0.993669,-0.308975,2.140517,1,1,0,0
0.012631,-1.081489,0.054315,1.653987,0.750397,-0.550762,0.768042,0,0,0,0
0.223568,-0.942297,-0.495623,2.311620,0.014960,0.343924,-0.331075,1,0,0,0
0.144985,-0.972441,-0.239608,1.693073,0.773194,-0.217732,0.649747,0,0,0,0
-0.331402,-0.373439,-1.423970,-0.467967,0.488050,-0.660933,-0.607792,0,1,0,0
-0.812370,-0.350674,-0.465249,0.192074,1.046138,-0.200563,-0.173525,0,0,1,1
-0.327663,0.250413,-1.202451,0.150614,0.194947,-0.535654,0.294057,0,0,0,0
1.237632,-0.356405,-0.731717,0.364506,-0.243602,0.182673,1.534229,0,0,0,0
-0.126246,0.378067,-2.456712,1.372100,1.145945,1.730151,0.072058,0,0,0,0
-1.164778,-0.987352,1.374552,1.747412,-0.300596,-0.776869,-0.730176,0,0,0,0
-0.681845,-0.001182,-1.227488,-0.710349,1.916361,-0.334053,1.373600,1,0,0,0
0.186625,-0.620775,-0.856655,-0.800130,-0.460430,-0.555672,1.555354,0,0,0,0
0.615999,-0.327915,-1.556902,1.479599,-0.008164,-0.035376,0.626050,0,0,0,0
-0.014561,0.538445,-3.080175,0.691332,0.533620,2.044456,2.127485,0,0,0,0
0.527000,-0.022210,-0.967555,2.835287,-0.514834,-0.301949,0.733197,0,0,0,0
-1.608677,-0.031675,1.737591,1.645840,1.454892,0.027201,0.416674,0,0,0,1
-0.524922,-0.378493,-0.831695,3.466992,0.500161,-0.382230,-0.104737,0,0,0,0
1.235178,-0.839558,-0.748198,-0.984995,-0.622186,-0.384969,0.768674,0,0,0,0
0.145606,-0.404103,0.309889,1.163607,-0.006951,0.533740,0.695467,0,0,0,0
0.116237,-0.602058,0.531085,0.842425,-0.024194,-0.632079,1.167629,0,0,0,0
-0.151505,-0.804044,0.077575,0.160376,0.750814,-0.428527,-0.908363,1,1,1,0
-0.539281,-1.405230,1.088245,1.598208,0.195142,-0.528118,-1.627573,0,0,0,0
1.158664,-0.951446,-1.065912,-0.838936,-1.749491,-0.340935,-0.902016,0,0,0,0
-0.246465,0.049302,-0.723852,1.378743,0.337898,1.090955,0.546455,0,0,0,0
-0.662402,-0.703447,0.770607,1.342257,0.320489,-0.522108,0.913852,0,0,0,0
-0.656642,0.181607,0.801213,1.804534,0.740706,-0.714966,-0.510050,0,0,1,1
-0.191319,-0.124651,-0.457230,1.146928,0.074218,-0.701021,-1.023900,0,0,0,0
1.267731,-0.956808,-0.202331,-0.462576,-0.124715,-0.501558,1.118663,0,0,0,0
-1.026880,-0.585856,0.656871,1.316203,0.635872,-0.590967,-2.081318,0,0,0,0
-0.807588,-1.275077,0.707575,0.887831,-0.677327,-0.680258,-1.763939,0,0,0,0
-1.326143,-0.898327,0.711582,0.398268,0.494259,-0.310612,-2.389719,0,0,1,1
-1.111364,-1.420509,2.129482,0.481652,-0.430013,-0.504908,-2.091140,0,0,0,0
1.024124,-0.931336,-1.896351,-1.365967,-2.304866,0.151409,-0.901931,0,0,0,0
0.010150,0.356226,0.426043,1.362483,0.555851,0.860790,1.411310,0,0,0,0
0.283588,0.314752,0.929579,1.050363,-0.042662,-0.026522,1.420198,0,0,0,0
-1.455395,0.299680,0.694821,0.837444,0.646340,-0.666519,-1.812729,1,1,0,1
-0.437763,-0.414419,0.499893,0.466457,0.099943,-0.391616,-0.208542,0,0,1,0
0.553117,-0.405385,0.949414,-0.022429,-0.151705,-0.569004,1.201462,0,0,0,0
-0.085944,0.339576,0.213696,0.699345,-0.176792,5.461848,-0.377158,0,0,0,0
-0.141212,0.202868,-0.075764,2.246800,-0.184550,-0.212092,1.446031,0,0,0,0
-0.414759,0.423168,-0.757440,1.926606,0.649152,-0.558298,0.858539,1,0,1,1
-0.513415,-1.597841,-0.163398,1.967370,-0.363820,0.071683,-1.644567,0,0,0,0
0.879376,-1.172955,-1.259293,-1.099568,-1.822090,-0.278864,-0.654783,0,0,0,0
-0.498150,-0.644671,-0.203012,4.025313,0.001788,-0.578806,-0.047518,0,0,0,0
0.009782,-1.207464,0.538856,0.663401,0.077457,0.154667,-0.253442,1,0,0,0
0.610143,-0.130808,1.455952,0.186599,-0.283497,-0.097773,1.365499,0,0,0,0
0.315593,-0.862883,1.871396,0.613523,0.333102,-0.127542,0.433895,0,0,0,1
0.745213,-1.240054,0.051095,0.383681,-0.532382,-0.398361,-1.081604,0,1,0,0
-0.310635,-0.343964,-0.761349,2.737012,1.108114,0.483520,0.907299,0,0,0,0
0.090543,0.027374,-0.858190,4.212208,-0.264786,1.209057,0.498971,0,1,0,0
-0.754013,0.181213,-0.831607,2.837742,1.744766,-0.308852,1.547281,0,0,0,0
-1.071885,-1.358543,1.607017,0.981154,1.493976,0.516655,0.419063,1,0,0,0
-0.399998,-0.972388,-0.498317,2.158534,-0.218134,-0.202322,0.377239,0,1,0,0
-0.050872,-1.336922,-0.560782,1.694401,1.822799,0.199865,0.898929,0,0,0,0
-0.074097,-1.338743,-0.749645,1.385509,1.881881,2.641140,0.152631,0,1,0,0
-0.113288,-1.390882,-0.388641,1.616392,1.112772,-0.138230,0.719524,0,0,0,0
-0.105569,-1.711445,-0.564029,1.606090,1.980393,-0.227638,0.277425,0,0,0,0
-0.325974,-1.338787,-1.201069,-0.799960,-0.843623,-0.514213,0.961163,0,0,0,0
-4.738515,0.436848,6.202687,-0.474007,2.422992,-0.805218,0.043833,0,0,0,0
-5.113112,0.666318,6.495726,-1.119244,2.840226,-0.304010,1.033763,0,0,0,0
-2.715004,-0.836119,3.641048,1.419963,1.463464,2.502780,-1.288785,0,0,0,0
0.876619,-0.898700,0.228657,0.351991,0.617965,-0.627186,0.249099,0,0,0,1
0.720186,-0.854729,0.445571,-0.023938,-0.808259,-0.001302,0.509432,0,0,0,0
0.725508,-0.382745,-0.805879,0.961784,-0.123894,0.106475,0.450011,0,0,0,0
0.599450,-0.621756,-0.959121,-0.128167,0.817441,1.269746,0.933018,0,0,0,0
-0.580750,-0.371808,1.620480,0.316073,0.418328,-0.523830,-0.359494,0,0,0,0
0.274484,-0.093412,-2.383035,0.376271,-0.081565,-0.831358,0.991507,0,1,0,0
-0.002276,-1.042016,-0.360870,-0.072969,0.454187,-0.216729,1.962265,0,0,1,0
0.302613,-0.485721,0.062055,1.515484,0.305259,-0.135006,0.354509,0,0,0,0
0.286775,-0.107662,-1.134991,2.997768,0.444259,2.937468,1.156236,0,0,1,0
-0.679346,0.697241,0.313820,0.937643,0.473078,-0.408060,0.154261,0,0,0,0
-0.376035,0.836709,-0.130064,0.580527,0.311422,-0.792157,-0.259618,0,0,0,0
-0.148402,1.465612,0.190704,0.799079,0.190601,-0.431729,1.354026,1,0,0,0
-0.415732,0.584000,0.243898,1.730195,0.752891,-0.492710,-0.198800,0,0,0,0
0.600518,0.635022,0.389187,1.361894,-0.285208,4.233704,1.053126,0,0,0,0
-0.333923,0.373797,0.664490,2.444006,0.214959,-0.537250,0.969308,0,0,0,0
-0.942862,0.288647,1.584839,2.339911,-0.048135,-0.957965,-0.725347,1,0,0,0
-0.320973,-0.518090,0.269025,2.012171,2.041388,-0.381762,0.480979,0,0,1,0
0.742217,-0.998554,-0.913396,-0.007965,-0.957661,-0.698657,-0.542341,0,0,0,0
0.614145,-0.654351,-0.175168,2.047055,-0.325262,3.241639,0.705760,0,0,0,1
0.090936,-1.285908,-0.184767,1.225940,0.981152,0.018772,2.259436,0,0,0,0
0.375023,-0.329199,0.117292,2.674467,0.534538,-0.350498,1.259032,0,1,0,0
0.160917,-1.297161,-0.183686,1.613042,1.197826,-0.039491,0.866290,0,0,1,0
0.209871,-1.118879,-0.243489,1.510852,1.105148,-0.104823,0.312988,0,0,0,0
1.048293,-0.236617,-1.135684,-0.710244,0.516930,-0.750581,1.174155,0,1,0,0
-0.136404,0.141280,-2.104737,2.146294,2.387178,-0.265655,0.601182,0,0,0,0
-1.432531,-0.945467,0.664432,1.879238,0.182653,-0.835648,-0.575442,0,0,0,0
-0.343914,0.168397,-1.146133,-0.713728,1.621119,-0.605937,1.413457,1,0,1,0
0.020483,-0.224814,-0.521644,0.790883,1.293226,-0.463135,0.995103,0,0,0,0
0.950624,-0.295968,-1.910706,0.301059,-2.168890,-0.290564,-0.222746,0,0,0,0
-0.383354,-0.460882,-1.886562,2.652597,2.882755,1.535871,0.737533,0,0,0,0
-0.247360,-0.136736,-0.991363,1.371835,3.032135,-0.660222,1.441940,0,0,0,0
-0.663823,-0.484505,-1.706230,1.094288,3.440199,-0.201929,0.561800,1,1,0,0
0.049421,0.454157,-2.289929,1.585458,0.429282,-0.438501,0.186888,0,0,0,0
1.162335,-0.285067,-2.137568,-0.101650,-0.101380,-0.506833,1.795137,1,0,0,0
0.125077,0.156022,-1.115494,1.042450,1.722538,0.891494,-0.168441,0,0,0,0
-0.670954,-0.091271,0.670789,2.456952,0.249405,-0.678363,-0.639706,0,0,0,0
-0.389259,0.804197,-1.040248,-0.181343,1.880008,-0.663833,1.054582,1,0,1,1
0.348190,-0.234042,0.873957,0.688160,-0.379320,-0.283488,0.343438,0,0,0,0
0.587248,-0.228466,0.822225,1.288968,-0.614279,-0.695060,1.548052,0,0,1,0
0.020022,-0.581954,0.056819,0.665890,-0.207780,-0.224236,-1.113743,0,0,0,0
0.233690,0.124060,0.091343,1.567447,-0.015755,-0.254956,0.518852,0,0,0,0
-0.199587,0.270331,0.770774,1.391068,-0.397641,-0.551174,2.030008,0,1,0,0
-0.085458,-0.097143,0.696531,1.967276,0.957733,-0.557351,-0.076894,0,0,0,0
1.092039,-0.788873,-0.482181,-0.705607,-0.425045,-0.253343,0.987538,0,0,0,0
0.258311,-0.553763,-0.053141,1.228193,0.615556,2.770977,0.436759,0,0,0,0
0.227127,-1.099220,-0.655576,1.490218,0.368099,-0.092046,0.877244,0,0,0,0
0.126348,-1.121725,-0.248321,1.121896,0.587643,-0.414587,1.272058,0,0,1,1
-0.402836,-1.461546,-0.185682,0.677126,0.661534,-0.088763,-0.391414,0,0,0,0
0.389177,-1.044425,-0.900178,1.391105,-0.092432,-0.387106,-1.030270,0,0,0,0
0.206196,-1.120115,-0.405953,1.235084,0.763767,0.173911,0.885356,0,0,0,0
-0.589304,-2.433304,1.631070,2.713505,1.189065,-0.321830,0.051271,0,0,0,0
0.442304,-0.793719,-1.587710,0.615498,-0.100091,0.022516,1.373172,0,0,1,0
-0.269778,-0.748458,-0.295890,1.565479,-0.583745,-0.596573,1.195079,0,0,1,0
1.130501,-1.180247,-0.877976,-0.251191,-1.205002,-0.211172,0.364226,1,0,0,0
0.391129,-0.490777,-1.366754,0.780476,1.148450,2.771800,1.410642,0,0,0,0
0.163795,-0.615544,-2.887772,0.163109,0.456240,0.239761,1.851049,0,0,0,0
-0.010887,-0.364628,-3.279005,0.068395,0.171529,-0.373819,0.252792,0,1,1,0
-1.670503,-0.989447,0.327016,1.448253,0.072872,-0.594678,0.002046,0,0,0,1
0.203062,-0.397576,-1.757625,1.164083,-0.501799,0.034597,1.528869,0,0,0,0
0.335729,-0.293843,-2.654018,0.448038,0.149248,-0.865328,1.335121,0,0,0,0
-0.012321,0.453221,0.294266,1.694955,-0.411366,1.576863,0.941068,0,0,0,0
-0.731395,-0.009323,0.591518,3.063598,1.467355,-0.684126,1.290704,0,0,0,0
-0.390368,-0.745540,-1.072099,3.852426,0.306398,-0.067416,-0.301817,0,0,0,0
0.822550,-1.353007,0.510044,-0.524900,-0.654150,-0.712621,1.137323,0,0,0,0
0.228233,-0.959629,-0.098409,1.028597,-0.088856,-0.248727,0.441694,0,0,0,0
0.191198,-1.124447,0.499430,1.052017,0.268934,0.926744,0.281167,0,0,0,0
-0.290193,-1.196885,-0.269789,0.798444,0.578787,-0.294481,1.341975,0,0,0,0
-0.655744,-1.404714,1.081162,2.106185,1.445546,0.022895,-0.125090,0,0,0,0
0.577032,-1.232153,0.131200,0.052540,-0.074343,-0.392384,1.181046,0,0,0,0
0.222049,-1.240994,-0.074210,1.197779,0.977267,-0.662060,1.249040,0,0,0,0
-0.094349,0.553557,1.540271,1.130191,-0.844699,2.105951,0.535530,0,0,0,0
0.119151,-1.122264,0.023132,1.412927,-0.470577,-0.731293,-0.386206,0,0,0,0
0.124430,-1.216601,0.577163,0.584589,-0.212868,-0.589695,0.002837,0,0,0,0
0.827503,-1.342596,-0.201441,0.050193,-0.192390,-0.547057,0.678555,0,0,0,0
-0.653716,-1.097385,-0.009963,1.520008,-0.456990,-0.647435,0.061590,0,0,0,0
-0.306448,-0.317152,-0.025494,2.113367,-1.038398,3.158730,0.173726,0,0,0,0
-0.757536,-0.727450,1.868759,1.933589,0.284035,-0.151202,-0.789600,0,0,0,0
-0.365735,-1.034771,1.438053,2.162673,0.084611,-0.659331,0.296075,0,0,0,0
0.302141,-1.552054,0.486677,-0.490039,-1.325911,-0.151819,1.142909,0,0,0,0
0.119915,-1.152588,0.723875,1.131019,0.289991,-0.589024,0.117065,0,0,0,0
0.472733,0.300585,0.815277,0.575305,-0.495608,2.274058,0.673078,0,0,0,0
-1.126525,-1.279995,0.271212,1.740482,-0.312274,-0.579572,-2.065776,0,0,0,0
0.454297,-0.965516,1.341018,1.303046,-0.065627,-0.614482,0.451021,0,0,0,0
0.391306,-1.499239,0.494162,0.743569,-0.094989,-0.335527,0.792241,0,0,0,0
1.231060,-0.942532,-0.192682,0.116782,-0.820340,-0.397067,0.752366,0,0,0,0
0.614097,-0.338858,1.422719,1.143572,-0.755712,2.581941,1.717564,0,0,0,0
0.279972,-0.540728,1.315063,1.724486,0.047906,0.115759,1.549436,0,0,0,0
0.175891,-1.351973,1.267371,2.481939,0.037133,-0.575413,0.297054,0,0,1,0
0.002721,-1.876694,-0.133684,0.875182,-0.213792,-0.048715,1.507093,1,1,0,0
1.070591,-1.128591,-0.804516,0.164445,-1.859362,-0.558359,0.401598,0,0,0,0
0.483479,-0.797106,1.260159,0.439667,-0.333003,3.609133,0.220764,0,0,0,0
0.461828,-1.262428,1.167280,1.571038,0.805378,0.191970,1.188410,0,0,0,0
0.454215,-1.061661,1.087268,1.198311,-0.084994,-0.617368,1.943376,0,0,0,0
0.729791,-1.002059,0.751176,1.076953,0.153370,-0.307662,1.085602,0,1,1,0
0.500490,-1.077508,0.678308,1.309291,0.434128,-0.306096,0.523558,0,0,0,0
1.241624,-0.308463,-0.041609,-0.379220,-1.323838,0.629963,0.752119,0,0,0,0
0.385231,-0.193991,0.553373,1.362391,0.568554,0.333606,2.206379,0,0,0,0
0.639917,-0.671552,0.303277,0.342863,-0.277691,-0.567675,1.573515,1,0,0,1
0.002677,0.067575,0.784711,0.642763,-0.233367,-0.553373,0.456201,0,1,0,0
0.543943,-0.503749,-0.106003,0.994508,-0.097607,-0.148290,1.616325,0,0,0,0
1.528394,-0.621300,0.001371,-0.179035,-0.313620,0.316921,1.052570,1,0,0,0
0.487604,-0.773266,-0.139131,0.795128,0.360449,-0.471976,1.004778,0,0,0,0
0.399283,-0.836613,-0.218642,0.833284,0.331406,-0.481599,0.300880,0,0,0,0
0.532180,-0.645293,-0.542361,0.288105,0.232636,0.095252,0.970505,0,0,1,0
0.172889,-0.516389,1.005870,-0.373438,-0.489769,-0.113028,-0.896819,0,0,0,0
1.309270,-0.554622,-1.581191,-0.905963,-1.426311,0.137973,-0.427501,0,0,0,0
0.525683,-0.790476,0.972575,1.100950,0.977145,0.656007,1.016198,0,0,0,0
0.777326,0.134179,0.914162,1.346051,-0.058722,-0.433268,1.880733,0,0,0,0
0.549158,-0.309035,0.302811,0.787021,0.114036,-0.380015,1.252126,1,0,1,1
0.321906,-0.641055,0.980314,0.427264,0.499982,-0.273324,0.611496,0,0,0,0
1.088975,-0.709885,1.093373,-0.282974,0.057430,0.268704,1.544242,0,0,0,0
-0.061326,0.144555,1.469651,0.442398,-0.015531,0.834317,0.517281,0,0,0,0
0.356652,-0.021840,0.291230,1.686256,-0.507105,-0.498170,2.076705,0,0,0,0
-0.518251,0.767455,0.937782,0.197959,0.221922,-0.447810,-0.194653,1,1,0,0
0.509740,-0.511340,-0.022946,1.550111,0.213100,-0.229512,0.254460,0,0,0,0
1.118670,-0.485641,0.003170,0.019543,0.053063,-0.233302,1.424630,0,0,1,0
0.318445,-0.576155,0.257127,1.279858,0.400871,-0.350650,1.207579,0,0,0,0
0.138632,-0.372958,1.465506,-0.205473,0.249531,-0.763669,0.034013,0,0,0,0
0.447384,-0.118938,-0.490841,1.548834,-0.066862,-0.468598,0.474372,0,1,0,0
0.492112,0.001283,-0.180712,1.746250,0.440519,-0.288704,1.545671,0,0,0,0
1.461896,-0.855477,0.094719,-0.390891,-0.825977,-0.394414,1.072960,0,0,0,0
0.347255,-0.021696,-0.541421,1.773309,-0.563821,-0.459892,0.882653,0,0,0,0
-0.070430,0.472832,0.836129,0.029985,-0.974028,-0.652616,-0.305842,0,0,0,0
0.278421,0.219497,1.098391,0.605057,0.240501,-0.520554,1.877712,0,0,0,1
0.752588,-0.717762,0.336883,0.446719,-0.056317,-0.489320,0.879497,0,0,0,0
1.116994,-0.502434,-0.172483,0.143072,-0.325456,0.030390,0.757287,0,0,0,0
0.506864,-0.742712,-0.230234,0.707375,0.453984,-0.043106,0.825562,0,0,0,0
0.868337,-0.134576,0.642854,0.525048,-0.025508,-0.146761,0.918388,0,0,0,0
0.383252,0.078824,-1.381719,1.102837,-0.487836,-0.115326,1.011848,0,0,1,0
0.361703,-0.162499,0.034202,0.695301,0.160372,-0.568397,0.924542,0,0,0,0
1.015432,-0.933880,0.732837,-0.804614,-0.058415,-0.207400,0.647723,0,0,0,0
-0.017586,0.087407,-0.484674,-1.276378,-1.260207,0.154327,-1.371833,0,0,0,0
0.102692,0.098672,0.802884,-0.192047,-0.745868,-0.352183,-0.374574,0,0,0,1
-0.128433,0.811003,-0.318422,0.548901,0.133739,-0.275954,1.067268,1,0,1,0
0.723257,-0.249654,0.044135,0.064684,-0.652107,-0.574730,0.973501,0,0,0,0
1.236298,-0.887106,-0.447715,-0.519991,-0.139608,-0.178875,0.931334,0,0,0,0
0.703203,-0.051663,-0.530152,0.690647,-0.664754,0.384617,0.979608,0,0,1,0
0.680696,-0.385450,-0.117314,0.882732,0.328362,-0.171428,1.275572,0,1,0,0
0.401474,-0.157233,0.354230,0.265355,0.191366,-0.347481,0.737989,0,0,0,0
-0.203603,0.816572,0.376978,1.421938,-0.232897,-0.417391,0.157790,0,0,0,0
1.154651,-0.835190,-0.163789,-0.702456,-0.365289,-0.653269,1.109040,0,0,0,0
0.476883,-0.415489,0.432545,0.931884,0.430576,-0.143388,1.048263,0,0,0,0
0.029468,-0.294125,0.468452,0.784388,0.290591,0.283763,-0.471396,0,0,0,0
0.311558,-0.348985,0.084193,0.963729,0.342550,-0.557966,1.053315,0,0,0,0
0.071752,0.539167,0.987343,-0.188606,-0.295318,-0.410765,0.074758,0,0,0,1
1.045777,-0.176260,0.056047,-0.059128,-0.323887,-0.213733,0.546630,0,0,0,0
0.704643,-0.221352,0.133730,0.247869,-0.428693,-0.442485,0.163354,0,0,0,0
0.924629,-0.081199,0.936170,0.741284,-0.305040,0.765714,1.183687,0,1,0,0
0.526194,0.181056,-0.439500,0.793162,-0.407218,-0.235133,1.062458,0,0,0,0
-0.071698,0.749039,0.370751,0.232330,-0.961630,-0.564790,0.043575,0,1,0,0
0.896158,-0.407873,1.132227,-0.688099,-0.201656,-0.421265,2.435603,0,0,0,0
1.110177,-0.156267,-0.715890,0.110136,-1.403138,0.205703,0.126798,0,0,0,0
0.760403,-0.317419,-0.149740,0.403222,-0.480970,1.610678,0.720830,0,1,0,0
0.045599,0.365149,-0.478138,0.276592,-0.389654,-0.305713,1.835617,0,0,0,0
0.764364,0.109265,0.177341,0.817286,0.201098,-0.558686,1.271355,0,0,0,0
0.781563,-0.583420,-0.112417,0.150600,0.210629,-0.409550,0.992031,0,0,0,0
0.542268,-0.422575,-0.609264,0.473846,0.455198,0.077847,0.907068,0,0,0,0
0.195830,-0.878829,-0.329108,-2.021281,-1.158200,1.081180,-0.257607,0,0,0,0
-0.179939,0.208187,0.517974,-1.578243,-1.524464,-0.208908,-1.088622,0,0,0,0
-0.120463,0.610579,0.510875,0.011049,-0.153005,-0.759709,-0.188657,0,0,0,0
0.497528,-0.438262,0.835941,0.293051,0.110526,-0.835405,1.212012,0,0,0,0
0.510902,-0.181227,-0.213849,1.178491,-0.687381,-0.376741,0.155296,0,0,0,0
0.319730,-0.085826,-0.115506,0.311198,-0.814141,1.931845,0.191344,0,0,0,0
0.643140,-0.478776,-0.596788,0.494780,0.050595,-0.038652,0.528692,0,0,0,0
0.523773,-0.529272,0.652273,0.866761,0.471228,-0.315172,0.605092,0,0,1,1
0.253606,-0.376950,0.726436,-0.108990,0.474172,-0.451530,0.292906,1,0,0,0
0.418524,-0.446035,0.055290,1.150768,0.476280,-0.555165,2.323817,0,0,0,0
1.025115,0.069896,0.878475,0.595009,-0.713229,4.562180,1.164330,0,1,0,0
0.566153,-0.145784,-0.513176,0.977020,-0.298644,-0.396391,0.968472,0,0,0,0
0.431147,-0.197794,-0.042514,1.040267,-0.351783,-0.448547,0.852901,0,0,0,0
0.574127,-0.566553,0.057663,0.298614,0.328529,-0.306109,1.312858,1,1,1,0
0.478359,-0.213358,0.742691,0.541130,-0.510613,-0.024042,0.589518,0,0,0,0
0.975903,-0.396232,0.465696,-0.072609,-0.638552,-0.029956,-0.372078,0,0,0,0
0.381991,0.296105,-0.718891,1.713770,-0.381368,-0.287926,1.018456,0,0,0,0
0.633050,0.324375,0.243007,1.287926,-0.863864,-0.222018,1.130231,0,0,0,0
0.672891,-0.501725,0.368605,0.568223,0.010798,-0.291052,1.032310,1,1,0,0
0.511223,-0.431328,0.208407,-0.111924,-0.041926,-0.283952,0.335238,0,0,0,0
1.185964,-0.851365,0.589156,-0.648912,-0.197185,0.254303,0.360093,0,0,0,0
-0.042709,0.528048,0.909132,-0.066922,-0.828288,0.022283,0.112205,0,0,0,0
0.395218,0.065788,0.025391,1.143084,-0.074960,-0.709374,0.260620,0,0,0,0
-0.294318,0.237448,0.787971,-1.198214,-0.113051,-0.352768,0.244006,1,0,0,1
0.404965,-0.078842,-0.323437,0.805792,-0.203065,-0.191356,1.011521,0,0,0,0
1.122002,-0.455678,-0.021776,0.045643,-0.156923,0.181481,0.836150,0,0,0,1
0.545378,-0.480952,-0.167111,0.347506,0.285651,0.381044,0.923458,0,0,0,0
0.133175,-0.587194,0.696181,-1.657421,-1.011647,-0.757353,-1.036417,0,0,0,0
-0.334262,-0.307231,0.290161,-1.676170,-1.082040,-0.386891,-0.894990,1,0,0,1
0.068550,-0.284167,0.071461,0.047676,0.316725,-0.570412,0.021718,0,0,0,0
1.489576,-0.699303,0.002267,-0.427028,-0.116221,0.374082,1.526450,0,0,1,0
0.355851,0.073777,-0.872176,1.607431,-0.880963,-0.287843,1.257907,0,0,0,0
-0.030925,0.218094,0.468457,-0.193761,-0.654015,-0.774466,-0.289225,0,0,0,0
0.390576,-0.788140,0.139462,0.081096,-0.089198,-0.673007,-0.510276,0,0,0,1
0.568473,-0.935531,0.391326,0.237296,0.426145,-0.241730,1.509498,0,0,0,0
1.409616,-0.446846,-0.207508,-0.772616,-0.882061,-0.091250,0.835393,0,0,0,0
0.229871,-0.060436,-0.752132,1.162418,-0.722184,1.494548,1.737777,0,0,0,0
0.560847,-0.433190,0.176790,1.402364,0.277923,-0.216079,0.905054,0,0,0,0
0.559160,0.171794,-0.277171,1.207777,-0.676981,-0.144815,1.012821,1,0,1,0
-0.040270,0.035025,0.291494,-0.151667,-0.237933,-0.457431,0.066230,0,0,0,0
1.491461,-0.625652,-0.064062,-0.940829,-0.555041,-0.206955,0.124572,0,0,0,0
0.838422,-0.541902,0.894833,0.342923,-0.551985,0.843248,1.268627,0,0,1,0
0.613717,-0.367905,1.124345,1.256299,-0.405924,-0.465028,1.962955,0,0,0,0
0.681788,-0.664398,0.348320,0.494147,-0.553938,-0.240352,0.617851,1,1,0,0
0.654886,-0.400960,0.401340,1.137862,-0.417884,-0.177217,0.405400,0,0,0,0
1.318184,-0.891055,-0.165563,-0.592231,-1.318227,-0.005719,1.127881,0,0,0,0
0.512110,-0.237082,0.137782,0.923645,0.003608,1.180988,2.120567,0,0,0,0
0.662329,-0.613380,0.480724,0.757135,-0.180789,-0.533773,1.685001,0,0,0,0
-0.214571,0.740248,0.861174,0.156701,-0.957155,-0.738194,-0.077634,1,1,0,0
0.536401,-0.526912,0.429334,0.979271,0.451018,-0.312933,1.396098,0,0,0,0
1.439521,-0.833147,-0.343065,-0.846521,-0.536346,-0.501146,0.725573,0,0,0,0
0.532531,-0.551882,0.147954,1.119474,0.117953,-0.459639,1.089361,0,0,0,0
0.674322,-0.358834,0.257409,0.763723,-0.144659,-0.393057,0.393579,0,0,0,0
0.457509,-0.345363,-0.372375,1.120264,0.233107,0.139820,1.052444,0,1,0,0
0.107939,-0.548860,0.851435,-0.850308,-0.925947,0.098662,-1.098432,0,0,0,0
1.234882,-0.880106,-1.131734,-1.116372,-1.451291,-0.474949,-0.514420,0,0,0,0
0.535390,-0.270980,0.702440,1.290516,0.556239,0.174495,0.589184,0,0,0,0
0.845004,0.091510,0.935945,1.269155,-0.041682,0.403129,1.887767,0,0,0,0
0.225681,-0.335143,-0.526204,1.996385,-0.433571,-0.141718,0.878518,0,0,0,0
-0.184651,0.024370,0.257487,0.873781,0.050054,-0.536776,0.207773,0,0,0,0
0.964479,-1.031609,1.031928,-0.211806,-0.059651,0.057195,1.632813,0,0,0,0
1.060146,-0.234780,-0.560077,-0.882266,-1.053878,-0.240024,1.692338,0,0,0,0
0.407364,-0.357954,0.668110,1.343977,-0.027658,0.603361,2.147546,0,0,0,0
0.135129,-0.384181,1.891010,0.043534,0.481682,0.147510,-0.045122,0,0,0,0
0.600117,-0.395476,-0.226464,1.413099,-0.545565,-0.364599,0.415903,0,0,0,0
0.938597,-0.573343,0.250854,0.341711,0.405153,-0.469454,1.091471,0,0,0,0
0.410611,0.022846,0.001515,1.117532,-0.569828,-0.587038,0.995411,0,0,0,0
0.202793,-0.195066,1.841780,-0.071093,-0.002844,0.773834,0.480137,0,0,0,0
0.344748,-0.037238,-0.275726,0.878585,-0.410863,-0.529315,1.183725,0,0,0,0
0.451327,-0.384998,0.242893,1.229826,0.993420,-0.559616,1.925638,0,0,0,0
0.969371,-1.304064,0.328739,0.049860,-0.165733,-0.633744,0.943621,0,0,0,0
0.512891,-0.489516,0.478801,0.319132,0.406906,-0.401826,0.952269,0,0,0,0
0.206427,0.017813,0.860030,-0.214637,-0.441956,0.972621,-0.174950,0,0,0,0
0.326491,-0.067229,0.637304,0.407972,0.162828,-0.437322,1.713684,0,0,0,0
0.438554,0.014822,0.864017,0.223213,-0.365317,-0.460638,1.101044,0,1,0,0
0.670702,-0.426793,0.187593,-0.105446,-0.210505,-0.078114,0.485969,0,0,0,0
0.463774,-0.392850,0.300419,0.659511,-0.068927,-0.396992,1.972129,0,0,0,0
0.979021,-0.153042,0.649885,0.444365,-0.074490,3.043116,0.965919,0,1,0,0
0.608218,-0.442005,-0.470537,0.134609,0.341419,-0.297202,0.997573,0,0,0,0
0.144226,-0.274587,-0.781714,0.276730,-0.207327,-0.726112,0.420322,0,0,0,0
0.720818,-0.853463,0.210474,-0.315038,0.284831,0.011461,1.010838,0,0,0,0
0.229286,-0.357193,-0.512107,-1.707537,-1.326154,-0.036657,-1.156639,0,0,0,0
0.252776,0.029899,0.663096,0.367718,-0.652733,3.201684,-0.164395,0,0,0,0
0.283693,0.252358,-1.022977,1.140977,-0.397655,-0.005297,1.553404,0,0,0,0
0.601043,-0.126093,0.224794,0.288715,-0.563221,-0.710884,1.025240,0,0,0,0
0.712943,-0.762872,0.011150,0.048628,-0.092964,-0.234137,1.048795,0,1,1,1
0.597952,-0.771988,-0.062273,0.304807,0.304256,0.225766,0.436521,0,0,0,0
0.834190,-0.471216,-0.059074,0.112344,-0.137824,1.665505,1.535194,0,0,0,0
0.498398,0.043540,-0.360183,1.186323,-0.189673,-0.270141,0.589322,0,0,0,0
-0.104486,0.584266,0.976886,0.503831,-0.587251,-0.858763,-0.189909,0,0,1,0
0.243558,0.079768,0.715613,-0.865321,-0.147995,-0.402528,0.926811,1,0,0,1
0.383703,-0.724172,-0.271337,0.397195,-0.110531,-0.372860,0.971685,0,0,0,0
1.270726,-0.391578,-0.355280,-0.391012,-0.197641,0.459195,0.506683,0,0,0,0
0.383338,0.012491,-0.034692,0.934452,0.457566,0.371550,1.539115,0,0,0,0
0.372695,-0.520871,1.286974,0.737664,-0.898359,-0.759434,-0.054170,0,1,0,0
0.741428,-0.315591,0.221948,1.099048,-0.557958,-0.390590,1.137600,1,0,0,0
0.615536,-0.438945,-0.120976,0.993188,-0.960423,-0.371157,-0.104611,0,0,0,0
1.556425,-0.586473,0.081153,-0.245372,-0.813636,0.377427,1.080908,0,0,0,1
0.526100,-0.467983,0.021836,0.880941,-0.059856,0.299679,1.581174,0,0,0,0
0.660900,-0.178544,0.272904,0.617431,-0.249426,-0.432593,0.766325,0,0,0,0
0.532999,-0.591303,0.167151,0.242728,0.290819,-0.647389,1.252502,0,1,0,1
0.632113,-0.122593,0.446037,-0.032277,-0.255784,-0.348866,0.627381,0,0,0,0
0.983678,-0.502583,-0.255211,0.402436,-0.231473,0.221761,2.181025,0,0,0,0
0.551478,-0.001899,-0.072421,0.636828,0.048359,0.048176,1.299779,0,0,0,0
0.600986,-0.037965,0.784491,0.079960,-0.203228,-0.497642,0.331612,0,0,0,0
0.511675,-0.385734,-0.591092,0.683678,0.161939,-0.366949,1.248654,0,0,1,0
0.490461,-0.022704,-1.242417,0.980536,-0.868575,-0.354341,-0.088619,0,0,0,0
1.340594,-0.909321,-0.124932,-1.310410,-0.871426,0.050027,0.744555,0,0,0,0
0.450940,-0.418966,0.422730,-0.109094,-0.742537,0.444650,0.783152,0,0,0,0
0.689479,-0.621583,0.429878,0.579248,-0.323875,-0.253147,0.617249,0,0,0,0
0.097240,-0.056480,1.188652,-0.224911,-0.532314,-0.486078,0.528471,0,1,1,0
0.469769,-0.533351,0.529045,0.053212,-0.459707,0.090644,0.662483,0,0,0,0
1.206178,-0.685911,-0.406691,-0.101623,-0.737828,-0.128167,0.286432,0,0,0,1
0.753699,-0.548434,-0.280295,0.533438,-0.140930,-0.047318,0.067779,0,0,0,0
0.153001,-0.212213,0.482676,-0.002965,-0.596989,-0.780403,-0.259139,0,0,0,0
0.340494,-0.173509,-0.497985,1.099603,0.077247,-0.302709,0.892711,0,1,0,0
0.619165,0.041665,-0.321092,0.849741,-0.567182,-0.498472,0.065959,0,0,0,0
1.454509,-1.186251,-0.850474,-1.272697,-1.962702,-0.542085,0.142502,0,0,0,0
0.702087,-0.367300,-0.702573,-0.048897,-0.237571,0.661007,1.584693,0,0,0,0
0.519839,-0.483433,-0.281839,0.732672,-0.294828,-0.398223,0.829061,0,1,0,0
0.499406,-0.270752,-0.461902,0.565271,-0.138613,-0.415434,1.462762,1,0,1,1
0.526206,-0.552903,0.937405,-0.253934,-0.807869,-0.382980,0.399757,0,0,0,0
1.140766,-0.590828,0.438310,-0.153284,-0.690035,-0.009453,-0.170912,0,0,0,0
0.562469,-0.065860,-0.734769,1.811892,-0.790424,-0.334299,1.061672,0,0,0,0
0.545389,-0.464942,1.263615,0.557675,-0.124588,-0.225080,0.391769,0,0,0,0
0.560963,-0.574325,0.001625,0.973128,0.106293,-0.557191,1.226920,0,0,1,0
0.701511,-0.703782,0.359453,0.308790,0.173241,-0.390205,1.748429,0,0,0,0
1.290763,-1.139210,-0.138349,-0.992318,-0.690974,-0.067075,0.939215,0,0,0,0
0.861929,-0.617774,-0.411217,0.664044,-0.447078,0.681730,0.669260,0,1,0,0
0.664815,-0.596136,0.226658,1.291224,0.191581,-0.431251,0.405930,0,0,0,0
0.320645,-0.506407,1.196178,0.056634,-0.115246,-0.189336,0.215117,0,1,0,1
0.450644,-0.410425,0.301536,0.096136,-0.430095,-0.011555,0.010596,1,0,0,0
1.095615,-0.532628,-0.699809,-0.011242,-1.157503,-0.157275,-0.153598,0,0,0,0
0.558127,-0.524528,0.252036,0.505368,0.356999,-0.006924,1.707905,0,0,0,0
0.293736,-1.141524,0.860644,0.697527,-0.412332,-0.413266,-0.431415,0,0,0,0
0.198914,-0.479703,0.267013,0.801718,-1.128636,-0.423054,0.518502,0,0,0,0
0.529938,-0.518389,0.123248,0.734016,-0.376525,-0.372548,1.459653,0,1,0,0
0.890887,-1.070297,0.217399,-0.367412,-1.314744,-0.590108,-0.385217,0,0,0,0
0.702979,-0.590394,0.184937,1.041268,0.011031,-0.129485,1.060904,0,0,0,0
0.603511,-0.551810,-0.557087,1.018070,-0.375243,-0.239963,0.585023,0,0,0,0
0.499374,-0.294772,-0.003456,0.855083,-0.395582,-0.281859,0.381230,0,0,0,0
0.575746,-1.047122,0.316781,0.693023,0.554660,-0.456890,0.840257,0,0,1,0
0.943248,-0.930063,0.858505,0.863333,0.230777,-0.495312,0.891511,0,0,0,0
0.585694,-0.395898,-0.790172,1.351965,-0.424841,-0.206529,1.025202,0,0,0,0
0.692732,-0.649734,-0.791105,0.773338,-1.193452,1.024254,0.586346,0,1,0,0
0.591074,-0.343290,-1.258960,1.738068,-1.040568,-0.438424,0.624723,0,0,0,0
0.456856,-0.119098,-0.792667,2.222344,-0.659093,-0.727736,1.430757,0,0,0,0
1.018597,-0.837627,0.316884,0.389353,0.067856,0.226824,1.149986,0,0,0,0
0.176798,-0.613743,1.958659,-0.097077,0.033592,0.028804,0.581653,0,0,0,0
0.188490,-0.540638,1.696904,0.069681,-0.141243,0.009922,1.041029,0,0,0,0
-0.028862,-0.787416,0.502874,-0.908308,-0.527035,-0.168818,-0.757148,0,0,0,0
-0.032290,-0.518479,1.478101,0.555354,-0.501392,-0.504910,-0.815766,0,0,0,0
-0.268970,-0.508453,0.825441,0.066232,0.633440,-0.130897,-0.902869,0,0,0,0
-0.179408,-0.315913,-0.001017,-1.086848,0.515477,-0.060424,-1.405589,0,0,0,0
0.174451,0.372285,0.677056,-1.265340,0.247935,2.036079,-0.511827,0,0,0,0
-0.042736,0.486225,0.237796,-0.709924,0.999059,-0.344541,-0.231402,0,0,0,0
-0.137901,0.351675,-0.099616,-1.060860,1.097990,-0.374692,-0.082518,0,0,0,0
-0.334915,0.519473,0.144527,-0.420238,0.719098,-0.479806,-0.209573,0,0,0,0
-0.375762,0.089476,-0.718190,-1.126631,0.853958,-0.173306,-1.636413,0,0,0,0
-0.023534,0.762010,-0.181083,-0.831716,1.352513,1.888164,-0.851835,0,0,0,0
-0.844375,0.246710,2.534942,1.001135,-0.042961,-0.520946,-0.270072,0,0,0,0
-0.722728,-0.270466,1.167630,0.927071,-0.246192,-0.845752,-1.037810,0,0,0,0
-0.777374,-0.407289,0.704132,-0.158163,0.064125,-0.397572,-1.649677,0,1,0,0
-0.434909,0.615456,-1.098604,-1.333459,0.538035,-0.377832,-1.646319,0,0,0,0
-0.029079,0.124215,-0.585476,-2.335220,-0.469395,2.615428,-1.292120,0,0,0,0
-0.708054,0.060108,-0.793840,-1.169314,0.226838,-0.565813,-2.011403,0,0,0,0
-0.351207,0.523554,-0.330430,-1.386970,0.568533,-0.557256,-1.066871,0,0,0,0
-0.206596,-0.139143,-0.077380,-1.190684,1.680248,-0.424477,-0.865227,0,0,1,1
-0.676332,0.702872,0.680795,0.003208,1.149153,-0.497139,-0.801711,0,0,0,0
-0.079306,1.135131,-1.133515,-2.383508,1.233586,0.009882,-0.665895,0,0,0,0
-1.089915,0.345713,1.414033,0.207605,-0.254402,-0.495967,-0.840391,0,0,0,0
-0.300988,0.522555,-0.576484,-0.377551,1.675976,-0.389482,-0.670759,0,0,1,0
-0.599873,1.038997,-1.121628,-1.321705,1.754482,-0.354067,-0.810066,1,0,0,0
-0.847886,0.754668,0.585653,0.077379,1.906422,-0.089339,-0.690550,0,0,0,0
0.096514,-0.642183,-0.231892,0.177082,1.049479,1.068750,-0.730840,0,0,0,0
-0.606804,1.013530,-1.462570,-0.889207,1.645007,-0.612229,-0.543387,0,0,0,0
-0.671458,1.098304,-0.734897,-0.553583,2.653838,-0.578614,-0.880857,0,0,0,0
-0.900825,0.921491,-0.850784,-0.636310,2.451533,-0.162406,-0.745909,0,0,1,1
-0.366011,1.231846,-0.028107,-1.922691,1.174334,-0.380146,-0.419242,0,0,0,0
-0.364815,0.754671,-0.367464,-1.464783,1.439883,-0.266006,-0.726242,0,0,0,0
-0.759673,1.168146,-1.607140,-2.063236,1.651324,-0.421898,-1.762310,0,0,0,0
-0.776390,0.515313,0.225722,0.223045,1.743576,-0.648191,-1.194590,0,0,0,0
-0.867160,0.853889,-0.344218,-0.486683,1.916397,-0.192374,-0.462519,0,0,0,0
-0.903849,1.040703,0.026062,-1.022832,1.540591,-0.224672,-0.847396,0,0,0,0
0.066225,0.631326,-0.590959,-0.579197,0.477048,-0.709893,-0.472813,0,0,0,0
-0.994597,0.406612,-0.893225,-0.872786,1.590971,-0.546706,-1.846442,0,0,0,0
-0.588176,1.572047,-0.157239,-1.772665,1.635355,-0.160986,-1.170136,0,0,0,0
-0.730655,1.812513,-0.184600,-1.187609,1.843857,-0.325880,-0.897929,0,1,1,0
-0.699582,0.392629,-0.624152,-2.216991,0.535094,-0.513197,-1.702608,0,0,0,0
-0.110746,0.684374,-1.286337,-2.987265,1.413882,-0.064437,-1.455437,0,0,0,0
-1.213626,0.929008,0.401475,-1.245552,0.039365,-0.409565,-1.989251,0,0,0,0
-0.353439,0.613617,-0.659525,-1.849636,0.266599,-0.037461,-1.413940,0,0,0,0
-1.450144,0.519539,0.509745,-0.768424,0.900684,-0.672301,-2.086343,0,0,1,0
-0.498767,0.951350,-0.360829,-1.959117,1.525482,-0.362168,-1.080526,0,0,0,0
0.279587,-0.557085,0.366052,-0.983546,1.843267,-0.298743,-0.872797,0,0,0,0
-0.929743,0.601985,-0.360219,-1.153496,1.207589,-0.405387,-1.279555,0,0,0,0
-0.410968,1.273410,-0.111093,-1.965376,0.885078,-0.253825,-1.195641,0,0,0,0
-0.693163,1.172677,-0.879855,-0.907138,1.152684,-0.204854,-1.339776,0,1,0,0
-0.595761,1.186490,-0.643000,-2.104806,0.836273,-0.454320,-1.008144,0,0,0,0
-0.303472,0.431777,-0.858672,-1.150226,1.034923,-0.398948,-0.930986,0,0,0,0
-0.596402,1.405556,-0.503701,-1.658644,1.404640,-0.454538,-0.928389,0,0,0,0
-0.253404,0.617882,-0.391749,-0.537493,0.767945,-0.507535,-1.093540,0,0,0,0
-0.903174,1.296359,-0.284540,0.242748,0.991855,-0.300052,-1.329597,1,1,0,0
-1.037774,0.930433,0.555228,0.557163,1.959197,-0.608420,-1.037269,0,0,0,0
-0.194340,0.408101,0.382787,-1.450234,1.552174,-0.239888,-1.264591,0,0,0,0
-1.090995,0.445157,2.017678,0.667218,1.278444,-0.458010,-1.452371,0,0,0,0
-0.659038,0.420180,1.296196,-1.246361,1.075263,0.694710,-1.211882,0,0,0,0
-1.392994,0.263462,1.303724,0.291832,-0.547080,-0.769037,-2.205449,1,1,0,1
-0.446571,0.980139,-0.713685,-1.794558,1.022074,-0.565541,-1.093033,0,0,0,0
-0.541835,1.150481,-0.940225,-1.321617,0.974540,-0.311763,-1.216077,0,0,0,0
-0.588065,0.867995,-0.965589,-1.019301,1.145835,-0.122887,-1.195942,0,0,0,0
-0.521435,0.171923,1.130810,0.417172,0.600689,1.279362,-1.034439,0,0,0,0
-1.018211,0.367032,-0.461803,-0.170506,0.755139,-0.434794,-2.005571,0,0,0,0
-0.440052,1.178769,-0.617306,-1.223907,0.669808,-0.332001,-0.307144,0,0,0,0
0.292313,-0.155604,0.106339,-1.242638,1.320600,-0.418224,-0.026951,0,0,0,0
-0.424088,0.193788,-1.320511,-1.597431,0.618858,-0.387327,-1.609446,0,0,0,0
-0.900378,0.236063,0.170965,-0.288024,0.117692,-0.156813,-1.819859,0,0,0,0
-0.847198,0.337987,-0.276128,-0.704291,0.681085,-0.250958,-2.005044,0,0,0,0
-0.555501,0.014561,0.751943,-0.714840,-0.002775,-0.286007,-1.747362,0,0,0,0
-0.485602,0.344566,-0.757063,-1.893513,0.599770,-0.104694,-1.528603,0,0,0,0
-0.356473,1.060204,-0.219838,-1.056162,0.739845,-0.264234,0.027671,0,0,0,0
-0.527719,0.128737,-0.255050,-0.531148,0.921172,0.471101,-0.254441,0,0,0,0
-0.584423,0.720647,-0.893210,-0.485961,1.028208,-0.355037,-0.159329,0,0,0,0
-0.426876,0.824344,-0.599499,-1.075392,0.345131,-0.399098,-0.530573,0,0,0,0
-0.439622,0.897889,-0.507471,-0.773471,0.201370,-0.430435,-0.293110,0,0,0,0
-0.462376,0.652687,-0.669951,-0.187516,1.102913,-0.357180,-0.388950,0,0,0,0
-0.527828,0.854085,-0.431490,0.233926,0.977131,0.933038,-0.233739,0,0,0,0
-0.605102,0.552025,-0.795693,-0.210290,1.084136,-0.129187,-0.486531,0,0,0,0
-0.443054,0.645818,0.255169,0.297342,0.235071,-0.667342,-0.282613,0,0,0,0
-0.575301,0.871380,-0.895344,0.264140,0.691160,-0.347819,-0.661771,0,0,0,0
-0.643531,0.386600,-0.666632,0.051812,1.393051,-0.429210,-0.155071,0,0,0,0
0.049230,0.582597,0.662624,-1.273396,-0.017242,2.638409,0.004656,0,0,0,0
-0.440124,0.794916,-0.605436,-0.174062,0.695517,-0.210557,-0.326101,0,0,0,0
-0.551764,0.074457,-1.079113,-1.073481,0.747363,-0.459139,-1.204793,0,0,0,0
-0.325662,-0.445284,-0.022083,-1.031451,0.084346,-0.532547,-1.482606,0,0,0,0
-0.239990,0.693628,-0.350360,-0.737374,0.411315,-0.276976,-0.859544,0,0,0,0
-0.235665,0.529393,-0.391364,-0.478308,0.626670,0.432200,-0.746633,0,0,0,0
-0.348455,0.649632,-1.063950,-0.621792,0.110025,-0.382619,-0.948951,0,0,0,0
-0.428426,-0.101894,-0.906335,0.058830,0.314383,-0.662483,-1.263563,0,0,0,0
-0.617860,0.362557,-0.429647,0.005996,-0.434183,-0.164545,-1.698582,0,0,1,0
-0.268781,0.575911,-0.719819,-0.367986,0.576121,-0.230780,-1.046246,0,0,0,0
-0.000692,0.439910,-0.070368,-1.294751,0.076338,1.594781,-0.789337,0,0,0,0
-0.343022,0.183703,-1.260283,-1.089256,-0.794981,-0.350805,-1.627987,0,0,0,0
-0.326694,0.023469,-0.737706,-1.502167,-0.502742,-0.345489,-1.521994,0,0,0,0
-0.505431,0.328277,-1.393053,-0.382591,-0.255082,-0.378461,-1.731772,0,1,1,0
-0.660717,-0.233134,-0.148362,1.173182,-0.188829,-0.579490,-1.882723,0,0,0,0
0.206662,0.617689,-1.143552,-1.470759,-0.230680,-0.022210,-1.325388,0,0,0,0
-0.241827,0.158715,-0.751208,-0.143846,0.364045,-0.353878,-0.423524,0,0,0,0
-0.217958,0.080302,-0.646898,0.044255,0.084231,-0.783410,-0.447657,0,0,0,0
-0.341219,0.151057,-0.665300,0.692232,-0.013647,-0.424494,-0.434375,0,1,0,0
-0.236140,0.049706,-1.400120,-0.472937,0.050622,-0.514183,-0.787962,0,0,0,0
0.164126,0.461689,-1.118299,0.002082,-0.325350,-0.353231,-0.616046,0,0,0,0
-0.092560,-0.106375,-1.194876,1.268250,0.187984,-0.342079,-0.006831,0,0,0,0
0.082182,-0.437174,-0.860719,1.644284,0.070337,-0.384307,-0.232693,0,0,0,0
0.076683,-0.208051,-0.532093,1.042365,-0.251902,0.015569,-0.404941,1,1,1,0
-0.468621,-0.529100,1.901601,-0.882854,1.463482,-0.354458,0.589604,0,0,0,0
-0.406880,-0.320132,1.736566,-1.376293,0.874341,-0.021091,-0.612320,0,0,0,0
-0.658142,-0.568052,2.385601,-0.114127,1.490593,-0.225186,-0.862481,0,0,0,0
0.227453,0.324947,1.388285,-0.689499,-0.091541,1.138665,-0.604720,0,0,0,0
-0.580365,-0.376132,1.457507,0.456976,1.213449,-0.187015,-1.087895,0,0,0,0
-0.230371,-0.448804,1.001364,-0.601441,1.714666,0.155237,-0.833475,0,0,0,0
-0.478952,-0.560451,0.698683,-0.638541,1.030416,-0.456882,-1.868633,0,0,0,0
0.001816,0.302124,0.703535,-0.555474,1.414963,-0.654207,-0.539965,0,0,0,0
-0.113872,0.147890,0.318813,-0.652330,0.969922,-0.305605,0.026627,0,0,0,0
-0.149080,0.047090,-0.150668,-1.222684,0.945137,-0.279764,-0.119361,0,0,0,0
-0.302394,-0.002074,0.351858,-0.828883,0.844861,-0.410969,-0.226435,0,0,0,0
-0.371754,-0.046653,-0.673488,-1.705229,0.421285,-0.285203,-1.686452,0,0,0,0
0.054704,1.002851,-0.837325,-1.303644,0.337826,0.554137,-1.098305,0,0,0,0
-0.333948,0.398595,0.716546,-0.563010,0.830387,-0.243034,0.130447,0,0,0,0
-0.301460,0.507888,0.096108,0.509320,0.757469,2.680506,0.203623,0,0,0,0
-0.604783,0.077452,-0.061528,0.206472,0.758769,-0.278149,-1.484483,0,0,0,0
-0.445736,0.358496,-1.381229,-1.496095,0.275924,-0.449694,-1.655753,0,0,0,0
-0.944386,-0.319366,0.923924,0.679984,0.040717,-0.469785,-2.008630,1,1,0,0
-0.341164,0.071931,-0.507006,-1.471616,0.093035,-0.391887,-1.647911,0,0,0,0
-0.550254,0.202342,-0.340526,-1.087118,0.729042,-0.316530,-1.758620,0,0,0,0
-0.298073,1.091845,-0.575750,-1.228235,0.876233,-0.498846,0.001370,0,0,0,0
0.206734,-0.076235,0.727320,-1.882408,0.598244,-0.468507,0.034363,0,0,0,0
-0.908803,0.199613,0.743438,0.223402,0.904945,-0.124367,-0.593944,0,0,0,0
-0.301100,1.376826,-0.288076,-1.102859,0.500372,2.592810,-0.084151,0,0,0,0
-0.875530,0.585455,0.714056,0.617460,0.833377,-0.240759,-0.752551,0,0,0,0
-0.369045,0.665542,-0.572690,0.005854,1.367564,-0.310667,-0.087709,0,0,0,0
-0.504452,1.423550,-0.900506,-1.172741,1.338482,-0.280439,-0.211051,0,0,0,0
-1.012782,0.574790,0.354334,0.951152,1.865057,-0.271128,-0.522925,0,0,0,0
-0.647773,0.855764,-0.118862,0.284329,1.570312,-0.193251,-0.293996,1,1,0,1
-0.905976,1.201656,-1.811491,-0.458028,1.973597,-0.141121,-0.686604,0,0,0,0
-0.198908,1.423406,-0.888855,-0.742145,0.997742,-0.446200,0.964406,0,0,0,0
-0.672913,1.405595,-0.886334,-0.206674,2.114690,-0.216203,-0.375610,0,0,0,0
0.093873,0.652203,-0.276622,-2.208161,0.821158,-0.354954,-0.426998,0,0,0,0
-0.980429,0.947431,0.901169,0.589907,1.182840,0.493882,-0.102103,0,0,0,0
-0.342945,0.800340,-0.188168,-1.709705,0.833472,1.398643,1.055923,0,0,0,0
-1.425406,0.583245,0.560073,0.442420,1.472679,-0.858319,-1.985990,0,0,0,0
-1.206082,1.326490,-0.712552,0.296225,1.492117,-0.687153,-0.958539,0,0,0,0
-0.941342,1.209225,1.151391,0.626287,0.785949,-0.424262,0.547478,1,0,0,0
-0.727412,1.028145,0.277753,-0.268011,1.555159,-0.392259,0.503290,0,0,0,0
-0.856150,1.000079,0.141639,-0.459911,1.276071,-0.295305,-0.884783,0,0,0,0
-1.152525,0.356344,0.367240,1.236292,1.156271,0.358998,-1.422516,0,0,0,0
-0.056070,1.641284,-0.887813,-1.529068,1.393996,0.287883,1.044184,0,0,0,1
-0.663279,1.146469,-0.947823,-1.254071,1.810941,-0.276108,-0.837209,0,0,0,0
-0.770838,0.342233,-0.964591,-2.022457,0.291844,0.001528,-0.579759,0,0,0,0
-1.021341,0.843135,1.002704,0.464771,0.647560,-0.068157,0.010254,0,0,0,0
-0.604986,0.984144,-0.721125,-1.633665,0.560931,-0.678105,0.499214,0,0,0,0
-1.250792,0.668829,0.616481,-0.626992,0.086295,-0.617870,-2.062802,0,0,0,1
-1.383652,1.417258,-2.473636,-3.245765,0.953794,-0.474692,-1.961763,0,0,0,0
-0.759022,0.457987,0.423690,-0.672880,1.198221,-0.378528,0.703426,0,0,0,0
-0.686531,0.664293,-0.186931,-0.774676,1.388807,-0.108938,-0.450943,0,0,0,0
-0.197774,0.346811,0.890227,-0.490865,0.137952,-0.560356,-0.920158,0,0,0,0
-0.833668,0.814895,0.610591,-0.348042,0.873400,1.086069,0.704690,0,0,0,0
-0.174097,1.654003,-0.344005,-1.117000,-0.040212,1.471966,0.276732,0,0,1,0
-0.614310,1.418773,-0.002459,-1.464705,0.198763,-0.295353,-0.519841,0,0,0,0
-1.184991,2.917626,-1.431829,-2.188127,2.039651,-0.761599,-0.701061,0,0,0,0
-0.520867,1.865953,-0.119001,-0.552775,0.623756,-0.309246,1.037736,0,0,0,0
-0.441087,1.212222,-0.161040,-0.656982,1.146604,-0.276944,0.228649,0,0,0,0
-0.163481,0.794377,0.150667,-0.097790,0.949033,-0.233229,-0.752632,0,1,1,1
-0.000411,-1.164654,0.029166,-0.620178,0.413248,-0.303016,-0.061585,0,0,0,0
-0.274772,-1.206931,1.947732,0.227109,-0.222034,-0.152832,0.701527,0,0,0,0
-0.365251,-0.728349,1.198319,0.543551,-0.182330,-0.101497,-0.152011,0,0,0,0
0.062532,-0.002097,-0.209981,-0.785138,0.143503,-0.355043,0.709605,0,0,0,0
-0.686069,-0.639508,0.973380,0.752292,0.565048,-0.109889,0.044498,0,0,0,0
-0.040746,0.526961,-0.021225,-0.189206,1.026906,-0.145049,0.503006,0,0,0,0
-0.781524,0.497063,0.537492,0.920531,0.394238,-0.265986,0.110268,0,0,0,0
-0.244798,1.794136,-2.145120,-1.094877,0.636488,0.443210,0.465380,0,0,0,0
-0.471884,0.851078,-0.860435,-0.260212,1.164539,1.200059,0.291130,0,0,0,0
-0.391156,0.679597,-0.182897,-0.110200,1.748423,0.252670,0.157336,0,0,0,0
-0.591689,0.512114,-0.573425,-0.087910,0.931847,-0.213964,0.375089,0,0,0,0
-0.958402,0.746622,-0.624907,1.539770,1.264536,1.796758,-0.243694,0,0,0,0
-0.831818,0.643891,0.183460,0.724068,1.005074,1.481767,0.331734,0,0,0,0
-0.312554,0.940685,-0.119435,-0.312592,0.809741,-0.004629,-0.346294,0,0,0,0
-0.591901,0.644708,-0.649443,-0.430913,0.540834,-0.150122,0.422960,0,0,0,0
0.158269,-0.962942,0.476929,-0.404364,0.295411,0.142187,-0.082718,0,0,0,0
0.196415,-0.689211,0.702000,-0.132374,-0.304576,-0.138719,0.587945,0,0,0,0
-0.245944,-0.751806,2.306293,1.629593,0.242436,-0.603888,-0.280662,0,0,0,0
-0.354780,-0.383114,-0.112709,0.865338,-0.200596,-0.047924,0.682505,0,0,0,0
-0.825227,-0.756636,0.871378,0.883002,0.780533,-0.687472,-0.306639,0,0,0,0
-0.484800,-0.252340,0.317629,1.063503,1.050960,-0.049670,0.770843,0,0,0,0
-0.066444,0.801990,-0.079530,-0.223654,0.123703,-0.246929,-0.044634,0,0,0,0
-0.411943,0.459317,-0.809785,-0.033497,0.804233,-0.357056,0.610822,1,0,1,0
-1.085118,1.305494,-1.568157,-0.702483,1.926435,-0.239749,-0.144081,0,0,0,0
-1.073728,-0.230630,1.865942,1.822334,-1.037487,-0.545840,0.521787,1,1,0,0
-0.333832,0.578158,-0.861412,-0.461309,0.088964,-0.144997,0.076551,0,0,0,0
-0.766953,0.311727,0.050666,0.428136,-0.550029,-0.540841,0.585172,0,0,0,0
-0.861576,1.037075,-1.139414,-0.613395,1.903216,-0.458324,0.064758,0,0,0,0
-0.989983,0.181625,0.919731,1.043202,-0.908233,-0.666964,0.673152,0,0,0,0
-0.357197,0.606523,-0.555045,0.462244,0.329111,-0.375999,0.131684,0,0,0,0
0.103241,-0.021420,0.179106,0.327224,-0.384880,-0.569624,0.625498,0,0,0,0
0.272418,-0.477847,1.581006,0.347801,-0.942751,-0.122349,-0.263745,0,0,0,0
0.348426,-0.047996,1.289770,-0.138059,-1.465041,-0.291016,0.311089,0,0,0,0
0.246209,0.343270,-0.135780,-0.885941,-1.222799,-0.376264,-0.097428,0,0,0,0
0.330734,0.644592,0.216252,-1.724945,-1.086259,3.529887,-0.018533,0,0,0,0
0.263635,0.844474,-0.916348,-0.161024,-0.657659,1.059789,-0.057625,0,0,0,0
0.000530,0.173335,-0.481920,0.502839,0.544374,0.903299,-0.262270,0,0,0,0
-0.364093,0.319024,-0.427763,1.117648,0.092448,0.897960,-0.560275,0,0,0,0
0.212720,-0.610644,0.150837,-0.593484,-0.426515,2.775965,-0.334480,1,0,0,0
0.379969,-0.955356,0.280867,-0.166962,-0.266302,-0.405701,-0.423342,0,0,0,0
0.247892,-0.778244,-0.043279,0.114370,0.411036,-0.387982,-0.611641,0,0,0,0
0.652574,-0.107342,-1.406681,-0.169382,-1.066153,-0.755519,-0.539177,0,0,0,0
0.387962,0.030469,-3.181807,0.504937,-1.174972,-0.879401,-0.611833,0,0,0,0
0.670666,-0.171579,-1.798246,0.880402,-1.167104,-0.657689,-0.375333,0,0,0,0
0.884136,0.251832,-1.707681,0.492850,-1.632640,-0.537313,0.285517,0,0,0,0
0.984803,-0.270406,-1.215699,-0.474539,-0.843195,-0.617308,-0.328441,0,0,0,0
-3.539263,-0.979220,3.169147,0.521157,1.718925,-0.901933,-0.774214,0,0,0,0
-3.036718,1.526588,-2.327140,-6.080990,1.513897,-0.297223,0.853477,0,0,0,0
-2.720139,1.924695,-3.162063,-6.751487,2.275747,-0.032854,-0.702818,0,0,0,0
-3.349965,0.777985,-1.418986,-4.236205,2.132921,-0.586167,-2.600420,0,0,0,0
-3.427731,0.213396,-1.572949,-4.333454,0.674035,0.484126,-2.462037,0,0,0,0
-2.501953,1.511448,-2.724048,-6.113172,-0.182208,0.032176,-2.141314,0,0,0,0
-2.890783,0.051403,-2.133445,-3.078380,1.032767,-0.281704,-2.669107,0,0,0,0
-3.110236,-0.351486,-0.300413,-1.693504,0.441752,0.032556,-2.853930,0,0,0,0
-2.371770,-0.228939,-2.534959,-3.402877,0.515359,-0.244890,-2.340899,0,0,0,0
-1.972187,0.083942,-1.381998,-3.697470,-1.444969,0.305759,-1.701357,0,0,0,0
-1.832062,-0.064869,-1.085167,-2.231318,-1.559927,-0.489339,-2.519590,0,0,0,0
-0.946720,0.027345,-1.737087,-3.550327,-1.197764,0.059874,-1.670368,0,0,0,0
-0.779705,0.301050,-1.169166,-1.980232,-1.653149,0.111490,-1.038649,0,0,0,0
-0.791208,-0.408304,-1.386613,-0.417531,-0.750386,-0.363692,-1.068917,0,0,0,0
-5.212827,-0.142703,5.398234,-0.442499,3.166813,-0.433059,-2.408477,0,0,0,0
0.614166,-0.734599,-1.149634,-0.677031,-0.806753,18.953373,-0.630617,0,0,0,0
0.361186,-1.126330,0.923139,-0.013842,-0.023065,0.502995,0.439260,0,0,0,0
0.942688,-0.339187,0.858528,-0.613551,-0.186975,1.644322,1.070033,0,0,0,0
0.491278,-1.208949,0.441268,-0.402440,0.031011,0.999377,-0.356206,0,0,0,0
0.450011,-0.430119,-0.180484,-0.684319,-0.157351,0.701187,-0.285884,0,0,0,0
0.131760,-0.044298,-1.133795,-0.670987,-0.307021,1.037239,-0.603740,0,0,0,0
-0.118891,-0.801352,-1.293818,-0.108672,0.584738,-0.496014,-1.502581,0,0,0,0
-0.558723,-0.015132,-1.796030,-0.118254,1.612550,-0.900585,-1.240030,0,0,0,0
-0.069518,-0.855453,-0.047941,1.573401,0.818318,-0.572183,-0.226414,0,0,0,0
-0.309708,-0.276322,-2.326111,0.038737,1.260853,-0.362148,-0.721904,0,0,0,0
-0.345273,-0.850778,-1.638603,-1.583349,0.353134,-0.803988,-1.044458,0,0,0,0
-0.625697,-0.155758,-1.310449,-0.824423,1.411560,-0.375218,-0.793532,1,1,1,0
-1.398389,-0.574393,-0.109691,1.854644,1.011112,-0.739546,-0.556867,0,1,0,1
-0.624617,-0.045220,-0.404161,-0.904045,1.295761,-0.621549,0.532492,1,0,1,0
-0.424289,0.801468,-0.959021,-1.138851,1.540898,0.109335,0.220827,0,0,1,0
-0.155390,-1.729028,1.195313,1.135630,0.897342,-0.339228,-0.498316,1,0,0,1
-0.185679,-1.161382,-0.577377,0.033024,0.782888,-0.839105,0.511086,0,0,0,0
0.182625,-1.593763,0.670786,0.301241,1.396825,-0.237669,0.140406,0,0,0,0
-0.358977,-0.225253,-0.372455,-1.664565,1.214946,-0.770018,0.747193,0,0,0,0
1.007932,-1.041733,-1.133455,-0.819173,-0.851969,-0.206247,0.474361,0,0,0,0
0.446665,-0.749912,0.149186,0.128425,-0.698076,-0.449502,0.543799,0,0,0,0
0.595016,-0.946174,0.294101,-0.191170,0.157153,-0.047391,1.396140,0,0,0,0
1.012153,-0.800772,-0.865124,-0.857801,0.466053,0.202571,0.494942,0,0,0,0
1.415770,-0.602866,0.018470,-0.840311,-0.373237,0.131709,1.115440,0,0,0,0
0.605532,-0.713335,-0.425947,-0.448360,0.374467,4.939123,-0.456650,0,0,0,0
0.634531,-0.290831,-0.972592,-0.322938,-0.295998,6.787948,-0.464456,0,0,0,0
0.759482,-0.086925,-0.537776,-1.765103,-0.855277,5.763198,-0.303048,0,0,0,0
-0.156282,-0.537386,1.097031,1.169036,-0.120923,3.458441,-0.540192,0,0,0,0
0.099952,0.068331,-0.263016,-2.579519,-0.362818,0.818273,-0.379699,0,0,0,0
-0.355640,0.926615,-1.544859,0.152733,0.956095,-0.350340,-0.410044,0,0,0,0
0.756186,0.128219,0.964905,-2.282211,-0.334300,0.425407,0.948423,0,0,0,0
-0.336444,0.747073,-0.547958,1.450542,0.844372,-0.523051,0.339595,0,0,0,0
0.084290,-0.752348,1.456877,0.660969,0.605505,-0.820118,1.545141,0,0,0,0
-0.126250,-1.097090,2.200871,0.493033,0.581660,-0.741453,0.507597,0,0,0,0
-0.594961,-0.990477,1.588021,0.003190,1.797552,-0.838939,-0.709172,0,0,0,0
0.173474,0.008742,-1.190304,-1.067601,0.402227,-0.768568,-0.563132,0,0,0,0
-0.016436,-0.630316,1.122148,-1.512833,1.734177,-0.383179,-0.664356,0,0,0,0
-0.567919,-0.596183,0.740584,-0.791562,2.468473,-0.674094,-0.277741,1,0,1,0
-0.313469,0.218176,0.561574,-2.091901,2.624258,-0.736496,-0.188360,1,1,0,1
-0.258759,-0.418291,-0.204939,-0.793920,0.128865,-0.066038,-1.451200,0,0,1,1
-0.794081,-0.663407,0.700674,-0.504579,2.204744,-0.643044,0.240071,1,1,1,0
-1.140844,0.159365,0.194911,1.733272,0.959523,-0.265162,-0.029011,1,0,0,1
-0.194262,-0.555513,0.214391,-1.461180,0.355297,-0.501185,0.635933,0,0,0,0
-0.383906,-0.488816,1.073088,-1.130162,1.190712,-0.517369,0.171536,0,0,0,0
-0.391744,-0.945536,-0.349885,-0.785738,0.388828,-0.571046,-0.028397,0,0,0,0
0.364267,-0.799663,1.207355,-1.630624,0.742346,-0.284164,0.360539,0,0,0,0
0.175306,-0.767074,-0.232573,0.062796,-0.084391,-0.378820,0.726630,0,0,0,0
0.187219,-0.975811,0.322808,0.747154,-0.839734,0.284771,-0.414811,0,1,0,1
1.095391,-0.580760,-1.042410,-1.940968,-0.125583,-0.447496,0.084208,0,0,0,0
0.874461,-1.673747,-0.469451,-1.231562,-0.698780,-0.304978,-0.101675,0,0,0,0
0.870255,-0.874528,-0.224074,-1.196753,0.026067,3.593405,-0.356402,0,0,0,0
0.726121,-1.566773,0.114851,-0.464092,0.082224,2.462738,-0.676871,0,0,0,0
0.455391,-1.317308,0.357804,-0.349158,-0.080211,2.628152,-0.775199,0,0,0,0
-0.403390,0.459541,-1.077411,-1.151172,1.226379,2.972446,-0.520519,0,0,0,0
0.657867,0.402715,0.309357,-0.028217,0.933691,4.554781,1.512284,0,1,0,0
0.309255,-0.860453,-1.286721,-0.415043,0.199701,0.213117,0.723767,0,0,0,0
0.454439,-1.106589,0.008849,1.745576,0.812541,-0.247044,0.479570,0,0,0,0
1.138078,-0.738150,-0.674268,-0.163641,-0.667565,-0.488035,0.036796,0,0,0,0
0.142589,-0.537301,0.333113,0.834077,0.462508,-0.775276,-0.138024,0,0,0,0
-0.132187,0.131487,-0.520188,0.726518,-0.211204,-0.543621,0.687094,0,0,0,0
0.241102,-0.756654,1.044423,0.509622,0.941051,-0.267310,-0.118728,0,0,0,0
0.103408,-0.647749,1.539824,0.044588,0.194827,-0.422334,0.770859,0,0,0,0
0.226069,-0.800033,0.983537,0.349041,0.775576,-0.455458,-0.200584,0,0,1,0
0.547557,-0.899436,1.006743,0.554330,-0.448442,0.286662,1.760638,1,0,0,1
0.359805,-0.877147,0.118763,0.893114,-1.045427,-0.646700,1.238768,0,1,0,0
-1.121991,0.571491,-0.753946,-0.219723,1.190470,-0.465186,-1.335323,1,0,1,1
0.422995,-0.531159,0.251554,0.055265,-0.186247,-0.230915,0.216495,0,1,0,0
0.643310,-0.525923,0.171801,-0.203262,-0.824096,-0.553741,1.347726,1,0,0,1
0.604891,-1.200081,-0.193840,0.318251,-0.989911,-0.325299,-0.248058,0,0,0,0
-0.437541,-1.610530,0.320043,0.687662,0.567917,-0.493998,-1.340147,0,1,0,0
-3.101544,-3.628091,-0.498521,0.667008,0.027855,-0.706243,-2.517331,0,0,0,0
-6.755970,-3.309726,4.021965,-0.527063,3.489841,-0.953058,-1.882241,0,0,0,0
-5.234751,-1.103904,6.654399,1.546943,2.056977,-0.626908,-1.233324,0,0,0,0
0.934596,-1.010250,-2.165834,-1.812964,-1.938086,3.798184,-1.036074,0,0,0,0
0.777960,-0.198929,-1.309784,0.084347,-0.172501,-0.150752,0.870428,0,0,0,0
0.201636,-0.292030,0.194800,1.435979,-0.593690,2.686935,0.729133,0,0,0,0
0.474558,-0.721520,1.528063,-0.082583,0.771276,1.007674,-0.325125,0,0,0,0
0.572184,-1.453982,0.845644,-0.727212,0.683553,4.128655,-0.179491,0,0,0,0
0.414670,-1.045515,0.779840,-1.453685,1.030792,2.520046,-0.289449,0,0,0,0
0.663270,-0.005265,1.350113,-0.929478,0.569166,3.506693,0.685335,0,0,0,0
0.207459,-1.242821,0.343918,-0.172764,0.955775,-0.009862,-0.749942,0,0,0,0
-0.793418,-0.395218,-0.731623,1.475174,0.355509,-0.464983,-0.690524,0,0,0,0
-0.126538,-1.644045,2.146200,0.160545,0.524726,0.053878,1.258321,0,0,0,0
-0.037147,-1.272446,1.097489,-0.248747,-0.429301,-0.605314,0.371236,0,0,0,0
-0.936858,0.917955,-1.414327,-1.224192,1.420026,-0.834374,-0.709770,0,0,0,0
0.230267,-0.954383,1.019068,0.638158,0.019210,-0.613913,1.756764,0,0,0,0
-0.211656,-0.847554,0.797905,-0.844062,0.647862,-0.544806,0.209756,0,0,0,0
-0.124381,-0.883326,0.058970,-0.791137,-0.653792,-0.710980,-0.733571,0,0,0,0
-0.517713,-0.650665,0.680872,-1.026070,-0.012408,-0.364180,-0.250986,1,1,0,1
-1.266025,-0.879353,-0.823653,1.651492,1.538523,-0.573026,-0.333725,0,0,1,0
0.181570,-0.912029,-1.322926,0.845376,0.072320,-0.227268,1.893437,1,0,1,1
-0.517707,0.673326,-0.951347,-0.660473,1.855571,-0.755794,0.198434,0,1,0,0
0.136771,-1.187937,-0.225530,1.065560,1.207519,-0.497063,1.777358,1,1,0,1
0.439536,-0.307116,-0.256110,0.929244,-0.250461,-0.237264,0.852212,0,0,0,0
0.326686,-0.937999,0.554663,0.062924,0.453779,-0.208246,1.535202,0,0,0,0
0.088639,-0.763562,-0.219174,0.009868,-0.292089,-0.505901,-0.547970,0,0,0,0
1.249537,-1.131349,-0.643048,-0.892508,-0.445532,-0.355839,0.012803,0,0,0,0
-0.052288,-0.092822,-0.152209,0.305379,-0.677524,-0.563253,-1.485081,0,0,0,0
1.122122,-0.655188,-1.450105,-1.300348,-0.788703,1.359701,-0.694089,0,0,0,0
0.528164,0.751364,-2.304232,0.891443,-0.142601,0.595116,0.754469,0,0,0,0
0.959511,-0.335979,-0.080977,-0.605295,0.580646,0.628637,0.813365,0,0,0,0
0.484323,0.118348,-0.903155,-0.290370,-0.515959,3.092575,-0.448530,0,0,0,0
0.577178,0.428234,0.134713,0.502409,0.396220,3.835074,1.018186,0,0,0,0
0.517470,0.650621,-1.414770,0.454413,-0.198035,0.420443,0.270831,0,0,0,0
0.276345,0.936024,0.779428,0.993440,-0.736162,1.569014,0.833149,0,0,0,0
-0.152009,0.248295,-1.265696,-0.477130,-0.088599,0.613757,-1.411507,0,0,0,0
-0.368655,-0.068794,-0.761788,0.255508,-0.112399,-0.489333,-1.622623,0,0,0,0
-0.266359,-0.057805,-0.762679,0.306686,-1.109365,0.885628,-1.573015,0,0,0,0
-0.174548,-0.471676,-0.101519,0.637336,-0.379273,-0.115136,-1.128273,0,0,0,0
-0.572235,-0.765637,-0.426972,0.252361,-0.889256,-0.480641,-1.832752,0,0,0,0
-0.242481,1.075739,-1.324397,-0.221701,0.316657,-0.619907,-0.450640,0,0,0,0
-0.095092,0.227412,-1.597224,1.150378,0.469495,-0.534503,1.924852,0,0,0,0
0.502661,-0.430841,0.057759,0.224918,0.124252,-0.441299,0.253234,0,0,0,0
-0.323644,-0.005949,-1.473843,1.114000,0.299158,-0.461801,-1.630177,0,0,0,0
-0.267136,0.234216,-0.504860,0.016722,0.789580,-0.224157,-0.051967,0,0,1,0
0.105617,-0.209382,-1.833782,0.136371,-0.587021,-0.154453,0.394461,1,1,0,0
-0.195980,0.096455,-1.161388,-0.087970,-0.599207,-0.196367,-0.416454,0,0,1,1
-0.345537,0.872263,-1.823873,-0.536254,0.385458,-0.140488,0.178905,0,1,0,0
0.123487,0.232938,-0.397182,1.330655,-0.141997,-0.395669,0.997109,0,0,0,1
0.589864,-0.727847,-0.423627,-0.059658,-0.222191,-0.433291,0.517640,0,0,0,0
-0.028592,-0.516350,-0.017056,0.263544,-0.643603,-0.351663,-1.409331,0,0,0,0
-0.016204,-0.856187,-0.437153,-0.728655,-0.464755,-0.372913,-1.202892,0,0,0,0
0.257043,0.183935,-1.050220,0.324078,-0.688699,-0.455854,-0.262053,0,0,0,0
0.914359,-1.023181,-1.703083,-0.193453,-1.364814,0.112296,-0.777044,0,0,0,0
0.695548,-0.893869,0.674673,0.270097,-0.149145,-0.183691,0.471195,0,0,0,0
1.076760,-0.782453,0.500980,-0.271796,-0.081415,-0.155834,0.916165,0,0,0,0
0.967759,-0.889828,0.033355,-1.442163,-1.174851,-0.167037,-0.083416,0,0,0,0
1.051507,-0.461648,-1.506864,-1.284587,-0.367677,1.096102,-0.084065,0,0,0,0
0.847064,-0.457711,-1.199417,-1.107291,-0.486700,0.233498,-0.467324,0,0,0,0
0.204700,-0.349401,-0.666975,-0.836405,0.400001,2.486591,-0.424954,0,0,0,0
-0.369064,0.641791,-1.169355,-0.318875,0.865342,3.322264,-0.406397,0,0,0,0
0.391500,0.417196,0.055103,0.522528,0.993472,5.155041,1.546869,0,0,0,1
0.152803,0.272075,-2.145890,0.447969,1.517298,-0.056062,0.974891,0,0,0,0
0.116850,-0.575049,-1.291564,-1.200760,0.286723,0.778303,-0.607456,0,0,0,0
-0.157197,-0.696420,-1.386951,-1.053205,0.806794,-0.764755,-1.199132,0,0,0,0
-1.062314,-0.448151,-0.309541,2.088068,1.080581,-0.806377,-0.826748,0,0,0,0
0.037631,-0.447391,-0.825556,-0.920682,0.687473,-0.694092,1.026850,0,0,0,0
0.020056,0.247791,0.379090,0.102837,1.428636,-0.691345,0.025417,0,0,0,0
0.012094,-1.459879,0.481790,0.668858,0.856074,-0.816237,-0.857366,0,0,0,0
-0.211535,-1.150656,-0.126568,-0.061348,1.365365,-0.486697,0.815131,0,1,0,0
0.021774,-1.718171,0.041459,-0.382375,0.578998,-0.396715,-0.431763,1,1,0,1
-1.357673,1.682423,-2.043505,-2.353215,2.769244,-0.618261,-0.061051,0,0,0,1
0.166592,-1.115297,-0.288227,0.418978,0.440118,-0.257634,0.669526,0,1,0,0
-0.778389,-0.802855,0.665323,0.833823,1.237493,-0.555873,0.488455,1,0,1,1
-1.334152,-0.903485,0.397588,0.082420,2.077542,-0.414676,-0.117507,0,1,0,0
-0.222900,-1.357541,-0.249565,-0.393712,0.955397,-0.916144,1.470789,0,0,0,0
0.571414,-1.388662,0.048459,-0.841660,0.322033,-0.070289,0.148858,0,0,0,0
0.794108,-1.309727,-0.483710,-1.007658,0.260815,-0.850221,0.589832,0,0,0,0
0.685425,-0.753807,-1.549239,-1.361782,0.281572,-0.843760,-0.266921,0,0,0,0
0.660890,-0.855263,-1.489916,-2.039715,-0.986546,-0.877806,-0.204452,0,0,0,0
0.875274,-0.090509,-0.066450,-1.569046,-1.785041,0.501161,-0.144822,0,0,0,0
0.218959,-0.126403,-0.752384,-1.615296,0.656920,-0.512869,-0.746394,0,0,0,1
0.490454,0.448745,-0.858202,-0.620152,-0.135301,3.277368,-0.154367,0,0,0,0
0.486654,0.347125,0.201549,-0.394324,0.710036,1.126746,0.900956,0,0,1,0
0.489465,0.116150,-0.680308,-0.413745,0.201312,2.742079,0.402996,0,0,0,0
0.249760,-0.885914,1.542858,0.056249,0.026235,2.288451,1.206663,0,0,0,0
0.226071,-1.005942,2.288722,-0.298050,0.356189,2.936480,1.231077,0,0,0,0
-0.125721,-1.295435,1.646256,-0.290184,0.836554,0.176209,-0.635413,0,0,0,0
0.385831,-0.658838,0.534508,-1.015831,0.457350,0.638261,-0.231463,0,0,0,0
0.172350,-0.529080,0.490686,-1.140446,1.395747,0.441847,-0.632733,0,0,0,0
-0.077858,-0.753105,1.652615,-1.059720,1.551997,-0.755213,-0.556941,0,0,0,0
-0.790429,1.627876,-0.138960,-1.330649,1.503871,-0.900000,-0.503982,0,0,0,0
0.137543,-0.001413,0.287922,0.599248,-0.030864,-0.592718,1.009082,0,0,0,0
-0.492677,-0.757484,1.547288,-0.629861,3.002977,-0.818799,0.312482,0,0,0,0
-1.061283,0.416707,-0.565517,1.236150,0.346466,-0.889069,-0.482327,0,0,0,0
-0.387856,-0.373848,0.210084,-2.161878,0.972210,-0.611415,1.031957,0,1,1,0
-0.157575,-0.672008,1.369269,-0.160425,1.364047,-0.269199,0.744600,1,0,0,1
-0.444335,-1.152514,0.557441,-1.300085,1.634430,-0.610309,-0.552305,1,1,1,0
-1.226836,1.056957,-0.493411,-0.868003,2.090892,-0.473233,-0.120386,0,1,0,1
-0.830511,-0.729998,-0.179686,-0.002213,0.600557,-0.547678,0.884739,1,0,1,0
0.858069,-1.377114,0.328683,-0.934076,-1.107769,2.367126,-0.314541,0,0,0,0
-0.121785,-1.274874,0.403603,-0.443124,0.809930,-0.646807,-0.334944,0,0,0,0
-0.087351,-0.400911,0.102132,-1.518001,0.472683,-0.491047,-0.117806,0,0,0,0
0.930392,-1.117415,-1.215346,-0.926754,-0.421991,-0.356394,0.041835,0,0,0,0
0.728889,-1.610273,0.186123,-0.245629,-0.232384,-0.510997,-0.225490,0,0,0,0
1.129458,-1.459080,-0.100429,-0.692848,0.214450,0.083893,-0.250221,0,0,0,0
1.262048,-0.773395,-0.654998,-1.113150,-0.612295,0.170421,-0.215965,0,0,0,0
1.414775,-0.809974,-1.034050,-0.473524,-0.297149,2.656813,1.039578,0,0,0,0
0.260954,0.485766,-1.175221,0.688297,-0.370573,-0.065409,1.490754,1,0,0,0
0.899154,-0.653021,-0.776597,0.091613,-0.557449,1.494560,0.595859,0,0,0,0
0.971851,-0.432572,-0.653087,-0.233622,-0.124511,0.549684,0.763821,0,0,1,0
0.114969,-0.757252,0.536476,0.884997,0.312367,0.988717,0.142861,0,0,0,0
0.237077,-0.057562,0.045505,-0.510194,0.007316,0.917624,0.615372,0,0,0,0
0.256662,-0.647582,1.161846,0.859554,1.010112,-0.680064,-0.076599,0,0,0,0
0.237594,-0.507379,1.082127,0.439915,-0.120539,-0.126181,0.488900,0,0,0,0
0.081708,-0.790220,1.115337,1.926517,0.488909,-0.412647,0.244366,0,0,0,0
0.412865,-0.449122,0.939898,0.149980,-0.748660,-0.645450,1.153034,0,0,0,0
0.516794,-0.740546,0.915121,-0.069553,-1.072606,0.078655,1.819703,0,0,0,0
-1.082211,0.682479,-0.148679,0.642569,2.123846,-0.704745,-1.175926,0,0,0,0
0.377311,-0.688278,-0.018477,0.107199,0.021619,-0.452303,-0.145798,0,0,0,0
0.594684,-0.439169,1.245554,0.230070,0.175584,-0.412520,1.461975,0,0,0,0
0.378460,-0.565451,0.139461,0.410307,-0.676995,-0.493818,0.927973,0,1,0,0
-1.078761,0.395214,-0.887102,0.102304,1.065714,-0.527038,-1.450282,1,0,0,0
-0.956874,-3.356078,0.166046,-1.519889,-1.019454,-0.297220,-1.553965,0,0,0,0
-1.555745,-2.551224,-0.963561,-2.200072,-0.931042,-0.280934,-1.861364,0,0,0,0
-2.566171,-0.233607,0.453713,-0.479463,0.323282,-0.506538,-1.186408,0,0,0,0
-0.142155,-1.502690,-1.598954,-1.142831,-1.473671,1.416176,-1.123603,0,0,0,0
-0.394052,-2.177070,1.022516,1.402801,0.769735,-0.641452,0.215463,0,0,0,0
-0.540266,-2.227514,1.055080,1.097490,0.221962,-0.430464,0.583204,0,0,0,0
0.309778,-0.719562,0.585472,-1.444676,0.258779,-0.440943,0.276266,0,0,0,0
0.595464,-1.796160,0.296380,-1.120221,0.306169,-0.702610,0.185879,0,0,0,0
0.879342,-0.984956,0.681911,-0.854362,1.240725,-0.301931,0.261157,0,0,0,0
1.299189,-0.678444,0.143884,-1.358756,-0.326671,-0.328059,0.697257,0,0,0,0
0.336846,-1.572878,0.199003,-0.505273,0.706484,-0.581856,-0.251014,0,0,0,0
0.353175,0.056354,-0.058104,-0.609035,-0.579885,3.570855,-0.377250,0,0,0,0
0.210432,-0.828912,2.074240,-0.159163,0.275913,3.269120,1.121655,0,0,0,0
0.143428,-0.585352,1.335966,0.146515,-0.152782,2.585677,1.038499,0,0,0,0
-0.410262,0.717812,-0.980066,-0.547393,0.574270,3.127252,-0.502364,0,0,0,0
0.513996,0.014317,2.013081,-0.314371,0.609698,3.839893,1.503869,0,0,0,0
0.039101,-0.751058,0.756281,-0.894356,0.269317,0.247110,0.980221,0,0,0,0
0.034453,-0.950148,0.327786,-1.085733,-0.382416,0.221194,-0.520604,0,0,0,0
-0.199726,-0.611627,-0.510839,-0.815190,-0.539650,-0.596729,-0.924320,0,0,0,0
-0.943866,-0.494991,-1.045090,1.570303,0.965858,-0.733936,-0.779551,0,0,0,0
0.126393,-0.753071,-0.908094,0.769869,0.438637,-0.671857,1.029639,0,0,0,0
-0.891685,1.497631,-1.094994,-0.558722,2.334062,-0.868742,0.329131,0,0,0,0
0.162987,-0.960266,-0.045703,0.696929,0.861627,-0.434726,2.117280,0,0,0,0
0.198085,-0.907559,0.537230,1.019678,0.984000,-0.520067,0.044405,0,0,1,0
0.275174,-1.154336,0.269380,0.206847,0.285907,-0.419855,-0.222974,0,0,0,1
0.237738,-0.671631,0.182785,0.271163,0.373868,-0.507081,0.040747,0,0,0,0
0.002718,-0.900415,-0.487652,0.298861,0.118477,-0.503640,-0.583610,0,1,1,0
0.068073,-0.565762,-0.055226,-0.272603,-0.730653,-0.123904,-1.320852,0,0,0,0
-0.500230,-0.240135,-0.924809,0.092087,0.700402,-0.241690,-1.561589,1,0,1,1
-0.138277,0.280575,-1.122850,0.785932,-0.000649,-0.395604,0.317044,0,0,0,0
0.511537,-0.436969,-0.368810,-0.504839,0.104891,-0.396641,-0.126325,0,0,0,0
0.746391,-0.197707,-2.479559,-0.588431,-2.226608,-0.520568,-0.732747,0,0,0,0
0.922177,-0.377603,-0.499577,-0.256701,0.145974,0.158344,0.540245,0,0,0,0
0.482580,0.024633,-1.846377,0.593008,-0.240319,-0.275109,-0.324433,0,0,0,0
1.365798,-0.296114,-0.084930,-0.521894,-0.649505,0.409130,0.824530,0,0,0,0
-0.132444,-0.010957,-1.014750,-0.169751,-0.478317,-0.617526,-1.477184,0,0,0,0
-0.120804,-0.260613,-1.194483,-0.335726,-0.471319,2.794729,-1.211780,0,0,0,0
0.038295,-0.357465,-0.995033,0.263246,-0.813977,0.529999,-1.449681,0,0,0,0
0.358723,-0.285547,-0.148534,-0.236121,-0.292121,3.595434,-0.975111,0,0,0,0
-0.386353,-0.258897,-0.547969,-0.091759,-1.422747,0.256331,-1.797461,0,0,0,0
-0.159335,0.816733,-0.711436,-0.565368,0.449968,2.956810,-0.407695,0,0,0,0
0.250108,0.256190,-2.008168,0.947151,-0.517475,0.973894,0.102420,0,0,0,0
0.353843,-0.013978,0.595908,0.899583,0.103404,-0.356853,1.159811,0,0,0,0
-0.335598,-0.331193,-1.688984,0.490864,0.039319,-0.408809,-1.649579,0,0,0,0
-0.147748,0.311990,-0.702752,0.454523,0.366412,-0.968279,-0.503053,0,0,0,0
0.065713,-0.036969,-1.563668,0.748889,-0.518239,-0.501119,1.479441,0,0,0,0
0.003611,0.603545,-0.863076,-0.093959,-1.002954,-0.753058,-0.258495,0,0,0,0
-0.350644,1.095922,-2.231458,-0.114715,0.516792,-0.758024,-0.259775,0,0,0,0
0.156684,0.229894,-0.592713,1.211408,-0.409127,-0.484090,1.608862,0,0,0,0
0.143360,-0.179241,-1.060276,-0.013148,0.390608,-0.270169,0.166412,1,0,0,1
0.177723,-0.902246,-0.403904,0.489699,-0.421975,0.130684,-1.215923,0,0,0,1
-0.203223,-0.424121,-1.967547,1.274563,-0.373386,-0.678674,-1.404837,1,1,0,0
-0.094693,0.170714,-0.900686,1.967774,0.002446,-0.070503,-0.279780,0,0,1,0
-0.105333,-0.237279,-1.427620,1.473694,-0.373082,-0.400154,-1.259770,1,1,1,1
0.315643,-0.634593,1.081097,0.898225,-0.276071,-0.506170,0.504912,0,0,0,0
0.445365,-1.355492,1.183272,0.612056,-0.034771,-0.387575,0.880186,0,0,0,1
0.533739,-1.217114,1.361788,0.777610,-0.243934,-0.319560,0.364362,0,0,0,0
1.195520,-1.461352,0.061057,0.199178,0.014191,-0.315240,0.756877,0,0,0,1
0.588813,-1.805777,0.744127,0.296239,-0.227178,-0.545538,0.312029,1,0,0,0
1.182335,-0.906615,-1.076511,-0.133181,-0.887373,0.191787,-0.166865,0,0,0,0
1.042172,-1.031222,0.372412,0.750117,0.872926,0.902149,1.095073,0,0,1,0
0.986194,-1.919115,0.330768,0.234689,0.147712,-0.402672,0.617050,0,0,0,0
0.434309,0.430465,-1.397036,0.338251,-0.794556,3.064488,0.053599,0,0,0,0
0.785788,-0.723474,-1.974730,0.763080,0.147191,4.630687,1.244126,0,0,0,0
0.805842,-0.637183,-0.944074,-0.529765,1.227939,1.824330,1.019667,0,0,0,0
0.528408,-0.363663,0.825625,1.215826,0.448489,3.657515,0.802148,0,0,0,0
-0.157695,-0.080980,-0.583392,-1.140251,0.079661,3.202400,-0.532733,0,0,0,0
0.120778,-0.742389,0.042485,0.856494,0.093229,-0.049885,1.195935,0,0,0,0
0.026821,-1.007531,1.156721,0.718496,1.072273,0.188566,0.907140,0,0,0,0
-0.385405,-1.025567,-0.248841,0.265148,0.345673,-0.265900,-0.506907,0,0,0,0
0.418477,-1.744310,0.078750,-0.105848,0.988038,-0.564153,1.758352,0,0,0,0
0.157889,-0.577606,-2.382639,-0.049580,-0.516330,-0.462767,-0.006880,0,0,0,0
-1.030321,0.701931,-1.247568,-0.200676,1.895522,-0.768113,-0.417723,0,0,0,0
0.367472,-1.435824,0.315827,1.178146,1.563653,-0.523758,1.384910,0,0,0,0
-0.331686,-1.447345,-2.557527,1.634345,0.662482,-0.224556,-0.436604,0,0,0,0
-1.203114,-0.634478,-1.112637,1.146473,0.759781,-0.567198,-0.390831,1,0,0,1
-0.004869,-1.137666,-2.068730,-0.053527,0.899631,-0.441010,0.993344,0,0,1,0
-0.210138,-1.463149,-1.445814,0.002568,0.077186,-0.730002,-0.012885,1,0,0,0
-0.327282,-2.067544,-2.203439,0.998672,0.232895,-0.599626,-0.367966,1,0,0,0
-0.257682,-1.676024,-2.312846,1.302848,-0.496243,-0.426165,-0.297980,0,0,1,1
-0.191608,-1.940726,-0.151388,0.544511,0.988839,-0.771823,0.255186,0,0,0,0
-0.082178,-0.834599,-0.349454,2.089197,0.145939,-0.584322,1.732929,0,0,0,0
-0.224696,-0.859634,-1.464191,0.337372,-1.092939,-0.583490,1.036209,0,0,0,0
0.367341,-0.217934,-0.962751,0.013029,0.724297,-0.274320,0.354713,0,0,1,0
0.894965,-0.986784,-1.115394,-0.606286,-0.962634,-0.644913,1.119733,0,0,0,0
0.698022,-0.636995,-0.131054,-0.106057,0.144426,0.055404,0.849985,0,0,0,0
0.896507,-0.395414,-0.656646,-0.061671,-0.810250,-0.546148,1.583421,0,0,0,0
0.927614,-0.270901,-1.157319,-0.963428,-1.273309,-0.332882,-0.437506,0,0,0,0
1.335819,-0.038010,-0.199688,-0.916986,-0.059075,7.152374,1.595730,0,0,0,0
0.757834,-0.415802,-1.171090,-0.795451,0.311651,0.251381,0.682591,0,0,0,0
-0.279676,-0.061485,-0.446892,2.087060,-0.041238,2.135162,-0.480375,0,0,0,0
0.275638,-0.184626,-0.542762,0.434484,1.427538,3.940846,1.209866,0,0,0,0
0.557669,-0.210875,-0.470414,-0.144370,0.692905,3.481449,0.981036,0,0,0,0
-0.651363,0.008540,0.925629,1.553301,-0.165672,-0.581676,-0.705679,0,0,0,0
-0.220586,-0.960173,-0.398157,0.749277,1.138247,0.286656,0.691111,0,0,0,0
-0.023129,-0.150764,-0.563770,-1.008865,0.807515,-0.575629,0.341293,0,0,0,0
0.307967,-0.658500,0.707764,0.817638,-0.056752,-0.548326,-0.092677,0,0,0,0
-0.627050,0.027176,-0.777688,0.135116,0.723248,-0.841080,-0.572940,0,0,0,0
-0.213706,-0.483268,-0.437845,0.934955,0.585856,-0.808103,1.100405,0,0,0,0
-0.207860,-0.807475,0.565444,-0.153467,1.185802,-0.598174,-0.085239,0,0,0,0
-0.584005,-0.345719,-0.533235,0.483145,-0.049951,-0.710770,-0.660275,1,1,0,0
-0.668885,-0.462691,-0.428777,0.571786,0.325932,-0.480159,0.941503,0,0,1,0
0.138244,-0.718480,-1.009864,0.053625,-0.865026,-0.019454,0.150468,1,0,1,1
-0.858381,0.585090,-1.012717,-0.677943,1.630389,-0.522795,-0.160177,1,1,0,1
-0.161967,-0.992350,-0.449603,-0.296908,-0.212267,-0.186906,0.822142,0,0,1,0
0.127090,-0.907807,-0.368155,0.830738,0.517459,1.481370,0.007900,1,0,1,1
-0.174701,-0.850852,0.416249,0.405262,0.749586,-0.547295,0.371773,0,0,0,0
-0.209944,-1.064011,-0.561462,-1.035026,-0.019042,-0.562275,0.667473,0,0,0,0
0.471851,-0.719457,-0.857468,-0.477361,-0.948878,-0.616429,0.003833,0,0,0,0
0.547854,-1.284947,-1.633173,-0.485429,-1.369533,-0.445395,-0.313352,0,0,0,0
1.040910,-0.836016,-1.043965,-0.167268,-1.308454,-0.256668,0.089809,0,0,0,0
1.259856,-0.617228,0.226036,-0.034537,-0.618500,2.198118,1.361620,0,0,0,0
0.851418,-0.439633,-0.084235,-0.343669,-0.589393,-0.096278,0.967016,0,0,0,0
0.377687,0.404255,-1.503623,0.703560,-1.236337,2.512366,-0.053084,0,0,0,0
0.559361,-0.074481,0.197290,1.681404,-0.098261,2.454119,1.021475,0,0,0,0
0.724548,-0.433536,0.381446,0.697583,0.387857,3.966678,0.892082,0,0,0,0
0.544920,-0.229275,1.197693,0.355133,0.447973,0.682603,1.549535,0,0,0,0
0.013383,-0.427406,1.453117,2.066715,0.484048,0.817612,1.585135,0,0,0,0
-0.006757,-0.499440,-0.415210,1.409635,-0.394514,0.497682,-0.687692,0,0,0,0
0.488135,0.233845,0.234334,1.463017,-0.006208,-0.064939,0.761792,0,1,0,0
-0.124747,0.210922,-0.479286,1.963333,0.599352,-0.640971,1.140955,0,0,0,0
-0.317612,0.358103,-0.502912,1.854842,0.415960,-0.966430,-0.529293,0,0,0,0
-0.555171,0.648355,-1.955980,1.394341,2.122421,-0.746163,1.656735,0,0,0,0
0.146949,-1.085000,0.523121,1.787529,1.068762,-0.520210,1.735862,0,0,0,0
-0.689635,0.035289,-0.614260,0.440436,1.190491,-0.844729,-0.417950,0,0,0,0
0.153282,-0.809039,-1.471480,0.773653,0.643976,-0.558944,0.377918,0,0,0,0
-0.148537,-0.712738,0.080815,-0.338551,1.462328,-0.366676,2.188353,1,0,1,0
0.170184,-1.443134,-0.025015,1.824125,1.500429,-0.480985,1.432189,0,1,0,0
0.349380,-0.943624,-0.621936,0.884738,0.748886,-0.394559,0.930624,0,0,1,1
-0.417095,0.229498,-1.008856,-0.673983,1.246091,0.593777,0.294253,0,0,1,1
-1.938175,-0.199224,0.430187,0.723574,2.543958,-0.656223,-0.226639,1,0,1,1
-0.156267,-0.360760,-2.038943,-0.069416,-0.011375,-0.286839,0.012077,0,0,0,0
-0.443772,0.006555,-1.374334,0.783679,0.630430,-0.472000,1.087514,0,1,0,0
-0.114677,-0.311975,-0.588283,-0.523369,0.065220,-0.452996,-0.006506,0,0,1,0
1.060870,-1.216511,-0.352472,-0.485115,-0.224681,-0.347112,0.886429,1,0,0,0
-0.052017,-0.444252,0.312224,1.011165,1.158927,-0.543255,1.331244,0,1,0,0
1.001141,-0.197561,-1.267826,-0.278671,-0.926519,-0.158026,0.609527,0,0,0,0
0.584610,0.335279,-2.332228,0.509369,0.155289,1.071358,0.765197,0,0,0,1
0.878395,-0.757379,-1.203173,-1.170978,0.397810,-0.464409,0.646461,0,0,0,0
0.496066,0.399182,-1.055545,0.026349,-0.372954,2.349514,0.452083,0,0,0,0
0.649488,0.448774,-2.072724,0.791972,-0.429180,6.727692,1.102977,0,0,0,0
0.370675,0.794661,-2.091080,0.566260,0.360215,1.175383,1.718388,0,0,0,0
0.325611,0.221320,1.439247,1.759623,-0.329916,3.793050,0.893880,0,0,0,0
-0.244546,0.476075,-0.153947,0.062672,0.306352,1.584993,0.260918,0,0,0,0
0.262007,-0.032756,-1.974447,1.485838,1.783787,0.787465,1.177865,0,0,0,0
-0.485414,0.918528,-0.556759,0.267276,1.302706,-0.112449,1.616353,0,0,0,0
0.153554,-1.625934,0.895762,0.703323,-0.092708,-0.422255,-0.289988,0,0,0,0
-0.533201,-2.030395,1.624595,0.670541,-0.173296,-0.733677,0.712532,0,0,0,0
0.057998,-1.640095,0.686897,0.093741,-0.671345,-0.492898,0.146536,0,0,0,0
-1.054646,-1.842675,-0.146623,1.564386,1.083429,-0.817496,-0.708388,0,0,0,0
0.497311,-1.035485,0.381581,0.362596,0.365121,-0.541003,1.400932,0,0,0,0
0.146621,-0.799381,0.274763,0.015488,-0.454347,-0.085535,-0.155237,0,0,0,0
-0.522780,-1.572082,0.694093,1.333659,0.770500,-0.606683,-0.921353,1,1,0,0
-0.953959,0.614554,-1.998988,-0.726075,0.868112,-0.657246,-0.453317,1,0,0,1
0.378377,-1.444260,-1.375223,0.255831,0.129058,-0.308506,0.948164,0,1,0,0
-0.011642,-1.968369,-1.540642,0.273686,0.535973,-0.110032,0.240517,0,1,1,1
-0.676015,-1.775633,0.721961,1.476689,0.315685,-0.384508,0.053692,0,0,1,0
0.194369,-1.657667,-0.597831,-1.235145,-0.483958,-0.548396,0.553733,0,0,0,0
0.118437,-0.927481,0.180609,0.041569,-0.595185,-0.562158,-0.251036,0,0,0,0
-0.403502,-0.448762,-1.020328,0.537518,0.208042,-0.288230,0.352547,0,0,0,1
0.905657,-0.702220,-1.126596,-0.558900,-0.789613,-0.538238,0.783559,0,0,0,0
0.457233,-1.252094,-0.056711,-0.900025,-0.288352,-0.511068,0.232337,1,0,0,0
1.311577,-1.090353,-0.196300,-0.816057,-0.804534,-0.141363,0.362043,0,0,0,0
0.685341,-0.435397,-2.202444,0.725271,-0.129858,0.386869,0.486279,0,0,0,0
1.004285,-0.460941,-1.512053,-0.433757,-1.201226,-0.481685,0.723573,0,0,0,0
1.376224,-0.815225,0.977787,-0.253101,0.163367,4.276266,1.528563,0,0,1,0
0.350782,-0.123431,-0.558957,0.302809,-0.061638,0.972182,1.278678,0,0,0,0
-0.163556,-0.387102,-1.017872,1.378144,-0.105305,1.860986,-0.345943,0,0,0,0
0.693114,-1.940631,1.005164,-0.134224,0.889721,3.616529,1.379169,0,0,1,0
-0.570830,1.309576,-0.265552,-1.580513,0.994293,1.154167,1.251906,0,0,0,0
-0.180493,1.079484,-1.652390,0.663642,0.065097,0.097782,0.754761,0,0,0,0
-0.191381,0.694380,-1.384334,0.893183,-0.706499,-0.247894,1.742406,0,0,0,0
-0.005547,0.496187,-2.341165,1.373273,-0.144910,-0.751994,-0.076277,0,0,0,0
0.243623,0.079879,-1.256603,1.865414,-0.909685,-0.730783,-0.317683,0,0,0,0
-1.681305,1.488504,-1.298488,1.601827,0.909275,-0.930497,-1.268309,0,0,0,0
-1.844563,1.377388,-1.293931,2.154952,1.595582,-0.680422,-1.002648,0,0,0,0
-1.116399,0.266649,1.007771,0.673799,0.500849,-0.155634,-1.309658,0,0,0,0
0.219485,-0.666979,1.788729,0.839395,0.205123,-0.513414,0.081005,1,1,0,0
-0.031647,-0.414158,2.526672,1.730494,0.372940,-0.275125,1.283976,0,0,1,1
-0.192605,-0.632509,1.020039,1.021213,-0.191507,-0.408872,0.357912,0,0,0,0
0.992580,-0.325074,-0.380203,0.338166,-0.099293,-0.401160,0.916311,0,0,0,0
0.790401,0.066914,-1.448678,0.352135,-1.080455,-0.359779,1.392784,0,0,0,0
0.861018,0.245904,-0.616359,0.217360,-0.279625,1.053173,0.566716,0,0,0,0
-0.299746,0.822219,-0.856442,0.206538,0.662847,2.045903,-0.157720,0,0,0,0
-0.993078,0.394621,0.646742,1.471147,0.674700,0.197315,0.111542,0,0,0,0
-0.801505,1.042136,-0.940773,0.521543,2.143573,-0.834952,0.318158,0,0,0,0
-0.599621,0.734055,-0.189817,1.095152,0.708279,-0.879587,0.376531,1,1,0,0
-1.026066,1.394694,-0.908994,-0.429454,1.094452,-0.803967,-0.406246,0,0,1,1
-0.750880,-0.289936,0.522733,1.779874,0.834322,-0.581942,0.120194,0,1,1,0
-0.241975,-0.705294,-0.137020,0.856158,0.266322,-0.570413,0.467359,0,0,0,0
0.765200,0.414491,-1.807413,0.363792,-0.995857,-0.233005,0.900249,0,0,0,0
1.021723,-0.300600,-0.302904,0.395131,-0.662474,4.971833,0.402330,0,0,0,0
0.658331,0.025328,-0.050543,1.449006,-0.176942,0.742490,1.008051,0,0,0,0
-0.568493,1.616055,-0.553861,-0.102974,0.987208,-0.080695,1.227056,0,0,0,0
0.413650,-0.354127,0.833073,1.150781,0.376654,-0.351605,-0.021143,0,0,0,0
0.414873,-0.624674,0.718493,2.199230,0.846411,-0.365902,0.325277,0,0,0,0
-1.113438,0.969524,0.254353,1.634719,1.956297,-0.543874,0.489170,1,0,1,1
0.154910,-0.633366,1.629849,1.872063,0.535087,0.004500,0.251224,0,1,1,0
0.584539,-0.144964,0.708204,0.831595,0.257149,-0.165956,1.101705,0,0,0,0
0.734881,-0.875271,-0.340276,-0.681311,-0.202973,-0.686497,-0.141586,0,0,0,0
0.718076,-0.606986,-0.351196,1.147648,0.319639,-0.562979,0.631273,0,0,0,0
0.412546,0.480187,-0.070897,0.881875,0.080925,0.282077,1.172709,0,0,0,0
0.435292,0.003912,0.545127,0.960367,-0.810013,5.983762,-0.026224,0,0,0,0
0.707680,-0.461065,1.383426,0.482985,0.260656,0.132684,0.675652,0,0,0,0
0.523724,0.039816,1.354342,0.625941,0.514742,-0.681944,0.970401,0,0,0,0
0.677116,-0.169225,0.132102,1.259215,-0.274235,-0.262606,1.094729,0,0,0,0
0.366255,-0.208068,1.089471,0.710700,0.393091,-0.036080,0.822159,0,0,0,1
0.423228,-0.615650,1.065731,0.537677,0.520944,-0.580857,1.342535,0,0,0,0
1.049650,-0.431176,0.155099,-1.166697,-0.174553,-0.162836,0.819326,0,0,0,0
0.636596,-0.148895,-0.745981,-0.545489,0.754703,1.776328,0.009942,0,0,0,0
0.311762,-0.025357,-1.017999,-0.636321,0.583977,-0.089976,-0.246831,0,0,0,0
-0.071911,-0.637944,0.233258,-0.182311,0.903879,-0.715911,-0.230989,0,1,1,0
0.073649,0.110663,-0.544228,-0.488633,1.202692,-0.285651,0.284108,0,0,0,0
0.618917,-0.340204,-1.752057,-0.000787,1.375848,0.018362,0.078971,0,0,0,0
0.133255,-0.384630,-0.799723,1.053241,1.272136,3.217105,0.066796,0,0,0,0
0.061262,0.109662,-0.610637,-0.809615,1.294247,0.336353,-0.000303,0,0,0,0
-0.063195,-0.499871,0.663698,0.147023,0.630401,-0.589219,-0.924158,1,0,1,0
-0.256629,-0.280422,0.095504,-0.978833,1.653099,-0.367741,0.754974,0,0,0,0
0.766473,-0.437489,-0.417147,-0.806189,0.671972,-0.159493,1.031238,0,0,0,0
0.420124,-0.009310,1.335848,1.161317,-0.257538,2.874275,0.696425,0,0,0,0
0.556448,-0.655354,1.052875,1.172377,0.356757,-0.169258,2.020775,0,0,0,0
-0.726534,1.910545,-1.500607,-0.255921,0.925070,-0.723175,0.354948,1,1,1,0
0.442383,-0.240178,0.915546,1.067219,-0.058357,-0.165155,0.197349,0,0,0,0
0.466220,-0.273825,1.531163,0.383039,-0.122644,-0.266492,0.997951,0,0,0,0
0.472208,-0.169679,0.671452,0.379868,-0.686414,3.708956,-0.059551,0,0,0,0
0.661666,-0.348527,-0.054648,0.800375,-0.058841,-0.213413,1.374186,0,0,0,0
-0.594140,1.685442,-1.613832,0.443057,0.606967,-0.645508,0.523815,1,0,1,1
0.539982,-0.159150,0.608181,0.645214,-0.167705,-0.233354,0.465650,0,0,0,0
0.468516,-0.313265,0.467097,1.577348,-0.183740,-0.594289,1.181887,0,0,0,0
0.423323,0.074837,0.920088,0.804655,-0.746413,4.106388,0.023581,0,0,0,0
0.622577,-0.436920,0.997569,1.319168,-0.905523,0.478472,1.279012,0,0,0,0
0.291586,-0.159147,1.597295,1.170099,-0.133018,-0.294819,0.586318,1,0,0,0
0.520925,-0.474393,1.183919,1.302688,0.034193,-0.408212,1.303605,0,0,0,0
1.222906,-0.094156,-0.517816,0.089111,-0.846206,-0.009221,0.873455,0,0,0,0
0.071775,-0.057842,2.350259,1.405537,-0.127861,-0.344921,0.679542,0,0,0,0
-0.301728,0.071098,1.062497,1.938549,-0.496005,-0.796594,0.415371,1,0,0,1
0.828847,-0.046045,-0.759331,0.039417,-0.788259,-0.071392,1.333768,0,0,0,0
-0.017785,0.329788,0.380108,1.079258,0.609096,0.467340,0.220015,0,0,0,0
-0.481912,0.680377,0.152093,1.433732,0.906573,-0.807657,0.638665,1,1,0,0
1.071816,0.082155,-0.649516,-0.425643,-0.472868,-0.043603,0.804061,0,0,0,0
-0.042367,0.452999,0.418946,1.007698,0.748883,3.036436,1.505182,0,0,0,0
-0.665153,0.726046,-1.406199,0.325433,0.603232,-0.839591,-0.609838,0,1,1,0
0.831551,-0.056046,-1.254784,0.209695,-1.132470,-0.560413,1.279154,0,0,0,0
-0.190418,0.386367,0.495103,1.321449,-0.081978,4.226980,0.754512,0,0,0,0
-0.985857,0.224154,1.360922,2.222468,0.704043,-0.831903,0.712317,0,1,1,1
0.639116,-0.395335,-0.017199,1.002911,-0.350210,-0.349779,0.702393,0,0,0,0
0.319377,0.108884,0.304945,0.223473,-0.125784,-0.101414,1.132127,0,0,0,0
0.409237,0.142981,1.110463,0.830657,0.077442,-0.574859,0.214496,0,1,0,0
0.177233,-0.417656,1.802379,2.123835,-0.377566,-0.225991,1.672677,0,0,0,0
0.283667,0.040572,1.116764,1.432292,-0.544353,2.609790,0.237576,0,0,0,0
0.735380,-0.429591,0.513471,0.641883,0.017655,-0.568393,1.204995,0,0,0,0
0.518921,-1.110558,0.415824,0.059517,0.130552,-0.729845,0.844378,0,0,0,0
0.720193,-0.584300,0.605713,1.051813,0.079694,1.024223,0.762815,0,0,0,0
0.258551,0.302898,0.383792,-0.282542,-1.002512,-0.275793,0.559144,0,1,1,1
0.378947,-0.563469,0.718880,0.794731,-0.046966,-0.218492,0.374451,0,0,0,0
0.780047,0.339149,0.735657,0.150022,0.204114,1.053992,1.261383,0,0,0,0
0.717919,-0.693044,0.785823,0.435740,0.691727,0.105589,0.863343,0,0,0,0
1.215235,-1.277774,-0.334931,-0.693237,-1.548431,-0.676789,-0.754244,0,0,0,0
0.519544,-0.528751,0.946141,0.998035,0.320603,0.252393,0.686249,0,0,0,0
0.090713,0.057377,1.120123,0.892765,0.078899,-0.501837,0.985889,0,0,0,0
0.707475,-0.284098,0.550354,0.990050,-0.346842,0.001798,1.140054,0,0,0,0
-0.104823,0.571312,-0.616375,0.791975,-0.854635,-0.582934,0.844756,0,0,0,0
0.585734,-0.587694,0.915288,1.258414,-0.318883,-0.031795,0.518202,0,0,0,0
-0.019117,0.522482,-0.723165,1.632388,-0.677534,-0.420688,0.703577,1,1,0,1
0.969988,-0.652868,-0.615100,0.368980,-1.187163,-0.080677,0.522986,0,0,0,0
0.336371,-0.090263,1.769924,0.376607,-1.114421,-0.576075,-0.214239,0,0,0,0
0.296516,-0.611075,1.559015,0.755272,-0.519354,-0.284311,1.069567,0,0,0,0
-1.409647,2.360827,-0.932985,-0.495222,0.518676,-0.463036,0.048011,0,0,0,0
-1.412271,2.289661,-2.258928,-1.149085,1.932095,-0.553026,-1.683017,0,0,1,0
-1.543798,2.337306,-2.495692,-2.643804,0.593253,-0.219955,-1.293517,0,0,0,0
-2.006486,1.932681,-1.222136,-2.568023,0.830921,-0.475327,-1.862501,0,1,0,0
-1.734528,1.956736,-1.497067,-2.474420,0.259282,-0.076690,-2.067080,0,0,0,0
-1.866275,1.604079,-0.209108,-1.585460,0.327003,-0.329447,-2.210272,0,1,0,0
-1.772963,1.039091,-0.512384,-3.184303,-1.298651,-0.240596,-2.275321,0,0,0,0
-1.730582,0.282940,0.026708,-2.149853,-0.996633,0.167675,-2.391001,1,0,0,0
-1.142916,0.085131,-0.522687,-1.736068,-1.630003,-0.229029,-1.635541,0,0,0,0
-1.132860,0.561199,0.079045,-1.154784,-1.119236,-0.015511,-1.627202,0,0,0,0
-0.687945,0.345944,-0.175472,-0.089875,-1.404039,-0.181681,-1.386982,0,0,0,0
-0.498783,0.636688,0.090268,-0.321973,-0.875573,-0.361589,-0.805401,0,0,0,0
-0.131759,-1.065813,1.577500,0.640582,-1.123047,-0.518428,-0.569810,0,0,0,0
0.264348,0.056299,1.837034,-0.320473,-0.715258,0.350454,0.961002,0,0,0,0
-0.465192,-0.549559,3.097913,1.059982,-1.668332,-0.472470,-0.294034,0,1,1,0
-0.327336,-0.108285,1.201238,0.575827,-0.798029,-0.252011,-1.084397,0,0,0,0
-0.330466,0.204022,0.055085,-0.336598,-0.241101,0.040044,-1.232801,0,0,0,0
-0.364167,0.801961,-1.156951,-0.307562,0.101928,-0.283117,-1.270859,0,0,0,0
-0.563961,1.282137,-1.185707,-0.445522,0.313920,-0.304457,-1.345324,0,0,0,0
-0.749290,1.434666,-1.532047,-0.874026,0.402401,-0.228171,-1.407402,0,0,0,0
0.175452,0.818331,-0.887202,-1.775682,0.026968,-0.220808,-1.058761,0,0,0,0
-1.564222,1.123395,1.491536,1.992708,-0.548314,-0.667476,-1.853176,1,0,1,0
-0.827724,1.936832,-1.765877,-0.984480,0.690888,-0.186865,-1.605349,0,0,0,0
-1.138195,0.896301,-0.705945,0.544938,0.043133,1.455422,-1.701393,0,0,1,0
-0.385254,0.647429,-0.966295,-1.845912,1.235032,-0.341827,-1.425779,0,0,0,0
-1.505454,1.951059,-0.633854,0.021642,1.008391,-0.158634,-1.816561,0,0,0,0
-0.773485,1.157915,-0.581611,-1.787162,0.837058,-0.452096,-1.614013,0,0,0,0
-0.505856,1.489309,-0.878482,-2.048521,1.410267,1.094006,-1.382617,0,0,0,0
-0.882475,1.929996,-2.128330,-1.533030,1.786512,-0.290355,-1.602796,0,0,0,0
-1.722304,1.656231,-0.330760,0.565896,1.732671,0.089080,-1.868561,0,0,0,0
-1.259489,2.239228,-2.471158,-1.764787,1.629575,-0.295094,-1.735784,0,0,0,0
-0.977841,2.312648,-2.818535,-1.961180,1.899834,0.262202,-1.701118,0,0,0,0
-1.062493,2.297135,-2.038810,-2.016660,1.221194,-0.166991,-1.744988,0,1,0,0
-1.751046,1.467258,-0.245801,0.331596,2.201304,-0.483190,-2.097475,0,0,0,0
-0.805393,0.590486,-0.892681,0.134011,1.218473,0.630997,-1.639941,0,0,0,0
-0.757573,1.006992,-1.611115,-0.634378,1.029660,-0.130391,-1.470102,0,0,0,0
-1.132661,2.156743,-1.201057,-1.175264,1.703170,-0.428844,-1.570033,0,0,0,0
-0.696085,1.119009,-0.529497,-2.114811,0.961711,-0.661935,-1.573612,0,0,0,0
-0.084111,1.019753,-0.118192,-3.305466,2.010237,0.063385,-1.194937,0,0,0,0
-1.857400,1.681557,1.165056,0.891061,1.371238,-0.669197,-1.593314,1,0,1,0
-1.038613,1.159166,-0.378317,0.528177,1.044873,-0.423971,-1.722662,0,0,0,0
-1.254370,0.944480,-0.092578,-0.041679,1.258023,-0.712183,-1.680260,0,0,0,0
-0.669879,0.392156,-0.255970,-0.813182,1.259408,-0.490434,-1.732441,0,0,0,0
-1.609468,0.945622,0.629995,0.931597,0.701899,-0.605559,-2.090108,0,0,0,0
-1.046538,1.910693,-1.943744,-1.126605,1.155202,-0.528123,-1.641104,1,0,0,0
-0.219582,0.522249,-0.131037,-2.110996,0.919843,1.427282,-1.392363,0,0,0,0
-1.819677,0.811930,1.319147,1.041245,0.447939,-0.771690,-2.096542,0,0,0,1
-1.361237,1.530563,-1.791005,-1.588352,0.725724,-0.545712,-2.074699,0,0,0,0
-0.683539,1.059683,-0.608527,-1.134302,0.816371,0.100385,-1.620054,0,0,0,0
-0.533101,1.652394,-2.236245,-2.093270,0.808916,0.034755,-1.564215,0,0,0,0
-1.067984,1.828746,-1.168874,-1.676809,1.030605,1.072114,-1.665794,1,0,0,1
-1.399591,0.747204,-0.429913,0.380177,1.201402,-0.622250,-1.990932,0,0,0,0
-0.871734,1.861537,-1.601797,-1.682438,-0.019587,1.532274,-1.469100,0,1,0,0
-1.238681,1.492825,-1.655958,-1.637602,0.321016,-0.482391,-1.943188,0,0,0,0
-0.979633,1.903818,-1.415578,-1.704141,0.643124,-0.193154,-1.675370,0,0,0,0
-0.812763,0.854619,-0.972277,-1.161370,0.354811,-0.434375,-1.717811,0,0,0,0
-0.244305,-0.042820,-0.715663,-0.868517,0.572509,0.335085,-1.678546,0,0,0,0
-0.879866,1.436187,-1.653208,-0.692756,0.951424,-0.212249,-1.466216,0,1,0,1
-1.248064,1.263690,-0.094835,1.089937,0.292244,-0.379130,-1.634103,0,0,0,0
-0.662919,0.436508,1.770756,-0.883947,0.202337,0.322276,-1.258490,0,0,0,0
-0.840425,0.722764,0.690446,-1.003374,0.684242,-0.766821,-1.370391,0,0,0,0
-1.419992,1.547072,0.039135,0.452073,0.159946,-0.585113,-1.867220,0,0,0,0
-0.834232,2.038136,-1.285630,-0.727855,-0.009303,-0.640329,-1.467781,0,0,0,0
-0.953593,1.819494,-1.607007,-0.012994,0.656365,-0.343336,-1.495602,0,0,0,0
-0.984804,1.919803,-1.891765,-0.513240,0.480958,-0.310238,-1.577558,0,0,1,1
-1.271883,1.551179,-0.075334,0.964034,0.130487,-0.243423,-1.540896,0,0,0,0
-0.739877,2.095651,-1.663829,-0.723505,-0.544088,0.564573,-1.328975,0,0,0,0
-0.174048,0.833183,-1.743795,-1.080856,-0.591177,0.013430,-1.427421,0,0,0,0
-0.664517,1.026938,-1.377824,-0.571504,0.530399,-0.263492,-1.582681,0,0,0,0
-1.273256,0.893335,-0.402220,0.981311,-0.081561,-0.622677,-1.894491,0,0,0,0
-0.445761,0.155110,1.359377,-1.515144,0.295587,2.554907,-1.571751,0,0,0,0
-1.035902,0.667725,-0.752981,-0.341649,0.372448,-0.560531,-1.988260,0,0,0,0
-0.720740,1.581988,-1.896158,-0.480729,-0.255913,-0.419477,-1.523791,0,0,0,0
-1.039630,0.944665,-1.957490,0.222453,0.144171,-0.743490,-1.964835,0,0,0,0
-0.616480,1.876312,-1.712405,-0.189917,-0.244887,-0.350907,-1.518664,0,0,0,0
-0.846357,1.277288,-2.098746,-0.562214,-0.099248,-0.170913,-1.754728,1,0,1,0
-0.845645,1.103887,-2.140809,-0.238207,0.534800,-0.338439,-1.746053,0,0,0,0
-0.869931,1.206169,-1.822557,0.207010,0.038348,0.100239,-1.700823,0,0,0,0
-0.672724,0.096925,-1.292151,-0.202559,0.740164,-0.324679,-1.764981,0,0,0,0
-0.860110,0.554166,-0.357038,1.649963,0.497298,-0.079866,-1.494146,0,0,0,0
-0.831768,0.878616,-0.624596,1.146598,0.523302,-0.638697,-1.535330,0,0,0,0
0.204658,-0.007309,-0.136792,-2.495842,0.632224,0.107860,-1.151811,0,0,0,0
-0.713731,1.102734,-2.061248,0.445998,0.323214,-0.287744,-1.557595,0,1,0,0
-0.720207,1.125874,-1.871330,0.584384,0.363238,-0.526241,-1.654637,0,0,0,0
-0.477779,1.337613,-1.449295,-0.020584,-0.730073,0.486318,-1.308857,0,0,0,0
-0.386596,0.773433,-0.964796,0.658158,0.110602,-0.077218,-1.343121,0,0,0,0
-0.673016,1.047657,-1.779204,1.073291,0.469368,-0.226324,-1.337045,0,0,0,0
-0.593199,0.381365,-1.328030,0.984127,0.356864,-0.645423,-1.681419,0,0,0,0
-0.382403,1.197189,-1.986275,0.483929,-0.105397,0.579830,-1.404028,0,0,0,0
-0.361977,0.635780,-1.374513,0.074209,-0.220434,-0.327708,-1.716953,1,0,0,1
-0.381584,0.967463,-1.468991,0.392556,-0.794113,-0.269718,-1.519571,0,0,0,0
-0.334738,0.548485,-1.328214,0.094446,-1.050894,0.022162,-1.520751,0,0,0,0
-0.215522,0.339341,-1.642447,0.477816,-1.366750,-0.219700,-1.661950,0,0,0,0
-0.718332,-0.730710,-0.603404,2.690357,-1.089518,-0.437920,-1.851040,0,1,0,1
-0.107283,-0.264544,-1.627861,1.528778,-1.483726,-0.297226,-1.598953,0,0,0,0
-1.743576,2.570163,-1.398393,-2.039204,2.755597,0.275891,-0.493674,0,0,0,0
-2.049437,1.964962,-0.526518,-2.981059,1.699853,0.350731,-1.592098,0,0,0,0
-2.413866,2.113993,-0.410288,-3.209117,2.186757,-0.029899,-1.721700,0,0,0,0
-2.452004,2.433748,0.190502,-2.995239,2.025481,-0.722000,-2.030762,0,0,0,0
-2.326597,2.987111,1.117537,-3.252242,1.237191,-0.327853,-1.289270,0,1,0,0
-1.517514,1.491949,2.496763,-1.422921,-0.980517,0.479154,-0.998626,1,0,1,1
0.549992,-0.035775,0.663458,0.491279,-0.039281,-0.451757,0.736586,0,0,0,0
0.549905,0.050923,0.518068,0.642387,-0.717027,1.292720,1.472821,0,0,0,0
0.976204,-0.012889,0.017373,-0.215141,-1.082388,-0.197475,0.705576,0,0,0,0
0.539834,-0.634244,0.966258,-0.261012,0.059177,-0.251909,0.811305,0,0,0,0
0.629924,-0.231324,0.150206,-0.169738,-0.292877,-0.534462,0.208726,0,0,0,0
0.014981,1.770793,-0.968552,-0.579229,0.532075,-0.059408,0.182115,0,0,0,0
-0.512354,1.103536,-0.952716,-1.330834,0.819836,-0.444248,-1.379871,0,0,0,0
-0.732939,1.316883,-1.349511,-1.662441,1.122595,-0.446203,-1.474133,0,0,0,0
0.611853,-0.390511,0.381566,0.044538,-0.299207,0.116639,0.289556,0,0,0,0
0.684783,-0.354655,1.153840,0.120490,0.419519,-0.089097,1.483381,0,0,0,0
0.451137,-0.330392,0.679143,0.517913,-0.093887,-0.226717,0.902605,0,0,0,0
0.516663,-0.504831,0.892350,0.288194,-0.337582,-0.425230,0.119480,0,0,0,0
0.800504,0.104063,-0.075579,0.159098,-0.141462,2.194531,0.363531,0,0,0,0
0.242620,0.069397,0.447018,0.865644,-0.381927,-0.399421,1.171488,0,0,0,0
-0.690835,1.465040,-0.896836,-1.659936,0.392875,-0.137875,-1.432412,0,0,0,0
-0.827383,2.059627,-1.407261,-1.619323,1.316254,-0.502154,-1.279128,0,0,0,0
-0.872526,2.062393,-2.017521,-1.479637,1.425907,-0.349960,-1.035746,0,0,0,0
-1.337301,2.234251,-0.301878,-0.385619,1.656470,-0.465590,-0.936484,1,0,0,0
-0.860526,2.691690,-1.737569,-0.926885,1.526987,-0.394603,-0.845120,0,0,0,0
-0.807839,2.769953,-1.539934,-0.687366,1.024285,1.526302,-0.392491,0,0,0,0
-0.876998,2.757990,-2.006240,-1.151777,1.159667,-0.409664,-0.812236,0,0,0,0
-0.907057,2.501544,-1.423792,-0.192692,0.740866,-0.259550,-0.852387,0,0,0,0
0.604878,-0.022626,-0.409594,0.186848,-0.260807,-0.440769,0.458320,0,0,0,0
1.079414,0.547305,-1.162016,-0.375536,-0.759031,-0.108545,1.139595,0,0,0,0
0.566112,-0.283762,0.185500,-1.001853,0.469680,-0.243728,0.779801,1,0,1,1
0.790614,-0.053032,0.327366,-1.066274,-0.206207,-0.457977,0.689670,0,0,0,0
0.739528,-0.138605,-0.358573,-0.403019,0.049365,0.506756,0.444476,0,0,0,0
0.338288,0.757715,-1.258548,-0.134622,0.408561,-0.180139,0.763805,0,0,0,0
-0.785006,1.675689,-0.649395,-1.548331,0.526525,-0.289814,-0.962088,0,0,0,0
-1.009305,1.503261,-0.665100,-0.626866,1.554689,-0.243315,-1.509040,0,0,0,0
0.791662,-0.086724,0.149674,0.106630,-0.033768,5.880829,0.095496,0,0,0,0
0.468451,-0.015630,0.567057,0.282551,0.267598,-0.295649,1.197421,1,0,1,1
0.724349,-0.379890,0.676053,0.028112,-0.360133,-0.270171,0.521116,0,0,0,0
0.659324,-0.169479,0.337158,-0.057525,-0.041926,-0.588612,0.522650,0,0,0,0
1.145752,-0.345909,-0.129168,-0.676050,-0.437418,-0.751288,0.721328,0,0,0,0
0.466697,0.066364,0.023772,0.295687,-1.122630,-0.287977,0.836640,0,0,0,0
-0.496707,1.504651,-0.851633,-1.816437,0.174300,-0.305580,-1.044226,0,0,0,0
-0.469541,2.162754,-1.533192,-2.184813,0.323132,1.479070,-1.112436,0,0,0,0
-1.473781,0.991181,0.062367,-0.187107,-0.098446,-0.707960,-2.105971,0,0,0,0
-1.439045,1.608827,0.336913,-0.273537,0.242872,-0.307660,-1.449506,0,0,0,0
-1.441468,1.640202,-0.299836,-0.173139,-0.041112,-0.233219,-1.437379,0,0,0,0
-1.065703,2.074887,-0.383038,-0.118942,-1.233081,-0.325586,-0.853242,0,0,0,0
-1.254154,2.077910,-0.674891,-0.363150,-0.919104,-0.279902,-1.049806,0,0,0,0
-1.367483,1.744911,-0.303701,0.106343,-1.340957,-0.063837,-1.082320,0,0,0,0
0.684139,0.123672,0.261249,-0.442233,-1.167166,3.139259,0.465911,0,0,0,0
0.379921,0.382981,-0.247579,-0.510092,-0.531364,-0.525867,0.490779,0,0,0,0
0.640966,-0.107590,0.622507,0.060075,-0.144032,-0.058221,0.800466,0,0,0,0
0.689691,-0.249377,0.636724,-0.218667,0.255023,-0.529986,0.662944,0,0,0,0
0.810827,0.268059,0.202727,-0.448428,-0.848735,1.197635,1.079299,0,0,0,0
0.456201,-0.190779,0.634899,-0.277059,0.073069,-0.279568,0.833140,1,1,0,0
1.043584,-0.383895,-0.273223,-0.836063,-1.563212,-0.277087,0.082468,0,0,0,0
0.154947,-0.586281,0.686039,-0.700174,0.074648,-0.744159,-0.703726,0,0,1,0
0.749581,-0.444837,-0.696730,-1.059656,-0.918981,-0.623212,0.268101,0,0,0,0
0.565161,-0.149500,0.430771,-0.325407,-0.506702,-0.151456,0.050167,0,0,0,0
0.709810,0.023633,0.417252,-0.306001,-0.067790,0.029791,0.358278,0,0,0,0
0.859489,0.380667,-0.188126,-0.213831,-0.942585,0.491451,0.930165,0,0,0,0
0.450755,0.098341,-0.074711,-0.677880,0.281169,-0.359705,0.780389,1,0,1,1
0.606370,-0.225337,0.590661,0.010081,0.016799,-0.388191,0.765209,0,0,0,0
0.132475,-0.354363,1.229614,0.562020,-1.074755,-0.530403,-0.494567,1,1,0,0
1.105478,-0.418794,-0.655339,-0.963559,-0.975741,-0.177859,0.094167,0,0,0,0
0.233783,-0.332610,0.195486,-0.725670,0.005306,1.097661,-0.517190,0,0,1,0
-0.501754,1.861478,-1.276246,-0.025972,0.110606,-0.354205,-0.769079,0,0,0,0
-0.385801,2.270556,-1.552273,-0.153637,0.074873,0.096462,0.114987,0,0,0,0
-0.533288,1.868313,-1.624731,0.253862,0.245167,-0.248799,-0.279887,0,0,0,0
-0.587902,1.959306,-1.721975,-0.535862,-0.229823,-0.362807,-1.049173,0,0,0,0
-0.576719,1.913350,-1.854665,-0.160572,-0.653661,-0.457699,-1.127516,0,1,0,0
1.049303,-0.463515,-1.060239,-1.453071,-1.792436,4.185166,-0.321703,0,0,0,0
0.561362,-0.334164,0.747245,0.161835,0.072128,-0.747907,0.049336,1,0,1,0
0.618102,-0.183655,0.287055,0.247730,0.077441,-0.353887,0.577029,0,0,0,0
0.708239,-0.162848,1.193572,-0.263664,-0.398541,-0.095626,0.663175,0,0,0,0
0.624911,-0.252546,0.112211,-0.285497,0.096160,-0.536997,1.330162,0,0,0,0
0.741720,-0.205100,0.697222,-0.715966,-0.366818,-0.372752,0.930640,0,0,0,0
-0.249611,1.049186,-0.724506,-0.731294,-0.647035,-0.590831,-1.151283,0,0,0,0
-0.335229,1.101566,-1.071453,-0.577283,-1.132879,-0.115035,-1.143863,0,0,0,0
-0.635886,0.563374,-2.290737,-0.910325,-0.565479,-0.101084,-1.225003,1,1,0,1
1.129630,-0.442409,-0.456615,-0.027558,-0.670182,-0.212685,-0.055447,0,0,0,0
0.701735,-0.146872,0.116884,-0.128166,-1.024230,0.105754,0.132932,0,0,0,0
1.187014,-0.510671,0.395364,-0.367130,-0.116011,-0.326269,1.605156,0,0,0,0
0.598826,-0.405762,-0.144701,-0.008349,-0.622246,-0.448983,0.157852,0,0,0,0
0.697599,-0.250584,1.042402,0.197136,0.008958,-0.285402,0.760036,0,0,0,0
0.097590,0.474173,-0.076435,1.129562,-1.087946,-0.379239,0.233845,0,0,0,0
-0.142916,0.022350,-0.904876,1.447995,-1.374131,-0.188240,-1.273185,0,0,0,0
0.024563,-0.261789,-2.010046,0.863430,-1.772152,-0.227659,-1.403818,0,0,0,0
-1.591503,1.865036,-0.763614,-1.954826,2.472315,-0.857429,-1.560510,0,0,0,0
-1.893810,2.391930,0.556014,-2.633347,2.173360,-0.366443,-1.779001,0,0,0,0
-2.046237,2.283325,-0.165507,-1.826647,2.228263,-0.312283,-1.764786,0,0,0,0
-2.018091,2.811838,0.136020,-1.220527,2.256916,-0.362220,-1.619147,0,0,0,0
-1.705865,2.027326,0.089636,-1.267496,3.107263,-0.161813,-0.703972,0,0,0,0
-0.229037,-0.372109,0.324781,-0.143820,0.153163,-0.116609,-0.567286,0,0,0,0
0.276357,-0.242142,0.015165,0.750226,-0.962156,-0.055703,-0.555584,0,0,0,0
0.475570,-0.312214,0.452072,0.321048,-0.084577,-0.539893,0.728579,0,0,0,0
0.801455,-0.103891,0.390853,-0.159601,-0.660879,-0.248073,-0.048101,0,0,0,0
0.179370,0.044729,0.922791,0.111366,0.050902,-0.414074,-0.439852,1,1,0,0
0.354332,-0.452185,-0.339801,0.544755,0.524873,-0.470837,-0.480947,0,0,0,0
0.064306,0.292598,-0.465270,0.219218,-0.743926,-0.510451,0.084632,0,0,0,0
0.626272,-0.726824,0.842435,-0.113359,0.201590,-0.442053,0.761610,0,0,0,0
0.536925,0.385550,-0.235422,-0.239615,0.205379,0.167220,0.218502,0,0,0,0
0.053900,-0.033238,-0.240301,-0.242732,0.115651,-0.446780,-1.111238,0,0,0,0
0.740643,-0.254120,0.377148,0.545742,0.156899,2.367931,0.635849,0,0,0,0
0.089195,-0.099474,1.130724,0.628605,0.104500,-0.494619,1.038490,1,0,1,1
-0.058428,-0.321306,1.153347,0.608825,-0.062321,-0.095538,-0.126678,0,0,0,0
0.417045,0.007119,0.056325,-0.419892,-0.084107,0.379845,0.094126,0,0,0,0
0.732880,0.064606,-0.723318,-0.305101,-0.119342,-0.515952,1.006705,0,0,0,0
-0.026472,0.325672,0.711401,0.376031,0.521066,-0.220588,0.487208,1,0,1,0
0.383850,0.271037,-0.212244,-0.230457,0.343849,-0.207133,0.183396,0,0,0,0
-0.013149,-0.586470,0.940965,1.049865,-0.352428,1.099132,-0.301121,0,0,0,0
-0.419838,-0.224808,0.976006,0.064823,0.017668,-0.578962,0.570246,0,0,0,0
0.389659,0.454990,-0.379104,0.557438,-0.594252,-0.081062,1.093029,0,0,0,0
-0.042514,-0.102981,-0.662153,0.777043,0.427542,-0.575414,-0.096564,0,0,0,0
0.815960,-0.890273,-0.452950,0.003664,-0.582524,-0.276142,0.440985,0,0,0,0
0.074511,0.071640,-0.256721,0.675293,0.022144,-0.439925,0.761616,1,0,1,1
0.009502,-0.384237,-0.072220,-0.189438,0.159273,-0.378350,-0.202776,0,0,0,0
0.450493,0.068638,0.134305,0.059282,0.581885,-0.228375,0.732064,0,0,0,0
0.489866,0.017020,-0.298576,-0.344406,0.097293,-0.326745,1.036111,0,0,0,0
0.210244,0.257469,-0.330173,-0.551080,0.036016,0.079203,0.410758,0,0,0,0
0.370470,0.126022,0.324449,-0.033998,0.801101,-0.419224,0.309411,0,0,0,0
0.469857,-0.099217,0.649018,0.292269,-0.334970,0.476037,1.323019,0,0,0,0
-0.069348,0.263927,0.892906,-0.387427,0.385815,-0.406138,0.533903,0,0,1,1
0.515991,-0.046493,-0.637567,0.340663,0.020231,-0.575781,0.470374,0,0,0,0
-0.007596,-0.438454,0.957465,1.424030,-0.581548,-0.365406,-0.176801,0,0,0,0
0.967297,-0.324509,-0.517279,0.161031,-0.863230,-0.375650,0.800901,0,0,0,0
0.455801,0.333237,0.182639,-0.455999,0.348679,-0.014060,0.530722,0,0,0,0
-0.016801,0.098116,0.184691,-0.204779,0.290750,-0.681889,0.260244,0,0,0,0
0.642224,-0.049653,-0.058409,-0.146600,-0.165867,3.164931,0.278689,0,0,0,0
-0.048738,0.459572,0.575445,0.548834,-0.345034,-0.664969,1.022294,0,0,0,0
0.099961,-0.070190,0.372985,0.058380,0.733033,-0.145623,0.272196,0,0,0,0
0.433633,0.330000,0.768020,0.089359,0.227645,-0.419955,0.573076,0,0,0,0
0.737187,-0.386505,0.824152,-0.635781,-0.288463,-0.261916,0.120516,0,0,0,0
-0.191874,0.177614,0.397616,0.633270,0.419384,-0.152199,0.930736,1,1,0,0
0.267338,0.279047,-0.536019,1.039976,0.032437,-0.498470,0.696036,0,0,0,0
0.328681,0.183907,0.170241,0.164990,-0.628358,0.529027,0.153275,0,0,0,0
0.352572,-0.313496,0.776236,-0.408396,-0.336264,-0.227972,1.002099,0,0,0,0
0.522423,0.391000,0.110305,0.542230,0.091168,-0.320349,1.674069,0,0,0,0
0.443958,-0.757063,0.944769,0.210372,0.286405,-0.641926,0.255498,0,1,0,0
1.023743,-0.352144,-0.117119,-0.989190,-0.768686,-0.158645,0.219090,0,0,0,0
0.506215,-0.036003,0.977481,-0.204289,-0.234867,0.003370,0.431429,1,0,1,1
0.135986,-0.112914,-0.138284,0.078412,-2.046706,0.089389,0.265723,0,0,0,0
0.423306,-0.100517,1.041041,0.295578,0.665951,1.508363,0.921704,0,0,0,0
0.993307,-0.144573,0.543478,-1.360246,-0.982720,-0.128298,1.560578,0,0,0,0
0.647322,-0.352345,0.399958,-1.162568,-1.273962,1.393209,-0.128552,0,0,0,0
0.604976,-0.264363,0.237759,-0.532343,0.192485,-0.669459,0.684539,0,0,0,0
0.663624,-0.316351,0.850112,-0.463689,-0.762222,0.862760,0.128496,0,0,0,0
0.224972,-0.231460,0.372372,-1.040821,-0.975031,-0.302231,1.045955,1,0,1,1
0.620772,0.676618,0.000553,-0.370143,-0.157785,-0.506531,1.916748,0,0,0,0
0.526874,-0.410851,0.734371,-0.697985,-0.502211,-0.285545,0.379431,1,0,0,0
0.995279,-0.581627,-1.007556,-1.614401,-0.759298,-0.260189,0.383868,0,0,0,0
0.483469,-0.148540,0.304042,-0.410721,-0.587763,-0.210226,0.206621,0,1,1,1
0.229565,-0.280745,-0.326233,0.118757,-0.451447,-0.530109,-0.047283,0,0,0,0
0.614416,0.173240,-0.261883,-1.040665,-0.221365,1.571285,1.000685,0,0,0,0
0.573837,0.421082,-0.199183,-0.456863,-0.038053,-0.283583,1.179155,0,0,0,0
1.050880,0.028751,-1.063307,-1.244705,-0.658206,0.161240,0.181729,0,0,0,0
0.574732,-0.141371,-0.153720,-0.346897,-0.372322,-0.722820,0.874166,0,0,0,1
1.026601,-0.050422,-1.123541,-0.308276,-0.649611,-0.324706,0.395845,0,0,0,0
0.482612,-0.288256,-1.297080,-1.373047,0.072003,0.318917,0.679886,0,1,1,1
0.530395,0.093435,-0.982326,-0.493813,0.611589,-0.448786,1.034719,0,0,0,0
0.648232,-0.711754,-0.706140,0.131776,-0.776254,1.433031,0.233671,0,0,0,0
0.929619,-0.696214,-1.392744,-0.179308,-1.136934,0.471501,-0.103991,0,0,0,0
0.739607,-0.098049,-0.979015,-0.029201,-0.369964,1.077685,0.004200,0,0,0,0
0.453993,-0.548414,-0.928063,-0.232025,0.130335,-0.795779,-0.095007,0,0,0,0
1.054213,-0.191721,-0.606444,-0.111344,-0.434061,1.581141,0.702826,0,0,0,0
0.392808,0.136132,-1.188535,1.328467,0.752190,-0.749821,0.601571,1,0,0,1
1.222550,-0.300809,-1.452154,-0.810032,-1.194655,-0.468353,-0.168868,0,0,0,0
0.768582,-0.755385,-0.924288,0.308281,-0.433702,0.036263,0.073360,1,0,0,0
1.009127,-0.584460,-1.241294,-0.226976,-0.349825,-0.305491,0.577955,0,0,0,0
0.580118,-0.208982,-1.491793,0.355286,-0.554391,0.736290,-0.117393,0,0,0,0
0.583596,-0.164905,-1.303056,0.361917,-0.384222,-0.324625,1.129437,0,0,0,0
0.844110,-0.608981,-0.769221,0.393782,-1.633719,1.359469,0.397338,0,0,0,0
0.865663,-0.928330,-1.471529,-0.482439,-0.762105,-0.324168,-0.284132,1,0,0,1
1.271579,-0.327563,-1.269527,-0.602609,-1.200904,-0.416491,0.286299,0,0,0,0
0.354091,-1.557421,-0.662364,0.988146,-0.545494,-0.747094,-0.425038,1,0,0,0
1.458779,-1.045259,-0.736386,-0.657835,-1.117587,0.068995,0.365012,0,0,0,0
0.819518,-0.609627,-1.002889,0.733537,-0.254481,0.967467,0.462494,1,0,0,0
1.033154,-1.102180,-1.401704,-0.515467,-1.438711,0.214323,-0.398982,0,0,1,0
0.884407,-1.148819,-0.405520,0.046615,-1.128440,1.178160,-0.140190,0,0,0,0
0.722638,-1.375801,-0.637905,-0.148248,-1.297961,0.963058,-0.256136,0,0,0,0
0.920359,-1.546042,-1.371163,-1.028272,-2.078608,-0.328985,-0.398406,0,0,0,0
1.084913,-1.474947,-1.429197,-0.851212,-1.052109,-0.731623,-0.240738,0,0,1,0
0.178134,-0.434945,1.104232,0.357651,-0.167437,-0.256003,0.151101,0,0,0,0
-0.374472,-1.382440,2.253987,0.522105,-0.724426,-0.454809,0.556503,0,0,0,0
-0.563751,-0.973295,1.896423,0.797160,-1.829679,-0.254863,-0.509904,0,0,0,0
-0.568308,-0.322063,1.882169,0.632852,-1.506476,0.283933,0.046914,0,0,0,0
-0.705959,-0.110686,1.112319,0.276806,-1.247536,0.186295,0.055344,0,0,0,0
-0.868303,0.137810,1.132588,1.148372,-0.453439,-0.383773,-0.223309,0,0,0,0
-1.129695,0.914736,0.451035,0.943411,-0.324062,-0.419777,-0.306331,0,1,0,0
-0.905827,0.454897,0.859025,0.840024,0.069203,0.246710,-0.006440,1,0,0,0
-1.276167,0.786990,0.061824,0.486735,0.227990,-0.432373,-0.558043,0,0,0,1
-1.801312,1.508937,-1.031188,0.520779,1.869422,-0.313625,-0.345863,0,0,0,0
-1.781916,1.806825,-0.033318,0.157330,0.712255,-0.545314,-0.314522,0,0,0,0
0.745082,-0.719754,-1.016012,0.023147,-0.678215,-0.557502,0.213071,0,0,0,0
-1.194920,2.222959,1.815772,0.155566,0.121799,-0.672624,1.245960,0,0,0,0
-1.190370,2.527848,0.706228,-0.109022,-0.353717,-0.644186,0.962690,0,0,0,0
0.127122,0.811725,0.894277,0.471364,-1.090298,4.408451,0.664297,0,0,0,0
-0.559371,1.816827,0.076951,0.251215,-0.359267,-0.571307,0.004557,0,0,0,0
-0.540060,2.426145,-0.719197,0.600930,0.689534,-0.497679,-0.035219,0,0,0,0
0.159494,0.555738,-0.917798,1.406119,-0.528156,0.047706,0.406464,0,0,0,0
0.220536,0.449602,0.359170,2.721960,-0.651700,-0.239821,0.479984,0,0,0,0
0.335810,0.314423,-0.681398,2.210857,-1.325487,0.260097,0.008414,0,1,1,1
0.635491,-0.515610,0.178787,1.564694,-1.675115,-0.480649,0.141454,0,0,0,0
0.804925,-0.545183,-0.029006,1.088718,-0.312721,-0.030839,0.364272,0,0,0,0
-1.933287,-3.054270,-1.049383,-1.509177,-1.468879,-1.047540,-0.977730,0,0,0,0
0.686929,-0.782033,0.437266,0.957322,-0.748788,0.839654,0.431773,0,0,0,0
0.572728,-0.818693,0.518775,-0.441692,-0.120322,-0.456250,1.847459,0,0,0,0
0.840735,-0.567259,-0.019815,-0.683150,-1.590643,1.883263,-0.124474,0,0,1,0
0.394058,-0.398677,0.445151,0.777386,-1.059495,-0.192394,0.575720,0,1,0,0
0.642454,-0.579225,0.400208,0.351230,-0.633973,-0.303601,1.728041,0,0,0,0
-0.250954,-0.450654,0.664497,1.168150,-0.736905,-0.726435,-0.703786,0,0,1,0
0.754746,-0.916362,0.971655,-0.269939,-1.177617,-0.647130,0.670229,1,0,0,0
0.644880,-0.395373,0.286680,-0.002587,-1.100916,0.095548,0.075576,0,0,0,0
0.213072,-0.575171,-0.738484,0.126069,-1.396689,-0.320363,-0.188382,0,0,0,0
0.938838,-0.685171,0.096200,0.782060,-1.094758,0.326877,1.020417,0,0,0,0
0.585799,-1.004850,0.235719,0.361780,-0.616218,-0.093959,-0.101036,1,0,0,1
0.576683,-0.714553,0.913914,-0.128455,-0.955581,0.439424,0.075994,0,0,0,0
0.814617,-0.691446,0.167013,0.071162,-0.938680,0.112986,0.417778,0,0,1,0
1.311552,-1.122609,0.035448,-0.233033,-1.088838,-0.595504,0.350366,0,1,0,0
0.532649,-0.152852,0.054016,0.825838,-0.759620,0.769852,0.624805,1,0,0,0
0.759609,-0.387826,-0.372105,-0.244388,-0.339586,-0.652505,0.006305,0,0,0,0
-0.072998,-0.763762,0.604469,0.129324,-0.756355,2.616533,-0.632677,0,0,0,0
0.484460,-0.760682,0.208607,-0.021988,-0.277224,-0.715441,0.462210,0,0,0,0
0.796626,-0.551842,-0.199299,-0.251131,-0.752413,0.579680,-0.241390,0,0,0,0
-0.065316,-0.434900,-0.077897,1.405929,-0.888715,-0.814330,-0.683156,0,0,0,0
0.850017,-0.825160,-0.213012,0.803228,-1.274067,0.005358,0.601292,0,1,0,0
0.736023,-0.407348,0.467820,-0.058711,-0.099168,-0.546147,1.740344,1,0,0,1
0.381110,-0.606732,0.964553,0.408179,-0.545109,-0.208948,-0.103333,0,0,0,0
0.823114,-0.480643,0.546160,0.138063,-0.830408,0.030227,1.185071,0,1,0,0
0.656066,-0.583336,0.643380,-0.157019,-1.470107,-0.611006,-0.051887,0,0,0,0
0.537152,-0.315190,0.057423,0.272274,-1.058478,0.308585,0.583334,0,0,0,0
0.726138,-0.331038,0.259414,-0.006281,-0.249478,-0.350601,1.047276,0,0,0,0
0.885505,-0.579362,-0.529863,-0.883908,-1.026488,-0.219239,-0.329495,0,0,0,0
0.116444,-0.151642,1.536504,0.097909,-0.387688,-0.459283,0.645773,1,0,0,0
0.824084,-0.353271,-0.228551,0.115333,-0.825519,-0.279145,1.218677,0,0,0,0
0.321952,-1.192782,0.793008,-0.415121,-0.074100,0.280027,-0.886052,0,0,0,0
1.065048,-0.509558,-0.095062,0.505088,-0.833413,-0.420281,0.860053,0,1,0,0
0.745108,-0.402000,0.469799,0.241658,-0.405371,-0.082906,1.125765,0,0,0,0
0.281777,-0.622767,0.720974,0.112558,-0.139981,-0.470468,-0.042443,0,0,0,0
0.881004,-0.720099,0.622400,-0.069984,0.115598,0.759185,1.093282,0,0,0,0
0.125047,0.235350,0.045509,0.762862,-0.052345,-0.208099,-0.126154,0,0,0,0
0.570296,-0.535795,-0.407374,0.577546,-0.936446,0.512261,0.268184,0,0,0,0
0.571252,-0.385929,0.607273,0.241044,-0.131921,-0.449248,1.811375,0,0,1,0
1.086093,-0.984983,-0.118774,-1.088861,-1.029149,-0.521959,-0.432172,0,0,1,0
0.601801,-0.365838,-0.221155,-0.095551,-0.494284,0.303422,0.544353,0,1,0,0
0.530651,-0.065202,0.885284,-0.015711,-0.227530,-0.405825,0.797709,0,0,0,0
0.209069,-0.571504,-0.495326,0.862887,-1.102742,1.278808,-0.677744,0,1,0,0
0.721330,-0.739899,0.687711,0.262442,-1.184068,-0.313308,0.725367,0,0,0,0
0.626850,-0.416192,0.252151,0.079820,-0.403335,-0.148080,0.675798,0,0,0,0
0.303969,-0.639497,1.212050,0.563010,-1.086285,-0.696250,-0.258038,0,0,1,0
0.872251,-0.839969,0.406009,0.867689,-1.441844,-0.250184,0.259845,0,0,0,0
0.482117,-0.077405,0.618346,-0.360333,-0.882441,-0.496006,-0.154083,0,0,1,1
0.808194,-0.009232,0.245287,0.555855,-1.412049,0.042166,0.460704,0,0,0,0
0.719574,-0.433951,0.052035,0.737694,-1.367547,1.422948,1.352088,0,1,0,0
1.039084,-0.516070,-0.448418,-0.211067,-1.708555,-0.390954,0.092184,0,0,0,0
0.735838,-0.462776,0.977808,-0.049708,-1.024238,1.771676,0.397390,0,0,0,0
0.553566,-0.448152,0.555580,0.847680,-0.160775,-0.449854,0.672069,0,0,0,0
0.789351,-0.710702,-0.078583,-0.878798,-1.555586,2.721902,-0.246138,0,1,0,0
0.575063,-0.118068,-0.154249,0.138482,-1.764968,-0.329410,0.697996,0,0,1,0
0.701331,-0.273816,-0.290319,0.036547,-0.398285,-0.130748,0.824054,0,0,0,0
0.003231,-1.016681,0.867013,0.971911,-1.112497,-0.649204,-0.759758,0,1,0,0
1.028935,-0.719317,0.411156,1.083909,-0.769753,-0.496532,0.849068,0,0,0,1
0.734698,-0.550078,0.516892,0.231774,-0.250215,-0.262159,0.406482,1,1,0,0
0.366826,-0.685133,0.436779,0.161544,-1.014859,-0.605606,-0.040622,0,0,0,0
0.805955,-0.532664,0.137491,1.115629,-0.759291,2.006794,0.872566,0,0,0,0
0.177531,-0.209922,0.290733,0.661906,-0.257177,-0.059234,-0.005139,0,0,0,0
0.642953,-0.286430,0.605675,-0.074863,-0.751408,1.387045,0.396937,0,0,0,0
0.459649,-0.163571,0.507425,0.223207,-0.096850,-0.508350,0.670626,0,1,0,0
1.303826,-1.363581,-0.165366,-0.327848,-1.108684,-0.591061,-0.198705,0,1,0,0
0.578663,-0.198181,0.133931,0.581074,-0.722250,-0.171834,0.506851,0,0,1,0
0.760942,-0.402703,-0.014282,0.997639,-0.241908,-0.421757,0.701015,0,0,0,0
0.049399,-1.057769,0.850129,0.671212,-0.787295,-0.596952,-0.568854,0,0,0,0
0.869445,-1.170563,0.308162,-0.108042,-0.436368,-0.388327,0.617546,0,0,0,0
0.855304,-0.424174,0.397345,0.318361,-0.599914,0.493269,0.698976,0,0,0,0
0.310574,-0.765463,-0.264516,0.247828,-0.749825,-0.519469,-0.223776,0,0,0,0
0.983735,-0.709153,0.246887,0.463260,-1.297435,0.257825,1.028765,0,0,0,0
0.423922,0.136275,0.221799,0.971993,-1.288817,-0.492220,0.307824,1,0,0,1
0.759010,-0.765702,0.276165,0.121716,-1.212890,0.109157,0.556239,0,0,0,0
0.818231,-0.749700,0.460756,-0.369720,-1.253549,0.025873,0.867678,1,0,0,0
1.297984,-0.913347,-0.281314,-0.879368,-1.536011,-0.022279,0.486538,0,0,0,0
0.696482,-0.310034,0.591114,-0.267375,-1.043391,0.349925,0.497713,0,0,0,0
0.748612,-0.125923,-0.250201,0.656342,-1.368467,-0.340995,1.110176,0,0,1,0
0.615654,-0.795991,0.799741,-0.115711,-1.434032,1.256301,-0.190860,0,0,0,1
0.780346,-0.586255,0.505998,-0.282257,-0.835922,-0.381295,0.600876,0,0,0,0
0.850856,0.004973,0.655462,0.348156,-0.548789,0.038613,0.652657,0,0,0,0
0.346552,-1.086898,0.140413,0.845744,-0.461751,-0.818687,-0.504931,0,0,0,0
1.175184,-0.648037,-0.240831,-0.100476,-1.910027,-0.246617,0.700812,0,0,0,0
0.538318,-0.160505,0.630176,0.264131,-0.088786,-0.261883,0.272381,0,0,1,1
0.531187,-0.851694,-0.029820,0.321822,-1.107446,-0.194525,0.067012,1,0,0,0
0.829629,-0.594390,0.402412,0.686892,-1.099989,-0.008496,0.852564,0,0,0,0
0.538134,-0.806152,0.564983,-0.045695,-0.400338,-0.517337,0.303425,0,0,0,0
0.717487,-0.441346,-0.229096,0.852169,-1.724521,0.215787,0.368644,0,0,0,0
0.538844,-0.490789,0.844392,1.027166,-0.032602,-0.541289,0.633510,0,1,1,0
1.220697,-0.545412,0.561576,-0.481412,-0.957121,-0.287289,0.013196,0,1,0,0
0.699286,-0.922042,1.043529,0.716026,-1.109548,0.025746,0.402546,1,0,0,0
0.835644,-0.184027,0.536672,0.797844,-0.522196,-0.746980,1.742645,0,0,0,0
0.247531,-0.810995,0.514876,0.628325,-1.013808,0.822483,-0.450126,1,0,0,0
0.858210,-1.250592,0.700583,0.582675,-1.007554,-0.517778,0.619337,0,0,0,0
0.770758,-0.670207,0.243279,-0.183630,-0.627170,-0.077474,0.097590,0,0,0,0
-0.240375,-0.470342,1.223366,0.719956,-0.169220,-0.809958,-0.456302,0,0,0,0
1.056074,-0.925389,0.551029,0.402609,-0.678420,2.114162,0.815692,0,0,0,0
0.216527,-0.008780,-0.367566,1.087477,-0.962463,-0.559324,0.166704,0,0,1,1
0.849224,-0.262952,-0.005731,0.245259,-1.074851,0.146384,0.372971,0,1,0,0
0.778543,-0.633639,0.262966,0.083674,-0.326589,-0.207394,1.179817,0,0,0,0
1.028850,-0.956538,-0.576847,-0.679835,-0.962640,-0.267869,-0.201009,0,0,1,0
0.763078,-0.896612,1.055065,-0.359918,-0.709013,0.134442,0.424221,1,0,0,0
0.595299,-0.668684,0.156753,0.022570,-0.395122,-0.551813,1.569541,0,0,0,0
0.218521,-1.103011,0.040885,0.573934,-0.799936,1.341176,-0.367593,0,0,0,0
0.715440,-0.271311,0.441015,0.884471,-0.829401,-0.730848,0.877429,0,0,0,0
0.869818,-0.542506,-0.173440,0.616773,-0.418226,-0.172698,-0.180331,0,0,0,0
-0.406864,-0.345890,0.879464,1.045480,-0.704398,-0.850744,-0.499715,0,0,0,1
0.914814,-0.922342,-0.028528,0.751281,-1.047159,-0.209157,0.547627,0,0,0,0
0.513050,-0.617525,-0.029244,0.485331,0.460092,0.781664,1.594925,0,1,0,1
0.448676,-0.156914,0.248708,1.145348,-1.353271,-0.200701,0.097889,0,0,0,0
0.833223,-0.807908,0.092564,0.448031,-0.479009,0.545137,0.966850,0,0,0,0
1.045262,-0.982725,-0.330220,0.170529,-0.718638,-0.044966,0.560766,0,0,0,0
0.782352,-0.773224,0.748089,0.181230,-0.560918,1.070730,0.357706,0,0,0,0
0.700583,-0.480820,0.456321,0.202985,-0.664322,-0.574237,0.799181,0,0,0,0
0.873813,-0.580926,-0.398003,-0.298326,-1.716011,0.601720,-0.022929,0,0,0,0
0.477485,-0.362302,0.721962,0.092216,-1.121783,-0.117372,0.620591,1,0,0,0
0.719587,-0.574131,0.009291,0.381735,-0.604496,-0.135003,0.960160,0,0,0,0
0.077388,-1.069982,1.307740,0.480168,-0.608684,-0.661964,-0.817889,0,1,0,0
0.572647,-0.497562,0.814173,0.616384,-1.392507,-0.497711,0.573440,0,0,1,0
0.820281,-0.556057,-0.061713,0.421087,-1.073009,1.101659,0.242615,0,0,0,0
0.351183,-0.476090,0.413988,0.380777,-0.856359,-0.673429,-0.134370,1,0,0,0
0.908958,-0.549600,0.307257,0.433325,-1.086753,1.792037,0.740224,0,0,0,0
0.337594,-0.082786,0.543137,0.258444,-0.207228,-0.168889,1.065553,1,0,0,1
0.770066,-0.467280,0.351451,0.483981,-1.293516,-0.097529,0.240604,0,0,0,0
0.661430,-0.440187,1.070212,0.537081,0.165749,-0.655047,-0.030085,0,0,0,0
1.425758,-0.941166,-0.288504,-0.745668,-1.475695,-0.648740,0.131943,0,0,0,0
0.772322,-0.458332,0.235646,0.220555,-1.143556,0.363325,0.453042,1,1,0,0
0.722115,-0.523267,0.841022,0.503330,-0.470073,-0.733001,0.255068,0,0,0,0
0.456867,-1.039744,0.596279,0.116931,-0.797456,3.338424,-0.004640,0,1,0,0
0.937846,-0.929167,-0.208044,0.443460,-0.749104,-0.384184,0.795780,0,0,0,0
0.857874,-0.228427,0.816054,0.590996,-0.433538,0.383867,1.116532,0,0,0,0
0.406816,-1.008236,0.186967,0.726931,-0.962191,-0.623421,-0.302840,0,1,1,0
1.176933,-0.853007,0.270236,-0.016122,-1.224680,-0.068743,0.329366,0,0,0,0
0.604095,-0.497617,0.479984,0.256171,-0.123005,-0.684789,0.033356,1,0,0,1
0.738636,-0.711504,-0.011388,-0.299397,-1.231691,-0.185463,0.109517,0,0,0,0
0.800763,-0.220907,0.960670,0.842475,-1.572468,0.126236,0.093624,0,0,1,0
0.537238,-0.300166,1.241709,0.156696,-1.194760,-0.451050,0.912788,0,0,0,0
0.743705,0.062212,-0.176067,0.196329,-1.459053,0.246709,0.572111,0,0,0,0
0.711249,0.259049,0.106762,0.593013,-1.301642,-0.672858,0.062878,0,0,0,0
0.515930,-0.302865,-0.155326,-0.130529,-0.950683,1.693007,0.245833,0,0,0,0
0.346434,0.078512,0.451611,0.368824,-0.784787,-0.313856,0.526280,1,0,0,1
0.736731,0.137781,-1.069382,0.567523,-1.263040,-0.513877,0.490748,0,0,0,0
0.117472,-0.398861,-0.236392,1.317998,-0.750487,-0.735586,-0.489615,0,0,0,0
1.182358,-1.116553,-0.686765,-0.253649,-1.557509,-0.075878,0.833545,0,0,1,0
0.665782,-0.472842,0.103311,-0.267192,-0.588263,-0.274463,0.356430,0,0,0,0
0.534441,-1.104534,0.840536,-0.083653,-0.761819,-0.347041,0.047040,0,0,0,0
1.071603,-0.594902,-0.157381,-0.260725,-1.145043,1.190568,0.510569,0,0,0,0
0.458291,-0.444358,0.495803,-0.375718,-1.341109,-0.692407,1.053460,0,0,0,0
0.688494,-0.451301,0.566490,0.142506,-1.025540,0.282132,0.025073,0,0,0,0
0.746790,-0.128035,0.161005,0.802087,-0.798979,-0.526496,0.301361,0,0,0,0
1.208660,-0.844527,-0.646742,-0.611853,-1.717569,-0.583182,0.547012,0,0,0,0
0.581796,-0.258528,0.467291,-0.344753,-0.287963,0.423571,0.481783,1,0,0,1
0.670763,-0.267798,-0.688839,0.170712,-0.561859,-0.376625,0.180805,0,0,0,0
0.345646,-1.082004,0.975514,0.326692,0.048068,1.433456,-0.053987,0,0,0,0
0.512450,-0.268719,0.069731,0.939197,-1.165914,-0.388084,0.534666,0,1,0,0
0.793729,-0.422604,-0.283281,0.124034,-0.568829,0.096435,0.473988,0,0,0,0
0.289409,-0.990096,0.384532,0.360681,-0.594034,-0.783264,-0.190229,0,0,0,0
1.102574,-0.615833,0.080981,-0.363915,-1.078461,1.036944,0.295251,0,0,0,0
0.522134,-0.241422,0.457361,-0.100123,-0.238282,-0.684732,-0.110952,1,0,0,1
1.150556,-0.593453,-0.844411,-0.217378,-1.391578,-0.235520,0.058039,0,0,0,0
0.670429,-0.187776,-0.274852,0.839508,-0.975614,-0.423925,0.113010,0,0,0,0
1.012505,-0.763882,0.034011,0.376836,-1.572858,-0.308282,0.615460,0,0,0,0
0.660418,-0.567674,0.781899,-0.599181,-1.462233,0.551129,-0.292510,0,0,0,0
0.912477,-0.540383,-0.281869,-0.293572,-0.708300,-0.327431,0.505599,0,0,0,0
0.973593,-0.733075,-0.233437,-0.213085,-0.866042,0.854528,-0.136673,0,0,0,1
0.636069,-0.634474,0.141045,0.267337,-0.698342,-0.778675,0.046429,1,0,1,0
1.250241,0.028721,-0.621221,-0.728679,-1.315104,0.155121,0.571579,0,0,0,0
0.814004,-0.584585,0.347111,0.819368,-0.799406,-0.257452,0.100400,0,0,0,1
0.886418,-1.056338,0.336726,0.341150,-1.169885,-0.417019,0.960474,0,0,0,0
0.938048,-0.227918,0.465616,-0.011835,-1.124790,1.148695,0.702282,1,0,0,0
0.734612,-0.741652,0.549484,-0.538680,-1.021858,-0.388621,0.679355,0,0,0,0
1.002073,-0.680081,0.554767,0.107872,-0.692970,2.286773,0.979396,0,0,0,0
0.772581,-0.616909,0.450805,0.064039,-0.473317,-0.183560,0.758812,0,0,0,0
1.033153,-0.402817,-0.066569,-0.391350,-0.520652,1.587286,0.920653,0,0,0,0
0.766361,-0.534239,0.835528,0.194863,-0.611965,-0.283319,0.736075,0,0,0,0
1.259431,-0.545646,-0.135903,-0.046838,-0.800260,0.696222,0.767000,0,0,0,0
0.920929,-0.580812,0.659238,0.332805,-0.470117,-0.420953,0.357550,1,0,0,0
1.207424,-0.529900,-0.001762,-0.071233,-1.188390,0.289730,0.326169,0,0,1,0
0.484226,-0.285922,0.019526,-0.461494,-0.526490,-0.152515,-0.375247,0,0,0,0
0.467564,-0.486515,0.435696,0.204809,-0.301181,-0.337441,0.596512,0,0,0,0
0.364378,0.171624,0.256115,0.131188,-0.976303,1.588181,0.304662,0,0,0,0
0.365829,-1.114148,-0.061954,0.654195,-0.521955,-0.731633,-0.348395,0,0,0,0
1.076076,-0.983308,0.008336,0.572912,-1.741096,0.046684,1.370505,0,1,0,0
0.689645,-0.763969,0.981937,0.150046,-0.958703,-0.302232,0.639318,1,1,0,0
0.923304,-0.712219,1.141673,0.300151,-0.723018,0.192236,0.136548,0,0,0,0
0.752426,-1.096086,0.964113,0.311618,-0.825002,0.678270,0.387121,0,0,0,0
1.261299,-1.189355,-0.252060,-0.399895,-1.695818,-0.433994,-0.229871,0,0,0,0
0.528959,-0.279458,-0.418431,0.067086,-1.559402,0.718847,0.668212,0,0,0,0
0.726631,-0.645677,0.199005,0.506225,-0.022228,-0.618222,1.253374,0,0,0,0
0.355113,-0.172790,0.067259,-0.313347,-1.032481,1.247875,-0.243775,0,0,0,0
0.624954,-0.642884,0.581975,-0.149248,-0.671108,-0.341131,0.571923,0,0,0,0
0.885646,-0.466471,0.247770,0.365184,-0.228048,-0.248816,0.341068,0,0,0,0
0.129584,-0.512461,-0.438981,0.916997,-0.257647,-0.800779,-0.482009,1,0,0,0
1.021578,-0.676563,0.201887,0.458909,-1.024904,-0.002128,0.967835,0,0,0,0
0.491551,-0.434966,-0.630737,-0.090001,-0.668109,-0.119002,-0.413868,1,1,0,0
0.041944,-0.691886,0.618809,0.945884,-0.213356,-0.426215,-0.062589,0,0,0,0
0.583354,-0.432846,-0.291571,1.049017,-1.641644,0.241689,0.921595,0,0,0,0
0.357007,-0.768707,0.527026,0.196611,-0.455849,-0.518643,0.794142,0,0,0,0
0.740383,-0.567433,0.342261,-0.210717,-0.068400,0.898703,0.364153,0,0,0,0
0.668436,-0.618142,0.272929,0.624055,-0.013321,-0.602183,0.439895,0,0,0,1
1.118013,-0.882708,-0.786673,-0.408327,-1.412090,-0.336288,-0.153028,0,0,1,0
0.504554,-0.383226,0.527399,0.764001,-0.702608,-0.541464,0.716920,0,0,0,0
0.761888,-0.499883,0.417361,0.362462,0.455675,-0.440790,0.727554,0,0,0,0
0.232351,-0.616605,-0.374620,0.548624,-0.715526,1.952369,-0.590054,0,0,0,0
0.953013,-0.915721,0.287166,-0.121465,-1.232457,-0.674892,0.555087,0,1,0,0
0.669779,-0.174531,-0.207538,0.942918,-0.617660,0.003294,0.748841,0,0,0,0
0.129545,-0.445280,1.013152,0.220378,-0.120565,-0.632801,-0.141285,0,0,0,0
0.923419,-0.938364,0.928809,0.294829,-1.030425,2.219584,0.458575,0,0,0,0
0.441700,0.019662,-0.121532,0.483642,-0.078206,-0.392189,0.318141,1,1,0,0
0.749940,-0.815698,-0.081218,-0.021510,-0.902374,0.164333,0.410139,0,0,1,0
0.691906,-0.542231,-0.528582,0.444031,-1.008496,-0.206384,1.148514,1,0,0,0
1.057886,-0.582233,-1.227342,-0.135800,-1.733680,-0.328917,-0.001423,0,1,0,0
0.457227,-0.539962,-0.103471,0.107478,-0.673999,0.461704,0.292343,0,0,0,1
0.381671,-0.259037,0.311119,0.097530,0.401843,-0.436895,0.955090,0,0,0,0
0.204546,-0.841900,0.094361,-0.044196,-1.173140,2.078771,-0.591170,0,0,0,0
0.475450,-0.575323,-0.668576,0.199749,-0.786290,-0.342774,0.369019,0,0,0,0
0.725202,-0.564222,-0.004412,-0.081831,-0.205620,0.900117,0.796182,0,0,0,0
-0.431799,-0.499058,-0.138818,0.821439,0.323961,-0.889367,-0.606033,1,0,0,0
0.933539,-0.989675,0.809420,0.327620,-0.359104,-0.281753,1.074134,0,0,0,0
0.360819,0.041301,0.490300,0.302747,-0.253578,-0.598815,0.621819,1,0,0,1
0.581148,-0.447528,-0.021466,0.275300,-0.643396,-0.283018,0.065544,0,0,0,0
0.772931,-0.212060,0.489961,1.412136,-1.032124,1.474240,0.579986,0,0,0,0
0.710768,-0.813260,0.502243,0.048957,-0.682598,-0.421738,0.673636,0,0,0,0
0.762158,-0.704793,0.039452,0.424427,-0.931018,0.154895,0.356560,0,0,0,0
0.553417,-0.565960,0.921777,0.546788,-0.002369,-0.351580,1.047290,0,0,0,0
1.054501,-0.628401,-0.525122,-0.457688,-1.561322,0.781509,-0.344724,0,0,0,0
0.563612,-0.325563,0.478193,-0.239965,-0.695363,0.119727,0.295514,0,1,0,0
0.833361,-0.574999,0.664865,0.240682,-0.435858,-0.439579,0.997664,0,0,0,0
-0.137979,-0.591300,0.342365,0.968141,-0.363883,-0.544602,-0.883240,0,0,1,0
0.781456,-1.235089,0.902407,0.436336,-1.519774,-0.658443,0.580001,0,1,0,0
0.646462,-0.172254,0.430196,0.795413,0.153640,0.111482,0.546325,0,0,0,0
0.226598,-0.520140,0.207057,0.668352,-0.758653,-0.637143,-0.318600,1,0,0,0
0.869098,-0.506373,0.226137,0.693042,-0.902378,1.274363,1.092025,0,0,0,1
0.175485,-0.035220,0.273255,0.549275,-0.502908,-0.531680,-0.027997,0,0,0,0
0.836997,-0.737486,0.993475,-0.184109,-0.881190,0.739476,0.410857,0,0,0,0
0.766518,-0.519557,0.159177,-0.159548,-1.181661,-0.526457,-0.126873,0,0,0,0
1.285567,-1.286303,-0.368543,-0.907672,-1.923709,-0.654792,-0.250153,0,0,0,0
0.483996,-0.236799,0.097208,0.004439,-0.915161,0.062363,0.488298,1,0,0,0
0.782324,-0.543799,-0.284935,0.235235,-0.308119,-0.429379,1.329557,0,0,0,0
-0.175347,-0.745590,0.012290,0.675863,-0.746922,0.140678,-0.842839,0,0,0,0
0.385566,-0.587484,0.581502,-0.383472,-0.333477,-0.473560,0.614343,0,0,0,0
0.931186,-0.248116,0.016919,-0.060850,-0.397188,0.085858,1.440420,0,0,0,0
0.162953,-0.511276,-0.070224,0.447720,-1.082559,-0.660953,-0.400242,0,0,0,0
0.941960,-0.824248,-0.577353,0.520562,-1.335609,0.075658,0.728337,1,0,0,0
0.601418,-0.215957,-0.530374,0.379468,-0.735008,-0.265178,1.135066,0,0,1,1
0.702453,-0.763982,0.271319,0.220102,-0.385510,0.060766,0.291840,1,0,0,0
0.864371,-0.649048,-0.028525,0.624886,-0.738454,0.156025,0.522290,0,0,0,1
1.239321,-1.021009,0.092492,-0.198622,-1.048923,-0.150305,0.559522,0,0,0,0
0.686796,-0.474391,-0.225691,0.437719,-0.211880,1.435342,0.667159,0,0,0,0
0.501932,-0.406599,-0.443366,0.240327,-0.335068,-0.527028,-0.243025,0,0,0,0
0.509203,-0.648719,0.212333,0.192741,-1.395553,2.477551,-0.304159,0,0,1,0
0.463756,-0.405263,-0.490538,0.494289,-2.044117,-0.349050,0.425742,0,0,0,0
0.906067,-0.680311,0.007568,0.016147,-0.815909,-0.299573,1.069666,0,1,0,0
0.114709,-0.922198,-0.237754,0.893229,-0.736278,-0.858345,-0.699204,0,0,0,0
0.932131,-0.794758,0.577778,0.657016,-1.004824,-0.576710,0.755215,0,0,0,0
0.739870,-0.494164,0.321450,0.422974,-0.858131,-0.239429,0.981298,1,0,0,1
0.530573,-1.100601,0.565323,-0.425868,-0.522442,-0.385058,-0.169660,0,0,0,0
0.811834,-0.715333,0.736805,0.512086,-0.414911,0.776555,0.584978,0,0,0,0
0.143590,-0.278607,0.525696,0.101937,-0.042211,-0.548882,0.820997,0,0,0,0
0.840404,-0.644495,0.151762,0.314913,-1.040201,-0.038266,0.376464,0,0,0,0
0.645725,-0.481059,1.200779,-0.049958,0.119297,-0.533442,0.324090,0,1,1,0
1.340788,-0.798932,-0.078946,-0.941804,-0.753800,-0.700507,0.269450,0,1,0,0
0.737727,-0.646467,0.069890,0.286612,-0.698547,0.516100,0.515232,0,0,0,0
1.168104,-0.385246,-0.289047,-0.077594,-1.196851,-0.674029,1.000380,0,0,0,0
0.392399,-1.035893,0.107105,0.694186,-0.988528,2.555599,-0.322886,0,0,0,0
1.047148,-1.062363,-0.146395,0.140934,-1.340705,-0.189958,0.693813,0,0,0,0
0.890401,-0.284064,-0.046263,-0.134592,-0.468564,1.744463,0.130268,0,0,0,0
0.200751,-0.805106,1.430184,0.309173,-1.094696,-0.854188,0.095269,0,0,0,0
1.086803,-0.073623,0.836559,-0.520284,-1.853184,0.479749,0.802368,0,0,0,0
0.418986,-0.354544,0.946815,1.013464,-0.433128,-0.482608,0.734333,1,1,0,0
0.559135,-0.499010,0.700448,0.597522,-0.588125,-0.011002,0.995516,0,0,0,0
0.766332,-0.429284,0.761350,0.781497,-0.400231,-0.213535,0.126241,1,1,0,0
0.752125,0.057236,0.826536,0.737737,-1.159244,-0.274696,1.253255,0,0,0,0
0.563772,-0.627774,0.557931,-0.311655,-0.649502,1.070445,0.401031,0,0,0,0
0.636616,-0.231137,1.045760,1.118331,-0.302757,-0.423805,1.127755,0,0,0,0
0.398097,-0.633022,1.199485,0.366890,-0.950782,3.475819,-0.113675,0,0,0,0
0.526182,-0.369189,0.477643,0.946535,-0.370388,-0.687653,0.524124,1,0,0,0
1.286418,-0.543137,-0.074009,-0.666213,-1.213620,-0.133663,-0.002417,0,0,0,0
0.467397,-0.390544,0.435497,-2.008667,0.229499,-0.760719,-0.250349,0,0,0,1
0.612331,-0.436214,-0.655296,-1.280178,0.075207,-0.230334,-0.607093,0,0,0,0
-0.044390,-0.791385,0.080649,-1.544854,0.882642,0.599031,-0.995586,0,0,0,1
0.320350,-0.873446,-0.390067,-1.382748,-0.602117,-0.295735,-1.038006,0,0,0,0
0.050298,-0.886478,-1.222572,-1.704831,0.351479,1.431932,-0.798296,0,0,0,0
0.033579,-1.233728,-0.021073,-1.968887,-0.096873,-0.250680,-1.103933,0,0,0,0
0.386736,-0.437105,-1.210981,-1.702209,0.560440,2.091938,-0.763372,0,0,0,0
-0.005498,-0.774703,-0.485763,-2.835405,1.075552,-0.725622,-0.804370,0,0,0,1
0.283718,-0.322569,-0.289579,-1.503911,-0.609001,-0.262585,-0.841484,0,0,0,0
-0.081176,-0.331282,-0.896567,-3.274484,0.173853,0.015523,-0.598885,0,0,0,1
0.178094,-0.529779,-1.298622,-1.172072,-0.478900,-0.280086,-1.165206,0,0,0,0
0.078133,-1.510071,1.570660,0.704770,-0.977930,0.890872,-0.598336,0,0,0,0
0.579819,-0.605894,1.283215,0.507552,-0.895524,-0.299428,0.528410,0,0,0,0
0.824454,-0.466469,0.923892,0.549694,-0.524298,1.527318,0.207000,0,0,0,0
0.003523,-0.969677,0.965731,0.714244,-0.424287,-0.715302,0.245533,0,0,0,0
0.918801,-0.699921,0.413495,0.581999,-1.218081,2.793690,0.425854,0,0,0,0
0.347985,-0.021115,0.764753,0.538590,-0.189618,-0.733905,0.533017,1,1,1,1
0.694385,-0.754036,0.535383,0.108352,-0.783535,-0.058302,0.888134,0,0,0,0
0.559653,-0.239404,0.996488,1.118455,-0.999350,-0.841440,0.666190,0,1,0,0
0.945789,-0.539368,0.111064,0.101335,-1.550746,-0.259597,0.967564,0,0,0,0
0.642633,-0.322380,0.972662,0.269124,-1.616523,2.524999,0.060394,0,0,0,0
0.984606,-0.631060,0.784548,-0.175959,-0.820631,-0.575021,0.838711,0,0,0,0
0.469876,-0.012648,0.017560,-0.571876,-0.093959,0.603042,0.080495,0,0,0,0
0.355610,-0.306798,-0.486788,-0.544638,-0.425074,-0.029013,-0.929980,0,0,0,0
0.409276,-0.729808,-0.633814,-0.441116,-0.073150,-0.244104,-1.301068,0,0,0,0
0.094125,-0.702008,0.394189,0.486858,0.010786,-0.317876,-1.212349,0,1,0,0
0.406255,-0.577079,-0.824568,-0.085049,-0.056178,-0.230270,-1.371874,0,0,0,0
0.036641,-0.517531,-0.948813,-1.298597,0.500941,0.367508,-1.487876,0,1,1,0
0.334608,-0.706543,-1.409380,-1.035840,-0.688480,-0.433397,-0.987086,0,0,0,0
-0.086868,-0.267133,-1.348855,-0.068403,-0.211952,1.084673,-1.192861,0,0,0,0
0.056150,-1.365646,-0.683377,0.085899,-0.083225,-0.530316,-1.237743,0,0,0,0
0.369144,-0.743412,-0.789772,-0.415629,-0.592046,1.866910,-0.925672,0,0,0,0
0.308472,-1.331143,-1.038166,0.590643,-0.302446,-0.330333,-1.187626,0,0,0,0
0.743743,-0.778276,0.204454,-1.259042,-2.228695,2.498325,-0.424691,0,1,0,0
0.620624,-1.089217,0.831332,0.723402,-0.428958,-0.315458,0.362130,0,0,1,1
0.875144,-0.669202,0.302612,0.667505,-0.306260,-0.541094,1.451943,0,0,0,0
0.177923,-0.280495,0.446767,1.422599,-1.271406,-0.521180,0.108944,0,0,0,1
1.007972,-1.035017,0.496701,-0.217172,-0.964023,-0.533154,0.458553,0,0,1,0
0.714470,-0.582160,0.763909,0.132630,-0.229387,-0.003461,0.802851,0,0,0,0
0.309401,-0.417901,1.001323,0.455733,-0.624261,-0.486986,0.653208,0,0,0,0
1.325895,-0.436639,0.450566,-0.682667,-1.533661,1.377559,0.500991,0,0,0,0
0.319208,-0.249728,-0.016676,-0.464056,-0.286537,-0.433285,0.409819,0,0,1,1
0.705642,-0.666522,0.156572,0.496188,-0.586858,-0.025166,0.855699,0,0,0,0
0.881919,-0.621924,0.259158,-0.056306,-0.869374,-0.184582,0.060900,0,1,0,0
1.316365,-0.587950,-0.309232,-1.639259,-1.777160,-0.471591,0.575595,0,0,1,0
0.727430,-0.887753,0.745949,0.459410,-0.703527,0.494473,0.403699,1,0,0,1
0.886658,-0.973506,0.686873,0.229248,-0.083501,-0.164889,1.086571,0,0,0,0
0.466364,-0.630449,1.066754,-0.295970,-1.434556,1.939303,0.398879,0,0,0,0
0.355086,-0.209911,0.599340,0.464449,-0.582582,-0.520202,0.278529,0,0,0,0
0.856522,-0.508316,0.138477,0.024117,-0.593174,-0.321611,1.027930,0,0,0,0
0.160020,-0.408119,0.638710,0.675287,-0.708415,-0.850316,0.101161,0,1,0,0
1.286830,-0.841175,0.292248,-0.514206,-1.632653,1.534754,0.384771,0,0,0,0
0.421064,-0.357273,-0.577033,0.636253,-0.080844,-0.257787,0.607019,1,0,0,1
0.485425,-0.748282,0.452191,0.490283,-0.302474,-0.272987,0.925191,0,0,0,0
0.884369,-0.698106,0.539764,0.937800,-0.397040,-0.073446,0.565592,0,0,0,0
0.925009,-0.957878,0.393191,0.100847,-0.204085,-0.403778,0.642498,0,0,0,0
0.686803,-0.933633,0.151225,0.568471,-1.157917,0.461194,-0.273969,0,0,0,0
0.683757,-1.066287,0.798366,1.357725,-0.149562,-0.759213,0.596713,0,0,0,0
1.246475,-0.437619,0.236795,-0.709012,-1.304395,-0.334070,0.682079,0,0,0,0
0.753072,-0.832269,0.759473,0.274194,-0.265313,-0.636087,0.454778,1,1,0,0
1.248986,-0.544435,0.236186,-0.756222,-0.642471,-0.320758,0.895101,0,0,0,0
0.703232,-1.268772,0.641993,0.795303,-0.629806,0.340525,-0.257453,0,1,0,0
1.402917,-1.157186,0.532076,-0.174405,-0.859277,-0.162374,0.766010,0,0,0,0
0.855412,-1.008850,0.302816,0.048384,-0.659098,1.172235,0.552917,0,0,0,0
0.998512,-1.040983,0.329948,-0.230455,-0.985628,-0.078901,0.526718,0,0,0,0
0.951375,-0.861630,0.647406,0.346598,-0.920845,1.532199,0.542228,0,0,0,0
0.678713,-0.829724,0.965035,1.099766,-0.177583,-0.729536,0.672158,0,0,0,0
1.151607,-0.610679,0.606969,-0.524969,-0.998979,0.224160,0.572228,0,0,0,0
0.833757,-0.783603,0.268142,0.919986,-0.149459,-0.582291,0.214792,0,1,1,0
1.239609,-0.739837,0.329773,-0.583129,-1.059617,-0.490882,0.599286,0,0,0,0
0.818899,-1.032153,0.670326,0.579337,-0.831800,-0.299549,-0.045579,1,0,0,1
0.881981,-1.098273,0.244178,1.026866,-0.132565,-0.238705,1.042888,0,0,0,0
0.778888,-0.854858,0.309855,1.199696,-0.425801,0.623279,0.181479,0,0,0,0
0.755590,-1.260122,0.778525,0.725564,-0.026859,-0.268816,0.094638,0,0,0,0
0.946277,-0.715023,0.232629,0.681710,-0.740634,1.802818,1.081012,0,0,0,0
0.763192,-1.203986,0.032845,0.830561,0.202499,-0.279414,-0.391335,0,0,0,0
1.417751,-0.949402,0.227670,-0.406109,-1.188191,-0.434137,0.947241,0,0,0,0
0.835449,-1.252484,0.243400,0.681393,-0.488417,-0.222951,-0.344242,1,1,0,0
0.834627,-1.032739,1.124617,0.883060,-0.364948,0.145536,0.630857,0,0,0,1
0.895970,-0.660828,1.093213,-0.371011,-1.201324,-0.103884,2.093251,0,0,0,0
0.819115,-0.546285,0.600548,0.167051,-1.408093,-0.066048,1.664323,0,0,0,0
0.589242,-0.602274,0.989558,1.620384,-1.707930,-0.537015,0.906066,0,0,0,0
0.848754,-1.099594,0.444311,0.581436,-0.983825,-0.449549,0.698510,0,0,1,0
1.008016,-0.420509,1.491172,-0.411742,0.138350,1.352801,1.211767,0,0,0,0
1.217914,-1.539958,-0.040369,0.207973,-0.695477,-0.058464,0.474796,0,0,0,1
0.827340,-1.525763,-0.537482,-0.600549,-0.512232,0.106424,-0.478525,0,0,0,0
0.576516,-1.051363,0.452064,-0.159120,-0.677799,-0.354107,-0.381643,0,0,0,0
1.309365,-0.887254,-0.358380,-0.935754,-1.002670,-0.497467,-0.397350,0,0,0,0
0.091344,-0.880404,1.257748,-0.541534,-1.028291,0.599267,1.326391,1,0,0,0
-0.225414,-1.506587,1.272864,1.171783,-0.357130,-0.495781,-0.252974,0,0,0,0
0.605170,-0.547540,-0.266717,-0.478732,0.507004,2.886413,-0.097476,0,0,0,0
-0.362711,-0.547781,1.186866,0.300643,-0.190037,-0.742122,0.267236,0,0,0,0
0.555978,-1.047655,0.335138,-1.034224,0.223510,2.676120,1.209007,0,0,0,0
0.077373,-0.687543,-0.228426,-0.954120,-0.100552,-0.657816,0.274773,0,0,1,0
1.368160,-1.525991,1.131643,0.098910,-0.462941,-0.643653,0.633628,0,1,0,0
0.799061,-1.440173,-0.664504,2.219781,-1.278612,-0.135026,0.569199,1,0,0,0
0.808091,-0.792181,-0.999383,-0.214702,-1.067216,-0.567886,0.296110,0,0,0,0
0.222791,-0.895960,0.054759,-0.150888,-0.509896,3.472308,-0.538284,0,0,0,0
0.496730,-0.952987,-0.854356,0.238826,-1.111401,-0.333358,1.524191,0,0,0,0
0.231666,-0.812832,0.018840,-0.115214,-0.209856,-0.025854,0.860072,0,0,0,0
-0.357446,-0.664742,-0.773358,-0.310032,-0.213002,-0.733429,-0.407782,0,0,0,0
0.713884,-0.858119,-0.502387,0.136246,0.768440,0.590258,1.396589,0,1,0,0
-0.111262,-0.106252,-1.122561,0.282495,-0.095830,-0.207580,1.293232,0,0,0,1
0.284703,-0.390301,-1.781483,1.369920,-0.850892,-0.250369,0.333495,0,0,0,0
0.199005,-0.560616,-2.105816,0.893160,-0.797895,-0.042351,0.261942,0,0,0,0
1.413068,-1.391117,0.768125,-0.242776,-0.622716,-0.166131,0.213599,0,0,0,0
1.084521,-1.806576,0.339275,0.699851,-0.403137,1.278900,0.313753,0,0,0,0
0.653780,-1.195814,-1.441373,-0.456324,-1.491083,-0.201658,-0.191462,0,0,0,0
0.741380,-1.072640,0.556950,-0.527030,-1.192292,2.666194,-0.383467,0,0,0,0
-0.204873,-0.983604,-0.145637,-0.110975,-0.277459,-0.287590,-0.183287,0,0,0,0
0.742808,-0.892384,0.060707,-0.822702,0.532099,3.064749,1.022792,0,0,0,0
0.101993,-1.183538,-0.606273,-0.755583,-0.461595,-0.635746,0.390636,0,0,1,0
0.835651,-1.829619,-0.834928,-0.356432,-0.257897,-0.677418,0.079472,0,0,0,0
-0.286629,-1.035641,0.039534,0.179225,-0.659540,-0.501260,-0.125551,1,1,1,0
0.292707,-1.477723,0.011590,-0.469526,-0.639521,-0.721201,-0.160616,0,0,0,0
0.400486,-0.334546,0.556070,-0.603203,-0.762501,1.497741,1.014180,0,0,0,0
0.183849,-1.924706,0.865522,-0.702603,0.143931,-0.683969,0.512955,0,0,0,0
0.750146,-1.729604,-0.688508,2.243048,-1.214657,0.207462,-0.029243,0,0,0,0
0.813084,-1.226703,-0.891673,-0.570848,-0.441536,-0.511015,0.135179,0,0,0,0
1.276967,-1.051726,-0.526679,-0.937642,-1.164109,-0.290585,-0.278523,0,0,1,0
0.776532,-0.766664,0.604137,-0.917356,-0.738849,0.583882,1.460006,1,0,0,0
0.939054,-1.346556,0.664074,0.082406,-0.388572,-0.261883,0.167162,0,0,0,0
0.534991,-0.870332,0.148443,-0.112049,-0.134277,1.022258,-0.229204,0,0,0,0
0.864100,-1.025181,0.308032,-1.192948,-0.249436,-0.589872,2.419434,0,0,0,0
0.636987,-0.858505,1.194590,-0.192377,-1.506588,-0.221658,2.108579,0,0,0,0
-0.101717,-0.562627,1.084668,1.482601,-1.116889,-0.720554,-0.347781,0,0,1,0
0.900357,-0.879960,1.560302,0.683391,-1.242375,0.860257,1.987438,0,1,0,0
0.575952,-0.819194,1.816572,0.660526,-1.092533,-0.249834,0.208933,1,0,0,1
1.296723,-1.713427,0.173010,0.026275,-0.869127,0.365077,0.387075,0,0,0,0
0.919900,-0.885821,-0.927123,-0.074706,-1.349722,0.005947,-0.083388,0,1,0,0
0.852489,-1.733919,-0.552833,-0.720818,-0.540604,-0.598603,-0.542857,0,0,0,0
0.045734,-0.921444,-0.125864,0.679598,-0.199900,-0.185231,-0.327091,1,1,0,1
0.178689,-0.547680,0.174121,-0.403542,-0.114035,-0.694433,-0.241545,0,0,0,0
0.573716,-0.430325,0.310065,-0.512189,-0.740006,1.422884,0.763434,0,0,0,0
0.105315,-0.796126,0.200449,-1.139294,0.043780,-0.656697,0.261638,0,0,0,0
0.178486,-0.723337,-0.275562,-0.218357,0.134865,-0.224467,-0.071127,0,0,0,0
-0.674522,-0.645823,1.269370,0.519166,0.130391,-0.770119,-0.587919,0,0,1,0
0.996500,-1.371142,-0.595074,-0.014629,-0.422363,-0.414369,1.631551,0,0,0,0
0.373822,-0.634995,-0.258195,-0.579045,-0.228354,0.441800,0.470086,1,0,0,1
0.892457,-1.201587,0.113794,1.450725,-0.438069,-0.136350,0.703774,0,0,0,0
0.892799,-0.702845,-0.445593,0.524378,-0.660973,0.911958,0.310957,0,0,0,0
0.701671,-1.268332,-0.442401,-0.827515,-0.969928,-0.603662,0.400204,0,0,0,0
0.327533,-1.028176,-0.406296,-0.260696,0.450224,-0.358232,1.329633,0,0,0,0
0.379702,-0.868880,0.042951,0.023426,0.117961,-0.322495,-0.270917,0,0,0,0
0.971815,-0.601438,-0.252804,-0.291362,-0.876962,2.174716,-0.264618,0,0,0,0
0.695958,-0.223896,0.742874,0.040924,-0.060192,-0.277387,1.375878,0,1,0,0
0.419384,0.063717,-0.915520,0.357090,-0.009057,-0.318661,1.496181,0,0,0,0
0.267784,0.102877,-0.074232,0.616932,-0.243897,-0.191320,0.131857,0,0,0,0
0.622994,0.125357,0.151169,0.057269,0.459098,-0.206251,1.020971,0,0,0,0
0.421880,0.687110,-0.750467,-0.488611,0.584117,-0.045680,1.945990,0,0,0,0
0.870941,-0.941178,1.035073,-0.124431,-0.413637,-0.242053,0.340405,0,0,0,0
0.850334,-0.522424,-1.826004,0.362343,-1.770098,0.667888,-0.041365,0,0,0,0
0.411641,0.379951,-1.472320,0.026462,-0.303886,-0.389418,0.994515,0,0,1,0
0.418322,0.000183,-0.864411,-0.418778,0.072939,-0.572424,1.131691,0,0,0,0
0.112218,1.327614,-0.553798,-0.009402,-0.597868,-0.562728,0.178742,0,0,0,0
0.789909,0.410142,-0.458393,-0.368845,-1.392627,-0.348470,1.422288,0,0,0,0
0.509176,0.484151,-0.276910,-0.188907,-0.077831,-0.364897,1.245589,1,1,0,1
0.168079,0.885349,-0.556324,-0.485184,-0.276944,-0.352315,0.275475,0,0,0,0
0.502932,0.206127,-0.043307,-0.008871,-1.432458,0.824660,0.288478,0,0,0,0
0.412186,0.211349,-0.813801,-0.375359,-2.101000,-0.314310,0.193397,0,0,0,0
0.357309,0.603136,-1.051513,-0.011176,0.153890,0.200817,0.648133,0,0,0,0
0.651340,-0.743516,1.444524,0.730962,0.226898,-0.646804,1.982630,0,0,0,1
-0.209943,1.234576,-0.754481,-0.577433,0.320604,-0.376785,0.057904,0,0,0,0
-1.857981,3.294266,0.209534,-2.263753,2.565026,-0.370897,0.057242,0,0,0,0
-2.371189,3.156001,0.491875,-3.159626,2.595594,-0.550793,-0.258577,0,0,0,0
-2.697863,3.141297,1.090759,-3.431497,3.554762,-0.476420,-0.258766,0,0,0,0
-0.268510,-1.112356,0.146548,-1.274741,-0.466310,-0.536485,0.112812,0,0,0,0
0.835415,-0.738127,-0.028808,0.132457,-1.436833,0.895158,1.021522,0,0,0,0
0.857226,-0.830951,0.959759,-0.378659,-0.839923,-0.310229,2.355108,0,1,0,0
0.634131,-0.454147,0.944833,-0.185258,-0.941983,1.535680,0.747421,0,1,0,0
0.716133,-1.139557,2.009508,1.544326,-1.056920,-0.336842,1.709128,0,0,0,1
0.744497,-1.203763,0.785702,0.552023,-0.422701,-0.082813,1.614648,0,0,0,0
-0.103436,0.379651,0.104411,0.043467,-0.682541,-0.812448,0.835682,0,1,0,0
0.881549,-1.586960,0.076759,0.725127,-0.845591,-0.479355,1.650717,0,0,0,0
0.461004,-0.855379,-0.142110,-1.003054,0.136022,1.097265,0.329935,0,0,0,0
0.239999,-0.443041,-0.538444,0.534005,-0.311341,-0.662293,-0.028341,0,0,0,0
0.856631,-0.793520,0.345664,0.080994,0.166117,3.576270,1.418563,0,0,0,0
0.033816,-1.460965,0.860048,-0.091242,-1.250588,-0.680862,0.252539,0,0,0,0
0.577177,-1.702457,0.864400,-0.317989,-0.041358,2.079118,0.819818,0,0,0,0
0.522229,-0.416371,-0.092385,-0.228219,-0.792236,-0.292268,0.657929,0,0,0,1
1.387295,-1.095104,-1.693134,-1.456878,-1.384242,0.058143,-0.232692,0,0,0,0
0.289443,-0.847686,0.427591,-0.446308,-0.173876,0.157026,1.500805,1,0,0,0
0.726648,-1.642764,-0.423690,0.055766,-0.920899,-0.495713,-0.017749,0,0,0,0
-0.314719,-0.351632,1.167462,0.046589,-1.495196,1.898511,-0.312188,0,0,0,0
0.090933,-0.931130,0.213266,0.311907,0.462496,-0.449726,1.562360,0,0,0,0
0.164531,-0.620996,-0.351394,-0.049510,-1.133706,-0.382298,1.805500,0,0,0,0
-0.085612,-0.543255,-1.027055,0.416468,-0.755977,-0.797252,-0.434803,0,0,0,0
0.850946,-1.120688,0.059925,-0.457385,-0.234090,1.979488,1.397922,0,1,0,0
0.067239,-0.373802,0.609037,0.012341,-0.463448,-0.468366,1.500380,1,0,0,1
0.097731,-0.006834,-0.912103,0.179162,-0.736805,-0.415045,0.230261,0,0,0,0
0.493930,-0.601545,-0.367810,-0.217788,0.111604,-0.370460,0.378190,0,0,0,0
1.089181,-1.440589,-0.894386,-1.084951,-1.554087,-0.651797,0.737117,0,0,0,0
0.461020,-0.554912,-2.179429,0.392893,-0.672146,0.495082,1.199327,0,0,0,0
0.221509,-0.711128,-1.270201,0.623223,-0.295772,-0.481442,2.323848,0,0,1,0
0.763197,-0.475678,-0.274660,-0.594829,-0.882262,1.492305,-0.454086,0,0,0,0
-0.020146,-0.798033,0.378611,0.199406,-0.189345,-0.568485,1.698202,0,0,0,1
0.711326,-1.704058,-0.465287,0.132969,-0.028407,-0.362250,0.028759,0,0,0,0
-0.139784,-0.981681,-0.454643,0.622522,-1.154477,-0.199140,-0.960743,1,0,0,0
1.028131,-1.572780,-0.426900,-0.128460,-0.537934,-0.517730,1.956656,0,0,0,0
0.561295,-0.707334,-0.188005,-0.694026,-0.688267,0.638347,0.495655,1,1,1,0
0.365320,-1.565419,-0.239524,0.115935,-1.171894,-0.527755,0.052280,0,0,0,0
0.778042,-0.814737,0.596570,-1.090046,-0.773249,3.796459,1.088285,0,0,0,0
-0.221528,-0.912243,0.585931,-0.174945,-1.134170,-0.546101,1.196305,0,0,0,0
0.546184,-1.243478,-0.343066,-1.057951,-0.176422,1.099696,1.163773,0,0,0,0
0.379775,-0.369631,-0.320582,-0.110759,-1.247558,-0.286952,0.632392,0,0,1,0
0.913048,-0.872866,-0.467782,-0.776850,-0.843505,1.841482,-0.318027,0,1,0,0
0.058377,-1.048107,0.400397,0.485115,-0.068996,0.215721,1.306092,1,0,0,0
0.387779,-0.940440,-0.824613,-0.687005,-0.194369,-0.321968,-0.479103,0,0,0,0
0.342501,-0.305131,-1.137871,-0.098487,-0.785883,-0.005790,-0.602935,0,1,0,0
0.696716,-1.024168,0.488157,-0.225762,-0.515865,-0.197821,1.363428,0,0,0,0
0.799538,-0.603230,0.937581,-0.884200,-0.051453,0.565084,0.583849,0,0,0,0
0.505411,-0.504901,0.051160,0.522966,-0.549116,-0.678677,-0.046633,0,0,0,0
1.189269,-0.585522,0.294011,-0.707873,-0.557754,-0.042550,2.155938,0,0,0,0
0.667961,-0.641346,1.352005,0.847960,-1.377823,-0.446085,1.676862,0,0,1,1
0.636490,-0.954926,1.470915,0.882835,-1.533890,-0.239464,0.322070,0,0,0,0
0.732801,-0.888777,1.647238,1.060373,-0.920501,0.578779,1.265896,0,0,0,0
1.449988,-1.366085,-0.064968,-0.292005,-0.981354,-0.290097,2.079207,0,0,0,0
0.601354,-0.328044,0.020565,-0.885841,-0.347742,1.095038,1.212125,0,0,0,0
0.685227,-0.977773,0.366935,-0.288018,-0.584963,-0.437844,0.365338,0,0,1,0
0.559742,-0.339969,0.930248,-0.135678,-0.926162,3.670243,0.307284,0,1,0,0
0.032943,-0.042356,-0.206917,1.132717,-0.996901,-0.331596,1.170474,0,0,0,0
0.872716,-0.727484,0.515809,-0.227157,-0.056469,1.054590,1.060534,0,0,0,0
0.540267,-0.662095,0.157744,-0.189458,-1.176371,-0.411489,-0.059357,0,0,0,1
1.317850,-0.620490,-0.792467,-0.456472,-1.300600,-0.242506,1.127246,0,1,0,0
0.423688,-0.569003,0.433146,-0.211415,-0.653718,-0.128039,1.403451,0,0,1,1
0.379776,-1.074260,0.844839,0.026202,-1.793905,-0.572015,-0.124290,1,0,0,0
0.579493,-0.541175,0.289945,-0.220131,-0.298954,1.472737,0.244757,0,0,0,0
0.451121,-1.023412,0.085593,-0.356105,-0.767578,-0.628381,1.801772,0,0,0,0
0.553456,-0.234724,-1.071480,0.185805,-0.433921,0.682155,0.549937,0,0,0,0
0.471952,-0.286798,0.157122,0.322628,-0.088572,-0.598204,0.977167,0,0,0,0
1.324338,-1.141465,-0.251202,-0.588341,-0.906121,-0.118796,0.338950,0,1,0,0
0.349644,-0.104265,-0.389445,-0.121418,-0.104106,0.022741,1.391809,1,1,0,1
0.462411,-0.093928,-0.414405,1.013432,0.369806,-0.113889,1.114480,0,0,0,0
0.340758,-1.089839,-0.107494,0.078258,-1.204824,2.166109,-0.045720,1,0,0,0
0.988653,-1.110238,-1.142523,0.150960,-1.065184,-0.580179,0.454072,0,0,0,0
0.581391,-0.476616,-0.629593,0.046411,-0.261708,1.292650,0.340720,0,0,0,0
0.506040,-0.440635,-1.724322,0.553395,-1.907727,-0.596372,0.165533,1,0,0,0
0.878074,-0.299092,-0.451875,0.132064,-0.512718,0.960860,0.749922,0,0,0,1
0.316926,-0.472414,-1.317227,0.791329,0.158087,-0.757294,0.384051,0,1,1,0
1.333839,-0.803357,-0.680440,-0.571863,-1.259776,0.539961,0.156162,0,0,0,0
0.594286,-0.898886,-0.005146,-0.114159,-0.597742,-0.398032,0.006730,0,0,1,0
1.451451,-1.237847,-1.072752,-0.368960,-1.175366,-0.451728,0.180089,0,0,0,0
0.511679,-0.812417,-0.557072,0.229578,0.170173,0.534706,0.224901,0,1,0,0
0.630907,-0.954194,-0.237075,-0.153885,-1.017854,-0.592571,-0.109609,0,0,0,0
0.738590,-0.474068,0.256845,-0.756727,-2.085427,2.496004,-0.233966,0,0,0,0
0.495168,-0.828478,-0.809263,0.069425,-1.642244,-0.675393,-0.084101,0,0,0,0
0.848478,-0.455244,-0.008676,-0.400160,-1.033262,0.914249,0.612828,0,0,0,0
0.036252,-1.044053,-0.046683,-0.411840,-1.840138,-0.778571,-1.181682,0,1,0,1
1.266919,-0.936246,-1.801676,-0.526404,-2.611594,-0.700595,0.103328,0,0,0,0
0.381535,-0.677734,-0.833897,-0.012120,-1.021814,-0.651183,-0.404486,0,1,0,1
0.962715,-1.539718,-1.728267,-1.053960,-1.868270,-0.497786,-0.606075,0,0,0,0
0.886873,-0.701224,-0.714218,-0.977724,-0.504240,1.799518,0.084255,0,0,0,0
1.001255,-1.688585,-0.809531,-1.194493,-1.248927,-0.661491,0.362754,0,0,0,0
0.821744,-1.311831,-1.714197,-0.699284,-1.313011,1.584893,-0.522597,0,0,0,0
0.508018,-1.526009,-0.921832,0.402396,-0.611830,-0.763884,-0.266529,0,0,0,0
-0.782496,0.442363,-1.248229,-0.789808,1.858787,-0.383533,0.359395,0,0,0,0
-2.627411,1.448358,-2.159916,-3.688897,2.140255,-0.274323,-0.550691,0,0,0,0
-2.234503,1.246921,0.272674,-1.742260,1.182974,-0.527143,-0.850858,0,0,0,0
0.573223,-0.348628,0.324644,-0.203160,-0.746123,0.315733,-0.031172,0,0,0,0
1.407073,-1.246565,-1.424549,-1.112670,-0.759313,-0.268870,0.529478,0,0,0,0
0.710192,-0.550550,0.313148,-0.001588,0.001582,0.158168,0.349121,0,0,0,0
0.022509,-0.234072,0.773769,0.919813,-0.393445,-0.608503,-0.085769,0,0,0,0
0.965070,-0.460930,-0.101684,-1.184300,0.249059,3.383982,0.511162,0,0,0,0
0.271507,-0.397970,0.265539,-0.424095,0.076845,-0.537494,-0.307267,0,0,0,0
0.645277,0.236464,-0.435330,-0.295520,0.518928,0.701160,0.390946,0,0,0,0
0.672256,0.190831,0.748178,0.430007,0.757709,-0.465292,0.588551,0,0,0,0
1.180129,-0.641286,-1.287187,-1.117763,0.020044,-0.602543,0.705045,0,0,0,0
0.371241,0.037554,0.608600,0.297355,0.537500,0.037990,0.492719,0,0,1,1
0.961090,-0.069025,-0.803629,-0.514018,-0.075604,-0.425523,0.755550,0,0,0,0
0.491456,0.509213,-0.464923,-0.599830,-0.914643,3.647868,0.196425,0,0,0,0
0.432943,-0.900061,0.201153,0.195436,0.938321,-0.378376,0.553603,0,0,0,0
0.990670,0.538099,-1.629979,-0.694568,-0.140403,1.196654,0.435624,0,0,0,0
-0.175804,-0.020001,0.554912,-0.207414,0.697759,-0.643512,0.071267,0,0,1,1
1.311921,-0.366456,-1.288933,-1.075078,-0.999870,0.053429,0.274024,0,0,0,0
0.309529,0.308902,-0.023790,0.167427,-0.342172,0.382481,0.512891,1,0,1,1
0.551011,-0.120739,-0.529761,-0.424888,0.633435,-0.698805,-0.170089,0,0,0,0
0.739163,0.233732,0.686649,0.165301,0.065329,0.791556,0.787233,0,0,0,0
1.120386,-0.631716,-1.095191,-0.999414,0.058464,-0.550739,0.655301,0,0,0,0
0.439145,0.076935,1.031728,0.391827,-0.081044,1.365207,-0.177473,0,0,0,0
0.423842,0.087192,1.236735,0.836761,0.494260,-0.767632,0.929915,0,0,0,0
0.757050,0.600145,-0.703009,-1.218366,-0.305093,3.782671,0.391700,0,0,0,0
0.228053,0.320568,0.142356,0.141495,0.049181,-0.351949,-0.193915,0,0,1,1
0.522873,0.345823,-1.595783,0.445989,0.105273,-0.382712,-0.050628,0,0,0,0
-0.044634,0.605850,0.196707,-0.798702,-0.072275,-0.662470,-0.077288,0,0,0,0
1.134354,-0.766235,-0.444461,-0.545693,-0.419368,-0.684877,0.339096,0,0,0,0
0.444311,0.127344,-0.011023,-0.532134,-0.292739,0.033872,0.508580,0,1,1,1
0.001275,-0.089237,-0.177089,0.418026,0.454283,-0.466962,-0.096100,0,0,0,0
0.778857,0.054312,0.463391,-0.395868,0.044160,1.709549,0.423240,0,0,0,0
0.174437,-0.032570,0.917586,0.205511,0.917896,-0.726716,0.571520,0,0,0,0
0.338103,-0.223085,0.416184,0.006923,0.297148,0.113910,0.013392,0,0,0,0
0.559084,0.413834,0.243133,0.092070,0.481254,-0.825685,0.757286,0,0,0,0
1.343404,-0.032960,-1.262530,-1.644417,0.093805,-0.317964,0.673115,0,0,0,0
0.259625,0.420532,-0.455923,0.402738,0.152743,-0.022556,0.063285,1,0,0,1
0.576337,0.121329,-0.101636,0.465890,0.678971,-0.454559,0.531486,0,0,0,0
0.283099,0.740356,-0.338723,-1.130797,-0.119881,2.284350,0.279945,0,0,0,0
1.030010,-0.936738,-0.410713,-0.909040,-0.649853,-0.350503,0.165740,0,0,0,0
0.579288,0.427606,-0.922265,0.029810,-0.137254,0.226688,0.001543,0,0,0,0
0.034945,0.121210,0.537960,0.500209,0.177379,-0.466101,-0.188014,0,0,0,0
0.826254,-0.660793,0.008265,0.054993,0.197132,0.894815,0.461266,0,0,0,0
0.410059,-0.139509,0.932097,0.275797,0.158724,-0.424501,-0.287187,1,1,0,0
1.145587,-0.587573,-1.035025,-1.017618,-0.890969,-0.573011,0.191266,0,1,0,0
0.781981,-0.219153,1.268821,0.391875,0.105120,-0.396088,0.584622,0,0,1,1
1.214595,-0.461295,-0.634630,-0.987211,0.101616,-0.654409,0.546579,0,0,0,0
0.666479,-0.379872,0.923369,0.171424,0.553193,-0.177774,0.230049,1,1,0,0
0.736609,-0.692174,0.771143,0.626384,0.279558,-0.408537,0.668234,0,0,0,0
0.426965,-0.588347,1.017948,0.194926,-0.538473,-0.297123,-0.277573,0,0,0,0
1.099193,-0.887393,-0.363502,-0.789743,-0.355772,-0.637436,0.535107,0,0,0,0
0.755911,-0.293518,0.399539,0.124038,0.303260,0.422703,0.376789,1,1,0,1
0.467339,-0.585253,0.536463,0.704113,0.129321,-0.661283,-0.159891,0,0,0,0
1.006000,-0.585673,0.073326,0.323690,-0.594909,3.237139,0.727630,0,0,0,0
-0.092301,-1.053256,1.056327,1.203019,0.427609,-0.594427,-0.037850,0,0,0,0
0.696514,-0.497685,0.532223,0.299682,0.132377,1.186293,0.075344,0,0,0,0
0.695871,-0.689801,0.452456,0.325145,0.057890,-0.612894,0.251942,0,0,0,0
0.840893,-0.195667,0.214778,-0.573710,-0.844497,3.284195,0.212223,0,0,0,0
0.061865,-0.554943,0.577430,1.497390,0.535478,-0.352141,0.244705,0,0,0,0
1.362337,-0.108159,-1.066577,-1.165091,0.082103,-0.075081,0.363659,0,0,0,0
0.129394,-0.908536,1.398194,0.361073,-0.051909,-0.687562,-0.168074,0,0,1,0
1.449858,-0.715944,-0.798207,-1.457950,-0.544207,-0.715843,0.296086,0,0,0,0
0.239385,-0.531451,0.150238,-0.113663,-0.099775,-0.621449,-0.412871,1,0,1,1
0.777689,-0.491034,-0.217289,0.395882,0.053537,-0.343452,-0.209969,0,0,0,0
0.966549,-0.095559,0.355948,-0.074081,-0.860074,0.187682,0.196899,0,0,0,0
1.224595,-0.562826,-1.352745,-1.417288,0.068330,-0.604687,-0.091334,0,0,0,0
0.439357,-0.879478,1.111264,0.343000,0.053238,-0.142270,0.359666,1,0,0,1
0.784495,-0.486915,0.364959,0.594113,-0.292850,-0.346787,0.532192,0,0,0,0
0.678197,-0.365415,1.009774,0.126844,-0.400960,0.539629,0.205775,0,0,0,0
0.745567,-1.207172,-0.536813,-0.350857,-0.046148,-0.227552,-0.056525,0,0,0,0
0.591453,-0.490012,0.402777,-0.267138,-0.143200,0.500233,0.124288,1,0,1,1
0.447979,-0.709971,0.701991,0.156892,0.532670,-0.767034,-0.093057,0,0,0,0
1.201780,-0.534499,0.175435,-0.570756,-0.722415,3.576133,0.813830,0,0,0,0
0.700200,-0.489050,-0.600382,-0.512041,-0.103608,-0.425145,0.061122,0,0,0,0
0.750545,-0.393506,0.077671,0.326679,0.190613,0.591166,-0.091502,0,0,0,0
0.926528,-0.648757,0.454506,0.523772,0.324071,-0.433042,0.498687,0,0,0,0
0.982200,-0.182179,-0.449772,-0.759150,-0.597236,2.405228,0.226021,0,0,0,0
0.044364,-0.914828,0.880925,1.366901,0.790165,-0.189638,0.490017,0,0,0,0
0.686188,-0.626494,0.354179,0.161346,-0.326625,-0.502936,0.146460,0,0,0,0
0.428058,-0.672871,0.698881,0.554514,-0.258979,-0.419439,-0.226954,0,0,0,0
1.253668,-0.650409,-0.723429,-0.444622,-0.291801,1.167330,0.304420,0,0,0,0
0.448240,-0.271266,0.300348,0.892214,-0.289828,-0.485856,0.713307,0,1,1,1
0.794855,-0.708416,0.119303,-0.357789,-0.058017,-0.572671,0.114118,0,0,0,0
0.672989,-0.649601,0.836336,0.958236,-0.544819,-0.425516,0.349744,0,0,0,0
0.930142,-0.736095,-1.145010,-0.913150,-1.018964,-0.573822,-0.083737,0,0,0,0
-6.227449,-1.760981,6.305741,1.297348,4.868921,-0.749367,0.431307,0,0,0,0
-4.629571,-0.781714,6.150641,1.721025,2.291755,-0.522165,0.742963,0,0,0,0
0.531782,-0.508413,0.870787,0.083136,-0.562619,2.214796,-0.023996,0,1,0,0
1.374407,-0.954323,-1.073426,-0.494655,-0.592422,-0.695454,0.381829,0,0,0,0
0.694319,-0.105528,0.674643,0.018894,0.115236,0.284224,0.556485,0,0,1,1
0.588282,0.026748,0.821314,0.007455,0.262731,-0.225781,0.854940,0,0,0,0
0.525574,-0.567366,1.036839,0.446949,0.268217,-0.206948,-0.051058,0,0,1,0
1.180052,-0.850518,-0.958302,-0.926086,0.009630,-0.629496,0.672335,0,0,0,0
0.499338,-0.251416,0.408592,0.177804,0.217276,-0.178997,0.295019,0,1,1,1
0.753602,-0.153187,0.299071,-0.072707,0.923283,-0.506406,0.718504,0,0,0,0
0.544807,-0.382472,1.178176,0.702599,-0.892546,0.666676,0.120015,0,0,1,0
1.343416,-0.712843,-0.401010,-0.993691,-0.670875,-0.539674,0.336360,0,0,0,0
0.504335,-0.497862,1.082483,-0.090289,-0.626798,-0.233018,-0.111126,1,1,0,0
0.535990,-0.204828,0.110997,-0.465547,1.027514,-0.408653,0.388591,0,0,0,0
0.448219,-0.287301,0.718842,-0.044075,-0.580091,-0.372747,-0.117134,0,1,0,0
1.311418,-0.751380,-1.565024,-1.652891,-0.434905,-0.575361,0.287162,0,0,0,0
0.247767,-0.556658,0.761635,0.603014,-0.060813,-0.403974,0.277541,1,1,1,0
0.682508,-0.093545,0.155066,0.172972,1.211932,-0.322296,0.315895,0,0,0,0
0.158918,-0.772680,1.129824,-0.146729,-0.021199,-0.627357,-0.112553,0,0,1,0
1.434615,-1.058868,-1.104465,-1.272443,-0.418690,-0.457849,0.323518,0,0,0,0
0.502678,0.075444,0.842106,-0.001310,-0.030011,-0.339194,0.308271,0,1,0,1
0.588312,-0.008673,-0.436516,-0.488086,0.753629,-0.172683,0.345590,0,0,0,0
0.362785,-0.651116,1.060796,0.398230,0.525303,-0.436285,0.026769,0,1,0,0
1.113671,-0.276043,-0.650695,-0.917271,-0.668238,0.561579,0.363161,0,0,0,0
0.049212,-0.814301,1.050418,0.672527,0.591413,-0.614234,0.552601,0,1,1,1
0.546676,-0.322011,0.385243,-0.020963,0.697707,-0.347119,0.521810,0,0,0,0
0.527758,-0.687741,0.817051,0.193733,0.483874,-0.614923,0.233134,0,0,0,0
1.118836,-0.574296,0.146672,-0.669577,-0.908925,2.444446,0.545178,0,0,0,0
0.388993,-0.105232,1.074701,0.057448,0.940717,-0.609136,0.753673,0,0,0,0
0.386744,-0.124212,1.004829,0.138125,0.473915,-0.218569,0.011287,0,0,0,0
0.208135,-0.962795,1.303148,0.919064,0.505647,-0.732122,-0.258829,0,0,0,0
0.856296,-0.099527,1.268451,0.544907,0.283150,0.288853,0.648471,0,0,0,0
1.147179,-0.889914,-0.692108,-0.577994,-0.044504,-0.689969,0.166146,0,0,0,0
0.324063,-0.141608,0.376343,0.139759,0.309232,0.380016,0.189238,1,0,1,1
1.171019,-0.367486,-1.494194,-0.690746,-0.381623,-0.504065,0.295597,0,0,0,0
0.721035,-0.121519,1.049737,-0.123944,0.426326,-0.115538,0.504413,0,1,1,0
1.170797,0.213030,-0.966162,-1.375423,-0.270267,0.993754,0.656027,0,0,0,0
0.236087,-0.084605,0.695333,-0.233136,0.735933,-0.389522,0.588258,1,1,1,0
0.811258,-0.276608,-0.032271,0.488384,-0.021626,-0.315809,0.299767,0,0,0,0
0.410841,-0.537369,0.719678,-0.710831,0.298197,-0.644290,-0.066439,0,0,0,0
1.085901,-0.263780,0.067590,-1.343468,-0.905246,2.107835,0.141122,0,0,0,0
0.720172,-0.974626,-0.111781,-0.725711,-0.097262,-0.297821,-0.372291,0,1,0,0
-0.139941,-1.946801,-0.915142,0.542769,-0.866336,0.227861,-1.194895,0,0,0,0
-0.625040,-1.248309,-0.485991,0.403056,-0.255684,-0.023601,-0.973947,0,0,0,0
0.480118,-0.467245,1.315820,0.160408,-0.488214,0.362062,-0.224007,0,0,1,0
1.226146,-0.902145,-0.440580,-0.124641,0.188891,-0.524463,0.420869,0,0,0,0
0.825711,-0.250203,1.112984,-0.226835,-0.003449,0.856674,0.096957,1,1,0,1
1.193672,-0.488472,-1.340771,-1.041608,-0.547234,-0.378333,0.171755,0,0,0,0
0.840563,-0.471781,0.968209,-0.393734,-0.415133,-0.276945,-0.050696,0,1,0,0
1.016289,-0.358021,-0.494463,-1.180606,-0.887607,0.442756,0.091790,0,0,0,0
0.358968,0.043639,1.322048,0.049494,0.748885,-0.646612,0.558497,0,0,1,1
1.217381,-0.211406,-0.935630,-0.843455,0.011408,-0.319765,0.581511,0,0,0,0
0.468013,-0.651003,1.314778,0.373329,0.056015,-0.665671,0.332654,0,0,0,0
1.200809,-0.553686,-0.006789,-0.584612,-1.084332,2.256586,0.369266,0,0,0,0
0.791947,-0.671080,-0.013814,0.021851,0.589386,-0.725459,0.246719,0,0,0,0
1.106679,-0.290497,-0.064944,-0.423141,-0.218929,1.324144,0.617714,1,0,0,1
0.811260,-0.553388,-0.032425,0.980275,0.349140,-0.468436,0.734877,0,0,0,0
0.332598,-0.375353,1.073495,0.567305,-1.270199,-0.051325,-0.311380,0,0,1,0
1.334587,-0.795899,-0.439074,-0.579387,-0.070522,-0.711833,0.520130,0,0,0,0
0.473353,-0.156875,1.169065,0.036745,0.391623,-0.583513,0.309187,0,1,1,1
1.350552,-0.221761,-0.832653,-0.622363,-0.435715,-0.484298,0.200524,0,0,0,0
0.838499,-0.344562,0.577300,0.055225,-0.516040,-0.025402,0.028805,1,0,0,0
1.122396,-0.489560,-0.837667,-0.870973,-0.880935,0.158025,0.117607,0,0,0,0
0.509052,0.204376,1.030006,-0.247918,0.364549,-0.353298,0.568201,0,0,0,1
1.265415,-0.056973,-0.933243,-0.884311,-0.416595,-0.547490,0.473528,0,0,0,0
0.433540,-0.740010,0.829295,-0.032708,0.653446,-0.598351,0.075868,0,0,0,0
1.117285,-0.608032,-0.273833,-0.156644,-0.701619,2.806698,0.312547,0,0,0,0
1.139214,-0.690921,-0.937328,-0.991224,0.258150,-0.682436,0.323293,0,0,0,0
0.812769,-0.221228,0.553784,-0.144472,-0.255600,1.028595,-0.088265,1,0,1,0
1.228694,-0.346439,-0.253555,-0.556673,0.292669,-0.463027,0.741394,0,0,0,0
0.355709,-0.340858,1.051810,-0.260881,-0.176986,-0.653264,-0.149295,0,0,0,1
1.505327,-0.836101,-0.573659,-1.105710,-0.588163,-0.607394,0.352245,0,0,0,0
0.613794,-0.297611,0.466641,-0.080780,0.713227,-0.491038,0.706271,0,0,0,0
0.975530,-0.400144,0.200985,-1.148250,-0.146703,2.793068,0.313173,0,0,0,0
0.761948,-0.588961,0.599429,0.395809,0.311054,-0.406146,0.577906,0,0,0,0
1.028304,-0.449501,-0.939191,-0.494974,-0.594459,0.729110,-0.087270,0,0,1,0
1.299037,-0.619071,-0.711259,-0.690747,-0.008544,0.013746,0.207458,0,1,0,0
1.045548,-0.194891,-0.464551,-1.034304,0.127363,-0.475579,0.314151,1,0,0,0
1.189038,-0.350899,-1.091480,-1.140027,-0.880382,-0.776206,0.163102,0,0,1,0
1.080927,-0.605704,-0.907853,-0.960781,-0.680320,-0.404089,-0.072772,0,0,0,0
0.786643,-0.621548,-0.669197,-0.853747,-1.168528,0.828818,-0.063064,0,0,0,0
0.763158,-0.383029,0.201456,-0.806194,-0.998479,-0.159796,-0.128431,0,0,0,0
1.101756,-0.558916,-0.133190,-0.724357,-1.288344,-0.009614,-0.052964,1,1,0,0
-0.672323,-1.303390,-0.599565,4.635243,-0.141267,-0.447805,-0.758658,0,0,0,0
-0.537260,0.273661,-3.453837,-0.275032,2.168978,0.113039,-0.168732,0,0,0,0
1.348126,-0.702316,-1.055912,-1.243655,-0.327156,1.898156,0.055711,0,0,0,0
0.646729,-0.393062,0.946743,0.781413,-0.007987,-0.349511,0.761839,1,1,0,1
0.761192,-0.164241,0.065094,0.728192,-0.228201,-0.400111,0.675512,0,0,0,0
0.521154,-0.281125,0.832071,-0.880826,0.090718,-0.713465,0.254562,0,0,0,0
0.930609,-0.355815,0.152287,-1.944452,-0.936625,3.061511,0.425818,0,0,0,0
1.058656,-0.610368,-1.217990,-0.992046,-0.335487,-0.552284,0.091939,0,0,0,0
0.557641,0.106989,-0.410536,0.466913,-0.317637,-0.020080,0.529400,1,0,1,1
0.719083,0.050524,0.019960,0.543108,0.088670,-0.609749,0.584464,0,0,0,0
0.171737,-0.021133,0.923969,-0.134550,-0.545211,-0.521814,-0.207141,0,1,0,0
1.224511,-0.835972,-0.852180,-1.734433,-0.672942,0.257582,0.132991,0,0,0,0
0.440024,-0.093360,0.726210,-0.760161,-0.167739,-0.797399,0.341879,0,0,0,0
0.668178,0.072853,0.889246,0.617968,0.173266,-0.166767,0.450397,0,0,0,0
0.599483,-0.133796,0.765753,0.217436,-0.138986,-0.807209,0.010527,0,0,0,0
0.245990,0.352752,0.497359,-0.124233,-1.343089,0.357451,-0.238228,0,0,0,1
1.201364,-0.606718,-0.693477,-0.662026,-0.722816,-0.488674,0.044729,0,0,0,0
0.140006,0.756533,0.125517,-1.267654,-0.679820,-0.318513,0.122883,0,1,1,1
0.805371,0.335157,0.110713,0.171284,-0.445977,-0.256532,0.747210,0,0,0,0
0.645338,0.274297,0.603417,0.445213,-0.077340,-0.327719,0.558638,0,0,0,0
0.997127,0.140540,0.047171,-0.987918,-0.176507,1.486512,0.741678,0,0,0,0
0.884403,0.099766,-0.590407,-1.356816,0.024096,0.391704,0.299164,0,0,0,0
0.684950,0.134304,-1.339353,-1.275772,-0.259653,0.954650,0.296104,1,1,0,1
0.751097,-0.088384,-0.129603,-0.135845,-0.055164,-0.306143,0.135432,0,0,0,0
0.775146,0.025626,0.220811,0.501587,-0.628783,-0.097444,0.181788,0,0,0,0
0.917447,0.511262,-0.242841,-0.719072,-0.311524,1.232201,0.418066,0,0,0,0
0.871377,-0.233901,0.242502,-0.295370,0.207211,-0.419680,0.357386,0,0,0,0
0.463866,0.780092,-0.610241,-1.274612,-0.013924,2.565953,0.299514,0,1,1,1
0.572442,0.368161,-0.192848,0.946785,-0.625725,-0.571668,0.304229,0,0,0,0
0.729143,-0.282279,0.759889,0.252972,0.318400,-0.647459,0.530601,0,0,0,0
0.564842,0.179579,0.663992,-0.412983,-0.004232,0.943744,-0.010546,1,0,0,0
1.041022,-0.584629,-1.539587,-0.236214,-0.386451,-0.486700,0.063503,0,0,0,0
0.302519,0.652196,0.172767,-0.593663,-0.675080,-0.002771,-0.110734,1,1,0,1
0.607141,-0.047599,-0.058077,-0.116310,-0.470069,-0.486827,0.198675,0,0,0,0
0.607069,-0.089204,0.226674,0.130329,-0.153388,-0.502878,0.242819,0,0,0,0
0.362615,0.106550,0.241732,-0.009781,-0.785210,-0.255597,-0.145114,0,0,0,0
1.422062,-0.612315,-1.466341,-1.330841,-1.159222,-0.126721,-0.057325,0,0,0,0
0.664254,-0.273355,0.600122,-0.001875,0.101796,-0.296909,0.432582,0,0,0,0
0.342117,0.077950,0.536946,-0.167564,0.393605,0.038923,-0.335168,0,0,0,0
0.701961,-0.005921,0.289966,0.532483,1.007828,-0.588685,0.558366,0,0,0,0
0.395759,-0.662968,1.194738,-0.077618,-0.297390,-0.362370,-0.347872,0,0,0,0
1.294309,-0.644504,-0.482763,-0.888770,-1.155206,0.985467,0.116532,0,0,0,0
0.729485,-0.332279,0.712602,0.395613,-0.980969,-0.380030,0.753072,0,0,0,0
-2.094602,3.431245,0.491356,-2.438246,1.591344,-0.267574,-1.344813,0,0,0,0
-1.957734,2.512532,1.670411,-1.407276,1.176023,-0.201805,-0.838163,0,0,0,0
-0.738307,1.506039,1.272407,-1.018217,-0.707746,-0.243296,0.078038,0,0,0,0
-1.048292,1.292344,1.172080,-1.267499,-1.313007,-0.050149,0.275510,0,0,0,0
-1.178983,1.229343,2.022762,-1.002758,-0.992973,-0.444828,0.086832,0,0,0,0
-1.429415,1.182885,2.393730,-0.479541,-1.670078,-0.493151,-0.093855,0,0,0,0
-1.561292,1.203283,2.142992,0.153397,-1.230981,-0.557010,-0.119347,0,0,0,0
-1.597824,1.149508,2.088757,-0.205938,-1.108019,-0.282329,-0.214953,0,0,0,0
-1.865418,0.797598,1.903177,0.788572,-1.016794,-0.512471,-0.301731,0,0,0,0
-1.878738,1.013410,1.859010,1.033174,-0.609341,-0.571417,-0.417390,0,0,0,0
-2.069072,1.075132,1.759206,1.017907,-0.836997,-0.223584,-0.517853,0,0,0,0
-2.081255,0.882486,1.840546,1.601003,0.022328,-0.071707,-0.466773,0,0,0,0
-2.200912,0.937568,1.631950,1.724010,0.027383,-0.477680,-0.540825,0,0,0,0
-2.267137,1.033996,1.155262,1.618567,0.338496,-0.432046,-0.633614,0,0,0,0
-2.323484,0.961574,0.788925,1.613282,0.734061,-0.289357,-0.590254,0,0,0,0
-2.427273,1.120963,0.799135,1.815242,1.301573,-0.478184,-0.627786,0,0,0,0
-2.590270,0.937155,0.797294,2.119651,1.727030,-0.403986,-0.747042,0,0,0,0
-2.296705,1.753668,0.505234,0.426746,0.572575,-0.322051,-0.669914,0,0,0,0
-2.547951,1.335480,0.352948,0.885611,1.627507,-0.444123,-0.801019,0,0,0,0
-2.388468,1.795477,-0.327890,-0.293926,1.397417,0.132104,-0.971277,0,0,0,0
-2.799053,1.197406,0.122671,0.528132,2.435261,-0.495236,-0.829817,0,0,0,0
-2.528881,1.710870,-0.873980,-0.598603,2.948617,0.355426,-0.604703,0,0,0,0
-2.722402,1.434595,-0.803874,-0.866871,2.574644,-0.400543,-0.882191,0,0,0,0
-2.736855,1.500853,-0.754401,-1.094345,2.763261,-0.387755,-1.032935,0,0,0,0
-2.791462,1.546187,-0.741476,-0.929765,3.511077,-0.177123,-0.958374,0,0,0,0
-2.945579,1.363428,-0.446992,-0.795627,3.232567,-0.348837,-1.267727,0,0,0,0
-2.978712,1.321762,-0.492479,-1.302718,2.999361,-0.419885,-1.248659,0,0,0,0
-3.087349,1.353644,-0.574846,-1.818810,3.551167,-0.506422,-1.264091,0,0,0,0
-3.096171,1.351865,-0.270704,-1.432419,3.526821,-0.496669,-1.204001,0,0,0,0
-3.092694,1.301346,-0.392981,-1.510691,3.548132,-0.456983,-1.388731,0,0,0,0
-3.264225,1.271531,-0.000718,-1.865012,3.542964,-0.650415,-1.490556,0,0,0,0
-3.251166,1.001271,-0.639287,-1.949569,3.215572,-0.272965,-1.447619,0,0,0,0
-3.270244,1.071552,-0.447971,-1.901518,3.788344,-0.485248,-1.645423,0,0,0,0
-3.325714,1.065872,-0.262585,-2.135883,3.344487,-0.351326,-1.670736,0,0,0,0
-3.334671,1.031627,-0.196470,-2.180539,3.003715,-0.382504,-1.705266,0,0,0,0
-3.458451,0.961445,-0.012378,-2.073822,3.508589,-0.361231,-1.884819,0,0,0,0
-3.445655,0.837756,-0.211302,-2.017293,3.341387,-0.532501,-1.982970,0,0,0,0
-3.543257,0.613207,-0.330366,-1.978038,3.264733,-0.348123,-1.986830,0,0,0,0
-3.511563,0.742434,-0.423497,-2.317077,3.270964,-0.598945,-2.119634,0,0,0,0
-3.207379,1.261018,-0.465130,-2.660954,2.688657,-0.450543,-2.104853,0,0,0,0
-3.371375,0.917466,-0.590877,-2.908821,2.019291,-0.439425,-2.220946,0,0,0,0
-3.446837,0.874148,-0.364495,-2.612831,2.446330,-0.424754,-2.377302,0,0,0,0
