mfcc0,mfcc1,mfcc2,mfcc3,mfcc4,onset,rms,lane0,lane1,lane2,lane3
-3.013371,-2.260683,0.359040,-1.680037,0.366492,-1.065733,-2.023775,1,1,0,0
-0.210206,1.216017,-0.011802,-0.241797,1.302150,-0.301197,-0.241374,0,0,0,0
-0.492148,1.297739,0.458319,-0.899947,1.520450,-0.233590,-0.386273,0,0,1,0
-0.744531,1.153923,1.035900,-0.688234,1.128521,-0.652272,-0.438817,0,0,0,0
-0.794761,1.214498,1.068104,-1.331135,0.842803,-0.064117,-0.668646,0,1,0,1
-0.371485,0.936357,0.262527,0.183063,1.105238,-0.450653,-0.659058,0,0,0,0
-0.563246,1.160265,0.610689,-0.835012,1.262352,-0.317145,-0.673461,1,0,0,0
-0.705882,0.988104,0.642067,-0.476377,1.188362,-0.660479,-0.916592,0,0,0,0
-0.872837,1.147051,1.146664,-0.947011,1.427898,-0.318880,-0.844615,0,0,1,1
-0.375151,1.187963,0.136487,-0.716502,1.109183,-0.588612,-0.581562,0,0,0,0
-0.575612,1.198953,0.556350,-1.048989,1.039484,-0.323341,-0.727602,0,1,0,0
-0.734661,1.097678,0.828597,-0.980867,1.207659,-0.440696,-0.746620,0,0,0,0
-0.821911,1.062108,0.947364,-1.237739,0.837520,-0.349936,-0.812498,1,0,1,0
-0.569228,0.897694,0.524890,0.005024,1.042538,-0.475974,-0.792090,0,0,0,0
-0.734526,1.031360,0.857292,-0.748593,1.066451,-0.258899,-0.878197,1,0,0,1
-0.232885,0.729107,-0.197491,0.482114,1.242714,-0.341901,-0.828245,0,0,0,0
-0.581107,1.027062,0.268473,-0.681597,1.406965,-0.503611,-0.951278,0,1,0,0
-0.819793,1.064008,0.927998,-0.885825,1.415265,-0.224860,-1.017719,0,0,0,0
-0.882724,1.095942,1.257472,-0.861608,1.007259,0.098315,-0.728291,1,0,1,0
-0.233730,0.741880,0.138713,0.269800,1.044150,-0.043119,-0.604262,0,0,0,0
-0.498952,0.956033,0.429500,-0.451756,1.145772,-0.315225,-0.719152,0,0,0,1
-0.638426,0.904620,0.514810,-0.159747,1.413452,-0.495450,-0.725549,0,0,0,0
-0.761603,0.930732,0.787579,-0.443948,1.321470,-0.200697,-0.797004,1,1,0,0
-0.540412,0.773659,0.500647,0.339950,1.174822,-0.626299,-0.620632,0,0,0,0
-0.758458,1.004423,0.856063,-0.649040,1.271283,-0.423238,-0.702579,0,0,1,1
-0.071902,0.804100,-0.173929,0.471282,0.647728,-0.540245,-0.678594,0,0,0,0
-0.282341,1.045212,0.157954,-0.241002,0.895335,-0.578251,-0.796244,1,0,0,0
-0.584759,0.997547,0.458096,-0.564856,1.274169,-0.570823,-0.644738,0,0,0,0
-0.640651,1.052365,0.673615,-0.517373,1.380048,-0.282160,-0.594920,0,0,1,0
-0.540650,0.864360,0.482000,0.089846,1.085155,-0.435680,-0.466147,0,0,0,0
-0.597938,1.071207,0.434841,-0.919223,1.104529,-0.197681,-0.791392,0,1,0,0
-0.772059,0.921131,0.771165,-0.607348,1.187452,-0.568183,-0.785013,0,0,0,0
-0.839879,0.867518,0.891114,-0.593218,1.076717,-0.278946,-0.871080,1,0,0,1
-0.262267,0.972373,-0.049531,-0.233338,0.947792,-0.270526,-0.627324,0,0,0,0
-0.484288,1.033694,0.208889,-0.575123,1.372457,-0.542341,-0.681481,0,0,1,0
-0.702494,0.936773,0.605009,-0.553087,1.267925,-0.638150,-0.949647,0,0,0,0
-0.854938,0.880641,0.880674,-0.655562,1.072325,-0.372147,-1.060256,1,1,0,0
-0.656796,1.035099,0.681971,-0.564782,1.009246,-0.498111,-0.833861,0,0,0,0
-0.700304,0.983733,0.866841,-0.555642,0.895321,-0.281961,-0.864065,0,0,1,0
-0.722100,1.073137,0.935568,-0.499173,1.250467,-0.444191,-0.770631,0,0,0,0
-0.722490,1.068431,0.845903,-0.836321,1.325703,-0.270539,-0.869650,0,1,0,1
-0.480740,1.018345,0.484483,-0.284504,0.982200,-0.483508,-0.468457,0,0,0,0
-0.671261,1.143276,0.799780,-0.664691,1.308136,-0.264854,-0.541411,1,0,0,0
-0.683152,0.977528,0.546448,-0.490244,1.444513,-0.507170,-0.966593,0,0,0,0
-0.816490,0.928643,0.915655,-0.626766,1.234299,0.107950,-0.936860,0,0,1,0
-0.706916,1.015255,0.767883,-0.772647,0.987010,-0.757099,-1.019021,0,0,0,0
-0.523026,0.698882,0.337749,0.169943,1.139318,0.286425,-0.860893,1,1,0,0
-0.629678,0.822080,0.568987,-0.135348,1.014471,-0.528317,-1.103582,0,0,0,0
-0.868683,0.932731,0.964675,-0.725762,1.278366,-0.461907,-1.038330,0,0,1,1
-0.445357,0.950323,0.173081,-0.243370,1.039772,-0.707221,-0.904412,0,0,0,0
-0.644161,1.065333,0.668663,-0.620397,1.136872,-0.187368,-0.940957,1,0,0,0
-0.495892,0.990876,0.264784,-0.131274,1.313210,-0.533502,-0.942466,0,0,0,0
-0.648970,1.029322,0.489653,-0.584553,1.502796,-0.557833,-1.006662,0,0,0,1
-0.642215,0.867460,0.365510,-0.172523,1.460179,-0.570547,-0.915724,0,0,0,0
-0.702702,1.064635,0.616982,-0.714530,1.644163,-0.315045,-0.871723,0,1,0,0
-0.765957,0.808591,0.704012,-0.113222,1.386087,-0.674491,-0.921688,0,0,0,0
-0.883668,0.835401,0.967679,-0.445040,1.442386,-0.145694,-0.733608,1,0,1,0
-0.466292,1.057932,0.279100,-0.086875,1.475171,-0.579051,-0.516705,0,0,0,0
-0.695383,1.055468,0.724355,-0.408332,1.661088,-0.266523,-0.786206,0,0,0,1
-0.727277,0.944441,0.779681,-0.237635,1.492733,-0.585665,-0.752251,0,0,0,0
-0.859222,0.925126,0.961798,-0.541093,1.384061,-0.352858,-0.789246,0,1,0,0
-0.528631,0.973263,0.596731,0.236015,1.190858,-0.395593,-0.632391,0,0,0,0
-0.583282,1.069923,0.637860,-0.438255,1.250356,-0.677323,-0.686846,0,0,1,0
-0.411522,0.643103,-0.165076,0.321848,1.421223,-0.026523,-0.952972,0,0,0,0
-0.637465,0.918772,0.305397,-0.533558,1.395376,0.143062,-1.048807,1,0,0,1
-0.016389,0.939060,-0.163815,0.061843,0.629099,-0.065362,-0.315500,0,0,0,0
-0.261027,1.041323,0.056376,0.074111,1.177505,-0.329638,-0.377460,0,1,0,0
-0.611146,1.076277,0.729287,-0.296480,1.307736,-0.609573,-0.189090,0,0,0,0
-0.686679,1.012871,0.656498,-0.442021,1.488520,-0.163687,-0.464394,0,0,1,1
-0.684342,1.044477,0.649633,-0.783329,1.217453,-0.503741,-0.571753,0,0,0,0
-0.780342,0.970433,0.796382,-0.587272,1.322860,-0.258540,-0.667734,0,1,0,0
-0.535887,0.794176,0.244446,-0.330864,1.019423,-0.317731,-0.737583,0,0,0,0
-0.705239,0.950734,0.604557,-0.390942,1.727194,-0.321375,-0.644832,1,0,1,0
-0.065840,0.785663,-0.073756,0.457912,0.430772,-0.693138,-0.383435,0,0,0,0
-0.320060,0.820836,0.125677,0.774072,1.455097,-0.284751,-0.402085,0,0,0,1
-0.421044,1.017229,0.166401,-0.238696,1.235299,-0.630211,-0.668583,0,0,0,0
-0.591369,1.160123,0.527963,-0.779866,1.401335,-0.089478,-0.629127,1,1,0,0
-0.322983,0.794944,0.241312,0.461708,1.226733,-0.471194,-0.366212,0,0,0,0
-0.508823,1.049162,0.469207,-0.327501,1.579765,-0.086854,-0.287827,0,0,1,1
-0.263764,0.891879,-0.081761,0.092129,0.971939,-0.643272,-0.282994,0,0,0,0
-0.470373,1.223564,0.431777,-0.591275,1.476329,-0.462477,-0.250042,1,0,0,0
-0.551544,0.975314,0.791890,0.250434,1.352990,-0.408892,-0.381474,0,0,0,0
-0.704098,1.139605,0.873288,-0.458657,1.602026,-0.133315,-0.558672,0,1,1,0
-0.462664,0.948250,0.156105,0.049220,1.659229,-0.660012,-0.321512,0,0,0,0
-0.573648,0.890246,0.210881,-0.580861,1.186422,0.033084,-0.825849,0,0,0,1
-0.624289,1.055226,0.556738,-0.317094,1.571474,-0.575986,-0.435708,0,0,0,0
-0.779065,0.987120,0.540384,-1.258013,1.074528,-0.480442,-1.013733,1,1,0,0
-0.216652,0.769744,-0.312404,0.080649,1.172092,-0.752656,-0.689006,0,0,0,0
-0.515560,1.085906,0.119929,-0.840132,1.467921,-0.543374,-0.908888,1,0,1,0
-0.201630,0.770602,-0.042117,0.069104,0.732004,-0.354876,-0.691503,0,0,0,0
-0.440253,0.890741,0.140539,-0.220077,1.195164,-0.237604,-0.619384,0,0,0,1
-0.548365,0.944664,0.292788,-0.138590,1.588063,-0.248418,-0.383413,0,0,0,0
-0.654579,0.945776,0.423085,-0.534658,1.577623,0.169756,-0.228967,0,1,0,0
-0.698065,0.879399,0.402555,-0.302118,1.862303,-0.676041,-0.537768,0,0,0,0
-0.762841,0.953802,0.640251,-0.691890,1.491185,-0.205464,-1.072774,0,0,0,1
-0.815091,0.932977,0.738759,-0.998083,1.178548,-0.600341,-0.926281,0,0,0,0
-1.017442,0.871412,1.237551,-0.719798,1.198915,-0.302581,-0.736911,1,0,1,0
-0.576238,1.075522,0.457978,-0.501213,1.390476,-0.770266,-0.544495,0,0,0,0
-0.679890,1.136857,0.762341,-0.436487,1.850780,-0.490262,-0.400730,0,1,0,0
-0.796585,1.077185,1.025656,-0.605618,1.258098,-0.555168,-0.441009,0,0,0,0
-0.859001,1.026320,1.038156,-1.029752,0.998542,-0.339553,-0.734358,0,0,1,1
-0.681604,1.084869,0.484106,-0.873529,1.567839,-0.694716,-0.593172,0,0,0,0
-0.774270,1.181551,1.056313,-0.743588,1.384110,-0.109483,-0.427060,1,0,0,0
-0.770477,1.039038,0.631712,-0.800534,1.877788,-0.782147,-0.469523,0,0,0,0
-0.835647,1.078294,1.042092,-0.876326,1.220911,-0.292636,-0.648806,0,1,0,1
-0.283804,1.284538,-0.007027,-0.662974,1.369334,-0.532003,-0.193349,0,0,0,0
-0.621511,1.251937,0.702451,-0.926909,1.258344,0.003837,-0.457186,1,0,0,0
-0.694956,1.184325,0.832387,-0.954111,1.283381,-0.488771,-0.580890,0,0,0,0
-0.798439,1.124319,1.097163,-0.913435,1.150731,0.133723,-0.475708,0,0,1,1
-0.643111,1.344128,0.776689,-1.040896,1.613690,-0.730519,-0.474529,0,0,0,0
-0.803235,1.207906,0.966933,-1.150913,1.467758,-0.286177,-0.518270,1,1,0,0
-0.393670,1.329154,0.183304,-0.874296,1.609543,-0.486328,-0.182840,0,0,0,0
-0.644740,1.321826,0.676704,-1.177452,1.476061,-0.495779,-0.455838,0,0,0,1
-0.705130,1.324270,1.043391,-1.033037,1.173951,-0.594814,-0.486114,0,0,0,0
-0.795517,1.244699,1.393454,-0.808557,1.017525,-0.350804,-0.444282,1,0,1,0
-0.414860,1.031649,0.201200,-0.037598,1.422128,-0.627865,-0.682208,0,0,0,0
-0.599329,1.235081,0.706777,-0.638439,1.495818,-0.230224,-0.328176,0,1,0,0
-0.810092,1.182283,0.865563,-1.327879,1.116190,-0.751899,-1.049846,0,0,0,0
-0.859691,1.169573,1.255654,-0.914338,1.234514,0.118399,-0.722249,0,0,0,1
-0.553588,1.020422,0.366018,-0.585992,1.302686,-0.234424,-0.960669,0,0,0,0
-0.741067,1.203992,0.850306,-0.752660,1.713965,-0.165110,-0.442328,1,1,0,0
-0.406305,1.173804,0.318615,-0.328867,1.408758,-0.552744,-0.305206,0,0,0,0
-0.628404,1.274208,0.668287,-0.819981,1.752333,-0.342296,-0.120775,0,0,1,0
-0.745369,1.207849,1.015339,-0.582402,1.589927,-0.524184,-0.159385,0,0,0,0
-0.798960,1.119785,0.947384,-0.634190,1.742891,-0.091037,-0.426526,0,0,0,1
-0.613949,1.149743,0.628568,-0.521463,1.442597,-0.663033,-0.548008,0,0,0,0
-0.831585,1.191305,1.118580,-1.228875,1.110712,-0.204537,-0.655942,0,1,0,0
-0.475189,1.169864,0.295666,-0.781966,1.162089,-0.793961,-0.691989,0,0,0,0
-0.776444,1.243010,0.995764,-1.091466,1.499827,-0.292376,-0.485615,0,0,1,1
-0.117236,0.883942,-0.402679,-0.304012,0.844952,-0.258656,-0.854777,0,0,0,0
-0.297010,1.079571,0.087007,-0.393325,1.030053,-0.123888,-0.788799,0,1,0,0
-0.649604,1.144909,0.585487,-0.950686,1.285842,-0.285955,-0.838141,0,0,0,0
-0.751201,1.107641,0.781731,-1.032322,1.270120,-0.261422,-0.766106,1,0,1,0
-0.280986,1.134321,0.264979,-0.006721,1.161836,-0.381111,-0.620206,0,0,0,0
-0.462404,1.220749,0.398468,-0.810192,1.290020,-0.252275,-0.691017,0,0,0,1
-0.482616,1.092188,0.383004,-0.180028,1.228350,-0.553937,-0.750024,0,0,0,0
-0.697423,1.205281,0.858207,-0.877298,1.372359,-0.320430,-0.792927,1,1,0,0
-0.157169,1.117433,0.000519,-0.279113,0.833810,-0.651533,-0.613323,0,0,0,0
-0.449233,1.231278,0.266845,-0.968179,1.418516,-0.218877,-0.703077,0,0,1,0
-0.551253,1.094001,0.495364,-0.446997,1.280650,-0.416822,-0.710069,0,0,0,0
-0.700612,1.164501,0.761556,-1.049774,1.242379,-0.187926,-0.797247,0,1,0,1
-0.377675,1.004202,0.075221,-0.286699,0.963771,-0.210107,-0.753431,0,0,0,0
-0.554170,1.057196,0.299764,-0.826125,1.330491,-0.153071,-0.727821,1,0,0,1
-0.159645,0.841008,-0.151115,0.441659,1.029658,-0.637781,-0.744381,0,0,0,0
-0.468588,1.294744,0.294141,-0.974946,1.540593,-0.455408,-0.702091,0,0,1,0
-0.655458,1.252455,0.682327,-1.195978,1.344503,-0.439130,-0.605029,0,0,0,0
-0.740082,1.320749,0.993839,-1.352738,1.125932,-0.264363,-0.830735,0,1,0,1
-0.140946,0.798038,0.033379,0.052151,0.670686,-0.588193,-0.710895,0,0,0,0
-0.326616,0.984288,0.153834,-0.227838,0.820795,-0.197831,-0.637051,1,0,0,0
-0.564591,1.095050,0.613186,-0.434162,1.119680,-0.610352,-0.601316,0,0,0,0
-0.584042,1.142686,0.577178,-1.025116,0.947451,-0.420197,-0.711302,0,1,1,0
-0.445009,0.945022,0.165115,-0.431266,1.031937,-0.195352,-0.649119,0,0,0,0
-0.613939,0.990004,0.506416,-0.523879,1.265522,-0.215959,-0.675455,1,1,0,0
0.056847,0.772365,-0.440927,0.143742,0.521717,-0.234822,-0.671035,0,0,0,0
-0.268167,1.027922,-0.021326,-0.342833,0.955663,-0.253440,-0.867762,0,0,0,1
-0.407275,1.168205,0.336789,-0.363736,1.254022,-0.338408,-0.583337,0,0,0,0
-0.583932,1.119639,0.482177,-0.818537,1.348711,0.235609,-0.712366,0,1,0,0
-0.520675,0.872574,0.290863,-0.156244,1.141183,-0.823694,-0.810887,0,0,0,0
-0.580367,1.048425,0.464732,-0.659976,1.203741,-0.476472,-1.003125,0,0,1,0
-0.590350,1.040747,0.344169,-0.837331,1.407582,-0.176580,-0.978484,0,0,0,0
-0.689794,1.045215,0.537147,-1.010078,1.322033,-0.474937,-1.020894,1,0,0,1
-0.147997,0.919440,-0.490370,-0.503513,0.968896,-0.161485,-0.947271,0,0,0,0
-0.397345,1.080470,0.012813,-0.744483,1.096527,-0.184088,-0.912781,0,1,0,0
-0.416242,1.094206,0.030561,-0.558766,1.512898,-0.429905,-0.938877,0,0,0,0
-0.583985,1.120136,0.452423,-0.873446,1.326684,0.051013,-0.909022,0,0,1,1
-0.512712,0.958142,0.259118,-0.624067,1.036218,-0.458108,-0.943517,0,0,0,0
-0.600041,0.961967,0.407603,-0.568296,1.324223,-0.336751,-0.995004,0,1,0,0
-0.575806,1.122879,0.500335,-0.563716,1.477966,-0.853939,-0.795376,0,0,0,0
-0.621645,1.170902,0.502407,-1.079807,1.428860,-0.558640,-0.855758,1,0,1,0
-0.355684,1.027439,-0.007345,-0.388080,1.137341,-0.720234,-0.709625,0,0,0,0
-0.494763,1.263014,0.387164,-1.023636,1.256136,-0.392796,-0.760394,0,0,0,1
-0.578799,1.146365,0.461800,-0.893379,1.299439,-0.261248,-0.727453,0,0,0,0
-0.584278,1.140882,0.519548,-0.968214,1.184362,0.019852,-0.797756,0,1,0,0
-0.623144,0.922628,0.012773,-1.159454,1.433202,-0.431037,-1.238032,0,0,0,0
-0.542122,0.667877,0.244834,-0.414855,0.909867,0.423246,-1.186639,0,0,1,1
-0.643033,1.098556,0.361237,-1.109113,1.441060,-0.676933,-1.174981,0,0,0,0
-0.673359,1.018793,0.584529,-1.020324,0.941312,0.130636,-1.099861,1,1,0,0
-0.364431,1.175813,0.190333,-0.431404,1.310086,-0.521887,-0.676840,0,0,0,0
-0.452321,1.256601,0.311307,-0.975139,1.277783,-0.297903,-0.745585,0,0,0,1
-0.442812,1.130865,0.286084,-0.571964,0.986575,-0.337253,-0.853243,0,0,0,0
-0.599594,1.084887,0.453123,-0.805327,1.360145,-0.186558,-0.869910,1,0,0,0
-0.508302,0.959928,0.056402,-0.702495,1.326295,-0.693974,-0.969348,0,0,0,0
-0.584228,1.046255,0.291498,-0.940582,1.386367,-0.053337,-0.820145,0,0,1,0
-0.696822,0.930006,0.601201,-0.500604,1.071838,-0.585219,-0.842149,0,0,0,0
-0.695581,1.097761,0.581618,-1.184087,1.204397,-0.107023,-0.947426,0,1,0,1
-0.337918,1.105647,-0.054913,-0.614506,1.170333,-0.226019,-0.841368,0,0,0,0
-0.489149,1.209767,0.262164,-1.028567,1.252940,-0.417755,-0.727502,1,0,0,0
-0.544964,1.119231,0.358067,-0.707398,1.348521,-0.483043,-0.773813,0,0,0,0
-0.629315,1.155849,0.488924,-1.161904,1.188452,-0.207053,-0.941753,0,0,1,0
-0.557278,1.148254,0.507233,-0.751362,1.440675,-0.355387,-0.658270,0,0,0,0
-0.560238,1.224896,0.551964,-0.895650,1.414276,-0.081459,-0.790645,0,1,0,0
-0.760607,0.992691,0.586790,-1.061474,1.252956,-0.213403,-1.204911,0,0,0,0
-0.812168,0.670749,0.376093,-0.884779,0.862333,-0.226364,-1.415999,1,0,0,1
-0.003834,1.008138,-0.046272,-0.067556,0.354395,-0.341286,-0.245227,0,0,0,0
-0.420285,1.146659,0.396559,-0.251870,1.310983,-0.284675,-0.285088,0,0,1,0
-0.521094,1.252300,0.537351,-0.758827,1.414409,-0.481895,-0.253204,0,0,0,0
-0.636125,1.199500,0.621798,-0.877975,1.503761,-0.046735,-0.316112,1,1,0,0
-0.487170,1.042054,0.337156,-0.496784,1.147387,-0.674996,-0.365422,0,0,0,0
-0.664234,1.113738,0.573720,-0.843085,1.522403,-0.303055,-0.455162,0,0,1,0
-0.517270,0.837376,0.177696,-0.325706,1.235306,-0.357046,-0.607970,0,0,0,0
-0.619814,1.015797,0.366551,-0.892083,1.428390,-0.003316,-0.514057,0,1,0,1
-0.149346,0.940258,-0.000851,0.208256,0.883083,-0.389922,-0.346925,0,0,0,0
-0.335604,1.152210,0.274809,-0.410132,1.090408,-0.181909,-0.367278,1,0,0,0
-0.533034,0.987567,0.343179,-0.406972,1.234343,-0.733103,-0.798063,0,0,0,0
-0.492084,1.245476,0.397338,-0.838006,1.311715,-0.188739,-0.478744,0,0,1,0
-0.413250,0.904893,0.326771,-0.185527,1.064696,-0.620103,-0.323864,0,0,0,0
-0.518182,1.069035,0.303919,-0.698704,1.462174,-0.394552,-0.317854,1,1,0,0
-0.290792,0.960861,0.057827,0.011785,1.097468,-0.629335,-0.265170,0,0,0,0
-0.418181,1.246458,0.283028,-0.842262,1.354538,-0.409768,-0.261129,0,0,0,1
-0.582912,1.287965,0.691539,-0.844501,1.356882,-0.453116,-0.511313,0,0,0,0
-0.695219,1.104726,0.491562,-1.163447,1.539622,-0.111219,-0.676026,0,1,1,0
-0.458911,1.165302,0.312256,-0.420983,1.470656,-0.470395,-0.111372,0,0,0,0
-0.621548,1.091979,0.314719,-1.279389,1.019234,-0.030139,-0.879689,1,0,0,0
-0.631200,1.053952,0.451610,-0.792561,1.284850,-0.786225,-0.725892,0,0,0,0
-0.724676,0.980702,0.356912,-1.189631,1.202855,-0.108652,-0.828063,0,0,1,1
-0.192093,0.890808,-0.218255,-0.134859,1.041105,-0.588100,-0.576512,0,0,0,0
-0.405286,1.190594,0.135065,-0.749474,1.281354,-0.094326,-0.769902,0,1,0,1
-0.125149,0.858601,-0.176850,0.010830,0.493787,-0.498823,-0.739381,0,0,0,0
-0.308482,1.010150,0.040801,-0.296014,0.881234,-0.133764,-0.703725,1,0,0,0
-0.500579,1.020613,0.209645,-0.614825,1.321317,-0.318608,-0.506322,0,0,0,0
-0.520725,1.043004,0.253378,-0.534254,1.444346,0.040410,-0.378770,0,0,1,0
-0.379080,0.835493,0.098446,-0.092895,1.172863,-0.308272,-0.527726,0,0,0,0
-0.237779,0.721534,-0.125715,-0.144973,0.821194,0.457430,-1.002246,1,0,0,0
-0.684472,1.023389,0.417341,-1.181547,1.143495,-0.506494,-1.114504,0,0,0,0
-0.793513,0.847415,0.396508,-1.126882,1.356823,-0.280571,-0.932063,0,1,0,1
-0.200027,1.010036,-0.013689,-0.375130,1.055718,-0.170744,-0.430023,0,0,0,0
-0.541421,1.238766,0.342569,-1.282962,1.492717,0.187139,-0.468729,0,0,1,0
-0.526589,1.184245,0.421271,-0.975728,1.246801,-0.612629,-0.407225,0,0,0,0
-0.658973,1.087558,0.496811,-1.135523,1.270813,-0.049134,-0.730180,1,1,0,0
-0.644067,1.266312,0.541331,-1.299789,1.652954,-0.596710,-0.631710,0,0,0,0
-0.595963,1.337696,0.676887,-1.199400,1.229905,-0.071813,-0.513319,0,0,0,1
-0.686849,1.182488,0.736517,-0.981938,1.368990,-0.306522,-0.577182,0,0,0,0
-0.686352,1.141811,0.809980,-0.819723,1.152404,-0.102717,-0.677755,1,0,1,0
-0.294109,1.248203,-0.152171,-0.538565,1.726185,-0.620037,-0.494826,0,0,0,0
-0.408618,1.225615,0.339139,-0.753266,1.154153,-0.507158,-0.657307,0,0,0,1
-0.553414,1.245310,0.590164,-0.834919,1.287349,-0.372903,-0.661277,0,0,0,0
-0.653152,1.276451,0.842223,-0.873760,1.280521,-0.001275,-0.421866,0,1,0,0
-0.517767,1.265603,0.373986,-0.879977,1.667408,-0.772518,-0.316051,0,0,0,0
-0.621580,1.090590,0.555008,-0.632942,1.421619,-0.391557,-0.409930,0,0,1,1
-0.423800,1.212562,0.219110,-0.732653,1.479092,0.055386,-0.070837,0,0,0,0
-0.571024,1.455175,0.656070,-1.613238,1.161247,0.046985,-0.556163,1,0,0,0
-0.694936,1.285319,0.948732,-1.179750,1.034179,-0.186014,-0.702371,0,0,0,0
-0.707487,1.318273,0.985925,-1.275538,1.047557,0.015931,-0.372483,0,1,0,1
-0.549802,1.077752,0.065265,-1.140187,1.240163,-0.817101,-1.036283,0,0,0,0
-0.562715,1.135556,0.470323,-0.763864,1.197938,0.247288,-0.847789,0,0,1,0
-0.650381,1.116949,0.504400,-1.143364,0.980485,-0.561690,-1.065218,0,0,0,0
-0.485663,1.168018,0.503220,-0.797557,0.925003,0.237870,-0.561154,1,0,0,0
-0.481848,1.186579,0.413849,-0.737164,1.110065,-0.556195,-0.603623,0,0,0,0
-0.622984,1.310903,0.627017,-1.393366,1.149645,-0.078294,-0.580331,0,0,1,1
-0.380878,0.959618,0.001778,-0.324817,1.265619,-0.008956,-0.731276,0,0,0,0
-0.494671,1.319926,0.404987,-0.898077,1.685943,0.299023,-0.283287,0,1,0,0
-0.577012,1.234684,0.474647,-1.006597,1.350637,0.072262,-0.534729,0,0,0,0
-0.626483,1.254484,0.558845,-1.300115,1.271455,-0.184136,-0.602235,1,0,0,0
-0.535135,1.232929,0.418828,-1.009272,1.187110,-0.593662,-0.711150,0,0,0,0
-0.595348,1.235168,0.563722,-1.336033,1.058996,-0.240817,-0.704507,0,0,1,0
-0.416706,1.188286,0.068295,-1.077319,1.043455,-0.690681,-0.896649,0,0,0,0
-0.601238,1.341367,0.671153,-1.391950,1.184793,-0.480074,-0.728524,0,1,0,1
-0.143731,1.341580,-0.077735,-0.518907,1.081455,-0.444868,-0.470364,0,0,0,0
-0.341594,1.506690,0.359753,-1.050536,1.284486,0.004995,-0.398585,0,0,0,1
-0.512598,1.425983,0.619872,-1.421076,0.670267,-0.210690,-0.548844,0,0,0,0
-0.524185,1.348864,0.377458,-1.602027,1.010144,0.115024,-0.813463,1,1,0,0
-0.219066,1.194953,0.150175,-0.349652,0.829610,-0.238609,-0.650777,0,0,0,0
-0.364727,1.359893,0.347159,-1.082333,0.878529,0.013698,-0.644992,1,0,0,0
-0.452747,1.354570,0.298998,-1.288821,1.010101,-0.531244,-0.922217,0,0,0,0
-0.515348,1.517600,0.716285,-1.615806,0.958266,0.045060,-0.611298,0,0,1,1
-0.225998,1.339534,0.025468,-0.794568,0.938299,-0.747888,-0.630820,0,0,0,0
-0.362738,1.416396,0.297194,-1.256975,1.014738,-0.475464,-0.699621,0,0,1,0
-0.498938,1.426123,0.614432,-1.321255,0.930853,-0.359743,-0.703586,0,0,0,0
-0.419373,1.073457,0.316151,-1.045013,0.475247,-0.359012,-0.743338,1,1,0,0
-0.372571,1.223726,0.309576,-0.768871,0.863259,-0.373632,-0.764271,0,0,0,0
-0.428442,1.314211,0.454432,-0.980558,1.029814,0.440476,-0.728605,0,1,0,1
-0.119551,1.025171,-0.131671,-0.187707,0.624290,-0.328358,-0.821769,0,0,0,0
-0.422445,1.300794,0.220762,-0.987173,1.213469,-0.041731,-0.885299,0,0,0,1
-0.474150,1.361964,0.545505,-1.212104,0.799896,-0.125035,-0.549942,0,0,0,0
-0.526025,1.437255,0.774996,-1.238530,0.745227,0.123547,-0.736827,1,1,0,0
-0.046860,1.001204,0.189987,-0.189373,0.372681,-0.423470,-0.512757,0,0,0,0
-0.259534,1.163094,0.120940,-0.511683,0.911955,-0.447213,-0.644648,0,1,0,0
-0.438848,1.238358,0.357897,-0.740947,0.986511,-0.682818,-0.674370,0,0,0,0
-0.534610,1.298601,0.591730,-1.147437,1.118105,-0.145839,-0.725542,0,0,1,0
-0.310506,1.110220,0.191772,-0.328508,1.033976,-0.658314,-0.644644,0,0,0,0
-0.416443,1.266556,0.402888,-0.762521,1.001952,0.103941,-0.661745,0,0,1,1
0.100692,1.115446,-0.288930,-0.198948,0.631041,0.120712,-0.369821,0,0,0,0
-0.152992,1.265564,0.083926,-0.606046,0.849194,-0.401597,-0.651020,0,0,0,1
-0.302159,1.408637,0.382741,-0.799038,1.017215,-0.460121,-0.331161,0,0,0,0
-0.381078,1.264997,0.337483,-0.809248,1.107720,-0.058878,-0.515608,1,1,0,0
-0.315305,1.163101,0.195365,-0.565332,0.907515,-0.251852,-0.458175,0,0,0,0
-0.316518,1.238123,0.218050,-0.933429,0.702354,0.234652,-0.653648,1,0,0,0
-0.425653,1.224757,0.324910,-0.865109,1.132427,-0.771441,-0.719803,0,0,0,0
-0.511266,1.132295,0.349627,-1.174895,0.896304,-0.315749,-0.864132,0,1,0,1
-0.163041,1.198522,-0.095230,-0.714440,0.440312,-0.091773,-0.636355,0,0,0,0
-0.301477,1.324208,0.198731,-1.063482,0.876792,-0.318601,-0.673979,0,0,0,1
-0.398311,1.223047,0.348590,-0.746826,0.773865,-0.522721,-0.830946,0,0,0,0
-0.496522,1.263139,0.436231,-1.213945,0.949284,0.368675,-0.870204,1,1,0,0
-0.450210,1.368130,0.587624,-0.853261,1.029426,-0.341058,-0.609489,0,0,0,0
-0.486819,1.236695,0.476794,-0.933540,0.858159,-0.014095,-0.781153,1,0,0,0
-0.394638,1.381037,0.473152,-0.983693,0.982790,-0.434016,-0.649499,0,0,0,0
-0.496390,1.368776,0.648971,-1.210287,0.975281,0.011949,-0.655060,0,0,1,1
-0.273806,1.235391,0.167815,-0.818590,1.118710,-0.574666,-0.447674,0,0,0,0
-0.511649,1.306499,0.548543,-0.957910,1.190539,-0.211699,-0.540945,0,0,1,0
-0.527341,1.188898,0.438828,-0.941741,1.081404,-0.332303,-0.871107,0,0,0,0
-0.503707,1.248735,0.310009,-1.241792,1.174808,0.042607,-0.882962,1,1,0,0
-0.515523,1.256784,0.572258,-1.165220,0.813814,-0.251214,-0.899873,0,0,0,0
-0.369857,1.059135,0.209878,-0.729436,0.638076,0.564552,-0.799614,0,1,1,0
-0.435713,1.145710,0.248334,-0.904276,0.814765,-0.212085,-0.995923,0,0,0,0
-0.589986,1.176468,0.416659,-1.288276,1.116855,-0.100819,-1.080636,0,0,1,0
-0.192109,1.352429,-0.115159,-0.936910,0.991219,-0.704548,-0.595514,0,0,0,0
-0.330535,1.339204,0.057727,-1.212321,1.168575,0.028895,-0.782476,1,1,0,0
-0.265002,1.351594,0.064018,-0.941917,0.873743,-0.220180,-0.662725,0,0,0,0
-0.335068,1.421869,0.111307,-1.358770,0.962006,-0.450305,-0.848298,1,0,0,0
-0.336605,1.250669,-0.012297,-1.042169,0.900727,-0.536450,-0.836614,0,0,0,0
-0.393092,1.425412,0.315888,-1.466558,0.936660,0.039649,-0.755942,0,0,0,1
-0.452558,1.184954,0.313802,-0.951647,0.695102,-0.438118,-0.959588,0,0,0,0
-0.481036,1.322497,0.482345,-1.201295,0.882821,-0.166603,-0.694450,0,0,1,1
-0.309338,1.179211,-0.068714,-0.607246,1.147660,-0.533155,-0.669954,0,0,0,0
-0.401205,1.335779,0.266546,-1.186300,1.047445,-0.016455,-0.800235,0,0,1,0
-0.431588,1.321808,0.440976,-0.864168,1.173605,-0.514428,-0.738961,0,0,0,0
-0.531680,1.288864,0.561351,-1.112094,0.990575,-0.119165,-0.660098,1,1,0,0
-0.311008,1.166277,0.076645,-0.648432,0.841006,-0.697642,-0.745290,0,0,0,0
-0.410114,1.306157,0.403607,-0.979721,0.863114,-0.238072,-0.799396,0,1,0,0
-0.183604,1.128144,-0.207376,-0.569857,0.942782,0.109769,-0.839290,0,0,0,0
-0.402613,1.275335,0.186665,-1.109696,0.848769,-0.116157,-1.012471,1,0,0,1
0.037012,0.934753,-0.275792,-0.314885,0.154263,-0.104561,-0.467207,0,0,0,0
-0.195311,1.178429,-0.072812,-0.470414,0.836328,-0.114600,-0.504226,0,0,0,1
-0.267335,1.418466,0.304197,-0.944526,0.822155,-0.420464,-0.290312,0,0,0,0
-0.357146,1.278316,0.227153,-0.901468,0.978941,-0.072137,-0.448407,1,1,0,0
-0.386478,1.413119,0.441349,-1.078209,0.830774,-0.187372,-0.345304,0,0,0,0
-0.508131,1.294849,0.506756,-0.993564,0.970056,-0.033052,-0.454892,1,0,0,0
-0.207795,1.248499,0.074164,-0.745537,0.849313,-0.280349,-0.443668,0,0,0,0
-0.365472,1.288801,0.124487,-1.020383,1.119231,-0.031061,-0.471435,0,0,1,1
0.030758,1.150508,-0.137272,-0.127827,0.586516,-0.484133,-0.267858,0,0,0,0
-0.082644,1.268522,-0.013207,-0.430916,0.803417,-0.014983,-0.264727,0,0,1,0
-0.356776,1.124256,0.047480,-1.009468,0.649321,-0.320487,-0.832515,0,0,0,0
-0.304258,1.284113,0.025474,-1.034873,1.002969,0.195710,-0.673131,1,1,0,0
-0.187076,1.069904,0.182130,-0.030697,0.775845,-0.368927,-0.372137,0,0,0,0
-0.342560,1.229415,0.266997,-0.748951,0.811335,0.189522,-0.289359,0,1,0,1
-0.120190,1.143212,-0.062709,-0.461585,0.570012,-0.661594,-0.386656,0,0,0,0
-0.313211,1.315841,0.304126,-0.782093,0.799071,-0.102757,-0.324262,0,0,0,1
-0.271930,1.313779,0.342401,-0.748734,0.718145,-0.425883,-0.229092,0,0,0,0
-0.404478,1.360202,0.455013,-0.883822,1.156932,0.027744,-0.573865,1,1,0,0
-0.168742,1.301958,-0.022083,-0.612302,0.819089,-0.407982,-0.400871,0,0,0,0
-0.341110,1.299793,0.133723,-0.900630,1.093732,0.155909,-0.512143,0,1,0,0
-0.352696,1.422550,0.322294,-1.061158,1.039954,-0.474137,-0.419487,0,0,0,0
-0.446234,1.243804,0.121199,-1.433438,0.876949,0.083371,-0.901490,0,0,1,0
-0.109908,1.128507,-0.209633,-0.583574,0.825309,-0.619201,-0.579393,0,0,0,0
-0.313495,1.223001,-0.235404,-1.253194,0.955287,-0.352938,-0.939290,0,0,1,1
-0.009774,1.038998,-0.073861,-0.129828,0.372015,-0.414123,-0.517523,0,0,0,0
-0.242367,1.142898,-0.031162,-0.643377,0.870635,-0.140013,-0.564806,0,0,0,1
-0.325175,1.215987,0.166271,-0.547888,1.161166,-0.586498,-0.478680,0,0,0,0
-0.261746,1.438019,0.126524,-1.120681,1.110026,0.221959,-0.218610,1,1,0,0
-0.370113,1.304285,0.134982,-1.054164,1.220080,-0.488231,-0.546400,0,0,0,0
-0.458843,1.208985,0.077377,-1.462946,0.837785,-0.008351,-0.916612,1,0,0,0
-0.476562,1.228029,0.382191,-1.031514,0.838229,-0.394454,-0.739800,0,0,0,0
-0.527094,1.209437,0.521539,-1.027393,0.885687,0.240487,-0.813790,0,1,0,1
-0.308816,1.341446,0.183159,-0.754889,1.115552,-0.464766,-0.414752,0,0,0,0
-0.342921,1.418963,0.182545,-1.181276,1.169328,0.124662,-0.409779,0,0,0,1
-0.309677,1.472308,0.364972,-1.225468,0.816384,-0.615701,-0.361672,0,0,0,0
-0.462469,1.363587,0.499958,-1.364488,0.884868,0.070617,-0.659678,1,1,0,0
-0.356221,1.357058,0.060748,-1.324109,1.215660,-0.659533,-0.536394,0,0,0,0
-0.398899,1.436024,0.455669,-1.174406,1.078645,-0.203863,-0.291612,1,0,0,0
-0.373049,1.301740,0.189206,-1.229292,0.963990,-0.483969,-0.567440,0,0,0,0
-0.445851,1.174111,0.398827,-0.810877,0.818145,-0.264312,-0.666203,0,0,1,1
-0.193527,1.487575,0.056700,-1.024300,1.062775,-0.332467,-0.287827,0,0,0,0
-0.255276,1.439962,0.045941,-1.492955,0.644543,0.063739,-0.376453,0,0,1,0
-0.336981,1.412544,0.383729,-0.927094,0.896225,0.006468,-0.435422,0,0,0,0
-0.384136,1.405095,0.411109,-1.176316,1.110943,-0.039289,-0.371928,1,1,0,0
-0.294632,1.423025,0.214922,-1.192614,1.132066,-0.753787,-0.432417,0,0,0,0
-0.413598,1.322265,0.330182,-1.259831,0.921629,0.043899,-0.487457,0,1,1,0
-0.177826,1.442254,0.004484,-0.967537,0.968789,-0.551763,-0.173818,0,0,0,0
-0.280329,1.470782,0.331335,-1.111522,0.761981,-0.000322,-0.390523,0,0,1,0
-0.348894,1.446504,0.494969,-1.129288,0.785087,-0.554183,-0.390800,0,0,0,0
-0.324462,1.351524,0.437129,-0.890844,0.976254,0.179928,-0.369926,1,1,0,0
-0.195900,1.323483,0.086480,-0.498851,0.914684,-0.663487,-0.168388,0,0,0,0
-0.326326,1.333601,0.198754,-0.906581,1.227901,-0.045963,-0.153355,1,0,0,0
-0.405122,1.283489,0.261332,-1.238438,0.823895,-0.269796,-0.834402,0,0,0,0
-0.403065,1.353421,0.346964,-1.518330,0.776150,0.150858,-0.713922,0,0,0,1
-0.187942,1.274557,0.042959,-0.802621,0.436601,-0.507396,-0.769997,0,0,0,0
-0.400643,1.344095,0.411558,-0.887400,1.148588,0.173973,-0.215757,0,0,1,1
-0.112713,1.346071,0.028076,-0.499347,0.798824,-0.576604,-0.127507,0,0,0,0
-0.269387,1.372811,0.167833,-0.866696,1.116978,0.214358,-0.037340,0,0,1,0
-0.374068,1.287584,0.419283,-0.935319,0.976217,-0.230316,-0.239579,0,0,0,0
-0.348961,1.341091,0.448745,-0.975929,0.703154,0.146494,-0.521626,1,1,0,0
-0.266334,1.283334,0.190274,-0.857704,0.642054,-0.631647,-0.414960,0,0,0,0
-0.360336,1.300005,0.338485,-1.304165,0.672191,-0.157109,-0.617998,0,1,0,0
-0.183475,1.362739,0.092333,-1.054315,0.462382,-0.554475,-0.460121,0,0,0,0
-0.376401,1.280773,0.379458,-0.988956,0.888793,-0.283708,-0.398014,1,0,0,1
0.069261,1.223248,-0.321132,-0.884837,0.374746,-0.270847,-0.526766,0,0,0,0
-0.092871,1.217081,-0.143569,-0.677904,0.671861,-0.188034,-0.802466,0,0,0,1
-0.265081,1.279428,0.012790,-1.201383,0.726016,-0.587519,-0.520600,0,0,0,0
-0.246120,1.294528,0.131566,-1.154910,0.503457,-0.065626,-0.737971,1,1,0,0
-0.096459,1.263382,-0.058184,-0.585895,0.622220,-0.227765,-0.654011,0,0,0,0
-0.139294,1.274556,-0.052493,-0.820347,0.697859,0.054545,-0.700255,1,0,0,0
-0.242675,1.220297,0.032386,-0.690876,0.801220,-0.290412,-0.731018,0,0,0,0
-0.215260,1.344622,0.107099,-1.077895,0.712341,-0.141625,-0.739026,0,0,1,1
-0.132360,1.207660,-0.008481,-0.391316,0.930019,-0.627197,-0.628017,0,0,0,0
-0.225649,1.301832,0.012562,-1.159281,0.858447,0.189871,-0.718349,0,0,1,0
-0.268346,1.210991,0.070899,-0.868021,0.865291,-0.504455,-0.601628,0,0,0,0
-0.272658,1.229663,0.040533,-1.212839,0.720625,-0.049728,-0.704751,1,1,0,0
-0.145921,1.056767,-0.120478,-0.394307,0.566343,-0.639902,-0.664036,0,0,0,0
-0.237491,1.109921,-0.015327,-0.696334,0.759990,-0.121169,-0.728165,0,1,0,1
-0.041924,1.008858,-0.314578,-0.308995,0.580787,-0.682663,-0.797255,0,0,0,0
-0.177947,1.361714,0.037155,-0.955123,0.663645,-0.269323,-0.720772,0,0,0,1
-0.225434,1.252994,0.056248,-1.025050,0.592839,-0.504251,-0.495269,0,0,0,0
-0.335022,1.172707,0.146996,-1.118651,0.859876,-0.035655,-0.765567,1,1,0,0
0.035824,1.022970,-0.258069,-0.408110,0.367996,-0.286643,-0.589724,0,0,0,0
-0.106584,1.168525,-0.023039,-0.804548,0.405862,0.214083,-0.646032,0,1,0,0
-0.163120,1.245087,0.016670,-0.654373,0.728422,-0.278813,-0.594204,0,0,0,0
-0.330841,1.175388,0.340501,-0.802834,0.546736,-0.061269,-0.718275,0,0,1,0
-0.095275,1.125676,-0.023897,-0.699736,0.558244,-0.476904,-0.572339,0,0,0,0
-0.223516,1.084280,0.127832,-0.883555,0.432368,0.285044,-0.764862,0,0,1,1
0.136486,0.920267,-0.556432,-0.153469,0.511958,-0.129072,-0.545631,0,0,0,0
-0.042424,1.151431,-0.105792,-0.675102,0.420556,0.119887,-0.814869,0,0,0,1
-0.064032,1.141818,-0.052123,-0.483381,0.626148,-0.668211,-0.565337,0,0,0,0
-0.133565,0.933687,0.038056,-0.575397,0.311839,-0.077749,-0.611907,1,1,0,0
-0.157894,0.894378,-0.133993,-0.490357,0.637716,-0.648678,-0.781953,0,0,0,0
-0.135380,0.826302,-0.093682,-0.425140,0.632600,0.084917,-0.824896,1,0,0,0
-0.100449,1.040661,-0.089516,-0.951965,0.411039,-0.421051,-0.787975,0,0,0,0
-0.142282,0.813351,-0.032974,-0.540538,0.253356,0.126639,-0.848282,0,1,0,1
0.126844,1.001118,-0.760852,-1.005082,0.220641,-0.189320,-0.694797,0,0,0,0
-0.052319,0.960778,-0.163925,-0.687319,0.192538,-0.232230,-0.771965,0,0,0,1
-0.003179,1.124734,-0.360208,-0.994840,0.232901,-0.450071,-0.716736,0,0,0,0
-0.128841,0.989308,-0.012125,-0.898345,0.305381,0.261024,-0.903455,1,1,0,0
0.024963,1.020038,-0.277203,-0.792804,0.142424,-0.008311,-0.709660,0,0,0,0
-0.062483,0.939283,0.181597,-0.470334,0.277370,-0.262767,-0.745783,1,0,0,0
-0.013103,1.068545,-0.200269,-0.959287,0.592100,-0.727758,-0.156906,0,0,0,0
-0.107335,0.852591,0.049750,-0.474582,0.332180,-0.379070,-0.856578,0,0,1,1
0.127473,1.085194,-0.261978,-0.799318,0.304683,-0.633538,-0.433430,0,0,0,0
-0.070076,0.858495,0.032580,-0.525675,0.423005,0.014628,-0.766642,0,0,1,0
0.056500,0.835307,-0.109962,-0.441644,0.492905,-0.710520,-0.703703,0,0,0,0
-0.050491,0.700720,-0.033507,-0.431581,0.305916,0.491709,-0.972570,1,1,0,0
-0.005095,0.756307,-0.102476,-0.785754,-0.016177,-0.473087,-0.918153,0,0,0,0
-0.087414,0.579275,-0.114004,-0.299327,0.249121,0.195342,-1.012188,0,1,1,0
-0.017406,0.808662,-0.007061,-0.665226,0.075410,-0.571408,-0.931200,0,0,0,0
-0.064841,0.615760,0.132399,-0.514923,0.324720,0.144821,-1.045317,0,0,1,0
0.133769,0.928416,-0.417235,-0.772938,0.066748,-0.694059,-0.165247,0,0,0,0
-0.003735,0.691668,-0.217258,-0.504951,0.254390,0.070077,-0.658432,1,1,0,0
0.258752,0.870914,-0.512841,-0.698444,-0.079119,-0.491413,-0.176585,0,0,0,0
0.070371,0.777753,-0.031826,-0.397475,-0.066615,0.249170,-0.478778,1,0,0,0
0.192152,0.720844,-0.499653,-0.785066,-0.088332,-0.668125,-0.801209,0,0,0,0
0.106080,0.701159,-0.140826,-0.453498,0.070112,-0.222060,-0.944238,0,0,0,1
0.161816,0.756223,-0.172156,-0.591044,-0.075595,-0.447044,-0.653432,0,0,0,0
0.061985,0.628747,0.163340,-0.273697,-0.319090,0.517618,-0.871778,0,0,1,1
0.221947,0.782805,-0.217111,-0.330974,0.270971,-0.345138,-0.252689,0,0,0,0
0.105709,0.763780,0.014763,-0.615141,-0.061548,-0.077818,-0.736395,0,0,1,0
0.216736,0.745791,-0.042070,-0.367683,-0.156101,-0.259342,-0.659584,0,0,0,0
0.004722,0.456381,0.173274,0.045378,0.016079,-0.193089,-0.929525,1,1,0,0
0.304254,0.707567,-0.216900,-0.322531,-0.070239,-0.495908,-0.491656,0,0,0,0
0.160289,0.632081,0.224049,-0.351517,-0.021418,0.333666,-0.593462,0,1,0,0
0.220405,0.645574,-0.270831,-0.496469,-0.123470,-0.366738,-0.234562,0,0,0,0
0.032264,0.265532,-0.154209,-0.577442,-0.035321,0.108804,-1.154581,0,0,1,1
0.353461,0.704967,-0.261291,-0.228897,0.156200,-0.194216,-0.076707,0,0,0,0
0.248350,0.754135,0.108190,-0.319961,-0.007870,0.318094,-0.493008,0,0,1,1
0.345385,0.781596,-0.123612,-0.457189,0.028613,-0.153106,-0.126091,0,0,0,0
0.179649,0.700196,0.101785,-0.431779,0.064391,0.153678,-0.404876,1,1,0,0
0.274021,0.715942,-0.224914,-0.626886,0.080486,-0.361719,-0.087489,0,0,0,0
0.194293,0.665073,0.153090,-0.215537,0.166953,0.124789,-0.275115,1,1,0,0
0.349783,0.634571,-0.212439,-0.530362,0.065955,-0.228802,-0.046953,0,0,0,0
0.213773,0.543538,0.258838,-0.129510,0.194981,-0.053986,-0.121736,0,0,1,1
0.319783,0.608709,-0.217329,-0.356891,0.107132,-0.810310,0.001424,0,0,0,0
0.282573,0.480540,0.014568,-0.023865,0.095170,0.240848,-0.310503,0,0,1,1
0.366501,0.624171,-0.194662,-0.769015,0.003678,-0.127884,-0.575592,0,0,0,0
0.274451,0.445462,0.034860,-0.317265,-0.047349,0.080840,-0.539916,1,1,0,0
0.444993,0.714610,-0.067438,-0.646652,-0.067340,-0.272475,-0.356603,0,0,0,0
0.357452,0.541260,0.059358,-0.412701,0.278893,-0.013422,-0.278838,1,1,0,0
0.473797,0.788076,-0.261244,-0.710373,-0.036577,-0.248444,-0.274230,0,0,0,0
0.295212,0.604363,0.175316,-0.073287,0.126129,-0.323666,-0.249061,0,0,1,1
0.356067,0.607376,-0.387783,-0.579870,0.380130,-0.403909,-0.261932,0,0,0,0
0.361704,0.674356,-0.182686,-0.570394,0.083256,-0.043340,-0.272635,0,0,1,1
0.489987,0.712137,-0.449575,-0.560705,0.303712,-0.467786,-0.216206,0,0,0,0
0.399871,0.610754,-0.190287,-0.395294,0.224518,-0.366896,-0.292306,0,1,0,1
0.455542,0.707593,-0.239367,-0.536267,0.257807,-0.077683,0.054307,0,0,0,0
0.348691,0.489407,-0.048347,-0.285943,-0.283416,0.016568,-0.636618,0,1,0,1
0.518851,0.694611,-0.416527,-0.840504,-0.486966,-0.166239,-0.478286,0,0,0,0
0.398615,0.457357,-0.099536,-0.165375,0.207013,-0.069368,-0.580677,1,0,1,0
0.621022,0.845060,-0.225388,-0.567316,-0.340494,0.078443,0.106193,0,0,0,0
0.400360,0.610203,0.098259,0.051704,-0.009476,0.059576,-0.040410,1,0,1,0
0.589899,0.811628,-0.345229,-0.638003,0.001570,-0.265843,0.090174,0,0,0,0
0.424950,0.550000,0.075857,0.200502,0.229583,-0.230263,-0.088076,1,1,0,0
0.495952,0.753054,-0.301585,-0.756119,-0.250606,-0.492647,-0.249820,0,0,0,0
0.407970,0.437886,-0.072615,-0.174817,-0.009997,-0.052187,-0.566837,1,1,0,0
0.506683,0.701663,-0.438713,-0.820260,-0.214857,-0.154759,-0.318348,0,0,0,0
0.396444,0.454312,-0.062901,-0.267255,0.108760,0.305476,-0.627300,0,1,0,1
0.615542,0.880871,-0.621698,-0.506945,0.046977,0.068242,-0.018904,0,0,0,0
0.518129,0.861249,-0.151708,-0.591668,-0.028343,0.117115,0.066468,1,0,0,1
0.682098,0.786335,-0.789373,-0.635366,-0.182143,-0.167192,-0.108410,0,0,0,0
0.412946,0.556791,-0.213696,-0.502229,0.107412,-0.385385,-0.252031,0,1,1,0
0.602041,0.820382,-0.450757,-1.061611,-0.336815,-0.421094,-0.174740,0,0,0,0
0.307283,0.586132,-0.090612,-0.575153,-0.260830,-0.090253,-0.511670,0,1,0,1
0.691818,0.692263,-0.658939,-1.270818,-0.633734,-0.530047,-0.021976,0,0,0,0
0.269624,0.490347,-0.107912,-0.634013,-0.564980,-0.001546,-0.657643,1,0,1,0
0.761632,0.762564,-0.518038,-0.911092,-0.740933,-0.073154,-0.132751,0,0,0,0
0.250693,0.513162,0.205054,-0.537831,-0.742211,-0.214498,-0.614670,0,1,1,0
0.681995,0.598524,-0.646767,-1.231884,-0.651930,0.024760,-0.141116,0,0,0,0
0.083302,0.428730,-0.001444,-0.894052,-0.631303,-0.615618,-1.135681,1,0,0,1
0.788880,0.642167,-1.291293,-1.123864,-0.636790,-0.449023,-0.287297,0,0,0,0
-0.310782,0.081717,-0.315778,-0.898824,-0.093100,-0.550815,-1.576832,1,0,1,0
0.894195,0.352890,-1.316103,-0.470739,0.115649,-0.188632,-0.319134,0,0,0,0
-0.476799,-0.038234,-0.152428,-0.938763,0.041060,-0.468706,-1.653069,0,1,0,1
0.901753,0.364586,-1.492095,-0.674125,-0.655426,-0.091834,-0.279051,0,0,0,0
-0.829411,-0.037658,0.052780,-1.514836,-0.460330,-0.803373,-1.783550,1,0,1,0
0.588713,0.333722,-1.067552,-1.139415,-0.190987,0.607925,-0.532437,0,0,0,0
-1.415547,-0.183907,0.254704,-2.143108,-0.042364,-0.710350,-1.896659,0,1,0,1
0.478474,0.342187,-0.988461,-1.294767,-0.730087,0.061864,-0.790162,0,0,0,0
-2.164613,-0.774903,0.761753,-2.034067,0.536901,-0.904867,-1.976057,1,0,1,0
0.296792,0.210029,-0.854775,-1.111870,-0.108030,-0.499726,-0.898921,0,0,0,0
-2.747095,-1.685983,0.780613,-1.608632,0.275773,-1.035522,-2.008927,0,0,0,1
0.154280,0.108911,-0.475566,-1.050605,-0.306869,-0.308760,-1.167672,0,0,0,0
-2.983754,-2.183654,0.468430,-1.525784,0.487883,-1.036214,-2.014397,0,0,0,1
-0.181672,0.008767,-0.586583,-1.157568,0.077665,-0.338476,-1.293935,0,0,0,0
-3.000414,-2.226156,0.411659,-1.597195,0.441467,-1.063863,-2.018088,1,0,0,0
-0.985339,-0.341471,-0.282122,-1.570526,0.435783,-0.851796,-1.754268,0,0,0,0
-3.009360,-2.249995,0.375328,-1.654393,0.389701,-1.063489,-2.020496,1,0,0,0
-1.399033,-0.590052,-0.411650,-1.827145,0.837131,-1.001008,-1.850619,0,0,0,0
-2.996017,-2.214450,0.429453,-1.569303,0.466555,-1.065733,-2.016327,0,1,1,1
-0.013376,-0.569672,0.950801,1.383015,0.649406,-0.068068,1.237178,0,0,0,0
0.064124,-0.623988,1.166270,1.989170,0.347604,0.260922,0.801682,1,0,0,0
0.176274,-0.759068,0.661232,1.675302,0.880463,0.876250,0.881133,0,0,0,0
0.102404,-0.652685,0.820182,2.564793,0.436221,1.255060,1.375771,1,0,0,0
0.097049,-0.775513,0.340625,2.448214,0.189360,0.062610,1.104806,0,1,0,0
0.061110,-0.826912,-0.158229,2.318813,0.213227,0.799293,1.399259,0,0,0,1
0.062899,-1.067666,-0.076536,1.884847,-0.136010,0.925980,1.757784,0,0,0,0
0.061309,-1.073705,-0.518010,1.696461,0.182211,0.515409,1.810309,1,0,1,1
1.198519,-0.765008,-0.699461,1.209014,-0.569859,0.281704,1.123678,0,1,1,0
0.719031,-0.125299,-0.496358,1.608627,0.244656,-0.395343,1.257893,0,0,1,1
0.677635,-0.082176,-0.763042,1.361461,-0.003846,-0.395079,1.067047,1,0,1,0
0.621533,-0.123198,-0.404659,1.408271,0.109764,0.021945,1.072029,0,1,1,0
0.606877,-0.018578,-0.327670,1.344452,0.272484,-0.569612,1.093798,0,1,1,0
0.530531,0.136591,-0.796992,1.446847,0.187567,-0.468422,1.053050,0,0,1,1
0.856311,-0.168840,-0.975527,1.491819,-0.236276,-0.464552,0.910699,0,1,1,0
0.581187,0.053936,-0.967230,1.198553,0.053334,-0.586049,0.653689,1,0,1,0
0.562004,0.181056,-0.429938,0.986435,0.628270,-0.301585,0.747560,0,0,1,1
0.645616,0.047571,-0.699332,1.310232,0.501429,-0.528125,0.658662,0,0,1,1
0.794428,-0.096226,-0.695522,0.634791,0.117737,-0.257195,0.197066,0,1,1,0
0.848572,-0.133091,-0.583522,1.202239,0.550876,-0.194879,0.093793,1,0,1,0
0.830155,0.024356,-0.722636,1.289363,0.417361,0.090896,0.069762,0,1,1,0
0.767170,-0.163958,-0.522687,1.025081,0.240535,-0.392871,-0.167211,1,0,1,0
0.711194,-0.023697,-0.723781,0.802162,0.076057,-0.113200,-0.461753,0,0,1,1
0.637086,-0.209446,-0.439246,0.995138,0.271943,-0.600325,-0.447979,1,1,0,1
1.165084,-1.382922,-2.126866,-0.262670,-1.923271,-0.074211,-0.116479,0,0,0,0
0.829041,-1.856571,-1.372345,0.236349,-1.621924,0.190114,-0.569980,0,0,0,0
0.756657,-1.774360,-1.387314,0.107098,-1.936282,-0.059824,-0.648321,0,0,0,0
0.790282,-1.759630,-1.557776,0.194453,-1.590887,0.292090,-0.621343,1,0,0,0
0.724382,-1.867281,-1.643588,0.207809,-1.880500,0.218968,-0.663737,0,0,0,0
0.637000,-1.725674,-1.803629,0.479383,-1.686326,-0.079600,-0.751858,0,0,0,0
0.584435,-1.851217,-1.740894,-0.025447,-1.889166,-0.113846,-0.751011,0,0,0,0
0.538700,-1.817373,-1.847545,0.156706,-1.432113,-0.073133,-0.819568,1,1,1,0
-0.735539,0.641569,0.527583,0.693692,1.823705,-0.934544,1.323572,0,0,0,0
-0.719205,0.712341,0.900657,0.952283,1.545516,-0.013537,1.047756,0,0,0,0
-0.780602,0.751113,0.878197,0.758794,1.709033,0.025658,1.193513,0,0,0,0
-0.874645,0.661333,1.013455,0.886778,1.769093,-0.247349,1.532992,0,0,1,0
-0.821459,0.605543,0.633367,0.655410,1.972773,0.479298,0.901158,0,0,0,0
-0.928808,0.250748,0.352216,0.606357,1.642498,-0.071930,1.366073,0,0,0,0
-1.060984,0.078093,0.250481,0.676550,1.971306,-0.041200,1.863426,0,0,0,0
-1.083536,0.073165,0.392136,0.772630,1.882975,-0.004072,1.780517,0,1,1,1
1.104387,-0.783145,-0.796629,0.821212,-0.474236,-0.107173,0.893470,0,1,0,1
0.316097,0.137228,-0.139816,1.095669,0.457105,-0.644429,1.347089,1,1,0,0
0.447005,0.053259,-0.890074,1.184938,0.373878,-0.683272,0.986181,0,1,0,1
0.399877,0.288803,-0.148181,0.855488,0.087982,-0.295558,1.254981,0,1,1,0
0.404750,0.276974,-0.303296,1.022993,0.214263,-0.611015,1.143258,0,1,1,0
0.398343,0.224090,-0.180130,0.884184,0.260342,-0.434131,0.985279,0,1,1,0
0.416661,0.323816,-0.212782,0.994854,0.168244,-0.363188,0.977909,0,1,1,0
0.415839,0.357175,-0.195562,0.916183,0.221765,-0.436779,0.882785,1,0,0,1
0.479135,0.260122,-0.682058,1.363559,0.288392,-0.133587,0.829702,1,0,1,0
0.415034,0.300289,-0.902004,1.188802,0.556430,-0.697271,0.410992,1,0,0,1
0.475260,0.216186,-0.564845,1.547783,0.162341,-0.382542,0.333905,1,0,1,0
0.327514,0.348592,-1.009999,0.957695,0.825952,-0.311953,-0.033880,1,0,0,1
0.408519,0.245903,-0.990949,1.095149,0.765174,-0.443361,-0.286846,1,0,0,1
0.354219,0.173223,-0.963298,1.043634,0.760090,-0.422611,-0.648758,1,0,0,1
0.388529,0.271854,-1.126607,1.080387,0.375008,-0.371906,-0.617709,1,0,0,1
0.409372,0.209549,-1.145869,0.726190,0.545803,-0.073991,-0.613832,0,1,1,1
1.001209,-1.430155,-1.829983,-0.423474,-1.324695,0.389892,-0.475505,0,0,0,0
0.110179,-1.085892,-1.946098,-1.256255,-0.926623,-0.564906,-1.473944,0,0,0,0
-0.344918,-0.781051,-1.500133,-1.305263,-0.571623,0.088923,-1.701117,0,0,0,0
-0.576350,-0.862559,-1.669002,-1.973243,-0.447426,-0.097814,-1.788718,0,1,0,0
0.803978,-0.917729,-1.825442,-0.935522,-1.927824,0.949390,-0.225820,1,0,0,0
0.456954,-0.913541,-2.066250,-0.200213,-2.147723,0.334238,-0.549465,0,0,0,0
0.388754,-0.890891,-2.675930,-0.230579,-1.793371,0.500816,-0.904446,0,1,0,0
0.378214,-1.022224,-2.890931,-0.622557,-1.957861,0.189379,-0.506473,1,1,1,0
-1.204844,1.049159,2.069736,-0.450567,1.338605,-0.949621,1.482642,0,0,0,0
-1.037478,1.103515,1.965246,-0.169680,1.149419,0.963061,1.257997,0,0,0,0
-1.278431,0.955076,2.213024,-0.139566,1.396668,-0.008907,1.224943,0,0,0,0
-1.273585,0.812276,1.898936,-0.146500,1.597265,-0.062099,1.461773,0,0,1,0
-1.186372,0.837790,1.742838,0.036840,1.761861,-0.112645,1.360318,0,0,0,0
-1.213762,0.808664,1.709103,-0.087343,1.752745,0.851044,2.041440,0,0,0,0
-1.522873,0.425079,1.771147,-0.265337,1.691369,-0.054634,2.229997,0,0,0,0
-1.654250,0.264144,1.995874,-0.063982,1.505785,0.128921,2.491001,0,1,1,1
1.130954,-0.928257,-0.916903,0.970008,-0.521701,0.134876,1.313535,0,0,1,1
0.450084,-0.147863,-0.472927,1.721068,0.336139,0.058485,1.426576,0,1,0,1
0.379381,0.190017,-0.587375,1.518139,0.265187,-0.544058,1.393952,0,0,1,1
0.697521,-0.009042,-0.600831,1.346607,0.234393,-0.342898,1.253320,1,1,0,0
0.263377,0.326316,-0.682181,1.231429,0.361526,-0.623387,1.017323,1,1,0,0
0.324249,0.364377,-0.568365,1.214540,0.782423,-0.722213,0.974193,1,0,1,0
0.276345,0.320759,-0.480523,1.044562,0.653094,-0.514750,0.732625,1,0,1,0
0.314441,0.449654,-0.263017,1.182720,0.921130,-0.565229,0.511534,0,1,0,1
0.718501,-0.114136,-0.731622,1.407365,0.313722,-0.331659,0.187856,0,1,1,0
0.457872,0.065066,-0.452850,0.992987,0.968797,-0.335817,-0.278380,1,1,0,0
0.474210,-0.079666,-0.236511,0.483767,0.359159,-0.638520,-0.667121,1,1,0,0
0.476461,-0.077654,-0.240042,0.517982,0.576493,-0.360453,-0.617184,0,0,1,1
0.616508,-0.241409,-0.332602,0.736720,0.177908,-0.670429,-0.632862,1,0,1,0
0.538287,-0.114652,-0.557129,1.197726,-0.027010,-0.447550,-0.409887,0,1,1,0
0.590787,-0.249333,-0.793572,1.248071,0.392730,0.372741,-0.325516,0,0,1,1
0.840329,-0.571273,-0.883700,1.362955,-0.068429,-0.474010,-0.504631,1,1,0,1
1.077766,-1.524674,-2.003592,-0.285845,-1.948217,-0.063105,-0.218663,0,0,0,0
0.718788,-1.865556,-1.276506,0.093648,-1.777922,-0.418920,-0.692889,0,0,0,0
0.768480,-1.944658,-1.403284,-0.171843,-1.833636,-0.329707,-0.694593,0,0,0,0
0.787438,-1.757652,-1.598358,0.046617,-1.801524,0.016630,-0.653706,0,0,0,1
0.699352,-1.876109,-1.582362,-0.049124,-2.056267,-0.031597,-0.689323,0,0,0,0
0.614061,-1.826488,-1.738149,0.196354,-1.685140,-0.200787,-0.773611,0,0,0,0
0.645266,-1.970465,-1.609467,0.215172,-1.750188,0.276792,-0.709981,0,0,0,0
0.517517,-2.063732,-1.914849,-0.040072,-1.586927,0.055170,-0.853824,1,1,1,0
-1.221380,1.086940,2.111190,-0.782564,1.133544,-0.878035,0.809711,0,0,0,0
-1.079962,0.998329,1.880332,0.144130,1.381245,0.021640,1.489789,0,0,0,0
-1.239524,0.977098,2.074255,-0.185799,1.558037,-0.443416,1.061610,0,0,0,0
-1.272645,0.804361,1.933428,0.089259,1.671026,-0.222722,1.424104,0,0,1,0
-1.243649,0.821527,1.753329,-0.240888,1.595094,-0.075361,1.100601,0,0,0,0
-1.268102,0.769149,1.562962,-0.481468,1.921799,0.460642,1.885164,0,0,0,0
-1.487635,0.691724,2.034876,-0.608206,1.730310,-0.059074,2.360068,0,0,0,0
-1.767302,0.270724,2.115450,-0.402105,1.564958,-0.558270,2.263788,0,1,1,1
1.190527,-0.594042,-0.863010,1.089590,-0.736289,0.148230,1.191849,0,0,1,1
0.505842,0.121418,-0.686779,1.416579,0.281643,-0.415772,1.485367,0,1,0,1
0.543042,0.118733,-0.655142,1.392519,0.270742,-0.205261,1.293607,1,0,0,1
0.306673,0.293789,-0.523311,1.390866,0.554076,-0.540337,1.335770,0,0,1,1
0.755805,0.018902,-0.955899,1.518604,0.435231,-0.026772,1.267843,0,0,1,1
0.801270,-0.054216,-0.971675,1.531109,0.336598,-0.465682,0.911198,0,0,1,1
0.812489,-0.007863,-0.973565,1.565002,0.523106,-0.067822,0.902322,0,0,1,1
0.835031,-0.018949,-0.894957,1.462667,0.389150,-0.331598,0.618976,1,1,0,0
0.522423,0.306328,-0.726700,1.594121,0.539428,-0.234509,0.522878,1,0,0,1
0.201615,0.367491,-0.128941,1.045716,0.625409,-0.341545,-0.108467,1,1,0,0
0.590396,0.270353,-0.651609,1.537516,0.111101,-0.502343,-0.037971,1,0,1,0
0.327281,0.425785,-0.552628,0.634176,0.551402,-0.864376,-0.494700,1,1,0,0
0.541569,0.300202,-1.003070,1.443072,0.324533,-0.110161,-0.249839,1,1,0,0
0.568126,0.135854,-1.103825,1.502638,0.132622,-0.278975,-0.156302,1,1,0,0
0.613855,0.147552,-0.808258,1.281532,0.119095,-0.187889,-0.201924,1,1,0,0
0.516170,0.201152,-0.954254,1.392445,0.227787,-0.365238,-0.210950,1,1,1,0
1.067615,-1.399125,-1.911934,-0.174362,-1.297245,-0.188320,-0.472593,0,0,0,1
0.508472,0.138610,-1.503093,-1.438132,-0.882586,-0.324512,-0.951598,0,0,0,0
0.152421,-0.185101,-1.424986,-2.134903,-0.600981,3.373351,-0.791385,0,0,0,0
-0.601279,-0.836043,-1.641212,-2.008657,-0.457232,-0.183991,-1.767786,0,0,0,0
-0.868079,-0.544310,-0.815594,-1.812927,0.071403,-0.589575,-1.808534,0,0,0,0
-0.470858,-0.005297,-1.109059,-2.170753,-0.185660,8.370982,-1.067969,0,0,0,0
-0.492887,-0.121825,-1.062361,-2.413326,-0.443752,11.915423,-1.182743,0,0,0,0
-1.548057,-0.764685,-0.367300,-2.101709,-0.054592,-0.075171,-1.956811,1,1,1,0
-1.299263,0.979724,2.245813,-0.366686,1.318169,-0.904551,1.026083,0,0,0,0
-1.091064,0.927891,1.962958,0.184694,1.227315,0.183692,1.042979,0,0,0,0
-1.167905,0.893765,1.851503,-0.011075,1.399296,0.663141,0.979180,0,0,0,0
-1.353204,0.786258,2.034532,-0.047094,1.795700,-0.104898,1.605937,0,0,1,0
-1.185432,0.726740,1.487676,-0.125121,1.734662,-0.190913,1.006362,0,0,0,0
-1.269981,0.665877,1.461953,-0.359356,1.708522,-0.038460,1.344386,0,0,0,0
-1.470783,0.432066,1.542227,-0.400441,1.777433,-0.345684,1.671822,0,0,0,0
-1.698036,0.317339,1.985953,-0.504459,1.488173,0.102363,1.988576,0,1,1,1
1.277945,-0.642448,-0.824965,0.755787,-0.738262,0.366385,1.000880,1,0,1,0
0.789072,-0.163426,-0.155866,0.862726,0.029079,-0.569771,1.077591,0,0,1,1
0.676599,-0.037551,-0.426448,0.683914,0.132953,0.047460,1.095086,1,0,1,0
0.656220,-0.396786,-0.105685,1.222812,0.144211,-0.309228,1.014436,0,1,1,0
0.642727,-0.326538,0.381458,0.942471,0.027035,-0.503927,1.014162,0,1,1,0
0.567868,-0.219227,-0.003395,1.008709,0.325847,-0.485953,1.000349,0,0,1,1
0.948371,-0.378896,-0.887561,1.441169,0.140914,-0.172071,0.864235,0,1,1,0
0.655848,-0.479541,-0.096234,1.267308,-0.324751,-0.513695,0.679665,1,0,1,0
0.718948,-0.356407,0.291642,1.172762,0.088410,-0.477387,0.577276,0,0,1,1
0.720136,-0.230047,-0.017887,1.075432,-0.057495,-0.419096,0.582730,0,0,1,1
0.865836,-0.328622,-0.354716,0.660820,-0.160798,-0.251455,0.178464,0,1,1,0
0.787820,-0.272323,-0.174139,1.289978,0.346962,-0.087582,0.297256,1,0,1,0
0.958720,-0.365592,-0.332340,1.091781,0.220867,0.277553,0.001181,0,1,1,0
0.828376,-0.364689,-0.170513,1.183604,0.250873,-0.439716,-0.127682,1,0,1,0
0.824741,-0.510388,-0.535790,1.008463,-0.346167,-0.012460,-0.461186,0,0,1,1
0.681735,-0.452043,-0.172432,1.074612,-0.096758,-0.546084,-0.453269,1,1,0,1
1.238519,-1.257695,-1.960739,-0.225346,-2.174584,-0.389365,-0.064125,0,0,0,0
0.852433,-1.619246,-1.376958,-0.053352,-1.555708,0.142016,-0.648932,0,0,0,0
0.777442,-1.782691,-1.376618,0.302647,-1.862223,-0.072099,-0.641622,0,0,0,0
0.784170,-1.730782,-1.544638,0.191032,-1.730299,0.111107,-0.624088,0,0,1,0
0.684174,-1.990266,-1.623911,0.312067,-1.807339,0.015318,-0.680257,0,0,0,0
0.647060,-1.863439,-1.802555,0.257776,-1.620552,0.100948,-0.760792,0,0,0,0
0.582557,-1.876698,-1.676318,0.027867,-1.769032,-0.251144,-0.788276,0,0,0,0
0.490052,-2.004478,-1.993034,-0.125789,-1.591090,-0.166916,-0.891348,1,1,1,0
-1.327148,1.019159,2.283070,-0.623991,1.304672,-0.991109,1.234651,0,0,0,0
-1.079026,1.090796,1.988693,-0.189030,1.176337,0.106337,1.017662,0,0,0,0
-1.245408,0.957601,2.009554,-0.310752,1.515699,0.416025,1.148388,0,0,0,0
-1.449434,0.728253,2.203123,-0.031114,1.750603,0.723502,1.610449,0,0,1,0
-1.094322,0.813788,1.418619,0.110458,2.018166,0.054994,1.152026,0,0,0,0
-1.263083,0.762296,1.577605,-0.423994,1.795796,0.494165,1.155940,0,0,0,0
-1.524626,0.415687,1.588797,-0.541712,1.850102,-0.125013,1.879131,0,0,0,0
-1.649011,0.322768,1.896746,-0.364360,1.549365,-0.265730,1.935340,0,1,1,1
1.291448,-0.750052,-1.155526,0.908384,-0.740707,0.292420,0.976662,0,1,0,1
0.616663,-0.148295,-0.206036,0.779675,0.219190,-0.594576,1.119091,1,1,0,0
0.684323,-0.484305,-0.484232,1.011103,0.043838,-0.460854,1.066838,0,1,0,1
0.612454,-0.252416,0.291829,0.869849,-0.114347,-0.273605,0.996912,0,1,1,0
0.675604,-0.316156,0.115457,1.228609,-0.428891,-0.347551,1.010752,0,1,1,0
0.655062,-0.320693,0.146226,1.091130,-0.327740,-0.381498,1.040747,0,1,1,0
0.653207,-0.295043,0.187078,1.187170,-0.228121,-0.321753,0.871188,0,1,1,0
0.706299,-0.318080,0.220852,1.290223,-0.235456,-0.334882,0.803241,1,0,0,1
0.559744,-0.004830,-0.376517,1.112791,0.304170,-0.084226,0.826894,1,0,1,0
0.704798,-0.295179,-0.239764,0.964145,0.217957,-0.561912,0.374930,1,0,0,1
0.609203,-0.215642,-0.336956,1.177243,0.302383,-0.408539,0.449899,1,0,1,0
0.739609,-0.418705,-0.370809,1.342067,0.238342,-0.177643,0.083789,1,0,0,1
0.593800,-0.202053,-0.604867,0.953185,0.445076,-0.226337,-0.273534,1,0,0,1
0.592913,-0.305859,-0.612918,0.953884,0.383942,-0.348667,-0.663182,1,0,0,1
0.634301,-0.334317,-0.689200,0.955497,0.314280,-0.426165,-0.615490,1,0,0,1
0.547836,-0.288709,-0.581939,0.743477,0.478424,-0.350463,-0.624750,0,1,1,1
1.212131,-1.125640,-1.941761,-0.166932,-1.886552,-0.074932,-0.216183,0,0,0,0
0.284428,-0.961360,-1.959612,-1.284976,-0.945898,-0.273953,-1.336558,0,0,0,0
-0.337937,-0.797151,-1.672020,-1.563370,-0.644348,0.004007,-1.713480,0,0,0,0
-0.559925,-0.754559,-1.455381,-1.655891,-0.328889,-0.030038,-1.777634,0,1,0,0
0.782036,-0.840258,-2.012403,-0.981592,-1.946816,0.818949,-0.225066,1,0,0,0
0.500475,-0.885564,-2.022586,-0.441118,-2.376013,0.757755,-0.513558,0,0,0,0
0.337488,-0.869905,-2.740900,-0.309012,-1.747056,0.397199,-0.929372,0,1,0,0
0.319666,-0.968684,-2.740265,-0.464073,-2.135084,0.271686,-0.433576,1,1,1,0
-1.247051,1.004213,2.188660,-0.337338,1.348291,-0.970537,1.273534,0,0,0,0
-1.100116,0.886105,1.870206,-0.014032,1.071803,0.556854,1.361330,0,0,0,0
-1.247418,0.874876,1.933986,-0.120378,1.625235,-0.126964,1.182852,0,0,0,0
-1.190780,0.996266,2.164652,0.109652,1.562127,0.016135,1.682003,0,0,1,0
-1.272399,0.709271,1.721687,0.087426,1.871883,-0.380905,1.240256,0,0,0,0
-1.280998,0.713339,1.692044,-0.126019,1.752308,0.224183,2.000617,0,0,0,0
-1.522796,0.411627,1.638809,-0.493867,1.688622,-0.137324,2.188407,0,0,0,0
-1.750017,0.249969,1.998802,-0.454337,1.642214,0.276684,2.400931,0,1,1,1
1.172449,-0.616597,-1.409384,0.955696,-0.517951,0.478725,0.959330,0,0,1,1
0.725559,-0.516069,-0.352462,1.301417,0.243569,-0.097605,1.193398,0,1,0,1
0.626454,-0.370027,-0.022905,0.795714,0.373579,-0.162249,1.271026,0,0,1,1
0.723977,-0.302148,-0.505043,1.250424,0.342837,-0.495061,1.088760,1,1,0,0
0.621635,-0.343711,-0.154712,0.970419,-0.109610,-0.513727,1.084268,1,1,0,0
0.662410,-0.427201,0.105178,1.288854,0.269810,-0.536734,0.881973,1,0,1,0
0.637667,-0.395518,0.021463,1.105600,0.001110,-0.499842,0.731602,1,0,1,0
0.594050,-0.220285,0.179786,1.126467,0.437626,-0.502820,0.540115,0,1,0,1
0.839082,-0.244870,-0.612649,1.276687,0.107207,-0.164673,0.237075,0,1,1,0
0.592263,-0.221824,-0.195198,0.980756,0.561167,-0.683278,-0.171250,1,1,0,0
0.584395,-0.318074,-0.220399,0.477620,0.028308,-0.498637,-0.690826,1,1,0,0
0.663014,-0.672251,0.233154,0.759769,0.046520,-0.709471,-0.571189,0,0,1,1
0.730300,-0.499652,-0.244596,0.845534,-0.358815,-0.432158,-0.639435,1,0,1,0
0.625165,-0.400998,-0.265260,1.060243,-0.207064,-0.696761,-0.395092,0,1,1,0
0.798562,-0.683551,-0.417276,1.201196,0.001072,-0.575231,-0.305871,0,0,1,1
0.870830,-0.690539,-0.861457,1.463411,-0.549559,-0.213311,-0.449414,1,1,0,1
1.181791,-1.434001,-1.967755,-0.397854,-2.084765,0.016984,-0.129462,0,0,0,0
0.833551,-1.792501,-1.534813,-0.323075,-1.644948,1.207549,-0.512144,0,0,0,0
0.762164,-1.862873,-1.385766,-0.031077,-2.006585,-0.321032,-0.694904,0,0,0,0
0.751611,-1.796404,-1.597766,0.172044,-1.572679,0.276161,-0.616085,0,0,1,0
0.739690,-1.887592,-1.732017,0.084771,-1.964125,-0.062844,-0.674147,0,0,0,0
0.640090,-1.813283,-1.831113,0.028299,-1.722822,0.156374,-0.760049,0,0,0,0
0.606542,-1.856181,-1.777395,0.197620,-1.851448,0.380410,-0.737881,0,0,0,0
0.494770,-1.960031,-1.777915,0.035856,-1.482072,0.129931,-0.900108,1,1,1,0
-1.220656,1.005749,2.055315,-0.434396,1.255222,-0.972629,1.226024,0,0,0,0
-1.096675,0.979021,2.018506,0.277146,1.111479,-0.190374,1.316130,0,0,0,0
-1.124978,1.007187,1.812516,-0.141088,1.617551,-0.546889,1.033098,0,0,0,0
-1.202279,0.896591,1.774019,-0.184295,1.757588,-0.280588,1.593653,0,0,1,0
-1.312544,0.862321,2.049750,-0.101485,1.720817,0.062119,1.261033,0,0,0,0
-1.274982,0.660326,1.457425,-0.266023,1.875587,0.271070,1.684464,0,0,0,0
-1.514019,0.652084,2.072047,-0.561646,1.597441,-0.128496,2.454624,0,0,0,0
-1.728268,0.205352,1.923374,-0.213882,1.650921,-0.180307,2.262744,0,1,1,1
1.352516,-0.458891,-0.917489,0.545678,-0.990852,0.031584,1.083061,0,0,1,1
0.738503,-0.228460,-0.515163,0.853983,-0.059857,-0.098882,1.311249,0,1,0,1
0.971702,-0.216082,-0.765773,0.802901,0.045688,-0.171118,0.964291,1,0,0,1
0.527560,-0.104950,0.001834,0.963852,0.516989,-0.434924,1.251360,0,0,1,1
0.918169,-0.371263,-0.577707,1.156094,0.226017,-0.113347,1.102628,0,0,1,1
0.969168,-0.403548,-0.729981,1.071141,0.177980,-0.313863,0.804237,0,0,1,1
0.926382,-0.458997,-0.476138,1.418589,0.323512,0.014894,0.800541,0,0,1,1
0.955929,-0.561005,-0.437641,1.511815,0.126804,-0.258166,0.620655,1,1,0,0
0.756673,-0.156151,-0.241565,1.199858,0.460945,-0.157610,0.514525,1,0,0,1
0.464168,-0.321551,0.146007,0.883653,0.361481,-0.567647,-0.126340,1,1,0,0
0.795846,-0.263315,-0.274726,1.301316,0.014643,-0.454032,-0.098971,1,0,1,0
0.740100,-0.476499,-0.257687,0.903100,-0.107952,-0.477637,-0.523876,1,1,0,0
0.816669,-0.468926,-0.283616,1.212087,-0.178864,-0.352445,-0.247778,1,1,0,0
0.830226,-0.626421,-0.118277,0.932490,-0.015778,0.044362,-0.223958,1,1,0,0
0.846974,-0.452252,-0.527954,0.661873,-0.138666,-0.380915,-0.359028,1,1,0,0
0.900761,-0.299231,-0.492013,0.681762,-0.329642,0.040555,-0.220949,0,1,1,1
1.284867,-0.507555,-1.488538,0.998374,-0.852026,0.050561,0.029201,0,0,0,0
0.570830,-0.349483,-1.068020,0.508447,-0.023199,-0.334939,-0.361932,0,0,0,0
-0.121113,-0.319454,-0.849809,-0.402064,0.027664,-0.271347,-0.778620,0,0,0,0
0.063380,0.651555,-0.174767,0.057748,0.862563,0.100771,0.279818,0,0,0,0
-0.259968,0.946498,0.330551,0.064369,0.813624,-0.106982,0.363088,0,0,0,0
0.225239,0.213965,-0.050850,0.940424,0.004369,-0.040116,0.141688,0,0,0,0
-0.229475,0.780268,-0.134235,0.566874,1.239364,-0.128127,0.930439,0,0,0,0
-0.224578,0.874186,-0.053061,0.565314,1.222742,-0.534024,0.874034,1,1,0,0
-0.952265,1.122656,1.586482,-0.092258,1.735478,-0.309752,1.488032,0,0,0,0
-0.570209,1.262169,0.692108,-0.848412,1.242116,0.282200,0.457031,0,0,0,0
-0.213592,1.142661,-0.054484,-0.211507,1.262300,0.651565,1.427942,1,0,0,0
0.064442,0.898522,-0.626855,-0.085925,0.994146,0.159430,1.605917,0,0,0,0
-0.140338,0.815859,-0.520542,0.511754,1.623573,1.035179,1.755308,0,0,0,0
0.103796,-0.173020,-0.477586,0.628624,0.752564,-0.193796,1.275852,0,0,0,1
0.005267,-0.138564,-0.237516,1.422360,0.775299,0.290979,1.822755,0,1,0,0
0.626525,-0.200421,-0.840634,1.102484,0.162912,2.169696,1.627579,0,1,1,1
1.391338,-0.656262,-1.258709,0.094146,-1.363489,-0.064509,0.135443,0,1,0,1
1.000978,-0.318844,-0.770019,0.496938,-0.545835,-0.139571,0.170539,0,1,0,1
0.865026,-0.334877,-0.450358,-0.436424,-0.638437,-0.543374,0.018466,0,1,0,1
0.908206,-0.492006,-0.063001,-0.088112,-0.434519,-0.192270,0.242434,0,1,0,1
1.137706,-0.831207,-1.004536,1.876302,-1.356056,0.121046,0.409967,0,1,0,1
0.868038,-0.468753,-0.426198,0.466469,-0.826510,-0.381745,0.135505,0,1,0,1
0.935397,-0.431194,-0.583903,0.032702,-0.429473,-0.359826,0.180474,0,1,0,1
0.824214,-0.196791,-0.560611,0.172516,-0.624299,-0.266658,0.138902,0,1,0,1
0.846078,-0.338704,-0.182460,0.178701,-0.601581,-0.161228,0.290818,0,1,0,1
0.874983,-0.336921,-0.418808,-0.074765,-0.555923,0.111821,0.291438,0,1,0,1
0.885026,-0.390644,-0.445386,-0.254830,-0.524776,-0.228416,0.277574,0,1,0,1
0.966507,-0.325339,-0.359218,0.178749,-0.592802,0.065030,0.334105,0,1,0,1
1.101944,-0.668727,-0.804306,1.269767,-0.870055,-0.121380,0.125503,0,1,0,1
0.935010,-0.368921,-0.343008,0.197252,-0.469573,-0.249389,0.264262,0,1,0,1
0.887826,-0.414245,-0.567805,-0.134199,-0.662155,-0.309591,0.253255,0,1,0,1
0.888907,-0.338855,-0.527952,0.334135,-0.537745,0.037634,0.295676,1,0,1,1
1.127022,-1.361559,-2.078953,-0.567268,-1.954882,-0.165128,-0.227447,0,0,0,0
0.717519,-1.970538,-1.617301,-0.534418,-1.949421,-0.271608,-0.620439,0,0,0,0
0.714843,-2.032189,-1.500151,0.070915,-2.161608,-0.182140,-0.576535,0,0,0,0
0.759623,-1.928117,-1.836076,-0.162246,-2.006580,0.152770,-0.603309,1,0,0,0
0.670980,-2.112191,-1.788508,-0.482061,-2.290157,0.038266,-0.679160,0,0,0,0
0.596538,-1.975377,-1.971678,-0.130865,-1.843891,-0.051799,-0.771475,0,0,0,0
0.526273,-1.969054,-1.812211,-0.152531,-1.973885,-0.107700,-0.777334,0,0,0,0
0.509471,-1.932437,-1.840511,0.112522,-1.402066,-0.217597,-0.895621,1,1,1,0
-1.179874,1.015096,1.742677,-0.840084,1.520973,-0.563582,1.442823,0,0,0,0
-0.591792,1.324133,0.673138,-1.125270,1.273148,0.841554,0.954303,0,0,0,0
-0.329143,1.208273,0.239610,-0.188855,1.412674,0.801772,0.908610,1,0,0,0
0.008612,0.845931,-0.794127,0.222404,1.252989,0.715105,1.435171,0,0,0,0
-0.118388,0.672429,-0.517697,0.616992,1.515477,0.836612,1.168121,0,0,0,0
0.213183,0.067978,-0.351944,0.794030,0.743443,-0.110771,1.608509,0,0,0,1
0.072339,-0.115477,0.090589,1.297842,0.631852,-0.298446,1.740342,0,1,0,0
0.674308,-0.328505,-0.527589,0.997319,-0.017258,2.281674,1.565813,0,1,1,1
1.240985,-1.062302,-1.207487,0.192025,-1.626382,0.205318,0.042405,0,0,1,1
0.983590,-0.605895,-0.405333,-0.363146,-1.129504,0.415249,0.116742,1,0,1,0
0.884233,-0.545161,-0.301844,-0.278700,-0.831276,-0.478307,0.229139,0,1,1,0
0.922441,-0.681062,0.131710,-0.381855,-0.987440,0.017313,0.398836,0,0,1,1
1.256631,-1.014478,-0.685790,1.544041,-1.622212,1.606532,0.652691,0,0,1,1
0.923468,-0.443140,0.012312,-0.067084,-0.931600,-0.336875,0.061429,0,0,1,1
0.989672,-0.539109,0.168955,-0.358205,-1.064439,0.242063,0.392710,0,0,1,1
0.951835,-0.377195,-0.030687,-0.355172,-0.917772,0.100987,0.344154,1,1,0,0
0.994503,-0.483769,-0.542151,-0.224498,-0.734452,0.160082,0.302078,0,1,0,1
0.967101,-0.424650,0.082223,0.006136,-1.393853,0.245900,0.466573,1,1,0,0
0.904217,-0.347719,-0.487986,-0.217558,-0.642581,0.649793,0.142314,0,1,0,1
0.984310,-0.427688,0.049202,0.125089,-1.188477,0.067173,0.431917,0,1,1,0
1.245497,-0.796212,-1.039978,1.878316,-1.989107,1.071911,0.602737,0,1,1,0
1.005206,-0.631142,-0.349576,0.361514,-1.239623,0.260758,0.257480,0,1,1,0
0.923303,-0.492499,-0.075148,0.040613,-1.147467,0.080225,0.307968,0,1,1,0
0.879685,-0.341775,-0.370667,0.362369,-1.375555,-0.165866,0.202675,1,0,1,1
1.095789,-1.166715,-2.124543,-0.406630,-1.734508,0.028870,-0.294978,0,0,0,0
0.232282,-0.900789,-2.047356,-1.189061,-1.240650,0.561159,-1.289163,0,0,0,0
-0.316274,-0.828445,-1.818964,-1.683140,-0.739623,0.040527,-1.689295,0,0,0,0
-0.683855,-1.117722,-1.804765,-2.549089,-1.031534,0.029883,-1.790679,0,1,0,0
0.841703,-0.829394,-1.953440,-1.047832,-2.035143,0.564105,-0.154638,0,0,0,0
0.479477,-0.868628,-2.064440,-0.187638,-2.305270,0.160310,-0.457079,0,0,0,0
0.339191,-0.912987,-2.710239,-0.034096,-1.870946,0.249903,-0.978193,0,1,0,0
0.271670,-1.029976,-2.977158,-0.550318,-1.918173,0.252030,-0.828702,1,1,1,0
-1.055412,1.071330,1.640003,-0.730730,1.366964,-0.508273,1.281423,0,0,0,0
-0.707846,1.256912,1.126382,-0.788328,1.016984,0.513727,0.878375,0,0,0,0
-0.518033,1.037104,0.356104,-0.284776,1.599021,0.583453,1.310967,1,0,0,0
-0.333437,0.584569,-0.431793,-0.022657,1.392371,-0.157931,2.332062,0,0,0,0
-0.193699,0.743254,-0.003556,0.298392,0.903750,0.081237,2.237922,0,0,0,0
0.464036,-0.169883,-0.570267,1.058967,0.720364,1.605559,2.311625,0,0,0,1
0.716979,-0.460736,-0.599013,1.387316,-0.073358,0.602037,2.392115,0,1,0,0
0.913928,-0.713078,-0.485012,1.746339,-0.432120,0.880373,1.745575,0,1,1,1
1.165128,-0.636230,-1.251501,0.456110,-1.189507,-0.002923,-0.160747,0,0,1,1
0.836186,-0.300804,-0.472523,0.555812,-0.408377,-0.446673,0.421951,0,0,1,1
0.742875,-0.146914,-0.705030,0.792942,-0.399652,-0.452681,0.670007,0,0,1,1
1.202640,-1.018389,-0.899694,1.924553,-1.052783,0.117978,0.501777,0,0,1,1
0.819105,-0.507348,-0.870397,0.865406,-0.741176,-0.519428,0.311307,0,0,1,1
0.763769,-0.344843,-0.746360,0.517838,-0.406845,-0.051610,0.257332,1,0,0,1
0.750101,-0.464258,-0.244767,0.144560,-0.691288,-0.338491,0.750249,1,0,0,1
0.793083,-0.305235,-0.016906,0.105120,-0.735429,-0.085365,0.719850,0,1,1,0
0.825522,-0.303602,-0.591905,0.452796,-0.369225,-0.196480,0.279685,0,1,1,0
0.793173,-0.434944,-0.709727,0.480615,-0.441436,-0.389476,0.462963,0,1,0,1
0.879777,-0.445112,-0.206969,-0.057817,-0.653433,-0.108615,0.688355,0,1,0,1
0.970628,-0.709907,-0.428931,1.505947,-1.123746,-0.188760,0.905042,1,1,0,0
0.893643,-0.557464,-0.677931,0.631161,-0.797122,-0.368883,0.389611,1,1,0,0
0.801097,-0.317399,-0.552755,0.819820,-0.272955,-0.351684,0.489412,1,1,0,0
0.811705,-0.252288,-0.460952,0.669885,-0.466029,-0.087389,0.550092,1,1,0,0
0.883055,-0.395726,-0.523076,0.606699,-0.322995,-0.408943,0.484735,1,0,1,1
1.285211,-1.234683,-1.978699,-0.284136,-1.960398,0.150799,-0.021092,0,0,0,0
0.845273,-1.670120,-1.425177,-0.222349,-1.991341,-0.301145,-0.629821,0,0,0,0
0.692958,-1.933152,-1.670405,-0.208260,-2.239586,0.095089,-0.641191,0,0,0,0
0.677296,-1.923065,-1.786085,-0.158291,-1.848839,0.353956,-0.655868,1,0,0,0
0.625763,-2.082893,-1.840736,-0.167994,-2.337561,0.246245,-0.683790,0,0,0,0
0.569430,-1.939364,-1.903095,0.156862,-1.900638,-0.105590,-0.791751,0,0,0,0
0.550370,-1.985920,-1.888021,-0.225414,-2.086973,0.280885,-0.771450,0,0,0,0
0.567359,-1.901363,-1.626414,0.327507,-1.205862,0.068035,-0.565950,0,1,1,1
-1.139096,1.063898,1.751594,-0.713499,1.603987,-1.019255,1.685861,0,0,0,0
-0.703168,1.284898,0.971608,-1.050277,1.091009,-0.267794,1.135322,0,0,0,1
-0.544168,1.169441,0.482067,-0.536427,1.611456,0.131945,1.292857,0,0,0,0
-0.245923,0.847597,-0.236279,0.140167,1.239450,0.067860,2.522354,0,0,0,0
-0.105688,0.366525,-0.382981,0.984803,1.194758,0.473626,2.536556,0,0,0,0
0.453032,-0.194437,-0.609106,1.133202,0.230668,0.034803,2.402943,0,0,0,0
0.598780,-0.495580,-0.357058,1.583850,-0.020820,0.018320,2.430398,1,0,0,0
1.080651,-0.732471,-0.809840,1.568990,-0.720334,0.245186,1.361150,1,0,1,1
1.234943,-0.712557,-0.947620,0.464686,-1.194063,0.267811,-0.064484,0,1,0,1
0.902981,-0.478169,-0.215986,0.120647,-1.049183,0.331622,0.281550,1,0,1,0
0.904864,-0.575122,-0.120892,0.477631,-0.737977,0.025835,0.502919,0,1,1,0
0.931343,-0.541527,-0.098306,0.163878,-0.842319,-0.142608,0.594345,1,0,0,1
1.194701,-0.976876,-0.856118,1.461277,-1.132866,-0.044934,0.753376,1,0,0,1
0.973502,-0.588577,-0.230892,0.156852,-0.823344,0.200353,0.665988,1,0,0,1
0.933997,-0.336543,-0.243730,0.382619,-0.898260,-0.230714,0.550923,1,0,0,1
0.998561,-0.498759,-0.319463,0.334557,-0.759166,0.148254,0.746103,0,1,1,0
0.900234,-0.378716,-0.233816,-0.017300,-0.882657,-0.001710,0.716854,0,1,0,1
0.817355,-0.546684,-0.307221,0.577346,-1.129061,-0.603427,0.710065,1,0,1,0
0.846495,-0.431954,-0.205218,0.167655,-1.100749,0.354278,0.821887,1,0,0,1
0.769692,-0.409259,-0.571444,0.413773,-0.934064,-0.457070,0.450998,0,1,1,0
0.955705,-0.843965,-1.015765,1.982714,-1.265290,-0.005867,0.700023,0,1,1,0
0.778013,-0.541784,-0.489969,0.749665,-0.623567,-0.430331,0.589750,0,1,1,0
0.793233,-0.403933,-0.468257,0.616866,-0.525913,-0.332196,0.847667,0,1,1,0
0.820831,-0.505156,-0.480009,0.761220,-0.605475,-0.294668,0.898635,1,1,0,1
1.190855,-1.140573,-1.595833,-0.624050,-2.087515,0.204364,-0.158359,0,0,0,0
0.777794,-1.198786,-1.396235,-1.457210,-2.067011,0.521484,-0.528821,1,0,0,1
0.683540,-1.436921,-0.723777,-0.735090,-2.317483,1.347662,-0.628490,0,0,0,0
0.594241,-1.148735,-0.488296,-1.565591,-2.347486,0.322791,-0.556752,1,0,0,1
0.790984,-1.034188,-0.643780,-1.204201,-2.424758,0.065364,-0.487100,0,0,0,0
0.645146,-1.119652,-0.909081,-1.111934,-2.797797,-0.178328,-0.535696,0,0,0,0
0.534435,-1.322155,-0.794540,-1.314050,-2.491350,-0.094860,-0.433324,0,0,0,0
0.628944,-1.130586,-0.517295,-1.556271,-2.267042,0.494737,-0.538892,1,1,0,0
-0.497559,1.034441,0.449453,-0.005648,1.587431,-0.804741,1.590170,0,0,1,0
-0.334483,0.726488,0.268388,0.829914,1.534505,0.880328,0.829523,0,0,0,1
-0.234139,0.563232,-0.045865,0.865760,1.229567,-0.574897,0.835551,1,0,0,0
-0.351935,-0.079299,0.555182,1.165121,1.063440,0.809744,1.261619,0,0,0,1
-0.047674,-0.263279,0.410326,1.249685,0.513027,2.331327,0.622905,0,0,1,0
-0.101034,-0.035563,0.495641,1.373851,0.333751,0.153560,1.834006,1,0,0,0
0.020267,-0.682053,0.557560,1.732844,0.118748,0.994937,1.403288,0,0,1,0
0.114403,-0.512787,0.761227,1.376556,0.178271,0.206921,1.122408,0,1,1,1
1.340278,-0.737804,-1.400393,-0.099706,-1.525722,0.462833,0.114327,0,1,0,1
0.993331,-0.535942,-0.638875,-0.201395,-0.922890,-0.285025,0.037333,0,1,0,1
1.002589,-0.659346,-0.711657,-0.153923,-0.873689,-0.172451,0.235302,0,1,0,1
0.861610,-0.715753,-0.744413,-0.285969,-1.190102,0.095753,0.230657,0,1,0,1
1.147087,-0.970445,-1.091467,1.278109,-1.447596,-0.104273,0.258694,0,1,0,1
0.962031,-0.525580,-0.858597,0.004859,-1.106935,0.202297,0.142416,0,1,0,1
0.972837,-0.440102,-1.038194,-0.239879,-0.850881,-0.122869,0.150389,0,1,0,1
0.973268,-0.557064,-0.650283,-0.156620,-0.954797,0.240025,0.265760,0,1,0,1
0.956664,-0.529584,-0.594784,-0.147507,-1.028765,-0.020436,0.262784,0,1,0,1
0.893619,-0.590398,-0.839078,-0.306617,-1.167916,-0.021807,0.131965,0,1,0,1
0.977037,-0.681055,-0.729448,-0.179174,-1.056878,0.297372,0.221526,0,1,0,1
0.997226,-0.403070,-0.794441,-0.007175,-1.075863,-0.118901,0.384007,0,1,0,1
1.104790,-0.811867,-1.064431,1.033542,-1.362190,-0.268743,0.270077,0,1,0,1
0.941925,-0.437146,-0.651734,0.010726,-1.024787,-0.090375,0.245442,0,1,0,1
0.977223,-0.604986,-0.715030,-0.265093,-0.986240,0.513738,0.099170,0,1,0,1
0.929505,-0.680870,-0.871949,-0.221582,-0.903171,-0.026770,0.273499,1,0,1,1
0.984697,-1.524502,-1.866189,0.362332,-1.766709,0.038359,-0.372018,0,0,0,0
0.715137,-2.093989,-1.522466,-0.165120,-2.029278,-0.032546,-0.572795,0,0,0,0
0.680559,-1.921325,-1.526104,0.002187,-2.296442,-0.237076,-0.697715,0,0,0,0
0.763326,-1.882476,-1.834485,-0.230003,-1.971000,0.161625,-0.643069,0,0,0,1
0.637047,-2.051362,-1.832099,-0.205506,-2.337369,-0.097493,-0.686634,0,0,0,0
0.572276,-1.890108,-1.972621,-0.144756,-1.993272,0.189466,-0.774333,0,0,0,0
0.575763,-1.966282,-1.890381,-0.141405,-2.015739,0.202843,-0.734986,0,0,0,0
0.501640,-1.974489,-1.826733,0.013468,-1.448888,-0.060804,-0.910277,1,1,1,0
-1.129508,1.069220,1.754195,-0.665479,1.550780,-0.250566,1.344993,0,0,0,0
-0.636954,1.381618,0.866678,-1.165406,1.296212,0.540521,0.703925,0,0,0,0
-0.314255,1.201942,0.248555,-0.151180,1.314087,0.947721,0.946109,1,0,0,0
0.026123,0.936990,-0.637451,0.109254,1.048019,0.530052,1.648066,0,0,0,0
-0.035810,0.813986,-0.529444,0.604379,1.295814,1.220122,1.381106,0,0,0,0
0.164279,0.055475,-0.350384,0.437128,0.840375,0.051096,1.530372,0,0,0,1
-0.025135,-0.120016,-0.219106,1.207060,0.741980,0.340242,1.800050,0,1,0,0
0.513446,-0.130211,-0.807752,1.231103,0.144143,2.313653,1.628633,0,1,1,1
1.317393,-0.959956,-1.344086,0.113695,-1.822692,0.266493,0.150791,0,0,1,1
1.024771,-0.613097,-0.500315,-0.692311,-1.389764,0.560604,0.192932,1,0,1,0
0.915540,-0.712308,-0.487859,0.111421,-0.895172,-0.135508,-0.064983,0,1,1,0
0.984194,-0.671238,-0.221756,-0.358003,-1.044971,0.630025,0.306562,0,0,1,1
1.229683,-0.966664,-1.075285,1.529116,-1.490136,1.424214,0.613471,0,0,1,1
0.988942,-0.732036,-0.409345,0.085459,-0.961436,-0.071724,0.243893,0,0,1,1
0.974255,-0.597368,-0.210400,-0.376795,-0.759950,0.149388,0.354849,0,0,1,1
1.018034,-0.603555,-0.305176,-0.309088,-0.906465,0.151172,0.180965,1,1,0,0
0.970986,-0.613353,-0.653109,-0.286049,-0.757461,0.491074,0.404121,0,1,0,1
1.061215,-0.548668,-0.388720,-0.177696,-1.581080,0.090565,0.349035,1,1,0,0
0.973111,-0.649304,-0.690249,-0.068112,-1.006311,-0.097858,0.343834,0,1,0,1
1.058996,-0.662290,-0.122209,-0.318977,-1.398380,0.281650,0.394922,0,1,1,0
1.246409,-1.029566,-1.047544,1.046747,-1.960194,1.311758,0.438820,0,1,1,0
1.075630,-0.553947,-0.578806,-0.175502,-1.369746,0.222975,0.275704,0,1,1,0
1.023727,-0.512759,-0.508940,-0.312153,-1.519219,-0.017764,0.249386,0,1,1,0
1.042304,-0.546392,-0.361630,-0.157470,-1.450532,0.171863,0.424560,1,0,1,1
1.133918,-1.199774,-2.092157,-0.167138,-1.715730,0.185428,-0.338453,0,0,0,0
0.287772,-1.041828,-2.226079,-1.178952,-1.318680,1.264713,-1.170869,0,0,0,0
-0.329611,-1.073946,-2.150129,-1.865328,-0.967642,-0.282518,-1.673943,0,0,0,0
-0.701796,-1.025979,-1.802151,-2.354837,-0.826268,-0.378606,-1.796356,1,0,0,0
0.874781,-0.917593,-1.931446,-0.780920,-1.819108,1.734998,-0.204467,0,0,0,0
0.392966,-0.890660,-2.178846,-0.229195,-2.354723,0.634476,-0.448683,0,0,0,0
0.315053,-0.995728,-2.712640,-0.159058,-1.743223,0.627145,-0.994999,0,1,0,0
0.301072,-0.949396,-2.954402,-0.437842,-1.831733,0.169127,-0.732716,1,1,1,0
-1.058818,1.081526,1.785219,-0.600022,1.189313,-0.474178,1.303351,0,0,0,0
-0.637272,1.258731,1.068380,-0.792924,0.803297,0.578509,0.946036,0,0,0,0
-0.513506,1.030952,0.265793,-0.478281,1.583415,0.574257,1.115098,1,0,0,0
-0.251268,0.682759,-0.424835,0.199573,1.517174,0.055979,2.362159,0,0,0,0
-0.270792,0.737428,-0.034301,0.378026,1.121719,0.044087,2.276173,0,0,0,0
0.421446,-0.206213,-0.768975,0.878739,0.838667,1.162550,2.404106,0,0,0,1
0.635390,-0.577337,-0.613076,1.261223,0.009994,0.121935,2.491854,0,1,0,0
0.873938,-0.718432,-0.604117,1.761333,-0.505169,0.464012,1.852555,0,1,1,1
1.124057,-0.876169,-1.373993,0.079147,-1.227114,0.076923,-0.276277,0,0,1,1
0.894908,-0.590602,-0.704449,0.430691,-0.804297,-0.051187,0.343619,0,0,1,1
0.867875,-0.521657,-0.404307,0.270979,-0.508620,-0.533484,0.537949,0,0,1,1
1.149207,-0.970566,-0.815393,1.414357,-1.110902,-0.391873,0.711287,0,0,1,1
0.911812,-0.631945,-0.521029,0.702640,-0.715178,-0.554510,0.386400,0,0,1,1
0.919867,-0.673595,-0.480122,0.289956,-0.658034,-0.013050,0.063170,1,0,0,1
0.849560,-0.624053,-0.434502,-0.086658,-0.918215,-0.046860,0.607737,1,0,0,1
0.896445,-0.450761,-0.268545,-0.114369,-1.034997,-0.175188,0.598810,0,1,1,0
0.874077,-0.588101,-0.708272,0.498724,-0.596218,-0.466492,0.515948,0,1,1,0
0.858631,-0.517106,-0.426590,0.354349,-0.481849,-0.329254,0.561584,0,1,0,1
0.852800,-0.457217,-0.612604,0.143000,-1.064480,-0.083017,0.533831,0,1,0,1
1.072386,-0.830277,-0.714440,1.277757,-1.609529,-0.178448,0.888753,1,1,0,0
0.870509,-0.569789,-0.670615,0.861435,-0.679332,-0.657296,0.255723,1,1,0,0
0.838230,-0.661530,-0.330715,0.704705,-0.672758,-0.337984,0.622478,1,1,0,0
0.915189,-0.668078,-0.572893,0.390799,-0.530998,-0.581640,0.603744,1,1,0,0
0.886057,-0.600545,-0.743489,0.378569,-0.808037,-0.107471,0.197724,1,0,1,1
1.171906,-1.279827,-1.974983,-0.223349,-1.808448,-0.163889,-0.163258,0,0,0,0
0.753227,-1.822744,-1.661741,-0.444015,-1.971707,0.117154,-0.655479,0,0,0,0
0.696948,-1.885600,-1.540292,0.078514,-2.059071,-0.363978,-0.696207,0,0,0,0
0.734782,-1.914059,-1.775226,-0.173462,-2.029361,0.462189,-0.649064,0,0,1,0
0.619756,-2.089636,-1.866490,-0.288474,-2.266035,0.075734,-0.706086,0,0,0,0
0.596481,-1.978706,-1.993282,-0.053276,-1.860194,0.095671,-0.780186,0,0,0,0
0.501018,-1.992778,-1.807330,-0.098251,-2.004506,-0.263660,-0.800806,0,0,0,0
0.518216,-2.028562,-2.004190,-0.033853,-1.573425,0.015639,-0.835722,0,1,1,1
-1.123640,1.104694,1.822781,-0.645260,1.474326,-0.708894,1.549015,0,0,0,0
-0.692576,1.177361,0.819581,-0.746431,1.417898,-0.369823,1.406341,0,0,0,1
-0.476818,1.252658,0.559158,-0.582604,1.203915,0.269202,1.688974,0,0,0,0
-0.284324,0.757041,-0.245130,0.129270,1.310624,0.210369,2.696031,0,0,0,0
-0.157807,0.605931,-0.166469,0.895331,1.159445,1.266302,2.146486,0,0,0,0
0.460840,-0.451624,-0.856942,1.096756,0.275531,-0.012429,2.254226,0,0,0,0
0.571980,-0.490290,-0.497271,1.517096,0.009400,-0.240200,2.445974,1,0,0,0
1.128087,-0.763946,-0.695288,1.424003,-0.552885,0.146206,1.498607,1,0,1,1
1.238934,-0.710468,-1.200189,0.103251,-1.456007,0.269710,-0.065144,0,1,0,1
1.065170,-0.613525,-0.583742,0.190787,-0.712137,-0.511268,0.520550,1,0,1,0
0.977455,-0.751726,-0.484420,0.220643,-1.174354,0.267725,0.429449,0,1,1,0
0.998671,-0.692070,-0.468025,0.241633,-1.190412,-0.028518,0.479490,1,0,0,1
1.202998,-0.925331,-0.918358,0.987158,-1.234287,0.020951,0.598503,1,0,0,1
1.076738,-0.656328,-0.390575,-0.154158,-0.928575,0.562881,0.400776,1,0,0,1
1.096770,-0.647681,-0.390842,0.058094,-0.928766,-0.145704,0.609553,1,0,0,1
1.053740,-0.591445,-0.409116,-0.039483,-1.060882,0.600186,0.570697,0,1,1,0
0.924002,-0.396943,-0.466179,0.077714,-0.892416,0.269264,0.592718,0,1,0,1
0.892214,-0.506085,-0.569265,-0.140501,-1.073661,-0.387164,0.684909,1,0,1,0
0.886434,-0.534346,-0.444495,-0.016842,-0.816046,0.409470,0.709609,1,0,0,1
0.922142,-0.572025,-0.525096,0.142878,-0.939735,-0.185403,0.658987,0,1,1,0
1.062948,-0.977669,-0.916951,1.720068,-0.891448,-0.247853,0.675926,0,1,1,0
0.849251,-0.626733,-0.404858,0.470473,-0.625612,-0.324891,0.482887,0,1,1,0
0.851590,-0.577776,-0.318330,0.435310,-0.780653,-0.496390,0.682289,0,1,1,0
0.877914,-0.613993,-0.359365,0.468525,-0.795427,-0.239339,0.700013,1,0,1,1
1.252575,-1.084604,-1.593618,-0.383512,-1.842342,-0.294576,-0.085122,0,0,0,0
0.937556,-1.110092,-1.493774,-1.071296,-2.132763,0.376940,-0.488027,1,0,0,1
0.730833,-1.378280,-1.128559,-0.854930,-2.193377,0.781813,-0.611366,0,0,0,0
0.752320,-1.162098,-0.780212,-1.342344,-2.373434,0.085315,-0.562618,1,0,0,1
0.799431,-1.176377,-0.757215,-1.215043,-2.383820,0.587603,-0.409402,0,0,0,0
0.732948,-1.197170,-0.866007,-1.438400,-2.899982,0.139805,-0.565829,0,0,0,0
0.660911,-1.068931,-0.810385,-1.425206,-2.437268,0.213081,-0.378069,0,0,0,0
0.687294,-0.958096,-0.547924,-1.439895,-2.453367,0.266660,-0.352598,1,0,1,1
-1.224285,1.030096,2.021644,-0.557781,1.447548,-0.883773,1.577495,0,0,0,0
-1.136634,1.027826,1.859055,-0.521383,1.254486,0.065944,0.532851,1,0,0,0
-1.475695,0.740223,2.268112,-0.318360,1.377934,-0.493853,0.764151,0,0,0,0
-1.326646,0.713079,1.979268,0.191177,1.571190,0.055051,0.748509,1,0,0,0
-1.385239,0.766668,2.124246,-0.040457,1.528759,-0.496702,0.558070,0,0,0,0
-1.272087,0.717641,1.724105,-0.015222,1.732873,1.490727,1.812821,0,0,0,0
-1.405314,0.376893,1.246471,-0.463879,1.836883,-0.070887,0.270773,0,0,0,0
-1.589810,0.154082,1.239149,-0.763789,1.716319,-0.167683,-0.970059,0,0,0,1
-1.658099,0.378486,2.345641,-0.308194,0.852285,-0.828597,-0.582973,0,0,0,1
-1.792082,0.085821,2.226085,-0.239531,0.700673,-0.730376,-1.328614,0,0,0,1
-1.724080,0.220523,2.174982,-0.404067,0.907770,-1.012420,-1.329150,0,0,0,1
-1.778446,0.225029,2.589118,0.214607,0.756154,-0.556721,-0.834520,0,0,0,1
-1.907657,0.009087,2.591015,0.319034,0.752129,-0.767662,-0.785352,0,0,0,1
-1.925393,-0.098584,2.391145,0.148966,0.572295,-0.893796,-1.553761,0,0,0,1
-1.835408,0.105398,2.429359,0.127415,0.997546,-0.809416,-0.879550,0,0,0,1
-1.610753,-0.123576,2.042653,0.020568,0.467925,-0.495029,-1.485616,0,0,0,1
-1.301890,-0.528305,2.269054,0.418870,-0.141253,-0.802975,-0.768063,0,0,0,1
-0.856047,-0.559497,1.203201,0.724905,0.297677,-0.330986,-0.807536,0,0,0,1
-0.382315,-0.594226,0.730788,-0.611712,-0.017260,-0.736871,-1.219823,0,0,0,1
-0.553559,-0.836291,0.747251,0.659708,-0.194209,1.215291,-1.476646,0,0,0,1
-0.168812,-0.821207,0.317582,0.265771,-0.198587,0.031175,-0.570891,0,0,0,1
-0.472197,-0.964531,0.577388,0.171514,-0.588829,-0.698759,-1.563676,0,0,0,1
-0.424255,-0.685503,0.405032,0.648194,0.132720,0.430660,-1.259031,0,0,0,1
0.054423,-1.342923,0.640340,0.605958,-0.687344,-0.384500,-0.593019,1,1,1,0
0.740159,-2.157858,-1.601883,-0.674278,-1.680723,-0.058710,-0.377449,0,0,0,0
-0.528603,-3.400469,-0.780538,0.652194,-1.066437,-0.232231,-1.118971,0,0,0,0
-0.683713,-3.499017,-0.913348,0.818399,-0.616765,0.382755,-1.315906,0,0,0,0
-0.871584,-3.455321,-1.156033,0.827000,-0.782730,0.051852,-1.522339,0,0,0,0
-0.955636,-3.599366,-1.537618,0.795465,-0.669634,0.137095,-1.533097,0,0,0,0
-1.100461,-3.392763,-1.435339,0.532455,-0.356969,0.045861,-1.668686,0,0,0,0
-1.118866,-3.509398,-1.695263,0.513297,-0.685471,0.445831,-1.669511,0,0,0,0
-1.100372,-3.101846,-1.577864,0.842269,0.157188,0.047069,-1.734925,1,1,0,1
-0.539530,-0.448647,1.267984,2.321968,0.919736,-0.807528,2.144105,0,0,0,0
-0.409285,-0.171644,1.580919,2.326888,0.492726,0.456772,1.969606,0,0,0,1
-0.560225,-0.096980,1.449065,2.684009,0.790950,0.429602,1.527727,0,0,0,0
-0.659026,-0.388535,1.249266,2.639241,1.101642,-0.101369,1.923708,1,0,0,0
-0.667579,-0.490652,1.048289,1.950094,1.076969,0.325785,1.169299,0,0,0,0
-0.722578,-0.657433,0.911350,2.431801,1.245000,0.373836,1.626257,0,0,0,0
-0.814132,-0.824056,0.498173,2.141142,1.488226,0.286872,1.418072,0,0,0,0
-0.979415,-1.033793,0.665618,2.118568,1.578711,0.531110,1.462082,1,1,1,0
1.132483,-0.857833,-1.849436,0.945439,0.290060,-0.051012,0.971346,0,1,0,0
-0.623835,-0.390554,1.185661,1.560893,1.290833,-0.444370,0.937654,0,1,0,0
-0.568276,-0.369613,1.440287,1.316405,1.037649,-0.860025,0.893669,0,1,0,0
-0.836802,-0.461266,1.465541,1.354235,1.720574,-0.645363,0.916067,0,1,0,0
-0.822768,-0.218097,1.238693,1.475649,1.441664,-0.298627,0.725515,0,1,0,0
-0.761226,-0.369227,1.602911,1.114910,1.529178,-0.779727,0.590251,0,1,0,0
-0.911731,-0.303166,1.468494,1.634329,1.852715,-0.612085,0.413099,0,1,0,0
-0.949350,-0.437677,1.732582,1.472289,1.623208,-1.036421,0.219382,1,0,0,0
-0.886230,-0.185378,1.884657,1.042973,1.331210,-0.760166,0.261684,1,0,0,0
-1.083783,-0.300413,1.880292,1.357289,1.792347,-0.542420,0.182306,1,0,0,0
-1.025205,-0.175787,1.903055,1.080425,1.586066,-0.868756,-0.244078,1,0,0,0
-1.114738,-0.084779,1.875732,0.817062,1.420587,-0.909532,-0.720034,1,0,0,0
-1.053993,-0.631849,2.077307,0.536930,1.321764,-0.953000,-0.682243,1,0,0,0
-1.171202,-0.404839,1.841687,0.775668,1.301026,-0.930502,-0.723908,1,0,0,0
-1.302800,-0.318401,1.783780,0.489552,1.330505,-0.777578,-0.902297,1,0,0,0
-1.162146,-0.726859,1.946086,0.663382,1.017948,-0.874732,-0.828980,0,1,1,1
0.684413,-1.410888,-1.727983,-0.270701,-0.858470,-0.110333,-0.693435,0,0,0,0
-1.635271,-0.703159,0.140226,-0.310782,1.456550,-0.850560,-1.902706,0,0,0,0
-1.933747,-0.835028,0.493627,-0.148938,1.838527,0.034683,-1.921447,0,0,0,0
-2.135860,-1.080413,0.566303,-0.328633,1.774692,0.067184,-1.937531,0,0,0,1
0.843087,-0.868997,-1.860545,-0.837213,-1.914694,1.368142,-0.145457,0,0,0,0
0.526270,-0.904655,-2.017469,-0.243934,-2.083357,0.275513,-0.455415,0,0,0,0
0.412195,-0.851448,-2.655457,-0.073404,-1.684187,0.362484,-0.924665,0,0,0,0
0.396166,-0.777887,-2.662967,-0.061403,-1.620152,0.431171,-0.598924,1,1,1,0
-1.544185,0.917341,2.947236,-0.148564,1.011788,-1.006003,1.698713,0,0,0,0
-1.446141,1.075419,2.974882,-0.085497,1.266765,-0.152656,2.148161,0,0,1,0
-1.527342,0.956339,3.087906,0.313687,1.410912,-0.597419,1.835069,0,0,0,0
-1.665345,0.717277,3.107571,0.611629,1.514680,-0.379791,1.893841,0,0,1,0
-1.572864,0.829222,2.909722,0.206783,1.507198,-0.155221,1.436959,0,0,0,0
-1.733802,0.539303,2.763815,0.055552,1.392559,-0.284688,1.708651,0,0,0,0
-1.904419,0.227880,2.719442,0.304913,1.410426,-0.798731,1.540711,0,0,0,0
-2.069491,-0.074665,2.690315,0.724679,1.796574,-0.024323,1.860443,0,1,1,1
1.165016,-0.917058,-1.804739,0.732537,0.234651,-0.167068,1.050569,0,0,0,1
-1.028708,0.167757,1.864402,0.240831,1.775614,-0.828948,1.137382,0,0,0,1
-1.184752,0.413127,2.006568,-0.227840,1.286620,-0.556888,1.215152,0,0,0,1
-1.253293,-0.000043,2.855587,0.579551,1.225563,-0.947403,1.066826,0,0,0,1
-1.447765,0.036852,2.648758,0.281310,1.223966,-0.763935,0.704791,0,0,0,1
-1.398993,-0.307726,3.083485,0.467196,1.080235,-1.021780,0.461616,1,0,0,0
-1.444304,0.079321,2.996039,0.165597,0.870710,-0.772846,0.350507,1,0,0,0
-1.606446,0.056901,2.897055,0.463982,0.933929,-0.902034,-0.220838,0,1,0,0
-1.334723,0.006778,2.930746,0.287183,0.696341,-0.848133,-0.370041,0,1,0,0
-1.624059,-0.187076,3.112625,0.271370,0.865238,-0.955681,-0.783841,1,0,0,0
-1.332775,-0.313491,2.761911,0.478079,0.462225,-0.834441,-0.869825,1,0,0,0
-1.527770,-0.436227,2.757072,-0.308297,0.560394,-0.864847,-1.195468,0,0,1,0
-1.748966,-0.144852,2.781886,0.209564,0.560335,-0.649719,-1.108870,0,0,1,0
-1.472926,-0.337694,2.798609,-0.195992,0.409292,-0.718855,-0.781261,0,0,1,0
-1.610357,-0.115251,2.974864,0.137554,0.618350,-0.841670,-0.753212,0,0,1,0
-1.500995,-0.579085,2.928016,0.382406,0.338398,-0.981342,-1.079573,1,1,0,1
0.826637,-2.017399,-1.793071,-0.030141,-1.816152,-0.379994,-0.193905,0,0,0,0
-0.583087,-3.491632,-0.523018,1.658026,-1.334534,0.036539,-0.913429,0,0,0,0
-0.690831,-3.441103,-0.394650,1.691891,-1.342135,0.678750,-1.145648,0,0,0,0
-0.969608,-3.661733,-0.600486,1.343953,-1.343128,-0.005783,-1.389022,0,0,0,0
-1.200742,-3.623567,-0.381802,1.532323,-1.047065,0.288113,-1.563064,0,0,0,0
-1.464710,-3.701467,-0.314533,1.316177,-1.167112,-0.227198,-1.680855,0,0,0,0
-1.639469,-3.474710,-0.198202,0.835321,-0.914976,-0.195126,-1.797275,0,0,0,0
-1.901493,-2.895488,-0.021186,0.829453,-0.268615,-0.001413,-1.926432,1,1,1,0
-1.314285,0.581469,2.407713,0.958985,0.627865,-0.960759,1.339527,0,0,0,0
-1.240305,0.944895,2.677481,0.655996,0.741530,0.334628,1.716508,1,0,0,0
-1.433981,0.840403,2.775247,0.422071,1.124024,-0.049056,1.877602,0,0,0,0
-1.596836,0.782970,3.016504,0.367488,1.260793,-0.427548,1.559289,0,0,1,0
-1.706847,0.560009,2.813478,0.254549,1.292496,-0.102029,1.212096,0,0,0,0
-1.807096,0.446404,2.840841,0.167008,1.336830,0.135674,1.771118,0,0,0,0
-1.885160,0.291606,2.807407,0.372408,1.489310,-0.101698,1.860875,0,0,0,0
-2.100484,-0.106751,2.670995,0.475081,1.500679,-0.816313,1.821827,0,1,1,1
0.980942,-0.834326,-1.854970,1.011407,0.452499,-0.100482,1.024775,0,0,1,0
-1.015104,-0.014867,1.831981,-0.026926,1.369667,-0.889884,1.492953,0,0,1,0
-1.123932,0.393149,1.739829,-0.580362,1.248092,-0.705325,1.244507,0,0,1,0
-1.095881,0.126253,1.998914,-0.907674,0.791801,-0.958168,1.165525,0,0,1,0
-1.399161,0.115707,2.634767,-0.254532,0.369832,-0.886160,0.760485,0,0,1,0
-1.479222,0.338833,2.803842,-0.475815,0.457099,-0.917116,0.384115,0,0,1,0
-1.408519,0.030745,2.793000,-0.447841,0.190647,-1.036345,0.213619,0,0,1,0
-1.563742,0.265602,2.887453,-0.416953,0.339374,-0.933324,-0.119634,0,1,0,0
-1.314027,-0.266456,3.270116,0.783525,0.237369,-1.011730,0.094448,0,1,0,0
-1.383151,-0.036148,3.143149,0.248442,0.361116,-0.918306,-0.332019,0,1,0,0
-1.594978,0.077675,3.211886,0.237548,0.464122,-0.753105,-0.614627,0,1,0,0
-1.387066,-0.312886,2.791564,0.210712,0.413996,-0.958995,-0.790065,0,1,0,0
-1.524922,-0.176239,2.928376,-0.011136,0.243224,-0.754435,-0.767039,0,1,0,0
-1.315546,-0.464938,2.940885,0.001051,0.057906,-0.849728,-0.710901,0,1,0,0
-1.509850,-0.187629,2.807375,-0.214256,0.044442,-0.748264,-0.742866,0,1,0,0
-1.622981,-0.094004,2.822233,-0.152243,0.007394,-0.705326,-0.804865,1,0,1,1
1.132216,-0.891360,-1.166306,0.676737,-0.624605,-0.379062,-0.194066,0,1,0,0
0.065538,0.525493,-0.424804,-1.421905,-0.822287,1.048128,-0.916651,0,0,0,1
0.323452,0.664723,-0.831589,-1.100163,-1.066517,11.229255,-0.650454,0,1,0,0
-0.730341,0.502239,0.947431,-0.721720,-0.477705,-0.762984,-1.048770,1,0,0,0
-1.409810,0.296275,1.356957,-0.989094,0.864632,0.982840,-1.238122,0,0,0,0
0.360606,0.608673,-0.761942,-1.651275,-1.070566,2.134193,-0.855830,0,0,1,0
0.475800,0.395801,-1.113378,-1.522952,-0.974351,-0.687635,-0.926788,0,0,0,0
-0.875078,0.548121,0.982171,-1.344582,0.119466,1.007280,-1.170723,0,1,1,1
-0.797769,0.652258,1.600756,1.688802,0.496186,-0.401438,1.752288,0,0,0,0
-0.855741,0.711207,1.387279,1.071551,0.884079,0.239594,1.804393,0,0,0,0
-0.755144,0.750037,1.424270,1.180022,0.270755,-0.019106,1.608399,0,0,0,0
-0.742322,0.723851,1.246125,1.532943,1.009091,0.018692,1.807762,0,0,0,0
-0.553273,0.836798,1.013727,1.064604,0.344029,-0.301302,0.989796,0,0,0,0
-0.613700,0.629570,0.969552,1.512210,0.437624,0.085141,1.427932,0,0,0,0
-0.634687,0.328212,0.549725,1.269043,-0.008853,-0.106578,1.503259,0,0,0,0
-0.510839,0.461105,0.735210,1.695042,0.398168,0.250386,1.390830,1,0,1,1
1.151980,-0.681678,-1.400783,0.891851,0.512780,-0.157443,0.802812,0,0,0,1
0.174947,-0.566376,1.395084,1.112668,-0.210043,-0.718306,0.912638,0,0,0,1
0.081714,-0.433700,1.405071,0.991634,-0.141215,-0.522770,0.961547,0,0,0,1
0.144913,-0.548161,1.099836,1.537742,-0.656744,-0.124363,0.756292,0,0,0,1
0.907130,-1.333905,-0.434623,3.132394,-0.753788,0.435981,0.767515,0,0,0,1
0.071779,-0.697251,1.100784,1.835096,-0.234183,-0.371058,0.384570,0,0,0,1
0.026783,-0.809397,1.394673,1.282574,-0.736607,-0.414289,0.334309,0,0,0,1
0.124322,-0.933998,0.998246,1.890739,-0.528108,-0.350657,0.389238,0,0,0,1
0.146798,-1.084909,1.374289,2.076227,-0.509566,-0.541429,0.090829,0,0,0,1
0.072027,-0.894248,1.020584,2.243465,0.016028,-0.823037,-0.126696,0,0,0,1
-0.128065,-1.390186,1.190984,1.952650,-0.017420,-0.325639,-0.040432,0,0,0,1
-0.272410,-1.373944,1.154274,1.794351,0.314547,-0.543940,-0.309990,0,0,0,1
0.467990,-1.652119,-0.198441,3.469245,-0.228195,-0.358688,-0.410224,0,0,0,1
-0.413019,-1.522830,0.818147,1.995673,0.192670,-0.630317,-0.676028,0,0,0,1
0.011019,-1.844759,0.800462,2.133885,-0.306642,-0.634528,-0.603969,0,0,0,1
-0.210182,-1.018246,0.661800,1.770035,0.198574,-0.676195,-1.140770,1,1,1,0
0.915011,-1.960093,-1.781304,0.209432,-1.255631,-0.239980,-0.159125,0,0,0,0
-0.455908,-3.327185,-0.311080,1.858414,-1.213900,-0.416394,-0.880964,0,0,0,0
-0.592099,-3.186245,-0.147063,1.713765,-1.190365,0.187030,-1.106266,0,0,0,0
-0.885868,-3.353229,0.085465,1.723907,-1.046565,-0.077041,-1.371806,0,0,0,0
-0.970956,-3.283301,0.085833,1.815213,-0.833438,0.371951,-1.538960,0,0,0,0
-1.256515,-3.235658,0.211451,2.057249,-0.644826,0.196181,-1.686890,0,0,0,0
-1.167436,-3.548633,0.161770,1.194086,-0.890398,1.368609,-1.577143,0,0,0,0
-1.733108,-2.415706,0.285557,1.305730,-0.157062,-0.055717,-1.684487,1,1,0,1
-0.838272,-0.372275,2.620187,1.905608,-0.203742,-0.855414,2.003982,0,0,0,0
-1.228656,0.925895,2.774717,0.816044,0.637863,-0.154194,1.769641,0,0,0,1
-0.694482,-0.404222,2.406747,1.938364,0.124115,2.388687,1.872842,0,0,0,0
-1.439808,0.575517,2.792698,0.687505,0.892841,0.436991,1.718134,0,0,1,0
-1.068717,-0.111459,2.890005,1.364098,0.181734,-0.348655,1.185206,0,0,0,0
-1.678051,0.300519,2.713621,0.447754,1.144190,-0.043247,1.396364,0,0,0,0
-0.582230,-1.821707,1.887941,2.279395,-0.140791,2.855611,1.388040,0,0,0,0
-2.007169,-0.467960,2.661545,1.037146,1.179274,-0.400992,1.317031,1,1,0,0
1.178590,-0.818260,-1.577250,1.105156,0.217301,-0.127334,0.980638,0,1,0,0
-0.204574,-0.351528,1.570829,1.425241,-0.002302,-0.091243,0.935544,0,0,0,1
0.186438,-0.940718,1.141295,2.068606,-0.207893,-0.370401,0.813385,0,0,0,1
0.026817,-0.911483,1.385199,1.721344,0.270885,-0.352244,0.852490,0,1,0,0
0.849502,-1.639294,-0.752471,3.082893,-0.422504,2.485258,0.963172,0,1,0,0
0.132932,-1.273567,0.669354,2.827152,0.150244,-0.718374,0.495999,0,1,0,0
0.030857,-1.561288,1.004737,2.624288,0.132354,0.002433,0.518917,0,1,0,0
-0.054251,-1.275644,0.920984,2.719106,0.647027,-0.720813,0.392903,1,0,0,0
-0.202046,-0.571453,1.423781,1.385021,-0.119167,-0.636854,0.211163,1,0,0,0
0.034573,-0.752086,1.407767,2.054555,0.142602,-0.528234,0.327543,0,0,1,0
-0.097651,-0.987306,1.616573,1.536560,-0.264299,-0.305990,-0.333978,0,0,1,0
0.013094,-0.992325,1.235897,2.227513,0.117207,0.085088,-0.528721,1,0,0,0
0.826092,-1.710854,-0.910569,3.238079,-0.836776,3.526708,0.164851,1,0,0,0
-0.020542,-1.200648,0.592203,2.301686,-0.139497,-0.453190,-1.161088,1,0,0,0
0.021479,-1.469786,1.267920,1.773131,-0.616504,-0.270680,-0.975695,1,0,0,0
-0.259707,-0.919738,0.787964,1.253132,-0.520041,-0.535681,-1.226984,0,1,1,1
0.699630,-1.462806,-1.756722,-0.435797,-1.030017,-0.287899,-0.746026,0,0,0,0
-1.378369,-1.560742,0.538970,-0.324348,0.818296,-0.702763,-1.853852,0,0,0,0
-1.120999,-2.342165,1.055926,0.714224,-0.090725,0.527113,-1.715382,0,0,0,0
-2.333558,-0.924194,1.224985,-0.817905,1.495473,-0.224849,-1.941399,1,0,0,0
0.872546,-0.937732,-1.993580,-0.831033,-1.856078,1.086897,-0.112974,0,0,0,0
0.481648,-0.919273,-2.001667,-0.212824,-2.259992,0.411426,-0.489278,0,0,0,0
0.542929,-1.329261,-1.993256,-0.814964,-1.751339,1.754709,-0.875287,0,0,0,0
0.388336,-0.680505,-2.554225,-0.138971,-1.682995,0.460561,-0.529614,1,1,1,0
-0.911998,-0.412805,2.860196,1.814408,-0.168814,-0.980281,1.956688,0,0,0,0
-1.533557,0.935501,3.181827,0.292747,1.219567,-0.180246,2.226450,0,0,1,0
-0.976832,-0.022794,3.228681,1.429411,0.152138,0.076896,1.825992,0,0,0,0
-1.531658,0.475131,3.106209,0.634903,0.706127,-0.224577,1.819319,1,0,0,0
-1.097707,-0.235128,2.718789,1.897656,0.062887,-0.343817,1.850984,0,0,0,0
-1.683426,0.437850,2.973068,0.141998,0.952036,0.278029,2.053941,0,0,0,0
-0.431716,-1.385838,1.756360,1.889606,-0.157159,3.191229,1.549524,0,0,0,0
-2.076349,-0.237614,2.832842,0.963859,1.420619,-0.020632,1.958448,0,1,1,1
1.200859,-0.892809,-1.717506,0.944259,0.135779,-0.127572,1.159022,0,0,0,1
-0.040862,-0.925050,1.347064,1.568905,-0.126516,-0.559333,1.089387,0,0,0,1
-0.122670,-1.098264,1.310851,1.503609,0.072833,-0.831492,1.134439,0,0,0,1
-0.267366,-0.582467,1.602433,1.371811,-0.122104,-0.745309,0.947234,0,0,0,1
0.733453,-1.465911,-1.071349,3.420938,-0.618889,2.366054,0.837972,0,0,0,1
0.002653,-1.564785,0.594356,2.711768,0.133613,-0.674842,0.302172,1,0,0,0
0.102025,-1.088982,1.074852,2.523893,-0.155373,-0.435638,0.122313,1,0,0,0
-0.189595,-0.954454,1.002566,1.502904,0.133233,-0.711408,-0.039884,0,1,0,0
-0.184668,-0.962504,1.349748,1.855906,-0.341595,-0.777557,-0.556964,0,1,0,0
-0.473240,-1.075737,0.917326,1.116245,0.552663,-0.702159,-0.792948,1,0,0,0
-0.191614,-0.981157,1.447176,1.340131,-0.628600,-0.162681,-1.168973,1,0,0,0
-0.143416,-1.513203,0.930750,0.870140,-0.564705,-0.721508,-0.853218,0,0,1,0
0.614404,-1.999126,-1.826178,2.515430,-1.262938,1.061875,0.234308,0,0,1,0
-0.305635,-1.917987,-0.314254,1.951953,0.033418,-0.952835,-0.742088,0,0,1,0
-0.032564,-1.756924,0.971667,1.805469,-0.620339,-0.557226,-0.646484,0,0,1,0
-0.403069,-1.916304,0.405567,1.931176,-0.232996,-0.768283,-0.665137,1,1,0,1
0.847939,-2.064415,-1.832722,-0.081263,-1.794921,-0.123377,-0.154798,0,0,0,0
-0.585757,-3.565406,-0.643780,1.267559,-1.374412,-0.442060,-0.987269,0,0,0,0
-0.733019,-3.595343,-0.464147,1.406331,-1.430287,0.268589,-1.130293,0,0,0,0
-0.990417,-3.751381,-0.465350,1.079538,-1.265982,0.008609,-1.391153,0,0,0,0
-1.123145,-3.831093,-0.499993,0.964972,-1.310670,0.156070,-1.490784,0,0,0,0
-1.505891,-3.646500,-0.255955,1.218321,-1.364912,-0.201439,-1.690100,0,0,0,0
-1.304288,-3.925133,-0.402532,0.755137,-1.067345,0.910441,-1.588119,0,0,0,0
-1.912071,-2.906027,-0.142246,0.814064,-0.344234,-0.118338,-1.925333,1,1,1,0
-0.875142,-0.411169,2.704399,1.767568,-0.097807,-0.848454,1.429989,0,0,0,0
-1.264106,0.819988,2.711060,0.888250,0.913230,0.005637,1.898972,0,1,0,0
-0.857493,-0.248086,2.804583,1.503082,0.199071,0.948243,1.755085,0,0,0,0
-1.522153,0.346265,2.873211,1.148505,1.125295,-0.261585,1.784950,0,1,0,0
-0.977690,-0.144049,2.854589,1.639629,0.174431,-0.014916,1.318876,0,0,0,0
-1.738451,0.328458,2.835751,0.444677,1.114784,-0.419844,2.031120,0,0,0,0
-0.528305,-1.524359,1.590810,2.028820,0.157643,2.907631,1.765109,0,0,0,0
-1.950376,-0.165337,2.760681,0.922008,1.337696,-0.290189,1.870520,0,1,1,1
1.240181,-0.742186,-1.616304,0.926383,0.142901,-0.142539,1.165486,0,1,0,0
-0.033817,-0.759619,0.639612,2.105091,0.729913,-0.735707,0.988051,0,1,0,0
0.691417,-0.516338,-0.717230,0.986722,0.673872,-0.323613,0.663327,0,1,0,0
0.060903,-0.315660,0.116899,2.008455,0.504044,-0.666747,0.668529,0,1,0,0
0.723523,-1.338534,-0.304399,3.399181,-0.421976,-0.121286,0.590235,0,1,0,0
0.672753,-0.391969,-0.333407,1.316935,0.070503,-0.278768,0.305224,0,1,0,0
0.238027,-0.958594,0.935333,2.618512,-0.432806,-0.509310,0.272625,0,1,0,0
0.109249,-0.735468,0.633751,2.561176,-0.147329,-0.512727,-0.003962,0,0,1,0
-0.033726,-0.765115,0.668644,2.369969,0.219727,-0.630828,-0.194479,0,0,1,0
-0.166331,-0.676130,-0.119660,2.740874,0.644992,-0.494246,-0.516734,0,0,1,0
0.252087,-1.116370,0.217863,1.958001,0.150512,0.132307,-0.676095,0,0,1,0
-0.008540,-0.727041,-0.737007,2.520002,0.412014,-0.600789,-0.769390,0,0,1,0
0.614817,-1.534272,-1.077167,3.284471,-0.795584,-0.045243,-0.125612,0,0,1,0
-0.066962,-0.657120,-0.797433,2.490344,-0.055507,-0.296384,-0.919970,0,0,1,0
0.595891,-0.965264,-0.733000,0.766501,-0.407841,0.157172,-0.811333,0,0,1,0
0.286425,0.051988,-1.410279,0.524335,-0.750291,-0.410562,-0.809085,1,1,0,1
1.234368,-0.409488,-1.671768,0.889945,-0.584069,0.470073,0.118620,0,0,0,0
0.076291,-0.000363,-0.914750,1.340397,0.142377,-0.543507,-0.399580,0,0,0,0
-0.730300,-0.027205,-0.614575,0.035381,0.609449,-0.399246,-1.274490,0,0,0,0
-0.197092,1.041945,-0.200601,0.000449,1.204418,-0.256238,0.178399,0,0,0,0
-0.502969,1.139840,0.664743,-0.078204,0.923737,-0.089707,0.134473,0,0,0,0
0.002274,0.253004,0.173171,0.820557,0.041248,-0.571135,0.098188,0,0,0,0
-0.270923,0.874981,-0.058020,0.454596,1.170500,-0.182724,1.237699,0,0,0,0
-0.068143,1.045547,-0.200396,0.386039,0.973860,-0.489849,0.753182,0,0,0,0
0.226146,0.176804,-0.019422,1.164969,-0.134926,1.387989,1.426311,0,0,0,0
0.178928,0.501103,-0.832681,-0.108417,0.416310,0.609407,-0.143187,0,0,0,0
-0.149581,0.712087,0.462182,-0.054446,-0.143348,0.135613,0.193822,0,0,0,0
0.079475,0.530510,-0.387829,-0.449914,0.057373,0.006702,0.172180,0,0,0,0
-0.049052,0.723778,-0.262911,-0.493501,0.247698,0.345217,0.438874,0,0,0,0
-0.634771,1.002630,0.495877,-0.794234,0.941557,-0.158254,1.613331,0,0,0,0
-0.865172,0.695015,0.455987,-0.993348,1.089210,-0.101493,0.271146,0,0,0,0
-1.003951,0.999548,1.195591,-1.143214,0.908402,0.510296,0.823898,0,1,1,0
-0.682652,-0.268767,-0.924377,0.524946,0.828890,-0.129711,0.274964,0,1,1,0
-0.646088,-0.289777,-0.802130,0.626084,0.825183,-0.390998,0.559469,0,1,1,0
-0.406355,-0.838935,-0.840265,0.964234,-0.045042,0.048377,0.250407,0,1,1,0
-0.670901,-0.491959,-0.534142,1.200019,1.187011,-0.237797,0.362667,0,1,1,0
-0.802053,-0.556833,-0.896496,1.306517,1.529428,-0.229090,0.374821,0,1,1,0
-0.768275,-0.598294,-1.158023,1.057364,1.249752,-0.610445,0.157822,0,1,1,0
-0.943208,-0.914272,-1.118718,1.442515,1.912129,-0.529809,0.413094,0,1,1,0
-0.917560,-1.107075,-1.179056,1.198435,2.168358,0.211763,0.401433,0,1,1,0
-0.824046,-1.236739,-0.991457,1.182565,2.000678,-0.407051,0.452205,0,1,1,0
-0.562632,-1.351133,-0.872334,0.760091,1.285132,0.013210,0.462348,0,1,1,0
-0.077033,-1.062533,-0.375353,-0.137885,0.032529,0.114372,0.251662,0,1,1,0
-0.270413,-1.242282,-0.297052,0.306051,0.543410,-0.439161,0.500191,0,1,1,0
-0.069322,-1.198172,-0.349802,0.733404,0.025203,1.473342,0.456344,0,1,1,0
-0.298143,-1.368877,-0.345192,1.369150,0.598739,-0.754539,0.498501,0,1,1,0
-0.463089,-1.318768,-0.633492,0.722514,1.011492,1.605946,0.552976,0,1,1,0
-0.085014,-1.239990,-0.512767,0.267881,0.103427,-0.684324,0.407047,1,1,1,1
1.455705,-0.808394,-0.611645,1.195429,-0.952163,0.360418,0.779276,0,0,0,0
1.339262,-0.618752,-0.700325,0.685238,-1.088344,-0.035979,0.576554,0,0,1,0
1.353276,-0.395246,-1.052818,0.652077,-1.109389,0.615768,0.150377,0,0,0,0
1.327749,-0.347397,-1.268951,0.404896,-1.073536,-0.056545,0.060684,0,0,0,1
1.254517,-0.504318,-1.185203,0.188926,-1.548273,-0.275171,-0.185795,0,0,0,0
1.133437,-0.380431,-1.392079,0.185875,-1.286659,0.455806,-0.149954,0,0,0,0
1.162798,-0.508452,-1.212621,0.011378,-1.577997,-0.064659,-0.312792,0,0,0,0
1.042699,-0.719661,-1.390419,0.003980,-1.479128,0.094852,-0.394099,0,1,1,1
0.062052,-0.967496,1.712252,1.703656,-0.211367,-0.382167,1.538394,0,0,0,0
0.118282,-0.784893,1.424918,2.035176,-0.406202,0.351387,0.781213,0,0,1,0
-0.026407,-0.822832,1.479491,2.209698,-0.409337,0.039405,0.786359,0,0,0,0
0.018813,-0.762596,1.385034,2.112528,-0.180633,0.829601,1.578933,0,0,0,1
0.067005,-0.586835,1.224052,1.833685,-0.417147,0.549247,1.355706,0,1,0,0
0.111682,-0.280040,0.687503,0.546067,-0.460208,-0.159216,1.787947,0,0,0,1
0.155565,-0.549728,0.090433,1.131022,0.276837,0.111751,1.627931,0,1,0,0
0.583681,-0.286191,-0.527828,1.048831,0.059403,1.389525,1.736870,1,1,1,0
1.322845,-0.889826,-1.239156,-0.187310,-1.814704,0.427586,0.027432,0,0,1,1
1.173026,-0.587616,-0.935738,-0.043828,-1.226186,-0.209685,0.161861,1,0,1,0
1.060038,-0.486706,-0.800840,-0.259343,-1.085482,-0.257899,0.074817,0,1,1,0
0.828436,-0.360578,0.027440,-0.380672,-0.782719,-0.211761,0.034500,0,0,1,1
0.900376,-0.322738,-0.075379,-0.197059,-0.988808,-0.251473,0.416152,0,0,1,1
0.873261,-0.288865,-0.133063,0.070187,-0.788582,-0.382452,0.249195,0,0,1,1
0.931910,-0.362034,-0.174012,-0.188390,-0.928638,0.072199,0.352039,0,0,1,1
0.900473,-0.310051,-0.186260,-0.150977,-0.843973,-0.304853,0.351414,1,1,0,0
0.842687,-0.285130,-0.653851,-0.112108,-0.524948,-0.041993,0.140399,0,1,0,1
0.880547,-0.289485,-0.114801,0.210626,-1.413823,-0.072923,0.427074,1,1,0,0
0.891261,-0.256407,-0.682779,-0.017010,-0.669358,-0.091093,0.257944,0,1,0,1
0.937859,-0.398759,0.031313,0.360048,-1.584170,-0.156250,0.362282,0,1,1,0
0.967173,-0.364273,-0.275336,-0.144613,-1.244887,0.118513,0.316271,0,1,1,0
0.837663,-0.361412,-0.089896,0.095741,-1.207148,-0.410367,0.102550,0,1,1,0
0.875284,-0.386870,-0.277282,0.248097,-1.308214,-0.037224,0.332760,0,1,1,0
0.865900,-0.349427,-0.279183,0.378171,-1.392161,-0.271622,0.260015,1,1,1,1
1.440481,-0.765759,-0.606704,1.003531,-0.851966,0.431028,0.710655,0,0,0,0
1.316546,-0.653861,-0.628067,0.905021,-1.112468,0.199465,0.502901,0,0,0,0
1.306874,-0.503509,-0.947950,0.726242,-0.880207,0.120472,0.052935,0,0,0,0
1.286034,-0.346929,-0.971197,0.305186,-1.097578,-0.092296,0.012224,0,1,0,0
1.229500,-0.446059,-1.338286,-0.053727,-1.433089,0.124212,-0.090601,0,0,0,0
1.139527,-0.460257,-1.179723,0.201966,-1.746467,0.385432,-0.210867,0,0,0,0
1.095050,-0.436735,-1.410132,-0.019764,-1.281763,0.148099,-0.481322,0,1,0,0
0.925251,-0.439461,-1.821569,-0.083437,-1.534885,0.060894,-0.097340,1,1,1,0
0.118250,-0.830934,1.458638,1.484941,-0.460477,-0.479688,1.177860,0,0,0,0
0.235327,-0.535916,1.110928,0.928508,-0.846938,0.657181,1.026960,0,0,0,0
0.225030,-0.363289,0.629724,1.056535,-0.092984,0.210789,1.224464,1,0,0,0
0.298385,-0.501133,0.124687,0.828899,-0.011195,0.002555,2.405458,0,0,0,0
0.231094,-0.342638,0.387803,1.156715,0.198660,0.443412,2.214394,0,0,0,0
0.514970,-0.439030,-0.416935,1.076975,0.417047,1.385192,2.343952,0,0,0,1
0.635205,-0.636191,-0.626797,1.119601,-0.178835,-0.002411,2.393750,0,1,0,0
0.848699,-0.666542,-0.473448,1.531796,-0.480124,0.780880,1.893683,0,1,1,1
1.290123,-0.839839,-1.266919,0.301579,-1.253724,0.143936,-0.030000,0,0,1,1
1.206275,-0.385688,-0.826596,0.198859,-0.917356,0.110927,0.172131,0,0,1,1
0.979416,-0.202984,-0.782457,0.233359,-0.664194,-0.365707,0.488834,0,0,1,1
0.769050,-0.281151,-0.521655,0.209981,-0.233713,-0.399875,0.215381,0,0,1,1
0.703677,-0.401109,-0.556381,0.425232,-0.494920,-0.652670,0.429831,0,0,1,1
0.726723,-0.285708,-0.811611,0.568455,-0.249448,-0.402329,0.408132,1,0,0,1
0.748432,-0.192184,-0.242733,-0.134368,-0.789076,-0.345267,0.361614,1,0,0,1
0.736813,-0.148938,-0.296883,0.363731,-0.378851,-0.326158,0.670796,0,1,1,0
0.749965,-0.092737,-0.859684,0.575989,-0.224989,-0.167202,0.312370,0,1,1,0
0.707230,-0.210130,-0.708820,0.579539,-0.290852,-0.650862,0.602797,0,1,0,1
0.794312,-0.374420,-0.215468,0.152225,-0.773582,-0.357097,0.733072,0,1,0,1
0.834651,-0.232542,-0.219167,0.067532,-0.909339,-0.426223,0.412090,1,1,0,0
0.812468,-0.503589,-0.619303,0.404029,-0.413771,-0.425362,0.551800,1,1,0,0
0.774127,-0.302467,-0.524685,0.601464,-0.180855,-0.251351,0.611649,1,1,0,0
0.777156,-0.249746,-0.383234,0.702276,-0.376912,-0.392012,0.730710,1,1,0,0
0.796022,-0.149721,-0.734988,0.731833,-0.688742,-0.439065,0.604411,1,0,1,1
1.375685,-0.892889,-0.622262,1.122685,-0.857067,0.070957,0.439646,0,0,0,0
1.336159,-0.655274,-0.717444,0.878229,-1.243638,0.022372,0.724846,0,0,0,0
1.335163,-0.541600,-1.123727,0.842403,-1.056107,-0.037847,0.201303,0,0,0,0
1.316994,-0.394999,-1.277352,0.447963,-1.121351,-0.192711,0.047945,0,0,1,0
1.285388,-0.444189,-1.058334,0.197744,-1.403903,-0.037490,-0.150136,0,0,0,0
1.167156,-0.453831,-1.448784,0.139765,-1.382660,0.517225,-0.178508,0,0,0,0
1.192381,-0.603895,-1.224423,-0.048222,-1.481474,0.052647,-0.320529,0,0,0,0
1.014893,-0.813151,-1.261313,0.165903,-1.541458,0.287719,-0.453570,0,1,1,1
0.001717,-0.935186,1.654622,1.580706,-0.633773,-0.734724,1.595017,0,0,0,0
0.303342,-0.542784,0.974178,1.018936,-0.924487,-0.117182,1.109681,0,0,0,1
0.306528,-0.318648,0.839016,1.084989,-0.724737,-0.119381,1.930099,0,0,0,0
0.286859,-0.557884,0.174352,0.672758,0.070253,0.189681,2.563388,0,0,0,0
0.278320,-0.503856,0.150009,1.190823,0.565165,0.117695,2.536015,0,0,0,0
0.519861,-0.527285,-0.287283,1.151648,-0.005315,-0.169388,2.073733,0,0,0,0
0.617984,-0.644940,-0.505205,1.520205,-0.015951,0.046220,2.435320,1,0,0,0
1.122094,-0.706141,-0.881078,1.305248,-0.609798,0.862481,1.331754,1,0,1,1
1.348214,-0.691276,-1.039701,0.054264,-1.452138,0.637662,0.029618,0,1,0,1
1.194437,-0.544797,-0.884783,0.197798,-1.258790,0.117815,0.265922,1,0,1,0
1.073381,-0.372710,-0.424976,-0.104070,-1.073365,0.121015,0.321735,0,1,1,0
0.873221,-0.425937,-0.240955,-0.024945,-0.807727,-0.311331,0.586335,1,0,0,1
0.870193,-0.249380,-0.404794,0.347757,-0.613732,-0.079605,0.413362,1,0,0,1
0.894728,-0.325861,-0.424387,0.169423,-0.607242,-0.245634,0.628032,1,0,0,1
0.930085,-0.242235,-0.415808,0.419976,-0.678157,-0.082780,0.576820,1,0,0,1
0.873536,-0.338517,-0.491915,0.408429,-0.580370,-0.055654,0.691280,0,1,1,0
0.823277,-0.290639,-0.256253,0.124460,-0.904693,0.535861,0.781855,0,1,0,1
0.737319,-0.430948,-0.335355,0.456160,-1.012438,-0.471638,0.427207,1,0,1,0
0.807893,-0.333487,-0.283694,0.330754,-0.997762,-0.044807,0.897417,1,0,0,1
0.737027,-0.343935,-0.616879,0.377342,-0.857732,-0.595231,0.384361,0,1,1,0
0.715871,-0.319827,-0.384699,0.691861,-0.634337,-0.346680,0.640545,0,1,1,0
0.733684,-0.372542,-0.406373,0.722904,-0.391764,-0.527652,0.783224,0,1,1,0
0.631163,-0.348339,-0.531360,0.953291,-0.683451,-0.567776,0.555684,0,1,1,0
0.705768,-0.368885,-0.488125,0.946984,-0.641365,-0.623836,0.897669,1,1,1,1
1.450144,-0.777181,-0.619550,0.742324,-1.285185,-0.082125,0.613854,0,0,0,0
1.311978,-0.628740,-0.771536,0.791583,-1.395152,0.350706,0.633932,0,0,0,1
1.271521,-0.404363,-0.664658,0.962964,-0.575969,0.452623,0.439810,0,0,0,0
1.096732,-0.329464,-0.373656,0.653663,-0.863267,0.002696,0.807880,0,0,0,1
0.785599,-0.379930,-0.433419,0.577930,-0.635881,-0.290024,0.718107,0,0,0,0
0.779442,-0.335312,-0.457062,1.071671,-0.473922,-0.013415,1.529700,0,0,0,0
0.727408,-0.266369,-0.294719,0.654717,-0.684790,1.082551,-0.138391,0,0,0,0
0.745505,-0.093328,-0.113809,0.515500,-0.594517,0.656111,0.377305,1,1,0,0
0.387089,0.765241,-0.352383,0.440066,0.127030,0.160432,1.113704,0,0,1,0
0.530400,0.255661,-0.413487,0.965485,0.065855,2.062630,2.052763,1,0,0,0
0.608202,-0.002828,-0.604069,0.961424,0.139145,-0.122515,1.823776,0,0,1,0
0.354771,-0.008403,-0.746477,1.128776,0.113381,-0.306725,1.788668,1,0,0,0
0.584152,-0.477228,-0.277092,1.244860,0.064532,0.586424,1.977510,0,0,1,0
0.573344,-0.169540,-0.422093,1.402450,-0.591619,0.116758,1.497068,1,0,0,0
0.645713,-0.739253,-0.095950,1.493125,-0.405188,0.749299,1.659238,0,0,1,0
0.525707,-0.654611,-0.001347,1.301340,0.003125,-0.199681,1.045100,0,1,1,1
1.458432,-0.834102,-1.485298,0.027566,-1.651231,0.270672,0.274682,0,1,0,1
1.210639,-0.495372,-1.138191,-0.140569,-1.174052,-0.087128,0.162788,0,1,0,1
0.996140,-0.363106,-1.092907,-0.680577,-0.999015,0.261505,-0.072456,0,1,0,1
0.887235,-0.674179,-0.524384,-0.448162,-1.114127,-0.222947,0.097633,0,1,0,1
1.199194,-0.998437,-1.079211,1.065600,-1.460664,0.014516,0.282809,0,1,0,1
0.853495,-0.416452,-0.848892,0.152005,-1.117843,-0.206693,0.036212,0,1,0,1
0.943048,-0.488685,-0.849276,-0.263064,-0.771675,-0.301437,0.229941,0,1,0,1
0.924215,-0.509421,-0.843711,-0.007526,-0.843749,-0.034647,0.082412,0,1,0,1
0.962271,-0.565032,-0.458092,-0.150652,-0.804688,-0.098912,0.186867,0,1,0,1
0.892736,-0.591256,-0.850809,-0.130458,-1.179131,-0.218745,0.178519,0,1,0,1
0.919816,-0.587111,-0.603745,-0.344431,-0.906223,-0.028778,0.156460,0,1,0,1
0.991042,-0.435114,-0.656147,-0.264433,-0.824021,-0.151874,0.330426,0,1,0,1
1.083743,-0.696462,-1.119933,0.605730,-1.465216,-0.185381,0.077418,0,1,0,1
0.962520,-0.497867,-0.678324,0.062328,-0.942660,-0.357318,0.172952,0,1,0,1
0.901565,-0.544794,-0.926363,-0.028220,-1.051042,0.008076,0.178870,0,1,0,1
0.798441,-0.712883,-0.851909,-0.142669,-0.995096,-0.319663,0.213956,1,0,1,1
1.378661,-0.871194,-0.587250,1.517863,-1.028223,0.148029,0.607002,0,0,0,0
1.316913,-0.695950,-0.661775,0.750677,-1.008586,0.709081,0.598904,0,0,0,0
1.348374,-0.481053,-0.964066,0.681281,-1.088663,0.494475,0.168943,0,0,0,0
1.275110,-0.419417,-1.171915,0.559583,-0.863048,-0.173604,-0.016432,0,0,1,0
1.295981,-0.494687,-1.137008,0.071034,-1.580726,0.330076,-0.119802,0,0,0,0
1.161921,-0.400127,-1.360255,0.213651,-1.202625,0.451986,-0.184565,0,0,0,0
1.145483,-0.439452,-1.363046,-0.039979,-1.476369,-0.208130,-0.378976,0,0,0,0
1.023251,-0.821509,-1.287621,0.020928,-1.333486,-0.091969,-0.405122,1,1,1,0
0.077474,-0.959637,1.675214,1.522947,-0.253330,-0.302814,1.454839,0,0,0,0
0.295538,-0.523240,1.222472,0.992181,-0.506568,0.131588,0.822530,0,0,0,0
0.379775,-0.304928,0.530130,1.060080,-0.177051,0.407409,1.056133,1,0,0,0
0.574174,-0.319383,-0.066088,0.715877,0.078358,0.155384,1.245212,0,0,0,0
0.494380,-0.262273,-0.121216,1.064434,0.156746,-0.036357,1.484127,0,0,0,0
0.315253,-0.548601,-0.054510,1.164525,0.140217,-0.283207,1.481115,0,0,0,1
0.234735,-0.621618,0.080463,1.698389,0.044252,0.249126,1.772490,0,1,0,0
0.675109,-0.500182,-0.564186,1.205179,-0.094523,1.585939,1.564001,0,1,1,1
1.313631,-0.950651,-1.352558,0.127423,-1.625029,0.625814,0.070208,0,0,1,1
1.201923,-0.540554,-1.039282,-0.132724,-1.578812,0.060005,0.157307,1,0,1,0
1.048462,-0.545851,-0.774381,-0.127235,-1.106327,-0.002950,-0.046205,0,1,1,0
0.933358,-0.566675,-0.160632,-0.349798,-1.173084,0.090932,0.301387,0,0,1,1
1.274732,-1.026198,-0.968676,1.153413,-1.381650,1.475304,0.553735,0,0,1,1
0.977901,-0.503013,-0.588371,0.116855,-0.953413,-0.298077,0.070067,0,0,1,1
0.943037,-0.505209,-0.438731,-0.054004,-0.887924,-0.283951,0.352384,0,0,1,1
0.931055,-0.399777,-0.374015,-0.287883,-0.888980,-0.039229,0.255205,1,1,0,0
0.912013,-0.488072,-0.802189,0.039052,-0.857838,-0.240224,0.214666,0,1,0,1
0.958141,-0.408120,-0.422131,-0.103314,-1.631533,0.201469,0.284622,1,1,0,0
0.894260,-0.461358,-0.802853,-0.165330,-0.761252,0.088551,0.110244,0,1,0,1
0.952515,-0.407029,-0.557437,0.196049,-1.699013,0.094985,0.378986,0,1,1,0
1.231193,-0.968587,-1.249019,1.248966,-2.117790,1.238646,0.643073,0,1,1,0
0.992718,-0.455860,-0.679060,0.019622,-1.548599,0.040616,0.205597,0,1,1,0
0.961102,-0.433392,-0.579096,0.094006,-1.779556,0.092287,0.237551,0,1,1,0
1.039554,-0.436703,-0.588725,-0.392493,-1.504935,-0.290287,0.148716,1,1,1,1
1.448184,-0.828645,-0.694228,1.177027,-0.924828,0.311824,0.720534,0,0,0,0
1.260387,-0.624061,-0.794648,0.682515,-1.002640,0.258297,0.656509,0,0,0,0
1.223599,-0.290812,-0.938510,0.795071,-0.939583,0.481756,0.090439,0,0,0,0
1.250490,-0.375480,-0.878554,0.427449,-1.070383,-0.111417,-0.132114,0,1,0,0
1.230323,-0.481642,-1.439632,-0.076777,-1.718561,-0.072029,-0.063242,0,0,0,0
1.127739,-0.378164,-1.144930,0.134688,-1.508260,0.246276,-0.170051,0,0,0,0
1.095489,-0.494211,-1.352280,0.071980,-1.442636,0.153352,-0.407970,0,1,0,0
0.898943,-0.414289,-1.788229,-0.218434,-1.419032,0.279082,-0.471834,1,1,1,0
0.068508,-0.931402,1.581374,1.520715,-0.444946,-0.504191,1.193921,0,0,0,0
0.251263,-0.652908,1.245840,1.205670,-0.529892,0.123631,0.943769,0,0,0,0
0.269902,-0.432997,0.607566,1.076773,-0.305748,0.782841,1.351457,1,0,0,0
0.289892,-0.525394,0.211701,1.048017,0.223317,-0.041656,2.273333,0,0,0,0
0.225521,-0.319101,0.447170,0.901818,-0.010682,0.169864,2.498151,0,0,0,0
0.512796,-0.359380,-0.409601,1.132345,0.464612,0.894793,2.330310,0,0,0,1
0.659080,-0.698729,-0.606851,0.865343,-0.216503,0.110702,2.357875,0,1,0,0
0.875964,-0.678336,-0.395924,1.674996,-0.415239,0.765288,1.630006,0,1,1,1
1.246814,-0.842262,-1.338139,-0.056621,-1.238156,0.593924,-0.030796,0,0,1,1
1.122272,-0.582765,-1.252362,0.054747,-1.258505,-0.416940,0.349192,0,0,1,1
0.985435,-0.284713,-0.788988,0.076926,-0.952825,-0.107224,0.411671,0,0,1,1
1.163572,-1.030492,-1.022494,1.466990,-1.403074,-0.342433,0.255877,0,0,1,1
0.851912,-0.612346,-0.535461,0.878609,-0.691829,-0.529612,0.339369,0,0,1,1
0.925009,-0.627998,-0.549507,0.291628,-0.444855,-0.147659,0.214490,1,0,0,1
0.724721,-0.515720,-0.510675,0.112073,-0.843166,-0.322211,0.743573,1,0,0,1
0.850320,-0.332867,-0.519166,0.075810,-0.730214,-0.028268,0.669685,0,1,1,0
0.860235,-0.361153,-0.895821,0.313277,-0.550279,-0.544897,0.090474,0,1,1,0
0.816108,-0.438468,-0.723287,0.422777,-0.502161,-0.469534,0.454855,0,1,0,1
0.856763,-0.515841,-0.605334,-0.321162,-0.763685,-0.453033,0.513231,0,1,0,1
0.967869,-0.816864,-0.510540,1.159093,-1.417448,-0.425942,0.767356,1,1,0,0
0.918484,-0.674753,-0.689403,0.927612,-0.536237,-0.556941,0.377265,1,1,0,0
0.841536,-0.461916,-0.536593,0.458639,-0.464178,-0.275973,0.467112,1,1,0,0
0.893704,-0.735064,-0.467025,0.527127,-0.608466,-0.303733,0.624434,1,1,0,0
0.901421,-0.696188,-0.839057,0.257318,-0.753379,-0.440749,0.428400,1,0,1,1
1.414283,-0.882118,-0.635706,1.302022,-0.994946,0.176490,0.549324,0,0,0,0
1.191071,-0.454526,-0.785146,0.850827,-1.202965,-0.090942,0.614302,0,0,0,0
1.283860,-0.488249,-0.954794,0.609620,-1.153858,0.388437,0.059453,0,0,0,0
1.285391,-0.357428,-1.135641,0.580007,-1.035988,-0.015584,0.074463,1,0,0,0
1.203146,-0.471190,-1.152969,0.232657,-1.509097,-0.089281,-0.137432,0,0,0,0
1.192029,-0.347248,-1.321758,0.328429,-1.172507,0.237459,-0.197037,0,0,0,0
1.161365,-0.454744,-1.202274,-0.013547,-1.542068,-0.072584,-0.328185,0,0,0,0
0.977320,-0.815020,-1.344178,0.129383,-1.406678,0.332656,-0.318669,0,1,1,1
0.084741,-0.979827,1.652908,1.534790,-0.458548,-0.608318,1.432170,0,0,0,0
0.462564,-0.546504,1.117785,1.138104,-0.839011,-0.125157,1.001504,0,0,0,1
0.274172,-0.405547,0.744885,1.219910,-0.658799,-0.170810,1.568149,0,0,0,0
0.304046,-0.476864,0.152198,0.863837,0.066295,-0.225541,2.437764,0,0,0,0
0.224945,-0.393874,0.098840,1.411705,0.581378,0.130114,2.450332,0,0,0,0
0.473324,-0.503626,-0.532512,1.178626,0.071305,-0.207571,2.357621,0,0,0,0
0.544697,-0.693258,-0.331233,1.719082,0.183167,-0.193077,2.525547,1,0,0,0
1.080596,-0.694075,-0.708833,1.438779,-0.520781,0.503715,1.447930,1,0,1,1
1.311351,-0.829060,-1.122236,0.034979,-1.445285,0.943900,0.069216,0,1,0,1
1.105130,-0.570339,-1.115204,0.279093,-1.015047,0.026797,0.243493,1,0,1,0
1.043438,-0.557595,-0.727915,-0.390344,-1.368115,-0.037887,0.349076,0,1,1,0
0.895995,-0.523683,-0.489770,0.173938,-1.026668,-0.115949,0.495958,1,0,0,1
1.186569,-0.880040,-0.988112,1.260582,-1.322582,-0.158600,0.763085,1,0,0,1
0.998979,-0.494656,-0.582043,0.312980,-1.211183,0.169316,0.545426,1,0,0,1
1.039392,-0.529398,-0.575187,-0.051771,-1.016645,0.100791,0.323377,1,0,0,1
1.024351,-0.513942,-0.520123,0.030086,-0.927651,0.152283,0.658993,0,1,1,0
0.864381,-0.331433,-0.533997,-0.177551,-0.756134,0.367822,0.607944,0,1,0,1
0.862375,-0.396409,-0.675653,0.097541,-1.069501,-0.012300,0.656813,1,0,1,0
0.915931,-0.570597,-0.505369,0.149847,-0.952251,0.279595,0.856270,1,0,0,1
0.844338,-0.562129,-0.742675,0.017154,-0.975745,-0.211630,0.391154,0,1,1,0
1.067691,-0.958294,-0.942080,1.489089,-0.914898,0.059379,0.521687,0,1,1,0
0.886946,-0.522139,-0.443055,0.468685,-0.710130,-0.198700,0.506535,0,1,1,0
0.916703,-0.643774,-0.448222,0.550560,-0.692033,-0.261301,0.789637,0,1,1,0
0.844106,-0.573629,-0.481227,0.658238,-0.740540,-0.274229,0.723007,1,1,1,1
1.380597,-0.773900,-0.632726,0.672104,-0.980752,0.028891,0.374997,0,0,0,0
1.326272,-0.476197,-0.680248,0.517712,-1.234277,0.144880,0.530690,1,0,0,1
1.328908,-0.438965,-1.041317,0.468715,-1.030033,0.458842,0.134681,0,0,0,0
1.293344,-0.429568,-0.816581,0.181658,-1.268691,-0.134611,-0.056989,1,0,0,1
1.286457,-0.493324,-0.931320,0.035018,-1.710144,-0.023240,-0.132335,0,0,0,0
1.183784,-0.411278,-1.116683,0.047454,-1.768255,-0.125754,-0.192668,0,0,0,0
1.173647,-0.586892,-1.138248,-0.266185,-1.551500,-0.316718,-0.167248,0,0,0,0
1.161784,-0.854996,-1.086152,-0.608829,-1.762564,0.387926,-0.199235,1,0,0,1
0.336722,-1.107690,1.221293,1.368478,-0.390149,-0.896683,1.927230,0,1,0,0
0.346248,-0.760409,1.289070,1.570213,-0.071357,0.236315,1.925170,0,0,0,1
0.358893,-0.416860,0.819063,1.194865,-0.049484,0.424854,1.304769,1,0,0,0
0.330758,-0.282184,0.454089,0.700824,-0.222376,-0.114703,1.840750,0,1,0,0
0.338035,-0.342041,0.498035,1.292637,-0.431743,0.261856,1.062296,0,0,0,1
0.375807,-0.273356,0.120119,0.519552,-0.402249,0.148798,1.491854,0,1,0,0
0.443459,-0.199569,-0.332337,0.449594,-0.666703,-0.298350,1.223355,1,0,0,0
0.355943,-0.299542,-0.118819,0.195266,-0.487201,0.265394,1.370929,0,0,1,1
1.194411,-0.725370,-1.631111,0.899614,0.024755,0.452015,0.928176,0,0,0,0
0.279863,-0.091316,-0.017051,0.130803,-0.475994,0.113448,0.816469,0,0,1,0
0.354196,0.066560,-0.029778,-0.055880,-0.621731,-0.268459,0.824819,0,0,0,0
0.201014,0.153022,-0.170196,-0.380633,-0.584503,0.125513,0.813361,1,0,0,1
0.846362,-0.666988,-0.990514,1.392289,-0.932449,0.200834,0.677926,0,0,0,0
0.373726,0.015861,-0.627331,0.510606,-0.663963,-0.384456,0.568875,1,0,0,0
0.155933,0.361616,-0.132817,-0.527160,-0.384600,-0.390920,0.559199,0,0,0,0
0.110383,0.408310,0.059287,-0.633536,-0.567451,-0.171791,0.331112,0,0,0,1
0.014730,0.660761,0.111509,-1.062225,-0.457266,0.124123,0.207394,0,0,0,0
-0.072183,0.690689,-0.201544,-1.502958,-0.505570,-0.145528,-0.107674,0,0,0,1
-0.121476,0.805990,-0.103143,-1.254404,-0.423752,-0.383629,-0.340571,0,0,1,0
-0.076749,0.713696,-0.562737,-1.511265,-0.099590,0.637630,-0.634742,0,1,0,1
0.876577,-0.491669,-1.174973,0.798914,-1.665036,-0.501363,-0.465743,0,0,0,0
0.132043,0.596093,-1.337565,-1.003251,-0.876948,0.211402,-1.011963,0,1,0,0
-0.163804,1.013670,-0.492363,-1.867778,-0.468814,0.379754,-0.995499,0,0,0,0
-0.364252,1.008160,-0.637746,-2.967712,-0.503092,0.044312,-1.143170,1,0,1,0
1.134104,-1.115409,-1.183132,-0.589981,-2.459509,-0.078371,-0.270023,0,0,0,0
0.856166,-0.942926,-0.370998,-0.406791,-2.400890,0.828963,-0.553587,1,0,0,0
0.611860,-0.887931,0.426517,-0.006277,-2.584624,-0.164267,-0.726582,0,0,0,0
0.424189,-0.969649,0.238854,-0.567706,-2.500837,-0.109839,-1.030366,1,0,0,0
0.346833,-0.673468,0.408397,-0.522962,-2.238570,-0.096182,-0.990794,0,0,0,0
0.227933,-0.485829,0.713675,-0.624508,-2.286146,0.187460,-0.992799,1,0,0,0
0.186579,-0.197562,0.630180,-0.813964,-2.242329,0.026908,-1.004535,0,0,0,0
-0.075482,0.294907,0.026567,-1.889517,-1.564039,-0.133125,-1.157615,1,1,0,1
-0.745015,1.159246,1.372435,-0.449566,0.752582,-0.468591,1.609190,0,0,0,0
-0.835590,1.249480,1.557437,-0.762999,0.759724,0.649040,1.939097,0,0,1,0
-0.547536,1.568293,1.143101,-0.940232,1.103224,0.178915,1.485337,0,0,0,0
-0.642711,1.483775,1.036796,-1.286184,1.171614,0.877005,1.627081,0,1,0,0
-0.691655,1.553718,1.233614,-1.508036,1.118696,0.622569,1.065365,0,0,0,0
-0.422365,1.455214,0.347228,-1.262375,1.189237,1.441095,1.360611,0,1,0,0
0.338890,0.214304,0.288665,0.414312,-0.171824,-0.670801,1.255239,0,0,0,1
-0.315555,1.290436,0.149306,-0.781219,0.610984,0.198450,1.352481,1,0,1,0
1.330397,-0.477549,-1.701754,0.331594,-0.634932,-0.016517,0.911920,0,1,0,0
-0.320867,1.465610,0.067690,-1.516360,0.854535,-0.426691,0.820703,0,0,1,0
0.550443,-0.229590,0.260438,1.443363,-0.509084,-0.522998,1.206063,0,1,0,0
-0.359521,1.202453,0.332351,-0.294439,0.418546,0.669216,0.672846,1,0,0,1
0.959427,-0.507271,-0.652577,1.887433,-0.773843,4.471139,0.806663,0,0,1,0
0.342716,0.226688,-0.665901,1.703152,-0.193442,0.311626,0.621060,1,0,0,0
-0.389013,1.112587,0.706520,-0.121770,-0.000839,-0.468419,0.729420,0,0,1,0
-0.706768,1.602246,1.030408,-2.255340,1.039386,0.723494,0.373255,0,0,0,1
-0.735393,1.567884,1.135220,-2.053422,1.038641,0.150504,0.464675,1,0,0,0
-0.705024,1.690163,1.343077,-1.846933,1.187294,-0.525718,0.139315,0,0,0,1
-0.688966,1.722974,1.316519,-2.065071,0.982890,-0.645609,-0.162521,1,0,0,0
-0.639585,1.709232,0.969455,-2.502367,0.959352,0.643057,-0.663461,0,1,1,0
0.948328,-0.621603,-0.673404,1.958313,-0.881564,6.994649,-0.337087,0,0,0,1
0.395721,0.191382,-0.914142,1.706792,-0.357420,0.250136,-0.731317,0,1,0,0
-0.323459,1.060928,0.234623,-0.387083,0.258842,-0.113439,-0.688250,0,0,0,1
-0.802558,1.574043,1.202968,-2.595530,0.638607,0.088875,-0.977609,0,1,1,0
1.163325,-0.457974,-1.216650,-0.578170,-1.138696,-0.299616,-0.408478,1,0,0,0
-0.303621,1.397738,0.078682,-1.166091,0.884017,0.897997,-0.874143,0,0,1,0
0.617406,-0.093202,-0.542657,0.305452,-0.734347,7.246008,-0.724406,0,1,0,0
0.085081,0.759650,-0.708598,-0.771126,0.439790,1.809594,-0.808388,1,0,0,0
0.525311,-0.024135,-0.340604,0.095379,-0.753636,-0.421176,-0.999566,0,1,0,0
0.082882,0.691970,-0.890854,-0.364913,0.510701,0.237586,-0.908798,1,0,0,0
0.169903,0.715073,-0.885075,-0.108160,0.353657,0.065846,-0.838537,0,0,1,0
0.662118,-0.403769,-0.492668,-0.125048,-1.168325,0.959140,-1.059147,1,0,1,1
-0.562972,1.008630,0.936515,0.160514,0.742482,-0.550445,1.637055,0,0,0,0
-0.490838,0.962561,0.774060,0.915330,1.349802,0.424389,2.254573,0,0,0,1
0.002015,0.959666,-0.112135,0.967456,0.975264,-0.265650,1.842279,0,0,0,0
-0.053979,0.808493,-0.391034,0.893522,1.114240,0.446289,1.722825,0,1,0,0
0.093555,1.001753,-0.411572,0.966225,1.144935,0.519892,1.176673,0,0,0,0
0.117231,0.881355,-0.315328,0.648786,0.719787,-0.119973,1.629093,0,1,0,0
0.231109,0.480501,-0.562186,1.069088,-0.051870,-0.244925,1.170040,0,0,0,1
0.403047,0.020816,-0.503229,0.877900,-0.488497,0.133131,1.542818,0,0,1,1
1.125083,-0.380167,-1.729769,0.388086,-0.378618,-0.102426,0.797738,0,0,0,0
-0.208581,1.529317,-0.142946,-1.987261,0.793132,0.085744,1.013873,0,1,0,0
-0.249176,1.611983,0.124832,-2.138728,0.792064,0.185448,0.928636,0,0,0,0
0.815720,-0.409773,-0.524831,1.098975,-1.521589,0.283781,1.269202,1,1,0,0
0.740946,0.300120,-1.027344,0.948798,-0.693040,-0.102884,0.377394,0,0,0,0
-0.021621,1.127830,-0.472380,-0.843571,-0.127856,-0.335285,0.872013,0,0,0,1
-0.430214,1.779368,0.556896,-2.797846,0.686810,0.596692,-0.064868,0,0,0,0
-0.395216,1.681621,0.380438,-2.614580,0.605855,1.286128,0.420009,0,0,0,1
-0.443161,1.669522,0.301192,-2.789404,0.982545,0.716069,-0.737828,0,0,0,0
-0.462990,1.714987,0.479813,-2.626707,1.044760,1.512221,-0.414346,1,0,0,0
-0.418084,1.674878,0.261672,-2.729102,0.903519,1.217585,-0.835199,0,0,0,0
0.698849,-0.210285,-0.594169,1.524461,-1.273347,2.030432,-0.555449,0,1,1,0
0.679114,0.105250,-0.969139,1.476419,-0.634445,-0.292662,-0.638316,0,0,0,0
-0.100719,1.003480,-0.365083,-0.190795,0.263171,-0.881970,-0.955638,0,0,0,1
-0.280371,1.510210,-0.119209,-1.839715,1.119729,-0.568809,-0.844317,0,0,0,0
-0.299725,1.397846,-0.202797,-1.804257,0.955051,-0.221077,-0.924290,1,0,1,0
1.287093,-0.926996,-1.066021,0.016934,-1.801601,-0.192365,-0.049635,0,0,0,0
0.770891,-0.913144,0.273590,0.668866,-2.288105,0.107492,-0.528772,0,1,0,0
0.662516,-0.834165,0.697124,0.968372,-1.703615,0.118199,-0.674228,0,0,0,0
0.418751,-0.746854,0.881529,0.326254,-1.959731,0.243041,-0.953797,1,0,0,0
0.424205,-0.467524,1.061557,0.450818,-1.670021,0.254469,-0.942285,0,0,0,0
0.427235,-0.147346,0.684821,-0.372532,-1.462526,0.415390,-0.990861,0,0,1,0
0.368845,0.208177,0.638636,-0.766263,-1.216053,0.097239,-1.021580,0,0,0,0
0.161573,0.526135,0.050606,-1.903621,-1.098035,0.063221,-0.930543,0,1,1,1
-0.601642,0.942892,0.883163,0.194131,0.874046,-0.842174,1.543315,0,0,0,0
-0.103490,0.585792,0.977696,0.844017,0.313419,0.417669,1.603245,0,0,0,1
0.143041,0.450489,0.410590,0.847429,0.100311,0.370710,1.828373,0,0,1,0
0.049826,0.652468,-0.018707,1.052024,0.515231,0.044669,1.540656,0,1,0,0
0.085025,0.790377,-0.172429,1.080153,0.473324,-0.093926,1.390239,0,0,1,0
0.040672,0.765525,-0.348377,0.912750,0.544560,-0.314760,1.636778,0,1,0,0
0.443160,0.151117,-0.194585,0.757092,-0.063582,6.405338,1.607794,0,0,0,0
-0.550661,1.050804,0.510530,-0.570363,0.660379,-0.022125,1.537389,1,0,1,0
1.214904,-0.446823,-1.697487,0.639289,-0.396799,-0.160569,0.812920,0,0,0,0
0.322544,0.709055,-0.843685,-0.494968,0.262212,0.361495,1.081420,0,0,1,0
0.604305,-0.008733,-0.616196,0.959170,-0.135081,2.088903,0.966007,0,1,0,0
0.159563,0.684062,-0.563324,0.380621,0.378280,0.090178,1.065086,1,0,0,1
0.846204,-0.506919,-1.037952,2.114721,-0.278604,0.034341,0.683022,0,0,0,1
0.208155,0.617086,-0.882242,0.840517,0.466462,-0.422144,0.597686,1,0,0,0
-0.333730,1.308660,0.008244,-1.533588,0.792420,-0.696817,0.063239,0,0,0,0
-0.241159,1.038354,-0.124033,-1.033980,0.227663,1.519678,-0.149597,0,0,0,1
0.196901,0.507359,-0.177178,0.536801,-0.252150,-0.414445,-0.094840,0,1,0,0
0.092555,0.517614,-0.486685,0.396387,-0.058572,-0.129373,-0.484251,0,0,0,1
-0.057415,1.073183,-0.553951,-0.401879,0.407019,-0.317308,-0.773163,0,0,0,0
-0.374654,1.248507,-0.397844,-1.522167,1.553718,0.027245,-0.827165,0,1,1,0
0.833485,-0.604464,-1.003762,1.584907,-0.837158,0.322998,-0.624486,0,0,0,1
-0.033146,0.710620,-0.621749,0.226802,-0.348593,-0.744544,-1.144488,0,1,0,0
-0.377233,1.149338,0.328275,-1.102415,-0.136947,-0.583457,-1.066821,0,0,0,1
-0.765583,1.313942,0.681197,-2.082809,1.108291,0.766858,-1.088484,1,0,1,0
1.229714,-0.639982,-1.407550,-0.383545,-1.274267,-0.086884,-0.293043,0,1,0,0
-0.503759,1.033028,-0.509852,-2.324994,0.503433,-0.070073,-1.238554,0,0,1,0
-0.312537,0.705792,-0.230672,0.093986,-0.022143,-0.631276,-1.117659,0,0,0,1
-0.783664,1.425805,1.010350,-2.276808,0.455882,-0.621995,-1.162924,0,0,1,0
-0.263508,0.984859,-0.215476,-0.381884,0.244558,-0.767789,-0.826954,0,0,0,0
-0.591113,1.493759,0.690812,-2.135600,0.773558,-0.514960,-0.818560,0,0,1,0
-0.209565,0.891658,-0.409839,-0.175468,0.068608,-0.726544,-0.904795,0,0,0,0
-0.649577,1.440127,0.589904,-2.461612,0.701833,-0.283778,-0.954551,0,1,1,1
-0.970933,1.544516,2.005184,-1.443750,1.102214,-0.805443,1.979920,1,0,0,0
-0.948728,1.572074,1.871002,-1.809520,1.128374,0.261843,1.858093,0,0,0,1
-0.804592,1.693304,1.768565,-1.553755,1.226823,-0.658124,1.754290,0,0,1,0
-0.754283,1.520901,1.273260,-1.511786,1.367811,0.434006,1.991615,0,1,0,0
-0.745625,1.552972,1.229657,-1.813556,1.086355,0.051188,1.015907,1,0,0,0
0.122952,0.183106,0.740537,0.489358,-0.284570,-0.272883,1.345404,0,1,0,0
-0.371793,1.182857,0.301887,-0.533335,0.198021,0.325549,1.231061,0,0,0,1
-0.757648,1.405885,0.860594,-2.043741,1.174836,-0.439692,1.256453,1,0,1,0
1.217481,-0.557556,-1.749128,0.582476,-0.434651,0.015579,0.921561,0,1,0,0
-0.392006,1.450255,0.065390,-1.953784,0.830779,-0.322150,1.044530,0,0,1,0
-0.640736,1.541928,0.771413,-2.243000,0.857359,-0.072944,0.764166,0,0,0,1
-0.752389,1.442724,0.803184,-2.480673,0.920663,-0.503673,0.524985,1,1,0,0
0.892465,-0.656318,-0.809981,1.633417,-0.738834,2.306083,1.030369,0,0,1,0
0.074599,0.474855,-0.576714,1.312493,-0.179722,-0.155299,0.275546,1,0,0,0
-0.604373,1.227285,0.973061,-1.040521,0.128942,0.169150,1.020003,0,0,1,0
-0.861570,1.505166,1.212499,-2.664933,0.666601,-0.505684,0.198527,0,0,0,1
-0.699657,1.622730,1.017325,-2.570207,0.515192,-0.568489,0.111226,0,0,0,0
-0.759304,1.462848,0.912676,-2.392655,0.682450,0.244167,-0.216181,1,0,0,0
-0.725748,1.473019,0.781201,-2.616974,0.576828,-0.611597,-0.390715,0,0,0,0
-0.413798,1.158461,0.603754,-1.216038,-0.383357,-0.231594,-0.568539,0,1,1,0
0.783546,-0.599071,-0.861433,1.868858,-0.868732,0.246034,-0.347050,0,0,0,0
-0.132688,0.779177,-0.448758,0.140622,-0.008934,-0.150396,-0.973504,0,0,0,1
-0.445321,1.242736,0.098924,-1.674248,0.301689,-0.713560,-0.881280,0,0,0,0
-0.968882,1.140574,0.700795,-2.941032,0.533666,0.399988,-1.064189,1,0,1,0
1.150683,-1.017909,-1.041047,-0.358820,-1.983370,0.155828,-0.246850,0,0,0,0
0.849725,-0.790429,0.165377,0.209907,-2.261233,0.553625,-0.566848,0,1,0,0
0.610215,-0.881998,0.786427,0.647256,-2.200735,0.435437,-0.641985,0,0,0,0
0.449729,-0.740458,0.862505,0.571838,-2.036432,-0.094244,-0.998642,1,0,0,0
0.354928,-0.516569,0.895817,0.412115,-1.538648,0.654523,-1.013797,0,0,0,0
0.273262,-0.449256,0.822252,-0.322265,-1.963911,2.717202,-1.000852,0,0,1,0
0.258668,-0.253142,0.427963,-0.246934,-0.821217,-0.381284,-1.110960,0,0,0,0
-0.019643,0.235197,0.033786,-0.463654,-0.341911,-0.523020,-1.145462,0,1,1,1
-0.775072,1.094189,1.287596,-0.465478,0.756408,-0.987893,2.077451,0,0,0,0
-0.729856,1.145469,1.069617,-0.219956,1.478145,0.133163,1.954914,0,0,0,1
-0.617950,1.458412,0.987082,-0.978871,1.526762,-0.069079,1.569255,0,0,0,0
-0.427191,1.323226,0.464415,-0.235928,1.702488,2.122188,1.620433,0,1,0,0
-0.613521,1.317764,0.615757,-1.034932,1.626473,-0.644835,1.096316,0,0,0,0
-0.382749,1.215416,-0.165381,-0.843729,1.699414,1.820636,1.674428,0,1,0,0
-0.039554,0.402287,-0.051639,0.729158,0.191831,2.571626,1.328677,0,0,0,0
-0.347880,1.249435,-0.201268,-0.983618,1.539327,1.283791,1.292173,1,1,0,0
1.264674,-0.424686,-1.814184,0.532958,-0.238929,-0.034286,0.879740,0,0,0,0
-0.323233,1.421105,-0.099467,-1.667728,1.164559,-0.229352,0.861119,1,0,0,0
0.139831,0.452703,-0.547595,0.513342,0.371873,3.862701,0.781692,0,0,0,0
-0.413493,1.412612,0.040806,-1.609192,1.550965,0.291680,0.983302,1,1,0,0
0.916567,-0.652714,-0.777586,2.121669,-0.617995,3.637721,0.877512,0,0,0,1
0.375518,0.326616,-0.815854,1.418945,-0.083256,0.062559,0.711036,0,1,0,0
0.039616,0.713748,-0.189069,0.437850,-0.224010,0.159268,0.577974,0,0,0,1
-0.069309,0.708530,-0.095814,0.086588,-0.263270,0.832104,0.279128,0,1,0,0
0.037484,0.923728,-0.249974,-0.131100,-0.331906,0.234691,0.317814,1,0,0,0
-0.005627,0.827220,-0.173166,0.284581,-0.071373,0.562508,0.111872,0,0,0,1
0.052913,0.812917,-0.233777,0.130718,0.319444,0.079068,-0.357590,0,0,0,0
0.080738,0.710031,-0.201995,-0.213324,-0.033469,0.613305,-0.362773,0,1,1,0
0.922905,-0.548052,-0.821857,2.148278,-1.133176,4.570549,-0.344749,0,0,0,0
0.488267,0.235605,-0.979110,1.352724,-0.339641,0.033629,-0.847451,0,0,1,0
-0.016736,0.774803,-0.613995,-0.239382,0.108552,0.171435,-0.804359,0,0,0,0
-0.047023,1.153628,-0.659071,-0.616664,0.605520,0.419082,-0.823922,1,0,1,0
1.087239,-0.396809,-0.999952,-0.371941,-1.076771,-0.449560,-0.425907,0,0,0,0
0.404137,0.361685,-0.354324,-0.593385,-0.516825,2.461422,-0.954941,0,0,1,0
0.340882,0.245049,-0.319340,0.226705,-0.413680,-0.452653,-0.914135,0,1,0,0
0.575110,-0.281729,-0.377038,0.408471,-0.765219,0.313051,-1.048558,1,0,0,0
0.382067,-0.000481,-0.701592,-0.111275,-0.928750,-0.149971,-1.155205,0,1,0,0
0.460123,-0.064652,-0.358897,-0.126047,-0.662173,0.669406,-0.920184,1,0,0,0
0.275542,0.333312,-0.511119,-0.001287,-0.728415,-0.286653,-0.979312,0,0,1,0
0.517297,-0.345873,-0.721275,-0.518475,-1.249116,0.545588,-1.003460,1,0,1,1
-0.620692,1.130280,1.142341,-0.006064,0.932080,-0.465643,1.697043,0,0,0,0
-0.522114,1.156983,0.992395,0.304524,1.113178,1.171195,1.959206,0,0,0,1
-0.251827,1.033419,0.300903,0.533381,1.083447,1.087335,1.621968,0,0,0,0
-0.073419,1.043180,-0.146733,0.491587,1.036123,0.031150,1.880344,0,1,0,0
-0.009755,1.078808,-0.298608,0.299719,0.897289,0.559993,1.254899,0,0,0,0
0.413151,-0.063011,-0.253991,1.025097,0.290604,4.872942,1.653928,0,1,0,0
0.236214,0.425892,-0.539560,0.744666,-0.180452,0.304918,1.397242,0,0,0,1
0.357813,0.238746,-0.525180,0.725480,-0.176255,-0.173536,1.602431,1,0,1,0
1.319916,-0.469304,-1.638014,0.506373,-0.280896,0.430675,0.942057,0,0,0,0
-0.250795,1.486209,-0.026088,-1.411911,1.096056,-0.233430,0.824834,0,1,0,0
-0.325890,1.494096,0.228913,-1.453332,1.025582,0.037255,1.121004,0,0,0,0
0.844112,-0.383844,-0.434763,1.788457,-1.390553,0.745924,1.039390,1,0,0,1
0.566269,0.171194,-0.807586,1.199402,-0.461016,0.355168,0.624485,0,0,0,0
0.037319,1.124694,-0.448473,-0.306145,0.358121,1.382642,0.427752,0,0,1,0
-0.300210,1.537421,0.017491,-2.051073,1.030577,1.869236,0.197374,0,0,0,0
-0.343330,1.571473,0.076784,-2.141604,1.184264,2.445964,-0.053847,0,0,0,1
-0.166472,1.620204,-0.263195,-2.054759,1.278450,0.023939,-0.579432,0,0,0,0
-0.268699,1.591875,-0.284781,-2.618204,1.161450,0.120839,-0.776899,1,0,0,0
-0.309095,1.484273,-0.327594,-2.487878,1.035738,-0.705265,-1.036536,0,0,0,0
0.779220,-0.386225,-0.764945,1.151287,-1.591460,-0.376435,-0.702271,0,1,1,0
0.682747,0.014975,-1.142582,1.105095,-0.436894,0.055618,-0.751613,0,0,0,0
-0.208444,0.849719,-0.300873,-0.216668,0.065378,-0.469568,-1.054294,0,0,0,1
-0.497548,1.475512,0.287456,-2.009660,1.285352,-0.606763,-0.989839,0,0,0,0
-0.419509,1.341945,0.338541,-1.423232,0.574051,0.331297,-0.716246,1,0,1,0
1.290223,-0.767175,-0.779871,0.329534,-1.536891,-0.227087,-0.129824,0,0,0,0
0.793877,-0.905543,0.392715,0.720537,-1.975831,0.248490,-0.534726,0,1,0,0
0.668392,-0.690844,0.474357,0.501716,-1.815476,-0.184164,-0.684993,0,0,0,0
0.582719,-0.498773,0.842666,0.562202,-1.717558,-0.335077,-0.697329,1,0,0,0
0.561877,-0.341927,0.550978,-0.116888,-1.643046,-0.402484,-0.964786,0,0,0,0
0.364349,-0.132153,0.801845,-0.578865,-1.544542,-0.414572,-0.898261,0,0,1,0
0.384431,0.060333,0.639346,-0.301688,-1.075300,-0.136347,-0.930836,0,0,0,0
-0.005655,0.528441,0.575532,-0.894825,-0.671742,0.424071,-1.093525,0,1,1,1
-0.555421,1.105062,1.027898,-0.030515,0.656435,-0.701197,1.357630,1,0,0,0
-0.261657,0.649068,0.925779,0.812329,0.683648,1.202980,1.727560,0,0,0,1
0.004754,0.518410,0.379750,0.890308,0.204610,0.344826,1.771906,0,0,1,0
-0.147341,0.679812,0.283217,1.048690,0.504374,0.394240,1.544037,1,0,0,0
-0.086176,0.771634,-0.122560,0.771523,0.596558,-0.254297,1.064128,0,0,1,0
-0.013099,0.875913,-0.348845,0.680618,0.547676,-0.363772,1.598857,0,1,0,0
-0.195504,1.078015,-0.333620,-0.309756,1.145190,-0.288077,1.681562,0,0,0,0
-0.868965,1.373745,1.108791,-2.223859,0.823250,0.068317,1.788983,0,0,1,1
1.141937,-0.351353,-1.498442,0.586997,-0.249687,-0.273559,0.902845,0,0,0,0
0.154224,0.720729,-0.440860,0.047012,-0.254517,0.285898,1.186090,0,0,1,0
0.196222,0.432721,-0.307790,0.607351,-0.474243,-0.354979,1.051569,0,1,0,0
0.126077,0.653094,-0.337264,0.187655,-0.096830,-0.184659,1.124140,1,0,0,1
0.824349,-0.466521,-0.832529,1.999116,-0.582469,-0.243006,0.842136,0,0,0,1
0.139709,0.640073,-0.556173,0.875129,-0.022869,-0.317991,0.576728,1,0,0,0
-0.400332,1.252360,0.068683,-1.282613,1.072688,-0.326761,0.292247,0,0,0,0
-0.561431,1.015566,0.781229,-1.058325,0.111409,-0.571862,0.006999,0,0,0,1
0.007482,0.654482,-0.173622,0.291791,-0.221977,-0.663401,-0.159208,0,1,0,0
-0.117158,0.844329,-0.361346,0.025511,0.310149,0.043555,-0.680247,0,0,0,1
-0.141531,1.238143,-0.182202,-0.301769,0.838719,-0.354012,-0.518402,0,0,0,0
-0.448440,1.400471,0.070760,-1.545690,1.449429,0.264751,-1.059855,0,1,1,0
0.887298,-0.483286,-0.988129,1.870294,-0.949256,0.127113,-0.653731,0,0,0,1
0.074328,0.577567,-0.699720,0.979681,-0.243323,-0.185812,-1.048667,0,1,0,0
-0.527234,1.210276,0.636782,-1.086257,0.238016,-0.801584,-0.986634,0,0,0,1
-0.780429,1.556561,1.247065,-2.004925,1.046447,0.145197,-0.939313,1,0,1,0
1.159952,-0.476020,-1.041054,0.011672,-1.084402,-0.167377,-0.340154,0,0,0,0
0.296206,0.487213,-0.592920,-0.359401,-0.483055,-0.430482,-0.967466,1,0,1,0
0.201696,0.474006,-0.261346,0.166292,-0.496881,0.318818,-0.825045,0,0,0,0
0.145536,0.586560,-0.194898,-0.155350,-0.370867,0.096760,-0.868925,1,0,0,1
0.161043,0.629022,-0.342191,-0.299753,-0.235576,-0.285181,-0.985965,0,0,0,0
0.165878,0.675760,-0.360190,-0.420114,-0.479622,0.124698,-0.888758,1,0,0,1
0.106291,0.767187,-0.410007,-0.450228,-0.244888,-0.189328,-0.810541,0,0,0,0
-0.017513,0.532312,-0.393075,-0.182543,-0.381992,0.116157,-1.307794,0,0,1,1
0.169773,1.210294,-0.111172,-0.228566,0.268968,0.066243,0.255501,0,0,0,0
0.129483,1.175004,-0.022659,-0.189119,0.133152,0.277689,0.061898,1,0,0,0
0.023453,1.309870,0.284606,-0.170207,0.308891,0.006882,0.105139,0,0,0,0
0.019862,1.239243,0.035199,-0.297046,0.326183,-0.031969,0.059704,0,1,0,1
0.043263,1.173536,-0.048920,-0.297506,0.454292,-0.312695,-0.064160,0,0,0,0
-0.035980,1.239932,-0.053717,-0.400537,0.533205,0.191802,-0.227035,1,0,0,0
-0.097054,1.161571,-0.057235,-0.689886,0.251824,-0.044322,-0.175600,0,0,0,0
-0.114672,1.188438,0.040588,-0.530776,0.427241,-0.259118,-0.199487,0,0,1,1
-0.060041,1.251342,-0.085980,-0.361231,0.559936,-0.425357,-0.087852,0,0,0,0
-0.178380,1.313467,-0.001910,-0.874214,0.809802,-0.059674,-0.138080,0,1,0,0
-0.198878,1.217003,-0.034742,-0.808983,0.542755,-0.105535,-0.227363,0,0,0,0
-0.061743,1.039117,-0.051225,-0.492146,0.265170,-0.079171,-0.264971,1,0,1,0
-0.199478,1.153367,-0.123125,-0.668716,0.783298,-0.492246,-0.279177,0,0,0,0
-0.239517,1.230715,0.064068,-0.838009,0.491842,-0.048835,-0.261981,1,0,0,1
0.037027,1.112764,-0.230687,-0.043308,0.514535,-0.556933,-0.158767,0,0,0,0
-0.255393,1.289245,0.222950,-0.715484,0.763366,-0.304977,-0.250708,0,1,0,0
-0.296587,1.544829,0.516236,-1.046322,0.850321,-0.088297,-0.048032,0,0,0,0
-0.357112,1.353165,0.441706,-0.943783,0.562697,-0.196316,-0.252701,1,0,1,0
0.024410,1.053048,-0.073150,-0.526671,0.464232,-0.239366,-0.172383,0,0,0,0
-0.199985,1.263021,0.095191,-0.744542,0.560044,-0.388873,-0.246834,0,0,0,1
-0.268493,1.396867,0.189883,-1.054967,0.866531,-0.137130,-0.267897,0,0,0,0
-0.335514,1.353608,0.278671,-1.243699,0.761966,-0.105717,-0.152200,1,1,0,0
-0.241930,1.249478,0.101066,-0.799510,0.910756,-0.337845,-0.163297,0,0,0,0
-0.358993,1.438435,0.428333,-1.161231,0.745923,0.087062,-0.269624,0,0,1,1
0.175798,1.114571,-0.220770,0.023360,0.547778,-0.157668,-0.005107,0,0,0,0
-0.074371,1.312663,0.007762,-0.635122,0.733424,-0.112533,-0.061484,1,0,0,0
-0.309745,1.240871,0.141484,-1.060413,0.708514,0.093132,-0.334431,0,0,0,0
-0.344527,1.277293,0.059497,-1.301983,0.981982,0.092449,-0.268667,0,0,1,0
-0.210577,1.279221,-0.152839,-1.368882,0.763609,0.098517,-0.302370,0,0,0,0
-0.336871,1.298720,0.150351,-1.349878,0.779654,-0.241688,-0.358396,0,1,0,0
-0.337997,1.475995,0.259781,-1.630910,0.904267,-0.123475,-0.233873,0,0,0,0
-0.460374,1.472136,0.514651,-1.862652,0.862855,0.016076,-0.271336,1,0,0,1
-0.065007,1.455217,-0.056269,-1.160675,0.550085,-0.002361,0.141505,0,0,0,0
-0.162432,1.556239,0.034888,-1.395543,0.830521,-0.063457,-0.124330,0,0,1,0
-0.274770,1.527861,0.332283,-1.168188,1.092971,-0.559387,-0.002769,0,0,0,0
-0.395278,1.567328,0.536839,-1.738835,0.962924,0.022576,-0.151519,1,1,0,0
-0.328625,1.531306,0.292888,-1.633079,0.882481,0.088269,-0.242830,0,0,0,0
-0.386469,1.472424,0.430674,-1.628531,0.892278,-0.314987,-0.265672,0,0,1,0
-0.343637,1.555862,0.443266,-1.595494,0.907525,-0.620527,-0.193581,0,0,0,0
-0.436502,1.578788,0.719873,-1.587431,0.806872,-0.152383,-0.176394,0,1,0,1
-0.208172,1.434364,0.158174,-1.062471,0.757047,-0.598090,-0.175816,0,0,0,0
-0.327266,1.512942,0.348685,-1.651226,0.769410,0.313343,-0.341261,1,0,0,0
-0.381299,1.448524,0.399857,-1.386665,0.852888,-0.693679,-0.233366,0,0,0,0
-0.476802,1.513245,0.564261,-1.743040,0.991066,-0.586583,-0.335202,0,0,1,0
-0.488193,1.441550,0.521640,-1.676987,0.834416,-0.548564,-0.261157,0,0,0,0
-0.272642,1.016780,0.147307,-1.035776,0.069766,0.005286,-0.334971,1,1,0,0
-0.460602,1.318440,0.452275,-1.236262,0.844873,-0.306325,-0.351088,0,0,0,0
-0.502498,1.499488,0.702520,-1.821567,0.615268,-0.247500,-0.409355,0,0,1,1
-0.127507,1.516870,0.008575,-1.275677,0.734548,-0.380535,-0.053771,0,0,0,0
-0.385264,1.527136,0.494481,-1.568645,0.798220,0.108280,-0.128109,1,0,0,0
-0.310518,1.461223,0.276833,-1.167993,0.690736,-0.531833,-0.093463,0,0,0,0
-0.358143,1.554752,0.363472,-1.676489,0.675886,-0.238045,-0.188738,0,0,0,1
-0.241088,1.533748,0.142897,-1.375603,0.557972,-0.405210,-0.253491,0,0,0,0
-0.423347,1.501177,0.465877,-1.633132,0.967739,-0.297039,-0.236912,0,1,0,0
-0.405790,1.544232,0.713898,-1.188279,0.575597,-0.353193,-0.209572,0,0,0,0
-0.466891,1.469443,0.681547,-1.546774,0.475077,-0.020419,-0.281409,1,0,1,0
-0.240885,1.439121,0.040618,-1.192909,0.736342,-0.197259,-0.185433,0,0,0,0
-0.430689,1.449720,0.500766,-1.480621,0.850487,0.062037,-0.249044,0,0,0,1
-0.527058,1.340567,0.667827,-1.131239,0.931357,-0.448124,-0.279581,0,0,0,0
-0.523760,1.407519,0.731827,-1.584441,0.616982,0.223285,-0.319525,0,1,0,0
-0.221036,1.420846,0.401913,-0.472839,0.746273,-0.263309,-0.009999,0,0,0,0
-0.383331,1.395439,0.409126,-1.203562,0.960231,0.093547,-0.257683,0,0,1,0
-0.137037,1.054145,-0.016747,-0.187966,0.619546,0.036190,-0.284197,0,0,0,0
-0.351016,1.393167,0.237132,-1.143697,1.114314,0.102992,-0.175315,1,0,0,1
0.119094,1.171080,-0.215044,-0.300572,0.193221,-0.399600,-0.111169,0,0,0,0
-0.143122,1.301411,0.044133,-0.499300,0.878629,0.094516,-0.292578,0,1,0,0
-0.330323,1.448339,0.535532,-0.842614,0.697305,-0.356168,-0.171324,0,0,0,0
-0.405632,1.413354,0.419546,-1.458836,0.761260,0.108066,-0.406980,0,0,1,1
-0.461670,1.505998,0.608224,-1.737854,0.538545,-0.267698,-0.371724,0,0,0,0
-0.502081,1.402613,0.668470,-1.280443,0.605534,-0.101799,-0.400070,0,1,0,0
-0.280883,1.256412,0.145132,-0.741940,1.087095,-0.154480,-0.241779,0,0,0,0
-0.436030,1.418336,0.501797,-1.235168,1.187028,-0.080285,-0.224031,1,0,1,0
-0.016706,1.070082,-0.091335,-0.393533,0.383030,-0.711076,-0.231389,0,0,0,0
-0.199165,1.126338,0.212143,-0.107734,0.661627,-0.228832,-0.324097,0,0,0,1
-0.314949,1.200998,-0.003258,-0.941225,0.778839,-0.409868,-0.354080,0,0,0,0
-0.517199,1.133682,0.312921,-1.034256,0.961525,0.139092,-0.401216,1,1,0,0
-0.239466,1.045870,0.118831,-0.568327,0.590762,-0.258573,-0.298311,0,0,0,0
-0.370644,1.147492,0.202943,-0.941031,0.732725,-0.344033,-0.289233,0,0,1,1
-0.197009,1.172115,-0.036090,-0.375832,0.973352,-0.359915,-0.297667,0,0,0,0
-0.325037,1.312215,0.240593,-0.995448,0.808644,-0.177142,-0.302007,1,0,0,0
-0.241127,1.415898,0.409516,-0.714437,0.759134,-0.131450,-0.282409,0,0,0,0
-0.510490,1.365673,0.549176,-1.327373,1.098340,-0.181727,-0.369796,0,1,1,0
-0.232512,1.408330,0.148327,-0.680638,1.181654,-0.452342,-0.201523,0,0,0,0
-0.445189,1.328518,0.338547,-1.195439,1.225804,0.338824,-0.380867,0,0,0,1
-0.372992,1.411711,0.354498,-0.991137,1.125637,-0.477265,-0.310387,0,0,0,0
-0.516058,1.345985,0.460431,-1.433676,1.051007,0.145125,-0.442273,1,1,0,0
-0.135952,1.133408,0.005749,-0.388984,0.653766,-0.654951,-0.345370,0,0,0,0
-0.337659,1.262490,-0.046631,-1.127152,1.182428,0.027981,-0.362625,1,0,1,0
-0.090174,1.093147,0.023702,-0.151679,0.649567,-0.055324,-0.114002,0,0,0,0
-0.221111,1.322855,0.185675,-0.920670,0.559691,-0.119523,-0.279774,0,0,0,1
-0.350416,1.228535,0.269551,-0.628740,0.932463,-0.390896,-0.320115,0,0,0,0
-0.491906,1.329257,0.599464,-0.991808,1.003127,-0.344869,-0.240987,0,1,0,0
-0.441311,1.361311,0.474737,-0.903013,1.223611,-0.789621,-0.238938,0,0,0,0
-0.494855,1.416305,0.686800,-1.162071,0.936061,-0.234907,-0.199202,0,0,0,1
-0.516605,1.272131,0.542728,-1.436638,0.726758,-0.301580,-0.190529,0,0,0,0
-0.623474,1.334624,0.907570,-1.269389,0.839856,-0.473723,-0.255796,1,0,1,0
-0.281675,1.506010,0.248536,-1.264813,0.918392,-0.651899,-0.250822,0,0,0,0
-0.355340,1.555174,0.467135,-1.409399,1.051959,-0.152139,-0.376448,0,1,0,0
-0.401909,1.404398,0.449290,-1.481521,0.656261,-0.231608,-0.432417,0,0,0,0
-0.463560,1.289514,0.463568,-1.246070,0.856510,-0.177250,-0.372972,0,0,1,1
-0.380965,1.489220,0.514557,-1.058800,1.054812,-0.346003,-0.299235,0,0,0,0
-0.424181,1.623857,0.724852,-1.776401,0.648674,0.278708,-0.267234,1,0,0,0
-0.445745,1.374219,0.544409,-1.168305,1.091267,-0.631245,-0.209147,0,0,0,0
-0.478750,1.450456,0.722260,-1.250737,0.973790,0.225504,-0.319436,0,1,0,1
-0.196690,1.388581,0.011782,-0.937203,0.774342,-0.245831,-0.083057,0,0,0,0
-0.346109,1.405407,0.342390,-1.020170,1.091649,-0.235661,-0.124618,1,0,0,0
-0.427110,1.256701,0.470148,-0.910314,0.925642,-0.363126,-0.175359,0,0,0,0
-0.458405,1.398306,0.671067,-1.222761,0.975765,-0.228259,-0.293973,0,0,1,1
-0.391265,1.527271,0.510712,-1.515227,0.975431,-0.476540,-0.155055,0,0,0,0
-0.489610,1.426043,0.687039,-1.522348,0.584379,0.070297,-0.175308,1,1,0,0
-0.254442,1.404043,0.014676,-1.100807,1.182055,-0.263715,-0.019194,0,0,0,0
-0.349379,1.497778,0.499519,-1.227887,0.867760,-0.060828,-0.105639,0,0,0,1
-0.364083,1.559510,0.577794,-1.457846,0.734323,-0.543148,-0.052911,0,0,0,0
-0.421618,1.397592,0.704174,-1.047608,0.860431,0.668827,-0.197881,1,0,1,0
-0.142671,1.466864,0.102825,-0.685046,0.974801,-0.573563,0.198422,0,0,0,0
-0.262768,1.438596,0.206951,-1.010489,1.028395,-0.076464,-0.267929,0,1,0,0
-0.342420,1.460336,0.455882,-1.345330,0.694531,-0.302043,-0.247734,0,0,0,0
-0.402938,1.451272,0.603710,-1.363401,0.879559,-0.109353,-0.123982,0,0,0,1
-0.280781,1.310983,0.235065,-0.683856,1.081778,-0.316434,-0.122973,0,0,0,0
-0.327543,1.388354,0.248152,-1.297523,1.021455,-0.035133,-0.195572,1,1,0,0
-0.161379,1.406763,0.050827,-0.835346,0.770846,-0.571134,-0.173658,0,0,0,0
-0.351719,1.272780,0.286726,-0.923502,0.844954,-0.087219,-0.164238,0,0,1,0
-0.382615,1.350297,0.493589,-0.933154,0.948504,-0.414387,-0.125084,0,0,0,0
-0.408191,1.294131,0.468997,-0.988018,0.972434,0.056962,-0.213028,0,0,0,1
-0.273998,1.282312,0.172001,-1.066585,0.557579,-0.717271,-0.314252,0,0,0,0
-0.441430,1.327940,0.675510,-1.303475,0.433138,-0.163608,-0.658213,0,1,0,0
-0.291293,1.300816,0.061019,-1.330778,0.481940,-0.284434,-0.595517,0,0,0,0
-0.448317,1.309953,0.469522,-1.367290,0.638505,-0.231355,-0.897428,1,0,0,1
0.019019,1.187265,-0.208879,-0.576291,0.565627,0.043333,-0.022563,0,0,0,0
-0.109585,1.223223,-0.052194,-0.776180,0.588734,0.046902,-0.238842,0,0,0,1
-0.271680,1.346403,0.224992,-1.186097,0.679627,-0.353478,-0.337686,0,0,0,0
-0.365552,1.370250,0.599169,-1.078979,0.557221,0.121806,-0.166056,1,1,0,0
-0.043474,1.313794,0.011151,-0.497094,0.560903,-0.372767,-0.182862,0,0,0,0
-0.261719,1.371109,0.165000,-1.234077,0.834761,0.215750,-0.183495,1,0,0,0
-0.211896,1.323629,0.004798,-0.883268,0.824445,-0.675021,-0.168831,0,0,0,0
-0.347668,1.339029,0.288372,-1.250351,0.843425,0.291053,-0.319650,0,0,1,1
-0.075571,1.386069,-0.056008,-0.941536,0.579853,-0.522667,-0.174304,0,0,0,0
-0.223687,1.341460,0.160906,-1.123876,0.729459,-0.027029,-0.223740,0,0,1,0
-0.280681,1.323806,0.294565,-0.803648,0.801795,-0.342637,-0.150314,0,0,0,0
-0.328594,1.376136,0.376459,-1.259976,0.723080,-0.096675,-0.329231,1,1,0,0
-0.149056,1.211675,0.062319,-0.516037,0.532037,-0.201180,-0.179863,0,0,0,0
-0.257409,1.340167,0.269362,-0.973732,0.827163,0.171505,-0.280125,0,1,0,1
0.000634,1.058551,-0.165331,-0.092285,0.507656,-0.860550,-0.188185,0,0,0,0
-0.296750,1.160417,0.060462,-0.974933,0.877597,-0.167594,-0.358631,0,0,0,1
-0.232437,1.342002,0.101321,-1.294329,0.550032,-0.701319,-0.312386,0,0,0,0
-0.303326,1.273628,0.304340,-1.390940,0.526716,0.257273,-0.363928,1,1,0,0
-0.037964,1.132243,0.039068,-0.368638,0.212134,-0.255086,-0.208607,0,0,0,0
-0.120755,1.249671,0.170062,-0.413445,0.528191,-0.304118,-0.307974,0,1,0,0
-0.175646,1.405389,0.344787,-1.052539,0.302724,-0.432052,-0.199736,0,0,0,0
-0.265618,1.248301,0.324831,-0.874175,0.459591,0.086534,-0.386123,0,0,1,0
-0.125220,1.103808,0.036685,-0.746049,0.209934,-0.280248,-0.286237,0,0,0,0
-0.231081,1.087751,0.361177,-0.881274,0.317432,0.321741,-0.404547,0,0,1,1
0.178212,0.924821,-0.479014,-0.002789,0.330408,-0.591771,-0.245267,0,0,0,0
-0.068349,1.131646,-0.096313,-0.556245,0.551363,0.271013,-0.302446,0,0,0,1
-0.124526,1.142019,-0.031681,-0.670443,0.552982,-0.695723,-0.348471,0,0,0,0
-0.130088,1.139208,0.094560,-0.666656,0.676918,0.444359,-0.293548,1,1,0,0
-0.141989,1.024932,-0.111855,-0.790679,0.387728,-0.334145,-0.421559,0,0,0,0
-0.161751,1.061741,0.048085,-0.902955,0.466480,0.238839,-0.458537,1,0,0,0
-0.156940,1.072105,0.364639,-0.557251,0.253346,-0.190987,-0.326890,0,0,0,0
-0.235564,0.919786,0.187361,-0.674743,0.482136,0.007641,-0.427264,0,1,0,1
0.081048,1.012142,-0.275181,-0.571777,0.354242,-0.489208,-0.316650,0,0,0,0
-0.034810,0.973381,0.040169,0.057797,0.861837,0.257970,-0.247813,0,0,0,1
0.096535,1.214370,-0.164581,-0.787557,0.156741,-0.056821,0.168367,0,0,0,0
-0.120999,1.087379,0.290313,-0.802952,0.218282,0.399774,-0.109595,1,1,0,0
0.003021,1.094863,-0.054686,-0.796535,0.066958,-0.701395,-0.269361,0,0,0,0
-0.134658,1.015449,0.374074,-0.719655,0.226609,0.048699,-0.248761,1,0,0,0
-0.018365,1.153146,0.070929,-0.938201,0.427948,-0.397087,-0.244289,0,0,0,0
-0.102280,0.842034,-0.065827,-0.623296,0.417355,-0.024169,-0.344811,0,0,1,1
-0.026455,0.928183,-0.032353,-0.487384,0.696957,-0.349288,-0.237833,0,0,0,0
-0.108310,0.868021,0.212927,-0.489953,0.232197,-0.180192,-0.277877,0,0,1,0
0.004003,0.811345,-0.073159,-0.592539,0.138609,-0.492813,-0.394599,0,0,0,0
-0.070357,0.770643,0.168848,-0.620850,0.116022,0.589000,-0.329952,1,1,0,0
-0.011487,0.775241,-0.137945,-0.880478,0.238994,-0.496300,-0.404449,0,0,0,0
-0.023207,0.784511,0.132546,-0.571729,-0.170879,-0.111179,-0.286601,0,1,1,0
-0.008530,0.841236,0.050516,-0.662096,0.233079,-0.545959,-0.237105,0,0,0,0
-0.042648,0.792203,0.357474,-0.585096,-0.083692,-0.370151,-0.341920,0,0,1,0
0.133912,1.065695,-0.250781,-0.821307,0.107592,-0.192825,0.091136,0,0,0,0
0.064060,0.965892,0.192916,-0.384460,0.077628,-0.129636,-0.061940,1,1,0,0
0.149794,0.846989,-0.386918,-0.709098,-0.129826,-0.593839,-0.349911,0,0,0,0
0.007049,0.841605,0.032744,-0.753769,-0.194227,-0.026209,-0.358969,1,0,0,0
0.204296,0.848646,-0.139508,-0.537625,-0.101260,-0.509016,-0.057688,0,0,0,0
0.057278,0.826581,0.079961,-0.511370,0.095206,0.143881,-0.091673,0,0,0,1
0.161723,0.893417,0.014874,-0.466464,-0.064243,-0.545385,-0.187455,0,0,0,0
0.022984,0.800720,0.316821,-0.541613,-0.129357,-0.070632,0.113246,0,0,1,1
0.272638,0.910364,-0.273142,-0.553572,0.263363,-0.689435,0.128103,0,0,0,0
0.126976,0.807138,0.094288,-0.599313,-0.036579,0.014910,-0.206328,0,0,1,0
0.233700,0.919782,-0.016721,-0.814041,-0.298281,-0.330316,0.078233,0,0,0,0
0.108313,0.662816,0.213246,-0.179528,-0.005318,-0.130516,-0.024256,1,1,0,0
0.260360,0.819214,-0.035772,-0.528399,-0.078045,-0.475062,0.163087,0,0,0,0
0.142249,0.719828,0.276080,-0.597122,-0.372322,0.194451,0.078800,0,1,0,0
0.251117,0.699294,-0.159587,-0.637010,-0.319281,-0.349671,-0.007584,0,0,0,0
0.170428,0.558538,0.209197,-0.380470,-0.200348,0.177071,-0.140539,0,0,1,1
0.474559,0.798441,-0.320552,-0.383509,0.107904,-0.134356,0.233294,0,0,0,0
0.220580,0.821631,0.106552,-0.529580,0.104640,-0.168281,0.108341,0,0,1,1
0.366154,0.765836,-0.264918,-0.598312,0.177007,0.108497,0.222583,0,0,0,0
0.254133,0.730109,0.148447,-0.564973,0.044318,0.056418,0.219678,1,1,0,0
0.353226,0.793874,-0.086172,-0.411195,0.164028,-0.042717,0.347677,0,0,0,0
0.262328,0.754787,0.162369,-0.399910,-0.200174,-0.124475,0.412779,1,1,0,0
0.289810,0.691844,-0.160227,-0.342868,0.312245,-0.284980,0.320640,0,0,0,0
0.290060,0.680917,0.181034,-0.506924,-0.162958,-0.055785,0.490376,0,0,1,1
0.406112,0.704720,-0.094065,-0.121794,0.203511,-0.505042,0.547083,0,0,0,0
0.399893,0.671453,0.081065,-0.212541,-0.076645,0.146804,0.615028,0,0,1,1
0.405978,0.607017,0.035099,-0.660013,-0.445229,-0.117569,0.647686,0,0,0,0
0.295012,0.517923,0.078369,-0.499135,-0.023727,0.062702,0.622925,1,1,0,0
0.436462,0.647806,0.010497,-0.581265,-0.117695,-0.733701,0.493086,0,0,0,0
0.373941,0.617964,0.231822,-0.432704,-0.001501,-0.351417,0.505510,1,1,0,0
0.443316,0.673478,-0.356199,-0.701823,-0.238955,-0.245700,0.302650,0,0,0,0
0.338306,0.692384,0.292798,-0.300000,-0.317031,0.051125,0.355118,0,0,1,1
0.448728,0.738469,-0.353555,-0.882426,-0.291538,-0.290929,0.135313,0,0,0,0
0.391556,0.715558,-0.141226,-0.506745,-0.299291,-0.010787,0.126372,0,0,1,1
0.593029,0.698622,-0.466367,-0.934797,-0.138528,-0.293858,0.120531,0,0,0,0
0.500251,0.705273,-0.268717,-0.693312,-0.066099,0.063864,0.152693,0,1,0,1
0.607728,0.770362,-0.590641,-0.664307,-0.302533,-0.193131,0.014300,0,0,0,0
0.521913,0.634896,-0.165007,-0.353929,-0.492145,0.246391,-0.266824,0,1,0,1
0.595725,0.722158,-0.710356,-0.943141,-0.430453,0.161093,-0.296503,0,0,0,0
0.542172,0.835957,-0.230707,-1.040523,-0.467034,0.228562,0.003038,1,0,1,0
0.571506,0.614455,-0.222187,-0.638706,-0.600813,-0.040823,-0.376682,0,0,0,0
0.474482,0.626422,-0.180883,-0.480222,-0.667989,0.191670,-0.384686,1,0,1,0
0.608850,0.564114,-0.539144,-0.944953,-1.011878,-0.080217,-0.274025,0,0,0,0
0.470257,0.665288,-0.176568,-0.476913,-1.059411,-0.142662,-0.428672,1,1,0,0
0.606012,0.795355,-0.431675,-0.806980,-0.933452,0.069365,-0.261608,0,0,0,0
0.608598,0.369462,0.010451,-0.297400,-0.988571,0.247611,-0.407912,1,1,0,0
0.646836,0.660982,-0.211256,-0.358353,-0.920917,-0.226878,-0.153895,0,0,0,0
0.498956,0.618111,-0.114794,-0.527535,-1.113854,-0.314010,-0.543968,0,1,0,1
0.740873,0.622244,-0.935516,-0.895687,-0.965189,-0.119325,-0.087021,0,0,0,0
0.670661,0.483679,-0.330581,-1.302336,-0.874383,-0.143531,-0.321366,1,0,0,1
0.759028,0.588734,-0.710496,-1.739191,-1.138140,0.036578,-0.088460,0,0,0,0
0.589366,0.472466,-0.801445,-1.926944,-1.116685,0.272763,-0.476031,0,1,1,0
0.731606,0.559284,-0.961863,-1.930265,-0.850037,-0.046975,-0.239963,0,0,0,0
0.695629,0.458804,-0.854679,-2.070582,-0.704405,0.085274,-0.224084,0,1,0,1
0.877927,0.339528,-1.055088,-2.039016,-0.705107,0.031865,-0.028119,0,0,0,0
0.707162,0.311768,-1.328786,-1.989658,0.088095,-0.232781,-0.553826,1,0,1,0
0.948943,0.288545,-1.143480,-1.781639,-0.459165,-0.093579,-0.113027,0,0,0,0
0.666686,0.144142,-1.434625,-1.085694,0.380416,-0.260010,-0.765480,0,1,1,0
0.845824,0.253797,-1.291442,-0.969580,-0.056532,-0.185997,-0.367147,0,0,0,0
0.423462,0.055778,-1.296950,-0.391905,-0.239728,-0.469013,-1.060808,1,0,0,1
0.741890,0.106896,-1.230086,-0.864564,-0.392308,-0.204683,-0.708927,0,0,0,0
0.298291,-0.031940,-1.078212,-1.054433,-0.187237,-0.608749,-1.292577,1,0,1,0
0.482582,-0.119176,-0.061708,-0.500116,-0.032248,-0.100317,-1.026166,0,0,0,0
-0.757183,-0.504642,0.479601,-0.533578,0.122518,-0.635747,-1.782529,0,0,0,0
-3.006943,-2.243556,0.385143,-1.638942,0.403685,-1.050846,-2.021051,0,0,0,0
-3.011492,-2.255677,0.366669,-1.668025,0.377363,-1.065733,-2.023034,0,0,0,0
-3.013371,-2.260683,0.359040,-1.680037,0.366492,-1.065733,-2.023324,0,0,0,0
-3.013371,-2.260683,0.359040,-1.680037,0.366492,-1.065733,-2.023420,0,0,0,0
-3.013371,-2.260683,0.359040,-1.680037,0.366492,-1.065733,-2.023725,0,0,0,0
-3.013371,-2.260683,0.359040,-1.680037,0.366492,-1.065733,-2.023705,0,0,0,0
-3.013371,-2.260683,0.359040,-1.680037,0.366492,-1.065733,-2.023766,0,0,0,0
-3.013371,-2.260683,0.359040,-1.680037,0.366492,-1.065733,-2.023636,0,0,0,0
1.033890,-0.066198,-0.349611,0.809691,-1.082124,2.374195,-0.003468,0,0,0,0
0.527943,0.015783,-2.220384,-1.591721,-0.672565,0.022952,0.211036,0,0,0,0
0.168063,-0.198072,-0.627930,-0.609146,-1.657340,0.947947,0.081260,0,0,0,0
0.338891,-0.210563,-1.943608,-1.675708,-1.387022,0.344568,-0.010717,0,0,0,0
0.037788,-0.188575,-1.892468,-2.155031,-1.133330,0.387722,0.220194,0,0,0,0
-0.488827,-0.082725,-1.226022,-1.647055,-0.523945,0.056478,-1.576582,0,0,0,0
-0.959474,-0.156508,-1.367943,-2.132756,-0.111606,-0.014333,-1.650490,0,0,0,0
-1.589722,-0.555802,-0.233005,-1.744154,0.018890,-0.235394,-1.840212,0,1,1,1
0.845974,-1.171036,0.156832,1.270190,-0.431699,0.234083,0.655378,0,0,0,0
0.718151,-0.842795,0.103474,1.667723,-0.393948,0.045609,0.835838,0,0,0,0
0.810755,-0.515757,-0.187318,1.232579,-0.396869,0.054201,0.942181,0,0,0,0
0.757710,-0.669413,-0.275219,1.165463,-0.216298,0.761705,0.930999,0,0,0,0
0.693504,-0.590031,-0.288851,1.201890,-0.590227,0.316159,0.933808,0,0,0,0
0.651051,-0.570778,-0.257798,0.937664,-0.251878,0.536097,1.321948,0,0,0,1
0.600616,-0.396081,-0.052198,1.399782,-0.221275,0.188399,1.280782,0,0,0,0
0.581884,-0.397228,-0.118075,1.327065,-0.276125,-0.052090,1.482730,1,0,1,1
1.420943,-0.772679,-0.894284,0.806746,-1.170742,0.348176,0.776522,0,1,1,0
1.189204,-0.299120,-0.738445,0.781389,-0.509537,-0.404932,0.622217,0,0,1,1
0.870775,0.032701,-0.501941,0.705727,-0.471326,-0.111482,0.669749,1,0,1,0
1.045752,-0.230861,-0.619765,1.517848,-0.117059,0.003150,0.860581,0,0,0,0
1.079448,-0.095684,-0.615769,1.218911,0.044339,0.219893,0.685474,0,0,0,0
0.611919,0.206055,-0.470814,0.949664,0.108100,0.326333,0.841751,0,0,0,0
0.572070,0.433027,-0.476264,1.200762,0.029173,-0.104541,0.790661,0,1,1,0
0.640714,0.213541,-0.728363,1.440341,0.279781,-0.115503,0.623924,0,0,0,0
0.902945,0.059630,-0.760281,0.993972,-0.287638,3.032693,0.541145,0,0,0,0
0.902385,-0.209077,-0.606741,0.858631,0.099547,0.087789,0.558087,0,0,0,0
0.722997,-0.088672,-0.416246,1.196719,0.370196,-0.171690,0.844824,0,0,1,1
0.869431,0.037228,-0.430463,1.205928,0.209473,-0.510181,0.547791,0,0,0,0
0.994662,0.035069,-0.692324,1.188017,-0.542483,0.360073,0.127734,0,0,0,0
1.067800,-0.075005,-0.808781,0.870722,-0.388031,1.346201,-0.057142,0,0,0,0
1.028088,-0.024652,-0.671385,0.891063,-0.341224,3.546362,-0.034606,0,0,0,0
0.835178,-0.054804,-0.746282,0.751148,0.112388,2.096691,-0.255107,1,1,0,1
1.446103,-0.947518,-0.604964,1.126961,-0.890338,0.332548,0.712550,0,0,0,0
1.383526,-0.671809,-0.760095,0.670609,-1.158314,0.314766,0.546963,0,0,0,0
1.329988,-0.558179,-0.967724,0.809155,-1.171672,0.490045,0.186689,0,0,0,0
1.348261,-0.501694,-1.187404,0.465296,-0.986816,0.028117,0.056904,0,0,1,0
1.306896,-0.515270,-1.161097,0.064325,-1.604241,0.163094,-0.105523,0,0,0,0
1.198701,-0.464758,-1.322564,0.259730,-1.195109,0.081381,-0.211598,0,0,0,0
1.142085,-0.523208,-1.344025,-0.015792,-1.632094,0.000568,-0.283325,0,0,0,0
1.084502,-0.765760,-1.360272,-0.068506,-1.388271,0.300134,-0.361985,1,1,1,0
0.338571,-0.614853,0.719868,1.217191,0.046854,-0.498394,0.802563,0,0,0,0
0.432904,-0.385483,0.809831,1.151097,0.112865,0.151998,1.162722,0,0,0,0
0.373061,-0.140858,0.281373,0.724131,-0.102762,0.237779,1.034356,0,0,0,0
0.483669,-0.180020,0.310213,0.599846,-0.286955,0.619984,1.310568,0,0,0,0
0.515250,-0.014238,0.225020,0.235373,-0.505414,-0.114655,1.064544,0,0,0,0
0.385576,-0.046480,0.372950,0.373269,-0.519301,0.443850,1.100466,0,0,0,1
0.311113,-0.147134,0.463954,0.540011,-0.056296,0.194155,1.410750,0,0,0,0
0.378905,0.122923,0.726160,0.419739,-0.322013,0.309705,1.753791,0,0,1,1
1.331915,-0.680929,-0.942647,0.770169,-1.016956,0.351412,0.749290,0,0,1,0
1.179018,-0.279919,-0.556464,0.830218,-0.720946,0.503885,0.549173,1,0,0,1
0.920115,-0.008869,-0.476239,0.553738,-0.461596,-0.418423,0.980602,0,0,0,0
0.523504,0.416662,-0.349190,0.657700,-0.020897,-0.165764,0.932047,0,0,0,0
0.415911,0.367121,-0.223010,0.607504,0.146593,-0.414896,0.965192,0,1,0,1
0.365894,0.546665,-0.158880,1.122057,0.260338,0.132789,0.931099,0,0,0,0
0.652240,0.176833,-0.152890,0.831465,0.119070,4.853302,0.755764,0,0,0,0
0.314386,0.384880,-0.113684,0.898126,0.001731,-0.115140,0.807368,0,1,0,0
0.956008,-0.186810,-0.579172,1.587249,-0.194070,0.941041,0.829108,0,0,0,0
0.845219,0.151507,-0.349985,0.805871,-0.116677,2.810675,0.491058,1,0,0,1
0.729040,-0.054177,-0.814729,1.442305,0.058110,-0.195232,0.305969,0,0,0,0
0.427906,0.267347,-0.775532,0.716380,0.401873,-0.089227,-0.010540,0,0,0,0
0.394831,0.550774,-0.766748,0.609490,0.541642,-0.204104,-0.160595,1,0,1,0
0.440129,0.336121,-0.820066,1.194100,0.670180,-0.090686,-0.327047,0,0,0,0
0.806246,-0.135890,-0.627682,1.191351,0.056185,4.105968,-0.104776,0,0,0,0
0.348818,0.559785,-0.794537,0.538236,0.574755,-0.352743,-0.608402,0,1,1,1
1.421137,-0.834836,-0.560431,1.137617,-1.036851,0.008311,0.580355,0,0,0,0
1.336910,-0.532710,-0.646415,0.765899,-0.988886,0.215055,0.651708,0,0,0,0
1.227194,-0.308750,-1.057089,1.016138,-0.914016,0.564031,-0.003375,0,0,0,0
1.311709,-0.355360,-1.109507,0.450131,-1.078869,-0.269189,0.018912,0,0,1,0
1.204874,-0.464508,-1.047361,0.200793,-1.218506,-0.055027,-0.264025,0,0,0,0
1.179335,-0.342531,-1.123787,0.031594,-1.396254,0.151608,-0.221882,0,0,0,0
1.064584,-0.517357,-1.060923,-0.209649,-1.534241,0.559612,-0.475034,0,0,0,0
0.874661,-0.474573,-1.259829,-0.322070,-1.230691,0.037873,-0.679219,1,1,1,0
0.364991,-0.866546,0.668965,0.877221,-0.293153,-0.366018,0.709002,0,0,0,0
0.280125,-0.560234,0.301491,1.025422,0.227311,-0.221072,1.064832,0,0,0,0
0.369025,-0.325604,-0.055540,0.837132,0.335479,0.241702,1.215374,0,0,0,0
0.384591,-0.198088,0.244546,0.686039,0.310581,0.586384,1.770064,0,0,0,0
0.368876,0.022496,0.499878,0.817265,-0.112432,0.561753,1.676623,0,0,0,0
0.222180,0.095622,0.865345,0.095211,-0.227309,0.360584,1.685985,0,0,1,0
0.222389,-0.077281,0.375754,0.420578,-0.291796,-0.121805,2.149779,0,0,0,0
0.285731,0.071210,0.176465,0.134308,-0.107892,0.212026,2.104349,0,0,1,1
1.252855,-0.829968,-1.031954,0.465420,-1.061000,0.773293,0.917883,0,0,0,1
1.199287,-0.365172,-0.855621,0.677874,-0.481600,-0.083884,1.113534,0,0,0,0
0.776166,0.224067,-0.650318,0.729855,-0.210887,0.088102,1.110833,0,0,0,0
0.873277,-0.155487,-0.340938,1.233811,-0.052155,-0.408849,0.932336,0,0,0,0
0.886016,-0.046387,-0.233367,0.657121,-0.229872,-0.389754,0.596241,0,0,0,0
0.747878,0.168725,-0.356484,1.474692,-0.135556,-0.086712,0.404423,0,0,0,0
0.311733,0.549235,-0.267418,0.876162,0.503862,-0.369884,-0.124889,1,1,0,0
0.373292,0.528738,-0.622796,0.958713,0.563448,-0.609855,-0.026767,0,0,1,1
0.742878,0.022810,-0.680023,1.083057,-0.131539,-0.123543,-0.028346,0,0,0,0
0.488513,0.263252,-0.466024,0.729560,0.307169,-0.396420,-0.374325,0,0,0,0
1.011702,-0.103113,-0.774553,0.759568,-0.575410,2.658595,-0.325702,0,0,0,0
0.382275,-0.094130,-0.155787,0.330971,0.502376,-0.214481,-0.818010,0,0,1,1
0.701277,-0.309173,-0.647240,1.082410,0.045302,-0.426972,-0.666218,0,0,0,0
0.754745,0.025641,-0.489863,0.889442,0.232298,-0.007189,-0.118028,0,0,0,0
0.597368,0.163406,-0.480549,1.087458,0.556531,0.284376,0.010314,0,0,1,1
0.599321,-0.021270,-0.110241,0.914065,0.207810,-0.520655,0.179679,1,1,0,1
1.435708,-0.878557,-0.626610,1.085203,-0.980122,0.331443,0.650744,0,0,0,0
1.335643,-0.637052,-0.651027,0.632216,-1.060397,-0.043123,0.508498,0,0,0,0
1.315630,-0.593930,-0.997796,0.528498,-1.071003,-0.028192,0.025492,0,0,0,0
1.320727,-0.460100,-1.141689,0.297409,-0.899186,0.265755,0.094791,0,0,1,0
1.304021,-0.521148,-1.148696,0.073454,-1.488131,-0.052855,-0.126120,0,0,0,0
1.198383,-0.524903,-1.271811,0.110042,-1.058006,0.081159,-0.236780,0,0,0,0
1.160368,-0.502446,-1.168720,-0.097180,-1.520472,0.069147,-0.241357,0,0,0,0
1.008891,-0.821195,-1.186130,0.203966,-1.436103,0.536839,-0.401133,1,1,1,0
0.328919,-0.692179,1.063555,1.069226,-0.245382,-0.699850,1.515386,0,0,0,0
0.180918,-0.457052,0.829696,0.922969,0.035913,0.197429,1.355878,0,0,0,1
0.267361,-0.189003,0.324759,0.488854,-0.025854,0.348548,1.058527,0,0,0,0
0.448757,-0.236021,0.369106,0.517619,-0.254757,0.425835,1.360219,0,0,0,0
0.141828,-0.091630,0.703415,0.833573,-0.306078,0.148951,1.841467,0,0,0,0
0.034711,-0.061116,0.831258,0.315494,-0.207715,0.136487,2.134321,0,0,0,1
0.082744,-0.045798,0.703312,0.220316,-0.541317,0.297221,1.553353,0,0,0,0
0.137525,0.101460,1.035751,0.310213,-0.435510,0.303529,1.900110,0,0,1,1
1.335143,-0.679649,-0.848367,0.689801,-0.986909,0.804169,0.923512,0,0,0,1
1.117760,-0.215069,-0.601696,0.845368,-0.398148,0.178762,0.772644,0,0,0,0
0.919360,0.228883,-0.572394,0.843655,-0.226340,0.241903,0.742838,0,1,0,1
0.785043,0.113513,-0.705699,1.265101,0.291348,-0.087278,0.594626,0,0,0,0
0.904820,0.056995,-0.928963,0.744019,-0.348992,-0.334755,0.086762,0,0,0,0
1.236437,-0.259125,-1.229532,0.732254,-0.994458,0.144413,-0.341114,0,0,0,0
0.905938,-0.126131,-1.200783,0.607945,-0.487935,-0.280058,-0.393125,0,0,0,0
0.831039,0.222354,-1.213298,0.763185,-0.058036,0.417629,-0.251669,0,0,1,0
0.890155,-0.054426,-0.909227,1.050621,-0.421073,-0.106130,-0.375531,0,0,0,1
1.113309,-0.454805,-0.878846,0.932240,-0.691506,0.997174,-0.327745,0,0,0,0
0.280459,0.450403,-0.343205,0.465046,0.124713,-0.633071,-0.544534,0,0,0,0
0.576848,0.187263,-1.366086,1.178875,-0.027857,-0.512546,-0.438443,0,0,0,0
1.152994,-0.370669,-0.815645,0.796297,-0.834462,4.361936,-0.399094,0,0,0,0
0.342913,0.284704,-1.083787,0.578266,0.658856,-0.329016,-0.607249,0,0,0,0
0.577071,0.186408,-0.787023,1.379048,0.091862,-0.425652,-0.163223,0,0,0,0
0.244262,0.303426,-0.914579,0.337692,0.582285,-0.172040,-0.728804,0,1,1,1
1.396634,-0.825317,-0.650708,1.411072,-1.136175,0.095230,0.768797,0,0,0,0
1.327848,-0.565221,-0.874402,1.088885,-1.160950,-0.007568,0.678928,0,0,0,0
1.269820,-0.485342,-0.990066,0.523872,-0.982179,0.021950,-0.007993,0,0,0,0
1.315109,-0.401938,-1.110750,0.411888,-1.055230,0.118255,-0.081949,0,0,0,1
1.018032,-0.396813,-1.431460,0.283251,-0.864407,0.002039,-0.638171,0,0,0,0
0.829992,-0.709294,-1.610159,0.414109,-1.039636,-0.042056,-0.759329,0,0,0,0
0.752244,-0.564685,-1.314546,0.438440,-0.636886,0.215762,-0.921208,0,0,0,0
0.565105,-0.516060,-1.314758,0.056869,-0.941373,0.334744,-1.180633,1,1,1,0
0.396912,0.893386,0.025561,-0.500079,0.135665,-0.478513,1.182401,0,0,0,0
-0.221675,1.036224,0.086212,-1.469794,0.614637,-0.359117,1.694915,0,0,0,0
0.703472,0.967849,-0.233458,-0.095297,0.220390,-0.169740,1.336058,0,0,0,0
-0.349417,1.167466,0.542532,-0.250450,1.022441,0.510397,1.718649,0,0,0,0
-0.674595,0.894189,1.085195,-0.227773,1.053492,-0.430006,2.365859,0,0,0,0
-0.364378,1.128219,0.433586,-0.212465,1.043565,6.251564,1.344941,0,0,0,0
-0.687863,0.938214,0.866811,-0.467943,0.972891,-0.808135,2.015097,0,0,0,0
-1.047292,0.781594,1.596652,-0.192165,0.738249,-0.343242,1.836105,0,1,1,1
1.438808,-0.776646,-1.299303,0.583149,-1.403251,0.980347,0.072239,0,0,0,0
1.317247,-0.380066,-0.807515,0.629695,-0.701022,-0.172595,0.114211,0,0,1,1
0.916184,0.018718,-0.639113,0.481213,-0.564640,-0.245464,0.258462,1,0,1,0
1.043094,-0.411154,-0.845551,1.210302,-0.045633,0.115013,0.509502,0,0,0,0
1.028083,-0.291513,-0.805203,0.923375,-0.189440,-0.029770,0.767721,0,0,0,0
0.535499,0.190398,-0.315026,0.965122,0.139153,-0.016082,1.083421,0,0,0,0
0.355144,0.454747,-0.211026,0.730581,0.517503,-0.101209,1.289706,0,1,1,0
0.457212,0.258369,-0.366899,0.918314,0.376760,-0.617005,1.442089,0,0,0,0
0.736769,0.224242,-0.668958,0.753841,0.159870,2.609881,1.439709,0,0,0,0
0.877331,-0.259384,-0.628186,0.755453,-0.020361,0.041026,1.401722,0,0,0,0
0.695752,0.228611,-0.195017,0.604496,0.212884,-0.074766,1.509900,0,0,0,0
0.816392,0.230797,-0.385266,1.065629,0.262075,0.083979,1.418903,0,0,0,0
0.836524,0.140321,-0.496230,1.129102,-0.202730,3.669015,1.453049,0,0,0,0
0.895053,0.156647,-0.555770,0.748124,-0.065853,1.124767,1.016153,0,0,0,0
0.870688,0.035892,-0.742957,0.516565,-0.188785,2.984875,0.570589,0,0,0,0
0.780066,0.255615,-0.677972,0.753386,-0.137783,1.562608,0.746463,1,1,0,1
1.403039,-0.884878,-0.725031,1.259325,-1.037489,0.106778,0.477824,0,0,0,0
1.342234,-0.737530,-0.730039,0.863490,-0.947413,-0.055013,0.507470,0,0,0,0
1.350653,-0.639840,-1.021648,0.654847,-1.175385,0.429658,0.040568,0,0,0,0
1.337079,-0.409346,-1.049383,0.561283,-0.974597,-0.146845,-0.042771,0,0,1,0
1.267736,-0.650003,-1.211688,0.010681,-1.634271,0.034159,-0.145796,0,0,0,0
1.210294,-0.585435,-1.234854,0.018765,-1.402004,0.304186,-0.165105,0,0,0,0
1.173383,-0.607349,-1.281672,-0.007743,-1.569026,0.100566,-0.301010,0,0,0,0
0.997544,-0.896802,-1.173792,0.114361,-1.568438,0.186545,-0.394230,1,1,1,0
0.386708,-0.822969,0.783153,0.937790,-0.471829,-0.358389,0.348531,0,0,0,0
0.521904,-0.469582,0.768552,0.958947,-0.221847,0.329068,0.417288,0,0,0,0
0.355078,-0.285076,0.531523,0.830208,-0.282867,0.065219,0.937272,0,0,0,0
0.423212,-0.281453,0.366381,0.597253,0.111307,1.166247,0.943401,0,0,0,0
0.429586,-0.048065,0.370647,0.754023,-0.451756,-0.022530,0.799642,0,0,0,0
0.417875,-0.025762,0.374963,0.253891,-0.298400,0.292752,1.156503,0,0,0,1
0.356514,-0.087845,0.685942,0.563778,-0.628054,-0.035152,1.160253,0,0,0,0
0.263478,-0.149958,0.952580,0.631554,-0.754584,0.345578,1.256288,0,0,1,1
1.443052,-0.711725,-1.118805,0.648240,-1.213561,0.271265,0.619445,0,0,1,0
1.207375,-0.178098,-0.671432,0.866796,-0.473162,0.162851,0.450803,1,0,0,1
0.978740,-0.033034,-0.486512,0.749879,-0.728891,-0.225544,0.645130,0,0,0,0
0.501258,0.324991,-0.287771,0.672822,0.195358,-0.081178,0.644810,0,0,0,0
0.415688,0.488479,-0.133716,0.673889,0.165971,-0.114511,0.368540,0,1,0,1
0.411805,0.612786,-0.045552,0.843523,0.192235,-0.573054,0.575689,0,0,0,0
0.604480,0.195287,-0.276779,1.096920,-0.111652,4.766357,0.407384,0,0,0,0
0.406671,0.413104,-0.180962,1.042874,-0.112556,-0.047304,0.594490,0,1,0,0
1.010495,-0.082073,-0.660204,1.524784,-0.713460,0.369668,0.616173,0,0,0,0
0.776091,0.064194,-0.341755,0.862817,-0.201337,2.147732,0.679006,1,0,0,1
0.518514,0.449331,-0.528580,1.009796,0.561480,-0.505827,0.337122,0,0,0,0
0.625820,0.255729,-0.696318,0.860863,0.244644,-0.234376,0.203434,0,0,0,0
0.337197,0.679105,-0.893591,0.520220,0.554486,-0.467375,-0.262880,1,0,1,0
0.429291,0.599727,-1.014725,0.940821,0.460363,-0.450007,-0.264118,0,0,0,0
0.759493,0.226685,-0.737898,1.070777,-0.225023,3.488946,0.091688,0,0,0,0
0.314024,0.689377,-0.656244,0.769188,0.623323,-0.408652,0.137515,0,1,1,1
1.391010,-0.836854,-0.469612,1.009168,-1.275652,-0.206727,0.641584,0,0,0,0
1.294515,-0.542230,-0.794812,0.816997,-1.177045,0.054084,0.373523,0,0,0,0
1.262626,-0.413605,-0.757838,0.712050,-1.081099,0.804171,0.032665,0,0,0,0
1.244995,-0.410189,-1.047855,0.447174,-1.360144,0.186378,-0.088788,0,0,1,0
1.229447,-0.487457,-1.053379,-0.092467,-1.392405,0.008265,-0.207016,0,0,0,0
1.131291,-0.404268,-1.080682,0.208462,-1.205858,-0.082491,-0.308257,0,0,0,0
1.075924,-0.397284,-1.115421,-0.329443,-1.416402,0.155258,-0.436500,0,0,0,0
0.818310,-0.479016,-1.210320,-0.134302,-1.270520,0.133301,-0.602519,1,1,1,0
0.378924,-0.694988,0.523734,0.757607,-0.382001,-0.165582,0.793748,0,0,0,0
0.318700,-0.606263,0.651774,1.174834,0.011201,-0.092460,1.338363,0,0,0,0
0.334711,-0.210740,0.083341,0.569849,0.050748,0.052515,1.385397,0,0,0,0
0.299030,-0.164041,0.261048,0.563241,0.110898,0.362994,1.636945,0,0,0,0
0.311448,-0.002133,0.504766,1.039938,0.215898,0.268790,1.565622,0,0,0,0
0.131508,0.041626,1.077081,0.813384,-0.134740,-0.131117,2.168340,0,0,0,1
0.130249,-0.122234,0.789996,0.557973,-0.459060,0.406203,1.959141,0,0,0,0
0.172697,0.030712,0.618607,0.329998,-0.323976,0.061149,2.231092,0,0,1,1
1.193612,-0.684512,-0.983039,0.620704,-0.953911,0.472101,0.818098,0,0,0,1
1.186475,-0.245500,-0.910076,1.059022,-0.247846,-0.197516,1.067816,0,0,0,0
0.775157,0.101556,-0.468378,0.711811,-0.218863,-0.303630,0.923438,0,0,0,0
0.403294,0.353506,-0.193957,0.518781,0.201626,-0.587439,0.943234,0,0,0,0
1.003673,-0.292021,-0.124327,1.238007,0.017571,0.051917,0.793210,0,0,0,0
0.913121,0.034711,-0.569520,1.610171,-0.610562,0.115494,0.209809,0,0,0,0
0.334204,0.674119,-0.364102,0.889068,0.402473,0.066554,-0.020796,1,1,0,0
0.330157,0.506758,-0.560278,0.967934,0.733858,-0.245060,0.498777,0,0,1,1
0.716118,0.073521,-0.697832,1.256719,0.194981,-0.418102,0.259878,0,0,0,0
0.485720,0.137345,-0.487914,0.752389,0.389836,-0.487524,-0.308358,0,0,0,0
0.990937,-0.093200,-0.569577,0.740637,-0.599805,4.232714,0.254667,0,0,0,0
0.579616,0.136406,0.035850,0.183043,0.268000,-0.296218,-0.168769,0,0,1,1
0.845136,-0.252071,-0.681523,1.099240,-0.537633,-0.188705,-0.451928,0,0,0,0
0.919683,0.160528,-0.443705,0.671689,-0.680351,1.867229,0.164626,0,0,0,0
0.627360,0.243581,-0.439701,0.998626,0.220841,0.946491,-0.018765,0,0,1,1
0.690960,-0.009867,-0.111662,0.974933,-0.068090,-0.549243,0.308077,1,1,0,1
1.370000,-0.785336,-0.448078,1.147710,-0.883008,0.125728,0.586024,0,0,0,0
1.301613,-0.614290,-0.820847,0.865205,-0.990422,-0.106156,0.541700,0,0,0,0
1.303881,-0.507956,-1.056054,0.660025,-1.144715,0.521381,0.084744,0,0,0,0
1.337406,-0.455227,-1.219153,0.267337,-1.229904,-0.075429,0.041054,0,0,1,0
1.273638,-0.537976,-1.151478,0.167962,-1.297259,-0.306311,-0.135686,0,0,0,0
1.218534,-0.444399,-1.278661,-0.016799,-1.271614,0.371197,-0.109760,0,0,0,0
1.164695,-0.507633,-1.217182,-0.138254,-1.451453,-0.045218,-0.323147,0,0,0,0
1.010047,-0.757451,-1.277176,-0.020704,-1.395329,0.029438,-0.377484,1,1,1,0
0.321358,-0.619935,0.966764,1.096272,-0.165081,-0.177927,1.340158,0,0,0,0
0.168903,-0.494149,0.757369,1.023427,0.029060,0.187415,1.403905,0,0,0,1
0.381011,-0.022966,0.553723,0.868682,-0.149284,0.190552,1.364786,0,0,0,0
0.411438,-0.291383,0.203825,0.453001,-0.180381,0.306288,1.495076,0,0,0,0
0.319664,0.031944,0.283463,0.696481,0.086386,0.073094,1.991239,0,0,0,0
0.175271,0.043829,0.444021,0.447413,0.048061,0.443325,1.947077,0,0,0,1
0.233320,-0.019499,0.363479,0.106677,-0.364090,0.512177,1.908408,0,0,0,0
0.121471,-0.122416,0.452773,0.213029,-0.216061,-0.171743,1.982309,0,0,1,1
1.237379,-0.631970,-1.016058,0.739087,-0.803470,0.232132,0.891818,0,0,0,1
1.163945,-0.320222,-0.771331,0.931043,-0.638177,-0.396080,0.721184,0,0,0,0
0.893489,0.005395,-0.804770,0.841329,0.075752,-0.215102,0.465137,0,1,0,1
0.763066,0.140127,-0.845980,0.877552,0.088778,0.051256,0.512189,0,0,0,0
0.793814,0.028439,-0.766090,0.973344,0.068349,-0.297657,-0.131701,0,0,0,0
1.150477,-0.380661,-0.979318,0.837568,-0.701565,0.383328,-0.335690,0,0,0,0
0.654111,0.153532,-1.011861,0.826248,0.315598,0.416091,-0.260673,0,0,0,0
0.850541,-0.147797,-0.821912,1.104704,-0.053149,2.124452,-0.336807,0,0,1,0
0.826579,-0.025226,-0.717682,0.871085,-0.254112,-0.045305,-0.279698,0,0,0,1
1.026200,-0.341149,-0.838662,0.802542,-0.818872,0.284062,-0.352604,0,0,0,0
0.337648,0.610158,-0.420254,0.286665,0.246658,-0.173706,-0.533194,0,0,0,0
0.667296,-0.038317,-1.052317,1.244291,-0.569291,-0.056949,-0.539653,0,0,0,0
0.977101,-0.303479,-0.914776,0.904160,-0.709133,4.584365,-0.417728,0,0,0,0
0.346667,0.358401,-0.978190,0.176881,0.321748,-0.146955,-0.655042,0,0,0,0
0.708526,0.118851,-1.089450,0.873932,0.012687,-0.416443,-0.282099,0,0,0,0
0.293276,0.351827,-0.954761,0.240185,0.548939,0.581810,-0.516138,0,1,1,1
1.017672,-1.473665,-1.837401,-0.210312,-1.777904,-0.336985,-0.512927,0,0,0,0
-0.038595,-1.371988,-1.529061,-0.755361,-1.135515,-0.501735,-1.611926,0,0,0,0
-0.186992,-1.201263,-1.416134,-0.777679,-1.171587,0.089182,-1.709627,0,0,0,0
-0.295892,-1.164544,-1.432281,-0.831108,-1.005292,-0.140602,-1.741009,0,0,0,0
-0.407427,-1.151464,-1.359106,-0.688717,-0.765121,0.395840,-1.764112,0,0,0,0
-0.513703,-1.069849,-1.342278,-0.657282,-0.623282,0.094138,-1.795106,0,0,0,0
-0.572761,-1.098111,-1.120500,-0.671857,-0.931281,0.267307,-1.818679,0,0,0,0
-0.706473,-1.207756,-1.323709,-0.576102,-0.629163,-0.049792,-1.843829,0,0,0,0
-0.106907,0.202473,0.445532,0.188663,0.052375,-0.596895,0.309220,0,0,0,0
-2.560752,-1.082313,2.034991,0.677118,2.196096,-0.898451,0.444563,0,0,0,0
0.551984,0.861498,-0.747983,-0.316458,0.824280,8.020416,1.472910,0,0,0,0
-2.679828,-1.389550,1.628561,0.206293,1.931472,-1.065733,-1.021564,0,0,0,0
0.549793,0.550367,-0.820500,-0.138169,0.579277,0.716021,0.695568,0,0,0,0
-0.133977,0.247681,-0.000228,-0.053959,0.492135,-1.065733,0.283532,0,0,0,0
0.572625,0.397025,-0.692063,-0.285036,0.156958,-0.303564,0.866802,1,0,0,1
0.476404,0.638079,-0.783767,0.087511,0.744045,0.272601,1.112415,0,1,1,1
1.407109,-0.734268,-1.023211,0.063360,-1.438347,1.169149,0.301914,0,0,0,0
1.307582,-0.658261,-0.648439,0.056851,-1.274512,0.108807,0.210237,0,1,1,0
0.999323,-0.389498,-0.479907,-0.132698,-0.849923,-0.075295,0.116035,0,1,1,0
1.165143,-0.497245,-0.231943,-0.019953,-0.877555,-0.168165,0.318565,0,0,0,0
1.120533,-0.415674,-0.359001,0.250594,-0.963409,0.228423,0.194015,0,0,0,0
1.024607,-0.615123,-0.153475,0.064219,-0.616556,0.138732,0.202271,0,0,0,0
0.750186,-0.451505,-0.170597,0.222423,-0.659866,0.363602,-0.024324,0,1,1,0
0.811855,-0.414925,-0.306137,0.422204,-0.645543,-0.124496,0.418748,0,0,0,0
1.001103,-0.632729,-0.317777,0.049831,-0.633411,1.256832,0.371640,0,0,0,0
0.756561,-0.315096,-0.207864,-0.048603,-0.835930,0.060245,-0.302607,0,0,0,0
0.897068,-0.358740,-0.469972,0.247711,-0.678434,0.036554,0.061902,0,1,1,0
0.945467,-0.318428,-0.282514,0.405611,-0.568590,-0.368482,0.418847,0,0,0,0
1.026795,-0.604017,-0.105248,-0.184003,-0.640371,3.673429,0.499198,0,0,0,0
1.115787,-0.683350,-0.151303,-0.365705,-0.927915,3.753012,0.302678,0,0,0,0
1.281407,-0.781896,-0.525912,-0.209040,-1.404089,1.213644,0.198675,0,0,0,0
1.038128,-0.639098,-0.066133,0.055858,-0.848001,2.322576,0.488712,1,0,1,1
1.375215,-0.857699,-0.600098,1.173544,-0.873919,-0.139456,0.533643,0,0,0,0
1.309117,-0.702776,-0.714073,0.626931,-0.973033,0.139288,0.665998,0,0,0,0
1.291406,-0.419782,-1.011479,0.733096,-1.264736,0.110754,0.086020,0,0,0,0
1.315766,-0.402577,-1.305257,0.413376,-1.086558,0.179963,0.025490,0,0,1,0
1.272780,-0.512668,-1.202164,0.270593,-1.643528,0.014543,-0.164306,0,0,0,0
1.151772,-0.405879,-1.311404,0.130665,-1.252448,0.218894,-0.209790,0,0,0,0
1.168279,-0.541548,-1.229793,0.047732,-1.558153,0.088409,-0.324383,0,0,0,0
1.012439,-0.801082,-1.245297,-0.017571,-1.442543,0.499542,-0.440828,1,1,1,0
0.414370,-0.935694,0.400076,2.133983,0.026951,-0.428440,1.680839,0,0,0,0
0.623393,-0.717291,0.418070,1.667093,-0.280252,0.833479,0.773640,0,0,0,0
0.667424,-0.474827,0.176863,1.250151,-0.295024,0.211756,0.723891,1,0,0,0
0.771983,-0.526320,-0.241831,0.864329,-0.397179,-0.118644,1.592286,0,0,0,0
0.587354,-0.610644,-0.179964,1.474295,0.145774,0.240090,1.565544,0,0,0,0
0.387932,-0.519790,-0.404266,1.970628,-0.031846,-0.540569,1.302444,0,0,0,1
0.290120,-0.605322,-0.505993,1.908103,0.676155,0.101315,1.602270,0,1,0,0
0.671003,-0.329992,-0.956679,1.067703,0.237530,0.950762,1.712558,0,0,1,1
1.447028,-0.768016,-1.025213,-0.177216,-1.203359,0.194173,0.311009,0,0,1,0
1.303616,-0.765856,-1.116018,0.238339,-1.598671,0.366752,0.132563,1,0,0,1
1.218812,-0.611268,-0.924511,0.335353,-1.136048,0.323089,0.340478,0,0,0,0
1.107494,-0.728748,-0.373702,0.321818,-1.221719,-0.079182,-0.006716,0,0,0,0
0.972538,-0.618696,-0.279409,0.618818,-0.845043,-0.042820,-0.000026,0,1,0,1
1.022315,-0.631298,-0.269853,0.469724,-1.148341,-0.391856,0.521777,0,0,0,0
1.138356,-0.700396,-0.009308,0.248806,-1.110972,2.211911,0.491261,0,0,0,0
0.893901,-0.474647,-0.524040,0.464307,-1.086621,0.170271,-0.145134,0,1,0,0
1.278678,-0.750767,-0.667662,0.641075,-1.072515,-0.167277,0.281220,0,0,0,0
1.119375,-0.878151,-0.634253,0.555895,-1.317796,0.398411,0.027559,1,0,0,1
1.127778,-0.704008,-0.813858,0.423921,-0.963531,-0.184711,0.423223,0,0,0,0
1.125713,-0.662750,-0.358927,0.760452,-1.206451,0.186141,0.113841,0,0,0,0
1.007294,-0.686366,-0.525995,0.386297,-1.511095,0.344384,0.161590,1,0,1,0
1.011103,-0.495494,-0.518163,0.441021,-1.373605,-0.359779,0.465464,0,0,0,0
1.087952,-0.590916,-0.483039,0.327295,-1.225682,1.581913,0.692471,0,0,0,0
0.888333,-0.546580,-0.707543,0.664505,-1.330579,-0.253001,-0.351097,1,1,0,1
1.415841,-0.813224,-0.746664,1.141879,-0.920634,0.103887,0.526610,0,0,0,0
1.245499,-0.645178,-0.821502,0.969072,-1.113241,-0.036843,0.506072,0,0,0,0
1.281258,-0.566878,-0.925933,0.907152,-0.937626,0.450432,0.006813,0,0,0,0
1.288212,-0.478897,-0.989252,0.570187,-1.118216,0.003674,-0.154858,0,0,1,0
1.235178,-0.498932,-1.215095,0.313588,-1.474630,0.402623,-0.239821,0,0,0,0
1.180410,-0.500427,-1.259388,0.024073,-1.180635,0.417533,-0.227876,0,0,0,0
1.061505,-0.429974,-1.088800,-0.003162,-1.331967,-0.267294,-0.423836,0,0,0,0
0.865176,-0.526067,-1.259549,-0.160011,-1.253539,0.156608,-0.512409,1,1,1,0
0.500664,-0.900697,0.430054,2.077732,0.177582,0.475459,1.049174,0,0,0,0
0.601215,-0.726983,0.396727,1.843369,-0.303786,1.358657,0.884505,0,0,0,0
0.597699,-0.598381,0.183357,1.575637,-0.182393,0.334804,1.195546,1,0,0,0
0.483535,-0.676510,-0.142942,1.465968,0.205246,0.161106,2.318738,0,0,0,0
0.347775,-0.596396,0.065471,1.461001,-0.035361,0.364406,2.592937,0,0,0,0
0.601941,-0.360528,-0.629212,1.377557,0.448873,-0.153164,2.425207,0,0,0,1
0.662049,-0.519314,-0.665065,1.134109,-0.085750,0.122654,2.375274,1,0,0,0
0.889255,-0.706784,-0.580430,1.586193,-0.271383,0.704047,1.700631,0,0,1,1
1.337707,-0.704109,-1.276441,0.479565,-1.421365,0.998529,0.371349,0,0,0,1
1.359321,-0.724751,-0.922159,0.607732,-1.165072,-0.171907,0.358450,0,0,0,0
0.960363,-0.628752,-0.739952,0.394637,-1.259539,-0.545640,0.533614,0,0,0,0
1.018475,-0.658203,-0.486984,1.051828,-0.644023,-0.074303,0.350773,0,0,0,0
1.252107,-0.745570,-0.372587,0.397360,-0.741922,0.178313,0.515415,0,0,0,0
0.973399,-0.582041,-0.394779,0.570223,-0.715214,0.136772,0.171498,0,0,0,0
0.866943,-0.444377,-0.420800,0.400530,-0.990777,0.423522,0.019440,1,1,0,0
0.846865,-0.429205,-0.426440,0.261169,-0.815567,-0.137134,0.273130,0,0,1,1
1.039594,-0.591729,-0.892638,1.106427,-0.726378,-0.220994,0.470404,0,0,0,0
0.914716,-0.765032,-0.708734,1.122495,-0.901365,-0.440615,0.774214,0,0,0,0
1.397681,-0.580881,-0.595742,0.314009,-1.118897,0.900019,0.673683,0,0,0,0
0.889570,-0.858110,-0.687104,0.739391,-1.213910,0.232013,-0.386142,1,1,0,0
0.945599,-0.656109,-0.260600,0.308256,-0.887062,-0.179849,0.392562,0,0,0,0
0.916840,-0.537031,-0.400140,0.747805,-0.660373,1.380269,0.990189,0,0,0,0
0.942833,-0.530019,-0.331881,0.756561,-1.096217,0.081962,-0.559392,0,0,1,1
0.853570,-0.479183,-0.594906,0.725322,-0.221827,-0.362004,0.849584,1,0,1,1
1.405967,-0.877569,-0.567977,1.296282,-0.905049,0.349725,0.626200,0,0,0,0
1.265479,-0.575842,-0.845185,0.912038,-1.104376,0.296207,0.554563,0,0,0,0
1.317834,-0.517857,-0.948654,0.642766,-1.296330,0.531037,0.067361,0,0,0,0
1.301669,-0.367794,-1.190673,0.422987,-1.026034,-0.229951,0.009924,0,0,1,0
1.252698,-0.460254,-1.115329,0.327033,-1.604957,0.162897,-0.135755,0,0,0,0
1.139068,-0.482172,-1.341664,0.233921,-1.133603,0.091357,-0.227893,0,0,0,0
1.148579,-0.486289,-1.302511,0.037492,-1.420747,-0.117050,-0.296685,0,0,0,0
1.041647,-0.766584,-1.283986,0.015379,-1.514967,0.227241,-0.447926,0,1,1,1
0.401273,-0.879293,0.604659,2.193498,0.273917,0.367934,1.437036,0,0,0,0
0.512805,-0.730422,0.479299,1.936470,-0.231803,0.372426,1.619490,0,0,0,1
0.562897,-0.634955,0.229933,1.808827,-0.215256,-0.211442,1.475684,0,0,0,0
0.448886,-0.612884,-0.225602,1.383793,0.280367,0.264767,2.241558,0,0,0,0
0.413658,-0.641892,-0.131019,1.845758,0.283416,-0.009025,1.959906,0,0,0,0
0.595484,-0.637944,-0.672387,1.402574,0.012485,-0.145468,2.185647,0,0,0,0
0.608405,-0.534717,-0.532698,1.755584,-0.054387,-0.042052,2.462315,1,0,0,0
1.156291,-0.733789,-0.739168,1.442662,-0.512061,0.480238,1.411287,0,0,1,1
1.357252,-0.843204,-1.211941,0.067898,-1.372861,-0.032677,0.279144,0,0,0,1
1.249076,-0.638354,-0.985769,0.495328,-1.149572,0.624655,0.710464,0,0,0,0
1.068968,-0.462184,-0.370675,0.660331,-1.385013,0.033265,0.437456,0,1,0,1
1.046479,-0.610106,-0.426185,0.545529,-0.980279,-0.247487,0.652653,0,0,0,0
1.046851,-0.585689,-0.330084,0.779157,-1.037296,-0.496468,0.921997,0,0,0,0
1.264282,-0.526469,-0.541891,0.613515,-1.159576,0.350282,0.633380,0,0,0,0
0.941832,-0.462808,-0.752001,0.683406,-0.983502,0.021482,-0.029499,0,0,0,0
0.988329,-0.233994,-0.646988,0.732847,-0.820056,0.422665,0.992721,0,0,1,0
1.191747,-0.793067,-0.351396,1.150339,-1.030284,-0.446051,0.747994,0,0,0,1
1.057371,-0.740822,-0.575524,1.022396,-1.146020,0.556367,0.775311,0,0,0,0
1.029911,-0.643736,-0.430980,0.761114,-1.147789,-0.198083,0.754101,0,0,0,0
0.970553,-0.825360,-0.695789,1.183008,-0.917024,-0.215714,0.868028,0,0,0,0
1.056046,-0.614723,-0.289050,0.560944,-0.864023,2.116355,1.020873,0,0,0,0
0.867912,-0.728488,-0.381644,1.131853,-0.797395,0.038478,-0.136735,0,0,0,0
0.848300,-0.600880,-0.549005,0.865142,-0.721630,-0.229741,0.958153,0,0,0,0
0.890652,-0.516921,-0.584763,0.541715,-1.193302,0.050082,-0.409663,1,0,1,1
1.428305,-0.843811,-0.606460,1.222699,-0.890085,-0.363151,0.620624,0,0,0,0
1.423180,-0.676651,-0.771994,0.650920,-1.246810,0.513389,0.473349,1,0,0,1
1.306377,-0.529769,-0.813836,0.630892,-1.308454,0.387280,0.028657,0,0,0,0
1.367878,-0.534747,-1.066413,0.089754,-1.296947,-0.037327,-0.059482,1,0,0,1
1.209548,-0.540368,-1.167052,-0.217383,-1.529624,-0.073694,-0.241740,0,0,0,0
1.173510,-0.833131,-1.282172,-0.026318,-1.820192,-0.252720,-0.277502,0,0,0,0
1.132116,-0.864262,-1.470342,0.083565,-1.770634,0.530839,-0.163577,0,0,0,0
1.122561,-0.866230,-1.478367,-0.196274,-1.755989,0.215917,-0.099510,1,1,1,0
0.216855,0.472814,-0.112824,0.962106,0.478571,-0.046637,1.525848,0,0,0,0
-0.329243,0.867240,0.173528,0.124018,1.046101,-0.386994,1.478613,0,0,0,0
-0.489229,1.209212,0.712027,-0.242919,1.038234,-0.693735,1.421449,1,1,1,0
0.287052,0.428798,-0.378717,1.089065,0.241904,-0.449553,1.457557,0,0,0,0
-0.139700,0.674908,-0.168662,0.777261,0.860312,-0.673216,1.482512,0,0,0,0
0.367898,0.215807,-0.031389,0.735580,0.397298,-0.028013,0.399474,0,0,0,0
-0.148315,0.889911,0.017796,0.305974,0.280914,-0.295368,1.491316,0,0,0,0
-0.313017,1.047213,0.423090,0.342701,1.086886,-0.104902,1.480237,0,1,1,1
1.333173,-0.823811,-1.191733,0.237481,-1.066580,0.066820,0.131994,0,0,0,0
1.213242,-0.957167,-0.949660,0.182359,-0.721711,0.029712,0.158053,0,0,1,0
0.740327,-0.592763,-0.650627,-0.712095,-0.727658,0.259224,0.184249,0,0,1,0
0.678058,-1.281250,-0.282486,1.239332,0.245790,-0.824120,0.505859,0,0,0,0
0.577827,-1.512947,-0.172095,0.617613,-0.368272,-0.421200,0.144434,0,0,0,0
0.496423,-1.365337,0.014816,0.750633,0.001067,-0.718387,0.050666,0,0,0,0
-1.294720,-1.611055,-1.720247,1.539022,2.636520,-0.482813,0.022895,0,0,1,0
-0.933805,-1.653001,-1.025869,1.686290,2.286025,-0.023081,0.551645,0,0,0,0
-0.189142,-1.900682,-0.292237,0.496151,1.380361,0.480603,0.656051,0,0,0,0
-0.021490,-1.450338,-0.152717,0.598623,0.072232,-0.206091,-0.553991,0,0,0,0
-0.245942,-1.058161,-0.319075,-0.222055,0.124676,-0.256158,0.036072,0,0,1,0
-0.006520,-1.353479,-0.196223,0.433529,0.714567,-0.718927,0.930448,0,0,0,0
0.296710,-1.344004,-0.193748,0.078167,-0.020918,3.469551,0.922080,0,0,0,0
0.362118,-1.584769,-0.114140,0.029454,-0.141072,6.775929,0.545609,0,0,0,0
0.542841,-1.656283,-0.370001,0.206432,0.133391,9.839091,0.687407,0,0,0,0
0.321786,-1.540586,-0.344016,-0.142676,0.096557,2.197582,0.974410,1,1,0,1
1.458391,-0.830832,-0.560942,1.254920,-1.061634,0.282047,0.741233,0,0,0,0
1.320813,-0.712464,-0.732235,0.861566,-1.052197,0.156546,0.652137,0,0,0,0
1.365617,-0.546552,-1.151122,0.675835,-1.063783,-0.020234,0.187375,0,0,0,0
1.306119,-0.378130,-1.161383,0.407552,-1.102105,0.010642,0.056313,0,0,1,0
1.252285,-0.497825,-1.261513,0.066154,-1.594257,-0.096557,-0.203097,0,0,0,0
1.155096,-0.360685,-1.375884,0.208821,-1.255015,0.321642,-0.222489,0,0,0,0
1.159898,-0.520809,-1.273809,-0.095477,-1.480739,0.299374,-0.350507,0,0,0,0
1.040363,-0.826368,-1.291660,0.032509,-1.398855,0.365082,-0.323450,1,1,1,0
0.381213,-0.936856,0.308083,2.020035,0.146929,-0.485773,1.323853,0,0,0,0
0.608700,-0.680876,0.353603,1.427484,-0.522142,0.339819,0.730051,0,0,0,0
0.604411,-0.537030,0.308301,1.584083,-0.125666,0.308675,0.676190,1,0,0,0
0.721350,-0.608238,-0.363825,1.079011,-0.110123,0.330006,1.407909,0,0,0,0
0.616625,-0.609975,-0.287569,1.281380,-0.133421,0.004014,1.714129,0,0,0,0
0.412717,-0.606672,-0.494866,1.759158,0.090091,-0.328227,1.436858,0,0,0,1
0.420532,-0.852893,-0.344766,1.860516,0.354108,-0.020620,1.412961,0,1,0,0
0.629127,-0.402388,-0.860328,1.327481,0.157758,0.646953,1.691160,0,0,1,1
1.340965,-0.852045,-1.084737,0.362545,-1.297330,-0.085347,0.347575,0,0,1,0
1.359620,-0.916153,-0.963999,-0.110157,-1.403927,0.683029,0.150361,1,0,0,1
1.202514,-0.666250,-0.656993,0.375722,-1.290769,0.136690,0.249475,0,0,0,0
1.132342,-0.731316,-0.346169,0.266594,-1.230605,0.090646,0.060883,0,0,0,0
0.956382,-0.529609,-0.364241,0.406822,-1.059489,-0.110736,0.137930,0,1,0,1
0.986126,-0.522498,-0.287617,0.265255,-0.925932,-0.607363,0.363895,0,0,0,0
1.167788,-0.623094,-0.204257,-0.009760,-1.148118,1.803112,0.556971,0,0,0,0
0.844608,-0.500170,-0.470002,0.367437,-0.850408,0.498383,-0.198530,0,1,0,0
1.249943,-0.695864,-0.859981,0.708840,-1.004260,-0.511807,0.508026,0,0,0,0
1.153997,-0.970909,-0.818139,0.097228,-1.172543,0.537143,0.120864,1,0,0,1
1.144590,-0.671368,-0.827520,0.203386,-0.860096,-0.229360,0.423565,0,0,0,0
1.192245,-0.616466,-0.385824,0.445696,-0.995529,-0.177443,0.184845,0,0,0,0
1.028819,-0.689955,-0.564039,0.376227,-1.475323,0.465076,0.045534,1,0,1,0
1.030256,-0.571783,-0.544731,0.347657,-1.285300,-0.383815,0.261309,0,0,0,0
1.322086,-0.713490,-0.480036,0.322867,-0.953498,2.400802,0.631932,0,0,0,0
0.887521,-0.621983,-0.375038,0.302038,-1.325757,0.008520,-0.401445,1,1,0,1
1.397527,-0.884646,-0.682823,1.078475,-0.990271,-0.112380,0.509496,0,0,0,0
1.263660,-0.599560,-0.926370,1.141791,-1.276703,0.031565,0.558391,0,0,0,0
1.235471,-0.529221,-0.958344,1.012624,-1.011601,0.321130,-0.023601,0,0,0,0
1.264434,-0.409077,-1.166098,0.561895,-1.164438,-0.108743,-0.102120,0,0,1,0
1.263888,-0.538811,-1.320953,0.426251,-1.390548,-0.146437,-0.235233,0,0,0,0
1.146629,-0.470894,-1.286956,0.207965,-1.351867,0.328977,-0.283986,0,0,0,0
1.216732,-0.700240,-0.980347,0.057629,-1.585515,0.054813,-0.405445,0,0,0,0
0.827342,-0.586825,-1.137273,0.003421,-1.070023,0.380087,-0.540832,1,1,1,0
0.482315,-0.895390,0.434847,2.001775,-0.139436,-0.628748,1.268107,0,0,0,0
0.587881,-0.798611,0.489722,1.722132,-0.477312,0.884670,1.121391,0,0,0,0
0.601309,-0.632673,0.145260,1.560680,-0.149761,-0.079079,1.453936,1,0,0,0
0.515049,-0.699428,-0.299004,1.593099,-0.062191,0.376448,2.190846,0,0,0,0
0.386543,-0.542945,0.151758,1.380442,0.030540,0.694038,2.367554,0,0,0,0
0.565992,-0.303383,-0.519526,1.321564,0.310744,0.869370,2.238441,0,0,0,1
0.747663,-0.766538,-0.676814,1.070036,-0.268971,-0.147260,2.354700,1,0,0,0
0.980619,-0.808208,-0.526328,1.659119,-0.309622,0.730311,1.684825,0,0,1,1
1.350733,-0.742877,-1.045292,0.054544,-1.355977,0.920244,0.290986,0,0,0,1
1.422975,-0.786400,-0.956521,0.294529,-0.908067,-0.183159,0.370655,0,0,0,0
1.060735,-0.585435,-0.632823,0.018445,-0.959232,0.065908,0.746049,1,1,0,0
1.165012,-0.697327,-0.418603,0.852849,-0.837419,-0.224623,0.377111,0,0,0,0
1.296146,-0.729928,-0.496859,0.175014,-1.007572,-0.170477,0.647486,0,0,0,0
1.091640,-0.700201,-0.412959,0.433046,-0.685429,0.161204,0.285677,0,0,0,0
0.964603,-0.585065,-0.513235,0.297327,-0.949771,0.431939,0.066944,1,1,0,0
0.869226,-0.512816,-0.340305,0.369266,-0.775495,-0.276479,0.528250,0,0,1,1
1.001843,-0.560218,-1.101036,1.412002,-0.817328,-0.401684,0.472773,0,0,0,0
0.983157,-0.794585,-0.852617,0.840795,-0.774094,-0.468495,0.783701,0,0,0,0
1.365252,-0.564531,-0.677428,0.175019,-0.882029,1.035155,0.683109,0,0,0,0
0.883338,-0.883437,-0.619473,0.675359,-1.083881,0.452791,-0.425746,1,1,0,0
0.983753,-0.629082,-0.448367,0.341302,-1.065510,-0.240455,0.595749,0,0,0,0
1.010915,-0.665065,-0.375400,0.458094,-0.609142,0.903902,1.052811,0,0,0,0
0.970067,-0.619644,-0.256327,0.574136,-1.140368,0.275248,-0.509920,0,0,1,1
0.854848,-0.497428,-0.567094,0.936624,-0.384240,-0.418632,0.847851,1,0,1,1
1.357743,-0.868111,-0.607855,1.231677,-0.892678,-0.079009,0.467193,0,0,0,0
1.287227,-0.590794,-0.765334,0.917212,-1.047581,0.275934,0.532252,0,0,0,0
1.293523,-0.426826,-1.241696,0.944205,-1.167296,0.410054,0.115358,0,0,0,0
1.323418,-0.406104,-1.125164,0.515224,-1.089287,0.289521,0.062067,1,0,0,0
1.244752,-0.457590,-1.132551,0.357413,-1.589415,-0.315716,-0.163899,0,0,0,0
1.168023,-0.468244,-1.392463,-0.039292,-1.270359,0.450365,-0.230399,0,0,0,0
1.237404,-0.775603,-1.100832,-0.345514,-1.411687,0.265013,-0.221957,0,0,0,0
1.009920,-0.780456,-1.311857,0.025545,-1.408627,0.252935,-0.396666,0,1,1,1
0.437169,-0.873477,0.558496,2.231396,0.282533,0.458123,1.508503,0,0,0,0
0.547923,-0.798396,0.323251,1.755278,-0.190312,0.100359,1.347886,0,0,0,1
0.576087,-0.501557,0.232050,1.687350,-0.440271,-0.017313,1.627959,0,0,0,0
0.503302,-0.543837,-0.210124,1.558888,0.051081,-0.116152,2.275152,0,0,0,0
0.463998,-0.664084,-0.027544,1.869884,0.391112,-0.084881,2.203967,0,0,0,0
0.566883,-0.650858,-0.609254,1.281444,0.128648,0.074078,2.274598,0,0,0,0
0.632374,-0.653392,-0.446204,1.816736,-0.018176,-0.386170,2.419384,1,0,0,0
1.113460,-0.839464,-0.694347,1.481197,-0.587514,0.870332,1.399841,0,0,1,1
1.397877,-0.846791,-0.995373,0.025873,-1.462002,0.137430,0.287524,0,0,0,1
1.202236,-0.684293,-0.973141,0.719074,-0.914272,0.334356,0.685736,0,0,0,0
1.154944,-0.570736,-0.511537,0.584941,-1.089350,0.233785,0.431775,0,1,0,1
1.036932,-0.609352,-0.574466,0.724158,-0.891949,-0.191234,0.602466,0,0,0,0
1.012706,-0.582210,-0.375816,0.708592,-0.872416,-0.444722,0.853006,0,0,0,0
1.252290,-0.650687,-0.345630,0.684598,-0.636217,0.500634,0.323910,0,0,0,0
0.994848,-0.719365,-0.383926,0.496051,-1.141132,0.310695,-0.034787,0,0,0,0
0.988151,-0.403289,-0.450703,0.540641,-0.450587,0.234461,0.967812,0,0,1,0
1.211093,-0.894568,-0.542471,1.152359,-0.723989,-0.229551,0.653682,0,0,0,1
1.121822,-0.802912,-0.655588,1.004160,-0.863395,0.524277,1.056386,0,0,0,0
1.057812,-0.699178,-0.385353,0.831814,-1.164280,0.101283,0.795379,0,0,0,0
0.953501,-0.755573,-0.591970,1.086897,-0.866266,-0.241615,0.725633,0,0,0,0
1.094529,-0.757582,-0.410354,0.653973,-0.663384,2.131759,1.183571,0,0,0,0
0.871840,-0.742047,-0.352426,0.976103,-0.753277,0.030652,-0.196463,0,0,0,0
0.839963,-0.594329,-0.488503,0.869065,-0.660640,-0.124011,0.871067,0,0,0,0
0.907705,-0.703975,-0.416248,0.771845,-1.297037,0.073339,-0.230971,1,0,1,1
1.414563,-0.765400,-0.706937,1.013309,-1.180719,-0.094378,0.560439,0,0,0,0
1.411994,-0.538460,-0.758944,0.974684,-1.225002,0.498260,0.496493,1,0,0,1
1.337689,-0.613912,-0.825985,0.717707,-1.262304,0.419287,-0.025658,0,0,0,0
1.248917,-0.537234,-1.039632,0.012170,-1.492594,0.040161,-0.097079,1,0,0,1
1.245403,-0.872005,-1.258796,-0.556399,-2.023771,0.170152,-0.167233,0,0,0,0
1.096214,-1.094710,-1.884754,-1.124744,-2.290870,-0.240558,-0.174567,0,0,0,0
0.874226,-1.432286,-1.551001,-0.453296,-2.521260,0.321600,-0.254161,0,0,0,0
0.721968,-1.465416,-1.248058,-0.967499,-2.849674,0.353387,-0.474514,1,0,0,0
-2.746323,-1.580413,1.261305,-0.569465,1.049473,-0.532705,-1.987551,0,0,0,0
-2.260464,-0.460171,2.328744,0.042862,0.932065,-0.178443,-1.804433,0,0,0,0
-2.122480,-0.165927,2.514868,-0.040257,0.771716,-0.645207,-1.782600,0,0,0,0
-2.207147,-0.301752,2.610701,0.489830,1.285335,-0.657115,-1.727198,0,0,0,0
-2.315311,-0.553537,2.360409,0.318547,1.274745,-0.708659,-1.742808,0,0,0,0
-2.395232,-0.736973,2.188374,0.214952,1.250041,-0.831353,-1.822415,0,0,0,0
-2.451319,-0.844076,2.174690,0.409925,1.497601,-0.823046,-1.801660,0,0,0,0
-2.446994,-0.844525,2.130974,0.277830,1.361801,-0.898976,-1.902221,0,0,0,1
-1.027735,0.039096,0.657198,-1.331226,-1.687493,-0.951437,-1.047960,0,0,0,0
-1.146051,0.006718,0.764786,-1.509736,-1.684505,-0.859728,-1.286173,0,0,0,0
-2.124715,-0.470821,1.877227,-1.180830,-0.770456,-0.892627,-1.251152,0,1,0,0
-1.872103,-0.258713,1.449998,-1.981968,-1.282136,-1.036854,-1.415670,0,0,0,0
-1.318691,-0.197314,0.826097,-1.419151,-1.439040,-0.842997,-1.365243,0,0,0,0
-1.400774,-0.262556,0.651559,-1.858799,-1.711206,-0.375988,-1.495104,0,0,0,0
-2.428703,-0.917448,1.727250,-0.833818,-0.015727,-0.696289,-1.556998,0,0,1,0
-2.427089,-0.965261,1.584136,-1.115799,-0.269260,-0.729488,-1.505164,0,0,0,0
-1.890914,-0.369711,1.566944,-1.468609,-1.294993,5.897855,-1.250951,0,0,0,0
-1.866693,-0.500378,1.007916,-2.168973,-1.544492,-0.747092,-1.663545,0,0,0,0
-2.552022,-1.237421,1.299413,-1.376141,-0.400942,-0.790599,-1.586048,0,0,1,0
-2.397034,-1.018459,1.409245,-1.444558,-0.722336,-0.928008,-1.230484,0,0,0,0
-2.077538,-0.583934,1.503336,-1.619586,-1.129123,0.748474,-1.149115,0,0,0,0
-1.492473,-0.310083,0.770513,-1.723201,-1.566617,8.629424,-1.263580,0,0,0,0
-1.671376,-0.429905,0.871236,-1.704449,-1.450556,10.968632,-1.358086,0,0,0,0
-2.128808,-0.676225,1.496536,-1.516407,-1.154885,0.123907,-1.136713,0,0,0,0
-2.772949,-1.718710,0.809121,-1.707781,-0.232760,-0.912571,-1.954475,0,0,0,0
-2.808645,-1.786299,0.797074,-1.551322,0.055848,-0.868491,-1.980021,0,0,0,0
-2.862272,-1.902148,0.726469,-1.464990,0.265861,-0.888782,-2.005003,0,0,0,0
-2.963310,-2.135925,0.513506,-1.512220,0.451694,-1.011010,-2.018975,0,0,0,0
-2.953085,-2.112620,0.532631,-1.517486,0.413968,-0.964815,-2.019839,0,0,0,0
-3.000235,-2.226532,0.407249,-1.613877,0.414637,-1.059928,-2.021776,0,0,0,0
-2.978867,-2.172592,0.477183,-1.529159,0.469767,-1.042981,-2.021144,0,0,0,0
-2.998643,-2.221859,0.416292,-1.594857,0.437440,-1.061039,-2.021899,1,0,0,0
-2.792158,-1.695894,1.114124,-0.733677,0.972589,-0.624105,-1.986260,0,0,0,0
-2.172797,-0.287967,2.405926,0.000337,0.941618,-0.102796,-1.737614,0,0,0,0
-2.081948,-0.070453,2.614909,0.034166,0.760519,-0.765532,-1.601346,0,0,0,0
-2.257695,-0.417996,2.494210,0.381018,1.206167,-0.796698,-1.594714,0,0,0,0
-2.336090,-0.599913,2.312322,0.235304,1.132362,-0.770292,-1.719919,0,0,0,0
-2.451908,-0.876407,2.008063,-0.059261,0.948448,-0.860394,-1.874589,0,0,0,0
-2.469696,-0.917426,1.974326,-0.046398,1.014586,-0.886167,-1.938251,0,0,0,0
-2.504276,-0.979837,1.993504,0.195352,1.391138,-0.774169,-1.932399,0,0,1,0
-1.497060,-0.204599,1.182860,-0.855457,-0.991992,-0.578765,-1.063976,0,0,0,0
-1.763897,-0.348178,1.260164,-1.416767,-1.069035,4.683994,-1.129955,0,0,0,1
-1.751775,-0.178319,1.356768,-1.997822,-1.432669,-0.876480,-1.348867,0,0,0,0
-1.477335,-0.236994,0.868765,-1.708463,-1.419032,-0.809960,-1.464866,0,0,0,0
-2.445827,-0.970600,1.687492,-0.816986,-0.021433,-0.917606,-1.628227,0,0,0,1
-2.395453,-0.906215,1.666382,-1.041257,-0.291347,-0.898597,-1.423583,0,0,0,0
-1.670488,-0.337375,1.109190,-1.461729,-1.333877,10.268189,-1.252476,0,0,0,0
-2.504055,-1.033928,1.749594,-0.466868,0.600020,-0.786528,-1.905524,0,1,0,0
-1.376831,0.016424,1.420835,-0.195062,-0.597595,-0.298018,-1.536253,0,0,0,0
-1.564411,0.195885,2.037484,-0.174318,-0.160113,3.798901,-1.463274,1,0,0,0
-1.378863,0.253071,1.658191,-0.652069,-0.661215,-0.848946,-1.520386,0,0,0,0
-1.994406,-0.086782,2.396553,-0.387793,0.027116,-0.979308,-1.574862,0,0,0,0
-2.270392,-0.564564,2.130075,-0.332863,0.362494,-0.833102,-1.794630,1,0,0,0
-2.270956,-0.552759,2.217947,-0.145394,0.441981,-0.963312,-1.811780,0,0,0,0
-1.616485,-0.057147,1.664810,-0.675700,-0.882149,8.695719,-1.669019,0,0,0,0
-2.416333,-0.832597,2.023135,-0.074125,0.826006,-0.755379,-1.935490,0,0,0,0
-2.548786,-1.130087,1.760715,-0.152577,0.979376,-0.852212,-1.924942,0,0,0,0
-2.620810,-1.274661,1.610072,-0.263702,1.113699,-0.850104,-1.896774,0,0,0,0
-2.683993,-1.430094,1.425778,-0.445166,1.045084,-0.882632,-1.969954,0,0,0,0
-2.691035,-1.450291,1.392549,-0.492091,1.011648,-0.863428,-1.956907,0,0,0,0
-2.720381,-1.517851,1.328513,-0.527988,1.022306,-0.735839,-1.986901,0,0,0,0
-2.773205,-1.646124,1.185854,-0.634595,1.041423,-0.784253,-2.007225,0,0,0,0
-2.770077,-1.642700,1.170760,-0.701429,0.942912,-0.564350,-2.007383,0,0,0,0
-2.739517,-1.566571,1.264858,-0.600003,0.991944,-0.916878,-1.993805,1,0,0,0
-2.314001,-0.584015,2.187063,-0.177357,0.669432,-0.104236,-1.815050,0,0,0,0
-2.070833,-0.106803,2.371585,-0.468067,0.422991,-0.617547,-1.694949,0,0,0,0
-2.213511,-0.361030,2.377622,-0.056485,0.772109,-0.721857,-1.784520,0,0,0,0
-2.301536,-0.547979,2.254864,-0.035712,0.841482,-0.427777,-1.873913,0,0,0,0
-2.340223,-0.600812,2.358606,0.422619,1.394486,-0.710730,-1.787653,0,0,0,0
-2.347198,-0.613945,2.348434,0.381688,1.291068,-0.819393,-1.821841,0,0,0,0
-2.416906,-0.769179,2.222782,0.359968,1.359827,-0.880698,-1.824055,0,0,0,0
-2.513200,-1.015855,1.894971,-0.023619,1.174492,-1.040055,-1.948666,0,1,0,0
-1.242757,-0.049112,0.962523,-1.019703,-1.285987,0.200893,-0.949778,1,0,0,0
-1.226277,-0.172933,0.473393,-1.734295,-1.695478,-0.759318,-1.265301,0,0,0,0
-2.077688,-0.458499,1.813945,-1.252686,-0.839296,-0.702403,-1.199004,0,0,0,0
-1.313131,-0.134357,0.733795,-1.664301,-1.633402,-0.916488,-1.390834,0,0,0,0
-1.495673,-0.251824,0.802306,-1.843532,-1.599184,-0.983673,-1.456065,0,0,0,0
-1.530601,-0.337205,0.798110,-1.641399,-1.485258,-0.775771,-1.614609,0,0,0,0
-2.500965,-1.100261,1.576528,-0.821159,0.074400,-0.795812,-1.948227,1,0,0,0
-2.494546,-1.155018,1.464092,-0.963284,-0.132942,-1.034230,-1.904816,0,0,0,1
-2.406213,-0.957389,1.602042,-1.087153,-0.478733,-1.020200,-1.439407,0,0,0,0
-2.201633,-0.736062,1.525429,-1.514783,-1.040449,-0.750457,-1.154378,0,0,0,0
-1.492056,-0.362260,0.773155,-1.182632,-1.275143,10.866632,-1.753287,0,0,0,0
-2.688342,-1.503309,1.099025,-1.337818,0.003598,-0.813712,-1.981980,1,0,0,0
-2.543635,-1.296525,1.286692,-1.200734,-0.403403,-1.037248,-1.884179,0,0,0,0
-2.161607,-0.729208,1.387889,-1.751298,-1.126436,-0.784036,-1.234084,0,0,0,0
-2.666931,-1.464218,1.126448,-1.345872,-0.069936,-0.837362,-1.881410,0,0,0,1
-2.507091,-1.200852,1.230365,-1.628758,-0.709811,-0.987241,-1.382248,0,0,0,0
-2.750653,-1.644771,0.958072,-1.419208,0.056325,-0.897996,-1.976091,0,0,0,0
-2.823625,-1.813410,0.804077,-1.459539,0.174792,-0.880238,-2.004599,0,0,0,0
-2.925062,-2.046801,0.597680,-1.483336,0.395484,-0.961923,-2.017141,0,0,0,0
-2.954988,-2.112549,0.553886,-1.439750,0.522613,-1.022527,-2.019318,0,0,0,0
-2.955045,-2.115903,0.536133,-1.491505,0.460189,-1.059824,-2.019121,0,0,0,0
-2.963185,-2.132968,0.528498,-1.468284,0.505803,-1.044827,-2.020129,0,0,0,0
-2.992372,-2.205322,0.440698,-1.558492,0.467797,-1.065733,-2.021189,0,0,0,0
-2.995892,-2.214845,0.425572,-1.583750,0.443410,-1.065733,-2.021754,1,0,0,0
-2.779883,-1.656681,1.198656,-0.558731,1.148137,-0.597727,-1.966587,0,0,0,0
-2.187878,-0.343211,2.259099,-0.329472,0.661128,0.132116,-1.678884,0,0,0,0
-2.120445,-0.179660,2.443275,-0.165583,0.721228,-0.614080,-1.712205,0,0,0,0
-2.201560,-0.316918,2.498682,0.242354,1.094448,-0.656820,-1.656618,0,0,0,0
-2.362801,-0.685641,2.150491,0.019095,1.072402,-0.675453,-1.856625,0,0,0,0
-2.437761,-0.828734,2.122776,0.215802,1.292821,-0.714603,-1.828673,0,0,0,0
-2.357650,-0.633317,2.358247,0.491685,1.473844,-0.824015,-1.776240,0,0,0,0
-2.421646,-0.790270,2.168519,0.283545,1.379213,-0.848755,-1.874822,0,1,0,0
-1.231339,-0.082016,0.881613,-1.335522,-1.494936,-0.713085,-1.074435,1,0,0,0
-1.772956,-0.153906,1.786974,-0.940951,-0.734669,4.060181,-1.049505,0,0,0,0
-2.177795,-0.514744,2.002970,-0.833690,-0.458553,-0.805028,-1.269987,0,0,0,1
-2.285491,-0.631490,1.965012,-0.707037,0.024148,-0.930633,-1.449503,0,0,0,0
-2.231219,-0.584213,2.008581,-0.710281,-0.240095,-1.011707,-1.312480,0,0,0,0
-1.188782,-0.190114,0.638201,-1.421335,-1.759405,-0.748805,-1.403288,0,0,0,0
-2.406212,-0.843788,1.812870,-0.760445,0.070854,-0.767581,-1.642619,0,0,0,0
-1.878283,-0.363424,1.596134,-1.139590,-0.912490,4.661451,-1.179189,0,0,1,0
-1.285009,-0.218204,0.514822,-1.445444,-1.454065,-0.521098,-1.683165,0,0,0,1
-1.828101,-0.449427,1.338687,-1.170255,-1.069777,5.168302,-1.740638,0,0,0,0
-2.168875,-0.633092,1.807236,-0.820901,-0.460219,-0.965774,-1.835281,0,0,0,0
-2.319237,-0.865414,1.674627,-0.808663,-0.162349,-0.953762,-1.885779,0,0,0,0
-1.403988,-0.306526,0.825218,-1.035022,-1.442073,8.732770,-1.741243,0,0,0,0
-2.556208,-1.188211,1.606592,-0.477418,0.625939,-0.506238,-1.950356,1,0,0,0
-2.480199,-1.114807,1.593490,-0.641925,0.171029,-0.917166,-1.904671,0,0,0,0
-2.624082,-1.329611,1.430039,-0.720299,0.510337,-0.728729,-1.989170,1,0,0,0
-2.493652,-1.100037,1.642676,-0.588086,0.277399,-0.892864,-1.901105,0,0,0,0
-2.636840,-1.336861,1.445816,-0.650687,0.676773,-0.673036,-1.990346,0,0,0,0
-2.271838,-0.889501,1.469216,-1.149443,-0.549353,-0.996830,-1.858603,0,0,0,0
-2.639954,-1.344869,1.427821,-0.688673,0.648854,-0.780787,-1.994515,0,0,0,0
-1.855976,-0.530303,1.041205,-1.690307,-1.251260,-0.600493,-1.798759,0,0,0,0
-2.593919,-1.277529,1.446098,-0.806143,0.346697,-0.856084,-1.953588,0,0,0,0
-2.685331,-1.481749,1.267539,-0.809379,0.566483,-0.558083,-2.005890,0,0,0,0
-1.200346,-0.228636,0.527616,-1.335616,-1.559679,-0.505997,-1.766350,0,0,0,0
-2.647962,-1.403996,1.289901,-0.964582,0.295049,-0.742830,-1.983048,0,0,0,0
-2.734877,-1.592074,1.104181,-1.070709,0.408549,-0.413443,-2.007774,0,0,0,0
-2.755641,-1.621958,1.131986,-0.897068,0.673736,-0.843289,-2.003666,1,0,0,0
-2.548642,-1.282560,1.364896,-0.971086,-0.087336,-0.998847,-1.902802,0,0,0,0
-2.717461,-1.561457,1.157479,-0.962522,0.458551,-0.500049,-2.007154,0,0,0,0
-2.808171,-1.777496,0.919419,-1.149022,0.465348,-0.767116,-2.010585,0,0,0,0
-2.311964,-0.927464,1.285365,-1.739989,-0.896389,-0.928348,-1.814039,0,0,0,0
-2.686130,-1.529739,1.100294,-1.238313,-0.009654,-0.933799,-1.931680,0,0,0,0
-2.792573,-1.724253,0.962577,-1.180298,0.423624,-0.691605,-2.012232,0,0,0,0
-2.829382,-1.802144,0.925992,-1.070285,0.660731,-0.842576,-2.011517,0,0,0,0
-2.871200,-1.897888,0.843727,-1.070902,0.763541,-0.900576,-2.014434,0,0,0,0
-2.249883,-0.907852,1.385624,-1.319769,-0.848690,-0.780500,-1.833809,0,0,0,0
-2.741179,-1.604436,1.075159,-1.147843,0.330079,-0.794972,-2.003265,0,0,0,0
-2.837981,-1.842122,0.833470,-1.273365,0.422123,-0.685160,-2.012813,0,0,0,0
-2.836387,-1.822782,0.887243,-1.142435,0.593622,-0.809656,-2.006242,0,0,0,0
-2.889653,-1.945635,0.777642,-1.156840,0.709136,-0.931348,-2.015110,0,0,0,0
-1.772112,-0.482315,1.065841,-1.549117,-1.468724,10.691652,-1.752726,0,0,0,0
-2.768229,-1.689094,0.950550,-1.324919,0.168471,-0.885480,-1.998965,0,0,0,0
-2.843761,-1.863329,0.769939,-1.430929,0.230635,-0.868096,-2.010066,0,0,0,0
-2.854922,-1.871717,0.814205,-1.255865,0.489476,-0.793855,-2.011533,0,0,0,0
-2.957759,-2.119084,0.547294,-1.443640,0.523788,-0.989104,-2.018939,0,0,0,0
-2.943389,-2.077880,0.621510,-1.305622,0.661977,-0.973096,-2.016904,0,0,0,0
-1.933839,-0.595523,1.240796,-1.459804,-1.305426,5.063937,-1.763054,0,0,0,0
-2.767865,-1.699393,0.929628,-1.364391,0.078791,-0.945026,-1.973011,0,0,0,0
-2.890578,-1.971707,0.643629,-1.551229,0.219545,-0.768048,-2.011274,0,0,0,0
-2.899297,-1.983334,0.672647,-1.412560,0.416691,-0.939308,-2.016589,0,0,0,0
-2.903409,-1.982701,0.720015,-1.247116,0.633307,-1.048370,-2.016947,0,0,0,0
-2.942994,-2.075932,0.628015,-1.288763,0.681379,-0.977806,-2.018995,0,0,0,0
-2.972274,-2.153423,0.512568,-1.462584,0.535602,-0.948594,-2.020530,0,0,0,0
-2.010995,-0.567337,1.440738,-1.371517,-1.010748,2.934627,-1.783051,0,0,0,0
-2.778279,-1.718527,0.865055,-1.526283,-0.012881,-0.927155,-1.993708,0,0,0,0
-2.831032,-1.827281,0.838499,-1.290443,0.387446,-0.744512,-2.005441,0,0,0,0
-2.930356,-2.056435,0.601015,-1.442012,0.461758,-1.034142,-2.018529,0,0,0,0
-2.951728,-2.102131,0.576681,-1.390264,0.577817,-0.916944,-2.019686,0,0,0,0
-2.942497,-2.074463,0.630916,-1.282462,0.689246,-1.018101,-2.018632,0,0,0,0
-2.942383,-2.073848,0.633224,-1.275472,0.699400,-1.020079,-2.015747,0,0,0,0
-2.958611,-2.116499,0.570916,-1.366644,0.625400,-1.065733,-2.017827,0,0,0,0
-2.039468,-0.634687,1.447649,-1.255712,-1.032159,3.064223,-1.798815,0,0,0,0
-2.775287,-1.733858,0.886402,-1.406654,0.032865,-0.831892,-1.988323,0,0,0,0
-2.860707,-1.904433,0.720331,-1.478815,0.220400,-0.948806,-2.010422,0,0,0,0
-2.921760,-2.042758,0.583955,-1.547746,0.299572,-0.921224,-2.015538,0,0,0,0
-2.945393,-2.089590,0.577869,-1.426269,0.512000,-0.973400,-2.020125,0,0,0,0
-2.977085,-2.170216,0.471147,-1.558331,0.427688,-1.034415,-2.021550,0,0,0,0
-2.994685,-2.211408,0.431781,-1.571608,0.457069,-1.051444,-2.021762,0,0,0,0
-2.987853,-2.193422,0.458205,-1.532550,0.489285,-0.903258,-2.021253,0,0,0,0
-2.976961,-2.164815,0.499906,-1.471768,0.538319,-1.033488,-2.019607,0,0,0,0
